姓名,付款人,用户(下单人),订单类型,日期,退款日期,打单重量,结算重量,重量差,金额,超重金额,团长利润,利润公式,价格方案,订单号,快递公司,物流单号,邮寄物品,发往,说明
东惠苑_站点,合计金额:,4274.98,快递金额:, 3671.71,干洗金额:, 603.27,,,,,,,,,,,,,
东惠苑_站点-东惠苑,东惠苑,东惠苑,快递,2025-04-30 19:47:35,,1,,,6.00,,2.80,6-3.2,2,1917546346514800640,极兔快递,JT0016361211844,服饰,广东省,
东惠苑_站点-东惠苑,东惠苑,东惠苑,快递,2025-04-30 19:44:06,,1,,,6.00,,2.80,6-3.2,2,1917545466008756224,极兔快递,JT0016357819912,服饰,福建省,
东惠苑_站点-东惠苑,东惠苑,东惠苑,快递,2025-04-30 19:05:59,,1,,,6.00,,2.80,6-3.2,2,1917535873522262016,极兔快递,JT0016363003743,服饰,广东省,
东惠苑_站点-东惠苑,东惠苑,东惠苑,快递,2025-04-30 19:03:44,,1,,,6.00,,2.80,6-3.2,2,1917535306926317568,极兔快递,JT0016360646009,服饰,福建省,
东惠苑_站点-东惠苑,东惠苑,东惠苑,快递,2025-04-30 18:52:34,,1,,,6.00,,2.80,6-3.2,2,1917532500941135872,极兔快递,JT0016357344132,服饰,湖南省,
东惠苑_站点-东惠苑,东惠苑,东惠苑,快递,2025-04-30 18:34:27,,1,,,6.00,,2.80,6-3.2,2,1917527929913139200,极兔快递,JT0016359253452,服饰,广东省,
东惠苑_站点-东惠苑,东惠苑,东惠苑,快递,2025-04-30 18:30:18,,1,,,6.00,,2.80,6-3.2,2,1917526891466383360,极兔快递,JT0016360516224,服饰,江苏省,
东惠苑_站点-东惠苑,东惠苑,东惠苑,快递,2025-04-30 18:02:39,,1,,,7.00,,2.80,6-3.2,2,1917519928774942720,极兔快递,JT0016353153014,服饰,上海市,
东惠苑_站点-东惠苑,东惠苑,东惠苑,快递,2025-04-30 18:01:44,,2,,,8.00,,4.08,51% ,2,1917519705109487616,极兔快递,JT0016361950597,生活用品,四川省,
东惠苑_站点-东惠苑,东惠苑,东惠苑,快递,2025-04-30 17:57:04,,1,,,6.00,,2.80,6-3.2,2,1917518533317419008,极兔快递,JT0016361674987,服饰,浙江省,
东惠苑_站点-东惠苑,东惠苑,东惠苑,快递,2025-04-30 17:55:29,,1,,,6.00,,2.80,6-3.2,2,1917518133336006656,极兔快递,JT0016361385241,服饰,浙江省,
东惠苑_站点-东惠苑,东惠苑,东惠苑,快递,2025-04-30 17:52:54,,1,,,6.00,,2.80,6-3.2,2,1917517485089546240,极兔快递,JT0016359293728,服饰,广东省,
东惠苑_站点-东惠苑,东惠苑,东惠苑,快递,2025-04-30 17:31:48,,1,,,6.00,,2.80,6-3.2,2,1917512174094049280,极兔快递,JT0016360586271,生活用品,安徽省,
东惠苑_站点-东惠苑,东惠苑,东惠苑,快递,2025-04-30 17:29:54,,2,,,8.00,,4.08,51% ,2,1917511694819319808,极兔快递,JT0016353782440,服饰,湖北省,
东惠苑_站点-东惠苑,东惠苑,东惠苑,快递,2025-04-30 17:26:21,,1,,,6.00,,2.80,6-3.2,2,1917510802908962816,极兔快递,JT0016360923874,服饰,广东省,
东惠苑_站点-东惠苑,东惠苑,东惠苑,快递,2025-04-30 17:25:00,,1,,,6.00,,2.80,6-3.2,2,1917510462075625472,极兔快递,JT0016359717348,服饰,福建省,
东惠苑_站点-东惠苑,东惠苑,东惠苑,快递,2025-04-30 17:23:01,,1,,,6.00,,2.80,6-3.2,2,1917509964354347008,极兔快递,JT0016358599313,服饰,江苏省,
东惠苑_站点-东惠苑,东惠苑,东惠苑,快递,2025-04-30 17:21:43,,1,,,6.00,,2.80,6-3.2,2,1917509637978775552,极兔快递,JT0016360919961,生活用品,浙江省,
东惠苑_站点-东惠苑,东惠苑,东惠苑,快递,2025-04-30 17:02:30,,1,,,6.00,,2.80,6-3.2,2,1917504797965869056,极兔快递,JT0016353018283,服饰,河北省,
东惠苑_站点-东惠苑,东惠苑,东惠苑,快递,2025-04-30 16:35:19,,1,,,6.00,,2.80,6-3.2,2,1917497958121398272,极兔快递,JT0016356052494,服饰,浙江省,
东惠苑_站点-东惠苑,东惠苑,东惠苑,快递,2025-04-30 16:23:52,,1,,,6.00,,2.80,6-3.2,2,1917495080363286528,极兔快递,JT0016352264107,生活用品,安徽省,
东惠苑_站点-东惠苑,东惠苑,东惠苑,快递,2025-04-30 16:15:25,,2,,,9.00,,3.59,51%,2,1917492953989570560,极兔快递,JT0016353700766,服饰,上海市,
东惠苑_站点-东惠苑,东惠苑,东惠苑,快递,2025-04-30 15:57:41,,1,,,6.00,,2.80,6-3.2,2,1917488491178811392,极兔快递,JT0016351391968,服饰,湖北省,
东惠苑_站点-东惠苑,东惠苑,东惠苑,快递,2025-04-30 15:30:13,,1,,,6.00,,2.80,6-3.2,2,1917481573672607744,极兔快递,JT0016356567840,服饰,河北省,
东惠苑_站点-东惠苑,东惠苑,东惠苑,快递,2025-04-30 15:28:54,,1,,,6.00,,2.80,6-3.2,2,1917481245858390016,极兔快递,JT0016357952145,服饰,安徽省,
东惠苑_站点-东惠苑,东惠苑,东惠苑,快递,2025-04-30 15:11:00,,1,,,6.00,,2.80,6-3.2,2,1917476740643217408,极兔快递,JT0016354537947,服饰,辽宁省,
东惠苑_站点-东惠苑,东惠苑,东惠苑,快递,2025-04-30 13:04:07,,1,,,6.00,,2.80,6-3.2,2,1917444777119113216,极兔快递,JT0016353637852,服饰,山东省,
东惠苑_站点-东惠苑,东惠苑,东惠苑,快递,2025-04-30 13:03:23,,1,,,6.00,,2.80,6-3.2,2,1917444625889288192,极兔快递,JT0016350261300,服饰,山东省,
东惠苑_站点-东惠苑,东惠苑,东惠苑,快递,2025-04-30 12:44:51,,1,,,6.00,,2.80,6-3.2,2,1917439962431414272,极兔快递,JT0016349710767,服饰,山东省,
东惠苑_站点-东惠苑,东惠苑,东惠苑,快递,2025-04-30 12:28:28,,1,,,6.00,,2.80,6-3.2,2,1917435838595915776,极兔快递,JT0016352282195,服饰,河北省,
东惠苑_站点-东惠苑,东惠苑,东惠苑,快递,2025-04-30 10:43:50,2025-04-30 03:14:34,1,,,6.00,,0.00,,2,1917409499436343296,极兔快递,,易碎品,江西省,已全额退款
东惠苑_站点-东惠苑,东惠苑,东惠苑,快递,2025-04-30 11:03:34,,1,0.2,0,6.00,0.00,2.80,6-3.2,2,1917414464645029888,极兔快递,JT0016338899437,服饰,广东省,
东惠苑_站点-东惠苑,东惠苑,东惠苑,快递,2025-04-30 11:00:57,,1,0.41,0,6.00,0.00,2.80,6-3.2,2,1917413813630328832,极兔快递,JT0016348644195,服饰,浙江省,
东惠苑_站点-东惠苑,东惠苑,东惠苑,快递,2025-04-30 10:59:44,,1,0.63,0,6.00,0.00,2.80,6-3.2,2,1917413507714572288,极兔快递,JT0016351686170,服饰,浙江省,
东惠苑_站点-东惠苑,东惠苑,东惠苑,快递,2025-04-30 10:58:19,,1,1.19,-1,6.00,0.00,2.80,6-3.2,2,1917413141614747648,极兔快递,JT0016341162716,服饰,浙江省,
东惠苑_站点-东惠苑,东惠苑,东惠苑,快递,2025-04-30 10:54:03,,1,0.2,0,6.00,0.00,2.80,6-3.2,2,1917412079302402048,极兔快递,JT0016345870489,生活用品,广东省,
东惠苑_站点-东惠苑,东惠苑,东惠苑,快递,2025-04-30 10:52:24,,1,0.22,0,6.00,0.00,2.80,6-3.2,2,1917411594386333696,极兔快递,JT0016351642192,生活用品,江苏省,
东惠苑_站点-东惠苑,东惠苑,东惠苑,快递,2025-04-30 10:45:54,,2,1.15,0,8.00,0.00,4.08,51% ,2,1917410027666989056,极兔快递,JT0016350294722,生活用品,江西省,
东惠苑_站点-东惠苑,东惠苑,东惠苑,快递,2025-04-30 10:41:51,,1,0.41,0,6.00,0.00,2.80,6-3.2,2,1917409008186875904,极兔快递,JT0016351100706,服饰,广东省,
东惠苑_站点-东惠苑,东惠苑,东惠苑,快递,2025-04-30 10:39:03,,1,0.37,0,6.00,0.00,2.80,6-3.2,2,1917408301861888000,极兔快递,JT0016350529650,服饰,广东省,
东惠苑_站点-东惠苑,东惠苑,东惠苑,快递,2025-04-30 10:34:37,,1,0.2,0,6.00,0.00,2.80,6-3.2,2,1917407185216528384,极兔快递,JT0016350980923,服饰,广东省,
东惠苑_站点-东惠苑,东惠苑,东惠苑,快递,2025-04-30 10:32:35,,3,2.84,0,10.00,0.00,5.50,55% ,2,1917406676153851904,极兔快递,JT0016348834208,生活用品,河北省,
东惠苑_站点-东惠苑,东惠苑,东惠苑,快递,2025-04-30 09:27:36,,14,,,43.00,,20.50,50%,2,1917390321027440640,极兔快递,JT0016340164603,生活用品,北京市,
东惠苑_站点-东惠苑,东惠苑,东惠苑,快递,2025-04-30 08:57:20,,1,0.48,0,6.00,0.00,2.80,6-3.2,2,1917382702657232896,极兔快递,JT0016345436333,生活用品,辽宁省,
东惠苑_站点-东惠苑,东惠苑,东惠苑,快递,2025-04-30 08:56:27,,2,1.44,0,8.00,0.00,4.08,51% ,2,1917382484352098304,极兔快递,JT0016327236291,生活用品,陕西省,
东惠苑_站点-东惠苑,东惠苑,东惠苑,快递,2025-04-30 08:19:16,,1,0.34,0,6.00,0.00,2.80,6-3.2,2,1917373120241262592,极兔快递,JT0016344544091,服饰,河北省,
东惠苑_站点-东惠苑,东惠苑,东惠苑,快递,2025-04-29 19:59:04,,1,0.2,0,6.00,0.00,2.80,6-3.2,2,1917186847232811008,极兔快递,JT0016342245032,服饰,广东省,
东惠苑_站点-东惠苑,东惠苑,东惠苑,快递,2025-04-29 19:55:38,,1,0.48,0,6.00,0.00,2.80,6-3.2,2,1917185982258274304,极兔快递,JT0016345083229,服饰,广东省,
东惠苑_站点-东惠苑,东惠苑,东惠苑,快递,2025-04-29 19:40:54,,1,0.24,0,6.00,0.00,2.80,6-3.2,2,1917182273344299008,极兔快递,JT0016339663965,服饰,广东省,
东惠苑_站点-东惠苑,东惠苑,东惠苑,快递,2025-04-29 19:33:22,,1,0.2,0,6.00,0.00,2.80,6-3.2,2,1917180379821563904,极兔快递,JT0016339598303,服饰,广东省,
东惠苑_站点-东惠苑,东惠苑,东惠苑,快递,2025-04-29 19:03:42,,1,0.42,0,6.00,0.00,2.80,6-3.2,2,1917172913981415424,极兔快递,JT0016322708541,服饰,江苏省,
东惠苑_站点-东惠苑,东惠苑,东惠苑,快递,2025-04-29 18:40:45,,1,0.34,0,6.00,0.00,2.80,6-3.2,2,1917167139444023296,极兔快递,JT0016327669603,服饰,广东省,
东惠苑_站点-东惠苑,东惠苑,东惠苑,快递,2025-04-29 18:27:15,,4,4.57,-1,12.00,3.00,6.00,50% ,2,1917163740455559168,极兔快递,JT0016339183217,生活用品,江苏省,
东惠苑_站点-东惠苑,东惠苑,东惠苑,快递,2025-04-29 18:19:12,,1,0.93,0,6.00,0.00,2.80,6-3.2,2,1917161715059712000,极兔快递,JT0016343837350,服饰,广东省,
东惠苑_站点-东惠苑,东惠苑,东惠苑,快递,2025-04-29 18:08:14,,1,0.35,0,6.00,0.00,2.80,6-3.2,2,1917158946575802368,极兔快递,JT0016342885652,服饰,广东省,
东惠苑_站点-东惠苑,东惠苑,东惠苑,快递,2025-04-29 17:59:14,,1,,,16.00,,0.00,0%,2,1917156664702459904,顺丰速运,SF3176958271167,文件,陕西省,
东惠苑_站点-东惠苑,东惠苑,东惠苑,快递,2025-04-29 17:54:14,,2,1.6,0,8.00,0.00,4.08,51% ,2,1917155434064306176,极兔快递,JT0016342884025,生活用品,浙江省,
东惠苑_站点-东惠苑,东惠苑,东惠苑,快递,2025-04-29 17:45:36,,1,0.28,0,6.00,0.00,2.80,6-3.2,2,1917153256872402944,极兔快递,JT0016336644123,服饰,黑龙江省,
东惠苑_站点-东惠苑,东惠苑,东惠苑,快递,2025-04-29 17:34:11,,2,1.11,0,8.00,0.00,4.08,51% ,2,1917150387389652992,极兔快递,JT0016338533641,易碎品,陕西省,
东惠苑_站点-东惠苑,东惠苑,东惠苑,快递,2025-04-29 16:49:53,,1,0.2,0,6.00,0.00,2.80,6-3.2,2,1917139238057205760,极兔快递,JT0016341506190,生活用品,广东省,
东惠苑_站点-东惠苑,东惠苑,东惠苑,快递,2025-04-29 16:47:06,,1,0.22,0,6.00,0.00,2.80,6-3.2,2,1917138532441055232,极兔快递,JT0016339951196,生活用品,山东省,
东惠苑_站点-东惠苑,东惠苑,东惠苑,干洗,2025-04-29 16:40:11,,,,,29.50,,8.85,30%,,1917136793524559872,干洗,,"清洗毛呢2件59元   *   1",,
东惠苑_站点-东惠苑,东惠苑,东惠苑,快递,2025-04-29 16:33:01,,1,0.2,0,6.00,0.00,2.80,6-3.2,2,1917134962375319552,极兔快递,JT0016337103075,服饰,江苏省,
东惠苑_站点-东惠苑,东惠苑,东惠苑,快递,2025-04-29 15:03:51,,1,0.43,0,6.00,0.00,2.80,6-3.2,2,1917112551563124736,极兔快递,JT0016336347362,服饰,河北省,
东惠苑_站点-东惠苑,东惠苑,东惠苑,干洗,2025-04-29 14:48:19,,,,,19.80,,5.94,30%,,1917108601074016256,干洗,,"磨砂鞋   *   1",,
东惠苑_站点-东惠苑,东惠苑,东惠苑,干洗,2025-04-29 13:06:48,2025-04-29 06:45:43,,,,9.90,,0.00,0%,,1917083087210864640,干洗,,"清洗鞋19.8元两双   *   1",,已全额退款
东惠苑_站点-东惠苑,东惠苑,东惠苑,快递,2025-04-29 14:41:14,,1,0.2,0,6.00,0.00,2.80,6-3.2,2,1917106863847825408,极兔快递,JT0016337892689,服饰,广东省,
东惠苑_站点-东惠苑,东惠苑,东惠苑,快递,2025-04-29 14:31:30,,1,0.2,0,6.00,0.00,2.80,6-3.2,2,1917104410737827840,极兔快递,JT0016337422870,服饰,江苏省,
东惠苑_站点-东惠苑,东惠苑,东惠苑,快递,2025-04-29 14:02:23,,1,0.3,0,6.00,0.00,2.80,6-3.2,2,1917097057019813888,极兔快递,JT0016336562739,服饰,湖南省,
东惠苑_站点-东惠苑,东惠苑,东惠苑,快递,2025-04-29 13:20:30,,1,1.09,-1,6.00,0.00,2.80,6-3.2,2,1917086544080723968,极兔快递,JT0016334692108,服饰,安徽省,
东惠苑_站点-东惠苑,东惠苑,东惠苑,快递,2025-04-29 12:59:44,,1,0.2,0,6.00,0.00,2.80,6-3.2,2,1917081319194288128,极兔快递,JT0016334485890,服饰,广东省,
东惠苑_站点-东惠苑,东惠苑,东惠苑,快递,2025-04-29 12:48:51,,1,0.4,0,6.00,0.00,2.80,6-3.2,2,1917078579604938752,极兔快递,JT0016326202603,服饰,安徽省,
东惠苑_站点-东惠苑,东惠苑,东惠苑,快递,2025-04-29 12:47:33,,1,0.9,0,6.00,0.00,2.80,6-3.2,2,1917078250356269056,极兔快递,JT0016333845125,服饰,广东省,
东惠苑_站点-东惠苑,东惠苑,东惠苑,快递,2025-04-29 12:45:33,,1,0.56,0,6.00,0.00,2.80,6-3.2,2,1917077750978240512,极兔快递,JT0016331396963,服饰,广东省,
东惠苑_站点-东惠苑,东惠苑,东惠苑,快递,2025-04-29 12:43:35,,1,,,6.00,,2.80,6-3.2,2,1917077253567340544,极兔快递,JT0016335971126,服饰,江苏省,
东惠苑_站点-东惠苑,东惠苑,东惠苑,快递,2025-04-29 12:41:44,,1,0.2,0,6.00,0.00,2.80,6-3.2,2,1917076792424587264,极兔快递,JT0016335154529,生活用品,广东省,
东惠苑_站点-东惠苑,东惠苑,东惠苑,快递,2025-04-29 12:17:26,,1,0.56,0,6.00,0.00,2.80,6-3.2,2,1917070671257329664,极兔快递,JT0016321388682,生活用品,陕西省,
东惠苑_站点-东惠苑,东惠苑,东惠苑,快递,2025-04-29 12:12:28,,1,0.41,0,6.00,0.00,2.80,6-3.2,2,1917069422701109248,极兔快递,JT0016333054225,服饰,广东省,
东惠苑_站点-东惠苑,东惠苑,东惠苑,干洗,2025-04-29 11:25:56,,,,,9.90,,2.97,30%,,1917057707376697344,干洗,,"清洗鞋19.8元两双   *   1",,
东惠苑_站点-东惠苑,东惠苑,东惠苑,快递,2025-04-29 10:39:17,,1,0.23,0,6.00,0.00,2.80,6-3.2,2,1917045977196060672,极兔快递,JT0016330713869,服饰,广东省,
东惠苑_站点-东惠苑,东惠苑,东惠苑,快递,2025-04-29 10:34:39,2025-04-29 02:35:04,1,,,6.00,,0.00,,2,1917044808264507392,极兔快递,JT0016325799550,服饰,福建省,已全额退款
东惠苑_站点-东惠苑,东惠苑,东惠苑,快递,2025-04-29 10:30:51,,1,0.43,0,6.00,0.00,2.80,6-3.2,2,1917043850478411776,极兔快递,JT0016332337411,服饰,浙江省,
东惠苑_站点-东惠苑,东惠苑,东惠苑,快递,2025-04-29 10:27:07,,1,0.69,0,6.00,0.00,2.80,6-3.2,2,1917042911596044288,极兔快递,JT0016326733133,服饰,福建省,
东惠苑_站点-东惠苑,东惠苑,东惠苑,快递,2025-04-29 10:23:18,,1,0.74,0,6.00,0.00,2.80,6-3.2,2,1917041950085406720,极兔快递,JT0016332304749,服饰,江苏省,
东惠苑_站点-东惠苑,东惠苑,东惠苑,快递,2025-04-29 10:19:00,,2,1.19,0,8.00,0.00,4.08,51% ,2,1917040776389124096,极兔快递,JT0016332447872,服饰,浙江省,
东惠苑_站点-东惠苑,东惠苑,东惠苑,快递,2025-04-29 10:08:50,,1,0.36,0,6.00,0.00,2.80,6-3.2,2,1917038311698653184,极兔快递,JT0016329443009,服饰,广东省,
东惠苑_站点-东惠苑,东惠苑,东惠苑,快递,2025-04-29 10:07:23,,1,0.95,0,6.00,0.00,2.80,6-3.2,2,1917037938481094656,极兔快递,JT0016327337488,服饰,广东省,
东惠苑_站点-东惠苑,东惠苑,东惠苑,快递,2025-04-29 10:05:39,,1,0.21,0,6.00,0.00,2.80,6-3.2,2,1917037492202954752,极兔快递,JT0016332078006,服饰,广东省,
东惠苑_站点-东惠苑,东惠苑,东惠苑,快递,2025-04-29 10:04:17,,1,0.32,0,6.00,0.00,2.80,6-3.2,2,1917037164367765504,极兔快递,JT0016331916997,服饰,广东省,
东惠苑_站点-东惠苑,东惠苑,东惠苑,快递,2025-04-29 10:02:04,,1,0.2,0,6.00,0.00,2.80,6-3.2,2,1917036608844783616,极兔快递,JT0016328712582,服饰,陕西省,
东惠苑_站点-东惠苑,东惠苑,东惠苑,快递,2025-04-29 09:09:12,,1,0.29,0,6.00,0.00,2.80,6-3.2,2,1917023302989963264,极兔快递,JT0016329732667,服饰,广东省,
东惠苑_站点-东惠苑,东惠苑,东惠苑,快递,2025-04-28 20:16:20,,1,0.25,0,6.00,0.00,2.80,6-3.2,2,1916828794507550720,极兔快递,JT0016324278010,服饰,广东省,
东惠苑_站点-东惠苑,东惠苑,东惠苑,快递,2025-04-28 20:15:16,,1,0.22,0,6.00,0.00,2.80,6-3.2,2,1916828525438754816,极兔快递,JT0016327048770,服饰,湖北省,
东惠苑_站点-东惠苑,东惠苑,东惠苑,快递,2025-04-28 20:13:57,,1,0.48,0,6.00,0.00,2.80,6-3.2,2,1916828170822934528,极兔快递,JT0016325951646,服饰,广东省,
东惠苑_站点-东惠苑,东惠苑,东惠苑,快递,2025-04-28 19:58:12,,1,0.59,0,6.00,0.00,2.80,6-3.2,2,1916824231276765184,极兔快递,JT0016326274414,服饰,广东省,
东惠苑_站点-东惠苑,东惠苑,东惠苑,快递,2025-04-28 19:54:24,,1,0.29,0,6.00,0.00,2.80,6-3.2,2,1916823283481501696,极兔快递,JT0016322864495,服饰,广东省,
东惠苑_站点-东惠苑,东惠苑,东惠苑,快递,2025-04-28 19:52:16,,1,0.2,0,6.00,0.00,2.80,6-3.2,2,1916822748745490432,极兔快递,JT0016325209989,服饰,湖北省,
东惠苑_站点-东惠苑,东惠苑,东惠苑,快递,2025-04-28 19:45:08,,1,0.36,0,6.00,0.00,2.80,6-3.2,2,1916820953495298048,极兔快递,JT0016322652198,服饰,黑龙江省,
东惠苑_站点-东惠苑,东惠苑,东惠苑,快递,2025-04-28 19:41:15,,4,3.7,0,12.00,1.50,6.00,50% ,2,1916819975048060928,极兔快递,JT0016323668654,服饰,陕西省,
东惠苑_站点-东惠苑,东惠苑,东惠苑,快递,2025-04-28 19:35:23,,1,0.65,0,6.00,0.00,2.80,6-3.2,2,1916818427039506432,极兔快递,JT0016326537253,服饰,湖北省,
东惠苑_站点-东惠苑,东惠苑,东惠苑,快递,2025-04-28 19:33:52,,1,0.26,0,6.00,0.00,2.80,6-3.2,2,1916818117055275008,极兔快递,JT0016327048858,服饰,广东省,
东惠苑_站点-东惠苑,东惠苑,东惠苑,快递,2025-04-28 19:32:47,,1,0.54,0,6.00,0.00,2.80,6-3.2,2,1916817826696192000,极兔快递,JT0016325993304,服饰,广东省,
东惠苑_站点-东惠苑,东惠苑,东惠苑,干洗,2025-04-28 19:24:49,,,,,24.50,,7.35,30%,,1916815839313321984,干洗,,"清洗普通羽绒服2件不分长短49元   *   1",,
东惠苑_站点-东惠苑,东惠苑,东惠苑,快递,2025-04-28 19:10:31,,1,0.63,0,6.00,0.00,2.80,6-3.2,2,1916812243263873024,极兔快递,JT0016323746564,服饰,浙江省,
东惠苑_站点-东惠苑,东惠苑,东惠苑,快递,2025-04-28 19:08:07,,1,0.4,0,6.00,0.00,2.80,6-3.2,2,1916811633131053056,极兔快递,JT0016315464338,服饰,浙江省,
东惠苑_站点-东惠苑,东惠苑,东惠苑,快递,2025-04-28 18:31:04,,1,0.43,0,6.00,0.00,2.80,6-3.2,2,1916802313664389120,极兔快递,JT0016325672045,服饰,山东省,
东惠苑_站点-东惠苑,东惠苑,东惠苑,快递,2025-04-28 18:29:53,,2,1.74,0,8.00,0.00,4.08,51% ,2,1916802018255364096,极兔快递,JT0016325992483,生活用品,广东省,
东惠苑_站点-东惠苑,东惠苑,东惠苑,快递,2025-04-28 18:21:18,,1,0.21,0,6.00,0.00,2.80,6-3.2,2,1916799859111550976,极兔快递,JT0016322348311,服饰,广东省,
东惠苑_站点-东惠苑,东惠苑,东惠苑,快递,2025-04-28 18:20:12,,1,0.2,0,6.00,0.00,2.80,6-3.2,2,1916799578223206400,极兔快递,JT0016320653797,服饰,广东省,
东惠苑_站点-东惠苑,东惠苑,东惠苑,快递,2025-04-28 18:12:41,,1,0.53,0,6.00,0.00,2.80,6-3.2,2,1916797690148872192,极兔快递,JT0016319153342,服饰,江苏省,
东惠苑_站点-东惠苑,东惠苑,东惠苑,快递,2025-04-28 18:11:01,,1,0.41,0,6.00,0.00,2.80,6-3.2,2,1916797236421648384,极兔快递,JT0016325865183,服饰,河南省,
东惠苑_站点-东惠苑,东惠苑,东惠苑,快递,2025-04-28 17:52:16,,1,0.72,0,6.00,0.00,2.80,6-3.2,2,1916792527182946304,极兔快递,JT0016324546899,服饰,江苏省,
东惠苑_站点-东惠苑,东惠苑,东惠苑,快递,2025-04-28 17:41:01,,1,0.84,0,6.00,0.00,2.80,6-3.2,2,1916789721717858304,极兔快递,JT0016320377871,服饰,广东省,
东惠苑_站点-东惠苑,东惠苑,东惠苑,快递,2025-04-28 17:38:57,,1,0.41,0,6.00,0.00,2.80,6-3.2,2,1916789198449074176,极兔快递,JT0016324435639,服饰,江西省,
东惠苑_站点-东惠苑,东惠苑,东惠苑,快递,2025-04-28 17:34:10,,1,0.83,0,6.00,0.00,2.80,6-3.2,2,1916787995375886336,极兔快递,JT0016324899137,服饰,广东省,
东惠苑_站点-东惠苑,东惠苑,东惠苑,快递,2025-04-28 16:57:12,,1,0.34,0,6.00,0.00,2.80,6-3.2,2,1916778688991256576,极兔快递,JT0016321465471,服饰,河南省,
东惠苑_站点-东惠苑,东惠苑,东惠苑,快递,2025-04-28 16:53:47,,1,0.58,0,6.00,0.00,2.80,6-3.2,2,1916777831973314560,极兔快递,JT0016321373964,服饰,辽宁省,
东惠苑_站点-东惠苑,东惠苑,东惠苑,快递,2025-04-28 16:27:03,,1,0.54,0,6.00,0.00,2.80,6-3.2,2,1916771106780143616,极兔快递,JT0016310407078,服饰,浙江省,
东惠苑_站点-东惠苑,东惠苑,东惠苑,快递,2025-04-28 16:25:22,,1,0.21,0,6.00,0.00,2.80,6-3.2,2,1916770682937335808,极兔快递,JT0016322441228,服饰,山东省,
东惠苑_站点-东惠苑,东惠苑,东惠苑,快递,2025-04-28 16:23:29,,2,1.2,0,8.00,0.00,4.08,51% ,2,1916770135714881536,极兔快递,JT0016317765995,生活用品,广东省,
东惠苑_站点-东惠苑,东惠苑,东惠苑,快递,2025-04-28 16:16:08,,1,0.94,0,6.00,0.00,2.80,6-3.2,2,1916768339147677696,极兔快递,JT0016319750583,服饰,浙江省,
东惠苑_站点-东惠苑,东惠苑,东惠苑,快递,2025-04-28 13:25:33,,1,0.2,0,6.00,0.00,2.80,6-3.2,2,1916725428330749952,极兔快递,JT0016306704351,服饰,广东省,
东惠苑_站点-东惠苑,东惠苑,东惠苑,快递,2025-04-28 12:41:16,,2,1.71,0,8.00,0.00,4.08,51% ,2,1916714281456164864,极兔快递,JT0016315826938,生活用品,河北省,
东惠苑_站点-东惠苑,东惠苑,东惠苑,快递,2025-04-28 11:41:19,,1,0.52,0,6.00,0.00,2.52,42% ,2,1916699198285996032,韵达快递,312727579340537,液体,云南省,
东惠苑_站点-东惠苑,东惠苑,东惠苑,快递,2025-04-28 10:55:57,,2,1.2,0,8.00,0.00,4.08,51% ,2,1916687783345053696,极兔快递,JT0016313712093,食品,福建省,
东惠苑_站点-东惠苑,东惠苑,东惠苑,快递,2025-04-28 10:54:04,,6,5.29,0,18.00,4.50,9.00,50% ,2,1916687307320909824,极兔快递,JT0016313699462,服饰,陕西省,
东惠苑_站点-东惠苑,东惠苑,东惠苑,快递,2025-04-28 10:40:32,,1,0.42,0,6.00,0.00,2.80,6-3.2,2,1916683898748461056,极兔快递,JT0016312850032,服饰,辽宁省,
东惠苑_站点-东惠苑,东惠苑,东惠苑,快递,2025-04-28 10:37:38,,1,0.64,0,6.00,0.00,2.80,6-3.2,2,1916683173226143744,极兔快递,JT0016314449408,服饰,浙江省,
东惠苑_站点-东惠苑,东惠苑,东惠苑,快递,2025-04-28 10:33:24,,2,1.16,0,8.00,0.00,4.08,51% ,2,1916682083969589248,极兔快递,JT0016308753557,生活用品,广东省,
东惠苑_站点-东惠苑,东惠苑,东惠苑,快递,2025-04-28 10:14:28,,1,0.2,0,6.00,0.00,2.80,6-3.2,2,1916677335656751104,极兔快递,JT0016313195616,服饰,广东省,
东惠苑_站点-东惠苑,东惠苑,东惠苑,快递,2025-04-28 10:04:19,,1,0.4,0,6.00,0.00,2.80,6-3.2,2,1916674781522747392,极兔快递,JT0016307875778,服饰,福建省,
东惠苑_站点-东惠苑,东惠苑,东惠苑,快递,2025-04-28 10:02:46,,1,0.23,0,6.00,0.00,2.80,6-3.2,2,1916674395734859776,极兔快递,JT0016313413056,服饰,宁夏回族自治区,
东惠苑_站点-东惠苑,东惠苑,东惠苑,快递,2025-04-28 09:54:05,,1,0.2,0,6.00,0.00,2.80,6-3.2,2,1916672206719213568,极兔快递,JT0016303259340,服饰,广东省,
东惠苑_站点-东惠苑,东惠苑,东惠苑,快递,2025-04-28 09:42:27,,1,0.35,0,6.00,0.00,2.80,6-3.2,2,1916669268772839424,极兔快递,JT0016310439379,生活用品,广东省,
东惠苑_站点-东惠苑,东惠苑,东惠苑,快递,2025-04-28 08:51:19,,1,0.3,0,6.00,0.00,2.80,6-3.2,2,1916656415282094080,极兔快递,JT0016311843799,服饰,湖北省,
东惠苑_站点-东惠苑,东惠苑,东惠苑,快递,2025-04-28 08:48:10,,2,1.1,0,8.00,0.00,4.08,51% ,2,1916655620344045568,极兔快递,JT0016310166501,服饰,浙江省,
东惠苑_站点-东惠苑,东惠苑,东惠苑,快递,2025-04-28 08:46:41,,1,0.2,0,6.00,0.00,2.80,6-3.2,2,1916655248703545344,极兔快递,JT0016311413562,服饰,浙江省,
东惠苑_站点-东惠苑,东惠苑,东惠苑,快递,2025-04-28 08:44:56,,1,0.31,0,6.00,0.00,2.80,6-3.2,2,1916654807135608832,极兔快递,JT0016307531110,生活用品,广东省,
东惠苑_站点-东惠苑,东惠苑,东惠苑,快递,2025-04-27 20:14:43,,2,1.39,0,8.00,0.00,4.08,51% ,2,1916466009290366976,极兔快递,JT0016307192503,服饰,广东省,
东惠苑_站点-东惠苑,东惠苑,东惠苑,快递,2025-04-27 19:55:19,,1,0.2,0,6.00,0.00,2.80,6-3.2,2,1916461128655626240,极兔快递,JT0016304976448,服饰,广东省,
东惠苑_站点-东惠苑,东惠苑,东惠苑,快递,2025-04-27 19:43:24,,1,0.44,0,6.00,0.00,2.80,6-3.2,2,1916458126460903424,极兔快递,JT0016305240760,服饰,河南省,
东惠苑_站点-东惠苑,东惠苑,东惠苑,快递,2025-04-27 19:32:55,,1,0.72,0,6.00,0.00,2.80,6-3.2,2,1916455482942087168,极兔快递,JT0016304407478,服饰,浙江省,
东惠苑_站点-东惠苑,东惠苑,东惠苑,快递,2025-04-27 19:16:46,,1,0.29,0,6.00,0.00,2.80,6-3.2,2,1916451425116545024,极兔快递,JT0016308384303,服饰,湖北省,
东惠苑_站点-东惠苑,东惠苑,东惠苑,快递,2025-04-27 18:58:54,,1,0.2,0,6.00,0.00,2.80,6-3.2,2,1916446931024666624,极兔快递,JT0016307815816,服饰,广东省,
东惠苑_站点-东惠苑,东惠苑,东惠苑,快递,2025-04-27 18:29:13,,1,0.2,0,6.00,0.00,2.80,6-3.2,2,1916439455587950592,极兔快递,JT0016305483703,服饰,广东省,
东惠苑_站点-东惠苑,东惠苑,东惠苑,快递,2025-04-27 18:09:14,,1,0.2,0,6.00,0.00,2.80,6-3.2,2,1916434432074244096,极兔快递,JT0016308092426,服饰,山东省,
东惠苑_站点-东惠苑,东惠苑,东惠苑,快递,2025-04-27 18:07:16,,1,0.2,0,6.00,0.00,2.80,6-3.2,2,1916433935917441024,极兔快递,JT0016307049435,服饰,广东省,
东惠苑_站点-东惠苑,东惠苑,东惠苑,快递,2025-04-27 18:05:26,,1,0.91,0,6.00,0.00,2.80,6-3.2,2,1916433477282881536,极兔快递,JT0016308075559,食品,湖南省,
东惠苑_站点-东惠苑,东惠苑,东惠苑,快递,2025-04-27 17:22:20,,1,0.2,0,6.00,0.00,2.80,6-3.2,2,1916422629822881792,极兔快递,JT0016298719428,生活用品,山东省,
东惠苑_站点-东惠苑,东惠苑,东惠苑,快递,2025-04-27 17:16:31,,1,0.54,0,6.00,0.00,2.80,6-3.2,2,1916421164219817984,极兔快递,JT0016304543536,服饰,辽宁省,
东惠苑_站点-东惠苑,东惠苑,东惠苑,快递,2025-04-27 16:48:18,,1,0.93,0,6.00,0.00,2.80,6-3.2,2,1916414062956961792,极兔快递,JT0016305601161,服饰,河北省,
东惠苑_站点-东惠苑,东惠苑,东惠苑,快递,2025-04-27 16:17:44,,1,0.39,0,6.00,0.00,2.80,6-3.2,2,1916406366354595840,极兔快递,JT0016297804259,服饰,广东省,
东惠苑_站点-东惠苑,东惠苑,东惠苑,快递,2025-04-27 15:49:14,,1,,,20.00,,0.00,0%,2,1916399199828369408,顺丰速运,SF3182206564823,其他,甘肃省,
东惠苑_站点-东惠苑,东惠苑,东惠苑,快递,2025-04-27 15:40:50,,2,1.94,0,8.00,0.00,4.08,51% ,2,1916397082816339968,极兔快递,JT0016303174043,生活用品,陕西省,
东惠苑_站点-东惠苑,东惠苑,东惠苑,快递,2025-04-27 15:02:59,,1,0.2,0,6.00,0.00,2.80,6-3.2,2,1916387557463875584,极兔快递,JT0016298849081,服饰,广东省,
东惠苑_站点-东惠苑,东惠苑,东惠苑,快递,2025-04-27 14:48:44,,2,1.78,0,8.00,0.00,4.08,51% ,2,1916383931521622016,极兔快递,JT0016301856297,服饰,辽宁省,
东惠苑_站点-东惠苑,东惠苑,东惠苑,快递,2025-04-27 14:45:00,2025-04-27 06:45:32,1,,,20.00,,0.00,,2,1916383034934616064,顺丰速运,,其他,甘肃省,已全额退款
东惠苑_站点-东惠苑,东惠苑,东惠苑,快递,2025-04-27 14:32:07,,1,,,6.00,,2.00,,,1916379713331060736,邮政快递,9479378138542,其他,甘肃省,
东惠苑_站点-东惠苑,东惠苑,东惠苑,快递,2025-04-27 14:22:25,,1,,,6.00,,2.52,42% ,2,1916377353825345536,申通快递,772040645520089,其他,甘肃省,
东惠苑_站点-东惠苑,东惠苑,东惠苑,快递,2025-04-27 14:16:42,,1,0.93,0,6.00,0.00,2.52,42% ,2,1916375858648244224,韵达快递,312726335077836,其他,甘肃省,
东惠苑_站点-东惠苑,东惠苑,东惠苑,快递,2025-04-27 14:15:25,2025-04-27 06:16:03,1,,,6.00,,0.00,,2,1916375535158353920,极兔快递,JT0016301727433,其他,甘肃省,已全额退款
东惠苑_站点-东惠苑,东惠苑,东惠苑,快递,2025-04-27 14:14:17,2025-04-27 06:14:44,1,,,6.00,,0.00,,2,1916375293302202368,极兔快递,JT0016299762675,其他,甘肃省,已全额退款
东惠苑_站点-东惠苑,东惠苑,东惠苑,快递,2025-04-27 14:05:46,,1,0.99,0,6.00,0.00,2.80,6-3.2,2,1916373160884494336,极兔快递,JT0016301247635,生活用品,甘肃省,
东惠苑_站点-东惠苑,东惠苑,东惠苑,快递,2025-04-27 13:58:09,,1,0.48,0,6.00,0.00,2.80,6-3.2,2,1916371242032357376,极兔快递,JT0016301102482,服饰,河北省,
东惠苑_站点-东惠苑,东惠苑,东惠苑,快递,2025-04-27 13:26:29,,4,3.22,0,12.00,1.50,6.00,50% ,2,1916363274343735296,极兔快递,JT0016300924623,生鲜类,广西壮族自治区,
东惠苑_站点-东惠苑,东惠苑,东惠苑,快递,2025-04-27 12:12:16,,1,0.46,0,6.00,0.00,2.80,6-3.2,2,1916344600677376000,极兔快递,JT0016296868962,服饰,山东省,
东惠苑_站点-东惠苑,东惠苑,东惠苑,快递,2025-04-27 12:09:39,,1,0.4,0,6.00,0.00,2.80,6-3.2,2,1916343939210469376,极兔快递,JT0016300036960,服饰,广东省,
东惠苑_站点-东惠苑,东惠苑,东惠苑,快递,2025-04-27 12:05:43,,1,0.47,0,6.00,0.00,2.80,6-3.2,2,1916342950273277952,极兔快递,JT0016299601182,服饰,广东省,
东惠苑_站点-东惠苑,东惠苑,东惠苑,快递,2025-04-27 10:30:33,,1,0.24,0,6.00,0.00,2.80,6-3.2,2,1916318997995642880,极兔快递,JT0016295021580,服饰,浙江省,
东惠苑_站点-东惠苑,东惠苑,东惠苑,快递,2025-04-27 10:07:07,,1,0.44,0,6.00,0.00,2.80,6-3.2,2,1916313093992669184,极兔快递,JT0016296850897,服饰,广东省,
东惠苑_站点-东惠苑,东惠苑,东惠苑,快递,2025-04-27 10:06:03,,1,0.26,0,6.00,0.00,2.80,6-3.2,2,1916312833866129408,极兔快递,JT0016294026024,服饰,浙江省,
东惠苑_站点-东惠苑,东惠苑,东惠苑,快递,2025-04-27 10:04:28,,2,1.28,0,8.00,0.00,4.08,51% ,2,1916312334051893248,极兔快递,JT0016295172116,服饰,湖南省,
东惠苑_站点-东惠苑,东惠苑,东惠苑,快递,2025-04-27 09:39:30,,1,0.45,0,6.00,0.00,2.80,6-3.2,2,1916306150452420608,极兔快递,JT0016293229346,服饰,江苏省,
东惠苑_站点-东惠苑,东惠苑,东惠苑,快递,2025-04-27 08:41:09,,1,0.3,0,6.00,0.00,2.80,6-3.2,2,1916291465569165312,极兔快递,JT0016294495190,服饰,广东省,
东惠苑_站点-东惠苑,东惠苑,东惠苑,快递,2025-04-27 08:35:52,,1,0.2,0,6.00,0.00,2.80,6-3.2,2,1916290140198461440,极兔快递,JT0016291245736,服饰,广东省,
东惠苑_站点-东惠苑,东惠苑,东惠苑,快递,2025-04-27 08:32:10,,1,0.52,0,6.00,0.00,2.80,6-3.2,2,1916289180030001152,极兔快递,JT0016295088139,服饰,浙江省,
东惠苑_站点-东惠苑,东惠苑,东惠苑,快递,2025-04-27 08:24:46,,1,0.2,0,6.00,0.00,2.80,6-3.2,2,1916287348016734208,极兔快递,JT0016287479933,服饰,山东省,
东惠苑_站点-东惠苑,东惠苑,东惠苑,快递,2025-04-26 20:35:01,,1,0.2,0,6.00,0.00,2.80,6-3.2,2,1916108725058068480,极兔快递,JT0016281998386,服饰,广东省,
东惠苑_站点-东惠苑,东惠苑,东惠苑,快递,2025-04-26 19:52:19,,6,5.25,0,18.00,4.50,9.00,50% ,2,1916097980022972416,极兔快递,JT0016292898021,食品,福建省,
东惠苑_站点-东惠苑,东惠苑,东惠苑,快递,2025-04-26 19:51:15,,6,5.21,0,18.00,4.50,9.00,50% ,2,1916097719250509824,极兔快递,JT0016292611238,食品,福建省,
东惠苑_站点-东惠苑,东惠苑,东惠苑,快递,2025-04-26 19:49:56,,3,3.0,0,10.00,0.00,5.50,55% ,2,1916097388693217280,极兔快递,JT0016289545638,食品,福建省,
东惠苑_站点-东惠苑,东惠苑,东惠苑,快递,2025-04-26 19:47:43,,11,10.45,0,33.00,12.00,16.50,50% ,2,1916096827856052224,极兔快递,JT0016286388986,食品,福建省,
东惠苑_站点-东惠苑,东惠苑,东惠苑,快递,2025-04-26 19:39:36,,1,0.2,0,6.00,0.00,2.80,6-3.2,2,1916094786358272000,极兔快递,JT0016283127938,生活用品,广东省,
东惠苑_站点-东惠苑,东惠苑,东惠苑,快递,2025-04-26 19:11:16,,1,0.29,0,6.00,0.00,2.80,6-3.2,2,1916087654862872576,极兔快递,JT0016287333281,服饰,河南省,
东惠苑_站点-东惠苑,东惠苑,东惠苑,快递,2025-04-26 19:06:54,,1,0.34,0,6.00,0.00,2.80,6-3.2,2,1916086555862949888,极兔快递,JT0016290641919,服饰,浙江省,
东惠苑_站点-东惠苑,东惠苑,东惠苑,快递,2025-04-26 18:25:52,,1,0.45,0,6.00,0.00,2.80,6-3.2,2,1916076231340384256,极兔快递,JT0016288432769,服饰,山东省,
东惠苑_站点-东惠苑,东惠苑,东惠苑,快递,2025-04-26 17:50:45,,2,1.83,0,8.00,0.00,4.08,51% ,2,1916067390154399744,极兔快递,JT0016286194527,服饰,江苏省,
东惠苑_站点-东惠苑,东惠苑,东惠苑,快递,2025-04-26 17:48:16,,1,0.28,0,6.00,0.00,2.80,6-3.2,2,1916066766524309504,极兔快递,JT0016288789697,服饰,湖北省,
东惠苑_站点-东惠苑,东惠苑,东惠苑,快递,2025-04-26 17:45:11,,1,0.54,0,6.00,0.00,2.80,6-3.2,2,1916065993421807616,极兔快递,JT0016286141703,服饰,河北省,
东惠苑_站点-东惠苑,东惠苑,东惠苑,快递,2025-04-26 17:41:42,,1,0.74,0,6.00,0.00,2.80,6-3.2,2,1916065081135521792,极兔快递,JT0016290139254,服饰,河北省,
东惠苑_站点-东惠苑,东惠苑,东惠苑,快递,2025-04-26 17:39:23,,1,0.71,0,6.00,0.00,2.80,6-3.2,2,1916064529110589440,极兔快递,JT0016289744387,服饰,浙江省,
东惠苑_站点-东惠苑,东惠苑,东惠苑,快递,2025-04-26 17:05:13,,2,1.7,0,8.00,0.00,4.08,51% ,2,1916055933572407296,极兔快递,JT0016279097147,生活用品,山东省,
东惠苑_站点-东惠苑,东惠苑,东惠苑,快递,2025-04-26 16:54:05,,1,0.47,0,6.00,0.00,2.80,6-3.2,2,1916053133715103744,极兔快递,JT0016287485150,服饰,浙江省,
东惠苑_站点-东惠苑,东惠苑,东惠苑,快递,2025-04-26 16:52:44,,1,0.34,0,6.00,0.00,2.80,6-3.2,2,1916052753530806272,极兔快递,JT0016288237222,服饰,福建省,
东惠苑_站点-东惠苑,东惠苑,东惠苑,快递,2025-04-26 16:50:08,,1,0.71,0,6.00,0.00,2.80,6-3.2,2,1916052137928613888,极兔快递,JT0016285065896,服饰,浙江省,
东惠苑_站点-东惠苑,东惠苑,东惠苑,快递,2025-04-26 16:16:45,,1,0.2,0,6.00,0.00,2.80,6-3.2,2,1916043736850948096,极兔快递,JT0016288985027,服饰,广东省,
东惠苑_站点-东惠苑,东惠苑,东惠苑,干洗,2025-04-26 15:59:25,,,,,24.50,,7.35,30%,,1916039270244343808,干洗,,"清洗普通羽绒服2件不分长短49元   *   1",,
东惠苑_站点-东惠苑,东惠苑,东惠苑,快递,2025-04-26 15:35:08,,1,0.31,0,6.00,0.00,2.80,6-3.2,2,1916033259798323200,极兔快递,JT0016282798877,服饰,广东省,
东惠苑_站点-东惠苑,东惠苑,东惠苑,快递,2025-04-26 14:47:26,,1,0.32,0,6.00,0.00,2.80,6-3.2,2,1916021259017969664,极兔快递,JT0016281100933,服饰,浙江省,
东惠苑_站点-东惠苑,东惠苑,东惠苑,快递,2025-04-26 13:04:39,,1,0.2,0,6.00,0.00,2.80,6-3.2,2,1915995393147854848,极兔快递,JT0016277414132,服饰,江西省,
东惠苑_站点-东惠苑,东惠苑,东惠苑,快递,2025-04-26 13:03:00,,1,0.2,0,6.00,0.00,2.80,6-3.2,2,1915994977316167680,极兔快递,JT0016280656121,服饰,浙江省,
东惠苑_站点-东惠苑,东惠苑,东惠苑,快递,2025-04-26 11:11:31,,1,,,13.00,,0.00,0%,2,1915966833175617536,顺丰速运,SF3175526083105,文件,陕西省,
东惠苑_站点-东惠苑,东惠苑,东惠苑,快递,2025-04-26 10:51:39,,1,,,13.00,,0.00,0%,2,1915961918139195392,顺丰速运,SF3161572983577,服饰,陕西省,
东惠苑_站点-东惠苑,东惠苑,东惠苑,快递,2025-04-26 10:24:15,,1,0.22,0,6.00,0.00,2.80,6-3.2,2,1915955027682058240,极兔快递,JT0016281048357,服饰,广东省,
东惠苑_站点-东惠苑,东惠苑,东惠苑,快递,2025-04-26 10:13:32,,1,0.2,0,6.00,0.00,2.80,6-3.2,2,1915952330639728640,极兔快递,JT0016278852945,生活用品,福建省,
东惠苑_站点-东惠苑,东惠苑,东惠苑,快递,2025-04-26 09:51:10,,1,0.68,0,6.00,0.00,2.80,6-3.2,2,1915946700394782720,极兔快递,JT0016280001349,服饰,河北省,
东惠苑_站点-东惠苑,东惠苑,东惠苑,快递,2025-04-26 09:48:53,,1,0.51,0,6.00,0.00,2.80,6-3.2,2,1915946127301861376,极兔快递,JT0016280723819,服饰,山东省,
东惠苑_站点-东惠苑,东惠苑,东惠苑,快递,2025-04-26 09:47:16,,1,0.67,0,6.00,0.00,2.80,6-3.2,2,1915945659683102720,极兔快递,JT0016269201436,服饰,河北省,
东惠苑_站点-东惠苑,东惠苑,东惠苑,快递,2025-04-26 09:44:51,,1,0.73,0,6.00,0.00,2.80,6-3.2,2,1915945111210745856,极兔快递,JT0016279616194,服饰,广东省,
东惠苑_站点-东惠苑,东惠苑,东惠苑,快递,2025-04-26 08:54:24,,1,0.29,0,6.00,0.00,2.80,6-3.2,2,1915932412926025728,极兔快递,JT0016278200482,服饰,浙江省,
东惠苑_站点-东惠苑,东惠苑,东惠苑,快递,2025-04-26 08:51:38,,1,0.22,0,6.00,0.00,2.80,6-3.2,2,1915931718504472576,极兔快递,JT0016278272137,服饰,浙江省,
东惠苑_站点-东惠苑,东惠苑,东惠苑,快递,2025-04-25 20:09:16,,1,0.74,0,6.00,0.00,2.80,6-3.2,2,1915739861300338688,极兔快递,JT0016271175385,服饰,河北省,
东惠苑_站点-东惠苑,东惠苑,东惠苑,快递,2025-04-25 19:59:25,,2,1.47,0,8.00,0.00,4.08,51% ,2,1915737383490084864,极兔快递,JT0016272454631,服饰,江苏省,
东惠苑_站点-东惠苑,东惠苑,东惠苑,快递,2025-04-25 19:53:20,,1,0.58,0,6.00,0.00,2.80,6-3.2,2,1915735853030498304,极兔快递,JT0016276899236,服饰,浙江省,
东惠苑_站点-东惠苑,东惠苑,东惠苑,快递,2025-04-25 19:49:37,,1,0.47,0,6.00,0.00,2.80,6-3.2,2,1915734917918810112,极兔快递,JT0016276189315,服饰,浙江省,
东惠苑_站点-东惠苑,东惠苑,东惠苑,快递,2025-04-25 19:47:38,,1,0.62,0,6.00,0.00,2.80,6-3.2,2,1915734398554923008,极兔快递,JT0016276832471,服饰,广东省,
东惠苑_站点-东惠苑,东惠苑,东惠苑,快递,2025-04-25 19:45:43,,1,0.47,0,6.00,0.00,2.80,6-3.2,2,1915733936783024128,极兔快递,JT0016275772654,服饰,浙江省,
东惠苑_站点-东惠苑,东惠苑,东惠苑,快递,2025-04-25 19:43:57,,2,1.15,0,8.00,0.00,4.08,51% ,2,1915733490563604480,极兔快递,JT0016276634615,服饰,浙江省,
东惠苑_站点-东惠苑,东惠苑,东惠苑,快递,2025-04-25 19:17:06,,1,0.2,0,6.00,0.00,2.80,6-3.2,2,1915726726539567104,极兔快递,JT0016263722537,服饰,广东省,
东惠苑_站点-东惠苑,东惠苑,东惠苑,快递,2025-04-25 19:15:16,,1,0.34,0,6.00,0.00,2.80,6-3.2,2,1915726274066440192,极兔快递,JT0016273167126,服饰,四川省,
东惠苑_站点-东惠苑,东惠苑,东惠苑,快递,2025-04-25 19:13:30,,1,0.25,0,6.00,0.00,2.80,6-3.2,2,1915725774155735040,极兔快递,JT0016273829012,服饰,四川省,
东惠苑_站点-东惠苑,东惠苑,东惠苑,快递,2025-04-25 19:11:04,,1,0.65,0,6.00,0.00,2.52,42% ,2,1915725191680155648,韵达快递,312723904439859,服饰,河北省,
东惠苑_站点-东惠苑,东惠苑,东惠苑,快递,2025-04-25 19:09:49,2025-04-25 11:10:36,1,,,6.00,,0.00,,2,1915724902814244864,极兔快递,JT0016256818601,服饰,河北省,已全额退款
东惠苑_站点-东惠苑,东惠苑,东惠苑,快递,2025-04-25 18:53:47,,1,0.93,0,6.00,0.00,2.80,6-3.2,2,1915720867596001280,极兔快递,JT0016267210494,服饰,广东省,
东惠苑_站点-东惠苑,东惠苑,东惠苑,快递,2025-04-25 18:52:09,,1,0.65,0,6.00,0.00,2.80,6-3.2,2,1915720454729687040,极兔快递,JT0016275829890,服饰,广东省,
东惠苑_站点-东惠苑,东惠苑,东惠苑,快递,2025-04-25 18:47:14,,1,0.29,0,6.00,0.00,2.80,6-3.2,2,1915719217309343744,极兔快递,JT0016272244954,服饰,浙江省,
东惠苑_站点-东惠苑,东惠苑,东惠苑,快递,2025-04-25 18:45:00,,1,0.45,0,6.00,0.00,2.80,6-3.2,2,1915718655289384960,极兔快递,JT0016273027678,服饰,浙江省,
东惠苑_站点-东惠苑,东惠苑,东惠苑,快递,2025-04-25 18:38:05,,1,0.73,0,6.00,0.00,2.80,6-3.2,2,1915716917081726976,极兔快递,JT0016275966579,服饰,福建省,
东惠苑_站点-东惠苑,东惠苑,东惠苑,快递,2025-04-25 17:34:58,,1,0.2,0,6.00,0.00,2.80,6-3.2,2,1915701031251795968,极兔快递,JT0016273615273,生活用品,河南省,
东惠苑_站点-东惠苑,东惠苑,东惠苑,快递,2025-04-25 17:32:50,,1,0.89,0,6.00,0.00,2.80,6-3.2,2,1915700494355718144,极兔快递,JT0016269377475,服饰,浙江省,
东惠苑_站点-东惠苑,东惠苑,东惠苑,快递,2025-04-25 17:25:54,,2,1.31,0,8.00,0.00,4.08,51% ,2,1915698519593508864,极兔快递,JT0016274228164,服饰,浙江省,
东惠苑_站点-东惠苑,东惠苑,东惠苑,快递,2025-04-25 17:19:53,,1,0.2,0,6.00,0.00,2.80,6-3.2,2,1915697234169356288,极兔快递,JT0016272312241,服饰,广东省,
东惠苑_站点-东惠苑,东惠苑,东惠苑,快递,2025-04-25 17:10:26,,1,0.54,0,6.00,0.00,2.80,6-3.2,2,1915694857039175680,极兔快递,JT0016273446655,服饰,广东省,
东惠苑_站点-东惠苑,东惠苑,东惠苑,快递,2025-04-25 17:02:22,,1,0.25,0,6.00,0.00,2.80,6-3.2,2,1915692828082364416,极兔快递,JT0016272344086,服饰,广东省,
东惠苑_站点-东惠苑,东惠苑,东惠苑,快递,2025-04-25 16:53:14,,1,0.32,0,6.00,0.00,2.80,6-3.2,2,1915690530773983232,极兔快递,JT0016270762858,服饰,广东省,
东惠苑_站点-东惠苑,东惠苑,东惠苑,快递,2025-04-25 16:40:09,,2,1.84,0,8.00,0.00,4.08,51% ,2,1915686504942592000,极兔快递,JT0016271088545,食品,山西省,
东惠苑_站点-东惠苑,东惠苑,东惠苑,快递,2025-04-25 16:17:39,,1,0.26,0,6.00,0.00,2.80,6-3.2,2,1915681575620370432,极兔快递,JT0016269791841,服饰,湖北省,
东惠苑_站点-东惠苑,东惠苑,东惠苑,干洗,2025-04-25 16:02:53,,,,,12.80,,3.84,30%,,1915677857999020032,干洗,,"背心   *   1",,
东惠苑_站点-东惠苑,东惠苑,东惠苑,快递,2025-04-25 15:54:52,,1,0.43,0,6.00,0.00,2.52,42% ,2,1915675719474405376,韵达快递,312723714467328,服饰,江苏省,
东惠苑_站点-东惠苑,东惠苑,东惠苑,快递,2025-04-25 15:45:31,,1,0.23,0,6.00,0.00,2.80,6-3.2,2,1915673487139987456,极兔快递,JT0016272117732,服饰,江苏省,
东惠苑_站点-东惠苑,东惠苑,东惠苑,快递,2025-04-25 15:43:34,,1,0.63,0,6.00,0.00,2.80,6-3.2,2,1915673000453922816,极兔快递,JT0016268682084,生活用品,安徽省,
东惠苑_站点-东惠苑,东惠苑,东惠苑,快递,2025-04-25 15:36:58,,1,0.61,0,6.00,0.00,2.80,6-3.2,2,1915671337122979840,极兔快递,JT0016271484517,服饰,浙江省,
东惠苑_站点-东惠苑,东惠苑,东惠苑,快递,2025-04-25 15:35:45,,1,0.2,0,6.00,0.00,2.80,6-3.2,2,1915671023108022272,极兔快递,JT0016269159445,服饰,浙江省,
东惠苑_站点-东惠苑,东惠苑,东惠苑,快递,2025-04-25 15:34:05,,1,0.56,0,6.00,0.00,2.80,6-3.2,2,1915670611634216960,极兔快递,JT0016269969376,服饰,河南省,
东惠苑_站点-东惠苑,东惠苑,东惠苑,快递,2025-04-25 15:32:00,,1,0.38,0,6.00,0.00,2.80,6-3.2,2,1915670078265548800,极兔快递,JT0016270047253,服饰,广东省,
东惠苑_站点-东惠苑,东惠苑,东惠苑,快递,2025-04-25 15:27:10,,1,0.2,0,6.00,0.00,2.80,6-3.2,2,1915668870545072128,极兔快递,JT0016271753473,服饰,广东省,
东惠苑_站点-东惠苑,东惠苑,东惠苑,快递,2025-04-25 14:45:56,,1,0.7,0,6.00,0.00,2.80,6-3.2,2,1915658394406805504,极兔快递,JT0016265699905,生活用品,浙江省,
东惠苑_站点-东惠苑,东惠苑,东惠苑,快递,2025-04-25 14:43:43,,1,0.2,0,6.00,0.00,2.80,6-3.2,2,1915657933603790848,极兔快递,JT0016269020703,服饰,广东省,
东惠苑_站点-东惠苑,东惠苑,东惠苑,快递,2025-04-25 13:34:40,,1,0.5,0,6.00,0.00,2.80,6-3.2,2,1915640559097929728,极兔快递,JT0016266753278,服饰,河南省,
东惠苑_站点-东惠苑,东惠苑,东惠苑,快递,2025-04-25 13:24:39,,1,0.57,0,6.00,0.00,2.80,6-3.2,2,1915638037062934528,极兔快递,JT0016263300525,服饰,福建省,
东惠苑_站点-东惠苑,东惠苑,东惠苑,快递,2025-04-25 13:22:49,,1,0.23,0,6.00,0.00,2.80,6-3.2,2,1915637574431203328,极兔快递,JT0016262540050,服饰,广东省,
东惠苑_站点-东惠苑,东惠苑,东惠苑,快递,2025-04-25 12:51:54,,1,0.2,0,6.00,0.00,2.80,6-3.2,2,1915629794664177664,极兔快递,JT0016260789447,服饰,湖北省,
东惠苑_站点-东惠苑,东惠苑,东惠苑,快递,2025-04-25 12:10:03,,1,0.2,0,6.00,0.00,2.80,6-3.2,2,1915619263836381184,极兔快递,JT0016262477324,服饰,广东省,
东惠苑_站点-东惠苑,东惠苑,东惠苑,快递,2025-04-25 12:08:38,,1,0.2,0,6.00,0.00,2.80,6-3.2,2,1915618904980119552,极兔快递,JT0016266339980,服饰,广东省,
东惠苑_站点-东惠苑,东惠苑,东惠苑,快递,2025-04-25 11:40:54,,1,0.47,0,6.00,0.00,2.80,6-3.2,2,1915611927474397184,极兔快递,JT0016264292867,服饰,广东省,
东惠苑_站点-东惠苑,东惠苑,东惠苑,快递,2025-04-25 09:47:41,,1,0.94,0,6.00,0.00,2.80,6-3.2,2,1915583437526065152,极兔快递,JT0016264113658,服饰,江苏省,
东惠苑_站点-东惠苑,东惠苑,东惠苑,快递,2025-04-25 09:46:11,,1,0.64,0,6.00,0.00,2.80,6-3.2,2,1915583048911216640,极兔快递,JT0016263221944,服饰,江苏省,
东惠苑_站点-东惠苑,东惠苑,东惠苑,快递,2025-04-25 09:44:41,,1,0.62,0,6.00,0.00,2.80,6-3.2,2,1915582677828558848,极兔快递,JT0016263838042,服饰,广东省,
东惠苑_站点-东惠苑,东惠苑,东惠苑,快递,2025-04-25 09:42:43,,1,0.31,0,6.00,0.00,2.80,6-3.2,2,1915582185874448384,极兔快递,JT0016261120507,服饰,广东省,
东惠苑_站点-东惠苑,东惠苑,东惠苑,快递,2025-04-25 09:41:12,,1,0.2,0,6.00,0.00,2.80,6-3.2,2,1915581805828562944,极兔快递,JT0016263236762,服饰,广东省,
东惠苑_站点-东惠苑,东惠苑,东惠苑,快递,2025-04-25 09:38:00,,1,0.34,0,6.00,0.00,2.80,6-3.2,2,1915581000304091136,极兔快递,JT0016263179819,服饰,广东省,
东惠苑_站点-东惠苑,东惠苑,东惠苑,快递,2025-04-25 08:26:33,,1,0.24,0,6.00,0.00,2.80,6-3.2,2,1915563018467205120,极兔快递,JT0016259433229,服饰,吉林省,
东惠苑_站点-东惠苑,东惠苑,东惠苑,快递,2025-04-25 08:24:34,,1,0.39,0,6.00,0.00,2.80,6-3.2,2,1915562520775286784,极兔快递,JT0016253312746,服饰,浙江省,
东惠苑_站点-东惠苑,东惠苑,东惠苑,快递,2025-04-25 08:22:48,,1,0.25,0,6.00,0.00,2.80,6-3.2,2,1915562076791431168,极兔快递,JT0016258781523,服饰,浙江省,
东惠苑_站点-东惠苑,东惠苑,东惠苑,快递,2025-04-25 08:13:34,,1,0.27,0,6.00,0.00,2.80,6-3.2,2,1915559752996020224,极兔快递,JT0016260473928,服饰,福建省,
东惠苑_站点-东惠苑,东惠苑,东惠苑,快递,2025-04-25 08:09:02,,1,0.55,0,6.00,0.00,2.80,6-3.2,2,1915558611331637248,极兔快递,JT0016258846562,生活用品,广东省,
东惠苑_站点-东惠苑,东惠苑,东惠苑,快递,2025-04-24 20:28:32,,1,0.22,0,6.00,0.00,2.80,6-3.2,2,1915382324961009664,极兔快递,JT0016258849347,服饰,广东省,
东惠苑_站点-东惠苑,东惠苑,东惠苑,快递,2025-04-24 19:42:11,,1,0.29,0,6.00,0.00,2.80,6-3.2,2,1915370658244386816,极兔快递,JT0016257707768,服饰,浙江省,
东惠苑_站点-东惠苑,东惠苑,东惠苑,快递,2025-04-24 19:40:51,,1,0.22,0,6.00,0.00,2.80,6-3.2,2,1915370322788147200,极兔快递,JT0016250430305,服饰,湖北省,
东惠苑_站点-东惠苑,东惠苑,东惠苑,快递,2025-04-24 19:29:21,,1,0.65,0,6.00,0.00,2.80,6-3.2,2,1915367429834072064,极兔快递,JT0016258121345,服饰,河南省,
东惠苑_站点-东惠苑,东惠苑,东惠苑,快递,2025-04-24 19:25:43,,1,0.58,0,7.00,0.00,2.80,6-3.2,2,1915366510190977024,极兔快递,JT0016252846278,服饰,上海市,
东惠苑_站点-东惠苑,东惠苑,东惠苑,快递,2025-04-24 19:23:36,,1,0.56,0,6.00,0.00,2.80,6-3.2,2,1915365984959258624,极兔快递,JT0016258484506,服饰,浙江省,
东惠苑_站点-东惠苑,东惠苑,东惠苑,快递,2025-04-24 19:21:37,,1,0.2,0,6.00,0.00,2.80,6-3.2,2,1915365486583668736,极兔快递,JT0016259174308,服饰,广东省,
东惠苑_站点-东惠苑,东惠苑,东惠苑,快递,2025-04-24 19:17:59,,1,0.32,0,6.00,0.00,2.80,6-3.2,2,1915364569457156096,极兔快递,JT0016241032146,服饰,山东省,
东惠苑_站点-东惠苑,东惠苑,东惠苑,干洗,2025-04-24 19:12:16,,,,,9.90,,2.97,30%,,1915363130236264448,干洗,,"清洗鞋19.8元两双   *   1",,
东惠苑_站点-东惠苑,东惠苑,东惠苑,快递,2025-04-24 19:07:45,,1,0.97,0,6.00,0.00,2.80,6-3.2,2,1915361995081441280,极兔快递,JT0016256912923,服饰,浙江省,
东惠苑_站点-东惠苑,东惠苑,东惠苑,干洗,2025-04-24 19:04:51,,,,,9.90,,2.97,30%,,1915361261623500800,干洗,,"清洗鞋19.8元两双   *   1",,
东惠苑_站点-东惠苑,东惠苑,东惠苑,快递,2025-04-24 19:00:24,,1,0.2,0,6.00,0.00,2.80,6-3.2,2,1915360129417273344,极兔快递,JT0016255555651,生活用品,河北省,
东惠苑_站点-东惠苑,东惠苑,东惠苑,快递,2025-04-24 18:53:39,,1,0.77,0,6.00,0.00,2.80,6-3.2,2,1915358447929188352,极兔快递,JT0016258673382,服饰,广东省,
东惠苑_站点-东惠苑,东惠苑,东惠苑,快递,2025-04-24 18:21:25,2025-04-24 10:22:51,1,,,6.00,,0.00,,2,1915350334111014912,极兔快递,,服饰,浙江省,已全额退款
东惠苑_站点-东惠苑,东惠苑,东惠苑,快递,2025-04-24 18:22:13,,2,1.45,0,8.00,0.00,4.08,51% ,2,1915350538088407040,极兔快递,JT0016257123110,服饰,浙江省,
东惠苑_站点-东惠苑,东惠苑,东惠苑,快递,2025-04-24 18:19:33,,1,0.2,0,6.00,0.00,2.80,6-3.2,2,1915349867180122112,极兔快递,JT0016254317080,服饰,浙江省,
东惠苑_站点-东惠苑,东惠苑,东惠苑,快递,2025-04-24 18:16:01,,1,0.48,0,6.00,0.00,2.80,6-3.2,2,1915348966998597632,极兔快递,JT0016255271255,服饰,湖南省,
东惠苑_站点-东惠苑,东惠苑,东惠苑,快递,2025-04-24 18:12:38,,1,1.06,-1,6.00,0.00,2.80,6-3.2,2,1915348124614582272,极兔快递,JT0016237374234,服饰,安徽省,
东惠苑_站点-东惠苑,东惠苑,东惠苑,快递,2025-04-24 17:15:44,,1,0.2,0,6.00,0.00,2.80,6-3.2,2,1915333789628555264,极兔快递,JT0016257942921,服饰,广东省,
东惠苑_站点-东惠苑,东惠苑,东惠苑,快递,2025-04-24 17:12:30,,1,0.57,0,6.00,0.00,2.80,6-3.2,2,1915332963593936896,极兔快递,JT0016253235479,服饰,江苏省,
东惠苑_站点-东惠苑,东惠苑,东惠苑,快递,2025-04-24 15:34:56,,1,0.2,0,6.00,0.00,2.80,6-3.2,2,1915308436172365824,极兔快递,JT0016252351018,服饰,河南省,
东惠苑_站点-东惠苑,东惠苑,东惠苑,快递,2025-04-24 10:10:06,,2,1.15,0,8.00,0.00,4.08,51% ,2,1915226691381026816,极兔快递,JT0016247157681,服饰,河北省,
东惠苑_站点-东惠苑,东惠苑,东惠苑,快递,2025-04-24 09:47:30,,1,0.33,0,6.00,0.00,2.80,6-3.2,2,1915221000972984320,极兔快递,JT0016246311408,服饰,浙江省,
东惠苑_站点-东惠苑,东惠苑,东惠苑,快递,2025-04-24 09:17:01,,1,0.2,0,6.00,0.00,2.80,6-3.2,2,1915213323333193728,极兔快递,JT0016246187445,服饰,广东省,
东惠苑_站点-东惠苑,东惠苑,东惠苑,快递,2025-04-24 09:16:04,,1,0.2,0,6.00,0.00,2.80,6-3.2,2,1915213079891595264,极兔快递,JT0016236291074,服饰,广东省,
东惠苑_站点-东惠苑,东惠苑,东惠苑,快递,2025-04-24 09:14:40,,1,0.28,0,6.00,0.00,2.80,6-3.2,2,1915212710058840064,极兔快递,JT0016245950574,服饰,福建省,
东惠苑_站点-东惠苑,东惠苑,东惠苑,快递,2025-04-24 09:03:25,,1,0.69,0,6.00,0.00,2.80,6-3.2,2,1915209909849214976,极兔快递,JT0016246381533,服饰,陕西省,
东惠苑_站点-东惠苑,东惠苑,东惠苑,快递,2025-04-24 08:59:41,,1,0.2,0,6.00,0.00,2.80,6-3.2,2,1915208971029762048,极兔快递,JT0016245007198,服饰,浙江省,
东惠苑_站点-东惠苑,东惠苑,东惠苑,快递,2025-04-23 20:25:53,,1,0.2,0,6.00,0.00,2.80,6-3.2,2,1915019272059277312,极兔快递,JT0016241852634,生活用品,安徽省,
东惠苑_站点-东惠苑,东惠苑,东惠苑,快递,2025-04-23 20:22:35,,1,0.24,0,6.00,0.00,2.80,6-3.2,2,1915018391419015168,极兔快递,JT0016242159434,生活用品,广东省,
东惠苑_站点-东惠苑,东惠苑,东惠苑,快递,2025-04-23 20:21:17,,1,0.77,0,6.00,0.00,2.80,6-3.2,2,1915018104235020288,极兔快递,JT0016243061334,服饰,浙江省,
东惠苑_站点-东惠苑,东惠苑,东惠苑,快递,2025-04-23 20:08:04,,1,0.32,0,6.00,0.00,2.80,6-3.2,2,1915014783843618816,极兔快递,JT0016242504174,服饰,浙江省,
东惠苑_站点-东惠苑,东惠苑,东惠苑,快递,2025-04-23 20:04:20,,1,0.43,0,6.00,0.00,2.52,42% ,2,1915013835033333760,韵达快递,312721448431359,服饰,安徽省,
东惠苑_站点-东惠苑,东惠苑,东惠苑,快递,2025-04-23 20:03:36,2025-04-23 12:03:55,1,,,6.00,,0.00,,2,1915013653130563584,极兔快递,,服饰,安徽省,已全额退款
东惠苑_站点-东惠苑,东惠苑,东惠苑,快递,2025-04-23 19:57:05,,1,0.31,0,6.00,0.00,2.80,6-3.2,2,1915012025941938176,极兔快递,JT0016240946500,服饰,广东省,
东惠苑_站点-东惠苑,东惠苑,东惠苑,快递,2025-04-23 19:54:57,,1,0.72,0,6.00,0.00,2.80,6-3.2,2,1915011486034350080,极兔快递,JT0016242824512,服饰,广东省,
东惠苑_站点-东惠苑,东惠苑,东惠苑,快递,2025-04-23 19:53:21,,1,0.42,0,6.00,0.00,2.80,6-3.2,2,1915011084442324992,极兔快递,JT0016237676134,服饰,广东省,
东惠苑_站点-东惠苑,东惠苑,东惠苑,快递,2025-04-23 19:50:26,,1,0.65,0,6.00,0.00,2.80,6-3.2,2,1915010346383233024,极兔快递,JT0016241870722,服饰,辽宁省,
东惠苑_站点-东惠苑,东惠苑,东惠苑,快递,2025-04-23 19:48:50,,1,0.2,0,7.00,0.00,2.80,6-3.2,2,1915009945726537728,极兔快递,JT0016238660056,服饰,上海市,
东惠苑_站点-东惠苑,东惠苑,东惠苑,快递,2025-04-23 19:36:26,,2,1.39,0,8.00,0.00,4.08,51% ,2,1915006826577842176,极兔快递,JT0016238605133,服饰,浙江省,
东惠苑_站点-东惠苑,东惠苑,东惠苑,快递,2025-04-23 19:34:05,,1,0.81,0,6.00,0.00,2.80,6-3.2,2,1915006231498379264,极兔快递,JT0016242739364,服饰,浙江省,
东惠苑_站点-东惠苑,东惠苑,东惠苑,快递,2025-04-23 19:25:43,,1,0.55,0,6.00,0.00,2.80,6-3.2,2,1915004128436604928,极兔快递,JT0016242776633,服饰,广东省,
东惠苑_站点-东惠苑,东惠苑,东惠苑,快递,2025-04-23 19:10:22,,1,0.2,0,6.00,0.00,2.80,6-3.2,2,1915000262924095488,极兔快递,JT0016242081453,服饰,广东省,
东惠苑_站点-东惠苑,东惠苑,东惠苑,快递,2025-04-23 19:08:56,,1,0.21,0,6.00,0.00,2.80,6-3.2,2,1914999903405133824,极兔快递,JT0016241812496,服饰,广东省,
东惠苑_站点-东惠苑,东惠苑,东惠苑,快递,2025-04-23 19:07:28,,1,0.2,0,6.00,0.00,2.80,6-3.2,2,1914999486919135232,极兔快递,JT0016243099523,服饰,江苏省,
东惠苑_站点-东惠苑,东惠苑,东惠苑,快递,2025-04-23 19:06:12,,1,0.2,0,6.00,0.00,2.80,6-3.2,2,1914999218529816576,极兔快递,JT0016238895352,服饰,江苏省,
东惠苑_站点-东惠苑,东惠苑,东惠苑,快递,2025-04-23 18:54:50,,1,0.44,0,6.00,0.00,2.80,6-3.2,2,1914996356793946112,极兔快递,JT0016241983896,服饰,山东省,
东惠苑_站点-东惠苑,东惠苑,东惠苑,快递,2025-04-23 18:49:00,,1,0.2,0,6.00,0.00,2.80,6-3.2,2,1914994888988872704,极兔快递,JT0016242171034,服饰,广东省,
东惠苑_站点-东惠苑,东惠苑,东惠苑,快递,2025-04-23 18:22:03,,1,0.2,0,6.00,0.00,2.80,6-3.2,2,1914988103812960256,极兔快递,JT0016240284258,服饰,浙江省,
东惠苑_站点-东惠苑,东惠苑,东惠苑,快递,2025-04-23 18:20:55,,1,0.22,0,6.00,0.00,2.80,6-3.2,2,1914987794575314944,极兔快递,JT0016241232600,服饰,浙江省,
东惠苑_站点-东惠苑,东惠苑,东惠苑,快递,2025-04-23 18:19:22,,1,0.44,0,6.00,0.00,2.80,6-3.2,2,1914987422880288768,极兔快递,JT0016237278608,服饰,浙江省,
东惠苑_站点-东惠苑,东惠苑,东惠苑,快递,2025-04-23 18:18:22,,1,0.35,0,6.00,0.00,2.80,6-3.2,2,1914987177194737664,极兔快递,JT0016233804743,服饰,浙江省,
东惠苑_站点-东惠苑,东惠苑,东惠苑,快递,2025-04-23 18:15:10,,1,0.37,0,6.00,0.00,2.80,6-3.2,2,1914986374040047616,极兔快递,JT0016241808749,服饰,浙江省,
东惠苑_站点-东惠苑,东惠苑,东惠苑,快递,2025-04-23 18:13:49,,1,0.2,0,6.00,0.00,2.80,6-3.2,2,1914986034532110336,极兔快递,JT0016240153130,服饰,广东省,
东惠苑_站点-东惠苑,东惠苑,东惠苑,快递,2025-04-23 17:55:14,,1,0.35,0,6.00,0.00,2.80,6-3.2,2,1914981356998152192,极兔快递,JT0016239834674,服饰,河南省,
东惠苑_站点-东惠苑,东惠苑,东惠苑,快递,2025-04-23 17:44:03,,5,4.26,0,15.00,3.00,7.50,50% ,2,1914978537058521088,极兔快递,JT0016241487036,生活用品,山东省,
东惠苑_站点-东惠苑,东惠苑,东惠苑,快递,2025-04-23 17:24:18,,1,0.5,0,6.00,0.00,2.80,6-3.2,2,1914973572848078848,极兔快递,JT0016240214139,服饰,浙江省,
东惠苑_站点-东惠苑,东惠苑,东惠苑,快递,2025-04-23 17:19:10,,1,0.2,0,6.00,0.00,2.80,6-3.2,2,1914972279983230976,极兔快递,JT0016238572351,文件,陕西省,
东惠苑_站点-东惠苑,东惠苑,东惠苑,快递,2025-04-23 16:39:17,,1,0.2,0,6.00,0.00,2.80,6-3.2,2,1914962243328331776,极兔快递,JT0016231695837,服饰,浙江省,
东惠苑_站点-东惠苑,东惠苑,东惠苑,快递,2025-04-23 16:23:56,,1,0.61,0,6.00,0.00,2.80,6-3.2,2,1914958383616544768,极兔快递,JT0016238185481,服饰,湖北省,
东惠苑_站点-东惠苑,东惠苑,东惠苑,快递,2025-04-23 16:22:26,,1,0.2,0,6.00,0.00,2.80,6-3.2,2,1914958003524521984,极兔快递,JT0016239369572,服饰,河南省,
东惠苑_站点-东惠苑,东惠苑,东惠苑,快递,2025-04-23 16:19:42,,1,0.49,0,6.00,0.00,2.80,6-3.2,2,1914957315398619136,极兔快递,JT0016230980594,服饰,河北省,
东惠苑_站点-东惠苑,东惠苑,东惠苑,快递,2025-04-23 14:39:18,,1,0.61,0,6.00,0.00,2.80,6-3.2,2,1914932041755840512,极兔快递,JT0016231311203,服饰,江苏省,
东惠苑_站点-东惠苑,东惠苑,东惠苑,快递,2025-04-23 14:31:41,,1,0.42,0,6.00,0.00,2.80,6-3.2,2,1914930131820793856,极兔快递,JT0016236526824,服饰,浙江省,
东惠苑_站点-东惠苑,东惠苑,东惠苑,快递,2025-04-23 14:22:12,,3,2.36,0,10.00,0.00,5.50,55% ,2,1914927743596679168,极兔快递,JT0016232818673,服饰,陕西省,
东惠苑_站点-东惠苑,东惠苑,东惠苑,快递,2025-04-23 13:54:46,,1,0.45,0,6.00,0.00,2.80,6-3.2,2,1914920842838331392,极兔快递,JT0016231363012,服饰,河南省,
东惠苑_站点-东惠苑,东惠苑,东惠苑,快递,2025-04-23 13:51:51,,1,0.35,0,6.00,0.00,2.80,6-3.2,2,1914920107811721216,极兔快递,JT0016232735130,服饰,浙江省,
东惠苑_站点-东惠苑,东惠苑,东惠苑,快递,2025-04-23 13:42:28,,1,0.2,0,6.00,0.00,2.80,6-3.2,2,1914917744606629888,极兔快递,JT0016234099340,服饰,广东省,
东惠苑_站点-东惠苑,东惠苑,东惠苑,快递,2025-04-23 13:33:31,2025-04-23 05:38:29,1,,,6.00,,0.00,,2,1914915376557117440,极兔快递,JT0016235021746,食品,河南省,已全额退款
东惠苑_站点-东惠苑,东惠苑,东惠苑,快递,2025-04-23 13:36:59,,2,1.9,0,8.00,0.00,4.08,51% ,2,1914916367713095680,极兔快递,JT0016233421320,食品,河南省,
东惠苑_站点-东惠苑,东惠苑,东惠苑,快递,2025-04-23 13:35:00,,1,0.2,0,6.00,0.00,2.80,6-3.2,2,1914915869119401984,极兔快递,JT0016233655349,服饰,广东省,
东惠苑_站点-东惠苑,东惠苑,东惠苑,快递,2025-04-23 13:22:13,,1,,,13.00,,0.00,0%,2,1914912652138565632,顺丰速运,SF3171104244308,服饰,陕西省,
东惠苑_站点-东惠苑,东惠苑,东惠苑,快递,2025-04-23 13:16:46,,1,0.38,0,6.00,0.00,2.80,6-3.2,2,1914911281213526016,极兔快递,JT0016233113597,服饰,广东省,
东惠苑_站点-东惠苑,东惠苑,东惠苑,快递,2025-04-23 13:05:33,,1,0.22,0,6.00,0.00,2.80,6-3.2,2,1914908454252630016,极兔快递,JT0016231797373,服饰,辽宁省,
东惠苑_站点-东惠苑,东惠苑,东惠苑,快递,2025-04-23 11:50:15,,1,0.28,0,6.00,0.00,2.80,6-3.2,2,1914889495910469632,极兔快递,JT0016233488441,服饰,广东省,
东惠苑_站点-东惠苑,东惠苑,东惠苑,快递,2025-04-23 11:48:59,,1,0.38,0,6.00,0.00,2.80,6-3.2,2,1914889188174385152,极兔快递,JT0016232880240,服饰,福建省,
东惠苑_站点-东惠苑,东惠苑,东惠苑,快递,2025-04-23 11:47:19,,1,0.33,0,6.00,0.00,2.80,6-3.2,2,1914888768798511104,极兔快递,JT0016225896956,服饰,福建省,
东惠苑_站点-东惠苑,东惠苑,东惠苑,快递,2025-04-23 11:46:08,,1,0.5,0,6.00,0.00,2.80,6-3.2,2,1914888471514632192,极兔快递,JT0016233756858,服饰,福建省,
东惠苑_站点-东惠苑,东惠苑,东惠苑,快递,2025-04-23 11:40:45,,1,0.2,0,6.00,0.00,2.80,6-3.2,2,1914887114867003392,极兔快递,JT0016229739869,服饰,广东省,
东惠苑_站点-东惠苑,东惠苑,东惠苑,快递,2025-04-23 11:20:59,,2,1.05,0,8.00,0.00,4.08,51% ,2,1914882116196159488,极兔快递,JT0016210096993,服饰,浙江省,
东惠苑_站点-东惠苑,东惠苑,东惠苑,快递,2025-04-23 11:11:39,,1,0.44,0,6.00,0.00,2.80,6-3.2,2,1914879746217267200,极兔快递,JT0016226335784,服饰,广东省,
东惠苑_站点-东惠苑,东惠苑,东惠苑,快递,2025-04-23 11:09:47,,1,0.2,0,6.00,0.00,2.80,6-3.2,2,1914879260890157056,极兔快递,JT0016232835262,服饰,浙江省,
东惠苑_站点-东惠苑,东惠苑,东惠苑,快递,2025-04-23 11:06:50,,1,0.2,0,6.00,0.00,2.80,6-3.2,2,1914878579613552640,极兔快递,JT0016233088489,服饰,江苏省,
东惠苑_站点-东惠苑,东惠苑,东惠苑,快递,2025-04-23 11:01:54,,1,0.47,0,6.00,0.00,2.80,6-3.2,2,1914877341555675136,极兔快递,JT0016224424844,服饰,湖北省,
东惠苑_站点-东惠苑,东惠苑,东惠苑,快递,2025-04-23 10:59:33,,1,0.34,0,6.00,0.00,2.80,6-3.2,2,1914876737429098496,极兔快递,JT0016232884402,服饰,广东省,
东惠苑_站点-东惠苑,东惠苑,东惠苑,快递,2025-04-23 10:19:00,,1,0.2,0,6.00,0.00,2.80,6-3.2,2,1914866539549347840,极兔快递,JT0016230577506,生活用品,河北省,
东惠苑_站点-东惠苑,东惠苑,东惠苑,快递,2025-04-23 10:16:46,,2,1.22,0,8.00,0.00,4.08,51% ,2,1914865980335378432,极兔快递,JT0016214946150,生活用品,河北省,
东惠苑_站点-东惠苑,东惠苑,东惠苑,快递,2025-04-23 09:51:34,,1,0.24,0,6.00,0.00,2.80,6-3.2,2,1914859641710235648,极兔快递,JT0016230800936,服饰,广东省,
东惠苑_站点-东惠苑,东惠苑,东惠苑,快递,2025-04-23 09:49:33,,1,0.54,0,6.00,0.00,2.80,6-3.2,2,1914859133142487040,极兔快递,JT0016231085276,服饰,湖南省,
东惠苑_站点-东惠苑,东惠苑,东惠苑,快递,2025-04-23 09:47:20,,1,0.34,0,6.00,0.00,2.80,6-3.2,2,1914858546996891648,极兔快递,JT0016230404270,服饰,广东省,
东惠苑_站点-东惠苑,东惠苑,东惠苑,快递,2025-04-23 08:17:26,,1,0.55,0,6.00,0.00,2.80,6-3.2,2,1914835943833915392,极兔快递,JT0016222387559,服饰,广西壮族自治区,
东惠苑_站点-东惠苑,东惠苑,东惠苑,快递,2025-04-23 08:06:05,,1,0.39,0,6.00,0.00,2.80,6-3.2,2,1914833076435734528,极兔快递,JT0016227580843,服饰,浙江省,
东惠苑_站点-东惠苑,东惠苑,东惠苑,快递,2025-04-22 19:32:49,,3,2.65,0,10.00,0.00,5.50,55% ,2,1914643526971215872,极兔快递,JT0016225115901,食品,福建省,
东惠苑_站点-东惠苑,东惠苑,东惠苑,快递,2025-04-22 19:31:17,,1,0.4,0,6.00,0.00,2.80,6-3.2,2,1914643139165868032,极兔快递,JT0016225615689,服饰,江苏省,
东惠苑_站点-东惠苑,东惠苑,东惠苑,快递,2025-04-22 19:29:01,,1,0.54,0,6.00,0.00,2.80,6-3.2,2,1914642572678975488,极兔快递,JT0016216925265,服饰,广东省,
东惠苑_站点-东惠苑,东惠苑,东惠苑,快递,2025-04-22 18:57:25,,1,0.55,0,6.00,0.00,2.80,6-3.2,2,1914634620106625024,极兔快递,JT0016218580732,生活用品,河南省,
东惠苑_站点-东惠苑,东惠苑,东惠苑,快递,2025-04-22 18:48:54,,1,0.61,0,6.00,0.00,2.80,6-3.2,2,1914632472996270080,极兔快递,JT0016225911479,服饰,福建省,
东惠苑_站点-东惠苑,东惠苑,东惠苑,快递,2025-04-22 18:44:38,,1,0.2,0,6.00,0.00,2.80,6-3.2,2,1914631400164610048,极兔快递,JT0016225790242,服饰,广东省,
东惠苑_站点-东惠苑,东惠苑,东惠苑,快递,2025-04-22 18:38:24,,1,0.47,0,6.00,0.00,2.80,6-3.2,2,1914629831004180480,极兔快递,JT0016224657986,服饰,河北省,
东惠苑_站点-东惠苑,东惠苑,东惠苑,快递,2025-04-22 18:34:31,,1,0.2,0,6.00,0.00,2.80,6-3.2,2,1914628854922530816,极兔快递,JT0016219845218,食品,江苏省,
东惠苑_站点-东惠苑,东惠苑,东惠苑,快递,2025-04-22 17:13:29,,2,1.31,0,8.00,0.00,4.08,51% ,2,1914608462107430912,极兔快递,JT0016223029476,服饰,河南省,
东惠苑_站点-东惠苑,东惠苑,东惠苑,快递,2025-04-22 17:11:54,,1,0.87,0,6.00,0.00,2.80,6-3.2,2,1914608062159572992,极兔快递,JT0016223493231,服饰,广东省,
东惠苑_站点-东惠苑,东惠苑,东惠苑,快递,2025-04-22 16:38:44,,1,0.2,0,6.00,0.00,2.80,6-3.2,2,1914599715704328192,极兔快递,JT0016215131685,服饰,浙江省,
东惠苑_站点-东惠苑,东惠苑,东惠苑,快递,2025-04-22 16:35:16,,1,0.68,0,6.00,0.00,2.80,6-3.2,2,1914598845331722240,极兔快递,JT0016220506500,服饰,广东省,
东惠苑_站点-东惠苑,东惠苑,东惠苑,快递,2025-04-22 16:28:02,,1,0.23,0,6.00,0.00,2.80,6-3.2,2,1914597005907120128,极兔快递,JT0016222356941,服饰,广东省,
东惠苑_站点-东惠苑,东惠苑,东惠苑,快递,2025-04-22 16:26:54,,1,0.6,0,6.00,0.00,2.80,6-3.2,2,1914596695918694400,极兔快递,JT0016208153746,服饰,浙江省,
东惠苑_站点-东惠苑,东惠苑,东惠苑,快递,2025-04-22 16:25:22,,1,0.5,0,6.00,0.00,2.80,6-3.2,2,1914596320532680704,极兔快递,JT0016220419226,服饰,广东省,
东惠苑_站点-东惠苑,东惠苑,东惠苑,快递,2025-04-22 16:05:20,,1,0.2,0,6.00,0.00,2.80,6-3.2,2,1914591311782924288,极兔快递,JT0016222970137,服饰,湖北省,
东惠苑_站点-东惠苑,东惠苑,东惠苑,快递,2025-04-22 16:03:28,,1,0.81,0,6.00,0.00,2.80,6-3.2,2,1914590827504390144,极兔快递,JT0016220685425,服饰,广东省,
东惠苑_站点-东惠苑,东惠苑,东惠苑,快递,2025-04-22 15:43:25,,1,0.22,0,6.00,0.00,2.80,6-3.2,2,1914585773774917632,极兔快递,JT0016220058875,服饰,浙江省,
东惠苑_站点-东惠苑,东惠苑,东惠苑,快递,2025-04-22 14:59:22,,1,0.31,0,6.00,0.00,2.80,6-3.2,2,1914574710060797952,极兔快递,JT0016218211976,服饰,广东省,
东惠苑_站点-东惠苑,东惠苑,东惠苑,快递,2025-04-22 14:36:44,,1,0.68,0,6.00,0.00,2.80,6-3.2,2,1914569016108568576,极兔快递,JT0016220960658,服饰,广东省,
东惠苑_站点-东惠苑,东惠苑,东惠苑,快递,2025-04-22 12:13:48,,1,0.6,0,6.00,0.00,2.52,42% ,2,1914533044729860096,韵达快递,312719964346520,服饰,浙江省,
东惠苑_站点-东惠苑,东惠苑,东惠苑,快递,2025-04-22 11:08:17,,3,2.71,0,10.00,0.00,5.50,55% ,2,1914516557973606400,极兔快递,JT0016215990028,食品,陕西省,
东惠苑_站点-东惠苑,东惠苑,东惠苑,快递,2025-04-22 10:33:20,,1,0.4,0,6.00,0.00,2.52,42% ,2,1914507758625804288,韵达快递,312719671562440,生活用品,安徽省,
东惠苑_站点-东惠苑,东惠苑,东惠苑,快递,2025-04-22 10:17:10,,1,0.23,0,6.00,0.00,2.52,42% ,2,1914503694928236544,韵达快递,312719650856344,生活用品,湖北省,
东惠苑_站点-东惠苑,东惠苑,东惠苑,快递,2025-04-22 09:24:07,,1,0.51,0,6.00,0.00,2.52,42% ,2,1914490342126571520,韵达快递,312719616325169,服饰,广东省,
东惠苑_站点-东惠苑,东惠苑,东惠苑,快递,2025-04-22 09:13:20,,1,0.11,0,6.00,0.00,2.52,42% ,2,1914487630093799424,韵达快递,312719603611024,服饰,辽宁省,
东惠苑_站点-东惠苑,东惠苑,东惠苑,快递,2025-04-22 08:57:57,,1,0.54,0,6.00,0.00,2.52,42% ,2,1914483747497889792,韵达快递,312719593510478,服饰,河南省,
东惠苑_站点-东惠苑,东惠苑,东惠苑,快递,2025-04-22 08:49:06,,1,0.29,0,6.00,0.00,2.80,6-3.2,2,1914481530837585920,极兔快递,JT0016208131196,服饰,浙江省,
东惠苑_站点-东惠苑,东惠苑,东惠苑,快递,2025-04-22 08:41:14,,1,0.6,0,6.00,0.00,2.52,42% ,2,1914479549737783296,韵达快递,312719584998933,生活用品,福建省,
东惠苑_站点-东惠苑,东惠苑,东惠苑,快递,2025-04-22 08:29:27,,1,0.55,0,6.00,0.00,2.80,6-3.2,2,1914476581412065280,极兔快递,JT0016207363734,服饰,广东省,
东惠苑_站点-东惠苑,东惠苑,东惠苑,快递,2025-04-21 20:24:46,,1,0.2,0,6.00,0.00,2.80,6-3.2,2,1914294209370574848,极兔快递,JT0016200255254,服饰,陕西省,
东惠苑_站点-东惠苑,东惠苑,东惠苑,快递,2025-04-21 20:15:08,,1,0.34,0,7.00,0.00,2.80,6-3.2,2,1914291789068423168,极兔快递,JT0016208633516,生活用品,上海市,
东惠苑_站点-东惠苑,东惠苑,东惠苑,快递,2025-04-21 19:50:41,,1,0.26,0,6.00,0.00,2.52,42% ,2,1914285629196128256,韵达快递,312719359458722,服饰,河南省,
东惠苑_站点-东惠苑,东惠苑,东惠苑,快递,2025-04-21 19:41:17,,1,1.03,-1,6.00,0.00,2.52,42% ,2,1914283272009863168,韵达快递,312719354299845,服饰,河北省,
东惠苑_站点-东惠苑,东惠苑,东惠苑,快递,2025-04-21 19:38:35,,1,0.95,0,6.00,0.00,2.80,6-3.2,2,1914282590599041024,极兔快递,JT0016207853205,生活用品,广东省,
东惠苑_站点-东惠苑,东惠苑,东惠苑,干洗,2025-04-21 17:42:49,,,,,19.80,,5.94,30%,,1914253446490279936,干洗,,"磨砂鞋   *   1",,
东惠苑_站点-东惠苑,东惠苑,东惠苑,快递,2025-04-21 17:40:07,,1,0.2,0,6.00,0.00,2.52,42% ,2,1914252776404078592,韵达快递,312719251069781,服饰,广东省,
东惠苑_站点-东惠苑,东惠苑,东惠苑,快递,2025-04-21 17:22:32,,1,0.4,0,6.00,0.00,2.80,6-3.2,2,1914248348704645120,极兔快递,JT0016191950101,服饰,陕西省,
东惠苑_站点-东惠苑,东惠苑,东惠苑,快递,2025-04-21 17:01:30,,1,0.72,0,6.00,0.00,2.80,6-3.2,2,1914243042213830656,极兔快递,JT0016200087913,服饰,江苏省,
东惠苑_站点-东惠苑,东惠苑,东惠苑,快递,2025-04-21 16:52:54,,1,0.44,0,6.00,0.00,2.80,6-3.2,2,1914240883569139712,极兔快递,JT0016197612947,服饰,吉林省,
东惠苑_站点-东惠苑,东惠苑,东惠苑,快递,2025-04-21 15:17:10,,1,0.23,0,6.00,0.00,2.80,6-3.2,2,1914216800072704000,极兔快递,JT0016201474938,服饰,浙江省,
东惠苑_站点-东惠苑,东惠苑,东惠苑,快递,2025-04-21 14:21:57,,1,0.79,0,6.00,0.00,2.80,6-3.2,2,1914202905316630528,极兔快递,JT0016202854259,生活用品,河北省,
东惠苑_站点-东惠苑,东惠苑,东惠苑,快递,2025-04-21 14:17:00,,1,0.21,0,6.00,0.00,2.80,6-3.2,2,1914201627786158080,极兔快递,JT0016197633382,服饰,江苏省,
东惠苑_站点-东惠苑,东惠苑,东惠苑,快递,2025-04-21 14:15:45,,1,0.47,0,6.00,0.00,2.80,6-3.2,2,1914201347459850240,极兔快递,JT0016203001194,服饰,河北省,
东惠苑_站点-东惠苑,东惠苑,东惠苑,快递,2025-04-21 14:12:55,,1,0.94,0,6.00,0.00,2.80,6-3.2,2,1914200634684022784,极兔快递,JT0016202483157,服饰,陕西省,
东惠苑_站点-东惠苑,东惠苑,东惠苑,快递,2025-04-21 14:09:46,,1,0.39,0,6.00,0.00,2.80,6-3.2,2,1914199838902919168,极兔快递,JT0016197098567,服饰,浙江省,
东惠苑_站点-东惠苑,东惠苑,东惠苑,快递,2025-04-21 13:46:58,,2,1.29,0,8.00,0.00,4.08,51% ,2,1914194106212098048,极兔快递,JT0016198508235,生活用品,陕西省,
东惠苑_站点-东惠苑,东惠苑,东惠苑,快递,2025-04-21 13:32:11,,1,0.79,0,6.00,0.00,2.80,6-3.2,2,1914190381502373888,极兔快递,JT0016201176756,服饰,河南省,
东惠苑_站点-东惠苑,东惠苑,东惠苑,快递,2025-04-21 13:04:21,,1,0.63,0,6.00,0.00,2.80,6-3.2,2,1914183376364576768,极兔快递,JT0016200674097,服饰,广西壮族自治区,
东惠苑_站点-东惠苑,东惠苑,东惠苑,快递,2025-04-21 13:02:49,,1,0.25,0,6.00,0.00,2.80,6-3.2,2,1914182994599026688,极兔快递,JT0016199550099,服饰,广东省,
东惠苑_站点-东惠苑,东惠苑,东惠苑,快递,2025-04-21 13:00:51,,1,0.31,0,6.00,0.00,2.80,6-3.2,2,1914182498240897024,极兔快递,JT0016198836160,服饰,广东省,
东惠苑_站点-东惠苑,东惠苑,东惠苑,快递,2025-04-21 12:59:12,,1,0.89,0,6.00,0.00,2.80,6-3.2,2,1914182074242899968,极兔快递,JT0016194951605,服饰,广东省,
东惠苑_站点-东惠苑,东惠苑,东惠苑,快递,2025-04-21 12:57:24,,1,0.5,0,6.00,0.00,2.80,6-3.2,2,1914181629717979136,极兔快递,JT0016200508242,服饰,广东省,
东惠苑_站点-东惠苑,东惠苑,东惠苑,快递,2025-04-21 12:51:33,,1,0.24,0,7.00,0.00,2.80,6-3.2,2,1914180159220162560,极兔快递,JT0016200424388,服饰,上海市,
东惠苑_站点-东惠苑,东惠苑,东惠苑,快递,2025-04-21 12:17:44,,5,5.6,-1,15.00,4.50,7.50,50% ,2,1914171643038212096,极兔快递,JT0016196880683,生活用品,河南省,
东惠苑_站点-东惠苑,东惠苑,东惠苑,快递,2025-04-21 12:16:28,2025-04-21 04:17:19,4,,,12.00,,0.00,,2,1914171326687027200,极兔快递,JT0016200310437,生活用品,河南省,已全额退款
东惠苑_站点-东惠苑,东惠苑,东惠苑,快递,2025-04-21 12:13:33,,2,1.37,0,8.00,0.00,4.08,51% ,2,1914170590842527744,极兔快递,JT0016193864026,生活用品,广东省,
东惠苑_站点-东惠苑,东惠苑,东惠苑,快递,2025-04-21 11:13:06,,1,0.33,0,6.00,0.00,2.80,6-3.2,2,1914155381927124992,极兔快递,JT0016191761619,服饰,广东省,
东惠苑_站点-东惠苑,东惠苑,东惠苑,快递,2025-04-21 11:09:33,,1,0.2,0,6.00,0.00,2.80,6-3.2,2,1914154454990135296,极兔快递,JT0016193536657,服饰,黑龙江省,
东惠苑_站点-东惠苑,东惠苑,东惠苑,快递,2025-04-21 10:16:15,,1,0.38,0,6.00,0.00,2.80,6-3.2,2,1914141043090726912,极兔快递,JT0016195480410,生活用品,天津市,
东惠苑_站点-东惠苑,东惠苑,东惠苑,快递,2025-04-21 09:54:11,,2,1.17,0,8.00,0.00,4.08,51% ,2,1914135522254200832,极兔快递,JT0016194777753,服饰,安徽省,
东惠苑_站点-东惠苑,东惠苑,东惠苑,快递,2025-04-21 09:44:20,2025-04-21 01:53:35,1,,,6.00,,0.00,,2,1914133029864546304,极兔快递,JT0016196724639,服饰,安徽省,已全额退款
东惠苑_站点-东惠苑,东惠苑,东惠苑,快递,2025-04-21 09:51:17,,4,3.75,0,12.00,1.50,6.00,50% ,2,1914134791338008576,极兔快递,JT0016191772081,服饰,浙江省,
东惠苑_站点-东惠苑,东惠苑,东惠苑,快递,2025-04-21 09:42:21,,1,0.38,0,6.00,0.00,2.80,6-3.2,2,1914132525017145344,极兔快递,JT0016196609816,服饰,安徽省,
东惠苑_站点-东惠苑,东惠苑,东惠苑,快递,2025-04-21 09:40:05,,1,0.49,0,6.00,0.00,2.80,6-3.2,2,1914131973310980096,极兔快递,JT0016194566205,服饰,安徽省,
东惠苑_站点-东惠苑,东惠苑,东惠苑,快递,2025-04-21 09:38:32,,1,0.28,0,6.00,0.00,2.80,6-3.2,2,1914131581114195968,极兔快递,JT0016196709132,服饰,湖北省,
东惠苑_站点-东惠苑,东惠苑,东惠苑,快递,2025-04-21 09:36:18,,1,0.88,0,6.00,0.00,2.80,6-3.2,2,1914131020058927104,极兔快递,JT0016187684936,服饰,河南省,
东惠苑_站点-东惠苑,东惠苑,东惠苑,快递,2025-04-21 09:34:47,,1,0.52,0,6.00,0.00,2.80,6-3.2,2,1914130639128043520,极兔快递,JT0016196040593,服饰,广东省,
东惠苑_站点-东惠苑,东惠苑,东惠苑,快递,2025-04-21 09:20:04,,1,0.58,0,6.00,0.00,2.80,6-3.2,2,1914126937398910976,极兔快递,JT0016194292938,生活用品,河北省,
东惠苑_站点-东惠苑,东惠苑,东惠苑,快递,2025-04-21 09:17:00,,1,0.2,0,6.00,0.00,2.80,6-3.2,2,1914126158520852480,极兔快递,JT0016192411639,服饰,福建省,
东惠苑_站点-东惠苑,东惠苑,东惠苑,快递,2025-04-21 09:15:13,,1,0.28,0,6.00,0.00,2.80,6-3.2,2,1914125618718121984,极兔快递,JT0016186769672,服饰,江苏省,
东惠苑_站点-东惠苑,东惠苑,东惠苑,快递,2025-04-21 09:13:29,,1,0.2,0,6.00,0.00,2.80,6-3.2,2,1914125279247933440,极兔快递,JT0016195300218,服饰,福建省,
东惠苑_站点-东惠苑,东惠苑,东惠苑,快递,2025-04-21 08:33:37,,1,0.2,0,6.00,0.00,2.80,6-3.2,2,1914115244828598272,极兔快递,JT0016193673186,服饰,广东省,
东惠苑_站点-东惠苑,东惠苑,东惠苑,快递,2025-04-21 08:30:50,,1,0.2,0,6.00,0.00,2.80,6-3.2,2,1914114544476299264,极兔快递,JT0016193057542,服饰,河南省,
东惠苑_站点-东惠苑,东惠苑,东惠苑,快递,2025-04-21 08:25:39,,1,0.25,0,6.00,0.00,2.80,6-3.2,2,1914113237317263360,极兔快递,JT0016194899407,服饰,浙江省,
东惠苑_站点-东惠苑,东惠苑,东惠苑,快递,2025-04-21 08:23:18,,1,0.2,0,6.00,0.00,2.80,6-3.2,2,1914112647635869696,极兔快递,JT0016195118791,服饰,广东省,
东惠苑_站点-东惠苑,东惠苑,东惠苑,快递,2025-04-20 19:43:20,,1,0.2,0,6.00,0.00,2.80,6-3.2,2,1913921397456576512,极兔快递,JT0016190460029,服饰,浙江省,
东惠苑_站点-东惠苑,东惠苑,东惠苑,快递,2025-04-20 19:32:02,,1,0.53,0,6.00,0.00,2.80,6-3.2,2,1913918554527965184,极兔快递,JT0016192095909,服饰,广东省,
东惠苑_站点-东惠苑,东惠苑,东惠苑,快递,2025-04-20 19:30:39,,1,0.2,0,6.00,0.00,2.80,6-3.2,2,1913918205301825536,极兔快递,JT0016192336960,服饰,浙江省,
东惠苑_站点-东惠苑,东惠苑,东惠苑,快递,2025-04-20 19:28:11,,1,0.44,0,6.00,0.00,2.80,6-3.2,2,1913917577716506624,极兔快递,JT0016188423488,服饰,广东省,
东惠苑_站点-东惠苑,东惠苑,东惠苑,快递,2025-04-20 19:26:52,,1,0.2,0,6.00,0.00,2.80,6-3.2,2,1913917252544700416,极兔快递,JT0016185551810,服饰,浙江省,
东惠苑_站点-东惠苑,东惠苑,东惠苑,快递,2025-04-20 19:20:27,,1,0.33,0,6.00,0.00,2.80,6-3.2,2,1913915625733562368,极兔快递,JT0016192414736,服饰,广东省,
东惠苑_站点-东惠苑,东惠苑,东惠苑,快递,2025-04-20 18:40:55,,1,0.61,0,6.00,0.00,2.80,6-3.2,2,1913905672146853888,极兔快递,JT0016187309469,服饰,河南省,
东惠苑_站点-东惠苑,东惠苑,东惠苑,快递,2025-04-20 18:23:32,,1,0.2,0,6.00,0.00,2.80,6-3.2,2,1913901316085325824,极兔快递,JT0016191942586,服饰,浙江省,
东惠苑_站点-东惠苑,东惠苑,东惠苑,快递,2025-04-20 18:11:40,,1,0.73,0,6.00,0.00,2.80,6-3.2,2,1913898259033300992,极兔快递,JT0016187310381,服饰,河北省,
东惠苑_站点-东惠苑,东惠苑,东惠苑,快递,2025-04-20 17:47:58,,1,0.33,0,6.00,0.00,2.80,6-3.2,2,1913892362559102976,极兔快递,JT0016190553479,服饰,江苏省,
东惠苑_站点-东惠苑,东惠苑,东惠苑,快递,2025-04-20 17:27:31,,1,0.32,0,6.00,0.00,2.80,6-3.2,2,1913887216093569024,极兔快递,JT0016184140269,服饰,河南省,
东惠苑_站点-东惠苑,东惠苑,东惠苑,干洗,2025-04-20 17:12:47,,,,,24.50,,7.35,30%,,1913883507192176640,干洗,,"清洗普通羽绒服2件不分长短49元   *   1",,
东惠苑_站点-东惠苑,东惠苑,东惠苑,快递,2025-04-20 17:00:11,,1,0.36,0,6.00,0.00,2.52,42% ,2,1913880341197299712,韵达快递,312717793624149,服饰,广东省,
东惠苑_站点-东惠苑,东惠苑,东惠苑,快递,2025-04-20 16:59:05,,2,1.61,0,8.00,0.00,4.08,51% ,2,1913880059893719040,极兔快递,JT0016184942003,服饰,浙江省,
东惠苑_站点-东惠苑,东惠苑,东惠苑,快递,2025-04-20 16:31:23,,1,1.11,-1,6.00,0.00,2.80,6-3.2,2,1913873090390728704,极兔快递,JT0016182906883,服饰,江苏省,
东惠苑_站点-东惠苑,东惠苑,东惠苑,快递,2025-04-20 15:29:17,,1,0.42,0,6.00,0.00,2.80,6-3.2,2,1913857463106084864,极兔快递,JT0016187514807,服饰,宁夏回族自治区,
东惠苑_站点-东惠苑,东惠苑,东惠苑,快递,2025-04-20 14:17:52,,1,0.61,0,6.00,0.00,2.80,6-3.2,2,1913839482649124864,极兔快递,JT0016186475275,服饰,浙江省,
东惠苑_站点-东惠苑,东惠苑,东惠苑,快递,2025-04-20 13:44:47,,1,0.48,0,6.00,0.00,2.80,6-3.2,2,1913831149309468672,极兔快递,JT0016184566049,服饰,浙江省,
东惠苑_站点-东惠苑,东惠苑,东惠苑,快递,2025-04-20 13:42:33,,1,1.02,-1,6.00,0.00,2.80,6-3.2,2,1913830604783951872,极兔快递,JT0016177808782,服饰,江苏省,
东惠苑_站点-东惠苑,东惠苑,东惠苑,干洗,2025-04-20 13:41:14,,,,,18.00,,5.40,30%,,1913830270015578112,干洗,,"羽绒马甲_儿童羽绒服   *   1",,
东惠苑_站点-东惠苑,东惠苑,东惠苑,干洗,2025-04-20 13:38:59,,,,,24.50,,7.35,30%,,1913829705827164160,干洗,,"清洗普通羽绒服2件不分长短49元   *   1",,
东惠苑_站点-东惠苑,东惠苑,东惠苑,快递,2025-04-20 10:42:13,,1,0.51,0,6.00,0.00,2.80,6-3.2,2,1913785217507336192,极兔快递,JT0016182299125,服饰,河南省,
东惠苑_站点-东惠苑,东惠苑,东惠苑,快递,2025-04-20 09:37:29,,2,1.46,0,8.00,0.00,4.08,51% ,2,1913768928638345216,极兔快递,JT0016177335622,服饰,浙江省,
东惠苑_站点-东惠苑,东惠苑,东惠苑,快递,2025-04-19 20:01:30,,1,0.23,0,6.00,0.00,2.80,6-3.2,2,1913563581696909312,极兔快递,JT0016165574103,服饰,黑龙江省,
东惠苑_站点-东惠苑,东惠苑,东惠苑,快递,2025-04-19 19:40:11,,1,0.23,0,6.00,0.00,2.80,6-3.2,2,1913558215890247680,极兔快递,JT0016174529314,服饰,江苏省,
东惠苑_站点-东惠苑,东惠苑,东惠苑,快递,2025-04-19 19:33:34,,1,0.74,0,6.00,0.00,2.80,6-3.2,2,1913556552576081920,极兔快递,JT0016173884312,服饰,福建省,
东惠苑_站点-东惠苑,东惠苑,东惠苑,快递,2025-04-19 19:00:31,,1,0.2,0,6.00,0.00,2.80,6-3.2,2,1913548234398834688,极兔快递,JT0016175013208,服饰,浙江省,
东惠苑_站点-东惠苑,东惠苑,东惠苑,快递,2025-04-19 18:58:44,,1,0.2,0,6.00,0.00,2.80,6-3.2,2,1913547787030175744,极兔快递,JT0016175211558,服饰,广东省,
东惠苑_站点-东惠苑,东惠苑,东惠苑,快递,2025-04-19 18:50:43,,1,0.75,0,6.00,0.00,2.80,6-3.2,2,1913545765488893952,极兔快递,JT0016171874199,服饰,河北省,
东惠苑_站点-东惠苑,东惠苑,东惠苑,快递,2025-04-19 18:48:10,,11,10.24,0,33.00,10.00,16.50,50% ,2,1913545128206344192,韵达快递,312716691771081,食品,江苏省,
东惠苑_站点-东惠苑,东惠苑,东惠苑,快递,2025-04-19 18:21:15,,1,0.2,0,6.00,0.00,2.80,6-3.2,2,1913538350773116928,极兔快递,JT0016176152646,服饰,河北省,
东惠苑_站点-东惠苑,东惠苑,东惠苑,快递,2025-04-19 17:46:40,,1,0.2,0,6.00,0.00,2.80,6-3.2,2,1913529646069784576,极兔快递,JT0016170297733,服饰,辽宁省,
东惠苑_站点-东惠苑,东惠苑,东惠苑,快递,2025-04-19 17:41:29,,1,0.4,0,6.00,0.00,2.80,6-3.2,2,1913528343671283712,极兔快递,JT0016174293443,服饰,广东省,
东惠苑_站点-东惠苑,东惠苑,东惠苑,快递,2025-04-19 16:24:10,,2,1.75,0,8.00,0.00,4.08,51% ,2,1913508887540736000,极兔快递,JT0016174810264,服饰,陕西省,
东惠苑_站点-东惠苑,东惠苑,东惠苑,快递,2025-04-19 16:06:06,,1,0.39,0,6.00,0.00,2.80,6-3.2,2,1913504334393057280,极兔快递,JT0016170145658,服饰,广东省,
东惠苑_站点-东惠苑,东惠苑,东惠苑,快递,2025-04-19 15:52:31,,1,0.54,0,7.00,0.00,2.80,6-3.2,2,1913500921991208960,极兔快递,JT0016173382142,服饰,上海市,
东惠苑_站点-东惠苑,东惠苑,东惠苑,快递,2025-04-19 15:29:06,,1,0.2,0,6.00,0.00,2.80,6-3.2,2,1913495009247305728,极兔快递,JT0016171578715,服饰,广东省,
东惠苑_站点-东惠苑,东惠苑,东惠苑,快递,2025-04-19 13:27:29,,5,4.84,0,15.00,3.00,7.50,50% ,2,1913464420955791360,极兔快递,JT0016169765921,服饰,安徽省,
东惠苑_站点-东惠苑,东惠苑,东惠苑,快递,2025-04-19 12:21:46,,1,0.31,0,6.00,0.00,2.80,6-3.2,2,1913447886426415104,极兔快递,JT0016169754893,服饰,广东省,
东惠苑_站点-东惠苑,东惠苑,东惠苑,快递,2025-04-19 11:25:49,,1,0.83,0,6.00,0.00,2.80,6-3.2,2,1913433797742501888,极兔快递,JT0016168735267,服饰,广东省,
东惠苑_站点-东惠苑,东惠苑,东惠苑,快递,2025-04-19 10:29:43,,1,0.61,0,6.00,0.00,2.80,6-3.2,2,1913419683938902016,极兔快递,JT0016166411267,服饰,湖北省,
东惠苑_站点-东惠苑,东惠苑,东惠苑,快递,2025-04-18 19:43:30,2025-04-18 11:53:42,1,,,6.00,,0.00,,2,1913196663618084864,极兔快递,JT0016157557092,服饰,江苏省,已全额退款
东惠苑_站点-东惠苑,东惠苑,东惠苑,快递,2025-04-18 19:51:02,,2,1.08,0,8.00,0.00,4.08,51% ,2,1913198559720316928,极兔快递,JT0016147753022,生活用品,江苏省,
东惠苑_站点-东惠苑,东惠苑,东惠苑,快递,2025-04-18 19:47:18,,1,0.38,0,6.00,0.00,2.80,6-3.2,2,1913197621051858944,极兔快递,JT0016153458025,服饰,湖北省,
东惠苑_站点-东惠苑,东惠苑,东惠苑,快递,2025-04-18 19:45:26,,2,1.13,0,8.00,0.00,4.08,51% ,2,1913197149016498176,极兔快递,JT0016162097357,服饰,河北省,
东惠苑_站点-东惠苑,东惠苑,东惠苑,快递,2025-04-18 18:56:52,,1,0.37,0,6.00,0.00,2.80,6-3.2,2,1913184926965637120,极兔快递,JT0016161688904,生活用品,陕西省,
东惠苑_站点-东惠苑,东惠苑,东惠苑,快递,2025-04-18 18:53:32,,1,0.47,0,6.00,0.00,2.80,6-3.2,2,1913184088725594112,极兔快递,JT0016159409535,服饰,浙江省,
东惠苑_站点-东惠苑,东惠苑,东惠苑,快递,2025-04-18 18:49:44,,1,0.33,0,6.00,0.00,2.80,6-3.2,2,1913183129710567424,极兔快递,JT0016161086752,服饰,浙江省,
东惠苑_站点-东惠苑,东惠苑,东惠苑,快递,2025-04-18 18:44:47,,1,0.25,0,6.00,0.00,2.80,6-3.2,2,1913181883394105344,极兔快递,JT0016161300696,服饰,河南省,
东惠苑_站点-东惠苑,东惠苑,东惠苑,快递,2025-04-18 18:21:35,,1,0.2,0,6.00,0.00,2.80,6-3.2,2,1913176049746386944,极兔快递,JT0016153098401,服饰,陕西省,
东惠苑_站点-东惠苑,东惠苑,东惠苑,快递,2025-04-18 18:19:39,,1,0.42,0,6.00,0.00,2.80,6-3.2,2,1913175561571344384,极兔快递,JT0016160356762,服饰,浙江省,
东惠苑_站点-东惠苑,东惠苑,东惠苑,快递,2025-04-18 18:14:33,,1,0.25,0,6.00,0.00,2.80,6-3.2,2,1913174278277898240,极兔快递,JT0016160318338,服饰,广东省,
东惠苑_站点-东惠苑,东惠苑,东惠苑,快递,2025-04-18 17:45:10,,1,0.58,0,6.00,0.00,2.80,6-3.2,2,1913166887104749568,极兔快递,JT0016156299481,服饰,河北省,
东惠苑_站点-东惠苑,东惠苑,东惠苑,快递,2025-04-18 17:42:31,,1,0.2,0,6.00,0.00,2.80,6-3.2,2,1913166218201341952,极兔快递,JT0016161071156,服饰,广东省,
东惠苑_站点-东惠苑,东惠苑,东惠苑,快递,2025-04-18 17:40:26,,1,0.2,0,6.00,0.00,2.80,6-3.2,2,1913165694827700224,极兔快递,JT0016156427878,服饰,江苏省,
东惠苑_站点-东惠苑,东惠苑,东惠苑,快递,2025-04-18 17:38:15,,1,0.58,0,6.00,0.00,2.80,6-3.2,2,1913165122116460544,极兔快递,JT0016159542696,服饰,河北省,
东惠苑_站点-东惠苑,东惠苑,东惠苑,干洗,2025-04-18 17:15:55,,,,,29.50,,8.85,30%,,1913159452919013376,干洗,,"清洗毛呢2件59元   *   1",,
东惠苑_站点-东惠苑,东惠苑,东惠苑,快递,2025-04-18 16:15:09,,1,0.33,0,6.00,0.00,2.80,6-3.2,2,1913144214966444032,极兔快递,JT0016159065039,服饰,江苏省,
东惠苑_站点-东惠苑,东惠苑,东惠苑,快递,2025-04-18 15:35:50,,1,0.47,0,6.00,0.00,2.80,6-3.2,2,1913134328354381824,极兔快递,JT0016154281838,服饰,山东省,
东惠苑_站点-东惠苑,东惠苑,东惠苑,快递,2025-04-18 15:34:59,,1,0.31,0,6.00,0.00,2.80,6-3.2,2,1913134123697512448,极兔快递,JT0016156721332,服饰,广东省,
东惠苑_站点-东惠苑,东惠苑,东惠苑,快递,2025-04-18 15:05:22,,1,0.2,0,6.00,0.00,2.80,6-3.2,2,1913126672466124800,极兔快递,JT0016155899380,服饰,湖北省,
东惠苑_站点-东惠苑,东惠苑,东惠苑,快递,2025-04-18 14:46:39,,1,0.2,0,6.00,0.00,2.80,6-3.2,2,1913121959351885824,极兔快递,JT0016154336576,生活用品,河北省,
东惠苑_站点-东惠苑,东惠苑,东惠苑,快递,2025-04-18 14:26:59,,1,0.5,0,6.00,0.00,2.80,6-3.2,2,1913117005438459904,极兔快递,JT0016155445005,食品,重庆市,
东惠苑_站点-东惠苑,东惠苑,东惠苑,快递,2025-04-18 13:55:02,,1,0.69,0,6.00,0.00,2.80,6-3.2,2,1913108971135901696,极兔快递,JT0016154749158,服饰,河南省,
东惠苑_站点-东惠苑,东惠苑,东惠苑,快递,2025-04-18 13:49:58,,1,0.24,0,6.00,0.00,2.80,6-3.2,2,1913107633257783296,极兔快递,JT0016153565701,生活用品,河北省,
东惠苑_站点-东惠苑,东惠苑,东惠苑,干洗,2025-04-18 13:43:03,,,,,24.50,,7.35,30%,,1913105953816518656,干洗,,"清洗普通羽绒服2件不分长短49元   *   1",,
东惠苑_站点-东惠苑,东惠苑,东惠苑,干洗,2025-04-18 13:39:40,,,,,24.50,,7.35,30%,,1913105100216934400,干洗,,"清洗普通羽绒服2件不分长短49元   *   1",,
东惠苑_站点-东惠苑,东惠苑,东惠苑,快递,2025-04-18 13:34:52,,1,0.51,0,6.00,0.00,2.80,6-3.2,2,1913103876432273408,极兔快递,JT0016155100176,生活用品,浙江省,
东惠苑_站点-东惠苑,东惠苑,东惠苑,快递,2025-04-18 13:32:38,,1,0.67,0,6.00,0.00,2.80,6-3.2,2,1913103333097938944,极兔快递,JT0016151654505,服饰,广东省,
东惠苑_站点-东惠苑,东惠苑,东惠苑,快递,2025-04-18 13:28:31,,1,0.2,0,6.00,0.00,2.80,6-3.2,2,1913102294261112832,极兔快递,JT0016137757434,服饰,福建省,
东惠苑_站点-东惠苑,东惠苑,东惠苑,快递,2025-04-18 13:26:03,,1,0.2,0,6.00,0.00,2.80,6-3.2,2,1913101676255584256,极兔快递,JT0016142895689,服饰,江苏省,
东惠苑_站点-东惠苑,东惠苑,东惠苑,快递,2025-04-18 13:23:37,2025-04-18 05:25:32,1,,,6.00,,0.00,,2,1913101045906219008,极兔快递,JT0016155104338,服饰,江苏省,已全额退款
东惠苑_站点-东惠苑,东惠苑,东惠苑,快递,2025-04-18 12:57:49,,1,1.0,0,6.00,0.00,2.80,6-3.2,2,1913094544462389248,极兔快递,JT0016149655504,服饰,福建省,
东惠苑_站点-东惠苑,东惠苑,东惠苑,快递,2025-04-18 12:15:02,,1,0.21,0,6.00,0.00,2.80,6-3.2,2,1913083801813852160,极兔快递,JT0016153828228,服饰,浙江省,
东惠苑_站点-东惠苑,东惠苑,东惠苑,快递,2025-04-18 12:12:57,,1,0.2,0,6.00,0.00,2.80,6-3.2,2,1913083232378363904,极兔快递,JT0016152265404,服饰,广东省,
东惠苑_站点-东惠苑,东惠苑,东惠苑,快递,2025-04-18 11:49:22,,1,1.73,-1,6.00,0.00,2.80,6-3.2,2,1913077345857249280,极兔快递,JT0016153817740,生活用品,山东省,
东惠苑_站点-东惠苑,东惠苑,东惠苑,干洗,2025-04-18 10:45:48,,,,,24.50,,7.35,30%,,1913061344595877888,干洗,,"清洗普通羽绒服2件不分长短49元   *   1",,
东惠苑_站点-东惠苑,东惠苑,东惠苑,干洗,2025-04-18 10:40:22,,,,,24.50,,7.35,30%,,1913059979911962624,干洗,,"清洗普通羽绒服2件不分长短49元   *   1",,
东惠苑_站点-东惠苑,东惠苑,东惠苑,干洗,2025-04-18 10:37:22,,,,,24.50,,7.35,30%,,1913059221233672192,干洗,,"清洗普通羽绒服2件不分长短49元   *   1",,
东惠苑_站点-东惠苑,东惠苑,东惠苑,快递,2025-04-18 08:20:15,,2,1.11,0,8.00,0.00,4.08,51% ,2,1913024717784551424,极兔快递,JT0016148381898,服饰,浙江省,
东惠苑_站点-东惠苑,东惠苑,东惠苑,快递,2025-04-18 08:19:41,,1,0.24,0,6.00,0.00,2.80,6-3.2,2,1913024573055897600,极兔快递,JT0016147912883,服饰,浙江省,
东惠苑_站点-东惠苑,东惠苑,东惠苑,快递,2025-04-17 20:37:19,,1,0.46,0,6.00,0.00,2.80,6-3.2,2,1912847800603185152,极兔快递,JT0016146026195,服饰,江西省,
东惠苑_站点-东惠苑,东惠苑,东惠苑,快递,2025-04-17 20:32:46,,1,0.43,0,6.00,0.00,2.80,6-3.2,2,1912846673530785792,极兔快递,JT0016135969631,服饰,甘肃省,
东惠苑_站点-东惠苑,东惠苑,东惠苑,干洗,2025-04-17 20:27:35,,,,,19.80,,5.94,30%,,1912845363062444032,干洗,,"磨砂鞋   *   1",,
东惠苑_站点-东惠苑,东惠苑,东惠苑,快递,2025-04-17 20:10:51,,1,0.55,0,6.00,0.00,2.80,6-3.2,2,1912841138253271040,极兔快递,JT0016146899435,服饰,广东省,
东惠苑_站点-东惠苑,东惠苑,东惠苑,快递,2025-04-17 20:09:44,,1,0.43,0,6.00,0.00,2.80,6-3.2,2,1912840878017679360,极兔快递,JT0016146559751,服饰,广东省,
东惠苑_站点-东惠苑,东惠苑,东惠苑,干洗,2025-04-17 20:00:17,,,,,24.50,,7.35,30%,,1912838490590482432,干洗,,"清洗普通羽绒服2件不分长短49元   *   1",,
东惠苑_站点-东惠苑,东惠苑,东惠苑,干洗,2025-04-17 19:58:21,,,,,24.50,,7.35,30%,,1912838006609743872,干洗,,"清洗普通羽绒服2件不分长短49元   *   1",,
东惠苑_站点-东惠苑,东惠苑,东惠苑,干洗,2025-04-17 19:55:05,,,,,19.80,,5.94,30%,,1912837187420229632,干洗,,"外套   *   1",,
东惠苑_站点-东惠苑,东惠苑,东惠苑,干洗,2025-04-17 19:50:58,,,,,9.90,,2.97,30%,,1912836150026244096,干洗,,"清洗鞋19.8元两双   *   1",,
东惠苑_站点-东惠苑,东惠苑,东惠苑,快递,2025-04-17 19:44:55,,5,4.33,0,15.00,3.00,7.50,50% ,2,1912834627032518656,极兔快递,JT0016147052981,生鲜类,福建省,
东惠苑_站点-东惠苑,东惠苑,东惠苑,快递,2025-04-17 19:28:52,,1,0.52,0,6.00,0.00,2.80,6-3.2,2,1912830592166596608,极兔快递,JT0016131127059,服饰,广东省,
东惠苑_站点-东惠苑,东惠苑,东惠苑,快递,2025-04-17 19:26:07,,1,0.47,0,6.00,0.00,2.80,6-3.2,2,1912829900903354368,极兔快递,JT0016141201835,服饰,江苏省,
东惠苑_站点-东惠苑,东惠苑,东惠苑,快递,2025-04-17 19:23:22,,2,1.86,0,8.00,0.00,4.08,51% ,2,1912829205533888512,极兔快递,JT0016146976618,服饰,江苏省,
东惠苑_站点-东惠苑,东惠苑,东惠苑,快递,2025-04-17 19:20:18,2025-04-17 11:23:01,2,,,8.00,,0.00,,2,1912828401884270592,极兔快递,JT0016141430787,生活用品,广东省,已全额退款
东惠苑_站点-东惠苑,东惠苑,东惠苑,快递,2025-04-17 19:19:35,,2,1.81,0,8.00,0.00,4.08,51% ,2,1912828233034174464,极兔快递,JT0016146424165,服饰,江苏省,
东惠苑_站点-东惠苑,东惠苑,东惠苑,快递,2025-04-17 19:18:07,,1,0.48,0,6.00,0.00,2.80,6-3.2,2,1912827859996971008,极兔快递,JT0016142358748,服饰,广东省,
东惠苑_站点-东惠苑,东惠苑,东惠苑,快递,2025-04-17 19:15:20,,2,1.83,0,8.00,0.00,4.08,51% ,2,1912827183438958592,极兔快递,JT0016146834556,生活用品,江苏省,
东惠苑_站点-东惠苑,东惠苑,东惠苑,快递,2025-04-17 19:05:43,,1,0.2,0,6.00,0.00,2.80,6-3.2,2,1912824759521316864,极兔快递,JT0016145195714,服饰,广东省,
东惠苑_站点-东惠苑,东惠苑,东惠苑,快递,2025-04-17 19:03:31,,1,1.47,-1,6.00,0.00,2.80,6-3.2,2,1912824213754286080,极兔快递,JT0016145728196,生活用品,山东省,
东惠苑_站点-东惠苑,东惠苑,东惠苑,快递,2025-04-17 18:54:50,,1,0.2,0,6.00,0.00,2.80,6-3.2,2,1912822027548823552,极兔快递,JT0016142853515,服饰,广东省,
东惠苑_站点-东惠苑,东惠苑,东惠苑,快递,2025-04-17 18:51:52,,1,0.9,0,6.00,0.00,2.80,6-3.2,2,1912821285484171264,极兔快递,JT0016144745924,服饰,广东省,
东惠苑_站点-东惠苑,东惠苑,东惠苑,快递,2025-04-17 18:48:52,,1,0.26,0,6.00,0.00,2.80,6-3.2,2,1912820522078900224,极兔快递,JT0016145542224,服饰,浙江省,
东惠苑_站点-东惠苑,东惠苑,东惠苑,快递,2025-04-17 18:46:54,,1,0.75,0,6.00,0.00,2.80,6-3.2,2,1912820028040220672,极兔快递,JT0016144786861,服饰,广东省,
东惠苑_站点-东惠苑,东惠苑,东惠苑,快递,2025-04-17 18:30:03,,1,0.55,0,6.00,0.00,2.80,6-3.2,2,1912815782888673280,极兔快递,JT0016145148566,服饰,广东省,
东惠苑_站点-东惠苑,东惠苑,东惠苑,快递,2025-04-17 18:28:32,,1,0.47,0,6.00,0.00,2.80,6-3.2,2,1912815402322694144,极兔快递,JT0016140189508,服饰,广东省,
东惠苑_站点-东惠苑,东惠苑,东惠苑,快递,2025-04-17 17:39:23,,1,0.55,0,6.00,0.00,2.80,6-3.2,2,1912803041641697280,极兔快递,JT0016138513153,服饰,山东省,
东惠苑_站点-东惠苑,东惠苑,东惠苑,快递,2025-04-17 17:10:00,,1,0.41,0,6.00,0.00,2.80,6-3.2,2,1912795617950109696,极兔快递,JT0016144894002,服饰,河南省,
东惠苑_站点-东惠苑,东惠苑,东惠苑,快递,2025-04-17 17:06:01,,1,0.9,0,6.00,0.00,2.80,6-3.2,2,1912794634712977408,极兔快递,JT0016144824177,服饰,浙江省,
东惠苑_站点-东惠苑,东惠苑,东惠苑,快递,2025-04-17 17:02:41,,1,0.58,0,6.00,0.00,2.80,6-3.2,2,1912793802659532800,极兔快递,JT0016138860281,服饰,山东省,
东惠苑_站点-东惠苑,东惠苑,东惠苑,快递,2025-04-17 16:37:16,,1,0.2,0,6.00,0.00,2.80,6-3.2,2,1912787406488539136,极兔快递,JT0016138786105,服饰,广东省,
东惠苑_站点-东惠苑,东惠苑,东惠苑,快递,2025-04-17 16:24:27,,1,0.2,0,6.00,0.00,2.80,6-3.2,2,1912784185493753856,极兔快递,JT0016143041103,服饰,广东省,
东惠苑_站点-东惠苑,东惠苑,东惠苑,快递,2025-04-17 16:15:45,,1,0.2,0,6.00,0.00,2.80,6-3.2,2,1912781983136026624,极兔快递,JT0016139509201,服饰,广东省,
东惠苑_站点-东惠苑,东惠苑,东惠苑,快递,2025-04-17 15:58:05,,1,0.2,0,6.00,0.00,2.80,6-3.2,2,1912777546480947200,极兔快递,JT0016143019296,生活用品,浙江省,
东惠苑_站点-东惠苑,东惠苑,东惠苑,快递,2025-04-17 15:16:37,,1,0.92,0,6.00,0.00,2.52,42% ,2,1912767073534545920,韵达快递,312714426469425,生活用品,辽宁省,
东惠苑_站点-东惠苑,东惠苑,东惠苑,快递,2025-04-17 14:53:43,,1,0.86,0,6.00,0.00,2.80,6-3.2,2,1912761350205411328,极兔快递,JT0016141305391,服饰,山东省,
东惠苑_站点-东惠苑,东惠苑,东惠苑,快递,2025-04-17 14:10:26,,1,0.2,0,6.00,0.00,2.80,6-3.2,2,1912750443039494144,极兔快递,JT0016133486758,服饰,浙江省,
东惠苑_站点-东惠苑,东惠苑,东惠苑,快递,2025-04-17 14:03:16,,1,0.49,0,6.00,0.00,2.80,6-3.2,2,1912748654978338816,极兔快递,JT0016131025379,服饰,山东省,
东惠苑_站点-东惠苑,东惠苑,东惠苑,快递,2025-04-17 14:01:29,,1,,,16.00,,0.00,0%,2,1912748183777644544,顺丰速运,SF3164186698312,文件,陕西省,
东惠苑_站点-东惠苑,东惠苑,东惠苑,快递,2025-04-17 13:32:44,,1,0.51,0,6.00,0.00,2.80,6-3.2,2,1912740960942886912,极兔快递,JT0016132284835,服饰,浙江省,
东惠苑_站点-东惠苑,东惠苑,东惠苑,快递,2025-04-17 13:30:27,,1,1.02,-1,6.00,0.00,2.80,6-3.2,2,1912740393608744960,极兔快递,JT0016139760226,服饰,浙江省,
东惠苑_站点-东惠苑,东惠苑,东惠苑,快递,2025-04-17 12:40:33,,1,0.2,0,6.00,0.00,2.80,6-3.2,2,1912727835170508800,极兔快递,JT0016138853609,生活用品,陕西省,
东惠苑_站点-东惠苑,东惠苑,东惠苑,快递,2025-04-17 11:49:40,,5,9.93,-5,15.00,10.50,7.50,50% ,2,1912715031176744960,极兔快递,JT0016137127893,生活用品,浙江省,
东惠苑_站点-东惠苑,东惠苑,东惠苑,快递,2025-04-17 11:23:20,,1,1.04,-1,6.00,0.00,2.80,6-3.2,2,1912708403568250880,极兔快递,JT0016136489366,生活用品,安徽省,
东惠苑_站点-东惠苑,东惠苑,东惠苑,快递,2025-04-17 11:04:21,,1,0.2,0,6.00,0.00,2.80,6-3.2,2,1912703627094855680,极兔快递,JT0016136745874,服饰,广东省,
东惠苑_站点-东惠苑,东惠苑,东惠苑,快递,2025-04-17 11:02:30,,1,0.2,0,6.00,0.00,2.80,6-3.2,2,1912703158003896320,极兔快递,JT0016130861580,服饰,江苏省,
东惠苑_站点-东惠苑,东惠苑,东惠苑,快递,2025-04-17 11:01:08,,1,0.32,0,6.00,0.00,2.80,6-3.2,2,1912702818504347648,极兔快递,JT0016136879055,服饰,江苏省,
东惠苑_站点-东惠苑,东惠苑,东惠苑,快递,2025-04-17 10:34:39,,1,0.34,0,6.00,0.00,2.80,6-3.2,2,1912696153876926464,极兔快递,JT0016133972723,服饰,浙江省,
东惠苑_站点-东惠苑,东惠苑,东惠苑,快递,2025-04-17 10:33:12,,1,0.47,0,6.00,0.00,2.80,6-3.2,2,1912695786841772032,极兔快递,JT0016133753544,服饰,浙江省,
东惠苑_站点-东惠苑,东惠苑,东惠苑,快递,2025-04-17 10:25:23,,2,1.48,0,8.00,0.00,4.08,51% ,2,1912693818459099136,极兔快递,JT0016136284913,生活用品,湖南省,
东惠苑_站点-东惠苑,东惠苑,东惠苑,快递,2025-04-17 09:50:51,,1,0.28,0,6.00,0.00,2.80,6-3.2,2,1912685130495234048,极兔快递,JT0016134728991,服饰,山西省,
东惠苑_站点-东惠苑,东惠苑,东惠苑,快递,2025-04-17 09:48:38,,1,0.57,0,6.00,0.00,2.80,6-3.2,2,1912684575181967360,极兔快递,JT0016134049066,服饰,福建省,
东惠苑_站点-东惠苑,东惠苑,东惠苑,快递,2025-04-17 09:47:01,,1,0.2,0,6.00,0.00,2.80,6-3.2,2,1912684166715478016,极兔快递,JT0016134038000,服饰,福建省,
东惠苑_站点-东惠苑,东惠苑,东惠苑,快递,2025-04-17 09:20:32,,1,0.34,0,6.00,0.00,2.80,6-3.2,2,1912677486913064960,极兔快递,JT0016134915091,服饰,广东省,
东惠苑_站点-东惠苑,东惠苑,东惠苑,快递,2025-04-16 20:44:33,,1,0.61,0,6.00,0.00,2.80,6-3.2,2,1912487251809865728,极兔快递,JT0016131028526,服饰,广西壮族自治区,
东惠苑_站点-东惠苑,东惠苑,东惠苑,快递,2025-04-16 20:35:38,,1,0.63,0,6.00,0.00,2.80,6-3.2,2,1912485009493004288,极兔快递,JT0016126887092,服饰,湖北省,
东惠苑_站点-东惠苑,东惠苑,东惠苑,快递,2025-04-16 20:23:51,,1,0.68,0,6.00,0.00,2.80,6-3.2,2,1912482045936209920,极兔快递,JT0016130847476,服饰,浙江省,
东惠苑_站点-东惠苑,东惠苑,东惠苑,快递,2025-04-16 20:22:35,,1,0.24,0,6.00,0.00,2.80,6-3.2,2,1912481722861555712,极兔快递,JT0016123582234,服饰,浙江省,
东惠苑_站点-东惠苑,东惠苑,东惠苑,快递,2025-04-16 20:08:57,,1,0.2,0,6.00,0.00,2.80,6-3.2,2,1912478279941951488,极兔快递,JT0016128876942,服饰,浙江省,
东惠苑_站点-东惠苑,东惠苑,东惠苑,快递,2025-04-16 20:07:11,,1,0.92,0,6.00,0.00,2.80,6-3.2,2,1912477832799784960,极兔快递,JT0016114941110,服饰,四川省,
东惠苑_站点-东惠苑,东惠苑,东惠苑,快递,2025-04-16 20:04:50,,1,0.89,0,6.00,0.00,2.80,6-3.2,2,1912477181009137664,极兔快递,JT0016127090721,服饰,湖北省,
东惠苑_站点-东惠苑,东惠苑,东惠苑,快递,2025-04-16 20:02:31,,1,0.26,0,6.00,0.00,2.80,6-3.2,2,1912476580699377664,极兔快递,JT0016123905495,服饰,广东省,
东惠苑_站点-东惠苑,东惠苑,东惠苑,快递,2025-04-16 20:00:46,,1,1.01,-1,6.00,0.00,2.80,6-3.2,2,1912476235143254016,极兔快递,JT0016130982257,服饰,湖北省,
东惠苑_站点-东惠苑,东惠苑,东惠苑,快递,2025-04-16 19:54:14,,1,0.46,0,6.00,0.00,2.80,6-3.2,2,1912474588186873856,极兔快递,JT0016129202584,服饰,浙江省,
东惠苑_站点-东惠苑,东惠苑,东惠苑,快递,2025-04-16 19:49:14,,1,0.49,0,6.00,0.00,2.80,6-3.2,2,1912473332928155648,极兔快递,JT0016126392576,服饰,河北省,
东惠苑_站点-东惠苑,东惠苑,东惠苑,快递,2025-04-16 19:47:04,,1,0.71,0,6.00,0.00,2.80,6-3.2,2,1912472782341869568,极兔快递,JT0016123840878,服饰,广东省,
东惠苑_站点-东惠苑,东惠苑,东惠苑,快递,2025-04-16 19:45:14,,1,0.56,0,6.00,0.00,2.80,6-3.2,2,1912472302819676160,极兔快递,JT0016128264605,服饰,广东省,
东惠苑_站点-东惠苑,东惠苑,东惠苑,快递,2025-04-16 19:03:37,,2,1.17,0,8.00,0.00,4.08,51% ,2,1912461830754078720,极兔快递,JT0016127860470,服饰,浙江省,
东惠苑_站点-东惠苑,东惠苑,东惠苑,快递,2025-04-16 18:10:32,,1,0.54,0,6.00,0.00,2.80,6-3.2,2,1912448493169348608,极兔快递,JT0016128258794,服饰,河北省,
东惠苑_站点-东惠苑,东惠苑,东惠苑,快递,2025-04-16 18:08:02,,1,0.57,0,6.00,0.00,2.80,6-3.2,2,1912447862673182720,极兔快递,JT0016128552036,服饰,山东省,
东惠苑_站点-东惠苑,东惠苑,东惠苑,快递,2025-04-16 18:06:25,,1,0.47,0,6.00,0.00,2.80,6-3.2,2,1912447246928384000,极兔快递,JT0016130014146,服饰,广东省,
东惠苑_站点-东惠苑,东惠苑,东惠苑,快递,2025-04-16 17:59:43,,1,1.06,-1,6.00,0.00,2.80,6-3.2,2,1912445770529181696,极兔快递,JT0016125219422,服饰,湖北省,
东惠苑_站点-东惠苑,东惠苑,东惠苑,快递,2025-04-16 17:54:57,,3,2.53,0,10.00,0.00,5.50,55% ,2,1912444566906540032,极兔快递,JT0016129762018,生活用品,辽宁省,
东惠苑_站点-东惠苑,东惠苑,东惠苑,快递,2025-04-16 17:50:23,,1,0.2,0,6.00,0.00,2.80,6-3.2,2,1912443420804583424,极兔快递,JT0016129462588,服饰,江苏省,
东惠苑_站点-东惠苑,东惠苑,东惠苑,快递,2025-04-16 17:48:52,,4,3.27,0,12.00,1.50,6.00,50% ,2,1912443039617847296,极兔快递,JT0016129672109,食品,广东省,
东惠苑_站点-东惠苑,东惠苑,东惠苑,干洗,2025-04-16 17:12:27,,,,,9.90,,2.97,30%,,1912433601011978240,干洗,,"清洗鞋19.8元两双   *   1",,
东惠苑_站点-东惠苑,东惠苑,东惠苑,快递,2025-04-16 16:59:55,,1,0.66,0,6.00,0.00,2.80,6-3.2,2,1912430723035762688,极兔快递,JT0016128925870,服饰,湖北省,
东惠苑_站点-东惠苑,东惠苑,东惠苑,快递,2025-04-16 16:40:08,,1,0.76,0,6.00,0.00,2.80,6-3.2,2,1912425693490647040,极兔快递,JT0016118976346,服饰,广东省,
东惠苑_站点-东惠苑,东惠苑,东惠苑,快递,2025-04-16 16:24:16,,1,0.35,0,6.00,0.00,2.80,6-3.2,2,1912421751423700992,极兔快递,JT0016125173386,服饰,浙江省,
东惠苑_站点-东惠苑,东惠苑,东惠苑,快递,2025-04-16 16:12:28,,1,0.2,0,7.00,0.00,2.80,6-3.2,2,1912418776655532032,极兔快递,JT0016126563020,其他,北京市,
东惠苑_站点-东惠苑,东惠苑,东惠苑,干洗,2025-04-16 15:59:31,,,,,15.00,,4.50,30%,,1912415518604070912,干洗,,"休闲裤_牛仔裤_运动裤   *   1",,
东惠苑_站点-东惠苑,东惠苑,东惠苑,快递,2025-04-16 15:46:47,,1,0.47,0,6.00,0.00,2.80,6-3.2,2,1912412311614066688,极兔快递,JT0016124918448,服饰,湖北省,
东惠苑_站点-东惠苑,东惠苑,东惠苑,快递,2025-04-16 15:34:13,,1,0.23,0,6.00,0.00,2.80,6-3.2,2,1912409136026816512,极兔快递,JT0016122193211,服饰,江苏省,
东惠苑_站点-东惠苑,东惠苑,东惠苑,快递,2025-04-16 15:28:08,,1,0.2,0,6.00,0.00,2.80,6-3.2,2,1912407615516119040,极兔快递,JT0016124764499,服饰,福建省,
东惠苑_站点-东惠苑,东惠苑,东惠苑,快递,2025-04-16 14:08:31,,1,0.75,0,6.00,0.00,2.80,6-3.2,2,1912387585827082240,极兔快递,JT0016123527677,服饰,江苏省,
东惠苑_站点-东惠苑,东惠苑,东惠苑,干洗,2025-04-16 13:37:03,,,,,24.50,,7.35,30%,,1912379664309358592,干洗,,"清洗普通羽绒服2件不分长短49元   *   1",,
东惠苑_站点-东惠苑,东惠苑,东惠苑,干洗,2025-04-16 13:33:48,,,,,24.50,,7.35,30%,,1912378850132037632,干洗,,"清洗普通羽绒服2件不分长短49元   *   1",,
东惠苑_站点-东惠苑,东惠苑,东惠苑,干洗,2025-04-16 13:30:10,,,,,24.50,,7.35,30%,,1912377934377062400,干洗,,"清洗普通羽绒服2件不分长短49元   *   1",,
东惠苑_站点-东惠苑,东惠苑,东惠苑,干洗,2025-04-16 13:26:29,,,,,24.50,,7.35,30%,,1912376998141300736,干洗,,"清洗普通羽绒服2件不分长短49元   *   1",,
东惠苑_站点-东惠苑,东惠苑,东惠苑,快递,2025-04-16 11:57:59,,2,1.13,0,8.00,0.00,4.08,51% ,2,1912354737518743552,极兔快递,JT0016119349213,生活用品,广东省,
东惠苑_站点-东惠苑,东惠苑,东惠苑,干洗,2025-04-16 11:42:53,,,,,19.80,,5.94,30%,,1912350930449666048,干洗,,"磨砂鞋   *   1",,
东惠苑_站点-东惠苑,东惠苑,东惠苑,干洗,2025-04-16 11:40:45,,,,,9.90,,2.97,30%,,1912350397269741568,干洗,,"清洗鞋19.8元两双   *   1",,
东惠苑_站点-东惠苑,东惠苑,东惠苑,快递,2025-04-16 11:29:15,,1,0.33,0,6.00,0.00,2.80,6-3.2,2,1912347504680570880,极兔快递,JT0016118589660,生活用品,陕西省,
东惠苑_站点-东惠苑,东惠苑,东惠苑,干洗,2025-04-16 11:14:08,,,,,9.90,,2.97,30%,,1912343696952987648,干洗,,"清洗鞋19.8元两双   *   1",,
东惠苑_站点-东惠苑,东惠苑,东惠苑,快递,2025-04-16 10:58:19,,4,4.47,-1,12.00,3.00,6.00,50% ,2,1912339722673786880,极兔快递,JT0016120192990,生活用品,广西壮族自治区,
东惠苑_站点-东惠苑,东惠苑,东惠苑,快递,2025-04-16 10:30:27,,3,2.63,0,10.00,0.00,5.50,55% ,2,1912332699244630016,极兔快递,JT0016120957087,食品,河南省,
东惠苑_站点-东惠苑,东惠苑,东惠苑,快递,2025-04-16 09:52:48,,1,0.38,0,6.00,0.00,2.80,6-3.2,2,1912323207333351424,极兔快递,JT0016118876958,服饰,广东省,
东惠苑_站点-东惠苑,东惠苑,东惠苑,快递,2025-04-16 09:39:30,,1,0.36,0,6.00,0.00,2.80,6-3.2,2,1912319885570412544,极兔快递,JT0016119083649,服饰,广东省,
东惠苑_站点-东惠苑,东惠苑,东惠苑,快递,2025-04-16 09:23:00,,1,0.77,0,6.00,0.00,2.80,6-3.2,2,1912315732165070848,极兔快递,JT0016114517709,服饰,广东省,
东惠苑_站点-东惠苑,东惠苑,东惠苑,快递,2025-04-16 09:21:11,,1,0.54,0,6.00,0.00,2.80,6-3.2,2,1912315273358544896,极兔快递,JT0016117037828,服饰,广东省,
东惠苑_站点-东惠苑,东惠苑,东惠苑,快递,2025-04-16 09:19:39,,1,0.2,0,6.00,0.00,2.80,6-3.2,2,1912314891672686592,极兔快递,JT0016118554756,服饰,浙江省,
东惠苑_站点-东惠苑,东惠苑,东惠苑,快递,2025-04-16 09:01:26,,20,19.88,0,60.00,25.50,30.00,50% ,2,1912310306761543680,极兔快递,JT0016118041392,液体,天津市,
东惠苑_站点-东惠苑,东惠苑,东惠苑,快递,2025-04-16 08:58:16,2025-04-16 01:00:55,20,,,60.00,,0.00,,2,1912309503900454912,韵达快递,312713109907045,液体,天津市,已全额退款
东惠苑_站点-东惠苑,东惠苑,东惠苑,快递,2025-04-16 08:22:16,,1,1.0,0,6.00,0.00,2.80,6-3.2,2,1912300449983565824,极兔快递,JT0016113399602,服饰,浙江省,
东惠苑_站点-东惠苑,东惠苑,东惠苑,快递,2025-04-16 08:20:42,,1,1.19,-1,6.00,0.00,2.80,6-3.2,2,1912300053881884672,极兔快递,JT0016109421185,服饰,浙江省,
东惠苑_站点-东惠苑,东惠苑,东惠苑,快递,2025-04-15 19:56:44,,1,0.2,0,6.00,0.00,2.80,6-3.2,2,1912112821980041216,极兔快递,JT0016114792444,生活用品,浙江省,
东惠苑_站点-东惠苑,东惠苑,东惠苑,快递,2025-04-15 19:34:40,,1,0.88,0,6.00,0.00,2.80,6-3.2,2,1912107277965791232,极兔快递,JT0016109885533,服饰,河南省,
东惠苑_站点-东惠苑,东惠苑,东惠苑,快递,2025-04-15 19:30:11,,1,0.79,0,6.00,0.00,2.80,6-3.2,2,1912106147365982208,极兔快递,JT0016115041875,服饰,辽宁省,
东惠苑_站点-东惠苑,东惠苑,东惠苑,快递,2025-04-15 19:27:40,,1,0.28,0,6.00,0.00,2.80,6-3.2,2,1912105516446191616,极兔快递,JT0016114547696,服饰,浙江省,
东惠苑_站点-东惠苑,东惠苑,东惠苑,快递,2025-04-15 19:04:28,,1,0.2,0,6.00,0.00,2.80,6-3.2,2,1912099676083392512,极兔快递,JT0016114643266,服饰,广东省,
东惠苑_站点-东惠苑,东惠苑,东惠苑,快递,2025-04-15 18:25:00,,1,0.2,0,6.00,0.00,2.80,6-3.2,2,1912089737638121472,极兔快递,JT0016112296778,服饰,湖北省,
东惠苑_站点-东惠苑,东惠苑,东惠苑,快递,2025-04-15 18:18:36,,1,0.51,0,6.00,0.00,2.80,6-3.2,2,1912088134289920000,极兔快递,JT0016113379716,服饰,浙江省,
东惠苑_站点-东惠苑,东惠苑,东惠苑,快递,2025-04-15 18:17:23,,1,0.2,0,6.00,0.00,2.80,6-3.2,2,1912087821512282112,极兔快递,JT0016112177943,服饰,广东省,
东惠苑_站点-东惠苑,东惠苑,东惠苑,快递,2025-04-15 18:10:13,,1,0.61,0,6.00,0.00,2.80,6-3.2,2,1912086017932201984,极兔快递,JT0016111359508,服饰,广东省,
东惠苑_站点-东惠苑,东惠苑,东惠苑,快递,2025-04-15 18:00:37,,2,1.9,0,8.00,0.00,4.08,51% ,2,1912083610028412928,极兔快递,JT0016078907797,服饰,河北省,
东惠苑_站点-东惠苑,东惠苑,东惠苑,快递,2025-04-15 17:59:43,2025-04-15 10:00:10,8,,,24.00,,0.00,,2,1912083383640854528,极兔快递,,服饰,河北省,已全额退款
东惠苑_站点-东惠苑,东惠苑,东惠苑,快递,2025-04-15 17:38:22,,1,0.73,0,6.00,0.00,2.80,6-3.2,2,1912078011291078656,极兔快递,JT0016101415230,服饰,浙江省,
东惠苑_站点-东惠苑,东惠苑,东惠苑,快递,2025-04-15 17:36:54,,1,0.48,0,6.00,0.00,2.80,6-3.2,2,1912077640648822784,极兔快递,JT0016113854019,生活用品,河南省,
东惠苑_站点-东惠苑,东惠苑,东惠苑,快递,2025-04-15 17:32:28,,1,0.21,0,6.00,0.00,2.80,6-3.2,2,1912076526767509504,极兔快递,JT0016111888630,服饰,广东省,
东惠苑_站点-东惠苑,东惠苑,东惠苑,快递,2025-04-15 17:30:16,,1,0.2,0,6.00,0.00,2.80,6-3.2,2,1912075958795833344,极兔快递,JT0016110892898,服饰,江苏省,
东惠苑_站点-东惠苑,东惠苑,东惠苑,快递,2025-04-14 19:49:11,2025-04-15 09:20:25,1,,,6.00,,0.00,,2,1911748506144903168,极兔快递,JT0016093221536,服饰,河北省,已全额退款
东惠苑_站点-东惠苑,东惠苑,东惠苑,快递,2025-04-15 17:09:46,,1,0.64,0,6.00,0.00,2.80,6-3.2,2,1912070812334493696,极兔快递,JT0016112839645,食品,福建省,
东惠苑_站点-东惠苑,东惠苑,东惠苑,快递,2025-04-15 16:57:32,,1,0.2,0,6.00,0.00,2.80,6-3.2,2,1912067732708724736,极兔快递,JT0016111916917,生活用品,陕西省,
东惠苑_站点-东惠苑,东惠苑,东惠苑,快递,2025-04-15 16:23:22,,1,0.24,0,6.00,0.00,2.80,6-3.2,2,1912059134159032320,极兔快递,JT0016107942270,服饰,浙江省,
东惠苑_站点-东惠苑,东惠苑,东惠苑,快递,2025-04-15 16:21:51,,1,0.4,0,6.00,0.00,2.80,6-3.2,2,1912058747532283904,极兔快递,JT0016105881209,服饰,广东省,
东惠苑_站点-东惠苑,东惠苑,东惠苑,快递,2025-04-15 16:02:59,,1,0.61,0,6.00,0.00,2.80,6-3.2,2,1912054004911116288,极兔快递,JT0016110379655,服饰,广东省,
东惠苑_站点-东惠苑,东惠苑,东惠苑,快递,2025-04-15 15:57:16,,1,0.35,0,6.00,0.00,2.80,6-3.2,2,1912052565652475904,极兔快递,JT0016110236194,生活用品,安徽省,
东惠苑_站点-东惠苑,东惠苑,东惠苑,快递,2025-04-15 15:45:17,,1,0.64,0,6.00,0.00,2.80,6-3.2,2,1912049550367330304,极兔快递,JT0016111036279,服饰,广东省,
东惠苑_站点-东惠苑,东惠苑,东惠苑,快递,2025-04-15 15:43:10,,1,0.26,0,6.00,0.00,2.80,6-3.2,2,1912049017657167872,极兔快递,JT0016108439977,服饰,福建省,
东惠苑_站点-东惠苑,东惠苑,东惠苑,快递,2025-04-15 15:29:06,,1,0.2,0,6.00,0.00,2.80,6-3.2,2,1912045477618454528,极兔快递,JT0016108233047,服饰,广东省,
东惠苑_站点-东惠苑,东惠苑,东惠苑,快递,2025-04-15 14:51:34,,1,0.81,0,6.00,0.00,2.80,6-3.2,2,1912036031706107904,极兔快递,JT0016107276287,服饰,辽宁省,
东惠苑_站点-东惠苑,东惠苑,东惠苑,快递,2025-04-15 14:34:00,,1,0.2,0,6.00,0.00,2.80,6-3.2,2,1912031612365115392,极兔快递,JT0016108477673,服饰,广东省,
东惠苑_站点-东惠苑,东惠苑,东惠苑,快递,2025-04-15 14:32:11,,1,0.31,0,6.00,0.00,2.80,6-3.2,2,1912031153701195776,极兔快递,JT0016106787726,服饰,广东省,
东惠苑_站点-东惠苑,东惠苑,东惠苑,快递,2025-04-15 14:30:31,,1,0.28,0,6.00,0.00,2.80,6-3.2,2,1912030726737825792,极兔快递,JT0016108372424,服饰,湖北省,
东惠苑_站点-东惠苑,东惠苑,东惠苑,快递,2025-04-15 13:39:23,,1,0.2,0,6.00,0.00,2.80,6-3.2,2,1912017869308628992,极兔快递,JT0016107453464,服饰,广东省,
东惠苑_站点-东惠苑,东惠苑,东惠苑,快递,2025-04-15 13:38:03,,1,0.2,0,6.00,0.00,2.80,6-3.2,2,1912017532493434880,极兔快递,JT0016096439982,服饰,广东省,
东惠苑_站点-东惠苑,东惠苑,东惠苑,快递,2025-04-15 13:36:52,,1,0.2,0,6.00,0.00,2.80,6-3.2,2,1912017233636691968,极兔快递,JT0016107521839,服饰,河南省,
东惠苑_站点-东惠苑,东惠苑,东惠苑,快递,2025-04-15 13:35:32,,1,0.24,0,6.00,0.00,2.80,6-3.2,2,1912016880765702144,极兔快递,JT0016099926489,服饰,安徽省,
东惠苑_站点-东惠苑,东惠苑,东惠苑,快递,2025-04-15 13:33:57,,1,0.2,0,6.00,0.00,2.80,6-3.2,2,1912016493312675840,极兔快递,JT0016105563253,服饰,广东省,
东惠苑_站点-东惠苑,东惠苑,东惠苑,快递,2025-04-15 12:44:34,,1,0.27,0,6.00,0.00,2.80,6-3.2,2,1912004072590217216,极兔快递,JT0016097673157,服饰,浙江省,
东惠苑_站点-东惠苑,东惠苑,东惠苑,快递,2025-04-15 12:18:51,,1,0.23,0,6.00,0.00,2.80,6-3.2,2,1911997596249296896,极兔快递,JT0016106526045,服饰,广东省,
东惠苑_站点-东惠苑,东惠苑,东惠苑,快递,2025-04-15 11:52:09,,1,0.48,0,6.00,0.00,2.80,6-3.2,2,1911990881697075200,极兔快递,JT0016105404424,服饰,山东省,
东惠苑_站点-东惠苑,东惠苑,东惠苑,快递,2025-04-15 10:55:21,,8,0.2,7,24.00,0.00,12.00,50% ,2,1911976584808419328,极兔快递,JT0016101546258,生活用品,陕西省,
东惠苑_站点-东惠苑,东惠苑,东惠苑,快递,2025-04-15 10:51:51,,1,0.64,0,6.00,0.00,2.80,6-3.2,2,1911975704138797056,极兔快递,JT0016102290052,生活用品,广东省,
东惠苑_站点-东惠苑,东惠苑,东惠苑,快递,2025-04-15 10:30:08,,1,0.48,0,6.00,0.00,2.80,6-3.2,2,1911970239045079040,极兔快递,JT0016102307216,服饰,广东省,
东惠苑_站点-东惠苑,东惠苑,东惠苑,干洗,2025-04-15 10:11:50,,,,,24.50,,7.35,30%,,1911965494649720832,干洗,,"清洗普通羽绒服2件不分长短49元   *   1",,
东惠苑_站点-东惠苑,东惠苑,东惠苑,干洗,2025-04-15 10:07:59,,,,,29.50,,8.85,30%,,1911964660725616640,干洗,,"清洗毛呢2件59元   *   1",,
东惠苑_站点-东惠苑,东惠苑,东惠苑,干洗,2025-04-15 10:02:48,,,,,19.80,,5.94,30%,,1911963358377447424,干洗,,"外套   *   1",,
东惠苑_站点-东惠苑,东惠苑,东惠苑,快递,2025-04-15 09:41:55,,1,1.03,-1,6.00,0.00,2.80,6-3.2,2,1911958107188531200,极兔快递,JT0016100399529,生活用品,福建省,
东惠苑_站点-东惠苑,东惠苑,东惠苑,快递,2025-04-15 08:59:37,,1,0.2,0,6.00,0.00,2.80,6-3.2,2,1911947461365501952,极兔快递,JT0016091112518,服饰,陕西省,
东惠苑_站点-东惠苑,东惠苑,东惠苑,快递,2025-04-15 08:56:54,,1,0.45,0,6.00,0.00,2.80,6-3.2,2,1911946778566365184,极兔快递,JT0016097100369,服饰,广东省,
东惠苑_站点-东惠苑,东惠苑,东惠苑,快递,2025-04-14 20:12:51,,5,5.06,-1,15.00,4.50,7.50,50% ,2,1911754499494940672,极兔快递,JT0016099324209,食品,福建省,
东惠苑_站点-东惠苑,东惠苑,东惠苑,快递,2025-04-14 20:00:18,,1,0.57,0,6.00,0.00,2.80,6-3.2,2,1911751341687345152,极兔快递,JT0016096947179,服饰,湖北省,
东惠苑_站点-东惠苑,东惠苑,东惠苑,快递,2025-04-14 19:53:59,,1,0.46,0,6.00,0.00,2.80,6-3.2,2,1911749748992675840,极兔快递,JT0016096601057,服饰,江苏省,
东惠苑_站点-东惠苑,东惠苑,东惠苑,快递,2025-04-14 19:52:21,,1,0.76,0,6.00,0.00,2.80,6-3.2,2,1911749341071446016,极兔快递,JT0016097338834,服饰,辽宁省,
东惠苑_站点-东惠苑,东惠苑,东惠苑,快递,2025-04-14 19:27:56,,1,0.21,0,6.00,0.00,2.80,6-3.2,2,1911743196646772736,极兔快递,JT0016093627386,服饰,广东省,
东惠苑_站点-东惠苑,东惠苑,东惠苑,快递,2025-04-14 19:16:53,,1,0.42,0,6.00,0.00,2.80,6-3.2,2,1911740415609311232,极兔快递,JT0016098332929,服饰,浙江省,
东惠苑_站点-东惠苑,东惠苑,东惠苑,快递,2025-04-14 19:14:59,,1,0.22,0,6.00,0.00,2.80,6-3.2,2,1911739933948022784,极兔快递,JT0016099097989,服饰,广东省,
东惠苑_站点-东惠苑,东惠苑,东惠苑,快递,2025-04-14 19:13:14,,1,0.51,0,6.00,0.00,2.80,6-3.2,2,1911739494254940160,极兔快递,JT0016097768405,服饰,浙江省,
东惠苑_站点-东惠苑,东惠苑,东惠苑,快递,2025-04-14 19:04:04,,1,0.42,0,6.00,0.00,2.80,6-3.2,2,1911737184875352064,极兔快递,JT0016082911250,服饰,江苏省,
东惠苑_站点-东惠苑,东惠苑,东惠苑,快递,2025-04-14 18:50:57,,1,0.2,0,6.00,0.00,2.80,6-3.2,2,1911733889813352448,极兔快递,JT0016098906026,服饰,广东省,
东惠苑_站点-东惠苑,东惠苑,东惠苑,快递,2025-04-14 18:33:25,,1,0.3,0,6.00,0.00,2.80,6-3.2,2,1911729472837947392,极兔快递,JT0016096748058,服饰,浙江省,
东惠苑_站点-东惠苑,东惠苑,东惠苑,快递,2025-04-14 18:31:33,,1,0.45,0,6.00,0.00,2.80,6-3.2,2,1911729007618330624,极兔快递,JT0016097658888,服饰,广东省,
东惠苑_站点-东惠苑,东惠苑,东惠苑,快递,2025-04-14 18:30:12,,1,0.23,0,6.00,0.00,2.80,6-3.2,2,1911728664188719104,极兔快递,JT0016097237503,服饰,浙江省,
东惠苑_站点-东惠苑,东惠苑,东惠苑,快递,2025-04-14 18:01:51,,1,0.48,0,6.00,0.00,2.80,6-3.2,2,1911721529111384064,极兔快递,JT0016097948223,服饰,广东省,
东惠苑_站点-东惠苑,东惠苑,东惠苑,快递,2025-04-14 18:00:20,,1,0.2,0,6.00,0.00,2.80,6-3.2,2,1911721151590469632,极兔快递,JT0016097218322,服饰,安徽省,
东惠苑_站点-东惠苑,东惠苑,东惠苑,快递,2025-04-14 17:15:05,,2,2.07,-1,8.00,0.00,4.08,51% ,2,1911709764206104576,极兔快递,JT0016092650253,生活用品,陕西省,
东惠苑_站点-东惠苑,东惠苑,东惠苑,快递,2025-04-14 17:06:48,,1,0.46,0,6.00,0.00,2.80,6-3.2,2,1911707678055763968,极兔快递,JT0016092740040,服饰,辽宁省,
东惠苑_站点-东惠苑,东惠苑,东惠苑,快递,2025-04-14 17:03:43,,1,0.27,0,6.00,0.00,2.80,6-3.2,2,1911706902440873984,极兔快递,JT0016096416705,服饰,河南省,
东惠苑_站点-东惠苑,东惠苑,东惠苑,快递,2025-04-14 16:32:15,,1,0.2,0,6.00,0.00,2.80,6-3.2,2,1911698962350772224,极兔快递,JT0016091736626,服饰,广东省,
东惠苑_站点-东惠苑,东惠苑,东惠苑,快递,2025-04-14 16:14:20,,1,0.55,0,6.00,0.00,2.80,6-3.2,2,1911694473799569408,极兔快递,JT0016093727196,服饰,广东省,
东惠苑_站点-东惠苑,东惠苑,东惠苑,快递,2025-04-14 15:25:05,,2,1.1,0,8.00,0.00,4.08,51% ,2,1911682080243617792,极兔快递,JT0016089582377,服饰,辽宁省,
东惠苑_站点-东惠苑,东惠苑,东惠苑,快递,2025-04-14 15:23:07,,1,0.57,0,6.00,0.00,2.80,6-3.2,2,1911681576721616896,极兔快递,JT0016091025990,服饰,湖南省,
东惠苑_站点-东惠苑,东惠苑,东惠苑,快递,2025-04-14 14:52:36,,1,0.24,0,6.00,0.00,2.80,6-3.2,2,1911673905993912320,极兔快递,JT0016093165176,服饰,广东省,
东惠苑_站点-东惠苑,东惠苑,东惠苑,快递,2025-04-14 14:47:28,,1,0.33,0,6.00,0.00,2.80,6-3.2,2,1911672612785131520,极兔快递,JT0016092907475,服饰,广东省,
东惠苑_站点-东惠苑,东惠苑,东惠苑,快递,2025-04-14 14:02:16,,1,0.2,0,6.00,0.00,2.80,6-3.2,2,1911661238151450624,极兔快递,JT0016089577071,生活用品,福建省,
东惠苑_站点-东惠苑,东惠苑,东惠苑,快递,2025-04-14 13:25:31,2025-04-14 05:26:54,1,,,6.00,,0.00,,2,1911651990516436992,极兔快递,JT0016083036784,服饰,山西省,已全额退款
东惠苑_站点-东惠苑,东惠苑,东惠苑,快递,2025-04-14 13:26:28,,7,6.71,0,21.00,6.00,10.50,50% ,2,1911652228006318080,极兔快递,JT0016087192294,生活用品,山西省,
东惠苑_站点-东惠苑,东惠苑,东惠苑,快递,2025-04-14 13:21:38,,7,6.1,0,21.00,6.00,10.50,50% ,2,1911651011716878336,极兔快递,JT0016088225215,生活用品,江苏省,
东惠苑_站点-东惠苑,东惠苑,东惠苑,快递,2025-04-14 13:17:34,,1,0.63,0,6.00,0.00,2.80,6-3.2,2,1911649990357716992,极兔快递,JT0016090155336,服饰,山东省,
东惠苑_站点-东惠苑,东惠苑,东惠苑,快递,2025-04-14 12:36:48,,1,0.21,0,6.00,0.00,2.80,6-3.2,2,1911639731266293760,极兔快递,JT0016089922361,服饰,湖北省,
东惠苑_站点-东惠苑,东惠苑,东惠苑,快递,2025-04-14 12:17:08,,2,1.29,0,8.00,0.00,4.08,51% ,2,1911634781572337664,极兔快递,JT0016087970068,服饰,广东省,
东惠苑_站点-东惠苑,东惠苑,东惠苑,快递,2025-04-14 12:11:10,,1,1.25,-1,6.00,0.00,2.80,6-3.2,2,1911633280124751872,极兔快递,JT0016088416061,服饰,广东省,
东惠苑_站点-东惠苑,东惠苑,东惠苑,快递,2025-04-14 11:54:20,,2,1.28,0,8.00,0.00,4.08,51% ,2,1911629031219302400,极兔快递,JT0016088339872,生活用品,广东省,
东惠苑_站点-东惠苑,东惠苑,东惠苑,快递,2025-04-14 11:53:41,,2,1.24,0,8.00,0.00,4.08,51% ,2,1911628877493866496,极兔快递,JT0016087478182,服饰,广东省,
东惠苑_站点-东惠苑,东惠苑,东惠苑,快递,2025-04-14 11:35:58,,1,0.2,0,6.00,0.00,2.80,6-3.2,2,1911624413236072448,极兔快递,JT0016086687693,服饰,浙江省,
东惠苑_站点-东惠苑,东惠苑,东惠苑,快递,2025-04-14 11:05:34,,1,0.2,0,6.00,0.00,2.80,6-3.2,2,1911616767875010560,极兔快递,JT0016087223984,服饰,广东省,
东惠苑_站点-东惠苑,东惠苑,东惠苑,快递,2025-04-14 10:40:54,,1,0.49,0,6.00,0.00,2.80,6-3.2,2,1911610550716911616,极兔快递,JT0016086950283,服饰,河北省,
东惠苑_站点-东惠苑,东惠苑,东惠苑,干洗,2025-04-14 10:18:02,,,,,9.90,,2.97,30%,,1911604805707419648,干洗,,"清洗鞋19.8元两双   *   1",,
东惠苑_站点-东惠苑,东惠苑,东惠苑,快递,2025-04-14 10:08:15,,1,0.87,0,6.00,0.00,2.80,6-3.2,2,1911602348356980736,极兔快递,JT0016065443340,服饰,安徽省,
东惠苑_站点-东惠苑,东惠苑,东惠苑,快递,2025-04-14 10:07:02,,1,0.2,0,6.00,0.00,2.80,6-3.2,2,1911602022161764352,极兔快递,JT0016087098638,服饰,广东省,
东惠苑_站点-东惠苑,东惠苑,东惠苑,快递,2025-04-14 09:59:41,2025-04-14 02:02:14,1,,,6.00,,0.00,,2,1911600191675224064,极兔快递,,服饰,浙江省,已全额退款
东惠苑_站点-东惠苑,东惠苑,东惠苑,快递,2025-04-14 10:00:11,,2,1.22,0,8.00,0.00,4.08,51% ,2,1911600314467667968,极兔快递,JT0016085325164,服饰,浙江省,
东惠苑_站点-东惠苑,东惠苑,东惠苑,快递,2025-04-14 09:41:10,,3,2.5,0,10.00,0.00,5.50,55% ,2,1911595525822402560,极兔快递,JT0016083229544,食品,陕西省,
东惠苑_站点-东惠苑,东惠苑,东惠苑,快递,2025-04-14 09:16:22,,1,0.3,0,6.00,0.00,2.80,6-3.2,2,1911589282886111232,极兔快递,JT0016085071011,服饰,湖北省,
东惠苑_站点-东惠苑,东惠苑,东惠苑,快递,2025-04-14 09:04:27,,1,0.65,0,6.00,0.00,2.80,6-3.2,2,1911586289105162240,极兔快递,JT0016066832363,服饰,福建省,
东惠苑_站点-东惠苑,东惠苑,东惠苑,快递,2025-04-13 20:12:09,,1,0.2,0,6.00,0.00,2.80,6-3.2,2,1911391933836480512,极兔快递,JT0016082163345,服饰,广东省,
东惠苑_站点-东惠苑,东惠苑,东惠苑,干洗,2025-04-13 19:28:03,,,,,24.50,,7.35,30%,,1911380834470776832,干洗,,"清洗普通羽绒服2件不分长短49元   *   1",,
东惠苑_站点-东惠苑,东惠苑,东惠苑,快递,2025-04-13 18:56:06,,1,0.27,0,6.00,0.00,2.80,6-3.2,2,1911372792907878400,极兔快递,JT0016081632998,服饰,广东省,
东惠苑_站点-东惠苑,东惠苑,东惠苑,快递,2025-04-13 18:53:01,,1,0.2,0,6.00,0.00,2.80,6-3.2,2,1911372019545329664,极兔快递,JT0016081550510,服饰,江苏省,
东惠苑_站点-东惠苑,东惠苑,东惠苑,快递,2025-04-13 18:48:49,,1,0.86,0,6.00,0.00,2.80,6-3.2,2,1911370962194845696,极兔快递,JT0016081820619,生活用品,山东省,
东惠苑_站点-东惠苑,东惠苑,东惠苑,快递,2025-04-13 18:23:05,,1,0.2,0,6.00,0.00,2.80,6-3.2,2,1911364484272672768,极兔快递,JT0016079009650,服饰,广东省,
东惠苑_站点-东惠苑,东惠苑,东惠苑,快递,2025-04-13 18:20:55,,1,0.57,0,6.00,0.00,2.80,6-3.2,2,1911363932360986624,极兔快递,JT0016077808331,服饰,广东省,
东惠苑_站点-东惠苑,东惠苑,东惠苑,快递,2025-04-13 18:10:25,,1,0.3,0,6.00,0.00,2.80,6-3.2,2,1911361300166791168,极兔快递,JT0016055836792,服饰,广东省,
东惠苑_站点-东惠苑,东惠苑,东惠苑,快递,2025-04-13 18:04:23,,1,0.64,0,6.00,0.00,2.80,6-3.2,2,1911359750291771392,极兔快递,JT0016071769976,服饰,广东省,
东惠苑_站点-东惠苑,东惠苑,东惠苑,快递,2025-04-13 17:49:53,,1,0.24,0,6.00,0.00,2.80,6-3.2,2,1911356131861516288,极兔快递,JT0016080786948,服饰,广东省,
东惠苑_站点-东惠苑,东惠苑,东惠苑,快递,2025-04-13 17:34:40,,1,0.37,0,6.00,0.00,2.80,6-3.2,2,1911352292966060032,极兔快递,JT0016071066459,服饰,浙江省,
东惠苑_站点-东惠苑,东惠苑,东惠苑,快递,2025-04-13 15:55:52,,1,2.51,-2,6.00,0.00,2.80,6-3.2,2,1911327437256314880,极兔快递,JT0016078421489,服饰,河北省,
东惠苑_站点-东惠苑,东惠苑,东惠苑,快递,2025-04-13 15:16:54,,1,0.4,0,6.00,0.00,2.80,6-3.2,2,1911317631225221120,极兔快递,JT0016077193709,服饰,广东省,
东惠苑_站点-东惠苑,东惠苑,东惠苑,快递,2025-04-13 15:14:33,,1,0.59,0,6.00,0.00,2.80,6-3.2,2,1911317040373616640,极兔快递,JT0016070943523,服饰,河南省,
东惠苑_站点-东惠苑,东惠苑,东惠苑,干洗,2025-04-13 14:59:06,,,,,24.50,,7.35,30%,,1911313142044872704,干洗,,"清洗普通羽绒服2件不分长短49元   *   1",,
东惠苑_站点-东惠苑,东惠苑,东惠苑,快递,2025-04-13 14:47:01,,1,0.38,0,6.00,0.00,2.80,6-3.2,2,1911310098125213696,极兔快递,JT0016077205368,服饰,浙江省,
东惠苑_站点-东惠苑,东惠苑,东惠苑,快递,2025-04-13 14:41:57,,1,0.56,0,6.00,0.00,2.80,6-3.2,2,1911308836352741376,极兔快递,JT0016072091118,服饰,福建省,
东惠苑_站点-东惠苑,东惠苑,东惠苑,快递,2025-04-13 14:25:36,,1,0.75,0,6.00,0.00,2.80,6-3.2,2,1911304718011781120,极兔快递,JT0016074667035,服饰,广东省,
东惠苑_站点-东惠苑,东惠苑,东惠苑,快递,2025-04-13 14:03:58,,1,0.64,0,6.00,0.00,2.80,6-3.2,2,1911299260299530240,极兔快递,JT0016059019967,服饰,辽宁省,
东惠苑_站点-东惠苑,东惠苑,东惠苑,快递,2025-04-13 13:45:25,,1,0.2,0,6.00,0.00,2.80,6-3.2,2,1911294608015282176,极兔快递,JT0016074459828,生活用品,广东省,
东惠苑_站点-东惠苑,东惠苑,东惠苑,快递,2025-04-13 13:24:58,,1,0.9,0,6.00,0.00,2.80,6-3.2,2,1911289465735663616,极兔快递,JT0016075792804,服饰,辽宁省,
东惠苑_站点-东惠苑,东惠苑,东惠苑,干洗,2025-04-13 13:01:24,,,,,9.90,,2.97,30%,,1911283531827302400,干洗,,"清洗鞋19.8元两双   *   1",,
东惠苑_站点-东惠苑,东惠苑,东惠苑,快递,2025-04-13 12:58:33,,1,0.48,0,6.00,0.00,2.80,6-3.2,2,1911282814232219648,极兔快递,JT0016074609259,服饰,广东省,
东惠苑_站点-东惠苑,东惠苑,东惠苑,干洗,2025-04-13 12:40:24,,,,,9.90,,2.97,30%,,1911278243409743872,干洗,,"清洗鞋19.8元两双   *   1",,
东惠苑_站点-东惠苑,东惠苑,东惠苑,快递,2025-04-13 10:56:36,,1,0.2,0,6.00,0.00,2.80,6-3.2,2,1911252126929965056,极兔快递,JT0016073910556,服饰,辽宁省,
东惠苑_站点-东惠苑,东惠苑,东惠苑,快递,2025-04-13 10:54:48,,1,0.59,0,6.00,0.00,2.80,6-3.2,2,1911251669494976512,极兔快递,JT0016073589508,服饰,广东省,
东惠苑_站点-东惠苑,东惠苑,东惠苑,快递,2025-04-13 10:49:45,,1,0.2,0,6.00,0.00,2.80,6-3.2,2,1911250401640763392,极兔快递,JT0016072764982,服饰,江苏省,
东惠苑_站点-东惠苑,东惠苑,东惠苑,快递,2025-04-13 10:48:19,,1,0.88,0,6.00,0.00,2.80,6-3.2,2,1911250040905453568,极兔快递,JT0016072278867,服饰,福建省,
东惠苑_站点-东惠苑,东惠苑,东惠苑,快递,2025-04-13 09:33:16,,1,0.36,0,6.00,0.00,2.80,6-3.2,2,1911231153925181440,极兔快递,JT0016046563013,服饰,湖北省,
东惠苑_站点-东惠苑,东惠苑,东惠苑,快递,2025-04-13 09:18:08,,1,0.2,0,6.00,0.00,2.80,6-3.2,2,1911227341432868864,极兔快递,JT0016069704331,服饰,浙江省,
东惠苑_站点-东惠苑,东惠苑,东惠苑,快递,2025-04-12 20:40:00,,1,0.2,0,6.00,0.00,2.80,6-3.2,2,1911036554849996800,极兔快递,JT0016067849434,生活用品,广东省,
东惠苑_站点-东惠苑,东惠苑,东惠苑,干洗,2025-04-12 20:17:36,,,,,29.50,,8.85,30%,,1911030916690399232,干洗,,"清洗毛呢2件59元   *   1",,
东惠苑_站点-东惠苑,东惠苑,东惠苑,快递,2025-04-12 20:03:00,,1,0.21,0,6.00,0.00,2.80,6-3.2,2,1911027245147672576,极兔快递,JT0016064778473,服饰,辽宁省,
东惠苑_站点-东惠苑,东惠苑,东惠苑,快递,2025-04-12 20:01:04,,1,0.34,0,6.00,0.00,2.80,6-3.2,2,1911026751171907584,极兔快递,JT0016068536423,服饰,吉林省,
东惠苑_站点-东惠苑,东惠苑,东惠苑,快递,2025-04-12 19:59:01,,1,0.83,0,6.00,0.00,2.80,6-3.2,2,1911026197251149824,极兔快递,JT0016065278990,服饰,河北省,
东惠苑_站点-东惠苑,东惠苑,东惠苑,快递,2025-04-12 19:54:43,,4,3.42,0,12.00,1.50,6.00,50% ,2,1911025159257378816,极兔快递,JT0016065768055,液体,陕西省,
东惠苑_站点-东惠苑,东惠苑,东惠苑,快递,2025-04-12 19:36:13,,1,0.71,0,6.00,0.00,2.80,6-3.2,2,1911020503856762880,极兔快递,JT0016061143776,服饰,山东省,
东惠苑_站点-东惠苑,东惠苑,东惠苑,快递,2025-04-12 19:28:20,,1,0.6,0,6.00,0.00,2.80,6-3.2,2,1911018507242229760,极兔快递,JT0016067926895,服饰,福建省,
东惠苑_站点-东惠苑,东惠苑,东惠苑,快递,2025-04-12 19:24:01,,1,0.51,0,6.00,0.00,2.80,6-3.2,2,1911017426546249728,极兔快递,JT0016066445515,服饰,福建省,
东惠苑_站点-东惠苑,东惠苑,东惠苑,快递,2025-04-12 19:20:45,,1,0.29,0,6.00,0.00,2.80,6-3.2,2,1911016602650726400,极兔快递,JT0016066971906,生活用品,广东省,
东惠苑_站点-东惠苑,东惠苑,东惠苑,快递,2025-04-12 18:42:20,,1,0.2,0,6.00,0.00,2.80,6-3.2,2,1911006944502403072,极兔快递,JT0016066764548,服饰,浙江省,
东惠苑_站点-东惠苑,东惠苑,东惠苑,快递,2025-04-12 18:12:02,,1,0.2,0,6.00,0.00,2.80,6-3.2,2,1910999319836545024,极兔快递,JT0016066568174,生活用品,广东省,
东惠苑_站点-东惠苑,东惠苑,东惠苑,快递,2025-04-12 18:00:33,,1,0.21,0,6.00,0.00,2.80,6-3.2,2,1910996426970550272,极兔快递,JT0016063348157,服饰,福建省,
东惠苑_站点-东惠苑,东惠苑,东惠苑,快递,2025-04-12 17:58:19,,1,0.31,0,6.00,0.00,2.80,6-3.2,2,1910995863847489536,极兔快递,JT0016067063796,服饰,广东省,
东惠苑_站点-东惠苑,东惠苑,东惠苑,快递,2025-04-12 17:25:33,,1,0.21,0,6.00,0.00,2.80,6-3.2,2,1910987620194635776,极兔快递,JT0016063789112,生活用品,安徽省,
东惠苑_站点-东惠苑,东惠苑,东惠苑,快递,2025-04-12 17:18:48,,1,0.66,0,6.00,0.00,2.80,6-3.2,2,1910985920708792320,极兔快递,JT0016066179590,服饰,广东省,
东惠苑_站点-东惠苑,东惠苑,东惠苑,快递,2025-04-12 17:17:29,,1,0.64,0,6.00,0.00,2.80,6-3.2,2,1910985584384331776,极兔快递,JT0016059875797,服饰,广东省,
东惠苑_站点-东惠苑,东惠苑,东惠苑,快递,2025-04-12 16:58:44,,1,0.2,0,6.00,0.00,2.80,6-3.2,2,1910980870603198464,极兔快递,JT0016063960401,生活用品,广东省,
东惠苑_站点-东惠苑,东惠苑,东惠苑,快递,2025-04-12 16:40:21,,1,0.2,0,6.00,0.00,2.80,6-3.2,2,1910976245955219456,极兔快递,JT0016056923043,服饰,福建省,
东惠苑_站点-东惠苑,东惠苑,东惠苑,快递,2025-04-12 16:37:22,,1,0.21,0,6.00,0.00,2.80,6-3.2,2,1910975492704358400,极兔快递,JT0016062893946,服饰,江苏省,
东惠苑_站点-东惠苑,东惠苑,东惠苑,快递,2025-04-12 16:26:23,,1,0.53,0,6.00,0.00,2.80,6-3.2,2,1910972730201526272,极兔快递,JT0016063962587,服饰,河南省,
东惠苑_站点-东惠苑,东惠苑,东惠苑,快递,2025-04-12 15:16:54,,1,0.57,0,6.00,0.00,2.80,6-3.2,2,1910955242730475520,极兔快递,JT0016053730250,服饰,浙江省,
东惠苑_站点-东惠苑,东惠苑,东惠苑,快递,2025-04-12 14:34:40,,1,0.2,0,6.00,0.00,2.80,6-3.2,2,1910944615345606656,极兔快递,JT0016057524357,生活用品,安徽省,
东惠苑_站点-东惠苑,东惠苑,东惠苑,快递,2025-04-12 13:05:40,,1,0.3,0,6.00,0.00,2.80,6-3.2,2,1910922216885637120,极兔快递,JT0016058359324,服饰,广东省,
东惠苑_站点-东惠苑,东惠苑,东惠苑,快递,2025-04-12 12:58:28,,1,0.47,0,6.00,0.00,2.80,6-3.2,2,1910920394175336448,极兔快递,JT0016061215897,生活用品,浙江省,
东惠苑_站点-东惠苑,东惠苑,东惠苑,干洗,2025-04-12 12:56:39,,,,,24.50,,7.35,30%,,1910919944990543872,干洗,,"清洗普通羽绒服2件不分长短49元   *   1",,
东惠苑_站点-东惠苑,东惠苑,东惠苑,快递,2025-04-12 12:50:37,,1,0.28,0,6.00,0.00,2.80,6-3.2,2,1910918428070170624,极兔快递,JT0016054785861,生活用品,陕西省,
东惠苑_站点-东惠苑,东惠苑,东惠苑,快递,2025-04-12 12:29:49,,1,0.43,0,6.00,0.00,2.80,6-3.2,2,1910913179691438080,极兔快递,JT0016059245084,服饰,安徽省,
东惠苑_站点-东惠苑,东惠苑,东惠苑,快递,2025-04-12 12:27:30,,1,0.3,0,6.00,0.00,2.80,6-3.2,2,1910912614789992448,极兔快递,JT0016060542378,生活用品,陕西省,
东惠苑_站点-东惠苑,东惠苑,东惠苑,快递,2025-04-12 12:21:18,,1,0.45,0,6.00,0.00,2.80,6-3.2,2,1910911055054163968,极兔快递,JT0016060846098,服饰,安徽省,
东惠苑_站点-东惠苑,东惠苑,东惠苑,快递,2025-04-12 12:08:50,,4,3.71,0,12.00,1.50,6.00,50% ,2,1910907914594209792,极兔快递,JT0016054482956,生活用品,江苏省,
东惠苑_站点-东惠苑,东惠苑,东惠苑,快递,2025-04-12 12:07:44,,3,0.3,2,10.00,0.00,5.50,55% ,2,1910907638193770496,极兔快递,JT0016058975318,生活用品,福建省,
东惠苑_站点-东惠苑,东惠苑,东惠苑,快递,2025-04-12 12:06:02,,5,5.2,-1,15.00,4.50,7.50,50% ,2,1910907211465281536,极兔快递,JT0016056162880,生活用品,福建省,
东惠苑_站点-东惠苑,东惠苑,东惠苑,快递,2025-04-12 12:04:52,,2,1.17,0,8.00,0.00,4.08,51% ,2,1910906872347414528,极兔快递,JT0016060471078,服饰,福建省,
东惠苑_站点-东惠苑,东惠苑,东惠苑,快递,2025-04-12 12:03:51,,2,1.58,0,8.00,0.00,4.08,51% ,2,1910906663945031680,极兔快递,JT0016059969996,生活用品,福建省,
东惠苑_站点-东惠苑,东惠苑,东惠苑,快递,2025-04-12 12:02:22,,3,2.22,0,10.00,0.00,5.50,55% ,2,1910906243050819584,极兔快递,JT0016056218605,生活用品,福建省,
东惠苑_站点-东惠苑,东惠苑,东惠苑,快递,2025-04-12 11:58:58,,1,0.3,0,6.00,0.00,2.80,6-3.2,2,1910905431922757632,极兔快递,JT0016059184507,生活用品,陕西省,
东惠苑_站点-东惠苑,东惠苑,东惠苑,快递,2025-04-12 10:54:47,,1,0.95,0,6.00,0.00,2.80,6-3.2,2,1910889269914685440,极兔快递,JT0016058865729,服饰,湖北省,
东惠苑_站点-东惠苑,东惠苑,东惠苑,快递,2025-04-12 10:07:41,,1,0.46,0,6.00,0.00,2.80,6-3.2,2,1910877426718527488,极兔快递,JT0016052096891,服饰,广东省,
东惠苑_站点-东惠苑,东惠苑,东惠苑,快递,2025-04-12 10:05:39,,1,0.7,0,6.00,0.00,2.80,6-3.2,2,1910876908839424000,极兔快递,JT0016057395561,服饰,河北省,
东惠苑_站点-东惠苑,东惠苑,东惠苑,快递,2025-04-12 09:03:14,,2,1.51,0,8.00,0.00,4.08,51% ,2,1910861208552919040,极兔快递,JT0016053478110,生活用品,浙江省,
东惠苑_站点-东惠苑,东惠苑,东惠苑,快递,2025-04-12 08:59:41,,1,0.3,0,6.00,0.00,2.80,6-3.2,2,1910860313316478976,极兔快递,JT0016008199414,服饰,广东省,
东惠苑_站点-东惠苑,东惠苑,东惠苑,快递,2025-04-11 20:07:54,,1,0.45,0,6.00,0.00,2.80,6-3.2,2,1910666076624965632,极兔快递,JT0016053979525,服饰,广东省,
东惠苑_站点-东惠苑,东惠苑,东惠苑,快递,2025-04-11 19:41:59,,1,0.3,0,6.00,0.00,2.80,6-3.2,2,1910659567992098816,极兔快递,JT0016054489093,服饰,广东省,
东惠苑_站点-东惠苑,东惠苑,东惠苑,快递,2025-04-11 19:40:12,,1,0.3,0,6.00,0.00,2.80,6-3.2,2,1910659118568230912,极兔快递,JT0016048450983,服饰,浙江省,
东惠苑_站点-东惠苑,东惠苑,东惠苑,快递,2025-04-11 19:21:31,,1,0.85,0,6.00,0.00,2.80,6-3.2,2,1910654414211698688,极兔快递,JT0016053789034,服饰,广东省,
东惠苑_站点-东惠苑,东惠苑,东惠苑,快递,2025-04-11 19:15:50,,1,0.3,0,6.00,0.00,2.80,6-3.2,2,1910652965964664832,极兔快递,JT0016053191417,服饰,广东省,
东惠苑_站点-东惠苑,东惠苑,东惠苑,快递,2025-04-11 19:06:26,,1,0.31,0,6.00,0.00,2.80,6-3.2,2,1910650619876528128,极兔快递,JT0016053345288,服饰,广东省,
东惠苑_站点-东惠苑,东惠苑,东惠苑,快递,2025-04-11 19:04:26,,1,0.51,0,6.00,0.00,2.80,6-3.2,2,1910650115268202496,极兔快递,JT0016053900955,服饰,广东省,
东惠苑_站点-东惠苑,东惠苑,东惠苑,快递,2025-04-11 19:02:39,,1,0.6,0,6.00,0.00,2.80,6-3.2,2,1910649668574826496,极兔快递,JT0016054029991,服饰,广东省,
东惠苑_站点-东惠苑,东惠苑,东惠苑,快递,2025-04-11 18:24:40,,1,0.3,0,6.00,0.00,2.80,6-3.2,2,1910640109697290240,极兔快递,JT0016052044860,服饰,湖北省,
东惠苑_站点-东惠苑,东惠苑,东惠苑,快递,2025-04-11 18:20:58,,1,0.3,0,6.00,0.00,2.80,6-3.2,2,1910639174191337472,极兔快递,JT0016052960878,服饰,广东省,
东惠苑_站点-东惠苑,东惠苑,东惠苑,快递,2025-04-11 18:18:10,,1,0.78,0,6.00,0.00,2.80,6-3.2,2,1910638467006517248,极兔快递,JT0016050706990,服饰,辽宁省,
东惠苑_站点-东惠苑,东惠苑,东惠苑,快递,2025-04-11 17:56:06,,1,0.3,0,6.00,0.00,2.80,6-3.2,2,1910632921616535552,极兔快递,JT0016049029352,服饰,河北省,
东惠苑_站点-东惠苑,东惠苑,东惠苑,快递,2025-04-11 17:54:10,,1,0.3,0,6.00,0.00,2.80,6-3.2,2,1910632434729144320,极兔快递,JT0016052736621,服饰,广东省,
东惠苑_站点-东惠苑,东惠苑,东惠苑,快递,2025-04-05 17:39:43,2025-04-11 08:44:30,1,,,6.00,,0.00,,2,1908454469384478720,极兔快递,,服饰,广东省,已全额退款
东惠苑_站点-东惠苑,东惠苑,东惠苑,快递,2025-04-11 16:41:21,,1,0.45,0,6.00,0.00,2.80,6-3.2,2,1910614109106130944,极兔快递,JT0016051468581,服饰,河北省,
东惠苑_站点-东惠苑,东惠苑,东惠苑,快递,2025-04-11 16:15:36,,1,0.39,0,6.00,0.00,2.80,6-3.2,2,1910607627190980608,极兔快递,JT0016047720321,服饰,广东省,
东惠苑_站点-东惠苑,东惠苑,东惠苑,快递,2025-04-11 16:12:58,,1,0.3,0,6.00,0.00,2.80,6-3.2,2,1910606967078834176,极兔快递,JT0016046879504,服饰,浙江省,
东惠苑_站点-东惠苑,东惠苑,东惠苑,快递,2025-04-11 15:57:55,,1,0.4,0,6.00,0.00,2.80,6-3.2,2,1910603180318576640,极兔快递,JT0016050678885,服饰,广东省,
东惠苑_站点-东惠苑,东惠苑,东惠苑,快递,2025-04-11 15:29:41,,1,0.3,0,6.00,0.00,2.80,6-3.2,2,1910596062983147520,极兔快递,JT0016047201906,生活用品,广东省,
东惠苑_站点-东惠苑,东惠苑,东惠苑,快递,2025-04-11 15:13:55,,1,0.32,0,6.00,0.00,2.80,6-3.2,2,1910592107154690048,极兔快递,JT0016049441058,服饰,广东省,
东惠苑_站点-东惠苑,东惠苑,东惠苑,快递,2025-04-11 15:05:35,,3,2.59,0,10.00,0.00,5.50,55% ,2,1910589991862325248,极兔快递,JT0016045827740,生活用品,陕西省,
东惠苑_站点-东惠苑,东惠苑,东惠苑,快递,2025-04-11 14:46:03,,5,4.48,0,15.00,3.00,7.50,50% ,2,1910585091979923456,极兔快递,JT0016048165659,生活用品,浙江省,
东惠苑_站点-东惠苑,东惠苑,东惠苑,快递,2025-04-11 14:39:18,,1,0.46,0,6.00,0.00,2.80,6-3.2,2,1910583393777537024,极兔快递,JT0016047466333,服饰,浙江省,
东惠苑_站点-东惠苑,东惠苑,东惠苑,快递,2025-04-11 14:37:59,,1,0.3,0,6.00,0.00,2.80,6-3.2,2,1910583065036378112,极兔快递,JT0016048325369,服饰,浙江省,
东惠苑_站点-东惠苑,东惠苑,东惠苑,快递,2025-04-11 14:35:16,,1,0.59,0,6.00,0.00,2.80,6-3.2,2,1910582380123312128,极兔快递,JT0016048458379,服饰,福建省,
东惠苑_站点-东惠苑,东惠苑,东惠苑,快递,2025-04-11 14:33:27,,1,0.53,0,6.00,0.00,2.80,6-3.2,2,1910581920729583616,极兔快递,JT0016047321674,服饰,福建省,
东惠苑_站点-东惠苑,东惠苑,东惠苑,快递,2025-04-11 14:31:51,,1,0.31,0,6.00,0.00,2.80,6-3.2,2,1910581519305330688,极兔快递,JT0016048726770,服饰,河北省,
东惠苑_站点-东惠苑,东惠苑,东惠苑,快递,2025-04-11 14:30:14,,1,0.3,0,6.00,0.00,2.80,6-3.2,2,1910581050788990976,极兔快递,JT0016043251201,服饰,广东省,
东惠苑_站点-东惠苑,东惠苑,东惠苑,快递,2025-04-11 13:04:56,,1,0.3,0,6.00,0.00,2.80,6-3.2,2,1910559643015237632,极兔快递,JT0016044390005,服饰,广东省,
东惠苑_站点-东惠苑,东惠苑,东惠苑,快递,2025-04-11 13:02:04,,1,0.49,0,6.00,0.00,2.80,6-3.2,2,1910558922937126912,极兔快递,JT0016042517742,服饰,河北省,
东惠苑_站点-东惠苑,东惠苑,东惠苑,快递,2025-04-11 12:43:21,,1,0.2,0,6.00,0.00,2.80,6-3.2,2,1910554213912334336,极兔快递,JT0016047039425,服饰,安徽省,
东惠苑_站点-东惠苑,东惠苑,东惠苑,快递,2025-04-11 11:59:52,,1,0.46,0,6.00,0.00,2.80,6-3.2,2,1910543272751583232,极兔快递,JT0016043241444,服饰,广东省,
东惠苑_站点-东惠苑,东惠苑,东惠苑,快递,2025-04-11 11:13:29,,1,0.57,0,6.00,0.00,2.80,6-3.2,2,1910531598510379008,极兔快递,JT0016044445665,服饰,福建省,
东惠苑_站点-东惠苑,东惠苑,东惠苑,快递,2025-04-11 11:10:19,,1,0.2,0,6.00,0.00,2.80,6-3.2,2,1910530800766341120,极兔快递,JT0016044851122,生活用品,山东省,
东惠苑_站点-东惠苑,东惠苑,东惠苑,快递,2025-04-11 11:07:15,,1,0.5,0,6.00,0.00,2.80,6-3.2,2,1910530029941346304,极兔快递,JT0016039682143,生活用品,江西省,
东惠苑_站点-东惠苑,东惠苑,东惠苑,快递,2025-04-11 11:05:29,,1,0.2,0,6.00,0.00,2.80,6-3.2,2,1910529583638040576,极兔快递,JT0016039767190,服饰,江西省,
东惠苑_站点-东惠苑,东惠苑,东惠苑,快递,2025-04-11 10:25:15,,2,1.31,0,8.00,0.00,4.08,51% ,2,1910519455090135040,极兔快递,JT0016035978176,服饰,福建省,
东惠苑_站点-东惠苑,东惠苑,东惠苑,干洗,2025-04-11 09:49:51,,,,,29.50,,8.85,30%,,1910510551400632320,干洗,,"清洗毛呢2件59元   *   1",,
东惠苑_站点-东惠苑,东惠苑,东惠苑,干洗,2025-04-11 09:47:13,,,,,29.50,,8.85,30%,,1910509883176701952,干洗,,"清洗毛呢2件59元   *   1",,
东惠苑_站点-东惠苑,东惠苑,东惠苑,快递,2025-04-11 09:10:51,,1,1.0,0,7.00,0.00,2.80,6-3.2,2,1910500734816669696,极兔快递,JT0016033705380,服饰,上海市,
东惠苑_站点-东惠苑,东惠苑,东惠苑,快递,2025-04-11 08:14:05,,2,1.12,0,8.00,0.00,4.08,51% ,2,1910486450493640704,极兔快递,JT0016040501525,服饰,浙江省,
东惠苑_站点-东惠苑,东惠苑,东惠苑,快递,2025-04-10 19:26:30,,1,0.2,0,6.00,0.00,2.80,6-3.2,2,1910293284121399296,极兔快递,JT0016037752488,生活用品,河北省,
东惠苑_站点-东惠苑,东惠苑,东惠苑,快递,2025-04-10 16:19:37,2025-04-10 11:24:42,1,,,6.00,,0.00,,2,1910246252199464960,极兔快递,JT0016033590286,生活用品,河北省,已全额退款
东惠苑_站点-东惠苑,东惠苑,东惠苑,快递,2025-04-10 18:47:43,,1,0.29,0,6.00,0.00,2.80,6-3.2,2,1910283522319241216,极兔快递,JT0016038983061,生活用品,河南省,
东惠苑_站点-东惠苑,东惠苑,东惠苑,快递,2025-04-10 18:45:56,,1,0.24,0,6.00,0.00,2.80,6-3.2,2,1910283074329825280,极兔快递,JT0016036690441,服饰,广东省,
东惠苑_站点-东惠苑,东惠苑,东惠苑,快递,2025-04-10 18:38:13,,1,0.36,0,6.00,0.00,2.80,6-3.2,2,1910281132455153664,极兔快递,JT0016032949461,服饰,浙江省,
东惠苑_站点-东惠苑,东惠苑,东惠苑,快递,2025-04-10 18:27:14,,1,0.2,0,6.00,0.00,2.80,6-3.2,2,1910278368652087296,极兔快递,JT0016037501536,生活用品,广东省,
东惠苑_站点-东惠苑,东惠苑,东惠苑,干洗,2025-04-10 18:21:38,,,,,29.50,,8.85,30%,,1910276880513028096,干洗,,"清洗毛呢2件59元   *   1",,
东惠苑_站点-东惠苑,东惠苑,东惠苑,干洗,2025-04-10 18:14:33,,,,,29.50,,8.85,30%,,1910275172558884864,干洗,,"清洗毛呢2件59元   *   1",,
东惠苑_站点-东惠苑,东惠苑,东惠苑,快递,2025-04-10 17:58:46,,1,0.25,0,6.00,0.00,2.80,6-3.2,2,1910271194865520640,极兔快递,JT0016037431063,服饰,河北省,
东惠苑_站点-东惠苑,东惠苑,东惠苑,快递,2025-04-10 17:33:25,,1,0.21,0,6.00,0.00,2.80,6-3.2,2,1910264824938287104,极兔快递,JT0016036168990,其他,陕西省,
东惠苑_站点-东惠苑,东惠苑,东惠苑,快递,2025-04-10 16:22:53,2025-04-10 08:27:20,1,,,6.00,,0.00,,2,1910247074106888192,极兔快递,JT0016022707955,服饰,浙江省,已全额退款
东惠苑_站点-东惠苑,东惠苑,东惠苑,快递,2025-04-10 16:25:36,,1,0.38,0,6.00,0.00,2.80,6-3.2,2,1910247758218842112,极兔快递,JT0016031686899,服饰,浙江省,
东惠苑_站点-东惠苑,东惠苑,东惠苑,快递,2025-04-10 16:23:36,,2,1.14,0,8.00,0.00,4.08,51% ,2,1910247254239662080,极兔快递,JT0016034003123,服饰,浙江省,
东惠苑_站点-东惠苑,东惠苑,东惠苑,快递,2025-04-10 16:21:05,,1,0.2,0,6.00,0.00,2.80,6-3.2,2,1910246619331088384,极兔快递,JT0016035869970,服饰,山东省,
东惠苑_站点-东惠苑,东惠苑,东惠苑,快递,2025-04-10 16:13:29,,1,0.2,0,6.00,0.00,2.80,6-3.2,2,1910244706799767552,极兔快递,JT0016034321257,服饰,广东省,
东惠苑_站点-东惠苑,东惠苑,东惠苑,快递,2025-04-10 15:20:55,,1,0.42,0,6.00,0.00,2.80,6-3.2,2,1910231477834928128,极兔快递,JT0016033557391,服饰,广东省,
东惠苑_站点-东惠苑,东惠苑,东惠苑,快递,2025-04-10 15:18:58,,1,0.57,0,6.00,0.00,2.80,6-3.2,2,1910230988288348160,极兔快递,JT0016032623335,服饰,浙江省,
东惠苑_站点-东惠苑,东惠苑,东惠苑,快递,2025-04-10 14:12:03,,1,0.6,0,6.00,0.00,2.52,42% ,2,1910214148057124864,韵达快递,312707259500031,生活用品,广东省,
东惠苑_站点-东惠苑,东惠苑,东惠苑,快递,2025-04-10 14:08:13,,1,0.41,0,6.00,0.00,2.80,6-3.2,2,1910212837580394496,极兔快递,JT0016030558539,服饰,安徽省,
东惠苑_站点-东惠苑,东惠苑,东惠苑,快递,2025-04-10 13:49:24,,1,0.2,0,6.00,0.00,2.80,6-3.2,2,1910208448694243328,极兔快递,JT0016031697899,服饰,广东省,
东惠苑_站点-东惠苑,东惠苑,东惠苑,快递,2025-04-10 13:48:04,,1,0.2,0,6.00,0.00,2.80,6-3.2,2,1910208105528872960,极兔快递,JT0016032882396,服饰,吉林省,
东惠苑_站点-东惠苑,东惠苑,东惠苑,快递,2025-04-10 13:43:38,,1,0.33,0,6.00,0.00,2.80,6-3.2,2,1910206979446329344,极兔快递,JT0016029042817,服饰,山西省,
东惠苑_站点-东惠苑,东惠苑,东惠苑,快递,2025-04-10 13:42:43,,1,0.28,0,6.00,0.00,2.80,6-3.2,2,1910206767009026048,极兔快递,JT0016031117129,服饰,山西省,
东惠苑_站点-东惠苑,东惠苑,东惠苑,快递,2025-04-10 10:14:02,2025-04-10 02:17:36,1,,,6.00,,0.00,,2,1910154250766176256,极兔快递,,食品,福建省,已全额退款
东惠苑_站点-东惠苑,东惠苑,东惠苑,快递,2025-04-10 10:16:45,,5,4.59,0,15.00,3.00,7.50,50% ,2,1910154933041025024,极兔快递,JT0016023458268,食品,福建省,
东惠苑_站点-东惠苑,东惠苑,东惠苑,快递,2025-04-10 10:16:04,,6,5.24,0,18.00,4.50,9.00,50% ,2,1910154738798612480,极兔快递,JT0016027097139,服饰,福建省,
东惠苑_站点-东惠苑,东惠苑,东惠苑,快递,2025-04-10 10:14:28,,3,2.65,0,10.00,0.00,5.50,55% ,2,1910154359973269504,极兔快递,JT0016022742698,食品,福建省,
东惠苑_站点-东惠苑,东惠苑,东惠苑,快递,2025-04-10 10:13:23,,3,2.67,0,10.00,0.00,5.50,55% ,2,1910154089251917824,极兔快递,JT0016025067470,食品,湖北省,
东惠苑_站点-东惠苑,东惠苑,东惠苑,快递,2025-04-10 09:55:55,,1,0.37,0,6.00,0.00,2.80,6-3.2,2,1910149688110010368,极兔快递,JT0016027526033,服饰,广东省,
东惠苑_站点-东惠苑,东惠苑,东惠苑,快递,2025-04-10 09:30:23,,1,0.26,0,6.00,0.00,2.80,6-3.2,2,1910143264181112832,极兔快递,JT0016023354974,服饰,山西省,
东惠苑_站点-东惠苑,东惠苑,东惠苑,快递,2025-04-10 08:08:44,,1,0.26,0,6.00,0.00,2.80,6-3.2,2,1910122675349409792,极兔快递,JT0016024389911,服饰,江苏省,
东惠苑_站点-东惠苑,东惠苑,东惠苑,干洗,2025-04-09 20:58:41,,,,,24.50,,7.35,30%,,1909954090450735104,干洗,,"清洗普通羽绒服2件不分长短49元   *   1",,
东惠苑_站点-东惠苑,东惠苑,东惠苑,干洗,2025-04-09 20:56:20,,,,,24.50,,7.35,30%,,1909953500463157248,干洗,,"清洗普通羽绒服2件不分长短49元   *   1",,
东惠苑_站点-东惠苑,东惠苑,东惠苑,干洗,2025-04-09 20:51:20,,,,,24.50,,7.35,30%,,1909952221913468928,干洗,,"清洗普通羽绒服2件不分长短49元   *   1",,
东惠苑_站点-东惠苑,东惠苑,东惠苑,干洗,2025-04-09 20:46:42,,,,,9.90,,2.97,30%,,1909951072242159616,干洗,,"清洗鞋19.8元两双   *   1",,
东惠苑_站点-东惠苑,东惠苑,东惠苑,干洗,2025-04-09 20:45:16,,,,,9.90,,2.97,30%,,1909950716737146880,干洗,,"清洗鞋19.8元两双   *   1",,
东惠苑_站点-东惠苑,东惠苑,东惠苑,干洗,2025-04-09 20:42:31,,,,,24.50,,7.35,30%,,1909950020302327808,干洗,,"清洗普通羽绒服2件不分长短49元   *   1",,
东惠苑_站点-东惠苑,东惠苑,东惠苑,干洗,2025-04-09 20:39:54,,,,,24.50,,7.35,30%,,1909949358432768000,干洗,,"清洗普通羽绒服2件不分长短49元   *   1",,
东惠苑_站点-东惠苑,东惠苑,东惠苑,快递,2025-04-09 20:28:35,2025-04-09 12:37:21,1,,,6.00,,0.00,,2,1909946518729576448,极兔快递,JT0016023741838,服饰,陕西省,已全额退款
东惠苑_站点-东惠苑,东惠苑,东惠苑,干洗,2025-04-09 20:33:26,,,,,29.50,,8.85,30%,,1909947735614607360,干洗,,"清洗毛呢2件59元   *   1",,
东惠苑_站点-东惠苑,东惠苑,东惠苑,快递,2025-04-09 20:25:03,,1,0.5,0,6.00,0.00,2.80,6-3.2,2,1909945628249477120,极兔快递,JT0016019482351,服饰,河北省,
东惠苑_站点-东惠苑,东惠苑,东惠苑,快递,2025-04-09 20:23:01,,1,0.2,0,6.00,0.00,2.80,6-3.2,2,1909945116154318848,极兔快递,JT0016020661847,生活用品,陕西省,
东惠苑_站点-东惠苑,东惠苑,东惠苑,快递,2025-04-09 20:16:05,,4,6.96,-3,12.00,6.00,6.00,50% ,2,1909943322732843008,极兔快递,JT0016023402119,服饰,四川省,
东惠苑_站点-东惠苑,东惠苑,东惠苑,快递,2025-04-09 19:55:12,,1,0.35,0,6.00,0.00,2.80,6-3.2,2,1909938115366014976,极兔快递,JT0016020991042,数码产品,广东省,
东惠苑_站点-东惠苑,东惠苑,东惠苑,快递,2025-04-09 19:33:20,,1,0.55,0,6.00,0.00,2.80,6-3.2,2,1909932600758030336,极兔快递,JT0016020850601,服饰,福建省,
东惠苑_站点-东惠苑,东惠苑,东惠苑,快递,2025-04-09 18:56:42,2025-04-09 11:10:32,1,,,6.00,,0.00,,2,1909923392977293312,极兔快递,JT0016018140774,服饰,浙江省,已全额退款
东惠苑_站点-东惠苑,东惠苑,东惠苑,快递,2025-04-09 19:08:02,,1,0.98,0,6.00,0.00,2.80,6-3.2,2,1909926249013104640,极兔快递,JT0016022434865,服饰,浙江省,
东惠苑_站点-东惠苑,东惠苑,东惠苑,快递,2025-04-09 18:52:39,,1,0.2,0,6.00,0.00,2.80,6-3.2,2,1909922374235377664,极兔快递,JT0016022358853,服饰,广东省,
东惠苑_站点-东惠苑,东惠苑,东惠苑,快递,2025-04-09 18:37:19,,2,1.42,0,8.00,0.00,4.08,51% ,2,1909918495670194176,极兔快递,JT0016022427677,服饰,辽宁省,
东惠苑_站点-东惠苑,东惠苑,东惠苑,快递,2025-04-09 17:31:15,,1,0.41,0,6.00,0.00,2.80,6-3.2,2,1909901890224586752,极兔快递,JT0016019077221,服饰,福建省,
东惠苑_站点-东惠苑,东惠苑,东惠苑,快递,2025-04-09 17:28:12,,1,0.76,0,6.00,0.00,2.80,6-3.2,2,1909901095101988864,极兔快递,JT0016020315602,服饰,广东省,
东惠苑_站点-东惠苑,东惠苑,东惠苑,快递,2025-04-09 17:25:31,,1,0.2,0,6.00,0.00,2.80,6-3.2,2,1909900448642301952,极兔快递,JT0016017310780,服饰,浙江省,
东惠苑_站点-东惠苑,东惠苑,东惠苑,快递,2025-04-09 17:15:23,,1,0.24,0,6.00,0.00,2.80,6-3.2,2,1909897897238790144,极兔快递,JT0016016502430,服饰,广东省,
东惠苑_站点-东惠苑,东惠苑,东惠苑,快递,2025-04-09 16:23:45,,1,0.2,0,6.00,0.00,2.80,6-3.2,2,1909884884004290560,极兔快递,JT0016021104409,服饰,广东省,
东惠苑_站点-东惠苑,东惠苑,东惠苑,快递,2025-04-09 16:12:05,,1,0.61,0,6.00,0.00,2.80,6-3.2,2,1909881968799432704,极兔快递,JT0016014813004,服饰,浙江省,
东惠苑_站点-东惠苑,东惠苑,东惠苑,快递,2025-04-09 16:00:30,,1,0.52,0,6.00,0.00,2.80,6-3.2,2,1909879053590380544,极兔快递,JT0016019882641,生活用品,山东省,
东惠苑_站点-东惠苑,东惠苑,东惠苑,快递,2025-04-09 15:44:30,,1,0.2,0,10.00,0.00,2.80,6-3.2,2,1909875024697147392,极兔快递,JT0016019562975,生活用品,内蒙古自治区,
东惠苑_站点-东惠苑,东惠苑,东惠苑,快递,2025-04-09 15:27:38,,1,0.2,0,6.00,0.00,2.80,6-3.2,2,1909870778977800192,极兔快递,JT0016016656763,服饰,浙江省,
东惠苑_站点-东惠苑,东惠苑,东惠苑,快递,2025-04-09 15:26:05,,1,0.37,0,6.00,0.00,2.80,6-3.2,2,1909870390413283328,极兔快递,JT0016013024085,服饰,山东省,
东惠苑_站点-东惠苑,东惠苑,东惠苑,快递,2025-04-09 15:11:51,,1,0.2,0,6.00,0.00,2.80,6-3.2,2,1909866810172166144,极兔快递,JT0016018774661,服饰,广东省,
东惠苑_站点-东惠苑,东惠苑,东惠苑,快递,2025-04-09 14:53:00,,1,0.2,0,6.00,0.00,2.80,6-3.2,2,1909862066745692160,极兔快递,JT0016003817055,生活用品,广东省,
东惠苑_站点-东惠苑,东惠苑,东惠苑,干洗,2025-04-09 14:09:09,,,,,9.90,,2.97,30%,,1909851025492070400,干洗,,"清洗鞋19.8元两双   *   1",,
东惠苑_站点-东惠苑,东惠苑,东惠苑,快递,2025-04-09 13:14:17,,1,,,13.00,,0.00,0%,2,1909837223014879232,顺丰速运,SF3162925532978,服饰,陕西省,
东惠苑_站点-东惠苑,东惠苑,东惠苑,快递,2025-04-09 12:22:33,,1,0.2,0,6.00,0.00,2.80,6-3.2,2,1909824192310595584,极兔快递,JT0016000623535,生活用品,湖北省,
东惠苑_站点-东惠苑,东惠苑,东惠苑,快递,2025-04-09 11:20:58,,1,0.25,0,6.00,0.00,2.80,6-3.2,2,1909808703098245120,极兔快递,JT0016014222902,服饰,山东省,
东惠苑_站点-东惠苑,东惠苑,东惠苑,快递,2025-04-09 11:18:12,,1,1.03,-1,6.00,0.00,2.80,6-3.2,2,1909808010652209152,极兔快递,JT0016015127770,服饰,广东省,
东惠苑_站点-东惠苑,东惠苑,东惠苑,快递,2025-04-09 10:32:57,,1,0.86,0,6.00,0.00,2.80,6-3.2,2,1909796618071101440,极兔快递,JT0016012138353,服饰,浙江省,
东惠苑_站点-东惠苑,东惠苑,东惠苑,快递,2025-04-09 10:30:51,,1,0.54,0,6.00,0.00,2.80,6-3.2,2,1909796093627912192,极兔快递,JT0016013542773,服饰,江苏省,
东惠苑_站点-东惠苑,东惠苑,东惠苑,快递,2025-04-09 10:29:15,,1,0.28,0,6.00,0.00,2.80,6-3.2,2,1909795692623089664,极兔快递,JT0016013981296,服饰,广东省,
东惠苑_站点-东惠苑,东惠苑,东惠苑,快递,2025-04-09 10:18:52,,1,0.72,0,6.00,0.00,2.80,6-3.2,2,1909793078070136832,极兔快递,JT0016003390088,服饰,广东省,
东惠苑_站点-东惠苑,东惠苑,东惠苑,快递,2025-04-09 09:43:58,,1,0.5,0,6.00,0.00,2.80,6-3.2,2,1909784296942391296,极兔快递,JT0016012440582,服饰,广东省,
东惠苑_站点-东惠苑,东惠苑,东惠苑,快递,2025-04-09 08:20:20,,1,0.21,0,6.00,0.00,2.80,6-3.2,2,1909763243566354432,极兔快递,JT0016005959651,服饰,河北省,
东惠苑_站点-东惠苑,东惠苑,东惠苑,快递,2025-04-08 20:05:18,,1,0.2,0,6.00,0.00,2.80,6-3.2,2,1909578271878467584,极兔快递,JT0016004099798,服饰,湖北省,
东惠苑_站点-东惠苑,东惠苑,东惠苑,快递,2025-04-08 20:02:56,,1,0.57,0,6.00,0.00,2.80,6-3.2,2,1909577674240479232,极兔快递,JT0016007448873,服饰,广东省,
东惠苑_站点-东惠苑,东惠苑,东惠苑,快递,2025-04-08 19:38:21,,1,0.2,0,6.00,0.00,2.80,6-3.2,2,1909571486639640576,极兔快递,JT0016006316023,服饰,广东省,
东惠苑_站点-东惠苑,东惠苑,东惠苑,快递,2025-04-08 19:21:13,,1,0.75,0,6.00,0.00,2.80,6-3.2,2,1909567174752522240,极兔快递,JT0016006102834,服饰,浙江省,
东惠苑_站点-东惠苑,东惠苑,东惠苑,快递,2025-04-08 19:18:40,,1,0.61,0,6.00,0.00,2.80,6-3.2,2,1909566537885208576,极兔快递,JT0016006847081,服饰,浙江省,
东惠苑_站点-东惠苑,东惠苑,东惠苑,快递,2025-04-08 19:15:26,,1,0.23,0,6.00,0.00,2.80,6-3.2,2,1909565722353127424,极兔快递,JT0016006976289,生活用品,广东省,
东惠苑_站点-东惠苑,东惠苑,东惠苑,快递,2025-04-08 19:08:42,2025-04-08 11:13:05,1,,,6.00,,0.00,,2,1909564031054565376,极兔快递,JT0016007786021,生活用品,广东省,已全额退款
东惠苑_站点-东惠苑,东惠苑,东惠苑,快递,2025-04-08 19:05:51,,1,0.2,0,6.00,0.00,2.80,6-3.2,2,1909563311723040768,极兔快递,JT0016005672908,服饰,浙江省,
东惠苑_站点-东惠苑,东惠苑,东惠苑,快递,2025-04-08 18:28:47,,1,0.22,0,6.00,0.00,2.80,6-3.2,2,1909553983456727040,极兔快递,JT0016002405727,服饰,浙江省,
东惠苑_站点-东惠苑,东惠苑,东惠苑,快递,2025-04-08 18:03:01,,1,0.57,0,6.00,0.00,2.80,6-3.2,2,1909547497833811968,极兔快递,JT0016007180901,服饰,浙江省,
东惠苑_站点-东惠苑,东惠苑,东惠苑,快递,2025-04-08 18:01:42,,1,0.57,0,6.00,0.00,2.80,6-3.2,2,1909547124414926848,极兔快递,JT0016004277968,服饰,江苏省,
东惠苑_站点-东惠苑,东惠苑,东惠苑,快递,2025-04-08 17:54:31,,1,0.92,0,6.00,0.00,2.80,6-3.2,2,1909545343270178816,极兔快递,JT0016006002468,服饰,福建省,
东惠苑_站点-东惠苑,东惠苑,东惠苑,快递,2025-04-08 17:24:20,,1,0.2,0,6.00,0.00,2.80,6-3.2,2,1909537763701477376,极兔快递,JT0016004900494,服饰,河北省,
东惠苑_站点-东惠苑,东惠苑,东惠苑,快递,2025-04-08 17:21:39,,1,0.51,0,6.00,0.00,2.80,6-3.2,2,1909537084639465472,极兔快递,JT0016006144242,服饰,江苏省,
东惠苑_站点-东惠苑,东惠苑,东惠苑,快递,2025-04-08 17:20:24,,1,0.32,0,6.00,0.00,2.80,6-3.2,2,1909536774101585920,极兔快递,JT0016006698471,服饰,江苏省,
东惠苑_站点-东惠苑,东惠苑,东惠苑,快递,2025-04-08 17:16:25,,1,0.45,0,6.00,0.00,2.80,6-3.2,2,1909535770996035584,极兔快递,JT0015986829074,服饰,江苏省,
东惠苑_站点-东惠苑,东惠苑,东惠苑,快递,2025-04-08 17:04:49,,2,1.06,0,8.00,0.00,4.08,51% ,2,1909532830667296768,极兔快递,JT0016001505698,服饰,河北省,
东惠苑_站点-东惠苑,东惠苑,东惠苑,快递,2025-04-08 16:35:33,,1,0.95,0,6.00,0.00,2.80,6-3.2,2,1909525485946064896,极兔快递,JT0016004223989,生活用品,吉林省,
东惠苑_站点-东惠苑,东惠苑,东惠苑,快递,2025-04-08 15:39:02,,1,0.49,0,6.00,0.00,2.80,6-3.2,2,1909511263077978112,极兔快递,JT0016004370453,服饰,广东省,
东惠苑_站点-东惠苑,东惠苑,东惠苑,快递,2025-04-08 15:37:27,,1,0.28,0,6.00,0.00,2.80,6-3.2,2,1909510861272043520,极兔快递,JT0016005030824,服饰,广东省,
东惠苑_站点-东惠苑,东惠苑,东惠苑,快递,2025-04-08 15:27:50,,1,0.36,0,6.00,0.00,2.80,6-3.2,2,1909508416424824832,极兔快递,JT0015998883154,服饰,浙江省,
东惠苑_站点-东惠苑,东惠苑,东惠苑,快递,2025-04-08 14:13:17,,1,0.2,0,7.00,0.00,2.80,6-3.2,2,1909489685053231104,极兔快递,JT0016001933183,服饰,上海市,
东惠苑_站点-东惠苑,东惠苑,东惠苑,快递,2025-04-08 14:12:04,,1,0.2,0,6.00,0.00,2.80,6-3.2,2,1909489371935854592,极兔快递,JT0016001140179,服饰,广东省,
东惠苑_站点-东惠苑,东惠苑,东惠苑,快递,2025-04-08 14:10:13,,1,0.57,0,6.00,0.00,2.80,6-3.2,2,1909488911158005760,极兔快递,JT0016002529785,服饰,湖南省,
东惠苑_站点-东惠苑,东惠苑,东惠苑,快递,2025-04-08 14:01:26,,1,0.2,0,6.00,0.00,2.80,6-3.2,2,1909486699669278720,极兔快递,JT0016001920563,生活用品,广东省,
东惠苑_站点-东惠苑,东惠苑,东惠苑,快递,2025-04-08 13:25:21,,2,2.15,-1,8.00,0.00,4.08,51% ,2,1909477612009213952,极兔快递,JT0016001693765,服饰,陕西省,
东惠苑_站点-东惠苑,东惠苑,东惠苑,快递,2025-04-08 12:36:19,,6,6.0,0,18.00,6.00,9.00,50% ,2,1909465278578610176,极兔快递,JT0015999864706,生鲜类,福建省,
东惠苑_站点-东惠苑,东惠苑,东惠苑,快递,2025-04-08 12:33:16,,7,6.94,0,21.00,6.00,10.50,50% ,2,1909464507724255232,极兔快递,JT0016000565611,生鲜类,福建省,
东惠苑_站点-东惠苑,东惠苑,东惠苑,快递,2025-04-08 12:31:17,,6,6.13,-1,18.00,6.00,9.00,50% ,2,1909464007914213376,极兔快递,JT0015997299394,生鲜类,四川省,
东惠苑_站点-东惠苑,东惠苑,东惠苑,快递,2025-04-08 12:30:44,,6,6.05,-1,18.00,6.00,9.00,50% ,2,1909463825633955840,极兔快递,JT0015995214407,生鲜类,四川省,
东惠苑_站点-东惠苑,东惠苑,东惠苑,快递,2025-04-08 12:27:45,,4,3.92,0,12.00,1.50,6.00,50% ,2,1909463093602078720,极兔快递,JT0015997720574,生鲜类,湖北省,
东惠苑_站点-东惠苑,东惠苑,东惠苑,快递,2025-04-08 12:26:48,,4,3.94,0,12.00,1.50,6.00,50% ,2,1909462880590155776,极兔快递,JT0015988757375,生鲜类,江苏省,
东惠苑_站点-东惠苑,东惠苑,东惠苑,快递,2025-04-08 12:25:49,,5,5.23,-1,15.00,4.50,7.50,50% ,2,1909462638557843456,极兔快递,JT0015989376383,生鲜类,福建省,
东惠苑_站点-东惠苑,东惠苑,东惠苑,快递,2025-04-08 12:24:28,,5,5.04,-1,15.00,4.50,7.50,50% ,2,1909462299372867584,极兔快递,JT0015990226173,生鲜类,吉林省,
东惠苑_站点-东惠苑,东惠苑,东惠苑,快递,2025-04-08 11:06:58,,1,1.08,-1,6.00,0.00,2.80,6-3.2,2,1909442794575810560,极兔快递,JT0015996886245,服饰,福建省,
东惠苑_站点-东惠苑,东惠苑,东惠苑,快递,2025-04-08 10:42:56,,1,0.46,0,6.00,0.00,2.80,6-3.2,2,1909436748200513536,极兔快递,JT0015996616228,服饰,河北省,
东惠苑_站点-东惠苑,东惠苑,东惠苑,快递,2025-04-08 10:39:02,,1,0.4,0,6.00,0.00,2.80,6-3.2,2,1909435764241960960,极兔快递,JT0015998733461,服饰,广东省,
东惠苑_站点-东惠苑,东惠苑,东惠苑,快递,2025-04-08 10:31:20,,15,15.34,-1,45.00,15.00,22.50,50% ,2,1909433824938397696,韵达快递,312705217044991,生活用品,河北省,
东惠苑_站点-东惠苑,东惠苑,东惠苑,快递,2025-04-08 10:20:54,,1,0.26,0,6.00,0.00,2.80,6-3.2,2,1909431198683336704,极兔快递,JT0015997697770,生活用品,福建省,
东惠苑_站点-东惠苑,东惠苑,东惠苑,快递,2025-04-08 09:09:07,,1,0.21,0,6.00,0.00,2.80,6-3.2,2,1909413133264035840,极兔快递,JT0015994521108,服饰,浙江省,
东惠苑_站点-东惠苑,东惠苑,东惠苑,快递,2025-04-08 08:45:17,,1,0.9,0,6.00,0.00,2.80,6-3.2,2,1909407088294699008,极兔快递,JT0015995677678,服饰,浙江省,
东惠苑_站点-东惠苑,东惠苑,东惠苑,快递,2025-04-08 08:40:50,,2,1.43,0,8.00,0.00,4.08,51% ,2,1909406015450456064,极兔快递,JT0015994586287,服饰,浙江省,
东惠苑_站点-东惠苑,东惠苑,东惠苑,快递,2025-04-07 20:32:37,,1,0.29,0,6.00,0.00,2.80,6-3.2,2,1909222756330446848,极兔快递,JT0015989848494,服饰,浙江省,
东惠苑_站点-东惠苑,东惠苑,东惠苑,快递,2025-04-07 20:30:28,,5,5.87,-1,15.00,4.50,7.50,50% ,2,1909222211473580032,极兔快递,JT0015992052316,生活用品,河南省,
东惠苑_站点-东惠苑,东惠苑,东惠苑,快递,2025-04-07 20:14:38,,1,0.49,0,6.00,0.00,2.80,6-3.2,2,1909218220597518336,极兔快递,JT0015989229831,服饰,湖北省,
东惠苑_站点-东惠苑,东惠苑,东惠苑,快递,2025-04-07 20:10:46,,1,0.34,0,6.00,0.00,2.80,6-3.2,2,1909217259518894080,极兔快递,JT0015994082331,服饰,浙江省,
东惠苑_站点-东惠苑,东惠苑,东惠苑,快递,2025-04-07 20:08:00,,1,0.9,0,6.00,0.00,2.80,6-3.2,2,1909216559233703936,极兔快递,JT0015988680087,服饰,广东省,
东惠苑_站点-东惠苑,东惠苑,东惠苑,快递,2025-04-07 19:49:21,,2,1.12,0,8.00,0.00,4.08,51% ,2,1909211868621905920,极兔快递,JT0015991923557,服饰,江苏省,
东惠苑_站点-东惠苑,东惠苑,东惠苑,快递,2025-04-07 19:47:19,,1,0.35,0,6.00,0.00,2.80,6-3.2,2,1909211356866486272,极兔快递,JT0015992758318,服饰,广东省,
东惠苑_站点-东惠苑,东惠苑,东惠苑,干洗,2025-04-07 19:26:45,,,,,9.90,,2.97,30%,,1909206179140804608,干洗,,"清洗鞋19.8元两双   *   1",,
东惠苑_站点-东惠苑,东惠苑,东惠苑,干洗,2025-04-07 19:25:28,,,,,9.90,,2.97,30%,,1909205857609654272,干洗,,"清洗鞋19.8元两双   *   1",,
东惠苑_站点-东惠苑,东惠苑,东惠苑,干洗,2025-04-07 19:23:57,,,,,9.90,,2.97,30%,,1909205472685793280,干洗,,"清洗鞋19.8元两双   *   1",,
东惠苑_站点-东惠苑,东惠苑,东惠苑,干洗,2025-04-07 19:21:18,,,,,9.90,,2.97,30%,,1909204805107785728,干洗,,"清洗鞋19.8元两双   *   1",,
东惠苑_站点-东惠苑,东惠苑,东惠苑,干洗,2025-04-07 19:14:25,,,,,24.50,,7.35,30%,,1909203077788540928,干洗,,"清洗普通羽绒服2件不分长短49元   *   1",,
东惠苑_站点-东惠苑,东惠苑,东惠苑,快递,2025-04-07 19:08:12,,1,0.64,0,6.00,0.00,2.80,6-3.2,2,1909201496351383552,极兔快递,JT0015990409660,服饰,湖南省,
东惠苑_站点-东惠苑,东惠苑,东惠苑,快递,2025-04-07 19:06:05,,1,0.6,0,6.00,0.00,2.80,6-3.2,2,1909200981970329600,极兔快递,JT0015992557727,服饰,广东省,
东惠苑_站点-东惠苑,东惠苑,东惠苑,干洗,2025-04-07 19:03:44,,,,,24.50,,7.35,30%,,1909200382201634816,干洗,,"清洗普通羽绒服2件不分长短49元   *   1",,
东惠苑_站点-东惠苑,东惠苑,东惠苑,快递,2025-04-07 18:32:15,,1,0.2,0,6.00,0.00,2.80,6-3.2,2,1909192468137189376,极兔快递,JT0015990661962,服饰,广东省,
东惠苑_站点-东惠苑,东惠苑,东惠苑,快递,2025-04-07 17:56:45,,1,0.87,0,6.00,0.00,2.80,6-3.2,2,1909183532159934464,极兔快递,JT0015991330979,服饰,辽宁省,
东惠苑_站点-东惠苑,东惠苑,东惠苑,快递,2025-04-07 17:54:58,,1,0.59,0,6.00,0.00,2.80,6-3.2,2,1909183083772059648,极兔快递,JT0015990340881,服饰,广东省,
东惠苑_站点-东惠苑,东惠苑,东惠苑,干洗,2025-04-07 17:45:45,,,,,9.90,,2.97,30%,,1909180762635837440,干洗,,"清洗鞋19.8元两双   *   1",,
东惠苑_站点-东惠苑,东惠苑,东惠苑,快递,2025-04-07 17:42:51,,1,0.2,0,6.00,0.00,2.80,6-3.2,2,1909180032453648384,极兔快递,JT0015984272566,服饰,广东省,
东惠苑_站点-东惠苑,东惠苑,东惠苑,干洗,2025-04-07 17:40:34,,,,,9.90,,2.97,30%,,1909179457255186432,干洗,,"清洗鞋19.8元两双   *   1",,
东惠苑_站点-东惠苑,东惠苑,东惠苑,快递,2025-04-07 17:02:33,,1,0.58,0,6.00,0.00,2.80,6-3.2,2,1909169744056623104,极兔快递,JT0015979298717,服饰,浙江省,
东惠苑_站点-东惠苑,东惠苑,东惠苑,快递,2025-04-07 17:00:40,,1,0.82,0,6.00,0.00,2.80,6-3.2,2,1909169418947731456,极兔快递,JT0015988428135,服饰,浙江省,
东惠苑_站点-东惠苑,东惠苑,东惠苑,快递,2025-04-07 16:37:20,,1,1.37,-1,6.00,0.00,2.80,6-3.2,2,1909163545143746560,极兔快递,JT0015989953622,服饰,福建省,
东惠苑_站点-东惠苑,东惠苑,东惠苑,快递,2025-04-07 16:35:38,,1,0.2,0,6.00,0.00,2.80,6-3.2,2,1909163120780845056,极兔快递,JT0015985548664,服饰,福建省,
东惠苑_站点-东惠苑,东惠苑,东惠苑,快递,2025-04-07 16:34:09,,1,0.22,0,6.00,0.00,2.80,6-3.2,2,1909162745638100992,极兔快递,JT0015989675608,服饰,广东省,
东惠苑_站点-东惠苑,东惠苑,东惠苑,快递,2025-04-07 16:32:20,,1,0.2,0,6.00,0.00,2.80,6-3.2,2,1909162285594255360,极兔快递,JT0015988190350,服饰,山西省,
东惠苑_站点-东惠苑,东惠苑,东惠苑,快递,2025-04-07 16:26:05,,8,7.46,0,24.00,7.50,12.00,50% ,2,1909160690307506176,极兔快递,JT0015989268220,食品,广东省,
东惠苑_站点-东惠苑,东惠苑,东惠苑,干洗,2025-04-07 16:21:37,,,,,29.50,,8.85,30%,,1909159560412340224,干洗,,"清洗毛呢2件59元   *   1",,
东惠苑_站点-东惠苑,东惠苑,东惠苑,快递,2025-04-07 15:42:05,,1,0.49,0,7.00,0.00,2.80,6-3.2,2,1909149642036813824,极兔快递,JT0015988719729,服饰,上海市,
东惠苑_站点-东惠苑,东惠苑,东惠苑,快递,2025-04-07 15:39:44,,1,0.22,0,6.00,0.00,2.80,6-3.2,2,1909149053005537280,极兔快递,JT0015989120464,服饰,广东省,
东惠苑_站点-东惠苑,东惠苑,东惠苑,快递,2025-04-07 15:37:33,,1,0.54,0,6.00,0.00,2.80,6-3.2,2,1909148501496504320,极兔快递,JT0015986869990,服饰,福建省,
东惠苑_站点-东惠苑,东惠苑,东惠苑,快递,2025-04-07 15:10:35,,1,0.69,0,6.00,0.00,2.80,6-3.2,2,1909141715016163328,极兔快递,JT0015987434313,服饰,江西省,
东惠苑_站点-东惠苑,东惠苑,东惠苑,快递,2025-04-07 15:09:18,,1,0.89,0,6.00,0.00,2.80,6-3.2,2,1909141355585282048,极兔快递,JT0015980012084,服饰,浙江省,
东惠苑_站点-东惠苑,东惠苑,东惠苑,快递,2025-04-07 15:08:00,,1,0.98,0,6.00,0.00,2.80,6-3.2,2,1909141065758875648,极兔快递,JT0015986151655,服饰,广东省,
东惠苑_站点-东惠苑,东惠苑,东惠苑,快递,2025-04-07 15:06:27,,1,0.69,0,6.00,0.00,2.80,6-3.2,2,1909140678003859456,极兔快递,JT0015985816643,服饰,浙江省,
东惠苑_站点-东惠苑,东惠苑,东惠苑,快递,2025-04-07 15:05:01,,1,1.04,-1,6.00,0.00,2.80,6-3.2,2,1909140312424128512,极兔快递,JT0015987103369,服饰,广东省,
东惠苑_站点-东惠苑,东惠苑,东惠苑,快递,2025-04-07 15:03:53,,1,0.7,0,6.00,0.00,2.80,6-3.2,2,1909140027479891968,极兔快递,JT0015976730686,服饰,浙江省,
东惠苑_站点-东惠苑,东惠苑,东惠苑,快递,2025-04-07 15:02:27,,1,0.73,0,6.00,0.00,2.80,6-3.2,2,1909139667566665728,极兔快递,JT0015986455619,服饰,浙江省,
东惠苑_站点-东惠苑,东惠苑,东惠苑,快递,2025-04-07 14:22:11,,1,0.63,0,6.00,0.00,2.80,6-3.2,2,1909129537399758848,极兔快递,JT0015983314217,服饰,福建省,
东惠苑_站点-东惠苑,东惠苑,东惠苑,快递,2025-04-07 14:19:30,,1,0.2,0,6.00,0.00,2.80,6-3.2,2,1909128859726061568,极兔快递,JT0015986434896,服饰,广东省,
东惠苑_站点-东惠苑,东惠苑,东惠苑,快递,2025-04-07 14:05:13,,1,0.33,0,6.00,0.00,2.80,6-3.2,2,1909125263269765120,极兔快递,JT0015982779453,生活用品,广东省,
东惠苑_站点-东惠苑,东惠苑,东惠苑,快递,2025-04-07 13:39:47,,1,0.33,0,6.00,0.00,2.80,6-3.2,2,1909118855375691776,极兔快递,JT0015984451641,服饰,福建省,
东惠苑_站点-东惠苑,东惠苑,东惠苑,快递,2025-04-07 13:39:16,,1,0.27,0,6.00,0.00,2.80,6-3.2,2,1909118730741948416,极兔快递,JT0015985958911,服饰,福建省,
东惠苑_站点-东惠苑,东惠苑,东惠苑,快递,2025-04-07 13:30:32,,1,0.2,0,6.00,0.00,2.80,6-3.2,2,1909116537833988096,极兔快递,JT0015986108069,文件,安徽省,
东惠苑_站点-东惠苑,东惠苑,东惠苑,快递,2025-04-07 13:15:24,,1,0.58,0,6.00,0.00,2.80,6-3.2,2,1909112728428683264,极兔快递,JT0015986021386,服饰,江苏省,
东惠苑_站点-东惠苑,东惠苑,东惠苑,快递,2025-04-07 12:43:50,,1,0.4,0,6.00,0.00,2.80,6-3.2,2,1909104776862965760,极兔快递,JT0015969998543,服饰,广东省,
东惠苑_站点-东惠苑,东惠苑,东惠苑,快递,2025-04-07 11:58:22,,1,0.41,0,6.00,0.00,2.80,6-3.2,2,1909093306292969472,极兔快递,JT0015975258329,生活用品,浙江省,
东惠苑_站点-东惠苑,东惠苑,东惠苑,快递,2025-04-07 11:34:39,,3,2.52,0,10.00,0.00,5.50,55% ,2,1909087368513265664,极兔快递,JT0015982174010,生活用品,江西省,
东惠苑_站点-东惠苑,东惠苑,东惠苑,快递,2025-04-07 11:31:00,,1,0.65,0,6.00,0.00,2.80,6-3.2,2,1909086456726102016,极兔快递,JT0015980379685,服饰,福建省,
东惠苑_站点-东惠苑,东惠苑,东惠苑,快递,2025-04-07 11:22:22,,1,0.98,0,6.00,0.00,2.80,6-3.2,2,1909084280540831744,极兔快递,JT0015982542387,生活用品,安徽省,
东惠苑_站点-东惠苑,东惠苑,东惠苑,干洗,2025-04-07 11:10:06,,,,,29.50,,8.85,30%,,1909081191033282560,干洗,,"清洗毛呢2件59元   *   1",,
东惠苑_站点-东惠苑,东惠苑,东惠苑,干洗,2025-04-07 11:07:10,,,,,29.50,,8.85,30%,,1909080451183222784,干洗,,"清洗毛呢2件59元   *   1",,
东惠苑_站点-东惠苑,东惠苑,东惠苑,快递,2025-04-07 10:54:06,,1,0.61,0,6.00,0.00,2.80,6-3.2,2,1909077148235931648,极兔快递,JT0015981054547,服饰,广东省,
东惠苑_站点-东惠苑,东惠苑,东惠苑,快递,2025-04-07 10:50:30,,1,0.53,0,6.00,0.00,2.80,6-3.2,2,1909076262638002176,极兔快递,JT0015981388748,服饰,安徽省,
东惠苑_站点-东惠苑,东惠苑,东惠苑,快递,2025-04-07 10:43:00,,1,,,6.00,,2.52,42% ,2,1909074371556352000,申通快递,772039710000954,生活用品,河南省,
东惠苑_站点-东惠苑,东惠苑,东惠苑,快递,2025-04-07 10:29:22,,1,3.54,-3,6.00,1.50,2.80,6-3.2,2,1909070934726877184,极兔快递,JT0015980543892,服饰,陕西省,
东惠苑_站点-东惠苑,东惠苑,东惠苑,干洗,2025-04-07 10:26:18,,,,,19.80,,5.94,30%,,1909070164610719744,干洗,,"西装外套   *   1",,
东惠苑_站点-东惠苑,东惠苑,东惠苑,快递,2025-04-07 10:08:16,,1,0.68,0,6.00,0.00,2.80,6-3.2,2,1909065604500496384,极兔快递,JT0015978938658,服饰,湖北省,
东惠苑_站点-东惠苑,东惠苑,东惠苑,快递,2025-04-07 10:02:41,,1,0.37,0,6.00,0.00,2.80,6-3.2,2,1909064231557996544,极兔快递,JT0015979718619,服饰,河北省,
东惠苑_站点-东惠苑,东惠苑,东惠苑,快递,2025-04-07 09:59:18,,1,0.88,0,6.00,0.00,2.80,6-3.2,2,1909063379602579456,极兔快递,JT0015980919383,生活用品,河北省,
东惠苑_站点-东惠苑,东惠苑,东惠苑,快递,2025-04-07 09:34:33,,1,0.36,0,6.00,0.00,2.80,6-3.2,2,1909057146543874048,极兔快递,JT0015980468195,生活用品,安徽省,
东惠苑_站点-东惠苑,东惠苑,东惠苑,快递,2025-04-07 09:27:39,,1,0.23,0,6.00,0.00,2.80,6-3.2,2,1909055411574218752,极兔快递,JT0015976641810,食品,广东省,
东惠苑_站点-东惠苑,东惠苑,东惠苑,快递,2025-04-07 08:55:38,,1,1.5,-1,6.00,0.00,2.80,6-3.2,2,1909047340483420160,极兔快递,JT0015978190072,服饰,广东省,
东惠苑_站点-东惠苑,东惠苑,东惠苑,快递,2025-04-06 19:54:53,,1,0.86,0,6.00,0.00,2.80,6-3.2,2,1908850873701441536,极兔快递,JT0015977502000,服饰,广东省,
东惠苑_站点-东惠苑,东惠苑,东惠苑,快递,2025-04-06 19:48:51,,1,0.2,0,6.00,0.00,2.80,6-3.2,2,1908849354407092224,极兔快递,JT0015975574699,服饰,河北省,
东惠苑_站点-东惠苑,东惠苑,东惠苑,快递,2025-04-06 19:44:34,,1,0.24,0,6.00,0.00,2.80,6-3.2,2,1908848277188190208,极兔快递,JT0015976900153,服饰,河北省,
东惠苑_站点-东惠苑,东惠苑,东惠苑,快递,2025-04-06 19:42:06,,1,0.97,0,6.00,0.00,2.80,6-3.2,2,1908847656296980480,极兔快递,JT0015960977831,服饰,浙江省,
东惠苑_站点-东惠苑,东惠苑,东惠苑,快递,2025-04-06 19:38:23,,1,0.82,0,6.00,0.00,2.80,6-3.2,2,1908846722078679040,极兔快递,JT0015969855054,服饰,湖北省,
东惠苑_站点-东惠苑,东惠苑,东惠苑,干洗,2025-04-06 19:31:38,,,,,24.50,,7.35,30%,,1908845018125901824,干洗,,"清洗普通羽绒服2件不分长短49元   *   1",,
东惠苑_站点-东惠苑,东惠苑,东惠苑,干洗,2025-04-06 19:27:54,,,,,24.50,,7.35,30%,,1908844082175352832,干洗,,"清洗普通羽绒服2件不分长短49元   *   1",,
东惠苑_站点-东惠苑,东惠苑,东惠苑,干洗,2025-04-06 19:15:30,,,,,9.90,,2.97,30%,,1908840861629358080,干洗,,"清洗鞋19.8元两双   *   1",,
东惠苑_站点-东惠苑,东惠苑,东惠苑,干洗,2025-04-06 19:10:19,,,,,24.50,,7.35,30%,,1908839654877765632,干洗,,"清洗普通羽绒服2件不分长短49元   *   1",,
东惠苑_站点-东惠苑,东惠苑,东惠苑,快递,2025-04-06 19:03:15,,1,0.83,0,6.00,0.00,2.80,6-3.2,2,1908837879886061568,极兔快递,JT0015968156738,服饰,福建省,
东惠苑_站点-东惠苑,东惠苑,东惠苑,干洗,2025-04-06 18:53:32,,,,,24.50,,7.35,30%,,1908835308744155136,干洗,,"清洗普通羽绒服2件不分长短49元   *   1",,
东惠苑_站点-东惠苑,东惠苑,东惠苑,快递,2025-04-06 18:35:25,,1,0.42,0,6.00,0.00,2.80,6-3.2,2,1908830875096391680,极兔快递,JT0015976847234,服饰,天津市,
东惠苑_站点-东惠苑,东惠苑,东惠苑,快递,2025-04-06 18:10:54,,1,0.83,0,6.00,0.00,2.80,6-3.2,2,1908824703748481024,极兔快递,JT0015976546861,服饰,广东省,
东惠苑_站点-东惠苑,东惠苑,东惠苑,快递,2025-04-06 17:16:29,,1,0.64,0,6.00,0.00,2.80,6-3.2,2,1908811012818804736,极兔快递,JT0015974091927,服饰,辽宁省,
东惠苑_站点-东惠苑,东惠苑,东惠苑,快递,2025-04-06 16:59:34,,1,0.28,0,6.00,0.00,2.80,6-3.2,2,1908806753620533248,极兔快递,JT0015974839603,服饰,河北省,
东惠苑_站点-东惠苑,东惠苑,东惠苑,快递,2025-04-06 16:28:02,2025-04-06 08:31:45,1,,,6.00,,0.00,,2,1908798818324520960,极兔快递,JT0015975002688,服饰,广东省,已全额退款
东惠苑_站点-东惠苑,东惠苑,东惠苑,快递,2025-04-06 16:31:10,,2,1.25,0,8.00,0.00,4.08,51% ,2,1908799607126302720,极兔快递,JT0015974802835,服饰,河北省,
东惠苑_站点-东惠苑,东惠苑,东惠苑,快递,2025-04-06 16:29:24,,3,1.26,1,10.00,0.00,5.50,55% ,2,1908799164996329472,极兔快递,JT0015969248378,生活用品,广东省,
东惠苑_站点-东惠苑,东惠苑,东惠苑,干洗,2025-04-06 15:57:09,,,,,9.90,,2.97,30%,,1908791037626359808,干洗,,"清洗鞋19.8元两双   *   1",,
东惠苑_站点-东惠苑,东惠苑,东惠苑,快递,2025-04-06 15:50:17,,1,0.27,0,6.00,0.00,2.80,6-3.2,2,1908789317252882432,极兔快递,JT0015967692375,生活用品,福建省,
东惠苑_站点-东惠苑,东惠苑,东惠苑,干洗,2025-04-06 15:47:40,,,,,18.00,,5.40,30%,,1908788657803436032,干洗,,"羽绒马甲_儿童羽绒服   *   1",,
东惠苑_站点-东惠苑,东惠苑,东惠苑,快递,2025-04-06 15:40:00,,1,0.41,0,6.00,0.00,2.80,6-3.2,2,1908786725210759168,极兔快递,JT0015973094835,服饰,江苏省,
东惠苑_站点-东惠苑,东惠苑,东惠苑,快递,2025-04-06 15:36:19,,1,0.28,0,6.00,0.00,2.80,6-3.2,2,1908785803067858944,极兔快递,JT0015972822409,服饰,江苏省,
东惠苑_站点-东惠苑,东惠苑,东惠苑,快递,2025-04-06 15:27:54,,1,0.38,0,6.00,0.00,2.80,6-3.2,2,1908783680867475456,极兔快递,JT0015964388321,生活用品,山东省,
东惠苑_站点-东惠苑,东惠苑,东惠苑,干洗,2025-04-06 15:23:41,,,,,24.50,,7.35,30%,,1908782621004603392,干洗,,"清洗普通羽绒服2件不分长短49元   *   1",,
东惠苑_站点-东惠苑,东惠苑,东惠苑,干洗,2025-04-06 15:19:32,,,,,24.50,,7.35,30%,,1908781577222692864,干洗,,"清洗普通羽绒服2件不分长短49元   *   1",,
东惠苑_站点-东惠苑,东惠苑,东惠苑,干洗,2025-04-06 14:41:02,,,,,9.90,,2.97,30%,,1908771888531447808,干洗,,"清洗鞋19.8元两双   *   1",,
东惠苑_站点-东惠苑,东惠苑,东惠苑,干洗,2025-04-06 14:38:17,,,,,9.90,,2.97,30%,,1908771189974310912,干洗,,"清洗鞋19.8元两双   *   1",,
东惠苑_站点-东惠苑,东惠苑,东惠苑,快递,2025-04-06 14:17:55,,1,0.2,0,6.00,0.00,2.80,6-3.2,2,1908766074815062016,极兔快递,JT0015970642397,服饰,广东省,
东惠苑_站点-东惠苑,东惠苑,东惠苑,快递,2025-04-06 14:15:20,,1,0.2,0,6.00,0.00,2.80,6-3.2,2,1908765423842304000,极兔快递,JT0015971202242,服饰,广东省,
东惠苑_站点-东惠苑,东惠苑,东惠苑,快递,2025-04-06 14:13:24,,1,0.2,0,6.00,0.00,2.80,6-3.2,2,1908764935281385472,极兔快递,JT0015969562934,服饰,山东省,
东惠苑_站点-东惠苑,东惠苑,东惠苑,快递,2025-04-06 14:10:26,,1,0.2,0,6.00,0.00,2.80,6-3.2,2,1908764192801497088,极兔快递,JT0015964010492,服饰,辽宁省,
东惠苑_站点-东惠苑,东惠苑,东惠苑,快递,2025-04-06 14:07:34,,1,0.3,0,6.00,0.00,2.80,6-3.2,2,1908763469430857728,极兔快递,JT0015959516191,服饰,辽宁省,
东惠苑_站点-东惠苑,东惠苑,东惠苑,快递,2025-04-06 14:05:33,,1,0.66,0,6.00,0.00,2.80,6-3.2,2,1908762961899102208,极兔快递,JT0015969484796,服饰,广东省,
东惠苑_站点-东惠苑,东惠苑,东惠苑,快递,2025-04-06 13:52:29,,10,9.88,0,30.00,10.50,15.00,50% ,2,1908759649246191616,极兔快递,JT0015970327410,生活用品,山东省,
东惠苑_站点-东惠苑,东惠苑,东惠苑,快递,2025-04-06 13:47:41,,1,0.4,0,6.00,0.00,2.80,6-3.2,2,1908758463340290048,极兔快递,JT0015968867808,服饰,广东省,
东惠苑_站点-东惠苑,东惠苑,东惠苑,快递,2025-04-06 13:29:35,,1,0.2,0,6.00,0.00,2.80,6-3.2,2,1908753910708510720,极兔快递,JT0015970854388,服饰,广东省,
东惠苑_站点-东惠苑,东惠苑,东惠苑,快递,2025-04-06 13:24:10,,1,0.67,0,6.00,0.00,2.80,6-3.2,2,1908752542371356672,极兔快递,JT0015970508943,服饰,福建省,
东惠苑_站点-东惠苑,东惠苑,东惠苑,快递,2025-04-06 12:22:19,,1,0.2,0,6.00,0.00,2.80,6-3.2,2,1908736980677238784,极兔快递,JT0015966599307,服饰,安徽省,
东惠苑_站点-东惠苑,东惠苑,东惠苑,快递,2025-04-06 11:59:18,,1,0.2,0,7.00,0.00,2.80,6-3.2,2,1908731191648526336,极兔快递,JT0015960632468,生活用品,上海市,
东惠苑_站点-东惠苑,东惠苑,东惠苑,干洗,2025-04-06 10:53:31,,,,,29.50,,8.85,30%,,1908714632892850176,干洗,,"清洗毛呢2件59元   *   1",,
东惠苑_站点-东惠苑,东惠苑,东惠苑,快递,2025-04-06 10:50:23,,1,0.2,0,6.00,0.00,2.80,6-3.2,2,1908713846569902080,极兔快递,JT0015968362875,文件,陕西省,
东惠苑_站点-东惠苑,东惠苑,东惠苑,快递,2025-04-06 10:32:38,,1,0.2,0,6.00,0.00,2.80,6-3.2,2,1908709380114292736,极兔快递,JT0015959442388,生活用品,安徽省,
东惠苑_站点-东惠苑,东惠苑,东惠苑,快递,2025-04-06 09:26:50,,1,0.2,0,6.00,0.00,2.80,6-3.2,2,1908692789247025152,极兔快递,JT0015962170486,服饰,浙江省,
东惠苑_站点-东惠苑,东惠苑,东惠苑,快递,2025-04-05 20:13:41,,1,0.24,0,6.00,0.00,2.80,6-3.2,2,1908493214930378752,极兔快递,JT0015957625597,服饰,广东省,
东惠苑_站点-东惠苑,东惠苑,东惠苑,快递,2025-04-05 19:53:12,,1,0.2,0,6.00,0.00,2.80,6-3.2,2,1908488051486302208,极兔快递,JT0015960295843,服饰,广东省,
东惠苑_站点-东惠苑,东惠苑,东惠苑,快递,2025-04-05 19:38:26,,1,0.84,0,6.00,0.00,2.80,6-3.2,2,1908484332807987200,极兔快递,JT0015958601938,服饰,广东省,
东惠苑_站点-东惠苑,东惠苑,东惠苑,快递,2025-04-05 19:35:22,,2,1.58,0,8.00,0.00,4.08,51% ,2,1908483567095848960,极兔快递,JT0015954064471,服饰,广东省,
东惠苑_站点-东惠苑,东惠苑,东惠苑,快递,2025-04-05 19:32:54,,1,0.26,0,6.00,0.00,2.80,6-3.2,2,1908482953515311104,极兔快递,JT0015962806881,生活用品,河南省,
东惠苑_站点-东惠苑,东惠苑,东惠苑,快递,2025-04-05 19:28:32,,1,0.46,0,6.00,0.00,2.80,6-3.2,2,1908481856365076480,极兔快递,JT0015960728565,服饰,广东省,
东惠苑_站点-东惠苑,东惠苑,东惠苑,快递,2025-04-05 19:26:41,,1,0.6,0,6.00,0.00,2.80,6-3.2,2,1908481390302404608,极兔快递,JT0015960132918,服饰,广东省,
东惠苑_站点-东惠苑,东惠苑,东惠苑,快递,2025-04-05 19:24:45,,1,0.35,0,6.00,0.00,2.80,6-3.2,2,1908480894372093952,极兔快递,JT0015962093647,服饰,江苏省,
东惠苑_站点-东惠苑,东惠苑,东惠苑,快递,2025-04-05 19:22:27,,1,0.38,0,6.00,0.00,2.80,6-3.2,2,1908480324286488576,极兔快递,JT0015962715401,服饰,广东省,
东惠苑_站点-东惠苑,东惠苑,东惠苑,快递,2025-04-05 19:19:08,,1,0.4,0,6.00,0.00,2.80,6-3.2,2,1908479488537862144,极兔快递,JT0015963277522,服饰,河南省,
东惠苑_站点-东惠苑,东惠苑,东惠苑,快递,2025-04-05 19:14:52,,1,0.33,0,6.00,0.00,2.80,6-3.2,2,1908478414963810304,极兔快递,JT0015963301919,服饰,广东省,
东惠苑_站点-东惠苑,东惠苑,东惠苑,快递,2025-04-05 19:08:44,,1,0.34,0,6.00,0.00,2.80,6-3.2,2,1908476871963254784,极兔快递,JT0015961178555,服饰,浙江省,
东惠苑_站点-东惠苑,东惠苑,东惠苑,快递,2025-04-05 17:46:26,,1,0.79,0,6.00,0.00,2.80,6-3.2,2,1908456159668019200,极兔快递,JT0015960259495,服饰,浙江省,
东惠苑_站点-东惠苑,东惠苑,东惠苑,快递,2025-04-05 17:41:41,,1,0.22,0,6.00,0.00,2.52,42% ,2,1908454965604196352,韵达快递,312701921118060,服饰,广东省,
东惠苑_站点-东惠苑,东惠苑,东惠苑,快递,2025-04-05 17:21:43,,2,1.71,0,8.00,0.00,4.08,51% ,2,1908449938512748544,极兔快递,JT0015960115685,生活用品,浙江省,
东惠苑_站点-东惠苑,东惠苑,东惠苑,快递,2025-04-05 17:10:34,,1,0.2,0,6.00,0.00,2.80,6-3.2,2,1908447132712116224,极兔快递,JT0015960501034,生活用品,山东省,
东惠苑_站点-东惠苑,东惠苑,东惠苑,快递,2025-04-05 17:08:14,,1,0.2,0,6.00,0.00,2.80,6-3.2,2,1908446533568372736,极兔快递,JT0015959631164,服饰,广东省,
东惠苑_站点-东惠苑,东惠苑,东惠苑,快递,2025-04-05 17:03:03,,1,0.6,0,6.00,0.00,2.80,6-3.2,2,1908445234290434048,极兔快递,JT0015960788811,生活用品,广东省,
东惠苑_站点-东惠苑,东惠苑,东惠苑,快递,2025-04-05 16:07:26,,1,0.46,0,6.00,0.00,2.80,6-3.2,2,1908431245691002880,极兔快递,JT0015958730414,服饰,浙江省,
东惠苑_站点-东惠苑,东惠苑,东惠苑,快递,2025-04-05 15:45:38,,2,1.54,0,8.00,0.00,4.08,51% ,2,1908425761433001984,极兔快递,JT0015959473396,服饰,浙江省,
东惠苑_站点-东惠苑,东惠苑,东惠苑,干洗,2025-04-05 15:43:15,,,,,13.80,,4.14,30%,,1908425156543062016,干洗,,"短袖_衬衣短袖_马甲   *   1",,
东惠苑_站点-东惠苑,东惠苑,东惠苑,快递,2025-04-05 15:32:16,,16,15.86,0,48.00,19.50,24.00,50% ,2,1908422351883280384,极兔快递,JT0015958543264,生活用品,福建省,
东惠苑_站点-东惠苑,东惠苑,东惠苑,快递,2025-04-05 15:27:08,,1,0.69,0,6.00,0.00,2.80,6-3.2,2,1908421102500782080,极兔快递,JT0015958280081,服饰,浙江省,
东惠苑_站点-东惠苑,东惠苑,东惠苑,快递,2025-04-05 15:22:33,,1,0.2,0,6.00,0.00,2.80,6-3.2,2,1908419946282164224,极兔快递,JT0015940099579,服饰,江苏省,
东惠苑_站点-东惠苑,东惠苑,东惠苑,快递,2025-04-05 14:37:43,,1,0.2,0,6.00,0.00,2.80,6-3.2,2,1908408661222039552,极兔快递,JT0015957301997,服饰,河北省,
东惠苑_站点-东惠苑,东惠苑,东惠苑,快递,2025-04-05 12:49:14,,1,0.24,0,6.00,0.00,2.80,6-3.2,2,1908381365547245568,极兔快递,JT0015950525726,服饰,山东省,
东惠苑_站点-东惠苑,东惠苑,东惠苑,快递,2025-04-05 12:38:19,,1,0.73,0,6.00,0.00,2.80,6-3.2,2,1908378618353623040,极兔快递,JT0015955015564,服饰,浙江省,
东惠苑_站点-东惠苑,东惠苑,东惠苑,快递,2025-04-05 11:10:26,,2,1.24,0,8.00,0.00,4.08,51% ,2,1908356503424409600,极兔快递,JT0015953976965,服饰,福建省,
东惠苑_站点-东惠苑,东惠苑,东惠苑,快递,2025-04-05 10:51:29,,1,0.2,0,6.00,0.00,2.80,6-3.2,2,1908351724690284544,极兔快递,JT0015953329407,生活用品,安徽省,
东惠苑_站点-东惠苑,东惠苑,东惠苑,快递,2025-04-05 10:47:13,,1,0.2,0,6.00,0.00,2.80,6-3.2,2,1908350657550295040,极兔快递,JT0015952827232,生活用品,河北省,
东惠苑_站点-东惠苑,东惠苑,东惠苑,快递,2025-04-04 20:20:42,,1,0.37,0,6.00,0.00,2.80,6-3.2,2,1908132592438943744,极兔快递,JT0015950669208,服饰,浙江省,
东惠苑_站点-东惠苑,东惠苑,东惠苑,快递,2025-04-04 19:57:42,,2,1.56,0,8.00,0.00,4.08,51% ,2,1908126806509821952,极兔快递,JT0015947507633,服饰,福建省,
东惠苑_站点-东惠苑,东惠苑,东惠苑,快递,2025-04-04 19:21:42,,1,0.24,0,6.00,0.00,2.80,6-3.2,2,1908117748713201664,极兔快递,JT0015948592982,生活用品,广东省,
东惠苑_站点-东惠苑,东惠苑,东惠苑,快递,2025-04-04 19:19:10,,1,0.47,0,6.00,0.00,2.80,6-3.2,2,1908117108935041024,极兔快递,JT0015948473785,服饰,浙江省,
东惠苑_站点-东惠苑,东惠苑,东惠苑,快递,2025-04-04 19:16:37,,1,0.64,0,6.00,0.00,2.80,6-3.2,2,1908116468028612608,极兔快递,JT0015947584984,服饰,广东省,
东惠苑_站点-东惠苑,东惠苑,东惠苑,快递,2025-04-04 19:14:37,,1,0.66,0,6.00,0.00,2.80,6-3.2,2,1908115959372783616,极兔快递,JT0015949339136,服饰,广东省,
东惠苑_站点-东惠苑,东惠苑,东惠苑,快递,2025-04-04 19:12:33,,1,0.52,0,6.00,0.00,2.80,6-3.2,2,1908115445797036032,极兔快递,JT0015947491584,服饰,湖南省,
东惠苑_站点-东惠苑,东惠苑,东惠苑,快递,2025-04-04 19:10:08,,1,0.75,0,6.00,0.00,2.80,6-3.2,2,1908114837618761728,极兔快递,JT0015947764074,服饰,福建省,
东惠苑_站点-东惠苑,东惠苑,东惠苑,快递,2025-04-04 18:17:59,,1,0.33,0,6.00,0.00,2.80,6-3.2,2,1908101712966262784,极兔快递,JT0015949744750,服饰,浙江省,
东惠苑_站点-东惠苑,东惠苑,东惠苑,快递,2025-04-04 17:58:02,,2,1.17,0,8.00,0.00,4.08,51% ,2,1908096694414417920,极兔快递,JT0015948256398,服饰,浙江省,
东惠苑_站点-东惠苑,东惠苑,东惠苑,快递,2025-04-04 16:42:05,,1,0.97,0,6.00,0.00,2.80,6-3.2,2,1908077559580139520,极兔快递,JT0015948002305,服饰,浙江省,
东惠苑_站点-东惠苑,东惠苑,东惠苑,快递,2025-04-04 16:14:35,,1,0.2,0,6.00,0.00,2.80,6-3.2,2,1908070658872123392,极兔快递,JT0015947693580,数码产品,安徽省,
东惠苑_站点-东惠苑,东惠苑,东惠苑,快递,2025-04-04 15:38:25,,1,0.68,0,6.00,0.00,2.80,6-3.2,2,1908061556431331328,极兔快递,JT0015946674326,服饰,广东省,
东惠苑_站点-东惠苑,东惠苑,东惠苑,快递,2025-04-04 15:36:58,,1,0.44,0,6.00,0.00,2.80,6-3.2,2,1908061177111060480,极兔快递,JT0015941908938,服饰,湖北省,
东惠苑_站点-东惠苑,东惠苑,东惠苑,快递,2025-04-04 15:22:01,,1,0.6,0,6.00,0.00,2.80,6-3.2,2,1908057427290038272,极兔快递,JT0015947238805,服饰,广东省,
东惠苑_站点-东惠苑,东惠苑,东惠苑,快递,2025-04-04 15:09:00,,1,0.2,0,6.00,0.00,2.80,6-3.2,2,1908054154931806208,极兔快递,JT0015947298073,生活用品,浙江省,
东惠苑_站点-东惠苑,东惠苑,东惠苑,快递,2025-04-04 12:45:21,,1,0.2,0,6.00,0.00,2.80,6-3.2,2,1908018001449000960,极兔快递,JT0015945826422,服饰,浙江省,
东惠苑_站点-东惠苑,东惠苑,东惠苑,快递,2025-04-04 12:26:49,,1,0.5,0,6.00,0.00,2.80,6-3.2,2,1908013339824037888,极兔快递,JT0015940973791,服饰,河南省,
东惠苑_站点-东惠苑,东惠苑,东惠苑,快递,2025-04-04 12:24:09,,1,0.67,0,6.00,0.00,2.80,6-3.2,2,1908012664952135680,极兔快递,JT0015939589939,服饰,广东省,
东惠苑_站点-东惠苑,东惠苑,东惠苑,干洗,2025-04-04 11:46:21,,,,,9.90,,2.97,30%,,1908003147891810304,干洗,,"清洗鞋19.8元两双   *   1",,
东惠苑_站点-东惠苑,东惠苑,东惠苑,干洗,2025-04-04 11:44:56,,,,,9.90,,2.97,30%,,1908002792013504512,干洗,,"清洗鞋19.8元两双   *   1",,
东惠苑_站点-东惠苑,东惠苑,东惠苑,快递,2025-04-04 11:30:09,2025-04-04 03:37:04,1,,,6.00,,0.00,,2,1907999072768958464,极兔快递,JT0015945003221,服饰,广东省,已全额退款
东惠苑_站点-东惠苑,东惠苑,东惠苑,快递,2025-04-04 11:34:23,,1,0.74,0,6.00,0.00,2.52,42% ,2,1908000141251125248,韵达快递,312699737797799,服饰,广东省,
东惠苑_站点-东惠苑,东惠苑,东惠苑,快递,2025-04-04 09:55:57,,1,0.59,0,6.00,0.00,2.80,6-3.2,2,1907975372334112768,极兔快递,JT0015943007377,服饰,福建省,
东惠苑_站点-东惠苑,东惠苑,东惠苑,快递,2025-04-04 09:25:02,,1,0.48,0,6.00,0.00,2.52,42% ,2,1907967592780996608,韵达快递,312699421665931,生活用品,广东省,
东惠苑_站点-东惠苑,东惠苑,东惠苑,快递,2025-04-04 09:22:54,,1,0.21,0,6.00,0.00,2.80,6-3.2,2,1907967054131699712,极兔快递,JT0015941527713,服饰,浙江省,
东惠苑_站点-东惠苑,东惠苑,东惠苑,快递,2025-04-04 08:50:46,,1,0.26,0,6.00,0.00,2.80,6-3.2,2,1907958968016904192,极兔快递,JT0015941208230,生活用品,广东省,
东惠苑_站点-东惠苑,东惠苑,东惠苑,干洗,2025-04-03 20:34:21,,,,,35.00,,10.50,30%,,1907773636281573376,干洗,,"棉服_毛呢_羽绒服   *   1",,
东惠苑_站点-东惠苑,东惠苑,东惠苑,快递,2025-04-03 20:23:02,,1,0.21,0,6.00,0.00,2.80,6-3.2,2,1907770794556727296,极兔快递,JT0015936643630,服饰,江苏省,
东惠苑_站点-东惠苑,东惠苑,东惠苑,快递,2025-04-03 20:08:09,,1,0.2,0,6.00,0.00,2.80,6-3.2,2,1907767049412354048,极兔快递,JT0015939548120,生活用品,安徽省,
东惠苑_站点-东惠苑,东惠苑,东惠苑,快递,2025-04-03 20:05:30,,2,1.25,0,8.00,0.00,4.08,51% ,2,1907766384128630784,极兔快递,JT0015939802724,服饰,浙江省,
东惠苑_站点-东惠苑,东惠苑,东惠苑,快递,2025-04-03 20:01:29,,1,0.43,0,6.00,0.00,2.80,6-3.2,2,1907765367932657664,极兔快递,JT0015940070782,服饰,浙江省,
东惠苑_站点-东惠苑,东惠苑,东惠苑,干洗,2025-04-03 19:49:24,,,,,29.50,,8.85,30%,,1907762263271088128,干洗,,"清洗毛呢2件59元   *   1",,
东惠苑_站点-东惠苑,东惠苑,东惠苑,快递,2025-04-03 19:43:22,,1,0.24,0,6.00,0.00,2.80,6-3.2,2,1907760811240792064,极兔快递,JT0015938876666,服饰,浙江省,
东惠苑_站点-东惠苑,东惠苑,东惠苑,干洗,2025-04-03 19:25:25,,,,,24.50,,7.35,30%,,1907756267014397952,干洗,,"清洗普通羽绒服2件不分长短49元   *   1",,
东惠苑_站点-东惠苑,东惠苑,东惠苑,快递,2025-04-03 19:18:21,,1,0.57,0,6.00,0.00,2.80,6-3.2,2,1907754516832002048,极兔快递,JT0015927922464,生活用品,陕西省,
东惠苑_站点-东惠苑,东惠苑,东惠苑,快递,2025-04-03 19:11:29,,1,0.35,0,6.00,0.00,2.80,6-3.2,2,1907752789399511040,极兔快递,JT0015939618137,服饰,广东省,
东惠苑_站点-东惠苑,东惠苑,东惠苑,快递,2025-04-03 19:05:55,,1,0.42,0,6.00,0.00,2.80,6-3.2,2,1907751390859173888,极兔快递,JT0015934149484,服饰,浙江省,
东惠苑_站点-东惠苑,东惠苑,东惠苑,干洗,2025-04-03 18:43:20,,,,,24.50,,7.35,30%,,1907745700983808000,干洗,,"清洗普通羽绒服2件不分长短49元   *   1",,
东惠苑_站点-东惠苑,东惠苑,东惠苑,快递,2025-04-03 18:35:55,,1,0.54,0,6.00,0.00,2.80,6-3.2,2,1907743834388504576,极兔快递,JT0015938905192,服饰,湖南省,
东惠苑_站点-东惠苑,东惠苑,东惠苑,快递,2025-04-03 18:33:42,,1,0.58,0,6.00,0.00,2.80,6-3.2,2,1907743281092698112,极兔快递,JT0015936617955,服饰,浙江省,
东惠苑_站点-东惠苑,东惠苑,东惠苑,快递,2025-04-03 18:32:12,,1,0.2,0,6.00,0.00,2.80,6-3.2,2,1907742904834269184,极兔快递,JT0015936397545,服饰,江苏省,
东惠苑_站点-东惠苑,东惠苑,东惠苑,快递,2025-04-03 18:20:55,,1,0.31,0,6.00,0.00,2.80,6-3.2,2,1907740060605423616,极兔快递,JT0015937891974,生活用品,浙江省,
东惠苑_站点-东惠苑,东惠苑,东惠苑,快递,2025-04-03 18:15:47,,1,0.26,0,6.00,0.00,2.80,6-3.2,2,1907738772199120896,极兔快递,JT0015937735692,服饰,山东省,
东惠苑_站点-东惠苑,东惠苑,东惠苑,快递,2025-04-03 18:13:08,,2,1.11,0,8.00,0.00,4.08,51% ,2,1907738101391499264,极兔快递,JT0015929823553,服饰,福建省,
东惠苑_站点-东惠苑,东惠苑,东惠苑,快递,2025-04-03 18:11:03,,2,1.35,0,8.00,0.00,4.08,51% ,2,1907737582455431168,极兔快递,JT0015933192147,服饰,福建省,
东惠苑_站点-东惠苑,东惠苑,东惠苑,快递,2025-04-03 18:03:32,,1,0.45,0,6.00,0.00,2.80,6-3.2,2,1907735689733808128,极兔快递,JT0015937074105,服饰,安徽省,
东惠苑_站点-东惠苑,东惠苑,东惠苑,快递,2025-04-03 18:01:53,,1,0.36,0,6.00,0.00,2.80,6-3.2,2,1907735272849350656,极兔快递,JT0015934046427,服饰,山东省,
东惠苑_站点-东惠苑,东惠苑,东惠苑,快递,2025-04-03 18:00:42,,1,0.2,0,7.00,0.00,2.80,6-3.2,2,1907734974730805248,极兔快递,JT0015937817514,生活用品,北京市,
东惠苑_站点-东惠苑,东惠苑,东惠苑,快递,2025-04-03 17:57:18,,1,0.2,0,6.00,0.00,2.80,6-3.2,2,1907734112922968064,极兔快递,JT0015935287301,服饰,广东省,
东惠苑_站点-东惠苑,东惠苑,东惠苑,快递,2025-04-03 16:53:49,,1,0.83,0,6.00,0.00,2.80,6-3.2,2,1907718145983586304,极兔快递,JT0015929495780,生活用品,山东省,
东惠苑_站点-东惠苑,东惠苑,东惠苑,快递,2025-04-03 16:48:47,,2,1.66,0,8.00,0.00,4.08,51% ,2,1907716877244375040,极兔快递,JT0015931765201,生活用品,江西省,
东惠苑_站点-东惠苑,东惠苑,东惠苑,快递,2025-04-03 16:41:55,,2,1.15,0,8.00,0.00,4.08,51% ,2,1907715151221170176,极兔快递,JT0015934806869,服饰,山东省,
东惠苑_站点-东惠苑,东惠苑,东惠苑,快递,2025-04-03 16:39:33,,2,1.15,0,8.00,0.00,4.08,51% ,2,1907714555328012288,极兔快递,JT0015935375984,服饰,福建省,
东惠苑_站点-东惠苑,东惠苑,东惠苑,快递,2025-04-03 15:58:40,,1,0.44,0,6.00,0.00,2.80,6-3.2,2,1907704264020140032,极兔快递,JT0015933681747,生活用品,河南省,
东惠苑_站点-东惠苑,东惠苑,东惠苑,快递,2025-04-03 15:53:41,,1,0.2,0,6.00,0.00,2.80,6-3.2,2,1907703009105354752,极兔快递,JT0015923519676,服饰,广东省,
东惠苑_站点-东惠苑,东惠苑,东惠苑,快递,2025-04-03 15:46:31,,1,0.27,0,6.00,0.00,2.80,6-3.2,2,1907701206263472128,极兔快递,JT0015922820839,食品,山东省,
东惠苑_站点-东惠苑,东惠苑,东惠苑,快递,2025-04-03 15:20:09,,1,0.2,0,6.00,0.00,2.80,6-3.2,2,1907694571809873920,极兔快递,JT0015935946434,服饰,黑龙江省,
东惠苑_站点-东惠苑,东惠苑,东惠苑,快递,2025-04-03 15:05:14,,1,0.71,0,6.00,0.00,2.80,6-3.2,2,1907690817358340096,极兔快递,JT0015935031454,服饰,浙江省,
东惠苑_站点-东惠苑,东惠苑,东惠苑,快递,2025-04-03 15:03:24,,1,0.25,0,6.00,0.00,2.80,6-3.2,2,1907690357754896384,极兔快递,JT0015934782567,服饰,浙江省,
东惠苑_站点-东惠苑,东惠苑,东惠苑,快递,2025-04-03 14:59:11,,1,0.2,0,6.00,0.00,2.80,6-3.2,2,1907689294175870976,极兔快递,JT0015934037775,生活用品,山东省,
东惠苑_站点-东惠苑,东惠苑,东惠苑,快递,2025-04-03 14:55:26,,1,0.2,0,6.00,0.00,2.80,6-3.2,2,1907688352995024896,极兔快递,JT0015924715401,生活用品,山东省,
东惠苑_站点-东惠苑,东惠苑,东惠苑,快递,2025-04-03 14:25:45,,1,0.4,0,6.00,0.00,2.80,6-3.2,2,1907680881299628032,极兔快递,JT0015931632257,生活用品,广东省,
东惠苑_站点-东惠苑,东惠苑,东惠苑,快递,2025-04-03 14:22:26,,1,0.38,0,6.00,0.00,2.80,6-3.2,2,1907680046624743424,极兔快递,JT0015931498065,服饰,湖北省,
东惠苑_站点-东惠苑,东惠苑,东惠苑,快递,2025-04-03 14:21:04,,1,0.2,0,6.00,0.00,2.80,6-3.2,2,1907679702977028096,极兔快递,JT0015931263453,服饰,河北省,
东惠苑_站点-东惠苑,东惠苑,东惠苑,快递,2025-04-03 14:19:35,,1,0.2,0,6.00,0.00,2.80,6-3.2,2,1907679328337600512,极兔快递,JT0015902711699,生活用品,河北省,
东惠苑_站点-东惠苑,东惠苑,东惠苑,快递,2025-04-03 14:17:14,,1,0.2,0,6.00,0.00,2.80,6-3.2,2,1907678736177373184,极兔快递,JT0015926157815,生活用品,河北省,
东惠苑_站点-东惠苑,东惠苑,东惠苑,快递,2025-04-03 14:15:15,,1,0.68,0,6.00,0.00,2.80,6-3.2,2,1907678234836410368,极兔快递,JT0015932861232,服饰,广东省,
东惠苑_站点-东惠苑,东惠苑,东惠苑,快递,2025-04-03 14:13:22,,1,0.2,0,6.00,0.00,2.80,6-3.2,2,1907677762557779968,极兔快递,JT0015933580250,生活用品,江西省,
东惠苑_站点-东惠苑,东惠苑,东惠苑,干洗,2025-04-03 13:12:50,,,,,16.80,,5.04,30%,,1907662525418905600,干洗,,"凉鞋   *   1",,
东惠苑_站点-东惠苑,东惠苑,东惠苑,干洗,2025-04-03 12:39:57,,,,,24.50,,7.35,30%,,1907654239269363712,干洗,,"清洗普通羽绒服2件不分长短49元   *   1",,
东惠苑_站点-东惠苑,东惠苑,东惠苑,干洗,2025-04-03 12:38:24,,,,,24.50,,7.35,30%,,1907653864076288000,干洗,,"清洗普通羽绒服2件不分长短49元   *   1",,
东惠苑_站点-东惠苑,东惠苑,东惠苑,快递,2025-04-03 12:18:21,,1,0.56,0,6.00,0.00,2.80,6-3.2,2,1907648818756395008,极兔快递,JT0015927546216,服饰,福建省,
东惠苑_站点-东惠苑,东惠苑,东惠苑,快递,2025-04-03 12:15:34,,1,0.2,0,6.00,0.00,2.80,6-3.2,2,1907648118869663744,极兔快递,JT0015922761900,服饰,河北省,
东惠苑_站点-东惠苑,东惠苑,东惠苑,快递,2025-04-03 12:10:42,,1,1.01,-1,6.00,0.00,2.80,6-3.2,2,1907646892954296320,极兔快递,JT0015928475527,服饰,浙江省,
东惠苑_站点-东惠苑,东惠苑,东惠苑,快递,2025-04-03 12:04:15,,1,0.93,0,6.00,0.00,2.80,6-3.2,2,1907645269439881216,极兔快递,JT0015928649512,服饰,广东省,
东惠苑_站点-东惠苑,东惠苑,东惠苑,快递,2025-04-03 11:49:23,,1,0.43,0,6.00,0.00,2.80,6-3.2,2,1907641530700210176,极兔快递,JT0015928327510,服饰,天津市,
东惠苑_站点-东惠苑,东惠苑,东惠苑,快递,2025-04-03 11:48:16,,1,0.2,0,6.00,0.00,2.80,6-3.2,2,1907641250390679552,极兔快递,JT0015931390775,服饰,福建省,
东惠苑_站点-东惠苑,东惠苑,东惠苑,快递,2025-04-03 11:32:23,,1,0.34,0,6.00,0.00,2.80,6-3.2,2,1907637255207067648,极兔快递,JT0015929811654,服饰,广东省,
东惠苑_站点-东惠苑,东惠苑,东惠苑,快递,2025-04-03 11:22:36,,1,0.68,0,6.00,0.00,2.80,6-3.2,2,1907634782710996992,极兔快递,JT0015929877648,服饰,广东省,
东惠苑_站点-东惠苑,东惠苑,东惠苑,快递,2025-04-03 11:16:19,,1,0.63,0,6.00,0.00,2.80,6-3.2,2,1907633196156788736,极兔快递,JT0015925890719,服饰,广东省,
东惠苑_站点-东惠苑,东惠苑,东惠苑,干洗,2025-04-03 11:06:46,,,,,9.90,,2.97,30%,,1907630661912174592,干洗,,"清洗鞋19.8元两双   *   1",,
东惠苑_站点-东惠苑,东惠苑,东惠苑,快递,2025-04-03 10:06:52,,1,0.2,0,6.00,0.00,2.80,6-3.2,2,1907615731699884032,极兔快递,JT0015923657010,服饰,河南省,
东惠苑_站点-东惠苑,东惠苑,东惠苑,快递,2025-04-03 09:13:44,,1,0.2,0,6.00,0.00,2.80,6-3.2,2,1907602359679918080,极兔快递,JT0015926900047,服饰,河北省,
东惠苑_站点-东惠苑,东惠苑,东惠苑,快递,2025-04-02 20:26:07,,1,0.68,0,6.00,0.00,2.80,6-3.2,2,1907409184688381952,极兔快递,JT0015924966653,服饰,河北省,
东惠苑_站点-东惠苑,东惠苑,东惠苑,快递,2025-04-02 20:02:48,,1,0.34,0,6.00,0.00,2.80,6-3.2,2,1907403311769395200,极兔快递,JT0015923472231,服饰,广东省,
东惠苑_站点-东惠苑,东惠苑,东惠苑,快递,2025-04-02 20:01:40,,1,0.82,0,6.00,0.00,2.80,6-3.2,2,1907403026888073216,极兔快递,JT0015924970566,服饰,四川省,
东惠苑_站点-东惠苑,东惠苑,东惠苑,快递,2025-04-02 19:50:23,,1,0.84,0,6.00,0.00,2.80,6-3.2,2,1907400186572513280,极兔快递,JT0015925217110,服饰,广东省,
东惠苑_站点-东惠苑,东惠苑,东惠苑,快递,2025-04-02 19:48:51,,1,0.81,0,6.00,0.00,2.80,6-3.2,2,1907399802353295360,极兔快递,JT0015914446795,服饰,广东省,
东惠苑_站点-东惠苑,东惠苑,东惠苑,干洗,2025-04-02 19:31:15,,,,,24.50,,7.35,30%,,1907395371696070656,干洗,,"清洗普通羽绒服2件不分长短49元   *   1",,
东惠苑_站点-东惠苑,东惠苑,东惠苑,快递,2025-04-02 19:23:05,,1,0.2,0,6.00,0.00,2.80,6-3.2,2,1907393323273494528,极兔快递,JT0015924140155,服饰,广东省,
东惠苑_站点-东惠苑,东惠苑,东惠苑,快递,2025-04-02 19:15:17,,1,0.36,0,6.00,0.00,2.80,6-3.2,2,1907391357076054016,极兔快递,JT0015924648763,服饰,广东省,
东惠苑_站点-东惠苑,东惠苑,东惠苑,快递,2025-04-02 18:57:38,,4,3.25,0,12.00,3.00,6.00,50% ,2,1907386913051582464,韵达快递,312697338867304,生活用品,广东省,
东惠苑_站点-东惠苑,东惠苑,东惠苑,快递,2025-04-02 18:51:12,,1,0.2,0,6.00,0.00,2.80,6-3.2,2,1907385283807748096,极兔快递,JT0015908374330,服饰,广东省,
东惠苑_站点-东惠苑,东惠苑,东惠苑,快递,2025-04-02 18:50:07,,1,0.41,0,6.00,0.00,2.80,6-3.2,2,1907385021533724672,极兔快递,JT0015922258818,服饰,江苏省,
东惠苑_站点-东惠苑,东惠苑,东惠苑,快递,2025-04-02 18:31:56,,1,0.49,0,6.00,0.00,2.80,6-3.2,2,1907380390804004864,极兔快递,JT0015921327843,服饰,江苏省,
东惠苑_站点-东惠苑,东惠苑,东惠苑,快递,2025-04-02 18:20:08,,1,0.25,0,6.00,0.00,2.80,6-3.2,2,1907377477679521792,极兔快递,JT0015924249494,服饰,广东省,
东惠苑_站点-东惠苑,东惠苑,东惠苑,快递,2025-04-02 18:18:48,,1,0.21,0,6.00,0.00,2.80,6-3.2,2,1907377140721721344,极兔快递,JT0015924255555,服饰,广东省,
东惠苑_站点-东惠苑,东惠苑,东惠苑,快递,2025-04-02 18:17:34,,1,0.2,0,6.00,0.00,2.80,6-3.2,2,1907376831639265280,极兔快递,JT0015923847989,服饰,河南省,
东惠苑_站点-东惠苑,东惠苑,东惠苑,快递,2025-04-02 17:54:10,,1,0.2,0,6.00,0.00,2.80,6-3.2,2,1907370941288751104,极兔快递,JT0015922336090,生活用品,浙江省,
东惠苑_站点-东惠苑,东惠苑,东惠苑,快递,2025-04-02 17:43:08,,1,0.2,0,6.00,0.00,2.80,6-3.2,2,1907368167314497536,极兔快递,JT0015923376733,服饰,广东省,
东惠苑_站点-东惠苑,东惠苑,东惠苑,快递,2025-04-02 16:54:09,,2,1.22,0,8.00,0.00,4.08,51% ,2,1907355833644818432,极兔快递,JT0015920866193,服饰,浙江省,
东惠苑_站点-东惠苑,东惠苑,东惠苑,快递,2025-04-02 16:51:48,,2,1.13,0,8.00,0.00,4.08,51% ,2,1907355245997662208,极兔快递,JT0015912286135,服饰,江苏省,
东惠苑_站点-东惠苑,东惠苑,东惠苑,快递,2025-04-02 16:05:25,,1,0.87,0,6.00,0.00,2.80,6-3.2,2,1907343573077663744,极兔快递,JT0015918539573,服饰,广东省,
东惠苑_站点-东惠苑,东惠苑,东惠苑,快递,2025-04-02 15:43:29,,1,0.21,0,6.00,0.00,2.80,6-3.2,2,1907338051964313600,极兔快递,JT0015921897056,服饰,河北省,
东惠苑_站点-东惠苑,东惠苑,东惠苑,干洗,2025-04-02 15:36:28,,,,,24.50,,7.35,30%,,1907336286455930880,干洗,,"清洗普通羽绒服2件不分长短49元   *   1",,
东惠苑_站点-东惠苑,东惠苑,东惠苑,快递,2025-04-02 15:24:28,,1,0.23,0,6.00,0.00,2.80,6-3.2,2,1907333270143180800,极兔快递,JT0015918335541,服饰,广东省,
东惠苑_站点-东惠苑,东惠苑,东惠苑,快递,2025-04-02 15:03:10,,1,0.53,0,6.00,0.00,2.80,6-3.2,2,1907327905317986304,极兔快递,JT0015915743117,生活用品,山东省,
东惠苑_站点-东惠苑,东惠苑,东惠苑,快递,2025-04-02 14:58:49,,1,0.37,0,6.00,0.00,2.80,6-3.2,2,1907326811401560064,极兔快递,JT0015919081687,其他,安徽省,
东惠苑_站点-东惠苑,东惠苑,东惠苑,快递,2025-04-02 14:50:59,,2,1.77,0,8.00,0.00,4.08,51% ,2,1907324843241185280,极兔快递,JT0015918732006,其他,江西省,
东惠苑_站点-东惠苑,东惠苑,东惠苑,快递,2025-04-02 14:46:48,,1,0.2,0,6.00,0.00,2.80,6-3.2,2,1907323790936449024,极兔快递,JT0015920298428,生活用品,浙江省,
东惠苑_站点-东惠苑,东惠苑,东惠苑,干洗,2025-04-02 13:50:40,,,,,9.90,,2.97,30%,,1907309666005360640,干洗,,"清洗鞋19.8元两双   *   1",,
东惠苑_站点-东惠苑,东惠苑,东惠苑,干洗,2025-04-02 13:49:36,,,,,9.90,,2.97,30%,,1907309392117309440,干洗,,"清洗鞋19.8元两双   *   1",,
东惠苑_站点-东惠苑,东惠苑,东惠苑,快递,2025-04-02 13:46:37,,1,0.54,0,6.00,0.00,2.80,6-3.2,2,1907308645036269568,极兔快递,JT0015909825967,服饰,广东省,
东惠苑_站点-东惠苑,东惠苑,东惠苑,快递,2025-04-02 13:45:07,,1,0.26,0,6.00,0.00,2.80,6-3.2,2,1907308268870115328,极兔快递,JT0015918084939,服饰,广东省,
东惠苑_站点-东惠苑,东惠苑,东惠苑,快递,2025-04-02 13:43:19,,1,0.34,0,6.00,0.00,2.80,6-3.2,2,1907307814245310464,极兔快递,JT0015917113654,服饰,广东省,
东惠苑_站点-东惠苑,东惠苑,东惠苑,快递,2025-04-02 13:31:04,,1,0.32,0,6.00,0.00,2.80,6-3.2,2,1907304731465424896,极兔快递,JT0015918696176,生活用品,广东省,
东惠苑_站点-东惠苑,东惠苑,东惠苑,快递,2025-04-02 13:28:18,,1,0.5,0,6.00,0.00,2.80,6-3.2,2,1907304037459107840,极兔快递,JT0015919133928,服饰,广东省,
东惠苑_站点-东惠苑,东惠苑,东惠苑,快递,2025-04-02 13:18:48,,1,0.2,0,6.00,0.00,2.80,6-3.2,2,1907301636266205184,极兔快递,JT0015910918728,服饰,广东省,
东惠苑_站点-东惠苑,东惠苑,东惠苑,快递,2025-04-02 13:18:18,,1,0.2,0,6.00,0.00,2.80,6-3.2,2,1907301518691475456,极兔快递,JT0015918892878,服饰,广东省,
东惠苑_站点-东惠苑,东惠苑,东惠苑,干洗,2025-04-02 13:15:34,,,,,24.50,,7.35,30%,,1907300828950765568,干洗,,"清洗普通羽绒服2件不分长短49元   *   1",,
东惠苑_站点-东惠苑,东惠苑,东惠苑,干洗,2025-04-02 13:13:03,,,,,24.50,,7.35,30%,,1907300191022292992,干洗,,"清洗普通羽绒服2件不分长短49元   *   1",,
东惠苑_站点-东惠苑,东惠苑,东惠苑,干洗,2025-04-02 13:10:21,,,,,24.50,,7.35,30%,,1907299510802653184,干洗,,"清洗普通羽绒服2件不分长短49元   *   1",,
东惠苑_站点-东惠苑,东惠苑,东惠苑,快递,2025-04-02 12:48:15,,1,0.2,0,6.00,0.00,2.80,6-3.2,2,1907293945376481280,极兔快递,JT0015917797468,服饰,湖北省,
东惠苑_站点-东惠苑,东惠苑,东惠苑,快递,2025-04-02 12:47:15,,1,0.2,0,6.00,0.00,2.80,6-3.2,2,1907293707257454592,极兔快递,JT0015916015997,服饰,河南省,
东惠苑_站点-东惠苑,东惠苑,东惠苑,干洗,2025-04-02 12:42:16,,,,,24.50,,7.35,30%,,1907292449989664768,干洗,,"清洗普通羽绒服2件不分长短49元   *   1",,
东惠苑_站点-东惠苑,东惠苑,东惠苑,快递,2025-04-02 12:31:39,,3,2.66,0,10.00,0.00,5.50,55% ,2,1907289773075800064,极兔快递,JT0015914397289,食品,天津市,
东惠苑_站点-东惠苑,东惠苑,东惠苑,快递,2025-04-02 12:30:46,,3,0.2,2,10.00,0.00,5.50,55% ,2,1907289554674196480,极兔快递,JT0015917095234,食品,重庆市,
东惠苑_站点-东惠苑,东惠苑,东惠苑,快递,2025-04-02 12:18:14,2025-04-02 04:29:13,3,,,10.00,,0.00,,2,1907286400817635328,极兔快递,JT0015906244511,食品,重庆市,已全额退款
东惠苑_站点-东惠苑,东惠苑,东惠苑,快递,2025-04-02 12:19:21,2025-04-02 04:28:56,3,,,10.00,,0.00,,2,1907286682486120448,极兔快递,JT0015914424773,食品,天津市,已全额退款
东惠苑_站点-东惠苑,东惠苑,东惠苑,快递,2025-04-02 12:27:33,2025-04-02 04:28:06,3,,,10.00,,0.00,,2,1907288743739072512,极兔快递,JT0015917585977,食品,重庆市,已全额退款
东惠苑_站点-东惠苑,东惠苑,东惠苑,快递,2025-04-02 12:09:06,,1,0.41,0,6.00,0.00,2.80,6-3.2,2,1907284102745890816,极兔快递,JT0015917984174,易碎品,宁夏回族自治区,
东惠苑_站点-东惠苑,东惠苑,东惠苑,快递,2025-04-02 12:02:07,,1,0.81,0,6.00,0.00,2.80,6-3.2,2,1907282320196050944,极兔快递,JT0015917367653,服饰,浙江省,
东惠苑_站点-东惠苑,东惠苑,东惠苑,快递,2025-04-02 12:00:17,,1,0.29,0,6.00,0.00,2.80,6-3.2,2,1907281855630745600,极兔快递,JT0015917383837,服饰,浙江省,
东惠苑_站点-东惠苑,东惠苑,东惠苑,快递,2025-04-02 11:59:25,,1,0.56,0,6.00,0.00,2.80,6-3.2,2,1907281667486851072,极兔快递,JT0015916396124,服饰,浙江省,
东惠苑_站点-东惠苑,东惠苑,东惠苑,快递,2025-04-02 11:56:56,,1,0.29,0,6.00,0.00,2.80,6-3.2,2,1907281041520533504,极兔快递,JT0015917199856,服饰,浙江省,
东惠苑_站点-东惠苑,东惠苑,东惠苑,快递,2025-04-02 11:09:22,,2,2.13,-1,8.00,0.00,4.08,51% ,2,1907269071799001088,极兔快递,JT0015915187829,生活用品,广东省,
东惠苑_站点-东惠苑,东惠苑,东惠苑,快递,2025-04-02 09:55:47,,1,0.44,0,6.00,0.00,2.80,6-3.2,2,1907250552751464448,极兔快递,JT0015912828269,服饰,广东省,
东惠苑_站点-东惠苑,东惠苑,东惠苑,快递,2025-04-01 20:16:57,,1,0.23,0,6.00,0.00,2.80,6-3.2,2,1907044477909540864,极兔快递,JT0015906344571,服饰,广东省,
东惠苑_站点-东惠苑,东惠苑,东惠苑,快递,2025-04-01 20:07:16,,1,0.2,0,6.00,0.00,2.80,6-3.2,2,1907042046962245632,极兔快递,JT0015911325895,服饰,广东省,
东惠苑_站点-东惠苑,东惠苑,东惠苑,快递,2025-04-01 20:01:52,,1,0.22,0,6.00,0.00,2.80,6-3.2,2,1907040694076907520,极兔快递,JT0015909770729,服饰,浙江省,
东惠苑_站点-东惠苑,东惠苑,东惠苑,快递,2025-04-01 19:57:28,2025-04-01 11:58:52,1,,,6.00,,0.00,,2,1907039582011727872,极兔快递,JT0015910994670,服饰,江苏省,已全额退款
东惠苑_站点-东惠苑,东惠苑,东惠苑,快递,2025-04-01 19:58:11,,2,1.16,0,8.00,0.00,4.08,51% ,2,1907039759153963008,极兔快递,JT0015909754017,服饰,江苏省,
东惠苑_站点-东惠苑,东惠苑,东惠苑,快递,2025-04-01 19:55:19,,1,0.2,0,6.00,0.00,2.80,6-3.2,2,1907039042984943616,极兔快递,JT0015910335329,服饰,广东省,
东惠苑_站点-东惠苑,东惠苑,东惠苑,快递,2025-04-01 19:52:45,,1,0.6,0,6.00,0.00,2.80,6-3.2,2,1907038395480875008,极兔快递,JT0015907516963,服饰,广东省,
东惠苑_站点-东惠苑,东惠苑,东惠苑,快递,2025-04-01 19:50:55,,1,0.69,0,6.00,0.00,2.80,6-3.2,2,1907037930412253184,极兔快递,JT0015908962957,服饰,广东省,
东惠苑_站点-东惠苑,东惠苑,东惠苑,快递,2025-04-01 19:49:37,,1,0.29,0,6.00,0.00,2.80,6-3.2,2,1907037608751079424,极兔快递,JT0015910933069,服饰,福建省,
东惠苑_站点-东惠苑,东惠苑,东惠苑,快递,2025-04-01 19:47:48,,1,0.37,0,6.00,0.00,2.80,6-3.2,2,1907037153673289728,极兔快递,JT0015907162422,服饰,浙江省,
东惠苑_站点-东惠苑,东惠苑,东惠苑,快递,2025-04-01 19:46:40,,2,1.04,0,8.00,0.00,4.08,51% ,2,1907036870717153280,极兔快递,JT0015908697853,服饰,浙江省,
东惠苑_站点-东惠苑,东惠苑,东惠苑,快递,2025-04-01 19:42:13,,1,0.43,0,6.00,0.00,2.80,6-3.2,2,1907035748384317440,极兔快递,JT0015911025643,服饰,广东省,
东惠苑_站点-东惠苑,东惠苑,东惠苑,快递,2025-04-01 19:40:45,,1,0.57,0,6.00,0.00,2.80,6-3.2,2,1907035377335214080,极兔快递,JT0015908110746,服饰,广东省,
东惠苑_站点-东惠苑,东惠苑,东惠苑,快递,2025-04-01 19:39:07,,1,0.21,0,6.00,0.00,2.80,6-3.2,2,1907034966092095488,极兔快递,JT0015907532547,生活用品,江苏省,
东惠苑_站点-东惠苑,东惠苑,东惠苑,快递,2025-04-01 19:36:55,,1,0.51,0,6.00,0.00,2.52,42% ,2,1907034414801166336,韵达快递,312696067272946,服饰,广东省,
东惠苑_站点-东惠苑,东惠苑,东惠苑,快递,2025-04-01 19:34:59,,1,0.65,0,6.00,0.00,2.80,6-3.2,2,1907033928190599168,极兔快递,JT0015911093092,服饰,浙江省,
东惠苑_站点-东惠苑,东惠苑,东惠苑,快递,2025-04-01 19:33:13,,1,0.24,0,6.00,0.00,2.80,6-3.2,2,1907033477630074880,极兔快递,JT0015910005630,服饰,河北省,
东惠苑_站点-东惠苑,东惠苑,东惠苑,快递,2025-04-01 19:31:46,,1,0.21,0,6.00,0.00,2.80,6-3.2,2,1907033115930075136,极兔快递,JT0015910972208,服饰,河北省,
东惠苑_站点-东惠苑,东惠苑,东惠苑,快递,2025-04-01 19:30:17,,1,0.81,0,6.00,0.00,2.80,6-3.2,2,1907032746256703488,极兔快递,JT0015909555468,服饰,广东省,
东惠苑_站点-东惠苑,东惠苑,东惠苑,快递,2025-04-01 19:28:58,,1,0.8,0,6.00,0.00,2.80,6-3.2,2,1907032415749742592,极兔快递,JT0015910747018,服饰,河北省,
东惠苑_站点-东惠苑,东惠苑,东惠苑,快递,2025-04-01 19:26:17,,1,0.51,0,6.00,0.00,2.80,6-3.2,2,1907031738667442176,极兔快递,JT0015910555129,服饰,浙江省,
东惠苑_站点-东惠苑,东惠苑,东惠苑,快递,2025-04-01 19:23:23,,1,0.53,0,6.00,0.00,2.80,6-3.2,2,1907031009001152512,极兔快递,JT0015908410348,服饰,浙江省,
东惠苑_站点-东惠苑,东惠苑,东惠苑,干洗,2025-04-01 19:21:15,,,,,9.90,,2.97,30%,,1907030467705249792,干洗,,"清洗鞋19.8元两双   *   1",,
东惠苑_站点-东惠苑,东惠苑,东惠苑,快递,2025-04-01 19:03:22,,1,0.58,0,6.00,0.00,2.80,6-3.2,2,1907025969037385728,极兔快递,JT0015911089789,服饰,浙江省,
东惠苑_站点-东惠苑,东惠苑,东惠苑,快递,2025-04-01 19:00:52,,1,0.51,0,6.00,0.00,2.80,6-3.2,2,1907025323609497600,极兔快递,JT0015910334170,服饰,浙江省,
东惠苑_站点-东惠苑,东惠苑,东惠苑,快递,2025-04-01 18:59:01,,1,0.6,0,6.00,0.00,2.80,6-3.2,2,1907024875729133568,极兔快递,JT0015909092737,服饰,广东省,
东惠苑_站点-东惠苑,东惠苑,东惠苑,快递,2025-04-01 18:55:20,,1,0.27,0,6.00,0.00,2.80,6-3.2,2,1907023947621933056,极兔快递,JT0015909194073,服饰,浙江省,
东惠苑_站点-东惠苑,东惠苑,东惠苑,快递,2025-04-01 18:53:08,,1,0.46,0,6.00,0.00,2.80,6-3.2,2,1907023395617972224,极兔快递,JT0015908616478,服饰,安徽省,
东惠苑_站点-东惠苑,东惠苑,东惠苑,快递,2025-04-01 18:50:56,,1,0.56,0,6.00,0.00,2.80,6-3.2,2,1907022816711745536,极兔快递,JT0015908400453,服饰,湖北省,
东惠苑_站点-东惠苑,东惠苑,东惠苑,快递,2025-04-01 18:10:10,,1,0.27,0,6.00,0.00,2.80,6-3.2,2,1907012581137784832,极兔快递,JT0015909143457,服饰,浙江省,
东惠苑_站点-东惠苑,东惠苑,东惠苑,干洗,2025-04-01 18:01:57,,,,,13.80,,4.14,30%,,1907010511810797568,干洗,,"短袖_衬衣短袖_马甲   *   1",,
东惠苑_站点-东惠苑,东惠苑,东惠苑,干洗,2025-04-01 18:00:23,2025-04-01 10:00:36,,,,27.60,,0.00,0%,,1907010116308901888,干洗,,"短袖_衬衣短袖_马甲   *   1
短袖_衬衣短袖_马甲   *   1",,已全额退款
东惠苑_站点-东惠苑,东惠苑,东惠苑,快递,2025-04-01 17:15:14,,1,0.31,0,6.00,0.00,2.80,6-3.2,2,1906998756757938176,极兔快递,JT0015908772366,服饰,江苏省,
东惠苑_站点-东惠苑,东惠苑,东惠苑,快递,2025-04-01 16:24:37,,1,0.47,0,6.00,0.00,2.80,6-3.2,2,1906986016781836288,极兔快递,JT0015907262226,服饰,江苏省,
东惠苑_站点-东惠苑,东惠苑,东惠苑,快递,2025-04-01 16:12:04,,1,0.2,0,6.00,0.00,2.80,6-3.2,2,1906982862560370688,极兔快递,JT0015904397973,服饰,广东省,
东惠苑_站点-东惠苑,东惠苑,东惠苑,快递,2025-04-01 16:10:27,,1,0.62,0,6.00,0.00,2.80,6-3.2,2,1906982454823690240,极兔快递,JT0015902678438,服饰,广东省,
东惠苑_站点-东惠苑,东惠苑,东惠苑,快递,2025-04-01 16:09:00,,1,0.33,0,6.00,0.00,2.80,6-3.2,2,1906982085964013568,极兔快递,JT0015902293289,服饰,浙江省,
东惠苑_站点-东惠苑,东惠苑,东惠苑,快递,2025-04-01 16:07:32,,1,0.69,0,6.00,0.00,2.80,6-3.2,2,1906981719084048384,极兔快递,JT0015897292006,服饰,河北省,
东惠苑_站点-东惠苑,东惠苑,东惠苑,快递,2025-04-01 16:05:55,,1,0.64,0,6.00,0.00,2.80,6-3.2,2,1906981313666818048,极兔快递,JT0015899640137,服饰,广东省,
东惠苑_站点-东惠苑,东惠苑,东惠苑,快递,2025-04-01 16:04:41,,1,0.62,0,6.00,0.00,2.80,6-3.2,2,1906980983717699584,极兔快递,JT0015907293140,服饰,浙江省,
东惠苑_站点-东惠苑,东惠苑,东惠苑,快递,2025-04-01 16:03:01,,1,0.33,0,6.00,0.00,2.80,6-3.2,2,1906980583312662528,极兔快递,JT0015907563111,服饰,广东省,
东惠苑_站点-东惠苑,东惠苑,东惠苑,快递,2025-04-01 16:01:29,,1,0.41,0,6.00,0.00,2.80,6-3.2,2,1906980195285016576,极兔快递,JT0015905890453,服饰,河南省,
东惠苑_站点-东惠苑,东惠苑,东惠苑,快递,2025-04-01 15:49:17,,2,1.06,0,17.00,0.00,6.00,35.29% ,2,1906977123246743552,极兔快递,JT0015907134255,服饰,海南省,
东惠苑_站点-东惠苑,东惠苑,东惠苑,快递,2025-04-01 15:42:41,,2,1.82,0,8.00,0.00,4.08,51% ,2,1906975466781876224,极兔快递,JT0015906235997,食品,陕西省,
东惠苑_站点-东惠苑,东惠苑,东惠苑,快递,2025-04-01 15:35:11,,1,0.56,0,6.00,0.00,2.80,6-3.2,2,1906973580074885120,极兔快递,JT0015904931677,服饰,福建省,
东惠苑_站点-东惠苑,东惠苑,东惠苑,快递,2025-04-01 15:32:11,,1,0.2,0,6.00,0.00,2.80,6-3.2,2,1906972824668151808,极兔快递,JT0015902314690,服饰,广东省,
东惠苑_站点-东惠苑,东惠苑,东惠苑,快递,2025-04-01 15:29:22,,1,0.73,0,6.00,0.00,2.80,6-3.2,2,1906972112374669312,极兔快递,JT0015905803517,服饰,江苏省,
东惠苑_站点-东惠苑,东惠苑,东惠苑,快递,2025-04-01 15:26:57,,1,0.34,0,6.00,0.00,2.80,6-3.2,2,1906971506532622336,极兔快递,JT0015906441528,服饰,广东省,
东惠苑_站点-东惠苑,东惠苑,东惠苑,快递,2025-04-01 15:23:31,,1,0.2,0,6.00,0.00,2.80,6-3.2,2,1906970643848175616,极兔快递,JT0015904989524,服饰,广东省,
东惠苑_站点-东惠苑,东惠苑,东惠苑,快递,2025-04-01 15:18:51,,1,0.2,0,6.00,0.00,2.80,6-3.2,2,1906969467253628928,极兔快递,JT0015906356736,服饰,广东省,
东惠苑_站点-东惠苑,东惠苑,东惠苑,快递,2025-04-01 15:16:28,,1,0.2,0,6.00,0.00,2.80,6-3.2,2,1906968870680993792,极兔快递,JT0015906183184,服饰,广东省,
东惠苑_站点-东惠苑,东惠苑,东惠苑,快递,2025-04-01 15:13:15,,1,0.21,0,6.00,0.00,2.80,6-3.2,2,1906968058558881792,极兔快递,JT0015903802324,服饰,广东省,
东惠苑_站点-东惠苑,东惠苑,东惠苑,快递,2025-04-01 15:11:02,,1,0.95,0,6.00,0.00,2.80,6-3.2,2,1906967498686406656,极兔快递,JT0015906477325,服饰,广东省,
东惠苑_站点-东惠苑,东惠苑,东惠苑,快递,2025-04-01 15:09:09,,1,0.25,0,6.00,0.00,2.80,6-3.2,2,1906967027498295296,极兔快递,JT0015902042543,服饰,浙江省,
东惠苑_站点-东惠苑,东惠苑,东惠苑,快递,2025-04-01 15:05:57,,2,1.06,0,8.00,0.00,4.08,51% ,2,1906966223320195072,极兔快递,JT0015901824552,食品,福建省,
东惠苑_站点-东惠苑,东惠苑,东惠苑,快递,2025-04-01 15:03:28,,1,0.61,0,6.00,0.00,2.80,6-3.2,2,1906965585697906688,极兔快递,JT0015903601349,服饰,浙江省,
东惠苑_站点-东惠苑,东惠苑,东惠苑,快递,2025-04-01 15:01:28,,1,0.28,0,6.00,0.00,2.80,6-3.2,2,1906965093890596864,极兔快递,JT0015899874478,服饰,浙江省,
东惠苑_站点-东惠苑,东惠苑,东惠苑,快递,2025-04-01 14:58:59,,1,0.44,0,6.00,0.00,2.80,6-3.2,2,1906964468280795136,极兔快递,JT0015892561945,服饰,安徽省,
东惠苑_站点-东惠苑,东惠苑,东惠苑,快递,2025-04-01 13:56:56,,1,0.33,0,6.00,0.00,2.80,6-3.2,2,1906948853058969600,极兔快递,JT0015901300754,服饰,吉林省,
东惠苑_站点-东惠苑,东惠苑,东惠苑,快递,2025-04-01 13:48:18,,1,0.53,0,6.00,0.00,2.80,6-3.2,2,1906946679952318464,极兔快递,JT0015902696304,服饰,广东省,
东惠苑_站点-东惠苑,东惠苑,东惠苑,快递,2025-04-01 13:46:06,,1,0.41,0,6.00,0.00,2.80,6-3.2,2,1906946124215427072,极兔快递,JT0015902638790,服饰,河北省,
东惠苑_站点-东惠苑,东惠苑,东惠苑,快递,2025-04-01 13:41:35,,1,0.27,0,6.00,0.00,2.80,6-3.2,2,1906944990117568512,极兔快递,JT0015904242579,服饰,安徽省,
东惠苑_站点-东惠苑,东惠苑,东惠苑,快递,2025-04-01 13:39:16,,1,0.63,0,6.00,0.00,2.80,6-3.2,2,1906944405662277632,极兔快递,JT0015904707520,服饰,浙江省,
东惠苑_站点-东惠苑,东惠苑,东惠苑,快递,2025-04-01 13:31:37,,1,0.35,0,6.00,0.00,2.80,6-3.2,2,1906942484327112704,极兔快递,JT0015903139394,服饰,广东省,
东惠苑_站点-东惠苑,东惠苑,东惠苑,快递,2025-04-01 13:27:42,,1,0.2,0,6.00,0.00,2.80,6-3.2,2,1906941497868754944,极兔快递,JT0015902988069,服饰,湖南省,
东惠苑_站点-东惠苑,东惠苑,东惠苑,快递,2025-04-01 13:12:13,,2,1.56,0,8.00,0.00,4.08,51% ,2,1906937600102047744,极兔快递,JT0015900199567,服饰,湖北省,
东惠苑_站点-东惠苑,东惠苑,东惠苑,快递,2025-04-01 13:07:17,,1,0.2,0,6.00,0.00,2.80,6-3.2,2,1906936356788707328,极兔快递,JT0015904130582,服饰,广东省,
东惠苑_站点-东惠苑,东惠苑,东惠苑,快递,2025-04-01 12:31:01,,2,1.27,0,8.00,0.00,4.08,51% ,2,1906927229324697600,极兔快递,JT0015903155828,生活用品,江西省,
东惠苑_站点-东惠苑,东惠苑,东惠苑,快递,2025-04-01 12:03:49,,1,0.95,0,6.00,0.00,2.80,6-3.2,2,1906920385524998144,极兔快递,JT0015900091555,服饰,江西省,
东惠苑_站点-东惠苑,东惠苑,东惠苑,快递,2025-04-01 11:38:02,,1,0.37,0,6.00,0.00,2.80,6-3.2,2,1906913896815075328,极兔快递,JT0015898967445,文件,陕西省,
东惠苑_站点-东惠苑,东惠苑,东惠苑,快递,2025-04-01 10:05:36,,1,0.33,0,6.00,0.00,2.80,6-3.2,2,1906890638606671872,极兔快递,JT0015895510930,服饰,吉林省,
东惠苑_站点-东惠苑,东惠苑,东惠苑,快递,2025-04-01 09:03:18,,1,0.2,0,6.00,0.00,2.80,6-3.2,2,1906874960927465472,极兔快递,JT0015899862985,服饰,河北省,
东惠苑_站点-东惠苑,东惠苑,东惠苑,快递,2025-04-01 08:54:14,,1,0.53,0,6.00,0.00,2.80,6-3.2,2,1906872673869963264,极兔快递,JT0015891440217,服饰,江苏省,
东惠苑_站点-东惠苑,东惠苑,东惠苑,快递,2025-04-01 08:50:37,,2,1.24,0,8.00,0.00,4.08,51% ,2,1906871763097821184,极兔快递,JT0015896507865,服饰,浙江省,
东惠苑_站点-东惠苑,东惠苑,东惠苑,快递,2025-04-01 08:48:52,,2,1.14,0,8.00,0.00,4.08,51% ,2,1906871324423954432,韵达快递,312695026478938,生活用品,江苏省,
