姓名,付款人,用户(下单人),订单类型,日期,退款日期,打单重量,结算重量,重量差,金额,超重金额,团长利润,利润公式,价格方案,订单号,快递公司,物流单号,邮寄物品,发往,说明
农科所智慧社区服务_站点,合计金额:,3206.88,快递金额:, 3165.66,干洗金额:, 41.22,,,,,,,,,,,,,
农科所智慧社区服务_站点-农科所智慧社区服务站点,农科所智慧社区服务站点,农科所智慧社区服务站点,快递,2025-04-30 19:51:52,,2,,,8.00,,4.08,51% ,2,1917547426636161024,极兔快递,JT0016360646609,食品,黑龙江省,
农科所智慧社区服务_站点-农科所智慧社区服务站点,农科所智慧社区服务站点,农科所智慧社区服务站点,快递,2025-04-30 19:48:48,,1,,,6.00,,2.80,6-3.2,2,1917546652539609088,极兔快递,JT0016361512089,服饰,广东省,
农科所智慧社区服务_站点-农科所智慧社区服务站点,农科所智慧社区服务站点,农科所智慧社区服务站点,快递,2025-04-30 19:47:19,,1,,,6.00,,2.80,6-3.2,2,1917546257767522304,极兔快递,JT0016362726223,服饰,广东省,
农科所智慧社区服务_站点-农科所智慧社区服务站点,农科所智慧社区服务站点,农科所智慧社区服务站点,快递,2025-04-30 19:46:23,,1,,,6.00,,2.80,6-3.2,2,1917545971489497088,极兔快递,JT0016361069371,服饰,广东省,
农科所智慧社区服务_站点-农科所智慧社区服务站点,农科所智慧社区服务站点,农科所智慧社区服务站点,快递,2025-04-30 19:45:13,,1,,,6.00,,2.80,6-3.2,2,1917545740312043520,极兔快递,JT0016360045778,服饰,福建省,
农科所智慧社区服务_站点-农科所智慧社区服务站点,农科所智慧社区服务站点,农科所智慧社区服务站点,快递,2025-04-30 19:44:09,,1,,,6.00,,2.80,6-3.2,2,1917545472472178688,极兔快递,JT0016361824924,服饰,福建省,
农科所智慧社区服务_站点-农科所智慧社区服务站点,农科所智慧社区服务站点,农科所智慧社区服务站点,快递,2025-04-30 19:41:05,,1,,,6.00,,2.80,6-3.2,2,1917544708689420288,极兔快递,JT0016362815011,服饰,福建省,
农科所智慧社区服务_站点-农科所智慧社区服务站点,农科所智慧社区服务站点,农科所智慧社区服务站点,快递,2025-04-30 19:37:03,,1,,,6.00,,2.80,6-3.2,2,1917543694125031424,极兔快递,JT0016362403888,服饰,福建省,
农科所智慧社区服务_站点-农科所智慧社区服务站点,农科所智慧社区服务站点,农科所智慧社区服务站点,快递,2025-04-30 19:35:55,,1,,,6.00,,2.80,6-3.2,2,1917543408593592320,极兔快递,JT0016358611645,服饰,福建省,
农科所智慧社区服务_站点-农科所智慧社区服务站点,农科所智慧社区服务站点,农科所智慧社区服务站点,快递,2025-04-30 19:32:59,,3,,,10.00,,5.50,55% ,2,1917542673797668864,极兔快递,JT0016362269802,数码产品,陕西省,
农科所智慧社区服务_站点-农科所智慧社区服务站点,农科所智慧社区服务站点,农科所智慧社区服务站点,快递,2025-04-30 19:11:01,,2,,,8.00,,4.08,51% ,2,1917537140919296000,极兔快递,JT0016356412402,数码产品,广东省,
农科所智慧社区服务_站点-农科所智慧社区服务站点,农科所智慧社区服务站点,农科所智慧社区服务站点,快递,2025-04-30 18:55:29,,1,,,6.00,,2.80,6-3.2,2,1917533219823869952,极兔快递,JT0016358541616,服饰,湖北省,
农科所智慧社区服务_站点-农科所智慧社区服务站点,农科所智慧社区服务站点,农科所智慧社区服务站点,快递,2025-04-30 17:42:07,,1,,,6.00,,2.80,6-3.2,2,1917514767520292864,极兔快递,JT0016359488614,服饰,广东省,
农科所智慧社区服务_站点-农科所智慧社区服务站点,农科所智慧社区服务站点,农科所智慧社区服务站点,快递,2025-04-30 17:41:01,,1,,,6.00,,2.80,6-3.2,2,1917514480055279616,极兔快递,JT0016361014793,服饰,广东省,
农科所智慧社区服务_站点-农科所智慧社区服务站点,农科所智慧社区服务站点,农科所智慧社区服务站点,快递,2025-04-30 17:40:17,,1,,,6.00,,2.80,6-3.2,2,1917514225750433792,极兔快递,JT0016360284071,服饰,湖北省,
农科所智慧社区服务_站点-农科所智慧社区服务站点,农科所智慧社区服务站点,农科所智慧社区服务站点,快递,2025-04-30 17:39:14,,1,,,6.00,,2.80,6-3.2,2,1917514042866196480,极兔快递,JT0016348386917,服饰,广东省,
农科所智慧社区服务_站点-农科所智慧社区服务站点,农科所智慧社区服务站点,农科所智慧社区服务站点,快递,2025-04-30 17:38:22,,1,,,7.00,,2.80,6-3.2,2,1917513826607882240,极兔快递,JT0016356905858,其他,上海市,
农科所智慧社区服务_站点-农科所智慧社区服务站点,农科所智慧社区服务站点,农科所智慧社区服务站点,快递,2025-04-30 17:32:30,,1,,,6.00,,2.80,6-3.2,2,1917512343401324544,极兔快递,JT0016357835124,服饰,湖北省,
农科所智慧社区服务_站点-农科所智慧社区服务站点,农科所智慧社区服务站点,农科所智慧社区服务站点,快递,2025-04-30 17:31:14,,1,,,6.00,,2.80,6-3.2,2,1917512030694989824,极兔快递,JT0016361081021,服饰,广东省,
农科所智慧社区服务_站点-农科所智慧社区服务站点,农科所智慧社区服务站点,农科所智慧社区服务站点,快递,2025-04-30 17:29:54,,1,,,6.00,,2.80,6-3.2,2,1917511685231140864,极兔快递,JT0016353725591,服饰,湖北省,
农科所智慧社区服务_站点-农科所智慧社区服务站点,农科所智慧社区服务站点,农科所智慧社区服务站点,快递,2025-04-30 17:28:54,,1,,,6.00,,2.80,6-3.2,2,1917511440438976512,极兔快递,JT0016360956968,服饰,江苏省,
农科所智慧社区服务_站点-农科所智慧社区服务站点,农科所智慧社区服务站点,农科所智慧社区服务站点,快递,2025-04-30 17:27:58,,1,,,7.00,,2.80,6-3.2,2,1917511164860620800,极兔快递,JT0016360168065,服饰,上海市,
农科所智慧社区服务_站点-农科所智慧社区服务站点,农科所智慧社区服务站点,农科所智慧社区服务站点,快递,2025-04-30 16:56:55,,3,,,10.00,,5.50,55% ,2,1917503398007857152,韵达快递,312730586065171,其他,陕西省,
农科所智慧社区服务_站点-农科所智慧社区服务站点,农科所智慧社区服务站点,农科所智慧社区服务站点,快递,2025-04-30 16:54:29,,1,,,6.00,,2.80,6-3.2,2,1917502774092554240,极兔快递,JT0016359086948,服饰,广东省,
农科所智慧社区服务_站点-农科所智慧社区服务站点,农科所智慧社区服务站点,农科所智慧社区服务站点,快递,2025-04-30 16:38:44,,1,,,6.00,,2.80,6-3.2,2,1917498822655533056,极兔快递,JT0016357473396,服饰,湖北省,
农科所智慧社区服务_站点-农科所智慧社区服务站点,农科所智慧社区服务站点,农科所智慧社区服务站点,快递,2025-04-30 16:37:12,,1,,,6.00,,2.80,6-3.2,2,1917498354957082624,极兔快递,JT0016358777955,服饰,福建省,
农科所智慧社区服务_站点-农科所智慧社区服务站点,农科所智慧社区服务站点,农科所智慧社区服务站点,快递,2025-04-30 16:34:44,,1,,,6.00,,2.80,6-3.2,2,1917497753305145344,极兔快递,JT0016359342640,服饰,山东省,
农科所智慧社区服务_站点-农科所智慧社区服务站点,农科所智慧社区服务站点,农科所智慧社区服务站点,快递,2025-04-30 16:33:53,,1,,,6.00,,2.80,6-3.2,2,1917497573856043008,极兔快递,JT0016359204962,服饰,陕西省,
农科所智慧社区服务_站点-农科所智慧社区服务站点,农科所智慧社区服务站点,农科所智慧社区服务站点,快递,2025-04-30 16:32:40,,1,,,6.00,,2.80,6-3.2,2,1917497288995692544,极兔快递,JT0016359317720,服饰,陕西省,
农科所智慧社区服务_站点-农科所智慧社区服务站点,农科所智慧社区服务站点,农科所智慧社区服务站点,快递,2025-04-30 15:27:56,,1,,,6.00,,2.80,6-3.2,2,1917481003440201728,极兔快递,JT0016342177867,服饰,江苏省,
农科所智慧社区服务_站点-农科所智慧社区服务站点,农科所智慧社区服务站点,农科所智慧社区服务站点,快递,2025-04-30 15:26:29,,1,,,6.00,,2.80,6-3.2,2,1917480575268872192,极兔快递,JT0016356454676,服饰,广东省,
农科所智慧社区服务_站点-农科所智慧社区服务站点,农科所智慧社区服务站点,农科所智慧社区服务站点,快递,2025-04-30 15:25:20,,1,,,6.00,,2.80,6-3.2,2,1917480348801622016,极兔快递,JT0016357390425,服饰,浙江省,
农科所智慧社区服务_站点-农科所智慧社区服务站点,农科所智慧社区服务站点,农科所智慧社区服务站点,快递,2025-04-30 15:03:41,,0.6,,,6.00,,2.80,6-3.2,2,1917474896042844160,极兔快递,JT0016347763131,服饰,湖南省,
农科所智慧社区服务_站点-农科所智慧社区服务站点,农科所智慧社区服务站点,农科所智慧社区服务站点,快递,2025-04-30 12:25:50,,1,,,7.00,,2.80,6-3.2,2,1917435159206748160,极兔快递,JT0016351258335,服饰,上海市,
农科所智慧社区服务_站点-农科所智慧社区服务站点,农科所智慧社区服务站点,农科所智慧社区服务站点,快递,2025-04-29 21:46:35,,15,13.93,1,45.00,16.50,22.50,50% ,2,1917213904243318784,极兔快递,JT0016345070265,服饰,陕西省,
农科所智慧社区服务_站点-农科所智慧社区服务站点,农科所智慧社区服务站点,农科所智慧社区服务站点,快递,2025-04-29 21:32:24,,1,0.25,0,6.00,0.00,2.80,6-3.2,2,1917210241072422912,极兔快递,JT0016342818830,服饰,广东省,
农科所智慧社区服务_站点-农科所智慧社区服务站点,农科所智慧社区服务站点,农科所智慧社区服务站点,快递,2025-04-29 21:31:13,,1,0.2,0,6.00,0.00,2.80,6-3.2,2,1917209968388136960,极兔快递,JT0016343959454,服饰,广东省,
农科所智慧社区服务_站点-农科所智慧社区服务站点,农科所智慧社区服务站点,农科所智慧社区服务站点,快递,2025-04-29 21:27:37,,1,0.49,0,6.00,0.00,2.80,6-3.2,2,1917209131112783872,极兔快递,JT0016337447711,服饰,浙江省,
农科所智慧社区服务_站点-农科所智慧社区服务站点,农科所智慧社区服务站点,农科所智慧社区服务站点,快递,2025-04-29 21:24:46,,1,0.52,0,6.00,0.00,2.80,6-3.2,2,1917208406072811520,极兔快递,JT0016345856875,服饰,浙江省,
农科所智慧社区服务_站点-农科所智慧社区服务站点,农科所智慧社区服务站点,农科所智慧社区服务站点,快递,2025-04-29 21:23:40,,1,0.53,0,6.00,0.00,2.80,6-3.2,2,1917208121438953472,极兔快递,JT0016332179759,服饰,浙江省,
农科所智慧社区服务_站点-农科所智慧社区服务站点,农科所智慧社区服务站点,农科所智慧社区服务站点,快递,2025-04-29 21:22:23,,1,0.26,0,6.00,0.00,2.80,6-3.2,2,1917207744983392256,极兔快递,JT0016344413551,服饰,广东省,
农科所智慧社区服务_站点-农科所智慧社区服务站点,农科所智慧社区服务站点,农科所智慧社区服务站点,快递,2025-04-29 19:52:45,,2,1.44,0,8.00,0.00,4.08,51% ,2,1917185246497660928,极兔快递,JT0016344409910,食品,陕西省,
农科所智慧社区服务_站点-农科所智慧社区服务站点,农科所智慧社区服务站点,农科所智慧社区服务站点,快递,2025-04-29 19:15:50,,1,0.46,0,6.00,0.00,2.80,6-3.2,2,1917175965580845056,极兔快递,JT0016344760201,食品,河南省,
农科所智慧社区服务_站点-农科所智慧社区服务站点,农科所智慧社区服务站点,农科所智慧社区服务站点,快递,2025-04-29 19:07:21,,1,0.62,0,6.00,0.00,2.80,6-3.2,2,1917173832341053440,极兔快递,JT0016345045839,服饰,河北省,
农科所智慧社区服务_站点-农科所智慧社区服务站点,农科所智慧社区服务站点,农科所智慧社区服务站点,快递,2025-04-29 18:42:03,,1,0.4,0,6.00,0.00,2.80,6-3.2,2,1917167464976539648,极兔快递,JT0016344041344,服饰,广东省,
农科所智慧社区服务_站点-农科所智慧社区服务站点,农科所智慧社区服务站点,农科所智慧社区服务站点,快递,2025-04-29 18:40:48,,1,0.32,0,6.00,0.00,2.80,6-3.2,2,1917167150630232064,极兔快递,JT0016343459310,服饰,江苏省,
农科所智慧社区服务_站点-农科所智慧社区服务站点,农科所智慧社区服务站点,农科所智慧社区服务站点,快递,2025-04-29 17:44:13,,1,0.2,0,6.00,0.00,2.80,6-3.2,2,1917152830773059584,极兔快递,JT0016341831140,服饰,浙江省,
农科所智慧社区服务_站点-农科所智慧社区服务站点,农科所智慧社区服务站点,农科所智慧社区服务站点,快递,2025-04-29 17:37:03,,1,0.86,0,6.00,0.00,2.80,6-3.2,2,1917151102120026112,极兔快递,JT0016333014159,服饰,浙江省,
农科所智慧社区服务_站点-农科所智慧社区服务站点,农科所智慧社区服务站点,农科所智慧社区服务站点,快递,2025-04-29 17:28:26,,1,0.2,0,6.00,0.00,2.80,6-3.2,2,1917148935401299968,极兔快递,JT0016338123494,服饰,吉林省,
农科所智慧社区服务_站点-农科所智慧社区服务站点,农科所智慧社区服务站点,农科所智慧社区服务站点,快递,2025-04-29 17:24:41,,4,3.45,0,12.00,1.50,6.00,50% ,2,1917147989757714432,极兔快递,JT0016336184105,食品,广东省,
农科所智慧社区服务_站点-农科所智慧社区服务站点,农科所智慧社区服务站点,农科所智慧社区服务站点,快递,2025-04-29 16:57:19,,1,1.43,-1,6.00,0.00,2.80,6-3.2,2,1917141104560234496,极兔快递,JT0016340395653,服饰,浙江省,
农科所智慧社区服务_站点-农科所智慧社区服务站点,农科所智慧社区服务站点,农科所智慧社区服务站点,快递,2025-04-29 16:55:05,,1,0.55,0,6.00,0.00,2.80,6-3.2,2,1917140534936002560,极兔快递,JT0016333531310,服饰,江苏省,
农科所智慧社区服务_站点-农科所智慧社区服务站点,农科所智慧社区服务站点,农科所智慧社区服务站点,快递,2025-04-29 15:00:53,,2,1.67,0,8.00,0.00,4.08,51% ,2,1917111786190725120,极兔快递,JT0016336326227,其他,湖北省,
农科所智慧社区服务_站点-农科所智慧社区服务站点,农科所智慧社区服务站点,农科所智慧社区服务站点,快递,2025-04-29 12:07:53,,1,0.2,0,6.00,0.00,2.80,6-3.2,2,1917068271360466944,极兔快递,JT0016327091322,服饰,福建省,
农科所智慧社区服务_站点-农科所智慧社区服务站点,农科所智慧社区服务站点,农科所智慧社区服务站点,快递,2025-04-29 12:05:40,,1,0.34,0,6.00,0.00,2.80,6-3.2,2,1917067711513157632,极兔快递,JT0016329259234,服饰,广东省,
农科所智慧社区服务_站点-农科所智慧社区服务站点,农科所智慧社区服务站点,农科所智慧社区服务站点,快递,2025-04-29 12:04:12,,1,0.86,0,6.00,0.00,2.80,6-3.2,2,1917067333275017216,极兔快递,JT0016334327026,服饰,浙江省,
农科所智慧社区服务_站点-农科所智慧社区服务站点,农科所智慧社区服务站点,农科所智慧社区服务站点,快递,2025-04-29 10:53:26,,1,0.2,0,6.00,0.00,2.80,6-3.2,2,1917049458191556608,极兔快递,JT0016332173955,生活用品,安徽省,
农科所智慧社区服务_站点-农科所智慧社区服务站点,农科所智慧社区服务站点,农科所智慧社区服务站点,快递,2025-04-29 09:48:17,,7,5.6,1,21.00,4.50,10.50,50% ,2,1917033122258280448,极兔快递,JT0016325815200,生活用品,陕西省,
农科所智慧社区服务_站点-农科所智慧社区服务站点,农科所智慧社区服务站点,农科所智慧社区服务站点,快递,2025-04-28 20:22:36,,1,0.45,0,6.00,0.00,2.80,6-3.2,2,1916830379090436096,极兔快递,JT0016326459771,服饰,江苏省,
农科所智慧社区服务_站点-农科所智慧社区服务站点,农科所智慧社区服务站点,农科所智慧社区服务站点,快递,2025-04-28 20:10:46,,1,0.45,0,6.00,0.00,2.80,6-3.2,2,1916827403198193664,极兔快递,JT0016326802941,服饰,河北省,
农科所智慧社区服务_站点-农科所智慧社区服务站点,农科所智慧社区服务站点,农科所智慧社区服务站点,快递,2025-04-28 20:09:21,,1,0.64,0,6.00,0.00,2.80,6-3.2,2,1916827034300768256,极兔快递,JT0016324749000,服饰,广东省,
农科所智慧社区服务_站点-农科所智慧社区服务站点,农科所智慧社区服务站点,农科所智慧社区服务站点,快递,2025-04-28 19:18:04,,1,0.51,0,6.00,0.00,2.80,6-3.2,2,1916814121548701696,极兔快递,JT0016325717032,服饰,江苏省,
农科所智慧社区服务_站点-农科所智慧社区服务站点,农科所智慧社区服务站点,农科所智慧社区服务站点,快递,2025-04-28 19:17:11,,1,0.33,0,6.00,0.00,2.80,6-3.2,2,1916813915440603136,极兔快递,JT0016326561946,服饰,浙江省,
农科所智慧社区服务_站点-农科所智慧社区服务站点,农科所智慧社区服务站点,农科所智慧社区服务站点,快递,2025-04-28 19:15:18,,1,0.44,0,6.00,0.00,2.80,6-3.2,2,1916813426070183936,极兔快递,JT0016327009319,服饰,浙江省,
农科所智慧社区服务_站点-农科所智慧社区服务站点,农科所智慧社区服务站点,农科所智慧社区服务站点,快递,2025-04-28 18:21:04,2025-04-28 10:25:09,1,,,6.00,,0.00,,2,1916799762713862144,极兔快递,JT0016325323675,服饰,广东省,已全额退款
农科所智慧社区服务_站点-农科所智慧社区服务站点,农科所智慧社区服务站点,农科所智慧社区服务站点,快递,2025-04-28 18:24:14,,1,0.2,0,6.00,0.00,2.80,6-3.2,2,1916800579290324992,极兔快递,JT0016324981088,服饰,浙江省,
农科所智慧社区服务_站点-农科所智慧社区服务站点,农科所智慧社区服务站点,农科所智慧社区服务站点,快递,2025-04-28 18:23:23,,1,0.49,0,6.00,0.00,2.80,6-3.2,2,1916800311949582336,极兔快递,JT0016325692003,服饰,广东省,
农科所智慧社区服务_站点-农科所智慧社区服务站点,农科所智慧社区服务站点,农科所智慧社区服务站点,快递,2025-04-28 18:22:13,,1,0.51,0,6.00,0.00,2.80,6-3.2,2,1916800066276614144,极兔快递,JT0016322372082,服饰,广东省,
农科所智慧社区服务_站点-农科所智慧社区服务站点,农科所智慧社区服务站点,农科所智慧社区服务站点,快递,2025-04-28 18:08:06,,1,0.24,0,6.00,0.00,2.52,42% ,2,1916796528888700928,韵达快递,312728091526002,服饰,广东省,
农科所智慧社区服务_站点-农科所智慧社区服务站点,农科所智慧社区服务站点,农科所智慧社区服务站点,快递,2025-04-28 18:07:01,,1,0.27,0,6.00,0.00,2.80,6-3.2,2,1916796257550786560,极兔快递,JT0016323788838,服饰,广东省,
农科所智慧社区服务_站点-农科所智慧社区服务站点,农科所智慧社区服务站点,农科所智慧社区服务站点,快递,2025-04-28 17:42:50,,1,1.76,-1,6.00,0.00,2.80,6-3.2,2,1916790172676841472,极兔快递,JT0016316606783,服饰,河南省,
农科所智慧社区服务_站点-农科所智慧社区服务站点,农科所智慧社区服务站点,农科所智慧社区服务站点,快递,2025-04-28 17:35:34,,1,0.2,0,6.00,0.00,2.80,6-3.2,2,1916788343062716416,极兔快递,JT0016322847006,服饰,广东省,
农科所智慧社区服务_站点-农科所智慧社区服务站点,农科所智慧社区服务站点,农科所智慧社区服务站点,快递,2025-04-28 17:32:59,,1,0.2,0,6.00,0.00,2.80,6-3.2,2,1916787682237538304,极兔快递,JT0016323600428,服饰,广东省,
农科所智慧社区服务_站点-农科所智慧社区服务站点,农科所智慧社区服务站点,农科所智慧社区服务站点,快递,2025-04-28 17:31:55,,1,0.26,0,6.00,0.00,2.80,6-3.2,2,1916787414376701952,极兔快递,JT0016322587058,服饰,安徽省,
农科所智慧社区服务_站点-农科所智慧社区服务站点,农科所智慧社区服务站点,农科所智慧社区服务站点,快递,2025-04-28 17:31:02,,1,0.2,0,6.00,0.00,2.80,6-3.2,2,1916787172407304192,极兔快递,JT0016322786863,服饰,广东省,
农科所智慧社区服务_站点-农科所智慧社区服务站点,农科所智慧社区服务站点,农科所智慧社区服务站点,快递,2025-04-28 17:29:07,,2,1.5,0,8.00,0.00,4.08,51% ,2,1916786712334098432,极兔快递,JT0016322252708,服饰,辽宁省,
农科所智慧社区服务_站点-农科所智慧社区服务站点,农科所智慧社区服务站点,农科所智慧社区服务站点,快递,2025-04-28 17:27:52,,1,0.45,0,6.00,0.00,2.80,6-3.2,2,1916786396918243328,极兔快递,JT0016322398766,服饰,广东省,
农科所智慧社区服务_站点-农科所智慧社区服务站点,农科所智慧社区服务站点,农科所智慧社区服务站点,快递,2025-04-28 16:20:04,,1,0.2,0,6.00,0.00,2.80,6-3.2,2,1916769334627983360,极兔快递,JT0016322144567,服饰,浙江省,
农科所智慧社区服务_站点-农科所智慧社区服务站点,农科所智慧社区服务站点,农科所智慧社区服务站点,快递,2025-04-28 15:49:30,,1,0.33,0,6.00,0.00,2.80,6-3.2,2,1916761652454023168,极兔快递,JT0016314673477,服饰,江苏省,
农科所智慧社区服务_站点-农科所智慧社区服务站点,农科所智慧社区服务站点,农科所智慧社区服务站点,快递,2025-04-28 15:23:56,,1,0.22,0,6.00,0.00,2.80,6-3.2,2,1916755214822334464,极兔快递,JT0016319403349,服饰,浙江省,
农科所智慧社区服务_站点-农科所智慧社区服务站点,农科所智慧社区服务站点,农科所智慧社区服务站点,快递,2025-04-28 15:22:24,,1,0.2,0,6.00,0.00,2.80,6-3.2,2,1916754832989675520,极兔快递,JT0016321545073,服饰,河南省,
农科所智慧社区服务_站点-农科所智慧社区服务站点,农科所智慧社区服务站点,农科所智慧社区服务站点,快递,2025-04-28 14:07:20,,11,10.75,0,33.00,12.00,16.50,50% ,2,1916735929441902592,极兔快递,JT0016317996023,食品,福建省,
农科所智慧社区服务_站点-农科所智慧社区服务站点,农科所智慧社区服务站点,农科所智慧社区服务站点,快递,2025-04-28 12:42:05,,4,2.04,1,13.00,0.00,5.50,50%,2,1916714472531877888,极兔快递,JT0016311356475,生活用品,上海市,
农科所智慧社区服务_站点-农科所智慧社区服务站点,农科所智慧社区服务站点,农科所智慧社区服务站点,快递,2025-04-28 12:13:09,,1,0.31,0,6.00,0.00,2.80,6-3.2,2,1916707202943213568,极兔快递,JT0016317050885,服饰,江苏省,
农科所智慧社区服务_站点-农科所智慧社区服务站点,农科所智慧社区服务站点,农科所智慧社区服务站点,快递,2025-04-28 11:06:38,,1,0.67,0,6.00,0.00,2.80,6-3.2,2,1916690466877530112,极兔快递,JT0016311406180,服饰,广东省,
农科所智慧社区服务_站点-农科所智慧社区服务站点,农科所智慧社区服务站点,农科所智慧社区服务站点,快递,2025-04-28 11:03:20,,1,0.37,0,6.00,0.00,2.80,6-3.2,2,1916689624044724224,极兔快递,JT0016312176680,服饰,福建省,
农科所智慧社区服务_站点-农科所智慧社区服务站点,农科所智慧社区服务站点,农科所智慧社区服务站点,快递,2025-04-28 11:00:38,,2,1.09,0,8.00,0.00,4.08,51% ,2,1916688955049041920,极兔快递,JT0016312118504,服饰,江西省,
农科所智慧社区服务_站点-农科所智慧社区服务站点,农科所智慧社区服务站点,农科所智慧社区服务站点,快递,2025-04-28 10:22:32,,1,0.2,0,6.00,0.00,2.80,6-3.2,2,1916679326986461184,极兔快递,JT0016301432659,服饰,广东省,
农科所智慧社区服务_站点-农科所智慧社区服务站点,农科所智慧社区服务站点,农科所智慧社区服务站点,快递,2025-04-28 10:20:30,2025-04-28 02:21:35,1,,,6.00,,0.00,,2,1916678856456855552,极兔快递,,服饰,江苏省,已全额退款
农科所智慧社区服务_站点-农科所智慧社区服务站点,农科所智慧社区服务站点,农科所智慧社区服务站点,快递,2025-04-28 10:19:24,2025-04-28 02:21:21,1,,,6.00,,0.00,,2,1916678579888644096,极兔快递,,服饰,江苏省,已全额退款
农科所智慧社区服务_站点-农科所智慧社区服务站点,农科所智慧社区服务站点,农科所智慧社区服务站点,快递,2025-04-28 10:01:17,,1,0.21,0,6.00,0.00,2.80,6-3.2,2,1916674023494574080,极兔快递,JT0016312629732,其他,陕西省,
农科所智慧社区服务_站点-农科所智慧社区服务站点,农科所智慧社区服务站点,农科所智慧社区服务站点,快递,2025-04-28 09:55:38,,1,0.2,0,6.00,0.00,2.80,6-3.2,2,1916672458381647872,极兔快递,JT0016305075498,生活用品,浙江省,
农科所智慧社区服务_站点-农科所智慧社区服务站点,农科所智慧社区服务站点,农科所智慧社区服务站点,快递,2025-04-28 09:53:51,,1,0.2,0,6.00,0.00,2.80,6-3.2,2,1916672099324059648,极兔快递,JT0016310581104,服饰,广东省,
农科所智慧社区服务_站点-农科所智慧社区服务站点,农科所智慧社区服务站点,农科所智慧社区服务站点,快递,2025-04-28 09:47:29,,2,1.53,0,8.00,0.00,4.08,51% ,2,1916670545430896640,极兔快递,JT0016313912585,生活用品,河南省,
农科所智慧社区服务_站点-农科所智慧社区服务站点,农科所智慧社区服务站点,农科所智慧社区服务站点,快递,2025-04-28 09:39:18,,1,0.4,0,6.00,0.00,2.80,6-3.2,2,1916668487667605504,极兔快递,JT0016312448593,生活用品,吉林省,
农科所智慧社区服务_站点-农科所智慧社区服务站点,农科所智慧社区服务站点,农科所智慧社区服务站点,快递,2025-04-28 09:38:03,,1,0.29,0,6.00,0.00,2.80,6-3.2,2,1916668163993165824,极兔快递,JT0016304567862,其他,广东省,
农科所智慧社区服务_站点-农科所智慧社区服务站点,农科所智慧社区服务站点,农科所智慧社区服务站点,快递,2025-04-27 20:52:17,,1,0.38,0,6.00,0.00,2.80,6-3.2,2,1916475458763677696,极兔快递,JT0016307586826,服饰,广东省,
农科所智慧社区服务_站点-农科所智慧社区服务站点,农科所智慧社区服务站点,农科所智慧社区服务站点,快递,2025-04-27 18:24:01,,1,0.49,0,6.00,0.00,2.80,6-3.2,2,1916438144603709440,极兔快递,JT0016303842756,服饰,江苏省,
农科所智慧社区服务_站点-农科所智慧社区服务站点,农科所智慧社区服务站点,农科所智慧社区服务站点,快递,2025-04-27 18:12:43,,1,0.2,0,6.00,0.00,2.80,6-3.2,2,1916435298470649856,极兔快递,JT0016299518832,其他,浙江省,
农科所智慧社区服务_站点-农科所智慧社区服务站点,农科所智慧社区服务站点,农科所智慧社区服务站点,快递,2025-04-27 17:57:12,,2,1.25,0,8.00,0.00,4.08,51% ,2,1916431398216720384,极兔快递,JT0016308100717,其他,陕西省,
农科所智慧社区服务_站点-农科所智慧社区服务站点,农科所智慧社区服务站点,农科所智慧社区服务站点,快递,2025-04-27 17:41:02,,1,0.27,0,6.00,0.00,2.52,42% ,2,1916427328022175744,韵达快递,312726546644688,服饰,广东省,
农科所智慧社区服务_站点-农科所智慧社区服务站点,农科所智慧社区服务站点,农科所智慧社区服务站点,快递,2025-04-27 17:39:58,,1,0.2,0,6.00,0.00,2.80,6-3.2,2,1916427065072869376,极兔快递,JT0016302397123,服饰,河南省,
农科所智慧社区服务_站点-农科所智慧社区服务站点,农科所智慧社区服务站点,农科所智慧社区服务站点,快递,2025-04-27 17:38:43,,1,0.35,0,6.00,0.00,2.80,6-3.2,2,1916426751200518144,极兔快递,JT0016305024422,服饰,广东省,
农科所智慧社区服务_站点-农科所智慧社区服务站点,农科所智慧社区服务站点,农科所智慧社区服务站点,快递,2025-04-27 17:35:36,,1,0.53,0,6.00,0.00,2.80,6-3.2,2,1916425967708725248,极兔快递,JT0016306948093,服饰,浙江省,
农科所智慧社区服务_站点-农科所智慧社区服务站点,农科所智慧社区服务站点,农科所智慧社区服务站点,快递,2025-04-27 17:34:17,,1,0.2,0,6.00,0.00,2.80,6-3.2,2,1916425635897335808,极兔快递,JT0016305491428,服饰,广东省,
农科所智慧社区服务_站点-农科所智慧社区服务站点,农科所智慧社区服务站点,农科所智慧社区服务站点,快递,2025-04-27 17:32:38,,1,0.35,0,6.00,0.00,2.80,6-3.2,2,1916425219205816320,极兔快递,JT0016306717609,服饰,湖北省,
农科所智慧社区服务_站点-农科所智慧社区服务站点,农科所智慧社区服务站点,农科所智慧社区服务站点,快递,2025-04-27 17:31:06,,1,0.25,0,6.00,0.00,2.80,6-3.2,2,1916424745429819392,极兔快递,JT0016304191971,服饰,广东省,
农科所智慧社区服务_站点-农科所智慧社区服务站点,农科所智慧社区服务站点,农科所智慧社区服务站点,快递,2025-04-27 17:30:07,,1,0.25,0,6.00,0.00,2.80,6-3.2,2,1916424578949505024,极兔快递,JT0016306542015,服饰,浙江省,
农科所智慧社区服务_站点-农科所智慧社区服务站点,农科所智慧社区服务站点,农科所智慧社区服务站点,快递,2025-04-27 17:29:18,,1,0.24,0,6.00,0.00,2.80,6-3.2,2,1916424372359061504,极兔快递,JT0016303131314,服饰,福建省,
农科所智慧社区服务_站点-农科所智慧社区服务站点,农科所智慧社区服务站点,农科所智慧社区服务站点,快递,2025-04-27 17:28:32,,1,0.33,0,6.00,0.00,2.80,6-3.2,2,1916424177726578688,极兔快递,JT0016301628972,服饰,河南省,
农科所智慧社区服务_站点-农科所智慧社区服务站点,农科所智慧社区服务站点,农科所智慧社区服务站点,快递,2025-04-27 17:27:55,,1,0.38,0,6.00,0.00,2.80,6-3.2,2,1916424027725684736,极兔快递,JT0016304418434,服饰,辽宁省,
农科所智慧社区服务_站点-农科所智慧社区服务站点,农科所智慧社区服务站点,农科所智慧社区服务站点,快递,2025-04-27 17:27:07,,1,0.81,0,6.00,0.00,2.80,6-3.2,2,1916423828374609920,极兔快递,JT0016305491912,其他,江苏省,
农科所智慧社区服务_站点-农科所智慧社区服务站点,农科所智慧社区服务站点,农科所智慧社区服务站点,快递,2025-04-27 17:24:39,,1,0.24,0,6.00,0.00,2.80,6-3.2,2,1916423208804605952,极兔快递,JT0016299674308,服饰,河北省,
农科所智慧社区服务_站点-农科所智慧社区服务站点,农科所智慧社区服务站点,农科所智慧社区服务站点,快递,2025-04-27 17:20:43,,1,0.21,0,6.00,0.00,2.80,6-3.2,2,1916422200988852224,极兔快递,JT0016306744699,服饰,广东省,
农科所智慧社区服务_站点-农科所智慧社区服务站点,农科所智慧社区服务站点,农科所智慧社区服务站点,快递,2025-04-27 17:04:07,,2,1.23,0,8.00,0.00,4.08,51% ,2,1916418037814976512,极兔快递,JT0016306524205,服饰,浙江省,
农科所智慧社区服务_站点-农科所智慧社区服务站点,农科所智慧社区服务站点,农科所智慧社区服务站点,快递,2025-04-27 15:09:26,,1,0.87,0,6.00,0.00,2.80,6-3.2,2,1916389165857824768,极兔快递,JT0016300338826,其他,湖北省,
农科所智慧社区服务_站点-农科所智慧社区服务站点,农科所智慧社区服务站点,农科所智慧社区服务站点,快递,2025-04-27 14:49:08,,1,0.82,0,6.00,0.00,2.80,6-3.2,2,1916384068805386240,极兔快递,JT0016278437392,服饰,广东省,
农科所智慧社区服务_站点-农科所智慧社区服务站点,农科所智慧社区服务站点,农科所智慧社区服务站点,快递,2025-04-27 14:47:46,,1,0.46,0,6.00,0.00,2.80,6-3.2,2,1916383726134943744,极兔快递,JT0016301472353,服饰,湖北省,
农科所智慧社区服务_站点-农科所智慧社区服务站点,农科所智慧社区服务站点,农科所智慧社区服务站点,快递,2025-04-27 14:28:11,,2,1.68,0,8.00,0.00,4.08,51% ,2,1916378529211932672,极兔快递,JT0016300749972,其他,河南省,
农科所智慧社区服务_站点-农科所智慧社区服务站点,农科所智慧社区服务站点,农科所智慧社区服务站点,快递,2025-04-27 13:44:09,,1,0.37,0,6.00,0.00,2.80,6-3.2,2,1916367720058511360,极兔快递,JT0016291574648,服饰,陕西省,
农科所智慧社区服务_站点-农科所智慧社区服务站点,农科所智慧社区服务站点,农科所智慧社区服务站点,快递,2025-04-27 13:40:49,,1,1.53,-1,6.00,0.00,2.80,6-3.2,2,1916366880958636032,极兔快递,JT0016300107332,服饰,浙江省,
农科所智慧社区服务_站点-农科所智慧社区服务站点,农科所智慧社区服务站点,农科所智慧社区服务站点,快递,2025-04-27 13:39:21,,1,0.2,0,6.00,0.00,2.80,6-3.2,2,1916366509171335168,极兔快递,JT0016301051512,服饰,浙江省,
农科所智慧社区服务_站点-农科所智慧社区服务站点,农科所智慧社区服务站点,农科所智慧社区服务站点,快递,2025-04-27 11:39:16,,1,0.47,0,6.00,0.00,2.80,6-3.2,2,1916336289731108864,极兔快递,JT0016293937353,服饰,广东省,
农科所智慧社区服务_站点-农科所智慧社区服务站点,农科所智慧社区服务站点,农科所智慧社区服务站点,快递,2025-04-27 10:40:36,,1,0.6,0,6.00,0.00,2.80,6-3.2,2,1916321450325499904,极兔快递,JT0016282143045,服饰,河北省,
农科所智慧社区服务_站点-农科所智慧社区服务站点,农科所智慧社区服务站点,农科所智慧社区服务站点,快递,2025-04-27 09:57:39,,1,0.2,0,6.00,0.00,2.80,6-3.2,2,1916310718267580416,极兔快递,JT0016291307828,食品,安徽省,
农科所智慧社区服务_站点-农科所智慧社区服务站点,农科所智慧社区服务站点,农科所智慧社区服务站点,快递,2025-04-27 09:30:08,,0.4,0.22,0,6.00,0.00,2.80,6-3.2,2,1916303763302047744,极兔快递,JT0016292630231,服饰,福建省,
农科所智慧社区服务_站点-农科所智慧社区服务站点,农科所智慧社区服务站点,农科所智慧社区服务站点,快递,2025-04-26 20:55:50,,1,0.5,0,6.00,0.00,2.80,6-3.2,2,1916113962900709376,极兔快递,JT0016288363939,生活用品,安徽省,
农科所智慧社区服务_站点-农科所智慧社区服务站点,农科所智慧社区服务站点,农科所智慧社区服务站点,快递,2025-04-26 20:51:56,,6,4.23,1,18.00,3.00,9.00,50% ,2,1916112987242684416,极兔快递,JT0016291651687,生活用品,河北省,
农科所智慧社区服务_站点-农科所智慧社区服务站点,农科所智慧社区服务站点,农科所智慧社区服务站点,快递,2025-04-26 20:48:57,,3,2.6,0,10.00,0.00,5.50,55% ,2,1916112230888038400,极兔快递,JT0016275979227,食品,黑龙江省,
农科所智慧社区服务_站点-农科所智慧社区服务站点,农科所智慧社区服务站点,农科所智慧社区服务站点,快递,2025-04-26 20:46:37,,2,1.1,0,8.00,0.00,4.08,51% ,2,1916111646017511424,极兔快递,JT0016292742656,服饰,广东省,
农科所智慧社区服务_站点-农科所智慧社区服务站点,农科所智慧社区服务站点,农科所智慧社区服务站点,快递,2025-04-26 20:45:20,,1,0.23,0,7.00,0.00,2.80,6-3.2,2,1916111321189638144,极兔快递,JT0016290182540,其他,上海市,
农科所智慧社区服务_站点-农科所智慧社区服务站点,农科所智慧社区服务站点,农科所智慧社区服务站点,快递,2025-04-26 20:43:12,,1,0.21,0,7.00,0.00,2.80,6-3.2,2,1916110779168120832,极兔快递,JT0016292867163,其他,上海市,
农科所智慧社区服务_站点-农科所智慧社区服务站点,农科所智慧社区服务站点,农科所智慧社区服务站点,快递,2025-04-26 20:41:21,,1,0.51,0,6.00,0.00,2.80,6-3.2,2,1916110321594720256,极兔快递,JT0016289169318,服饰,广东省,
农科所智慧社区服务_站点-农科所智慧社区服务站点,农科所智慧社区服务站点,农科所智慧社区服务站点,快递,2025-04-26 20:40:04,,1,0.36,0,6.00,0.00,2.80,6-3.2,2,1916109931885158400,极兔快递,JT0016290492137,服饰,湖南省,
农科所智慧社区服务_站点-农科所智慧社区服务站点,农科所智慧社区服务站点,农科所智慧社区服务站点,快递,2025-04-26 20:37:15,,1,0.2,0,6.00,0.00,2.80,6-3.2,2,1916109282426544128,极兔快递,JT0016287820083,其他,浙江省,
农科所智慧社区服务_站点-农科所智慧社区服务站点,农科所智慧社区服务站点,农科所智慧社区服务站点,快递,2025-04-26 20:36:05,,1,0.6,0,6.00,0.00,2.80,6-3.2,2,1916108992860184576,极兔快递,JT0016292408076,其他,广东省,
农科所智慧社区服务_站点-农科所智慧社区服务站点,农科所智慧社区服务站点,农科所智慧社区服务站点,快递,2025-04-26 20:33:55,,1,0.83,0,6.00,0.00,2.80,6-3.2,2,1916108445612564480,极兔快递,JT0016289559935,服饰,浙江省,
农科所智慧社区服务_站点-农科所智慧社区服务站点,农科所智慧社区服务站点,农科所智慧社区服务站点,快递,2025-04-26 20:32:09,,1,0.88,0,6.00,0.00,2.80,6-3.2,2,1916107993009414144,极兔快递,JT0016289062483,服饰,浙江省,
农科所智慧社区服务_站点-农科所智慧社区服务站点,农科所智慧社区服务站点,农科所智慧社区服务站点,快递,2025-04-26 18:58:58,,1,0.47,0,6.00,0.00,2.80,6-3.2,2,1916084559667847168,极兔快递,JT0016272580998,其他,陕西省,
农科所智慧社区服务_站点-农科所智慧社区服务站点,农科所智慧社区服务站点,农科所智慧社区服务站点,快递,2025-04-26 18:22:19,,1,0.28,0,6.00,0.00,2.80,6-3.2,2,1916075267879395328,极兔快递,JT0016285549328,其他,广东省,
农科所智慧社区服务_站点-农科所智慧社区服务站点,农科所智慧社区服务站点,农科所智慧社区服务站点,快递,2025-04-26 18:21:06,,1,0.2,0,6.00,0.00,2.80,6-3.2,2,1916074934784548864,极兔快递,JT0016269603080,服饰,广东省,
农科所智慧社区服务_站点-农科所智慧社区服务站点,农科所智慧社区服务站点,农科所智慧社区服务站点,快递,2025-04-26 18:19:04,,2,1.79,0,8.00,0.00,4.08,51% ,2,1916074517317083136,极兔快递,JT0016290785829,食品,安徽省,
农科所智慧社区服务_站点-农科所智慧社区服务站点,农科所智慧社区服务站点,农科所智慧社区服务站点,快递,2025-04-26 18:17:07,,2,1.44,0,8.00,0.00,4.08,51% ,2,1916074026923253760,极兔快递,JT0016290684998,服饰,浙江省,
农科所智慧社区服务_站点-农科所智慧社区服务站点,农科所智慧社区服务站点,农科所智慧社区服务站点,快递,2025-04-26 18:15:38,,1,0.2,0,6.00,0.00,2.80,6-3.2,2,1916073642385268736,极兔快递,JT0016289351257,服饰,河南省,
农科所智慧社区服务_站点-农科所智慧社区服务站点,农科所智慧社区服务站点,农科所智慧社区服务站点,快递,2025-04-26 18:14:42,,1,0.2,0,6.00,0.00,2.80,6-3.2,2,1916073409404264448,极兔快递,JT0016288133100,服饰,湖北省,
农科所智慧社区服务_站点-农科所智慧社区服务站点,农科所智慧社区服务站点,农科所智慧社区服务站点,快递,2025-04-26 18:13:42,,1,0.45,0,6.00,0.00,2.80,6-3.2,2,1916073166340153344,极兔快递,JT0016289884779,服饰,浙江省,
农科所智慧社区服务_站点-农科所智慧社区服务站点,农科所智慧社区服务站点,农科所智慧社区服务站点,快递,2025-04-26 17:45:56,,1,0.92,0,6.00,0.00,2.80,6-3.2,2,1916066167816773632,极兔快递,JT0016288168820,服饰,福建省,
农科所智慧社区服务_站点-农科所智慧社区服务站点,农科所智慧社区服务站点,农科所智慧社区服务站点,快递,2025-04-26 17:21:30,,1,0.45,0,6.00,0.00,2.80,6-3.2,2,1916060018203746304,极兔快递,JT0016285384407,服饰,广东省,
农科所智慧社区服务_站点-农科所智慧社区服务站点,农科所智慧社区服务站点,农科所智慧社区服务站点,快递,2025-04-26 16:12:40,,1,0.29,0,6.00,0.00,2.80,6-3.2,2,1916042709242273792,极兔快递,JT0016288639332,服饰,广东省,
农科所智慧社区服务_站点-农科所智慧社区服务站点,农科所智慧社区服务站点,农科所智慧社区服务站点,快递,2025-04-26 14:59:38,,11,10.47,0,33.00,12.00,16.50,50% ,2,1916024318859206656,极兔快递,JT0016283493075,食品,陕西省,
农科所智慧社区服务_站点-农科所智慧社区服务站点,农科所智慧社区服务站点,农科所智慧社区服务站点,快递,2025-04-26 14:58:29,,11,9.45,1,33.00,10.50,16.50,50% ,2,1916024020321230848,极兔快递,JT0016285566767,食品,陕西省,
农科所智慧社区服务_站点-农科所智慧社区服务站点,农科所智慧社区服务站点,农科所智慧社区服务站点,快递,2025-04-26 14:33:14,,1,0.2,0,6.00,0.00,2.80,6-3.2,2,1916017673458475008,极兔快递,JT0016286494429,服饰,广东省,
农科所智慧社区服务_站点-农科所智慧社区服务站点,农科所智慧社区服务站点,农科所智慧社区服务站点,快递,2025-04-26 13:59:37,,5,4.94,0,15.00,3.00,7.50,50% ,2,1916009209264922624,极兔快递,JT0016282518271,易碎品,湖南省,
农科所智慧社区服务_站点-农科所智慧社区服务站点,农科所智慧社区服务站点,农科所智慧社区服务站点,快递,2025-04-26 13:59:03,,5,4.65,0,15.00,3.00,7.50,50% ,2,1916009063118594048,极兔快递,JT0016281370988,易碎品,湖南省,
农科所智慧社区服务_站点-农科所智慧社区服务站点,农科所智慧社区服务站点,农科所智慧社区服务站点,快递,2025-04-26 13:58:09,,5,4.64,0,15.00,3.00,7.50,50% ,2,1916008843379007488,极兔快递,JT0016284880984,易碎品,湖南省,
农科所智慧社区服务_站点-农科所智慧社区服务站点,农科所智慧社区服务站点,农科所智慧社区服务站点,快递,2025-04-26 10:10:06,,1,0.2,0,6.00,0.00,2.80,6-3.2,2,1915951460380368896,极兔快递,JT0016280282316,其他,陕西省,
农科所智慧社区服务_站点-农科所智慧社区服务站点,农科所智慧社区服务站点,农科所智慧社区服务站点,快递,2025-04-25 20:42:39,,1,0.54,0,6.00,0.00,2.80,6-3.2,2,1915748166429106176,极兔快递,JT0016251942137,服饰,江苏省,
农科所智慧社区服务_站点-农科所智慧社区服务站点,农科所智慧社区服务站点,农科所智慧社区服务站点,快递,2025-04-25 20:40:26,,1,0.86,0,6.00,0.00,2.80,6-3.2,2,1915747708075565056,极兔快递,JT0016274211454,其他,四川省,
农科所智慧社区服务_站点-农科所智慧社区服务站点,农科所智慧社区服务站点,农科所智慧社区服务站点,快递,2025-04-25 19:38:27,,1,0.2,0,6.00,0.00,2.80,6-3.2,2,1915732110293655552,极兔快递,JT0016275889230,其他,安徽省,
农科所智慧社区服务_站点-农科所智慧社区服务站点,农科所智慧社区服务站点,农科所智慧社区服务站点,快递,2025-04-25 19:19:59,,1,0.2,0,6.00,0.00,2.80,6-3.2,2,1915727465882116096,极兔快递,JT0016276497710,服饰,广东省,
农科所智慧社区服务_站点-农科所智慧社区服务站点,农科所智慧社区服务站点,农科所智慧社区服务站点,快递,2025-04-25 18:50:22,,1,0.25,0,6.00,0.00,2.80,6-3.2,2,1915720009839861760,极兔快递,JT0016270878507,服饰,浙江省,
农科所智慧社区服务_站点-农科所智慧社区服务站点,农科所智慧社区服务站点,农科所智慧社区服务站点,快递,2025-04-25 18:48:10,,1,0.31,0,6.00,0.00,2.80,6-3.2,2,1915719458087559168,极兔快递,JT0016275693717,服饰,广东省,
农科所智慧社区服务_站点-农科所智慧社区服务站点,农科所智慧社区服务站点,农科所智慧社区服务站点,快递,2025-04-25 18:25:45,,1,0.2,0,6.00,0.00,2.80,6-3.2,2,1915713815758823424,极兔快递,JT0016274067799,其他,陕西省,
农科所智慧社区服务_站点-农科所智慧社区服务站点,农科所智慧社区服务站点,农科所智慧社区服务站点,快递,2025-04-25 18:05:23,,1,0.71,0,6.00,0.00,2.80,6-3.2,2,1915708687458820096,极兔快递,JT0016274537224,服饰,浙江省,
农科所智慧社区服务_站点-农科所智慧社区服务站点,农科所智慧社区服务站点,农科所智慧社区服务站点,快递,2025-04-25 17:22:47,,1,0.27,0,6.00,0.00,2.80,6-3.2,2,1915697906860220416,极兔快递,JT0016275067922,服饰,浙江省,
农科所智慧社区服务_站点-农科所智慧社区服务站点,农科所智慧社区服务站点,农科所智慧社区服务站点,快递,2025-04-25 17:21:41,,1,0.33,0,6.00,0.00,2.80,6-3.2,2,1915697675347222528,极兔快递,JT0016267492276,服饰,浙江省,
农科所智慧社区服务_站点-农科所智慧社区服务站点,农科所智慧社区服务站点,农科所智慧社区服务站点,快递,2025-04-25 17:20:45,,1,0.2,0,6.00,0.00,2.80,6-3.2,2,1915697451644018688,极兔快递,JT0016273813501,服饰,湖北省,
农科所智慧社区服务_站点-农科所智慧社区服务站点,农科所智慧社区服务站点,农科所智慧社区服务站点,快递,2025-04-25 17:05:43,,2,5.19,-4,8.00,4.50,4.08,51% ,2,1915693668025294848,极兔快递,JT0016271712108,服饰,河南省,
农科所智慧社区服务_站点-农科所智慧社区服务站点,农科所智慧社区服务站点,农科所智慧社区服务站点,快递,2025-04-25 16:44:53,,1,1.15,-1,6.00,0.00,2.80,6-3.2,2,1915688424683921408,极兔快递,JT0016267516962,服饰,浙江省,
农科所智慧社区服务_站点-农科所智慧社区服务站点,农科所智慧社区服务站点,农科所智慧社区服务站点,快递,2025-04-25 16:19:31,,1,0.2,0,6.00,0.00,2.80,6-3.2,2,1915682044296093696,极兔快递,JT0016272332043,服饰,河北省,
农科所智慧社区服务_站点-农科所智慧社区服务站点,农科所智慧社区服务站点,农科所智慧社区服务站点,快递,2025-04-25 15:51:45,,2,1.4,0,8.00,0.00,4.08,51% ,2,1915675059681026048,极兔快递,JT0016269756364,服饰,广东省,
农科所智慧社区服务_站点-农科所智慧社区服务站点,农科所智慧社区服务站点,农科所智慧社区服务站点,快递,2025-04-25 15:12:44,,1,0.45,0,6.00,0.00,2.80,6-3.2,2,1915665242904125440,极兔快递,JT0016267389680,服饰,江苏省,
农科所智慧社区服务_站点-农科所智慧社区服务站点,农科所智慧社区服务站点,农科所智慧社区服务站点,快递,2025-04-25 14:33:41,,1,0.41,0,6.00,0.00,2.80,6-3.2,2,1915655403830304768,极兔快递,JT0016268426108,服饰,广东省,
农科所智慧社区服务_站点-农科所智慧社区服务站点,农科所智慧社区服务站点,农科所智慧社区服务站点,快递,2025-04-25 12:49:19,,1,0.85,0,6.00,0.00,2.80,6-3.2,2,1915629148120604672,极兔快递,JT0016267018710,其他,湖北省,
农科所智慧社区服务_站点-农科所智慧社区服务站点,农科所智慧社区服务站点,农科所智慧社区服务站点,快递,2025-04-25 12:24:08,,1,0.54,0,6.00,0.00,2.80,6-3.2,2,1915622678473793536,极兔快递,JT0016266816797,服饰,浙江省,
农科所智慧社区服务_站点-农科所智慧社区服务站点,农科所智慧社区服务站点,农科所智慧社区服务站点,快递,2025-04-25 09:58:54,,1,0.36,0,6.00,0.00,2.80,6-3.2,2,1915586263903952896,极兔快递,JT0016263059413,生活用品,浙江省,
农科所智慧社区服务_站点-农科所智慧社区服务站点,农科所智慧社区服务站点,农科所智慧社区服务站点,快递,2025-04-25 09:39:48,,3,2.86,0,10.00,0.00,5.50,55% ,2,1915581454673043456,极兔快递,JT0016263171301,生活用品,江苏省,
农科所智慧社区服务_站点-农科所智慧社区服务站点,农科所智慧社区服务站点,农科所智慧社区服务站点,快递,2025-04-25 09:36:06,,1,0.31,0,6.00,0.00,2.80,6-3.2,2,1915580514733711360,极兔快递,JT0016263432158,生活用品,江西省,
农科所智慧社区服务_站点-农科所智慧社区服务站点,农科所智慧社区服务站点,农科所智慧社区服务站点,快递,2025-04-24 20:46:14,,1,0.57,0,6.00,0.00,2.80,6-3.2,2,1915386737050050560,极兔快递,JT0016257260211,服饰,广西壮族自治区,
农科所智慧社区服务_站点-农科所智慧社区服务站点,农科所智慧社区服务站点,农科所智慧社区服务站点,快递,2025-04-24 20:01:38,,1,0.62,0,6.00,0.00,2.80,6-3.2,2,1915375555157221376,极兔快递,JT0016257171595,服饰,江苏省,
农科所智慧社区服务_站点-农科所智慧社区服务站点,农科所智慧社区服务站点,农科所智慧社区服务站点,快递,2025-04-24 19:34:51,,1,0.2,0,6.00,0.00,2.80,6-3.2,2,1915368810527645696,极兔快递,JT0016251471425,服饰,河北省,
农科所智慧社区服务_站点-农科所智慧社区服务站点,农科所智慧社区服务站点,农科所智慧社区服务站点,快递,2025-04-24 19:29:07,,1,0.51,0,6.00,0.00,2.80,6-3.2,2,1915367371176730624,极兔快递,JT0016253185470,服饰,湖南省,
农科所智慧社区服务_站点-农科所智慧社区服务站点,农科所智慧社区服务站点,农科所智慧社区服务站点,快递,2025-04-24 19:21:04,,1,0.67,0,6.00,0.00,2.80,6-3.2,2,1915365326071848960,极兔快递,JT0016258540422,生活用品,广东省,
农科所智慧社区服务_站点-农科所智慧社区服务站点,农科所智慧社区服务站点,农科所智慧社区服务站点,快递,2025-04-24 19:18:58,,1,0.38,0,7.00,0.00,2.80,6-3.2,2,1915364818661728256,极兔快递,JT0016254928156,生活用品,上海市,
农科所智慧社区服务_站点-农科所智慧社区服务站点,农科所智慧社区服务站点,农科所智慧社区服务站点,快递,2025-04-24 19:15:49,,1,0.2,0,6.00,0.00,2.80,6-3.2,2,1915364026173153280,极兔快递,JT0016247091137,服饰,河北省,
农科所智慧社区服务_站点-农科所智慧社区服务站点,农科所智慧社区服务站点,农科所智慧社区服务站点,快递,2025-04-24 19:14:41,,1,0.2,0,6.00,0.00,2.80,6-3.2,2,1915363733507203072,极兔快递,JT0016253364149,服饰,河南省,
农科所智慧社区服务_站点-农科所智慧社区服务站点,农科所智慧社区服务站点,农科所智慧社区服务站点,快递,2025-04-24 19:14:01,,1,0.31,0,6.00,0.00,2.80,6-3.2,2,1915363568092241920,极兔快递,JT0016258396067,服饰,福建省,
农科所智慧社区服务_站点-农科所智慧社区服务站点,农科所智慧社区服务站点,农科所智慧社区服务站点,快递,2025-04-24 19:12:36,,1,0.51,0,6.00,0.00,2.80,6-3.2,2,1915363218257928192,极兔快递,JT0016255338808,其他,广东省,
农科所智慧社区服务_站点-农科所智慧社区服务站点,农科所智慧社区服务站点,农科所智慧社区服务站点,快递,2025-04-24 18:43:55,,1,0.27,0,6.00,0.00,2.80,6-3.2,2,1915355998845722624,极兔快递,JT0016245358022,服饰,浙江省,
农科所智慧社区服务_站点-农科所智慧社区服务站点,农科所智慧社区服务站点,农科所智慧社区服务站点,快递,2025-04-24 18:39:00,,1,0.87,0,6.00,0.00,2.80,6-3.2,2,1915354761064669184,极兔快递,JT0016258946416,服饰,广东省,
农科所智慧社区服务_站点-农科所智慧社区服务站点,农科所智慧社区服务站点,农科所智慧社区服务站点,快递,2025-04-24 18:36:34,,1,0.85,0,6.00,0.00,2.80,6-3.2,2,1915354150227206144,极兔快递,JT0016255899281,服饰,广东省,
农科所智慧社区服务_站点-农科所智慧社区服务站点,农科所智慧社区服务站点,农科所智慧社区服务站点,快递,2025-04-24 18:34:36,,1,0.85,0,6.00,0.00,2.80,6-3.2,2,1915353652182966272,极兔快递,JT0016258684982,服饰,广东省,
农科所智慧社区服务_站点-农科所智慧社区服务站点,农科所智慧社区服务站点,农科所智慧社区服务站点,快递,2025-04-24 18:33:00,,1,0.35,0,6.00,0.00,2.80,6-3.2,2,1915353249336844288,极兔快递,JT0016255985366,服饰,安徽省,
农科所智慧社区服务_站点-农科所智慧社区服务站点,农科所智慧社区服务站点,农科所智慧社区服务站点,快递,2025-04-24 18:17:01,,1,0.37,0,6.00,0.00,2.80,6-3.2,2,1915349224709218304,极兔快递,JT0016257221438,服饰,江苏省,
农科所智慧社区服务_站点-农科所智慧社区服务站点,农科所智慧社区服务站点,农科所智慧社区服务站点,快递,2025-04-24 17:26:54,,1,0.2,0,6.00,0.00,2.80,6-3.2,2,1915336601758392320,极兔快递,JT0016252225573,服饰,广东省,
农科所智慧社区服务_站点-农科所智慧社区服务站点,农科所智慧社区服务站点,农科所智慧社区服务站点,快递,2025-04-24 17:22:54,,1,0.51,0,6.00,0.00,2.80,6-3.2,2,1915335600938737664,极兔快递,JT0016257113681,服饰,广东省,
农科所智慧社区服务_站点-农科所智慧社区服务站点,农科所智慧社区服务站点,农科所智慧社区服务站点,快递,2025-04-24 17:22:02,,1,0.2,0,6.00,0.00,2.80,6-3.2,2,1915335393731731456,极兔快递,JT0016258014197,服饰,湖北省,
农科所智慧社区服务_站点-农科所智慧社区服务站点,农科所智慧社区服务站点,农科所智慧社区服务站点,快递,2025-04-24 17:20:27,,1,0.57,0,6.00,0.00,2.80,6-3.2,2,1915334993448329216,极兔快递,JT0016252605761,生活用品,陕西省,
农科所智慧社区服务_站点-农科所智慧社区服务站点,农科所智慧社区服务站点,农科所智慧社区服务站点,快递,2025-04-24 13:48:40,,1,0.44,0,6.00,0.00,2.80,6-3.2,2,1915281697878630400,极兔快递,JT0016251402011,其他,浙江省,
农科所智慧社区服务_站点-农科所智慧社区服务站点,农科所智慧社区服务站点,农科所智慧社区服务站点,快递,2025-04-24 13:38:05,,1,0.72,0,6.00,0.00,2.52,42% ,2,1915279032952086528,韵达快递,312722248489436,服饰,内蒙古自治区,
农科所智慧社区服务_站点-农科所智慧社区服务站点,农科所智慧社区服务站点,农科所智慧社区服务站点,快递,2025-04-24 13:35:31,,1,0.9,0,6.00,0.00,2.80,6-3.2,2,1915278387738107904,极兔快递,JT0016251931621,其他,山西省,
农科所智慧社区服务_站点-农科所智慧社区服务站点,农科所智慧社区服务站点,农科所智慧社区服务站点,快递,2025-04-24 12:52:21,,1,0.65,0,6.00,0.00,2.80,6-3.2,2,1915267523647692800,极兔快递,JT0016251826643,服饰,江苏省,
农科所智慧社区服务_站点-农科所智慧社区服务站点,农科所智慧社区服务站点,农科所智慧社区服务站点,快递,2025-04-24 12:50:32,,1,0.71,0,6.00,0.00,2.80,6-3.2,2,1915267047002791936,极兔快递,JT0016215372664,服饰,江西省,
农科所智慧社区服务_站点-农科所智慧社区服务站点,农科所智慧社区服务站点,农科所智慧社区服务站点,快递,2025-04-24 12:49:19,,1,0.35,0,6.00,0.00,2.80,6-3.2,2,1915266760951259136,极兔快递,JT0016236794165,服饰,广东省,
农科所智慧社区服务_站点-农科所智慧社区服务站点,农科所智慧社区服务站点,农科所智慧社区服务站点,快递,2025-04-24 12:48:12,,1,0.51,0,6.00,0.00,2.80,6-3.2,2,1915266477374365696,极兔快递,JT0016246525925,服饰,广东省,
农科所智慧社区服务_站点-农科所智慧社区服务站点,农科所智慧社区服务站点,农科所智慧社区服务站点,快递,2025-04-24 12:04:43,,1,0.2,0,6.00,0.00,2.80,6-3.2,2,1915255536574324736,极兔快递,JT0016245833447,服饰,湖南省,
农科所智慧社区服务_站点-农科所智慧社区服务站点,农科所智慧社区服务站点,农科所智慧社区服务站点,快递,2025-04-24 11:59:26,,1,0.22,0,6.00,0.00,2.80,6-3.2,2,1915254207089008640,极兔快递,JT0016249727310,服饰,河南省,
农科所智慧社区服务_站点-农科所智慧社区服务站点,农科所智慧社区服务站点,农科所智慧社区服务站点,快递,2025-04-24 11:57:53,,1,0.25,0,6.00,0.00,2.80,6-3.2,2,1915253741210886144,极兔快递,JT0016249364827,其他,陕西省,
农科所智慧社区服务_站点-农科所智慧社区服务站点,农科所智慧社区服务站点,农科所智慧社区服务站点,快递,2025-04-24 10:39:45,,1,0.41,0,6.00,0.00,2.80,6-3.2,2,1915234153106563072,极兔快递,JT0016245467084,易碎品,河北省,
农科所智慧社区服务_站点-农科所智慧社区服务站点,农科所智慧社区服务站点,农科所智慧社区服务站点,快递,2025-04-24 10:38:01,,1,0.5,0,6.00,0.00,2.80,6-3.2,2,1915233717280628736,极兔快递,JT0016242978317,易碎品,河北省,
农科所智慧社区服务_站点-农科所智慧社区服务站点,农科所智慧社区服务站点,农科所智慧社区服务站点,快递,2025-04-24 10:10:50,,2,1.24,0,8.00,0.00,4.08,51% ,2,1915226874420453376,极兔快递,JT0016242283793,服饰,福建省,
农科所智慧社区服务_站点-农科所智慧社区服务站点,农科所智慧社区服务站点,农科所智慧社区服务站点,快递,2025-04-24 09:52:55,,1,0.2,0,6.00,0.00,2.80,6-3.2,2,1915222355166945280,极兔快递,JT0016246842388,服饰,安徽省,
农科所智慧社区服务_站点-农科所智慧社区服务站点,农科所智慧社区服务站点,农科所智慧社区服务站点,快递,2025-04-23 21:19:26,,1,0.2,0,6.00,0.00,2.80,6-3.2,2,1915032713507557376,极兔快递,JT0016243882009,其他,广东省,
农科所智慧社区服务_站点-农科所智慧社区服务站点,农科所智慧社区服务站点,农科所智慧社区服务站点,快递,2025-04-23 21:18:21,,1,0.2,0,6.00,0.00,2.80,6-3.2,2,1915032393364721664,极兔快递,JT0016243586597,服饰,浙江省,
农科所智慧社区服务_站点-农科所智慧社区服务站点,农科所智慧社区服务站点,农科所智慧社区服务站点,快递,2025-04-23 21:17:11,,1,0.38,0,6.00,0.00,2.80,6-3.2,2,1915032108655366144,极兔快递,JT0016237946861,服饰,广东省,
农科所智慧社区服务_站点-农科所智慧社区服务站点,农科所智慧社区服务站点,农科所智慧社区服务站点,快递,2025-04-23 21:15:58,,1,0.24,0,6.00,0.00,2.80,6-3.2,2,1915031855302627328,极兔快递,JT0016237618492,服饰,广东省,
农科所智慧社区服务_站点-农科所智慧社区服务站点,农科所智慧社区服务站点,农科所智慧社区服务站点,快递,2025-04-23 21:15:02,,1,0.2,0,6.00,0.00,2.80,6-3.2,2,1915031578902188032,极兔快递,JT0016219575875,服饰,河北省,
农科所智慧社区服务_站点-农科所智慧社区服务站点,农科所智慧社区服务站点,农科所智慧社区服务站点,快递,2025-04-23 20:41:34,,1,0.24,0,6.00,0.00,2.80,6-3.2,2,1915023219134222336,极兔快递,JT0016241294926,服饰,浙江省,
农科所智慧社区服务_站点-农科所智慧社区服务站点,农科所智慧社区服务站点,农科所智慧社区服务站点,快递,2025-04-23 20:40:21,,1,0.2,0,6.00,0.00,2.80,6-3.2,2,1915022911322640384,极兔快递,JT0016240532385,服饰,广东省,
农科所智慧社区服务_站点-农科所智慧社区服务站点,农科所智慧社区服务站点,农科所智慧社区服务站点,快递,2025-04-23 20:38:03,2025-04-23 12:39:13,4,,,12.00,,0.00,,2,1915022331741130752,极兔快递,JT0016240767725,服饰,河南省,已全额退款
农科所智慧社区服务_站点-农科所智慧社区服务站点,农科所智慧社区服务站点,农科所智慧社区服务站点,快递,2025-04-23 20:38:31,,1,0.21,0,6.00,0.00,2.80,6-3.2,2,1915022450066640896,极兔快递,JT0016233901856,服饰,河南省,
农科所智慧社区服务_站点-农科所智慧社区服务站点,农科所智慧社区服务站点,农科所智慧社区服务站点,快递,2025-04-23 20:36:48,,1,0.25,0,6.00,0.00,2.80,6-3.2,2,1915022006510604288,极兔快递,JT0016238414615,服饰,广东省,
农科所智慧社区服务_站点-农科所智慧社区服务站点,农科所智慧社区服务站点,农科所智慧社区服务站点,快递,2025-04-23 20:36:01,,1,0.31,0,6.00,0.00,2.80,6-3.2,2,1915021822288384000,极兔快递,JT0016243881066,服饰,广东省,
农科所智慧社区服务_站点-农科所智慧社区服务站点,农科所智慧社区服务站点,农科所智慧社区服务站点,快递,2025-04-23 20:34:57,,1,0.46,0,6.00,0.00,2.80,6-3.2,2,1915021552644968448,极兔快递,JT0016242995162,服饰,浙江省,
农科所智慧社区服务_站点-农科所智慧社区服务站点,农科所智慧社区服务站点,农科所智慧社区服务站点,快递,2025-04-23 20:25:22,,1,0.68,0,6.00,0.00,2.80,6-3.2,2,1915019139972255744,极兔快递,JT0016235081336,生活用品,浙江省,
农科所智慧社区服务_站点-农科所智慧社区服务站点,农科所智慧社区服务站点,农科所智慧社区服务站点,快递,2025-04-23 19:43:17,,1,0.64,0,6.00,0.00,2.80,6-3.2,2,1915008550562615296,极兔快递,JT0016239072312,服饰,广东省,
农科所智慧社区服务_站点-农科所智慧社区服务站点,农科所智慧社区服务站点,农科所智慧社区服务站点,快递,2025-04-23 19:32:11,,2,1.23,0,8.00,0.00,4.08,51% ,2,1915005755776225280,极兔快递,JT0016236653724,服饰,广东省,
农科所智慧社区服务_站点-农科所智慧社区服务站点,农科所智慧社区服务站点,农科所智慧社区服务站点,快递,2025-04-23 19:29:59,,2,1.25,0,8.00,0.00,4.08,51% ,2,1915005203143118848,极兔快递,JT0016242689787,服饰,广东省,
农科所智慧社区服务_站点-农科所智慧社区服务站点,农科所智慧社区服务站点,农科所智慧社区服务站点,快递,2025-04-23 18:35:09,,1,0.2,0,6.00,0.00,2.80,6-3.2,2,1914991403165732864,极兔快递,JT0016236780268,其他,广东省,
农科所智慧社区服务_站点-农科所智慧社区服务站点,农科所智慧社区服务站点,农科所智慧社区服务站点,快递,2025-04-23 18:30:31,,1,0.2,0,6.00,0.00,2.80,6-3.2,2,1914990214395121664,极兔快递,JT0016239620407,其他,浙江省,
农科所智慧社区服务_站点-农科所智慧社区服务站点,农科所智慧社区服务站点,农科所智慧社区服务站点,快递,2025-04-23 18:28:39,,1,0.4,0,6.00,0.00,2.80,6-3.2,2,1914989766078550016,极兔快递,JT0016234058375,服饰,安徽省,
农科所智慧社区服务_站点-农科所智慧社区服务站点,农科所智慧社区服务站点,农科所智慧社区服务站点,快递,2025-04-23 18:27:41,,2,1.07,0,8.00,0.00,4.08,51% ,2,1914989522825695232,极兔快递,JT0016241512466,服饰,浙江省,
农科所智慧社区服务_站点-农科所智慧社区服务站点,农科所智慧社区服务站点,农科所智慧社区服务站点,快递,2025-04-23 18:18:46,,1,0.2,0,6.00,0.00,2.80,6-3.2,2,1914987278474596352,极兔快递,JT0016235390818,服饰,陕西省,
农科所智慧社区服务_站点-农科所智慧社区服务站点,农科所智慧社区服务站点,农科所智慧社区服务站点,快递,2025-04-23 17:44:19,,1,0.29,0,6.00,0.00,2.80,6-3.2,2,1914978609586425856,极兔快递,JT0016237455929,服饰,浙江省,
农科所智慧社区服务_站点-农科所智慧社区服务站点,农科所智慧社区服务站点,农科所智慧社区服务站点,快递,2025-04-23 17:42:24,,1,0.6,0,6.00,0.00,2.80,6-3.2,2,1914978116386607104,极兔快递,JT0016241157147,服饰,广东省,
农科所智慧社区服务_站点-农科所智慧社区服务站点,农科所智慧社区服务站点,农科所智慧社区服务站点,快递,2025-04-23 17:41:50,,1,0.2,0,6.00,0.00,2.80,6-3.2,2,1914977970974281728,极兔快递,JT0016236607131,服饰,广东省,
农科所智慧社区服务_站点-农科所智慧社区服务站点,农科所智慧社区服务站点,农科所智慧社区服务站点,快递,2025-04-23 15:42:13,,1,0.2,0,6.00,0.00,2.80,6-3.2,2,1914947831636873216,极兔快递,JT0016238414665,服饰,浙江省,
农科所智慧社区服务_站点-农科所智慧社区服务站点,农科所智慧社区服务站点,农科所智慧社区服务站点,快递,2025-04-23 11:51:53,,2,1.64,0,8.00,0.00,4.08,51% ,2,1914889903261274112,极兔快递,JT0016232749243,其他,江苏省,
农科所智慧社区服务_站点-农科所智慧社区服务站点,农科所智慧社区服务站点,农科所智慧社区服务站点,快递,2025-04-23 11:23:16,,1,0.36,0,6.00,0.00,2.80,6-3.2,2,1914882715604144128,极兔快递,JT0016228923839,服饰,江苏省,
农科所智慧社区服务_站点-农科所智慧社区服务站点,农科所智慧社区服务站点,农科所智慧社区服务站点,快递,2025-04-23 11:18:26,,1,0.2,0,6.00,0.00,2.80,6-3.2,2,1914881499067240448,极兔快递,JT0016232804782,服饰,广东省,
农科所智慧社区服务_站点-农科所智慧社区服务站点,农科所智慧社区服务站点,农科所智慧社区服务站点,快递,2025-04-23 11:16:16,,1,0.2,0,6.00,0.00,2.80,6-3.2,2,1914880952834641920,极兔快递,JT0016232502410,服饰,湖北省,
农科所智慧社区服务_站点-农科所智慧社区服务站点,农科所智慧社区服务站点,农科所智慧社区服务站点,快递,2025-04-23 11:14:49,,1,0.2,0,6.00,0.00,2.80,6-3.2,2,1914880549229350912,极兔快递,JT0016231942237,服饰,广东省,
农科所智慧社区服务_站点-农科所智慧社区服务站点,农科所智慧社区服务站点,农科所智慧社区服务站点,快递,2025-04-23 11:13:34,,1,0.2,0,6.00,0.00,2.80,6-3.2,2,1914880275211276288,极兔快递,JT0016230022678,服饰,浙江省,
农科所智慧社区服务_站点-农科所智慧社区服务站点,农科所智慧社区服务站点,农科所智慧社区服务站点,快递,2025-04-23 11:12:26,,1,0.2,0,6.00,0.00,2.80,6-3.2,2,1914879933497135104,极兔快递,JT0016224780268,服饰,浙江省,
农科所智慧社区服务_站点-农科所智慧社区服务站点,农科所智慧社区服务站点,农科所智慧社区服务站点,快递,2025-04-23 09:34:32,,1.1,1.07,0,8.00,0.00,4.08,51% ,2,1914855343756595200,极兔快递,JT0016230090061,食品,陕西省,
农科所智慧社区服务_站点-农科所智慧社区服务站点,农科所智慧社区服务站点,农科所智慧社区服务站点,快递,2025-04-22 20:46:49,,1,0.29,0,6.00,0.00,2.80,6-3.2,2,1914662140935852032,极兔快递,JT0016224153546,服饰,福建省,
农科所智慧社区服务_站点-农科所智慧社区服务站点,农科所智慧社区服务站点,农科所智慧社区服务站点,快递,2025-04-22 20:12:59,,1,0.27,0,6.00,0.00,2.80,6-3.2,2,1914653634337886208,极兔快递,JT0016225632006,服饰,河北省,
农科所智慧社区服务_站点-农科所智慧社区服务站点,农科所智慧社区服务站点,农科所智慧社区服务站点,快递,2025-04-22 19:15:43,,2,1.18,0,8.00,0.00,4.08,51% ,2,1914639227667009536,极兔快递,JT0016225312180,其他,陕西省,
农科所智慧社区服务_站点-农科所智慧社区服务站点,农科所智慧社区服务站点,农科所智慧社区服务站点,快递,2025-04-22 18:39:36,,1,0.21,0,6.00,0.00,2.80,6-3.2,2,1914630138434080768,极兔快递,JT0016225929644,服饰,山东省,
农科所智慧社区服务_站点-农科所智慧社区服务站点,农科所智慧社区服务站点,农科所智慧社区服务站点,快递,2025-04-22 18:36:43,,1,0.41,0,6.00,0.00,2.80,6-3.2,2,1914629402203705344,极兔快递,JT0016223766793,服饰,广西壮族自治区,
农科所智慧社区服务_站点-农科所智慧社区服务站点,农科所智慧社区服务站点,农科所智慧社区服务站点,快递,2025-04-22 18:35:51,,1,0.2,0,6.00,0.00,2.80,6-3.2,2,1914629132774199296,极兔快递,JT0016225486643,服饰,广西壮族自治区,
农科所智慧社区服务_站点-农科所智慧社区服务站点,农科所智慧社区服务站点,农科所智慧社区服务站点,快递,2025-04-22 18:34:12,,1,0.4,0,6.00,0.00,2.80,6-3.2,2,1914628710265180160,极兔快递,JT0016201727232,服饰,广东省,
农科所智慧社区服务_站点-农科所智慧社区服务站点,农科所智慧社区服务站点,农科所智慧社区服务站点,快递,2025-04-22 18:33:18,,1,0.21,0,6.00,0.00,2.80,6-3.2,2,1914628485194633216,极兔快递,JT0016224827197,服饰,广东省,
农科所智慧社区服务_站点-农科所智慧社区服务站点,农科所智慧社区服务站点,农科所智慧社区服务站点,快递,2025-04-22 18:31:58,,1,0.2,0,6.00,0.00,2.80,6-3.2,2,1914628148115197952,极兔快递,JT0016219024515,服饰,广东省,
农科所智慧社区服务_站点-农科所智慧社区服务站点,农科所智慧社区服务站点,农科所智慧社区服务站点,快递,2025-04-22 18:30:53,,1,0.62,0,6.00,0.00,2.80,6-3.2,2,1914627794891886592,极兔快递,JT0016225003092,服饰,四川省,
农科所智慧社区服务_站点-农科所智慧社区服务站点,农科所智慧社区服务站点,农科所智慧社区服务站点,快递,2025-04-22 18:28:21,,1,0.2,0,6.00,0.00,2.80,6-3.2,2,1914627232842567680,极兔快递,JT0016225663520,服饰,浙江省,
农科所智慧社区服务_站点-农科所智慧社区服务站点,农科所智慧社区服务站点,农科所智慧社区服务站点,快递,2025-04-22 18:27:05,,1,0.2,0,6.00,0.00,2.80,6-3.2,2,1914626973752020992,极兔快递,JT0016226129131,服饰,浙江省,
农科所智慧社区服务_站点-农科所智慧社区服务站点,农科所智慧社区服务站点,农科所智慧社区服务站点,快递,2025-04-22 18:26:11,,1,0.2,0,6.00,0.00,2.80,6-3.2,2,1914626750355001344,极兔快递,JT0016224390663,服饰,广东省,
农科所智慧社区服务_站点-农科所智慧社区服务站点,农科所智慧社区服务站点,农科所智慧社区服务站点,快递,2025-04-22 18:25:17,,1,0.2,0,6.00,0.00,2.80,6-3.2,2,1914626474516598784,极兔快递,JT0016224351618,服饰,浙江省,
农科所智慧社区服务_站点-农科所智慧社区服务站点,农科所智慧社区服务站点,农科所智慧社区服务站点,快递,2025-04-22 18:21:48,,1,0.2,0,6.00,0.00,2.80,6-3.2,2,1914625646732955648,极兔快递,JT0016226058397,服饰,广东省,
农科所智慧社区服务_站点-农科所智慧社区服务站点,农科所智慧社区服务站点,农科所智慧社区服务站点,快递,2025-04-22 18:21:11,,1,0.4,0,6.00,0.00,2.80,6-3.2,2,1914625500695678976,极兔快递,JT0016223898176,服饰,浙江省,
农科所智慧社区服务_站点-农科所智慧社区服务站点,农科所智慧社区服务站点,农科所智慧社区服务站点,快递,2025-04-22 18:14:23,,1,0.2,0,6.00,0.00,2.80,6-3.2,2,1914623787452518400,极兔快递,JT0016223411113,服饰,广东省,
农科所智慧社区服务_站点-农科所智慧社区服务站点,农科所智慧社区服务站点,农科所智慧社区服务站点,快递,2025-04-22 18:11:49,,1,0.49,0,6.00,0.00,2.80,6-3.2,2,1914623138501414912,极兔快递,JT0016222332309,服饰,广东省,
农科所智慧社区服务_站点-农科所智慧社区服务站点,农科所智慧社区服务站点,农科所智慧社区服务站点,快递,2025-04-22 17:41:43,,1,0.2,0,6.00,0.00,2.80,6-3.2,2,1914615568986460160,极兔快递,JT0016222264840,服饰,福建省,
农科所智慧社区服务_站点-农科所智慧社区服务站点,农科所智慧社区服务站点,农科所智慧社区服务站点,快递,2025-04-22 17:40:07,,1,0.2,0,6.00,0.00,2.80,6-3.2,2,1914614850586071040,极兔快递,JT0016225122611,服饰,广东省,
农科所智慧社区服务_站点-农科所智慧社区服务站点,农科所智慧社区服务站点,农科所智慧社区服务站点,快递,2025-04-22 17:37:36,,1,0.2,0,6.00,0.00,2.80,6-3.2,2,1914614532037070848,极兔快递,JT0016223583284,服饰,广东省,
农科所智慧社区服务_站点-农科所智慧社区服务站点,农科所智慧社区服务站点,农科所智慧社区服务站点,快递,2025-04-22 17:36:27,,1,0.39,0,6.00,0.00,2.80,6-3.2,2,1914614188259332096,极兔快递,JT0016222945117,服饰,浙江省,
农科所智慧社区服务_站点-农科所智慧社区服务站点,农科所智慧社区服务站点,农科所智慧社区服务站点,快递,2025-04-22 17:35:33,,1,0.26,0,6.00,0.00,2.80,6-3.2,2,1914614017802817536,极兔快递,JT0016214269773,服饰,浙江省,
农科所智慧社区服务_站点-农科所智慧社区服务站点,农科所智慧社区服务站点,农科所智慧社区服务站点,快递,2025-04-22 17:33:09,,1,0.2,0,6.00,0.00,2.80,6-3.2,2,1914613396475400192,极兔快递,JT0016224739358,服饰,广东省,
农科所智慧社区服务_站点-农科所智慧社区服务站点,农科所智慧社区服务站点,农科所智慧社区服务站点,快递,2025-04-22 17:31:09,,1,0.2,0,6.00,0.00,2.80,6-3.2,2,1914612900985491456,极兔快递,JT0016225070092,服饰,广东省,
农科所智慧社区服务_站点-农科所智慧社区服务站点,农科所智慧社区服务站点,农科所智慧社区服务站点,快递,2025-04-22 17:30:24,,1,0.2,0,6.00,0.00,2.80,6-3.2,2,1914612713026146304,极兔快递,JT0016224447421,服饰,河北省,
农科所智慧社区服务_站点-农科所智慧社区服务站点,农科所智慧社区服务站点,农科所智慧社区服务站点,快递,2025-04-22 17:29:39,,1,0.2,0,6.00,0.00,2.80,6-3.2,2,1914612505609424896,极兔快递,JT0016223526335,服饰,广东省,
农科所智慧社区服务_站点-农科所智慧社区服务站点,农科所智慧社区服务站点,农科所智慧社区服务站点,快递,2025-04-22 17:28:45,,1,0.22,0,6.00,0.00,2.80,6-3.2,2,1914612294161977344,极兔快递,JT0016223554880,服饰,湖北省,
农科所智慧社区服务_站点-农科所智慧社区服务站点,农科所智慧社区服务站点,农科所智慧社区服务站点,快递,2025-04-22 17:27:42,,1,0.21,0,6.00,0.00,2.80,6-3.2,2,1914612040414973952,极兔快递,JT0016224740964,其他,广东省,
农科所智慧社区服务_站点-农科所智慧社区服务站点,农科所智慧社区服务站点,农科所智慧社区服务站点,快递,2025-04-22 16:27:31,,1,0.52,0,6.00,0.00,2.80,6-3.2,2,1914596894510600192,极兔快递,JT0016221083112,服饰,河南省,
农科所智慧社区服务_站点-农科所智慧社区服务站点,农科所智慧社区服务站点,农科所智慧社区服务站点,快递,2025-04-22 16:26:16,,1,0.2,0,6.00,0.00,2.80,6-3.2,2,1914596572790706176,极兔快递,JT0016221298266,其他,安徽省,
农科所智慧社区服务_站点-农科所智慧社区服务站点,农科所智慧社区服务站点,农科所智慧社区服务站点,快递,2025-04-22 15:04:25,,1,0.23,0,6.00,0.00,2.80,6-3.2,2,1914575983908671488,极兔快递,JT0016220861547,服饰,山东省,
农科所智慧社区服务_站点-农科所智慧社区服务站点,农科所智慧社区服务站点,农科所智慧社区服务站点,快递,2025-04-22 13:28:47,,6,5.12,0,18.00,4.50,9.00,50% ,2,1914551914400239616,极兔快递,JT0016217064325,服饰,山东省,
农科所智慧社区服务_站点-农科所智慧社区服务站点,农科所智慧社区服务站点,农科所智慧社区服务站点,快递,2025-04-22 10:29:56,,1,0.72,0,6.00,0.00,2.80,6-3.2,2,1914506900748029952,极兔快递,JT0016212317096,服饰,湖北省,
农科所智慧社区服务_站点-农科所智慧社区服务站点,农科所智慧社区服务站点,农科所智慧社区服务站点,快递,2025-04-22 09:59:49,,1,0.35,0,6.00,0.00,2.80,6-3.2,2,1914499316368461824,极兔快递,JT0016207401962,服饰,广东省,
农科所智慧社区服务_站点-农科所智慧社区服务站点,农科所智慧社区服务站点,农科所智慧社区服务站点,快递,2025-04-21 20:56:33,,3,2.27,0,10.00,0.00,5.50,55% ,2,1914302208831049728,极兔快递,JT0016207294632,生活用品,广东省,
农科所智慧社区服务_站点-农科所智慧社区服务站点,农科所智慧社区服务站点,农科所智慧社区服务站点,快递,2025-04-21 20:54:11,,1,0.21,0,6.00,0.00,2.80,6-3.2,2,1914301501470068736,极兔快递,JT0016210078277,其他,广东省,
农科所智慧社区服务_站点-农科所智慧社区服务站点,农科所智慧社区服务站点,农科所智慧社区服务站点,快递,2025-04-21 20:52:33,,1,0.34,0,6.00,0.00,2.80,6-3.2,2,1914301146564841472,极兔快递,JT0016208358149,服饰,广东省,
农科所智慧社区服务_站点-农科所智慧社区服务站点,农科所智慧社区服务站点,农科所智慧社区服务站点,快递,2025-04-21 20:34:16,,1,0.2,0,6.00,0.00,2.80,6-3.2,2,1914296526912278528,极兔快递,JT0016207271927,服饰,浙江省,
农科所智慧社区服务_站点-农科所智慧社区服务站点,农科所智慧社区服务站点,农科所智慧社区服务站点,快递,2025-04-21 19:39:00,,1,0.41,0,6.00,0.00,2.80,6-3.2,2,1914282696605880320,极兔快递,JT0016205873979,服饰,河北省,
农科所智慧社区服务_站点-农科所智慧社区服务站点,农科所智慧社区服务站点,农科所智慧社区服务站点,快递,2025-04-21 19:35:45,,1,0.47,0,6.00,0.00,2.80,6-3.2,2,1914281882470502400,极兔快递,JT0016206498403,服饰,江苏省,
农科所智慧社区服务_站点-农科所智慧社区服务站点,农科所智慧社区服务站点,农科所智慧社区服务站点,快递,2025-04-21 18:43:46,,1,0.7,0,6.00,0.00,2.80,6-3.2,2,1914268798049767424,极兔快递,JT0016199782032,食品,陕西省,
农科所智慧社区服务_站点-农科所智慧社区服务站点,农科所智慧社区服务站点,农科所智慧社区服务站点,快递,2025-04-21 17:23:57,2025-04-21 10:28:13,6,,,18.00,,0.00,,2,1914248709691613184,极兔快递,JT0016201404431,服饰,浙江省,已全额退款
农科所智慧社区服务_站点-农科所智慧社区服务站点,农科所智慧社区服务站点,农科所智慧社区服务站点,快递,2025-04-21 18:27:14,,6,5.04,0,18.00,4.50,9.00,50% ,2,1914264634276106240,极兔快递,JT0016206733426,服饰,浙江省,
农科所智慧社区服务_站点-农科所智慧社区服务站点,农科所智慧社区服务站点,农科所智慧社区服务站点,快递,2025-04-21 18:24:38,,1,0.28,0,6.00,0.00,2.80,6-3.2,2,1914263980182786048,极兔快递,JT0016207654340,服饰,浙江省,
农科所智慧社区服务_站点-农科所智慧社区服务站点,农科所智慧社区服务站点,农科所智慧社区服务站点,快递,2025-04-21 18:23:18,,1,0.23,0,6.00,0.00,2.80,6-3.2,2,1914263642482593792,极兔快递,JT0016207270890,服饰,浙江省,
农科所智慧社区服务_站点-农科所智慧社区服务站点,农科所智慧社区服务站点,农科所智慧社区服务站点,快递,2025-04-21 18:22:00,,1,0.26,0,6.00,0.00,2.80,6-3.2,2,1914263319093366784,极兔快递,JT0016205512800,服饰,江苏省,
农科所智慧社区服务_站点-农科所智慧社区服务站点,农科所智慧社区服务站点,农科所智慧社区服务站点,快递,2025-04-21 18:09:51,,1,0.25,0,6.00,0.00,2.80,6-3.2,2,1914260260137127936,极兔快递,JT0016206464354,服饰,湖北省,
农科所智慧社区服务_站点-农科所智慧社区服务站点,农科所智慧社区服务站点,农科所智慧社区服务站点,快递,2025-04-21 17:49:40,2025-04-21 10:09:26,1,,,6.00,,0.00,,2,1914255183162822656,极兔快递,JT0016206762392,服饰,浙江省,已全额退款
农科所智慧社区服务_站点-农科所智慧社区服务站点,农科所智慧社区服务站点,农科所智慧社区服务站点,快递,2025-04-21 18:08:08,,1,0.2,0,6.00,0.00,2.80,6-3.2,2,1914259779872542720,极兔快递,JT0016207851613,服饰,河北省,
农科所智慧社区服务_站点-农科所智慧社区服务站点,农科所智慧社区服务站点,农科所智慧社区服务站点,快递,2025-04-21 18:05:28,,2,1.08,0,8.00,0.00,4.08,51% ,2,1914259159828582400,极兔快递,JT0016205322975,服饰,广东省,
农科所智慧社区服务_站点-农科所智慧社区服务站点,农科所智慧社区服务站点,农科所智慧社区服务站点,快递,2025-04-21 18:04:16,,1,0.23,0,6.00,0.00,2.80,6-3.2,2,1914258856110641152,极兔快递,JT0016207043168,服饰,广东省,
农科所智慧社区服务_站点-农科所智慧社区服务站点,农科所智慧社区服务站点,农科所智慧社区服务站点,快递,2025-04-21 17:44:21,,1,0.2,0,6.00,0.00,2.80,6-3.2,2,1914253841497247744,极兔快递,JT0016203504485,服饰,浙江省,
农科所智慧社区服务_站点-农科所智慧社区服务站点,农科所智慧社区服务站点,农科所智慧社区服务站点,快递,2025-04-21 17:43:06,,1,0.2,0,6.00,0.00,2.80,6-3.2,2,1914253528996433920,极兔快递,JT0016202773542,服饰,浙江省,
农科所智慧社区服务_站点-农科所智慧社区服务站点,农科所智慧社区服务站点,农科所智慧社区服务站点,快递,2025-04-21 17:40:53,,1,0.35,0,6.00,0.00,2.80,6-3.2,2,1914252965864984576,极兔快递,JT0016205553953,服饰,河北省,
农科所智慧社区服务_站点-农科所智慧社区服务站点,农科所智慧社区服务站点,农科所智慧社区服务站点,快递,2025-04-21 17:39:52,,1,0.35,0,6.00,0.00,2.80,6-3.2,2,1914252707709767680,极兔快递,JT0016198104949,服饰,浙江省,
农科所智慧社区服务_站点-农科所智慧社区服务站点,农科所智慧社区服务站点,农科所智慧社区服务站点,快递,2025-04-21 17:39:21,,1,0.2,0,6.00,0.00,2.80,6-3.2,2,1914252578130939904,极兔快递,JT0016191065589,服饰,浙江省,
农科所智慧社区服务_站点-农科所智慧社区服务站点,农科所智慧社区服务站点,农科所智慧社区服务站点,快递,2025-04-21 17:38:53,,1,0.27,0,6.00,0.00,2.80,6-3.2,2,1914252458710716416,极兔快递,JT0016197268934,服饰,河北省,
农科所智慧社区服务_站点-农科所智慧社区服务站点,农科所智慧社区服务站点,农科所智慧社区服务站点,快递,2025-04-21 17:37:55,,1,0.2,0,6.00,0.00,2.80,6-3.2,2,1914252214820327424,极兔快递,JT0016205215833,服饰,广东省,
农科所智慧社区服务_站点-农科所智慧社区服务站点,农科所智慧社区服务站点,农科所智慧社区服务站点,快递,2025-04-21 17:37:10,,1,0.87,0,6.00,0.00,2.80,6-3.2,2,1914252024772218880,极兔快递,JT0016207365110,服饰,河北省,
农科所智慧社区服务_站点-农科所智慧社区服务站点,农科所智慧社区服务站点,农科所智慧社区服务站点,快递,2025-04-21 17:36:22,,1,0.29,0,6.00,0.00,2.80,6-3.2,2,1914251830022295552,极兔快递,JT0016206521429,服饰,浙江省,
农科所智慧社区服务_站点-农科所智慧社区服务站点,农科所智慧社区服务站点,农科所智慧社区服务站点,快递,2025-04-21 17:34:47,,1,0.2,0,6.00,0.00,2.80,6-3.2,2,1914251426513473536,极兔快递,JT0016204073494,服饰,广东省,
农科所智慧社区服务_站点-农科所智慧社区服务站点,农科所智慧社区服务站点,农科所智慧社区服务站点,快递,2025-04-21 17:33:47,,1,0.21,0,6.00,0.00,2.80,6-3.2,2,1914251178181316608,极兔快递,JT0016207560035,服饰,湖北省,
农科所智慧社区服务_站点-农科所智慧社区服务站点,农科所智慧社区服务站点,农科所智慧社区服务站点,快递,2025-04-21 17:33:17,,1,0.26,0,6.00,0.00,2.80,6-3.2,2,1914251049848197120,极兔快递,JT0016204595038,服饰,广东省,
农科所智慧社区服务_站点-农科所智慧社区服务站点,农科所智慧社区服务站点,农科所智慧社区服务站点,快递,2025-04-21 17:32:28,,1,0.26,0,6.00,0.00,2.80,6-3.2,2,1914250843626852352,极兔快递,JT0016204787277,生活用品,江西省,
农科所智慧社区服务_站点-农科所智慧社区服务站点,农科所智慧社区服务站点,农科所智慧社区服务站点,快递,2025-04-21 17:26:16,,2,1.02,0,8.00,0.00,4.08,51% ,2,1914249293903634432,极兔快递,JT0016207758556,服饰,河北省,
农科所智慧社区服务_站点-农科所智慧社区服务站点,农科所智慧社区服务站点,农科所智慧社区服务站点,快递,2025-04-21 17:19:43,,1,0.2,0,6.00,0.00,2.80,6-3.2,2,1914247645739294720,极兔快递,JT0016200406034,其他,山东省,
农科所智慧社区服务_站点-农科所智慧社区服务站点,农科所智慧社区服务站点,农科所智慧社区服务站点,快递,2025-04-21 17:18:27,,1,0.24,0,6.00,0.00,2.80,6-3.2,2,1914247325600653312,极兔快递,JT0016204728508,其他,广东省,
农科所智慧社区服务_站点-农科所智慧社区服务站点,农科所智慧社区服务站点,农科所智慧社区服务站点,快递,2025-04-21 17:16:03,,1,0.85,0,6.00,0.00,2.80,6-3.2,2,1914246713219686400,极兔快递,JT0016201509024,服饰,河南省,
农科所智慧社区服务_站点-农科所智慧社区服务站点,农科所智慧社区服务站点,农科所智慧社区服务站点,快递,2025-04-21 17:04:04,,1,0.44,0,6.00,0.00,2.80,6-3.2,2,1914243706700636160,极兔快递,JT0016206453076,其他,广东省,
农科所智慧社区服务_站点-农科所智慧社区服务站点,农科所智慧社区服务站点,农科所智慧社区服务站点,快递,2025-04-21 16:46:42,,1,0.2,0,6.00,0.00,2.80,6-3.2,2,1914239324231770112,极兔快递,JT0016204509813,服饰,浙江省,
农科所智慧社区服务_站点-农科所智慧社区服务站点,农科所智慧社区服务站点,农科所智慧社区服务站点,快递,2025-04-21 16:45:41,,1,0.32,0,6.00,0.00,2.80,6-3.2,2,1914239079175364608,极兔快递,JT0016196924193,服饰,福建省,
农科所智慧社区服务_站点-农科所智慧社区服务站点,农科所智慧社区服务站点,农科所智慧社区服务站点,快递,2025-04-21 16:15:08,,2,3.08,-2,8.00,1.50,4.08,51% ,2,1914231383860649984,极兔快递,JT0016200678993,服饰,广东省,
农科所智慧社区服务_站点-农科所智慧社区服务站点,农科所智慧社区服务站点,农科所智慧社区服务站点,快递,2025-04-21 14:58:02,,2,1.63,0,8.00,0.00,4.08,51% ,2,1914211988111302656,极兔快递,JT0016201983652,其他,浙江省,
农科所智慧社区服务_站点-农科所智慧社区服务站点,农科所智慧社区服务站点,农科所智慧社区服务站点,快递,2025-04-21 14:55:49,,1,0.2,0,7.00,0.00,2.80,6-3.2,2,1914211431984340992,极兔快递,JT0016202541593,生活用品,北京市,
农科所智慧社区服务_站点-农科所智慧社区服务站点,农科所智慧社区服务站点,农科所智慧社区服务站点,快递,2025-04-21 14:44:42,,1,0.72,0,6.00,0.00,2.80,6-3.2,2,1914208630705168384,极兔快递,JT0016200710033,服饰,宁夏回族自治区,
农科所智慧社区服务_站点-农科所智慧社区服务站点,农科所智慧社区服务站点,农科所智慧社区服务站点,快递,2025-04-21 14:38:32,,2,1.19,0,8.00,0.00,4.08,51% ,2,1914207054506696704,极兔快递,JT0016203317991,服饰,浙江省,
农科所智慧社区服务_站点-农科所智慧社区服务站点,农科所智慧社区服务站点,农科所智慧社区服务站点,快递,2025-04-21 14:36:37,,1,0.44,0,6.00,0.00,2.80,6-3.2,2,1914206599483432960,极兔快递,JT0016199954613,服饰,广东省,
农科所智慧社区服务_站点-农科所智慧社区服务站点,农科所智慧社区服务站点,农科所智慧社区服务站点,快递,2025-04-21 14:33:52,,1,0.43,0,6.00,0.00,2.80,6-3.2,2,1914205902230724608,极兔快递,JT0016198520913,服饰,江苏省,
农科所智慧社区服务_站点-农科所智慧社区服务站点,农科所智慧社区服务站点,农科所智慧社区服务站点,快递,2025-04-21 14:32:02,,1,0.51,0,6.00,0.00,2.80,6-3.2,2,1914205447844995072,极兔快递,JT0016201474866,服饰,广东省,
农科所智慧社区服务_站点-农科所智慧社区服务站点,农科所智慧社区服务站点,农科所智慧社区服务站点,快递,2025-04-21 14:30:19,,1,0.72,0,6.00,0.00,2.80,6-3.2,2,1914205014292373504,极兔快递,JT0016202041859,服饰,广东省,
农科所智慧社区服务_站点-农科所智慧社区服务站点,农科所智慧社区服务站点,农科所智慧社区服务站点,快递,2025-04-21 14:27:47,,1,0.2,0,6.00,0.00,2.80,6-3.2,2,1914204374866534400,极兔快递,JT0016200410453,服饰,浙江省,
农科所智慧社区服务_站点-农科所智慧社区服务站点,农科所智慧社区服务站点,农科所智慧社区服务站点,快递,2025-04-21 14:25:59,,1,0.2,0,6.00,0.00,2.80,6-3.2,2,1914203923530063872,极兔快递,JT0016201909608,服饰,湖北省,
农科所智慧社区服务_站点-农科所智慧社区服务站点,农科所智慧社区服务站点,农科所智慧社区服务站点,快递,2025-04-21 13:20:46,,1,0.46,0,6.00,0.00,2.80,6-3.2,2,1914187512074149888,极兔快递,JT0016194539893,服饰,山东省,
农科所智慧社区服务_站点-农科所智慧社区服务站点,农科所智慧社区服务站点,农科所智慧社区服务站点,快递,2025-04-21 12:18:17,,1,0.83,0,6.00,0.00,2.80,6-3.2,2,1914171782582706176,极兔快递,JT0016196876486,生活用品,安徽省,
农科所智慧社区服务_站点-农科所智慧社区服务站点,农科所智慧社区服务站点,农科所智慧社区服务站点,快递,2025-04-21 11:57:34,,1,0.41,0,6.00,0.00,2.80,6-3.2,2,1914166564516208640,极兔快递,JT0016196462283,其他,安徽省,
农科所智慧社区服务_站点-农科所智慧社区服务站点,农科所智慧社区服务站点,农科所智慧社区服务站点,快递,2025-04-21 11:39:34,,1,0.2,0,6.00,0.00,2.80,6-3.2,2,1914161959824728064,极兔快递,JT0016198075141,服饰,河南省,
农科所智慧社区服务_站点-农科所智慧社区服务站点,农科所智慧社区服务站点,农科所智慧社区服务站点,快递,2025-04-21 11:38:12,,1,0.2,0,6.00,0.00,2.80,6-3.2,2,1914161698846744576,极兔快递,JT0016199823773,服饰,浙江省,
农科所智慧社区服务_站点-农科所智慧社区服务站点,农科所智慧社区服务站点,农科所智慧社区服务站点,快递,2025-04-21 11:37:02,,1,0.28,0,6.00,0.00,2.80,6-3.2,2,1914161404813451264,极兔快递,JT0016199976029,服饰,广东省,
农科所智慧社区服务_站点-农科所智慧社区服务站点,农科所智慧社区服务站点,农科所智慧社区服务站点,快递,2025-04-21 10:42:52,,1,0.28,0,6.00,0.00,2.80,6-3.2,2,1914147775728787456,极兔快递,JT0016197860970,服饰,广东省,
农科所智慧社区服务_站点-农科所智慧社区服务站点,农科所智慧社区服务站点,农科所智慧社区服务站点,干洗,2025-04-21 10:20:55,,,,,9.90,,2.97,30%,,1914142245778038784,干洗,,"清洗鞋19.8元两双   *   1",,
农科所智慧社区服务_站点-农科所智慧社区服务站点,农科所智慧社区服务站点,农科所智慧社区服务站点,快递,2025-04-20 20:30:37,,1,0.2,0,6.00,0.00,2.80,6-3.2,2,1913933289533153280,极兔快递,JT0016191626188,服饰,浙江省,
农科所智慧社区服务_站点-农科所智慧社区服务站点,农科所智慧社区服务站点,农科所智慧社区服务站点,快递,2025-04-20 20:01:40,,1,0.2,0,6.00,0.00,2.80,6-3.2,2,1913925967243059200,极兔快递,JT0016188799447,服饰,广东省,
农科所智慧社区服务_站点-农科所智慧社区服务站点,农科所智慧社区服务站点,农科所智慧社区服务站点,快递,2025-04-20 20:00:32,,1,0.2,0,6.00,0.00,2.80,6-3.2,2,1913925692113494016,极兔快递,JT0016190508591,服饰,湖北省,
农科所智慧社区服务_站点-农科所智慧社区服务站点,农科所智慧社区服务站点,农科所智慧社区服务站点,快递,2025-04-20 19:59:10,,1,0.42,0,6.00,0.00,2.80,6-3.2,2,1913925385497288704,极兔快递,JT0016192654794,生活用品,广东省,
农科所智慧社区服务_站点-农科所智慧社区服务站点,农科所智慧社区服务站点,农科所智慧社区服务站点,快递,2025-04-20 19:46:37,,1,0.27,0,7.00,0.00,2.80,6-3.2,2,1913922223575080960,极兔快递,JT0016189411934,其他,上海市,
农科所智慧社区服务_站点-农科所智慧社区服务站点,农科所智慧社区服务站点,农科所智慧社区服务站点,快递,2025-04-20 19:44:16,,1,0.61,0,6.00,0.00,2.80,6-3.2,2,1913921636636762112,极兔快递,JT0016192732282,服饰,广东省,
农科所智慧社区服务_站点-农科所智慧社区服务站点,农科所智慧社区服务站点,农科所智慧社区服务站点,快递,2025-04-20 19:40:36,,3,0.2,2,10.00,0.00,5.50,55% ,2,1913920702561067008,极兔快递,JT0016192867740,服饰,广东省,
农科所智慧社区服务_站点-农科所智慧社区服务站点,农科所智慧社区服务站点,农科所智慧社区服务站点,快递,2025-04-20 19:12:53,,2,1.62,0,8.00,0.00,4.08,51% ,2,1913913733825634304,极兔快递,JT0016191175506,服饰,陕西省,
农科所智慧社区服务_站点-农科所智慧社区服务站点,农科所智慧社区服务站点,农科所智慧社区服务站点,快递,2025-04-20 19:01:37,,1,0.2,0,6.00,0.00,2.80,6-3.2,2,1913910901407948800,极兔快递,JT0016184108145,服饰,重庆市,
农科所智慧社区服务_站点-农科所智慧社区服务站点,农科所智慧社区服务站点,农科所智慧社区服务站点,快递,2025-04-20 18:42:51,,1,0.46,0,6.00,0.00,2.80,6-3.2,2,1913906179301122048,极兔快递,JT0016190331837,服饰,广东省,
农科所智慧社区服务_站点-农科所智慧社区服务站点,农科所智慧社区服务站点,农科所智慧社区服务站点,快递,2025-04-20 18:40:58,,1,0.2,0,7.00,0.00,2.80,6-3.2,2,1913905690148806656,极兔快递,JT0016184967888,服饰,上海市,
农科所智慧社区服务_站点-农科所智慧社区服务站点,农科所智慧社区服务站点,农科所智慧社区服务站点,快递,2025-04-20 18:38:51,,1,0.29,0,6.00,0.00,2.80,6-3.2,2,1913905160433377280,极兔快递,JT0016189293826,服饰,广东省,
农科所智慧社区服务_站点-农科所智慧社区服务站点,农科所智慧社区服务站点,农科所智慧社区服务站点,快递,2025-04-20 18:36:37,,1,0.95,0,6.00,0.00,2.80,6-3.2,2,1913904532617371648,极兔快递,JT0016190117353,服饰,浙江省,
农科所智慧社区服务_站点-农科所智慧社区服务站点,农科所智慧社区服务站点,农科所智慧社区服务站点,快递,2025-04-20 18:29:31,,2,1.72,0,8.00,0.00,4.08,51% ,2,1913902783219310592,极兔快递,JT0016190664517,其他,陕西省,
农科所智慧社区服务_站点-农科所智慧社区服务站点,农科所智慧社区服务站点,农科所智慧社区服务站点,快递,2025-04-20 18:27:21,,1,0.2,0,6.00,0.00,2.80,6-3.2,2,1913902270360788992,极兔快递,JT0016191570607,服饰,浙江省,
农科所智慧社区服务_站点-农科所智慧社区服务站点,农科所智慧社区服务站点,农科所智慧社区服务站点,快递,2025-04-20 18:26:28,,1,0.2,0,6.00,0.00,2.80,6-3.2,2,1913902055364960256,极兔快递,JT0016191400156,服饰,浙江省,
农科所智慧社区服务_站点-农科所智慧社区服务站点,农科所智慧社区服务站点,农科所智慧社区服务站点,快递,2025-04-20 18:11:39,,1,0.2,0,6.00,0.00,2.80,6-3.2,2,1913898265584803840,极兔快递,JT0016183846066,服饰,浙江省,
农科所智慧社区服务_站点-农科所智慧社区服务站点,农科所智慧社区服务站点,农科所智慧社区服务站点,快递,2025-04-20 15:33:54,,1,0.38,0,6.00,0.00,2.80,6-3.2,2,1913858527360393216,极兔快递,JT0016181450323,服饰,湖北省,
农科所智慧社区服务_站点-农科所智慧社区服务站点,农科所智慧社区服务站点,农科所智慧社区服务站点,快递,2025-04-20 15:31:42,,1,0.2,0,6.00,0.00,2.80,6-3.2,2,1913858040045182976,极兔快递,JT0016188432196,服饰,广东省,
农科所智慧社区服务_站点-农科所智慧社区服务站点,农科所智慧社区服务站点,农科所智慧社区服务站点,快递,2025-04-20 15:29:36,,1,0.41,0,6.00,0.00,2.80,6-3.2,2,1913857539958317056,极兔快递,JT0016188566477,服饰,浙江省,
农科所智慧社区服务_站点-农科所智慧社区服务站点,农科所智慧社区服务站点,农科所智慧社区服务站点,干洗,2025-04-20 14:51:23,,,,,24.50,,7.35,30%,,1913847926730989568,干洗,,"清洗普通羽绒服2件不分长短49元   *   1",,
农科所智慧社区服务_站点-农科所智慧社区服务站点,农科所智慧社区服务站点,农科所智慧社区服务站点,快递,2025-04-20 13:55:47,,1,0.2,0,6.00,0.00,2.80,6-3.2,2,1913833935631753216,极兔快递,JT0016181735584,其他,山东省,
农科所智慧社区服务_站点-农科所智慧社区服务站点,农科所智慧社区服务站点,农科所智慧社区服务站点,快递,2025-04-20 13:14:28,,1,0.49,0,6.00,0.00,2.80,6-3.2,2,1913823536098254848,极兔快递,JT0016183152213,服饰,广东省,
农科所智慧社区服务_站点-农科所智慧社区服务站点,农科所智慧社区服务站点,农科所智慧社区服务站点,快递,2025-04-20 11:20:44,,1,0.6,0,6.00,0.00,2.80,6-3.2,2,1913794908891324416,极兔快递,JT0016184012954,生活用品,吉林省,
农科所智慧社区服务_站点-农科所智慧社区服务站点,农科所智慧社区服务站点,农科所智慧社区服务站点,快递,2025-04-20 11:15:40,,1,0.46,0,12.00,0.00,2.80,6-3.2,2,1913793637555838976,极兔快递,JT0016183279240,其他,海南省,
农科所智慧社区服务_站点-农科所智慧社区服务站点,农科所智慧社区服务站点,农科所智慧社区服务站点,快递,2025-04-20 11:00:22,,5,4.91,0,15.00,3.00,7.50,50% ,2,1913789788778602496,极兔快递,JT0016181360086,食品,浙江省,
农科所智慧社区服务_站点-农科所智慧社区服务站点,农科所智慧社区服务站点,农科所智慧社区服务站点,快递,2025-04-20 10:42:28,,1,0.2,0,6.00,0.00,2.80,6-3.2,2,1913785283513098240,极兔快递,JT0016180715471,生活用品,广东省,
农科所智慧社区服务_站点-农科所智慧社区服务站点,农科所智慧社区服务站点,农科所智慧社区服务站点,快递,2025-04-20 10:28:59,,1,0.37,0,6.00,0.00,2.80,6-3.2,2,1913781882649780224,极兔快递,JT0016182468493,生活用品,辽宁省,
农科所智慧社区服务_站点-农科所智慧社区服务站点,农科所智慧社区服务站点,农科所智慧社区服务站点,快递,2025-04-20 10:27:52,,1,0.87,0,6.00,0.00,2.80,6-3.2,2,1913781609583812608,极兔快递,JT0016181323667,生活用品,河南省,
农科所智慧社区服务_站点-农科所智慧社区服务站点,农科所智慧社区服务站点,农科所智慧社区服务站点,快递,2025-04-20 09:52:25,,1,0.24,0,6.00,0.00,2.80,6-3.2,2,1913772691952443392,极兔快递,JT0016172952226,服饰,浙江省,
农科所智慧社区服务_站点-农科所智慧社区服务站点,农科所智慧社区服务站点,农科所智慧社区服务站点,快递,2025-04-20 09:48:24,,1,0.2,0,6.00,0.00,2.80,6-3.2,2,1913771660338208768,极兔快递,JT0016180979909,服饰,浙江省,
农科所智慧社区服务_站点-农科所智慧社区服务站点,农科所智慧社区服务站点,农科所智慧社区服务站点,快递,2025-04-19 20:42:44,,1,0.2,0,6.00,0.00,2.80,6-3.2,2,1913573959478747136,极兔快递,JT0016175388152,其他,河南省,
农科所智慧社区服务_站点-农科所智慧社区服务站点,农科所智慧社区服务站点,农科所智慧社区服务站点,快递,2025-04-19 20:06:20,,1,0.56,0,6.00,0.00,2.80,6-3.2,2,1913564799320137728,极兔快递,JT0016178034498,服饰,福建省,
农科所智慧社区服务_站点-农科所智慧社区服务站点,农科所智慧社区服务站点,农科所智慧社区服务站点,快递,2025-04-19 19:59:57,,1,0.2,0,6.00,0.00,2.80,6-3.2,2,1913563194050945024,极兔快递,JT0016175248482,服饰,广东省,
农科所智慧社区服务_站点-农科所智慧社区服务站点,农科所智慧社区服务站点,农科所智慧社区服务站点,快递,2025-04-19 19:58:03,,1,0.33,0,6.00,0.00,2.80,6-3.2,2,1913562717649313792,极兔快递,JT0016174265810,服饰,河南省,
农科所智慧社区服务_站点-农科所智慧社区服务站点,农科所智慧社区服务站点,农科所智慧社区服务站点,快递,2025-04-19 19:56:05,,1,0.2,0,6.00,0.00,2.80,6-3.2,2,1913562214286696448,极兔快递,JT0016177192151,服饰,广东省,
农科所智慧社区服务_站点-农科所智慧社区服务站点,农科所智慧社区服务站点,农科所智慧社区服务站点,快递,2025-04-19 19:55:04,,1,0.25,0,6.00,0.00,2.80,6-3.2,2,1913561954667667456,极兔快递,JT0016177397676,服饰,广东省,
农科所智慧社区服务_站点-农科所智慧社区服务站点,农科所智慧社区服务站点,农科所智慧社区服务站点,快递,2025-04-19 19:54:10,,1,0.21,0,6.00,0.00,2.80,6-3.2,2,1913561735544643584,极兔快递,JT0016176147712,服饰,广东省,
农科所智慧社区服务_站点-农科所智慧社区服务站点,农科所智慧社区服务站点,农科所智慧社区服务站点,快递,2025-04-19 19:52:47,,1,0.2,0,6.00,0.00,2.80,6-3.2,2,1913561388486959104,极兔快递,JT0016176657457,服饰,湖北省,
农科所智慧社区服务_站点-农科所智慧社区服务站点,农科所智慧社区服务站点,农科所智慧社区服务站点,快递,2025-04-19 19:46:29,,1,0.23,0,6.00,0.00,2.80,6-3.2,2,1913559805833453568,极兔快递,JT0016177666560,其他,河南省,
农科所智慧社区服务_站点-农科所智慧社区服务站点,农科所智慧社区服务站点,农科所智慧社区服务站点,快递,2025-04-19 19:45:08,,1,0.2,0,6.00,0.00,2.80,6-3.2,2,1913559466291961856,极兔快递,JT0016173552875,其他,河南省,
农科所智慧社区服务_站点-农科所智慧社区服务站点,农科所智慧社区服务站点,农科所智慧社区服务站点,快递,2025-04-19 19:43:44,,1,0.21,0,6.00,0.00,2.80,6-3.2,2,1913559112322064384,极兔快递,JT0016175126550,其他,浙江省,
农科所智慧社区服务_站点-农科所智慧社区服务站点,农科所智慧社区服务站点,农科所智慧社区服务站点,快递,2025-04-19 19:42:23,,1,0.2,0,6.00,0.00,2.80,6-3.2,2,1913558770607923200,极兔快递,JT0016176454718,其他,河南省,
农科所智慧社区服务_站点-农科所智慧社区服务站点,农科所智慧社区服务站点,农科所智慧社区服务站点,快递,2025-04-19 19:41:15,,1,0.24,0,6.00,0.00,2.80,6-3.2,2,1913558488725528576,极兔快递,JT0016175204554,其他,河南省,
农科所智慧社区服务_站点-农科所智慧社区服务站点,农科所智慧社区服务站点,农科所智慧社区服务站点,快递,2025-04-19 19:32:30,,1,0.41,0,6.00,0.00,2.80,6-3.2,2,1913556258052055040,极兔快递,JT0016177312623,服饰,四川省,
农科所智慧社区服务_站点-农科所智慧社区服务站点,农科所智慧社区服务站点,农科所智慧社区服务站点,快递,2025-04-19 19:31:39,,1,0.59,0,6.00,0.00,2.80,6-3.2,2,1913556073083248640,极兔快递,JT0016175324722,服饰,江苏省,
农科所智慧社区服务_站点-农科所智慧社区服务站点,农科所智慧社区服务站点,农科所智慧社区服务站点,快递,2025-04-19 19:25:51,,1,0.7,0,6.00,0.00,2.80,6-3.2,2,1913554611305390080,极兔快递,JT0016173822918,其他,江西省,
农科所智慧社区服务_站点-农科所智慧社区服务站点,农科所智慧社区服务站点,农科所智慧社区服务站点,快递,2025-04-19 19:19:13,,1,0.26,0,6.00,0.00,2.80,6-3.2,2,1913552930853298176,极兔快递,JT0016174434138,服饰,河北省,
农科所智慧社区服务_站点-农科所智慧社区服务站点,农科所智慧社区服务站点,农科所智慧社区服务站点,快递,2025-04-19 19:12:34,,1,0.26,0,6.00,0.00,2.80,6-3.2,2,1913551266473779200,极兔快递,JT0016176152480,服饰,四川省,
农科所智慧社区服务_站点-农科所智慧社区服务站点,农科所智慧社区服务站点,农科所智慧社区服务站点,快递,2025-04-19 19:10:52,,1,0.53,0,6.00,0.00,2.80,6-3.2,2,1913550818970902528,极兔快递,JT0016177346350,服饰,广东省,
农科所智慧社区服务_站点-农科所智慧社区服务站点,农科所智慧社区服务站点,农科所智慧社区服务站点,快递,2025-04-19 19:09:47,,1,0.2,0,6.00,0.00,2.80,6-3.2,2,1913550552846508032,极兔快递,JT0016174416140,服饰,吉林省,
农科所智慧社区服务_站点-农科所智慧社区服务站点,农科所智慧社区服务站点,农科所智慧社区服务站点,快递,2025-04-19 19:08:45,,1,0.65,0,6.00,0.00,2.80,6-3.2,2,1913550307072876544,极兔快递,JT0016174158856,服饰,广东省,
农科所智慧社区服务_站点-农科所智慧社区服务站点,农科所智慧社区服务站点,农科所智慧社区服务站点,快递,2025-04-19 18:48:33,,1,0.2,0,6.00,0.00,2.80,6-3.2,2,1913545225082183680,极兔快递,JT0016176471341,服饰,广东省,
农科所智慧社区服务_站点-农科所智慧社区服务站点,农科所智慧社区服务站点,农科所智慧社区服务站点,快递,2025-04-19 18:18:25,,1,0.44,0,6.00,0.00,2.80,6-3.2,2,1913537629398966272,极兔快递,JT0016176509228,服饰,广东省,
农科所智慧社区服务_站点-农科所智慧社区服务站点,农科所智慧社区服务站点,农科所智慧社区服务站点,快递,2025-04-19 17:18:48,,1,0.93,0,6.00,0.00,2.80,6-3.2,2,1913522639342346240,极兔快递,JT0016172651347,服饰,浙江省,
农科所智慧社区服务_站点-农科所智慧社区服务站点,农科所智慧社区服务站点,农科所智慧社区服务站点,快递,2025-04-19 17:09:59,,5,4.06,0,15.00,3.00,7.50,50% ,2,1913520417946673152,极兔快递,JT0016175091164,其他,江苏省,
农科所智慧社区服务_站点-农科所智慧社区服务站点,农科所智慧社区服务站点,农科所智慧社区服务站点,快递,2025-04-19 16:52:26,,1,0.89,0,6.00,0.00,2.80,6-3.2,2,1913516002124701696,极兔快递,JT0016171317178,服饰,江苏省,
农科所智慧社区服务_站点-农科所智慧社区服务站点,农科所智慧社区服务站点,农科所智慧社区服务站点,快递,2025-04-19 15:15:14,,1,0.78,0,6.00,0.00,2.80,6-3.2,2,1913491542508249088,极兔快递,JT0016171579758,服饰,广东省,
农科所智慧社区服务_站点-农科所智慧社区服务站点,农科所智慧社区服务站点,农科所智慧社区服务站点,快递,2025-04-19 14:01:53,,1,0.6,0,7.00,0.00,2.80,6-3.2,2,1913473083594448896,极兔快递,JT0016171370393,服饰,上海市,
农科所智慧社区服务_站点-农科所智慧社区服务站点,农科所智慧社区服务站点,农科所智慧社区服务站点,快递,2025-04-19 13:59:48,,1,0.61,0,6.00,0.00,2.80,6-3.2,2,1913472551689592832,极兔快递,JT0016171761431,服饰,广东省,
农科所智慧社区服务_站点-农科所智慧社区服务站点,农科所智慧社区服务站点,农科所智慧社区服务站点,快递,2025-04-19 13:58:51,,1,0.93,0,6.00,0.00,2.80,6-3.2,2,1913472305009991680,极兔快递,JT0016171569885,服饰,浙江省,
农科所智慧社区服务_站点-农科所智慧社区服务站点,农科所智慧社区服务站点,农科所智慧社区服务站点,快递,2025-04-19 13:57:54,,1,0.2,0,6.00,0.00,2.80,6-3.2,2,1913472070271574016,极兔快递,JT0016168023054,服饰,广东省,
农科所智慧社区服务_站点-农科所智慧社区服务站点,农科所智慧社区服务站点,农科所智慧社区服务站点,快递,2025-04-19 13:56:52,,1,0.2,0,6.00,0.00,2.80,6-3.2,2,1913471820530130944,极兔快递,JT0016168006487,服饰,广东省,
农科所智慧社区服务_站点-农科所智慧社区服务站点,农科所智慧社区服务站点,农科所智慧社区服务站点,快递,2025-04-19 13:54:08,,1,0.3,0,6.00,0.00,2.80,6-3.2,2,1913471123763961856,极兔快递,JT0016170448207,服饰,江苏省,
农科所智慧社区服务_站点-农科所智慧社区服务站点,农科所智慧社区服务站点,农科所智慧社区服务站点,快递,2025-04-19 10:35:46,,1,0.46,0,6.00,0.00,2.52,42% ,2,1913421212842401792,韵达快递,312716036451863,食品,内蒙古自治区,
农科所智慧社区服务_站点-农科所智慧社区服务站点,农科所智慧社区服务站点,农科所智慧社区服务站点,快递,2025-04-19 10:34:37,2025-04-19 02:35:17,1,,,10.00,,0.00,,2,1913420914241511424,极兔快递,JT0016162270122,食品,内蒙古自治区,已全额退款
农科所智慧社区服务_站点-农科所智慧社区服务站点,农科所智慧社区服务站点,农科所智慧社区服务站点,快递,2025-04-19 10:24:14,,1,0.61,0,6.00,0.00,2.80,6-3.2,2,1913418151034036224,极兔快递,JT0016165354897,服饰,湖北省,
农科所智慧社区服务_站点-农科所智慧社区服务站点,农科所智慧社区服务站点,农科所智慧社区服务站点,快递,2025-04-19 10:22:48,,1,0.5,0,6.00,0.00,2.80,6-3.2,2,1913417869969530880,极兔快递,JT0016163712629,服饰,福建省,
农科所智慧社区服务_站点-农科所智慧社区服务站点,农科所智慧社区服务站点,农科所智慧社区服务站点,快递,2025-04-19 10:20:54,,3,2.41,0,10.00,0.00,5.50,55% ,2,1913417460072783872,极兔快递,JT0016167083599,其他,浙江省,
农科所智慧社区服务_站点-农科所智慧社区服务站点,农科所智慧社区服务站点,农科所智慧社区服务站点,快递,2025-04-18 20:43:23,,1,0.23,0,6.00,0.00,2.80,6-3.2,2,1913211726311661568,极兔快递,JT0016163079792,服饰,广东省,
农科所智慧社区服务_站点-农科所智慧社区服务站点,农科所智慧社区服务站点,农科所智慧社区服务站点,快递,2025-04-18 20:42:29,,1,0.58,0,6.00,0.00,2.80,6-3.2,2,1913211448829091840,极兔快递,JT0016161447897,服饰,广东省,
农科所智慧社区服务_站点-农科所智慧社区服务站点,农科所智慧社区服务站点,农科所智慧社区服务站点,快递,2025-04-18 19:20:49,,1,0.85,0,6.00,0.00,2.80,6-3.2,2,1913190958689361920,极兔快递,JT0016153976835,服饰,浙江省,
农科所智慧社区服务_站点-农科所智慧社区服务站点,农科所智慧社区服务站点,农科所智慧社区服务站点,快递,2025-04-18 19:16:09,,1,0.51,0,6.00,0.00,2.80,6-3.2,2,1913189779670507520,极兔快递,JT0016162042391,服饰,浙江省,
农科所智慧社区服务_站点-农科所智慧社区服务站点,农科所智慧社区服务站点,农科所智慧社区服务站点,快递,2025-04-18 19:14:59,,1,0.69,0,6.00,0.00,2.80,6-3.2,2,1913189489948958720,极兔快递,JT0016159668496,服饰,广东省,
农科所智慧社区服务_站点-农科所智慧社区服务站点,农科所智慧社区服务站点,农科所智慧社区服务站点,快递,2025-04-18 19:13:48,,1,0.2,0,6.00,0.00,2.80,6-3.2,2,1913189191280959488,极兔快递,JT0016161507597,其他,江苏省,
农科所智慧社区服务_站点-农科所智慧社区服务站点,农科所智慧社区服务站点,农科所智慧社区服务站点,快递,2025-04-18 19:12:22,,1,0.2,0,6.00,0.00,2.80,6-3.2,2,1913188825395044352,极兔快递,JT0016161950251,其他,江苏省,
农科所智慧社区服务_站点-农科所智慧社区服务站点,农科所智慧社区服务站点,农科所智慧社区服务站点,快递,2025-04-18 19:11:12,,1,0.36,0,6.00,0.00,2.80,6-3.2,2,1913188539423203328,极兔快递,JT0016161665105,服饰,广东省,
农科所智慧社区服务_站点-农科所智慧社区服务站点,农科所智慧社区服务站点,农科所智慧社区服务站点,快递,2025-04-18 19:10:01,,1,0.59,0,6.00,0.00,2.80,6-3.2,2,1913188241011056640,极兔快递,JT0016156367078,服饰,浙江省,
农科所智慧社区服务_站点-农科所智慧社区服务站点,农科所智慧社区服务站点,农科所智慧社区服务站点,快递,2025-04-18 19:08:52,,1,0.46,0,6.00,0.00,2.80,6-3.2,2,1913187938572378112,极兔快递,JT0016160888863,服饰,江苏省,
农科所智慧社区服务_站点-农科所智慧社区服务站点,农科所智慧社区服务站点,农科所智慧社区服务站点,快递,2025-04-18 19:07:50,,1,0.36,0,6.00,0.00,2.80,6-3.2,2,1913187688797380608,极兔快递,JT0016160404235,服饰,广东省,
农科所智慧社区服务_站点-农科所智慧社区服务站点,农科所智慧社区服务站点,农科所智慧社区服务站点,快递,2025-04-18 19:06:40,,1,0.77,0,6.00,0.00,2.80,6-3.2,2,1913187335217553408,极兔快递,JT0016158648849,服饰,福建省,
农科所智慧社区服务_站点-农科所智慧社区服务站点,农科所智慧社区服务站点,农科所智慧社区服务站点,快递,2025-04-18 18:49:57,,1,0.54,0,6.00,0.00,2.80,6-3.2,2,1913183178821672960,极兔快递,JT0016144500883,服饰,福建省,
农科所智慧社区服务_站点-农科所智慧社区服务站点,农科所智慧社区服务站点,农科所智慧社区服务站点,快递,2025-04-18 18:23:04,,1,0.33,0,6.00,0.00,2.80,6-3.2,2,1913176420032126976,极兔快递,JT0016161288708,服饰,浙江省,
农科所智慧社区服务_站点-农科所智慧社区服务站点,农科所智慧社区服务站点,农科所智慧社区服务站点,快递,2025-04-18 18:21:09,,1,0.42,0,6.00,0.00,2.80,6-3.2,2,1913175936944775168,极兔快递,JT0016161715404,服饰,浙江省,
农科所智慧社区服务_站点-农科所智慧社区服务站点,农科所智慧社区服务站点,农科所智慧社区服务站点,快递,2025-04-18 18:01:58,,1,0.26,0,6.00,0.00,2.80,6-3.2,2,1913171115357446144,极兔快递,JT0016150402709,服饰,江苏省,
农科所智慧社区服务_站点-农科所智慧社区服务站点,农科所智慧社区服务站点,农科所智慧社区服务站点,快递,2025-04-18 17:28:38,,1,0.3,0,6.00,0.00,2.80,6-3.2,2,1913162718243397632,极兔快递,JT0016157200092,服饰,广东省,
农科所智慧社区服务_站点-农科所智慧社区服务站点,农科所智慧社区服务站点,农科所智慧社区服务站点,快递,2025-04-18 17:27:37,,1,0.2,0,6.00,0.00,2.80,6-3.2,2,1913162451556966400,极兔快递,JT0016161008952,服饰,福建省,
农科所智慧社区服务_站点-农科所智慧社区服务站点,农科所智慧社区服务站点,农科所智慧社区服务站点,快递,2025-04-18 17:25:57,,1,0.2,0,6.00,0.00,2.80,6-3.2,2,1913162041760882688,极兔快递,JT0016160580031,服饰,广东省,
农科所智慧社区服务_站点-农科所智慧社区服务站点,农科所智慧社区服务站点,农科所智慧社区服务站点,快递,2025-04-18 17:25:04,,1,0.36,0,6.00,0.00,2.80,6-3.2,2,1913161825733255168,极兔快递,JT0016159948568,服饰,浙江省,
农科所智慧社区服务_站点-农科所智慧社区服务站点,农科所智慧社区服务站点,农科所智慧社区服务站点,快递,2025-04-18 17:23:44,,1,0.29,0,6.00,0.00,2.80,6-3.2,2,1913161466155573248,极兔快递,JT0016158884417,服饰,河北省,
农科所智慧社区服务_站点-农科所智慧社区服务站点,农科所智慧社区服务站点,农科所智慧社区服务站点,快递,2025-04-18 16:38:40,,1,0.2,0,6.00,0.00,2.80,6-3.2,2,1913150152255414272,极兔快递,JT0016155622982,服饰,河北省,
农科所智慧社区服务_站点-农科所智慧社区服务站点,农科所智慧社区服务站点,农科所智慧社区服务站点,快递,2025-04-18 16:36:09,,1,0.5,0,6.00,0.00,2.80,6-3.2,2,1913149483616247808,极兔快递,JT0016159029631,服饰,福建省,
农科所智慧社区服务_站点-农科所智慧社区服务站点,农科所智慧社区服务站点,农科所智慧社区服务站点,快递,2025-04-18 16:33:46,,2,1.05,0,8.00,0.00,4.08,51% ,2,1913148918400229376,极兔快递,JT0016157597146,服饰,浙江省,
农科所智慧社区服务_站点-农科所智慧社区服务站点,农科所智慧社区服务站点,农科所智慧社区服务站点,快递,2025-04-18 16:31:15,,1,0.29,0,6.00,0.00,2.80,6-3.2,2,1913148280668889088,极兔快递,JT0016159128092,服饰,广东省,
农科所智慧社区服务_站点-农科所智慧社区服务站点,农科所智慧社区服务站点,农科所智慧社区服务站点,快递,2025-04-18 16:27:53,,1,0.2,0,6.00,0.00,2.80,6-3.2,2,1913147391015067648,极兔快递,JT0016155254821,服饰,湖北省,
农科所智慧社区服务_站点-农科所智慧社区服务站点,农科所智慧社区服务站点,农科所智慧社区服务站点,快递,2025-04-18 16:25:38,,1,0.43,0,6.00,0.00,2.80,6-3.2,2,1913146754428772352,极兔快递,JT0016152750258,服饰,广东省,
农科所智慧社区服务_站点-农科所智慧社区服务站点,农科所智慧社区服务站点,农科所智慧社区服务站点,快递,2025-04-18 16:24:06,,1,0.29,0,6.00,0.00,2.80,6-3.2,2,1913146484273651712,极兔快递,JT0016158477167,服饰,湖北省,
农科所智慧社区服务_站点-农科所智慧社区服务站点,农科所智慧社区服务站点,农科所智慧社区服务站点,快递,2025-04-18 16:22:33,,1,0.34,0,6.00,0.00,2.80,6-3.2,2,1913146015576956928,极兔快递,JT0016158176772,服饰,广东省,
农科所智慧社区服务_站点-农科所智慧社区服务站点,农科所智慧社区服务站点,农科所智慧社区服务站点,快递,2025-04-18 16:21:25,,1,0.27,0,6.00,0.00,2.80,6-3.2,2,1913145801214468096,极兔快递,JT0016155862034,服饰,广东省,
农科所智慧社区服务_站点-农科所智慧社区服务站点,农科所智慧社区服务站点,农科所智慧社区服务站点,快递,2025-04-18 16:20:30,,1,0.76,0,6.00,0.00,2.80,6-3.2,2,1913145511845240832,极兔快递,JT0016155006426,其他,广东省,
农科所智慧社区服务_站点-农科所智慧社区服务站点,农科所智慧社区服务站点,农科所智慧社区服务站点,快递,2025-04-18 15:09:20,,2,1.91,0,9.00,0.00,3.59,51%,2,1913127666935603200,极兔快递,JT0016156216136,食品,上海市,
农科所智慧社区服务_站点-农科所智慧社区服务站点,农科所智慧社区服务站点,农科所智慧社区服务站点,快递,2025-04-18 14:10:25,,9,8.04,0,27.00,9.00,13.50,50% ,2,1913112842583351296,极兔快递,JT0016154255875,食品,陕西省,
农科所智慧社区服务_站点-农科所智慧社区服务站点,农科所智慧社区服务站点,农科所智慧社区服务站点,快递,2025-04-18 11:33:10,,1,0.25,0,6.00,0.00,2.80,6-3.2,2,1913073256771559424,极兔快递,JT0016150827502,其他,福建省,
农科所智慧社区服务_站点-农科所智慧社区服务站点,农科所智慧社区服务站点,农科所智慧社区服务站点,快递,2025-04-17 20:37:17,,1,0.29,0,6.00,0.00,2.80,6-3.2,2,1912847809511886848,极兔快递,JT0016144932974,服饰,广东省,
农科所智慧社区服务_站点-农科所智慧社区服务站点,农科所智慧社区服务站点,农科所智慧社区服务站点,快递,2025-04-17 20:36:02,,1,0.2,0,6.00,0.00,2.80,6-3.2,2,1912847431361826816,极兔快递,JT0016112940083,服饰,浙江省,
农科所智慧社区服务_站点-农科所智慧社区服务站点,农科所智慧社区服务站点,农科所智慧社区服务站点,快递,2025-04-17 20:34:55,,1,0.2,0,6.00,0.00,2.80,6-3.2,2,1912847214474366976,极兔快递,JT0016139169473,服饰,浙江省,
农科所智慧社区服务_站点-农科所智慧社区服务站点,农科所智慧社区服务站点,农科所智慧社区服务站点,快递,2025-04-17 20:33:48,,1,0.63,0,6.00,0.00,2.80,6-3.2,2,1912846935825780736,极兔快递,JT0016147100476,服饰,广东省,
农科所智慧社区服务_站点-农科所智慧社区服务站点,农科所智慧社区服务站点,农科所智慧社区服务站点,快递,2025-04-17 20:32:38,,1,0.71,0,6.00,0.00,2.80,6-3.2,2,1912846642266443776,极兔快递,JT0016146802449,服饰,广东省,
农科所智慧社区服务_站点-农科所智慧社区服务站点,农科所智慧社区服务站点,农科所智慧社区服务站点,快递,2025-04-17 20:29:23,,1,0.2,0,6.00,0.00,2.80,6-3.2,2,1912845823366336512,极兔快递,JT0016146239579,服饰,浙江省,
农科所智慧社区服务_站点-农科所智慧社区服务站点,农科所智慧社区服务站点,农科所智慧社区服务站点,快递,2025-04-17 18:44:19,,1,0.28,0,6.00,0.00,2.80,6-3.2,2,1912819380435488768,极兔快递,JT0016144514802,服饰,广东省,
农科所智慧社区服务_站点-农科所智慧社区服务站点,农科所智慧社区服务站点,农科所智慧社区服务站点,快递,2025-04-17 17:43:31,,1,0.2,0,6.00,0.00,2.80,6-3.2,2,1912804085448773632,极兔快递,JT0016143893614,服饰,河北省,
农科所智慧社区服务_站点-农科所智慧社区服务站点,农科所智慧社区服务站点,农科所智慧社区服务站点,快递,2025-04-17 17:40:59,,1,0.2,0,6.00,0.00,2.80,6-3.2,2,1912803408177729536,极兔快递,JT0016144484833,服饰,山东省,
农科所智慧社区服务_站点-农科所智慧社区服务站点,农科所智慧社区服务站点,农科所智慧社区服务站点,快递,2025-04-17 17:39:38,,1,0.42,0,6.00,0.00,2.80,6-3.2,2,1912803098289967104,极兔快递,JT0016139037006,服饰,安徽省,
农科所智慧社区服务_站点-农科所智慧社区服务站点,农科所智慧社区服务站点,农科所智慧社区服务站点,快递,2025-04-17 17:38:42,,1,0.42,0,6.00,0.00,2.80,6-3.2,2,1912802860804280320,极兔快递,JT0016144426557,服饰,湖北省,
农科所智慧社区服务_站点-农科所智慧社区服务站点,农科所智慧社区服务站点,农科所智慧社区服务站点,快递,2025-04-17 17:37:56,,1,0.2,0,6.00,0.00,2.80,6-3.2,2,1912802620646821888,极兔快递,JT0016137381293,服饰,浙江省,
农科所智慧社区服务_站点-农科所智慧社区服务站点,农科所智慧社区服务站点,农科所智慧社区服务站点,快递,2025-04-17 17:37:12,,1,0.32,0,6.00,0.00,2.80,6-3.2,2,1912802481991520256,极兔快递,JT0016143384312,服饰,广西壮族自治区,
农科所智慧社区服务_站点-农科所智慧社区服务站点,农科所智慧社区服务站点,农科所智慧社区服务站点,快递,2025-04-17 17:36:21,,1,0.2,0,6.00,0.00,2.80,6-3.2,2,1912802280585236480,极兔快递,JT0016144359619,生活用品,广东省,
农科所智慧社区服务_站点-农科所智慧社区服务站点,农科所智慧社区服务站点,农科所智慧社区服务站点,快递,2025-04-17 17:34:46,,2,1.02,0,8.00,0.00,4.08,51% ,2,1912801859116404736,极兔快递,JT0016141814109,服饰,浙江省,
农科所智慧社区服务_站点-农科所智慧社区服务站点,农科所智慧社区服务站点,农科所智慧社区服务站点,快递,2025-04-17 17:33:15,,1,0.63,0,6.00,0.00,2.80,6-3.2,2,1912801435965657088,极兔快递,JT0016144227608,食品,广东省,
农科所智慧社区服务_站点-农科所智慧社区服务站点,农科所智慧社区服务站点,农科所智慧社区服务站点,快递,2025-04-17 17:32:13,,1,0.62,0,6.00,0.00,2.80,6-3.2,2,1912801151436656640,极兔快递,JT0016144191563,服饰,江苏省,
农科所智慧社区服务_站点-农科所智慧社区服务站点,农科所智慧社区服务站点,农科所智慧社区服务站点,快递,2025-04-17 17:30:50,,1,0.52,0,6.00,0.00,2.80,6-3.2,2,1912800891268173824,极兔快递,JT0016143736783,服饰,江苏省,
农科所智慧社区服务_站点-农科所智慧社区服务站点,农科所智慧社区服务站点,农科所智慧社区服务站点,快递,2025-04-17 17:29:44,,1,0.49,0,6.00,0.00,2.80,6-3.2,2,1912800613018046464,极兔快递,JT0016144388185,服饰,江苏省,
农科所智慧社区服务_站点-农科所智慧社区服务站点,农科所智慧社区服务站点,农科所智慧社区服务站点,快递,2025-04-17 17:28:31,,1,0.23,0,6.00,0.00,2.80,6-3.2,2,1912800310466121728,极兔快递,JT0016128673125,服饰,江苏省,
农科所智慧社区服务_站点-农科所智慧社区服务站点,农科所智慧社区服务站点,农科所智慧社区服务站点,快递,2025-04-17 17:01:14,,1,0.5,0,7.00,0.00,2.80,6-3.2,2,1912793442784055296,极兔快递,JT0016143872491,生活用品,北京市,
农科所智慧社区服务_站点-农科所智慧社区服务站点,农科所智慧社区服务站点,农科所智慧社区服务站点,快递,2025-04-17 15:49:09,,1,0.2,0,6.00,0.00,2.80,6-3.2,2,1912775302993874944,极兔快递,JT0016142234902,服饰,辽宁省,
农科所智慧社区服务_站点-农科所智慧社区服务站点,农科所智慧社区服务站点,农科所智慧社区服务站点,快递,2025-04-17 15:34:23,,1,0.42,0,7.00,0.00,2.80,6-3.2,2,1912771585590628352,极兔快递,JT0016142373895,生活用品,上海市,
农科所智慧社区服务_站点-农科所智慧社区服务站点,农科所智慧社区服务站点,农科所智慧社区服务站点,快递,2025-04-17 15:29:57,,4,3.92,0,12.00,1.50,6.00,50% ,2,1912770470690099200,极兔快递,JT0016140645070,生活用品,陕西省,
农科所智慧社区服务_站点-农科所智慧社区服务站点,农科所智慧社区服务站点,农科所智慧社区服务站点,快递,2025-04-17 15:14:59,,1,0.42,0,6.00,0.00,2.80,6-3.2,2,1912766686702276608,极兔快递,JT0016141155960,服饰,广东省,
农科所智慧社区服务_站点-农科所智慧社区服务站点,农科所智慧社区服务站点,农科所智慧社区服务站点,快递,2025-04-17 15:12:44,,1,0.77,0,6.00,0.00,2.80,6-3.2,2,1912766128121647104,极兔快递,JT0016136082223,服饰,广东省,
农科所智慧社区服务_站点-农科所智慧社区服务站点,农科所智慧社区服务站点,农科所智慧社区服务站点,快递,2025-04-17 13:09:06,,1,0.55,0,6.00,0.00,2.80,6-3.2,2,1912735006423715840,极兔快递,JT0016138795691,服饰,广东省,
农科所智慧社区服务_站点-农科所智慧社区服务站点,农科所智慧社区服务站点,农科所智慧社区服务站点,快递,2025-04-17 13:08:06,,1,0.68,0,6.00,0.00,2.80,6-3.2,2,1912734771744018432,极兔快递,JT0016127375010,服饰,广东省,
农科所智慧社区服务_站点-农科所智慧社区服务站点,农科所智慧社区服务站点,农科所智慧社区服务站点,快递,2025-04-17 10:03:21,,1,0.36,0,6.00,0.00,2.80,6-3.2,2,1912688133734338560,极兔快递,JT0016134553991,生活用品,河南省,
农科所智慧社区服务_站点-农科所智慧社区服务站点,农科所智慧社区服务站点,农科所智慧社区服务站点,快递,2025-04-17 09:58:22,,1,0.2,0,6.00,0.00,2.80,6-3.2,2,1912687024227684352,极兔快递,JT0016133462322,生活用品,江西省,
农科所智慧社区服务_站点-农科所智慧社区服务站点,农科所智慧社区服务站点,农科所智慧社区服务站点,快递,2025-04-17 09:56:39,,1,0.37,0,6.00,0.00,2.80,6-3.2,2,1912686592403116032,极兔快递,JT0016135262374,服饰,山东省,
农科所智慧社区服务_站点-农科所智慧社区服务站点,农科所智慧社区服务站点,农科所智慧社区服务站点,快递,2025-04-17 09:55:26,,1,0.2,0,6.00,0.00,2.80,6-3.2,2,1912686285006770176,极兔快递,JT0016133359064,服饰,山东省,
农科所智慧社区服务_站点-农科所智慧社区服务站点,农科所智慧社区服务站点,农科所智慧社区服务站点,快递,2025-04-17 09:54:19,,1,0.38,0,6.00,0.00,2.80,6-3.2,2,1912685997084577792,极兔快递,JT0016136135541,服饰,山东省,
农科所智慧社区服务_站点-农科所智慧社区服务站点,农科所智慧社区服务站点,农科所智慧社区服务站点,快递,2025-04-16 20:02:36,,1,0.84,0,6.00,0.00,2.80,6-3.2,2,1912476696936124416,极兔快递,JT0016122420553,食品,河南省,
农科所智慧社区服务_站点-农科所智慧社区服务站点,农科所智慧社区服务站点,农科所智慧社区服务站点,快递,2025-04-16 20:00:30,,1,0.2,0,6.00,0.00,2.80,6-3.2,2,1912476149004832768,极兔快递,JT0016110602779,其他,四川省,
农科所智慧社区服务_站点-农科所智慧社区服务站点,农科所智慧社区服务站点,农科所智慧社区服务站点,快递,2025-04-16 19:52:45,,2,1.13,0,8.00,0.00,4.08,51% ,2,1912474209294422016,极兔快递,JT0016129262252,食品,陕西省,
农科所智慧社区服务_站点-农科所智慧社区服务站点,农科所智慧社区服务站点,农科所智慧社区服务站点,快递,2025-04-16 19:47:25,,1,0.94,0,6.00,0.00,2.80,6-3.2,2,1912472874952101888,极兔快递,JT0016131902210,服饰,福建省,
农科所智慧社区服务_站点-农科所智慧社区服务站点,农科所智慧社区服务站点,农科所智慧社区服务站点,快递,2025-04-16 19:34:00,,1,0.25,0,6.00,0.00,2.80,6-3.2,2,1912469489460908032,极兔快递,JT0016128050266,服饰,湖南省,
农科所智慧社区服务_站点-农科所智慧社区服务站点,农科所智慧社区服务站点,农科所智慧社区服务站点,快递,2025-04-16 19:13:59,,1,0.2,0,6.00,0.00,2.80,6-3.2,2,1912464459857072128,极兔快递,JT0016130672798,服饰,浙江省,
农科所智慧社区服务_站点-农科所智慧社区服务站点,农科所智慧社区服务站点,农科所智慧社区服务站点,快递,2025-04-16 19:12:52,,1,0.2,0,6.00,0.00,2.80,6-3.2,2,1912464177089679360,极兔快递,JT0016129991582,服饰,浙江省,
农科所智慧社区服务_站点-农科所智慧社区服务站点,农科所智慧社区服务站点,农科所智慧社区服务站点,快递,2025-04-16 18:58:32,,1,0.2,0,6.00,0.00,2.80,6-3.2,2,1912460565068320768,极兔快递,JT0016130354270,服饰,广东省,
农科所智慧社区服务_站点-农科所智慧社区服务站点,农科所智慧社区服务站点,农科所智慧社区服务站点,快递,2025-04-16 18:57:27,,1,0.75,0,6.00,0.00,2.80,6-3.2,2,1912460291637448704,极兔快递,JT0016127696913,服饰,广东省,
农科所智慧社区服务_站点-农科所智慧社区服务站点,农科所智慧社区服务站点,农科所智慧社区服务站点,快递,2025-04-16 18:56:33,,1,0.49,0,6.00,0.00,2.80,6-3.2,2,1912460073395228672,极兔快递,JT0016121611354,服饰,广西壮族自治区,
农科所智慧社区服务_站点-农科所智慧社区服务站点,农科所智慧社区服务站点,农科所智慧社区服务站点,快递,2025-04-16 18:54:46,,1,0.45,0,6.00,0.00,2.80,6-3.2,2,1912459550105473024,极兔快递,JT0016116506059,生活用品,广东省,
农科所智慧社区服务_站点-农科所智慧社区服务站点,农科所智慧社区服务站点,农科所智慧社区服务站点,快递,2025-04-16 18:53:26,,1,0.2,0,6.00,0.00,2.80,6-3.2,2,1912459144126205952,极兔快递,JT0016129387575,服饰,广东省,
农科所智慧社区服务_站点-农科所智慧社区服务站点,农科所智慧社区服务站点,农科所智慧社区服务站点,快递,2025-04-16 18:50:49,,1,0.62,0,6.00,0.00,2.80,6-3.2,2,1912458622635806720,极兔快递,JT0016128607146,服饰,广东省,
农科所智慧社区服务_站点-农科所智慧社区服务站点,农科所智慧社区服务站点,农科所智慧社区服务站点,快递,2025-04-16 18:48:54,,2,1.87,0,8.00,0.00,4.08,51% ,2,1912458149614784512,极兔快递,JT0016130120473,服饰,广东省,
农科所智慧社区服务_站点-农科所智慧社区服务站点,农科所智慧社区服务站点,农科所智慧社区服务站点,快递,2025-04-16 18:46:32,,1,0.64,0,6.00,0.00,2.80,6-3.2,2,1912457488743469056,极兔快递,JT0016127740724,服饰,河南省,
农科所智慧社区服务_站点-农科所智慧社区服务站点,农科所智慧社区服务站点,农科所智慧社区服务站点,快递,2025-04-16 18:28:52,,1,0.23,0,6.00,0.00,2.80,6-3.2,2,1912453108585664512,极兔快递,JT0016125461051,服饰,广东省,
农科所智慧社区服务_站点-农科所智慧社区服务站点,农科所智慧社区服务站点,农科所智慧社区服务站点,快递,2025-04-16 18:27:49,,1,0.2,0,6.00,0.00,2.80,6-3.2,2,1912452793023008768,极兔快递,JT0016125579442,服饰,湖北省,
农科所智慧社区服务_站点-农科所智慧社区服务站点,农科所智慧社区服务站点,农科所智慧社区服务站点,快递,2025-04-16 18:12:54,,1,0.26,0,6.00,0.00,2.80,6-3.2,2,1912449063611469824,极兔快递,JT0016125740124,服饰,广东省,
农科所智慧社区服务_站点-农科所智慧社区服务站点,农科所智慧社区服务站点,农科所智慧社区服务站点,快递,2025-04-16 17:15:33,,1,0.2,0,6.00,0.00,2.80,6-3.2,2,1912434657523601408,极兔快递,JT0016126753183,服饰,广东省,
农科所智慧社区服务_站点-农科所智慧社区服务站点,农科所智慧社区服务站点,农科所智慧社区服务站点,快递,2025-04-16 17:04:14,,2,1.35,0,8.00,0.00,4.08,51% ,2,1912431808068653056,极兔快递,JT0016128836654,服饰,山东省,
农科所智慧社区服务_站点-农科所智慧社区服务站点,农科所智慧社区服务站点,农科所智慧社区服务站点,快递,2025-04-16 17:01:50,,1,0.53,0,6.00,0.00,2.80,6-3.2,2,1912431201459048448,极兔快递,JT0016126719855,服饰,山东省,
农科所智慧社区服务_站点-农科所智慧社区服务站点,农科所智慧社区服务站点,农科所智慧社区服务站点,快递,2025-04-16 16:59:41,,2,1.39,0,8.00,0.00,4.08,51% ,2,1912430651493519360,极兔快递,JT0016125816735,服饰,山东省,
农科所智慧社区服务_站点-农科所智慧社区服务站点,农科所智慧社区服务站点,农科所智慧社区服务站点,快递,2025-04-16 16:53:24,,1,0.23,0,6.00,0.00,2.80,6-3.2,2,1912429040570404864,极兔快递,JT0016125508124,服饰,湖北省,
农科所智慧社区服务_站点-农科所智慧社区服务站点,农科所智慧社区服务站点,农科所智慧社区服务站点,快递,2025-04-16 16:39:12,2025-04-16 08:46:06,1,,,6.00,,0.00,,2,1912425511076171776,极兔快递,JT0016124644793,服饰,湖南省,已全额退款
农科所智慧社区服务_站点-农科所智慧社区服务站点,农科所智慧社区服务站点,农科所智慧社区服务站点,快递,2025-04-16 16:41:13,2025-04-16 08:45:59,1,,,6.00,,0.00,,2,1912426014690447360,极兔快递,JT0016126097613,服饰,福建省,已全额退款
农科所智慧社区服务_站点-农科所智慧社区服务站点,农科所智慧社区服务站点,农科所智慧社区服务站点,快递,2025-04-16 16:18:00,,1,0.2,0,6.00,0.00,2.80,6-3.2,2,1912420171869786112,极兔快递,JT0016127766814,服饰,河南省,
农科所智慧社区服务_站点-农科所智慧社区服务站点,农科所智慧社区服务站点,农科所智慧社区服务站点,快递,2025-04-16 16:06:12,,1,0.36,0,6.00,0.00,2.80,6-3.2,2,1912417202491297792,极兔快递,JT0016128024253,服饰,河北省,
农科所智慧社区服务_站点-农科所智慧社区服务站点,农科所智慧社区服务站点,农科所智慧社区服务站点,快递,2025-04-16 15:54:55,,1,0.27,0,6.00,0.00,2.80,6-3.2,2,1912414292680314880,极兔快递,JT0016126797411,服饰,浙江省,
农科所智慧社区服务_站点-农科所智慧社区服务站点,农科所智慧社区服务站点,农科所智慧社区服务站点,快递,2025-04-16 15:53:05,,1,0.2,0,6.00,0.00,2.80,6-3.2,2,1912413659344605184,极兔快递,JT0016125587339,服饰,广东省,
农科所智慧社区服务_站点-农科所智慧社区服务站点,农科所智慧社区服务站点,农科所智慧社区服务站点,快递,2025-04-16 15:50:58,,1,0.32,0,6.00,0.00,2.80,6-3.2,2,1912413369002299392,极兔快递,JT0016126462583,服饰,浙江省,
农科所智慧社区服务_站点-农科所智慧社区服务站点,农科所智慧社区服务站点,农科所智慧社区服务站点,快递,2025-04-16 15:49:35,,1,0.4,0,6.00,0.00,2.80,6-3.2,2,1912413019713245184,极兔快递,JT0016126597663,服饰,浙江省,
农科所智慧社区服务_站点-农科所智慧社区服务站点,农科所智慧社区服务站点,农科所智慧社区服务站点,快递,2025-04-16 15:48:22,,1,0.97,0,6.00,0.00,2.80,6-3.2,2,1912412715743645696,极兔快递,JT0016126766925,服饰,广东省,
农科所智慧社区服务_站点-农科所智慧社区服务站点,农科所智慧社区服务站点,农科所智慧社区服务站点,快递,2025-04-16 15:22:48,,1,0.25,0,6.00,0.00,2.80,6-3.2,2,1912406280167165952,极兔快递,JT0016125318733,其他,辽宁省,
农科所智慧社区服务_站点-农科所智慧社区服务站点,农科所智慧社区服务站点,农科所智慧社区服务站点,快递,2025-04-16 15:21:06,,1,0.36,0,6.00,0.00,2.80,6-3.2,2,1912405847482765312,极兔快递,JT0016126580603,生活用品,浙江省,
农科所智慧社区服务_站点-农科所智慧社区服务站点,农科所智慧社区服务站点,农科所智慧社区服务站点,快递,2025-04-16 14:24:20,,1,0.57,0,6.00,0.00,2.80,6-3.2,2,1912391565164613632,极兔快递,JT0016121227581,服饰,安徽省,
农科所智慧社区服务_站点-农科所智慧社区服务站点,农科所智慧社区服务站点,农科所智慧社区服务站点,快递,2025-04-16 13:50:52,,1,0.84,0,6.00,0.00,2.80,6-3.2,2,1912383132029882368,极兔快递,JT0016124353565,其他,湖北省,
农科所智慧社区服务_站点-农科所智慧社区服务站点,农科所智慧社区服务站点,农科所智慧社区服务站点,快递,2025-04-16 12:58:36,,1,0.45,0,6.00,0.00,2.80,6-3.2,2,1912369993846558720,极兔快递,JT0016121434605,服饰,吉林省,
农科所智慧社区服务_站点-农科所智慧社区服务站点,农科所智慧社区服务站点,农科所智慧社区服务站点,快递,2025-04-16 12:45:53,,1,0.25,0,6.00,0.00,2.80,6-3.2,2,1912366794624405504,极兔快递,JT0016114535919,服饰,浙江省,
农科所智慧社区服务_站点-农科所智慧社区服务站点,农科所智慧社区服务站点,农科所智慧社区服务站点,快递,2025-04-16 12:44:19,,1,0.23,0,6.00,0.00,2.80,6-3.2,2,1912366395905478656,极兔快递,JT0016120971791,服饰,浙江省,
农科所智慧社区服务_站点-农科所智慧社区服务站点,农科所智慧社区服务站点,农科所智慧社区服务站点,快递,2025-04-16 11:27:18,,2,1.72,0,8.00,0.00,4.08,51% ,2,1912347008305664000,极兔快递,JT0016121646768,生活用品,黑龙江省,
农科所智慧社区服务_站点-农科所智慧社区服务站点,农科所智慧社区服务站点,农科所智慧社区服务站点,快递,2025-04-16 11:00:00,,1,0.34,0,6.00,0.00,2.80,6-3.2,2,1912340129563217920,极兔快递,JT0016114572738,服饰,浙江省,
农科所智慧社区服务_站点-农科所智慧社区服务站点,农科所智慧社区服务站点,农科所智慧社区服务站点,快递,2025-04-16 10:58:40,,1,0.2,0,6.00,0.00,2.80,6-3.2,2,1912339809734955008,极兔快递,JT0016120266575,服饰,广东省,
农科所智慧社区服务_站点-农科所智慧社区服务站点,农科所智慧社区服务站点,农科所智慧社区服务站点,快递,2025-04-16 10:57:19,,1,0.2,0,6.00,0.00,2.80,6-3.2,2,1912339463277056000,极兔快递,JT0016119488278,服饰,浙江省,
农科所智慧社区服务_站点-农科所智慧社区服务站点,农科所智慧社区服务站点,农科所智慧社区服务站点,快递,2025-04-16 10:30:09,,1,0.39,0,6.00,0.00,2.80,6-3.2,2,1912332634664931328,极兔快递,JT0016116972112,生活用品,河北省,
农科所智慧社区服务_站点-农科所智慧社区服务站点,农科所智慧社区服务站点,农科所智慧社区服务站点,快递,2025-04-16 10:22:38,,1,0.2,0,6.00,0.00,2.80,6-3.2,2,1912330730425749504,极兔快递,JT0016115828356,服饰,广东省,
农科所智慧社区服务_站点-农科所智慧社区服务站点,农科所智慧社区服务站点,农科所智慧社区服务站点,快递,2025-04-15 19:55:54,,1,0.41,0,6.00,0.00,2.80,6-3.2,2,1912112616652083200,极兔快递,JT0016101646652,生活用品,广东省,
农科所智慧社区服务_站点-农科所智慧社区服务站点,农科所智慧社区服务站点,农科所智慧社区服务站点,快递,2025-04-15 19:55:16,,1,0.7,0,6.00,0.00,2.52,42% ,2,1912112462347833344,韵达快递,312712859862070,服饰,广东省,
农科所智慧社区服务_站点-农科所智慧社区服务站点,农科所智慧社区服务站点,农科所智慧社区服务站点,快递,2025-04-15 19:53:39,,10,8.76,1,30.00,9.00,15.00,50% ,2,1912112044892950528,极兔快递,JT0016115480754,生活用品,河北省,
农科所智慧社区服务_站点-农科所智慧社区服务站点,农科所智慧社区服务站点,农科所智慧社区服务站点,快递,2025-04-15 19:47:32,,4,3.0,1,27.00,0.00,10.00,37.04% ,2,1912110515544854528,极兔快递,JT0016112873401,食品,海南省,
农科所智慧社区服务_站点-农科所智慧社区服务站点,农科所智慧社区服务站点,农科所智慧社区服务站点,快递,2025-04-15 19:01:43,,1,0.59,0,6.00,0.00,2.80,6-3.2,2,1912098887201918976,极兔快递,JT0016114645036,服饰,辽宁省,
农科所智慧社区服务_站点-农科所智慧社区服务站点,农科所智慧社区服务站点,农科所智慧社区服务站点,快递,2025-04-15 18:58:37,,1,0.2,0,6.00,0.00,2.80,6-3.2,2,1912098205812068352,极兔快递,JT0016109447119,其他,河南省,
农科所智慧社区服务_站点-农科所智慧社区服务站点,农科所智慧社区服务站点,农科所智慧社区服务站点,快递,2025-04-15 18:31:34,,1,0.43,0,6.00,0.00,2.80,6-3.2,2,1912091400146980864,极兔快递,JT0016113793482,服饰,广东省,
农科所智慧社区服务_站点-农科所智慧社区服务站点,农科所智慧社区服务站点,农科所智慧社区服务站点,快递,2025-04-15 18:28:24,,1,0.36,0,6.00,0.00,2.80,6-3.2,2,1912090603082420224,极兔快递,JT0016109356245,服饰,浙江省,
农科所智慧社区服务_站点-农科所智慧社区服务站点,农科所智慧社区服务站点,农科所智慧社区服务站点,快递,2025-04-15 18:12:00,,1,0.24,0,6.00,0.00,2.80,6-3.2,2,1912086477678252032,极兔快递,JT0016107216769,其他,陕西省,
农科所智慧社区服务_站点-农科所智慧社区服务站点,农科所智慧社区服务站点,农科所智慧社区服务站点,快递,2025-04-15 18:09:10,,1,0.2,0,6.00,0.00,2.80,6-3.2,2,1912085630751805440,极兔快递,JT0016102519663,其他,山东省,
农科所智慧社区服务_站点-农科所智慧社区服务站点,农科所智慧社区服务站点,农科所智慧社区服务站点,快递,2025-04-15 18:07:03,,1,0.2,0,6.00,0.00,2.80,6-3.2,2,1912085228979425280,极兔快递,JT0016113300674,其他,河北省,
农科所智慧社区服务_站点-农科所智慧社区服务站点,农科所智慧社区服务站点,农科所智慧社区服务站点,快递,2025-04-15 17:47:07,,1,0.34,0,6.00,0.00,2.80,6-3.2,2,1912080212637978624,极兔快递,JT0016106197201,其他,湖北省,
农科所智慧社区服务_站点-农科所智慧社区服务站点,农科所智慧社区服务站点,农科所智慧社区服务站点,快递,2025-04-15 17:45:29,,1,0.51,0,6.00,0.00,2.80,6-3.2,2,1912079699993366528,极兔快递,JT0016112795885,其他,广东省,
农科所智慧社区服务_站点-农科所智慧社区服务站点,农科所智慧社区服务站点,农科所智慧社区服务站点,快递,2025-04-15 17:44:17,,1,0.55,0,6.00,0.00,2.80,6-3.2,2,1912079502349373440,极兔快递,JT0016113182088,食品,山东省,
农科所智慧社区服务_站点-农科所智慧社区服务站点,农科所智慧社区服务站点,农科所智慧社区服务站点,快递,2025-04-15 17:42:40,,1,0.2,0,6.00,0.00,2.80,6-3.2,2,1912079083892051968,极兔快递,JT0016111585519,服饰,浙江省,
农科所智慧社区服务_站点-农科所智慧社区服务站点,农科所智慧社区服务站点,农科所智慧社区服务站点,快递,2025-04-15 17:41:49,,1,0.2,0,6.00,0.00,2.80,6-3.2,2,1912078882284441600,极兔快递,JT0016107894957,服饰,广西壮族自治区,
农科所智慧社区服务_站点-农科所智慧社区服务站点,农科所智慧社区服务站点,农科所智慧社区服务站点,快递,2025-04-15 17:40:37,,1,0.46,0,6.00,0.00,2.80,6-3.2,2,1912078522346049536,极兔快递,JT0016113134147,服饰,湖北省,
农科所智慧社区服务_站点-农科所智慧社区服务站点,农科所智慧社区服务站点,农科所智慧社区服务站点,快递,2025-04-15 17:39:52,,1,0.55,0,6.00,0.00,2.80,6-3.2,2,1912078342716592128,极兔快递,JT0016111607613,服饰,湖北省,
农科所智慧社区服务_站点-农科所智慧社区服务站点,农科所智慧社区服务站点,农科所智慧社区服务站点,快递,2025-04-15 17:39:04,,1,0.38,0,6.00,0.00,2.80,6-3.2,2,1912078179512029184,极兔快递,JT0016110365792,服饰,广东省,
农科所智慧社区服务_站点-农科所智慧社区服务站点,农科所智慧社区服务站点,农科所智慧社区服务站点,快递,2025-04-15 17:38:23,,1,0.37,0,6.00,0.00,2.80,6-3.2,2,1912078006266302464,极兔快递,JT0016107681945,服饰,湖北省,
农科所智慧社区服务_站点-农科所智慧社区服务站点,农科所智慧社区服务站点,农科所智慧社区服务站点,快递,2025-04-15 17:37:36,,1,0.86,0,6.00,0.00,2.80,6-3.2,2,1912077810694295552,极兔快递,JT0016112301906,服饰,广东省,
农科所智慧社区服务_站点-农科所智慧社区服务站点,农科所智慧社区服务站点,农科所智慧社区服务站点,快递,2025-04-15 17:36:33,,1,0.2,0,6.00,0.00,2.80,6-3.2,2,1912077544985137152,极兔快递,JT0016113325221,服饰,广东省,
农科所智慧社区服务_站点-农科所智慧社区服务站点,农科所智慧社区服务站点,农科所智慧社区服务站点,快递,2025-04-15 17:35:33,,1,0.28,0,6.00,0.00,2.80,6-3.2,2,1912077294786514944,极兔快递,JT0016112563836,服饰,广东省,
农科所智慧社区服务_站点-农科所智慧社区服务站点,农科所智慧社区服务站点,农科所智慧社区服务站点,快递,2025-04-15 17:34:28,,1,0.2,0,6.00,0.00,2.80,6-3.2,2,1912076999411044352,极兔快递,JT0016110271071,服饰,广东省,
农科所智慧社区服务_站点-农科所智慧社区服务站点,农科所智慧社区服务站点,农科所智慧社区服务站点,快递,2025-04-15 17:33:32,,1,0.2,0,6.00,0.00,2.80,6-3.2,2,1912076784427798528,极兔快递,JT0016109078621,服饰,广东省,
农科所智慧社区服务_站点-农科所智慧社区服务站点,农科所智慧社区服务站点,农科所智慧社区服务站点,快递,2025-04-15 17:31:55,,1,0.23,0,6.00,0.00,2.80,6-3.2,2,1912076383129374720,极兔快递,JT0016112214466,服饰,广东省,
农科所智慧社区服务_站点-农科所智慧社区服务站点,农科所智慧社区服务站点,农科所智慧社区服务站点,快递,2025-04-15 17:30:37,,1,0.22,0,6.00,0.00,2.80,6-3.2,2,1912076050089054208,极兔快递,JT0016108163380,服饰,浙江省,
农科所智慧社区服务_站点-农科所智慧社区服务站点,农科所智慧社区服务站点,农科所智慧社区服务站点,快递,2025-04-15 17:29:39,,1,0.24,0,6.00,0.00,2.80,6-3.2,2,1912075806605512704,极兔快递,JT0016111937068,服饰,广东省,
农科所智慧社区服务_站点-农科所智慧社区服务站点,农科所智慧社区服务站点,农科所智慧社区服务站点,快递,2025-04-15 17:28:48,,1,0.46,0,6.00,0.00,2.80,6-3.2,2,1912075604251316224,极兔快递,JT0016091250218,服饰,广东省,
农科所智慧社区服务_站点-农科所智慧社区服务站点,农科所智慧社区服务站点,农科所智慧社区服务站点,快递,2025-04-15 17:27:23,,1,0.2,0,6.00,0.00,2.80,6-3.2,2,1912075220602523648,极兔快递,JT0016112444467,服饰,江西省,
农科所智慧社区服务_站点-农科所智慧社区服务站点,农科所智慧社区服务站点,农科所智慧社区服务站点,快递,2025-04-15 17:26:25,,1,0.38,0,6.00,0.00,2.80,6-3.2,2,1912074996865765376,极兔快递,JT0016113118085,服饰,广东省,
农科所智慧社区服务_站点-农科所智慧社区服务站点,农科所智慧社区服务站点,农科所智慧社区服务站点,快递,2025-04-15 17:25:23,,1,0.3,0,6.00,0.00,2.80,6-3.2,2,1912074736592424960,极兔快递,JT0016110668429,服饰,广东省,
农科所智慧社区服务_站点-农科所智慧社区服务站点,农科所智慧社区服务站点,农科所智慧社区服务站点,快递,2025-04-15 17:24:24,,1,0.68,0,6.00,0.00,2.80,6-3.2,2,1912074496707596288,极兔快递,JT0016112207706,服饰,福建省,
农科所智慧社区服务_站点-农科所智慧社区服务站点,农科所智慧社区服务站点,农科所智慧社区服务站点,快递,2025-04-15 17:21:22,,1,0.25,0,6.00,0.00,2.80,6-3.2,2,1912073710745358336,极兔快递,JT0016110921380,服饰,广东省,
农科所智慧社区服务_站点-农科所智慧社区服务站点,农科所智慧社区服务站点,农科所智慧社区服务站点,快递,2025-04-15 16:40:57,,1,0.5,0,6.00,0.00,2.80,6-3.2,2,1912063554418577408,极兔快递,JT0016110546669,服饰,河南省,
农科所智慧社区服务_站点-农科所智慧社区服务站点,农科所智慧社区服务站点,农科所智慧社区服务站点,快递,2025-04-15 16:40:01,,1,0.2,0,6.00,0.00,2.80,6-3.2,2,1912063308301012992,极兔快递,JT0016111563147,服饰,广东省,
农科所智慧社区服务_站点-农科所智慧社区服务站点,农科所智慧社区服务站点,农科所智慧社区服务站点,快递,2025-04-15 14:34:42,,1,0.56,0,6.00,0.00,2.80,6-3.2,2,1912031791063437312,极兔快递,JT0016100866957,服饰,福建省,
农科所智慧社区服务_站点-农科所智慧社区服务站点,农科所智慧社区服务站点,农科所智慧社区服务站点,快递,2025-04-15 14:33:22,,1,0.2,0,6.00,0.00,2.80,6-3.2,2,1912031424913281024,极兔快递,JT0016106529186,服饰,河北省,
农科所智慧社区服务_站点-农科所智慧社区服务站点,农科所智慧社区服务站点,农科所智慧社区服务站点,快递,2025-04-15 14:31:28,,1,0.27,0,6.00,0.00,2.80,6-3.2,2,1912030976743510016,极兔快递,JT0016105467627,服饰,山东省,
农科所智慧社区服务_站点-农科所智慧社区服务站点,农科所智慧社区服务站点,农科所智慧社区服务站点,快递,2025-04-15 14:30:03,,1,0.9,0,6.00,0.00,2.80,6-3.2,2,1912030531300036608,极兔快递,JT0016105617786,服饰,福建省,
农科所智慧社区服务_站点-农科所智慧社区服务站点,农科所智慧社区服务站点,农科所智慧社区服务站点,快递,2025-04-15 14:28:23,,1,0.51,0,6.00,0.00,2.80,6-3.2,2,1912030191909539840,极兔快递,JT0016107821331,服饰,广东省,
农科所智慧社区服务_站点-农科所智慧社区服务站点,农科所智慧社区服务站点,农科所智慧社区服务站点,快递,2025-04-15 14:18:57,,1,0.84,0,6.00,0.00,2.80,6-3.2,2,1912027825474834432,极兔快递,JT0016107342148,服饰,辽宁省,
农科所智慧社区服务_站点-农科所智慧社区服务站点,农科所智慧社区服务站点,农科所智慧社区服务站点,快递,2025-04-15 12:14:02,,1,0.49,0,6.00,0.00,2.80,6-3.2,2,1911996384460345344,极兔快递,JT0016105966934,服饰,福建省,
农科所智慧社区服务_站点-农科所智慧社区服务站点,农科所智慧社区服务站点,农科所智慧社区服务站点,快递,2025-04-15 12:07:12,2025-04-15 04:11:49,1,,,6.00,,0.00,,2,1911994668117594112,极兔快递,JT0016105192801,服饰,江苏省,已全额退款
农科所智慧社区服务_站点-农科所智慧社区服务站点,农科所智慧社区服务站点,农科所智慧社区服务站点,快递,2025-04-15 12:10:23,,1,0.28,0,6.00,0.00,2.80,6-3.2,2,1911995461390503936,极兔快递,JT0016104698888,服饰,广东省,
农科所智慧社区服务_站点-农科所智慧社区服务站点,农科所智慧社区服务站点,农科所智慧社区服务站点,快递,2025-04-15 12:09:25,,1,0.2,0,6.00,0.00,2.80,6-3.2,2,1911995227750993920,极兔快递,JT0016106482913,服饰,广东省,
农科所智慧社区服务_站点-农科所智慧社区服务站点,农科所智慧社区服务站点,农科所智慧社区服务站点,快递,2025-04-15 12:08:30,,2,1.07,0,8.00,0.00,4.08,51% ,2,1911994835109613568,极兔快递,JT0016105596553,服饰,江苏省,
农科所智慧社区服务_站点-农科所智慧社区服务站点,农科所智慧社区服务站点,农科所智慧社区服务站点,快递,2025-04-15 12:04:35,,1,0.35,0,6.00,0.00,2.80,6-3.2,2,1911994011461554176,极兔快递,JT0016106125434,服饰,江苏省,
农科所智慧社区服务_站点-农科所智慧社区服务站点,农科所智慧社区服务站点,农科所智慧社区服务站点,快递,2025-04-15 12:01:08,,1,0.36,0,6.00,0.00,2.80,6-3.2,2,1911993142670200832,极兔快递,JT0016105424698,服饰,吉林省,
农科所智慧社区服务_站点-农科所智慧社区服务站点,农科所智慧社区服务站点,农科所智慧社区服务站点,快递,2025-04-15 11:50:24,,1,0.24,0,6.00,0.00,2.80,6-3.2,2,1911990440137527296,极兔快递,JT0016093011915,服饰,浙江省,
农科所智慧社区服务_站点-农科所智慧社区服务站点,农科所智慧社区服务站点,农科所智慧社区服务站点,快递,2025-04-15 11:28:34,,1,0.2,0,6.00,0.00,2.80,6-3.2,2,1911984947893571584,极兔快递,JT0016102550372,服饰,广东省,
农科所智慧社区服务_站点-农科所智慧社区服务站点,农科所智慧社区服务站点,农科所智慧社区服务站点,快递,2025-04-15 10:44:58,,1,0.2,0,6.00,0.00,2.80,6-3.2,2,1911973964987928576,极兔快递,JT0016102899479,服饰,广东省,
农科所智慧社区服务_站点-农科所智慧社区服务站点,农科所智慧社区服务站点,农科所智慧社区服务站点,快递,2025-04-14 20:14:21,,1,0.23,0,6.00,0.00,2.80,6-3.2,2,1911754863644413952,极兔快递,JT0016088669105,服饰,广东省,
农科所智慧社区服务_站点-农科所智慧社区服务站点,农科所智慧社区服务站点,农科所智慧社区服务站点,快递,2025-04-14 20:13:27,,1,0.2,0,6.00,0.00,2.80,6-3.2,2,1911754639303675904,极兔快递,JT0016100023160,服饰,广东省,
农科所智慧社区服务_站点-农科所智慧社区服务站点,农科所智慧社区服务站点,农科所智慧社区服务站点,快递,2025-04-14 20:12:39,,1,0.89,0,6.00,0.00,2.80,6-3.2,2,1911754453001080832,极兔快递,JT0016099044293,服饰,浙江省,
农科所智慧社区服务_站点-农科所智慧社区服务站点,农科所智慧社区服务站点,农科所智慧社区服务站点,快递,2025-04-14 20:09:44,,1,0.43,0,6.00,0.00,2.80,6-3.2,2,1911753716368052224,极兔快递,JT0016098364542,服饰,山东省,
农科所智慧社区服务_站点-农科所智慧社区服务站点,农科所智慧社区服务站点,农科所智慧社区服务站点,快递,2025-04-14 20:08:32,,1,0.36,0,6.00,0.00,2.80,6-3.2,2,1911753413040181248,极兔快递,JT0016096966594,服饰,山东省,
农科所智慧社区服务_站点-农科所智慧社区服务站点,农科所智慧社区服务站点,农科所智慧社区服务站点,快递,2025-04-14 20:06:29,,1,0.32,0,6.00,0.00,2.80,6-3.2,2,1911752895433707520,极兔快递,JT0016093218550,服饰,河北省,
农科所智慧社区服务_站点-农科所智慧社区服务站点,农科所智慧社区服务站点,农科所智慧社区服务站点,快递,2025-04-14 19:57:28,,1,0.2,0,6.00,0.00,2.80,6-3.2,2,1911750629922344960,极兔快递,JT0016097284773,其他,湖南省,
农科所智慧社区服务_站点-农科所智慧社区服务站点,农科所智慧社区服务站点,农科所智慧社区服务站点,快递,2025-04-14 19:47:49,,1,0.72,0,6.00,0.00,2.80,6-3.2,2,1911748203404234752,极兔快递,JT0016090732031,服饰,浙江省,
农科所智慧社区服务_站点-农科所智慧社区服务站点,农科所智慧社区服务站点,农科所智慧社区服务站点,快递,2025-04-14 19:42:10,,2,1.25,0,8.00,0.00,4.08,51% ,2,1911746746135252992,极兔快递,JT0016091939671,生活用品,浙江省,
农科所智慧社区服务_站点-农科所智慧社区服务站点,农科所智慧社区服务站点,农科所智慧社区服务站点,快递,2025-04-14 19:16:29,,1,0.77,0,6.00,0.00,2.80,6-3.2,2,1911740314908266496,极兔快递,JT0016097067408,生活用品,广东省,
农科所智慧社区服务_站点-农科所智慧社区服务站点,农科所智慧社区服务站点,农科所智慧社区服务站点,快递,2025-04-14 19:02:05,,1,0.26,0,6.00,0.00,2.80,6-3.2,2,1911736676429238272,极兔快递,JT0016093880865,服饰,安徽省,
农科所智慧社区服务_站点-农科所智慧社区服务站点,农科所智慧社区服务站点,农科所智慧社区服务站点,快递,2025-04-14 19:01:10,,1,0.29,0,6.00,0.00,2.80,6-3.2,2,1911736453246128128,极兔快递,JT0016098575362,服饰,河南省,
农科所智慧社区服务_站点-农科所智慧社区服务站点,农科所智慧社区服务站点,农科所智慧社区服务站点,快递,2025-04-14 18:48:25,,1,0.31,0,6.00,0.00,2.80,6-3.2,2,1911733252241395712,极兔快递,JT0016088797626,服饰,福建省,
农科所智慧社区服务_站点-农科所智慧社区服务站点,农科所智慧社区服务站点,农科所智慧社区服务站点,快递,2025-04-14 18:47:14,,1,0.2,0,6.00,0.00,2.80,6-3.2,2,1911732954919768064,极兔快递,JT0016098062692,服饰,广东省,
农科所智慧社区服务_站点-农科所智慧社区服务站点,农科所智慧社区服务站点,农科所智慧社区服务站点,快递,2025-04-14 18:41:38,,1,0.29,0,6.00,0.00,2.80,6-3.2,2,1911731547349094400,极兔快递,JT0016092529291,服饰,江苏省,
农科所智慧社区服务_站点-农科所智慧社区服务站点,农科所智慧社区服务站点,农科所智慧社区服务站点,快递,2025-04-14 18:34:46,,1,0.47,0,6.00,0.00,2.80,6-3.2,2,1911729793853198336,极兔快递,JT0016097109460,服饰,浙江省,
农科所智慧社区服务_站点-农科所智慧社区服务站点,农科所智慧社区服务站点,农科所智慧社区服务站点,快递,2025-04-14 18:33:33,,1,0.2,0,6.00,0.00,2.80,6-3.2,2,1911729512553811968,极兔快递,JT0016096656941,服饰,江苏省,
农科所智慧社区服务_站点-农科所智慧社区服务站点,农科所智慧社区服务站点,农科所智慧社区服务站点,快递,2025-04-14 18:13:04,,1,0.39,0,6.00,0.00,2.80,6-3.2,2,1911724349973762048,极兔快递,JT0016096720976,服饰,浙江省,
农科所智慧社区服务_站点-农科所智慧社区服务站点,农科所智慧社区服务站点,农科所智慧社区服务站点,快递,2025-04-14 18:10:11,,1,0.37,0,6.00,0.00,2.80,6-3.2,2,1911723580142817280,极兔快递,JT0016098036301,服饰,浙江省,
农科所智慧社区服务_站点-农科所智慧社区服务站点,农科所智慧社区服务站点,农科所智慧社区服务站点,快递,2025-04-14 18:06:35,,1,1.0,0,6.00,0.00,2.80,6-3.2,2,1911722726383849472,极兔快递,JT0016092751490,服饰,陕西省,
农科所智慧社区服务_站点-农科所智慧社区服务站点,农科所智慧社区服务站点,农科所智慧社区服务站点,快递,2025-04-14 16:36:44,,1,0.2,0,6.00,0.00,2.80,6-3.2,2,1911700111598456832,极兔快递,JT0016094664866,生活用品,河北省,
农科所智慧社区服务_站点-农科所智慧社区服务站点,农科所智慧社区服务站点,农科所智慧社区服务站点,快递,2025-04-14 16:28:17,,1,0.2,0,6.00,0.00,2.80,6-3.2,2,1911697983513464832,极兔快递,JT0016086887329,服饰,广东省,
农科所智慧社区服务_站点-农科所智慧社区服务站点,农科所智慧社区服务站点,农科所智慧社区服务站点,快递,2025-04-14 16:21:05,,1,0.94,0,6.00,0.00,2.80,6-3.2,2,1911696173021171712,极兔快递,JT0016093157101,服饰,广东省,
农科所智慧社区服务_站点-农科所智慧社区服务站点,农科所智慧社区服务站点,农科所智慧社区服务站点,快递,2025-04-14 16:19:58,,1,0.38,0,6.00,0.00,2.80,6-3.2,2,1911695896125804544,极兔快递,JT0016094829309,服饰,福建省,
农科所智慧社区服务_站点-农科所智慧社区服务站点,农科所智慧社区服务站点,农科所智慧社区服务站点,快递,2025-04-14 15:51:52,,2,1.04,0,8.00,0.00,4.08,51% ,2,1911688823409381376,极兔快递,JT0016091039747,服饰,河北省,
农科所智慧社区服务_站点-农科所智慧社区服务站点,农科所智慧社区服务站点,农科所智慧社区服务站点,快递,2025-04-14 15:46:38,,11,10.73,0,34.00,12.00,16.00,50%,2,1911687496914604032,极兔快递,JT0016094730383,食品,北京市,
农科所智慧社区服务_站点-农科所智慧社区服务站点,农科所智慧社区服务站点,农科所智慧社区服务站点,快递,2025-04-14 14:55:40,,1,0.71,0,6.00,0.00,2.80,6-3.2,2,1911674677313835008,极兔快递,JT0016091364875,食品,陕西省,
农科所智慧社区服务_站点-农科所智慧社区服务站点,农科所智慧社区服务站点,农科所智慧社区服务站点,快递,2025-04-14 14:51:10,,1,0.6,0,6.00,0.00,2.80,6-3.2,2,1911673545334099968,极兔快递,JT0016092364964,服饰,广东省,
农科所智慧社区服务_站点-农科所智慧社区服务站点,农科所智慧社区服务站点,农科所智慧社区服务站点,干洗,2025-04-14 14:48:17,,,,,24.50,,7.35,30%,,1911672818217947136,干洗,,"清洗普通羽绒服2件不分长短49元   *   1",,
农科所智慧社区服务_站点-农科所智慧社区服务站点,农科所智慧社区服务站点,农科所智慧社区服务站点,干洗,2025-04-14 14:45:50,,,,,24.50,,7.35,30%,,1911672201487486976,干洗,,"清洗普通羽绒服2件不分长短49元   *   1",,
农科所智慧社区服务_站点-农科所智慧社区服务站点,农科所智慧社区服务站点,农科所智慧社区服务站点,快递,2025-04-14 14:14:39,,1,0.46,0,6.00,0.00,2.80,6-3.2,2,1911664359024005120,极兔快递,JT0016092888028,服饰,广东省,
农科所智慧社区服务_站点-农科所智慧社区服务站点,农科所智慧社区服务站点,农科所智慧社区服务站点,快递,2025-04-14 14:06:29,,3,2.56,0,10.00,0.00,5.50,55% ,2,1911662301298462720,极兔快递,JT0016092056981,服饰,广东省,
农科所智慧社区服务_站点-农科所智慧社区服务站点,农科所智慧社区服务站点,农科所智慧社区服务站点,快递,2025-04-14 14:00:07,,2,1.95,0,8.00,0.00,4.08,51% ,2,1911660699040780288,极兔快递,JT0016089147044,服饰,广东省,
农科所智慧社区服务_站点-农科所智慧社区服务站点,农科所智慧社区服务站点,农科所智慧社区服务站点,快递,2025-04-14 13:57:23,,1,0.44,0,6.00,0.00,2.80,6-3.2,2,1911660004233351168,极兔快递,JT0016084580574,服饰,广东省,
农科所智慧社区服务_站点-农科所智慧社区服务站点,农科所智慧社区服务站点,农科所智慧社区服务站点,干洗,2025-04-14 13:54:36,,,,,24.50,,7.35,30%,,1911659310642270208,干洗,,"清洗普通羽绒服2件不分长短49元   *   1",,
农科所智慧社区服务_站点-农科所智慧社区服务站点,农科所智慧社区服务站点,农科所智慧社区服务站点,快递,2025-04-14 13:34:29,,1,0.2,0,6.00,0.00,2.80,6-3.2,2,1911654237371535360,极兔快递,JT0016090238463,食品,山东省,
农科所智慧社区服务_站点-农科所智慧社区服务站点,农科所智慧社区服务站点,农科所智慧社区服务站点,快递,2025-04-14 13:33:52,,1,0.2,0,6.00,0.00,2.80,6-3.2,2,1911654089434238976,极兔快递,JT0016087840405,食品,山东省,
农科所智慧社区服务_站点-农科所智慧社区服务站点,农科所智慧社区服务站点,农科所智慧社区服务站点,快递,2025-04-14 13:10:32,,1,0.45,0,6.00,0.00,2.80,6-3.2,2,1911648222102065152,极兔快递,JT0016089808347,服饰,广东省,
农科所智慧社区服务_站点-农科所智慧社区服务站点,农科所智慧社区服务站点,农科所智慧社区服务站点,快递,2025-04-14 13:09:11,,1,0.2,0,6.00,0.00,2.80,6-3.2,2,1911647879112855552,极兔快递,JT0016086912465,服饰,广东省,
农科所智慧社区服务_站点-农科所智慧社区服务站点,农科所智慧社区服务站点,农科所智慧社区服务站点,快递,2025-04-14 11:03:32,,6,5.13,0,18.00,4.50,9.00,50% ,2,1911616260435529728,极兔快递,JT0016088970729,其他,青海省,
农科所智慧社区服务_站点-农科所智慧社区服务站点,农科所智慧社区服务站点,农科所智慧社区服务站点,快递,2025-04-14 10:57:34,,2,1.5,0,8.00,0.00,4.08,51% ,2,1911614760002965504,极兔快递,JT0016087337657,数码产品,陕西省,
农科所智慧社区服务_站点-农科所智慧社区服务站点,农科所智慧社区服务站点,农科所智慧社区服务站点,快递,2025-04-14 10:34:56,,1,0.82,0,6.00,0.00,2.80,6-3.2,2,1911609062422663168,极兔快递,JT0016080281665,服饰,四川省,
农科所智慧社区服务_站点-农科所智慧社区服务站点,农科所智慧社区服务站点,农科所智慧社区服务站点,快递,2025-04-14 10:10:54,,1,0.48,0,6.00,0.00,2.80,6-3.2,2,1911603014597005312,极兔快递,JT0016084474647,生活用品,河北省,
农科所智慧社区服务_站点-农科所智慧社区服务站点,农科所智慧社区服务站点,农科所智慧社区服务站点,快递,2025-04-14 10:07:43,,1,0.46,0,6.00,0.00,2.80,6-3.2,2,1911602206006497280,极兔快递,JT0016086769543,服饰,江苏省,
农科所智慧社区服务_站点-农科所智慧社区服务站点,农科所智慧社区服务站点,农科所智慧社区服务站点,快递,2025-04-14 09:47:11,,4,3.54,0,12.00,1.50,6.00,50% ,2,1911597044512772096,极兔快递,JT0016087023236,生活用品,湖北省,
农科所智慧社区服务_站点-农科所智慧社区服务站点,农科所智慧社区服务站点,农科所智慧社区服务站点,快递,2025-04-14 09:40:41,,0.5,0.58,0,6.00,0.00,2.80,6-3.2,2,1911595404233723904,极兔快递,JT0016086340538,服饰,福建省,
农科所智慧社区服务_站点-农科所智慧社区服务站点,农科所智慧社区服务站点,农科所智慧社区服务站点,快递,2025-04-14 09:34:26,,0.4,0.2,0,6.00,0.00,2.80,6-3.2,2,1911593822549102592,极兔快递,JT0016072531728,服饰,河北省,
农科所智慧社区服务_站点-农科所智慧社区服务站点,农科所智慧社区服务站点,农科所智慧社区服务站点,快递,2025-04-13 19:58:00,,1,0.62,0,6.00,0.00,2.80,6-3.2,2,1911388377242849280,极兔快递,JT0016082772685,服饰,江苏省,
农科所智慧社区服务_站点-农科所智慧社区服务站点,农科所智慧社区服务站点,农科所智慧社区服务站点,快递,2025-04-13 19:50:28,,1,0.62,0,6.00,0.00,2.80,6-3.2,2,1911386471497912320,极兔快递,JT0016079148187,服饰,江苏省,
农科所智慧社区服务_站点-农科所智慧社区服务站点,农科所智慧社区服务站点,农科所智慧社区服务站点,快递,2025-04-13 19:08:40,,1,0.2,0,6.00,0.00,2.80,6-3.2,2,1911375961889099776,极兔快递,JT0016079493945,服饰,广东省,
农科所智慧社区服务_站点-农科所智慧社区服务站点,农科所智慧社区服务站点,农科所智慧社区服务站点,快递,2025-04-13 19:07:13,,1,0.2,0,6.00,0.00,2.80,6-3.2,2,1911375597722849280,极兔快递,JT0016075328927,服饰,浙江省,
农科所智慧社区服务_站点-农科所智慧社区服务站点,农科所智慧社区服务站点,农科所智慧社区服务站点,快递,2025-04-13 18:38:06,,2,1.71,0,8.00,0.00,4.08,51% ,2,1911368268684120064,极兔快递,JT0016079784745,服饰,山西省,
农科所智慧社区服务_站点-农科所智慧社区服务站点,农科所智慧社区服务站点,农科所智慧社区服务站点,快递,2025-04-13 18:11:18,,1,0.54,0,6.00,0.00,2.80,6-3.2,2,1911361514571223040,极兔快递,JT0016081821724,服饰,广东省,
农科所智慧社区服务_站点-农科所智慧社区服务站点,农科所智慧社区服务站点,农科所智慧社区服务站点,快递,2025-04-13 18:10:21,,1,0.34,0,6.00,0.00,2.80,6-3.2,2,1911361276661911552,极兔快递,JT0016075511637,服饰,广东省,
农科所智慧社区服务_站点-农科所智慧社区服务站点,农科所智慧社区服务站点,农科所智慧社区服务站点,快递,2025-04-13 18:09:26,,1,0.22,0,6.00,0.00,2.80,6-3.2,2,1911361052589608960,极兔快递,JT0016081781154,其他,浙江省,
农科所智慧社区服务_站点-农科所智慧社区服务站点,农科所智慧社区服务站点,农科所智慧社区服务站点,快递,2025-04-13 18:08:00,,2,1.2,0,8.00,0.00,4.08,51% ,2,1911360455140364288,极兔快递,JT0016079943890,服饰,江苏省,
农科所智慧社区服务_站点-农科所智慧社区服务站点,农科所智慧社区服务站点,农科所智慧社区服务站点,快递,2025-04-13 18:02:12,,1,0.4,0,6.00,0.00,2.80,6-3.2,2,1911359225475289088,极兔快递,JT0016077589386,服饰,浙江省,
农科所智慧社区服务_站点-农科所智慧社区服务站点,农科所智慧社区服务站点,农科所智慧社区服务站点,快递,2025-04-13 17:58:46,,1,0.32,0,6.00,0.00,2.80,6-3.2,2,1911358362480463872,极兔快递,JT0016073220421,服饰,湖北省,
农科所智慧社区服务_站点-农科所智慧社区服务站点,农科所智慧社区服务站点,农科所智慧社区服务站点,快递,2025-04-13 17:32:21,,1,0.2,0,6.00,0.00,2.80,6-3.2,2,1911351721324367872,极兔快递,JT0016078102778,服饰,浙江省,
农科所智慧社区服务_站点-农科所智慧社区服务站点,农科所智慧社区服务站点,农科所智慧社区服务站点,快递,2025-04-13 17:31:15,,1,0.51,0,6.00,0.00,2.80,6-3.2,2,1911351428322873344,极兔快递,JT0016080560150,服饰,浙江省,
农科所智慧社区服务_站点-农科所智慧社区服务站点,农科所智慧社区服务站点,农科所智慧社区服务站点,快递,2025-04-13 16:27:12,2025-04-13 08:29:00,1,,,6.00,,0.00,,2,1911335314054369280,极兔快递,,其他,江苏省,已全额退款
农科所智慧社区服务_站点-农科所智慧社区服务站点,农科所智慧社区服务站点,农科所智慧社区服务站点,快递,2025-04-13 16:27:49,,2,1.3,0,8.00,0.00,4.08,51% ,2,1911335481084137472,极兔快递,JT0016078316723,其他,江苏省,
农科所智慧社区服务_站点-农科所智慧社区服务站点,农科所智慧社区服务站点,农科所智慧社区服务站点,快递,2025-04-13 14:30:11,2025-04-13 06:32:19,1,,,6.00,,0.00,,2,1911305841779068928,极兔快递,JT0016071273295,服饰,辽宁省,已全额退款
农科所智慧社区服务_站点-农科所智慧社区服务站点,农科所智慧社区服务站点,农科所智慧社区服务站点,快递,2025-04-13 14:31:38,,1,0.2,0,6.00,0.00,2.80,6-3.2,2,1911306241156501504,极兔快递,JT0016078073820,服饰,广东省,
农科所智慧社区服务_站点-农科所智慧社区服务站点,农科所智慧社区服务站点,农科所智慧社区服务站点,快递,2025-04-13 14:30:41,,2,1.07,0,8.00,0.00,4.08,51% ,2,1911306004631310336,极兔快递,JT0016072187637,服饰,辽宁省,
农科所智慧社区服务_站点-农科所智慧社区服务站点,农科所智慧社区服务站点,农科所智慧社区服务站点,快递,2025-04-13 14:28:44,,1,0.32,0,6.00,0.00,2.80,6-3.2,2,1911305504779325440,极兔快递,JT0016075406965,服饰,广东省,
农科所智慧社区服务_站点-农科所智慧社区服务站点,农科所智慧社区服务站点,农科所智慧社区服务站点,快递,2025-04-13 14:27:51,,1,0.62,0,6.00,0.00,2.80,6-3.2,2,1911305290567831552,极兔快递,JT0016075549582,服饰,广东省,
农科所智慧社区服务_站点-农科所智慧社区服务站点,农科所智慧社区服务站点,农科所智慧社区服务站点,快递,2025-04-13 14:26:32,,1,0.95,0,6.00,0.00,2.80,6-3.2,2,1911304948513951744,极兔快递,JT0016051191439,服饰,河北省,
农科所智慧社区服务_站点-农科所智慧社区服务站点,农科所智慧社区服务站点,农科所智慧社区服务站点,快递,2025-04-13 11:51:32,,1,0.65,0,6.00,0.00,2.80,6-3.2,2,1911265951758602240,极兔快递,JT0016074521861,服饰,湖北省,
农科所智慧社区服务_站点-农科所智慧社区服务站点,农科所智慧社区服务站点,农科所智慧社区服务站点,快递,2025-04-13 11:50:21,,1,0.31,0,6.00,0.00,2.80,6-3.2,2,1911265653963018240,极兔快递,JT0016073510422,服饰,广东省,
农科所智慧社区服务_站点-农科所智慧社区服务站点,农科所智慧社区服务站点,农科所智慧社区服务站点,快递,2025-04-13 11:49:03,,1,0.49,0,6.00,0.00,2.80,6-3.2,2,1911265323380559872,极兔快递,JT0016073404395,服饰,广东省,
农科所智慧社区服务_站点-农科所智慧社区服务站点,农科所智慧社区服务站点,农科所智慧社区服务站点,快递,2025-04-13 10:55:53,,1,0.2,0,6.00,0.00,2.80,6-3.2,2,1911251944972668928,极兔快递,JT0016065265458,服饰,浙江省,
农科所智慧社区服务_站点-农科所智慧社区服务站点,农科所智慧社区服务站点,农科所智慧社区服务站点,快递,2025-04-13 10:53:46,,6,5.6,0,18.00,4.50,9.00,50% ,2,1911251414313521152,极兔快递,JT0016072163373,生活用品,浙江省,
农科所智慧社区服务_站点-农科所智慧社区服务站点,农科所智慧社区服务站点,农科所智慧社区服务站点,快递,2025-04-13 10:53:10,,2,1.8,0,8.00,0.00,4.08,51% ,2,1911251260999127040,极兔快递,JT0016072874321,生活用品,浙江省,
农科所智慧社区服务_站点-农科所智慧社区服务站点,农科所智慧社区服务站点,农科所智慧社区服务站点,快递,2025-04-13 10:52:33,,10,9.71,0,30.00,10.50,15.00,50% ,2,1911251110293590016,极兔快递,JT0016057302571,服饰,浙江省,
农科所智慧社区服务_站点-农科所智慧社区服务站点,农科所智慧社区服务站点,农科所智慧社区服务站点,快递,2025-04-13 10:51:40,,8,9.96,-2,24.00,10.50,12.00,50% ,2,1911250865425928192,极兔快递,JT0016065943706,服饰,浙江省,
农科所智慧社区服务_站点-农科所智慧社区服务站点,农科所智慧社区服务站点,农科所智慧社区服务站点,快递,2025-04-13 10:34:54,,1,0.29,0,6.00,0.00,2.80,6-3.2,2,1911246412035575808,极兔快递,JT0016072188092,服饰,江苏省,
农科所智慧社区服务_站点-农科所智慧社区服务站点,农科所智慧社区服务站点,农科所智慧社区服务站点,快递,2025-04-12 19:56:35,,1,0.33,0,6.00,0.00,2.80,6-3.2,2,1911025617912909824,极兔快递,JT0016064321363,服饰,浙江省,
农科所智慧社区服务_站点-农科所智慧社区服务站点,农科所智慧社区服务站点,农科所智慧社区服务站点,快递,2025-04-12 18:57:21,,10,8.76,1,30.00,9.00,15.00,50% ,2,1911010724706963456,极兔快递,JT0016067979647,生活用品,浙江省,
农科所智慧社区服务_站点-农科所智慧社区服务站点,农科所智慧社区服务站点,农科所智慧社区服务站点,快递,2025-04-12 17:13:18,,1,0.26,0,6.00,0.00,2.80,6-3.2,2,1910984537922260992,极兔快递,JT0016066868498,其他,江苏省,
农科所智慧社区服务_站点-农科所智慧社区服务站点,农科所智慧社区服务站点,农科所智慧社区服务站点,快递,2025-04-12 17:11:57,,1,1.06,-1,6.00,0.00,2.80,6-3.2,2,1910984200515670016,极兔快递,JT0016063875853,服饰,天津市,
农科所智慧社区服务_站点-农科所智慧社区服务站点,农科所智慧社区服务站点,农科所智慧社区服务站点,快递,2025-04-12 17:10:33,,1,0.86,0,6.00,0.00,2.80,6-3.2,2,1910983846231199744,极兔快递,JT0016065343346,服饰,天津市,
农科所智慧社区服务_站点-农科所智慧社区服务站点,农科所智慧社区服务站点,农科所智慧社区服务站点,快递,2025-04-12 17:08:04,,1,0.2,0,6.00,0.00,2.80,6-3.2,2,1910983215982497792,极兔快递,JT0016057929014,服饰,湖北省,
农科所智慧社区服务_站点-农科所智慧社区服务站点,农科所智慧社区服务站点,农科所智慧社区服务站点,快递,2025-04-12 16:20:14,,2,,,25.00,,0.00,0%,2,1910971183614840832,顺丰速运,SF3161259032670,生活用品,吉林省,
农科所智慧社区服务_站点-农科所智慧社区服务站点,农科所智慧社区服务站点,农科所智慧社区服务站点,快递,2025-04-12 15:24:56,,1,0.5,0,6.00,0.00,2.80,6-3.2,2,1910957264158511104,极兔快递,JT0016063965206,服饰,河北省,
农科所智慧社区服务_站点-农科所智慧社区服务站点,农科所智慧社区服务站点,农科所智慧社区服务站点,快递,2025-04-12 14:46:43,,1,0.22,0,6.00,0.00,2.80,6-3.2,2,1910947649714835456,极兔快递,JT0016064036873,服饰,广东省,
农科所智慧社区服务_站点-农科所智慧社区服务站点,农科所智慧社区服务站点,农科所智慧社区服务站点,快递,2025-04-12 14:33:39,,1,0.2,0,6.00,0.00,2.80,6-3.2,2,1910944357853089792,极兔快递,JT0016063067286,服饰,河北省,
农科所智慧社区服务_站点-农科所智慧社区服务站点,农科所智慧社区服务站点,农科所智慧社区服务站点,快递,2025-04-12 14:30:57,,1,0.2,0,6.00,0.00,2.80,6-3.2,2,1910943679109844992,极兔快递,JT0016062542084,服饰,广东省,
农科所智慧社区服务_站点-农科所智慧社区服务站点,农科所智慧社区服务站点,农科所智慧社区服务站点,快递,2025-04-12 13:17:38,,1,0.2,0,6.00,0.00,2.80,6-3.2,2,1910925226189705216,极兔快递,JT0016061757605,服饰,浙江省,
农科所智慧社区服务_站点-农科所智慧社区服务站点,农科所智慧社区服务站点,农科所智慧社区服务站点,快递,2025-04-12 13:15:52,,1,0.35,0,6.00,0.00,2.80,6-3.2,2,1910924726920728576,极兔快递,JT0016058532111,服饰,浙江省,
农科所智慧社区服务_站点-农科所智慧社区服务站点,农科所智慧社区服务站点,农科所智慧社区服务站点,快递,2025-04-12 11:40:24,,1,0.71,0,6.00,0.00,2.80,6-3.2,2,1910900669705801728,极兔快递,JT0016059650592,服饰,广东省,
农科所智慧社区服务_站点-农科所智慧社区服务站点,农科所智慧社区服务站点,农科所智慧社区服务站点,快递,2025-04-12 10:40:31,,1,0.3,0,6.00,0.00,2.80,6-3.2,2,1910885680223801344,极兔快递,JT0016058749207,服饰,河北省,
农科所智慧社区服务_站点-农科所智慧社区服务站点,农科所智慧社区服务站点,农科所智慧社区服务站点,快递,2025-04-12 10:39:26,,1,0.96,0,6.00,0.00,2.80,6-3.2,2,1910885419673636864,极兔快递,JT0016057343646,服饰,浙江省,
农科所智慧社区服务_站点-农科所智慧社区服务站点,农科所智慧社区服务站点,农科所智慧社区服务站点,快递,2025-04-12 10:37:45,,1,0.63,0,6.00,0.00,2.80,6-3.2,2,1910884998221582336,极兔快递,JT0016058672925,服饰,福建省,
农科所智慧社区服务_站点-农科所智慧社区服务站点,农科所智慧社区服务站点,农科所智慧社区服务站点,快递,2025-04-12 10:35:22,,1,0.3,0,7.00,0.00,2.80,6-3.2,2,1910884383873486848,极兔快递,JT0016058537238,生活用品,上海市,
农科所智慧社区服务_站点-农科所智慧社区服务站点,农科所智慧社区服务站点,农科所智慧社区服务站点,快递,2025-04-11 20:21:55,,0.5,0.45,0,6.00,0.00,2.52,42% ,2,1910669617611591680,韵达快递,312708567338932,服饰,广东省,
农科所智慧社区服务_站点-农科所智慧社区服务站点,农科所智慧社区服务站点,农科所智慧社区服务站点,快递,2025-04-11 20:17:22,,1,0.94,0,6.00,0.00,2.52,42% ,2,1910668471509635072,韵达快递,312708565235063,服饰,浙江省,
农科所智慧社区服务_站点-农科所智慧社区服务站点,农科所智慧社区服务站点,农科所智慧社区服务站点,快递,2025-04-11 20:15:53,,0.4,0.37,0,6.00,0.00,2.80,6-3.2,2,1910668075802218496,极兔快递,JT0016042339294,服饰,广东省,
农科所智慧社区服务_站点-农科所智慧社区服务站点,农科所智慧社区服务站点,农科所智慧社区服务站点,快递,2025-04-11 20:11:23,,0.4,0.3,0,6.00,0.00,2.80,6-3.2,2,1910666965976797184,极兔快递,JT0016046398863,服饰,江苏省,
农科所智慧社区服务_站点-农科所智慧社区服务站点,农科所智慧社区服务站点,农科所智慧社区服务站点,快递,2025-04-11 20:09:51,,0.6,0.63,0,6.00,0.00,2.80,6-3.2,2,1910666579060641792,极兔快递,JT0016051661170,服饰,广东省,
农科所智慧社区服务_站点-农科所智慧社区服务站点,农科所智慧社区服务站点,农科所智慧社区服务站点,快递,2025-04-11 20:08:04,,1.3,5.05,-4,8.00,4.50,4.08,51% ,2,1910666131410964480,极兔快递,JT0016054098861,服饰,广东省,
农科所智慧社区服务_站点-农科所智慧社区服务站点,农科所智慧社区服务站点,农科所智慧社区服务站点,快递,2025-04-11 19:43:24,,0.8,0.72,0,6.00,0.00,2.80,6-3.2,2,1910659896481599488,极兔快递,JT0016052764760,服饰,天津市,
农科所智慧社区服务_站点-农科所智慧社区服务站点,农科所智慧社区服务站点,农科所智慧社区服务站点,快递,2025-04-11 19:42:19,,0.8,0.7,0,6.00,0.00,2.80,6-3.2,2,1910659652616376320,极兔快递,JT0016054116875,服饰,云南省,
农科所智慧社区服务_站点-农科所智慧社区服务站点,农科所智慧社区服务站点,农科所智慧社区服务站点,快递,2025-04-11 19:38:14,,0.4,0.34,0,7.00,0.00,2.80,6-3.2,2,1910658622012968960,极兔快递,JT0016046544276,生活用品,北京市,
农科所智慧社区服务_站点-农科所智慧社区服务站点,农科所智慧社区服务站点,农科所智慧社区服务站点,快递,2025-04-11 19:36:10,,1,0.86,0,6.00,0.00,2.80,6-3.2,2,1910658098333143040,极兔快递,JT0016049491547,生活用品,黑龙江省,
农科所智慧社区服务_站点-农科所智慧社区服务站点,农科所智慧社区服务站点,农科所智慧社区服务站点,快递,2025-04-11 19:13:11,,0.3,0.3,0,6.00,0.00,2.80,6-3.2,2,1910652319651778560,极兔快递,JT0016050053462,服饰,浙江省,
农科所智慧社区服务_站点-农科所智慧社区服务站点,农科所智慧社区服务站点,农科所智慧社区服务站点,快递,2025-04-11 19:12:03,,0.5,0.47,0,6.00,0.00,2.80,6-3.2,2,1910652024796401664,极兔快递,JT0016053307532,服饰,浙江省,
农科所智慧社区服务_站点-农科所智慧社区服务站点,农科所智慧社区服务站点,农科所智慧社区服务站点,快递,2025-04-11 19:11:02,,0.6,0.46,0,6.00,0.00,2.80,6-3.2,2,1910651768524427264,极兔快递,JT0016053128029,服饰,四川省,
农科所智慧社区服务_站点-农科所智慧社区服务站点,农科所智慧社区服务站点,农科所智慧社区服务站点,快递,2025-04-11 19:10:07,,0.4,0.46,0,6.00,0.00,2.80,6-3.2,2,1910651548193443840,极兔快递,JT0016053537277,服饰,四川省,
农科所智慧社区服务_站点-农科所智慧社区服务站点,农科所智慧社区服务站点,农科所智慧社区服务站点,快递,2025-04-11 19:08:29,,0.4,0.42,0,6.00,0.00,2.80,6-3.2,2,1910651129023090688,极兔快递,JT0016038275748,服饰,湖北省,
农科所智慧社区服务_站点-农科所智慧社区服务站点,农科所智慧社区服务站点,农科所智慧社区服务站点,快递,2025-04-11 19:07:59,,0.4,0.4,0,6.00,0.00,2.80,6-3.2,2,1910651002069897216,极兔快递,JT0016047014290,服饰,湖北省,
农科所智慧社区服务_站点-农科所智慧社区服务站点,农科所智慧社区服务站点,农科所智慧社区服务站点,快递,2025-04-11 19:07:24,,0.4,0.3,0,6.00,0.00,2.80,6-3.2,2,1910650861330026496,极兔快递,JT0016040900738,服饰,湖北省,
农科所智慧社区服务_站点-农科所智慧社区服务站点,农科所智慧社区服务站点,农科所智慧社区服务站点,快递,2025-04-11 19:04:31,,0.5,0.31,0,6.00,0.00,2.80,6-3.2,2,1910650129860186112,极兔快递,JT0016046032949,易碎品,福建省,
农科所智慧社区服务_站点-农科所智慧社区服务站点,农科所智慧社区服务站点,农科所智慧社区服务站点,快递,2025-04-11 18:06:14,,1,0.45,0,6.00,0.00,2.80,6-3.2,2,1910635465671626752,极兔快递,JT0016052405049,服饰,浙江省,
农科所智慧社区服务_站点-农科所智慧社区服务站点,农科所智慧社区服务站点,农科所智慧社区服务站点,快递,2025-04-11 17:39:53,,1,0.3,0,6.00,0.00,2.80,6-3.2,2,1910628840449691648,极兔快递,JT0016050175716,服饰,浙江省,
农科所智慧社区服务_站点-农科所智慧社区服务站点,农科所智慧社区服务站点,农科所智慧社区服务站点,快递,2025-04-11 17:27:16,,1,0.39,0,6.00,0.00,2.80,6-3.2,2,1910625669258072064,极兔快递,JT0016051541702,服饰,广东省,
农科所智慧社区服务_站点-农科所智慧社区服务站点,农科所智慧社区服务站点,农科所智慧社区服务站点,快递,2025-04-11 17:21:49,,1,0.43,0,6.00,0.00,2.80,6-3.2,2,1910624295711592448,极兔快递,JT0016044878905,服饰,江苏省,
农科所智慧社区服务_站点-农科所智慧社区服务站点,农科所智慧社区服务站点,农科所智慧社区服务站点,快递,2025-04-11 17:19:44,,1,0.3,0,6.00,0.00,2.80,6-3.2,2,1910623763802542080,极兔快递,JT0016044986874,服饰,湖北省,
农科所智慧社区服务_站点-农科所智慧社区服务站点,农科所智慧社区服务站点,农科所智慧社区服务站点,快递,2025-04-11 17:18:54,,1,0.67,0,6.00,0.00,2.80,6-3.2,2,1910623562333343744,极兔快递,JT0016046797726,服饰,广东省,
农科所智慧社区服务_站点-农科所智慧社区服务站点,农科所智慧社区服务站点,农科所智慧社区服务站点,快递,2025-04-11 17:09:09,,1,0.3,0,6.00,0.00,2.80,6-3.2,2,1910621107201691648,极兔快递,JT0016048149347,服饰,江苏省,
农科所智慧社区服务_站点-农科所智慧社区服务站点,农科所智慧社区服务站点,农科所智慧社区服务站点,快递,2025-04-11 17:08:13,,2,1.49,0,8.00,0.00,4.08,51% ,2,1910620874707226624,极兔快递,JT0016051144469,其他,广东省,
农科所智慧社区服务_站点-农科所智慧社区服务站点,农科所智慧社区服务站点,农科所智慧社区服务站点,快递,2025-04-11 17:04:38,,3,2.59,0,11.00,0.00,5.05,55%,2,1910619969706446848,极兔快递,JT0016049805678,其他,上海市,
农科所智慧社区服务_站点-农科所智慧社区服务站点,农科所智慧社区服务站点,农科所智慧社区服务站点,快递,2025-04-11 16:42:47,,1,0.3,0,6.00,0.00,2.80,6-3.2,2,1910614471015845888,极兔快递,JT0016049996142,服饰,湖北省,
农科所智慧社区服务_站点-农科所智慧社区服务站点,农科所智慧社区服务站点,农科所智慧社区服务站点,快递,2025-04-11 15:30:04,,1,0.57,0,6.00,0.00,2.80,6-3.2,2,1910596170789343232,极兔快递,JT0016042522904,服饰,广东省,
农科所智慧社区服务_站点-农科所智慧社区服务站点,农科所智慧社区服务站点,农科所智慧社区服务站点,快递,2025-04-11 15:12:06,,1,0.86,0,6.00,0.00,2.80,6-3.2,2,1910591649501597696,极兔快递,JT0016048580052,其他,陕西省,
农科所智慧社区服务_站点-农科所智慧社区服务站点,农科所智慧社区服务站点,农科所智慧社区服务站点,快递,2025-04-11 14:33:42,,1,0.87,0,6.00,0.00,2.80,6-3.2,2,1910581980183842816,极兔快递,JT0016046101329,服饰,江西省,
农科所智慧社区服务_站点-农科所智慧社区服务站点,农科所智慧社区服务站点,农科所智慧社区服务站点,快递,2025-04-11 13:31:00,,1,0.46,0,6.00,0.00,2.80,6-3.2,2,1910566191481409536,极兔快递,JT0016047205524,服饰,广东省,
农科所智慧社区服务_站点-农科所智慧社区服务站点,农科所智慧社区服务站点,农科所智慧社区服务站点,快递,2025-04-11 12:52:03,,1,0.3,0,6.00,0.00,2.80,6-3.2,2,1910556406635745280,极兔快递,JT0016043495159,服饰,江西省,
农科所智慧社区服务_站点-农科所智慧社区服务站点,农科所智慧社区服务站点,农科所智慧社区服务站点,快递,2025-04-11 12:50:41,,1,0.3,0,6.00,0.00,2.80,6-3.2,2,1910556061100593152,极兔快递,JT0016040738785,服饰,广东省,
农科所智慧社区服务_站点-农科所智慧社区服务站点,农科所智慧社区服务站点,农科所智慧社区服务站点,快递,2025-04-11 12:49:32,,1,0.3,0,6.00,0.00,2.80,6-3.2,2,1910555771114803200,极兔快递,JT0016045888189,服饰,浙江省,
农科所智慧社区服务_站点-农科所智慧社区服务站点,农科所智慧社区服务站点,农科所智慧社区服务站点,快递,2025-04-11 12:25:44,,1,0.3,0,6.00,0.00,2.80,6-3.2,2,1910549783204777984,极兔快递,JT0016041656324,服饰,广东省,
农科所智慧社区服务_站点-农科所智慧社区服务站点,农科所智慧社区服务站点,农科所智慧社区服务站点,快递,2025-04-11 12:24:30,,1,0.3,0,6.00,0.00,2.80,6-3.2,2,1910549473015025664,极兔快递,JT0016045879071,服饰,浙江省,
农科所智慧社区服务_站点-农科所智慧社区服务站点,农科所智慧社区服务站点,农科所智慧社区服务站点,快递,2025-04-11 12:23:19,,1,0.95,0,6.00,0.00,2.80,6-3.2,2,1910549092407103488,极兔快递,JT0016044631500,服饰,广东省,
农科所智慧社区服务_站点-农科所智慧社区服务站点,农科所智慧社区服务站点,农科所智慧社区服务站点,快递,2025-04-11 12:21:55,,1,0.38,0,6.00,0.00,2.80,6-3.2,2,1910548814396051456,极兔快递,JT0016045456882,服饰,天津市,
农科所智慧社区服务_站点-农科所智慧社区服务站点,农科所智慧社区服务站点,农科所智慧社区服务站点,快递,2025-04-11 12:20:52,,1,0.69,0,6.00,0.00,2.80,6-3.2,2,1910548556756733952,极兔快递,JT0016043862527,服饰,福建省,
农科所智慧社区服务_站点-农科所智慧社区服务站点,农科所智慧社区服务站点,农科所智慧社区服务站点,快递,2025-04-11 12:17:53,,1,0.55,0,6.00,0.00,2.80,6-3.2,2,1910547729086337024,极兔快递,JT0016036861917,服饰,广东省,
农科所智慧社区服务_站点-农科所智慧社区服务站点,农科所智慧社区服务站点,农科所智慧社区服务站点,快递,2025-04-11 12:16:46,,1,0.31,0,6.00,0.00,2.80,6-3.2,2,1910547490937950208,极兔快递,JT0016041927344,服饰,福建省,
农科所智慧社区服务_站点-农科所智慧社区服务站点,农科所智慧社区服务站点,农科所智慧社区服务站点,快递,2025-04-11 10:06:56,,2,1.08,0,8.00,0.00,4.08,51% ,2,1910514852361588736,极兔快递,JT0016037519117,服饰,浙江省,
农科所智慧社区服务_站点-农科所智慧社区服务站点,农科所智慧社区服务站点,农科所智慧社区服务站点,快递,2025-04-11 09:59:25,,1,0.9,0,6.00,0.00,2.80,6-3.2,2,1910512959417667584,极兔快递,JT0016039802171,生活用品,浙江省,
农科所智慧社区服务_站点-农科所智慧社区服务站点,农科所智慧社区服务站点,农科所智慧社区服务站点,快递,2025-04-11 09:54:00,,1,0.69,0,6.00,0.00,2.80,6-3.2,2,1910511539905810432,极兔快递,JT0016042585241,服饰,陕西省,
农科所智慧社区服务_站点-农科所智慧社区服务站点,农科所智慧社区服务站点,农科所智慧社区服务站点,快递,2025-04-10 20:27:00,,1,0.41,0,7.00,0.00,2.80,6-3.2,2,1910308401915547648,极兔快递,JT0016038117574,服饰,上海市,
农科所智慧社区服务_站点-农科所智慧社区服务站点,农科所智慧社区服务站点,农科所智慧社区服务站点,快递,2025-04-10 19:48:01,,1,0.2,0,6.00,0.00,2.80,6-3.2,2,1910298700121296896,极兔快递,JT0016037157645,其他,广东省,
农科所智慧社区服务_站点-农科所智慧社区服务站点,农科所智慧社区服务站点,农科所智慧社区服务站点,快递,2025-04-10 19:42:41,,6,5.37,0,18.00,4.50,9.00,50% ,2,1910297356090134528,极兔快递,JT0016038216741,其他,河南省,
农科所智慧社区服务_站点-农科所智慧社区服务站点,农科所智慧社区服务站点,农科所智慧社区服务站点,快递,2025-04-10 19:26:15,,1,0.39,0,6.00,0.00,2.80,6-3.2,2,1910293220527362048,极兔快递,JT0016037708743,其他,吉林省,
农科所智慧社区服务_站点-农科所智慧社区服务站点,农科所智慧社区服务站点,农科所智慧社区服务站点,快递,2025-04-10 18:36:11,,1,0.22,0,6.00,0.00,2.80,6-3.2,2,1910280621400182784,极兔快递,JT0016037185728,其他,广东省,
农科所智慧社区服务_站点-农科所智慧社区服务站点,农科所智慧社区服务站点,农科所智慧社区服务站点,快递,2025-04-10 18:34:29,,1,0.32,0,6.00,0.00,2.80,6-3.2,2,1910280192016699392,极兔快递,JT0016037837679,其他,陕西省,
农科所智慧社区服务_站点-农科所智慧社区服务站点,农科所智慧社区服务站点,农科所智慧社区服务站点,快递,2025-04-10 18:32:55,,1,0.5,0,6.00,0.00,2.80,6-3.2,2,1910279801963204608,极兔快递,JT0016030300856,其他,广东省,
农科所智慧社区服务_站点-农科所智慧社区服务站点,农科所智慧社区服务站点,农科所智慧社区服务站点,快递,2025-04-10 18:08:04,,1,0.5,0,6.00,0.00,2.80,6-3.2,2,1910273549212241920,极兔快递,JT0016036965701,服饰,江苏省,
农科所智慧社区服务_站点-农科所智慧社区服务站点,农科所智慧社区服务站点,农科所智慧社区服务站点,快递,2025-04-10 17:39:21,,1,0.95,0,6.00,0.00,2.80,6-3.2,2,1910266318672547840,极兔快递,JT0016035967476,服饰,浙江省,
农科所智慧社区服务_站点-农科所智慧社区服务站点,农科所智慧社区服务站点,农科所智慧社区服务站点,快递,2025-04-10 17:38:09,,1,0.4,0,6.00,0.00,2.80,6-3.2,2,1910266017081118720,极兔快递,JT0016036433822,服饰,湖北省,
农科所智慧社区服务_站点-农科所智慧社区服务站点,农科所智慧社区服务站点,农科所智慧社区服务站点,快递,2025-04-10 17:36:01,,1,0.41,0,6.00,0.00,2.80,6-3.2,2,1910265478582816768,极兔快递,JT0016037675749,服饰,河南省,
农科所智慧社区服务_站点-农科所智慧社区服务站点,农科所智慧社区服务站点,农科所智慧社区服务站点,快递,2025-04-10 17:33:58,,1,0.2,0,6.00,0.00,2.80,6-3.2,2,1910264966428938240,极兔快递,JT0016031259247,其他,广东省,
农科所智慧社区服务_站点-农科所智慧社区服务站点,农科所智慧社区服务站点,农科所智慧社区服务站点,快递,2025-04-10 17:29:53,2025-04-10 09:32:24,1,,,6.00,,0.00,,2,1910263923389419520,极兔快递,JT0016035815779,服饰,广东省,已全额退款
农科所智慧社区服务_站点-农科所智慧社区服务站点,农科所智慧社区服务站点,农科所智慧社区服务站点,快递,2025-04-10 17:30:27,,1,0.48,0,6.00,0.00,2.80,6-3.2,2,1910264070731124736,极兔快递,JT0016031433477,服饰,广东省,
农科所智慧社区服务_站点-农科所智慧社区服务站点,农科所智慧社区服务站点,农科所智慧社区服务站点,快递,2025-04-10 17:29:19,,1,0.2,0,6.00,0.00,2.80,6-3.2,2,1910263797027622912,极兔快递,JT0016036233874,服饰,浙江省,
农科所智慧社区服务_站点-农科所智慧社区服务站点,农科所智慧社区服务站点,农科所智慧社区服务站点,快递,2025-04-10 17:28:09,,1,0.54,0,6.00,0.00,2.80,6-3.2,2,1910263438636929024,极兔快递,JT0016036424008,服饰,湖北省,
农科所智慧社区服务_站点-农科所智慧社区服务站点,农科所智慧社区服务站点,农科所智慧社区服务站点,快递,2025-04-10 17:27:10,,1,0.83,0,6.00,0.00,2.80,6-3.2,2,1910263256398614528,极兔快递,JT0016036462798,服饰,广东省,
农科所智慧社区服务_站点-农科所智慧社区服务站点,农科所智慧社区服务站点,农科所智慧社区服务站点,快递,2025-04-10 17:24:31,,1,0.2,0,6.00,0.00,2.80,6-3.2,2,1910262565089234944,极兔快递,JT0016024360146,服饰,湖北省,
农科所智慧社区服务_站点-农科所智慧社区服务站点,农科所智慧社区服务站点,农科所智慧社区服务站点,快递,2025-04-10 17:23:40,,1,0.62,0,6.00,0.00,2.80,6-3.2,2,1910262370955874304,极兔快递,JT0016035706489,服饰,广东省,
农科所智慧社区服务_站点-农科所智慧社区服务站点,农科所智慧社区服务站点,农科所智慧社区服务站点,快递,2025-04-10 17:19:19,,2,1.63,0,8.00,0.00,4.08,51% ,2,1910261275365920768,极兔快递,JT0016035242387,其他,青海省,
农科所智慧社区服务_站点-农科所智慧社区服务站点,农科所智慧社区服务站点,农科所智慧社区服务站点,快递,2025-04-10 16:29:42,,1,0.28,0,6.00,0.00,2.80,6-3.2,2,1910248780530110464,极兔快递,JT0016034242598,服饰,河北省,
农科所智慧社区服务_站点-农科所智慧社区服务站点,农科所智慧社区服务站点,农科所智慧社区服务站点,快递,2025-04-10 15:13:25,,1,0.67,0,6.00,0.00,2.52,42% ,2,1910229592776298496,韵达快递,312707350068583,其他,广东省,
农科所智慧社区服务_站点-农科所智慧社区服务站点,农科所智慧社区服务站点,农科所智慧社区服务站点,快递,2025-04-10 15:00:48,,1,0.2,0,6.00,0.00,2.80,6-3.2,2,1910226291024384000,极兔快递,JT0016030258871,服饰,广东省,
农科所智慧社区服务_站点-农科所智慧社区服务站点,农科所智慧社区服务站点,农科所智慧社区服务站点,快递,2025-04-10 12:31:16,,1,0.73,0,6.00,0.00,2.80,6-3.2,2,1910188785801285632,极兔快递,JT0016021229994,服饰,广东省,
农科所智慧社区服务_站点-农科所智慧社区服务站点,农科所智慧社区服务站点,农科所智慧社区服务站点,快递,2025-04-10 11:28:40,,1,0.2,0,6.00,0.00,2.80,6-3.2,2,1910173031957712896,极兔快递,JT0016029912354,服饰,广东省,
农科所智慧社区服务_站点-农科所智慧社区服务站点,农科所智慧社区服务站点,农科所智慧社区服务站点,快递,2025-04-10 11:27:32,,1,0.34,0,6.00,0.00,2.80,6-3.2,2,1910172747890085888,极兔快递,JT0016028657940,服饰,浙江省,
农科所智慧社区服务_站点-农科所智慧社区服务站点,农科所智慧社区服务站点,农科所智慧社区服务站点,快递,2025-04-10 11:25:55,,1,0.2,0,6.00,0.00,2.80,6-3.2,2,1910172343613706240,极兔快递,JT0016026108400,服饰,河北省,
农科所智慧社区服务_站点-农科所智慧社区服务站点,农科所智慧社区服务站点,农科所智慧社区服务站点,快递,2025-04-10 11:24:27,,1,0.2,0,6.00,0.00,2.80,6-3.2,2,1910171966432530432,极兔快递,JT0016027263300,服饰,湖北省,
农科所智慧社区服务_站点-农科所智慧社区服务站点,农科所智慧社区服务站点,农科所智慧社区服务站点,快递,2025-04-10 11:22:02,,1,0.67,0,6.00,0.00,2.80,6-3.2,2,1910171348385058816,极兔快递,JT0016030069267,服饰,浙江省,
农科所智慧社区服务_站点-农科所智慧社区服务站点,农科所智慧社区服务站点,农科所智慧社区服务站点,快递,2025-04-10 11:20:58,,1,0.2,0,6.00,0.00,2.80,6-3.2,2,1910171083690921984,极兔快递,JT0016028283191,服饰,浙江省,
农科所智慧社区服务_站点-农科所智慧社区服务站点,农科所智慧社区服务站点,农科所智慧社区服务站点,快递,2025-04-09 19:01:48,,1,0.2,0,6.00,0.00,2.80,6-3.2,2,1909924673590579200,极兔快递,JT0016022698543,其他,河南省,
农科所智慧社区服务_站点-农科所智慧社区服务站点,农科所智慧社区服务站点,农科所智慧社区服务站点,快递,2025-04-09 18:52:28,,1,0.56,0,6.00,0.00,2.80,6-3.2,2,1909922175886741504,极兔快递,JT0016020238835,服饰,浙江省,
农科所智慧社区服务_站点-农科所智慧社区服务站点,农科所智慧社区服务站点,农科所智慧社区服务站点,快递,2025-04-09 18:39:32,,1,0.2,0,6.00,0.00,2.80,6-3.2,2,1909919031127625728,极兔快递,JT0016012098855,服饰,吉林省,
农科所智慧社区服务_站点-农科所智慧社区服务站点,农科所智慧社区服务站点,农科所智慧社区服务站点,快递,2025-04-09 18:11:32,,1,0.57,0,6.00,0.00,2.80,6-3.2,2,1909912033044647936,极兔快递,JT0016022732519,服饰,广西壮族自治区,
农科所智慧社区服务_站点-农科所智慧社区服务站点,农科所智慧社区服务站点,农科所智慧社区服务站点,快递,2025-04-09 18:10:03,,2,1.4,0,8.00,0.00,4.08,51% ,2,1909911658006761472,极兔快递,JT0016015786309,服饰,广东省,
农科所智慧社区服务_站点-农科所智慧社区服务站点,农科所智慧社区服务站点,农科所智慧社区服务站点,快递,2025-04-09 18:07:32,,1,0.2,0,6.00,0.00,2.80,6-3.2,2,1909911026239721472,极兔快递,JT0016019380259,服饰,广东省,
农科所智慧社区服务_站点-农科所智慧社区服务站点,农科所智慧社区服务站点,农科所智慧社区服务站点,快递,2025-04-09 18:05:55,,2,2.53,-1,8.00,0.00,4.08,51% ,2,1909910618205245440,极兔快递,JT0016022663773,服饰,福建省,
农科所智慧社区服务_站点-农科所智慧社区服务站点,农科所智慧社区服务站点,农科所智慧社区服务站点,快递,2025-04-09 17:40:07,,1,0.41,0,6.00,0.00,2.80,6-3.2,2,1909904127330807808,极兔快递,JT0016019752394,服饰,浙江省,
农科所智慧社区服务_站点-农科所智慧社区服务站点,农科所智慧社区服务站点,农科所智慧社区服务站点,快递,2025-04-09 17:38:49,,1,0.61,0,6.00,0.00,2.80,6-3.2,2,1909903796169535488,极兔快递,JT0016021575767,服饰,江西省,
农科所智慧社区服务_站点-农科所智慧社区服务站点,农科所智慧社区服务站点,农科所智慧社区服务站点,快递,2025-04-09 17:36:51,,1,0.29,0,6.00,0.00,2.80,6-3.2,2,1909903295492587520,极兔快递,JT0016017899295,其他,广东省,
农科所智慧社区服务_站点-农科所智慧社区服务站点,农科所智慧社区服务站点,农科所智慧社区服务站点,快递,2025-04-09 17:36:12,,1,0.45,0,6.00,0.00,2.80,6-3.2,2,1909903125614886912,极兔快递,JT0016021640913,服饰,浙江省,
农科所智慧社区服务_站点-农科所智慧社区服务站点,农科所智慧社区服务站点,农科所智慧社区服务站点,快递,2025-04-09 17:26:48,,1,0.61,0,6.00,0.00,2.80,6-3.2,2,1909900766792843264,极兔快递,JT0016020834755,服饰,广东省,
农科所智慧社区服务_站点-农科所智慧社区服务站点,农科所智慧社区服务站点,农科所智慧社区服务站点,快递,2025-04-09 17:18:55,,1,0.69,0,6.00,0.00,2.80,6-3.2,2,1909898703455322112,极兔快递,JT0016020334283,服饰,河南省,
农科所智慧社区服务_站点-农科所智慧社区服务站点,农科所智慧社区服务站点,农科所智慧社区服务站点,快递,2025-04-09 16:52:22,,6,5.27,0,18.00,4.50,9.00,50% ,2,1909892097066319872,极兔快递,JT0016009266613,食品,陕西省,
农科所智慧社区服务_站点-农科所智慧社区服务站点,农科所智慧社区服务站点,农科所智慧社区服务站点,快递,2025-04-09 16:38:32,,1,0.46,0,6.00,0.00,2.80,6-3.2,2,1909888620722307072,极兔快递,JT0016017237619,服饰,广东省,
农科所智慧社区服务_站点-农科所智慧社区服务站点,农科所智慧社区服务站点,农科所智慧社区服务站点,快递,2025-04-09 16:37:12,,1,0.2,0,6.00,0.00,2.80,6-3.2,2,1909888287715540992,极兔快递,JT0016016691178,服饰,河北省,
农科所智慧社区服务_站点-农科所智慧社区服务站点,农科所智慧社区服务站点,农科所智慧社区服务站点,快递,2025-04-09 16:10:02,,1,0.69,0,6.00,0.00,2.80,6-3.2,2,1909881403163983872,极兔快递,JT0015997786674,服饰,河南省,
农科所智慧社区服务_站点-农科所智慧社区服务站点,农科所智慧社区服务站点,农科所智慧社区服务站点,快递,2025-04-09 16:08:18,,5,4.06,0,15.00,3.00,7.50,50% ,2,1909881014758850560,极兔快递,JT0016017405400,食品,湖北省,
农科所智慧社区服务_站点-农科所智慧社区服务站点,农科所智慧社区服务站点,农科所智慧社区服务站点,快递,2025-04-09 12:13:06,,1,0.34,0,6.00,0.00,2.80,6-3.2,2,1909821824365940736,极兔快递,JT0015999119336,服饰,浙江省,
农科所智慧社区服务_站点-农科所智慧社区服务站点,农科所智慧社区服务站点,农科所智慧社区服务站点,快递,2025-04-09 11:12:27,,1,0.88,0,6.00,0.00,2.80,6-3.2,2,1909806563772518400,极兔快递,JT0016013260031,服饰,四川省,
农科所智慧社区服务_站点-农科所智慧社区服务站点,农科所智慧社区服务站点,农科所智慧社区服务站点,快递,2025-04-09 11:10:04,,1,0.2,0,6.00,0.00,2.80,6-3.2,2,1909805959645941760,极兔快递,JT0016014016459,服饰,河北省,
农科所智慧社区服务_站点-农科所智慧社区服务站点,农科所智慧社区服务站点,农科所智慧社区服务站点,快递,2025-04-09 11:09:15,,1,0.49,0,6.00,0.00,2.80,6-3.2,2,1909805762643677184,极兔快递,JT0016013357009,服饰,湖北省,
农科所智慧社区服务_站点-农科所智慧社区服务站点,农科所智慧社区服务站点,农科所智慧社区服务站点,快递,2025-04-09 10:53:17,,1,0.57,0,6.00,0.00,2.80,6-3.2,2,1909801730277560320,极兔快递,JT0016013762823,服饰,浙江省,
农科所智慧社区服务_站点-农科所智慧社区服务站点,农科所智慧社区服务站点,农科所智慧社区服务站点,快递,2025-04-09 10:52:24,,1,0.27,0,6.00,0.00,2.80,6-3.2,2,1909801470209740800,极兔快递,JT0015996521142,服饰,广东省,
农科所智慧社区服务_站点-农科所智慧社区服务站点,农科所智慧社区服务站点,农科所智慧社区服务站点,快递,2025-04-09 10:51:16,,1,0.67,0,7.00,0.00,2.80,6-3.2,2,1909801233403531264,极兔快递,JT0016011221064,服饰,北京市,
农科所智慧社区服务_站点-农科所智慧社区服务站点,农科所智慧社区服务站点,农科所智慧社区服务站点,快递,2025-04-09 09:56:36,,1,0.52,0,6.00,0.00,2.80,6-3.2,2,1909787467819438080,极兔快递,JT0016013020945,服饰,广东省,
农科所智慧社区服务_站点-农科所智慧社区服务站点,农科所智慧社区服务站点,农科所智慧社区服务站点,快递,2025-04-08 20:43:53,,4,3.19,0,12.00,3.00,6.00,50% ,2,1909587983307034624,韵达快递,312705740438363,液体,内蒙古自治区,
农科所智慧社区服务_站点-农科所智慧社区服务站点,农科所智慧社区服务站点,农科所智慧社区服务站点,快递,2025-04-08 20:38:02,,4,3.09,0,12.00,0.00,6.00,50% ,2,1909586499018346496,韵达快递,312705737168440,生活用品,内蒙古自治区,
农科所智慧社区服务_站点-农科所智慧社区服务站点,农科所智慧社区服务站点,农科所智慧社区服务站点,快递,2025-04-08 20:14:09,,1,0.63,0,6.00,0.00,2.80,6-3.2,2,1909580501998292992,极兔快递,JT0016003674140,服饰,江苏省,
农科所智慧社区服务_站点-农科所智慧社区服务站点,农科所智慧社区服务站点,农科所智慧社区服务站点,快递,2025-04-08 20:12:51,,1,0.56,0,6.00,0.00,2.80,6-3.2,2,1909580156987428864,极兔快递,JT0016008425513,服饰,江苏省,
农科所智慧社区服务_站点-农科所智慧社区服务站点,农科所智慧社区服务站点,农科所智慧社区服务站点,快递,2025-04-08 19:01:42,,1,0.29,0,6.00,0.00,2.80,6-3.2,2,1909562263327395840,极兔快递,JT0016007402075,其他,河南省,
农科所智慧社区服务_站点-农科所智慧社区服务站点,农科所智慧社区服务站点,农科所智慧社区服务站点,快递,2025-04-08 18:42:55,,1,0.27,0,6.00,0.00,2.80,6-3.2,2,1909557531024216064,极兔快递,JT0016007123252,服饰,湖南省,
农科所智慧社区服务_站点-农科所智慧社区服务站点,农科所智慧社区服务站点,农科所智慧社区服务站点,快递,2025-04-08 17:54:10,,1,0.66,0,6.00,0.00,2.80,6-3.2,2,1909545266648633344,极兔快递,JT0016001448451,服饰,广东省,
农科所智慧社区服务_站点-农科所智慧社区服务站点,农科所智慧社区服务站点,农科所智慧社区服务站点,快递,2025-04-08 17:52:25,,1,0.48,0,6.00,0.00,2.80,6-3.2,2,1909544801399656448,极兔快递,JT0016006205907,服饰,浙江省,
农科所智慧社区服务_站点-农科所智慧社区服务站点,农科所智慧社区服务站点,农科所智慧社区服务站点,快递,2025-04-08 17:50:51,,1,0.67,0,6.00,0.00,2.80,6-3.2,2,1909544434133815296,极兔快递,JT0016005696062,服饰,河北省,
农科所智慧社区服务_站点-农科所智慧社区服务站点,农科所智慧社区服务站点,农科所智慧社区服务站点,快递,2025-04-08 17:35:43,,2,1.14,0,8.00,0.00,4.08,51% ,2,1909540629891698688,极兔快递,JT0016006254919,服饰,浙江省,
农科所智慧社区服务_站点-农科所智慧社区服务站点,农科所智慧社区服务站点,农科所智慧社区服务站点,快递,2025-04-08 17:29:16,,2,1.0,1,8.00,0.00,4.08,51% ,2,1909538990162104320,极兔快递,JT0016004571150,食品,陕西省,
农科所智慧社区服务_站点-农科所智慧社区服务站点,农科所智慧社区服务站点,农科所智慧社区服务站点,快递,2025-04-08 17:27:36,,3,2.93,0,10.00,0.00,5.50,55% ,2,1909538587647332352,极兔快递,JT0016007099515,食品,陕西省,
农科所智慧社区服务_站点-农科所智慧社区服务站点,农科所智慧社区服务站点,农科所智慧社区服务站点,快递,2025-04-08 17:26:39,,1,0.2,0,6.00,0.00,2.80,6-3.2,2,1909538338505674752,极兔快递,JT0016006696039,其他,江苏省,
农科所智慧社区服务_站点-农科所智慧社区服务站点,农科所智慧社区服务站点,农科所智慧社区服务站点,快递,2025-04-08 17:25:13,,1,0.2,0,6.00,0.00,2.80,6-3.2,2,1909537987895414784,极兔快递,JT0016006356899,其他,广东省,
农科所智慧社区服务_站点-农科所智慧社区服务站点,农科所智慧社区服务站点,农科所智慧社区服务站点,快递,2025-04-08 17:17:38,,1,0.66,0,6.00,0.00,2.80,6-3.2,2,1909536077905842176,极兔快递,JT0016006337974,服饰,浙江省,
农科所智慧社区服务_站点-农科所智慧社区服务站点,农科所智慧社区服务站点,农科所智慧社区服务站点,快递,2025-04-08 17:16:07,,1,0.85,0,6.00,0.00,2.80,6-3.2,2,1909535689928527872,极兔快递,JT0016007116370,服饰,浙江省,
农科所智慧社区服务_站点-农科所智慧社区服务站点,农科所智慧社区服务站点,农科所智慧社区服务站点,快递,2025-04-08 16:21:31,,1,0.22,0,6.00,0.00,2.80,6-3.2,2,1909521944628088832,极兔快递,JT0016004895716,服饰,浙江省,
农科所智慧社区服务_站点-农科所智慧社区服务站点,农科所智慧社区服务站点,农科所智慧社区服务站点,快递,2025-04-08 16:20:30,,1,0.2,0,6.00,0.00,2.80,6-3.2,2,1909521700507013120,极兔快递,JT0016002368326,服饰,广东省,
农科所智慧社区服务_站点-农科所智慧社区服务站点,农科所智慧社区服务站点,农科所智慧社区服务站点,快递,2025-04-08 16:19:25,,1,0.34,0,6.00,0.00,2.80,6-3.2,2,1909521425692020736,极兔快递,JT0016005038048,服饰,浙江省,
农科所智慧社区服务_站点-农科所智慧社区服务站点,农科所智慧社区服务站点,农科所智慧社区服务站点,快递,2025-04-08 16:15:51,,1,0.22,0,6.00,0.00,2.80,6-3.2,2,1909520528798830592,极兔快递,JT0016003802759,其他,广东省,
农科所智慧社区服务_站点-农科所智慧社区服务站点,农科所智慧社区服务站点,农科所智慧社区服务站点,快递,2025-04-08 16:07:58,,3,0.2,2,10.00,0.00,5.50,55% ,2,1909518544372944896,极兔快递,JT0016004750963,生活用品,浙江省,
农科所智慧社区服务_站点-农科所智慧社区服务站点,农科所智慧社区服务站点,农科所智慧社区服务站点,快递,2025-04-08 15:50:02,,1,0.27,0,6.00,0.00,2.80,6-3.2,2,1909514034229465088,极兔快递,JT0016004900866,服饰,江苏省,
农科所智慧社区服务_站点-农科所智慧社区服务站点,农科所智慧社区服务站点,农科所智慧社区服务站点,快递,2025-04-08 15:01:47,,2,1.7,0,8.00,0.00,4.08,51% ,2,1909501890016497664,极兔快递,JT0016003982123,服饰,河南省,
农科所智慧社区服务_站点-农科所智慧社区服务站点,农科所智慧社区服务站点,农科所智慧社区服务站点,快递,2025-04-08 14:44:37,,3,3.02,-1,10.00,0.00,5.50,55% ,2,1909497567521984512,韵达快递,312705474972340,生活用品,内蒙古自治区,
农科所智慧社区服务_站点-农科所智慧社区服务站点,农科所智慧社区服务站点,农科所智慧社区服务站点,快递,2025-04-08 14:31:00,,5,3.97,1,15.00,1.50,7.50,50% ,2,1909494130382131200,极兔快递,JT0015995785103,服饰,山西省,
农科所智慧社区服务_站点-农科所智慧社区服务站点,农科所智慧社区服务站点,农科所智慧社区服务站点,快递,2025-04-08 14:25:38,,1,0.3,0,6.00,0.00,2.80,6-3.2,2,1909492783654031360,极兔快递,JT0016000230777,服饰,广东省,
农科所智慧社区服务_站点-农科所智慧社区服务站点,农科所智慧社区服务站点,农科所智慧社区服务站点,快递,2025-04-08 14:24:44,,1,0.2,0,6.00,0.00,2.80,6-3.2,2,1909492550006132736,极兔快递,JT0016002465273,服饰,福建省,
农科所智慧社区服务_站点-农科所智慧社区服务站点,农科所智慧社区服务站点,农科所智慧社区服务站点,快递,2025-04-08 14:12:47,,1,0.49,0,6.00,0.00,2.80,6-3.2,2,1909489550512541696,极兔快递,JT0016000385143,服饰,浙江省,
农科所智慧社区服务_站点-农科所智慧社区服务站点,农科所智慧社区服务站点,农科所智慧社区服务站点,快递,2025-04-08 11:57:33,,1,0.2,0,12.00,0.00,2.80,6-3.2,2,1909455523130822656,极兔快递,JT0015999098869,其他,海南省,
农科所智慧社区服务_站点-农科所智慧社区服务站点,农科所智慧社区服务站点,农科所智慧社区服务站点,快递,2025-04-08 11:28:05,,1,0.2,0,6.00,0.00,2.80,6-3.2,2,1909448102220058624,极兔快递,JT0015999308490,生活用品,浙江省,
农科所智慧社区服务_站点-农科所智慧社区服务站点,农科所智慧社区服务站点,农科所智慧社区服务站点,快递,2025-04-07 19:31:07,,1,0.86,0,6.00,0.00,2.80,6-3.2,2,1909207282586689536,极兔快递,JT0015991462746,生活用品,浙江省,
农科所智慧社区服务_站点-农科所智慧社区服务站点,农科所智慧社区服务站点,农科所智慧社区服务站点,快递,2025-04-07 19:16:29,,2,1.89,0,8.00,0.00,4.08,51% ,2,1909203601187348480,极兔快递,JT0015990023178,服饰,广东省,
农科所智慧社区服务_站点-农科所智慧社区服务站点,农科所智慧社区服务站点,农科所智慧社区服务站点,快递,2025-04-07 19:13:38,,1,0.6,0,6.00,0.00,2.80,6-3.2,2,1909202883286081536,极兔快递,JT0015991440074,服饰,天津市,
农科所智慧社区服务_站点-农科所智慧社区服务站点,农科所智慧社区服务站点,农科所智慧社区服务站点,快递,2025-04-07 19:11:24,,1,0.42,0,6.00,0.00,2.80,6-3.2,2,1909202322922872832,极兔快递,JT0015992385702,服饰,广东省,
农科所智慧社区服务_站点-农科所智慧社区服务站点,农科所智慧社区服务站点,农科所智慧社区服务站点,快递,2025-04-07 19:05:45,,1,0.87,0,6.00,0.00,2.80,6-3.2,2,1909200896414916608,极兔快递,JT0015991259212,生活用品,浙江省,
农科所智慧社区服务_站点-农科所智慧社区服务站点,农科所智慧社区服务站点,农科所智慧社区服务站点,快递,2025-04-07 18:34:38,,1,0.57,0,6.00,0.00,2.80,6-3.2,2,1909193068354674688,极兔快递,JT0015991145899,服饰,广东省,
农科所智慧社区服务_站点-农科所智慧社区服务站点,农科所智慧社区服务站点,农科所智慧社区服务站点,快递,2025-04-07 18:17:30,,1,0.71,0,6.00,0.00,2.80,6-3.2,2,1909188754496233472,极兔快递,JT0015986473263,生活用品,陕西省,
农科所智慧社区服务_站点-农科所智慧社区服务站点,农科所智慧社区服务站点,农科所智慧社区服务站点,快递,2025-04-07 17:45:12,,1,0.43,0,6.00,0.00,2.80,6-3.2,2,1909180573489504256,极兔快递,JT0015987473724,服饰,湖北省,
农科所智慧社区服务_站点-农科所智慧社区服务站点,农科所智慧社区服务站点,农科所智慧社区服务站点,快递,2025-04-07 17:43:51,,1,0.59,0,6.00,0.00,2.80,6-3.2,2,1909180290894077952,极兔快递,JT0015990867536,服饰,浙江省,
农科所智慧社区服务_站点-农科所智慧社区服务站点,农科所智慧社区服务站点,农科所智慧社区服务站点,快递,2025-04-07 17:41:55,,1,0.2,0,6.00,0.00,2.80,6-3.2,2,1909179740404260864,极兔快递,JT0015991401457,服饰,浙江省,
农科所智慧社区服务_站点-农科所智慧社区服务站点,农科所智慧社区服务站点,农科所智慧社区服务站点,快递,2025-04-07 17:40:51,,1,0.65,0,6.00,0.00,2.80,6-3.2,2,1909179532295479296,极兔快递,JT0015984108319,服饰,浙江省,
农科所智慧社区服务_站点-农科所智慧社区服务站点,农科所智慧社区服务站点,农科所智慧社区服务站点,快递,2025-04-07 17:39:45,,1,0.3,0,6.00,0.00,2.80,6-3.2,2,1909179194888888320,极兔快递,JT0015987034667,服饰,四川省,
农科所智慧社区服务_站点-农科所智慧社区服务站点,农科所智慧社区服务站点,农科所智慧社区服务站点,快递,2025-04-07 17:39:01,,1,0.2,0,6.00,0.00,2.80,6-3.2,2,1909179060285284352,极兔快递,JT0015991666156,服饰,广东省,
农科所智慧社区服务_站点-农科所智慧社区服务站点,农科所智慧社区服务站点,农科所智慧社区服务站点,快递,2025-04-07 17:38:07,,1,0.23,0,6.00,0.00,2.80,6-3.2,2,1909178847025897472,极兔快递,JT0015988471665,服饰,广东省,
农科所智慧社区服务_站点-农科所智慧社区服务站点,农科所智慧社区服务站点,农科所智慧社区服务站点,快递,2025-04-07 17:36:39,,1,0.52,0,6.00,0.00,2.80,6-3.2,2,1909178475276345344,极兔快递,JT0015991370067,服饰,湖北省,
农科所智慧社区服务_站点-农科所智慧社区服务站点,农科所智慧社区服务站点,农科所智慧社区服务站点,快递,2025-04-07 17:35:01,,1,0.24,0,6.00,0.00,2.80,6-3.2,2,1909178055040638976,极兔快递,JT0015988024633,服饰,广东省,
农科所智慧社区服务_站点-农科所智慧社区服务站点,农科所智慧社区服务站点,农科所智慧社区服务站点,快递,2025-04-07 17:33:57,,1,0.28,0,6.00,0.00,2.80,6-3.2,2,1909177788920438784,极兔快递,JT0015990818552,服饰,湖北省,
农科所智慧社区服务_站点-农科所智慧社区服务站点,农科所智慧社区服务站点,农科所智慧社区服务站点,快递,2025-04-07 17:33:05,,1,0.26,0,6.00,0.00,2.80,6-3.2,2,1909177570548195328,极兔快递,JT0015991982104,其他,广东省,
农科所智慧社区服务_站点-农科所智慧社区服务站点,农科所智慧社区服务站点,农科所智慧社区服务站点,快递,2025-04-07 17:32:07,,1,0.2,0,6.00,0.00,2.80,6-3.2,2,1909177325684727808,极兔快递,JT0015983549557,服饰,浙江省,
农科所智慧社区服务_站点-农科所智慧社区服务站点,农科所智慧社区服务站点,农科所智慧社区服务站点,快递,2025-04-07 17:31:02,,1,0.57,0,6.00,0.00,2.80,6-3.2,2,1909177036181282816,极兔快递,JT0015991767237,其他,江苏省,
农科所智慧社区服务_站点-农科所智慧社区服务站点,农科所智慧社区服务站点,农科所智慧社区服务站点,快递,2025-04-07 17:29:57,,1,0.2,0,6.00,0.00,2.80,6-3.2,2,1909176790688669696,极兔快递,JT0015982129376,其他,浙江省,
农科所智慧社区服务_站点-农科所智慧社区服务站点,农科所智慧社区服务站点,农科所智慧社区服务站点,快递,2025-04-07 17:25:51,,1,0.2,0,6.00,0.00,2.80,6-3.2,2,1909175759670026240,极兔快递,JT0015991022174,服饰,江苏省,
农科所智慧社区服务_站点-农科所智慧社区服务站点,农科所智慧社区服务站点,农科所智慧社区服务站点,快递,2025-04-07 17:15:59,,1,0.66,0,6.00,0.00,2.80,6-3.2,2,1909173265535541248,极兔快递,JT0015990347928,服饰,浙江省,
农科所智慧社区服务_站点-农科所智慧社区服务站点,农科所智慧社区服务站点,农科所智慧社区服务站点,快递,2025-04-07 17:15:05,,1,0.2,0,6.00,0.00,2.80,6-3.2,2,1909173048354480128,极兔快递,JT0015990740621,服饰,广东省,
农科所智慧社区服务_站点-农科所智慧社区服务站点,农科所智慧社区服务站点,农科所智慧社区服务站点,快递,2025-04-07 17:13:56,,1,0.23,0,6.00,0.00,2.80,6-3.2,2,1909172737304895488,极兔快递,JT0015990331801,服饰,浙江省,
农科所智慧社区服务_站点-农科所智慧社区服务站点,农科所智慧社区服务站点,农科所智慧社区服务站点,快递,2025-04-07 16:47:25,,2,,,15.00,,0.00,0%,2,1909166078113292288,顺丰速运,SF3169105362504,服饰,陕西省,
农科所智慧社区服务_站点-农科所智慧社区服务站点,农科所智慧社区服务站点,农科所智慧社区服务站点,快递,2025-04-07 16:17:34,,1,0.92,0,6.00,0.00,2.80,6-3.2,2,1909158559894675456,极兔快递,JT0015988691137,服饰,河北省,
农科所智慧社区服务_站点-农科所智慧社区服务站点,农科所智慧社区服务站点,农科所智慧社区服务站点,快递,2025-04-07 15:46:15,,1,0.54,0,6.00,0.00,2.80,6-3.2,2,1909150685919387648,极兔快递,JT0015984842501,服饰,河北省,
农科所智慧社区服务_站点-农科所智慧社区服务站点,农科所智慧社区服务站点,农科所智慧社区服务站点,快递,2025-04-07 14:48:08,,1,0.27,0,6.00,0.00,2.80,6-3.2,2,1909136055536918528,极兔快递,JT0015987755838,服饰,黑龙江省,
农科所智慧社区服务_站点-农科所智慧社区服务站点,农科所智慧社区服务站点,农科所智慧社区服务站点,快递,2025-04-07 14:20:09,,1,0.96,0,6.00,0.00,2.80,6-3.2,2,1909129025015193600,极兔快递,JT0015984444197,服饰,广东省,
农科所智慧社区服务_站点-农科所智慧社区服务站点,农科所智慧社区服务站点,农科所智慧社区服务站点,快递,2025-04-07 14:18:54,,1,0.34,0,6.00,0.00,2.80,6-3.2,2,1909128710324953088,极兔快递,JT0015984667944,食品,河南省,
农科所智慧社区服务_站点-农科所智慧社区服务站点,农科所智慧社区服务站点,农科所智慧社区服务站点,快递,2025-04-07 13:56:43,,1,0.43,0,6.00,0.00,2.80,6-3.2,2,1909123128968814592,极兔快递,JT0015983949375,生活用品,广东省,
农科所智慧社区服务_站点-农科所智慧社区服务站点,农科所智慧社区服务站点,农科所智慧社区服务站点,快递,2025-04-07 12:23:18,,1,0.28,0,6.00,0.00,2.80,6-3.2,2,1909099298749620224,极兔快递,JT0015984404337,其他,广东省,
农科所智慧社区服务_站点-农科所智慧社区服务站点,农科所智慧社区服务站点,农科所智慧社区服务站点,快递,2025-04-07 11:36:46,,1,0.88,0,6.00,0.00,2.80,6-3.2,2,1909087901491863552,极兔快递,JT0015983852807,服饰,河北省,
农科所智慧社区服务_站点-农科所智慧社区服务站点,农科所智慧社区服务站点,农科所智慧社区服务站点,快递,2025-04-07 09:52:03,,5,1.68,3,15.00,0.00,7.50,50% ,2,1909061554467971072,极兔快递,JT0015981811032,其他,陕西省,
农科所智慧社区服务_站点-农科所智慧社区服务站点,农科所智慧社区服务站点,农科所智慧社区服务站点,快递,2025-04-07 09:51:10,,3,2.35,0,10.00,0.00,5.50,55% ,2,1909061331540713472,极兔快递,JT0015976789910,生活用品,陕西省,
农科所智慧社区服务_站点-农科所智慧社区服务站点,农科所智慧社区服务站点,农科所智慧社区服务站点,快递,2025-04-06 21:12:56,,1,0.78,0,6.00,0.00,2.80,6-3.2,2,1908870497012752384,极兔快递,JT0015973791842,服饰,福建省,
农科所智慧社区服务_站点-农科所智慧社区服务站点,农科所智慧社区服务站点,农科所智慧社区服务站点,快递,2025-04-06 21:12:03,,1,0.82,0,6.00,0.00,2.80,6-3.2,2,1908870258935668736,极兔快递,JT0015977422192,服饰,福建省,
农科所智慧社区服务_站点-农科所智慧社区服务站点,农科所智慧社区服务站点,农科所智慧社区服务站点,快递,2025-04-06 19:52:04,,1,0.67,0,6.00,0.00,2.80,6-3.2,2,1908850166797639680,极兔快递,JT0015976698230,生活用品,陕西省,
农科所智慧社区服务_站点-农科所智慧社区服务站点,农科所智慧社区服务站点,农科所智慧社区服务站点,快递,2025-04-06 19:49:17,,1,0.2,0,6.00,0.00,2.80,6-3.2,2,1908849456911687680,极兔快递,JT0015968254340,服饰,广东省,
农科所智慧社区服务_站点-农科所智慧社区服务站点,农科所智慧社区服务站点,农科所智慧社区服务站点,快递,2025-04-06 19:48:12,,1,0.2,0,6.00,0.00,2.80,6-3.2,2,1908849190221062144,极兔快递,JT0015976973507,其他,河北省,
农科所智慧社区服务_站点-农科所智慧社区服务站点,农科所智慧社区服务站点,农科所智慧社区服务站点,快递,2025-04-06 19:41:48,,1,0.2,0,6.00,0.00,2.80,6-3.2,2,1908847583626469376,极兔快递,JT0015977309361,其他,广东省,
农科所智慧社区服务_站点-农科所智慧社区服务站点,农科所智慧社区服务站点,农科所智慧社区服务站点,快递,2025-04-06 18:30:39,,1,0.83,0,6.00,0.00,2.80,6-3.2,2,1908829676553052160,极兔快递,JT0015970901596,其他,云南省,
农科所智慧社区服务_站点-农科所智慧社区服务站点,农科所智慧社区服务站点,农科所智慧社区服务站点,快递,2025-04-06 18:19:14,,2,1.08,0,8.00,0.00,4.08,51% ,2,1908826797368877056,极兔快递,JT0015973427319,其他,湖北省,
农科所智慧社区服务_站点-农科所智慧社区服务站点,农科所智慧社区服务站点,农科所智慧社区服务站点,快递,2025-04-06 17:23:09,,1,0.69,0,6.00,0.00,2.80,6-3.2,2,1908812692184571904,极兔快递,JT0015975811860,服饰,浙江省,
农科所智慧社区服务_站点-农科所智慧社区服务站点,农科所智慧社区服务站点,农科所智慧社区服务站点,快递,2025-04-06 16:35:50,,1,0.96,0,6.00,0.00,2.80,6-3.2,2,1908800784542932992,极兔快递,JT0015973978541,服饰,福建省,
农科所智慧社区服务_站点-农科所智慧社区服务站点,农科所智慧社区服务站点,农科所智慧社区服务站点,快递,2025-04-06 15:11:32,,3,2.43,0,10.00,0.00,5.50,55% ,2,1908779563487010816,极兔快递,JT0015971144090,食品,陕西省,
农科所智慧社区服务_站点-农科所智慧社区服务站点,农科所智慧社区服务站点,农科所智慧社区服务站点,快递,2025-04-06 15:06:19,,1,0.72,0,7.00,0.00,2.80,6-3.2,2,1908778250535641088,极兔快递,JT0015965199434,服饰,上海市,
农科所智慧社区服务_站点-农科所智慧社区服务站点,农科所智慧社区服务站点,农科所智慧社区服务站点,快递,2025-04-06 14:37:48,,1,0.79,0,6.00,0.00,2.80,6-3.2,2,1908771077957033984,极兔快递,JT0015965474467,服饰,福建省,
农科所智慧社区服务_站点-农科所智慧社区服务站点,农科所智慧社区服务站点,农科所智慧社区服务站点,快递,2025-04-06 13:44:40,,1,0.86,0,6.00,0.00,2.80,6-3.2,2,1908757706754957312,极兔快递,JT0015969779786,服饰,福建省,
农科所智慧社区服务_站点-农科所智慧社区服务站点,农科所智慧社区服务站点,农科所智慧社区服务站点,快递,2025-04-06 13:43:17,,1,0.2,0,6.00,0.00,2.80,6-3.2,2,1908757358678056960,极兔快递,JT0015968971271,生活用品,广东省,
农科所智慧社区服务_站点-农科所智慧社区服务站点,农科所智慧社区服务站点,农科所智慧社区服务站点,快递,2025-04-06 12:23:44,,1,0.2,0,6.00,0.00,2.80,6-3.2,2,1908737336719122432,极兔快递,JT0015962841980,其他,陕西省,
农科所智慧社区服务_站点-农科所智慧社区服务站点,农科所智慧社区服务站点,农科所智慧社区服务站点,快递,2025-04-06 12:22:25,,1,0.37,0,6.00,0.00,2.80,6-3.2,2,1908737005679484928,极兔快递,JT0015969101361,服饰,广东省,
农科所智慧社区服务_站点-农科所智慧社区服务站点,农科所智慧社区服务站点,农科所智慧社区服务站点,快递,2025-04-06 11:35:29,,1,0.53,0,6.00,0.00,2.80,6-3.2,2,1908725196188753920,极兔快递,JT0015965719218,服饰,山东省,
农科所智慧社区服务_站点-农科所智慧社区服务站点,农科所智慧社区服务站点,农科所智慧社区服务站点,快递,2025-04-06 10:47:41,,1,0.49,0,6.00,0.00,2.80,6-3.2,2,1908713167562416128,极兔快递,JT0015957523617,服饰,广东省,
农科所智慧社区服务_站点-农科所智慧社区服务站点,农科所智慧社区服务站点,农科所智慧社区服务站点,快递,2025-04-06 10:45:55,,1,0.24,0,6.00,0.00,2.80,6-3.2,2,1908712652631908352,极兔快递,JT0015969071558,服饰,河南省,
农科所智慧社区服务_站点-农科所智慧社区服务站点,农科所智慧社区服务站点,农科所智慧社区服务站点,快递,2025-04-06 10:44:11,,1,0.38,0,6.00,0.00,2.80,6-3.2,2,1908712289375821824,极兔快递,JT0015958451813,服饰,浙江省,
农科所智慧社区服务_站点-农科所智慧社区服务站点,农科所智慧社区服务站点,农科所智慧社区服务站点,快递,2025-04-06 10:39:58,2025-04-06 02:43:22,1,,,6.00,,0.00,,2,1908711227105419264,极兔快递,JT0015966628433,服饰,天津市,已全额退款
农科所智慧社区服务_站点-农科所智慧社区服务站点,农科所智慧社区服务站点,农科所智慧社区服务站点,快递,2025-04-06 10:41:07,,2,1.07,0,8.00,0.00,4.08,51% ,2,1908711519251275776,极兔快递,JT0015966760089,服饰,天津市,
农科所智慧社区服务_站点-农科所智慧社区服务站点,农科所智慧社区服务站点,农科所智慧社区服务站点,快递,2025-04-06 10:35:00,,2,1.97,0,8.00,0.00,4.08,51% ,2,1908709974929514496,极兔快递,JT0015967747113,食品,湖北省,
农科所智慧社区服务_站点-农科所智慧社区服务站点,农科所智慧社区服务站点,农科所智慧社区服务站点,快递,2025-04-06 10:31:55,,1,0.24,0,6.00,0.00,2.80,6-3.2,2,1908709199553699840,极兔快递,JT0015967822648,服饰,江苏省,
农科所智慧社区服务_站点-农科所智慧社区服务站点,农科所智慧社区服务站点,农科所智慧社区服务站点,快递,2025-04-06 10:28:28,,1,0.2,0,6.00,0.00,2.80,6-3.2,2,1908708319676801024,极兔快递,JT0015968108619,服饰,浙江省,
农科所智慧社区服务_站点-农科所智慧社区服务站点,农科所智慧社区服务站点,农科所智慧社区服务站点,快递,2025-04-06 10:27:52,,1,0.3,0,6.00,0.00,2.80,6-3.2,2,1908708171991162880,极兔快递,JT0015967463739,服饰,湖北省,
农科所智慧社区服务_站点-农科所智慧社区服务站点,农科所智慧社区服务站点,农科所智慧社区服务站点,快递,2025-04-05 20:42:48,,1,0.5,0,6.00,0.00,2.80,6-3.2,2,1908500533537873920,极兔快递,JT0015959929339,服饰,湖北省,
农科所智慧社区服务_站点-农科所智慧社区服务站点,农科所智慧社区服务站点,农科所智慧社区服务站点,快递,2025-04-05 20:17:49,,1,0.59,0,6.00,0.00,2.80,6-3.2,2,1908494259786031104,极兔快递,JT0015963750677,服饰,河南省,
农科所智慧社区服务_站点-农科所智慧社区服务站点,农科所智慧社区服务站点,农科所智慧社区服务站点,快递,2025-04-05 20:14:00,,1,0.2,0,6.00,0.00,2.80,6-3.2,2,1908493290125860864,极兔快递,JT0015959840714,服饰,广东省,
农科所智慧社区服务_站点-农科所智慧社区服务站点,农科所智慧社区服务站点,农科所智慧社区服务站点,快递,2025-04-05 18:57:44,,1,0.2,0,6.00,0.00,2.80,6-3.2,2,1908474105131900928,极兔快递,JT0015955854455,服饰,辽宁省,
农科所智慧社区服务_站点-农科所智慧社区服务站点,农科所智慧社区服务站点,农科所智慧社区服务站点,快递,2025-04-05 18:08:44,,2,1.86,0,8.00,0.00,4.08,51% ,2,1908461773139943424,极兔快递,JT0015960365394,服饰,广东省,
农科所智慧社区服务_站点-农科所智慧社区服务站点,农科所智慧社区服务站点,农科所智慧社区服务站点,快递,2025-04-05 18:06:31,,1,0.61,0,6.00,0.00,2.80,6-3.2,2,1908461122259460096,极兔快递,JT0015962033729,服饰,广东省,
农科所智慧社区服务_站点-农科所智慧社区服务站点,农科所智慧社区服务站点,农科所智慧社区服务站点,快递,2025-04-05 18:04:32,,1,0.2,0,6.00,0.00,2.80,6-3.2,2,1908460720512245760,极兔快递,JT0015961514371,其他,江苏省,
农科所智慧社区服务_站点-农科所智慧社区服务站点,农科所智慧社区服务站点,农科所智慧社区服务站点,快递,2025-04-05 18:03:05,,1,0.8,0,6.00,0.00,2.80,6-3.2,2,1908460353191878656,极兔快递,JT0015959124198,服饰,浙江省,
农科所智慧社区服务_站点-农科所智慧社区服务站点,农科所智慧社区服务站点,农科所智慧社区服务站点,快递,2025-04-05 18:02:01,,1,0.38,0,6.00,0.00,2.80,6-3.2,2,1908460000656433152,极兔快递,JT0015960249288,服饰,天津市,
农科所智慧社区服务_站点-农科所智慧社区服务站点,农科所智慧社区服务站点,农科所智慧社区服务站点,快递,2025-04-05 18:00:06,,1,0.2,0,6.00,0.00,2.80,6-3.2,2,1908459601329332224,极兔快递,JT0015961173994,其他,浙江省,
农科所智慧社区服务_站点-农科所智慧社区服务站点,农科所智慧社区服务站点,农科所智慧社区服务站点,快递,2025-04-05 17:58:31,,1,0.2,0,6.00,0.00,2.80,6-3.2,2,1908459202463604736,极兔快递,JT0015955172001,其他,浙江省,
农科所智慧社区服务_站点-农科所智慧社区服务站点,农科所智慧社区服务站点,农科所智慧社区服务站点,快递,2025-04-05 17:56:38,,1,0.2,0,6.00,0.00,2.80,6-3.2,2,1908458729039929344,极兔快递,JT0015952373553,其他,山东省,
农科所智慧社区服务_站点-农科所智慧社区服务站点,农科所智慧社区服务站点,农科所智慧社区服务站点,快递,2025-04-05 17:54:55,,1,0.2,0,6.00,0.00,2.80,6-3.2,2,1908458234778951680,极兔快递,JT0015958335591,服饰,浙江省,
农科所智慧社区服务_站点-农科所智慧社区服务站点,农科所智慧社区服务站点,农科所智慧社区服务站点,快递,2025-04-05 17:53:05,,2,2.87,-1,8.00,0.00,4.08,51% ,2,1908457816204189696,极兔快递,JT0015957252919,服饰,江西省,
农科所智慧社区服务_站点-农科所智慧社区服务站点,农科所智慧社区服务站点,农科所智慧社区服务站点,快递,2025-04-05 17:47:57,,1,0.2,0,6.00,0.00,2.80,6-3.2,2,1908456516079001600,极兔快递,JT0015961591500,服饰,广东省,
农科所智慧社区服务_站点-农科所智慧社区服务站点,农科所智慧社区服务站点,农科所智慧社区服务站点,快递,2025-04-05 17:30:31,,2,1.0,1,8.00,0.00,4.08,51% ,2,1908452151876329472,极兔快递,JT0015960040245,服饰,江苏省,
农科所智慧社区服务_站点-农科所智慧社区服务站点,农科所智慧社区服务站点,农科所智慧社区服务站点,快递,2025-04-05 17:13:57,,1,0.93,0,6.00,0.00,2.80,6-3.2,2,1908447987972644864,极兔快递,JT0015960603714,服饰,吉林省,
农科所智慧社区服务_站点-农科所智慧社区服务站点,农科所智慧社区服务站点,农科所智慧社区服务站点,快递,2025-04-05 16:35:08,,1,0.2,0,6.00,0.00,2.80,6-3.2,2,1908438217068847104,极兔快递,JT0015957914977,服饰,广东省,
农科所智慧社区服务_站点-农科所智慧社区服务站点,农科所智慧社区服务站点,农科所智慧社区服务站点,快递,2025-04-05 16:29:56,,1,0.45,0,6.00,0.00,2.80,6-3.2,2,1908436846223499264,极兔快递,JT0015957591450,服饰,河北省,
农科所智慧社区服务_站点-农科所智慧社区服务站点,农科所智慧社区服务站点,农科所智慧社区服务站点,快递,2025-04-05 16:28:45,,1,0.51,0,6.00,0.00,2.80,6-3.2,2,1908436609773805568,极兔快递,JT0015958231585,服饰,江苏省,
农科所智慧社区服务_站点-农科所智慧社区服务站点,农科所智慧社区服务站点,农科所智慧社区服务站点,快递,2025-04-05 15:12:12,,1,0.64,0,6.00,0.00,2.80,6-3.2,2,1908417346845483008,极兔快递,JT0015954050530,服饰,河北省,
农科所智慧社区服务_站点-农科所智慧社区服务站点,农科所智慧社区服务站点,农科所智慧社区服务站点,快递,2025-04-05 14:27:40,,1,0.2,0,6.00,0.00,2.80,6-3.2,2,1908406141976256512,极兔快递,JT0015957109813,服饰,湖北省,
农科所智慧社区服务_站点-农科所智慧社区服务站点,农科所智慧社区服务站点,农科所智慧社区服务站点,快递,2025-04-05 12:48:13,,2,1.36,0,8.00,0.00,4.08,51% ,2,1908381092720353280,极兔快递,JT0015956348911,生活用品,浙江省,
农科所智慧社区服务_站点-农科所智慧社区服务站点,农科所智慧社区服务站点,农科所智慧社区服务站点,快递,2025-04-05 09:30:50,,0.4,0.44,0,6.00,0.00,2.80,6-3.2,2,1908331437093494784,极兔快递,JT0015952974006,服饰,江苏省,
农科所智慧社区服务_站点-农科所智慧社区服务站点,农科所智慧社区服务站点,农科所智慧社区服务站点,快递,2025-04-05 09:29:11,,0.6,0.55,0,6.00,0.00,2.80,6-3.2,2,1908331020464889856,极兔快递,JT0015953231396,服饰,福建省,
农科所智慧社区服务_站点-农科所智慧社区服务站点,农科所智慧社区服务站点,农科所智慧社区服务站点,快递,2025-04-05 09:27:51,,0.6,0.58,0,6.00,0.00,2.80,6-3.2,2,1908330672450904064,极兔快递,JT0015953848188,服饰,浙江省,
农科所智慧社区服务_站点-农科所智慧社区服务站点,农科所智慧社区服务站点,农科所智慧社区服务站点,快递,2025-04-04 19:14:07,,1,0.3,0,6.00,0.00,2.80,6-3.2,2,1908115826266546176,极兔快递,JT0015943572435,服饰,广东省,
农科所智慧社区服务_站点-农科所智慧社区服务站点,农科所智慧社区服务站点,农科所智慧社区服务站点,快递,2025-04-04 19:12:52,,1,0.2,0,6.00,0.00,2.80,6-3.2,2,1908115515154046976,极兔快递,JT0015947386112,其他,河北省,
农科所智慧社区服务_站点-农科所智慧社区服务站点,农科所智慧社区服务站点,农科所智慧社区服务站点,快递,2025-04-04 18:11:09,,1,0.85,0,6.00,0.00,2.80,6-3.2,2,1908099995549769728,极兔快递,JT0015949141393,生活用品,浙江省,
农科所智慧社区服务_站点-农科所智慧社区服务站点,农科所智慧社区服务站点,农科所智慧社区服务站点,快递,2025-04-04 17:59:14,,1,0.51,0,6.00,0.00,2.80,6-3.2,2,1908096979492872192,极兔快递,JT0015946723498,服饰,浙江省,
农科所智慧社区服务_站点-农科所智慧社区服务站点,农科所智慧社区服务站点,农科所智慧社区服务站点,快递,2025-04-04 17:48:45,,2,2.57,-1,8.00,0.00,4.08,51% ,2,1908094351060967424,极兔快递,JT0015948649078,服饰,浙江省,
农科所智慧社区服务_站点-农科所智慧社区服务站点,农科所智慧社区服务站点,农科所智慧社区服务站点,快递,2025-04-04 16:22:55,,1,0.23,0,6.00,0.00,2.80,6-3.2,2,1908072753792753664,极兔快递,JT0015939780714,服饰,广东省,
农科所智慧社区服务_站点-农科所智慧社区服务站点,农科所智慧社区服务站点,农科所智慧社区服务站点,快递,2025-04-04 16:10:35,2025-04-04 08:16:01,1,,,6.00,,0.00,,2,1908069654256623616,极兔快递,JT0015947920094,服饰,河北省,已全额退款
农科所智慧社区服务_站点-农科所智慧社区服务站点,农科所智慧社区服务站点,农科所智慧社区服务站点,快递,2025-04-04 16:13:38,,1,0.58,0,6.00,0.00,2.52,42% ,2,1908070418064547840,韵达快递,312700061785034,服饰,河北省,
农科所智慧社区服务_站点-农科所智慧社区服务站点,农科所智慧社区服务站点,农科所智慧社区服务站点,快递,2025-04-04 16:02:00,,1,0.59,0,6.00,0.00,2.80,6-3.2,2,1908067492139048960,极兔快递,JT0015944729770,服饰,福建省,
农科所智慧社区服务_站点-农科所智慧社区服务站点,农科所智慧社区服务站点,农科所智慧社区服务站点,快递,2025-04-04 14:59:20,,1,0.59,0,6.00,0.00,2.80,6-3.2,2,1908051724156477440,极兔快递,JT0015936520671,其他,广东省,
农科所智慧社区服务_站点-农科所智慧社区服务站点,农科所智慧社区服务站点,农科所智慧社区服务站点,快递,2025-04-04 12:44:04,,1,0.98,0,7.00,0.00,2.80,6-3.2,2,1908017666122784768,极兔快递,JT0015945227427,服饰,上海市,
农科所智慧社区服务_站点-农科所智慧社区服务站点,农科所智慧社区服务站点,农科所智慧社区服务站点,快递,2025-04-04 10:45:15,,12,11.99,0,36.00,13.50,18.00,50% ,2,1907987772760334336,极兔快递,JT0015944115329,生鲜类,广东省,
农科所智慧社区服务_站点-农科所智慧社区服务站点,农科所智慧社区服务站点,农科所智慧社区服务站点,快递,2025-04-04 10:38:06,,1,0.2,0,6.00,0.00,2.80,6-3.2,2,1907985982694301696,极兔快递,JT0015942866043,其他,陕西省,
农科所智慧社区服务_站点-农科所智慧社区服务站点,农科所智慧社区服务站点,农科所智慧社区服务站点,快递,2025-04-04 10:15:57,,1,0.64,0,6.00,0.00,2.80,6-3.2,2,1907980403703750656,极兔快递,JT0015943430501,服饰,江苏省,
农科所智慧社区服务_站点-农科所智慧社区服务站点,农科所智慧社区服务站点,农科所智慧社区服务站点,快递,2025-04-04 10:02:16,,1,0.46,0,6.00,0.00,2.80,6-3.2,2,1907976962436702208,极兔快递,JT0015943012673,生活用品,河北省,
农科所智慧社区服务_站点-农科所智慧社区服务站点,农科所智慧社区服务站点,农科所智慧社区服务站点,快递,2025-04-04 09:58:53,2025-04-04 02:00:31,2,,,8.00,,0.00,,2,1907976114134523904,极兔快递,JT0015942817225,服饰,陕西省,已全额退款
农科所智慧社区服务_站点-农科所智慧社区服务站点,农科所智慧社区服务站点,农科所智慧社区服务站点,快递,2025-04-04 09:59:56,,2,1.75,0,8.00,0.00,4.08,51% ,2,1907976370142257152,韵达快递,312699573067428,服饰,陕西省,
农科所智慧社区服务_站点-农科所智慧社区服务站点,农科所智慧社区服务站点,农科所智慧社区服务站点,快递,2025-04-04 09:57:48,2025-04-04 01:59:12,2,,,8.00,,0.00,,2,1907975813096742912,极兔快递,JT0015937644112,服饰,陕西省,已全额退款
农科所智慧社区服务_站点-农科所智慧社区服务站点,农科所智慧社区服务站点,农科所智慧社区服务站点,快递,2025-04-03 21:05:55,,1,0.9,0,6.00,0.00,2.80,6-3.2,2,1907781579861336064,极兔快递,JT0015939018261,其他,河南省,
农科所智慧社区服务_站点-农科所智慧社区服务站点,农科所智慧社区服务站点,农科所智慧社区服务站点,快递,2025-04-03 20:39:14,,1,0.48,0,6.00,0.00,2.80,6-3.2,2,1907774847059697664,极兔快递,JT0015939760890,服饰,广东省,
农科所智慧社区服务_站点-农科所智慧社区服务站点,农科所智慧社区服务站点,农科所智慧社区服务站点,快递,2025-04-03 20:04:19,,1,0.37,0,6.00,0.00,2.80,6-3.2,2,1907766085531934720,极兔快递,JT0015930585094,服饰,湖北省,
农科所智慧社区服务_站点-农科所智慧社区服务站点,农科所智慧社区服务站点,农科所智慧社区服务站点,快递,2025-04-03 19:59:35,,1,2.27,-2,6.00,0.00,2.80,6-3.2,2,1907764895171682304,极兔快递,JT0015940019721,服饰,四川省,
农科所智慧社区服务_站点-农科所智慧社区服务站点,农科所智慧社区服务站点,农科所智慧社区服务站点,快递,2025-04-03 19:57:42,,1,0.2,0,6.00,0.00,2.80,6-3.2,2,1907764399446892544,极兔快递,JT0015937970899,服饰,浙江省,
农科所智慧社区服务_站点-农科所智慧社区服务站点,农科所智慧社区服务站点,农科所智慧社区服务站点,快递,2025-04-03 19:56:00,,1,0.4,0,6.00,0.00,2.80,6-3.2,2,1907763839687663616,极兔快递,JT0015938362397,服饰,浙江省,
农科所智慧社区服务_站点-农科所智慧社区服务站点,农科所智慧社区服务站点,农科所智慧社区服务站点,快递,2025-04-03 19:54:37,,1,0.63,0,6.00,0.00,2.80,6-3.2,2,1907763642983194624,极兔快递,JT0015939446456,服饰,广东省,
农科所智慧社区服务_站点-农科所智慧社区服务站点,农科所智慧社区服务站点,农科所智慧社区服务站点,快递,2025-04-03 19:52:28,,1,0.56,0,6.00,0.00,2.80,6-3.2,2,1907763092535320576,极兔快递,JT0015939659418,服饰,广东省,
农科所智慧社区服务_站点-农科所智慧社区服务站点,农科所智慧社区服务站点,农科所智慧社区服务站点,快递,2025-04-03 19:36:46,,1,0.2,0,6.00,0.00,2.80,6-3.2,2,1907759150950719488,极兔快递,JT0015939480234,服饰,广东省,
农科所智慧社区服务_站点-农科所智慧社区服务站点,农科所智慧社区服务站点,农科所智慧社区服务站点,快递,2025-04-03 19:33:06,,1,0.2,0,6.00,0.00,2.80,6-3.2,2,1907758230410043392,极兔快递,JT0015936335141,服饰,广东省,
农科所智慧社区服务_站点-农科所智慧社区服务站点,农科所智慧社区服务站点,农科所智慧社区服务站点,快递,2025-04-03 19:26:58,,1,0.61,0,6.00,0.00,2.80,6-3.2,2,1907756651367833600,极兔快递,JT0015939949397,服饰,湖北省,
农科所智慧社区服务_站点-农科所智慧社区服务站点,农科所智慧社区服务站点,农科所智慧社区服务站点,快递,2025-04-03 19:20:04,,1,0.55,0,6.00,0.00,2.80,6-3.2,2,1907754868360814592,极兔快递,JT0015940045634,服饰,湖北省,
农科所智慧社区服务_站点-农科所智慧社区服务站点,农科所智慧社区服务站点,农科所智慧社区服务站点,快递,2025-04-03 19:18:00,,1,0.64,0,6.00,0.00,2.80,6-3.2,2,1907754431733768192,极兔快递,JT0015934394210,服饰,广东省,
农科所智慧社区服务_站点-农科所智慧社区服务站点,农科所智慧社区服务站点,农科所智慧社区服务站点,快递,2025-04-03 19:08:35,,1,0.2,0,6.00,0.00,2.80,6-3.2,2,1907752060542722048,极兔快递,JT0015939093970,其他,浙江省,
农科所智慧社区服务_站点-农科所智慧社区服务站点,农科所智慧社区服务站点,农科所智慧社区服务站点,快递,2025-04-03 19:07:24,,1,0.2,0,6.00,0.00,2.80,6-3.2,2,1907751764768792576,极兔快递,JT0015939363307,服饰,浙江省,
农科所智慧社区服务_站点-农科所智慧社区服务站点,农科所智慧社区服务站点,农科所智慧社区服务站点,快递,2025-04-03 19:05:31,,1,0.43,0,6.00,0.00,2.80,6-3.2,2,1907751288656568320,极兔快递,JT0015937323819,服饰,浙江省,
农科所智慧社区服务_站点-农科所智慧社区服务站点,农科所智慧社区服务站点,农科所智慧社区服务站点,快递,2025-04-03 19:04:10,,1,0.42,0,6.00,0.00,2.80,6-3.2,2,1907750946774654976,极兔快递,JT0015938073673,服饰,浙江省,
农科所智慧社区服务_站点-农科所智慧社区服务站点,农科所智慧社区服务站点,农科所智慧社区服务站点,快递,2025-04-03 19:02:56,,2,3.65,-2,8.00,1.50,4.08,51% ,2,1907750640972144640,极兔快递,JT0015935875740,生活用品,浙江省,
农科所智慧社区服务_站点-农科所智慧社区服务站点,农科所智慧社区服务站点,农科所智慧社区服务站点,快递,2025-04-03 18:49:38,,1,0.69,0,6.00,0.00,2.80,6-3.2,2,1907747289970712576,极兔快递,JT0015938496578,服饰,广东省,
农科所智慧社区服务_站点-农科所智慧社区服务站点,农科所智慧社区服务站点,农科所智慧社区服务站点,快递,2025-04-03 18:29:56,,1,0.85,0,6.00,0.00,2.80,6-3.2,2,1907742335843377152,极兔快递,JT0015938520609,服饰,河北省,
农科所智慧社区服务_站点-农科所智慧社区服务站点,农科所智慧社区服务站点,农科所智慧社区服务站点,快递,2025-04-03 18:06:47,,1,0.2,0,6.00,0.00,2.80,6-3.2,2,1907736459719942144,极兔快递,JT0015932144267,服饰,河北省,
农科所智慧社区服务_站点-农科所智慧社区服务站点,农科所智慧社区服务站点,农科所智慧社区服务站点,快递,2025-04-03 18:04:59,,1,0.25,0,6.00,0.00,2.80,6-3.2,2,1907736055368065024,极兔快递,JT0015925909059,服饰,广东省,
农科所智慧社区服务_站点-农科所智慧社区服务站点,农科所智慧社区服务站点,农科所智慧社区服务站点,快递,2025-04-03 18:03:40,,1,0.24,0,6.00,0.00,2.80,6-3.2,2,1907735648239558656,极兔快递,JT0015935810877,服饰,河南省,
农科所智慧社区服务_站点-农科所智慧社区服务站点,农科所智慧社区服务站点,农科所智慧社区服务站点,快递,2025-04-03 17:53:55,,1,0.2,0,7.00,0.00,2.80,6-3.2,2,1907733249999446016,极兔快递,JT0015935895886,其他,上海市,
农科所智慧社区服务_站点-农科所智慧社区服务站点,农科所智慧社区服务站点,农科所智慧社区服务站点,快递,2025-04-03 17:50:01,,1,0.3,0,6.00,0.00,2.80,6-3.2,2,1907732287020802048,极兔快递,JT0015936781302,其他,江苏省,
农科所智慧社区服务_站点-农科所智慧社区服务站点,农科所智慧社区服务站点,农科所智慧社区服务站点,快递,2025-04-03 17:47:48,,1,0.2,0,6.00,0.00,2.80,6-3.2,2,1907731729962704896,极兔快递,JT0015928760717,其他,江苏省,
农科所智慧社区服务_站点-农科所智慧社区服务站点,农科所智慧社区服务站点,农科所智慧社区服务站点,快递,2025-04-03 17:46:42,,1,0.35,0,6.00,0.00,2.80,6-3.2,2,1907731438999642112,极兔快递,JT0015937801553,其他,山东省,
农科所智慧社区服务_站点-农科所智慧社区服务站点,农科所智慧社区服务站点,农科所智慧社区服务站点,快递,2025-04-03 17:45:38,,1,0.2,0,6.00,0.00,2.80,6-3.2,2,1907731188222205952,极兔快递,JT0015936270602,其他,浙江省,
农科所智慧社区服务_站点-农科所智慧社区服务站点,农科所智慧社区服务站点,农科所智慧社区服务站点,快递,2025-04-03 17:41:58,,1,0.2,0,6.00,0.00,2.80,6-3.2,2,1907730264162508800,极兔快递,JT0015924292168,服饰,河北省,
农科所智慧社区服务_站点-农科所智慧社区服务站点,农科所智慧社区服务站点,农科所智慧社区服务站点,快递,2025-04-03 17:35:23,,1,0.2,0,6.00,0.00,2.80,6-3.2,2,1907728597945884672,极兔快递,JT0015936745132,服饰,辽宁省,
农科所智慧社区服务_站点-农科所智慧社区服务站点,农科所智慧社区服务站点,农科所智慧社区服务站点,快递,2025-04-03 17:20:15,,1,0.2,0,6.00,0.00,2.80,6-3.2,2,1907724781141827584,极兔快递,JT0015928786107,服饰,河北省,
农科所智慧社区服务_站点-农科所智慧社区服务站点,农科所智慧社区服务站点,农科所智慧社区服务站点,快递,2025-04-03 17:19:18,,1,0.2,0,6.00,0.00,2.80,6-3.2,2,1907724557656727552,极兔快递,JT0015935323753,服饰,浙江省,
农科所智慧社区服务_站点-农科所智慧社区服务站点,农科所智慧社区服务站点,农科所智慧社区服务站点,快递,2025-04-03 17:18:13,,1,0.2,0,6.00,0.00,2.80,6-3.2,2,1907724272490192896,极兔快递,JT0015934309188,服饰,广东省,
农科所智慧社区服务_站点-农科所智慧社区服务站点,农科所智慧社区服务站点,农科所智慧社区服务站点,快递,2025-04-03 17:17:09,,1,0.2,0,6.00,0.00,2.80,6-3.2,2,1907724017413595136,极兔快递,JT0015937288988,服饰,广东省,
农科所智慧社区服务_站点-农科所智慧社区服务站点,农科所智慧社区服务站点,农科所智慧社区服务站点,快递,2025-04-03 17:07:50,,1,0.96,0,6.00,0.00,2.80,6-3.2,2,1907721567738732544,极兔快递,JT0015937759290,服饰,河北省,
农科所智慧社区服务_站点-农科所智慧社区服务站点,农科所智慧社区服务站点,农科所智慧社区服务站点,快递,2025-04-03 16:28:56,,1,0.86,0,6.00,0.00,2.80,6-3.2,2,1907711883489255424,极兔快递,JT0015929581515,服饰,湖南省,
农科所智慧社区服务_站点-农科所智慧社区服务站点,农科所智慧社区服务站点,农科所智慧社区服务站点,快递,2025-04-03 16:08:38,,1,0.4,0,6.00,0.00,2.80,6-3.2,2,1907706764248948736,极兔快递,JT0015931408000,服饰,广东省,
农科所智慧社区服务_站点-农科所智慧社区服务站点,农科所智慧社区服务站点,农科所智慧社区服务站点,快递,2025-04-03 16:07:48,,1,0.2,0,6.00,0.00,2.80,6-3.2,2,1907706564008681472,极兔快递,JT0015936676430,服饰,广东省,
农科所智慧社区服务_站点-农科所智慧社区服务站点,农科所智慧社区服务站点,农科所智慧社区服务站点,快递,2025-04-03 16:06:49,,1,0.2,0,7.00,0.00,2.80,6-3.2,2,1907706272450027520,极兔快递,JT0015934187546,服饰,上海市,
农科所智慧社区服务_站点-农科所智慧社区服务站点,农科所智慧社区服务站点,农科所智慧社区服务站点,快递,2025-04-03 15:38:01,,1,0.28,0,6.00,0.00,2.80,6-3.2,2,1907699062030409728,极兔快递,JT0015935014693,食品,云南省,
农科所智慧社区服务_站点-农科所智慧社区服务站点,农科所智慧社区服务站点,农科所智慧社区服务站点,快递,2025-04-03 15:36:58,,1,0.2,0,6.00,0.00,2.80,6-3.2,2,1907698803363487744,极兔快递,JT0015933609513,服饰,广东省,
农科所智慧社区服务_站点-农科所智慧社区服务站点,农科所智慧社区服务站点,农科所智慧社区服务站点,快递,2025-04-03 15:35:17,,1,0.69,0,6.00,0.00,2.80,6-3.2,2,1907698384797114368,极兔快递,JT0015934735319,服饰,广东省,
农科所智慧社区服务_站点-农科所智慧社区服务站点,农科所智慧社区服务站点,农科所智慧社区服务站点,快递,2025-04-03 15:32:11,,1,0.42,0,6.00,0.00,2.80,6-3.2,2,1907697601544396800,极兔快递,JT0015934157743,服饰,江西省,
农科所智慧社区服务_站点-农科所智慧社区服务站点,农科所智慧社区服务站点,农科所智慧社区服务站点,快递,2025-04-03 15:23:33,,1,0.49,0,7.00,0.00,2.80,6-3.2,2,1907695412864294912,极兔快递,JT0015936022779,服饰,上海市,
农科所智慧社区服务_站点-农科所智慧社区服务站点,农科所智慧社区服务站点,农科所智慧社区服务站点,快递,2025-04-03 14:06:52,,1,0.4,0,6.00,0.00,2.80,6-3.2,2,1907676121808969728,极兔快递,JT0015916367192,服饰,河南省,
农科所智慧社区服务_站点-农科所智慧社区服务站点,农科所智慧社区服务站点,农科所智慧社区服务站点,快递,2025-04-03 11:42:34,,1,0.36,0,6.00,0.00,2.80,6-3.2,2,1907639800616919040,极兔快递,JT0015931527529,其他,山东省,
农科所智慧社区服务_站点-农科所智慧社区服务站点,农科所智慧社区服务站点,农科所智慧社区服务站点,快递,2025-04-03 11:40:48,,1,0.98,0,6.00,0.00,2.80,6-3.2,2,1907639369551519744,极兔快递,JT0015924438008,其他,四川省,
农科所智慧社区服务_站点-农科所智慧社区服务站点,农科所智慧社区服务站点,农科所智慧社区服务站点,快递,2025-04-03 11:20:48,,1,0.36,0,6.00,0.00,2.80,6-3.2,2,1907634330355310592,极兔快递,JT0015927701993,服饰,浙江省,
农科所智慧社区服务_站点-农科所智慧社区服务站点,农科所智慧社区服务站点,农科所智慧社区服务站点,快递,2025-04-02 21:08:49,,2,1.19,0,8.00,0.00,4.08,51% ,2,1907419928028979200,极兔快递,JT0015925550613,食品,重庆市,
农科所智慧社区服务_站点-农科所智慧社区服务站点,农科所智慧社区服务站点,农科所智慧社区服务站点,快递,2025-04-02 20:55:45,,6,5.07,0,18.00,4.50,9.00,50% ,2,1907416631226343424,极兔快递,JT0015924067412,其他,河北省,
农科所智慧社区服务_站点-农科所智慧社区服务站点,农科所智慧社区服务站点,农科所智慧社区服务站点,快递,2025-04-02 19:17:52,,1,0.92,0,6.00,0.00,2.80,6-3.2,2,1907392003980337152,极兔快递,JT0015918536182,服饰,浙江省,
农科所智慧社区服务_站点-农科所智慧社区服务站点,农科所智慧社区服务站点,农科所智慧社区服务站点,快递,2025-04-02 19:01:22,,2,0.97,1,8.00,0.00,4.08,51% ,2,1907387854949654528,极兔快递,JT0015923586110,生活用品,浙江省,
农科所智慧社区服务_站点-农科所智慧社区服务站点,农科所智慧社区服务站点,农科所智慧社区服务站点,快递,2025-04-02 18:09:38,,2,1.81,0,8.00,0.00,4.08,51% ,2,1907374833892270080,极兔快递,JT0015924098670,服饰,江苏省,
农科所智慧社区服务_站点-农科所智慧社区服务站点,农科所智慧社区服务站点,农科所智慧社区服务站点,干洗,2025-04-02 17:39:12,,,,,29.50,,8.85,30%,,1907367176510840832,干洗,,"清洗毛呢2件59元   *   1",,
农科所智慧社区服务_站点-农科所智慧社区服务站点,农科所智慧社区服务站点,农科所智慧社区服务站点,快递,2025-04-02 17:37:12,,1,0.31,0,6.00,0.00,2.80,6-3.2,2,1907366668047949824,极兔快递,JT0015923708630,服饰,四川省,
农科所智慧社区服务_站点-农科所智慧社区服务站点,农科所智慧社区服务站点,农科所智慧社区服务站点,快递,2025-04-02 16:08:02,,1,0.2,0,6.00,0.00,2.80,6-3.2,2,1907344220892110848,极兔快递,JT0015921178583,服饰,广东省,
农科所智慧社区服务_站点-农科所智慧社区服务站点,农科所智慧社区服务站点,农科所智慧社区服务站点,快递,2025-04-02 15:11:28,,1,0.67,0,6.00,0.00,2.80,6-3.2,2,1907329999915655168,极兔快递,JT0015921071214,服饰,广东省,
农科所智慧社区服务_站点-农科所智慧社区服务站点,农科所智慧社区服务站点,农科所智慧社区服务站点,快递,2025-04-02 14:38:58,,2,1.83,0,8.00,0.00,4.08,51% ,2,1907321819751981056,极兔快递,JT0015913849087,食品,陕西省,
农科所智慧社区服务_站点-农科所智慧社区服务站点,农科所智慧社区服务站点,农科所智慧社区服务站点,快递,2025-04-02 14:03:23,,0.4,0.2,0,6.00,0.00,2.80,6-3.2,2,1907312865772773376,极兔快递,JT0015914749722,服饰,安徽省,
农科所智慧社区服务_站点-农科所智慧社区服务站点,农科所智慧社区服务站点,农科所智慧社区服务站点,快递,2025-04-02 14:01:34,,0.4,0.2,0,6.00,0.00,2.80,6-3.2,2,1907312409193422848,极兔快递,JT0015919732467,服饰,河北省,
农科所智慧社区服务_站点-农科所智慧社区服务站点,农科所智慧社区服务站点,农科所智慧社区服务站点,快递,2025-04-02 14:00:20,,0.4,0.2,0,6.00,0.00,2.80,6-3.2,2,1907312096134766592,极兔快递,JT0015916491095,服饰,河北省,
农科所智慧社区服务_站点-农科所智慧社区服务站点,农科所智慧社区服务站点,农科所智慧社区服务站点,快递,2025-04-02 13:58:32,,0.1,0.31,0,6.00,0.00,2.80,6-3.2,2,1907311629837213696,极兔快递,JT0015916709256,服饰,浙江省,
农科所智慧社区服务_站点-农科所智慧社区服务站点,农科所智慧社区服务站点,农科所智慧社区服务站点,快递,2025-04-02 12:51:01,,2,1.1,0,8.00,0.00,4.08,51% ,2,1907294655556034560,极兔快递,JT0015914984957,服饰,山东省,
农科所智慧社区服务_站点-农科所智慧社区服务站点,农科所智慧社区服务站点,农科所智慧社区服务站点,快递,2025-04-02 12:46:42,,2,1.26,0,8.00,0.00,4.08,51% ,2,1907293548532408320,极兔快递,JT0015909610335,服饰,福建省,
农科所智慧社区服务_站点-农科所智慧社区服务站点,农科所智慧社区服务站点,农科所智慧社区服务站点,快递,2025-04-02 12:27:51,2025-04-02 04:46:13,2,,,8.00,,0.00,,2,1907288819580477440,极兔快递,JT0015911130393,服饰,浙江省,已全额退款
农科所智慧社区服务_站点-农科所智慧社区服务站点,农科所智慧社区服务站点,农科所智慧社区服务站点,快递,2025-04-02 12:26:08,,1,0.28,0,6.00,0.00,2.80,6-3.2,2,1907288390045999104,极兔快递,JT0015917824652,生活用品,浙江省,
农科所智慧社区服务_站点-农科所智慧社区服务站点,农科所智慧社区服务站点,农科所智慧社区服务站点,快递,2025-04-02 11:58:46,,1,0.2,0,7.00,0.00,2.80,6-3.2,2,1907281421994237952,极兔快递,JT0015917679548,其他,上海市,
农科所智慧社区服务_站点-农科所智慧社区服务站点,农科所智慧社区服务站点,农科所智慧社区服务站点,快递,2025-04-02 11:57:26,,1,0.2,0,7.00,0.00,2.80,6-3.2,2,1907281167618088960,极兔快递,JT0015916974590,其他,上海市,
农科所智慧社区服务_站点-农科所智慧社区服务站点,农科所智慧社区服务站点,农科所智慧社区服务站点,快递,2025-04-02 11:56:12,,2,1.18,0,8.00,0.00,4.08,51% ,2,1907280861001883648,极兔快递,JT0015911197308,服饰,福建省,
农科所智慧社区服务_站点-农科所智慧社区服务站点,农科所智慧社区服务站点,农科所智慧社区服务站点,快递,2025-04-02 11:54:10,,1,0.54,0,6.00,0.00,2.80,6-3.2,2,1907280340706861056,极兔快递,JT0015916955075,其他,河南省,
农科所智慧社区服务_站点-农科所智慧社区服务站点,农科所智慧社区服务站点,农科所智慧社区服务站点,快递,2025-04-02 09:57:56,,6,5.25,0,65.00,12.00,13.00,20% ,2,1907251085323214848,极兔快递,JT0015914114942,其他,新疆维吾尔自治区,
农科所智慧社区服务_站点-农科所智慧社区服务站点,农科所智慧社区服务站点,农科所智慧社区服务站点,快递,2025-04-02 09:47:56,,1,0.22,0,7.00,0.00,2.80,6-3.2,2,1907248573337772032,极兔快递,JT0015912420355,其他,上海市,
农科所智慧社区服务_站点-农科所智慧社区服务站点,农科所智慧社区服务站点,农科所智慧社区服务站点,快递,2025-04-01 20:40:35,,1,0.23,0,6.00,0.00,2.80,6-3.2,2,1907050422433685504,极兔快递,JT0015906547160,其他,浙江省,
农科所智慧社区服务_站点-农科所智慧社区服务站点,农科所智慧社区服务站点,农科所智慧社区服务站点,快递,2025-04-01 20:03:34,,1,0.45,0,6.00,0.00,2.80,6-3.2,2,1907041121153523712,极兔快递,JT0015908443948,服饰,广东省,
农科所智慧社区服务_站点-农科所智慧社区服务站点,农科所智慧社区服务站点,农科所智慧社区服务站点,快递,2025-04-01 19:15:16,,1,0.83,0,6.00,0.00,2.80,6-3.2,2,1907028954853351424,极兔快递,JT0015903297424,服饰,浙江省,
农科所智慧社区服务_站点-农科所智慧社区服务站点,农科所智慧社区服务站点,农科所智慧社区服务站点,快递,2025-04-01 18:28:08,,1,0.6,0,6.00,0.00,2.80,6-3.2,2,1907017107144122368,极兔快递,JT0015906625870,服饰,湖南省,
农科所智慧社区服务_站点-农科所智慧社区服务站点,农科所智慧社区服务站点,农科所智慧社区服务站点,快递,2025-04-01 17:32:26,,1,0.41,0,6.00,0.00,2.80,6-3.2,2,1907003079340531712,极兔快递,JT0015907386656,其他,重庆市,
农科所智慧社区服务_站点-农科所智慧社区服务站点,农科所智慧社区服务站点,农科所智慧社区服务站点,快递,2025-04-01 17:31:49,,1,0.28,0,6.00,0.00,2.80,6-3.2,2,1907002824620449792,极兔快递,JT0015899660817,其他,广东省,
农科所智慧社区服务_站点-农科所智慧社区服务站点,农科所智慧社区服务站点,农科所智慧社区服务站点,快递,2025-04-01 17:30:39,,1,0.2,0,6.00,0.00,2.80,6-3.2,2,1907002628037615616,极兔快递,JT0015908719341,服饰,广东省,
农科所智慧社区服务_站点-农科所智慧社区服务站点,农科所智慧社区服务站点,农科所智慧社区服务站点,快递,2025-04-01 17:29:50,,1,0.21,0,6.00,0.00,2.80,6-3.2,2,1907002358666829824,极兔快递,JT0015906863096,服饰,浙江省,
农科所智慧社区服务_站点-农科所智慧社区服务站点,农科所智慧社区服务站点,农科所智慧社区服务站点,快递,2025-04-01 17:28:39,,5,4.38,0,15.00,3.00,7.50,50% ,2,1907002138285514752,极兔快递,JT0015895439701,食品,陕西省,
农科所智慧社区服务_站点-农科所智慧社区服务站点,农科所智慧社区服务站点,农科所智慧社区服务站点,快递,2025-04-01 17:21:36,,6,5.14,0,18.00,4.50,9.00,50% ,2,1907000359506354176,极兔快递,JT0015903597398,食品,陕西省,
农科所智慧社区服务_站点-农科所智慧社区服务站点,农科所智慧社区服务站点,农科所智慧社区服务站点,快递,2025-04-01 17:07:29,,1,0.36,0,6.00,0.00,2.80,6-3.2,2,1906996775435837440,极兔快递,JT0015904675219,服饰,江苏省,
农科所智慧社区服务_站点-农科所智慧社区服务站点,农科所智慧社区服务站点,农科所智慧社区服务站点,快递,2025-04-01 17:06:42,,1,0.2,0,6.00,0.00,2.80,6-3.2,2,1906996609324621824,极兔快递,JT0015908278482,服饰,浙江省,
农科所智慧社区服务_站点-农科所智慧社区服务站点,农科所智慧社区服务站点,农科所智慧社区服务站点,快递,2025-04-01 16:48:48,,1,0.2,0,6.00,0.00,2.80,6-3.2,2,1906992098472304640,极兔快递,JT0015909075810,服饰,江苏省,
农科所智慧社区服务_站点-农科所智慧社区服务站点,农科所智慧社区服务站点,农科所智慧社区服务站点,快递,2025-04-01 16:18:23,,1,0.2,0,6.00,0.00,2.80,6-3.2,2,1906984449928273920,极兔快递,JT0015889053653,服饰,广东省,
农科所智慧社区服务_站点-农科所智慧社区服务站点,农科所智慧社区服务站点,农科所智慧社区服务站点,快递,2025-04-01 16:11:20,,1,0.2,0,6.00,0.00,2.80,6-3.2,2,1906982676937252864,极兔快递,JT0015907290571,服饰,广东省,
农科所智慧社区服务_站点-农科所智慧社区服务站点,农科所智慧社区服务站点,农科所智慧社区服务站点,快递,2025-04-01 15:13:55,,1,0.22,0,6.00,0.00,2.80,6-3.2,2,1906968227316703232,极兔快递,JT0015907060164,服饰,广东省,
农科所智慧社区服务_站点-农科所智慧社区服务站点,农科所智慧社区服务站点,农科所智慧社区服务站点,快递,2025-04-01 15:12:38,,1,0.2,0,6.00,0.00,2.80,6-3.2,2,1906967906955763712,极兔快递,JT0015906976426,服饰,黑龙江省,
农科所智慧社区服务_站点-农科所智慧社区服务站点,农科所智慧社区服务站点,农科所智慧社区服务站点,快递,2025-04-01 15:11:25,,1,0.2,0,6.00,0.00,2.80,6-3.2,2,1906967601329414144,极兔快递,JT0015903603525,服饰,吉林省,
农科所智慧社区服务_站点-农科所智慧社区服务站点,农科所智慧社区服务站点,农科所智慧社区服务站点,快递,2025-04-01 15:09:32,,1,0.47,0,6.00,0.00,2.80,6-3.2,2,1906967111703142400,极兔快递,JT0015905013772,服饰,山东省,
农科所智慧社区服务_站点-农科所智慧社区服务站点,农科所智慧社区服务站点,农科所智慧社区服务站点,快递,2025-04-01 14:31:07,,1,0.4,0,6.00,0.00,2.80,6-3.2,2,1906957461746294784,极兔快递,JT0015896586758,服饰,浙江省,
农科所智慧社区服务_站点-农科所智慧社区服务站点,农科所智慧社区服务站点,农科所智慧社区服务站点,快递,2025-04-01 14:04:26,,1,,,16.00,,0.00,0%,2,1906950733378035712,顺丰速运,SF3160929616801,其他,陕西省,
农科所智慧社区服务_站点-农科所智慧社区服务站点,农科所智慧社区服务站点,农科所智慧社区服务站点,快递,2025-04-01 13:40:39,,8,7.58,0,24.00,7.50,12.00,50% ,2,1906944732222398464,极兔快递,JT0015904280797,其他,广东省,
农科所智慧社区服务_站点-农科所智慧社区服务站点,农科所智慧社区服务站点,农科所智慧社区服务站点,快递,2025-04-01 13:13:14,,1,1.14,-1,6.00,0.00,2.80,6-3.2,2,1906937858576031744,极兔快递,JT0015903291114,服饰,江苏省,
农科所智慧社区服务_站点-农科所智慧社区服务站点,农科所智慧社区服务站点,农科所智慧社区服务站点,快递,2025-04-01 12:25:27,,1,0.48,0,6.00,0.00,2.80,6-3.2,2,1906925833426771968,极兔快递,JT0015894430249,食品,湖南省,
农科所智慧社区服务_站点-农科所智慧社区服务站点,农科所智慧社区服务站点,农科所智慧社区服务站点,快递,2025-04-01 10:50:00,,1,0.36,0,6.00,0.00,2.80,6-3.2,2,1906901813432098816,极兔快递,JT0015901767243,服饰,湖北省,
农科所智慧社区服务_站点-农科所智慧社区服务站点,农科所智慧社区服务站点,农科所智慧社区服务站点,快递,2025-04-01 10:44:56,,1,0.64,0,6.00,0.00,2.80,6-3.2,2,1906900537503850496,极兔快递,JT0015901727955,服饰,广东省,
农科所智慧社区服务_站点-农科所智慧社区服务站点,农科所智慧社区服务站点,农科所智慧社区服务站点,快递,2025-04-01 10:43:41,,1,0.75,0,6.00,0.00,2.80,6-3.2,2,1906900222503231488,极兔快递,JT0015901673422,服饰,湖南省,
农科所智慧社区服务_站点-农科所智慧社区服务站点,农科所智慧社区服务站点,农科所智慧社区服务站点,快递,2025-04-01 10:42:12,,1,0.97,0,6.00,0.00,2.80,6-3.2,2,1906899848719441920,极兔快递,JT0015895226527,生活用品,浙江省,
农科所智慧社区服务_站点-农科所智慧社区服务站点,农科所智慧社区服务站点,农科所智慧社区服务站点,快递,2025-04-01 10:27:10,,1,0.33,0,6.00,0.00,2.80,6-3.2,2,1906896062558969856,极兔快递,JT0015901811398,服饰,辽宁省,
农科所智慧社区服务_站点-农科所智慧社区服务站点,农科所智慧社区服务站点,农科所智慧社区服务站点,快递,2025-04-01 10:11:23,,3,2.84,0,35.00,0.00,7.00,20% ,2,1906892075831074816,极兔快递,JT0015901113782,食品,新疆维吾尔自治区,
