姓名,付款人,用户(下单人),订单类型,日期,退款日期,打单重量,结算重量,重量差,金额,超重金额,团长利润,利润公式,价格方案,订单号,快递公司,物流单号,邮寄物品,发往,说明
凯泽智慧社区团寄快递_站点,合计金额:,3444.28,快递金额:, 3085.81,干洗金额:, 358.47,,,,,,,,,,,,,
凯泽智慧社区团寄快递_站点-凯泽智慧社区团寄快递,凯泽智慧社区团寄快递,凯泽智慧社区团寄快递,快递,2025-04-30 22:51:22,,1,,,6.00,,2.80,6-3.2,1,1917592600103936000,极兔快递,JT0016358821272,服饰,浙江省,
凯泽智慧社区团寄快递_站点-凯泽智慧社区团寄快递,凯泽智慧社区团寄快递,凯泽智慧社区团寄快递,快递,2025-04-30 22:50:01,,1,,,6.00,,2.80,6-3.2,1,1917592256837902336,极兔快递,JT0016362428391,服饰,湖南省,
凯泽智慧社区团寄快递_站点-凯泽智慧社区团寄快递,凯泽智慧社区团寄快递,凯泽智慧社区团寄快递,快递,2025-04-30 21:42:14,,1,,,6.00,,2.80,6-3.2,1,1917575190718242816,极兔快递,JT0016362393027,服饰,广东省,
凯泽智慧社区团寄快递_站点-凯泽智慧社区团寄快递,凯泽智慧社区团寄快递,凯泽智慧社区团寄快递,快递,2025-04-30 21:41:36,,1,,,6.00,,2.80,6-3.2,1,1917575030005096448,极兔快递,JT0016344599207,服饰,浙江省,
凯泽智慧社区团寄快递_站点-凯泽智慧社区团寄快递,凯泽智慧社区团寄快递,凯泽智慧社区团寄快递,快递,2025-04-30 21:40:51,,1,,,6.00,,2.80,6-3.2,1,1917574847661924352,极兔快递,JT0016362437321,服饰,江苏省,
凯泽智慧社区团寄快递_站点-凯泽智慧社区团寄快递,凯泽智慧社区团寄快递,凯泽智慧社区团寄快递,快递,2025-04-30 20:16:14,,1,,,6.00,,2.80,6-3.2,1,1917553558645694464,极兔快递,JT0016357538835,服饰,辽宁省,
凯泽智慧社区团寄快递_站点-凯泽智慧社区团寄快递,凯泽智慧社区团寄快递,凯泽智慧社区团寄快递,快递,2025-04-30 20:09:02,,1,,,6.00,,2.80,6-3.2,1,1917551734261866496,极兔快递,JT0016357981449,服饰,浙江省,
凯泽智慧社区团寄快递_站点-凯泽智慧社区团寄快递,凯泽智慧社区团寄快递,凯泽智慧社区团寄快递,快递,2025-04-30 20:08:19,,1,,,6.00,,2.80,6-3.2,1,1917551565344661504,极兔快递,JT0016355728854,服饰,河北省,
凯泽智慧社区团寄快递_站点-凯泽智慧社区团寄快递,凯泽智慧社区团寄快递,凯泽智慧社区团寄快递,快递,2025-04-30 20:01:38,,2,,,7.00,,3.01,43% ,1,1917549881826533376,极兔快递,JT0016353039828,服饰,浙江省,
凯泽智慧社区团寄快递_站点-凯泽智慧社区团寄快递,凯泽智慧社区团寄快递,凯泽智慧社区团寄快递,快递,2025-04-30 19:58:09,,1,,,6.00,,2.80,6-3.2,1,1917548993397448704,极兔快递,JT0016360057649,服饰,山东省,
凯泽智慧社区团寄快递_站点-凯泽智慧社区团寄快递,凯泽智慧社区团寄快递,凯泽智慧社区团寄快递,快递,2025-04-30 19:57:15,,1,,,6.00,,2.80,6-3.2,1,1917548782939856896,极兔快递,JT0016361763869,服饰,安徽省,
凯泽智慧社区团寄快递_站点-凯泽智慧社区团寄快递,凯泽智慧社区团寄快递,凯泽智慧社区团寄快递,快递,2025-04-30 19:50:53,,1,,,6.00,,2.80,6-3.2,1,1917547178018791424,极兔快递,JT0016357085605,服饰,福建省,
凯泽智慧社区团寄快递_站点-凯泽智慧社区团寄快递,凯泽智慧社区团寄快递,凯泽智慧社区团寄快递,快递,2025-04-30 19:49:33,,1,,,6.00,,2.80,6-3.2,1,1917546815307964416,极兔快递,JT0016360366787,服饰,安徽省,
凯泽智慧社区团寄快递_站点-凯泽智慧社区团寄快递,凯泽智慧社区团寄快递,凯泽智慧社区团寄快递,快递,2025-04-30 19:35:34,,1,,,6.00,,2.80,6-3.2,1,1917543322035740672,极兔快递,JT0016361488220,生活用品,浙江省,
凯泽智慧社区团寄快递_站点-凯泽智慧社区团寄快递,凯泽智慧社区团寄快递,凯泽智慧社区团寄快递,快递,2025-04-30 19:28:00,,1,,,6.00,,2.80,6-3.2,1,1917541413149270016,极兔快递,JT0016362446623,服饰,广东省,
凯泽智慧社区团寄快递_站点-凯泽智慧社区团寄快递,凯泽智慧社区团寄快递,凯泽智慧社区团寄快递,快递,2025-04-30 19:13:59,,1,,,6.00,,2.80,6-3.2,1,1917537892857339904,极兔快递,JT0016355609257,服饰,江苏省,
凯泽智慧社区团寄快递_站点-凯泽智慧社区团寄快递,凯泽智慧社区团寄快递,凯泽智慧社区团寄快递,干洗,2025-04-30 18:40:06,,,,,9.90,,2.97,30%,,1917529363786293248,干洗,,"清洗鞋19.8元两双   *   1",,
凯泽智慧社区团寄快递_站点-凯泽智慧社区团寄快递,凯泽智慧社区团寄快递,凯泽智慧社区团寄快递,干洗,2025-04-30 18:38:31,,,,,9.90,,2.97,30%,,1917528961837752320,干洗,,"清洗鞋19.8元两双   *   1",,
凯泽智慧社区团寄快递_站点-凯泽智慧社区团寄快递,凯泽智慧社区团寄快递,凯泽智慧社区团寄快递,快递,2025-04-30 17:35:23,,1,,,6.00,,2.80,6-3.2,1,1917513078000115712,极兔快递,JT0016359072385,生活用品,广东省,
凯泽智慧社区团寄快递_站点-凯泽智慧社区团寄快递,凯泽智慧社区团寄快递,凯泽智慧社区团寄快递,快递,2025-04-30 17:28:37,,1,,,6.00,,2.80,6-3.2,1,1917511367336452096,极兔快递,JT0016351519910,服饰,山东省,
凯泽智慧社区团寄快递_站点-凯泽智慧社区团寄快递,凯泽智慧社区团寄快递,凯泽智慧社区团寄快递,快递,2025-04-30 17:27:34,,1,,,6.00,,2.80,6-3.2,1,1917511102856224768,极兔快递,JT0016359175842,服饰,广东省,
凯泽智慧社区团寄快递_站点-凯泽智慧社区团寄快递,凯泽智慧社区团寄快递,凯泽智慧社区团寄快递,快递,2025-04-30 17:26:31,,1,,,6.00,,2.80,6-3.2,1,1917510846466809856,极兔快递,JT0016360850382,服饰,广东省,
凯泽智慧社区团寄快递_站点-凯泽智慧社区团寄快递,凯泽智慧社区团寄快递,凯泽智慧社区团寄快递,快递,2025-04-30 16:55:25,,1,,,6.00,,2.80,6-3.2,1,1917503020491137024,极兔快递,JT0016345501945,服饰,河北省,
凯泽智慧社区团寄快递_站点-凯泽智慧社区团寄快递,凯泽智慧社区团寄快递,凯泽智慧社区团寄快递,快递,2025-04-30 16:49:15,,2,,,15.00,,1.00,,,1917501470393819136,京东快递,JDVG03722518492,生活用品,陕西省,
凯泽智慧社区团寄快递_站点-凯泽智慧社区团寄快递,凯泽智慧社区团寄快递,凯泽智慧社区团寄快递,快递,2025-04-30 16:39:02,,2,,,7.00,,3.01,43% ,1,1917498884441825280,极兔快递,JT0016349710039,生活用品,河北省,
凯泽智慧社区团寄快递_站点-凯泽智慧社区团寄快递,凯泽智慧社区团寄快递,凯泽智慧社区团寄快递,快递,2025-04-30 16:11:12,,1,,,6.00,,2.80,6-3.2,1,1917491892209901568,极兔快递,JT0016358997499,服饰,广东省,
凯泽智慧社区团寄快递_站点-凯泽智慧社区团寄快递,凯泽智慧社区团寄快递,凯泽智慧社区团寄快递,快递,2025-04-30 15:27:16,,1,,,6.00,,2.80,6-3.2,1,1917480834363613184,极兔快递,JT0016357528078,服饰,广东省,
凯泽智慧社区团寄快递_站点-凯泽智慧社区团寄快递,凯泽智慧社区团寄快递,凯泽智慧社区团寄快递,快递,2025-04-30 14:27:42,,1,,,6.00,,2.80,6-3.2,1,1917465845317820416,极兔快递,JT0016353316071,服饰,广东省,
凯泽智慧社区团寄快递_站点-凯泽智慧社区团寄快递,凯泽智慧社区团寄快递,凯泽智慧社区团寄快递,快递,2025-04-30 14:13:42,,1,,,6.00,,2.80,6-3.2,1,1917462322542862336,极兔快递,JT0016354392334,服饰,福建省,
凯泽智慧社区团寄快递_站点-凯泽智慧社区团寄快递,凯泽智慧社区团寄快递,凯泽智慧社区团寄快递,快递,2025-04-30 14:11:43,,1,,,6.00,,2.80,6-3.2,1,1917461821445169152,极兔快递,JT0016355904810,服饰,安徽省,
凯泽智慧社区团寄快递_站点-凯泽智慧社区团寄快递,凯泽智慧社区团寄快递,凯泽智慧社区团寄快递,快递,2025-04-30 14:09:45,,1,,,6.00,,2.80,6-3.2,1,1917461325833625600,极兔快递,JT0016354531615,服饰,福建省,
凯泽智慧社区团寄快递_站点-凯泽智慧社区团寄快递,凯泽智慧社区团寄快递,凯泽智慧社区团寄快递,快递,2025-04-30 12:56:34,,1,,,6.00,,2.80,6-3.2,1,1917442913518542848,极兔快递,JT0016352623216,服饰,广东省,
凯泽智慧社区团寄快递_站点-凯泽智慧社区团寄快递,凯泽智慧社区团寄快递,凯泽智慧社区团寄快递,快递,2025-04-30 10:53:29,,1,0.2,0,6.00,0.00,2.80,6-3.2,1,1917411937711087616,极兔快递,JT0016351676441,食品,河北省,
凯泽智慧社区团寄快递_站点-凯泽智慧社区团寄快递,凯泽智慧社区团寄快递,凯泽智慧社区团寄快递,快递,2025-04-30 10:50:38,,1,0.2,0,6.00,0.00,2.80,6-3.2,1,1917411218207596544,极兔快递,JT0016351110885,生活用品,山东省,
凯泽智慧社区团寄快递_站点-凯泽智慧社区团寄快递,凯泽智慧社区团寄快递,凯泽智慧社区团寄快递,快递,2025-04-30 10:31:15,,1,0.37,0,6.00,0.00,2.80,6-3.2,1,1917406330568368128,极兔快递,JT0016335926548,服饰,浙江省,
凯泽智慧社区团寄快递_站点-凯泽智慧社区团寄快递,凯泽智慧社区团寄快递,凯泽智慧社区团寄快递,快递,2025-04-30 10:30:36,,1,0.2,0,6.00,0.00,2.80,6-3.2,1,1917406177849565184,极兔快递,JT0016346444081,服饰,湖北省,
凯泽智慧社区团寄快递_站点-凯泽智慧社区团寄快递,凯泽智慧社区团寄快递,凯泽智慧社区团寄快递,快递,2025-04-30 10:27:31,,1,0.65,0,6.00,0.00,2.80,6-3.2,1,1917405391992184832,极兔快递,JT0016344370128,服饰,山西省,
凯泽智慧社区团寄快递_站点-凯泽智慧社区团寄快递,凯泽智慧社区团寄快递,凯泽智慧社区团寄快递,快递,2025-04-30 10:26:47,,1,0.63,0,6.00,0.00,2.80,6-3.2,1,1917405201562394624,极兔快递,JT0016349574933,服饰,山西省,
凯泽智慧社区团寄快递_站点-凯泽智慧社区团寄快递,凯泽智慧社区团寄快递,凯泽智慧社区团寄快递,快递,2025-04-30 10:26:04,,1,0.24,0,6.00,0.00,2.80,6-3.2,1,1917405040895385600,极兔快递,JT0016351118521,服饰,江西省,
凯泽智慧社区团寄快递_站点-凯泽智慧社区团寄快递,凯泽智慧社区团寄快递,凯泽智慧社区团寄快递,快递,2025-04-30 10:21:33,,1,0.3,0,6.00,0.00,2.80,6-3.2,1,1917403898253729792,极兔快递,JT0016342706559,服饰,浙江省,
凯泽智慧社区团寄快递_站点-凯泽智慧社区团寄快递,凯泽智慧社区团寄快递,凯泽智慧社区团寄快递,快递,2025-04-30 08:47:23,,1,0.2,0,6.00,0.00,2.80,6-3.2,1,1917380204018065408,极兔快递,JT0016347638795,服饰,浙江省,
凯泽智慧社区团寄快递_站点-凯泽智慧社区团寄快递,凯泽智慧社区团寄快递,凯泽智慧社区团寄快递,快递,2025-04-29 21:51:17,,1,1.41,-1,6.00,0.00,2.80,6-3.2,1,1917215082301677568,极兔快递,JT0016344285442,服饰,浙江省,
凯泽智慧社区团寄快递_站点-凯泽智慧社区团寄快递,凯泽智慧社区团寄快递,凯泽智慧社区团寄快递,快递,2025-04-29 21:50:43,,1,0.58,0,6.00,0.00,2.80,6-3.2,1,1917214945407983616,极兔快递,JT0016343138717,服饰,浙江省,
凯泽智慧社区团寄快递_站点-凯泽智慧社区团寄快递,凯泽智慧社区团寄快递,凯泽智慧社区团寄快递,快递,2025-04-29 20:23:08,,1,0.29,0,6.00,0.00,2.80,6-3.2,1,1917192904638259200,极兔快递,JT0016342782089,服饰,湖北省,
凯泽智慧社区团寄快递_站点-凯泽智慧社区团寄快递,凯泽智慧社区团寄快递,凯泽智慧社区团寄快递,快递,2025-04-29 20:22:02,,1,0.29,0,6.00,0.00,2.80,6-3.2,1,1917192630834094080,极兔快递,JT0016345070809,服饰,广东省,
凯泽智慧社区团寄快递_站点-凯泽智慧社区团寄快递,凯泽智慧社区团寄快递,凯泽智慧社区团寄快递,快递,2025-04-29 20:20:49,,1,0.3,0,6.00,0.00,2.80,6-3.2,1,1917192326700916736,极兔快递,JT0016343596083,服饰,广东省,
凯泽智慧社区团寄快递_站点-凯泽智慧社区团寄快递,凯泽智慧社区团寄快递,凯泽智慧社区团寄快递,快递,2025-04-29 20:19:42,,1,0.3,0,6.00,0.00,2.80,6-3.2,1,1917192039454007296,极兔快递,JT0016342324591,服饰,广东省,
凯泽智慧社区团寄快递_站点-凯泽智慧社区团寄快递,凯泽智慧社区团寄快递,凯泽智慧社区团寄快递,快递,2025-04-29 20:17:04,,1,0.64,0,6.00,0.00,2.80,6-3.2,1,1917191378901458944,极兔快递,JT0016344248401,服饰,广东省,
凯泽智慧社区团寄快递_站点-凯泽智慧社区团寄快递,凯泽智慧社区团寄快递,凯泽智慧社区团寄快递,快递,2025-04-29 19:38:19,,1,0.22,0,6.00,0.00,2.80,6-3.2,1,1917181626586816512,极兔快递,JT0016340112272,服饰,浙江省,
凯泽智慧社区团寄快递_站点-凯泽智慧社区团寄快递,凯泽智慧社区团寄快递,凯泽智慧社区团寄快递,快递,2025-04-29 19:11:59,,1,0.2,0,6.00,0.00,2.80,6-3.2,1,1917175000391802880,极兔快递,JT0016337264474,服饰,湖北省,
凯泽智慧社区团寄快递_站点-凯泽智慧社区团寄快递,凯泽智慧社区团寄快递,凯泽智慧社区团寄快递,快递,2025-04-29 19:10:11,,1,0.38,0,6.00,0.00,2.80,6-3.2,1,1917174548640096256,极兔快递,JT0016343133362,服饰,河南省,
凯泽智慧社区团寄快递_站点-凯泽智慧社区团寄快递,凯泽智慧社区团寄快递,凯泽智慧社区团寄快递,快递,2025-04-29 18:49:50,,1,1.03,-1,6.00,0.00,2.80,6-3.2,1,1917169426597994496,极兔快递,JT0016342636464,服饰,浙江省,
凯泽智慧社区团寄快递_站点-凯泽智慧社区团寄快递,凯泽智慧社区团寄快递,凯泽智慧社区团寄快递,快递,2025-04-29 18:17:37,,1,0.2,0,6.00,0.00,2.80,6-3.2,1,1917161314679840768,极兔快递,JT0016343844448,服饰,广东省,
凯泽智慧社区团寄快递_站点-凯泽智慧社区团寄快递,凯泽智慧社区团寄快递,凯泽智慧社区团寄快递,快递,2025-04-29 18:08:31,,1,0.6,0,6.00,0.00,2.80,6-3.2,1,1917159025508409344,极兔快递,JT0016342962529,服饰,四川省,
凯泽智慧社区团寄快递_站点-凯泽智慧社区团寄快递,凯泽智慧社区团寄快递,凯泽智慧社区团寄快递,快递,2025-04-29 18:01:22,,2,,,7.00,,3.01,43% ,1,1917157228542746624,极兔快递,JT0016335128116,食品,河南省,
凯泽智慧社区团寄快递_站点-凯泽智慧社区团寄快递,凯泽智慧社区团寄快递,凯泽智慧社区团寄快递,快递,2025-04-29 17:48:03,,1,0.41,0,6.00,0.00,2.80,6-3.2,1,1917153871967084544,极兔快递,JT0016338608175,服饰,浙江省,
凯泽智慧社区团寄快递_站点-凯泽智慧社区团寄快递,凯泽智慧社区团寄快递,凯泽智慧社区团寄快递,快递,2025-04-29 17:47:18,,2,1.47,0,7.00,0.00,3.01,43% ,1,1917153684058071040,极兔快递,JT0016339918273,服饰,辽宁省,
凯泽智慧社区团寄快递_站点-凯泽智慧社区团寄快递,凯泽智慧社区团寄快递,凯泽智慧社区团寄快递,快递,2025-04-29 17:46:06,,1,0.39,0,6.00,0.00,2.80,6-3.2,1,1917153386153435136,极兔快递,JT0016336397751,服饰,河北省,
凯泽智慧社区团寄快递_站点-凯泽智慧社区团寄快递,凯泽智慧社区团寄快递,凯泽智慧社区团寄快递,快递,2025-04-29 15:58:03,,1,0.42,0,6.00,0.00,2.80,6-3.2,1,1917126192005963776,极兔快递,JT0016337082642,服饰,广东省,
凯泽智慧社区团寄快递_站点-凯泽智慧社区团寄快递,凯泽智慧社区团寄快递,凯泽智慧社区团寄快递,快递,2025-04-29 15:55:22,,1,0.6,0,6.00,0.00,2.80,6-3.2,1,1917125518736285696,极兔快递,JT0016338942349,服饰,浙江省,
凯泽智慧社区团寄快递_站点-凯泽智慧社区团寄快递,凯泽智慧社区团寄快递,凯泽智慧社区团寄快递,快递,2025-04-29 15:53:04,,1,0.22,0,6.00,0.00,2.80,6-3.2,1,1917124910973247488,极兔快递,JT0016340106255,服饰,广东省,
凯泽智慧社区团寄快递_站点-凯泽智慧社区团寄快递,凯泽智慧社区团寄快递,凯泽智慧社区团寄快递,快递,2025-04-29 13:34:37,,2,1.93,0,7.00,0.00,3.01,43% ,1,1917090100393336832,极兔快递,JT0016332272950,生活用品,湖北省,
凯泽智慧社区团寄快递_站点-凯泽智慧社区团寄快递,凯泽智慧社区团寄快递,凯泽智慧社区团寄快递,快递,2025-04-29 12:50:57,,1,0.34,0,6.00,0.00,2.80,6-3.2,1,1917079108447952896,极兔快递,JT0016335987187,服饰,广东省,
凯泽智慧社区团寄快递_站点-凯泽智慧社区团寄快递,凯泽智慧社区团寄快递,凯泽智慧社区团寄快递,快递,2025-04-29 12:48:47,,1,0.2,0,6.00,0.00,2.80,6-3.2,1,1917078564673216512,极兔快递,JT0016334437671,服饰,江苏省,
凯泽智慧社区团寄快递_站点-凯泽智慧社区团寄快递,凯泽智慧社区团寄快递,凯泽智慧社区团寄快递,快递,2025-04-29 12:46:50,,1,0.53,0,6.00,0.00,2.80,6-3.2,1,1917078071469203456,极兔快递,JT0016335224164,服饰,浙江省,
凯泽智慧社区团寄快递_站点-凯泽智慧社区团寄快递,凯泽智慧社区团寄快递,凯泽智慧社区团寄快递,快递,2025-04-29 12:44:43,,1,0.48,0,6.00,0.00,2.52,42% ,1,1917077542286450688,韵达快递,312728911189012,服饰,安徽省,
凯泽智慧社区团寄快递_站点-凯泽智慧社区团寄快递,凯泽智慧社区团寄快递,凯泽智慧社区团寄快递,快递,2025-04-29 12:33:17,,1,0.44,0,6.00,0.00,2.80,6-3.2,1,1917074661063843840,极兔快递,JT0016332180109,服饰,广东省,
凯泽智慧社区团寄快递_站点-凯泽智慧社区团寄快递,凯泽智慧社区团寄快递,凯泽智慧社区团寄快递,快递,2025-04-29 11:07:50,,1,0.31,0,6.00,0.00,2.80,6-3.2,1,1917053158842753024,极兔快递,JT0016333380580,服饰,江西省,
凯泽智慧社区团寄快递_站点-凯泽智慧社区团寄快递,凯泽智慧社区团寄快递,凯泽智慧社区团寄快递,快递,2025-04-29 10:17:57,,1,0.2,0,6.00,0.00,2.80,6-3.2,1,1917040608302391296,极兔快递,JT0016332670164,服饰,河北省,
凯泽智慧社区团寄快递_站点-凯泽智慧社区团寄快递,凯泽智慧社区团寄快递,凯泽智慧社区团寄快递,快递,2025-04-29 09:47:23,,1,0.31,0,6.00,0.00,2.80,6-3.2,1,1917032915286155264,极兔快递,JT0016330204373,服饰,河南省,
凯泽智慧社区团寄快递_站点-凯泽智慧社区团寄快递,凯泽智慧社区团寄快递,凯泽智慧社区团寄快递,快递,2025-04-29 09:45:33,,1,0.2,0,6.00,0.00,2.80,6-3.2,1,1917032451261915136,极兔快递,JT0016331415160,服饰,河南省,
凯泽智慧社区团寄快递_站点-凯泽智慧社区团寄快递,凯泽智慧社区团寄快递,凯泽智慧社区团寄快递,快递,2025-04-29 09:44:26,,1,0.27,0,6.00,0.00,2.80,6-3.2,1,1917032173817094144,极兔快递,JT0016331296069,服饰,福建省,
凯泽智慧社区团寄快递_站点-凯泽智慧社区团寄快递,凯泽智慧社区团寄快递,凯泽智慧社区团寄快递,快递,2025-04-29 09:42:47,,1,0.35,0,6.00,0.00,2.80,6-3.2,1,1917031759751208960,极兔快递,JT0016329792413,服饰,浙江省,
凯泽智慧社区团寄快递_站点-凯泽智慧社区团寄快递,凯泽智慧社区团寄快递,凯泽智慧社区团寄快递,快递,2025-04-29 09:41:23,,1,0.29,0,6.00,0.00,2.80,6-3.2,1,1917031406666309632,极兔快递,JT0016330382955,服饰,河南省,
凯泽智慧社区团寄快递_站点-凯泽智慧社区团寄快递,凯泽智慧社区团寄快递,凯泽智慧社区团寄快递,快递,2025-04-29 09:40:18,,1,1.0,0,7.00,0.00,2.80,6-3.2,1,1917031133214466048,极兔快递,JT0016331750655,服饰,北京市,
凯泽智慧社区团寄快递_站点-凯泽智慧社区团寄快递,凯泽智慧社区团寄快递,凯泽智慧社区团寄快递,快递,2025-04-29 09:39:28,,1,0.86,0,6.00,0.00,2.80,6-3.2,1,1917030920768774144,极兔快递,JT0016329449231,服饰,福建省,
凯泽智慧社区团寄快递_站点-凯泽智慧社区团寄快递,凯泽智慧社区团寄快递,凯泽智慧社区团寄快递,快递,2025-04-29 09:27:59,,1,0.3,0,6.00,0.00,2.80,6-3.2,1,1917028024455061504,极兔快递,JT0016329285119,服饰,广东省,
凯泽智慧社区团寄快递_站点-凯泽智慧社区团寄快递,凯泽智慧社区团寄快递,凯泽智慧社区团寄快递,快递,2025-04-29 09:26:55,,3,2.26,0,8.00,0.00,3.60,45% ,1,1917027766845104128,极兔快递,JT0016328846435,服饰,山西省,
凯泽智慧社区团寄快递_站点-凯泽智慧社区团寄快递,凯泽智慧社区团寄快递,凯泽智慧社区团寄快递,快递,2025-04-29 09:08:03,,1,0.83,0,6.00,0.00,2.80,6-3.2,1,1917023003646681088,极兔快递,JT0016330317819,服饰,广东省,
凯泽智慧社区团寄快递_站点-凯泽智慧社区团寄快递,凯泽智慧社区团寄快递,凯泽智慧社区团寄快递,快递,2025-04-28 22:36:30,,1,0.2,0,6.00,0.00,2.80,6-3.2,1,1916864070772645888,极兔快递,JT0016329062312,服饰,河北省,
凯泽智慧社区团寄快递_站点-凯泽智慧社区团寄快递,凯泽智慧社区团寄快递,凯泽智慧社区团寄快递,快递,2025-04-28 21:44:11,,2,1.57,0,7.00,0.00,3.01,43% ,1,1916850916319617024,极兔快递,JT0016327829213,生活用品,河南省,
凯泽智慧社区团寄快递_站点-凯泽智慧社区团寄快递,凯泽智慧社区团寄快递,凯泽智慧社区团寄快递,快递,2025-04-28 21:05:22,,1,0.4,0,6.00,0.00,2.80,6-3.2,1,1916841141263458304,极兔快递,JT0016325874829,服饰,福建省,
凯泽智慧社区团寄快递_站点-凯泽智慧社区团寄快递,凯泽智慧社区团寄快递,凯泽智慧社区团寄快递,快递,2025-04-28 20:47:22,,1,0.99,0,6.00,0.00,2.80,6-3.2,1,1916836613461958656,极兔快递,JT0016308316448,服饰,江西省,
凯泽智慧社区团寄快递_站点-凯泽智慧社区团寄快递,凯泽智慧社区团寄快递,凯泽智慧社区团寄快递,快递,2025-04-28 20:07:58,,1,0.3,0,6.00,0.00,2.80,6-3.2,1,1916826694738305024,极兔快递,JT0016322657443,服饰,广东省,
凯泽智慧社区团寄快递_站点-凯泽智慧社区团寄快递,凯泽智慧社区团寄快递,凯泽智慧社区团寄快递,快递,2025-04-28 20:07:12,,1,0.2,0,6.00,0.00,2.80,6-3.2,1,1916826511614992384,极兔快递,JT0016325712437,服饰,江苏省,
凯泽智慧社区团寄快递_站点-凯泽智慧社区团寄快递,凯泽智慧社区团寄快递,凯泽智慧社区团寄快递,快递,2025-04-28 20:05:24,,1,0.68,0,6.00,0.00,2.80,6-3.2,1,1916826044445024256,极兔快递,JT0016326147786,服饰,浙江省,
凯泽智慧社区团寄快递_站点-凯泽智慧社区团寄快递,凯泽智慧社区团寄快递,凯泽智慧社区团寄快递,快递,2025-04-28 20:04:22,,1,0.88,0,6.00,0.00,2.80,6-3.2,1,1916825794279956480,极兔快递,JT0016325648152,服饰,浙江省,
凯泽智慧社区团寄快递_站点-凯泽智慧社区团寄快递,凯泽智慧社区团寄快递,凯泽智慧社区团寄快递,快递,2025-04-28 20:02:21,,1,0.38,0,6.00,0.00,2.80,6-3.2,1,1916825286706257920,极兔快递,JT0016326467218,服饰,广东省,
凯泽智慧社区团寄快递_站点-凯泽智慧社区团寄快递,凯泽智慧社区团寄快递,凯泽智慧社区团寄快递,快递,2025-04-28 19:51:46,,1,0.2,0,6.00,0.00,2.80,6-3.2,1,1916822626250842112,极兔快递,JT0016325837722,服饰,贵州省,
凯泽智慧社区团寄快递_站点-凯泽智慧社区团寄快递,凯泽智慧社区团寄快递,凯泽智慧社区团寄快递,快递,2025-04-28 19:48:37,,1,0.2,0,6.00,0.00,2.80,6-3.2,1,1916821828997537792,极兔快递,JT0016319657632,生活用品,浙江省,
凯泽智慧社区团寄快递_站点-凯泽智慧社区团寄快递,凯泽智慧社区团寄快递,凯泽智慧社区团寄快递,快递,2025-04-28 19:38:11,,1,1.0,0,7.00,0.00,2.80,6-3.2,1,1916819206496378880,极兔快递,JT0016326796158,服饰,北京市,
凯泽智慧社区团寄快递_站点-凯泽智慧社区团寄快递,凯泽智慧社区团寄快递,凯泽智慧社区团寄快递,快递,2025-04-28 19:29:04,,1,0.2,0,6.00,0.00,2.80,6-3.2,1,1916816907325726720,极兔快递,JT0016317151688,服饰,湖北省,
凯泽智慧社区团寄快递_站点-凯泽智慧社区团寄快递,凯泽智慧社区团寄快递,凯泽智慧社区团寄快递,快递,2025-04-28 19:26:14,,1,0.41,0,6.00,0.00,2.80,6-3.2,1,1916816198073114624,极兔快递,JT0016323011852,服饰,河南省,
凯泽智慧社区团寄快递_站点-凯泽智慧社区团寄快递,凯泽智慧社区团寄快递,凯泽智慧社区团寄快递,快递,2025-04-28 19:23:50,,1,0.2,0,6.00,0.00,2.80,6-3.2,1,1916815595804614656,极兔快递,JT0016326832572,服饰,湖北省,
凯泽智慧社区团寄快递_站点-凯泽智慧社区团寄快递,凯泽智慧社区团寄快递,凯泽智慧社区团寄快递,快递,2025-04-28 19:21:35,,1,0.38,0,6.00,0.00,2.80,6-3.2,1,1916815030013976576,极兔快递,JT0016323313218,服饰,广东省,
凯泽智慧社区团寄快递_站点-凯泽智慧社区团寄快递,凯泽智慧社区团寄快递,凯泽智慧社区团寄快递,快递,2025-04-28 19:18:48,,1,0.23,0,6.00,0.00,2.80,6-3.2,1,1916814327317061632,极兔快递,JT0016318048169,服饰,浙江省,
凯泽智慧社区团寄快递_站点-凯泽智慧社区团寄快递,凯泽智慧社区团寄快递,凯泽智慧社区团寄快递,快递,2025-04-28 19:13:27,,1,0.2,0,6.00,0.00,2.80,6-3.2,1,1916812980190502912,极兔快递,JT0016325959026,服饰,安徽省,
凯泽智慧社区团寄快递_站点-凯泽智慧社区团寄快递,凯泽智慧社区团寄快递,凯泽智慧社区团寄快递,快递,2025-04-28 18:19:17,,1,0.43,0,6.00,0.00,2.80,6-3.2,1,1916799347968499712,极兔快递,JT0016322059903,服饰,浙江省,
凯泽智慧社区团寄快递_站点-凯泽智慧社区团寄快递,凯泽智慧社区团寄快递,凯泽智慧社区团寄快递,快递,2025-04-28 18:13:55,,1,0.2,0,6.00,0.00,2.80,6-3.2,1,1916797999722061824,极兔快递,JT0016322875151,服饰,广东省,
凯泽智慧社区团寄快递_站点-凯泽智慧社区团寄快递,凯泽智慧社区团寄快递,凯泽智慧社区团寄快递,快递,2025-04-28 18:09:15,,1,0.2,0,6.00,0.00,2.80,6-3.2,1,1916796825472131072,极兔快递,JT0016325849437,服饰,广东省,
凯泽智慧社区团寄快递_站点-凯泽智慧社区团寄快递,凯泽智慧社区团寄快递,凯泽智慧社区团寄快递,快递,2025-04-28 16:31:31,,1,0.69,0,6.00,0.00,2.80,6-3.2,1,1916772228706131968,极兔快递,JT0016323090501,服饰,广东省,
凯泽智慧社区团寄快递_站点-凯泽智慧社区团寄快递,凯泽智慧社区团寄快递,凯泽智慧社区团寄快递,快递,2025-04-28 14:19:01,,1,0.81,0,6.00,0.00,2.80,6-3.2,1,1916738884140326912,极兔快递,JT0016318600589,服饰,黑龙江省,
凯泽智慧社区团寄快递_站点-凯泽智慧社区团寄快递,凯泽智慧社区团寄快递,凯泽智慧社区团寄快递,快递,2025-04-28 13:59:59,2025-04-28 06:02:41,1,,,6.00,,0.00,,1,1916734092194144256,极兔快递,JT0016317261299,服饰,安徽省,已全额退款
凯泽智慧社区团寄快递_站点-凯泽智慧社区团寄快递,凯泽智慧社区团寄快递,凯泽智慧社区团寄快递,快递,2025-04-28 14:01:59,,1,0.59,0,6.00,0.00,2.80,6-3.2,1,1916734596877967360,极兔快递,JT0016308213097,服饰,安徽省,
凯泽智慧社区团寄快递_站点-凯泽智慧社区团寄快递,凯泽智慧社区团寄快递,凯泽智慧社区团寄快递,快递,2025-04-28 13:15:30,,1,0.97,0,6.00,0.00,2.80,6-3.2,1,1916722902294388736,极兔快递,JT0016316963028,生活用品,广东省,
凯泽智慧社区团寄快递_站点-凯泽智慧社区团寄快递,凯泽智慧社区团寄快递,凯泽智慧社区团寄快递,快递,2025-04-28 12:57:06,,2,1.08,0,7.00,0.00,3.01,43% ,1,1916718269589151744,极兔快递,JT0016317753568,生活用品,广东省,
凯泽智慧社区团寄快递_站点-凯泽智慧社区团寄快递,凯泽智慧社区团寄快递,凯泽智慧社区团寄快递,快递,2025-04-28 12:51:25,,1,0.22,0,6.00,0.00,2.80,6-3.2,1,1916716839826415616,极兔快递,JT0016312850060,服饰,广东省,
凯泽智慧社区团寄快递_站点-凯泽智慧社区团寄快递,凯泽智慧社区团寄快递,凯泽智慧社区团寄快递,快递,2025-04-28 12:31:38,,1,0.2,0,6.00,0.00,2.80,6-3.2,1,1916711861300813824,极兔快递,JT0016311207697,服饰,广东省,
凯泽智慧社区团寄快递_站点-凯泽智慧社区团寄快递,凯泽智慧社区团寄快递,凯泽智慧社区团寄快递,快递,2025-04-28 12:27:33,,1,0.28,0,6.00,0.00,2.80,6-3.2,1,1916710825777487872,极兔快递,JT0016317027629,服饰,广东省,
凯泽智慧社区团寄快递_站点-凯泽智慧社区团寄快递,凯泽智慧社区团寄快递,凯泽智慧社区团寄快递,快递,2025-04-28 12:26:29,,1,0.2,0,6.00,0.00,2.80,6-3.2,1,1916710562924650496,极兔快递,JT0016316743212,服饰,浙江省,
凯泽智慧社区团寄快递_站点-凯泽智慧社区团寄快递,凯泽智慧社区团寄快递,凯泽智慧社区团寄快递,快递,2025-04-28 12:24:40,,1.5,1.34,0,7.00,0.00,3.01,43% ,1,1916710103543504896,极兔快递,JT0016315531510,服饰,浙江省,
凯泽智慧社区团寄快递_站点-凯泽智慧社区团寄快递,凯泽智慧社区团寄快递,凯泽智慧社区团寄快递,快递,2025-04-28 11:34:38,,1,0.6,0,6.00,0.00,2.80,6-3.2,1,1916697516013576192,极兔快递,JT0016314729158,服饰,福建省,
凯泽智慧社区团寄快递_站点-凯泽智慧社区团寄快递,凯泽智慧社区团寄快递,凯泽智慧社区团寄快递,快递,2025-04-28 11:31:33,,1,0.41,0,6.00,0.00,2.80,6-3.2,1,1916696738087624704,极兔快递,JT0016309918801,服饰,吉林省,
凯泽智慧社区团寄快递_站点-凯泽智慧社区团寄快递,凯泽智慧社区团寄快递,凯泽智慧社区团寄快递,快递,2025-04-28 10:44:02,,1,0.56,0,6.00,0.00,2.80,6-3.2,1,1916684774338781184,极兔快递,JT0016308574266,服饰,浙江省,
凯泽智慧社区团寄快递_站点-凯泽智慧社区团寄快递,凯泽智慧社区团寄快递,凯泽智慧社区团寄快递,快递,2025-04-28 10:43:23,,1,0.29,0,6.00,0.00,2.80,6-3.2,1,1916684594059206656,极兔快递,JT0016307722194,服饰,江苏省,
凯泽智慧社区团寄快递_站点-凯泽智慧社区团寄快递,凯泽智慧社区团寄快递,凯泽智慧社区团寄快递,快递,2025-04-28 10:42:41,,1,0.62,0,6.00,0.00,2.80,6-3.2,1,1916684444200919040,极兔快递,JT0016307665807,服饰,陕西省,
凯泽智慧社区团寄快递_站点-凯泽智慧社区团寄快递,凯泽智慧社区团寄快递,凯泽智慧社区团寄快递,快递,2025-04-28 10:00:43,,1,0.75,0,6.00,0.00,2.80,6-3.2,1,1916673863830003712,极兔快递,JT0016311818763,服饰,江苏省,
凯泽智慧社区团寄快递_站点-凯泽智慧社区团寄快递,凯泽智慧社区团寄快递,凯泽智慧社区团寄快递,快递,2025-04-28 09:59:47,,1,0.2,0,6.00,0.00,2.80,6-3.2,1,1916673639938056192,极兔快递,JT0016313614853,服饰,河南省,
凯泽智慧社区团寄快递_站点-凯泽智慧社区团寄快递,凯泽智慧社区团寄快递,凯泽智慧社区团寄快递,快递,2025-04-28 09:58:58,,1,0.35,0,6.00,0.00,2.80,6-3.2,1,1916673434438131712,极兔快递,JT0016312180937,服饰,贵州省,
凯泽智慧社区团寄快递_站点-凯泽智慧社区团寄快递,凯泽智慧社区团寄快递,凯泽智慧社区团寄快递,快递,2025-04-28 09:58:24,,1,0.2,0,6.00,0.00,2.80,6-3.2,1,1916673288698650624,极兔快递,JT0016313319328,服饰,河南省,
凯泽智慧社区团寄快递_站点-凯泽智慧社区团寄快递,凯泽智慧社区团寄快递,凯泽智慧社区团寄快递,快递,2025-04-28 09:57:48,,1,0.34,0,6.00,0.00,2.80,6-3.2,1,1916673147707121664,极兔快递,JT0016312868029,服饰,河南省,
凯泽智慧社区团寄快递_站点-凯泽智慧社区团寄快递,凯泽智慧社区团寄快递,凯泽智慧社区团寄快递,快递,2025-04-28 09:46:28,,1,1.0,0,6.00,0.00,2.80,6-3.2,1,1916670276831862784,极兔快递,JT0016311598447,生活用品,广东省,
凯泽智慧社区团寄快递_站点-凯泽智慧社区团寄快递,凯泽智慧社区团寄快递,凯泽智慧社区团寄快递,快递,2025-04-28 09:37:51,,1,0.2,0,6.00,0.00,2.80,6-3.2,1,1916668129893474304,极兔快递,JT0016305671368,服饰,河南省,
凯泽智慧社区团寄快递_站点-凯泽智慧社区团寄快递,凯泽智慧社区团寄快递,凯泽智慧社区团寄快递,快递,2025-04-27 21:18:14,,1,0.3,0,6.00,0.00,2.80,6-3.2,1,1916481993468338176,极兔快递,JT0016304180993,生活用品,广东省,
凯泽智慧社区团寄快递_站点-凯泽智慧社区团寄快递,凯泽智慧社区团寄快递,凯泽智慧社区团寄快递,快递,2025-04-27 20:13:35,,3,2.54,0,8.00,0.00,3.60,45% ,1,1916465726803992576,极兔快递,JT0016302926093,服饰,浙江省,
凯泽智慧社区团寄快递_站点-凯泽智慧社区团寄快递,凯泽智慧社区团寄快递,凯泽智慧社区团寄快递,快递,2025-04-27 20:12:20,,1,0.27,0,6.00,0.00,2.80,6-3.2,1,1916465413128773632,极兔快递,JT0016307566074,服饰,江苏省,
凯泽智慧社区团寄快递_站点-凯泽智慧社区团寄快递,凯泽智慧社区团寄快递,凯泽智慧社区团寄快递,快递,2025-04-27 20:01:56,,2,1.3,0,8.00,0.00,2.44,43%,1,1916462781635026944,极兔快递,JT0016304178166,服饰,上海市,
凯泽智慧社区团寄快递_站点-凯泽智慧社区团寄快递,凯泽智慧社区团寄快递,凯泽智慧社区团寄快递,快递,2025-04-27 20:01:24,,2,1.15,0,8.00,0.00,2.44,43%,1,1916462650579804160,极兔快递,JT0016302036210,服饰,上海市,
凯泽智慧社区团寄快递_站点-凯泽智慧社区团寄快递,凯泽智慧社区团寄快递,凯泽智慧社区团寄快递,快递,2025-04-27 19:49:06,,1,0.49,0,6.00,0.00,2.80,6-3.2,1,1916459566277386240,极兔快递,JT0016304582769,服饰,广东省,
凯泽智慧社区团寄快递_站点-凯泽智慧社区团寄快递,凯泽智慧社区团寄快递,凯泽智慧社区团寄快递,快递,2025-04-27 19:47:44,,1,0.28,0,6.00,0.00,2.80,6-3.2,1,1916459223225262080,极兔快递,JT0016308174354,服饰,江苏省,
凯泽智慧社区团寄快递_站点-凯泽智慧社区团寄快递,凯泽智慧社区团寄快递,凯泽智慧社区团寄快递,快递,2025-04-27 19:46:18,,1,0.25,0,6.00,0.00,2.80,6-3.2,1,1916458858010435584,极兔快递,JT0016307975394,服饰,江苏省,
凯泽智慧社区团寄快递_站点-凯泽智慧社区团寄快递,凯泽智慧社区团寄快递,凯泽智慧社区团寄快递,快递,2025-04-27 19:44:46,,1,0.48,0,6.00,0.00,2.80,6-3.2,1,1916458471987666944,极兔快递,JT0016308599041,服饰,浙江省,
凯泽智慧社区团寄快递_站点-凯泽智慧社区团寄快递,凯泽智慧社区团寄快递,凯泽智慧社区团寄快递,快递,2025-04-27 19:35:12,,1,0.75,0,6.00,0.00,2.80,6-3.2,1,1916456067971997696,极兔快递,JT0016306308617,服饰,广东省,
凯泽智慧社区团寄快递_站点-凯泽智慧社区团寄快递,凯泽智慧社区团寄快递,凯泽智慧社区团寄快递,快递,2025-04-27 19:24:56,,1,1.44,-1,6.00,0.00,2.80,6-3.2,1,1916453483148271616,极兔快递,JT0016309004758,服饰,浙江省,
凯泽智慧社区团寄快递_站点-凯泽智慧社区团寄快递,凯泽智慧社区团寄快递,凯泽智慧社区团寄快递,快递,2025-04-27 19:12:38,,1,0.43,0,6.00,0.00,2.80,6-3.2,1,1916450386246164480,极兔快递,JT0016308305826,服饰,山东省,
凯泽智慧社区团寄快递_站点-凯泽智慧社区团寄快递,凯泽智慧社区团寄快递,凯泽智慧社区团寄快递,快递,2025-04-22 11:48:37,2025-04-27 11:08:37,1,,,6.00,,0.00,,1,1914526708470304768,极兔快递,JT0016215214284,服饰,广东省,已全额退款
凯泽智慧社区团寄快递_站点-凯泽智慧社区团寄快递,凯泽智慧社区团寄快递,凯泽智慧社区团寄快递,快递,2025-04-27 19:05:21,,1,0.97,0,6.00,0.00,2.80,6-3.2,1,1916448446292484096,极兔快递,JT0016305637530,服饰,广东省,
凯泽智慧社区团寄快递_站点-凯泽智慧社区团寄快递,凯泽智慧社区团寄快递,凯泽智慧社区团寄快递,干洗,2025-04-27 18:38:17,,,,,19.80,,5.94,30%,,1916441738950270976,干洗,,"清洗鞋19.8元两双   *   1
清洗鞋19.8元两双   *   1",,
凯泽智慧社区团寄快递_站点-凯泽智慧社区团寄快递,凯泽智慧社区团寄快递,凯泽智慧社区团寄快递,干洗,2025-04-27 18:33:05,,,,,103.00,,30.90,30%,,1916440430759436288,干洗,,"清洗普通羽绒服2件不分长短49元   *   1
清洗普通羽绒服2件不分长短49元   *   1
清洗普通羽绒服2件不分长短49元   *   1
清洗毛呢2件59元   *   1",,
凯泽智慧社区团寄快递_站点-凯泽智慧社区团寄快递,凯泽智慧社区团寄快递,凯泽智慧社区团寄快递,快递,2025-04-27 17:44:04,,1,0.41,0,6.00,0.00,2.80,6-3.2,1,1916428098683592704,极兔快递,JT0016305163209,服饰,浙江省,
凯泽智慧社区团寄快递_站点-凯泽智慧社区团寄快递,凯泽智慧社区团寄快递,凯泽智慧社区团寄快递,快递,2025-04-27 17:41:46,,1,0.28,0,6.00,0.00,2.80,6-3.2,1,1916427522994397184,极兔快递,JT0016301255566,服饰,河南省,
凯泽智慧社区团寄快递_站点-凯泽智慧社区团寄快递,凯泽智慧社区团寄快递,凯泽智慧社区团寄快递,快递,2025-04-27 17:32:20,,1,1.06,-1,6.00,0.00,2.80,6-3.2,1,1916425145826467840,极兔快递,JT0016306201626,生活用品,河南省,
凯泽智慧社区团寄快递_站点-凯泽智慧社区团寄快递,凯泽智慧社区团寄快递,凯泽智慧社区团寄快递,快递,2025-04-27 17:29:00,,1,,,18.00,,0.00,0%,1,1916424304398753792,顺丰速运,SF3171583605262,服饰,广东省,
凯泽智慧社区团寄快递_站点-凯泽智慧社区团寄快递,凯泽智慧社区团寄快递,凯泽智慧社区团寄快递,快递,2025-04-27 17:03:24,,1,0.2,0,6.00,0.00,2.80,6-3.2,1,1916417850723852288,极兔快递,JT0016305645649,文件,陕西省,
凯泽智慧社区团寄快递_站点-凯泽智慧社区团寄快递,凯泽智慧社区团寄快递,凯泽智慧社区团寄快递,快递,2025-04-27 17:01:54,,1,0.2,0,6.00,0.00,2.80,6-3.2,1,1916417476067647488,极兔快递,JT0016305505835,文件,陕西省,
凯泽智慧社区团寄快递_站点-凯泽智慧社区团寄快递,凯泽智慧社区团寄快递,凯泽智慧社区团寄快递,快递,2025-04-27 17:00:24,,1,0.2,0,6.00,0.00,2.80,6-3.2,1,1916417104917880832,极兔快递,JT0016303051456,文件,陕西省,
凯泽智慧社区团寄快递_站点-凯泽智慧社区团寄快递,凯泽智慧社区团寄快递,凯泽智慧社区团寄快递,快递,2025-04-27 16:13:29,,1,,,13.00,,0.00,0%,1,1916405303639597056,顺丰速运,SF3182209903671,数码产品,陕西省,
凯泽智慧社区团寄快递_站点-凯泽智慧社区团寄快递,凯泽智慧社区团寄快递,凯泽智慧社区团寄快递,快递,2025-04-27 14:20:47,,1,0.46,0,6.00,0.00,2.80,6-3.2,1,1916376935380606976,极兔快递,JT0016300133723,服饰,陕西省,
凯泽智慧社区团寄快递_站点-凯泽智慧社区团寄快递,凯泽智慧社区团寄快递,凯泽智慧社区团寄快递,干洗,2025-04-27 11:39:54,,,,,9.90,,2.97,30%,,1916336451790626816,干洗,,"清洗鞋19.8元两双   *   1",,
凯泽智慧社区团寄快递_站点-凯泽智慧社区团寄快递,凯泽智慧社区团寄快递,凯泽智慧社区团寄快递,干洗,2025-04-27 11:35:30,,,,,19.80,,5.94,30%,,1916335343861030912,干洗,,"清洗鞋19.8元两双   *   1
清洗鞋19.8元两双   *   1",,
凯泽智慧社区团寄快递_站点-凯泽智慧社区团寄快递,凯泽智慧社区团寄快递,凯泽智慧社区团寄快递,干洗,2025-04-27 11:32:45,,,,,9.90,,2.97,30%,,1916334650475470848,干洗,,"清洗鞋19.8元两双   *   1",,
凯泽智慧社区团寄快递_站点-凯泽智慧社区团寄快递,凯泽智慧社区团寄快递,凯泽智慧社区团寄快递,快递,2025-04-27 11:02:01,,1,1.01,-1,6.00,0.00,2.80,6-3.2,1,1916326919169433600,极兔快递,JT0016297001638,生活用品,陕西省,
凯泽智慧社区团寄快递_站点-凯泽智慧社区团寄快递,凯泽智慧社区团寄快递,凯泽智慧社区团寄快递,快递,2025-04-27 09:34:13,,1,0.62,0,6.00,0.00,2.80,6-3.2,1,1916304819784310784,极兔快递,JT0016292858211,服饰,浙江省,
凯泽智慧社区团寄快递_站点-凯泽智慧社区团寄快递,凯泽智慧社区团寄快递,凯泽智慧社区团寄快递,快递,2025-04-27 08:46:41,,1,0.23,0,6.00,0.00,2.80,6-3.2,1,1916292856626864128,极兔快递,JT0016294708184,服饰,浙江省,
凯泽智慧社区团寄快递_站点-凯泽智慧社区团寄快递,凯泽智慧社区团寄快递,凯泽智慧社区团寄快递,快递,2025-04-27 08:45:49,,1,0.4,0,6.00,0.00,2.80,6-3.2,1,1916292639001206784,极兔快递,JT0016293184109,服饰,河北省,
凯泽智慧社区团寄快递_站点-凯泽智慧社区团寄快递,凯泽智慧社区团寄快递,凯泽智慧社区团寄快递,快递,2025-04-27 08:44:47,,1,0.2,0,6.00,0.00,2.80,6-3.2,1,1916292377486352384,极兔快递,JT0016294053814,服饰,河南省,
凯泽智慧社区团寄快递_站点-凯泽智慧社区团寄快递,凯泽智慧社区团寄快递,凯泽智慧社区团寄快递,快递,2025-04-27 08:43:50,,1,0.91,0,6.00,0.00,2.80,6-3.2,1,1916292145931411456,极兔快递,JT0016293962439,服饰,广东省,
凯泽智慧社区团寄快递_站点-凯泽智慧社区团寄快递,凯泽智慧社区团寄快递,凯泽智慧社区团寄快递,快递,2025-04-27 08:40:54,,4,3.18,0,10.00,1.50,4.00,40% ,1,1916291401975128064,极兔快递,JT0016293423928,生活用品,浙江省,
凯泽智慧社区团寄快递_站点-凯泽智慧社区团寄快递,凯泽智慧社区团寄快递,凯泽智慧社区团寄快递,快递,2025-04-26 23:12:23,,1,0.48,0,6.00,0.00,2.80,6-3.2,1,1916148332818653184,极兔快递,JT0016289418150,服饰,浙江省,
凯泽智慧社区团寄快递_站点-凯泽智慧社区团寄快递,凯泽智慧社区团寄快递,凯泽智慧社区团寄快递,快递,2025-04-26 23:11:06,,1,0.2,0,6.00,0.00,2.80,6-3.2,1,1916148010784186368,极兔快递,JT0016292525181,生活用品,广东省,
凯泽智慧社区团寄快递_站点-凯泽智慧社区团寄快递,凯泽智慧社区团寄快递,凯泽智慧社区团寄快递,快递,2025-04-26 22:30:00,2025-04-26 15:09:27,1,,,6.00,,0.00,,1,1916137667169148928,极兔快递,JT0016293132762,生活用品,广东省,已全额退款
凯泽智慧社区团寄快递_站点-凯泽智慧社区团寄快递,凯泽智慧社区团寄快递,凯泽智慧社区团寄快递,快递,2025-04-26 22:30:59,,1,0.2,0,6.00,0.00,2.80,6-3.2,1,1916137905791492096,极兔快递,JT0016288332409,服饰,江西省,
凯泽智慧社区团寄快递_站点-凯泽智慧社区团寄快递,凯泽智慧社区团寄快递,凯泽智慧社区团寄快递,快递,2025-04-26 22:21:18,,1,0.33,0,6.00,0.00,2.80,6-3.2,1,1916135478728122368,极兔快递,JT0016285936048,服饰,山西省,
凯泽智慧社区团寄快递_站点-凯泽智慧社区团寄快递,凯泽智慧社区团寄快递,凯泽智慧社区团寄快递,快递,2025-04-26 22:16:01,,1,0.87,0,6.00,0.00,2.80,6-3.2,1,1916134151906189312,极兔快递,JT0016291989334,服饰,广东省,
凯泽智慧社区团寄快递_站点-凯泽智慧社区团寄快递,凯泽智慧社区团寄快递,凯泽智慧社区团寄快递,快递,2025-04-26 22:04:34,,1,0.29,0,6.00,0.00,2.80,6-3.2,1,1916131247950454784,极兔快递,JT0016283558708,生活用品,湖南省,
凯泽智慧社区团寄快递_站点-凯泽智慧社区团寄快递,凯泽智慧社区团寄快递,凯泽智慧社区团寄快递,快递,2025-04-26 21:15:28,,1,0.2,0,6.00,0.00,2.80,6-3.2,1,1916118889110757376,极兔快递,JT0016293061590,服饰,广东省,
凯泽智慧社区团寄快递_站点-凯泽智慧社区团寄快递,凯泽智慧社区团寄快递,凯泽智慧社区团寄快递,快递,2025-04-26 21:06:50,,2,1.69,0,7.00,0.00,3.01,43% ,1,1916116738032590848,极兔快递,JT0016292055578,生活用品,河北省,
凯泽智慧社区团寄快递_站点-凯泽智慧社区团寄快递,凯泽智慧社区团寄快递,凯泽智慧社区团寄快递,快递,2025-04-26 20:28:54,,1,0.31,0,6.00,0.00,2.80,6-3.2,1,1916107191729577984,极兔快递,JT0016285872064,服饰,浙江省,
凯泽智慧社区团寄快递_站点-凯泽智慧社区团寄快递,凯泽智慧社区团寄快递,凯泽智慧社区团寄快递,快递,2025-04-26 19:58:05,,1,0.88,0,6.00,0.00,2.80,6-3.2,1,1916099402089160704,极兔快递,JT0016285439189,服饰,河北省,
凯泽智慧社区团寄快递_站点-凯泽智慧社区团寄快递,凯泽智慧社区团寄快递,凯泽智慧社区团寄快递,快递,2025-04-26 19:53:58,,2,1.24,0,7.00,0.00,3.01,43% ,1,1916098400518725632,极兔快递,JT0016286069547,服饰,浙江省,
凯泽智慧社区团寄快递_站点-凯泽智慧社区团寄快递,凯泽智慧社区团寄快递,凯泽智慧社区团寄快递,快递,2025-04-26 19:36:11,,1,0.63,0,6.00,0.00,2.80,6-3.2,1,1916093927905878016,极兔快递,JT0016289897683,服饰,广东省,
凯泽智慧社区团寄快递_站点-凯泽智慧社区团寄快递,凯泽智慧社区团寄快递,凯泽智慧社区团寄快递,快递,2025-04-26 19:29:44,,1,0.2,0,6.00,0.00,2.80,6-3.2,1,1916092304521486336,极兔快递,JT0016286042492,服饰,广东省,
凯泽智慧社区团寄快递_站点-凯泽智慧社区团寄快递,凯泽智慧社区团寄快递,凯泽智慧社区团寄快递,快递,2025-04-26 19:26:42,,1,0.38,0,6.00,0.00,2.80,6-3.2,1,1916091538981314560,极兔快递,JT0016288254905,服饰,河北省,
凯泽智慧社区团寄快递_站点-凯泽智慧社区团寄快递,凯泽智慧社区团寄快递,凯泽智慧社区团寄快递,快递,2025-04-26 18:57:40,,1,0.58,0,6.00,0.00,2.80,6-3.2,1,1916084234735116288,极兔快递,JT0016291826171,生活用品,广东省,
凯泽智慧社区团寄快递_站点-凯泽智慧社区团寄快递,凯泽智慧社区团寄快递,凯泽智慧社区团寄快递,快递,2025-04-26 18:53:51,,1,0.2,0,6.00,0.00,2.80,6-3.2,1,1916083261916635136,极兔快递,JT0016277254922,服饰,福建省,
凯泽智慧社区团寄快递_站点-凯泽智慧社区团寄快递,凯泽智慧社区团寄快递,凯泽智慧社区团寄快递,快递,2025-04-26 18:52:56,,1,1.03,-1,6.00,0.00,2.80,6-3.2,1,1916083034660855808,极兔快递,JT0016282901367,服饰,江西省,
凯泽智慧社区团寄快递_站点-凯泽智慧社区团寄快递,凯泽智慧社区团寄快递,凯泽智慧社区团寄快递,快递,2025-04-26 18:51:55,,1,0.73,0,6.00,0.00,2.80,6-3.2,1,1916082789013053440,极兔快递,JT0016288305253,服饰,广东省,
凯泽智慧社区团寄快递_站点-凯泽智慧社区团寄快递,凯泽智慧社区团寄快递,凯泽智慧社区团寄快递,干洗,2025-04-26 18:46:30,,,,,24.50,,7.35,30%,,1916081420961112064,干洗,,"清洗普通羽绒服2件不分长短49元   *   1",,
凯泽智慧社区团寄快递_站点-凯泽智慧社区团寄快递,凯泽智慧社区团寄快递,凯泽智慧社区团寄快递,快递,2025-04-26 18:39:13,,1,0.35,0,6.00,0.00,2.80,6-3.2,1,1916079582064992256,极兔快递,JT0016282692891,服饰,江西省,
凯泽智慧社区团寄快递_站点-凯泽智慧社区团寄快递,凯泽智慧社区团寄快递,凯泽智慧社区团寄快递,快递,2025-04-26 18:38:09,,1,0.2,0,6.00,0.00,2.80,6-3.2,1,1916079321858760704,极兔快递,JT0016288457100,服饰,广东省,
凯泽智慧社区团寄快递_站点-凯泽智慧社区团寄快递,凯泽智慧社区团寄快递,凯泽智慧社区团寄快递,快递,2025-04-26 18:09:56,2025-04-26 10:16:27,4,,,33.00,,0.00,,1,1916072221355073536,顺丰速运,SF3171017614467,生活用品,湖北省,已全额退款
凯泽智慧社区团寄快递_站点-凯泽智慧社区团寄快递,凯泽智慧社区团寄快递,凯泽智慧社区团寄快递,快递,2025-04-26 18:10:43,2025-04-26 10:16:16,5,,,38.00,,0.00,,1,1916072417606557696,顺丰速运,SF3171809714165,生活用品,湖北省,已全额退款
凯泽智慧社区团寄快递_站点-凯泽智慧社区团寄快递,凯泽智慧社区团寄快递,凯泽智慧社区团寄快递,快递,2025-04-26 18:12:58,,1,0.45,0,6.00,0.00,2.80,6-3.2,1,1916072985091694592,极兔快递,JT0016290709105,服饰,广东省,
凯泽智慧社区团寄快递_站点-凯泽智慧社区团寄快递,凯泽智慧社区团寄快递,凯泽智慧社区团寄快递,快递,2025-04-26 17:42:06,,1,0.35,0,6.00,0.00,2.80,6-3.2,1,1916065214661189632,极兔快递,JT0016284791302,生活用品,广东省,
凯泽智慧社区团寄快递_站点-凯泽智慧社区团寄快递,凯泽智慧社区团寄快递,凯泽智慧社区团寄快递,快递,2025-04-26 17:40:58,,1,0.2,0,6.00,0.00,2.80,6-3.2,1,1916064932657160192,极兔快递,JT0016279452638,生活用品,广东省,
凯泽智慧社区团寄快递_站点-凯泽智慧社区团寄快递,凯泽智慧社区团寄快递,凯泽智慧社区团寄快递,快递,2025-04-26 17:38:56,,1,0.49,0,6.00,0.00,2.80,6-3.2,1,1916064417491771392,极兔快递,JT0016286823963,服饰,广东省,
凯泽智慧社区团寄快递_站点-凯泽智慧社区团寄快递,凯泽智慧社区团寄快递,凯泽智慧社区团寄快递,快递,2025-04-26 17:14:26,,1,0.61,0,6.00,0.00,2.80,6-3.2,1,1916058229005934592,极兔快递,JT0016286458309,服饰,黑龙江省,
凯泽智慧社区团寄快递_站点-凯泽智慧社区团寄快递,凯泽智慧社区团寄快递,凯泽智慧社区团寄快递,快递,2025-04-26 15:45:28,,1,0.25,0,6.00,0.00,2.80,6-3.2,1,1916035859906093056,极兔快递,JT0016267598502,服饰,福建省,
凯泽智慧社区团寄快递_站点-凯泽智慧社区团寄快递,凯泽智慧社区团寄快递,凯泽智慧社区团寄快递,快递,2025-04-26 15:44:36,,1,0.51,0,6.00,0.00,2.80,6-3.2,1,1916035649406558208,极兔快递,JT0016284465925,服饰,广东省,
凯泽智慧社区团寄快递_站点-凯泽智慧社区团寄快递,凯泽智慧社区团寄快递,凯泽智慧社区团寄快递,快递,2025-04-26 15:43:32,,1,0.85,0,6.00,0.00,2.80,6-3.2,1,1916035376311230464,极兔快递,JT0016287600883,服饰,浙江省,
凯泽智慧社区团寄快递_站点-凯泽智慧社区团寄快递,凯泽智慧社区团寄快递,凯泽智慧社区团寄快递,快递,2025-04-26 14:43:38,,1,0.78,0,6.00,0.00,2.80,6-3.2,1,1916020305723973632,极兔快递,JT0016287003092,服饰,河北省,
凯泽智慧社区团寄快递_站点-凯泽智慧社区团寄快递,凯泽智慧社区团寄快递,凯泽智慧社区团寄快递,快递,2025-04-26 14:32:04,,1,0.44,0,6.00,0.00,2.80,6-3.2,1,1916017394386264064,极兔快递,JT0016287074854,服饰,河北省,
凯泽智慧社区团寄快递_站点-凯泽智慧社区团寄快递,凯泽智慧社区团寄快递,凯泽智慧社区团寄快递,快递,2025-04-26 13:47:14,,1,0.24,0,6.00,0.00,2.80,6-3.2,1,1916006107191238656,极兔快递,JT0016285173859,服饰,广东省,
凯泽智慧社区团寄快递_站点-凯泽智慧社区团寄快递,凯泽智慧社区团寄快递,凯泽智慧社区团寄快递,快递,2025-04-26 13:46:15,,1,0.2,0,6.00,0.00,2.80,6-3.2,1,1916005857315577856,极兔快递,JT0016284571374,服饰,广东省,
凯泽智慧社区团寄快递_站点-凯泽智慧社区团寄快递,凯泽智慧社区团寄快递,凯泽智慧社区团寄快递,快递,2025-04-26 13:45:21,,1,0.2,0,6.00,0.00,2.80,6-3.2,1,1916005632127590400,极兔快递,JT0016283164985,服饰,广东省,
凯泽智慧社区团寄快递_站点-凯泽智慧社区团寄快递,凯泽智慧社区团寄快递,凯泽智慧社区团寄快递,快递,2025-04-26 13:44:32,,1,0.59,0,6.00,0.00,2.80,6-3.2,1,1916005432868790272,极兔快递,JT0016283606337,食品,山东省,
凯泽智慧社区团寄快递_站点-凯泽智慧社区团寄快递,凯泽智慧社区团寄快递,凯泽智慧社区团寄快递,快递,2025-04-26 13:40:10,,1,0.2,0,6.00,0.00,2.80,6-3.2,1,1916004327929733120,极兔快递,JT0016274557648,服饰,广东省,
凯泽智慧社区团寄快递_站点-凯泽智慧社区团寄快递,凯泽智慧社区团寄快递,凯泽智慧社区团寄快递,快递,2025-04-26 13:35:30,,1,0.35,0,6.00,0.00,2.80,6-3.2,1,1916003160579432448,极兔快递,JT0016284600822,服饰,广东省,
凯泽智慧社区团寄快递_站点-凯泽智慧社区团寄快递,凯泽智慧社区团寄快递,凯泽智慧社区团寄快递,快递,2025-04-26 13:33:56,,1,1.18,-1,6.00,0.00,2.80,6-3.2,1,1916002763819245568,极兔快递,JT0016284062438,食品,河北省,
凯泽智慧社区团寄快递_站点-凯泽智慧社区团寄快递,凯泽智慧社区团寄快递,凯泽智慧社区团寄快递,快递,2025-04-26 13:14:51,,1,0.6,0,6.00,0.00,2.80,6-3.2,1,1915997960410030080,极兔快递,JT0016283930866,生活用品,浙江省,
凯泽智慧社区团寄快递_站点-凯泽智慧社区团寄快递,凯泽智慧社区团寄快递,凯泽智慧社区团寄快递,快递,2025-04-26 13:06:32,,1,0.2,0,6.00,0.00,2.80,6-3.2,1,1915995868492521472,极兔快递,JT0016284951856,服饰,广东省,
凯泽智慧社区团寄快递_站点-凯泽智慧社区团寄快递,凯泽智慧社区团寄快递,凯泽智慧社区团寄快递,快递,2025-04-26 12:10:40,,1,0.68,0,6.00,0.00,2.80,6-3.2,1,1915981782966919168,极兔快递,JT0016273488879,服饰,广东省,
凯泽智慧社区团寄快递_站点-凯泽智慧社区团寄快递,凯泽智慧社区团寄快递,凯泽智慧社区团寄快递,快递,2025-04-26 11:59:39,,1,0.2,0,6.00,0.00,2.80,6-3.2,1,1915979032048754688,极兔快递,JT0016282987925,生活用品,陕西省,
凯泽智慧社区团寄快递_站点-凯泽智慧社区团寄快递,凯泽智慧社区团寄快递,凯泽智慧社区团寄快递,快递,2025-04-26 11:21:46,,1,0.81,0,6.00,0.00,2.80,6-3.2,1,1915969496646737920,极兔快递,JT0016281641592,服饰,河北省,
凯泽智慧社区团寄快递_站点-凯泽智慧社区团寄快递,凯泽智慧社区团寄快递,凯泽智慧社区团寄快递,快递,2025-04-26 11:19:48,,1,1.05,-1,6.00,0.00,2.80,6-3.2,1,1915968935742464000,极兔快递,JT0016281490240,服饰,河北省,
凯泽智慧社区团寄快递_站点-凯泽智慧社区团寄快递,凯泽智慧社区团寄快递,凯泽智慧社区团寄快递,快递,2025-04-26 11:15:52,,1,0.74,0,6.00,0.00,2.80,6-3.2,1,1915968016795623424,极兔快递,JT0016269365710,服饰,浙江省,
凯泽智慧社区团寄快递_站点-凯泽智慧社区团寄快递,凯泽智慧社区团寄快递,凯泽智慧社区团寄快递,快递,2025-04-26 11:14:02,,1,0.24,0,6.00,0.00,2.80,6-3.2,1,1915967553174036480,极兔快递,JT0016277329490,服饰,云南省,
凯泽智慧社区团寄快递_站点-凯泽智慧社区团寄快递,凯泽智慧社区团寄快递,凯泽智慧社区团寄快递,快递,2025-04-26 11:12:43,,1,0.2,0,6.00,0.00,2.80,6-3.2,1,1915967224726478848,极兔快递,JT0016282968838,服饰,广东省,
凯泽智慧社区团寄快递_站点-凯泽智慧社区团寄快递,凯泽智慧社区团寄快递,凯泽智慧社区团寄快递,快递,2025-04-26 11:10:37,,1,0.38,0,6.00,0.00,2.80,6-3.2,1,1915966695589863424,极兔快递,JT0016279676462,服饰,江苏省,
凯泽智慧社区团寄快递_站点-凯泽智慧社区团寄快递,凯泽智慧社区团寄快递,凯泽智慧社区团寄快递,快递,2025-04-26 10:59:04,,1,0.36,0,6.00,0.00,2.80,6-3.2,1,1915963786923925504,极兔快递,JT0016278947821,服饰,湖北省,
凯泽智慧社区团寄快递_站点-凯泽智慧社区团寄快递,凯泽智慧社区团寄快递,凯泽智慧社区团寄快递,快递,2025-04-25 15:15:11,2025-04-26 02:56:04,1,,,6.00,,0.00,,1,1915665848452571136,极兔快递,JT0016272129275,服饰,广东省,已全额退款
凯泽智慧社区团寄快递_站点-凯泽智慧社区团寄快递,凯泽智慧社区团寄快递,凯泽智慧社区团寄快递,快递,2025-04-26 10:54:54,,1,0.26,0,6.00,0.00,2.80,6-3.2,1,1915962740755456000,极兔快递,JT0016280090711,服饰,广东省,
凯泽智慧社区团寄快递_站点-凯泽智慧社区团寄快递,凯泽智慧社区团寄快递,凯泽智慧社区团寄快递,干洗,2025-04-26 10:46:08,,,,,54.00,,16.20,30%,,1915960531636510720,干洗,,"清洗普通羽绒服2件不分长短49元   *   1
清洗毛呢2件59元   *   1",,
凯泽智慧社区团寄快递_站点-凯泽智慧社区团寄快递,凯泽智慧社区团寄快递,凯泽智慧社区团寄快递,快递,2025-04-26 10:13:53,,2,1.34,0,7.00,0.00,3.01,43% ,1,1915952421287026688,极兔快递,JT0016280538401,生活用品,河北省,
凯泽智慧社区团寄快递_站点-凯泽智慧社区团寄快递,凯泽智慧社区团寄快递,凯泽智慧社区团寄快递,快递,2025-04-26 10:08:17,,1,0.87,0,6.00,0.00,2.80,6-3.2,1,1915951011090718720,极兔快递,JT0016280185975,服饰,河南省,
凯泽智慧社区团寄快递_站点-凯泽智慧社区团寄快递,凯泽智慧社区团寄快递,凯泽智慧社区团寄快递,快递,2025-04-26 10:07:27,,1,1.07,-1,7.00,0.00,2.80,6-3.2,1,1915950797017636864,极兔快递,JT0016279308049,服饰,北京市,
凯泽智慧社区团寄快递_站点-凯泽智慧社区团寄快递,凯泽智慧社区团寄快递,凯泽智慧社区团寄快递,快递,2025-04-26 10:06:14,,1,0.2,0,6.00,0.00,2.80,6-3.2,1,1915950496135045120,极兔快递,JT0016268894553,服饰,江西省,
凯泽智慧社区团寄快递_站点-凯泽智慧社区团寄快递,凯泽智慧社区团寄快递,凯泽智慧社区团寄快递,快递,2025-04-26 09:31:02,,1,0.3,0,6.00,0.00,2.80,6-3.2,1,1915941632186572800,极兔快递,JT0016276484362,服饰,辽宁省,
凯泽智慧社区团寄快递_站点-凯泽智慧社区团寄快递,凯泽智慧社区团寄快递,凯泽智慧社区团寄快递,快递,2025-04-26 09:30:21,,1,0.27,0,6.00,0.00,2.80,6-3.2,1,1915941465886613504,极兔快递,JT0016278490023,服饰,浙江省,
凯泽智慧社区团寄快递_站点-凯泽智慧社区团寄快递,凯泽智慧社区团寄快递,凯泽智慧社区团寄快递,快递,2025-04-25 19:59:04,2025-04-25 13:06:26,1,,,6.00,,0.00,,1,1915737293165748224,极兔快递,JT0016272872475,生活用品,湖南省,已全额退款
凯泽智慧社区团寄快递_站点-凯泽智慧社区团寄快递,凯泽智慧社区团寄快递,凯泽智慧社区团寄快递,快递,2025-04-25 20:53:26,,1,0.2,0,6.00,0.00,2.80,6-3.2,1,1915750960334692352,极兔快递,JT0016271248199,服饰,江西省,
凯泽智慧社区团寄快递_站点-凯泽智慧社区团寄快递,凯泽智慧社区团寄快递,凯泽智慧社区团寄快递,快递,2025-04-25 20:52:36,,1,0.2,0,6.00,0.00,2.80,6-3.2,1,1915750764846571520,极兔快递,JT0016275747656,服饰,江西省,
凯泽智慧社区团寄快递_站点-凯泽智慧社区团寄快递,凯泽智慧社区团寄快递,凯泽智慧社区团寄快递,快递,2025-04-25 20:17:04,,1,0.2,0,6.00,0.00,2.80,6-3.2,1,1915741829569765376,极兔快递,JT0016275368851,服饰,河北省,
凯泽智慧社区团寄快递_站点-凯泽智慧社区团寄快递,凯泽智慧社区团寄快递,凯泽智慧社区团寄快递,快递,2025-04-25 20:05:15,,2,1.4,0,7.00,0.00,3.01,43% ,1,1915738856252825600,极兔快递,JT0016269928539,服饰,浙江省,
凯泽智慧社区团寄快递_站点-凯泽智慧社区团寄快递,凯泽智慧社区团寄快递,凯泽智慧社区团寄快递,快递,2025-04-25 20:02:31,,1,0.84,0,6.00,0.00,2.52,42% ,1,1915738161604780032,韵达快递,312723934752525,服饰,江苏省,
凯泽智慧社区团寄快递_站点-凯泽智慧社区团寄快递,凯泽智慧社区团寄快递,凯泽智慧社区团寄快递,快递,2025-04-25 19:56:21,,1,0.57,0,6.00,0.00,2.80,6-3.2,1,1915736605895483392,极兔快递,JT0016275473867,服饰,湖北省,
凯泽智慧社区团寄快递_站点-凯泽智慧社区团寄快递,凯泽智慧社区团寄快递,凯泽智慧社区团寄快递,快递,2025-04-25 19:53:58,,1,0.33,0,6.00,0.00,2.80,6-3.2,1,1915735981015490560,极兔快递,JT0016276319788,生活用品,吉林省,
凯泽智慧社区团寄快递_站点-凯泽智慧社区团寄快递,凯泽智慧社区团寄快递,凯泽智慧社区团寄快递,快递,2025-04-25 19:51:24,,1,,,6.00,,2.80,6-3.2,1,1915735368970067968,极兔快递,JT0016275240069,服饰,浙江省,
凯泽智慧社区团寄快递_站点-凯泽智慧社区团寄快递,凯泽智慧社区团寄快递,凯泽智慧社区团寄快递,快递,2025-04-25 17:52:33,,1,,,7.00,,1.94,42%,1,1915705458234810368,申通快递,772040578518814,服饰,上海市,
凯泽智慧社区团寄快递_站点-凯泽智慧社区团寄快递,凯泽智慧社区团寄快递,凯泽智慧社区团寄快递,快递,2025-04-25 17:41:35,2025-04-25 09:42:07,1,,,6.00,,0.00,,1,1915702696688279552,极兔快递,,服饰,河北省,已全额退款
凯泽智慧社区团寄快递_站点-凯泽智慧社区团寄快递,凯泽智慧社区团寄快递,凯泽智慧社区团寄快递,快递,2025-04-25 17:40:09,,1,0.41,0,6.00,0.00,2.80,6-3.2,1,1915702338167562240,极兔快递,JT0016264979594,服饰,河北省,
凯泽智慧社区团寄快递_站点-凯泽智慧社区团寄快递,凯泽智慧社区团寄快递,凯泽智慧社区团寄快递,快递,2025-04-25 16:43:12,,1,0.55,0,6.00,0.00,2.80,6-3.2,1,1915688008520884224,极兔快递,JT0016272465153,生活用品,广东省,
凯泽智慧社区团寄快递_站点-凯泽智慧社区团寄快递,凯泽智慧社区团寄快递,凯泽智慧社区团寄快递,快递,2025-04-25 16:41:59,,1,0.66,0,6.00,0.00,2.80,6-3.2,1,1915687694866636800,极兔快递,JT0016273982103,服饰,山东省,
凯泽智慧社区团寄快递_站点-凯泽智慧社区团寄快递,凯泽智慧社区团寄快递,凯泽智慧社区团寄快递,快递,2025-04-25 16:26:09,,1,0.2,0,6.00,0.00,2.80,6-3.2,1,1915683716472823808,极兔快递,JT0016266688722,生活用品,福建省,
凯泽智慧社区团寄快递_站点-凯泽智慧社区团寄快递,凯泽智慧社区团寄快递,凯泽智慧社区团寄快递,快递,2025-04-25 16:23:31,,1,0.2,0,6.00,0.00,2.80,6-3.2,1,1915683050547372032,极兔快递,JT0016270874573,服饰,山东省,
凯泽智慧社区团寄快递_站点-凯泽智慧社区团寄快递,凯泽智慧社区团寄快递,凯泽智慧社区团寄快递,快递,2025-04-25 15:40:41,,1,0.2,0,7.00,0.00,2.80,6-3.2,1,1915672274432483328,极兔快递,JT0016271391839,生活用品,上海市,
凯泽智慧社区团寄快递_站点-凯泽智慧社区团寄快递,凯泽智慧社区团寄快递,凯泽智慧社区团寄快递,快递,2025-04-25 15:17:46,,1,0.68,0,6.00,0.00,2.80,6-3.2,1,1915666505460932608,极兔快递,JT0016267548479,服饰,浙江省,
凯泽智慧社区团寄快递_站点-凯泽智慧社区团寄快递,凯泽智慧社区团寄快递,凯泽智慧社区团寄快递,快递,2025-04-25 15:16:32,,1,0.72,0,6.00,0.00,2.80,6-3.2,1,1915666189189439488,极兔快递,JT0016271527078,服饰,河南省,
凯泽智慧社区团寄快递_站点-凯泽智慧社区团寄快递,凯泽智慧社区团寄快递,凯泽智慧社区团寄快递,快递,2025-04-25 15:14:10,,1,0.43,0,6.00,0.00,2.80,6-3.2,1,1915665595951276032,极兔快递,JT0016266199850,服饰,浙江省,
凯泽智慧社区团寄快递_站点-凯泽智慧社区团寄快递,凯泽智慧社区团寄快递,凯泽智慧社区团寄快递,快递,2025-04-25 15:12:08,,1,0.2,0,6.00,0.00,2.80,6-3.2,1,1915665090659278848,极兔快递,JT0016271094328,服饰,浙江省,
凯泽智慧社区团寄快递_站点-凯泽智慧社区团寄快递,凯泽智慧社区团寄快递,凯泽智慧社区团寄快递,快递,2025-04-25 15:10:13,,1,0.24,0,6.00,0.00,2.80,6-3.2,1,1915664599351091200,极兔快递,JT0016272068410,服饰,广东省,
凯泽智慧社区团寄快递_站点-凯泽智慧社区团寄快递,凯泽智慧社区团寄快递,凯泽智慧社区团寄快递,快递,2025-04-25 15:09:09,,1,0.31,0,6.00,0.00,2.80,6-3.2,1,1915664335533563904,极兔快递,JT0016272089961,服饰,浙江省,
凯泽智慧社区团寄快递_站点-凯泽智慧社区团寄快递,凯泽智慧社区团寄快递,凯泽智慧社区团寄快递,快递,2025-04-25 15:07:42,,1,0.82,0,6.00,0.00,2.80,6-3.2,1,1915663971673497600,极兔快递,JT0016264783943,服饰,浙江省,
凯泽智慧社区团寄快递_站点-凯泽智慧社区团寄快递,凯泽智慧社区团寄快递,凯泽智慧社区团寄快递,快递,2025-04-25 15:05:39,,1,0.2,0,6.00,0.00,2.80,6-3.2,1,1915663458747867136,极兔快递,JT0016270472091,服饰,浙江省,
凯泽智慧社区团寄快递_站点-凯泽智慧社区团寄快递,凯泽智慧社区团寄快递,凯泽智慧社区团寄快递,快递,2025-04-25 15:03:57,,1,0.31,0,7.00,0.00,2.80,6-3.2,1,1915663025614675968,极兔快递,JT0016270587985,服饰,上海市,
凯泽智慧社区团寄快递_站点-凯泽智慧社区团寄快递,凯泽智慧社区团寄快递,凯泽智慧社区团寄快递,快递,2025-04-25 15:02:20,,1,0.32,0,6.00,0.00,2.80,6-3.2,1,1915662621774503936,极兔快递,JT0016248459870,服饰,浙江省,
凯泽智慧社区团寄快递_站点-凯泽智慧社区团寄快递,凯泽智慧社区团寄快递,凯泽智慧社区团寄快递,快递,2025-04-25 15:01:13,,1,0.26,0,6.00,0.00,2.80,6-3.2,1,1915662341985067008,极兔快递,JT0016270630647,服饰,浙江省,
凯泽智慧社区团寄快递_站点-凯泽智慧社区团寄快递,凯泽智慧社区团寄快递,凯泽智慧社区团寄快递,快递,2025-04-25 14:59:13,,1,0.37,0,6.00,0.00,2.80,6-3.2,1,1915661827620790272,极兔快递,JT0016270800008,服饰,广东省,
凯泽智慧社区团寄快递_站点-凯泽智慧社区团寄快递,凯泽智慧社区团寄快递,凯泽智慧社区团寄快递,快递,2025-04-25 14:58:11,,1,0.2,0,6.00,0.00,2.80,6-3.2,1,1915661577506054144,极兔快递,JT0016262278419,服饰,河南省,
凯泽智慧社区团寄快递_站点-凯泽智慧社区团寄快递,凯泽智慧社区团寄快递,凯泽智慧社区团寄快递,快递,2025-04-25 14:56:53,,1,0.2,0,6.00,0.00,2.80,6-3.2,1,1915661249876385792,极兔快递,JT0016270988568,服饰,广东省,
凯泽智慧社区团寄快递_站点-凯泽智慧社区团寄快递,凯泽智慧社区团寄快递,凯泽智慧社区团寄快递,快递,2025-04-25 14:55:30,,1,0.2,0,6.00,0.00,2.80,6-3.2,1,1915660903074553856,极兔快递,JT0016264327325,服饰,浙江省,
凯泽智慧社区团寄快递_站点-凯泽智慧社区团寄快递,凯泽智慧社区团寄快递,凯泽智慧社区团寄快递,快递,2025-04-25 14:50:55,,1,0.43,0,6.00,0.00,2.80,6-3.2,1,1915659747216646144,极兔快递,JT0016270338647,服饰,安徽省,
凯泽智慧社区团寄快递_站点-凯泽智慧社区团寄快递,凯泽智慧社区团寄快递,凯泽智慧社区团寄快递,快递,2025-04-25 14:48:57,,1,0.96,0,6.00,0.00,2.80,6-3.2,1,1915659255275118592,极兔快递,JT0016261014258,服饰,浙江省,
凯泽智慧社区团寄快递_站点-凯泽智慧社区团寄快递,凯泽智慧社区团寄快递,凯泽智慧社区团寄快递,快递,2025-04-25 14:47:49,,1,0.67,0,6.00,0.00,2.80,6-3.2,1,1915658968737046528,极兔快递,JT0016268838097,服饰,湖南省,
凯泽智慧社区团寄快递_站点-凯泽智慧社区团寄快递,凯泽智慧社区团寄快递,凯泽智慧社区团寄快递,快递,2025-04-25 14:46:20,,1,0.64,0,6.00,0.00,2.80,6-3.2,1,1915658597478227968,极兔快递,JT0016270586370,服饰,江苏省,
凯泽智慧社区团寄快递_站点-凯泽智慧社区团寄快递,凯泽智慧社区团寄快递,凯泽智慧社区团寄快递,快递,2025-04-25 14:17:34,,12,11.85,0,30.00,11.00,12.00,40% ,1,1915651354384982016,韵达快递,312723575680431,生活用品,河北省,
凯泽智慧社区团寄快递_站点-凯泽智慧社区团寄快递,凯泽智慧社区团寄快递,凯泽智慧社区团寄快递,快递,2025-04-25 14:15:47,2025-04-25 06:17:09,12,,,30.00,,0.00,,1,1915650909105086464,极兔快递,JT0016269555795,生活用品,河北省,已全额退款
凯泽智慧社区团寄快递_站点-凯泽智慧社区团寄快递,凯泽智慧社区团寄快递,凯泽智慧社区团寄快递,快递,2025-04-25 13:55:06,,1,0.39,0,6.00,0.00,2.80,6-3.2,1,1915645692326240256,极兔快递,JT0016270086208,服饰,广东省,
凯泽智慧社区团寄快递_站点-凯泽智慧社区团寄快递,凯泽智慧社区团寄快递,凯泽智慧社区团寄快递,快递,2025-04-25 13:54:12,,1,0.5,0,6.00,0.00,2.52,42% ,1,1915645403267391488,韵达快递,312723534012776,服饰,广东省,
凯泽智慧社区团寄快递_站点-凯泽智慧社区团寄快递,凯泽智慧社区团寄快递,凯泽智慧社区团寄快递,快递,2025-04-25 13:52:44,,1,0.34,0,6.00,0.00,2.80,6-3.2,1,1915645094822469632,极兔快递,JT0016267514714,服饰,广东省,
凯泽智慧社区团寄快递_站点-凯泽智慧社区团寄快递,凯泽智慧社区团寄快递,凯泽智慧社区团寄快递,快递,2025-04-25 13:51:18,,1,0.97,0,6.00,0.00,2.80,6-3.2,1,1915644738591842304,极兔快递,JT0016267637545,服饰,江西省,
凯泽智慧社区团寄快递_站点-凯泽智慧社区团寄快递,凯泽智慧社区团寄快递,凯泽智慧社区团寄快递,快递,2025-04-25 13:50:18,,1,0.49,0,6.00,0.00,2.80,6-3.2,1,1915644491912241152,极兔快递,JT0016247292062,服饰,浙江省,
凯泽智慧社区团寄快递_站点-凯泽智慧社区团寄快递,凯泽智慧社区团寄快递,凯泽智慧社区团寄快递,快递,2025-04-25 13:49:25,,1,0.47,0,6.00,0.00,2.80,6-3.2,1,1915644264169922560,极兔快递,JT0016266832515,服饰,广东省,
凯泽智慧社区团寄快递_站点-凯泽智慧社区团寄快递,凯泽智慧社区团寄快递,凯泽智慧社区团寄快递,快递,2025-04-25 13:48:46,,1,0.2,0,6.00,0.00,2.80,6-3.2,1,1915644103465164800,极兔快递,JT0016268697624,服饰,福建省,
凯泽智慧社区团寄快递_站点-凯泽智慧社区团寄快递,凯泽智慧社区团寄快递,凯泽智慧社区团寄快递,快递,2025-04-25 13:47:49,,1,0.29,0,6.00,0.00,2.80,6-3.2,1,1915643870865842176,极兔快递,JT0016265809410,服饰,福建省,
凯泽智慧社区团寄快递_站点-凯泽智慧社区团寄快递,凯泽智慧社区团寄快递,凯泽智慧社区团寄快递,快递,2025-04-25 12:38:58,,1,1.11,-1,6.00,0.00,2.80,6-3.2,1,1915626545915682816,极兔快递,JT0016259117343,服饰,浙江省,
凯泽智慧社区团寄快递_站点-凯泽智慧社区团寄快递,凯泽智慧社区团寄快递,凯泽智慧社区团寄快递,快递,2025-04-25 12:14:14,,1,0.77,0,6.00,0.00,2.80,6-3.2,1,1915620313637117952,极兔快递,JT0016262488780,服饰,黑龙江省,
凯泽智慧社区团寄快递_站点-凯泽智慧社区团寄快递,凯泽智慧社区团寄快递,凯泽智慧社区团寄快递,快递,2025-04-25 12:13:44,,1,0.29,0,6.00,0.00,2.80,6-3.2,1,1915620191595454464,极兔快递,JT0016262166350,服饰,河北省,
凯泽智慧社区团寄快递_站点-凯泽智慧社区团寄快递,凯泽智慧社区团寄快递,凯泽智慧社区团寄快递,快递,2025-04-25 09:53:51,,2,1.63,0,7.00,0.00,3.01,43% ,1,1915584980220436480,极兔快递,JT0016260041943,生活用品,吉林省,
凯泽智慧社区团寄快递_站点-凯泽智慧社区团寄快递,凯泽智慧社区团寄快递,凯泽智慧社区团寄快递,快递,2025-04-25 09:52:47,,2,1.61,0,7.00,0.00,3.01,43% ,1,1915584716436463616,极兔快递,JT0016263128921,生活用品,陕西省,
凯泽智慧社区团寄快递_站点-凯泽智慧社区团寄快递,凯泽智慧社区团寄快递,凯泽智慧社区团寄快递,快递,2025-04-25 09:51:44,,2,1.92,0,7.00,0.00,3.01,43% ,1,1915584460252569600,极兔快递,JT0016262572501,生活用品,河北省,
凯泽智慧社区团寄快递_站点-凯泽智慧社区团寄快递,凯泽智慧社区团寄快递,凯泽智慧社区团寄快递,快递,2025-04-25 09:47:13,,1,0.51,0,7.00,0.00,2.80,6-3.2,1,1915583313215283200,极兔快递,JT0016261433579,服饰,北京市,
凯泽智慧社区团寄快递_站点-凯泽智慧社区团寄快递,凯泽智慧社区团寄快递,凯泽智慧社区团寄快递,快递,2025-04-25 09:46:26,,1,0.33,0,7.00,0.00,2.80,6-3.2,1,1915583126019301376,极兔快递,JT0016261018898,服饰,北京市,
凯泽智慧社区团寄快递_站点-凯泽智慧社区团寄快递,凯泽智慧社区团寄快递,凯泽智慧社区团寄快递,快递,2025-04-25 09:45:52,,1,1.11,-1,6.00,0.00,2.80,6-3.2,1,1915582983899504640,极兔快递,JT0016261530582,服饰,河南省,
凯泽智慧社区团寄快递_站点-凯泽智慧社区团寄快递,凯泽智慧社区团寄快递,凯泽智慧社区团寄快递,快递,2025-04-25 09:43:54,,1,0.2,0,6.00,0.00,2.80,6-3.2,1,1915582480859848704,极兔快递,JT0016256905879,服饰,河南省,
凯泽智慧社区团寄快递_站点-凯泽智慧社区团寄快递,凯泽智慧社区团寄快递,凯泽智慧社区团寄快递,快递,2025-04-25 09:43:13,,1,0.2,0,6.00,0.00,2.80,6-3.2,1,1915582312756338688,极兔快递,JT0016259606409,服饰,河南省,
凯泽智慧社区团寄快递_站点-凯泽智慧社区团寄快递,凯泽智慧社区团寄快递,凯泽智慧社区团寄快递,快递,2025-04-25 09:42:09,,1,0.36,0,6.00,0.00,2.80,6-3.2,1,1915582047927984128,极兔快递,JT0016259458448,服饰,福建省,
凯泽智慧社区团寄快递_站点-凯泽智慧社区团寄快递,凯泽智慧社区团寄快递,凯泽智慧社区团寄快递,快递,2025-04-25 09:38:18,,1,0.93,0,6.00,0.00,2.80,6-3.2,1,1915581076388765696,极兔快递,JT0016260420610,服饰,福建省,
凯泽智慧社区团寄快递_站点-凯泽智慧社区团寄快递,凯泽智慧社区团寄快递,凯泽智慧社区团寄快递,快递,2025-04-25 09:29:15,,2,1.17,0,7.00,0.00,3.01,43% ,1,1915578802698510336,极兔快递,JT0016261936298,服饰,广东省,
凯泽智慧社区团寄快递_站点-凯泽智慧社区团寄快递,凯泽智慧社区团寄快递,凯泽智慧社区团寄快递,快递,2025-04-25 09:24:22,,1,0.53,0,6.00,0.00,2.80,6-3.2,1,1915577573046018048,极兔快递,JT0016263928545,服饰,湖北省,
凯泽智慧社区团寄快递_站点-凯泽智慧社区团寄快递,凯泽智慧社区团寄快递,凯泽智慧社区团寄快递,快递,2025-04-25 09:21:54,,1,0.25,0,6.00,0.00,2.80,6-3.2,1,1915576943418073088,极兔快递,JT0016260851018,服饰,浙江省,
凯泽智慧社区团寄快递_站点-凯泽智慧社区团寄快递,凯泽智慧社区团寄快递,凯泽智慧社区团寄快递,快递,2025-04-24 20:45:36,,1,0.28,0,6.00,0.00,2.80,6-3.2,1,1915386620289015808,极兔快递,JT0016257570320,文件,陕西省,
凯泽智慧社区团寄快递_站点-凯泽智慧社区团寄快递,凯泽智慧社区团寄快递,凯泽智慧社区团寄快递,快递,2025-04-24 18:52:42,2025-04-24 12:44:09,1,,,6.00,,0.00,,1,1915358206744125440,极兔快递,JT0016258863295,生活用品,陕西省,已全额退款
凯泽智慧社区团寄快递_站点-凯泽智慧社区团寄快递,凯泽智慧社区团寄快递,凯泽智慧社区团寄快递,快递,2025-04-24 20:24:10,,1,0.79,0,6.00,0.00,2.80,6-3.2,1,1915381223142514688,极兔快递,JT0016258718191,服饰,广东省,
凯泽智慧社区团寄快递_站点-凯泽智慧社区团寄快递,凯泽智慧社区团寄快递,凯泽智慧社区团寄快递,快递,2025-04-24 19:47:23,,1,0.96,0,6.00,0.00,2.80,6-3.2,1,1915371966783348736,极兔快递,JT0016256103707,服饰,江西省,
凯泽智慧社区团寄快递_站点-凯泽智慧社区团寄快递,凯泽智慧社区团寄快递,凯泽智慧社区团寄快递,快递,2025-04-24 19:01:12,,1,0.51,0,6.00,0.00,2.80,6-3.2,1,1915360349848920064,极兔快递,JT0016252528000,服饰,广东省,
凯泽智慧社区团寄快递_站点-凯泽智慧社区团寄快递,凯泽智慧社区团寄快递,凯泽智慧社区团寄快递,快递,2025-04-24 18:59:22,,1,0.5,0,6.00,0.00,2.80,6-3.2,1,1915359884507668480,极兔快递,JT0016254995362,服饰,浙江省,
凯泽智慧社区团寄快递_站点-凯泽智慧社区团寄快递,凯泽智慧社区团寄快递,凯泽智慧社区团寄快递,快递,2025-04-24 18:14:14,,2,1.1,0,7.00,0.00,3.01,43% ,1,1915348530363162624,极兔快递,JT0016257629292,生活用品,福建省,
凯泽智慧社区团寄快递_站点-凯泽智慧社区团寄快递,凯泽智慧社区团寄快递,凯泽智慧社区团寄快递,快递,2025-04-24 18:12:34,,1,0.37,0,6.00,0.00,2.80,6-3.2,1,1915348110672715776,极兔快递,JT0016252499224,服饰,河北省,
凯泽智慧社区团寄快递_站点-凯泽智慧社区团寄快递,凯泽智慧社区团寄快递,凯泽智慧社区团寄快递,快递,2025-04-24 18:05:29,,1,0.24,0,6.00,0.00,2.80,6-3.2,1,1915346320480854016,极兔快递,JT0016257329990,服饰,广东省,
凯泽智慧社区团寄快递_站点-凯泽智慧社区团寄快递,凯泽智慧社区团寄快递,凯泽智慧社区团寄快递,快递,2025-04-24 17:40:35,,1,0.2,0,6.00,0.00,2.80,6-3.2,1,1915340058716332032,极兔快递,JT0016257159273,服饰,广东省,
凯泽智慧社区团寄快递_站点-凯泽智慧社区团寄快递,凯泽智慧社区团寄快递,凯泽智慧社区团寄快递,快递,2025-04-24 17:35:01,2025-04-24 09:39:52,1,,,6.00,,0.00,,1,1915338651086938112,极兔快递,JT0016256754177,服饰,江西省,已全额退款
凯泽智慧社区团寄快递_站点-凯泽智慧社区团寄快递,凯泽智慧社区团寄快递,凯泽智慧社区团寄快递,快递,2025-04-24 17:38:28,,1,0.39,0,6.00,0.00,2.80,6-3.2,1,1915339530074644480,极兔快递,JT0016258001599,服饰,江西省,
凯泽智慧社区团寄快递_站点-凯泽智慧社区团寄快递,凯泽智慧社区团寄快递,凯泽智慧社区团寄快递,快递,2025-04-24 17:32:56,,1,0.75,0,6.00,0.00,2.80,6-3.2,1,1915338136592637952,极兔快递,JT0016254597564,服饰,河北省,
凯泽智慧社区团寄快递_站点-凯泽智慧社区团寄快递,凯泽智慧社区团寄快递,凯泽智慧社区团寄快递,快递,2025-04-24 17:31:45,,1,0.54,0,6.00,0.00,2.80,6-3.2,1,1915337839526862848,极兔快递,JT0016254462590,服饰,浙江省,
凯泽智慧社区团寄快递_站点-凯泽智慧社区团寄快递,凯泽智慧社区团寄快递,凯泽智慧社区团寄快递,快递,2025-04-24 17:21:21,,1,0.2,0,6.00,0.00,2.80,6-3.2,1,1915335220368564224,极兔快递,JT0016256109739,服饰,浙江省,
凯泽智慧社区团寄快递_站点-凯泽智慧社区团寄快递,凯泽智慧社区团寄快递,凯泽智慧社区团寄快递,快递,2025-04-24 16:56:58,,1,0.59,0,6.00,0.00,2.80,6-3.2,1,1915329085402046464,极兔快递,JT0016256651432,服饰,江苏省,
凯泽智慧社区团寄快递_站点-凯泽智慧社区团寄快递,凯泽智慧社区团寄快递,凯泽智慧社区团寄快递,快递,2025-04-24 16:35:33,,1,0.6,0,6.00,0.00,2.80,6-3.2,1,1915323682198970368,极兔快递,JT0016251394070,服饰,黑龙江省,
凯泽智慧社区团寄快递_站点-凯泽智慧社区团寄快递,凯泽智慧社区团寄快递,凯泽智慧社区团寄快递,快递,2025-04-24 16:34:38,,1,0.2,0,6.00,0.00,2.80,6-3.2,1,1915323460563558400,极兔快递,JT0016256463099,服饰,广东省,
凯泽智慧社区团寄快递_站点-凯泽智慧社区团寄快递,凯泽智慧社区团寄快递,凯泽智慧社区团寄快递,快递,2025-04-24 16:33:13,,1,0.2,0,6.00,0.00,2.80,6-3.2,1,1915323104152576000,极兔快递,JT0016255637439,服饰,广东省,
凯泽智慧社区团寄快递_站点-凯泽智慧社区团寄快递,凯泽智慧社区团寄快递,凯泽智慧社区团寄快递,快递,2025-04-24 16:23:11,,1,0.24,0,6.00,0.00,2.80,6-3.2,1,1915320574035156992,极兔快递,JT0016256033640,生活用品,河北省,
凯泽智慧社区团寄快递_站点-凯泽智慧社区团寄快递,凯泽智慧社区团寄快递,凯泽智慧社区团寄快递,快递,2025-04-24 16:19:24,,1,0.2,0,6.00,0.00,2.80,6-3.2,1,1915319629997989888,极兔快递,JT0016255490562,服饰,湖南省,
凯泽智慧社区团寄快递_站点-凯泽智慧社区团寄快递,凯泽智慧社区团寄快递,凯泽智慧社区团寄快递,快递,2025-04-24 16:17:47,,1,0.42,0,6.00,0.00,2.80,6-3.2,1,1915319220520673280,极兔快递,JT0016253269290,服饰,湖南省,
凯泽智慧社区团寄快递_站点-凯泽智慧社区团寄快递,凯泽智慧社区团寄快递,凯泽智慧社区团寄快递,快递,2025-04-24 16:14:39,,1,0.27,0,6.00,0.00,2.80,6-3.2,1,1915318433157537792,极兔快递,JT0016254149911,服饰,广东省,
凯泽智慧社区团寄快递_站点-凯泽智慧社区团寄快递,凯泽智慧社区团寄快递,凯泽智慧社区团寄快递,快递,2025-04-24 16:06:27,,1,0.64,0,6.00,0.00,2.80,6-3.2,1,1915316368221986816,极兔快递,JT0016255960247,服饰,浙江省,
凯泽智慧社区团寄快递_站点-凯泽智慧社区团寄快递,凯泽智慧社区团寄快递,凯泽智慧社区团寄快递,快递,2025-04-24 16:04:55,,1,0.83,0,6.00,0.00,2.80,6-3.2,1,1915315982257938432,极兔快递,JT0016250830123,服饰,浙江省,
凯泽智慧社区团寄快递_站点-凯泽智慧社区团寄快递,凯泽智慧社区团寄快递,凯泽智慧社区团寄快递,快递,2025-04-24 15:55:27,,1,0.27,0,6.00,0.00,2.80,6-3.2,1,1915313602594398208,极兔快递,JT0016248761921,服饰,浙江省,
凯泽智慧社区团寄快递_站点-凯泽智慧社区团寄快递,凯泽智慧社区团寄快递,凯泽智慧社区团寄快递,快递,2025-04-24 15:54:18,,1,0.47,0,6.00,0.00,2.80,6-3.2,1,1915313311639724032,极兔快递,JT0016251982619,服饰,河南省,
凯泽智慧社区团寄快递_站点-凯泽智慧社区团寄快递,凯泽智慧社区团寄快递,凯泽智慧社区团寄快递,快递,2025-04-24 14:14:47,,1.2,1.07,0,7.00,0.00,3.01,43% ,1,1915288159287828480,极兔快递,JT0016247050328,服饰,广东省,
凯泽智慧社区团寄快递_站点-凯泽智慧社区团寄快递,凯泽智慧社区团寄快递,凯泽智慧社区团寄快递,快递,2025-04-24 13:38:41,,1,0.34,0,6.00,0.00,2.80,6-3.2,1,1915279182814568448,极兔快递,JT0016251418288,服饰,河南省,
凯泽智慧社区团寄快递_站点-凯泽智慧社区团寄快递,凯泽智慧社区团寄快递,凯泽智慧社区团寄快递,快递,2025-04-24 13:09:28,,1,0.22,0,6.00,0.00,2.80,6-3.2,1,1915271825392984064,极兔快递,JT0016243753439,服饰,河南省,
凯泽智慧社区团寄快递_站点-凯泽智慧社区团寄快递,凯泽智慧社区团寄快递,凯泽智慧社区团寄快递,快递,2025-04-24 12:30:51,,1,0.48,0,6.00,0.00,2.80,6-3.2,1,1915262111854682112,极兔快递,JT0016250867063,服饰,浙江省,
凯泽智慧社区团寄快递_站点-凯泽智慧社区团寄快递,凯泽智慧社区团寄快递,凯泽智慧社区团寄快递,快递,2025-04-24 12:02:04,,3,2.78,0,8.00,0.00,3.60,45% ,1,1915254870258802688,极兔快递,JT0016248187723,食品,湖南省,
凯泽智慧社区团寄快递_站点-凯泽智慧社区团寄快递,凯泽智慧社区团寄快递,凯泽智慧社区团寄快递,快递,2025-04-24 12:00:39,,1,0.2,0,6.00,0.00,2.80,6-3.2,1,1915254511855525888,极兔快递,JT0016250783559,服饰,浙江省,
凯泽智慧社区团寄快递_站点-凯泽智慧社区团寄快递,凯泽智慧社区团寄快递,凯泽智慧社区团寄快递,快递,2025-04-24 11:59:17,,1,0.2,0,6.00,0.00,2.80,6-3.2,1,1915254171206737920,极兔快递,JT0016248988946,服饰,广东省,
凯泽智慧社区团寄快递_站点-凯泽智慧社区团寄快递,凯泽智慧社区团寄快递,凯泽智慧社区团寄快递,快递,2025-04-24 11:10:27,,1,0.2,0,6.00,0.00,2.80,6-3.2,1,1915241878855147520,极兔快递,JT0016241688105,生活用品,河南省,
凯泽智慧社区团寄快递_站点-凯泽智慧社区团寄快递,凯泽智慧社区团寄快递,凯泽智慧社区团寄快递,快递,2025-04-24 10:38:51,,1,0.22,0,6.00,0.00,2.80,6-3.2,1,1915233927448813568,极兔快递,JT0016248504402,服饰,河北省,
凯泽智慧社区团寄快递_站点-凯泽智慧社区团寄快递,凯泽智慧社区团寄快递,凯泽智慧社区团寄快递,快递,2025-04-24 10:37:32,,1,0.2,0,6.00,0.00,2.80,6-3.2,1,1915233598263058432,极兔快递,JT0016246952111,服饰,河北省,
凯泽智慧社区团寄快递_站点-凯泽智慧社区团寄快递,凯泽智慧社区团寄快递,凯泽智慧社区团寄快递,快递,2025-04-24 10:32:25,,2,1.27,0,7.00,0.00,3.01,43% ,1,1915232308892065792,极兔快递,JT0016247307084,服饰,黑龙江省,
凯泽智慧社区团寄快递_站点-凯泽智慧社区团寄快递,凯泽智慧社区团寄快递,凯泽智慧社区团寄快递,快递,2025-04-24 10:25:14,,2,1.22,0,8.00,0.00,2.44,43%,1,1915230493911867392,极兔快递,JT0016243205848,生活用品,北京市,
凯泽智慧社区团寄快递_站点-凯泽智慧社区团寄快递,凯泽智慧社区团寄快递,凯泽智慧社区团寄快递,快递,2025-04-24 10:07:15,,1,0.2,0,6.00,0.00,2.80,6-3.2,1,1915225974738051072,极兔快递,JT0016233108457,服饰,河南省,
凯泽智慧社区团寄快递_站点-凯泽智慧社区团寄快递,凯泽智慧社区团寄快递,凯泽智慧社区团寄快递,快递,2025-04-24 09:12:24,,1,0.35,0,6.00,0.00,2.80,6-3.2,1,1915212168335118336,极兔快递,JT0016231037291,服饰,河北省,
凯泽智慧社区团寄快递_站点-凯泽智慧社区团寄快递,凯泽智慧社区团寄快递,凯泽智慧社区团寄快递,快递,2025-04-24 08:40:20,,1,0.32,0,6.00,0.00,2.80,6-3.2,1,1915204100473933824,极兔快递,JT0016241766259,服饰,福建省,
凯泽智慧社区团寄快递_站点-凯泽智慧社区团寄快递,凯泽智慧社区团寄快递,凯泽智慧社区团寄快递,快递,2025-04-24 08:39:03,,1,0.65,0,6.00,0.00,2.80,6-3.2,1,1915203777869041664,极兔快递,JT0016242507809,服饰,广东省,
凯泽智慧社区团寄快递_站点-凯泽智慧社区团寄快递,凯泽智慧社区团寄快递,凯泽智慧社区团寄快递,快递,2025-04-24 08:37:54,,1,0.2,0,7.00,0.00,2.80,6-3.2,1,1915203487719673856,极兔快递,JT0016244937992,服饰,北京市,
凯泽智慧社区团寄快递_站点-凯泽智慧社区团寄快递,凯泽智慧社区团寄快递,凯泽智慧社区团寄快递,快递,2025-04-24 08:36:30,,1,0.97,0,6.00,0.00,2.80,6-3.2,1,1915203128511090688,极兔快递,JT0016245302423,服饰,陕西省,
凯泽智慧社区团寄快递_站点-凯泽智慧社区团寄快递,凯泽智慧社区团寄快递,凯泽智慧社区团寄快递,快递,2025-04-24 08:33:57,,1,0.2,0,6.00,0.00,2.80,6-3.2,1,1915202494575595520,极兔快递,JT0016241590066,服饰,河南省,
凯泽智慧社区团寄快递_站点-凯泽智慧社区团寄快递,凯泽智慧社区团寄快递,凯泽智慧社区团寄快递,快递,2025-04-24 08:32:31,,1,0.2,0,6.00,0.00,2.80,6-3.2,1,1915202128819703808,极兔快递,JT0016246002260,服饰,河南省,
凯泽智慧社区团寄快递_站点-凯泽智慧社区团寄快递,凯泽智慧社区团寄快递,凯泽智慧社区团寄快递,干洗,2025-04-23 22:03:11,,,,,19.80,,5.94,30%,,1915043743231037440,干洗,,"磨砂鞋   *   1",,
凯泽智慧社区团寄快递_站点-凯泽智慧社区团寄快递,凯泽智慧社区团寄快递,凯泽智慧社区团寄快递,快递,2025-04-23 21:58:01,,1,0.64,0,6.00,0.00,2.80,6-3.2,1,1915042449506357248,极兔快递,JT0016240984784,服饰,广东省,
凯泽智慧社区团寄快递_站点-凯泽智慧社区团寄快递,凯泽智慧社区团寄快递,凯泽智慧社区团寄快递,快递,2025-04-23 21:57:28,,1,0.64,0,6.00,0.00,2.80,6-3.2,1,1915042319763951616,极兔快递,JT0016242024498,服饰,广东省,
凯泽智慧社区团寄快递_站点-凯泽智慧社区团寄快递,凯泽智慧社区团寄快递,凯泽智慧社区团寄快递,快递,2025-04-23 21:52:58,,1,0.17,0,6.00,0.00,2.80,6-3.2,1,1915041174773485568,极兔快递,JT0016239819733,生活用品,广东省,
凯泽智慧社区团寄快递_站点-凯泽智慧社区团寄快递,凯泽智慧社区团寄快递,凯泽智慧社区团寄快递,快递,2025-04-23 21:05:04,,1,0.46,0,6.00,0.00,2.80,6-3.2,1,1915029131664216064,极兔快递,JT0016239513487,服饰,浙江省,
凯泽智慧社区团寄快递_站点-凯泽智慧社区团寄快递,凯泽智慧社区团寄快递,凯泽智慧社区团寄快递,快递,2025-04-23 20:37:33,,1,0.24,0,6.00,0.00,2.80,6-3.2,1,1915022205471608832,极兔快递,JT0016243671923,服饰,四川省,
凯泽智慧社区团寄快递_站点-凯泽智慧社区团寄快递,凯泽智慧社区团寄快递,凯泽智慧社区团寄快递,快递,2025-04-23 20:19:35,,1,0.51,0,6.00,0.00,2.80,6-3.2,1,1915017684901089280,极兔快递,JT0016241825494,生活用品,天津市,
凯泽智慧社区团寄快递_站点-凯泽智慧社区团寄快递,凯泽智慧社区团寄快递,凯泽智慧社区团寄快递,快递,2025-04-23 19:57:13,,1,1.01,-1,6.00,0.00,2.80,6-3.2,1,1915012038877171712,极兔快递,JT0016242829351,服饰,浙江省,
凯泽智慧社区团寄快递_站点-凯泽智慧社区团寄快递,凯泽智慧社区团寄快递,凯泽智慧社区团寄快递,快递,2025-04-23 19:50:30,,1,0.21,0,6.00,0.00,2.80,6-3.2,1,1915010366381674496,极兔快递,JT0016241306991,服饰,广东省,
凯泽智慧社区团寄快递_站点-凯泽智慧社区团寄快递,凯泽智慧社区团寄快递,凯泽智慧社区团寄快递,快递,2025-04-23 18:04:42,,3,2.37,0,8.00,0.00,3.60,45% ,1,1914983739002114048,极兔快递,JT0016241160401,食品,甘肃省,
凯泽智慧社区团寄快递_站点-凯泽智慧社区团寄快递,凯泽智慧社区团寄快递,凯泽智慧社区团寄快递,快递,2025-04-23 16:31:15,,1,0.79,0,6.00,0.00,2.80,6-3.2,1,1914960222080651264,极兔快递,JT0016237375949,服饰,江西省,
凯泽智慧社区团寄快递_站点-凯泽智慧社区团寄快递,凯泽智慧社区团寄快递,凯泽智慧社区团寄快递,快递,2025-04-23 16:29:25,,1,1.0,0,6.00,0.00,2.80,6-3.2,1,1914959753354596352,极兔快递,JT0016240081075,服饰,四川省,
凯泽智慧社区团寄快递_站点-凯泽智慧社区团寄快递,凯泽智慧社区团寄快递,凯泽智慧社区团寄快递,快递,2025-04-23 16:28:45,,1,0.94,0,6.00,0.00,2.80,6-3.2,1,1914959594113650688,极兔快递,JT0016219527484,服饰,四川省,
凯泽智慧社区团寄快递_站点-凯泽智慧社区团寄快递,凯泽智慧社区团寄快递,凯泽智慧社区团寄快递,快递,2025-04-23 16:27:21,,1,1.0,0,6.00,0.00,2.80,6-3.2,1,1914959240965836800,极兔快递,JT0016239580359,服饰,广东省,
凯泽智慧社区团寄快递_站点-凯泽智慧社区团寄快递,凯泽智慧社区团寄快递,凯泽智慧社区团寄快递,快递,2025-04-23 16:26:03,,1,0.2,0,6.00,0.00,2.80,6-3.2,1,1914958907275399168,极兔快递,JT0016237425976,服饰,广东省,
凯泽智慧社区团寄快递_站点-凯泽智慧社区团寄快递,凯泽智慧社区团寄快递,凯泽智慧社区团寄快递,快递,2025-04-23 16:25:13,,1,0.2,0,6.00,0.00,2.80,6-3.2,1,1914958704401108992,极兔快递,JT0016235906051,服饰,广东省,
凯泽智慧社区团寄快递_站点-凯泽智慧社区团寄快递,凯泽智慧社区团寄快递,凯泽智慧社区团寄快递,快递,2025-04-23 16:22:30,,1,0.25,0,6.00,0.00,2.80,6-3.2,1,1914958020561784832,极兔快递,JT0016240083417,生活用品,广东省,
凯泽智慧社区团寄快递_站点-凯泽智慧社区团寄快递,凯泽智慧社区团寄快递,凯泽智慧社区团寄快递,快递,2025-04-23 16:16:15,,1,0.23,0,6.00,0.00,2.80,6-3.2,1,1914956449807519744,极兔快递,JT0016233779779,服饰,广东省,
凯泽智慧社区团寄快递_站点-凯泽智慧社区团寄快递,凯泽智慧社区团寄快递,凯泽智慧社区团寄快递,快递,2025-04-23 16:02:41,,1,0.2,0,7.00,0.00,2.80,6-3.2,1,1914953033249116160,极兔快递,JT0016236526430,服饰,上海市,
凯泽智慧社区团寄快递_站点-凯泽智慧社区团寄快递,凯泽智慧社区团寄快递,凯泽智慧社区团寄快递,快递,2025-04-23 15:24:11,,1,0.41,0,6.00,0.00,2.80,6-3.2,1,1914943344855666688,极兔快递,JT0016236777954,服饰,广东省,
凯泽智慧社区团寄快递_站点-凯泽智慧社区团寄快递,凯泽智慧社区团寄快递,凯泽智慧社区团寄快递,快递,2025-04-23 14:25:49,,1.2,1.16,0,7.00,0.00,3.01,43% ,1,1914928654645645312,极兔快递,JT0016234512383,服饰,广东省,
凯泽智慧社区团寄快递_站点-凯泽智慧社区团寄快递,凯泽智慧社区团寄快递,凯泽智慧社区团寄快递,快递,2025-04-23 14:14:47,,1,0.27,0,6.00,0.00,2.80,6-3.2,1,1914925876602916864,极兔快递,JT0016236206220,服饰,河南省,
凯泽智慧社区团寄快递_站点-凯泽智慧社区团寄快递,凯泽智慧社区团寄快递,凯泽智慧社区团寄快递,快递,2025-04-23 14:13:17,,1,0.43,0,6.00,0.00,2.80,6-3.2,1,1914925505016942592,极兔快递,JT0016230713324,服饰,福建省,
凯泽智慧社区团寄快递_站点-凯泽智慧社区团寄快递,凯泽智慧社区团寄快递,凯泽智慧社区团寄快递,快递,2025-04-23 14:12:05,,1,0.47,0,6.00,0.00,2.80,6-3.2,1,1914925196102258688,极兔快递,JT0016231994852,服饰,福建省,
凯泽智慧社区团寄快递_站点-凯泽智慧社区团寄快递,凯泽智慧社区团寄快递,凯泽智慧社区团寄快递,快递,2025-04-23 14:10:32,,1,1.3,-1,6.00,0.00,2.80,6-3.2,1,1914924807839731712,极兔快递,JT0016236195760,服饰,广东省,
凯泽智慧社区团寄快递_站点-凯泽智慧社区团寄快递,凯泽智慧社区团寄快递,凯泽智慧社区团寄快递,快递,2025-04-23 11:06:01,,1,0.59,0,6.00,0.00,2.80,6-3.2,1,1914878374935711744,极兔快递,JT0016226820222,服饰,天津市,
凯泽智慧社区团寄快递_站点-凯泽智慧社区团寄快递,凯泽智慧社区团寄快递,凯泽智慧社区团寄快递,快递,2025-04-23 11:04:52,,1,0.2,0,6.00,0.00,2.80,6-3.2,1,1914878086254350336,极兔快递,JT0016232261365,服饰,吉林省,
凯泽智慧社区团寄快递_站点-凯泽智慧社区团寄快递,凯泽智慧社区团寄快递,凯泽智慧社区团寄快递,快递,2025-04-23 10:18:24,,1,0.77,0,6.00,0.00,2.80,6-3.2,1,1914866390123073536,极兔快递,JT0016227308677,服饰,四川省,
凯泽智慧社区团寄快递_站点-凯泽智慧社区团寄快递,凯泽智慧社区团寄快递,凯泽智慧社区团寄快递,快递,2025-04-23 09:44:54,,1,0.2,0,6.00,0.00,2.80,6-3.2,1,1914857953230245888,极兔快递,JT0016223813823,服饰,河南省,
凯泽智慧社区团寄快递_站点-凯泽智慧社区团寄快递,凯泽智慧社区团寄快递,凯泽智慧社区团寄快递,快递,2025-04-23 09:43:44,,1,0.7,0,6.00,0.00,2.80,6-3.2,1,1914857667593949184,极兔快递,JT0016230410919,服饰,广东省,
凯泽智慧社区团寄快递_站点-凯泽智慧社区团寄快递,凯泽智慧社区团寄快递,凯泽智慧社区团寄快递,快递,2025-04-23 09:39:20,,1,0.2,0,6.00,0.00,2.80,6-3.2,1,1914856558913572864,极兔快递,JT0016230582224,服饰,河北省,
凯泽智慧社区团寄快递_站点-凯泽智慧社区团寄快递,凯泽智慧社区团寄快递,凯泽智慧社区团寄快递,快递,2025-04-22 22:02:28,,1,0.22,0,6.00,0.00,2.80,6-3.2,1,1914681177187209216,极兔快递,JT0016228101393,服饰,浙江省,
凯泽智慧社区团寄快递_站点-凯泽智慧社区团寄快递,凯泽智慧社区团寄快递,凯泽智慧社区团寄快递,快递,2025-04-22 22:00:15,,1,0.24,0,6.00,0.00,2.80,6-3.2,1,1914680603590971392,极兔快递,JT0016222199522,生活用品,广东省,
凯泽智慧社区团寄快递_站点-凯泽智慧社区团寄快递,凯泽智慧社区团寄快递,凯泽智慧社区团寄快递,快递,2025-04-22 20:37:28,,1,0.23,0,6.00,0.00,2.80,6-3.2,1,1914659798035386368,极兔快递,JT0016226764590,服饰,浙江省,
凯泽智慧社区团寄快递_站点-凯泽智慧社区团寄快递,凯泽智慧社区团寄快递,凯泽智慧社区团寄快递,快递,2025-04-22 20:33:47,,1,0.2,0,6.00,0.00,2.80,6-3.2,1,1914658867709399040,极兔快递,JT0016225842299,服饰,陕西省,
凯泽智慧社区团寄快递_站点-凯泽智慧社区团寄快递,凯泽智慧社区团寄快递,凯泽智慧社区团寄快递,快递,2025-04-22 20:12:53,,1,0.46,0,6.00,0.00,2.80,6-3.2,1,1914653611655090176,极兔快递,JT0016227084149,生活用品,四川省,
凯泽智慧社区团寄快递_站点-凯泽智慧社区团寄快递,凯泽智慧社区团寄快递,凯泽智慧社区团寄快递,快递,2025-04-22 20:00:22,,1,0.55,0,6.00,0.00,2.80,6-3.2,1,1914650462559064064,极兔快递,JT0016225114852,服饰,福建省,
凯泽智慧社区团寄快递_站点-凯泽智慧社区团寄快递,凯泽智慧社区团寄快递,凯泽智慧社区团寄快递,快递,2025-04-22 19:19:03,,1,0.75,0,6.00,0.00,2.80,6-3.2,1,1914640055278686208,极兔快递,JT0016219196764,服饰,浙江省,
凯泽智慧社区团寄快递_站点-凯泽智慧社区团寄快递,凯泽智慧社区团寄快递,凯泽智慧社区团寄快递,快递,2025-04-22 18:07:36,,1,1.06,-1,6.00,0.00,2.80,6-3.2,1,1914622083466186752,极兔快递,JT0016224598063,服饰,浙江省,
凯泽智慧社区团寄快递_站点-凯泽智慧社区团寄快递,凯泽智慧社区团寄快递,凯泽智慧社区团寄快递,快递,2025-04-22 18:05:46,,1,0.5,0,6.00,0.00,2.80,6-3.2,1,1914621606850646016,极兔快递,JT0016225033095,服饰,湖北省,
凯泽智慧社区团寄快递_站点-凯泽智慧社区团寄快递,凯泽智慧社区团寄快递,凯泽智慧社区团寄快递,快递,2025-04-22 18:05:13,,1,0.2,0,6.00,0.00,2.80,6-3.2,1,1914621484087562240,极兔快递,JT0016215933391,服饰,广东省,
凯泽智慧社区团寄快递_站点-凯泽智慧社区团寄快递,凯泽智慧社区团寄快递,凯泽智慧社区团寄快递,快递,2025-04-22 18:03:14,,1,0.22,0,6.00,0.00,2.80,6-3.2,1,1914620966858575872,极兔快递,JT0016220603579,服饰,广东省,
凯泽智慧社区团寄快递_站点-凯泽智慧社区团寄快递,凯泽智慧社区团寄快递,凯泽智慧社区团寄快递,快递,2025-04-22 18:02:40,,1,0.58,0,6.00,0.00,2.80,6-3.2,1,1914620816144650240,极兔快递,JT0016218175474,服饰,广东省,
凯泽智慧社区团寄快递_站点-凯泽智慧社区团寄快递,凯泽智慧社区团寄快递,凯泽智慧社区团寄快递,快递,2025-04-22 18:01:36,,1,0.49,0,6.00,0.00,2.80,6-3.2,1,1914620573948760064,极兔快递,JT0016224968522,服饰,广东省,
凯泽智慧社区团寄快递_站点-凯泽智慧社区团寄快递,凯泽智慧社区团寄快递,凯泽智慧社区团寄快递,快递,2025-04-22 17:44:52,,1,0.2,0,6.00,0.00,2.80,6-3.2,1,1914616360753614848,极兔快递,JT0016222280930,生活用品,广西壮族自治区,
凯泽智慧社区团寄快递_站点-凯泽智慧社区团寄快递,凯泽智慧社区团寄快递,凯泽智慧社区团寄快递,快递,2025-04-22 17:37:22,,1,0.33,0,6.00,0.00,2.80,6-3.2,1,1914614466668843008,极兔快递,JT0016219279091,服饰,河北省,
凯泽智慧社区团寄快递_站点-凯泽智慧社区团寄快递,凯泽智慧社区团寄快递,凯泽智慧社区团寄快递,快递,2025-04-22 15:44:40,,1,0.38,0,6.00,0.00,2.80,6-3.2,1,1914586113291243520,极兔快递,JT0016220139210,服饰,江苏省,
凯泽智慧社区团寄快递_站点-凯泽智慧社区团寄快递,凯泽智慧社区团寄快递,凯泽智慧社区团寄快递,快递,2025-04-22 15:42:31,,1,1.42,-1,6.00,0.00,2.80,6-3.2,1,1914585569411649536,极兔快递,JT0016216205787,服饰,浙江省,
凯泽智慧社区团寄快递_站点-凯泽智慧社区团寄快递,凯泽智慧社区团寄快递,凯泽智慧社区团寄快递,快递,2025-04-22 13:58:59,,1,0.37,0,6.00,0.00,2.80,6-3.2,1,1914559506497327104,极兔快递,JT0016208686846,生活用品,山东省,
凯泽智慧社区团寄快递_站点-凯泽智慧社区团寄快递,凯泽智慧社区团寄快递,凯泽智慧社区团寄快递,快递,2025-04-22 13:58:06,,1,0.2,0,6.00,0.00,2.80,6-3.2,1,1914559283897225216,极兔快递,JT0016214456539,生鲜类,湖南省,
凯泽智慧社区团寄快递_站点-凯泽智慧社区团寄快递,凯泽智慧社区团寄快递,凯泽智慧社区团寄快递,快递,2025-04-22 13:57:12,,1,0.2,0,6.00,0.00,2.80,6-3.2,1,1914559067068485632,极兔快递,JT0016213737783,生活用品,江苏省,
凯泽智慧社区团寄快递_站点-凯泽智慧社区团寄快递,凯泽智慧社区团寄快递,凯泽智慧社区团寄快递,快递,2025-04-22 12:57:57,,2,1.37,0,7.00,0.00,3.01,43% ,1,1914544155227246592,极兔快递,JT0016215314800,生活用品,广东省,
凯泽智慧社区团寄快递_站点-凯泽智慧社区团寄快递,凯泽智慧社区团寄快递,凯泽智慧社区团寄快递,快递,2025-04-22 12:32:34,,1,0.33,0,6.00,0.00,2.80,6-3.2,1,1914537768803815424,极兔快递,JT0016217999557,服饰,浙江省,
凯泽智慧社区团寄快递_站点-凯泽智慧社区团寄快递,凯泽智慧社区团寄快递,凯泽智慧社区团寄快递,快递,2025-04-22 11:25:50,,1,0.92,0,6.00,0.00,2.80,6-3.2,1,1914520975871758336,极兔快递,JT0016216187601,服饰,河南省,
凯泽智慧社区团寄快递_站点-凯泽智慧社区团寄快递,凯泽智慧社区团寄快递,凯泽智慧社区团寄快递,快递,2025-04-22 11:18:37,,1,1.01,-1,6.00,0.00,2.80,6-3.2,1,1914519156961497088,极兔快递,JT0016213180597,生活用品,安徽省,
凯泽智慧社区团寄快递_站点-凯泽智慧社区团寄快递,凯泽智慧社区团寄快递,凯泽智慧社区团寄快递,快递,2025-04-22 10:29:05,,1,0.43,0,6.00,0.00,2.80,6-3.2,1,1914506676486983680,极兔快递,JT0016207628737,服饰,广东省,
凯泽智慧社区团寄快递_站点-凯泽智慧社区团寄快递,凯泽智慧社区团寄快递,凯泽智慧社区团寄快递,快递,2025-04-22 10:21:24,,1,0.62,0,6.00,0.00,2.80,6-3.2,1,1914504752710733824,极兔快递,JT0016206334613,服饰,贵州省,
凯泽智慧社区团寄快递_站点-凯泽智慧社区团寄快递,凯泽智慧社区团寄快递,凯泽智慧社区团寄快递,快递,2025-04-22 10:20:37,,1,1.11,-1,6.00,0.00,2.80,6-3.2,1,1914504562796843008,极兔快递,JT0016214256531,服饰,河南省,
凯泽智慧社区团寄快递_站点-凯泽智慧社区团寄快递,凯泽智慧社区团寄快递,凯泽智慧社区团寄快递,快递,2025-04-22 10:19:35,,1,0.35,0,7.00,0.00,2.80,6-3.2,1,1914504269405278208,极兔快递,JT0016205440073,服饰,北京市,
凯泽智慧社区团寄快递_站点-凯泽智慧社区团寄快递,凯泽智慧社区团寄快递,凯泽智慧社区团寄快递,快递,2025-04-22 10:08:43,,1,0.2,0,6.00,0.00,2.80,6-3.2,1,1914501567879237632,极兔快递,JT0016213638238,生活用品,广东省,
凯泽智慧社区团寄快递_站点-凯泽智慧社区团寄快递,凯泽智慧社区团寄快递,凯泽智慧社区团寄快递,快递,2025-04-22 09:56:13,,1,1.18,-1,6.00,0.00,2.80,6-3.2,1,1914498420293160960,极兔快递,JT0016214129525,服饰,湖南省,
凯泽智慧社区团寄快递_站点-凯泽智慧社区团寄快递,凯泽智慧社区团寄快递,凯泽智慧社区团寄快递,快递,2025-04-22 09:39:29,,1,0.36,0,6.00,0.00,2.80,6-3.2,1,1914494206007496704,极兔快递,JT0016203951551,服饰,广东省,
凯泽智慧社区团寄快递_站点-凯泽智慧社区团寄快递,凯泽智慧社区团寄快递,凯泽智慧社区团寄快递,快递,2025-04-22 09:38:25,,1,0.29,0,6.00,0.00,2.80,6-3.2,1,1914493942617788416,极兔快递,JT0016213427018,服饰,浙江省,
凯泽智慧社区团寄快递_站点-凯泽智慧社区团寄快递,凯泽智慧社区团寄快递,凯泽智慧社区团寄快递,快递,2025-04-22 09:36:56,,1,0.49,0,6.00,0.00,2.80,6-3.2,1,1914493567823171584,极兔快递,JT0016213285496,服饰,浙江省,
凯泽智慧社区团寄快递_站点-凯泽智慧社区团寄快递,凯泽智慧社区团寄快递,凯泽智慧社区团寄快递,快递,2025-04-22 09:29:13,,1,0.2,0,6.00,0.00,2.80,6-3.2,1,1914491625197719552,极兔快递,JT0016213710750,服饰,浙江省,
凯泽智慧社区团寄快递_站点-凯泽智慧社区团寄快递,凯泽智慧社区团寄快递,凯泽智慧社区团寄快递,快递,2025-04-22 08:54:44,,1,0.2,0,6.00,0.00,2.80,6-3.2,1,1914482946956251136,极兔快递,JT0016211442565,生活用品,广东省,
凯泽智慧社区团寄快递_站点-凯泽智慧社区团寄快递,凯泽智慧社区团寄快递,凯泽智慧社区团寄快递,快递,2025-04-22 08:33:09,,1,0.2,0,6.00,0.00,2.80,6-3.2,1,1914477516959961088,极兔快递,JT0016212465225,服饰,浙江省,
凯泽智慧社区团寄快递_站点-凯泽智慧社区团寄快递,凯泽智慧社区团寄快递,凯泽智慧社区团寄快递,快递,2025-04-22 08:22:08,,1,0.2,0,6.00,0.00,2.80,6-3.2,1,1914474716154744832,极兔快递,JT0016211716726,文件,陕西省,
凯泽智慧社区团寄快递_站点-凯泽智慧社区团寄快递,凯泽智慧社区团寄快递,凯泽智慧社区团寄快递,干洗,2025-04-21 20:59:51,,,,,19.80,,5.94,30%,,1914303039227744256,干洗,,"清洗鞋19.8元两双   *   1
清洗鞋19.8元两双   *   1",,
凯泽智慧社区团寄快递_站点-凯泽智慧社区团寄快递,凯泽智慧社区团寄快递,凯泽智慧社区团寄快递,干洗,2025-04-21 20:49:15,,,,,24.50,,7.35,30%,,1914300372187271168,干洗,,"清洗普通羽绒服2件不分长短49元   *   1",,
凯泽智慧社区团寄快递_站点-凯泽智慧社区团寄快递,凯泽智慧社区团寄快递,凯泽智慧社区团寄快递,快递,2025-04-21 20:40:51,,2,1.06,0,7.00,0.00,3.01,43% ,1,1914298258568433664,极兔快递,JT0016206990151,服饰,浙江省,
凯泽智慧社区团寄快递_站点-凯泽智慧社区团寄快递,凯泽智慧社区团寄快递,凯泽智慧社区团寄快递,快递,2025-04-21 20:28:21,,1,0.82,0,6.00,0.00,2.80,6-3.2,1,1914295110609063936,极兔快递,JT0016194139753,服饰,广东省,
凯泽智慧社区团寄快递_站点-凯泽智慧社区团寄快递,凯泽智慧社区团寄快递,凯泽智慧社区团寄快递,快递,2025-04-21 20:27:30,,1,0.84,0,6.00,0.00,2.80,6-3.2,1,1914294904819732480,极兔快递,JT0016209287444,服饰,广东省,
凯泽智慧社区团寄快递_站点-凯泽智慧社区团寄快递,凯泽智慧社区团寄快递,凯泽智慧社区团寄快递,快递,2025-04-21 20:05:50,,2,1.46,0,7.00,0.00,3.01,43% ,1,1914289449892499456,极兔快递,JT0016208532407,食品,山东省,
凯泽智慧社区团寄快递_站点-凯泽智慧社区团寄快递,凯泽智慧社区团寄快递,凯泽智慧社区团寄快递,快递,2025-04-21 20:04:04,,1,0.62,0,6.00,0.00,2.80,6-3.2,1,1914289006760087552,极兔快递,JT0016205518454,服饰,河北省,
凯泽智慧社区团寄快递_站点-凯泽智慧社区团寄快递,凯泽智慧社区团寄快递,凯泽智慧社区团寄快递,快递,2025-04-21 19:57:51,,1,0.34,0,6.00,0.00,2.80,6-3.2,1,1914287437394137088,极兔快递,JT0016207850658,生活用品,广东省,
凯泽智慧社区团寄快递_站点-凯泽智慧社区团寄快递,凯泽智慧社区团寄快递,凯泽智慧社区团寄快递,快递,2025-04-21 19:38:57,,1,0.73,0,6.00,0.00,2.80,6-3.2,1,1914282682533990400,极兔快递,JT0016207227376,服饰,广东省,
凯泽智慧社区团寄快递_站点-凯泽智慧社区团寄快递,凯泽智慧社区团寄快递,凯泽智慧社区团寄快递,快递,2025-04-21 19:33:59,,1,0.35,0,6.00,0.00,2.80,6-3.2,1,1914281429544390656,极兔快递,JT0016209778842,服饰,福建省,
凯泽智慧社区团寄快递_站点-凯泽智慧社区团寄快递,凯泽智慧社区团寄快递,凯泽智慧社区团寄快递,快递,2025-04-21 18:28:55,,1,0.61,0,6.00,0.00,2.80,6-3.2,1,1914265057028395008,极兔快递,JT0016197686756,生活用品,广东省,
凯泽智慧社区团寄快递_站点-凯泽智慧社区团寄快递,凯泽智慧社区团寄快递,凯泽智慧社区团寄快递,快递,2025-04-21 18:05:59,,1,0.2,0,7.00,0.00,2.80,6-3.2,1,1914259286970519552,极兔快递,JT0016208454603,服饰,上海市,
凯泽智慧社区团寄快递_站点-凯泽智慧社区团寄快递,凯泽智慧社区团寄快递,凯泽智慧社区团寄快递,快递,2025-04-10 17:58:22,2025-04-21 09:21:29,1,,,13.00,,0.00,,1,1910271102024601600,京东快递,JDVG03654262818,生活用品,陕西省,已全额退款
凯泽智慧社区团寄快递_站点-凯泽智慧社区团寄快递,凯泽智慧社区团寄快递,凯泽智慧社区团寄快递,快递,2025-04-21 17:05:36,,1,0.2,0,6.00,0.00,2.80,6-3.2,1,1914244089338601472,极兔快递,JT0016203145110,服饰,浙江省,
凯泽智慧社区团寄快递_站点-凯泽智慧社区团寄快递,凯泽智慧社区团寄快递,凯泽智慧社区团寄快递,快递,2025-04-21 17:04:05,,1,0.33,0,6.00,0.00,2.80,6-3.2,1,1914243709326270464,极兔快递,JT0016205831683,服饰,河北省,
凯泽智慧社区团寄快递_站点-凯泽智慧社区团寄快递,凯泽智慧社区团寄快递,凯泽智慧社区团寄快递,快递,2025-04-21 16:43:24,,1,0.48,0,6.00,0.00,2.80,6-3.2,1,1914238492987826176,极兔快递,JT0016200034449,服饰,广东省,
凯泽智慧社区团寄快递_站点-凯泽智慧社区团寄快递,凯泽智慧社区团寄快递,凯泽智慧社区团寄快递,快递,2025-04-21 16:42:32,,1,0.2,0,6.00,0.00,2.80,6-3.2,1,1914238287265603584,极兔快递,JT0016206308722,服饰,湖北省,
凯泽智慧社区团寄快递_站点-凯泽智慧社区团寄快递,凯泽智慧社区团寄快递,凯泽智慧社区团寄快递,快递,2025-04-21 16:39:09,,8,7.89,0,20.00,7.50,8.00,40% ,1,1914237431040385024,极兔快递,JT0016206188000,生活用品,山东省,
凯泽智慧社区团寄快递_站点-凯泽智慧社区团寄快递,凯泽智慧社区团寄快递,凯泽智慧社区团寄快递,快递,2025-04-21 16:33:53,,1,0.48,0,6.00,0.00,2.80,6-3.2,1,1914236108186263552,极兔快递,JT0016206011612,生活用品,山东省,
凯泽智慧社区团寄快递_站点-凯泽智慧社区团寄快递,凯泽智慧社区团寄快递,凯泽智慧社区团寄快递,快递,2025-04-21 15:59:16,,1,0.69,0,6.00,0.00,2.80,6-3.2,1,1914227390333788160,极兔快递,JT0016205533589,服饰,江西省,
凯泽智慧社区团寄快递_站点-凯泽智慧社区团寄快递,凯泽智慧社区团寄快递,凯泽智慧社区团寄快递,快递,2025-04-21 15:58:30,,1,0.67,0,6.00,0.00,2.80,6-3.2,1,1914227207806066688,极兔快递,JT0016196392282,服饰,江西省,
凯泽智慧社区团寄快递_站点-凯泽智慧社区团寄快递,凯泽智慧社区团寄快递,凯泽智慧社区团寄快递,快递,2025-04-21 15:57:10,,1,0.6,0,6.00,0.00,2.80,6-3.2,1,1914226868633673728,极兔快递,JT0016198910418,服饰,江西省,
凯泽智慧社区团寄快递_站点-凯泽智慧社区团寄快递,凯泽智慧社区团寄快递,凯泽智慧社区团寄快递,快递,2025-04-21 15:26:28,,2.2,2.1,0,8.00,0.00,3.60,45% ,1,1914219137239556096,极兔快递,JT0016199437868,生活用品,广东省,
凯泽智慧社区团寄快递_站点-凯泽智慧社区团寄快递,凯泽智慧社区团寄快递,凯泽智慧社区团寄快递,快递,2025-04-21 13:17:44,,1,0.34,0,6.00,0.00,2.80,6-3.2,1,1914186747444142080,极兔快递,JT0016200424916,服饰,广东省,
凯泽智慧社区团寄快递_站点-凯泽智慧社区团寄快递,凯泽智慧社区团寄快递,凯泽智慧社区团寄快递,快递,2025-04-21 11:49:02,,1,0.38,0,6.00,0.00,2.80,6-3.2,1,1914164407909949440,极兔快递,JT0016199651942,服饰,浙江省,
凯泽智慧社区团寄快递_站点-凯泽智慧社区团寄快递,凯泽智慧社区团寄快递,凯泽智慧社区团寄快递,快递,2025-04-21 11:28:25,,1,0.2,0,6.00,0.00,2.80,6-3.2,1,1914159229215383552,极兔快递,JT0016194910868,服饰,山东省,
凯泽智慧社区团寄快递_站点-凯泽智慧社区团寄快递,凯泽智慧社区团寄快递,凯泽智慧社区团寄快递,快递,2025-04-21 11:27:27,,1,0.88,0,6.00,0.00,2.80,6-3.2,1,1914158995743645696,极兔快递,JT0016198093789,服饰,河北省,
凯泽智慧社区团寄快递_站点-凯泽智慧社区团寄快递,凯泽智慧社区团寄快递,凯泽智慧社区团寄快递,快递,2025-04-21 11:06:54,,1,0.45,0,7.00,0.00,2.80,6-3.2,1,1914153801198804992,极兔快递,JT0016197723113,服饰,北京市,
凯泽智慧社区团寄快递_站点-凯泽智慧社区团寄快递,凯泽智慧社区团寄快递,凯泽智慧社区团寄快递,快递,2025-04-21 10:52:43,,1,0.2,0,6.00,0.00,2.80,6-3.2,1,1914150243808256000,极兔快递,JT0016199011316,服饰,湖北省,
凯泽智慧社区团寄快递_站点-凯泽智慧社区团寄快递,凯泽智慧社区团寄快递,凯泽智慧社区团寄快递,快递,2025-04-21 10:52:02,,1,0.85,0,6.00,0.00,2.80,6-3.2,1,1914150075255955456,极兔快递,JT0016194794714,服饰,浙江省,
凯泽智慧社区团寄快递_站点-凯泽智慧社区团寄快递,凯泽智慧社区团寄快递,凯泽智慧社区团寄快递,快递,2025-04-21 10:51:15,,1,0.2,0,6.00,0.00,2.80,6-3.2,1,1914149887292416000,极兔快递,JT0016197063475,服饰,安徽省,
凯泽智慧社区团寄快递_站点-凯泽智慧社区团寄快递,凯泽智慧社区团寄快递,凯泽智慧社区团寄快递,快递,2025-04-21 10:49:36,,1,1.06,-1,6.00,0.00,2.80,6-3.2,1,1914149459406299136,极兔快递,JT0016196935759,服饰,浙江省,
凯泽智慧社区团寄快递_站点-凯泽智慧社区团寄快递,凯泽智慧社区团寄快递,凯泽智慧社区团寄快递,快递,2025-04-21 10:48:42,,1,0.83,0,6.00,0.00,2.80,6-3.2,1,1914149238077071360,极兔快递,JT0016198911089,服饰,江苏省,
凯泽智慧社区团寄快递_站点-凯泽智慧社区团寄快递,凯泽智慧社区团寄快递,凯泽智慧社区团寄快递,快递,2025-04-21 09:18:42,,1,0.45,0,6.00,0.00,2.80,6-3.2,1,1914126591201058816,极兔快递,JT0016182435465,服饰,广东省,
凯泽智慧社区团寄快递_站点-凯泽智慧社区团寄快递,凯泽智慧社区团寄快递,凯泽智慧社区团寄快递,快递,2025-04-21 09:04:28,,1,0.44,0,6.00,0.00,2.80,6-3.2,1,1914123004114837504,极兔快递,JT0016196064207,服饰,安徽省,
凯泽智慧社区团寄快递_站点-凯泽智慧社区团寄快递,凯泽智慧社区团寄快递,凯泽智慧社区团寄快递,快递,2025-04-21 09:03:40,,1,0.24,0,6.00,0.00,2.80,6-3.2,1,1914122810212163584,极兔快递,JT0016193100282,服饰,贵州省,
凯泽智慧社区团寄快递_站点-凯泽智慧社区团寄快递,凯泽智慧社区团寄快递,凯泽智慧社区团寄快递,快递,2025-04-20 20:37:09,,3,4.98,-2,8.00,3.00,3.60,45% ,1,1913934939459100672,极兔快递,JT0016191820010,生活用品,河南省,
凯泽智慧社区团寄快递_站点-凯泽智慧社区团寄快递,凯泽智慧社区团寄快递,凯泽智慧社区团寄快递,快递,2025-04-20 20:31:43,,1,0.34,0,6.00,0.00,2.80,6-3.2,1,1913933572069859328,极兔快递,JT0016190171277,服饰,湖南省,
凯泽智慧社区团寄快递_站点-凯泽智慧社区团寄快递,凯泽智慧社区团寄快递,凯泽智慧社区团寄快递,快递,2025-04-20 19:46:11,,1,0.2,0,6.00,0.00,2.80,6-3.2,1,1913922114040832000,极兔快递,JT0016188856378,服饰,浙江省,
凯泽智慧社区团寄快递_站点-凯泽智慧社区团寄快递,凯泽智慧社区团寄快递,凯泽智慧社区团寄快递,快递,2025-04-20 19:31:22,,1,0.51,0,6.00,0.00,2.80,6-3.2,1,1913918390291603456,极兔快递,JT0016192143022,服饰,广东省,
凯泽智慧社区团寄快递_站点-凯泽智慧社区团寄快递,凯泽智慧社区团寄快递,凯泽智慧社区团寄快递,快递,2025-04-20 19:29:09,,1,0.71,0,6.00,0.00,2.80,6-3.2,1,1913917830532374528,极兔快递,JT0016192911073,服饰,浙江省,
凯泽智慧社区团寄快递_站点-凯泽智慧社区团寄快递,凯泽智慧社区团寄快递,凯泽智慧社区团寄快递,快递,2025-04-20 19:27:39,,1,0.2,0,6.00,0.00,2.80,6-3.2,1,1913917452327788544,极兔快递,JT0016176494490,服饰,广东省,
凯泽智慧社区团寄快递_站点-凯泽智慧社区团寄快递,凯泽智慧社区团寄快递,凯泽智慧社区团寄快递,快递,2025-04-20 19:13:05,,1,0.45,0,6.00,0.00,2.80,6-3.2,1,1913913786388652032,极兔快递,JT0016186825726,服饰,江苏省,
凯泽智慧社区团寄快递_站点-凯泽智慧社区团寄快递,凯泽智慧社区团寄快递,凯泽智慧社区团寄快递,快递,2025-04-20 19:11:29,,1,0.14,0,6.00,0.00,2.52,42% ,1,1913913384188452864,韵达快递,312717972015382,服饰,内蒙古自治区,
凯泽智慧社区团寄快递_站点-凯泽智慧社区团寄快递,凯泽智慧社区团寄快递,凯泽智慧社区团寄快递,快递,2025-04-20 18:14:35,,1,0.37,0,6.00,0.00,2.80,6-3.2,1,1913899066743005184,极兔快递,JT0016191613118,服饰,浙江省,
凯泽智慧社区团寄快递_站点-凯泽智慧社区团寄快递,凯泽智慧社区团寄快递,凯泽智慧社区团寄快递,快递,2025-04-20 18:13:22,,1,0.24,0,6.00,0.00,2.80,6-3.2,1,1913898757685714944,极兔快递,JT0016190071501,服饰,湖南省,
凯泽智慧社区团寄快递_站点-凯泽智慧社区团寄快递,凯泽智慧社区团寄快递,凯泽智慧社区团寄快递,快递,2025-04-20 18:12:14,,1,0.32,0,6.00,0.00,2.80,6-3.2,1,1913898475060928512,极兔快递,JT0016184656892,服饰,广东省,
凯泽智慧社区团寄快递_站点-凯泽智慧社区团寄快递,凯泽智慧社区团寄快递,凯泽智慧社区团寄快递,快递,2025-04-20 17:39:33,,1,0.29,0,6.00,0.00,2.80,6-3.2,1,1913890249187729408,极兔快递,JT0016189563553,服饰,江苏省,
凯泽智慧社区团寄快递_站点-凯泽智慧社区团寄快递,凯泽智慧社区团寄快递,凯泽智慧社区团寄快递,快递,2025-04-20 17:38:23,,1,0.24,0,6.00,0.00,2.80,6-3.2,1,1913889953015341056,极兔快递,JT0016186424971,服饰,湖南省,
凯泽智慧社区团寄快递_站点-凯泽智慧社区团寄快递,凯泽智慧社区团寄快递,凯泽智慧社区团寄快递,快递,2025-04-20 16:59:11,,1,1.13,-1,6.00,0.00,2.80,6-3.2,1,1913880091636211712,极兔快递,JT0016189409329,生活用品,安徽省,
凯泽智慧社区团寄快递_站点-凯泽智慧社区团寄快递,凯泽智慧社区团寄快递,凯泽智慧社区团寄快递,快递,2025-04-20 16:55:37,,1,0.22,0,6.00,0.00,2.80,6-3.2,1,1913879193484730368,极兔快递,JT0016178464097,生活用品,广东省,
凯泽智慧社区团寄快递_站点-凯泽智慧社区团寄快递,凯泽智慧社区团寄快递,凯泽智慧社区团寄快递,快递,2025-04-20 16:49:46,,1,0.25,0,6.00,0.00,2.80,6-3.2,1,1913877720646492160,极兔快递,JT0016187345117,服饰,广东省,
凯泽智慧社区团寄快递_站点-凯泽智慧社区团寄快递,凯泽智慧社区团寄快递,凯泽智慧社区团寄快递,快递,2025-04-20 16:48:09,,1,0.74,0,6.00,0.00,2.80,6-3.2,1,1913877311055929344,极兔快递,JT0016171955506,服饰,浙江省,
凯泽智慧社区团寄快递_站点-凯泽智慧社区团寄快递,凯泽智慧社区团寄快递,凯泽智慧社区团寄快递,快递,2025-04-20 16:46:24,,1,0.86,0,6.00,0.00,2.80,6-3.2,1,1913876874856701952,极兔快递,JT0016178072072,服饰,浙江省,
凯泽智慧社区团寄快递_站点-凯泽智慧社区团寄快递,凯泽智慧社区团寄快递,凯泽智慧社区团寄快递,快递,2025-04-20 16:44:24,,1,0.74,0,6.00,0.00,2.80,6-3.2,1,1913876365454286848,极兔快递,JT0016189365547,生活用品,浙江省,
凯泽智慧社区团寄快递_站点-凯泽智慧社区团寄快递,凯泽智慧社区团寄快递,凯泽智慧社区团寄快递,快递,2025-04-20 15:53:14,,1,0.2,0,6.00,0.00,2.80,6-3.2,1,1913863493135310848,极兔快递,JT0016186937641,生活用品,广东省,
凯泽智慧社区团寄快递_站点-凯泽智慧社区团寄快递,凯泽智慧社区团寄快递,凯泽智慧社区团寄快递,快递,2025-04-20 15:51:54,,1,0.2,0,6.00,0.00,2.80,6-3.2,1,1913863155749691392,极兔快递,JT0016186632472,服饰,广东省,
凯泽智慧社区团寄快递_站点-凯泽智慧社区团寄快递,凯泽智慧社区团寄快递,凯泽智慧社区团寄快递,快递,2025-04-20 15:48:55,,1,0.3,0,6.00,0.00,2.80,6-3.2,1,1913862407959814144,极兔快递,JT0016187915252,服饰,广东省,
凯泽智慧社区团寄快递_站点-凯泽智慧社区团寄快递,凯泽智慧社区团寄快递,凯泽智慧社区团寄快递,快递,2025-04-20 15:46:42,,1,0.2,0,6.00,0.00,2.80,6-3.2,1,1913861831821828096,极兔快递,JT0016186343192,服饰,广东省,
凯泽智慧社区团寄快递_站点-凯泽智慧社区团寄快递,凯泽智慧社区团寄快递,凯泽智慧社区团寄快递,快递,2025-04-20 15:45:45,,1,0.31,0,6.00,0.00,2.80,6-3.2,1,1913861608852627456,极兔快递,JT0016187289835,服饰,广东省,
凯泽智慧社区团寄快递_站点-凯泽智慧社区团寄快递,凯泽智慧社区团寄快递,凯泽智慧社区团寄快递,快递,2025-04-20 15:41:15,,1,1.03,-1,6.00,0.00,2.80,6-3.2,1,1913860471139278848,极兔快递,JT0016188890512,服饰,福建省,
凯泽智慧社区团寄快递_站点-凯泽智慧社区团寄快递,凯泽智慧社区团寄快递,凯泽智慧社区团寄快递,快递,2025-04-20 15:40:14,,1,0.43,0,6.00,0.00,2.80,6-3.2,1,1913860223918612480,极兔快递,JT0016187376403,生活用品,广东省,
凯泽智慧社区团寄快递_站点-凯泽智慧社区团寄快递,凯泽智慧社区团寄快递,凯泽智慧社区团寄快递,快递,2025-04-20 15:37:10,,1,0.58,0,6.00,0.00,2.80,6-3.2,1,1913859440087080960,极兔快递,JT0016188670062,生活用品,安徽省,
凯泽智慧社区团寄快递_站点-凯泽智慧社区团寄快递,凯泽智慧社区团寄快递,凯泽智慧社区团寄快递,快递,2025-04-20 15:33:15,,1,0.33,0,6.00,0.00,2.80,6-3.2,1,1913858458263429120,极兔快递,JT0016188931553,生活用品,广东省,
凯泽智慧社区团寄快递_站点-凯泽智慧社区团寄快递,凯泽智慧社区团寄快递,凯泽智慧社区团寄快递,快递,2025-04-20 11:34:44,,1,0.56,0,6.00,0.00,2.80,6-3.2,1,1913798439899701248,极兔快递,JT0016181591042,服饰,浙江省,
凯泽智慧社区团寄快递_站点-凯泽智慧社区团寄快递,凯泽智慧社区团寄快递,凯泽智慧社区团寄快递,快递,2025-04-20 11:30:47,,3,2.48,0,8.00,0.00,3.60,45% ,1,1913797445887401984,极兔快递,JT0016179911340,服饰,陕西省,
凯泽智慧社区团寄快递_站点-凯泽智慧社区团寄快递,凯泽智慧社区团寄快递,凯泽智慧社区团寄快递,快递,2025-04-20 11:29:48,,1,0.37,0,6.00,0.00,2.80,6-3.2,1,1913797200096993280,极兔快递,JT0016183393370,服饰,广东省,
凯泽智慧社区团寄快递_站点-凯泽智慧社区团寄快递,凯泽智慧社区团寄快递,凯泽智慧社区团寄快递,快递,2025-04-20 10:58:09,,1,0.24,0,6.00,0.00,2.80,6-3.2,1,1913789229824679936,极兔快递,JT0016178162753,生活用品,广东省,
凯泽智慧社区团寄快递_站点-凯泽智慧社区团寄快递,凯泽智慧社区团寄快递,凯泽智慧社区团寄快递,快递,2025-04-20 10:02:12,,1,0.2,0,6.00,0.00,2.80,6-3.2,1,1913775141883158528,极兔快递,JT0016181623569,服饰,陕西省,
凯泽智慧社区团寄快递_站点-凯泽智慧社区团寄快递,凯泽智慧社区团寄快递,凯泽智慧社区团寄快递,快递,2025-04-20 10:01:29,,1,0.2,0,6.00,0.00,2.80,6-3.2,1,1913774959493849088,极兔快递,JT0016178827118,服饰,贵州省,
凯泽智慧社区团寄快递_站点-凯泽智慧社区团寄快递,凯泽智慧社区团寄快递,凯泽智慧社区团寄快递,快递,2025-04-20 10:00:52,,1,0.2,0,6.00,0.00,2.80,6-3.2,1,1913774804623368192,极兔快递,JT0016180904235,服饰,山东省,
凯泽智慧社区团寄快递_站点-凯泽智慧社区团寄快递,凯泽智慧社区团寄快递,凯泽智慧社区团寄快递,快递,2025-04-20 09:24:37,,1,0.2,0,6.00,0.00,2.80,6-3.2,1,1913765696490905600,极兔快递,JT0016179902748,生活用品,浙江省,
凯泽智慧社区团寄快递_站点-凯泽智慧社区团寄快递,凯泽智慧社区团寄快递,凯泽智慧社区团寄快递,干洗,2025-04-19 21:54:10,,,,,85.00,,25.50,30%,,1913591931492573184,干洗,,"清洗普通羽绒服2件不分长短49元   *   1
清洗普通羽绒服2件不分长短49元   *   1
羽绒马甲_儿童羽绒服   *   1
羽绒马甲_儿童羽绒服   *   1",,
凯泽智慧社区团寄快递_站点-凯泽智慧社区团寄快递,凯泽智慧社区团寄快递,凯泽智慧社区团寄快递,快递,2025-04-19 21:43:20,,1,0.97,0,6.00,0.00,2.80,6-3.2,1,1913589185058119680,极兔快递,JT0016177303759,服饰,湖北省,
凯泽智慧社区团寄快递_站点-凯泽智慧社区团寄快递,凯泽智慧社区团寄快递,凯泽智慧社区团寄快递,快递,2025-04-19 21:14:17,,1,0.69,0,6.00,0.00,2.80,6-3.2,1,1913581900114108416,极兔快递,JT0016178488767,服饰,江西省,
凯泽智慧社区团寄快递_站点-凯泽智慧社区团寄快递,凯泽智慧社区团寄快递,凯泽智慧社区团寄快递,快递,2025-04-19 21:12:59,,1,0.38,0,6.00,0.00,2.80,6-3.2,1,1913581547125678080,极兔快递,JT0016174363300,服饰,广东省,
凯泽智慧社区团寄快递_站点-凯泽智慧社区团寄快递,凯泽智慧社区团寄快递,凯泽智慧社区团寄快递,快递,2025-04-19 21:05:22,,1,1.16,-1,6.00,0.00,2.80,6-3.2,1,1913579514419159040,极兔快递,JT0016174824177,服饰,浙江省,
凯泽智慧社区团寄快递_站点-凯泽智慧社区团寄快递,凯泽智慧社区团寄快递,凯泽智慧社区团寄快递,快递,2025-04-19 20:47:15,,1,0.48,0,6.00,0.00,2.80,6-3.2,1,1913575079588601856,极兔快递,JT0016176392632,食品,湖北省,
凯泽智慧社区团寄快递_站点-凯泽智慧社区团寄快递,凯泽智慧社区团寄快递,凯泽智慧社区团寄快递,快递,2025-04-19 20:44:56,,1,0.3,0,6.00,0.00,2.52,42% ,1,1913574511063277568,韵达快递,312716774856304,服饰,广东省,
凯泽智慧社区团寄快递_站点-凯泽智慧社区团寄快递,凯泽智慧社区团寄快递,凯泽智慧社区团寄快递,快递,2025-04-18 20:38:06,2025-04-19 12:44:21,1,,,6.00,,0.00,,1,1913210399355510784,极兔快递,JT0016162702639,服饰,广东省,已全额退款
凯泽智慧社区团寄快递_站点-凯泽智慧社区团寄快递,凯泽智慧社区团寄快递,凯泽智慧社区团寄快递,快递,2025-04-19 20:36:49,,1,0.2,0,6.00,0.00,2.80,6-3.2,1,1913572469112512512,极兔快递,JT0016176864259,生活用品,辽宁省,
凯泽智慧社区团寄快递_站点-凯泽智慧社区团寄快递,凯泽智慧社区团寄快递,凯泽智慧社区团寄快递,快递,2025-04-19 20:35:32,,1,0.59,0,6.00,0.00,2.80,6-3.2,1,1913572149087117312,极兔快递,JT0016174745874,服饰,广东省,
凯泽智慧社区团寄快递_站点-凯泽智慧社区团寄快递,凯泽智慧社区团寄快递,凯泽智慧社区团寄快递,快递,2025-04-19 20:22:01,,1,0.33,0,6.00,0.00,2.80,6-3.2,1,1913568748819390464,极兔快递,JT0016176693855,服饰,湖北省,
凯泽智慧社区团寄快递_站点-凯泽智慧社区团寄快递,凯泽智慧社区团寄快递,凯泽智慧社区团寄快递,快递,2025-04-19 20:20:47,,1,0.32,0,6.00,0.00,2.80,6-3.2,1,1913568436591206400,极兔快递,JT0016175731894,服饰,江苏省,
凯泽智慧社区团寄快递_站点-凯泽智慧社区团寄快递,凯泽智慧社区团寄快递,凯泽智慧社区团寄快递,快递,2025-04-19 20:03:34,,1,0.79,0,6.00,0.00,2.80,6-3.2,1,1913564104491737088,极兔快递,JT0016176584171,服饰,浙江省,
凯泽智慧社区团寄快递_站点-凯泽智慧社区团寄快递,凯泽智慧社区团寄快递,凯泽智慧社区团寄快递,快递,2025-04-19 19:40:09,,2,1.29,0,8.00,0.00,2.44,43%,1,1913558212526415872,极兔快递,JT0016176830950,食品,北京市,
凯泽智慧社区团寄快递_站点-凯泽智慧社区团寄快递,凯泽智慧社区团寄快递,凯泽智慧社区团寄快递,快递,2025-04-19 16:04:04,,1,0.65,0,6.00,0.00,2.52,42% ,1,1913503829273026560,韵达快递,312716471565420,服饰,内蒙古自治区,
凯泽智慧社区团寄快递_站点-凯泽智慧社区团寄快递,凯泽智慧社区团寄快递,凯泽智慧社区团寄快递,快递,2025-04-19 15:35:15,,1,0.8,0,6.00,0.00,2.80,6-3.2,1,1913496578651004928,极兔快递,JT0016172239963,服饰,河北省,
凯泽智慧社区团寄快递_站点-凯泽智慧社区团寄快递,凯泽智慧社区团寄快递,凯泽智慧社区团寄快递,快递,2025-04-19 15:24:22,,1,1.09,-1,6.00,0.00,2.80,6-3.2,1,1913493757646020608,极兔快递,JT0016167282132,服饰,黑龙江省,
凯泽智慧社区团寄快递_站点-凯泽智慧社区团寄快递,凯泽智慧社区团寄快递,凯泽智慧社区团寄快递,快递,2025-04-19 15:18:00,,1,0.42,0,6.00,0.00,2.80,6-3.2,1,1913492235738619904,极兔快递,JT0016172335377,服饰,广东省,
凯泽智慧社区团寄快递_站点-凯泽智慧社区团寄快递,凯泽智慧社区团寄快递,凯泽智慧社区团寄快递,快递,2025-04-19 14:44:52,,2,1.39,0,7.00,0.00,3.01,43% ,1,1913483901073563648,极兔快递,JT0016163195808,生活用品,河北省,
凯泽智慧社区团寄快递_站点-凯泽智慧社区团寄快递,凯泽智慧社区团寄快递,凯泽智慧社区团寄快递,快递,2025-04-19 14:40:31,2025-04-19 06:44:19,1,,,6.00,,0.00,,1,1913482803411623936,极兔快递,JT0016170460235,生活用品,河北省,已全额退款
凯泽智慧社区团寄快递_站点-凯泽智慧社区团寄快递,凯泽智慧社区团寄快递,凯泽智慧社区团寄快递,快递,2025-04-19 14:43:03,,1,0.2,0,6.00,0.00,2.80,6-3.2,1,1913483441918910464,极兔快递,JT0016167986492,生活用品,浙江省,
凯泽智慧社区团寄快递_站点-凯泽智慧社区团寄快递,凯泽智慧社区团寄快递,凯泽智慧社区团寄快递,快递,2025-04-19 14:41:40,,1,0.2,0,6.00,0.00,2.80,6-3.2,1,1913483094756368384,极兔快递,JT0016168775561,生活用品,浙江省,
凯泽智慧社区团寄快递_站点-凯泽智慧社区团寄快递,凯泽智慧社区团寄快递,凯泽智慧社区团寄快递,快递,2025-04-19 14:28:46,,1,0.2,0,6.00,0.00,2.80,6-3.2,1,1913479847857561600,极兔快递,JT0016171314321,生活用品,浙江省,
凯泽智慧社区团寄快递_站点-凯泽智慧社区团寄快递,凯泽智慧社区团寄快递,凯泽智慧社区团寄快递,快递,2025-04-19 13:01:55,,1,0.28,0,6.00,0.00,2.80,6-3.2,1,1913457989942714368,极兔快递,JT0016155462966,服饰,浙江省,
凯泽智慧社区团寄快递_站点-凯泽智慧社区团寄快递,凯泽智慧社区团寄快递,凯泽智慧社区团寄快递,快递,2025-04-19 12:25:28,,1,0.3,0,6.00,0.00,2.80,6-3.2,1,1913448809194266624,极兔快递,JT0016167373084,服饰,福建省,
凯泽智慧社区团寄快递_站点-凯泽智慧社区团寄快递,凯泽智慧社区团寄快递,凯泽智慧社区团寄快递,快递,2025-04-19 12:24:31,,1,0.22,0,6.00,0.00,2.80,6-3.2,1,1913448565366792192,极兔快递,JT0016168185718,服饰,广东省,
凯泽智慧社区团寄快递_站点-凯泽智慧社区团寄快递,凯泽智慧社区团寄快递,凯泽智慧社区团寄快递,快递,2025-04-19 11:36:39,,1,0.2,0,6.00,0.00,2.80,6-3.2,1,1913436534903349248,极兔快递,JT0016167442108,生活用品,浙江省,
凯泽智慧社区团寄快递_站点-凯泽智慧社区团寄快递,凯泽智慧社区团寄快递,凯泽智慧社区团寄快递,快递,2025-04-19 11:05:57,,1,0.87,0,6.00,0.00,2.80,6-3.2,1,1913428782512545792,极兔快递,JT0016161575818,服饰,浙江省,
凯泽智慧社区团寄快递_站点-凯泽智慧社区团寄快递,凯泽智慧社区团寄快递,凯泽智慧社区团寄快递,快递,2025-04-19 11:02:58,,1,1.02,-1,6.00,0.00,2.80,6-3.2,1,1913428057623568384,极兔快递,JT0016167450745,服饰,浙江省,
凯泽智慧社区团寄快递_站点-凯泽智慧社区团寄快递,凯泽智慧社区团寄快递,凯泽智慧社区团寄快递,快递,2025-04-19 10:41:30,2025-04-19 03:02:31,1,,,6.00,,0.00,,1,1913422650758864896,极兔快递,JT0016166717985,服饰,浙江省,已全额退款
凯泽智慧社区团寄快递_站点-凯泽智慧社区团寄快递,凯泽智慧社区团寄快递,凯泽智慧社区团寄快递,快递,2025-04-19 10:33:41,,1,0.47,0,6.00,0.00,2.80,6-3.2,1,1913420677473050624,极兔快递,JT0016166091897,服饰,四川省,
凯泽智慧社区团寄快递_站点-凯泽智慧社区团寄快递,凯泽智慧社区团寄快递,凯泽智慧社区团寄快递,快递,2025-04-19 10:32:05,,1,0.2,0,6.00,0.00,2.80,6-3.2,1,1913420282721935360,极兔快递,JT0016167921879,服饰,广东省,
凯泽智慧社区团寄快递_站点-凯泽智慧社区团寄快递,凯泽智慧社区团寄快递,凯泽智慧社区团寄快递,快递,2025-04-19 10:28:53,,1,0.23,0,6.00,0.00,2.80,6-3.2,1,1913419480133476352,极兔快递,JT0016167085947,服饰,广东省,
凯泽智慧社区团寄快递_站点-凯泽智慧社区团寄快递,凯泽智慧社区团寄快递,凯泽智慧社区团寄快递,快递,2025-04-19 10:27:43,,1,0.25,0,6.00,0.00,2.80,6-3.2,1,1913419184787365888,极兔快递,JT0016162617347,服饰,江苏省,
凯泽智慧社区团寄快递_站点-凯泽智慧社区团寄快递,凯泽智慧社区团寄快递,凯泽智慧社区团寄快递,快递,2025-04-19 10:25:43,,1,0.36,0,6.00,0.00,2.80,6-3.2,1,1913418683643535360,极兔快递,JT0016160395917,服饰,广东省,
凯泽智慧社区团寄快递_站点-凯泽智慧社区团寄快递,凯泽智慧社区团寄快递,凯泽智慧社区团寄快递,快递,2025-04-19 10:24:09,,1,0.2,0,6.00,0.00,2.80,6-3.2,1,1913418287093063680,极兔快递,JT0016152990850,服饰,江苏省,
凯泽智慧社区团寄快递_站点-凯泽智慧社区团寄快递,凯泽智慧社区团寄快递,凯泽智慧社区团寄快递,快递,2025-04-19 10:22:33,,1,0.29,0,6.00,0.00,2.80,6-3.2,1,1913417883231920128,极兔快递,JT0016166549738,服饰,江苏省,
凯泽智慧社区团寄快递_站点-凯泽智慧社区团寄快递,凯泽智慧社区团寄快递,凯泽智慧社区团寄快递,快递,2025-04-19 10:20:48,,1,0.46,0,6.00,0.00,2.80,6-3.2,1,1913417446944612352,极兔快递,JT0016163386998,服饰,江苏省,
凯泽智慧社区团寄快递_站点-凯泽智慧社区团寄快递,凯泽智慧社区团寄快递,凯泽智慧社区团寄快递,快递,2025-04-19 10:17:45,,1,0.2,0,6.00,0.00,2.80,6-3.2,1,1913416676572602368,极兔快递,JT0016165531330,服饰,陕西省,
凯泽智慧社区团寄快递_站点-凯泽智慧社区团寄快递,凯泽智慧社区团寄快递,凯泽智慧社区团寄快递,快递,2025-04-19 10:16:25,,1,1.03,-1,7.00,0.00,2.80,6-3.2,1,1913416345319055360,极兔快递,JT0016162897493,服饰,北京市,
凯泽智慧社区团寄快递_站点-凯泽智慧社区团寄快递,凯泽智慧社区团寄快递,凯泽智慧社区团寄快递,快递,2025-04-19 10:15:03,,1,0.4,0,6.00,0.00,2.80,6-3.2,1,1913415998815019008,极兔快递,JT0016160839701,服饰,河南省,
凯泽智慧社区团寄快递_站点-凯泽智慧社区团寄快递,凯泽智慧社区团寄快递,凯泽智慧社区团寄快递,快递,2025-04-19 10:00:51,,1,0.2,0,6.00,0.00,2.80,6-3.2,1,1913412420364869632,极兔快递,JT0016162994590,服饰,山西省,
凯泽智慧社区团寄快递_站点-凯泽智慧社区团寄快递,凯泽智慧社区团寄快递,凯泽智慧社区团寄快递,快递,2025-04-19 09:12:23,,1,0.2,0,6.00,0.00,2.80,6-3.2,1,1913400219516215296,极兔快递,JT0016165174813,服饰,江苏省,
凯泽智慧社区团寄快递_站点-凯泽智慧社区团寄快递,凯泽智慧社区团寄快递,凯泽智慧社区团寄快递,快递,2025-04-18 21:24:30,,1,0.23,0,6.00,0.00,2.80,6-3.2,1,1913221953752866816,极兔快递,JT0016160864321,服饰,浙江省,
凯泽智慧社区团寄快递_站点-凯泽智慧社区团寄快递,凯泽智慧社区团寄快递,凯泽智慧社区团寄快递,快递,2025-04-18 20:01:45,,1,0.71,0,6.00,0.00,2.80,6-3.2,1,1913201257467289600,极兔快递,JT0016156058096,服饰,湖南省,
凯泽智慧社区团寄快递_站点-凯泽智慧社区团寄快递,凯泽智慧社区团寄快递,凯泽智慧社区团寄快递,快递,2025-04-18 19:35:43,,1,0.66,0,6.00,0.00,2.80,6-3.2,1,1913194708535549952,极兔快递,JT0016162758750,服饰,福建省,
凯泽智慧社区团寄快递_站点-凯泽智慧社区团寄快递,凯泽智慧社区团寄快递,凯泽智慧社区团寄快递,快递,2025-04-18 19:09:38,,1,0.2,0,6.00,0.00,2.80,6-3.2,1,1913188137051037696,极兔快递,JT0016159000250,服饰,江苏省,
凯泽智慧社区团寄快递_站点-凯泽智慧社区团寄快递,凯泽智慧社区团寄快递,凯泽智慧社区团寄快递,快递,2025-04-18 19:07:47,,1,0.54,0,6.00,0.00,2.80,6-3.2,1,1913187678802354176,极兔快递,JT0016154229984,服饰,广东省,
凯泽智慧社区团寄快递_站点-凯泽智慧社区团寄快递,凯泽智慧社区团寄快递,凯泽智慧社区团寄快递,快递,2025-04-18 18:07:37,,1,0.2,0,6.00,0.00,2.80,6-3.2,1,1913172536630910976,极兔快递,JT0016160703272,服饰,广东省,
凯泽智慧社区团寄快递_站点-凯泽智慧社区团寄快递,凯泽智慧社区团寄快递,凯泽智慧社区团寄快递,快递,2025-04-18 18:06:33,,1,0.52,0,6.00,0.00,2.80,6-3.2,1,1913172266073137152,极兔快递,JT0016156701146,服饰,广东省,
凯泽智慧社区团寄快递_站点-凯泽智慧社区团寄快递,凯泽智慧社区团寄快递,凯泽智慧社区团寄快递,快递,2025-04-18 17:47:54,,4,6.53,-3,10.00,6.00,4.00,40% ,1,1913167573284495360,极兔快递,JT0016153454585,生活用品,湖南省,
凯泽智慧社区团寄快递_站点-凯泽智慧社区团寄快递,凯泽智慧社区团寄快递,凯泽智慧社区团寄快递,快递,2025-04-18 17:43:47,,1,0.91,0,6.00,0.00,2.80,6-3.2,1,1913166530257559552,极兔快递,JT0016160387608,生活用品,广东省,
凯泽智慧社区团寄快递_站点-凯泽智慧社区团寄快递,凯泽智慧社区团寄快递,凯泽智慧社区团寄快递,快递,2025-04-18 17:35:58,,1,0.62,0,6.00,0.00,2.80,6-3.2,1,1913164570359963648,极兔快递,JT0016160263828,服饰,广东省,
凯泽智慧社区团寄快递_站点-凯泽智慧社区团寄快递,凯泽智慧社区团寄快递,凯泽智慧社区团寄快递,快递,2025-04-18 17:08:33,,1,0.63,0,6.00,0.00,2.80,6-3.2,1,1913157673204523008,极兔快递,JT0016153508524,服饰,广东省,
凯泽智慧社区团寄快递_站点-凯泽智慧社区团寄快递,凯泽智慧社区团寄快递,凯泽智慧社区团寄快递,快递,2025-04-18 17:04:02,,1,0.38,0,6.00,0.00,2.80,6-3.2,1,1913156536262926336,极兔快递,JT0016143282598,食品,湖南省,
凯泽智慧社区团寄快递_站点-凯泽智慧社区团寄快递,凯泽智慧社区团寄快递,凯泽智慧社区团寄快递,快递,2025-04-18 15:46:33,,1,0.2,0,7.00,0.00,2.80,6-3.2,1,1913137031667195904,极兔快递,JT0016155920936,服饰,上海市,
凯泽智慧社区团寄快递_站点-凯泽智慧社区团寄快递,凯泽智慧社区团寄快递,凯泽智慧社区团寄快递,快递,2025-04-18 15:45:37,,1,0.33,0,6.00,0.00,2.80,6-3.2,1,1913136785197309952,极兔快递,JT0016156235917,服饰,辽宁省,
凯泽智慧社区团寄快递_站点-凯泽智慧社区团寄快递,凯泽智慧社区团寄快递,凯泽智慧社区团寄快递,快递,2025-04-18 15:44:41,,1,0.2,0,6.00,0.00,2.80,6-3.2,1,1913136562530099200,极兔快递,JT0016156932768,服饰,浙江省,
凯泽智慧社区团寄快递_站点-凯泽智慧社区团寄快递,凯泽智慧社区团寄快递,凯泽智慧社区团寄快递,快递,2025-04-18 15:43:31,,1,0.24,0,6.00,0.00,2.80,6-3.2,1,1913136269771874304,极兔快递,JT0016157954763,服饰,广东省,
凯泽智慧社区团寄快递_站点-凯泽智慧社区团寄快递,凯泽智慧社区团寄快递,凯泽智慧社区团寄快递,快递,2025-04-18 15:42:15,,1,0.2,0,7.00,0.00,2.80,6-3.2,1,1913135947749990400,极兔快递,JT0016156887608,服饰,上海市,
凯泽智慧社区团寄快递_站点-凯泽智慧社区团寄快递,凯泽智慧社区团寄快递,凯泽智慧社区团寄快递,快递,2025-04-18 14:12:46,,1,0.64,0,6.00,0.00,2.80,6-3.2,1,1913113432038252544,极兔快递,JT0016154053607,服饰,浙江省,
凯泽智慧社区团寄快递_站点-凯泽智慧社区团寄快递,凯泽智慧社区团寄快递,凯泽智慧社区团寄快递,快递,2025-04-18 11:54:31,,1,0.2,0,6.00,0.00,2.80,6-3.2,1,1913078645009358848,极兔快递,JT0016153309775,服饰,浙江省,
凯泽智慧社区团寄快递_站点-凯泽智慧社区团寄快递,凯泽智慧社区团寄快递,凯泽智慧社区团寄快递,快递,2025-04-18 11:53:04,,1,0.46,0,6.00,0.00,2.80,6-3.2,1,1913078275449233408,极兔快递,JT0016152360803,服饰,浙江省,
凯泽智慧社区团寄快递_站点-凯泽智慧社区团寄快递,凯泽智慧社区团寄快递,凯泽智慧社区团寄快递,快递,2025-04-18 10:47:51,,2,2.09,-1,7.00,0.00,3.01,43% ,1,1913061863838130176,极兔快递,JT0016147513470,生活用品,江苏省,
凯泽智慧社区团寄快递_站点-凯泽智慧社区团寄快递,凯泽智慧社区团寄快递,凯泽智慧社区团寄快递,快递,2025-04-18 10:46:42,,1,0.2,0,6.00,0.00,2.80,6-3.2,1,1913061568814981120,极兔快递,JT0016150978144,服饰,广东省,
凯泽智慧社区团寄快递_站点-凯泽智慧社区团寄快递,凯泽智慧社区团寄快递,凯泽智慧社区团寄快递,快递,2025-04-18 10:45:54,,1,0.2,0,6.00,0.00,2.80,6-3.2,1,1913061375839248384,极兔快递,JT0016148949656,服饰,广东省,
凯泽智慧社区团寄快递_站点-凯泽智慧社区团寄快递,凯泽智慧社区团寄快递,凯泽智慧社区团寄快递,快递,2025-04-18 10:45:08,,2,1.88,0,7.00,0.00,3.01,43% ,1,1913061180355321856,极兔快递,JT0016150754054,食品,河南省,
凯泽智慧社区团寄快递_站点-凯泽智慧社区团寄快递,凯泽智慧社区团寄快递,凯泽智慧社区团寄快递,快递,2025-04-18 10:23:18,,1,0.76,0,7.00,0.00,2.80,6-3.2,1,1913055685435400192,极兔快递,JT0016151125623,服饰,北京市,
凯泽智慧社区团寄快递_站点-凯泽智慧社区团寄快递,凯泽智慧社区团寄快递,凯泽智慧社区团寄快递,快递,2025-04-17 22:04:53,,3,2.41,0,8.00,0.00,3.60,45% ,1,1912869856879251456,极兔快递,JT0016147758961,生活用品,广东省,
凯泽智慧社区团寄快递_站点-凯泽智慧社区团寄快递,凯泽智慧社区团寄快递,凯泽智慧社区团寄快递,快递,2025-04-17 20:43:14,,1,0.26,0,6.00,0.00,2.80,6-3.2,1,1912849308837154816,极兔快递,JT0016146297749,服饰,河南省,
凯泽智慧社区团寄快递_站点-凯泽智慧社区团寄快递,凯泽智慧社区团寄快递,凯泽智慧社区团寄快递,快递,2025-04-17 20:22:31,,1,0.67,0,6.00,0.00,2.80,6-3.2,1,1912844096625905664,极兔快递,JT0016146978144,服饰,浙江省,
凯泽智慧社区团寄快递_站点-凯泽智慧社区团寄快递,凯泽智慧社区团寄快递,凯泽智慧社区团寄快递,快递,2025-04-17 20:05:25,,1,0.2,0,6.00,0.00,2.80,6-3.2,1,1912839785988689920,极兔快递,JT0016146636134,生活用品,浙江省,
凯泽智慧社区团寄快递_站点-凯泽智慧社区团寄快递,凯泽智慧社区团寄快递,凯泽智慧社区团寄快递,快递,2025-04-17 19:53:24,,1,0.53,0,6.00,0.00,2.80,6-3.2,1,1912836767964663808,极兔快递,JT0016143879300,服饰,江苏省,
凯泽智慧社区团寄快递_站点-凯泽智慧社区团寄快递,凯泽智慧社区团寄快递,凯泽智慧社区团寄快递,快递,2025-04-17 19:02:52,,1,0.2,0,6.00,0.00,2.80,6-3.2,1,1912824050163847168,极兔快递,JT0016144304875,服饰,广东省,
凯泽智慧社区团寄快递_站点-凯泽智慧社区团寄快递,凯泽智慧社区团寄快递,凯泽智慧社区团寄快递,快递,2025-04-17 18:44:47,,1,0.32,0,6.00,0.00,2.80,6-3.2,1,1912819500866539520,极兔快递,JT0016145271210,服饰,河北省,
凯泽智慧社区团寄快递_站点-凯泽智慧社区团寄快递,凯泽智慧社区团寄快递,凯泽智慧社区团寄快递,快递,2025-04-17 18:37:40,,1,0.88,0,6.00,0.00,2.80,6-3.2,1,1912817709059870720,极兔快递,JT0016139282154,服饰,广东省,
凯泽智慧社区团寄快递_站点-凯泽智慧社区团寄快递,凯泽智慧社区团寄快递,凯泽智慧社区团寄快递,快递,2025-04-17 18:08:15,,2,1.23,0,7.00,0.00,3.01,43% ,1,1912810310055956480,极兔快递,JT0016142637261,生活用品,陕西省,
凯泽智慧社区团寄快递_站点-凯泽智慧社区团寄快递,凯泽智慧社区团寄快递,凯泽智慧社区团寄快递,快递,2025-04-17 17:46:08,,1,0.37,0,6.00,0.00,2.80,6-3.2,1,1912804739600814080,极兔快递,JT0016140208749,服饰,陕西省,
凯泽智慧社区团寄快递_站点-凯泽智慧社区团寄快递,凯泽智慧社区团寄快递,凯泽智慧社区团寄快递,快递,2025-04-17 17:44:23,,1,0.53,0,6.00,0.00,2.80,6-3.2,1,1912804300624957440,极兔快递,JT0016143779712,服饰,江苏省,
凯泽智慧社区团寄快递_站点-凯泽智慧社区团寄快递,凯泽智慧社区团寄快递,凯泽智慧社区团寄快递,快递,2025-04-17 17:43:06,,1,0.47,0,6.00,0.00,2.80,6-3.2,1,1912803973146284032,极兔快递,JT0016144459441,服饰,江苏省,
凯泽智慧社区团寄快递_站点-凯泽智慧社区团寄快递,凯泽智慧社区团寄快递,凯泽智慧社区团寄快递,快递,2025-04-17 17:41:01,,1,0.34,0,6.00,0.00,2.80,6-3.2,1,1912803454805807104,极兔快递,JT0016144160733,服饰,江苏省,
凯泽智慧社区团寄快递_站点-凯泽智慧社区团寄快递,凯泽智慧社区团寄快递,凯泽智慧社区团寄快递,快递,2025-04-17 17:39:48,,1,0.52,0,6.00,0.00,2.80,6-3.2,1,1912803149078794240,极兔快递,JT0016144930998,服饰,江苏省,
凯泽智慧社区团寄快递_站点-凯泽智慧社区团寄快递,凯泽智慧社区团寄快递,凯泽智慧社区团寄快递,快递,2025-04-17 17:38:20,,1,0.22,0,6.00,0.00,2.80,6-3.2,1,1912802777576706048,极兔快递,JT0016144872630,生活用品,广东省,
凯泽智慧社区团寄快递_站点-凯泽智慧社区团寄快递,凯泽智慧社区团寄快递,凯泽智慧社区团寄快递,快递,2025-04-17 15:46:39,,1,0.38,0,6.00,0.00,2.80,6-3.2,1,1912774670694158336,极兔快递,JT0016141037384,服饰,浙江省,
凯泽智慧社区团寄快递_站点-凯泽智慧社区团寄快递,凯泽智慧社区团寄快递,凯泽智慧社区团寄快递,快递,2025-04-17 15:22:48,,1,0.11,0,6.00,0.00,2.80,6-3.2,1,1912768663024766976,极兔快递,JT0016139033400,服饰,江西省,
凯泽智慧社区团寄快递_站点-凯泽智慧社区团寄快递,凯泽智慧社区团寄快递,凯泽智慧社区团寄快递,快递,2025-04-17 15:21:43,,1,0.33,0,6.00,0.00,2.80,6-3.2,1,1912768393024835584,极兔快递,JT0016136802411,服饰,福建省,
凯泽智慧社区团寄快递_站点-凯泽智慧社区团寄快递,凯泽智慧社区团寄快递,凯泽智慧社区团寄快递,快递,2025-04-17 15:20:31,,1,0.45,0,6.00,0.00,2.80,6-3.2,1,1912768090984615936,极兔快递,JT0016134068753,服饰,福建省,
凯泽智慧社区团寄快递_站点-凯泽智慧社区团寄快递,凯泽智慧社区团寄快递,凯泽智慧社区团寄快递,快递,2025-04-17 15:18:23,,1,0.29,0,6.00,0.00,2.80,6-3.2,1,1912767558811324416,极兔快递,JT0016141748454,服饰,广东省,
凯泽智慧社区团寄快递_站点-凯泽智慧社区团寄快递,凯泽智慧社区团寄快递,凯泽智慧社区团寄快递,快递,2025-04-17 15:16:11,,1,0.25,0,6.00,0.00,2.80,6-3.2,1,1912767002801803264,极兔快递,JT0016133786088,服饰,广东省,
凯泽智慧社区团寄快递_站点-凯泽智慧社区团寄快递,凯泽智慧社区团寄快递,凯泽智慧社区团寄快递,快递,2025-04-17 15:02:25,,1,0.33,0,6.00,0.00,2.80,6-3.2,1,1912763530631122944,极兔快递,JT0016141968226,服饰,广东省,
凯泽智慧社区团寄快递_站点-凯泽智慧社区团寄快递,凯泽智慧社区团寄快递,凯泽智慧社区团寄快递,快递,2025-04-17 15:01:19,,1,0.79,0,6.00,0.00,2.80,6-3.2,1,1912763227341000704,极兔快递,JT0016140466189,服饰,江西省,
凯泽智慧社区团寄快递_站点-凯泽智慧社区团寄快递,凯泽智慧社区团寄快递,凯泽智慧社区团寄快递,快递,2025-04-17 14:12:32,,1,0.5,0,6.00,0.00,2.80,6-3.2,1,1912750985472053248,极兔快递,JT0016140593651,服饰,浙江省,
凯泽智慧社区团寄快递_站点-凯泽智慧社区团寄快递,凯泽智慧社区团寄快递,凯泽智慧社区团寄快递,快递,2025-04-17 14:00:35,,1,0.25,0,6.00,0.00,2.80,6-3.2,1,1912747965644476416,极兔快递,JT0016138396722,服饰,安徽省,
凯泽智慧社区团寄快递_站点-凯泽智慧社区团寄快递,凯泽智慧社区团寄快递,凯泽智慧社区团寄快递,快递,2025-04-17 12:07:08,,1,0.2,0,6.00,0.00,2.80,6-3.2,1,1912719428531195904,极兔快递,JT0016139079886,服饰,浙江省,
凯泽智慧社区团寄快递_站点-凯泽智慧社区团寄快递,凯泽智慧社区团寄快递,凯泽智慧社区团寄快递,快递,2025-04-17 11:37:27,,1,0.21,0,6.00,0.00,2.80,6-3.2,1,1912711955187437568,极兔快递,JT0016136503818,服饰,山东省,
凯泽智慧社区团寄快递_站点-凯泽智慧社区团寄快递,凯泽智慧社区团寄快递,凯泽智慧社区团寄快递,快递,2025-04-16 10:45:05,2025-04-17 03:31:24,1,,,6.00,,0.00,,1,1912336390219567104,极兔快递,JT0016119750575,生活用品,浙江省,已全额退款
凯泽智慧社区团寄快递_站点-凯泽智慧社区团寄快递,凯泽智慧社区团寄快递,凯泽智慧社区团寄快递,快递,2025-04-17 09:47:58,,1,0.37,0,6.00,0.00,2.80,6-3.2,1,1912684408684875776,极兔快递,JT0016136095487,服饰,湖北省,
凯泽智慧社区团寄快递_站点-凯泽智慧社区团寄快递,凯泽智慧社区团寄快递,凯泽智慧社区团寄快递,干洗,2025-04-16 22:27:39,,,,,49.00,,14.70,30%,,1912513196973297664,干洗,,"清洗普通羽绒服2件不分长短49元   *   1
清洗普通羽绒服2件不分长短49元   *   1",,
凯泽智慧社区团寄快递_站点-凯泽智慧社区团寄快递,凯泽智慧社区团寄快递,凯泽智慧社区团寄快递,快递,2025-04-16 22:09:37,,1,0.21,0,6.00,0.00,2.80,6-3.2,1,1912508642265337856,极兔快递,JT0016127269227,生活用品,江苏省,
凯泽智慧社区团寄快递_站点-凯泽智慧社区团寄快递,凯泽智慧社区团寄快递,凯泽智慧社区团寄快递,快递,2025-04-16 21:31:21,,1,0.6,0,6.00,0.00,2.80,6-3.2,1,1912499029776207872,极兔快递,JT0016131265143,服饰,浙江省,
凯泽智慧社区团寄快递_站点-凯泽智慧社区团寄快递,凯泽智慧社区团寄快递,凯泽智慧社区团寄快递,快递,2025-04-16 20:36:01,,6,8.45,-3,15.00,9.00,6.00,40% ,1,1912485105253158912,极兔快递,JT0016125748932,生活用品,广东省,
凯泽智慧社区团寄快递_站点-凯泽智慧社区团寄快递,凯泽智慧社区团寄快递,凯泽智慧社区团寄快递,快递,2025-04-16 20:33:57,,1,0.48,0,6.00,0.00,2.80,6-3.2,1,1912484587051094016,极兔快递,JT0016131508602,服饰,山东省,
凯泽智慧社区团寄快递_站点-凯泽智慧社区团寄快递,凯泽智慧社区团寄快递,凯泽智慧社区团寄快递,快递,2025-04-16 20:32:54,,1,0.52,0,7.00,0.00,2.80,6-3.2,1,1912484313997709312,极兔快递,JT0016131415130,服饰,上海市,
凯泽智慧社区团寄快递_站点-凯泽智慧社区团寄快递,凯泽智慧社区团寄快递,凯泽智慧社区团寄快递,快递,2025-04-16 20:15:07,,1,0.66,0,6.00,0.00,2.80,6-3.2,1,1912479846715822080,极兔快递,JT0016132009428,生活用品,陕西省,
凯泽智慧社区团寄快递_站点-凯泽智慧社区团寄快递,凯泽智慧社区团寄快递,凯泽智慧社区团寄快递,快递,2025-04-16 20:11:43,,1,0.24,0,6.00,0.00,2.80,6-3.2,1,1912478990452854784,极兔快递,JT0016120190136,服饰,浙江省,
凯泽智慧社区团寄快递_站点-凯泽智慧社区团寄快递,凯泽智慧社区团寄快递,凯泽智慧社区团寄快递,快递,2025-04-16 20:10:34,2025-04-16 12:11:04,1,,,6.00,,0.00,,1,1912478700198629376,极兔快递,JT0016130643822,服饰,浙江省,已全额退款
凯泽智慧社区团寄快递_站点-凯泽智慧社区团寄快递,凯泽智慧社区团寄快递,凯泽智慧社区团寄快递,快递,2025-04-16 19:47:19,,1,0.45,0,6.00,0.00,2.80,6-3.2,1,1912472849371041792,极兔快递,JT0016125172337,服饰,浙江省,
凯泽智慧社区团寄快递_站点-凯泽智慧社区团寄快递,凯泽智慧社区团寄快递,凯泽智慧社区团寄快递,快递,2025-04-16 19:40:37,,1,0.26,0,6.00,0.00,2.80,6-3.2,1,1912471164628176896,极兔快递,JT0016129589871,服饰,浙江省,
凯泽智慧社区团寄快递_站点-凯泽智慧社区团寄快递,凯泽智慧社区团寄快递,凯泽智慧社区团寄快递,快递,2025-04-16 19:34:01,,1,0.2,0,6.00,0.00,2.80,6-3.2,1,1912469484826202112,极兔快递,JT0016113962444,服饰,广东省,
凯泽智慧社区团寄快递_站点-凯泽智慧社区团寄快递,凯泽智慧社区团寄快递,凯泽智慧社区团寄快递,快递,2025-04-16 19:33:02,,1,0.2,0,6.00,0.00,2.80,6-3.2,1,1912469244937179136,极兔快递,JT0016130299281,服饰,浙江省,
凯泽智慧社区团寄快递_站点-凯泽智慧社区团寄快递,凯泽智慧社区团寄快递,凯泽智慧社区团寄快递,快递,2025-04-16 19:32:19,,1,0.4,0,6.00,0.00,2.80,6-3.2,1,1912469075244027904,极兔快递,JT0016126941710,服饰,河南省,
凯泽智慧社区团寄快递_站点-凯泽智慧社区团寄快递,凯泽智慧社区团寄快递,凯泽智慧社区团寄快递,快递,2025-04-16 19:28:18,,1,0.5,0,7.00,0.00,2.80,6-3.2,1,1912468063091363840,极兔快递,JT0016126625562,服饰,上海市,
凯泽智慧社区团寄快递_站点-凯泽智慧社区团寄快递,凯泽智慧社区团寄快递,凯泽智慧社区团寄快递,快递,2025-04-16 19:10:19,,1,0.34,0,6.00,0.00,2.80,6-3.2,1,1912463541237387264,极兔快递,JT0016128589154,服饰,湖北省,
凯泽智慧社区团寄快递_站点-凯泽智慧社区团寄快递,凯泽智慧社区团寄快递,凯泽智慧社区团寄快递,快递,2025-04-16 19:08:25,,1,0.24,0,6.00,0.00,2.80,6-3.2,1,1912463062327562240,极兔快递,JT0016128534176,服饰,河南省,
凯泽智慧社区团寄快递_站点-凯泽智慧社区团寄快递,凯泽智慧社区团寄快递,凯泽智慧社区团寄快递,快递,2025-04-16 19:00:14,,2,1.07,0,7.00,0.00,3.01,43% ,1,1912461005344411648,极兔快递,JT0016127667803,服饰,安徽省,
凯泽智慧社区团寄快递_站点-凯泽智慧社区团寄快递,凯泽智慧社区团寄快递,凯泽智慧社区团寄快递,快递,2025-04-16 18:56:33,,1,0.99,0,6.00,0.00,2.80,6-3.2,1,1912460057658200064,极兔快递,JT0016124141896,服饰,江西省,
凯泽智慧社区团寄快递_站点-凯泽智慧社区团寄快递,凯泽智慧社区团寄快递,凯泽智慧社区团寄快递,快递,2025-04-16 18:21:31,,1,0.2,0,6.00,0.00,2.80,6-3.2,1,1912451252731973632,极兔快递,JT0016128446843,服饰,浙江省,
凯泽智慧社区团寄快递_站点-凯泽智慧社区团寄快递,凯泽智慧社区团寄快递,凯泽智慧社区团寄快递,快递,2025-04-16 18:21:02,,1,0.53,0,6.00,0.00,2.80,6-3.2,1,1912451129599791104,极兔快递,JT0016100332492,服饰,江西省,
凯泽智慧社区团寄快递_站点-凯泽智慧社区团寄快递,凯泽智慧社区团寄快递,凯泽智慧社区团寄快递,快递,2025-04-16 18:20:31,,1,0.33,0,6.00,0.00,2.80,6-3.2,1,1912451005351923712,极兔快递,JT0016130069980,服饰,江苏省,
凯泽智慧社区团寄快递_站点-凯泽智慧社区团寄快递,凯泽智慧社区团寄快递,凯泽智慧社区团寄快递,快递,2025-04-16 17:34:58,,1,0.44,0,6.00,0.00,2.80,6-3.2,1,1912439542704967680,极兔快递,JT0016129157202,服饰,江西省,
凯泽智慧社区团寄快递_站点-凯泽智慧社区团寄快递,凯泽智慧社区团寄快递,凯泽智慧社区团寄快递,快递,2025-04-16 17:26:58,,1,0.23,0,6.00,0.00,2.80,6-3.2,1,1912437531095797760,极兔快递,JT0016130102707,服饰,广东省,
凯泽智慧社区团寄快递_站点-凯泽智慧社区团寄快递,凯泽智慧社区团寄快递,凯泽智慧社区团寄快递,快递,2025-04-16 17:25:31,,1,0.44,0,6.00,0.00,2.80,6-3.2,1,1912437167411892224,极兔快递,JT0016126059351,服饰,广东省,
凯泽智慧社区团寄快递_站点-凯泽智慧社区团寄快递,凯泽智慧社区团寄快递,凯泽智慧社区团寄快递,快递,2025-04-16 17:20:23,,3,2.06,0,8.00,0.00,3.60,45% ,1,1912435873037094912,极兔快递,JT0016120321020,服饰,浙江省,
凯泽智慧社区团寄快递_站点-凯泽智慧社区团寄快递,凯泽智慧社区团寄快递,凯泽智慧社区团寄快递,快递,2025-04-16 15:45:01,,1,0.47,0,6.00,0.00,2.80,6-3.2,1,1912411869899329536,极兔快递,JT0016126654072,服饰,广东省,
凯泽智慧社区团寄快递_站点-凯泽智慧社区团寄快递,凯泽智慧社区团寄快递,凯泽智慧社区团寄快递,快递,2025-04-16 14:10:25,,1,0.67,0,6.00,0.00,2.80,6-3.2,1,1912388067219935232,极兔快递,JT0016124258388,服饰,浙江省,
凯泽智慧社区团寄快递_站点-凯泽智慧社区团寄快递,凯泽智慧社区团寄快递,凯泽智慧社区团寄快递,快递,2025-04-16 11:30:58,,1,0.4,0,6.00,0.00,2.80,6-3.2,1,1912347938736508928,极兔快递,JT0016121409485,服饰,河北省,
凯泽智慧社区团寄快递_站点-凯泽智慧社区团寄快递,凯泽智慧社区团寄快递,凯泽智慧社区团寄快递,快递,2025-04-16 11:20:48,,1,0.2,0,6.00,0.00,2.80,6-3.2,1,1912345367338749952,极兔快递,JT0016114438790,生活用品,陕西省,
凯泽智慧社区团寄快递_站点-凯泽智慧社区团寄快递,凯泽智慧社区团寄快递,凯泽智慧社区团寄快递,快递,2025-04-16 11:19:19,,1,0.2,0,6.00,0.00,2.80,6-3.2,1,1912345000442007552,极兔快递,JT0016120271065,服饰,浙江省,
凯泽智慧社区团寄快递_站点-凯泽智慧社区团寄快递,凯泽智慧社区团寄快递,凯泽智慧社区团寄快递,快递,2025-04-16 11:16:04,,1,0.25,0,6.00,0.00,2.80,6-3.2,1,1912344191662755840,极兔快递,JT0016115110299,服饰,广东省,
凯泽智慧社区团寄快递_站点-凯泽智慧社区团寄快递,凯泽智慧社区团寄快递,凯泽智慧社区团寄快递,快递,2025-04-16 11:14:49,,1,0.28,0,6.00,0.00,2.80,6-3.2,1,1912343877677158400,极兔快递,JT0016120354436,服饰,浙江省,
凯泽智慧社区团寄快递_站点-凯泽智慧社区团寄快递,凯泽智慧社区团寄快递,凯泽智慧社区团寄快递,快递,2025-04-16 11:13:27,,1,0.59,0,6.00,0.00,2.80,6-3.2,1,1912343529872887808,极兔快递,JT0016122071251,服饰,福建省,
凯泽智慧社区团寄快递_站点-凯泽智慧社区团寄快递,凯泽智慧社区团寄快递,凯泽智慧社区团寄快递,快递,2025-04-16 10:29:51,,1,1.04,-1,6.00,0.00,2.80,6-3.2,1,1912332553786167296,极兔快递,JT0016120767818,服饰,河北省,
凯泽智慧社区团寄快递_站点-凯泽智慧社区团寄快递,凯泽智慧社区团寄快递,凯泽智慧社区团寄快递,快递,2025-04-16 09:34:02,,1,0.56,0,6.00,0.00,2.80,6-3.2,1,1912318414913212416,极兔快递,JT0016104663324,服饰,河南省,
凯泽智慧社区团寄快递_站点-凯泽智慧社区团寄快递,凯泽智慧社区团寄快递,凯泽智慧社区团寄快递,快递,2025-04-16 09:32:40,,1,0.63,0,6.00,0.00,2.80,6-3.2,1,1912318158184058880,极兔快递,JT0016117467727,服饰,山西省,
凯泽智慧社区团寄快递_站点-凯泽智慧社区团寄快递,凯泽智慧社区团寄快递,凯泽智慧社区团寄快递,快递,2025-04-16 09:31:55,,1,0.2,0,6.00,0.00,2.80,6-3.2,1,1912317974284800000,极兔快递,JT0016118249220,服饰,贵州省,
凯泽智慧社区团寄快递_站点-凯泽智慧社区团寄快递,凯泽智慧社区团寄快递,凯泽智慧社区团寄快递,快递,2025-04-16 09:31:07,,1,0.54,0,6.00,0.00,2.80,6-3.2,1,1912317780373737472,极兔快递,JT0016117256785,服饰,山东省,
凯泽智慧社区团寄快递_站点-凯泽智慧社区团寄快递,凯泽智慧社区团寄快递,凯泽智慧社区团寄快递,快递,2025-04-15 22:15:17,,1,0.76,0,6.00,0.00,2.80,6-3.2,1,1912147698536353792,极兔快递,JT0016115122054,服饰,广东省,
凯泽智慧社区团寄快递_站点-凯泽智慧社区团寄快递,凯泽智慧社区团寄快递,凯泽智慧社区团寄快递,快递,2025-04-15 22:13:36,,1,1.02,-1,6.00,0.00,2.80,6-3.2,1,1912147272797720576,极兔快递,JT0016113161159,服饰,湖北省,
凯泽智慧社区团寄快递_站点-凯泽智慧社区团寄快递,凯泽智慧社区团寄快递,凯泽智慧社区团寄快递,快递,2025-04-15 20:44:39,,1,0.58,0,6.00,0.00,2.80,6-3.2,1,1912124889244307456,极兔快递,JT0016102337325,服饰,江苏省,
凯泽智慧社区团寄快递_站点-凯泽智慧社区团寄快递,凯泽智慧社区团寄快递,凯泽智慧社区团寄快递,快递,2025-04-15 20:41:39,,1,0.7,0,6.00,0.00,2.80,6-3.2,1,1912124123385368576,极兔快递,JT0016115875860,服饰,湖北省,
凯泽智慧社区团寄快递_站点-凯泽智慧社区团寄快递,凯泽智慧社区团寄快递,凯泽智慧社区团寄快递,快递,2025-04-15 20:38:31,,1,0.29,0,6.00,0.00,2.80,6-3.2,1,1912123347535597568,极兔快递,JT0016109610855,服饰,湖北省,
凯泽智慧社区团寄快递_站点-凯泽智慧社区团寄快递,凯泽智慧社区团寄快递,凯泽智慧社区团寄快递,快递,2025-04-15 19:16:08,,1,0.2,0,6.00,0.00,2.80,6-3.2,1,1912102583163883520,极兔快递,JT0016114338324,生活用品,辽宁省,
凯泽智慧社区团寄快递_站点-凯泽智慧社区团寄快递,凯泽智慧社区团寄快递,凯泽智慧社区团寄快递,快递,2025-04-15 19:15:19,,1,0.9,0,6.00,0.00,2.80,6-3.2,1,1912102411977560064,极兔快递,JT0016111639114,生活用品,河北省,
凯泽智慧社区团寄快递_站点-凯泽智慧社区团寄快递,凯泽智慧社区团寄快递,凯泽智慧社区团寄快递,快递,2025-04-15 18:35:43,,1,0.45,0,6.00,0.00,2.80,6-3.2,1,1912092440829300736,极兔快递,JT0016113922334,服饰,广东省,
凯泽智慧社区团寄快递_站点-凯泽智慧社区团寄快递,凯泽智慧社区团寄快递,凯泽智慧社区团寄快递,快递,2025-04-15 17:09:29,,1,0.46,0,6.00,0.00,2.80,6-3.2,1,1912070744084779008,极兔快递,JT0016105793098,服饰,江苏省,
凯泽智慧社区团寄快递_站点-凯泽智慧社区团寄快递,凯泽智慧社区团寄快递,凯泽智慧社区团寄快递,快递,2025-04-15 14:33:49,,1,0.2,0,6.00,0.00,2.80,6-3.2,1,1912031563878961152,极兔快递,JT0016107836265,服饰,浙江省,
凯泽智慧社区团寄快递_站点-凯泽智慧社区团寄快递,凯泽智慧社区团寄快递,凯泽智慧社区团寄快递,快递,2025-04-15 14:31:27,,1,0.35,0,6.00,0.00,2.80,6-3.2,1,1912030970355585024,极兔快递,JT0016106298782,服饰,广东省,
凯泽智慧社区团寄快递_站点-凯泽智慧社区团寄快递,凯泽智慧社区团寄快递,凯泽智慧社区团寄快递,快递,2025-04-15 14:30:20,,1,0.37,0,6.00,0.00,2.80,6-3.2,1,1912030691484700672,极兔快递,JT0016106324183,服饰,河南省,
凯泽智慧社区团寄快递_站点-凯泽智慧社区团寄快递,凯泽智慧社区团寄快递,凯泽智慧社区团寄快递,快递,2025-04-15 14:29:06,,1,0.2,0,6.00,0.00,2.80,6-3.2,1,1912030377809481728,极兔快递,JT0016108328723,服饰,江苏省,
凯泽智慧社区团寄快递_站点-凯泽智慧社区团寄快递,凯泽智慧社区团寄快递,凯泽智慧社区团寄快递,快递,2025-04-15 13:49:36,,1,0.4,0,6.00,0.00,2.80,6-3.2,1,1912020438777008128,极兔快递,JT0016107058979,服饰,河北省,
凯泽智慧社区团寄快递_站点-凯泽智慧社区团寄快递,凯泽智慧社区团寄快递,凯泽智慧社区团寄快递,快递,2025-04-15 13:46:18,,1,0.2,0,6.00,0.00,2.80,6-3.2,1,1912019606241218560,极兔快递,JT0016106682805,服饰,河北省,
凯泽智慧社区团寄快递_站点-凯泽智慧社区团寄快递,凯泽智慧社区团寄快递,凯泽智慧社区团寄快递,快递,2025-04-15 13:21:09,,1,0.82,0,6.00,0.00,2.80,6-3.2,1,1912013274805112832,极兔快递,JT0016107312973,服饰,广东省,
凯泽智慧社区团寄快递_站点-凯泽智慧社区团寄快递,凯泽智慧社区团寄快递,凯泽智慧社区团寄快递,快递,2025-04-15 13:20:36,,1,0.2,0,6.00,0.00,2.80,6-3.2,1,1912013122337968128,极兔快递,JT0016093501258,服饰,江苏省,
凯泽智慧社区团寄快递_站点-凯泽智慧社区团寄快递,凯泽智慧社区团寄快递,凯泽智慧社区团寄快递,快递,2025-04-15 13:19:54,,1,0.66,0,6.00,0.00,2.80,6-3.2,1,1912012964258844672,极兔快递,JT0016106764211,服饰,广东省,
凯泽智慧社区团寄快递_站点-凯泽智慧社区团寄快递,凯泽智慧社区团寄快递,凯泽智慧社区团寄快递,快递,2025-04-15 13:14:49,,1,0.2,0,6.00,0.00,2.80,6-3.2,1,1912011681963642880,极兔快递,JT0016103711270,服饰,湖北省,
凯泽智慧社区团寄快递_站点-凯泽智慧社区团寄快递,凯泽智慧社区团寄快递,凯泽智慧社区团寄快递,快递,2025-04-15 12:53:43,,1,0.26,0,6.00,0.00,2.80,6-3.2,1,1912006374516527104,极兔快递,JT0016103935104,生活用品,广东省,
凯泽智慧社区团寄快递_站点-凯泽智慧社区团寄快递,凯泽智慧社区团寄快递,凯泽智慧社区团寄快递,快递,2025-04-15 12:18:17,,1,0.31,0,6.00,0.00,2.80,6-3.2,1,1911997438518300672,极兔快递,JT0016106409474,服饰,江苏省,
凯泽智慧社区团寄快递_站点-凯泽智慧社区团寄快递,凯泽智慧社区团寄快递,凯泽智慧社区团寄快递,快递,2025-04-15 11:23:26,,1,0.53,0,7.00,0.00,2.80,6-3.2,1,1911983657629192192,极兔快递,JT0016100830800,服饰,北京市,
凯泽智慧社区团寄快递_站点-凯泽智慧社区团寄快递,凯泽智慧社区团寄快递,凯泽智慧社区团寄快递,快递,2025-04-15 10:50:00,,1,0.8,0,6.00,0.00,2.80,6-3.2,1,1911975228890599424,极兔快递,JT0016103628542,服饰,广东省,
凯泽智慧社区团寄快递_站点-凯泽智慧社区团寄快递,凯泽智慧社区团寄快递,凯泽智慧社区团寄快递,快递,2025-04-14 17:40:08,2025-04-15 02:48:44,1,,,6.00,,0.00,,1,1911716067657814016,极兔快递,JT0016096276097,服饰,浙江省,已全额退款
凯泽智慧社区团寄快递_站点-凯泽智慧社区团寄快递,凯泽智慧社区团寄快递,凯泽智慧社区团寄快递,快递,2025-04-15 10:41:39,,1,0.35,0,6.00,0.00,2.80,6-3.2,1,1911973141948043264,极兔快递,JT0016101273418,生活用品,陕西省,
凯泽智慧社区团寄快递_站点-凯泽智慧社区团寄快递,凯泽智慧社区团寄快递,凯泽智慧社区团寄快递,快递,2025-04-15 10:31:16,,1,0.2,0,6.00,0.00,2.80,6-3.2,1,1911970361913020416,极兔快递,JT0016099309424,服饰,广东省,
凯泽智慧社区团寄快递_站点-凯泽智慧社区团寄快递,凯泽智慧社区团寄快递,凯泽智慧社区团寄快递,快递,2025-04-15 10:26:04,,1,0.2,0,6.00,0.00,2.80,6-3.2,1,1911969222429675520,极兔快递,JT0016102705186,服饰,福建省,
凯泽智慧社区团寄快递_站点-凯泽智慧社区团寄快递,凯泽智慧社区团寄快递,凯泽智慧社区团寄快递,快递,2025-04-15 10:14:29,,1,0.68,0,6.00,0.00,2.80,6-3.2,1,1911966302804021248,极兔快递,JT0016101301989,服饰,安徽省,
凯泽智慧社区团寄快递_站点-凯泽智慧社区团寄快递,凯泽智慧社区团寄快递,凯泽智慧社区团寄快递,快递,2025-04-15 09:58:17,,2,1.32,0,7.00,0.00,3.01,43% ,1,1911962229312753664,极兔快递,JT0016104075463,服饰,浙江省,
凯泽智慧社区团寄快递_站点-凯泽智慧社区团寄快递,凯泽智慧社区团寄快递,凯泽智慧社区团寄快递,快递,2025-04-15 09:57:05,,1,0.2,0,6.00,0.00,2.80,6-3.2,1,1911961917004877824,极兔快递,JT0016103713890,服饰,湖北省,
凯泽智慧社区团寄快递_站点-凯泽智慧社区团寄快递,凯泽智慧社区团寄快递,凯泽智慧社区团寄快递,快递,2025-04-15 09:56:27,,1,0.51,0,6.00,0.00,2.80,6-3.2,1,1911961759823335424,极兔快递,JT0016103641141,服饰,广东省,
凯泽智慧社区团寄快递_站点-凯泽智慧社区团寄快递,凯泽智慧社区团寄快递,凯泽智慧社区团寄快递,快递,2025-04-15 09:55:41,,1,0.29,0,6.00,0.00,2.80,6-3.2,1,1911961568659542016,极兔快递,JT0016103183437,服饰,江西省,
凯泽智慧社区团寄快递_站点-凯泽智慧社区团寄快递,凯泽智慧社区团寄快递,凯泽智慧社区团寄快递,快递,2025-04-15 09:54:52,,1,0.23,0,6.00,0.00,2.80,6-3.2,1,1911961365336461312,极兔快递,JT0016102260543,服饰,浙江省,
凯泽智慧社区团寄快递_站点-凯泽智慧社区团寄快递,凯泽智慧社区团寄快递,凯泽智慧社区团寄快递,干洗,2025-04-14 22:07:25,,,,,49.00,,14.70,30%,,1911783326732423168,干洗,,"清洗普通羽绒服2件不分长短49元   *   1
清洗普通羽绒服2件不分长短49元   *   1",,
凯泽智慧社区团寄快递_站点-凯泽智慧社区团寄快递,凯泽智慧社区团寄快递,凯泽智慧社区团寄快递,快递,2025-04-14 21:33:19,,1,0.44,0,6.00,0.00,2.80,6-3.2,1,1911774749368160256,极兔快递,JT0016099734928,服饰,江苏省,
凯泽智慧社区团寄快递_站点-凯泽智慧社区团寄快递,凯泽智慧社区团寄快递,凯泽智慧社区团寄快递,快递,2025-04-14 21:31:23,,1,0.55,0,6.00,0.00,2.80,6-3.2,1,1911774263713894400,极兔快递,JT0016096934593,服饰,江苏省,
凯泽智慧社区团寄快递_站点-凯泽智慧社区团寄快递,凯泽智慧社区团寄快递,凯泽智慧社区团寄快递,快递,2025-04-14 21:29:02,,1,0.65,0,6.00,0.00,2.80,6-3.2,1,1911773670379261952,极兔快递,JT0016099673107,服饰,江苏省,
凯泽智慧社区团寄快递_站点-凯泽智慧社区团寄快递,凯泽智慧社区团寄快递,凯泽智慧社区团寄快递,快递,2025-04-14 21:27:27,,1,0.44,0,6.00,0.00,2.80,6-3.2,1,1911773274910920704,极兔快递,JT0016098748870,服饰,江苏省,
凯泽智慧社区团寄快递_站点-凯泽智慧社区团寄快递,凯泽智慧社区团寄快递,凯泽智慧社区团寄快递,快递,2025-04-14 21:25:59,,1,0.43,0,6.00,0.00,2.80,6-3.2,1,1911772906760081408,极兔快递,JT0016095698532,服饰,江苏省,
凯泽智慧社区团寄快递_站点-凯泽智慧社区团寄快递,凯泽智慧社区团寄快递,凯泽智慧社区团寄快递,快递,2025-04-14 21:24:06,,1,0.27,0,6.00,0.00,2.80,6-3.2,1,1911772431650295808,极兔快递,JT0016099449994,服饰,湖北省,
凯泽智慧社区团寄快递_站点-凯泽智慧社区团寄快递,凯泽智慧社区团寄快递,凯泽智慧社区团寄快递,快递,2025-04-14 21:22:13,,1,0.37,0,6.00,0.00,2.80,6-3.2,1,1911771957798801408,极兔快递,JT0016100042829,服饰,湖北省,
凯泽智慧社区团寄快递_站点-凯泽智慧社区团寄快递,凯泽智慧社区团寄快递,凯泽智慧社区团寄快递,快递,2025-04-14 21:20:18,,1,0.2,0,6.00,0.00,2.80,6-3.2,1,1911771476603080704,极兔快递,JT0016096997324,服饰,江西省,
凯泽智慧社区团寄快递_站点-凯泽智慧社区团寄快递,凯泽智慧社区团寄快递,凯泽智慧社区团寄快递,快递,2025-04-14 21:18:16,,1,0.3,0,6.00,0.00,2.80,6-3.2,1,1911770961307668480,极兔快递,JT0016098522176,生活用品,江西省,
凯泽智慧社区团寄快递_站点-凯泽智慧社区团寄快递,凯泽智慧社区团寄快递,凯泽智慧社区团寄快递,快递,2025-04-14 21:16:19,,1,0.2,0,6.00,0.00,2.80,6-3.2,1,1911770473417838592,极兔快递,JT0016091272002,生活用品,辽宁省,
凯泽智慧社区团寄快递_站点-凯泽智慧社区团寄快递,凯泽智慧社区团寄快递,凯泽智慧社区团寄快递,快递,2025-04-14 21:13:52,,1,0.4,0,6.00,0.00,2.80,6-3.2,1,1911769852690206720,极兔快递,JT0016098502902,生活用品,江苏省,
凯泽智慧社区团寄快递_站点-凯泽智慧社区团寄快递,凯泽智慧社区团寄快递,凯泽智慧社区团寄快递,快递,2025-04-14 20:10:27,,1,0.84,0,6.00,0.00,2.80,6-3.2,1,1911753898031747072,极兔快递,JT0016096654415,服饰,山西省,
凯泽智慧社区团寄快递_站点-凯泽智慧社区团寄快递,凯泽智慧社区团寄快递,凯泽智慧社区团寄快递,快递,2025-04-14 20:09:17,,1,0.65,0,6.00,0.00,2.80,6-3.2,1,1911753601553174528,极兔快递,JT0016099831169,服饰,福建省,
凯泽智慧社区团寄快递_站点-凯泽智慧社区团寄快递,凯泽智慧社区团寄快递,凯泽智慧社区团寄快递,快递,2025-04-14 20:01:09,,1,0.2,0,6.00,0.00,2.80,6-3.2,1,1911751557702389760,极兔快递,JT0016098153788,服饰,浙江省,
凯泽智慧社区团寄快递_站点-凯泽智慧社区团寄快递,凯泽智慧社区团寄快递,凯泽智慧社区团寄快递,快递,2025-04-14 19:32:19,,3,,,17.00,,1.00,,,1911744298452684800,京东快递,JDVG03666717089,食品,陕西省,
凯泽智慧社区团寄快递_站点-凯泽智慧社区团寄快递,凯泽智慧社区团寄快递,凯泽智慧社区团寄快递,快递,2025-04-14 18:39:48,,1,0.6,0,6.00,0.00,2.80,6-3.2,1,1911731077670932480,极兔快递,JT0016094609365,服饰,广西壮族自治区,
凯泽智慧社区团寄快递_站点-凯泽智慧社区团寄快递,凯泽智慧社区团寄快递,凯泽智慧社区团寄快递,快递,2025-04-14 18:12:16,,3,2.85,0,8.00,0.00,3.60,45% ,1,1911724156675067904,极兔快递,JT0016089936746,生活用品,浙江省,
凯泽智慧社区团寄快递_站点-凯泽智慧社区团寄快递,凯泽智慧社区团寄快递,凯泽智慧社区团寄快递,快递,2025-04-14 18:00:01,,1,0.69,0,6.00,0.00,2.80,6-3.2,1,1911721069969313792,极兔快递,JT0016091439959,服饰,浙江省,
凯泽智慧社区团寄快递_站点-凯泽智慧社区团寄快递,凯泽智慧社区团寄快递,凯泽智慧社区团寄快递,快递,2025-04-14 17:34:20,,1,0.2,0,6.00,0.00,2.80,6-3.2,1,1911714606643318784,极兔快递,JT0016093956898,服饰,浙江省,
凯泽智慧社区团寄快递_站点-凯泽智慧社区团寄快递,凯泽智慧社区团寄快递,凯泽智慧社区团寄快递,快递,2025-04-14 16:56:27,,1,0.62,0,6.00,0.00,2.80,6-3.2,1,1911705073812410368,极兔快递,JT0016094512419,服饰,广东省,
凯泽智慧社区团寄快递_站点-凯泽智慧社区团寄快递,凯泽智慧社区团寄快递,凯泽智慧社区团寄快递,快递,2025-04-14 16:46:53,,1,0.31,0,6.00,0.00,2.80,6-3.2,1,1911702666747482112,极兔快递,JT0016095035685,服饰,四川省,
凯泽智慧社区团寄快递_站点-凯泽智慧社区团寄快递,凯泽智慧社区团寄快递,凯泽智慧社区团寄快递,快递,2025-04-14 15:24:14,,1,0.39,0,6.00,0.00,2.80,6-3.2,1,1911681865826603008,极兔快递,JT0016082548500,服饰,广东省,
凯泽智慧社区团寄快递_站点-凯泽智慧社区团寄快递,凯泽智慧社区团寄快递,凯泽智慧社区团寄快递,快递,2025-04-14 15:10:06,,1,0.24,0,6.00,0.00,2.80,6-3.2,1,1911678308436054016,极兔快递,JT0016085284395,服饰,福建省,
凯泽智慧社区团寄快递_站点-凯泽智慧社区团寄快递,凯泽智慧社区团寄快递,凯泽智慧社区团寄快递,快递,2025-04-14 15:08:50,,1,0.27,0,6.00,0.00,2.80,6-3.2,1,1911677988632956928,极兔快递,JT0016073823216,服饰,广东省,
凯泽智慧社区团寄快递_站点-凯泽智慧社区团寄快递,凯泽智慧社区团寄快递,凯泽智慧社区团寄快递,快递,2025-04-14 12:28:32,,1,0.2,0,6.00,0.00,2.80,6-3.2,1,1911637653731053568,极兔快递,JT0016088103627,生活用品,陕西省,
凯泽智慧社区团寄快递_站点-凯泽智慧社区团寄快递,凯泽智慧社区团寄快递,凯泽智慧社区团寄快递,快递,2025-04-14 11:35:41,,1,0.2,0,6.00,0.00,2.80,6-3.2,1,1911624345649057792,极兔快递,JT0016076597890,生活用品,广东省,
凯泽智慧社区团寄快递_站点-凯泽智慧社区团寄快递,凯泽智慧社区团寄快递,凯泽智慧社区团寄快递,快递,2025-04-14 11:35:08,,1,0.2,0,6.00,0.00,2.80,6-3.2,1,1911624213876609024,极兔快递,JT0016075563052,生活用品,广东省,
凯泽智慧社区团寄快递_站点-凯泽智慧社区团寄快递,凯泽智慧社区团寄快递,凯泽智慧社区团寄快递,快递,2025-04-14 11:25:59,,2,0.69,1,17.00,3.00,6.00,35.29% ,1,1911621908095733760,韵达快递,312711605502700,生活用品,海南省,
凯泽智慧社区团寄快递_站点-凯泽智慧社区团寄快递,凯泽智慧社区团寄快递,凯泽智慧社区团寄快递,快递,2025-04-14 10:48:15,,1,0.22,0,6.00,0.00,2.80,6-3.2,1,1911612406990032896,极兔快递,JT0016085145480,服饰,浙江省,
凯泽智慧社区团寄快递_站点-凯泽智慧社区团寄快递,凯泽智慧社区团寄快递,凯泽智慧社区团寄快递,快递,2025-04-14 09:52:12,,1,0.48,0,6.00,0.00,2.80,6-3.2,1,1911598310152392704,极兔快递,JT0016087071383,服饰,浙江省,
凯泽智慧社区团寄快递_站点-凯泽智慧社区团寄快递,凯泽智慧社区团寄快递,凯泽智慧社区团寄快递,快递,2025-04-14 09:46:05,,1,0.49,0,6.00,0.00,2.80,6-3.2,1,1911596766778544128,极兔快递,JT0016085323844,生活用品,江西省,
凯泽智慧社区团寄快递_站点-凯泽智慧社区团寄快递,凯泽智慧社区团寄快递,凯泽智慧社区团寄快递,快递,2025-04-14 09:44:52,,2.2,2.11,0,8.00,0.00,3.60,45% ,1,1911596460749541376,极兔快递,JT0016086453918,食品,黑龙江省,
凯泽智慧社区团寄快递_站点-凯泽智慧社区团寄快递,凯泽智慧社区团寄快递,凯泽智慧社区团寄快递,快递,2025-04-14 09:30:28,,1,0.34,0,6.00,0.00,2.80,6-3.2,1,1911592837973987328,极兔快递,JT0016085819853,服饰,湖南省,
凯泽智慧社区团寄快递_站点-凯泽智慧社区团寄快递,凯泽智慧社区团寄快递,凯泽智慧社区团寄快递,快递,2025-04-13 22:51:00,,1,0.24,0,6.00,0.00,2.80,6-3.2,1,1911431911475957760,极兔快递,JT0016075052968,生活用品,山东省,
凯泽智慧社区团寄快递_站点-凯泽智慧社区团寄快递,凯泽智慧社区团寄快递,凯泽智慧社区团寄快递,快递,2025-04-13 22:25:17,,1,0.47,0,6.00,0.00,2.80,6-3.2,1,1911425436250722304,极兔快递,JT0016081116770,服饰,湖北省,
凯泽智慧社区团寄快递_站点-凯泽智慧社区团寄快递,凯泽智慧社区团寄快递,凯泽智慧社区团寄快递,快递,2025-04-13 21:55:28,,1,0.69,0,6.00,0.00,2.80,6-3.2,1,1911417928404619264,极兔快递,JT0016080788724,生活用品,河北省,
凯泽智慧社区团寄快递_站点-凯泽智慧社区团寄快递,凯泽智慧社区团寄快递,凯泽智慧社区团寄快递,快递,2025-04-13 21:54:32,,2,1.95,0,7.00,0.00,3.01,43% ,1,1911417693049638912,极兔快递,JT0016083436696,生活用品,河北省,
凯泽智慧社区团寄快递_站点-凯泽智慧社区团寄快递,凯泽智慧社区团寄快递,凯泽智慧社区团寄快递,快递,2025-04-13 20:20:08,,1,0.61,0,6.00,0.00,2.80,6-3.2,1,1911393943021342720,极兔快递,JT0016081640141,生活用品,陕西省,
凯泽智慧社区团寄快递_站点-凯泽智慧社区团寄快递,凯泽智慧社区团寄快递,凯泽智慧社区团寄快递,快递,2025-04-13 20:11:43,,1,0.22,0,6.00,0.00,2.80,6-3.2,1,1911391821601099776,极兔快递,JT0016082967037,生活用品,浙江省,
凯泽智慧社区团寄快递_站点-凯泽智慧社区团寄快递,凯泽智慧社区团寄快递,凯泽智慧社区团寄快递,快递,2025-04-13 20:07:29,,1,0.38,0,6.00,0.00,2.80,6-3.2,1,1911390759120982016,极兔快递,JT0016078921773,服饰,河南省,
凯泽智慧社区团寄快递_站点-凯泽智慧社区团寄快递,凯泽智慧社区团寄快递,凯泽智慧社区团寄快递,快递,2025-04-13 19:35:59,,1,0.21,0,6.00,0.00,2.80,6-3.2,1,1911382835258642432,极兔快递,JT0016081761946,服饰,江苏省,
凯泽智慧社区团寄快递_站点-凯泽智慧社区团寄快递,凯泽智慧社区团寄快递,凯泽智慧社区团寄快递,快递,2025-04-13 19:14:52,,2,1.26,0,7.00,0.00,3.01,43% ,1,1911377516788895744,极兔快递,JT0016080655864,生活用品,河北省,
凯泽智慧社区团寄快递_站点-凯泽智慧社区团寄快递,凯泽智慧社区团寄快递,凯泽智慧社区团寄快递,快递,2025-04-13 18:03:05,,1,0.2,0,6.00,0.00,2.80,6-3.2,1,1911359451971899392,极兔快递,JT0016077785544,生活用品,安徽省,
凯泽智慧社区团寄快递_站点-凯泽智慧社区团寄快递,凯泽智慧社区团寄快递,凯泽智慧社区团寄快递,快递,2025-04-13 17:45:12,,1,0.46,0,6.00,0.00,2.80,6-3.2,1,1911354954264530944,极兔快递,JT0016078577348,生活用品,山东省,
凯泽智慧社区团寄快递_站点-凯泽智慧社区团寄快递,凯泽智慧社区团寄快递,凯泽智慧社区团寄快递,快递,2025-04-13 17:42:33,,1,0.2,0,6.00,0.00,2.80,6-3.2,1,1911354286023823360,极兔快递,JT0016074723573,服饰,河南省,
凯泽智慧社区团寄快递_站点-凯泽智慧社区团寄快递,凯泽智慧社区团寄快递,凯泽智慧社区团寄快递,快递,2025-04-13 17:40:18,,1,0.2,0,6.00,0.00,2.80,6-3.2,1,1911353724926611456,极兔快递,JT0016079799435,服饰,河南省,
凯泽智慧社区团寄快递_站点-凯泽智慧社区团寄快递,凯泽智慧社区团寄快递,凯泽智慧社区团寄快递,快递,2025-04-13 17:38:24,,1,0.27,0,6.00,0.00,2.80,6-3.2,1,1911353068316708864,极兔快递,JT0016058326268,生活用品,河南省,
凯泽智慧社区团寄快递_站点-凯泽智慧社区团寄快递,凯泽智慧社区团寄快递,凯泽智慧社区团寄快递,快递,2025-04-13 17:37:14,,1,0.22,0,6.00,0.00,2.80,6-3.2,1,1911352950276411392,极兔快递,JT0016074807515,生活用品,河南省,
凯泽智慧社区团寄快递_站点-凯泽智慧社区团寄快递,凯泽智慧社区团寄快递,凯泽智慧社区团寄快递,快递,2025-04-13 17:35:07,,1,0.37,0,6.00,0.00,2.80,6-3.2,1,1911352417994067968,极兔快递,JT0016073850628,生活用品,河南省,
凯泽智慧社区团寄快递_站点-凯泽智慧社区团寄快递,凯泽智慧社区团寄快递,凯泽智慧社区团寄快递,快递,2025-04-13 17:31:03,,1,0.32,0,6.00,0.00,2.80,6-3.2,1,1911351390934847488,极兔快递,JT0016077892758,生活用品,河南省,
凯泽智慧社区团寄快递_站点-凯泽智慧社区团寄快递,凯泽智慧社区团寄快递,凯泽智慧社区团寄快递,快递,2025-04-13 17:25:23,,1,0.83,0,6.00,0.00,2.80,6-3.2,1,1911349967232880640,极兔快递,JT0016080761829,服饰,宁夏回族自治区,
凯泽智慧社区团寄快递_站点-凯泽智慧社区团寄快递,凯泽智慧社区团寄快递,凯泽智慧社区团寄快递,快递,2025-04-13 17:21:36,,1,0.2,0,6.00,0.00,2.80,6-3.2,1,1911349017743118336,极兔快递,JT0016080740662,生活用品,湖北省,
凯泽智慧社区团寄快递_站点-凯泽智慧社区团寄快递,凯泽智慧社区团寄快递,凯泽智慧社区团寄快递,快递,2025-04-13 16:36:53,,1,0.55,0,6.00,0.00,2.80,6-3.2,1,1911337754199773184,极兔快递,JT0016076776519,服饰,广东省,
凯泽智慧社区团寄快递_站点-凯泽智慧社区团寄快递,凯泽智慧社区团寄快递,凯泽智慧社区团寄快递,快递,2025-04-13 16:36:10,,1,0.58,0,6.00,0.00,2.80,6-3.2,1,1911337580765302784,极兔快递,JT0016073895977,服饰,广东省,
凯泽智慧社区团寄快递_站点-凯泽智慧社区团寄快递,凯泽智慧社区团寄快递,凯泽智慧社区团寄快递,快递,2025-04-13 16:24:30,,1,0.3,0,6.00,0.00,2.80,6-3.2,1,1911334646644133888,极兔快递,JT0016079931763,服饰,浙江省,
凯泽智慧社区团寄快递_站点-凯泽智慧社区团寄快递,凯泽智慧社区团寄快递,凯泽智慧社区团寄快递,干洗,2025-04-13 16:19:34,,,,,49.00,,14.70,30%,,1911333398050164736,干洗,,"清洗普通羽绒服2件不分长短49元   *   1
清洗普通羽绒服2件不分长短49元   *   1",,
凯泽智慧社区团寄快递_站点-凯泽智慧社区团寄快递,凯泽智慧社区团寄快递,凯泽智慧社区团寄快递,快递,2025-04-13 15:25:40,,1,0.72,0,6.00,0.00,2.80,6-3.2,1,1911319833440342016,极兔快递,JT0016078228284,服饰,浙江省,
凯泽智慧社区团寄快递_站点-凯泽智慧社区团寄快递,凯泽智慧社区团寄快递,凯泽智慧社区团寄快递,快递,2025-04-13 15:24:37,,1,0.86,0,6.00,0.00,2.80,6-3.2,1,1911319560516980736,极兔快递,JT0016075193609,服饰,广东省,
凯泽智慧社区团寄快递_站点-凯泽智慧社区团寄快递,凯泽智慧社区团寄快递,凯泽智慧社区团寄快递,快递,2025-04-13 15:21:17,,1,0.2,0,6.00,0.00,2.80,6-3.2,1,1911318738383065088,极兔快递,JT0016072897942,服饰,山东省,
凯泽智慧社区团寄快递_站点-凯泽智慧社区团寄快递,凯泽智慧社区团寄快递,凯泽智慧社区团寄快递,快递,2025-04-13 12:15:25,,6,5.43,0,15.00,4.50,6.00,40% ,1,1911271962351423488,极兔快递,JT0016073776470,食品,陕西省,
凯泽智慧社区团寄快递_站点-凯泽智慧社区团寄快递,凯泽智慧社区团寄快递,凯泽智慧社区团寄快递,快递,2025-04-13 11:46:50,,1,,,22.00,,0.00,0%,1,1911264767513645056,顺丰速运,SF3161074308984,生活用品,河南省,
凯泽智慧社区团寄快递_站点-凯泽智慧社区团寄快递,凯泽智慧社区团寄快递,凯泽智慧社区团寄快递,快递,2025-04-13 11:44:09,2025-04-13 03:46:16,1,,,22.00,,0.00,,1,1911264093191196672,顺丰速运,SF3152287968473,生活用品,河南省,已全额退款
凯泽智慧社区团寄快递_站点-凯泽智慧社区团寄快递,凯泽智慧社区团寄快递,凯泽智慧社区团寄快递,干洗,2025-04-13 11:04:23,,,,,29.50,,8.85,30%,,1911254084696854528,干洗,,"清洗毛呢2件59元   *   1",,
凯泽智慧社区团寄快递_站点-凯泽智慧社区团寄快递,凯泽智慧社区团寄快递,凯泽智慧社区团寄快递,快递,2025-04-13 10:39:26,,1,0.53,0,7.00,0.00,2.80,6-3.2,1,1911247807769923584,极兔快递,JT0016072122336,服饰,北京市,
凯泽智慧社区团寄快递_站点-凯泽智慧社区团寄快递,凯泽智慧社区团寄快递,凯泽智慧社区团寄快递,快递,2025-04-13 10:38:44,,1,0.75,0,6.00,0.00,2.80,6-3.2,1,1911247629969182720,极兔快递,JT0016064589797,服饰,福建省,
凯泽智慧社区团寄快递_站点-凯泽智慧社区团寄快递,凯泽智慧社区团寄快递,凯泽智慧社区团寄快递,快递,2025-04-13 10:37:25,,1,0.62,0,6.00,0.00,2.80,6-3.2,1,1911247299416084480,极兔快递,JT0016072802210,服饰,江西省,
凯泽智慧社区团寄快递_站点-凯泽智慧社区团寄快递,凯泽智慧社区团寄快递,凯泽智慧社区团寄快递,快递,2025-04-13 10:00:59,,1,0.23,0,6.00,0.00,2.80,6-3.2,1,1911238130701094912,极兔快递,JT0016072077260,服饰,广东省,
凯泽智慧社区团寄快递_站点-凯泽智慧社区团寄快递,凯泽智慧社区团寄快递,凯泽智慧社区团寄快递,快递,2025-04-12 21:14:27,,1,0.3,0,6.00,0.00,2.80,6-3.2,1,1911045224778354688,极兔快递,JT0016057909234,服饰,广东省,
凯泽智慧社区团寄快递_站点-凯泽智慧社区团寄快递,凯泽智慧社区团寄快递,凯泽智慧社区团寄快递,快递,2025-04-12 20:43:44,,2,1.22,0,7.00,0.00,3.01,43% ,1,1911037495812739072,极兔快递,JT0016068366006,服饰,浙江省,
凯泽智慧社区团寄快递_站点-凯泽智慧社区团寄快递,凯泽智慧社区团寄快递,凯泽智慧社区团寄快递,快递,2025-04-12 20:27:43,,2,1.83,0,7.00,0.00,3.01,43% ,1,1911033464507781120,极兔快递,JT0016067564189,服饰,黑龙江省,
凯泽智慧社区团寄快递_站点-凯泽智慧社区团寄快递,凯泽智慧社区团寄快递,凯泽智慧社区团寄快递,快递,2025-04-12 20:17:15,,2,1.16,0,7.00,0.00,3.01,43% ,1,1911030824923222016,极兔快递,JT0016068882752,服饰,江苏省,
凯泽智慧社区团寄快递_站点-凯泽智慧社区团寄快递,凯泽智慧社区团寄快递,凯泽智慧社区团寄快递,快递,2025-04-12 20:15:37,,1,0.2,0,6.00,0.00,2.80,6-3.2,1,1911030419107532800,极兔快递,JT0016068452797,生活用品,江苏省,
凯泽智慧社区团寄快递_站点-凯泽智慧社区团寄快递,凯泽智慧社区团寄快递,凯泽智慧社区团寄快递,快递,2025-04-12 20:12:48,,1,0.27,0,6.00,0.00,2.80,6-3.2,1,1911029707522887680,极兔快递,JT0016067807910,生活用品,广东省,
凯泽智慧社区团寄快递_站点-凯泽智慧社区团寄快递,凯泽智慧社区团寄快递,凯泽智慧社区团寄快递,快递,2025-04-12 20:02:36,,2,1.38,0,7.00,0.00,3.01,43% ,1,1911027143746179072,极兔快递,JT0016068420418,生活用品,山东省,
凯泽智慧社区团寄快递_站点-凯泽智慧社区团寄快递,凯泽智慧社区团寄快递,凯泽智慧社区团寄快递,快递,2025-04-12 20:01:59,2025-04-12 12:02:19,1,,,6.00,,0.00,,1,1911026989525815296,极兔快递,JT0016068359230,生活用品,山东省,已全额退款
凯泽智慧社区团寄快递_站点-凯泽智慧社区团寄快递,凯泽智慧社区团寄快递,凯泽智慧社区团寄快递,快递,2025-04-12 20:00:39,,1,0.49,0,6.00,0.00,2.80,6-3.2,1,1911026651167117312,极兔快递,JT0016068662824,服饰,黑龙江省,
凯泽智慧社区团寄快递_站点-凯泽智慧社区团寄快递,凯泽智慧社区团寄快递,凯泽智慧社区团寄快递,快递,2025-04-12 19:44:06,,1,0.24,0,6.00,0.00,2.80,6-3.2,1,1911022489167646720,极兔快递,JT0016068330971,服饰,广东省,
凯泽智慧社区团寄快递_站点-凯泽智慧社区团寄快递,凯泽智慧社区团寄快递,凯泽智慧社区团寄快递,快递,2025-04-12 19:41:23,,1,0.33,0,6.00,0.00,2.80,6-3.2,1,1911021804128751616,极兔快递,JT0016068061965,生活用品,河南省,
凯泽智慧社区团寄快递_站点-凯泽智慧社区团寄快递,凯泽智慧社区团寄快递,凯泽智慧社区团寄快递,快递,2025-04-12 19:34:33,,2,1.08,0,7.00,0.00,3.01,43% ,1,1911020081662316544,极兔快递,JT0016065291827,服饰,广东省,
凯泽智慧社区团寄快递_站点-凯泽智慧社区团寄快递,凯泽智慧社区团寄快递,凯泽智慧社区团寄快递,快递,2025-04-12 19:13:44,,1,0.54,0,6.00,0.00,2.80,6-3.2,1,1911014822537777152,极兔快递,JT0016066067731,服饰,广东省,
凯泽智慧社区团寄快递_站点-凯泽智慧社区团寄快递,凯泽智慧社区团寄快递,凯泽智慧社区团寄快递,快递,2025-04-12 19:11:39,,4,5.62,-2,10.00,4.50,4.00,40% ,1,1911014322136338432,极兔快递,JT0016068107889,生活用品,浙江省,
凯泽智慧社区团寄快递_站点-凯泽智慧社区团寄快递,凯泽智慧社区团寄快递,凯泽智慧社区团寄快递,快递,2025-04-12 19:04:16,,1,0.81,0,6.00,0.00,2.80,6-3.2,1,1911012463828979712,极兔快递,JT0016067101946,服饰,浙江省,
凯泽智慧社区团寄快递_站点-凯泽智慧社区团寄快递,凯泽智慧社区团寄快递,凯泽智慧社区团寄快递,快递,2025-04-12 18:50:54,,1,0.52,0,6.00,0.00,2.80,6-3.2,1,1911009101091885056,极兔快递,JT0016065947146,服饰,广东省,
凯泽智慧社区团寄快递_站点-凯泽智慧社区团寄快递,凯泽智慧社区团寄快递,凯泽智慧社区团寄快递,快递,2025-04-12 18:30:15,,1,0.24,0,6.00,0.00,2.80,6-3.2,1,1911003898758221824,极兔快递,JT0016066647327,服饰,广东省,
凯泽智慧社区团寄快递_站点-凯泽智慧社区团寄快递,凯泽智慧社区团寄快递,凯泽智慧社区团寄快递,快递,2025-04-12 18:29:42,,1,0.2,0,6.00,0.00,2.80,6-3.2,1,1911003763982651392,极兔快递,JT0016064956165,服饰,安徽省,
凯泽智慧社区团寄快递_站点-凯泽智慧社区团寄快递,凯泽智慧社区团寄快递,凯泽智慧社区团寄快递,快递,2025-04-12 18:22:27,,1,0.2,0,6.00,0.00,2.80,6-3.2,1,1911001941503037440,极兔快递,JT0016066608894,服饰,四川省,
凯泽智慧社区团寄快递_站点-凯泽智慧社区团寄快递,凯泽智慧社区团寄快递,凯泽智慧社区团寄快递,快递,2025-04-12 18:16:52,,1,0.69,0,6.00,0.00,2.80,6-3.2,1,1911000536109207552,极兔快递,JT0016065845188,服饰,河南省,
凯泽智慧社区团寄快递_站点-凯泽智慧社区团寄快递,凯泽智慧社区团寄快递,凯泽智慧社区团寄快递,快递,2025-04-12 18:15:39,,1,0.38,0,6.00,0.00,2.80,6-3.2,1,1911000232907165696,极兔快递,JT0016060958113,服饰,河南省,
凯泽智慧社区团寄快递_站点-凯泽智慧社区团寄快递,凯泽智慧社区团寄快递,凯泽智慧社区团寄快递,快递,2025-04-12 18:13:30,,1,0.72,0,6.00,0.00,2.80,6-3.2,1,1910999688423591936,极兔快递,JT0016062440982,服饰,江苏省,
凯泽智慧社区团寄快递_站点-凯泽智慧社区团寄快递,凯泽智慧社区团寄快递,凯泽智慧社区团寄快递,快递,2025-04-12 18:04:48,,1,0.24,0,6.00,0.00,2.80,6-3.2,1,1910997490864148480,极兔快递,JT0016060032983,服饰,广东省,
凯泽智慧社区团寄快递_站点-凯泽智慧社区团寄快递,凯泽智慧社区团寄快递,凯泽智慧社区团寄快递,快递,2025-04-12 18:04:01,,1,0.26,0,6.00,0.00,2.80,6-3.2,1,1910997302565064704,极兔快递,JT0016066486774,服饰,广东省,
凯泽智慧社区团寄快递_站点-凯泽智慧社区团寄快递,凯泽智慧社区团寄快递,凯泽智慧社区团寄快递,快递,2025-04-12 17:36:24,,1,0.26,0,6.00,0.00,2.80,6-3.2,1,1910990342880940032,极兔快递,JT0016063972972,生活用品,广东省,
凯泽智慧社区团寄快递_站点-凯泽智慧社区团寄快递,凯泽智慧社区团寄快递,凯泽智慧社区团寄快递,快递,2025-04-12 16:34:19,,1,0.58,0,6.00,0.00,2.80,6-3.2,1,1910974720470077440,极兔快递,JT0016064983811,服饰,辽宁省,
凯泽智慧社区团寄快递_站点-凯泽智慧社区团寄快递,凯泽智慧社区团寄快递,凯泽智慧社区团寄快递,快递,2025-04-12 16:21:46,,1,0.2,0,6.00,0.00,2.80,6-3.2,1,1910971569729884160,极兔快递,JT0016065888767,服饰,福建省,
凯泽智慧社区团寄快递_站点-凯泽智慧社区团寄快递,凯泽智慧社区团寄快递,凯泽智慧社区团寄快递,快递,2025-04-12 16:18:36,,1,0.73,0,6.00,0.00,2.80,6-3.2,1,1910970775441952768,极兔快递,JT0016064511682,服饰,辽宁省,
凯泽智慧社区团寄快递_站点-凯泽智慧社区团寄快递,凯泽智慧社区团寄快递,凯泽智慧社区团寄快递,快递,2025-04-12 15:10:37,,1,0.51,0,6.00,0.00,2.80,6-3.2,1,1910953663470161920,极兔快递,JT0016063557207,服饰,福建省,
凯泽智慧社区团寄快递_站点-凯泽智慧社区团寄快递,凯泽智慧社区团寄快递,凯泽智慧社区团寄快递,快递,2025-04-12 14:49:01,,1,0.2,0,6.00,0.00,2.80,6-3.2,1,1910948228566536192,极兔快递,JT0016062688258,生活用品,浙江省,
凯泽智慧社区团寄快递_站点-凯泽智慧社区团寄快递,凯泽智慧社区团寄快递,凯泽智慧社区团寄快递,快递,2025-04-12 14:39:18,,1,0.33,0,6.00,0.00,2.80,6-3.2,1,1910945781576028160,极兔快递,JT0016061149342,服饰,安徽省,
凯泽智慧社区团寄快递_站点-凯泽智慧社区团寄快递,凯泽智慧社区团寄快递,凯泽智慧社区团寄快递,快递,2025-04-12 14:15:50,,1,0.5,0,6.00,0.00,2.80,6-3.2,1,1910939877900210176,极兔快递,JT0016061193809,服饰,河南省,
凯泽智慧社区团寄快递_站点-凯泽智慧社区团寄快递,凯泽智慧社区团寄快递,凯泽智慧社区团寄快递,快递,2025-04-12 13:54:57,,1,0.2,0,6.00,0.00,2.80,6-3.2,1,1910934619807469568,极兔快递,JT0016061229944,生活用品,浙江省,
凯泽智慧社区团寄快递_站点-凯泽智慧社区团寄快递,凯泽智慧社区团寄快递,凯泽智慧社区团寄快递,快递,2025-04-12 12:24:39,,1,0.93,0,6.00,0.00,2.80,6-3.2,1,1910911897937301504,极兔快递,JT0016059323616,服饰,浙江省,
凯泽智慧社区团寄快递_站点-凯泽智慧社区团寄快递,凯泽智慧社区团寄快递,凯泽智慧社区团寄快递,干洗,2025-04-12 12:09:48,,,,,9.90,,2.97,30%,,1910908159520591872,干洗,,"清洗鞋19.8元两双   *   1",,
凯泽智慧社区团寄快递_站点-凯泽智慧社区团寄快递,凯泽智慧社区团寄快递,凯泽智慧社区团寄快递,快递,2025-04-12 12:06:56,,1,0.53,0,6.00,0.00,2.80,6-3.2,1,1910907437555044352,极兔快递,JT0016059839477,服饰,广东省,
凯泽智慧社区团寄快递_站点-凯泽智慧社区团寄快递,凯泽智慧社区团寄快递,凯泽智慧社区团寄快递,快递,2025-04-12 12:03:53,,1,0.43,0,6.00,0.00,2.80,6-3.2,1,1910906670962102272,极兔快递,JT0016050621821,服饰,浙江省,
凯泽智慧社区团寄快递_站点-凯泽智慧社区团寄快递,凯泽智慧社区团寄快递,凯泽智慧社区团寄快递,快递,2025-04-12 11:55:52,,1,0.43,0,6.00,0.00,2.80,6-3.2,1,1910904649437597696,极兔快递,JT0016056873844,服饰,浙江省,
凯泽智慧社区团寄快递_站点-凯泽智慧社区团寄快递,凯泽智慧社区团寄快递,凯泽智慧社区团寄快递,快递,2025-04-12 11:55:14,,1,0.64,0,6.00,0.00,2.80,6-3.2,1,1910904489928216576,极兔快递,JT0016059398696,服饰,广东省,
凯泽智慧社区团寄快递_站点-凯泽智慧社区团寄快递,凯泽智慧社区团寄快递,凯泽智慧社区团寄快递,快递,2025-04-12 11:42:50,,1,0.34,0,6.00,0.00,2.80,6-3.2,1,1910901374126575616,极兔快递,JT0016060035724,服饰,山西省,
凯泽智慧社区团寄快递_站点-凯泽智慧社区团寄快递,凯泽智慧社区团寄快递,凯泽智慧社区团寄快递,快递,2025-04-12 11:32:09,,1,0.3,0,6.00,0.00,2.80,6-3.2,1,1910898647887695872,极兔快递,JT0016057187754,生活用品,浙江省,
凯泽智慧社区团寄快递_站点-凯泽智慧社区团寄快递,凯泽智慧社区团寄快递,凯泽智慧社区团寄快递,快递,2025-04-12 11:30:58,,1,0.81,0,6.00,0.00,2.80,6-3.2,1,1910898385852747776,极兔快递,JT0016058178257,服饰,安徽省,
凯泽智慧社区团寄快递_站点-凯泽智慧社区团寄快递,凯泽智慧社区团寄快递,凯泽智慧社区团寄快递,快递,2025-04-12 10:10:10,,1,0.87,0,6.00,0.00,2.80,6-3.2,1,1910878053293019136,极兔快递,JT0016056810885,服饰,河南省,
凯泽智慧社区团寄快递_站点-凯泽智慧社区团寄快递,凯泽智慧社区团寄快递,凯泽智慧社区团寄快递,快递,2025-04-12 10:08:38,,1,1.02,-1,6.00,0.00,2.80,6-3.2,1,1910877654741864448,极兔快递,JT0016043120699,服饰,福建省,
凯泽智慧社区团寄快递_站点-凯泽智慧社区团寄快递,凯泽智慧社区团寄快递,凯泽智慧社区团寄快递,快递,2025-04-12 10:06:55,,1,1.14,-1,7.00,0.00,2.80,6-3.2,1,1910877236087410688,极兔快递,JT0016057978376,服饰,北京市,
凯泽智慧社区团寄快递_站点-凯泽智慧社区团寄快递,凯泽智慧社区团寄快递,凯泽智慧社区团寄快递,快递,2025-04-12 10:05:35,,1,0.49,0,7.00,0.00,2.80,6-3.2,1,1910876899997831168,极兔快递,JT0016051983672,服饰,北京市,
凯泽智慧社区团寄快递_站点-凯泽智慧社区团寄快递,凯泽智慧社区团寄快递,凯泽智慧社区团寄快递,快递,2025-04-12 10:03:35,,1,0.77,0,7.00,0.00,2.80,6-3.2,1,1910876384622727168,极兔快递,JT0016055106985,服饰,北京市,
凯泽智慧社区团寄快递_站点-凯泽智慧社区团寄快递,凯泽智慧社区团寄快递,凯泽智慧社区团寄快递,快递,2025-04-12 10:02:21,,1,0.42,0,7.00,0.00,2.80,6-3.2,1,1910876084138594304,极兔快递,JT0016054007229,服饰,北京市,
凯泽智慧社区团寄快递_站点-凯泽智慧社区团寄快递,凯泽智慧社区团寄快递,凯泽智慧社区团寄快递,快递,2025-04-12 10:00:49,,1,0.55,0,6.00,0.00,2.80,6-3.2,1,1910875695867678720,极兔快递,JT0016057881508,服饰,福建省,
凯泽智慧社区团寄快递_站点-凯泽智慧社区团寄快递,凯泽智慧社区团寄快递,凯泽智慧社区团寄快递,快递,2025-04-12 10:00:12,,1,0.61,0,6.00,0.00,2.80,6-3.2,1,1910875544717545472,极兔快递,JT0016057628429,服饰,山西省,
凯泽智慧社区团寄快递_站点-凯泽智慧社区团寄快递,凯泽智慧社区团寄快递,凯泽智慧社区团寄快递,快递,2025-04-12 09:50:46,,1,0.9,0,6.00,0.00,2.80,6-3.2,1,1910873171597119488,极兔快递,JT0016057128629,服饰,浙江省,
凯泽智慧社区团寄快递_站点-凯泽智慧社区团寄快递,凯泽智慧社区团寄快递,凯泽智慧社区团寄快递,快递,2025-04-11 21:10:36,,1,0.3,0,6.00,0.00,2.80,6-3.2,1,1910681868389240832,极兔快递,JT0016054470641,生活用品,广东省,
凯泽智慧社区团寄快递_站点-凯泽智慧社区团寄快递,凯泽智慧社区团寄快递,凯泽智慧社区团寄快递,快递,2025-04-11 19:58:49,,2,1.19,0,7.00,0.00,3.01,43% ,1,1910663802754355200,极兔快递,JT0016053986257,服饰,广东省,
凯泽智慧社区团寄快递_站点-凯泽智慧社区团寄快递,凯泽智慧社区团寄快递,凯泽智慧社区团寄快递,快递,2025-04-11 19:14:36,,1,0.49,0,6.00,0.00,2.80,6-3.2,1,1910652678419959808,极兔快递,JT0016053394512,服饰,广东省,
凯泽智慧社区团寄快递_站点-凯泽智慧社区团寄快递,凯泽智慧社区团寄快递,凯泽智慧社区团寄快递,快递,2025-04-11 18:54:17,,1,0.52,0,6.00,0.00,2.80,6-3.2,1,1910647562363129856,极兔快递,JT0016053302071,服饰,江苏省,
凯泽智慧社区团寄快递_站点-凯泽智慧社区团寄快递,凯泽智慧社区团寄快递,凯泽智慧社区团寄快递,快递,2025-04-11 18:50:28,,3,1.79,1,8.00,0.00,3.60,45% ,1,1910646521039081472,极兔快递,JT0016043222479,生活用品,广东省,
凯泽智慧社区团寄快递_站点-凯泽智慧社区团寄快递,凯泽智慧社区团寄快递,凯泽智慧社区团寄快递,快递,2025-04-11 17:59:06,,1,0.48,0,6.00,0.00,2.80,6-3.2,1,1910633655774924800,极兔快递,JT0016052338567,服饰,广西壮族自治区,
凯泽智慧社区团寄快递_站点-凯泽智慧社区团寄快递,凯泽智慧社区团寄快递,凯泽智慧社区团寄快递,快递,2025-04-11 17:51:00,,1,0.35,0,6.00,0.00,2.80,6-3.2,1,1910631639321333760,极兔快递,JT0016050009477,服饰,广东省,
凯泽智慧社区团寄快递_站点-凯泽智慧社区团寄快递,凯泽智慧社区团寄快递,凯泽智慧社区团寄快递,快递,2025-04-11 17:47:57,,1,0.48,0,6.00,0.00,2.80,6-3.2,1,1910630872648699904,极兔快递,JT0016052621343,服饰,广东省,
凯泽智慧社区团寄快递_站点-凯泽智慧社区团寄快递,凯泽智慧社区团寄快递,凯泽智慧社区团寄快递,快递,2025-04-11 17:45:40,,1,0.46,0,6.00,0.00,2.80,6-3.2,1,1910630294493253632,极兔快递,JT0016050224922,服饰,广东省,
凯泽智慧社区团寄快递_站点-凯泽智慧社区团寄快递,凯泽智慧社区团寄快递,凯泽智慧社区团寄快递,快递,2025-04-11 17:43:37,,1,0.44,0,6.00,0.00,2.80,6-3.2,1,1910629779038457856,极兔快递,JT0016051278006,服饰,广东省,
凯泽智慧社区团寄快递_站点-凯泽智慧社区团寄快递,凯泽智慧社区团寄快递,凯泽智慧社区团寄快递,快递,2025-04-03 11:10:24,2025-04-11 08:49:31,1,,,6.00,,0.00,,1,1907631719728226304,极兔快递,JT0015930613409,服饰,福建省,已全额退款
凯泽智慧社区团寄快递_站点-凯泽智慧社区团寄快递,凯泽智慧社区团寄快递,凯泽智慧社区团寄快递,快递,2025-04-11 16:42:22,,1,0.88,0,6.00,0.00,2.80,6-3.2,1,1910614369358499840,极兔快递,JT0016047210586,服饰,浙江省,
凯泽智慧社区团寄快递_站点-凯泽智慧社区团寄快递,凯泽智慧社区团寄快递,凯泽智慧社区团寄快递,快递,2025-04-11 16:22:17,,1.5,1.37,0,7.00,0.00,3.01,43% ,1,1910609310943989760,极兔快递,JT0016050601229,服饰,浙江省,
凯泽智慧社区团寄快递_站点-凯泽智慧社区团寄快递,凯泽智慧社区团寄快递,凯泽智慧社区团寄快递,快递,2025-04-11 16:20:38,,1,1.96,-1,6.00,0.00,2.80,6-3.2,1,1910608896701943808,极兔快递,JT0016049277185,生活用品,陕西省,
凯泽智慧社区团寄快递_站点-凯泽智慧社区团寄快递,凯泽智慧社区团寄快递,凯泽智慧社区团寄快递,快递,2025-04-11 16:10:17,,1,0.3,0,6.00,0.00,2.80,6-3.2,1,1910606289350610944,极兔快递,JT0016051086639,服饰,广东省,
凯泽智慧社区团寄快递_站点-凯泽智慧社区团寄快递,凯泽智慧社区团寄快递,凯泽智慧社区团寄快递,快递,2025-04-11 16:07:37,,1,0.47,0,6.00,0.00,2.80,6-3.2,1,1910605621344784384,极兔快递,JT0016041148715,易碎品,陕西省,
凯泽智慧社区团寄快递_站点-凯泽智慧社区团寄快递,凯泽智慧社区团寄快递,凯泽智慧社区团寄快递,快递,2025-04-11 15:27:26,,1,,,13.00,,0.00,0%,1,1910595494600429568,顺丰速运,SF3160734102014,文件,陕西省,
凯泽智慧社区团寄快递_站点-凯泽智慧社区团寄快递,凯泽智慧社区团寄快递,凯泽智慧社区团寄快递,快递,2025-04-11 15:20:40,,1,0.86,0,6.00,0.00,2.80,6-3.2,1,1910593803998121984,极兔快递,JT0016047496242,服饰,广东省,
凯泽智慧社区团寄快递_站点-凯泽智慧社区团寄快递,凯泽智慧社区团寄快递,凯泽智慧社区团寄快递,快递,2025-04-11 13:28:19,,1,0.39,0,6.00,0.00,2.80,6-3.2,1,1910565534754066432,极兔快递,JT0016046325681,服饰,广东省,
凯泽智慧社区团寄快递_站点-凯泽智慧社区团寄快递,凯泽智慧社区团寄快递,凯泽智慧社区团寄快递,快递,2025-04-11 12:37:55,,1,0.3,0,6.00,0.00,2.80,6-3.2,1,1910552846762168320,极兔快递,JT0016042803503,文件,陕西省,
凯泽智慧社区团寄快递_站点-凯泽智慧社区团寄快递,凯泽智慧社区团寄快递,凯泽智慧社区团寄快递,快递,2025-04-11 12:09:56,,1,0.49,0,6.00,0.00,2.80,6-3.2,1,1910545799362564096,极兔快递,JT0016043331825,服饰,湖南省,
凯泽智慧社区团寄快递_站点-凯泽智慧社区团寄快递,凯泽智慧社区团寄快递,凯泽智慧社区团寄快递,快递,2025-04-11 12:09:00,,1,0.3,0,6.00,0.00,2.80,6-3.2,1,1910545551881850880,极兔快递,JT0016043821268,服饰,江西省,
凯泽智慧社区团寄快递_站点-凯泽智慧社区团寄快递,凯泽智慧社区团寄快递,凯泽智慧社区团寄快递,快递,2025-04-11 12:08:02,,1,0.3,0,6.00,0.00,2.80,6-3.2,1,1910545329998974976,极兔快递,JT0016042947179,服饰,山东省,
凯泽智慧社区团寄快递_站点-凯泽智慧社区团寄快递,凯泽智慧社区团寄快递,凯泽智慧社区团寄快递,快递,2025-04-11 12:06:58,,1,0.3,0,6.00,0.00,2.80,6-3.2,1,1910545047927836672,极兔快递,JT0016043453091,服饰,山东省,
凯泽智慧社区团寄快递_站点-凯泽智慧社区团寄快递,凯泽智慧社区团寄快递,凯泽智慧社区团寄快递,快递,2025-04-11 10:53:07,,1,0.21,0,6.00,0.00,2.80,6-3.2,1,1910526473242857472,极兔快递,JT0016043481502,服饰,浙江省,
凯泽智慧社区团寄快递_站点-凯泽智慧社区团寄快递,凯泽智慧社区团寄快递,凯泽智慧社区团寄快递,快递,2025-04-11 10:45:13,,1,0.32,0,6.00,0.00,2.52,42% ,1,1910524485906124800,韵达快递,312707987031389,生活用品,内蒙古自治区,
凯泽智慧社区团寄快递_站点-凯泽智慧社区团寄快递,凯泽智慧社区团寄快递,凯泽智慧社区团寄快递,快递,2025-04-11 09:54:43,,1,0.2,0,6.00,0.00,2.80,6-3.2,1,1910511770256986112,极兔快递,JT0016043894028,生活用品,湖南省,
凯泽智慧社区团寄快递_站点-凯泽智慧社区团寄快递,凯泽智慧社区团寄快递,凯泽智慧社区团寄快递,快递,2025-04-11 09:53:31,,1,0.81,0,6.00,0.00,2.80,6-3.2,1,1910511475036704768,极兔快递,JT0016042570845,服饰,广东省,
凯泽智慧社区团寄快递_站点-凯泽智慧社区团寄快递,凯泽智慧社区团寄快递,凯泽智慧社区团寄快递,快递,2025-04-11 09:51:46,,1,0.23,0,6.00,0.00,2.80,6-3.2,1,1910511037088452608,极兔快递,JT0016039466249,生活用品,湖南省,
凯泽智慧社区团寄快递_站点-凯泽智慧社区团寄快递,凯泽智慧社区团寄快递,凯泽智慧社区团寄快递,快递,2025-04-11 09:50:13,,2,1.99,0,8.00,0.00,2.44,43%,1,1910510644019253248,极兔快递,JT0016041372462,生活用品,上海市,
凯泽智慧社区团寄快递_站点-凯泽智慧社区团寄快递,凯泽智慧社区团寄快递,凯泽智慧社区团寄快递,快递,2025-04-11 09:42:21,,1,0.56,0,6.00,0.00,2.80,6-3.2,1,1910508667000508416,极兔快递,JT0016041764621,服饰,江西省,
凯泽智慧社区团寄快递_站点-凯泽智慧社区团寄快递,凯泽智慧社区团寄快递,凯泽智慧社区团寄快递,快递,2025-04-11 09:41:19,,2,1.31,0,7.00,0.00,3.01,43% ,1,1910508405749895168,极兔快递,JT0016042896687,服饰,广东省,
凯泽智慧社区团寄快递_站点-凯泽智慧社区团寄快递,凯泽智慧社区团寄快递,凯泽智慧社区团寄快递,快递,2025-04-11 09:39:29,,1,0.57,0,6.00,0.00,2.80,6-3.2,1,1910507944695222272,极兔快递,JT0016034944744,服饰,广东省,
凯泽智慧社区团寄快递_站点-凯泽智慧社区团寄快递,凯泽智慧社区团寄快递,凯泽智慧社区团寄快递,快递,2025-04-10 21:12:46,,1,0.46,0,6.00,0.00,2.80,6-3.2,1,1910320026848514048,极兔快递,JT0016038076549,服饰,浙江省,
凯泽智慧社区团寄快递_站点-凯泽智慧社区团寄快递,凯泽智慧社区团寄快递,凯泽智慧社区团寄快递,快递,2025-04-10 21:11:21,,1,0.36,0,6.00,0.00,2.80,6-3.2,1,1910319668168413184,极兔快递,JT0016032832435,服饰,浙江省,
凯泽智慧社区团寄快递_站点-凯泽智慧社区团寄快递,凯泽智慧社区团寄快递,凯泽智慧社区团寄快递,快递,2025-04-10 21:09:53,,1,0.2,0,6.00,0.00,2.80,6-3.2,1,1910319301061955584,极兔快递,JT0016037420463,服饰,浙江省,
凯泽智慧社区团寄快递_站点-凯泽智慧社区团寄快递,凯泽智慧社区团寄快递,凯泽智慧社区团寄快递,快递,2025-04-10 21:08:31,,1,0.3,0,6.00,0.00,2.80,6-3.2,1,1910318959687553024,极兔快递,JT0016036502596,服饰,广东省,
凯泽智慧社区团寄快递_站点-凯泽智慧社区团寄快递,凯泽智慧社区团寄快递,凯泽智慧社区团寄快递,快递,2025-04-10 21:07:03,,1,0.21,0,6.00,0.00,2.80,6-3.2,1,1910318585886986240,极兔快递,JT0016040096163,服饰,广东省,
凯泽智慧社区团寄快递_站点-凯泽智慧社区团寄快递,凯泽智慧社区团寄快递,凯泽智慧社区团寄快递,快递,2025-04-10 21:05:22,,1,0.2,0,6.00,0.00,2.80,6-3.2,1,1910318163558322176,极兔快递,JT0016039556020,服饰,浙江省,
凯泽智慧社区团寄快递_站点-凯泽智慧社区团寄快递,凯泽智慧社区团寄快递,凯泽智慧社区团寄快递,快递,2025-04-10 21:03:49,,1,0.3,0,6.00,0.00,2.80,6-3.2,1,1910317775148994560,极兔快递,JT0016040090975,服饰,浙江省,
凯泽智慧社区团寄快递_站点-凯泽智慧社区团寄快递,凯泽智慧社区团寄快递,凯泽智慧社区团寄快递,快递,2025-04-10 20:59:21,,1,0.29,0,7.00,0.00,2.80,6-3.2,1,1910316653881511936,极兔快递,JT0016038397520,服饰,上海市,
凯泽智慧社区团寄快递_站点-凯泽智慧社区团寄快递,凯泽智慧社区团寄快递,凯泽智慧社区团寄快递,快递,2025-04-10 20:57:54,,1,0.29,0,6.00,0.00,2.80,6-3.2,1,1910316285516763136,极兔快递,JT0016038847625,服饰,浙江省,
凯泽智慧社区团寄快递_站点-凯泽智慧社区团寄快递,凯泽智慧社区团寄快递,凯泽智慧社区团寄快递,快递,2025-04-10 20:56:16,,1,0.45,0,6.00,0.00,2.80,6-3.2,1,1910315865935368192,极兔快递,JT0016025844317,生活用品,广东省,
凯泽智慧社区团寄快递_站点-凯泽智慧社区团寄快递,凯泽智慧社区团寄快递,凯泽智慧社区团寄快递,快递,2025-04-10 20:55:35,,1,0.25,0,6.00,0.00,2.80,6-3.2,1,1910315684703686656,极兔快递,JT0016027230150,服饰,浙江省,
凯泽智慧社区团寄快递_站点-凯泽智慧社区团寄快递,凯泽智慧社区团寄快递,凯泽智慧社区团寄快递,快递,2025-04-10 20:54:52,,1,0.2,0,6.00,0.00,2.80,6-3.2,1,1910315523067793408,极兔快递,JT0016038671726,生活用品,广东省,
凯泽智慧社区团寄快递_站点-凯泽智慧社区团寄快递,凯泽智慧社区团寄快递,凯泽智慧社区团寄快递,快递,2025-04-10 20:53:46,,1,0.55,0,7.00,0.00,2.80,6-3.2,1,1910315243760701440,极兔快递,JT0016025708209,服饰,上海市,
凯泽智慧社区团寄快递_站点-凯泽智慧社区团寄快递,凯泽智慧社区团寄快递,凯泽智慧社区团寄快递,快递,2025-04-10 19:25:32,,2,1.98,0,7.00,0.00,3.01,43% ,1,1910293017548214272,极兔快递,JT0016037829354,生活用品,陕西省,
凯泽智慧社区团寄快递_站点-凯泽智慧社区团寄快递,凯泽智慧社区团寄快递,凯泽智慧社区团寄快递,快递,2025-04-10 18:10:44,,1,0.47,0,6.00,0.00,2.80,6-3.2,1,1910274218736406528,极兔快递,JT0016037200563,服饰,河北省,
凯泽智慧社区团寄快递_站点-凯泽智慧社区团寄快递,凯泽智慧社区团寄快递,凯泽智慧社区团寄快递,快递,2025-04-10 17:57:35,2025-04-10 09:57:54,1,,,9.00,,0.00,,1,1910270903340421120,京东快递,,生活用品,陕西省,已全额退款
凯泽智慧社区团寄快递_站点-凯泽智慧社区团寄快递,凯泽智慧社区团寄快递,凯泽智慧社区团寄快递,快递,2025-04-10 17:23:17,,1,0.2,0,6.00,0.00,2.80,6-3.2,1,1910262278618271744,极兔快递,JT0016035946197,服饰,江苏省,
凯泽智慧社区团寄快递_站点-凯泽智慧社区团寄快递,凯泽智慧社区团寄快递,凯泽智慧社区团寄快递,快递,2025-04-10 17:21:22,,1,0.32,0,6.00,0.00,2.80,6-3.2,1,1910261793123389440,极兔快递,JT0016036436641,服饰,江苏省,
凯泽智慧社区团寄快递_站点-凯泽智慧社区团寄快递,凯泽智慧社区团寄快递,凯泽智慧社区团寄快递,快递,2025-04-10 17:15:57,,1,0.51,0,6.00,0.00,2.80,6-3.2,1,1910260393438007296,极兔快递,JT0016033699325,服饰,江苏省,
凯泽智慧社区团寄快递_站点-凯泽智慧社区团寄快递,凯泽智慧社区团寄快递,凯泽智慧社区团寄快递,快递,2025-04-10 17:14:35,,1,0.58,0,6.00,0.00,2.80,6-3.2,1,1910260084699484160,极兔快递,JT0016031331081,服饰,江苏省,
凯泽智慧社区团寄快递_站点-凯泽智慧社区团寄快递,凯泽智慧社区团寄快递,凯泽智慧社区团寄快递,快递,2025-04-10 17:12:41,,1,0.2,0,6.00,0.00,2.80,6-3.2,1,1910259605718355968,极兔快递,JT0016035582127,服饰,河南省,
凯泽智慧社区团寄快递_站点-凯泽智慧社区团寄快递,凯泽智慧社区团寄快递,凯泽智慧社区团寄快递,快递,2025-04-10 16:43:56,,1,0.29,0,6.00,0.00,2.80,6-3.2,1,1910252369914810368,极兔快递,JT0016034694753,服饰,河南省,
凯泽智慧社区团寄快递_站点-凯泽智慧社区团寄快递,凯泽智慧社区团寄快递,凯泽智慧社区团寄快递,快递,2025-04-10 16:41:40,,3,2.27,0,8.00,0.00,3.60,45% ,1,1910251797182599168,极兔快递,JT0016031124101,服饰,陕西省,
凯泽智慧社区团寄快递_站点-凯泽智慧社区团寄快递,凯泽智慧社区团寄快递,凯泽智慧社区团寄快递,快递,2025-04-10 16:12:18,,1,0.36,0,6.00,0.00,2.80,6-3.2,1,1910244414846849024,极兔快递,JT0016036103183,服饰,江苏省,
凯泽智慧社区团寄快递_站点-凯泽智慧社区团寄快递,凯泽智慧社区团寄快递,凯泽智慧社区团寄快递,快递,2025-04-10 15:53:18,,1,0.22,0,6.00,0.00,2.80,6-3.2,1,1910239629452169216,极兔快递,JT0016029751701,服饰,浙江省,
凯泽智慧社区团寄快递_站点-凯泽智慧社区团寄快递,凯泽智慧社区团寄快递,凯泽智慧社区团寄快递,快递,2025-04-10 15:51:36,,1,0.24,0,6.00,0.00,2.80,6-3.2,1,1910239202207780864,极兔快递,JT0016031179067,服饰,湖北省,
凯泽智慧社区团寄快递_站点-凯泽智慧社区团寄快递,凯泽智慧社区团寄快递,凯泽智慧社区团寄快递,快递,2025-04-10 15:48:29,,1,0.27,0,6.00,0.00,2.80,6-3.2,1,1910238419970084864,极兔快递,JT0016034808142,服饰,广东省,
凯泽智慧社区团寄快递_站点-凯泽智慧社区团寄快递,凯泽智慧社区团寄快递,凯泽智慧社区团寄快递,快递,2025-04-10 15:46:42,,1,0.22,0,6.00,0.00,2.80,6-3.2,1,1910237970583965696,极兔快递,JT0016033406759,服饰,河北省,
凯泽智慧社区团寄快递_站点-凯泽智慧社区团寄快递,凯泽智慧社区团寄快递,凯泽智慧社区团寄快递,快递,2025-04-10 15:44:31,,1,0.28,0,6.00,0.00,2.80,6-3.2,1,1910237420224172032,极兔快递,JT0016034192405,服饰,广东省,
凯泽智慧社区团寄快递_站点-凯泽智慧社区团寄快递,凯泽智慧社区团寄快递,凯泽智慧社区团寄快递,快递,2025-04-10 15:43:14,,1.5,1.43,0,7.00,0.00,3.01,43% ,1,1910237094830067712,极兔快递,JT0016031263472,服饰,四川省,
凯泽智慧社区团寄快递_站点-凯泽智慧社区团寄快递,凯泽智慧社区团寄快递,凯泽智慧社区团寄快递,快递,2025-04-10 15:05:04,,2,1.01,0,7.00,0.00,3.01,43% ,1,1910227491337719808,极兔快递,JT0016031729638,服饰,福建省,
凯泽智慧社区团寄快递_站点-凯泽智慧社区团寄快递,凯泽智慧社区团寄快递,凯泽智慧社区团寄快递,快递,2025-04-10 15:04:20,,1,0.2,0,6.00,0.00,2.80,6-3.2,1,1910227307677536256,极兔快递,JT0016031956598,生活用品,浙江省,
凯泽智慧社区团寄快递_站点-凯泽智慧社区团寄快递,凯泽智慧社区团寄快递,凯泽智慧社区团寄快递,快递,2025-04-10 15:02:44,,1,0.2,0,6.00,0.00,2.80,6-3.2,1,1910226896191148032,极兔快递,JT0016033182143,生活用品,广东省,
凯泽智慧社区团寄快递_站点-凯泽智慧社区团寄快递,凯泽智慧社区团寄快递,凯泽智慧社区团寄快递,快递,2025-04-10 14:46:47,,1,0.2,0,6.00,0.00,2.80,6-3.2,1,1910222881097175040,极兔快递,JT0016033523736,服饰,浙江省,
凯泽智慧社区团寄快递_站点-凯泽智慧社区团寄快递,凯泽智慧社区团寄快递,凯泽智慧社区团寄快递,快递,2025-04-10 14:08:25,,2,1.6,0,7.00,0.00,3.01,43% ,1,1910213233740795904,极兔快递,JT0016032492679,生活用品,广东省,
凯泽智慧社区团寄快递_站点-凯泽智慧社区团寄快递,凯泽智慧社区团寄快递,凯泽智慧社区团寄快递,快递,2025-04-10 13:52:27,,1,0.2,0,6.00,0.00,2.80,6-3.2,1,1910209217594052608,极兔快递,JT0016030840338,服饰,浙江省,
凯泽智慧社区团寄快递_站点-凯泽智慧社区团寄快递,凯泽智慧社区团寄快递,凯泽智慧社区团寄快递,快递,2025-04-10 13:39:27,,1,,,18.00,,0.00,0%,1,1910205948016644096,顺丰速运,SF3160782372271,文件,上海市,
凯泽智慧社区团寄快递_站点-凯泽智慧社区团寄快递,凯泽智慧社区团寄快递,凯泽智慧社区团寄快递,快递,2025-04-10 13:18:59,,1,0.2,0,6.00,0.00,2.80,6-3.2,1,1910200788943032320,极兔快递,JT0016031884655,服饰,湖南省,
凯泽智慧社区团寄快递_站点-凯泽智慧社区团寄快递,凯泽智慧社区团寄快递,凯泽智慧社区团寄快递,快递,2025-04-10 13:16:09,,1,0.29,0,7.00,0.00,2.80,6-3.2,1,1910200081414279168,极兔快递,JT0016015905188,服饰,上海市,
凯泽智慧社区团寄快递_站点-凯泽智慧社区团寄快递,凯泽智慧社区团寄快递,凯泽智慧社区团寄快递,快递,2025-04-10 12:56:39,,1,0.45,0,6.00,0.00,2.80,6-3.2,1,1910195172128247808,极兔快递,JT0016013724177,服饰,福建省,
凯泽智慧社区团寄快递_站点-凯泽智慧社区团寄快递,凯泽智慧社区团寄快递,凯泽智慧社区团寄快递,快递,2025-04-10 12:56:00,,1,0.33,0,6.00,0.00,2.80,6-3.2,1,1910195014829264896,极兔快递,JT0016031936102,服饰,辽宁省,
凯泽智慧社区团寄快递_站点-凯泽智慧社区团寄快递,凯泽智慧社区团寄快递,凯泽智慧社区团寄快递,快递,2025-04-10 12:51:06,,1,0.2,0,6.00,0.00,2.80,6-3.2,1,1910193771453009920,极兔快递,JT0016029634102,生活用品,广东省,
凯泽智慧社区团寄快递_站点-凯泽智慧社区团寄快递,凯泽智慧社区团寄快递,凯泽智慧社区团寄快递,快递,2025-04-10 12:10:21,,1,0.22,0,6.00,0.00,2.80,6-3.2,1,1910183525632364544,极兔快递,JT0016029920807,服饰,湖南省,
凯泽智慧社区团寄快递_站点-凯泽智慧社区团寄快递,凯泽智慧社区团寄快递,凯泽智慧社区团寄快递,快递,2025-04-10 11:58:27,,1,0.28,0,7.00,0.00,2.80,6-3.2,1,1910180506828197888,极兔快递,JT0016029808075,服饰,北京市,
凯泽智慧社区团寄快递_站点-凯泽智慧社区团寄快递,凯泽智慧社区团寄快递,凯泽智慧社区团寄快递,快递,2025-04-10 10:19:50,,1,0.27,0,6.00,0.00,2.80,6-3.2,1,1910155707208880128,极兔快递,JT0016027040053,服饰,广东省,
凯泽智慧社区团寄快递_站点-凯泽智慧社区团寄快递,凯泽智慧社区团寄快递,凯泽智慧社区团寄快递,快递,2025-04-10 09:47:00,,1,0.63,0,6.00,0.00,2.80,6-3.2,1,1910147442089578496,极兔快递,JT0016027482601,服饰,浙江省,
凯泽智慧社区团寄快递_站点-凯泽智慧社区团寄快递,凯泽智慧社区团寄快递,凯泽智慧社区团寄快递,快递,2025-04-10 09:46:28,,1,0.22,0,6.00,0.00,2.80,6-3.2,1,1910147302054350848,极兔快递,JT0016025833901,服饰,浙江省,
凯泽智慧社区团寄快递_站点-凯泽智慧社区团寄快递,凯泽智慧社区团寄快递,凯泽智慧社区团寄快递,快递,2025-04-10 09:45:32,,1,0.73,0,6.00,0.00,2.80,6-3.2,1,1910147072026136576,极兔快递,JT0016024430575,服饰,湖北省,
凯泽智慧社区团寄快递_站点-凯泽智慧社区团寄快递,凯泽智慧社区团寄快递,凯泽智慧社区团寄快递,快递,2025-04-10 09:44:31,,1,0.28,0,6.00,0.00,2.80,6-3.2,1,1910146824251822080,极兔快递,JT0016025325936,服饰,湖北省,
凯泽智慧社区团寄快递_站点-凯泽智慧社区团寄快递,凯泽智慧社区团寄快递,凯泽智慧社区团寄快递,快递,2025-04-10 09:16:05,,1,0.32,0,7.00,0.00,2.80,6-3.2,1,1910139665992568832,极兔快递,JT0016016425441,服饰,北京市,
凯泽智慧社区团寄快递_站点-凯泽智慧社区团寄快递,凯泽智慧社区团寄快递,凯泽智慧社区团寄快递,快递,2025-04-10 09:15:17,,1,0.65,0,6.00,0.00,2.80,6-3.2,1,1910139457166561280,极兔快递,JT0016016594159,服饰,江苏省,
凯泽智慧社区团寄快递_站点-凯泽智慧社区团寄快递,凯泽智慧社区团寄快递,凯泽智慧社区团寄快递,快递,2025-04-10 09:14:38,,1,0.62,0,6.00,0.00,2.80,6-3.2,1,1910139305278230528,极兔快递,JT0016026251362,服饰,福建省,
凯泽智慧社区团寄快递_站点-凯泽智慧社区团寄快递,凯泽智慧社区团寄快递,凯泽智慧社区团寄快递,快递,2025-04-10 09:10:46,,1,0.36,0,6.00,0.00,2.80,6-3.2,1,1910138322846404608,极兔快递,JT0016025359829,服饰,浙江省,
凯泽智慧社区团寄快递_站点-凯泽智慧社区团寄快递,凯泽智慧社区团寄快递,凯泽智慧社区团寄快递,快递,2025-04-10 09:09:53,,1,0.37,0,6.00,0.00,2.80,6-3.2,1,1910138097570336768,极兔快递,JT0016022599854,服饰,江苏省,
凯泽智慧社区团寄快递_站点-凯泽智慧社区团寄快递,凯泽智慧社区团寄快递,凯泽智慧社区团寄快递,快递,2025-04-10 09:09:18,,1,0.2,0,6.00,0.00,2.80,6-3.2,1,1910137953315639296,极兔快递,JT0016024198365,服饰,广东省,
凯泽智慧社区团寄快递_站点-凯泽智慧社区团寄快递,凯泽智慧社区团寄快递,凯泽智慧社区团寄快递,快递,2025-04-10 09:08:37,,1,0.45,0,6.00,0.00,2.80,6-3.2,1,1910137787896483840,极兔快递,JT0016025900899,服饰,广东省,
凯泽智慧社区团寄快递_站点-凯泽智慧社区团寄快递,凯泽智慧社区团寄快递,凯泽智慧社区团寄快递,快递,2025-04-10 09:07:56,,2,1.14,0,7.00,0.00,3.01,43% ,1,1910137615820967936,极兔快递,JT0016026719910,服饰,河北省,
凯泽智慧社区团寄快递_站点-凯泽智慧社区团寄快递,凯泽智慧社区团寄快递,凯泽智慧社区团寄快递,快递,2025-04-10 09:00:32,,1,0.54,0,6.00,0.00,2.80,6-3.2,1,1910135745614368768,极兔快递,JT0016024539692,服饰,广东省,
凯泽智慧社区团寄快递_站点-凯泽智慧社区团寄快递,凯泽智慧社区团寄快递,凯泽智慧社区团寄快递,快递,2025-04-10 08:59:27,,1,0.49,0,6.00,0.00,2.80,6-3.2,1,1910135475304058880,极兔快递,JT0016024961705,生活用品,湖北省,
凯泽智慧社区团寄快递_站点-凯泽智慧社区团寄快递,凯泽智慧社区团寄快递,凯泽智慧社区团寄快递,干洗,2025-04-09 21:48:13,,,,,98.00,,29.40,30%,,1909966557377646592,干洗,,"清洗普通羽绒服2件不分长短49元   *   1
清洗普通羽绒服2件不分长短49元   *   1
清洗普通羽绒服2件不分长短49元   *   1
清洗普通羽绒服2件不分长短49元   *   1",,
凯泽智慧社区团寄快递_站点-凯泽智慧社区团寄快递,凯泽智慧社区团寄快递,凯泽智慧社区团寄快递,快递,2025-04-09 20:52:42,,1,0.2,0,6.00,0.00,2.80,6-3.2,1,1909952578840350720,极兔快递,JT0016007952570,生活用品,湖南省,
凯泽智慧社区团寄快递_站点-凯泽智慧社区团寄快递,凯泽智慧社区团寄快递,凯泽智慧社区团寄快递,快递,2025-04-09 20:51:44,,1,0.2,0,6.00,0.00,2.80,6-3.2,1,1909952333339348992,极兔快递,JT0016019663806,服饰,广东省,
凯泽智慧社区团寄快递_站点-凯泽智慧社区团寄快递,凯泽智慧社区团寄快递,凯泽智慧社区团寄快递,快递,2025-04-09 20:50:43,,2,1.92,0,7.00,0.00,3.01,43% ,1,1909952085892190208,极兔快递,JT0016024022082,食品,黑龙江省,
凯泽智慧社区团寄快递_站点-凯泽智慧社区团寄快递,凯泽智慧社区团寄快递,凯泽智慧社区团寄快递,快递,2025-04-09 19:48:06,,1,0.9,0,6.00,0.00,2.80,6-3.2,1,1909936299731505152,极兔快递,JT0016020004922,服饰,广东省,
凯泽智慧社区团寄快递_站点-凯泽智慧社区团寄快递,凯泽智慧社区团寄快递,凯泽智慧社区团寄快递,快递,2025-04-09 19:46:30,,1,0.81,0,6.00,0.00,2.80,6-3.2,1,1909935930196545536,极兔快递,JT0016012590769,服饰,江苏省,
凯泽智慧社区团寄快递_站点-凯泽智慧社区团寄快递,凯泽智慧社区团寄快递,凯泽智慧社区团寄快递,快递,2025-04-09 19:28:57,,1,0.2,0,6.00,0.00,2.80,6-3.2,1,1909931513783177216,极兔快递,JT0016022846232,服饰,吉林省,
凯泽智慧社区团寄快递_站点-凯泽智慧社区团寄快递,凯泽智慧社区团寄快递,凯泽智慧社区团寄快递,快递,2025-04-09 19:27:53,,1,0.25,0,6.00,0.00,2.80,6-3.2,1,1909931244236230656,极兔快递,JT0016014685751,服饰,天津市,
凯泽智慧社区团寄快递_站点-凯泽智慧社区团寄快递,凯泽智慧社区团寄快递,凯泽智慧社区团寄快递,快递,2025-04-09 19:10:36,,1,0.57,0,6.00,0.00,2.52,42% ,1,1909926746595971072,韵达快递,312706590592192,生活用品,内蒙古自治区,
凯泽智慧社区团寄快递_站点-凯泽智慧社区团寄快递,凯泽智慧社区团寄快递,凯泽智慧社区团寄快递,快递,2025-04-09 17:59:30,,2,1.17,0,7.00,0.00,3.01,43% ,1,1909909001137348608,极兔快递,JT0016019513857,服饰,广东省,
凯泽智慧社区团寄快递_站点-凯泽智慧社区团寄快递,凯泽智慧社区团寄快递,凯泽智慧社区团寄快递,快递,2025-04-09 17:57:16,,1,0.3,0,6.00,0.00,2.80,6-3.2,1,1909908376563539968,极兔快递,JT0016016961833,生活用品,湖南省,
凯泽智慧社区团寄快递_站点-凯泽智慧社区团寄快递,凯泽智慧社区团寄快递,凯泽智慧社区团寄快递,快递,2025-04-09 17:50:58,,1,0.28,0,6.00,0.00,2.80,6-3.2,1,1909906853058109440,极兔快递,JT0016019593599,服饰,浙江省,
凯泽智慧社区团寄快递_站点-凯泽智慧社区团寄快递,凯泽智慧社区团寄快递,凯泽智慧社区团寄快递,快递,2025-04-09 17:44:02,,1,0.77,0,6.00,0.00,2.80,6-3.2,1,1909905110811209728,极兔快递,JT0016020906082,服饰,广东省,
凯泽智慧社区团寄快递_站点-凯泽智慧社区团寄快递,凯泽智慧社区团寄快递,凯泽智慧社区团寄快递,快递,2025-04-09 17:42:52,,1,0.39,0,6.00,0.00,2.80,6-3.2,1,1909904819827175424,极兔快递,JT0016021259775,服饰,广东省,
凯泽智慧社区团寄快递_站点-凯泽智慧社区团寄快递,凯泽智慧社区团寄快递,凯泽智慧社区团寄快递,快递,2025-04-09 17:41:02,,1,0.65,0,6.00,0.00,2.80,6-3.2,1,1909904342435688448,极兔快递,JT0016021030124,服饰,广东省,
凯泽智慧社区团寄快递_站点-凯泽智慧社区团寄快递,凯泽智慧社区团寄快递,凯泽智慧社区团寄快递,干洗,2025-04-09 17:36:51,,,,,29.50,,8.85,30%,,1909903300001464320,干洗,,"清洗毛呢2件59元   *   1",,
凯泽智慧社区团寄快递_站点-凯泽智慧社区团寄快递,凯泽智慧社区团寄快递,凯泽智慧社区团寄快递,快递,2025-04-09 16:58:28,,1,0.48,0,6.00,0.00,2.80,6-3.2,1,1909893641698078720,极兔快递,JT0016019879159,服饰,湖北省,
凯泽智慧社区团寄快递_站点-凯泽智慧社区团寄快递,凯泽智慧社区团寄快递,凯泽智慧社区团寄快递,快递,2025-04-09 16:56:35,,1,0.57,0,6.00,0.00,2.80,6-3.2,1,1909893168803266560,极兔快递,JT0016019805728,服饰,湖北省,
凯泽智慧社区团寄快递_站点-凯泽智慧社区团寄快递,凯泽智慧社区团寄快递,凯泽智慧社区团寄快递,快递,2025-04-09 16:55:38,,2,1.44,0,7.00,0.00,3.01,43% ,1,1909892925974036480,极兔快递,JT0016020637398,生活用品,山东省,
凯泽智慧社区团寄快递_站点-凯泽智慧社区团寄快递,凯泽智慧社区团寄快递,凯泽智慧社区团寄快递,快递,2025-04-09 16:38:03,,1,0.95,0,6.00,0.00,2.80,6-3.2,1,1909888506729512960,极兔快递,JT0016017599171,服饰,江西省,
凯泽智慧社区团寄快递_站点-凯泽智慧社区团寄快递,凯泽智慧社区团寄快递,凯泽智慧社区团寄快递,快递,2025-04-09 16:31:31,,1.2,1.14,0,7.00,0.00,3.01,43% ,1,1909886859487920128,极兔快递,JT0016013847108,服饰,湖北省,
凯泽智慧社区团寄快递_站点-凯泽智慧社区团寄快递,凯泽智慧社区团寄快递,凯泽智慧社区团寄快递,干洗,2025-04-09 15:10:08,,,,,36.00,,10.80,30%,,1909866365873737728,干洗,,"羽绒马甲_儿童羽绒服   *   1
羽绒马甲_儿童羽绒服   *   1",,
凯泽智慧社区团寄快递_站点-凯泽智慧社区团寄快递,凯泽智慧社区团寄快递,凯泽智慧社区团寄快递,快递,2025-04-09 14:49:47,,1,0.2,0,6.00,0.00,2.80,6-3.2,1,1909861239897378816,极兔快递,JT0016018570117,服饰,广东省,
凯泽智慧社区团寄快递_站点-凯泽智慧社区团寄快递,凯泽智慧社区团寄快递,凯泽智慧社区团寄快递,快递,2025-04-09 14:49:07,,1,0.39,0,6.00,0.00,2.80,6-3.2,1,1909861089204424704,极兔快递,JT0016018929531,服饰,浙江省,
凯泽智慧社区团寄快递_站点-凯泽智慧社区团寄快递,凯泽智慧社区团寄快递,凯泽智慧社区团寄快递,快递,2025-04-09 14:34:17,,1,0.35,0,6.00,0.00,2.80,6-3.2,1,1909857336610967552,极兔快递,JT0016016432139,服饰,广东省,
凯泽智慧社区团寄快递_站点-凯泽智慧社区团寄快递,凯泽智慧社区团寄快递,凯泽智慧社区团寄快递,快递,2025-04-09 14:33:30,,1,0.49,0,6.00,0.00,2.80,6-3.2,1,1909857159921717248,极兔快递,JT0016015570340,服饰,福建省,
凯泽智慧社区团寄快递_站点-凯泽智慧社区团寄快递,凯泽智慧社区团寄快递,凯泽智慧社区团寄快递,快递,2025-04-09 14:31:42,,1,0.68,0,6.00,0.00,2.80,6-3.2,1,1909856707138211840,极兔快递,JT0016010360496,服饰,广东省,
凯泽智慧社区团寄快递_站点-凯泽智慧社区团寄快递,凯泽智慧社区团寄快递,凯泽智慧社区团寄快递,快递,2025-04-09 14:30:33,,1,0.42,0,6.00,0.00,2.80,6-3.2,1,1909856414430318592,极兔快递,JT0016017963364,服饰,浙江省,
凯泽智慧社区团寄快递_站点-凯泽智慧社区团寄快递,凯泽智慧社区团寄快递,凯泽智慧社区团寄快递,快递,2025-04-09 12:28:33,,1,0.26,0,6.00,0.00,2.80,6-3.2,1,1909825716910739456,极兔快递,JT0016015693893,服饰,四川省,
凯泽智慧社区团寄快递_站点-凯泽智慧社区团寄快递,凯泽智慧社区团寄快递,凯泽智慧社区团寄快递,快递,2025-04-09 12:07:19,,1,0.48,0,6.00,0.00,2.80,6-3.2,1,1909820326525456384,极兔快递,JT0016014767345,服饰,山东省,
凯泽智慧社区团寄快递_站点-凯泽智慧社区团寄快递,凯泽智慧社区团寄快递,凯泽智慧社区团寄快递,快递,2025-04-09 11:13:29,,1,0.61,0,6.00,0.00,2.80,6-3.2,1,1909806826096873472,极兔快递,JT0016014494583,服饰,福建省,
凯泽智慧社区团寄快递_站点-凯泽智慧社区团寄快递,凯泽智慧社区团寄快递,凯泽智慧社区团寄快递,快递,2025-04-09 11:05:08,,2,1.36,0,7.00,0.00,3.01,43% ,1,1909804714646491136,极兔快递,JT0016006407519,服饰,浙江省,
凯泽智慧社区团寄快递_站点-凯泽智慧社区团寄快递,凯泽智慧社区团寄快递,凯泽智慧社区团寄快递,快递,2025-04-09 10:41:47,,1,0.73,0,6.00,0.00,2.80,6-3.2,1,1909798845246525440,极兔快递,JT0016012897236,服饰,河北省,
凯泽智慧社区团寄快递_站点-凯泽智慧社区团寄快递,凯泽智慧社区团寄快递,凯泽智慧社区团寄快递,快递,2025-04-09 10:32:43,,5,5.05,-1,12.50,4.50,5.00,40% ,1,1909796565017350144,极兔快递,JT0016012854035,服饰,广东省,
凯泽智慧社区团寄快递_站点-凯泽智慧社区团寄快递,凯泽智慧社区团寄快递,凯泽智慧社区团寄快递,快递,2025-04-09 09:52:18,,1,0.39,0,6.00,0.00,2.80,6-3.2,1,1909786386557227008,极兔快递,JT0016011186999,服饰,陕西省,
凯泽智慧社区团寄快递_站点-凯泽智慧社区团寄快递,凯泽智慧社区团寄快递,凯泽智慧社区团寄快递,快递,2025-04-09 09:48:10,,1,0.2,0,6.00,0.00,2.80,6-3.2,1,1909785352036339712,极兔快递,JT0016005662357,服饰,陕西省,
凯泽智慧社区团寄快递_站点-凯泽智慧社区团寄快递,凯泽智慧社区团寄快递,凯泽智慧社区团寄快递,快递,2025-04-09 09:47:21,,1,0.25,0,7.00,0.00,2.80,6-3.2,1,1909785149837332480,极兔快递,JT0016012051120,服饰,上海市,
凯泽智慧社区团寄快递_站点-凯泽智慧社区团寄快递,凯泽智慧社区团寄快递,凯泽智慧社区团寄快递,快递,2025-04-09 09:46:13,,1,0.2,0,6.00,0.00,2.80,6-3.2,1,1909784851878170624,极兔快递,JT0016005630978,服饰,安徽省,
凯泽智慧社区团寄快递_站点-凯泽智慧社区团寄快递,凯泽智慧社区团寄快递,凯泽智慧社区团寄快递,快递,2025-04-09 09:22:43,,1,0.2,0,6.00,0.00,2.80,6-3.2,1,1909778945039847424,极兔快递,JT0016011378572,服饰,浙江省,
凯泽智慧社区团寄快递_站点-凯泽智慧社区团寄快递,凯泽智慧社区团寄快递,凯泽智慧社区团寄快递,快递,2025-04-08 21:50:15,,1,0.25,0,6.00,0.00,2.80,6-3.2,1,1909604681636564992,极兔快递,JT0016010125377,服饰,广东省,
凯泽智慧社区团寄快递_站点-凯泽智慧社区团寄快递,凯泽智慧社区团寄快递,凯泽智慧社区团寄快递,快递,2025-04-08 21:48:50,,1,0.52,0,6.00,0.00,2.80,6-3.2,1,1909604321404571648,极兔快递,JT0016008372967,服饰,江苏省,
凯泽智慧社区团寄快递_站点-凯泽智慧社区团寄快递,凯泽智慧社区团寄快递,凯泽智慧社区团寄快递,快递,2025-04-08 20:55:44,,6,5.42,0,15.00,4.50,6.00,40% ,1,1909590924239753216,极兔快递,JT0015996301792,生活用品,湖北省,
凯泽智慧社区团寄快递_站点-凯泽智慧社区团寄快递,凯泽智慧社区团寄快递,凯泽智慧社区团寄快递,快递,2025-04-08 20:47:11,,1,0.75,0,6.00,0.00,2.80,6-3.2,1,1909588805604528128,极兔快递,JT0016007139335,服饰,浙江省,
凯泽智慧社区团寄快递_站点-凯泽智慧社区团寄快递,凯泽智慧社区团寄快递,凯泽智慧社区团寄快递,快递,2025-04-08 20:39:17,,1,0.27,0,6.00,0.00,2.80,6-3.2,1,1909586822269161472,极兔快递,JT0016005882163,服饰,福建省,
凯泽智慧社区团寄快递_站点-凯泽智慧社区团寄快递,凯泽智慧社区团寄快递,凯泽智慧社区团寄快递,快递,2025-04-08 20:18:11,,1,0.68,0,6.00,0.00,2.80,6-3.2,1,1909581513446313984,极兔快递,JT0016008194903,服饰,山东省,
凯泽智慧社区团寄快递_站点-凯泽智慧社区团寄快递,凯泽智慧社区团寄快递,凯泽智慧社区团寄快递,快递,2025-04-08 19:46:00,,1,0.79,0,6.00,0.00,2.80,6-3.2,1,1909573414547279872,极兔快递,JT0016008051620,服饰,浙江省,
凯泽智慧社区团寄快递_站点-凯泽智慧社区团寄快递,凯泽智慧社区团寄快递,凯泽智慧社区团寄快递,快递,2025-04-08 19:15:21,,5,6.7,-2,12.50,6.00,5.00,40% ,1,1909565701138337792,极兔快递,JT0016006790901,生活用品,广东省,
凯泽智慧社区团寄快递_站点-凯泽智慧社区团寄快递,凯泽智慧社区团寄快递,凯泽智慧社区团寄快递,快递,2025-04-08 18:16:21,,4,4.52,-1,10.00,3.00,4.00,40% ,1,1909550848499699712,极兔快递,JT0016006595020,生活用品,广东省,
凯泽智慧社区团寄快递_站点-凯泽智慧社区团寄快递,凯泽智慧社区团寄快递,凯泽智慧社区团寄快递,快递,2025-04-08 18:09:04,,2,1.59,0,7.00,0.00,3.01,43% ,1,1909549019149815808,极兔快递,JT0016006616353,生活用品,广东省,
凯泽智慧社区团寄快递_站点-凯泽智慧社区团寄快递,凯泽智慧社区团寄快递,凯泽智慧社区团寄快递,快递,2025-04-08 17:50:15,,1,0.34,0,6.00,0.00,2.80,6-3.2,1,1909544285051473920,极兔快递,JT0016001674290,服饰,四川省,
凯泽智慧社区团寄快递_站点-凯泽智慧社区团寄快递,凯泽智慧社区团寄快递,凯泽智慧社区团寄快递,快递,2025-04-08 17:48:25,,1,0.76,0,6.00,0.00,2.80,6-3.2,1,1909543824638529536,极兔快递,JT0016006006536,服饰,广东省,
凯泽智慧社区团寄快递_站点-凯泽智慧社区团寄快递,凯泽智慧社区团寄快递,凯泽智慧社区团寄快递,快递,2025-04-08 17:46:24,,1,0.79,0,6.00,0.00,2.80,6-3.2,1,1909543316154667008,极兔快递,JT0016005895383,服饰,浙江省,
凯泽智慧社区团寄快递_站点-凯泽智慧社区团寄快递,凯泽智慧社区团寄快递,凯泽智慧社区团寄快递,快递,2025-04-08 17:44:52,,1,0.37,0,6.00,0.00,2.80,6-3.2,1,1909542928957493248,极兔快递,JT0016000209369,服饰,湖北省,
凯泽智慧社区团寄快递_站点-凯泽智慧社区团寄快递,凯泽智慧社区团寄快递,凯泽智慧社区团寄快递,快递,2025-04-08 17:33:48,,1,0.34,0,6.00,0.00,2.80,6-3.2,1,1909540142484213760,极兔快递,JT0016005332024,生活用品,江西省,
凯泽智慧社区团寄快递_站点-凯泽智慧社区团寄快递,凯泽智慧社区团寄快递,凯泽智慧社区团寄快递,快递,2025-04-08 16:50:37,,1,0.24,0,6.00,0.00,2.80,6-3.2,1,1909529277005484032,极兔快递,JT0016003564439,服饰,湖北省,
凯泽智慧社区团寄快递_站点-凯泽智慧社区团寄快递,凯泽智慧社区团寄快递,凯泽智慧社区团寄快递,快递,2025-04-08 16:46:34,,1,0.45,0,6.00,0.00,2.80,6-3.2,1,1909528253423341568,极兔快递,JT0016004555832,生活用品,浙江省,
凯泽智慧社区团寄快递_站点-凯泽智慧社区团寄快递,凯泽智慧社区团寄快递,凯泽智慧社区团寄快递,快递,2025-04-08 16:36:19,,1,0.52,0,6.00,0.00,2.80,6-3.2,1,1909525670977785856,极兔快递,JT0016000598883,服饰,广东省,
凯泽智慧社区团寄快递_站点-凯泽智慧社区团寄快递,凯泽智慧社区团寄快递,凯泽智慧社区团寄快递,快递,2025-04-08 16:34:57,,1,0.2,0,6.00,0.00,2.80,6-3.2,1,1909525337257988096,极兔快递,JT0016005734690,服饰,广东省,
凯泽智慧社区团寄快递_站点-凯泽智慧社区团寄快递,凯泽智慧社区团寄快递,凯泽智慧社区团寄快递,快递,2025-04-08 16:33:44,,2,1.25,0,7.00,0.00,3.01,43% ,1,1909525029438017536,极兔快递,JT0015996117599,服饰,广东省,
凯泽智慧社区团寄快递_站点-凯泽智慧社区团寄快递,凯泽智慧社区团寄快递,凯泽智慧社区团寄快递,快递,2025-04-08 16:28:54,,1,0.2,0,6.00,0.00,2.80,6-3.2,1,1909523804105658368,极兔快递,JT0015981842656,服饰,广东省,
凯泽智慧社区团寄快递_站点-凯泽智慧社区团寄快递,凯泽智慧社区团寄快递,凯泽智慧社区团寄快递,快递,2025-04-08 16:28:03,,1,0.23,0,6.00,0.00,2.80,6-3.2,1,1909523590590418944,极兔快递,JT0016005981224,服饰,安徽省,
凯泽智慧社区团寄快递_站点-凯泽智慧社区团寄快递,凯泽智慧社区团寄快递,凯泽智慧社区团寄快递,快递,2025-04-08 16:27:08,,1,0.3,0,6.00,0.00,2.80,6-3.2,1,1909523350701395968,极兔快递,JT0016004822240,服饰,浙江省,
凯泽智慧社区团寄快递_站点-凯泽智慧社区团寄快递,凯泽智慧社区团寄快递,凯泽智慧社区团寄快递,快递,2025-04-08 16:05:59,,1,0.24,0,6.00,0.00,2.80,6-3.2,1,1909518044214775808,极兔快递,JT0016003179339,服饰,江苏省,
凯泽智慧社区团寄快递_站点-凯泽智慧社区团寄快递,凯泽智慧社区团寄快递,凯泽智慧社区团寄快递,快递,2025-04-08 13:14:32,,1,0.21,0,6.00,0.00,2.80,6-3.2,1,1909474894943277056,极兔快递,JT0016001251539,生活用品,辽宁省,
凯泽智慧社区团寄快递_站点-凯泽智慧社区团寄快递,凯泽智慧社区团寄快递,凯泽智慧社区团寄快递,干洗,2025-04-08 11:38:18,,,,,49.00,,14.70,30%,,1909450677061341184,干洗,,"清洗普通羽绒服2件不分长短49元   *   1
清洗普通羽绒服2件不分长短49元   *   1",,
凯泽智慧社区团寄快递_站点-凯泽智慧社区团寄快递,凯泽智慧社区团寄快递,凯泽智慧社区团寄快递,快递,2025-04-08 11:05:07,,1,0.35,0,7.00,0.00,2.80,6-3.2,1,1909442327523282944,极兔快递,JT0015999106272,服饰,北京市,
凯泽智慧社区团寄快递_站点-凯泽智慧社区团寄快递,凯泽智慧社区团寄快递,凯泽智慧社区团寄快递,快递,2025-04-08 10:52:13,,2,1.18,0,7.00,0.00,3.01,43% ,1,1909439083056304128,极兔快递,JT0015994107460,生活用品,陕西省,
凯泽智慧社区团寄快递_站点-凯泽智慧社区团寄快递,凯泽智慧社区团寄快递,凯泽智慧社区团寄快递,快递,2025-04-08 10:32:30,,1,0.42,0,6.00,0.00,2.80,6-3.2,1,1909434072737878016,极兔快递,JT0015997310499,服饰,浙江省,
凯泽智慧社区团寄快递_站点-凯泽智慧社区团寄快递,凯泽智慧社区团寄快递,凯泽智慧社区团寄快递,快递,2025-04-08 10:07:09,,1,0.67,0,6.00,0.00,2.80,6-3.2,1,1909427718090493952,极兔快递,JT0015997935062,服饰,福建省,
凯泽智慧社区团寄快递_站点-凯泽智慧社区团寄快递,凯泽智慧社区团寄快递,凯泽智慧社区团寄快递,快递,2025-04-08 09:45:01,,1,0.78,0,6.00,0.00,2.80,6-3.2,1,1909422142346334208,极兔快递,JT0015994111851,服饰,浙江省,
凯泽智慧社区团寄快递_站点-凯泽智慧社区团寄快递,凯泽智慧社区团寄快递,凯泽智慧社区团寄快递,快递,2025-04-08 09:25:53,,5,4.87,0,12.50,3.00,5.00,40% ,1,1909417337431363584,极兔快递,JT0015994388215,生活用品,陕西省,
凯泽智慧社区团寄快递_站点-凯泽智慧社区团寄快递,凯泽智慧社区团寄快递,凯泽智慧社区团寄快递,快递,2025-04-07 21:31:00,,1,0.56,0,6.00,0.00,2.80,6-3.2,1,1909237453528178688,极兔快递,JT0015990333015,服饰,广东省,
凯泽智慧社区团寄快递_站点-凯泽智慧社区团寄快递,凯泽智慧社区团寄快递,凯泽智慧社区团寄快递,快递,2025-04-07 21:29:43,,1,0.33,0,6.00,0.00,2.80,6-3.2,1,1909237123927187456,极兔快递,JT0015989260184,服饰,河北省,
凯泽智慧社区团寄快递_站点-凯泽智慧社区团寄快递,凯泽智慧社区团寄快递,凯泽智慧社区团寄快递,快递,2025-04-07 20:44:52,,1,0.82,0,6.00,0.00,2.80,6-3.2,1,1909225841161347072,极兔快递,JT0015987925027,生活用品,陕西省,
凯泽智慧社区团寄快递_站点-凯泽智慧社区团寄快递,凯泽智慧社区团寄快递,凯泽智慧社区团寄快递,快递,2025-04-07 20:42:59,,1,0.29,0,6.00,0.00,2.80,6-3.2,1,1909225368463286272,极兔快递,JT0015992646615,服饰,黑龙江省,
凯泽智慧社区团寄快递_站点-凯泽智慧社区团寄快递,凯泽智慧社区团寄快递,凯泽智慧社区团寄快递,快递,2025-04-07 20:38:35,,1,0.23,0,6.00,0.00,2.80,6-3.2,1,1909224262874112000,极兔快递,JT0015993024588,服饰,浙江省,
凯泽智慧社区团寄快递_站点-凯泽智慧社区团寄快递,凯泽智慧社区团寄快递,凯泽智慧社区团寄快递,快递,2025-04-07 20:36:51,,1,0.43,0,6.00,0.00,2.80,6-3.2,1,1909223824774864896,极兔快递,JT0015987206348,服饰,浙江省,
凯泽智慧社区团寄快递_站点-凯泽智慧社区团寄快递,凯泽智慧社区团寄快递,凯泽智慧社区团寄快递,快递,2025-04-07 20:35:26,,1,1.16,-1,6.00,0.00,2.80,6-3.2,1,1909223412940349440,极兔快递,JT0015992671035,服饰,广东省,
凯泽智慧社区团寄快递_站点-凯泽智慧社区团寄快递,凯泽智慧社区团寄快递,凯泽智慧社区团寄快递,快递,2025-04-07 20:34:22,,1,0.38,0,6.00,0.00,2.80,6-3.2,1,1909223178151600128,极兔快递,JT0015992802257,服饰,广东省,
凯泽智慧社区团寄快递_站点-凯泽智慧社区团寄快递,凯泽智慧社区团寄快递,凯泽智慧社区团寄快递,快递,2025-04-07 20:33:27,,1,0.73,0,6.00,0.00,2.80,6-3.2,1,1909222969837297664,极兔快递,JT0015992143618,服饰,广东省,
凯泽智慧社区团寄快递_站点-凯泽智慧社区团寄快递,凯泽智慧社区团寄快递,凯泽智慧社区团寄快递,快递,2025-04-07 20:29:25,,1,0.67,0,6.00,0.00,2.80,6-3.2,1,1909221952668246016,极兔快递,JT0015991218069,服饰,福建省,
凯泽智慧社区团寄快递_站点-凯泽智慧社区团寄快递,凯泽智慧社区团寄快递,凯泽智慧社区团寄快递,快递,2025-04-07 20:20:37,,1,0.3,0,6.00,0.00,2.80,6-3.2,1,1909219732295983104,极兔快递,JT0015992597821,服饰,浙江省,
凯泽智慧社区团寄快递_站点-凯泽智慧社区团寄快递,凯泽智慧社区团寄快递,凯泽智慧社区团寄快递,快递,2025-04-07 20:13:26,,1,0.2,0,6.00,0.00,2.80,6-3.2,1,1909217932201369600,极兔快递,JT0015985367669,服饰,广东省,
凯泽智慧社区团寄快递_站点-凯泽智慧社区团寄快递,凯泽智慧社区团寄快递,凯泽智慧社区团寄快递,快递,2025-04-07 20:11:48,,1,0.3,0,6.00,0.00,2.80,6-3.2,1,1909217521650311168,极兔快递,JT0015991211738,服饰,广东省,
凯泽智慧社区团寄快递_站点-凯泽智慧社区团寄快递,凯泽智慧社区团寄快递,凯泽智慧社区团寄快递,快递,2025-04-07 19:42:49,,1,0.83,0,6.00,0.00,2.80,6-3.2,1,1909210229836029952,极兔快递,JT0015991208168,服饰,辽宁省,
凯泽智慧社区团寄快递_站点-凯泽智慧社区团寄快递,凯泽智慧社区团寄快递,凯泽智慧社区团寄快递,快递,2025-04-07 19:40:28,,1,0.23,0,6.00,0.00,2.80,6-3.2,1,1909209627026464768,极兔快递,JT0015990115607,服饰,江苏省,
凯泽智慧社区团寄快递_站点-凯泽智慧社区团寄快递,凯泽智慧社区团寄快递,凯泽智慧社区团寄快递,快递,2025-04-07 19:39:28,,1,0.49,0,6.00,0.00,2.80,6-3.2,1,1909209384058822656,极兔快递,JT0015991617566,服饰,湖北省,
凯泽智慧社区团寄快递_站点-凯泽智慧社区团寄快递,凯泽智慧社区团寄快递,凯泽智慧社区团寄快递,快递,2025-04-07 19:36:12,,1,0.22,0,6.00,0.00,2.80,6-3.2,1,1909208560679198720,极兔快递,JT0015992069848,服饰,浙江省,
凯泽智慧社区团寄快递_站点-凯泽智慧社区团寄快递,凯泽智慧社区团寄快递,凯泽智慧社区团寄快递,快递,2025-04-07 18:21:57,,1,0.2,0,6.00,0.00,2.80,6-3.2,1,1909189878007668736,极兔快递,JT0015988364451,生活用品,广东省,
凯泽智慧社区团寄快递_站点-凯泽智慧社区团寄快递,凯泽智慧社区团寄快递,凯泽智慧社区团寄快递,快递,2025-04-07 18:20:14,,1,0.67,0,6.00,0.00,2.80,6-3.2,1,1909189423143788544,极兔快递,JT0015991162372,服饰,广东省,
凯泽智慧社区团寄快递_站点-凯泽智慧社区团寄快递,凯泽智慧社区团寄快递,凯泽智慧社区团寄快递,快递,2025-04-07 18:16:28,,1,0.2,0,6.00,0.00,2.80,6-3.2,1,1909188476422266880,极兔快递,JT0015990613937,服饰,四川省,
凯泽智慧社区团寄快递_站点-凯泽智慧社区团寄快递,凯泽智慧社区团寄快递,凯泽智慧社区团寄快递,快递,2025-04-07 18:15:30,,1,0.38,0,6.00,0.00,2.80,6-3.2,1,1909188253708918784,极兔快递,JT0015991872643,服饰,浙江省,
凯泽智慧社区团寄快递_站点-凯泽智慧社区团寄快递,凯泽智慧社区团寄快递,凯泽智慧社区团寄快递,快递,2025-04-07 18:12:00,,1,0.44,0,6.00,0.00,2.80,6-3.2,1,1909187374104649728,极兔快递,JT0015991829207,服饰,浙江省,
凯泽智慧社区团寄快递_站点-凯泽智慧社区团寄快递,凯泽智慧社区团寄快递,凯泽智慧社区团寄快递,快递,2025-04-07 18:09:08,,1,0.51,0,6.00,0.00,2.80,6-3.2,1,1909186644803264512,极兔快递,JT0015991395842,服饰,广东省,
凯泽智慧社区团寄快递_站点-凯泽智慧社区团寄快递,凯泽智慧社区团寄快递,凯泽智慧社区团寄快递,快递,2025-04-07 17:38:57,,1,0.31,0,6.00,0.00,2.80,6-3.2,1,1909179054262263808,极兔快递,JT0015987534439,生活用品,广东省,
凯泽智慧社区团寄快递_站点-凯泽智慧社区团寄快递,凯泽智慧社区团寄快递,凯泽智慧社区团寄快递,快递,2025-04-07 16:33:01,,1,0.73,0,6.00,0.00,2.80,6-3.2,1,1909162453525798912,极兔快递,JT0015988648879,服饰,浙江省,
凯泽智慧社区团寄快递_站点-凯泽智慧社区团寄快递,凯泽智慧社区团寄快递,凯泽智慧社区团寄快递,快递,2025-04-07 16:15:47,,2,1.39,0,7.00,0.00,3.01,43% ,1,1909158126358831104,极兔快递,JT0015985859094,服饰,福建省,
凯泽智慧社区团寄快递_站点-凯泽智慧社区团寄快递,凯泽智慧社区团寄快递,凯泽智慧社区团寄快递,快递,2025-04-07 16:00:37,,1,0.44,0,6.00,0.00,2.80,6-3.2,1,1909154306627149824,极兔快递,JT0015983639622,服饰,湖北省,
凯泽智慧社区团寄快递_站点-凯泽智慧社区团寄快递,凯泽智慧社区团寄快递,凯泽智慧社区团寄快递,快递,2025-04-07 15:08:01,,1,0.95,0,6.00,0.00,2.80,6-3.2,1,1909141070141923328,极兔快递,JT0015988031371,服饰,广东省,
凯泽智慧社区团寄快递_站点-凯泽智慧社区团寄快递,凯泽智慧社区团寄快递,凯泽智慧社区团寄快递,快递,2025-04-07 15:05:37,,1,0.71,0,7.00,0.00,2.80,6-3.2,1,1909140462425022464,极兔快递,JT0015980487282,服饰,上海市,
凯泽智慧社区团寄快递_站点-凯泽智慧社区团寄快递,凯泽智慧社区团寄快递,凯泽智慧社区团寄快递,快递,2025-04-07 15:03:24,,1,0.2,0,6.00,0.00,2.80,6-3.2,1,1909139909930328064,极兔快递,JT0015975250733,服饰,浙江省,
凯泽智慧社区团寄快递_站点-凯泽智慧社区团寄快递,凯泽智慧社区团寄快递,凯泽智慧社区团寄快递,快递,2025-04-07 14:56:11,,1,2.34,-2,6.00,0.00,2.80,6-3.2,1,1909138092223832064,极兔快递,JT0015987357030,服饰,江苏省,
凯泽智慧社区团寄快递_站点-凯泽智慧社区团寄快递,凯泽智慧社区团寄快递,凯泽智慧社区团寄快递,快递,2025-04-07 14:37:56,,1,0.25,0,6.00,0.00,2.80,6-3.2,1,1909133493932859392,极兔快递,JT0015983404460,服饰,湖北省,
凯泽智慧社区团寄快递_站点-凯泽智慧社区团寄快递,凯泽智慧社区团寄快递,凯泽智慧社区团寄快递,快递,2025-04-07 14:21:51,,1,0.56,0,6.00,0.00,2.80,6-3.2,1,1909129452930670592,极兔快递,JT0015983658325,生活用品,广东省,
凯泽智慧社区团寄快递_站点-凯泽智慧社区团寄快递,凯泽智慧社区团寄快递,凯泽智慧社区团寄快递,快递,2025-04-07 14:16:35,,1,0.2,0,6.00,0.00,2.80,6-3.2,1,1909128122799431680,极兔快递,JT0015982192664,生活用品,湖北省,
凯泽智慧社区团寄快递_站点-凯泽智慧社区团寄快递,凯泽智慧社区团寄快递,凯泽智慧社区团寄快递,快递,2025-04-07 13:21:09,,1,0.65,0,6.00,0.00,2.80,6-3.2,1,1909114173378994176,极兔快递,JT0015985457506,生活用品,山西省,
凯泽智慧社区团寄快递_站点-凯泽智慧社区团寄快递,凯泽智慧社区团寄快递,凯泽智慧社区团寄快递,快递,2025-04-07 12:31:54,,1,0.22,0,6.00,0.00,2.80,6-3.2,1,1909101783434338304,极兔快递,JT0015983871466,生活用品,广东省,
凯泽智慧社区团寄快递_站点-凯泽智慧社区团寄快递,凯泽智慧社区团寄快递,凯泽智慧社区团寄快递,快递,2025-04-02 09:31:45,2025-04-07 04:31:17,1,,,6.00,,0.00,,1,1907244499494182912,极兔快递,JT0015911020204,服饰,广东省,已全额退款
凯泽智慧社区团寄快递_站点-凯泽智慧社区团寄快递,凯泽智慧社区团寄快递,凯泽智慧社区团寄快递,快递,2025-04-07 12:18:50,,1,0.87,0,6.00,0.00,2.80,6-3.2,1,1909098494508605440,极兔快递,JT0015980742507,服饰,广东省,
凯泽智慧社区团寄快递_站点-凯泽智慧社区团寄快递,凯泽智慧社区团寄快递,凯泽智慧社区团寄快递,快递,2025-04-07 12:13:56,,1,0.73,0,6.00,0.00,2.80,6-3.2,1,1909097238830456832,极兔快递,JT0015984240543,生活用品,河南省,
凯泽智慧社区团寄快递_站点-凯泽智慧社区团寄快递,凯泽智慧社区团寄快递,凯泽智慧社区团寄快递,快递,2025-04-07 11:19:18,,1,0.27,0,6.00,0.00,2.80,6-3.2,1,1909083503432769536,极兔快递,JT0015977047393,生活用品,河北省,
凯泽智慧社区团寄快递_站点-凯泽智慧社区团寄快递,凯泽智慧社区团寄快递,凯泽智慧社区团寄快递,干洗,2025-04-07 11:16:07,,,,,49.00,,14.70,30%,,1909082706124939264,干洗,,"清洗普通羽绒服2件不分长短49元   *   1
清洗普通羽绒服2件不分长短49元   *   1",,
凯泽智慧社区团寄快递_站点-凯泽智慧社区团寄快递,凯泽智慧社区团寄快递,凯泽智慧社区团寄快递,干洗,2025-04-07 11:07:09,,,,,24.50,,7.35,30%,,1909080425895763968,干洗,,"清洗普通羽绒服2件不分长短49元   *   1",,
凯泽智慧社区团寄快递_站点-凯泽智慧社区团寄快递,凯泽智慧社区团寄快递,凯泽智慧社区团寄快递,快递,2025-04-07 10:51:46,,1,0.45,0,6.00,0.00,2.80,6-3.2,1,1909076571326193664,极兔快递,JT0015982795309,服饰,山东省,
凯泽智慧社区团寄快递_站点-凯泽智慧社区团寄快递,凯泽智慧社区团寄快递,凯泽智慧社区团寄快递,快递,2025-04-07 10:51:05,,1,0.74,0,6.00,0.00,2.80,6-3.2,1,1909076400613826560,极兔快递,JT0015980104913,服饰,广西壮族自治区,
凯泽智慧社区团寄快递_站点-凯泽智慧社区团寄快递,凯泽智慧社区团寄快递,凯泽智慧社区团寄快递,快递,2025-04-07 10:13:20,,1,0.2,0,6.00,0.00,2.80,6-3.2,1,1909066906215325696,极兔快递,JT0015981657176,生活用品,山东省,
凯泽智慧社区团寄快递_站点-凯泽智慧社区团寄快递,凯泽智慧社区团寄快递,凯泽智慧社区团寄快递,快递,2025-04-07 10:12:09,,1,0.2,0,6.00,0.00,2.80,6-3.2,1,1909066607899648000,极兔快递,JT0015980311665,服饰,广东省,
凯泽智慧社区团寄快递_站点-凯泽智慧社区团寄快递,凯泽智慧社区团寄快递,凯泽智慧社区团寄快递,快递,2025-04-07 10:09:46,,1,0.2,0,6.00,0.00,2.80,6-3.2,1,1909066011591254016,极兔快递,JT0015979874257,服饰,福建省,
凯泽智慧社区团寄快递_站点-凯泽智慧社区团寄快递,凯泽智慧社区团寄快递,凯泽智慧社区团寄快递,快递,2025-04-07 10:07:22,,1,0.57,0,6.00,0.00,2.80,6-3.2,1,1909065410107088896,极兔快递,JT0015975735414,服饰,浙江省,
凯泽智慧社区团寄快递_站点-凯泽智慧社区团寄快递,凯泽智慧社区团寄快递,凯泽智慧社区团寄快递,快递,2025-04-07 09:32:03,,1,0.5,0,6.00,0.00,2.80,6-3.2,1,1909056518505570304,极兔快递,JT0015979775424,服饰,广东省,
凯泽智慧社区团寄快递_站点-凯泽智慧社区团寄快递,凯泽智慧社区团寄快递,凯泽智慧社区团寄快递,快递,2025-04-07 09:09:02,,1,0.49,0,6.00,0.00,2.80,6-3.2,1,1909050724049428480,极兔快递,JT0015979976121,服饰,河南省,
凯泽智慧社区团寄快递_站点-凯泽智慧社区团寄快递,凯泽智慧社区团寄快递,凯泽智慧社区团寄快递,快递,2025-04-07 09:08:05,,1,0.29,0,6.00,0.00,2.80,6-3.2,1,1909050491018092544,极兔快递,JT0015968483964,服饰,河南省,
凯泽智慧社区团寄快递_站点-凯泽智慧社区团寄快递,凯泽智慧社区团寄快递,凯泽智慧社区团寄快递,快递,2025-04-07 09:06:12,,1,0.28,0,6.00,0.00,2.80,6-3.2,1,1909050014410940416,极兔快递,JT0015979143591,服饰,河南省,
凯泽智慧社区团寄快递_站点-凯泽智慧社区团寄快递,凯泽智慧社区团寄快递,凯泽智慧社区团寄快递,快递,2025-04-06 21:42:23,,1,0.83,0,6.00,0.00,2.80,6-3.2,1,1908877925670395904,极兔快递,JT0015977446362,服饰,福建省,
凯泽智慧社区团寄快递_站点-凯泽智慧社区团寄快递,凯泽智慧社区团寄快递,凯泽智慧社区团寄快递,快递,2025-04-06 21:40:31,,1,0.58,0,6.00,0.00,2.80,6-3.2,1,1908877456738820096,极兔快递,JT0015977979178,服饰,江苏省,
凯泽智慧社区团寄快递_站点-凯泽智慧社区团寄快递,凯泽智慧社区团寄快递,凯泽智慧社区团寄快递,快递,2025-04-06 21:27:16,,1,0.68,0,6.00,0.00,2.80,6-3.2,1,1908874125157015552,极兔快递,JT0015977728498,服饰,河南省,
凯泽智慧社区团寄快递_站点-凯泽智慧社区团寄快递,凯泽智慧社区团寄快递,凯泽智慧社区团寄快递,快递,2025-04-06 21:25:17,,1,0.39,0,6.00,0.00,2.80,6-3.2,1,1908873625271476224,极兔快递,JT0015973055174,服饰,辽宁省,
凯泽智慧社区团寄快递_站点-凯泽智慧社区团寄快递,凯泽智慧社区团寄快递,凯泽智慧社区团寄快递,快递,2025-04-06 20:28:04,,1,0.61,0,6.00,0.00,2.80,6-3.2,1,1908859223184973824,极兔快递,JT0015977718653,服饰,浙江省,
凯泽智慧社区团寄快递_站点-凯泽智慧社区团寄快递,凯泽智慧社区团寄快递,凯泽智慧社区团寄快递,快递,2025-04-06 20:25:44,,1,0.4,0,6.00,0.00,2.80,6-3.2,1,1908858630148136960,极兔快递,JT0015976845436,服饰,浙江省,
凯泽智慧社区团寄快递_站点-凯泽智慧社区团寄快递,凯泽智慧社区团寄快递,凯泽智慧社区团寄快递,快递,2025-04-06 19:58:38,,1,0.83,0,6.00,0.00,2.80,6-3.2,1,1908851819210809344,极兔快递,JT0015977901313,服饰,安徽省,
凯泽智慧社区团寄快递_站点-凯泽智慧社区团寄快递,凯泽智慧社区团寄快递,凯泽智慧社区团寄快递,快递,2025-04-06 19:15:13,,1,0.21,0,6.00,0.00,2.80,6-3.2,1,1908840892210028544,极兔快递,JT0015970246197,服饰,广东省,
凯泽智慧社区团寄快递_站点-凯泽智慧社区团寄快递,凯泽智慧社区团寄快递,凯泽智慧社区团寄快递,快递,2025-04-06 19:04:23,,1,0.59,0,6.00,0.00,2.80,6-3.2,1,1908838165266505728,极兔快递,JT0015976676468,服饰,广东省,
凯泽智慧社区团寄快递_站点-凯泽智慧社区团寄快递,凯泽智慧社区团寄快递,凯泽智慧社区团寄快递,快递,2025-04-06 18:45:12,,1,0.21,0,6.00,0.00,2.80,6-3.2,1,1908833329947025408,极兔快递,JT0015976498304,服饰,浙江省,
凯泽智慧社区团寄快递_站点-凯泽智慧社区团寄快递,凯泽智慧社区团寄快递,凯泽智慧社区团寄快递,快递,2025-04-06 18:44:21,,1,0.31,0,6.00,0.00,2.80,6-3.2,1,1908833115160911872,极兔快递,JT0015977096827,服饰,河北省,
凯泽智慧社区团寄快递_站点-凯泽智慧社区团寄快递,凯泽智慧社区团寄快递,凯泽智慧社区团寄快递,快递,2025-04-06 18:43:28,,1,0.2,0,6.00,0.00,2.80,6-3.2,1,1908832900274135040,极兔快递,JT0015974759145,服饰,浙江省,
凯泽智慧社区团寄快递_站点-凯泽智慧社区团寄快递,凯泽智慧社区团寄快递,凯泽智慧社区团寄快递,快递,2025-04-06 18:41:04,,1,0.31,0,6.00,0.00,2.52,42% ,1,1908832295166091264,韵达快递,312703424658249,服饰,浙江省,
凯泽智慧社区团寄快递_站点-凯泽智慧社区团寄快递,凯泽智慧社区团寄快递,凯泽智慧社区团寄快递,干洗,2025-04-06 18:28:17,,,,,37.80,,11.34,30%,,1908829077090541568,干洗,,"外套   *   1
羽绒马甲_儿童羽绒服   *   1",,
凯泽智慧社区团寄快递_站点-凯泽智慧社区团寄快递,凯泽智慧社区团寄快递,凯泽智慧社区团寄快递,干洗,2025-04-06 18:19:08,,,,,59.00,,17.70,30%,,1908826753693589504,干洗,,"清洗毛呢2件59元   *   1
清洗毛呢2件59元   *   1",,
凯泽智慧社区团寄快递_站点-凯泽智慧社区团寄快递,凯泽智慧社区团寄快递,凯泽智慧社区团寄快递,干洗,2025-04-06 18:13:54,,,,,24.50,,7.35,30%,,1908825459486564352,干洗,,"清洗普通羽绒服2件不分长短49元   *   1",,
凯泽智慧社区团寄快递_站点-凯泽智慧社区团寄快递,凯泽智慧社区团寄快递,凯泽智慧社区团寄快递,快递,2025-04-06 17:45:29,,1,0.65,0,6.00,0.00,2.80,6-3.2,1,1908818310060515328,极兔快递,JT0015975858817,生活用品,河南省,
凯泽智慧社区团寄快递_站点-凯泽智慧社区团寄快递,凯泽智慧社区团寄快递,凯泽智慧社区团寄快递,快递,2025-04-06 17:32:23,,2,1.19,0,7.00,0.00,3.01,43% ,1,1908815012783923200,极兔快递,JT0015975278937,服饰,广东省,
凯泽智慧社区团寄快递_站点-凯泽智慧社区团寄快递,凯泽智慧社区团寄快递,凯泽智慧社区团寄快递,快递,2025-04-06 17:31:48,,1,0.2,0,6.00,0.00,2.80,6-3.2,1,1908814861344382976,极兔快递,JT0015975742518,服饰,广东省,
凯泽智慧社区团寄快递_站点-凯泽智慧社区团寄快递,凯泽智慧社区团寄快递,凯泽智慧社区团寄快递,快递,2025-04-06 17:31:17,,1,0.87,0,6.00,0.00,2.80,6-3.2,1,1908814730054279168,极兔快递,JT0015973392667,服饰,广东省,
凯泽智慧社区团寄快递_站点-凯泽智慧社区团寄快递,凯泽智慧社区团寄快递,凯泽智慧社区团寄快递,快递,2025-04-06 17:30:41,,1,0.2,0,6.00,0.00,2.80,6-3.2,1,1908814585338208256,极兔快递,JT0015974754484,服饰,广东省,
凯泽智慧社区团寄快递_站点-凯泽智慧社区团寄快递,凯泽智慧社区团寄快递,凯泽智慧社区团寄快递,快递,2025-04-06 16:57:29,,1,0.98,0,6.00,0.00,2.80,6-3.2,1,1908806177256054784,极兔快递,JT0015973678049,服饰,黑龙江省,
凯泽智慧社区团寄快递_站点-凯泽智慧社区团寄快递,凯泽智慧社区团寄快递,凯泽智慧社区团寄快递,快递,2025-04-06 16:55:33,,1,0.49,0,6.00,0.00,2.80,6-3.2,1,1908805740066971648,极兔快递,JT0015968539351,服饰,黑龙江省,
凯泽智慧社区团寄快递_站点-凯泽智慧社区团寄快递,凯泽智慧社区团寄快递,凯泽智慧社区团寄快递,快递,2025-04-06 16:43:57,,1,0.41,0,6.00,0.00,2.80,6-3.2,1,1908802809632595968,极兔快递,JT0015973760034,服饰,浙江省,
凯泽智慧社区团寄快递_站点-凯泽智慧社区团寄快递,凯泽智慧社区团寄快递,凯泽智慧社区团寄快递,快递,2025-04-06 16:43:09,,1,0.42,0,6.00,0.00,2.80,6-3.2,1,1908802623824928768,极兔快递,JT0015975018977,服饰,浙江省,
凯泽智慧社区团寄快递_站点-凯泽智慧社区团寄快递,凯泽智慧社区团寄快递,凯泽智慧社区团寄快递,快递,2025-04-06 15:11:51,,1,0.56,0,6.00,0.00,2.80,6-3.2,1,1908779641471705088,极兔快递,JT0015972358784,服饰,浙江省,
凯泽智慧社区团寄快递_站点-凯泽智慧社区团寄快递,凯泽智慧社区团寄快递,凯泽智慧社区团寄快递,快递,2025-04-06 14:21:49,,2,1.54,0,7.00,0.00,3.01,43% ,1,1908767059289513984,极兔快递,JT0015972062189,服饰,福建省,
凯泽智慧社区团寄快递_站点-凯泽智慧社区团寄快递,凯泽智慧社区团寄快递,凯泽智慧社区团寄快递,快递,2025-04-06 12:30:05,,1,0.5,0,6.00,0.00,2.80,6-3.2,1,1908738938515431424,极兔快递,JT0015970039973,服饰,广东省,
凯泽智慧社区团寄快递_站点-凯泽智慧社区团寄快递,凯泽智慧社区团寄快递,凯泽智慧社区团寄快递,快递,2025-04-06 12:29:02,,1,0.43,0,6.00,0.00,2.80,6-3.2,1,1908738663448780800,极兔快递,JT0015970047326,服饰,浙江省,
凯泽智慧社区团寄快递_站点-凯泽智慧社区团寄快递,凯泽智慧社区团寄快递,凯泽智慧社区团寄快递,快递,2025-04-06 12:22:07,,1,0.2,0,6.00,0.00,2.80,6-3.2,1,1908736932363051008,极兔快递,JT0015966875945,服饰,江苏省,
凯泽智慧社区团寄快递_站点-凯泽智慧社区团寄快递,凯泽智慧社区团寄快递,凯泽智慧社区团寄快递,快递,2025-04-06 12:21:04,,2,1.7,0,7.00,0.00,3.01,43% ,1,1908736672202956800,极兔快递,JT0015962957723,服饰,福建省,
凯泽智慧社区团寄快递_站点-凯泽智慧社区团寄快递,凯泽智慧社区团寄快递,凯泽智慧社区团寄快递,快递,2025-04-06 11:52:51,,1,0.79,0,6.00,0.00,2.80,6-3.2,1,1908729565223264256,极兔快递,JT0015966405908,服饰,广东省,
凯泽智慧社区团寄快递_站点-凯泽智慧社区团寄快递,凯泽智慧社区团寄快递,凯泽智慧社区团寄快递,快递,2025-04-06 11:12:51,,1,0.2,0,6.00,0.00,2.80,6-3.2,1,1908719502815338496,极兔快递,JT0015968785342,服饰,广东省,
凯泽智慧社区团寄快递_站点-凯泽智慧社区团寄快递,凯泽智慧社区团寄快递,凯泽智慧社区团寄快递,快递,2025-04-06 10:52:11,,5,7.77,-3,12.50,7.50,5.00,40% ,1,1908714299131109376,极兔快递,JT0015966945280,数码产品,河南省,
凯泽智慧社区团寄快递_站点-凯泽智慧社区团寄快递,凯泽智慧社区团寄快递,凯泽智慧社区团寄快递,快递,2025-04-06 10:02:03,,2,1.2,0,7.00,0.00,3.01,43% ,1,1908701675681161216,极兔快递,JT0015967725779,服饰,浙江省,
凯泽智慧社区团寄快递_站点-凯泽智慧社区团寄快递,凯泽智慧社区团寄快递,凯泽智慧社区团寄快递,快递,2025-04-06 10:01:32,,2,1.19,0,7.00,0.00,3.01,43% ,1,1908701553660469248,极兔快递,JT0015967817586,服饰,浙江省,
凯泽智慧社区团寄快递_站点-凯泽智慧社区团寄快递,凯泽智慧社区团寄快递,凯泽智慧社区团寄快递,快递,2025-04-06 09:57:20,,1,0.2,0,6.00,0.00,2.80,6-3.2,1,1908700489771065344,极兔快递,JT0015966585622,文件,陕西省,
凯泽智慧社区团寄快递_站点-凯泽智慧社区团寄快递,凯泽智慧社区团寄快递,凯泽智慧社区团寄快递,快递,2025-04-06 09:56:16,2025-04-06 01:56:34,1,,,9.00,,0.00,,1,1908700225412472832,京东快递,,文件,陕西省,已全额退款
凯泽智慧社区团寄快递_站点-凯泽智慧社区团寄快递,凯泽智慧社区团寄快递,凯泽智慧社区团寄快递,快递,2025-04-06 09:41:16,,1,0.75,0,6.00,0.00,2.80,6-3.2,1,1908696454359883776,极兔快递,JT0015966444231,服饰,福建省,
凯泽智慧社区团寄快递_站点-凯泽智慧社区团寄快递,凯泽智慧社区团寄快递,凯泽智慧社区团寄快递,快递,2025-04-05 13:57:46,,1,0.27,0,6.00,0.00,2.80,6-3.2,1,1908398613431263232,极兔快递,JT0015957598031,服饰,河南省,
凯泽智慧社区团寄快递_站点-凯泽智慧社区团寄快递,凯泽智慧社区团寄快递,凯泽智慧社区团寄快递,快递,2025-04-05 12:47:53,,2,1.5,0,7.00,0.00,3.01,43% ,1,1908381029495414784,极兔快递,JT0015953717332,服饰,广东省,
凯泽智慧社区团寄快递_站点-凯泽智慧社区团寄快递,凯泽智慧社区团寄快递,凯泽智慧社区团寄快递,快递,2025-04-05 12:42:57,,1,0.49,0,6.00,0.00,2.80,6-3.2,1,1908379782918905856,极兔快递,JT0015948750366,生活用品,浙江省,
凯泽智慧社区团寄快递_站点-凯泽智慧社区团寄快递,凯泽智慧社区团寄快递,凯泽智慧社区团寄快递,快递,2025-04-05 10:59:22,,1,0.44,0,6.00,0.00,2.80,6-3.2,1,1908353698496192512,极兔快递,JT0015954732956,服饰,江苏省,
凯泽智慧社区团寄快递_站点-凯泽智慧社区团寄快递,凯泽智慧社区团寄快递,凯泽智慧社区团寄快递,快递,2025-04-05 10:45:28,,1,0.56,0,6.00,0.00,2.80,6-3.2,1,1908350223192367104,极兔快递,JT0015945084556,生活用品,浙江省,
凯泽智慧社区团寄快递_站点-凯泽智慧社区团寄快递,凯泽智慧社区团寄快递,凯泽智慧社区团寄快递,快递,2025-04-05 10:28:13,,1,0.22,0,6.00,0.00,2.80,6-3.2,1,1908345881706045440,极兔快递,JT0015953554953,服饰,江苏省,
凯泽智慧社区团寄快递_站点-凯泽智慧社区团寄快递,凯泽智慧社区团寄快递,凯泽智慧社区团寄快递,快递,2025-04-05 10:23:52,,1,0.57,0,6.00,0.00,2.80,6-3.2,1,1908344787475046400,极兔快递,JT0015951893688,服饰,湖南省,
凯泽智慧社区团寄快递_站点-凯泽智慧社区团寄快递,凯泽智慧社区团寄快递,凯泽智慧社区团寄快递,快递,2025-04-05 10:21:05,,1,0.46,0,6.00,0.00,2.80,6-3.2,1,1908344085109481472,极兔快递,JT0015947324880,服饰,浙江省,
凯泽智慧社区团寄快递_站点-凯泽智慧社区团寄快递,凯泽智慧社区团寄快递,凯泽智慧社区团寄快递,干洗,2025-04-05 10:18:16,,,,,9.90,,2.97,30%,,1908343376817364992,干洗,,"清洗鞋19.8元两双   *   1",,
凯泽智慧社区团寄快递_站点-凯泽智慧社区团寄快递,凯泽智慧社区团寄快递,凯泽智慧社区团寄快递,干洗,2025-04-05 10:15:04,,,,,29.50,,8.85,30%,,1908342561973149696,干洗,,"清洗毛呢2件59元   *   1",,
凯泽智慧社区团寄快递_站点-凯泽智慧社区团寄快递,凯泽智慧社区团寄快递,凯泽智慧社区团寄快递,快递,2025-04-05 10:03:23,,1,0.2,0,6.00,0.00,2.80,6-3.2,1,1908339631610077184,极兔快递,JT0015952002599,生活用品,福建省,
凯泽智慧社区团寄快递_站点-凯泽智慧社区团寄快递,凯泽智慧社区团寄快递,凯泽智慧社区团寄快递,快递,2025-04-05 09:41:24,,3,2.97,0,8.00,0.00,3.60,45% ,1,1908334098148696064,极兔快递,JT0015951234365,服饰,陕西省,
凯泽智慧社区团寄快递_站点-凯泽智慧社区团寄快递,凯泽智慧社区团寄快递,凯泽智慧社区团寄快递,快递,2025-04-04 19:35:00,,1,0.41,0,6.00,0.00,2.80,6-3.2,1,1908121098275987456,极兔快递,JT0015938516674,服饰,福建省,
凯泽智慧社区团寄快递_站点-凯泽智慧社区团寄快递,凯泽智慧社区团寄快递,凯泽智慧社区团寄快递,快递,2025-04-04 19:32:11,,1,0.39,0,6.00,0.00,2.80,6-3.2,1,1908120387551174656,极兔快递,JT0015943659546,服饰,广东省,
凯泽智慧社区团寄快递_站点-凯泽智慧社区团寄快递,凯泽智慧社区团寄快递,凯泽智慧社区团寄快递,快递,2025-04-04 19:29:46,,1,0.33,0,6.00,0.00,2.80,6-3.2,1,1908119779385483264,极兔快递,JT0015948630510,服饰,浙江省,
凯泽智慧社区团寄快递_站点-凯泽智慧社区团寄快递,凯泽智慧社区团寄快递,凯泽智慧社区团寄快递,快递,2025-04-04 19:28:39,,1,0.2,0,6.00,0.00,2.80,6-3.2,1,1908119493933735936,极兔快递,JT0015944505818,服饰,安徽省,
凯泽智慧社区团寄快递_站点-凯泽智慧社区团寄快递,凯泽智慧社区团寄快递,凯泽智慧社区团寄快递,快递,2025-04-04 19:03:07,,1,0.43,0,6.00,0.00,2.80,6-3.2,1,1908113073007960064,极兔快递,JT0015940215267,服饰,广东省,
凯泽智慧社区团寄快递_站点-凯泽智慧社区团寄快递,凯泽智慧社区团寄快递,凯泽智慧社区团寄快递,快递,2025-04-04 18:34:30,,1,0.66,0,6.00,0.00,2.80,6-3.2,1,1908105868124823552,极兔快递,JT0015949346024,服饰,浙江省,
凯泽智慧社区团寄快递_站点-凯泽智慧社区团寄快递,凯泽智慧社区团寄快递,凯泽智慧社区团寄快递,快递,2025-04-04 18:32:44,,1,0.51,0,7.00,0.00,2.80,6-3.2,1,1908105424598147072,极兔快递,JT0015950469500,服饰,上海市,
凯泽智慧社区团寄快递_站点-凯泽智慧社区团寄快递,凯泽智慧社区团寄快递,凯泽智慧社区团寄快递,快递,2025-04-04 18:31:47,,1,0.21,0,6.00,0.00,2.80,6-3.2,1,1908105185132748800,极兔快递,JT0015948638734,服饰,广东省,
凯泽智慧社区团寄快递_站点-凯泽智慧社区团寄快递,凯泽智慧社区团寄快递,凯泽智慧社区团寄快递,快递,2025-04-04 16:19:51,,1,0.95,0,6.00,0.00,2.80,6-3.2,1,1908071986499362816,极兔快递,JT0015947064976,食品,广东省,
凯泽智慧社区团寄快递_站点-凯泽智慧社区团寄快递,凯泽智慧社区团寄快递,凯泽智慧社区团寄快递,快递,2025-04-04 15:02:43,,1,0.56,0,6.00,0.00,2.80,6-3.2,1,1908052572068585472,极兔快递,JT0015947644434,服饰,湖南省,
凯泽智慧社区团寄快递_站点-凯泽智慧社区团寄快递,凯泽智慧社区团寄快递,凯泽智慧社区团寄快递,快递,2025-04-04 14:53:35,,1,0.64,0,6.00,0.00,2.80,6-3.2,1,1908050267973820416,极兔快递,JT0015946620953,服饰,福建省,
凯泽智慧社区团寄快递_站点-凯泽智慧社区团寄快递,凯泽智慧社区团寄快递,凯泽智慧社区团寄快递,快递,2025-04-04 14:52:52,,1,0.33,0,6.00,0.00,2.80,6-3.2,1,1908050091863384064,极兔快递,JT0015946807880,服饰,河北省,
凯泽智慧社区团寄快递_站点-凯泽智慧社区团寄快递,凯泽智慧社区团寄快递,凯泽智慧社区团寄快递,快递,2025-04-04 11:16:01,,1,1.41,-1,6.00,0.00,2.80,6-3.2,1,1907995522827493376,极兔快递,JT0015943012967,服饰,浙江省,
凯泽智慧社区团寄快递_站点-凯泽智慧社区团寄快递,凯泽智慧社区团寄快递,凯泽智慧社区团寄快递,快递,2025-04-04 11:12:52,,1,0.8,0,6.00,0.00,2.80,6-3.2,1,1907994726849257472,极兔快递,JT0015942305060,服饰,浙江省,
凯泽智慧社区团寄快递_站点-凯泽智慧社区团寄快递,凯泽智慧社区团寄快递,凯泽智慧社区团寄快递,快递,2025-04-04 11:11:42,,1,0.2,0,6.00,0.00,2.80,6-3.2,1,1907994435437404160,极兔快递,JT0015941438031,服饰,浙江省,
凯泽智慧社区团寄快递_站点-凯泽智慧社区团寄快递,凯泽智慧社区团寄快递,凯泽智慧社区团寄快递,快递,2025-04-04 10:50:18,,1,0.2,0,6.00,0.00,2.80,6-3.2,1,1907989026358108160,极兔快递,JT0015942949042,生活用品,广东省,
凯泽智慧社区团寄快递_站点-凯泽智慧社区团寄快递,凯泽智慧社区团寄快递,凯泽智慧社区团寄快递,快递,2025-04-04 10:43:16,,1,0.63,0,6.00,0.00,2.80,6-3.2,1,1907987270878306304,极兔快递,JT0015941853628,服饰,福建省,
凯泽智慧社区团寄快递_站点-凯泽智慧社区团寄快递,凯泽智慧社区团寄快递,凯泽智慧社区团寄快递,快递,2025-04-04 10:42:32,,1,0.68,0,6.00,0.00,2.80,6-3.2,1,1907987080079417344,极兔快递,JT0015943598075,服饰,广东省,
凯泽智慧社区团寄快递_站点-凯泽智慧社区团寄快递,凯泽智慧社区团寄快递,凯泽智慧社区团寄快递,快递,2025-04-04 10:41:41,,1,0.61,0,6.00,0.00,2.80,6-3.2,1,1907986883777601536,极兔快递,JT0015940355187,服饰,江苏省,
凯泽智慧社区团寄快递_站点-凯泽智慧社区团寄快递,凯泽智慧社区团寄快递,凯泽智慧社区团寄快递,快递,2025-04-04 10:20:03,,1,0.54,0,6.00,0.00,2.80,6-3.2,1,1907981434906943488,极兔快递,JT0015943093742,服饰,湖南省,
凯泽智慧社区团寄快递_站点-凯泽智慧社区团寄快递,凯泽智慧社区团寄快递,凯泽智慧社区团寄快递,快递,2025-04-03 21:35:35,,4,3.67,0,10.00,1.50,4.00,40% ,1,1907789055205777408,极兔快递,JT0015927475538,生活用品,浙江省,
凯泽智慧社区团寄快递_站点-凯泽智慧社区团寄快递,凯泽智慧社区团寄快递,凯泽智慧社区团寄快递,快递,2025-04-03 21:32:31,,1,0.2,0,6.00,0.00,2.80,6-3.2,1,1907788273647558656,极兔快递,JT0015941107071,生活用品,浙江省,
凯泽智慧社区团寄快递_站点-凯泽智慧社区团寄快递,凯泽智慧社区团寄快递,凯泽智慧社区团寄快递,快递,2025-04-03 21:31:49,,1,0.2,0,6.00,0.00,2.80,6-3.2,1,1907787990238437376,极兔快递,JT0015935090245,生活用品,浙江省,
凯泽智慧社区团寄快递_站点-凯泽智慧社区团寄快递,凯泽智慧社区团寄快递,凯泽智慧社区团寄快递,快递,2025-04-03 21:28:05,,8,7.33,0,20.00,7.50,8.00,40% ,1,1907787164786827264,极兔快递,JT0015925387511,生活用品,河北省,
凯泽智慧社区团寄快递_站点-凯泽智慧社区团寄快递,凯泽智慧社区团寄快递,凯泽智慧社区团寄快递,快递,2025-04-03 21:04:45,,1,1.0,0,6.00,0.00,2.80,6-3.2,1,1907781294577360896,极兔快递,JT0015937153058,生活用品,广东省,
凯泽智慧社区团寄快递_站点-凯泽智慧社区团寄快递,凯泽智慧社区团寄快递,凯泽智慧社区团寄快递,快递,2025-04-03 21:01:58,,1,0.76,0,6.00,0.00,2.80,6-3.2,1,1907780573127712768,极兔快递,JT0015939220630,生活用品,浙江省,
凯泽智慧社区团寄快递_站点-凯泽智慧社区团寄快递,凯泽智慧社区团寄快递,凯泽智慧社区团寄快递,快递,2025-04-03 20:31:33,,1,0.43,0,6.00,0.00,2.80,6-3.2,1,1907772936566808576,极兔快递,JT0015939179726,服饰,广东省,
凯泽智慧社区团寄快递_站点-凯泽智慧社区团寄快递,凯泽智慧社区团寄快递,凯泽智慧社区团寄快递,快递,2025-04-03 19:11:30,,1,0.41,0,6.00,0.00,2.80,6-3.2,1,1907752791517634560,极兔快递,JT0015927060720,服饰,湖北省,
凯泽智慧社区团寄快递_站点-凯泽智慧社区团寄快递,凯泽智慧社区团寄快递,凯泽智慧社区团寄快递,快递,2025-04-03 19:10:03,,1,0.3,0,6.00,0.00,2.80,6-3.2,1,1907752428181856256,极兔快递,JT0015936015081,服饰,安徽省,
凯泽智慧社区团寄快递_站点-凯泽智慧社区团寄快递,凯泽智慧社区团寄快递,凯泽智慧社区团寄快递,快递,2025-04-03 17:48:50,,1,0.48,0,6.00,0.00,2.80,6-3.2,1,1907731987459416064,极兔快递,JT0015923678227,服饰,安徽省,
凯泽智慧社区团寄快递_站点-凯泽智慧社区团寄快递,凯泽智慧社区团寄快递,凯泽智慧社区团寄快递,快递,2025-04-03 17:48:16,,1,0.52,0,7.00,0.00,2.80,6-3.2,1,1907731847063478272,极兔快递,JT0015936353339,服饰,北京市,
凯泽智慧社区团寄快递_站点-凯泽智慧社区团寄快递,凯泽智慧社区团寄快递,凯泽智慧社区团寄快递,快递,2025-04-03 16:29:17,,1,0.2,0,6.00,0.00,2.80,6-3.2,1,1907711955283156992,极兔快递,JT0015936644417,服饰,福建省,
凯泽智慧社区团寄快递_站点-凯泽智慧社区团寄快递,凯泽智慧社区团寄快递,凯泽智慧社区团寄快递,快递,2025-04-03 16:28:35,,1,0.2,0,6.00,0.00,2.80,6-3.2,1,1907711787804598272,极兔快递,JT0015933851114,服饰,河北省,
凯泽智慧社区团寄快递_站点-凯泽智慧社区团寄快递,凯泽智慧社区团寄快递,凯泽智慧社区团寄快递,快递,2025-04-03 16:27:52,,1,0.53,0,6.00,0.00,2.80,6-3.2,1,1907711612331696128,极兔快递,JT0015935379168,服饰,广东省,
凯泽智慧社区团寄快递_站点-凯泽智慧社区团寄快递,凯泽智慧社区团寄快递,凯泽智慧社区团寄快递,快递,2025-04-03 15:50:36,,1,0.2,0,6.00,0.00,2.80,6-3.2,1,1907702232064401408,极兔快递,JT0015935661395,生活用品,山东省,
凯泽智慧社区团寄快递_站点-凯泽智慧社区团寄快递,凯泽智慧社区团寄快递,凯泽智慧社区团寄快递,快递,2025-04-03 15:35:31,,0.2,,,11.00,,0.00,0%,1,1907698435468500992,顺丰速运,SF3157876364151,文件,陕西省,
凯泽智慧社区团寄快递_站点-凯泽智慧社区团寄快递,凯泽智慧社区团寄快递,凯泽智慧社区团寄快递,快递,2025-04-03 15:24:26,,1,0.21,0,6.00,0.00,2.80,6-3.2,1,1907695647254585344,极兔快递,JT0015918769568,服饰,湖南省,
凯泽智慧社区团寄快递_站点-凯泽智慧社区团寄快递,凯泽智慧社区团寄快递,凯泽智慧社区团寄快递,快递,2025-04-03 14:11:14,,1,0.2,0,6.00,0.00,2.80,6-3.2,1,1907677227863711744,极兔快递,JT0015930823270,服饰,广东省,
凯泽智慧社区团寄快递_站点-凯泽智慧社区团寄快递,凯泽智慧社区团寄快递,凯泽智慧社区团寄快递,快递,2025-04-03 13:40:03,,1,0.2,0,6.00,0.00,2.80,6-3.2,1,1907669382464217088,极兔快递,JT0015931521381,生活用品,浙江省,
凯泽智慧社区团寄快递_站点-凯泽智慧社区团寄快递,凯泽智慧社区团寄快递,凯泽智慧社区团寄快递,快递,2025-04-03 13:27:55,,1,0.34,0,6.00,0.00,2.80,6-3.2,1,1907666327136051200,极兔快递,JT0015932287740,服饰,福建省,
凯泽智慧社区团寄快递_站点-凯泽智慧社区团寄快递,凯泽智慧社区团寄快递,凯泽智慧社区团寄快递,快递,2025-04-03 10:12:52,,1,0.2,0,6.00,0.00,2.80,6-3.2,1,1907617238805585920,极兔快递,JT0015929596555,生活用品,广东省,
凯泽智慧社区团寄快递_站点-凯泽智慧社区团寄快递,凯泽智慧社区团寄快递,凯泽智慧社区团寄快递,快递,2025-04-03 10:11:47,,1,0.2,0,6.00,0.00,2.80,6-3.2,1,1907616969548046336,极兔快递,JT0015930049052,生活用品,广东省,
凯泽智慧社区团寄快递_站点-凯泽智慧社区团寄快递,凯泽智慧社区团寄快递,凯泽智慧社区团寄快递,快递,2025-04-02 20:52:47,,1,0.8,0,6.00,0.00,2.80,6-3.2,1,1907415896153595904,极兔快递,JT0015925338871,服饰,福建省,
凯泽智慧社区团寄快递_站点-凯泽智慧社区团寄快递,凯泽智慧社区团寄快递,凯泽智慧社区团寄快递,快递,2025-04-02 20:51:16,,1,0.38,0,6.00,0.00,2.80,6-3.2,1,1907415515755388928,极兔快递,JT0015919664814,服饰,安徽省,
凯泽智慧社区团寄快递_站点-凯泽智慧社区团寄快递,凯泽智慧社区团寄快递,凯泽智慧社区团寄快递,快递,2025-04-02 20:50:03,,1,0.38,0,6.00,0.00,2.80,6-3.2,1,1907415199764914176,极兔快递,JT0015922208729,服饰,浙江省,
凯泽智慧社区团寄快递_站点-凯泽智慧社区团寄快递,凯泽智慧社区团寄快递,凯泽智慧社区团寄快递,快递,2025-04-02 20:48:50,,1,0.57,0,6.00,0.00,2.80,6-3.2,1,1907414897057800192,极兔快递,JT0015925936655,服饰,浙江省,
凯泽智慧社区团寄快递_站点-凯泽智慧社区团寄快递,凯泽智慧社区团寄快递,凯泽智慧社区团寄快递,快递,2025-04-02 20:47:34,,1,0.55,0,6.00,0.00,2.80,6-3.2,1,1907414580274601984,极兔快递,JT0015923692797,服饰,安徽省,
凯泽智慧社区团寄快递_站点-凯泽智慧社区团寄快递,凯泽智慧社区团寄快递,凯泽智慧社区团寄快递,快递,2025-04-02 20:46:24,,1,0.2,0,6.00,0.00,2.80,6-3.2,1,1907414286253891584,极兔快递,JT0015923201109,生活用品,浙江省,
凯泽智慧社区团寄快递_站点-凯泽智慧社区团寄快递,凯泽智慧社区团寄快递,凯泽智慧社区团寄快递,快递,2025-04-02 19:46:33,,1,0.55,0,6.00,0.00,2.80,6-3.2,1,1907399193084502016,极兔快递,JT0015919159668,服饰,浙江省,
凯泽智慧社区团寄快递_站点-凯泽智慧社区团寄快递,凯泽智慧社区团寄快递,凯泽智慧社区团寄快递,快递,2025-04-02 19:30:41,,1,0.73,0,6.00,0.00,2.80,6-3.2,1,1907395233904795648,极兔快递,JT0015922306797,服饰,浙江省,
凯泽智慧社区团寄快递_站点-凯泽智慧社区团寄快递,凯泽智慧社区团寄快递,凯泽智慧社区团寄快递,快递,2025-04-02 19:29:50,,2,1.67,0,7.00,0.00,3.01,43% ,1,1907395020527968256,韵达快递,312697373572706,服饰,河北省,
凯泽智慧社区团寄快递_站点-凯泽智慧社区团寄快递,凯泽智慧社区团寄快递,凯泽智慧社区团寄快递,快递,2025-04-02 19:28:02,,1,0.7,0,6.00,0.00,2.80,6-3.2,1,1907394565064302592,极兔快递,JT0015924437537,服饰,浙江省,
凯泽智慧社区团寄快递_站点-凯泽智慧社区团寄快递,凯泽智慧社区团寄快递,凯泽智慧社区团寄快递,快递,2025-04-02 18:45:13,,1,0.7,0,10.00,0.00,2.80,6-3.2,1,1907383794066464768,极兔快递,JT0015914953311,服饰,内蒙古自治区,
凯泽智慧社区团寄快递_站点-凯泽智慧社区团寄快递,凯泽智慧社区团寄快递,凯泽智慧社区团寄快递,快递,2025-04-02 17:08:42,,1,0.92,0,6.00,0.00,2.80,6-3.2,1,1907359505565032448,极兔快递,JT0015922976582,服饰,浙江省,
凯泽智慧社区团寄快递_站点-凯泽智慧社区团寄快递,凯泽智慧社区团寄快递,凯泽智慧社区团寄快递,快递,2025-04-02 17:08:09,,2,1.28,0,7.00,0.00,3.01,43% ,1,1907359367677288448,极兔快递,JT0015922804255,服饰,浙江省,
凯泽智慧社区团寄快递_站点-凯泽智慧社区团寄快递,凯泽智慧社区团寄快递,凯泽智慧社区团寄快递,快递,2025-04-02 17:07:03,,1,0.2,0,6.00,0.00,2.80,6-3.2,1,1907359088009486336,极兔快递,JT0015922646187,服饰,广东省,
凯泽智慧社区团寄快递_站点-凯泽智慧社区团寄快递,凯泽智慧社区团寄快递,凯泽智慧社区团寄快递,快递,2025-04-02 16:54:52,,1,0.51,0,6.00,0.00,2.80,6-3.2,1,1907356020714971136,极兔快递,JT0015922396918,服饰,河北省,
凯泽智慧社区团寄快递_站点-凯泽智慧社区团寄快递,凯泽智慧社区团寄快递,凯泽智慧社区团寄快递,快递,2025-04-02 16:48:52,,1,0.79,0,6.00,0.00,2.80,6-3.2,1,1907354506000801792,极兔快递,JT0015918965326,服饰,河北省,
凯泽智慧社区团寄快递_站点-凯泽智慧社区团寄快递,凯泽智慧社区团寄快递,凯泽智慧社区团寄快递,快递,2025-04-02 16:48:11,,1,1.51,-1,6.00,0.00,2.80,6-3.2,1,1907354337087791104,极兔快递,JT0015915980290,服饰,福建省,
凯泽智慧社区团寄快递_站点-凯泽智慧社区团寄快递,凯泽智慧社区团寄快递,凯泽智慧社区团寄快递,快递,2025-04-02 16:34:46,,1,0.66,0,6.00,0.00,2.80,6-3.2,1,1907350957204381696,极兔快递,JT0015922504275,服饰,广东省,
凯泽智慧社区团寄快递_站点-凯泽智慧社区团寄快递,凯泽智慧社区团寄快递,凯泽智慧社区团寄快递,快递,2025-04-02 16:18:45,,1,0.26,0,6.00,0.00,2.80,6-3.2,1,1907346930827730944,极兔快递,JT0015920498598,生活用品,广东省,
凯泽智慧社区团寄快递_站点-凯泽智慧社区团寄快递,凯泽智慧社区团寄快递,凯泽智慧社区团寄快递,快递,2025-04-02 15:36:21,,1,0.52,0,6.00,0.00,2.80,6-3.2,1,1907336070906454016,极兔快递,JT0015917725991,生活用品,浙江省,
凯泽智慧社区团寄快递_站点-凯泽智慧社区团寄快递,凯泽智慧社区团寄快递,凯泽智慧社区团寄快递,快递,2025-04-02 14:40:23,,1,0.76,0,6.00,0.00,2.80,6-3.2,1,1907322173478608896,极兔快递,JT0015918197647,服饰,广东省,
凯泽智慧社区团寄快递_站点-凯泽智慧社区团寄快递,凯泽智慧社区团寄快递,凯泽智慧社区团寄快递,快递,2025-04-02 14:35:37,,1,0.87,0,6.00,0.00,2.80,6-3.2,1,1907320977942585344,极兔快递,JT0015919105901,服饰,江西省,
凯泽智慧社区团寄快递_站点-凯泽智慧社区团寄快递,凯泽智慧社区团寄快递,凯泽智慧社区团寄快递,快递,2025-04-02 14:33:58,,1,0.75,0,6.00,0.00,2.80,6-3.2,1,1907320555244822528,极兔快递,JT0015919579716,服饰,浙江省,
凯泽智慧社区团寄快递_站点-凯泽智慧社区团寄快递,凯泽智慧社区团寄快递,凯泽智慧社区团寄快递,快递,2025-04-02 14:00:15,,1,0.2,0,6.00,0.00,2.80,6-3.2,1,1907312076622864384,极兔快递,JT0015919783027,生活用品,山东省,
凯泽智慧社区团寄快递_站点-凯泽智慧社区团寄快递,凯泽智慧社区团寄快递,凯泽智慧社区团寄快递,快递,2025-04-02 13:37:31,,1,0.86,0,6.00,0.00,2.80,6-3.2,1,1907306353541193728,极兔快递,JT0015918043458,生活用品,广东省,
凯泽智慧社区团寄快递_站点-凯泽智慧社区团寄快递,凯泽智慧社区团寄快递,凯泽智慧社区团寄快递,快递,2025-04-02 12:21:48,,1,0.2,0,6.00,0.00,2.80,6-3.2,1,1907287300407762944,极兔快递,JT0015917618921,服饰,浙江省,
凯泽智慧社区团寄快递_站点-凯泽智慧社区团寄快递,凯泽智慧社区团寄快递,凯泽智慧社区团寄快递,干洗,2025-04-02 11:58:18,,,,,54.00,,16.20,30%,,1907281384748818432,干洗,,"清洗普通羽绒服2件不分长短49元   *   1
清洗毛呢2件59元   *   1",,
凯泽智慧社区团寄快递_站点-凯泽智慧社区团寄快递,凯泽智慧社区团寄快递,凯泽智慧社区团寄快递,快递,2025-04-02 11:01:46,,3,2.36,0,8.00,0.00,3.60,45% ,1,1907267161939451904,极兔快递,JT0015917102160,生活用品,重庆市,
凯泽智慧社区团寄快递_站点-凯泽智慧社区团寄快递,凯泽智慧社区团寄快递,凯泽智慧社区团寄快递,快递,2025-04-02 10:58:10,,1,0.2,0,6.00,0.00,2.80,6-3.2,1,1907266229252071424,极兔快递,JT0015914093131,服饰,浙江省,
凯泽智慧社区团寄快递_站点-凯泽智慧社区团寄快递,凯泽智慧社区团寄快递,凯泽智慧社区团寄快递,快递,2025-04-02 10:57:01,,1,0.22,0,6.00,0.00,2.80,6-3.2,1,1907265935919226880,极兔快递,JT0015915755288,服饰,广东省,
凯泽智慧社区团寄快递_站点-凯泽智慧社区团寄快递,凯泽智慧社区团寄快递,凯泽智慧社区团寄快递,干洗,2025-04-02 10:55:46,,,,,49.00,,14.70,30%,,1907265648403881984,干洗,,"清洗普通羽绒服2件不分长短49元   *   1
清洗普通羽绒服2件不分长短49元   *   1",,
凯泽智慧社区团寄快递_站点-凯泽智慧社区团寄快递,凯泽智慧社区团寄快递,凯泽智慧社区团寄快递,快递,2025-04-02 10:18:19,,1,0.34,0,6.00,0.00,2.80,6-3.2,1,1907256198930571264,极兔快递,JT0015914558460,服饰,广东省,
凯泽智慧社区团寄快递_站点-凯泽智慧社区团寄快递,凯泽智慧社区团寄快递,凯泽智慧社区团寄快递,快递,2025-04-02 10:16:50,,1,0.57,0,6.00,0.00,2.80,6-3.2,1,1907255853013737472,极兔快递,JT0015906799905,服饰,安徽省,
凯泽智慧社区团寄快递_站点-凯泽智慧社区团寄快递,凯泽智慧社区团寄快递,凯泽智慧社区团寄快递,快递,2025-04-02 10:08:43,,1,0.31,0,6.00,0.00,2.80,6-3.2,1,1907253809129398272,极兔快递,JT0015908745176,服饰,广东省,
凯泽智慧社区团寄快递_站点-凯泽智慧社区团寄快递,凯泽智慧社区团寄快递,凯泽智慧社区团寄快递,快递,2025-04-02 10:04:00,,1,0.46,0,6.00,0.00,2.80,6-3.2,1,1907252617124978688,极兔快递,JT0015914830396,生活用品,山西省,
凯泽智慧社区团寄快递_站点-凯泽智慧社区团寄快递,凯泽智慧社区团寄快递,凯泽智慧社区团寄快递,快递,2025-04-02 09:57:20,,1,0.27,0,6.00,0.00,2.80,6-3.2,1,1907250944935665664,极兔快递,JT0015914587386,服饰,浙江省,
凯泽智慧社区团寄快递_站点-凯泽智慧社区团寄快递,凯泽智慧社区团寄快递,凯泽智慧社区团寄快递,快递,2025-04-02 09:55:47,,1,0.22,0,6.00,0.00,2.80,6-3.2,1,1907250526193131520,极兔快递,JT0015910607298,服饰,浙江省,
凯泽智慧社区团寄快递_站点-凯泽智慧社区团寄快递,凯泽智慧社区团寄快递,凯泽智慧社区团寄快递,快递,2025-04-02 09:44:29,,1,0.31,0,6.00,0.00,2.80,6-3.2,1,1907247711198584832,极兔快递,JT0015905790243,服饰,广西壮族自治区,
凯泽智慧社区团寄快递_站点-凯泽智慧社区团寄快递,凯泽智慧社区团寄快递,凯泽智慧社区团寄快递,快递,2025-04-02 09:43:55,,1,0.31,0,7.00,0.00,2.80,6-3.2,1,1907247571113025536,极兔快递,JT0015909688328,服饰,北京市,
凯泽智慧社区团寄快递_站点-凯泽智慧社区团寄快递,凯泽智慧社区团寄快递,凯泽智慧社区团寄快递,快递,2025-04-02 09:43:21,,1,0.83,0,6.00,0.00,2.80,6-3.2,1,1907247425147052032,极兔快递,JT0015913148680,服饰,广西壮族自治区,
凯泽智慧社区团寄快递_站点-凯泽智慧社区团寄快递,凯泽智慧社区团寄快递,凯泽智慧社区团寄快递,快递,2025-04-02 09:34:54,,1,0.63,0,6.00,0.00,2.80,6-3.2,1,1907245299859660800,极兔快递,JT0015911614669,服饰,广东省,
凯泽智慧社区团寄快递_站点-凯泽智慧社区团寄快递,凯泽智慧社区团寄快递,凯泽智慧社区团寄快递,快递,2025-04-01 22:28:07,,1,0.23,0,6.00,0.00,2.80,6-3.2,1,1907077489137229824,极兔快递,JT0015910226651,服饰,浙江省,
凯泽智慧社区团寄快递_站点-凯泽智慧社区团寄快递,凯泽智慧社区团寄快递,凯泽智慧社区团寄快递,快递,2025-04-01 22:27:24,,1,0.2,0,6.00,0.00,2.80,6-3.2,1,1907077310208221184,极兔快递,JT0015907283227,服饰,天津市,
凯泽智慧社区团寄快递_站点-凯泽智慧社区团寄快递,凯泽智慧社区团寄快递,凯泽智慧社区团寄快递,快递,2025-04-01 22:26:36,,1,0.2,0,6.00,0.00,2.80,6-3.2,1,1907077117794525184,极兔快递,JT0015909437276,服饰,山东省,
凯泽智慧社区团寄快递_站点-凯泽智慧社区团寄快递,凯泽智慧社区团寄快递,凯泽智慧社区团寄快递,快递,2025-04-01 22:06:38,,1,0.81,0,6.00,0.00,2.80,6-3.2,1,1907072087788036096,极兔快递,JT0015912108703,服饰,广东省,
凯泽智慧社区团寄快递_站点-凯泽智慧社区团寄快递,凯泽智慧社区团寄快递,凯泽智慧社区团寄快递,快递,2025-04-01 22:05:49,,1,0.72,0,6.00,0.00,2.80,6-3.2,1,1907071884108439552,极兔快递,JT0015911525859,服饰,广东省,
凯泽智慧社区团寄快递_站点-凯泽智慧社区团寄快递,凯泽智慧社区团寄快递,凯泽智慧社区团寄快递,快递,2025-04-01 20:11:38,,1,0.33,0,6.00,0.00,2.80,6-3.2,1,1907043151418957824,极兔快递,JT0015911241903,生活用品,山东省,
凯泽智慧社区团寄快递_站点-凯泽智慧社区团寄快递,凯泽智慧社区团寄快递,凯泽智慧社区团寄快递,快递,2025-04-01 19:55:22,,1,0.33,0,6.00,0.00,2.80,6-3.2,1,1907039056947781632,极兔快递,JT0015908815283,服饰,浙江省,
凯泽智慧社区团寄快递_站点-凯泽智慧社区团寄快递,凯泽智慧社区团寄快递,凯泽智慧社区团寄快递,快递,2025-04-01 19:36:29,,1,0.25,0,6.00,0.00,2.80,6-3.2,1,1907034309465415680,极兔快递,JT0015901094341,服饰,广东省,
凯泽智慧社区团寄快递_站点-凯泽智慧社区团寄快递,凯泽智慧社区团寄快递,凯泽智慧社区团寄快递,快递,2025-04-01 19:25:10,,1,0.39,0,6.00,0.00,2.80,6-3.2,1,1907031452997591040,极兔快递,JT0015909443859,生活用品,广东省,
凯泽智慧社区团寄快递_站点-凯泽智慧社区团寄快递,凯泽智慧社区团寄快递,凯泽智慧社区团寄快递,快递,2025-04-01 18:29:28,,1,0.2,0,6.00,0.00,2.80,6-3.2,1,1907017433859432448,极兔快递,JT0015907258985,服饰,浙江省,
凯泽智慧社区团寄快递_站点-凯泽智慧社区团寄快递,凯泽智慧社区团寄快递,凯泽智慧社区团寄快递,快递,2025-04-01 17:45:00,,3,2.18,0,8.00,0.00,3.60,45% ,1,1907006244244889600,极兔快递,JT0015903400014,生活用品,广东省,
凯泽智慧社区团寄快递_站点-凯泽智慧社区团寄快递,凯泽智慧社区团寄快递,凯泽智慧社区团寄快递,快递,2025-04-01 17:42:13,,1,0.8,0,6.00,0.00,2.80,6-3.2,1,1907005546958626816,极兔快递,JT0015906686047,服饰,浙江省,
凯泽智慧社区团寄快递_站点-凯泽智慧社区团寄快递,凯泽智慧社区团寄快递,凯泽智慧社区团寄快递,快递,2025-04-01 17:23:41,,1,0.2,0,6.00,0.00,2.80,6-3.2,1,1907000885270749184,极兔快递,JT0015905530327,生活用品,广东省,
凯泽智慧社区团寄快递_站点-凯泽智慧社区团寄快递,凯泽智慧社区团寄快递,凯泽智慧社区团寄快递,快递,2025-04-01 16:50:50,,1,0.26,0,6.00,0.00,2.80,6-3.2,1,1906992618373062656,极兔快递,JT0015908730608,生活用品,广东省,
凯泽智慧社区团寄快递_站点-凯泽智慧社区团寄快递,凯泽智慧社区团寄快递,凯泽智慧社区团寄快递,快递,2025-04-01 16:11:56,,1,0.26,0,6.00,0.00,2.80,6-3.2,1,1906982826128646144,极兔快递,JT0015902507888,服饰,广东省,
凯泽智慧社区团寄快递_站点-凯泽智慧社区团寄快递,凯泽智慧社区团寄快递,凯泽智慧社区团寄快递,快递,2025-04-01 16:07:03,,1,0.2,0,6.00,0.00,2.80,6-3.2,1,1906981599613493248,极兔快递,JT0015907105601,服饰,广东省,
凯泽智慧社区团寄快递_站点-凯泽智慧社区团寄快递,凯泽智慧社区团寄快递,凯泽智慧社区团寄快递,快递,2025-04-01 16:04:08,,1,0.43,0,6.00,0.00,2.80,6-3.2,1,1906980857242656768,极兔快递,JT0015907989357,服饰,广东省,
凯泽智慧社区团寄快递_站点-凯泽智慧社区团寄快递,凯泽智慧社区团寄快递,凯泽智慧社区团寄快递,快递,2025-04-01 15:10:03,,2,1.93,0,7.00,0.00,3.01,43% ,1,1906967251792896000,极兔快递,JT0015905618209,生活用品,湖南省,
凯泽智慧社区团寄快递_站点-凯泽智慧社区团寄快递,凯泽智慧社区团寄快递,凯泽智慧社区团寄快递,快递,2025-04-01 15:09:22,,1,0.77,0,6.00,0.00,2.80,6-3.2,1,1906967075711819776,极兔快递,JT0015900480651,生活用品,安徽省,
凯泽智慧社区团寄快递_站点-凯泽智慧社区团寄快递,凯泽智慧社区团寄快递,凯泽智慧社区团寄快递,快递,2025-04-01 15:08:31,,1,0.52,0,6.00,0.00,2.80,6-3.2,1,1906966867166830592,极兔快递,JT0015904029194,生活用品,江苏省,
凯泽智慧社区团寄快递_站点-凯泽智慧社区团寄快递,凯泽智慧社区团寄快递,凯泽智慧社区团寄快递,快递,2025-04-01 14:21:09,,2,1.3,0,7.00,0.00,3.01,43% ,1,1906954949404336128,极兔快递,JT0015886271088,服饰,福建省,
凯泽智慧社区团寄快递_站点-凯泽智慧社区团寄快递,凯泽智慧社区团寄快递,凯泽智慧社区团寄快递,快递,2025-04-01 13:02:34,,1,0.87,0,6.00,0.00,2.80,6-3.2,1,1906935169624514560,极兔快递,JT0015903519382,服饰,广东省,
凯泽智慧社区团寄快递_站点-凯泽智慧社区团寄快递,凯泽智慧社区团寄快递,凯泽智慧社区团寄快递,快递,2025-04-01 12:17:29,,1,0.66,0,6.00,0.00,2.80,6-3.2,1,1906923828725620736,极兔快递,JT0015902919355,服饰,广东省,
凯泽智慧社区团寄快递_站点-凯泽智慧社区团寄快递,凯泽智慧社区团寄快递,凯泽智慧社区团寄快递,快递,2025-04-01 11:29:38,,2,1.16,0,8.00,0.00,2.44,43%,1,1906911778376982528,极兔快递,JT0015901794883,服饰,上海市,
凯泽智慧社区团寄快递_站点-凯泽智慧社区团寄快递,凯泽智慧社区团寄快递,凯泽智慧社区团寄快递,快递,2025-04-01 10:58:37,,1,0.54,0,6.00,0.00,2.80,6-3.2,1,1906903979207106560,极兔快递,JT0015899435599,服饰,江苏省,
凯泽智慧社区团寄快递_站点-凯泽智慧社区团寄快递,凯泽智慧社区团寄快递,凯泽智慧社区团寄快递,快递,2025-04-01 10:44:57,,3,2.32,0,8.00,0.00,3.60,45% ,1,1906900540095930368,极兔快递,JT0015894461207,生活用品,江西省,
凯泽智慧社区团寄快递_站点-凯泽智慧社区团寄快递,凯泽智慧社区团寄快递,凯泽智慧社区团寄快递,快递,2025-04-01 10:44:16,,1,0.34,0,6.00,0.00,2.80,6-3.2,1,1906900366074257408,极兔快递,JT0015897292856,生活用品,福建省,
凯泽智慧社区团寄快递_站点-凯泽智慧社区团寄快递,凯泽智慧社区团寄快递,凯泽智慧社区团寄快递,快递,2025-04-01 10:38:33,2025-04-01 02:43:47,3,,,8.00,,0.00,,1,1906898928958906368,极兔快递,JT0015901466820,生活用品,福建省,已全额退款
凯泽智慧社区团寄快递_站点-凯泽智慧社区团寄快递,凯泽智慧社区团寄快递,凯泽智慧社区团寄快递,快递,2025-04-01 10:36:25,2025-04-01 02:43:53,1,,,6.00,,0.00,,1,1906898394722017280,极兔快递,JT0015898879290,生活用品,江西省,已全额退款
凯泽智慧社区团寄快递_站点-凯泽智慧社区团寄快递,凯泽智慧社区团寄快递,凯泽智慧社区团寄快递,快递,2025-04-01 10:37:34,,1,0.52,0,6.00,0.00,2.80,6-3.2,1,1906898636540420096,极兔快递,JT0015899247478,生活用品,湖南省,
凯泽智慧社区团寄快递_站点-凯泽智慧社区团寄快递,凯泽智慧社区团寄快递,凯泽智慧社区团寄快递,快递,2025-04-01 10:19:24,,1,,,18.00,,0.00,0%,1,1906894105958096896,顺丰速运,SF3169823366478,生活用品,内蒙古自治区,
凯泽智慧社区团寄快递_站点-凯泽智慧社区团寄快递,凯泽智慧社区团寄快递,凯泽智慧社区团寄快递,快递,2025-04-01 10:00:53,,1,0.51,0,6.00,0.00,2.80,6-3.2,1,1906889450469400576,极兔快递,JT0015898052187,服饰,陕西省,
凯泽智慧社区团寄快递_站点-凯泽智慧社区团寄快递,凯泽智慧社区团寄快递,凯泽智慧社区团寄快递,快递,2025-04-01 09:46:41,,1,0.33,0,6.00,0.00,2.80,6-3.2,1,1906885873613086720,极兔快递,JT0015896486032,服饰,江苏省,
凯泽智慧社区团寄快递_站点-凯泽智慧社区团寄快递,凯泽智慧社区团寄快递,凯泽智慧社区团寄快递,快递,2025-04-01 09:26:13,,1,0.2,0,6.00,0.00,2.80,6-3.2,1,1906880726375800832,极兔快递,JT0015896605649,服饰,广东省,
凯泽智慧社区团寄快递_站点-凯泽智慧社区团寄快递,凯泽智慧社区团寄快递,凯泽智慧社区团寄快递,快递,2025-04-01 09:15:53,,1,0.77,0,6.00,0.00,2.52,42% ,1,1906878118927998976,韵达快递,312695055779326,服饰,江苏省,
凯泽智慧社区团寄快递_站点-凯泽智慧社区团寄快递,凯泽智慧社区团寄快递,凯泽智慧社区团寄快递,干洗,2025-04-01 09:12:04,,,,,49.00,,14.70,30%,,1906877163792703488,干洗,,"清洗普通羽绒服2件不分长短49元   *   1
清洗普通羽绒服2件不分长短49元   *   1",,
凯泽智慧社区团寄快递_站点-凯泽智慧社区团寄快递,凯泽智慧社区团寄快递,凯泽智慧社区团寄快递,快递,2025-04-01 09:02:24,,1,0.99,0,6.00,0.00,2.80,6-3.2,1,1906874732048490496,极兔快递,JT0015899940273,服饰,陕西省,
凯泽智慧社区团寄快递_站点-凯泽智慧社区团寄快递,凯泽智慧社区团寄快递,凯泽智慧社区团寄快递,快递,2025-04-01 08:58:28,,1,0.2,0,6.00,0.00,2.80,6-3.2,1,1906873741588766720,极兔快递,JT0015886145259,生活用品,河北省,
凯泽智慧社区团寄快递_站点-凯泽智慧社区团寄快递,凯泽智慧社区团寄快递,凯泽智慧社区团寄快递,快递,2025-04-01 08:56:05,,1,0.2,0,6.00,0.00,2.80,6-3.2,1,1906873144575729664,极兔快递,JT0015882298633,服饰,广东省,
