姓名,付款人,用户(下单人),订单类型,日期,退款日期,打单重量,结算重量,重量差,金额,超重金额,团长利润,利润公式,价格方案,订单号,快递公司,物流单号,邮寄物品,发往,说明
名恩首府智慧社区服务_站点,合计金额:,3983.21,快递金额:, 3049.07,干洗金额:, 934.14,,,,,,,,,,,,,
名恩首府智慧社区服务_站点-名恩首府智慧社区服务站,名恩首府智慧社区服务站,名恩首府智慧社区服务站,快递,2025-04-30 19:51:34,,0.5,,,6.00,,2.80,6-3.2,2,1917547343517638656,极兔快递,JT0016363793606,生活用品,浙江省,
名恩首府智慧社区服务_站点-名恩首府智慧社区服务站,名恩首府智慧社区服务站,名恩首府智慧社区服务站,快递,2025-04-30 19:48:45,,0.7,,,6.00,,2.80,6-3.2,2,1917546635829501952,极兔快递,JT0016346828803,服饰,浙江省,
名恩首府智慧社区服务_站点-名恩首府智慧社区服务站,名恩首府智慧社区服务站,名恩首府智慧社区服务站,快递,2025-04-30 19:35:37,,0.3,,,6.00,,2.80,6-3.2,2,1917543271800561664,极兔快递,JT0016362377737,服饰,浙江省,
名恩首府智慧社区服务_站点-名恩首府智慧社区服务站,名恩首府智慧社区服务站,名恩首府智慧社区服务站,快递,2025-04-30 19:34:24,,0.3,,,6.00,,2.80,6-3.2,2,1917543024214990848,极兔快递,JT0016363024488,服饰,浙江省,
名恩首府智慧社区服务_站点-名恩首府智慧社区服务站,名恩首府智慧社区服务站,名恩首府智慧社区服务站,快递,2025-04-30 19:17:29,2025-04-30 11:23:21,0.5,,,10.00,,0.00,,2,1917538732993208320,极兔快递,JT0016362229958,生活用品,内蒙古自治区,已全额退款
名恩首府智慧社区服务_站点-名恩首府智慧社区服务站,名恩首府智慧社区服务站,名恩首府智慧社区服务站,干洗,2025-04-30 18:56:33,,,,,24.50,,7.35,30%,,1917533497130278912,干洗,,"清洗普通羽绒服2件不分长短49元   *   1",,
名恩首府智慧社区服务_站点-名恩首府智慧社区服务站,名恩首府智慧社区服务站,名恩首府智慧社区服务站,干洗,2025-04-30 18:52:17,,,,,24.50,,7.35,30%,,1917532418493702144,干洗,,"清洗普通羽绒服2件不分长短49元   *   1",,
名恩首府智慧社区服务_站点-名恩首府智慧社区服务站,名恩首府智慧社区服务站,名恩首府智慧社区服务站,快递,2025-04-30 18:28:18,,0.8,,,6.00,,2.80,6-3.2,2,1917526364997345280,极兔快递,JT0016361158919,服饰,广东省,
名恩首府智慧社区服务_站点-名恩首府智慧社区服务站,名恩首府智慧社区服务站,名恩首府智慧社区服务站,快递,2025-04-30 18:22:10,,0.1,,,6.00,,2.80,6-3.2,2,1917524842167197696,极兔快递,JT0016361087425,生活用品,浙江省,
名恩首府智慧社区服务_站点-名恩首府智慧社区服务站,名恩首府智慧社区服务站,名恩首府智慧社区服务站,快递,2025-04-30 17:24:14,,0.6,,,6.00,,2.80,6-3.2,2,1917510266268737536,极兔快递,JT0016354082703,服饰,浙江省,
名恩首府智慧社区服务_站点-名恩首府智慧社区服务站,名恩首府智慧社区服务站,名恩首府智慧社区服务站,快递,2025-04-30 17:07:28,,0.2,,,6.00,,2.80,6-3.2,2,1917506046354317312,极兔快递,JT0016360501134,服饰,广东省,
名恩首府智慧社区服务_站点-名恩首府智慧社区服务站,名恩首府智慧社区服务站,名恩首府智慧社区服务站,快递,2025-04-30 17:05:14,,0.3,,,6.00,,2.80,6-3.2,2,1917505473840209920,极兔快递,JT0016360319445,服饰,福建省,
名恩首府智慧社区服务_站点-名恩首府智慧社区服务站,名恩首府智慧社区服务站,名恩首府智慧社区服务站,快递,2025-04-30 17:04:26,,0.3,,,6.00,,2.80,6-3.2,2,1917505283536248832,极兔快递,JT0016360963090,服饰,广东省,
名恩首府智慧社区服务_站点-名恩首府智慧社区服务站,名恩首府智慧社区服务站,名恩首府智慧社区服务站,快递,2025-04-30 16:48:10,,0.3,,,6.00,,2.80,6-3.2,2,1917501191338385408,极兔快递,JT0016355571536,服饰,浙江省,
名恩首府智慧社区服务_站点-名恩首府智慧社区服务站,名恩首府智慧社区服务站,名恩首府智慧社区服务站,快递,2025-04-30 16:34:12,,2.3,,,10.00,,5.50,55% ,2,1917497672560599040,极兔快递,JT0016356791253,服饰,陕西省,
名恩首府智慧社区服务_站点-名恩首府智慧社区服务站,名恩首府智慧社区服务站,名恩首府智慧社区服务站,快递,2025-04-30 16:12:40,,0.5,,,6.00,,2.80,6-3.2,2,1917492257785438208,极兔快递,JT0016358208763,服饰,浙江省,
名恩首府智慧社区服务_站点-名恩首府智慧社区服务站,名恩首府智慧社区服务站,名恩首府智慧社区服务站,快递,2025-04-30 16:07:50,,0.2,,,6.00,,2.80,6-3.2,2,1917491031089930240,极兔快递,JT0016358378570,服饰,湖北省,
名恩首府智慧社区服务_站点-名恩首府智慧社区服务站,名恩首府智慧社区服务站,名恩首府智慧社区服务站,快递,2025-04-30 16:07:07,,0.5,,,6.00,,2.80,6-3.2,2,1917490825187352576,极兔快递,JT0016358357329,服饰,广东省,
名恩首府智慧社区服务_站点-名恩首府智慧社区服务站,名恩首府智慧社区服务站,名恩首府智慧社区服务站,快递,2025-04-30 16:05:32,,0.5,,,6.00,,2.80,6-3.2,2,1917490459473403904,极兔快递,JT0016358348761,服饰,湖北省,
名恩首府智慧社区服务_站点-名恩首府智慧社区服务站,名恩首府智慧社区服务站,名恩首府智慧社区服务站,快递,2025-04-30 16:04:26,,0.2,,,6.00,,2.80,6-3.2,2,1917490182607396864,极兔快递,JT0016351035544,服饰,广东省,
名恩首府智慧社区服务_站点-名恩首府智慧社区服务站,名恩首府智慧社区服务站,名恩首府智慧社区服务站,快递,2025-04-30 15:28:50,,0.3,,,6.00,,2.80,6-3.2,2,1917481223800545280,极兔快递,JT0016355213420,生活用品,吉林省,
名恩首府智慧社区服务_站点-名恩首府智慧社区服务站,名恩首府智慧社区服务站,名恩首府智慧社区服务站,快递,2025-04-30 15:03:16,,0.1,,,6.00,,2.80,6-3.2,2,1917474794255474688,极兔快递,JT0016356093881,服饰,四川省,
名恩首府智慧社区服务_站点-名恩首府智慧社区服务站,名恩首府智慧社区服务站,名恩首府智慧社区服务站,快递,2025-04-30 14:47:23,,0.3,,,6.00,,2.80,6-3.2,2,1917470795028553728,极兔快递,JT0016344165230,服饰,广东省,
名恩首府智慧社区服务_站点-名恩首府智慧社区服务站,名恩首府智慧社区服务站,名恩首府智慧社区服务站,快递,2025-04-30 14:42:45,,0.4,,,6.00,,2.80,6-3.2,2,1917469625446883328,极兔快递,JT0016356931133,生活用品,河北省,
名恩首府智慧社区服务_站点-名恩首府智慧社区服务站,名恩首府智慧社区服务站,名恩首府智慧社区服务站,快递,2025-04-30 14:41:24,,0.1,,,6.00,,2.80,6-3.2,2,1917469287906074624,极兔快递,JT0016356407484,服饰,湖北省,
名恩首府智慧社区服务_站点-名恩首府智慧社区服务站,名恩首府智慧社区服务站,名恩首府智慧社区服务站,快递,2025-04-30 14:30:04,,0.3,,,6.00,,2.80,6-3.2,2,1917466435565445120,极兔快递,JT0016354572568,服饰,广东省,
名恩首府智慧社区服务_站点-名恩首府智慧社区服务站,名恩首府智慧社区服务站,名恩首府智慧社区服务站,快递,2025-04-30 14:28:32,,0.3,,,6.00,,2.80,6-3.2,2,1917466052407386112,极兔快递,JT0016354438920,服饰,广东省,
名恩首府智慧社区服务_站点-名恩首府智慧社区服务站,名恩首府智慧社区服务站,名恩首府智慧社区服务站,快递,2025-04-30 14:26:09,,0.3,,,6.00,,2.80,6-3.2,2,1917465450671562752,极兔快递,JT0016351172573,服饰,广东省,
名恩首府智慧社区服务_站点-名恩首府智慧社区服务站,名恩首府智慧社区服务站,名恩首府智慧社区服务站,快递,2025-04-30 14:13:57,,1.8,,,8.00,,4.08,51% ,2,1917462378687815680,极兔快递,JT0016354666845,食品,湖南省,
名恩首府智慧社区服务_站点-名恩首府智慧社区服务站,名恩首府智慧社区服务站,名恩首府智慧社区服务站,快递,2025-04-30 14:12:31,,0.1,,,6.00,,2.80,6-3.2,2,1917462018493571072,极兔快递,JT0016353515936,服饰,广东省,
名恩首府智慧社区服务_站点-名恩首府智慧社区服务站,名恩首府智慧社区服务站,名恩首府智慧社区服务站,快递,2025-04-30 13:44:39,,0.3,,,6.00,,2.80,6-3.2,2,1917455008133865472,极兔快递,JT0016350691687,服饰,广东省,
名恩首府智慧社区服务_站点-名恩首府智慧社区服务站,名恩首府智慧社区服务站,名恩首府智慧社区服务站,快递,2025-04-30 13:37:01,,0.4,,,6.00,,2.80,6-3.2,2,1917453086752563200,极兔快递,JT0016354469766,服饰,江苏省,
名恩首府智慧社区服务_站点-名恩首府智慧社区服务站,名恩首府智慧社区服务站,名恩首府智慧社区服务站,快递,2025-04-30 13:33:52,,0.3,,,6.00,,2.80,6-3.2,2,1917452291403472896,极兔快递,JT0016354844765,服饰,浙江省,
名恩首府智慧社区服务_站点-名恩首府智慧社区服务站,名恩首府智慧社区服务站,名恩首府智慧社区服务站,快递,2025-04-30 13:31:25,,0.2,,,6.00,,2.80,6-3.2,2,1917451676459786240,极兔快递,JT0016352405236,服饰,山东省,
名恩首府智慧社区服务_站点-名恩首府智慧社区服务站,名恩首府智慧社区服务站,名恩首府智慧社区服务站,快递,2025-04-29 20:31:33,,0.5,1.15,-1,6.00,0.00,2.80,6-3.2,2,1917195017166577664,极兔快递,JT0016345753646,生活用品,浙江省,
名恩首府智慧社区服务_站点-名恩首府智慧社区服务站,名恩首府智慧社区服务站,名恩首府智慧社区服务站,快递,2025-04-29 20:15:17,,0.2,0.2,0,6.00,0.00,2.80,6-3.2,2,1917190914747195392,极兔快递,JT0016340532492,服饰,福建省,
名恩首府智慧社区服务_站点-名恩首府智慧社区服务站,名恩首府智慧社区服务站,名恩首府智慧社区服务站,快递,2025-04-29 20:14:30,,0.5,0.33,0,6.00,0.00,2.80,6-3.2,2,1917190727475716096,极兔快递,JT0016344798078,服饰,河北省,
名恩首府智慧社区服务_站点-名恩首府智慧社区服务站,名恩首府智慧社区服务站,名恩首府智慧社区服务站,快递,2025-04-29 20:12:52,,0.1,0.2,0,6.00,0.00,2.80,6-3.2,2,1917190314827505664,极兔快递,JT0016344385868,生活用品,浙江省,
名恩首府智慧社区服务_站点-名恩首府智慧社区服务站,名恩首府智慧社区服务站,名恩首府智慧社区服务站,快递,2025-04-29 20:03:44,,0.5,0.35,0,6.00,0.00,2.80,6-3.2,2,1917188018882273280,极兔快递,JT0016343523339,服饰,广东省,
名恩首府智慧社区服务_站点-名恩首府智慧社区服务站,名恩首府智慧社区服务站,名恩首府智慧社区服务站,快递,2025-04-29 19:58:32,,0.3,0.26,0,6.00,0.00,2.80,6-3.2,2,1917186711547076608,极兔快递,JT0016343361137,服饰,广东省,
名恩首府智慧社区服务_站点-名恩首府智慧社区服务站,名恩首府智慧社区服务站,名恩首府智慧社区服务站,快递,2025-04-29 19:56:35,,0.5,0.46,0,6.00,0.00,2.80,6-3.2,2,1917186222428315648,极兔快递,JT0016343778465,服饰,广东省,
名恩首府智慧社区服务_站点-名恩首府智慧社区服务站,名恩首府智慧社区服务站,名恩首府智慧社区服务站,快递,2025-04-29 19:50:21,,0.5,0.34,0,6.00,0.00,2.80,6-3.2,2,1917184652961701888,极兔快递,JT0016345028556,服饰,福建省,
名恩首府智慧社区服务_站点-名恩首府智慧社区服务站,名恩首府智慧社区服务站,名恩首府智慧社区服务站,快递,2025-04-29 19:47:33,,0.9,0.44,0,6.00,0.00,2.80,6-3.2,2,1917183948306046976,极兔快递,JT0016343895592,服饰,广东省,
名恩首府智慧社区服务_站点-名恩首府智慧社区服务站,名恩首府智慧社区服务站,名恩首府智慧社区服务站,快递,2025-04-29 19:45:04,,0.5,0.5,0,6.00,0.00,2.80,6-3.2,2,1917183321278570496,极兔快递,JT0016344740065,服饰,湖北省,
名恩首府智慧社区服务_站点-名恩首府智慧社区服务站,名恩首府智慧社区服务站,名恩首府智慧社区服务站,快递,2025-04-29 19:43:27,,0.5,0.62,0,6.00,0.00,2.80,6-3.2,2,1917182911969026048,极兔快递,JT0016344242257,服饰,河北省,
名恩首府智慧社区服务_站点-名恩首府智慧社区服务站,名恩首府智慧社区服务站,名恩首府智慧社区服务站,快递,2025-04-29 19:37:07,,0.2,0.2,0,6.00,0.00,2.80,6-3.2,2,1917181322164232192,极兔快递,JT0016340686453,服饰,江西省,
名恩首府智慧社区服务_站点-名恩首府智慧社区服务站,名恩首府智慧社区服务站,名恩首府智慧社区服务站,快递,2025-04-29 19:31:42,,0.3,0.35,0,6.00,0.00,2.80,6-3.2,2,1917179957262213120,极兔快递,JT0016340184699,服饰,陕西省,
名恩首府智慧社区服务_站点-名恩首府智慧社区服务站,名恩首府智慧社区服务站,名恩首府智慧社区服务站,快递,2025-04-29 18:55:30,,0.3,0.67,0,6.00,0.00,2.80,6-3.2,2,1917170843811373056,极兔快递,JT0016340449364,生活用品,浙江省,
名恩首府智慧社区服务_站点-名恩首府智慧社区服务站,名恩首府智慧社区服务站,名恩首府智慧社区服务站,快递,2025-04-29 18:54:05,,1.2,0.2,1,8.00,0.00,4.08,51% ,2,1917170476138684416,极兔快递,JT0016326802913,服饰,浙江省,
名恩首府智慧社区服务_站点-名恩首府智慧社区服务站,名恩首府智慧社区服务站,名恩首府智慧社区服务站,快递,2025-04-29 18:49:42,,0.5,0.28,0,6.00,0.00,2.80,6-3.2,2,1917169385170853888,极兔快递,JT0016343560120,服饰,河北省,
名恩首府智慧社区服务_站点-名恩首府智慧社区服务站,名恩首府智慧社区服务站,名恩首府智慧社区服务站,快递,2025-04-29 18:47:50,,0.5,0.47,0,6.00,0.00,2.80,6-3.2,2,1917168915551412224,极兔快递,JT0016329726090,服饰,广东省,
名恩首府智慧社区服务_站点-名恩首府智慧社区服务站,名恩首府智慧社区服务站,名恩首府智慧社区服务站,干洗,2025-04-29 17:38:10,,,,,29.50,,8.85,30%,,1917151382052069376,干洗,,"清洗毛呢2件59元   *   1",,
名恩首府智慧社区服务_站点-名恩首府智慧社区服务站,名恩首府智慧社区服务站,名恩首府智慧社区服务站,干洗,2025-04-29 17:35:29,,,,,29.50,,8.85,30%,,1917150693976498176,干洗,,"清洗毛呢2件59元   *   1",,
名恩首府智慧社区服务_站点-名恩首府智慧社区服务站,名恩首府智慧社区服务站,名恩首府智慧社区服务站,快递,2025-04-29 17:24:29,,0.2,0.2,0,6.00,0.00,2.80,6-3.2,2,1917147942194307072,极兔快递,JT0016341604224,服饰,广东省,
名恩首府智慧社区服务_站点-名恩首府智慧社区服务站,名恩首府智慧社区服务站,名恩首府智慧社区服务站,干洗,2025-04-29 17:23:29,,,,,24.80,,7.44,30%,,1917147686752804864,干洗,,"棉服_毛呢_羽绒服   *   1",,
名恩首府智慧社区服务_站点-名恩首府智慧社区服务站,名恩首府智慧社区服务站,名恩首府智慧社区服务站,快递,2025-04-29 16:45:36,,0.1,0.21,0,6.00,0.00,2.80,6-3.2,2,1917138156870492160,极兔快递,JT0016335202142,生活用品,广东省,
名恩首府智慧社区服务_站点-名恩首府智慧社区服务站,名恩首府智慧社区服务站,名恩首府智慧社区服务站,干洗,2025-04-29 15:48:46,,,,,9.90,,2.97,30%,,1917123847905927168,干洗,,"清洗鞋19.8元两双   *   1",,
名恩首府智慧社区服务_站点-名恩首府智慧社区服务站,名恩首府智慧社区服务站,名恩首府智慧社区服务站,快递,2025-04-29 15:35:54,,0.5,0.57,0,6.00,0.00,2.80,6-3.2,2,1917120609970348032,极兔快递,JT0016337124826,服饰,广东省,
名恩首府智慧社区服务_站点-名恩首府智慧社区服务站,名恩首府智慧社区服务站,名恩首府智慧社区服务站,快递,2025-04-29 14:44:47,,0.2,0.2,0,6.00,0.00,2.80,6-3.2,2,1917107748946632704,极兔快递,JT0016338821194,服饰,广东省,
名恩首府智慧社区服务_站点-名恩首府智慧社区服务站,名恩首府智慧社区服务站,名恩首府智慧社区服务站,快递,2025-04-29 14:40:54,,0.2,0.2,0,6.00,0.00,2.80,6-3.2,2,1917106773611569152,极兔快递,JT0016337504892,服饰,湖北省,
名恩首府智慧社区服务_站点-名恩首府智慧社区服务站,名恩首府智慧社区服务站,名恩首府智慧社区服务站,快递,2025-04-29 14:38:06,,0.2,0.2,0,6.00,0.00,2.80,6-3.2,2,1917106016640360448,极兔快递,JT0016324493237,服饰,山东省,
名恩首府智慧社区服务_站点-名恩首府智慧社区服务站,名恩首府智慧社区服务站,名恩首府智慧社区服务站,快递,2025-04-29 14:36:52,,0.2,0.2,0,6.00,0.00,2.80,6-3.2,2,1917105758552252416,极兔快递,JT0016330449370,服饰,湖北省,
名恩首府智慧社区服务_站点-名恩首府智慧社区服务站,名恩首府智慧社区服务站,名恩首府智慧社区服务站,快递,2025-04-29 14:35:37,,0.2,0.22,0,6.00,0.00,2.80,6-3.2,2,1917105444877033472,极兔快递,JT0016333275630,服饰,湖北省,
名恩首府智慧社区服务_站点-名恩首府智慧社区服务站,名恩首府智慧社区服务站,名恩首府智慧社区服务站,快递,2025-04-29 14:11:22,,0.5,0.44,0,6.00,0.00,2.80,6-3.2,2,1917099334933733376,极兔快递,JT0016337386512,服饰,广东省,
名恩首府智慧社区服务_站点-名恩首府智慧社区服务站,名恩首府智慧社区服务站,名恩首府智慧社区服务站,快递,2025-04-29 14:10:30,,0.3,0.3,0,6.00,0.00,2.80,6-3.2,2,1917099124480335872,极兔快递,JT0016335534189,服饰,浙江省,
名恩首府智慧社区服务_站点-名恩首府智慧社区服务站,名恩首府智慧社区服务站,名恩首府智慧社区服务站,快递,2025-04-29 14:02:06,,0.5,0.56,0,6.00,0.00,2.80,6-3.2,2,1917097012044292096,极兔快递,JT0016338068411,服饰,山东省,
名恩首府智慧社区服务_站点-名恩首府智慧社区服务站,名恩首府智慧社区服务站,名恩首府智慧社区服务站,快递,2025-04-29 13:50:44,,0.2,0.2,0,6.00,0.00,2.80,6-3.2,2,1917094139231264768,极兔快递,JT0016336321638,服饰,湖北省,
名恩首府智慧社区服务_站点-名恩首府智慧社区服务站,名恩首府智慧社区服务站,名恩首府智慧社区服务站,快递,2025-04-29 13:49:37,,0.3,0.2,0,6.00,0.00,2.80,6-3.2,2,1917093868728016896,极兔快递,JT0016334320045,服饰,广东省,
名恩首府智慧社区服务_站点-名恩首府智慧社区服务站,名恩首府智慧社区服务站,名恩首府智慧社区服务站,快递,2025-04-29 13:48:28,,0.8,0.62,0,6.00,0.00,2.80,6-3.2,2,1917093572555628544,极兔快递,JT0016323371538,服饰,广东省,
名恩首府智慧社区服务_站点-名恩首府智慧社区服务站,名恩首府智慧社区服务站,名恩首府智慧社区服务站,快递,2025-04-29 13:47:29,,0.5,0.52,0,6.00,0.00,2.80,6-3.2,2,1917093329931919360,极兔快递,JT0016322157209,服饰,浙江省,
名恩首府智慧社区服务_站点-名恩首府智慧社区服务站,名恩首府智慧社区服务站,名恩首府智慧社区服务站,快递,2025-04-29 13:33:29,,0.1,0.2,0,6.00,0.00,2.80,6-3.2,2,1917089795874283520,极兔快递,JT0016330599341,生活用品,四川省,
名恩首府智慧社区服务_站点-名恩首府智慧社区服务站,名恩首府智慧社区服务站,名恩首府智慧社区服务站,快递,2025-04-29 13:32:47,,0.1,0.2,0,6.00,0.00,2.80,6-3.2,2,1917089632468393984,极兔快递,JT0016330316310,生活用品,江西省,
名恩首府智慧社区服务_站点-名恩首府智慧社区服务站,名恩首府智慧社区服务站,名恩首府智慧社区服务站,快递,2025-04-29 12:49:10,,0.5,0.58,0,6.00,0.00,2.80,6-3.2,2,1917078656977264640,极兔快递,JT0016333535150,服饰,黑龙江省,
名恩首府智慧社区服务_站点-名恩首府智慧社区服务站,名恩首府智慧社区服务站,名恩首府智慧社区服务站,快递,2025-04-29 12:47:32,,0.5,1.07,-1,6.00,0.00,2.80,6-3.2,2,1917078242227707904,极兔快递,JT0016332056628,服饰,湖北省,
名恩首府智慧社区服务_站点-名恩首府智慧社区服务站,名恩首府智慧社区服务站,名恩首府智慧社区服务站,快递,2025-04-29 12:42:28,,0.1,0.2,0,6.00,0.00,2.80,6-3.2,2,1917076948091985920,极兔快递,JT0016325434407,生活用品,广东省,
名恩首府智慧社区服务_站点-名恩首府智慧社区服务站,名恩首府智慧社区服务站,名恩首府智慧社区服务站,快递,2025-04-29 12:38:05,,0.5,0.5,0,6.00,0.00,2.80,6-3.2,2,1917075865097527296,极兔快递,JT0016334393327,服饰,山西省,
名恩首府智慧社区服务_站点-名恩首府智慧社区服务站,名恩首府智慧社区服务站,名恩首府智慧社区服务站,快递,2025-04-29 12:26:18,,0.3,0.27,0,6.00,0.00,2.80,6-3.2,2,1917072899879788544,极兔快递,JT0016335182096,服饰,广东省,
名恩首府智慧社区服务_站点-名恩首府智慧社区服务站,名恩首府智慧社区服务站,名恩首府智慧社区服务站,快递,2025-04-28 20:20:42,,0.3,0.39,0,6.00,0.00,2.80,6-3.2,2,1916829902567170048,极兔快递,JT0016324390720,服饰,浙江省,
名恩首府智慧社区服务_站点-名恩首府智慧社区服务站,名恩首府智慧社区服务站,名恩首府智慧社区服务站,快递,2025-04-28 20:07:04,,4.5,4.58,0,15.00,3.00,7.50,50% ,2,1916826471458725888,极兔快递,JT0016323731568,生活用品,陕西省,
名恩首府智慧社区服务_站点-名恩首府智慧社区服务站,名恩首府智慧社区服务站,名恩首府智慧社区服务站,快递,2025-04-28 19:58:56,,0.5,0.52,0,6.00,0.00,2.80,6-3.2,2,1916824425007472640,极兔快递,JT0016326772388,服饰,黑龙江省,
名恩首府智慧社区服务_站点-名恩首府智慧社区服务站,名恩首府智慧社区服务站,名恩首府智慧社区服务站,快递,2025-04-28 19:55:42,,0.5,0.67,0,6.00,0.00,2.80,6-3.2,2,1916823610683351040,极兔快递,JT0016326512206,服饰,山东省,
名恩首府智慧社区服务_站点-名恩首府智慧社区服务站,名恩首府智慧社区服务站,名恩首府智慧社区服务站,快递,2025-04-28 19:48:00,,0.5,0.38,0,6.00,0.00,2.80,6-3.2,2,1916821674735230976,极兔快递,JT0016323913278,服饰,河南省,
名恩首府智慧社区服务_站点-名恩首府智慧社区服务站,名恩首府智慧社区服务站,名恩首府智慧社区服务站,快递,2025-04-28 19:45:57,,0.3,0.38,0,6.00,0.00,2.80,6-3.2,2,1916821148857589760,极兔快递,JT0016326442483,服饰,辽宁省,
名恩首府智慧社区服务_站点-名恩首府智慧社区服务站,名恩首府智慧社区服务站,名恩首府智慧社区服务站,快递,2025-04-28 19:45:03,,0.5,0.63,0,6.00,0.00,2.80,6-3.2,2,1916820929126391808,极兔快递,JT0016322487432,服饰,浙江省,
名恩首府智慧社区服务_站点-名恩首府智慧社区服务站,名恩首府智慧社区服务站,名恩首府智慧社区服务站,快递,2025-04-28 19:27:00,,0.2,0.2,0,6.00,0.00,2.80,6-3.2,2,1916816387181699072,极兔快递,JT0016326766783,服饰,福建省,
名恩首府智慧社区服务_站点-名恩首府智慧社区服务站,名恩首府智慧社区服务站,名恩首府智慧社区服务站,快递,2025-04-28 18:27:32,,0.3,0.25,0,6.00,0.00,2.80,6-3.2,2,1916801420768370688,极兔快递,JT0016320259945,服饰,广东省,
名恩首府智慧社区服务_站点-名恩首府智慧社区服务站,名恩首府智慧社区服务站,名恩首府智慧社区服务站,快递,2025-04-28 18:13:30,,0.3,0.37,0,6.00,0.00,2.80,6-3.2,2,1916797886199029760,极兔快递,JT0016321503559,服饰,广东省,
名恩首府智慧社区服务_站点-名恩首府智慧社区服务站,名恩首府智慧社区服务站,名恩首府智慧社区服务站,快递,2025-04-28 18:12:04,,0.3,0.43,0,6.00,0.00,2.80,6-3.2,2,1916797526545850368,极兔快递,JT0016320836412,服饰,广东省,
名恩首府智慧社区服务_站点-名恩首府智慧社区服务站,名恩首府智慧社区服务站,名恩首府智慧社区服务站,快递,2025-04-28 17:37:33,,5.5,5.22,0,18.00,4.50,9.00,50% ,2,1916788841425723392,极兔快递,JT0016324064243,生活用品,陕西省,
名恩首府智慧社区服务_站点-名恩首府智慧社区服务站,名恩首府智慧社区服务站,名恩首府智慧社区服务站,快递,2025-04-28 17:33:20,,0.5,0.5,0,6.00,0.00,2.80,6-3.2,2,1916787780174536704,极兔快递,JT0016322261672,生活用品,福建省,
名恩首府智慧社区服务_站点-名恩首府智慧社区服务站,名恩首府智慧社区服务站,名恩首府智慧社区服务站,快递,2025-04-28 16:42:31,,0.2,0.2,0,6.00,0.00,2.80,6-3.2,2,1916774993524219904,极兔快递,JT0016320760095,服饰,陕西省,
名恩首府智慧社区服务_站点-名恩首府智慧社区服务站,名恩首府智慧社区服务站,名恩首府智慧社区服务站,快递,2025-04-28 16:11:13,,0.3,0.79,0,6.00,0.00,2.80,6-3.2,2,1916767113161007104,极兔快递,JT0016321655784,服饰,浙江省,
名恩首府智慧社区服务_站点-名恩首府智慧社区服务站,名恩首府智慧社区服务站,名恩首府智慧社区服务站,快递,2025-04-28 15:59:40,,0.5,0.2,0,6.00,0.00,2.80,6-3.2,2,1916764208131530752,极兔快递,JT0016315267659,服饰,广东省,
名恩首府智慧社区服务_站点-名恩首府智慧社区服务站,名恩首府智慧社区服务站,名恩首府智慧社区服务站,快递,2025-04-28 14:16:13,,0.5,0.2,0,6.00,0.00,2.80,6-3.2,2,1916738166385860608,极兔快递,JT0016319890597,服饰,江西省,
名恩首府智慧社区服务_站点-名恩首府智慧社区服务站,名恩首府智慧社区服务站,名恩首府智慧社区服务站,快递,2025-04-28 14:15:28,,0.5,1.31,-1,6.00,0.00,2.80,6-3.2,2,1916737986341167104,极兔快递,JT0016319880202,服饰,辽宁省,
名恩首府智慧社区服务_站点-名恩首府智慧社区服务站,名恩首府智慧社区服务站,名恩首府智慧社区服务站,快递,2025-04-28 14:08:36,,0.6,0.64,0,6.00,0.00,2.80,6-3.2,2,1916736259621707776,极兔快递,JT0016318847384,服饰,广东省,
名恩首府智慧社区服务_站点-名恩首府智慧社区服务站,名恩首府智慧社区服务站,名恩首府智慧社区服务站,快递,2025-04-28 14:07:29,,0.4,0.27,0,6.00,0.00,2.80,6-3.2,2,1916735980922789888,极兔快递,JT0016315271084,服饰,广东省,
名恩首府智慧社区服务_站点-名恩首府智慧社区服务站,名恩首府智慧社区服务站,名恩首府智慧社区服务站,快递,2025-04-28 14:06:21,,0.5,0.5,0,6.00,0.00,2.80,6-3.2,2,1916735687657054208,极兔快递,JT0016314251993,服饰,山东省,
名恩首府智慧社区服务_站点-名恩首府智慧社区服务站,名恩首府智慧社区服务站,名恩首府智慧社区服务站,快递,2025-04-28 14:05:10,,0.6,0.48,0,6.00,0.00,2.80,6-3.2,2,1916735393527291904,极兔快递,JT0016316446839,服饰,山东省,
名恩首府智慧社区服务_站点-名恩首府智慧社区服务站,名恩首府智慧社区服务站,名恩首府智慧社区服务站,快递,2025-04-28 13:18:35,,0.7,0.78,0,6.00,0.00,2.80,6-3.2,2,1916723669071880192,极兔快递,JT0016316574588,服饰,广东省,
名恩首府智慧社区服务_站点-名恩首府智慧社区服务站,名恩首府智慧社区服务站,名恩首府智慧社区服务站,快递,2025-04-28 12:56:46,,0.3,0.26,0,6.00,0.00,2.80,6-3.2,2,1916718182121136128,极兔快递,JT0016314115379,服饰,浙江省,
名恩首府智慧社区服务_站点-名恩首府智慧社区服务站,名恩首府智慧社区服务站,名恩首府智慧社区服务站,快递,2025-04-28 12:55:08,,1,0.93,0,6.00,0.00,2.80,6-3.2,2,1916717771477803008,极兔快递,JT0016318045428,服饰,浙江省,
名恩首府智慧社区服务_站点-名恩首府智慧社区服务站,名恩首府智慧社区服务站,名恩首府智慧社区服务站,快递,2025-04-28 12:53:43,,0.4,0.5,0,6.00,0.00,2.80,6-3.2,2,1916717413397487616,极兔快递,JT0016317788122,服饰,湖南省,
名恩首府智慧社区服务_站点-名恩首府智慧社区服务站,名恩首府智慧社区服务站,名恩首府智慧社区服务站,快递,2025-04-28 12:52:35,,0.3,0.25,0,6.00,0.00,2.80,6-3.2,2,1916717124401553408,极兔快递,JT0016314868529,服饰,广东省,
名恩首府智慧社区服务_站点-名恩首府智慧社区服务站,名恩首府智慧社区服务站,名恩首府智慧社区服务站,快递,2025-04-28 12:28:19,,0.7,0.66,0,6.00,0.00,2.80,6-3.2,2,1916711019118125056,极兔快递,JT0016314810616,服饰,广东省,
名恩首府智慧社区服务_站点-名恩首府智慧社区服务站,名恩首府智慧社区服务站,名恩首府智慧社区服务站,快递,2025-04-28 12:26:40,,0.5,0.61,0,6.00,0.00,2.80,6-3.2,2,1916710606079844352,极兔快递,JT0016297855619,服饰,湖南省,
名恩首府智慧社区服务_站点-名恩首府智慧社区服务站,名恩首府智慧社区服务站,名恩首府智慧社区服务站,快递,2025-04-28 12:24:10,,0.8,0.79,0,6.00,0.00,2.80,6-3.2,2,1916709974728040448,极兔快递,JT0016316977019,服饰,浙江省,
名恩首府智慧社区服务_站点-名恩首府智慧社区服务站,名恩首府智慧社区服务站,名恩首府智慧社区服务站,快递,2025-04-28 12:22:37,,1.1,1.05,0,8.00,0.00,4.08,51% ,2,1916709586381627392,极兔快递,JT0016316259873,服饰,浙江省,
名恩首府智慧社区服务_站点-名恩首府智慧社区服务站,名恩首府智慧社区服务站,名恩首府智慧社区服务站,快递,2025-04-28 12:20:32,,0.9,0.94,0,6.00,0.00,2.80,6-3.2,2,1916709060793393152,极兔快递,JT0016316098442,服饰,浙江省,
名恩首府智慧社区服务_站点-名恩首府智慧社区服务站,名恩首府智慧社区服务站,名恩首府智慧社区服务站,快递,2025-04-28 11:49:31,,0.3,0.26,0,6.00,0.00,2.80,6-3.2,2,1916701259635417088,极兔快递,JT0016311932671,服饰,江苏省,
名恩首府智慧社区服务_站点-名恩首府智慧社区服务站,名恩首府智慧社区服务站,名恩首府智慧社区服务站,快递,2025-04-28 11:47:33,,0.3,0.3,0,6.00,0.00,2.80,6-3.2,2,1916700755350052864,极兔快递,JT0016315087397,服饰,江苏省,
名恩首府智慧社区服务_站点-名恩首府智慧社区服务站,名恩首府智慧社区服务站,名恩首府智慧社区服务站,快递,2025-04-28 11:44:41,,0.5,0.26,0,6.00,0.00,2.80,6-3.2,2,1916700039218782208,极兔快递,JT0016309648402,服饰,江苏省,
名恩首府智慧社区服务_站点-名恩首府智慧社区服务站,名恩首府智慧社区服务站,名恩首府智慧社区服务站,快递,2025-04-27 19:54:39,2025-04-27 15:03:16,0.2,,,6.00,,0.00,,2,1916460945385512960,极兔快递,,服饰,江苏省,已全额退款
名恩首府智慧社区服务_站点-名恩首府智慧社区服务站,名恩首府智慧社区服务站,名恩首府智慧社区服务站,快递,2025-04-27 20:57:28,,0.3,0.27,0,6.00,0.00,2.80,6-3.2,2,1916476763263524864,极兔快递,JT0016303737156,服饰,广东省,
名恩首府智慧社区服务_站点-名恩首府智慧社区服务站,名恩首府智慧社区服务站,名恩首府智慧社区服务站,快递,2025-04-27 20:53:56,,17.5,23.15,-6,54.00,31.50,27.00,50% ,2,1916475874360483840,极兔快递,JT0016310029966,易碎品,广东省,
名恩首府智慧社区服务_站点-名恩首府智慧社区服务站,名恩首府智慧社区服务站,名恩首府智慧社区服务站,快递,2025-04-27 20:46:01,,0.2,0.71,0,6.00,0.00,2.80,6-3.2,2,1916473880715517952,极兔快递,JT0016307264618,生活用品,广东省,
名恩首府智慧社区服务_站点-名恩首府智慧社区服务站,名恩首府智慧社区服务站,名恩首府智慧社区服务站,快递,2025-04-27 20:44:47,,1.1,0.2,1,8.00,0.00,4.08,51% ,2,1916473575865114624,极兔快递,JT0016306678038,生活用品,江西省,
名恩首府智慧社区服务_站点-名恩首府智慧社区服务站,名恩首府智慧社区服务站,名恩首府智慧社区服务站,快递,2025-04-27 20:43:20,,1.1,1.57,0,8.00,0.00,4.08,51% ,2,1916473206141411328,极兔快递,JT0016301797274,生活用品,安徽省,
名恩首府智慧社区服务_站点-名恩首府智慧社区服务站,名恩首府智慧社区服务站,名恩首府智慧社区服务站,快递,2025-04-27 19:57:22,,0.5,0.42,0,6.00,0.00,2.80,6-3.2,2,1916461629929480192,极兔快递,JT0016305253418,服饰,江苏省,
名恩首府智慧社区服务_站点-名恩首府智慧社区服务站,名恩首府智慧社区服务站,名恩首府智慧社区服务站,快递,2025-04-27 19:56:40,,1,0.99,0,6.00,0.00,2.80,6-3.2,2,1916461421191553024,极兔快递,JT0016306626785,易碎品,福建省,
名恩首府智慧社区服务_站点-名恩首府智慧社区服务站,名恩首府智慧社区服务站,名恩首府智慧社区服务站,快递,2025-04-27 19:55:27,,0.3,0.7,0,6.00,0.00,2.80,6-3.2,2,1916461146934403072,极兔快递,JT0016302495479,服饰,江苏省,
名恩首府智慧社区服务_站点-名恩首府智慧社区服务站,名恩首府智慧社区服务站,名恩首府智慧社区服务站,快递,2025-04-27 19:53:37,,0.2,0.29,0,6.00,0.00,2.80,6-3.2,2,1916460696478736384,极兔快递,JT0016305166340,服饰,浙江省,
名恩首府智慧社区服务_站点-名恩首府智慧社区服务站,名恩首府智慧社区服务站,名恩首府智慧社区服务站,快递,2025-04-27 19:46:33,,0.1,0.2,0,6.00,0.00,2.80,6-3.2,2,1916458913220059136,极兔快递,JT0016309128272,生活用品,广东省,
名恩首府智慧社区服务_站点-名恩首府智慧社区服务站,名恩首府智慧社区服务站,名恩首府智慧社区服务站,快递,2025-04-27 18:24:40,,0.3,0.29,0,6.00,0.00,2.80,6-3.2,2,1916438313323782144,极兔快递,JT0016303589401,生活用品,江苏省,
名恩首府智慧社区服务_站点-名恩首府智慧社区服务站,名恩首府智慧社区服务站,名恩首府智慧社区服务站,快递,2025-04-27 18:23:21,,0.4,0.41,0,6.00,0.00,2.80,6-3.2,2,1916437979536875520,极兔快递,JT0016307350443,服饰,浙江省,
名恩首府智慧社区服务_站点-名恩首府智慧社区服务站,名恩首府智慧社区服务站,名恩首府智慧社区服务站,快递,2025-04-27 17:11:21,,0.1,0.2,0,6.00,0.00,2.80,6-3.2,2,1916419816120180736,极兔快递,JT0016306068677,生活用品,广东省,
名恩首府智慧社区服务_站点-名恩首府智慧社区服务站,名恩首府智慧社区服务站,名恩首府智慧社区服务站,快递,2025-04-27 17:09:40,,0.5,0.5,0,6.00,0.00,2.80,6-3.2,2,1916419436221095936,极兔快递,JT0016306911631,服饰,广东省,
名恩首府智慧社区服务_站点-名恩首府智慧社区服务站,名恩首府智慧社区服务站,名恩首府智慧社区服务站,快递,2025-04-27 17:06:46,,0.5,0.3,0,6.00,0.00,2.80,6-3.2,2,1916418710182879232,极兔快递,JT0016306654496,生活用品,浙江省,
名恩首府智慧社区服务_站点-名恩首府智慧社区服务站,名恩首府智慧社区服务站,名恩首府智慧社区服务站,快递,2025-04-27 17:04:26,,0.3,0.2,0,6.00,0.00,2.80,6-3.2,2,1916418109361414144,极兔快递,JT0016305609379,服饰,河南省,
名恩首府智慧社区服务_站点-名恩首府智慧社区服务站,名恩首府智慧社区服务站,名恩首府智慧社区服务站,快递,2025-04-27 16:56:20,,0.5,0.35,0,6.00,0.00,2.80,6-3.2,2,1916416078412308480,极兔快递,JT0016304707570,服饰,浙江省,
名恩首府智慧社区服务_站点-名恩首府智慧社区服务站,名恩首府智慧社区服务站,名恩首府智慧社区服务站,快递,2025-04-27 16:53:24,,1,0.88,0,6.00,0.00,2.80,6-3.2,2,1916415340965584896,极兔快递,JT0016304515869,服饰,辽宁省,
名恩首府智慧社区服务_站点-名恩首府智慧社区服务站,名恩首府智慧社区服务站,名恩首府智慧社区服务站,快递,2025-04-27 16:45:56,,0.5,0.63,0,7.00,0.00,2.80,6-3.2,2,1916413461837701120,极兔快递,JT0016304674582,生活用品,上海市,
名恩首府智慧社区服务_站点-名恩首府智慧社区服务站,名恩首府智慧社区服务站,名恩首府智慧社区服务站,快递,2025-04-27 15:58:52,,0.7,0.72,0,6.00,0.00,2.80,6-3.2,2,1916401618595405824,极兔快递,JT0016301326200,服饰,广东省,
名恩首府智慧社区服务_站点-名恩首府智慧社区服务站,名恩首府智慧社区服务站,名恩首府智慧社区服务站,快递,2025-04-27 15:45:29,,0.5,0.69,0,6.00,0.00,2.80,6-3.2,2,1916398249889816576,极兔快递,JT0016303996795,服饰,广东省,
名恩首府智慧社区服务_站点-名恩首府智慧社区服务站,名恩首府智慧社区服务站,名恩首府智慧社区服务站,快递,2025-04-27 15:44:05,,0.2,0.34,0,6.00,0.00,2.80,6-3.2,2,1916397891385876480,极兔快递,JT0016303018561,服饰,广东省,
名恩首府智慧社区服务_站点-名恩首府智慧社区服务站,名恩首府智慧社区服务站,名恩首府智慧社区服务站,快递,2025-04-27 15:43:08,,0.2,0.2,0,6.00,0.00,2.80,6-3.2,2,1916397663333179392,极兔快递,JT0016303366098,服饰,湖北省,
名恩首府智慧社区服务_站点-名恩首府智慧社区服务站,名恩首府智慧社区服务站,名恩首府智慧社区服务站,快递,2025-04-27 15:42:03,,0.2,0.2,0,6.00,0.00,2.80,6-3.2,2,1916397387306033152,极兔快递,JT0016301057338,服饰,广东省,
名恩首府智慧社区服务_站点-名恩首府智慧社区服务站,名恩首府智慧社区服务站,名恩首府智慧社区服务站,快递,2025-04-27 15:37:27,,0.2,0.2,0,6.00,0.00,2.80,6-3.2,2,1916396228931543040,极兔快递,JT0016304589490,服饰,浙江省,
名恩首府智慧社区服务_站点-名恩首府智慧社区服务站,名恩首府智慧社区服务站,名恩首府智慧社区服务站,快递,2025-04-27 15:36:20,,1,0.82,0,6.00,0.00,2.80,6-3.2,2,1916395946105430016,极兔快递,JT0016304684283,服饰,河北省,
名恩首府智慧社区服务_站点-名恩首府智慧社区服务站,名恩首府智慧社区服务站,名恩首府智慧社区服务站,快递,2025-04-27 15:29:19,,0.8,1.26,-1,6.00,0.00,2.80,6-3.2,2,1916394186162888704,极兔快递,JT0016301506256,服饰,浙江省,
名恩首府智慧社区服务_站点-名恩首府智慧社区服务站,名恩首府智慧社区服务站,名恩首府智慧社区服务站,快递,2025-04-27 14:44:49,,0.5,0.58,0,6.00,0.00,2.80,6-3.2,2,1916382985282445312,极兔快递,JT0016298093568,服饰,广东省,
名恩首府智慧社区服务_站点-名恩首府智慧社区服务站,名恩首府智慧社区服务站,名恩首府智慧社区服务站,快递,2025-04-27 14:40:48,,0.1,0.2,0,6.00,0.00,2.80,6-3.2,2,1916381969828864000,极兔快递,JT0016301985645,服饰,广东省,
名恩首府智慧社区服务_站点-名恩首府智慧社区服务站,名恩首府智慧社区服务站,名恩首府智慧社区服务站,快递,2025-04-27 14:31:05,,0.3,0.45,0,6.00,0.00,2.80,6-3.2,2,1916379527733108736,极兔快递,JT0016301210589,服饰,广东省,
名恩首府智慧社区服务_站点-名恩首府智慧社区服务站,名恩首府智慧社区服务站,名恩首府智慧社区服务站,快递,2025-04-27 14:28:29,,0.2,0.65,0,6.00,0.00,2.80,6-3.2,2,1916378877121060864,极兔快递,JT0016303093964,服饰,浙江省,
名恩首府智慧社区服务_站点-名恩首府智慧社区服务站,名恩首府智慧社区服务站,名恩首府智慧社区服务站,快递,2025-04-27 14:27:10,,0.1,0.44,0,6.00,0.00,2.80,6-3.2,2,1916378543216713728,极兔快递,JT0016302958588,生活用品,浙江省,
名恩首府智慧社区服务_站点-名恩首府智慧社区服务站,名恩首府智慧社区服务站,名恩首府智慧社区服务站,快递,2025-04-27 14:20:34,,0.4,0.71,0,6.00,0.00,2.80,6-3.2,2,1916376883329294336,极兔快递,JT0016299480933,服饰,广东省,
名恩首府智慧社区服务_站点-名恩首府智慧社区服务站,名恩首府智慧社区服务站,名恩首府智慧社区服务站,快递,2025-04-27 14:12:51,,0.3,0.4,0,6.00,0.00,2.80,6-3.2,2,1916374913952571392,极兔快递,JT0016301185415,服饰,江苏省,
名恩首府智慧社区服务_站点-名恩首府智慧社区服务站,名恩首府智慧社区服务站,名恩首府智慧社区服务站,快递,2025-04-26 19:58:08,,1.2,0.81,1,8.00,0.00,4.08,51% ,2,1916099444837507072,极兔快递,JT0016290566734,服饰,福建省,
名恩首府智慧社区服务_站点-名恩首府智慧社区服务站,名恩首府智慧社区服务站,名恩首府智慧社区服务站,快递,2025-04-26 19:57:14,,0.3,0.29,0,6.00,0.00,2.80,6-3.2,2,1916099218974236672,极兔快递,JT0016290420154,服饰,广东省,
名恩首府智慧社区服务_站点-名恩首府智慧社区服务站,名恩首府智慧社区服务站,名恩首府智慧社区服务站,快递,2025-04-26 19:55:45,,1,1.0,0,6.00,0.00,2.80,6-3.2,2,1916098847086272512,极兔快递,JT0016292583239,生活用品,广东省,
名恩首府智慧社区服务_站点-名恩首府智慧社区服务站,名恩首府智慧社区服务站,名恩首府智慧社区服务站,快递,2025-04-26 19:48:48,,0.6,0.63,0,6.00,0.00,2.80,6-3.2,2,1916097096534777856,极兔快递,JT0016289583034,生活用品,陕西省,
名恩首府智慧社区服务_站点-名恩首府智慧社区服务站,名恩首府智慧社区服务站,名恩首府智慧社区服务站,快递,2025-04-26 19:07:02,,0.1,0.2,0,6.00,0.00,2.80,6-3.2,2,1916086582438060032,极兔快递,JT0016291166927,服饰,广东省,
名恩首府智慧社区服务_站点-名恩首府智慧社区服务站,名恩首府智慧社区服务站,名恩首府智慧社区服务站,快递,2025-04-26 19:04:43,,0.1,0.2,0,6.00,0.00,2.80,6-3.2,2,1916086000327385088,极兔快递,JT0016290743655,生活用品,广东省,
名恩首府智慧社区服务_站点-名恩首府智慧社区服务站,名恩首府智慧社区服务站,名恩首府智慧社区服务站,快递,2025-04-26 19:01:11,,0.1,0.2,0,6.00,0.00,2.80,6-3.2,2,1916085094110257152,极兔快递,JT0016291812474,生活用品,浙江省,
名恩首府智慧社区服务_站点-名恩首府智慧社区服务站,名恩首府智慧社区服务站,名恩首府智慧社区服务站,快递,2025-04-26 18:49:00,,3.1,3.14,0,12.00,1.50,6.00,50% ,2,1916082044981272576,极兔快递,JT0016291843482,食品,山东省,
名恩首府智慧社区服务_站点-名恩首府智慧社区服务站,名恩首府智慧社区服务站,名恩首府智慧社区服务站,快递,2025-04-26 18:01:05,,0.3,0.31,0,6.00,0.00,2.80,6-3.2,2,1916069989121318912,极兔快递,JT0016290595866,服饰,福建省,
名恩首府智慧社区服务_站点-名恩首府智慧社区服务站,名恩首府智慧社区服务站,名恩首府智慧社区服务站,快递,2025-04-26 17:58:00,,0.6,0.56,0,6.00,0.00,2.80,6-3.2,2,1916069189645033472,极兔快递,JT0016290894919,服饰,广东省,
名恩首府智慧社区服务_站点-名恩首府智慧社区服务站,名恩首府智慧社区服务站,名恩首府智慧社区服务站,快递,2025-04-26 17:56:54,,0.3,0.2,0,6.00,0.00,2.80,6-3.2,2,1916068934190948352,极兔快递,JT0016282971164,服饰,广东省,
名恩首府智慧社区服务_站点-名恩首府智慧社区服务站,名恩首府智慧社区服务站,名恩首府智慧社区服务站,快递,2025-04-26 17:55:35,,0.6,0.7,0,6.00,0.00,2.80,6-3.2,2,1916068593118535680,极兔快递,JT0016282271794,服饰,广东省,
名恩首府智慧社区服务_站点-名恩首府智慧社区服务站,名恩首府智慧社区服务站,名恩首府智慧社区服务站,快递,2025-04-26 17:54:34,,0.6,0.57,0,6.00,0.00,2.80,6-3.2,2,1916068346023698432,极兔快递,JT0016286450091,服饰,广东省,
名恩首府智慧社区服务_站点-名恩首府智慧社区服务站,名恩首府智慧社区服务站,名恩首府智慧社区服务站,快递,2025-04-26 17:53:14,,0.6,0.6,0,6.00,0.00,2.80,6-3.2,2,1916068014547853312,极兔快递,JT0016289273475,服饰,湖南省,
名恩首府智慧社区服务_站点-名恩首府智慧社区服务站,名恩首府智慧社区服务站,名恩首府智慧社区服务站,快递,2025-04-26 17:37:15,,0.3,0.23,0,6.00,0.00,2.80,6-3.2,2,1916063980202024960,极兔快递,JT0016283989028,服饰,浙江省,
名恩首府智慧社区服务_站点-名恩首府智慧社区服务站,名恩首府智慧社区服务站,名恩首府智慧社区服务站,快递,2025-04-26 17:36:20,,0.5,0.38,0,6.00,0.00,2.80,6-3.2,2,1916063760005259264,极兔快递,JT0016285996916,服饰,浙江省,
名恩首府智慧社区服务_站点-名恩首府智慧社区服务站,名恩首府智慧社区服务站,名恩首府智慧社区服务站,快递,2025-04-26 17:09:56,,0.5,0.42,0,6.00,0.00,2.80,6-3.2,2,1916057114923294720,极兔快递,JT0016284929711,服饰,河北省,
名恩首府智慧社区服务_站点-名恩首府智慧社区服务站,名恩首府智慧社区服务站,名恩首府智慧社区服务站,快递,2025-04-26 16:21:17,,0.5,0.44,0,6.00,0.00,2.80,6-3.2,2,1916044875126333440,极兔快递,JT0016286197996,服饰,广东省,
名恩首府智慧社区服务_站点-名恩首府智慧社区服务站,名恩首府智慧社区服务站,名恩首府智慧社区服务站,快递,2025-04-26 16:00:29,,0.2,0.2,0,6.00,0.00,2.80,6-3.2,2,1916039639817052160,极兔快递,JT0016287645504,服饰,福建省,
名恩首府智慧社区服务_站点-名恩首府智慧社区服务站,名恩首府智慧社区服务站,名恩首府智慧社区服务站,快递,2025-04-26 15:46:40,,0.3,0.25,0,6.00,0.00,2.80,6-3.2,2,1916036160662855680,极兔快递,JT0016284568098,服饰,广东省,
名恩首府智慧社区服务_站点-名恩首府智慧社区服务站,名恩首府智慧社区服务站,名恩首府智慧社区服务站,快递,2025-04-26 15:43:22,,0.3,0.45,0,6.00,0.00,2.80,6-3.2,2,1916035325421740032,极兔快递,JT0016288039238,服饰,广东省,
名恩首府智慧社区服务_站点-名恩首府智慧社区服务站,名恩首府智慧社区服务站,名恩首府智慧社区服务站,快递,2025-04-26 15:26:19,,0.01,0.2,0,6.00,0.00,2.80,6-3.2,2,1916031042802475008,极兔快递,JT0016286470993,服饰,江苏省,
名恩首府智慧社区服务_站点-名恩首府智慧社区服务站,名恩首府智慧社区服务站,名恩首府智慧社区服务站,快递,2025-04-26 15:22:05,,1.1,,,8.00,,4.08,51% ,2,1916029907219832832,申通快递,772040600348526,服饰,浙江省,
名恩首府智慧社区服务_站点-名恩首府智慧社区服务站,名恩首府智慧社区服务站,名恩首府智慧社区服务站,快递,2025-04-26 15:15:24,,0.7,0.71,0,6.00,0.00,2.80,6-3.2,2,1916028289678106624,极兔快递,JT0016282500612,服饰,山东省,
名恩首府智慧社区服务_站点-名恩首府智慧社区服务站,名恩首府智慧社区服务站,名恩首府智慧社区服务站,快递,2025-04-26 15:03:22,,0.3,0.2,0,6.00,0.00,2.80,6-3.2,2,1916025266331508736,极兔快递,JT0016283193951,服饰,广东省,
名恩首府智慧社区服务_站点-名恩首府智慧社区服务站,名恩首府智慧社区服务站,名恩首府智慧社区服务站,快递,2025-04-26 15:01:27,,0.5,0.39,0,6.00,0.00,2.80,6-3.2,2,1916024784112377856,极兔快递,JT0016280637978,服饰,湖北省,
名恩首府智慧社区服务_站点-名恩首府智慧社区服务站,名恩首府智慧社区服务站,名恩首府智慧社区服务站,快递,2025-04-26 14:58:48,,0.5,0.38,0,6.00,0.00,2.80,6-3.2,2,1916024116110745600,极兔快递,JT0016281867002,服饰,广东省,
名恩首府智慧社区服务_站点-名恩首府智慧社区服务站,名恩首府智慧社区服务站,名恩首府智慧社区服务站,快递,2025-04-26 14:22:07,,0.5,0.48,0,6.00,0.00,2.80,6-3.2,2,1916014886523822080,极兔快递,JT0016280989523,服饰,浙江省,
名恩首府智慧社区服务_站点-名恩首府智慧社区服务站,名恩首府智慧社区服务站,名恩首府智慧社区服务站,快递,2025-04-26 14:15:48,,0.3,0.2,0,6.00,0.00,2.80,6-3.2,2,1916013295569788928,极兔快递,JT0016280528788,服饰,浙江省,
名恩首府智慧社区服务_站点-名恩首府智慧社区服务站,名恩首府智慧社区服务站,名恩首府智慧社区服务站,快递,2025-04-26 14:12:59,,0.4,0.33,0,6.00,0.00,2.80,6-3.2,2,1916012586275233792,极兔快递,JT0016283371343,服饰,安徽省,
名恩首府智慧社区服务_站点-名恩首府智慧社区服务站,名恩首府智慧社区服务站,名恩首府智慧社区服务站,快递,2025-04-26 14:11:02,,0.4,0.35,0,6.00,0.00,2.80,6-3.2,2,1916012094614724608,极兔快递,JT0016285414910,服饰,广东省,
名恩首府智慧社区服务_站点-名恩首府智慧社区服务站,名恩首府智慧社区服务站,名恩首府智慧社区服务站,快递,2025-04-26 14:06:02,,0.2,0.2,0,6.00,0.00,2.80,6-3.2,2,1916010836428382208,极兔快递,JT0016282864838,生活用品,浙江省,
名恩首府智慧社区服务_站点-名恩首府智慧社区服务站,名恩首府智慧社区服务站,名恩首府智慧社区服务站,快递,2025-04-26 13:57:13,,0.5,0.53,0,6.00,0.00,2.80,6-3.2,2,1916008617998082048,极兔快递,JT0016285520019,服饰,四川省,
名恩首府智慧社区服务_站点-名恩首府智慧社区服务站,名恩首府智慧社区服务站,名恩首府智慧社区服务站,快递,2025-04-26 13:56:07,,0.6,0.71,0,6.00,0.00,2.80,6-3.2,2,1916008339320135680,极兔快递,JT0016283565980,服饰,广东省,
名恩首府智慧社区服务_站点-名恩首府智慧社区服务站,名恩首府智慧社区服务站,名恩首府智慧社区服务站,快递,2025-04-26 13:54:52,,0.6,0.56,0,6.00,0.00,2.80,6-3.2,2,1916008025695248384,极兔快递,JT0016285971603,服饰,广东省,
名恩首府智慧社区服务_站点-名恩首府智慧社区服务站,名恩首府智慧社区服务站,名恩首府智慧社区服务站,快递,2025-04-26 13:50:40,,0.3,0.41,0,6.00,0.00,2.80,6-3.2,2,1916006969129099264,极兔快递,JT0016283847194,服饰,湖北省,
名恩首府智慧社区服务_站点-名恩首府智慧社区服务站,名恩首府智慧社区服务站,名恩首府智慧社区服务站,快递,2025-04-26 13:48:54,,0.5,0.42,0,6.00,0.00,2.80,6-3.2,2,1916006521714302976,极兔快递,JT0016285489656,服饰,湖南省,
名恩首府智慧社区服务_站点-名恩首府智慧社区服务站,名恩首府智慧社区服务站,名恩首府智慧社区服务站,快递,2025-04-25 19:51:15,,2.2,1.38,1,10.00,0.00,5.50,55% ,2,1915735325718405120,极兔快递,JT0016276718741,生活用品,江苏省,
名恩首府智慧社区服务_站点-名恩首府智慧社区服务站,名恩首府智慧社区服务站,名恩首府智慧社区服务站,快递,2025-04-25 19:49:47,,0.4,0.41,0,6.00,0.00,2.80,6-3.2,2,1915734895357648896,极兔快递,JT0016264767903,服饰,浙江省,
名恩首府智慧社区服务_站点-名恩首府智慧社区服务站,名恩首府智慧社区服务站,名恩首府智慧社区服务站,快递,2025-04-25 19:47:54,,0.5,0.25,0,6.00,0.00,2.80,6-3.2,2,1915734479802785792,极兔快递,JT0016275151915,服饰,浙江省,
名恩首府智慧社区服务_站点-名恩首府智慧社区服务站,名恩首府智慧社区服务站,名恩首府智慧社区服务站,快递,2025-04-25 19:46:19,,0.5,0.6,0,6.00,0.00,2.80,6-3.2,2,1915734086922330112,极兔快递,JT0016271938318,服饰,浙江省,
名恩首府智慧社区服务_站点-名恩首府智慧社区服务站,名恩首府智慧社区服务站,名恩首府智慧社区服务站,快递,2025-04-25 19:43:22,,1.1,0.2,1,8.00,0.00,4.08,51% ,2,1915733339702878208,极兔快递,JT0016274137984,服饰,湖北省,
名恩首府智慧社区服务_站点-名恩首府智慧社区服务站,名恩首府智慧社区服务站,名恩首府智慧社区服务站,干洗,2025-04-25 19:37:19,,,,,24.50,,7.35,30%,,1915731815773822976,干洗,,"清洗普通羽绒服2件不分长短49元   *   1",,
名恩首府智慧社区服务_站点-名恩首府智慧社区服务站,名恩首府智慧社区服务站,名恩首府智慧社区服务站,干洗,2025-04-25 19:35:28,,,,,24.50,,7.35,30%,,1915731349241389056,干洗,,"清洗普通羽绒服2件不分长短49元   *   1",,
名恩首府智慧社区服务_站点-名恩首府智慧社区服务站,名恩首府智慧社区服务站,名恩首府智慧社区服务站,干洗,2025-04-25 19:33:39,,,,,24.50,,7.35,30%,,1915730893375070208,干洗,,"清洗普通羽绒服2件不分长短49元   *   1",,
名恩首府智慧社区服务_站点-名恩首府智慧社区服务站,名恩首府智慧社区服务站,名恩首府智慧社区服务站,干洗,2025-04-25 19:30:42,,,,,24.50,,7.35,30%,,1915730153625673728,干洗,,"清洗普通羽绒服2件不分长短49元   *   1",,
名恩首府智慧社区服务_站点-名恩首府智慧社区服务站,名恩首府智慧社区服务站,名恩首府智慧社区服务站,干洗,2025-04-25 19:28:15,,,,,15.00,,4.50,30%,,1915729533518798848,干洗,,"T恤_卫衣_   *   1",,
名恩首府智慧社区服务_站点-名恩首府智慧社区服务站,名恩首府智慧社区服务站,名恩首府智慧社区服务站,干洗,2025-04-25 19:26:38,,,,,15.00,,4.50,30%,,1915729127455645696,干洗,,"T恤_卫衣_   *   1",,
名恩首府智慧社区服务_站点-名恩首府智慧社区服务站,名恩首府智慧社区服务站,名恩首府智慧社区服务站,干洗,2025-04-25 19:24:25,,,,,15.00,,4.50,30%,,1915728572087853056,干洗,,"T恤_卫衣_   *   1",,
名恩首府智慧社区服务_站点-名恩首府智慧社区服务站,名恩首府智慧社区服务站,名恩首府智慧社区服务站,干洗,2025-04-25 19:22:27,,,,,15.00,,4.50,30%,,1915728039054729216,干洗,,"T恤_卫衣_   *   1",,
名恩首府智慧社区服务_站点-名恩首府智慧社区服务站,名恩首府智慧社区服务站,名恩首府智慧社区服务站,干洗,2025-04-25 19:20:46,,,,,15.00,,4.50,30%,,1915727654718070784,干洗,,"T恤_卫衣_   *   1",,
名恩首府智慧社区服务_站点-名恩首府智慧社区服务站,名恩首府智慧社区服务站,名恩首府智慧社区服务站,快递,2025-04-25 19:18:00,,0.1,0.36,0,6.00,0.00,2.80,6-3.2,2,1915726959214387200,极兔快递,JT0016265743438,服饰,浙江省,
名恩首府智慧社区服务_站点-名恩首府智慧社区服务站,名恩首府智慧社区服务站,名恩首府智慧社区服务站,干洗,2025-04-25 19:14:49,,,,,19.80,,5.94,30%,,1915726153627000832,干洗,,"外套   *   1",,
名恩首府智慧社区服务_站点-名恩首府智慧社区服务站,名恩首府智慧社区服务站,名恩首府智慧社区服务站,干洗,2025-04-25 19:12:20,,,,,19.80,,5.94,30%,,1915725521478279168,干洗,,"西装外套   *   1",,
名恩首府智慧社区服务_站点-名恩首府智慧社区服务站,名恩首府智慧社区服务站,名恩首府智慧社区服务站,干洗,2025-04-25 18:58:10,,,,,15.00,,4.50,30%,,1915721940410884096,干洗,,"布鞋_网鞋   *   1",,
名恩首府智慧社区服务_站点-名恩首府智慧社区服务站,名恩首府智慧社区服务站,名恩首府智慧社区服务站,干洗,2025-04-25 18:57:11,,,,,15.00,,4.50,30%,,1915721718637060096,干洗,,"布鞋_网鞋   *   1",,
名恩首府智慧社区服务_站点-名恩首府智慧社区服务站,名恩首府智慧社区服务站,名恩首府智慧社区服务站,快递,2025-04-25 18:52:20,,1.2,1.13,0,8.00,0.00,4.08,51% ,2,1915720497264123904,极兔快递,JT0016274718057,服饰,浙江省,
名恩首府智慧社区服务_站点-名恩首府智慧社区服务站,名恩首府智慧社区服务站,名恩首府智慧社区服务站,快递,2025-04-25 18:13:48,,0.8,0.75,0,6.00,0.00,2.80,6-3.2,2,1915710800024887296,极兔快递,JT0016273745408,服饰,浙江省,
名恩首府智慧社区服务_站点-名恩首府智慧社区服务站,名恩首府智慧社区服务站,名恩首府智慧社区服务站,快递,2025-04-25 18:10:19,,6,5.92,0,18.00,4.50,9.00,50% ,2,1915709926644965376,极兔快递,JT0016273354960,生活用品,陕西省,
名恩首府智慧社区服务_站点-名恩首府智慧社区服务站,名恩首府智慧社区服务站,名恩首府智慧社区服务站,快递,2025-04-25 17:56:51,,0.1,0.21,0,6.00,0.00,2.80,6-3.2,2,1915706042622992384,极兔快递,JT0016273573733,生活用品,安徽省,
名恩首府智慧社区服务_站点-名恩首府智慧社区服务站,名恩首府智慧社区服务站,名恩首府智慧社区服务站,快递,2025-04-25 17:43:56,,1.8,1.74,0,8.00,0.00,4.08,51% ,2,1915703283874062336,极兔快递,JT0016273995573,生活用品,广东省,
名恩首府智慧社区服务_站点-名恩首府智慧社区服务站,名恩首府智慧社区服务站,名恩首府智慧社区服务站,快递,2025-04-25 17:42:02,,0.7,0.69,0,6.00,0.00,2.80,6-3.2,2,1915702805564022784,极兔快递,JT0016273590194,服饰,广东省,
名恩首府智慧社区服务_站点-名恩首府智慧社区服务站,名恩首府智慧社区服务站,名恩首府智慧社区服务站,快递,2025-04-25 17:39:59,,0.3,0.33,0,6.00,0.00,2.80,6-3.2,2,1915702292592254976,极兔快递,JT0016271868589,服饰,山东省,
名恩首府智慧社区服务_站点-名恩首府智慧社区服务站,名恩首府智慧社区服务站,名恩首府智慧社区服务站,快递,2025-04-25 17:38:49,,0.1,0.2,0,6.00,0.00,2.80,6-3.2,2,1915701999678840832,极兔快递,JT0016273632128,生活用品,陕西省,
名恩首府智慧社区服务_站点-名恩首府智慧社区服务站,名恩首府智慧社区服务站,名恩首府智慧社区服务站,快递,2025-04-25 17:35:42,,0.1,0.2,0,6.00,0.00,2.80,6-3.2,2,1915700810996310016,极兔快递,JT0016269351113,生活用品,陕西省,
名恩首府智慧社区服务_站点-名恩首府智慧社区服务站,名恩首府智慧社区服务站,名恩首府智慧社区服务站,快递,2025-04-25 17:30:06,,0.5,0.25,0,6.00,0.00,2.80,6-3.2,2,1915699805218988032,极兔快递,JT0016261551533,服饰,江苏省,
名恩首府智慧社区服务_站点-名恩首府智慧社区服务站,名恩首府智慧社区服务站,名恩首府智慧社区服务站,快递,2025-04-25 17:04:07,,0.3,0.45,0,6.00,0.00,2.80,6-3.2,2,1915693264944291840,极兔快递,JT0016271627366,服饰,江西省,
名恩首府智慧社区服务_站点-名恩首府智慧社区服务站,名恩首府智慧社区服务站,名恩首府智慧社区服务站,快递,2025-04-25 17:02:14,,0.8,0.92,0,6.00,0.00,2.80,6-3.2,2,1915692791961018368,极兔快递,JT0016270389963,生活用品,广东省,
名恩首府智慧社区服务_站点-名恩首府智慧社区服务站,名恩首府智慧社区服务站,名恩首府智慧社区服务站,快递,2025-04-25 17:00:56,,0.8,0.81,0,6.00,0.00,2.80,6-3.2,2,1915692464654311424,极兔快递,JT0016261425154,生活用品,山东省,
名恩首府智慧社区服务_站点-名恩首府智慧社区服务站,名恩首府智慧社区服务站,名恩首府智慧社区服务站,快递,2025-04-25 16:53:22,,0.5,0.39,0,6.00,0.00,2.80,6-3.2,2,1915690557659471872,极兔快递,JT0016271029232,服饰,河南省,
名恩首府智慧社区服务_站点-名恩首府智慧社区服务站,名恩首府智慧社区服务站,名恩首府智慧社区服务站,快递,2025-04-25 16:49:49,,0.5,0.6,0,6.00,0.00,2.80,6-3.2,2,1915689664465657856,极兔快递,JT0016268923739,服饰,河北省,
名恩首府智慧社区服务_站点-名恩首府智慧社区服务站,名恩首府智慧社区服务站,名恩首府智慧社区服务站,快递,2025-04-25 15:51:10,,0.1,0.2,0,6.00,0.00,2.80,6-3.2,2,1915674906307911680,极兔快递,JT0016272902994,生活用品,浙江省,
名恩首府智慧社区服务_站点-名恩首府智慧社区服务站,名恩首府智慧社区服务站,名恩首府智慧社区服务站,快递,2025-04-25 15:39:26,,0.3,0.34,0,6.00,0.00,2.80,6-3.2,2,1915671953740193792,极兔快递,JT0016264158513,服饰,广东省,
名恩首府智慧社区服务_站点-名恩首府智慧社区服务站,名恩首府智慧社区服务站,名恩首府智慧社区服务站,快递,2025-04-25 15:15:55,,1.2,1.18,0,8.00,0.00,4.08,51% ,2,1915666034230878208,极兔快递,JT0016269883792,服饰,陕西省,
名恩首府智慧社区服务_站点-名恩首府智慧社区服务站,名恩首府智慧社区服务站,名恩首府智慧社区服务站,快递,2025-04-25 14:26:10,,0.1,0.2,0,6.00,0.00,2.80,6-3.2,2,1915653512677351424,极兔快递,JT0016269256108,生活用品,广东省,
名恩首府智慧社区服务_站点-名恩首府智慧社区服务站,名恩首府智慧社区服务站,名恩首府智慧社区服务站,快递,2025-04-25 14:18:42,,0.3,0.2,0,6.00,0.00,2.80,6-3.2,2,1915651638976897024,极兔快递,JT0016266531186,服饰,广东省,
名恩首府智慧社区服务_站点-名恩首府智慧社区服务站,名恩首府智慧社区服务站,名恩首府智慧社区服务站,快递,2025-04-25 14:17:27,,0.5,0.25,0,6.00,0.00,2.80,6-3.2,2,1915651310042800128,极兔快递,JT0016265831311,服饰,浙江省,
名恩首府智慧社区服务_站点-名恩首府智慧社区服务站,名恩首府智慧社区服务站,名恩首府智慧社区服务站,快递,2025-04-25 14:16:44,,0.5,0.33,0,6.00,0.00,2.80,6-3.2,2,1915651140232208384,极兔快递,JT0016268478651,服饰,广东省,
名恩首府智慧社区服务_站点-名恩首府智慧社区服务站,名恩首府智慧社区服务站,名恩首府智慧社区服务站,快递,2025-04-25 14:15:28,,0.8,0.67,0,6.00,0.00,2.80,6-3.2,2,1915650822786310144,极兔快递,JT0016269373463,服饰,广东省,
名恩首府智慧社区服务_站点-名恩首府智慧社区服务站,名恩首府智慧社区服务站,名恩首府智慧社区服务站,快递,2025-04-25 13:57:37,,0.5,0.45,0,6.00,0.00,2.80,6-3.2,2,1915646328967061504,极兔快递,JT0016269742473,服饰,广东省,
名恩首府智慧社区服务_站点-名恩首府智慧社区服务站,名恩首府智慧社区服务站,名恩首府智慧社区服务站,快递,2025-04-25 13:56:09,,0.2,0.31,0,6.00,0.00,2.80,6-3.2,2,1915645950531788800,极兔快递,JT0016269342899,服饰,辽宁省,
名恩首府智慧社区服务_站点-名恩首府智慧社区服务站,名恩首府智慧社区服务站,名恩首府智慧社区服务站,快递,2025-04-25 13:55:03,,0.3,0.46,0,6.00,0.00,2.80,6-3.2,2,1915645686399688704,极兔快递,JT0016269046809,服饰,辽宁省,
名恩首府智慧社区服务_站点-名恩首府智慧社区服务站,名恩首府智慧社区服务站,名恩首府智慧社区服务站,快递,2025-04-25 13:46:23,,0.2,0.2,0,6.00,0.00,2.80,6-3.2,2,1915643498826883072,极兔快递,JT0016267229252,服饰,广东省,
名恩首府智慧社区服务_站点-名恩首府智慧社区服务站,名恩首府智慧社区服务站,名恩首府智慧社区服务站,快递,2025-04-25 13:45:04,,0.2,0.2,0,6.00,0.00,2.80,6-3.2,2,1915643162863132672,极兔快递,JT0016257800369,服饰,江苏省,
名恩首府智慧社区服务_站点-名恩首府智慧社区服务站,名恩首府智慧社区服务站,名恩首府智慧社区服务站,快递,2025-04-25 13:44:07,,0.3,0.29,0,6.00,0.00,2.80,6-3.2,2,1915642931136225280,极兔快递,JT0016268370549,服饰,福建省,
名恩首府智慧社区服务_站点-名恩首府智慧社区服务站,名恩首府智慧社区服务站,名恩首府智慧社区服务站,快递,2025-04-25 13:42:58,,0.5,0.26,0,6.00,0.00,2.80,6-3.2,2,1915642642492612608,极兔快递,JT0016267226649,服饰,江苏省,
名恩首府智慧社区服务_站点-名恩首府智慧社区服务站,名恩首府智慧社区服务站,名恩首府智慧社区服务站,快递,2025-04-25 13:33:39,,0.1,0.2,0,6.00,0.00,2.80,6-3.2,2,1915640297595658240,极兔快递,JT0016268071546,生活用品,浙江省,
名恩首府智慧社区服务_站点-名恩首府智慧社区服务站,名恩首府智慧社区服务站,名恩首府智慧社区服务站,快递,2025-04-25 13:32:21,,0.8,0.75,0,6.00,0.00,2.80,6-3.2,2,1915639972897808384,极兔快递,JT0016265774646,生活用品,陕西省,
名恩首府智慧社区服务_站点-名恩首府智慧社区服务站,名恩首府智慧社区服务站,名恩首府智慧社区服务站,快递,2025-04-25 13:30:23,,0.3,0.2,0,6.00,0.00,2.80,6-3.2,2,1915639475667263488,极兔快递,JT0016260059246,生活用品,福建省,
名恩首府智慧社区服务_站点-名恩首府智慧社区服务站,名恩首府智慧社区服务站,名恩首府智慧社区服务站,快递,2025-04-25 12:54:32,,0.2,0.2,0,6.00,0.00,2.80,6-3.2,2,1915630448455507968,极兔快递,JT0016266684704,生活用品,浙江省,
名恩首府智慧社区服务_站点-名恩首府智慧社区服务站,名恩首府智慧社区服务站,名恩首府智慧社区服务站,快递,2025-04-25 12:38:23,,0.5,0.2,0,6.00,0.00,2.80,6-3.2,2,1915626390730629120,极兔快递,JT0016261787150,服饰,浙江省,
名恩首府智慧社区服务_站点-名恩首府智慧社区服务站,名恩首府智慧社区服务站,名恩首府智慧社区服务站,快递,2025-04-25 11:53:21,,0.9,0.82,0,6.00,0.00,2.80,6-3.2,2,1915615034845487104,极兔快递,JT0016265756758,服饰,广东省,
名恩首府智慧社区服务_站点-名恩首府智慧社区服务站,名恩首府智慧社区服务站,名恩首府智慧社区服务站,快递,2025-04-24 20:20:22,,0.5,0.57,0,6.00,0.00,2.80,6-3.2,2,1915380242904309760,极兔快递,JT0016259018848,服饰,山东省,
名恩首府智慧社区服务_站点-名恩首府智慧社区服务站,名恩首府智慧社区服务站,名恩首府智慧社区服务站,快递,2025-04-24 20:19:31,,0.2,0.2,0,6.00,0.00,2.80,6-3.2,2,1915380043347714048,极兔快递,JT0016256325205,生活用品,广东省,
名恩首府智慧社区服务_站点-名恩首府智慧社区服务站,名恩首府智慧社区服务站,名恩首府智慧社区服务站,快递,2025-04-24 20:18:32,,0.3,0.2,0,6.00,0.00,2.80,6-3.2,2,1915379786891190272,极兔快递,JT0016259503664,服饰,安徽省,
名恩首府智慧社区服务_站点-名恩首府智慧社区服务站,名恩首府智慧社区服务站,名恩首府智慧社区服务站,快递,2025-04-24 20:17:50,,0.5,0.36,0,6.00,0.00,2.80,6-3.2,2,1915379616183017472,极兔快递,JT0016259588295,服饰,广东省,
名恩首府智慧社区服务_站点-名恩首府智慧社区服务站,名恩首府智慧社区服务站,名恩首府智慧社区服务站,快递,2025-04-24 20:16:49,,0.3,0.24,0,6.00,0.00,2.80,6-3.2,2,1915379371558625280,极兔快递,JT0016259450496,服饰,广东省,
名恩首府智慧社区服务_站点-名恩首府智慧社区服务站,名恩首府智慧社区服务站,名恩首府智慧社区服务站,快递,2025-04-24 20:07:22,,0.5,0.53,0,6.00,0.00,2.80,6-3.2,2,1915376908726231040,极兔快递,JT0016250023683,服饰,广东省,
名恩首府智慧社区服务_站点-名恩首府智慧社区服务站,名恩首府智慧社区服务站,名恩首府智慧社区服务站,快递,2025-04-24 20:02:18,,1.2,0.77,1,8.00,0.00,4.08,51% ,2,1915375715702595584,极兔快递,JT0016258566690,服饰,河北省,
名恩首府智慧社区服务_站点-名恩首府智慧社区服务站,名恩首府智慧社区服务站,名恩首府智慧社区服务站,快递,2025-04-24 19:23:18,,0.2,0.28,0,6.00,0.00,2.80,6-3.2,2,1915365901572300800,极兔快递,JT0016259003608,服饰,广东省,
名恩首府智慧社区服务_站点-名恩首府智慧社区服务站,名恩首府智慧社区服务站,名恩首府智慧社区服务站,快递,2025-04-24 19:20:34,,0.3,0.25,0,6.00,0.00,2.80,6-3.2,2,1915365211378606080,极兔快递,JT0016257077023,服饰,湖南省,
名恩首府智慧社区服务_站点-名恩首府智慧社区服务站,名恩首府智慧社区服务站,名恩首府智慧社区服务站,快递,2025-04-24 19:04:30,,0.2,0.29,0,6.00,0.00,2.80,6-3.2,2,1915361172192550912,极兔快递,JT0016257915881,服饰,河北省,
名恩首府智慧社区服务_站点-名恩首府智慧社区服务站,名恩首府智慧社区服务站,名恩首府智慧社区服务站,快递,2025-04-24 18:50:01,,0.3,0.36,0,6.00,0.00,2.80,6-3.2,2,1915357519578718208,极兔快递,JT0016254866858,服饰,广东省,
名恩首府智慧社区服务_站点-名恩首府智慧社区服务站,名恩首府智慧社区服务站,名恩首府智慧社区服务站,快递,2025-04-24 18:48:55,,0.1,0.32,0,6.00,0.00,2.80,6-3.2,2,1915357249197105152,极兔快递,JT0016258328896,服饰,浙江省,
名恩首府智慧社区服务_站点-名恩首府智慧社区服务站,名恩首府智慧社区服务站,名恩首府智慧社区服务站,快递,2025-04-24 18:47:37,,0.6,0.59,0,6.00,0.00,2.80,6-3.2,2,1915356922821533696,极兔快递,JT0016259055817,服饰,河南省,
名恩首府智慧社区服务_站点-名恩首府智慧社区服务站,名恩首府智慧社区服务站,名恩首府智慧社区服务站,快递,2025-04-24 18:46:22,,0.2,0.21,0,6.00,0.00,2.80,6-3.2,2,1915356608781410304,极兔快递,JT0016257299643,服饰,湖北省,
名恩首府智慧社区服务_站点-名恩首府智慧社区服务站,名恩首府智慧社区服务站,名恩首府智慧社区服务站,快递,2025-04-24 18:45:14,,0.8,0.77,0,6.00,0.00,2.80,6-3.2,2,1915356324185300992,极兔快递,JT0016258371276,服饰,广东省,
名恩首府智慧社区服务_站点-名恩首府智慧社区服务站,名恩首府智慧社区服务站,名恩首府智慧社区服务站,快递,2025-04-24 18:43:58,,0.5,0.7,0,6.00,0.00,2.80,6-3.2,2,1915356004063436800,极兔快递,JT0016253044217,服饰,广东省,
名恩首府智慧社区服务_站点-名恩首府智慧社区服务站,名恩首府智慧社区服务站,名恩首府智慧社区服务站,快递,2025-04-24 18:41:31,,0.5,0.5,0,6.00,0.00,2.80,6-3.2,2,1915355388314443776,极兔快递,JT0016250562672,服饰,浙江省,
名恩首府智慧社区服务_站点-名恩首府智慧社区服务站,名恩首府智慧社区服务站,名恩首府智慧社区服务站,快递,2025-04-24 18:29:09,,0.4,0.63,0,6.00,0.00,2.80,6-3.2,2,1915352275838885888,极兔快递,JT0016256146192,服饰,浙江省,
名恩首府智慧社区服务_站点-名恩首府智慧社区服务站,名恩首府智慧社区服务站,名恩首府智慧社区服务站,快递,2025-04-24 18:27:28,,0.3,0.39,0,6.00,0.00,2.80,6-3.2,2,1915351801907699712,极兔快递,JT0016257289036,服饰,浙江省,
名恩首府智慧社区服务_站点-名恩首府智慧社区服务站,名恩首府智慧社区服务站,名恩首府智慧社区服务站,快递,2025-04-24 17:50:01,,0.3,0.4,0,6.00,0.00,2.80,6-3.2,2,1915342425608216576,极兔快递,JT0016252824528,生活用品,浙江省,
名恩首府智慧社区服务_站点-名恩首府智慧社区服务站,名恩首府智慧社区服务站,名恩首府智慧社区服务站,快递,2025-04-24 17:08:16,,0.4,0.67,0,6.00,0.00,2.80,6-3.2,2,1915331914195853312,极兔快递,JT0016257119263,服饰,浙江省,
名恩首府智慧社区服务_站点-名恩首府智慧社区服务站,名恩首府智慧社区服务站,名恩首府智慧社区服务站,快递,2025-04-24 17:07:19,,0.3,0.81,0,6.00,0.00,2.80,6-3.2,2,1915331682015961088,极兔快递,JT0016256904236,生活用品,浙江省,
名恩首府智慧社区服务_站点-名恩首府智慧社区服务站,名恩首府智慧社区服务站,名恩首府智慧社区服务站,快递,2025-04-24 16:36:03,,0.5,0.52,0,6.00,0.00,2.80,6-3.2,2,1915323813807841280,极兔快递,JT0016252413216,服饰,广东省,
名恩首府智慧社区服务_站点-名恩首府智慧社区服务站,名恩首府智慧社区服务站,名恩首府智慧社区服务站,快递,2025-04-24 16:26:11,,0.2,0.2,0,6.00,0.00,2.80,6-3.2,2,1915321322445791232,极兔快递,JT0016253562227,服饰,广东省,
名恩首府智慧社区服务_站点-名恩首府智慧社区服务站,名恩首府智慧社区服务站,名恩首府智慧社区服务站,快递,2025-04-24 16:25:26,,0.4,0.43,0,6.00,0.00,2.80,6-3.2,2,1915321130061455360,极兔快递,JT0016252225267,服饰,浙江省,
名恩首府智慧社区服务_站点-名恩首府智慧社区服务站,名恩首府智慧社区服务站,名恩首府智慧社区服务站,快递,2025-04-24 16:24:19,,0.4,0.31,0,6.00,0.00,2.80,6-3.2,2,1915320860866830336,极兔快递,JT0016255996250,服饰,湖北省,
名恩首府智慧社区服务_站点-名恩首府智慧社区服务站,名恩首府智慧社区服务站,名恩首府智慧社区服务站,快递,2025-04-24 16:22:13,,0.3,0.69,0,6.00,0.00,2.80,6-3.2,2,1915320334422958080,极兔快递,JT0016243708923,服饰,浙江省,
名恩首府智慧社区服务_站点-名恩首府智慧社区服务站,名恩首府智慧社区服务站,名恩首府智慧社区服务站,快递,2025-04-24 16:18:56,,0.3,0.36,0,6.00,0.00,2.80,6-3.2,2,1915319508287676416,极兔快递,JT0016255428517,服饰,浙江省,
名恩首府智慧社区服务_站点-名恩首府智慧社区服务站,名恩首府智慧社区服务站,名恩首府智慧社区服务站,快递,2025-04-24 15:12:38,,0.5,0.26,0,6.00,0.00,2.80,6-3.2,2,1915302823514136576,极兔快递,JT0016250111088,服饰,福建省,
名恩首府智慧社区服务_站点-名恩首府智慧社区服务站,名恩首府智慧社区服务站,名恩首府智慧社区服务站,快递,2025-04-24 14:18:36,,0.3,0.31,0,6.00,0.00,2.80,6-3.2,2,1915289196841197568,极兔快递,JT0016249470610,服饰,浙江省,
名恩首府智慧社区服务_站点-名恩首府智慧社区服务站,名恩首府智慧社区服务站,名恩首府智慧社区服务站,快递,2025-04-24 14:17:27,,0.5,0.42,0,6.00,0.00,2.80,6-3.2,2,1915288934663643136,极兔快递,JT0016248767853,服饰,浙江省,
名恩首府智慧社区服务_站点-名恩首府智慧社区服务站,名恩首府智慧社区服务站,名恩首府智慧社区服务站,快递,2025-04-24 13:29:43,,0.3,0.27,0,6.00,0.00,2.80,6-3.2,2,1915276917852659712,极兔快递,JT0016249884985,服饰,广西壮族自治区,
名恩首府智慧社区服务_站点-名恩首府智慧社区服务站,名恩首府智慧社区服务站,名恩首府智慧社区服务站,快递,2025-04-24 11:51:58,,0.3,0.3,0,6.00,0.00,2.80,6-3.2,2,1915252317919961088,极兔快递,JT0016248471370,服饰,湖北省,
名恩首府智慧社区服务_站点-名恩首府智慧社区服务站,名恩首府智慧社区服务站,名恩首府智慧社区服务站,快递,2025-04-24 11:41:48,,1.3,0.93,1,8.00,0.00,4.08,51% ,2,1915249760162078720,极兔快递,JT0016243048479,食品,河南省,
名恩首府智慧社区服务_站点-名恩首府智慧社区服务站,名恩首府智慧社区服务站,名恩首府智慧社区服务站,快递,2025-04-24 11:34:41,,0.3,0.2,0,6.00,0.00,2.80,6-3.2,2,1915247970842632192,极兔快递,JT0016245360471,服饰,安徽省,
名恩首府智慧社区服务_站点-名恩首府智慧社区服务站,名恩首府智慧社区服务站,名恩首府智慧社区服务站,快递,2025-04-23 21:02:13,,0.5,0.23,0,6.00,0.00,2.80,6-3.2,2,1915028406498414592,极兔快递,JT0016243767470,服饰,广东省,
名恩首府智慧社区服务_站点-名恩首府智慧社区服务站,名恩首府智慧社区服务站,名恩首府智慧社区服务站,快递,2025-04-23 20:16:21,,0.1,0.2,0,6.00,0.00,2.80,6-3.2,2,1915016868655976448,极兔快递,JT0016243460931,服饰,浙江省,
名恩首府智慧社区服务_站点-名恩首府智慧社区服务站,名恩首府智慧社区服务站,名恩首府智慧社区服务站,快递,2025-04-23 20:15:04,,0.6,0.21,0,6.00,0.00,2.80,6-3.2,2,1915016544222367744,极兔快递,JT0016242242056,服饰,江苏省,
名恩首府智慧社区服务_站点-名恩首府智慧社区服务站,名恩首府智慧社区服务站,名恩首府智慧社区服务站,快递,2025-04-23 19:56:28,,0.6,0.4,0,6.00,0.00,2.80,6-3.2,2,1915011853279219712,极兔快递,JT0016242734425,服饰,河南省,
名恩首府智慧社区服务_站点-名恩首府智慧社区服务站,名恩首府智慧社区服务站,名恩首府智慧社区服务站,快递,2025-04-23 19:55:34,,1,0.67,0,6.00,0.00,2.80,6-3.2,2,1915011636945408000,极兔快递,JT0016240044362,服饰,福建省,
名恩首府智慧社区服务_站点-名恩首府智慧社区服务站,名恩首府智慧社区服务站,名恩首府智慧社区服务站,快递,2025-04-23 19:51:07,,0.3,0.26,0,6.00,0.00,2.80,6-3.2,2,1915010504781123584,极兔快递,JT0016237999241,服饰,湖北省,
名恩首府智慧社区服务_站点-名恩首府智慧社区服务站,名恩首府智慧社区服务站,名恩首府智慧社区服务站,快递,2025-04-23 19:50:07,,0.4,0.3,0,6.00,0.00,2.80,6-3.2,2,1915010266947309568,极兔快递,JT0016231154290,服饰,广东省,
名恩首府智慧社区服务_站点-名恩首府智慧社区服务站,名恩首府智慧社区服务站,名恩首府智慧社区服务站,快递,2025-04-23 19:46:30,,0.5,0.67,0,6.00,0.00,2.80,6-3.2,2,1915009353243348992,极兔快递,JT0016236167937,服饰,浙江省,
名恩首府智慧社区服务_站点-名恩首府智慧社区服务站,名恩首府智慧社区服务站,名恩首府智慧社区服务站,快递,2025-04-23 19:38:15,,0.6,0.58,0,6.00,0.00,2.80,6-3.2,2,1915007274466594816,极兔快递,JT0016241578694,服饰,广东省,
名恩首府智慧社区服务_站点-名恩首府智慧社区服务站,名恩首府智慧社区服务站,名恩首府智慧社区服务站,快递,2025-04-23 19:37:06,,0.5,0.53,0,6.00,0.00,2.80,6-3.2,2,1915006967665840128,极兔快递,JT0016242107675,服饰,浙江省,
名恩首府智慧社区服务_站点-名恩首府智慧社区服务站,名恩首府智慧社区服务站,名恩首府智慧社区服务站,快递,2025-04-23 19:35:57,,0.2,0.32,0,6.00,0.00,2.80,6-3.2,2,1915006700148936704,极兔快递,JT0016239245070,服饰,广东省,
名恩首府智慧社区服务_站点-名恩首府智慧社区服务站,名恩首府智慧社区服务站,名恩首府智慧社区服务站,快递,2025-04-23 19:34:35,,0.6,0.52,0,6.00,0.00,2.80,6-3.2,2,1915006354966106112,极兔快递,JT0016240924372,服饰,广东省,
名恩首府智慧社区服务_站点-名恩首府智慧社区服务站,名恩首府智慧社区服务站,名恩首府智慧社区服务站,快递,2025-04-23 19:30:57,,1,0.6,0,6.00,0.00,2.80,6-3.2,2,1915005440146460672,极兔快递,JT0016241478828,服饰,浙江省,
名恩首府智慧社区服务_站点-名恩首府智慧社区服务站,名恩首府智慧社区服务站,名恩首府智慧社区服务站,快递,2025-04-23 19:23:16,,0.6,0.46,0,6.00,0.00,2.80,6-3.2,2,1915003508371673088,极兔快递,JT0016221847922,生活用品,山西省,
名恩首府智慧社区服务_站点-名恩首府智慧社区服务站,名恩首府智慧社区服务站,名恩首府智慧社区服务站,快递,2025-04-23 19:16:29,,0.7,0.69,0,6.00,0.00,2.80,6-3.2,2,1915001793916358656,极兔快递,JT0016243100661,服饰,江苏省,
名恩首府智慧社区服务_站点-名恩首府智慧社区服务站,名恩首府智慧社区服务站,名恩首府智慧社区服务站,快递,2025-04-23 19:00:15,,0.3,0.51,0,6.00,0.00,2.80,6-3.2,2,1914997713982640128,极兔快递,JT0016230519814,服饰,广东省,
名恩首府智慧社区服务_站点-名恩首府智慧社区服务站,名恩首府智慧社区服务站,名恩首府智慧社区服务站,快递,2025-04-23 18:58:05,,0.5,0.52,0,6.00,0.00,2.80,6-3.2,2,1914997169742336000,极兔快递,JT0016241355525,服饰,浙江省,
名恩首府智慧社区服务_站点-名恩首府智慧社区服务站,名恩首府智慧社区服务站,名恩首府智慧社区服务站,干洗,2025-04-23 18:52:41,,,,,24.50,,7.35,30%,,1914995785630404608,干洗,,"清洗普通羽绒服2件不分长短49元   *   1",,
名恩首府智慧社区服务_站点-名恩首府智慧社区服务站,名恩首府智慧社区服务站,名恩首府智慧社区服务站,干洗,2025-04-23 18:49:36,,,,,24.50,,7.35,30%,,1914995031062532096,干洗,,"清洗普通羽绒服2件不分长短49元   *   1",,
名恩首府智慧社区服务_站点-名恩首府智慧社区服务站,名恩首府智慧社区服务站,名恩首府智慧社区服务站,干洗,2025-04-23 18:13:52,,,,,15.00,,4.50,30%,,1914985982057172992,干洗,,"布鞋_网鞋   *   1",,
名恩首府智慧社区服务_站点-名恩首府智慧社区服务站,名恩首府智慧社区服务站,名恩首府智慧社区服务站,干洗,2025-04-23 18:11:23,,,,,9.90,,2.97,30%,,1914985413791895552,干洗,,"清洗鞋19.8元两双   *   1",,
名恩首府智慧社区服务_站点-名恩首府智慧社区服务站,名恩首府智慧社区服务站,名恩首府智慧社区服务站,快递,2025-04-23 17:55:17,,0.1,0.2,0,6.00,0.00,2.80,6-3.2,2,1914981362777903104,极兔快递,JT0016240605027,服饰,广东省,
名恩首府智慧社区服务_站点-名恩首府智慧社区服务站,名恩首府智慧社区服务站,名恩首府智慧社区服务站,快递,2025-04-23 17:34:46,,0.3,0.2,0,6.00,0.00,2.80,6-3.2,2,1914976189921808384,极兔快递,JT0016215678698,服饰,湖南省,
名恩首府智慧社区服务_站点-名恩首府智慧社区服务站,名恩首府智慧社区服务站,名恩首府智慧社区服务站,快递,2025-04-23 17:33:46,,0.2,0.2,0,6.00,0.00,2.80,6-3.2,2,1914975938662027264,极兔快递,JT0016240952027,服饰,广东省,
名恩首府智慧社区服务_站点-名恩首府智慧社区服务站,名恩首府智慧社区服务站,名恩首府智慧社区服务站,快递,2025-04-23 17:32:41,,0.2,0.2,0,6.00,0.00,2.80,6-3.2,2,1914975662370639872,极兔快递,JT0016235062083,服饰,浙江省,
名恩首府智慧社区服务_站点-名恩首府智慧社区服务站,名恩首府智慧社区服务站,名恩首府智慧社区服务站,快递,2025-04-23 17:31:34,,0.2,0.2,0,6.00,0.00,2.80,6-3.2,2,1914975397231906816,极兔快递,JT0016233293699,服饰,江苏省,
名恩首府智慧社区服务_站点-名恩首府智慧社区服务站,名恩首府智慧社区服务站,名恩首府智慧社区服务站,快递,2025-04-23 17:28:29,,0.2,0.2,0,6.00,0.00,2.80,6-3.2,2,1914974620388085760,极兔快递,JT0016238514575,服饰,广东省,
名恩首府智慧社区服务_站点-名恩首府智慧社区服务站,名恩首府智慧社区服务站,名恩首府智慧社区服务站,快递,2025-04-23 17:26:37,,0.3,0.2,0,6.00,0.00,2.80,6-3.2,2,1914974152886767616,极兔快递,JT0016240522340,服饰,浙江省,
名恩首府智慧社区服务_站点-名恩首府智慧社区服务站,名恩首府智慧社区服务站,名恩首府智慧社区服务站,快递,2025-04-23 17:25:29,,0.5,0.48,0,6.00,0.00,2.80,6-3.2,2,1914973862108254208,极兔快递,JT0016230410231,服饰,广东省,
名恩首府智慧社区服务_站点-名恩首府智慧社区服务站,名恩首府智慧社区服务站,名恩首府智慧社区服务站,快递,2025-04-23 17:21:37,,0.3,0.21,0,6.00,0.00,2.80,6-3.2,2,1914972892196425728,极兔快递,JT0016235146969,服饰,江苏省,
名恩首府智慧社区服务_站点-名恩首府智慧社区服务站,名恩首府智慧社区服务站,名恩首府智慧社区服务站,快递,2025-04-23 17:19:36,,0.5,0.36,0,6.00,0.00,2.80,6-3.2,2,1914972389718806528,极兔快递,JT0016237339913,服饰,湖南省,
名恩首府智慧社区服务_站点-名恩首府智慧社区服务站,名恩首府智慧社区服务站,名恩首府智慧社区服务站,快递,2025-04-23 17:18:07,,0.1,0.2,0,6.00,0.00,2.80,6-3.2,2,1914972012961255424,极兔快递,JT0016241047058,服饰,浙江省,
名恩首府智慧社区服务_站点-名恩首府智慧社区服务站,名恩首府智慧社区服务站,名恩首府智慧社区服务站,快递,2025-04-23 17:06:58,,0.5,0.41,0,6.00,0.00,2.80,6-3.2,2,1914969206103658496,极兔快递,JT0016240263863,生活用品,河北省,
名恩首府智慧社区服务_站点-名恩首府智慧社区服务站,名恩首府智慧社区服务站,名恩首府智慧社区服务站,干洗,2025-04-23 16:52:46,,,,,24.50,,7.35,30%,,1914965630555967488,干洗,,"清洗普通羽绒服2件不分长短49元   *   1",,
名恩首府智慧社区服务_站点-名恩首府智慧社区服务站,名恩首府智慧社区服务站,名恩首府智慧社区服务站,干洗,2025-04-23 16:49:46,,,,,29.50,,8.85,30%,,1914964873727365120,干洗,,"清洗毛呢2件59元   *   1",,
名恩首府智慧社区服务_站点-名恩首府智慧社区服务站,名恩首府智慧社区服务站,名恩首府智慧社区服务站,干洗,2025-04-23 16:45:09,,,,,29.50,,8.85,30%,,1914963709556346880,干洗,,"清洗毛呢2件59元   *   1",,
名恩首府智慧社区服务_站点-名恩首府智慧社区服务站,名恩首府智慧社区服务站,名恩首府智慧社区服务站,干洗,2025-04-23 16:35:39,,,,,29.50,,8.85,30%,,1914961317779656704,干洗,,"清洗毛呢2件59元   *   1",,
名恩首府智慧社区服务_站点-名恩首府智慧社区服务站,名恩首府智慧社区服务站,名恩首府智慧社区服务站,干洗,2025-04-23 16:32:12,,,,,24.50,,7.35,30%,,1914960426288730112,干洗,,"清洗普通羽绒服2件不分长短49元   *   1",,
名恩首府智慧社区服务_站点-名恩首府智慧社区服务站,名恩首府智慧社区服务站,名恩首府智慧社区服务站,干洗,2025-04-23 16:28:19,,,,,24.50,,7.35,30%,,1914959446331543552,干洗,,"清洗普通羽绒服2件不分长短49元   *   1",,
名恩首府智慧社区服务_站点-名恩首府智慧社区服务站,名恩首府智慧社区服务站,名恩首府智慧社区服务站,快递,2025-04-23 16:07:08,,0.3,0.51,0,6.00,0.00,2.80,6-3.2,2,1914954147239481344,极兔快递,JT0016237463100,服饰,四川省,
名恩首府智慧社区服务_站点-名恩首府智慧社区服务站,名恩首府智慧社区服务站,名恩首府智慧社区服务站,快递,2025-04-23 15:59:06,,0.5,0.33,0,6.00,0.00,2.80,6-3.2,2,1914952128038621184,极兔快递,JT0016238403693,服饰,江苏省,
名恩首府智慧社区服务_站点-名恩首府智慧社区服务站,名恩首府智慧社区服务站,名恩首府智慧社区服务站,快递,2025-04-23 15:56:59,,0.5,0.52,0,6.00,0.00,2.80,6-3.2,2,1914951590609866752,极兔快递,JT0016238661627,服饰,福建省,
名恩首府智慧社区服务_站点-名恩首府智慧社区服务站,名恩首府智慧社区服务站,名恩首府智慧社区服务站,快递,2025-04-23 15:48:23,,0.2,0.23,0,6.00,0.00,2.80,6-3.2,2,1914949429658308608,极兔快递,JT0016237369866,服饰,江苏省,
名恩首府智慧社区服务_站点-名恩首府智慧社区服务站,名恩首府智慧社区服务站,名恩首府智慧社区服务站,快递,2025-04-23 15:43:31,,0.3,0.31,0,6.00,0.00,2.80,6-3.2,2,1914948131730935808,极兔快递,JT0016235419593,服饰,浙江省,
名恩首府智慧社区服务_站点-名恩首府智慧社区服务站,名恩首府智慧社区服务站,名恩首府智慧社区服务站,快递,2025-04-23 15:29:18,,0.3,0.38,0,6.00,0.00,2.80,6-3.2,2,1914944595219632128,极兔快递,JT0016238657820,服饰,安徽省,
名恩首府智慧社区服务_站点-名恩首府智慧社区服务站,名恩首府智慧社区服务站,名恩首府智慧社区服务站,快递,2025-04-23 15:24:33,,0.2,0.2,0,6.00,0.00,2.80,6-3.2,2,1914943435339386880,极兔快递,JT0016237333247,服饰,浙江省,
名恩首府智慧社区服务_站点-名恩首府智慧社区服务站,名恩首府智慧社区服务站,名恩首府智慧社区服务站,快递,2025-04-23 15:18:48,,0.8,0.58,0,6.00,0.00,2.80,6-3.2,2,1914941982872883200,极兔快递,JT0016235671117,服饰,河北省,
名恩首府智慧社区服务_站点-名恩首府智慧社区服务站,名恩首府智慧社区服务站,名恩首府智慧社区服务站,快递,2025-04-22 18:50:32,2025-04-23 07:10:45,10,,,31.00,,0.00,,2,1914632881773137920,极兔快递,JT0016224546548,生活用品,上海市,已全额退款
名恩首府智慧社区服务_站点-名恩首府智慧社区服务站,名恩首府智慧社区服务站,名恩首府智慧社区服务站,快递,2025-04-23 15:05:12,,0.5,0.48,0,6.00,0.00,2.80,6-3.2,2,1914938564229910528,极兔快递,JT0016236193034,服饰,湖南省,
名恩首府智慧社区服务_站点-名恩首府智慧社区服务站,名恩首府智慧社区服务站,名恩首府智慧社区服务站,快递,2025-04-23 15:02:02,,1.5,0.74,1,8.00,0.00,4.08,51% ,2,1914937764342583296,极兔快递,JT0016237867652,生活用品,浙江省,
名恩首府智慧社区服务_站点-名恩首府智慧社区服务站,名恩首府智慧社区服务站,名恩首府智慧社区服务站,快递,2025-04-23 14:22:49,,0.2,0.2,0,6.00,0.00,2.80,6-3.2,2,1914927869102837760,极兔快递,JT0016233865460,生活用品,广东省,
名恩首府智慧社区服务_站点-名恩首府智慧社区服务站,名恩首府智慧社区服务站,名恩首府智慧社区服务站,快递,2025-04-23 12:57:47,,0.5,0.39,0,6.00,0.00,2.80,6-3.2,2,1914906497169412096,极兔快递,JT0016231882165,服饰,陕西省,
名恩首府智慧社区服务_站点-名恩首府智慧社区服务站,名恩首府智慧社区服务站,名恩首府智慧社区服务站,快递,2025-04-23 12:55:56,,10,9.91,0,30.00,10.50,15.00,50% ,2,1914906028997005312,极兔快递,JT0016234694355,生活用品,福建省,
名恩首府智慧社区服务_站点-名恩首府智慧社区服务站,名恩首府智慧社区服务站,名恩首府智慧社区服务站,快递,2025-04-23 12:40:50,,0.2,0.2,0,6.00,0.00,2.80,6-3.2,2,1914902233848139776,极兔快递,JT0016233371415,生活用品,山东省,
名恩首府智慧社区服务_站点-名恩首府智慧社区服务站,名恩首府智慧社区服务站,名恩首府智慧社区服务站,快递,2025-04-23 12:37:45,,0.2,0.2,0,6.00,0.00,2.80,6-3.2,2,1914901456421310464,极兔快递,JT0016234161561,生活用品,山东省,
名恩首府智慧社区服务_站点-名恩首府智慧社区服务站,名恩首府智慧社区服务站,名恩首府智慧社区服务站,快递,2025-04-23 12:32:00,,0.9,0.94,0,6.00,0.00,2.80,6-3.2,2,1914900006790156288,极兔快递,JT0016229891451,生活用品,陕西省,
名恩首府智慧社区服务_站点-名恩首府智慧社区服务站,名恩首府智慧社区服务站,名恩首府智慧社区服务站,快递,2025-04-22 19:49:46,,0.1,0.34,0,6.00,0.00,2.80,6-3.2,2,1914647784990887936,极兔快递,JT0016225463088,生活用品,湖北省,
名恩首府智慧社区服务_站点-名恩首府智慧社区服务站,名恩首府智慧社区服务站,名恩首府智慧社区服务站,快递,2025-04-22 18:55:04,,1.4,1.64,0,8.00,0.00,4.08,51% ,2,1914634024565788672,极兔快递,JT0016218884146,生活用品,河北省,
名恩首府智慧社区服务_站点-名恩首府智慧社区服务站,名恩首府智慧社区服务站,名恩首府智慧社区服务站,快递,2025-04-22 17:04:07,,0.4,0.41,0,6.00,0.00,2.80,6-3.2,2,1914606099711840256,极兔快递,JT0016223258140,服饰,广东省,
名恩首府智慧社区服务_站点-名恩首府智慧社区服务站,名恩首府智慧社区服务站,名恩首府智慧社区服务站,快递,2025-04-22 16:59:55,,0.4,0.44,0,6.00,0.00,2.80,6-3.2,2,1914605042118086656,极兔快递,JT0016222640160,服饰,河北省,
名恩首府智慧社区服务_站点-名恩首府智慧社区服务站,名恩首府智慧社区服务站,名恩首府智慧社区服务站,快递,2025-04-22 16:58:42,,0.4,0.42,0,6.00,0.00,2.80,6-3.2,2,1914604739025096704,极兔快递,JT0016222316075,服饰,广东省,
名恩首府智慧社区服务_站点-名恩首府智慧社区服务站,名恩首府智慧社区服务站,名恩首府智慧社区服务站,快递,2025-04-22 16:57:00,,0.7,0.7,0,6.00,0.00,2.80,6-3.2,2,1914604305740910592,极兔快递,JT0016220812213,服饰,浙江省,
名恩首府智慧社区服务_站点-名恩首府智慧社区服务站,名恩首府智慧社区服务站,名恩首府智慧社区服务站,快递,2025-04-22 16:54:36,,0.5,0.38,0,6.00,0.00,2.80,6-3.2,2,1914603703854092288,极兔快递,JT0016212968616,服饰,浙江省,
名恩首府智慧社区服务_站点-名恩首府智慧社区服务站,名恩首府智慧社区服务站,名恩首府智慧社区服务站,快递,2025-04-22 16:52:40,,1.2,1.1,0,8.00,0.00,4.08,51% ,2,1914603217763618816,极兔快递,JT0016219594934,服饰,广东省,
名恩首府智慧社区服务_站点-名恩首府智慧社区服务站,名恩首府智慧社区服务站,名恩首府智慧社区服务站,快递,2025-04-22 16:50:32,,0.5,0.47,0,6.00,0.00,2.80,6-3.2,2,1914602678522925056,极兔快递,JT0016220299598,服饰,广东省,
名恩首府智慧社区服务_站点-名恩首府智慧社区服务站,名恩首府智慧社区服务站,名恩首府智慧社区服务站,快递,2025-04-22 16:30:20,,0.3,0.37,0,6.00,0.00,2.80,6-3.2,2,1914597589011845120,极兔快递,JT0016219426831,服饰,浙江省,
名恩首府智慧社区服务_站点-名恩首府智慧社区服务站,名恩首府智慧社区服务站,名恩首府智慧社区服务站,快递,2025-04-22 16:29:22,,0.3,0.31,0,6.00,0.00,2.80,6-3.2,2,1914597357205245952,极兔快递,JT0016222699644,服饰,浙江省,
名恩首府智慧社区服务_站点-名恩首府智慧社区服务站,名恩首府智慧社区服务站,名恩首府智慧社区服务站,快递,2025-04-22 16:28:15,,0.2,0.2,0,6.00,0.00,2.80,6-3.2,2,1914597068934926336,极兔快递,JT0016223138194,服饰,浙江省,
名恩首府智慧社区服务_站点-名恩首府智慧社区服务站,名恩首府智慧社区服务站,名恩首府智慧社区服务站,快递,2025-04-22 16:27:10,,0.2,0.2,0,6.00,0.00,2.80,6-3.2,2,1914596801006981120,极兔快递,JT0016218587763,服饰,浙江省,
名恩首府智慧社区服务_站点-名恩首府智慧社区服务站,名恩首府智慧社区服务站,名恩首府智慧社区服务站,快递,2025-04-22 16:16:34,,0.2,0.28,0,6.00,0.00,2.80,6-3.2,2,1914594132532056064,极兔快递,JT0016221334268,生活用品,陕西省,
名恩首府智慧社区服务_站点-名恩首府智慧社区服务站,名恩首府智慧社区服务站,名恩首府智慧社区服务站,快递,2025-04-22 15:30:53,,0.1,0.2,0,6.00,0.00,2.80,6-3.2,2,1914582639115685888,极兔快递,JT0016219274452,生活用品,江苏省,
名恩首府智慧社区服务_站点-名恩首府智慧社区服务站,名恩首府智慧社区服务站,名恩首府智慧社区服务站,快递,2025-04-22 15:29:07,,0.3,0.2,0,6.00,0.00,2.80,6-3.2,2,1914582192363589632,极兔快递,JT0016216740858,服饰,湖北省,
名恩首府智慧社区服务_站点-名恩首府智慧社区服务站,名恩首府智慧社区服务站,名恩首府智慧社区服务站,快递,2025-04-22 15:05:16,,1.2,0.66,1,8.00,0.00,4.08,51% ,2,1914576190159376384,极兔快递,JT0016217005184,服饰,福建省,
名恩首府智慧社区服务_站点-名恩首府智慧社区服务站,名恩首府智慧社区服务站,名恩首府智慧社区服务站,快递,2025-04-22 15:00:38,,0.5,0.46,0,6.00,0.00,2.80,6-3.2,2,1914575025459875840,极兔快递,JT0016213263018,服饰,河南省,
名恩首府智慧社区服务_站点-名恩首府智慧社区服务站,名恩首府智慧社区服务站,名恩首府智慧社区服务站,快递,2025-04-22 14:53:04,,1.5,0.9,1,8.00,0.00,4.08,51% ,2,1914573124756492288,极兔快递,JT0016219873085,服饰,浙江省,
名恩首府智慧社区服务_站点-名恩首府智慧社区服务站,名恩首府智慧社区服务站,名恩首府智慧社区服务站,快递,2025-04-22 14:45:47,,0.6,0.61,0,6.00,0.00,2.80,6-3.2,2,1914571285667434496,极兔快递,JT0016212683261,生活用品,浙江省,
名恩首府智慧社区服务_站点-名恩首府智慧社区服务站,名恩首府智慧社区服务站,名恩首府智慧社区服务站,快递,2025-04-22 14:39:29,,1.2,0.98,1,8.00,0.00,4.08,51% ,2,1914569701625614336,极兔快递,JT0016216097642,服饰,陕西省,
名恩首府智慧社区服务_站点-名恩首府智慧社区服务站,名恩首府智慧社区服务站,名恩首府智慧社区服务站,快递,2025-04-22 13:34:08,,0.1,0.2,0,6.00,0.00,2.80,6-3.2,2,1914553254077714432,极兔快递,JT0016218467739,生活用品,山东省,
名恩首府智慧社区服务_站点-名恩首府智慧社区服务站,名恩首府智慧社区服务站,名恩首府智慧社区服务站,快递,2025-04-22 13:21:30,,10,10.14,-1,30.00,12.00,15.00,50% ,2,1914550074388434944,极兔快递,JT0016218492809,生活用品,山西省,
名恩首府智慧社区服务_站点-名恩首府智慧社区服务站,名恩首府智慧社区服务站,名恩首府智慧社区服务站,快递,2025-04-22 13:18:37,,0.3,0.23,0,6.00,0.00,2.80,6-3.2,2,1914549329253552128,极兔快递,JT0016215715227,服饰,江苏省,
名恩首府智慧社区服务_站点-名恩首府智慧社区服务站,名恩首府智慧社区服务站,名恩首府智慧社区服务站,干洗,2025-04-21 19:56:23,,,,,9.90,,2.97,30%,,1914287063006367744,干洗,,"清洗鞋19.8元两双   *   1",,
名恩首府智慧社区服务_站点-名恩首府智慧社区服务站,名恩首府智慧社区服务站,名恩首府智慧社区服务站,干洗,2025-04-21 19:54:33,,,,,9.90,,2.97,30%,,1914286603914629120,干洗,,"清洗鞋19.8元两双   *   1",,
名恩首府智慧社区服务_站点-名恩首府智慧社区服务站,名恩首府智慧社区服务站,名恩首府智慧社区服务站,干洗,2025-04-21 19:53:01,,,,,9.90,,2.97,30%,,1914286217707311104,干洗,,"清洗鞋19.8元两双   *   1",,
名恩首府智慧社区服务_站点-名恩首府智慧社区服务站,名恩首府智慧社区服务站,名恩首府智慧社区服务站,快递,2025-04-21 19:45:56,,0.3,0.22,0,6.00,0.00,2.80,6-3.2,2,1914284433270034432,极兔快递,JT0016183944262,服饰,安徽省,
名恩首府智慧社区服务_站点-名恩首府智慧社区服务站,名恩首府智慧社区服务站,名恩首府智慧社区服务站,快递,2025-04-21 19:34:49,,0.5,0.44,0,6.00,0.00,2.80,6-3.2,2,1914281625267392512,极兔快递,JT0016207246891,服饰,浙江省,
名恩首府智慧社区服务_站点-名恩首府智慧社区服务站,名恩首府智慧社区服务站,名恩首府智慧社区服务站,快递,2025-04-21 19:33:42,,0.2,0.2,0,6.00,0.00,2.80,6-3.2,2,1914281350095884288,极兔快递,JT0016205861436,服饰,浙江省,
名恩首府智慧社区服务_站点-名恩首府智慧社区服务站,名恩首府智慧社区服务站,名恩首府智慧社区服务站,快递,2025-04-21 19:33:03,,0.3,0.41,0,6.00,0.00,2.80,6-3.2,2,1914281194885664768,极兔快递,JT0016205695565,服饰,山东省,
名恩首府智慧社区服务_站点-名恩首府智慧社区服务站,名恩首府智慧社区服务站,名恩首府智慧社区服务站,快递,2025-04-21 19:31:36,,0.1,0.2,0,6.00,0.00,2.80,6-3.2,2,1914280831646355456,极兔快递,JT0016209497715,服饰,广东省,
名恩首府智慧社区服务_站点-名恩首府智慧社区服务站,名恩首府智慧社区服务站,名恩首府智慧社区服务站,快递,2025-04-21 19:21:40,,1,0.71,0,6.00,0.00,2.80,6-3.2,2,1914278329165205504,极兔快递,JT0016205000589,服饰,福建省,
名恩首府智慧社区服务_站点-名恩首府智慧社区服务站,名恩首府智慧社区服务站,名恩首府智慧社区服务站,快递,2025-04-21 19:18:07,,1.5,1.03,0,8.00,0.00,4.08,51% ,2,1914277434901843968,极兔快递,JT0016209229696,服饰,广东省,
名恩首府智慧社区服务_站点-名恩首府智慧社区服务站,名恩首府智慧社区服务站,名恩首府智慧社区服务站,快递,2025-04-21 19:14:29,,0.8,0.89,0,6.00,0.00,2.80,6-3.2,2,1914276519650185216,极兔快递,JT0016208981787,服饰,湖北省,
名恩首府智慧社区服务_站点-名恩首府智慧社区服务站,名恩首府智慧社区服务站,名恩首府智慧社区服务站,快递,2025-04-21 19:08:15,,0.6,0.65,0,6.00,0.00,2.80,6-3.2,2,1914274950791745536,极兔快递,JT0016209941950,服饰,湖南省,
名恩首府智慧社区服务_站点-名恩首府智慧社区服务站,名恩首府智慧社区服务站,名恩首府智慧社区服务站,快递,2025-04-21 19:03:09,,0.5,0.32,0,6.00,0.00,2.80,6-3.2,2,1914273666449723392,极兔快递,JT0016208428684,服饰,福建省,
名恩首府智慧社区服务_站点-名恩首府智慧社区服务站,名恩首府智慧社区服务站,名恩首府智慧社区服务站,快递,2025-04-21 18:59:40,,0.5,0.22,0,6.00,0.00,2.80,6-3.2,2,1914272793283710976,极兔快递,JT0016205790786,服饰,福建省,
名恩首府智慧社区服务_站点-名恩首府智慧社区服务站,名恩首府智慧社区服务站,名恩首府智慧社区服务站,快递,2025-04-21 18:47:28,,0.5,0.2,0,6.00,0.00,2.80,6-3.2,2,1914269724248559616,极兔快递,JT0016208241085,服饰,浙江省,
名恩首府智慧社区服务_站点-名恩首府智慧社区服务站,名恩首府智慧社区服务站,名恩首府智慧社区服务站,快递,2025-04-21 18:24:03,,0.3,0.31,0,6.00,0.00,2.80,6-3.2,2,1914263831775727616,极兔快递,JT0016207320205,生活用品,陕西省,
名恩首府智慧社区服务_站点-名恩首府智慧社区服务站,名恩首府智慧社区服务站,名恩首府智慧社区服务站,快递,2025-04-21 17:18:41,,0.5,0.21,0,6.00,0.00,2.80,6-3.2,2,1914247377618411520,极兔快递,JT0016203432408,服饰,河南省,
名恩首府智慧社区服务_站点-名恩首府智慧社区服务站,名恩首府智慧社区服务站,名恩首府智慧社区服务站,快递,2025-04-21 16:09:32,,0.9,0.84,0,6.00,0.00,2.80,6-3.2,2,1914229976927510528,极兔快递,JT0016205976642,服饰,浙江省,
名恩首府智慧社区服务_站点-名恩首府智慧社区服务站,名恩首府智慧社区服务站,名恩首府智慧社区服务站,快递,2025-04-21 15:35:00,,0.5,0.75,0,6.00,0.00,2.80,6-3.2,2,1914221287785046016,极兔快递,JT0016201307478,服饰,辽宁省,
名恩首府智慧社区服务_站点-名恩首府智慧社区服务站,名恩首府智慧社区服务站,名恩首府智慧社区服务站,快递,2025-04-21 15:26:56,,0.1,0.2,0,6.00,0.00,2.80,6-3.2,2,1914219254860423168,极兔快递,JT0016204370411,生活用品,广东省,
名恩首府智慧社区服务_站点-名恩首府智慧社区服务站,名恩首府智慧社区服务站,名恩首府智慧社区服务站,快递,2025-04-21 14:53:14,,0.3,0.29,0,6.00,0.00,2.80,6-3.2,2,1914210765341663232,极兔快递,JT0016203930322,服饰,浙江省,
名恩首府智慧社区服务_站点-名恩首府智慧社区服务站,名恩首府智慧社区服务站,名恩首府智慧社区服务站,快递,2025-04-21 14:52:09,,0.3,0.27,0,6.00,0.00,2.80,6-3.2,2,1914210502035841024,极兔快递,JT0016192179679,服饰,湖北省,
名恩首府智慧社区服务_站点-名恩首府智慧社区服务站,名恩首府智慧社区服务站,名恩首府智慧社区服务站,快递,2025-04-21 14:50:35,,0.5,0.56,0,6.00,0.00,2.80,6-3.2,2,1914210112489857024,极兔快递,JT0016201572434,服饰,浙江省,
名恩首府智慧社区服务_站点-名恩首府智慧社区服务站,名恩首府智慧社区服务站,名恩首府智慧社区服务站,快递,2025-04-21 14:48:34,,0.1,0.2,0,6.00,0.00,2.80,6-3.2,2,1914209601485217792,极兔快递,JT0016203405280,生活用品,广东省,
名恩首府智慧社区服务_站点-名恩首府智慧社区服务站,名恩首府智慧社区服务站,名恩首府智慧社区服务站,快递,2025-04-21 14:37:26,,0.01,0.2,0,6.00,0.00,2.80,6-3.2,2,1914206772662050816,极兔快递,JT0016203625380,生活用品,陕西省,
名恩首府智慧社区服务_站点-名恩首府智慧社区服务站,名恩首府智慧社区服务站,名恩首府智慧社区服务站,快递,2025-04-21 14:35:17,,0.5,0.51,0,6.00,0.00,2.80,6-3.2,2,1914206255168823296,极兔快递,JT0016203848371,服饰,江苏省,
名恩首府智慧社区服务_站点-名恩首府智慧社区服务站,名恩首府智慧社区服务站,名恩首府智慧社区服务站,快递,2025-04-21 14:33:25,,0.2,0.2,0,6.00,0.00,2.80,6-3.2,2,1914205778549088256,极兔快递,JT0016201799287,服饰,江苏省,
名恩首府智慧社区服务_站点-名恩首府智慧社区服务站,名恩首府智慧社区服务站,名恩首府智慧社区服务站,快递,2025-04-21 13:48:21,,1.2,1.4,0,8.00,0.00,4.08,51% ,2,1914194450161803264,极兔快递,JT0016201660739,生活用品,广东省,
名恩首府智慧社区服务_站点-名恩首府智慧社区服务站,名恩首府智慧社区服务站,名恩首府智慧社区服务站,快递,2025-04-21 13:47:34,,0.5,0.38,0,6.00,0.00,2.80,6-3.2,2,1914194248453529600,极兔快递,JT0016198862073,生活用品,广东省,
名恩首府智慧社区服务_站点-名恩首府智慧社区服务站,名恩首府智慧社区服务站,名恩首府智慧社区服务站,快递,2025-04-21 13:45:19,,0.2,0.2,0,6.00,0.00,2.80,6-3.2,2,1914193684302864384,极兔快递,JT0016200871976,服饰,河南省,
名恩首府智慧社区服务_站点-名恩首府智慧社区服务站,名恩首府智慧社区服务站,名恩首府智慧社区服务站,快递,2025-04-20 19:39:17,,0.5,0.41,0,6.00,0.00,2.80,6-3.2,2,1913920372209295360,极兔快递,JT0016183380616,服饰,广东省,
名恩首府智慧社区服务_站点-名恩首府智慧社区服务站,名恩首府智慧社区服务站,名恩首府智慧社区服务站,快递,2025-04-20 19:37:45,,0.5,0.41,0,6.00,0.00,2.80,6-3.2,2,1913919987591618560,极兔快递,JT0016187965729,服饰,浙江省,
名恩首府智慧社区服务_站点-名恩首府智慧社区服务站,名恩首府智慧社区服务站,名恩首府智慧社区服务站,快递,2025-04-20 19:30:28,,0.1,0.2,0,6.00,0.00,2.80,6-3.2,2,1913918157457399808,极兔快递,JT0016183697340,生活用品,广东省,
名恩首府智慧社区服务_站点-名恩首府智慧社区服务站,名恩首府智慧社区服务站,名恩首府智慧社区服务站,快递,2025-04-20 19:26:04,,0.2,0.3,0,6.00,0.00,2.80,6-3.2,2,1913917037464985600,极兔快递,JT0016192887058,服饰,浙江省,
名恩首府智慧社区服务_站点-名恩首府智慧社区服务站,名恩首府智慧社区服务站,名恩首府智慧社区服务站,快递,2025-04-20 19:25:25,,0.2,0.2,0,6.00,0.00,2.80,6-3.2,2,1913916886608453632,极兔快递,JT0016189745257,服饰,浙江省,
名恩首府智慧社区服务_站点-名恩首府智慧社区服务站,名恩首府智慧社区服务站,名恩首府智慧社区服务站,快递,2025-04-20 19:24:39,,0.5,0.35,0,7.00,0.00,2.80,6-3.2,2,1913916692466704384,极兔快递,JT0016193138215,服饰,上海市,
名恩首府智慧社区服务_站点-名恩首府智慧社区服务站,名恩首府智慧社区服务站,名恩首府智慧社区服务站,快递,2025-04-20 19:02:04,,0.6,0.61,0,6.00,0.00,2.80,6-3.2,2,1913911008933126144,极兔快递,JT0016191557764,易碎品,广东省,
名恩首府智慧社区服务_站点-名恩首府智慧社区服务站,名恩首府智慧社区服务站,名恩首府智慧社区服务站,快递,2025-04-20 18:52:18,,0.2,0.2,0,6.00,0.00,2.80,6-3.2,2,1913908541868679168,极兔快递,JT0016181377118,服饰,安徽省,
名恩首府智慧社区服务_站点-名恩首府智慧社区服务站,名恩首府智慧社区服务站,名恩首府智慧社区服务站,快递,2025-04-20 18:38:11,,0.5,0.21,0,6.00,0.00,2.80,6-3.2,2,1913904988999589888,极兔快递,JT0016184655415,服饰,广东省,
名恩首府智慧社区服务_站点-名恩首府智慧社区服务站,名恩首府智慧社区服务站,名恩首府智慧社区服务站,快递,2025-04-20 18:37:27,,0.2,0.2,0,6.00,0.00,2.80,6-3.2,2,1913904814365548544,极兔快递,JT0016186157891,服饰,广东省,
名恩首府智慧社区服务_站点-名恩首府智慧社区服务站,名恩首府智慧社区服务站,名恩首府智慧社区服务站,快递,2025-04-20 18:17:49,,0.5,0.23,0,6.00,0.00,2.80,6-3.2,2,1913899872997285888,极兔快递,JT0016184801062,服饰,广东省,
名恩首府智慧社区服务_站点-名恩首府智慧社区服务站,名恩首府智慧社区服务站,名恩首府智慧社区服务站,快递,2025-04-20 18:12:20,,1.5,0.99,1,8.00,0.00,4.08,51% ,2,1913898492978995200,极兔快递,JT0016192062471,服饰,浙江省,
名恩首府智慧社区服务_站点-名恩首府智慧社区服务站,名恩首府智慧社区服务站,名恩首府智慧社区服务站,快递,2025-04-20 18:09:17,,0.3,0.32,0,6.00,0.00,2.80,6-3.2,2,1913897727229108224,极兔快递,JT0016181491748,服饰,浙江省,
名恩首府智慧社区服务_站点-名恩首府智慧社区服务站,名恩首府智慧社区服务站,名恩首府智慧社区服务站,干洗,2025-04-20 18:03:28,,,,,24.80,,7.44,30%,,1913896261315665920,干洗,,"棉服_毛呢_羽绒服   *   1",,
名恩首府智慧社区服务_站点-名恩首府智慧社区服务站,名恩首府智慧社区服务站,名恩首府智慧社区服务站,干洗,2025-04-20 18:00:17,,,,,24.50,,7.35,30%,,1913895460883079168,干洗,,"清洗普通羽绒服2件不分长短49元   *   1",,
名恩首府智慧社区服务_站点-名恩首府智慧社区服务站,名恩首府智慧社区服务站,名恩首府智慧社区服务站,干洗,2025-04-20 17:57:28,,,,,24.50,,7.35,30%,,1913894751047458816,干洗,,"清洗普通羽绒服2件不分长短49元   *   1",,
名恩首府智慧社区服务_站点-名恩首府智慧社区服务站,名恩首府智慧社区服务站,名恩首府智慧社区服务站,快递,2025-04-20 17:46:17,,0.3,0.2,0,6.00,0.00,2.80,6-3.2,2,1913891940251410432,极兔快递,JT0016190257473,服饰,河北省,
名恩首府智慧社区服务_站点-名恩首府智慧社区服务站,名恩首府智慧社区服务站,名恩首府智慧社区服务站,快递,2025-04-20 17:43:46,,0.6,0.58,0,6.00,0.00,2.80,6-3.2,2,1913891297226858496,极兔快递,JT0016184549266,服饰,安徽省,
名恩首府智慧社区服务_站点-名恩首府智慧社区服务站,名恩首府智慧社区服务站,名恩首府智慧社区服务站,快递,2025-04-20 17:41:55,,0.6,0.69,0,6.00,0.00,2.80,6-3.2,2,1913890839154335744,极兔快递,JT0016187070329,服饰,安徽省,
名恩首府智慧社区服务_站点-名恩首府智慧社区服务站,名恩首府智慧社区服务站,名恩首府智慧社区服务站,快递,2025-04-20 17:22:47,,0.3,0.2,0,6.00,0.00,2.80,6-3.2,2,1913886023975903232,极兔快递,JT0016187540332,生活用品,浙江省,
名恩首府智慧社区服务_站点-名恩首府智慧社区服务站,名恩首府智慧社区服务站,名恩首府智慧社区服务站,快递,2025-04-20 17:17:21,,0.1,0.2,0,6.00,0.00,2.80,6-3.2,2,1913884621828464640,极兔快递,JT0016189231238,生活用品,河南省,
名恩首府智慧社区服务_站点-名恩首府智慧社区服务站,名恩首府智慧社区服务站,名恩首府智慧社区服务站,快递,2025-04-20 17:16:10,,0.2,0.2,0,6.00,0.00,2.80,6-3.2,2,1913884349047709696,极兔快递,JT0016189712085,服饰,广东省,
名恩首府智慧社区服务_站点-名恩首府智慧社区服务站,名恩首府智慧社区服务站,名恩首府智慧社区服务站,快递,2025-04-20 17:15:03,,0.5,0.42,0,6.00,0.00,2.80,6-3.2,2,1913884078162780160,极兔快递,JT0016188068175,生活用品,浙江省,
名恩首府智慧社区服务_站点-名恩首府智慧社区服务站,名恩首府智慧社区服务站,名恩首府智慧社区服务站,快递,2025-04-20 17:10:47,,0.6,0.57,0,6.00,0.00,2.80,6-3.2,2,1913883003879890944,极兔快递,JT0016182757251,服饰,浙江省,
名恩首府智慧社区服务_站点-名恩首府智慧社区服务站,名恩首府智慧社区服务站,名恩首府智慧社区服务站,快递,2025-04-20 17:08:45,,0.4,0.29,0,6.00,0.00,2.80,6-3.2,2,1913882478060969984,极兔快递,JT0016186811413,服饰,江苏省,
名恩首府智慧社区服务_站点-名恩首府智慧社区服务站,名恩首府智慧社区服务站,名恩首府智慧社区服务站,快递,2025-04-20 17:08:02,,0.3,0.2,0,6.00,0.00,2.80,6-3.2,2,1913882304773300224,极兔快递,JT0016188783742,服饰,浙江省,
名恩首府智慧社区服务_站点-名恩首府智慧社区服务站,名恩首府智慧社区服务站,名恩首府智慧社区服务站,快递,2025-04-20 17:07:18,,0.1,0.33,0,6.00,0.00,2.80,6-3.2,2,1913882114045714432,极兔快递,JT0016186357833,生活用品,山东省,
名恩首府智慧社区服务_站点-名恩首府智慧社区服务站,名恩首府智慧社区服务站,名恩首府智慧社区服务站,快递,2025-04-20 17:06:33,,0.1,0.26,0,6.00,0.00,2.80,6-3.2,2,1913881940313448448,极兔快递,JT0016189235384,生活用品,山东省,
名恩首府智慧社区服务_站点-名恩首府智慧社区服务站,名恩首府智慧社区服务站,名恩首府智慧社区服务站,快递,2025-04-20 17:05:26,,0.6,0.75,0,6.00,0.00,2.80,6-3.2,2,1913881656308736000,极兔快递,JT0016188550344,生活用品,浙江省,
名恩首府智慧社区服务_站点-名恩首府智慧社区服务站,名恩首府智慧社区服务站,名恩首府智慧社区服务站,快递,2025-04-20 17:02:58,,0.5,0.28,0,6.00,0.00,2.80,6-3.2,2,1913881036872949760,极兔快递,JT0016189619906,服饰,湖南省,
名恩首府智慧社区服务_站点-名恩首府智慧社区服务站,名恩首府智慧社区服务站,名恩首府智慧社区服务站,快递,2025-04-20 16:53:51,,0.2,0.22,0,6.00,0.00,2.80,6-3.2,2,1913878740256628736,极兔快递,JT0016188275605,服饰,广东省,
名恩首府智慧社区服务_站点-名恩首府智慧社区服务站,名恩首府智慧社区服务站,名恩首府智慧社区服务站,快递,2025-04-20 16:44:49,,0.5,0.62,0,6.00,0.00,2.80,6-3.2,2,1913876470026674176,极兔快递,JT0016180396688,服饰,广东省,
名恩首府智慧社区服务_站点-名恩首府智慧社区服务站,名恩首府智慧社区服务站,名恩首府智慧社区服务站,快递,2025-04-20 16:41:22,,1.4,1.37,0,8.00,0.00,4.08,51% ,2,1913875597603053568,极兔快递,JT0016187000922,生活用品,山东省,
名恩首府智慧社区服务_站点-名恩首府智慧社区服务站,名恩首府智慧社区服务站,名恩首府智慧社区服务站,快递,2025-04-20 16:37:02,,0.5,0.48,0,6.00,0.00,2.80,6-3.2,2,1913874507474083840,极兔快递,JT0016188620501,服饰,浙江省,
名恩首府智慧社区服务_站点-名恩首府智慧社区服务站,名恩首府智慧社区服务站,名恩首府智慧社区服务站,快递,2025-04-20 16:33:37,,0.5,0.62,0,6.00,0.00,2.80,6-3.2,2,1913873652020617216,极兔快递,JT0016181550611,服饰,广东省,
名恩首府智慧社区服务_站点-名恩首府智慧社区服务站,名恩首府智慧社区服务站,名恩首府智慧社区服务站,快递,2025-04-20 16:31:30,,0.5,0.61,0,6.00,0.00,2.80,6-3.2,2,1913873117418823680,极兔快递,JT0016189621855,服饰,广东省,
名恩首府智慧社区服务_站点-名恩首府智慧社区服务站,名恩首府智慧社区服务站,名恩首府智慧社区服务站,快递,2025-04-20 16:02:53,,1.1,1.1,0,8.00,0.00,4.08,51% ,2,1913865916776128512,极兔快递,JT0016175051754,服饰,广东省,
名恩首府智慧社区服务_站点-名恩首府智慧社区服务站,名恩首府智慧社区服务站,名恩首府智慧社区服务站,快递,2025-04-20 14:56:38,,0.6,0.52,0,6.00,0.00,2.80,6-3.2,2,1913849242517708800,极兔快递,JT0016185359642,服饰,浙江省,
名恩首府智慧社区服务_站点-名恩首府智慧社区服务站,名恩首府智慧社区服务站,名恩首府智慧社区服务站,快递,2025-04-20 13:26:41,,1.2,0.73,1,8.00,0.00,4.08,51% ,2,1913826596493139968,极兔快递,JT0016179412133,服饰,福建省,
名恩首府智慧社区服务_站点-名恩首府智慧社区服务站,名恩首府智慧社区服务站,名恩首府智慧社区服务站,快递,2025-04-20 13:04:32,,1,0.82,0,6.00,0.00,2.80,6-3.2,2,1913821034221084672,极兔快递,JT0016184742377,服饰,四川省,
名恩首府智慧社区服务_站点-名恩首府智慧社区服务站,名恩首府智慧社区服务站,名恩首府智慧社区服务站,快递,2025-04-20 12:37:27,,0.7,0.68,0,6.00,0.00,2.80,6-3.2,2,1913814215004200960,极兔快递,JT0016181418115,服饰,广东省,
名恩首府智慧社区服务_站点-名恩首府智慧社区服务站,名恩首府智慧社区服务站,名恩首府智慧社区服务站,快递,2025-04-20 12:35:05,,0.2,0.26,0,6.00,0.00,2.80,6-3.2,2,1913813621120114688,极兔快递,JT0016182318600,服饰,江苏省,
名恩首府智慧社区服务_站点-名恩首府智慧社区服务站,名恩首府智慧社区服务站,名恩首府智慧社区服务站,快递,2025-04-20 12:33:12,,0.3,0.33,0,6.00,0.00,2.80,6-3.2,2,1913813149495795712,极兔快递,JT0016183772347,生活用品,河南省,
名恩首府智慧社区服务_站点-名恩首府智慧社区服务站,名恩首府智慧社区服务站,名恩首府智慧社区服务站,快递,2025-04-20 12:29:08,,0.3,0.27,0,6.00,0.00,2.80,6-3.2,2,1913812083337273344,极兔快递,JT0016179965329,服饰,浙江省,
名恩首府智慧社区服务_站点-名恩首府智慧社区服务站,名恩首府智慧社区服务站,名恩首府智慧社区服务站,快递,2025-04-20 12:27:12,,0.5,0.56,0,6.00,0.00,2.80,6-3.2,2,1913811636740366336,极兔快递,JT0016177884034,服饰,广东省,
名恩首府智慧社区服务_站点-名恩首府智慧社区服务站,名恩首府智慧社区服务站,名恩首府智慧社区服务站,快递,2025-04-20 12:11:02,,0.4,0.24,0,6.00,0.00,2.80,6-3.2,2,1913807569293090816,极兔快递,JT0016184394924,服饰,安徽省,
名恩首府智慧社区服务_站点-名恩首府智慧社区服务站,名恩首府智慧社区服务站,名恩首府智慧社区服务站,快递,2025-04-20 12:07:56,,0.8,0.9,0,6.00,0.00,2.80,6-3.2,2,1913806781661519872,极兔快递,JT0016181967977,服饰,广东省,
名恩首府智慧社区服务_站点-名恩首府智慧社区服务站,名恩首府智慧社区服务站,名恩首府智慧社区服务站,快递,2025-04-20 12:06:22,,0.5,0.46,0,6.00,0.00,2.80,6-3.2,2,1913806398738341888,极兔快递,JT0016183180268,服饰,福建省,
名恩首府智慧社区服务_站点-名恩首府智慧社区服务站,名恩首府智慧社区服务站,名恩首府智慧社区服务站,快递,2025-04-20 12:05:05,,0.3,0.28,0,6.00,0.00,2.80,6-3.2,2,1913806069636472832,极兔快递,JT0016183563169,服饰,广东省,
名恩首府智慧社区服务_站点-名恩首府智慧社区服务站,名恩首府智慧社区服务站,名恩首府智慧社区服务站,快递,2025-04-20 12:03:46,,0.4,0.42,0,6.00,0.00,2.80,6-3.2,2,1913805732150190080,极兔快递,JT0016185113646,服饰,广东省,
名恩首府智慧社区服务_站点-名恩首府智慧社区服务站,名恩首府智慧社区服务站,名恩首府智慧社区服务站,快递,2025-04-20 12:02:44,,0.3,0.28,0,6.00,0.00,2.80,6-3.2,2,1913805478919086080,极兔快递,JT0016181605859,服饰,广东省,
名恩首府智慧社区服务_站点-名恩首府智慧社区服务站,名恩首府智慧社区服务站,名恩首府智慧社区服务站,快递,2025-04-20 12:01:17,,0.8,0.79,0,6.00,0.00,2.80,6-3.2,2,1913805115495227392,极兔快递,JT0016182455795,服饰,浙江省,
名恩首府智慧社区服务_站点-名恩首府智慧社区服务站,名恩首府智慧社区服务站,名恩首府智慧社区服务站,快递,2025-04-20 11:59:23,,0.3,0.3,0,6.00,0.00,2.80,6-3.2,2,1913804635813650432,极兔快递,JT0016184337175,服饰,浙江省,
名恩首府智慧社区服务_站点-名恩首府智慧社区服务站,名恩首府智慧社区服务站,名恩首府智慧社区服务站,快递,2025-04-19 18:57:57,,17,16.49,0,51.00,16.00,25.50,50% ,2,1913547577088483328,韵达快递,312716695184528,生活用品,广东省,
名恩首府智慧社区服务_站点-名恩首府智慧社区服务站,名恩首府智慧社区服务站,名恩首府智慧社区服务站,快递,2025-04-19 18:38:16,,0.4,0.36,0,6.00,0.00,2.80,6-3.2,2,1913542623506407424,极兔快递,JT0016175686990,服饰,安徽省,
名恩首府智慧社区服务_站点-名恩首府智慧社区服务站,名恩首府智慧社区服务站,名恩首府智慧社区服务站,快递,2025-04-19 18:37:17,,0.4,0.32,0,6.00,0.00,2.80,6-3.2,2,1913542384020037632,极兔快递,JT0016172651225,服饰,江苏省,
名恩首府智慧社区服务_站点-名恩首府智慧社区服务站,名恩首府智慧社区服务站,名恩首府智慧社区服务站,快递,2025-04-19 18:23:36,,0.2,0.2,0,6.00,0.00,2.80,6-3.2,2,1913538943281471488,极兔快递,JT0016176573721,服饰,广东省,
名恩首府智慧社区服务_站点-名恩首府智慧社区服务站,名恩首府智慧社区服务站,名恩首府智慧社区服务站,快递,2025-04-19 18:22:21,,0.5,0.59,0,6.00,0.00,2.80,6-3.2,2,1913538627106447360,极兔快递,JT0016176133171,服饰,黑龙江省,
名恩首府智慧社区服务_站点-名恩首府智慧社区服务站,名恩首府智慧社区服务站,名恩首府智慧社区服务站,快递,2025-04-19 18:20:42,,0.5,0.48,0,6.00,0.00,2.80,6-3.2,2,1913538212046512128,极兔快递,JT0016168244625,服饰,江苏省,
名恩首府智慧社区服务_站点-名恩首府智慧社区服务站,名恩首府智慧社区服务站,名恩首府智慧社区服务站,快递,2025-04-19 18:15:29,,0.3,0.24,0,6.00,0.00,2.80,6-3.2,2,1913536898960924672,极兔快递,JT0016173143127,服饰,广东省,
名恩首府智慧社区服务_站点-名恩首府智慧社区服务站,名恩首府智慧社区服务站,名恩首府智慧社区服务站,快递,2025-04-19 18:04:11,,0.2,0.2,0,7.00,0.00,2.80,6-3.2,2,1913534054144876544,极兔快递,JT0016176091431,服饰,上海市,
名恩首府智慧社区服务_站点-名恩首府智慧社区服务站,名恩首府智慧社区服务站,名恩首府智慧社区服务站,快递,2025-04-19 18:02:23,,0.2,0.2,0,6.00,0.00,2.80,6-3.2,2,1913533600388292608,极兔快递,JT0016163117936,服饰,浙江省,
名恩首府智慧社区服务_站点-名恩首府智慧社区服务站,名恩首府智慧社区服务站,名恩首府智慧社区服务站,快递,2025-04-19 18:00:06,,0.2,0.2,0,6.00,0.00,2.80,6-3.2,2,1913533027152764928,极兔快递,JT0016177031102,服饰,广东省,
名恩首府智慧社区服务_站点-名恩首府智慧社区服务站,名恩首府智慧社区服务站,名恩首府智慧社区服务站,快递,2025-04-19 17:58:45,,1.5,1.15,0,8.00,0.00,4.08,51% ,2,1913532686319427584,极兔快递,JT0016176992758,服饰,浙江省,
名恩首府智慧社区服务_站点-名恩首府智慧社区服务站,名恩首府智慧社区服务站,名恩首府智慧社区服务站,快递,2025-04-19 17:52:19,,0.5,0.5,0,6.00,0.00,2.80,6-3.2,2,1913531069192937472,极兔快递,JT0016175728552,服饰,湖南省,
名恩首府智慧社区服务_站点-名恩首府智慧社区服务站,名恩首府智慧社区服务站,名恩首府智慧社区服务站,干洗,2025-04-19 17:44:11,,,,,29.50,,8.85,30%,,1913529019461738496,干洗,,"清洗毛呢2件59元   *   1",,
名恩首府智慧社区服务_站点-名恩首府智慧社区服务站,名恩首府智慧社区服务站,名恩首府智慧社区服务站,干洗,2025-04-19 17:40:50,,,,,24.50,,7.35,30%,,1913528177547485184,干洗,,"清洗普通羽绒服2件不分长短49元   *   1",,
名恩首府智慧社区服务_站点-名恩首府智慧社区服务站,名恩首府智慧社区服务站,名恩首府智慧社区服务站,干洗,2025-04-19 17:34:10,,,,,29.50,,8.85,30%,,1913526488694202368,干洗,,"清洗毛呢2件59元   *   1",,
名恩首府智慧社区服务_站点-名恩首府智慧社区服务站,名恩首府智慧社区服务站,名恩首府智慧社区服务站,干洗,2025-04-19 17:31:36,,,,,24.50,,7.35,30%,,1913525852330205184,干洗,,"清洗普通羽绒服2件不分长短49元   *   1",,
名恩首府智慧社区服务_站点-名恩首府智慧社区服务站,名恩首府智慧社区服务站,名恩首府智慧社区服务站,干洗,2025-04-19 17:29:32,,,,,24.50,,7.35,30%,,1913525333553520640,干洗,,"清洗普通羽绒服2件不分长短49元   *   1",,
名恩首府智慧社区服务_站点-名恩首府智慧社区服务站,名恩首府智慧社区服务站,名恩首府智慧社区服务站,干洗,2025-04-19 17:26:25,,,,,24.50,,7.35,30%,,1913524550242082816,干洗,,"清洗普通羽绒服2件不分长短49元   *   1",,
名恩首府智慧社区服务_站点-名恩首府智慧社区服务站,名恩首府智慧社区服务站,名恩首府智慧社区服务站,干洗,2025-04-19 17:11:48,,,,,15.00,,4.50,30%,,1913520870042312704,干洗,,"布鞋_网鞋   *   1",,
名恩首府智慧社区服务_站点-名恩首府智慧社区服务站,名恩首府智慧社区服务站,名恩首府智慧社区服务站,干洗,2025-04-19 17:07:51,,,,,9.90,,2.97,30%,,1913519875442810880,干洗,,"清洗鞋19.8元两双   *   1",,
名恩首府智慧社区服务_站点-名恩首府智慧社区服务站,名恩首府智慧社区服务站,名恩首府智慧社区服务站,干洗,2025-04-19 17:00:06,,,,,19.80,,5.94,30%,,1913517922365153280,干洗,,"外套   *   1",,
名恩首府智慧社区服务_站点-名恩首府智慧社区服务站,名恩首府智慧社区服务站,名恩首府智慧社区服务站,干洗,2025-04-19 16:55:55,,,,,15.00,,4.50,30%,,1913516873361334272,干洗,,"T恤_卫衣_   *   1",,
名恩首府智慧社区服务_站点-名恩首府智慧社区服务站,名恩首府智慧社区服务站,名恩首府智慧社区服务站,快递,2025-04-19 16:51:55,,0.5,0.47,0,6.00,0.00,2.80,6-3.2,2,1913515857085669376,极兔快递,JT0016168748937,服饰,山东省,
名恩首府智慧社区服务_站点-名恩首府智慧社区服务站,名恩首府智慧社区服务站,名恩首府智慧社区服务站,快递,2025-04-19 16:50:53,,0.5,0.2,0,6.00,0.00,2.80,6-3.2,2,1913515608678014976,极兔快递,JT0016172035225,服饰,浙江省,
名恩首府智慧社区服务_站点-名恩首府智慧社区服务站,名恩首府智慧社区服务站,名恩首府智慧社区服务站,快递,2025-04-19 16:30:09,,0.5,0.64,0,6.00,0.00,2.80,6-3.2,2,1913510379651801088,极兔快递,JT0016174598784,生活用品,山东省,
名恩首府智慧社区服务_站点-名恩首府智慧社区服务站,名恩首府智慧社区服务站,名恩首府智慧社区服务站,快递,2025-04-19 16:29:17,,0.3,0.3,0,6.00,0.00,2.80,6-3.2,2,1913510173413679104,极兔快递,JT0016170456438,服饰,山东省,
名恩首府智慧社区服务_站点-名恩首府智慧社区服务站,名恩首府智慧社区服务站,名恩首府智慧社区服务站,快递,2025-04-19 16:28:10,,0.3,0.3,0,6.00,0.00,2.80,6-3.2,2,1913509891778748416,极兔快递,JT0016174738464,服饰,浙江省,
名恩首府智慧社区服务_站点-名恩首府智慧社区服务站,名恩首府智慧社区服务站,名恩首府智慧社区服务站,干洗,2025-04-19 15:38:28,,,,,24.80,,7.44,30%,,1913497374331445248,干洗,,"棉服_毛呢_羽绒服   *   1",,
名恩首府智慧社区服务_站点-名恩首府智慧社区服务站,名恩首府智慧社区服务站,名恩首府智慧社区服务站,快递,2025-04-19 15:28:39,,0.2,0.28,0,6.00,0.00,2.80,6-3.2,2,1913494914422480896,极兔快递,JT0016172458292,服饰,辽宁省,
名恩首府智慧社区服务_站点-名恩首府智慧社区服务站,名恩首府智慧社区服务站,名恩首府智慧社区服务站,快递,2025-04-19 15:05:11,,0.1,0.24,0,6.00,0.00,2.80,6-3.2,2,1913489007655460864,极兔快递,JT0016172054012,生活用品,浙江省,
名恩首府智慧社区服务_站点-名恩首府智慧社区服务站,名恩首府智慧社区服务站,名恩首府智慧社区服务站,快递,2025-04-19 15:02:35,,0.2,0.2,0,6.00,0.00,2.80,6-3.2,2,1913488351884419072,极兔快递,JT0016169948046,服饰,湖北省,
名恩首府智慧社区服务_站点-名恩首府智慧社区服务站,名恩首府智慧社区服务站,名恩首府智慧社区服务站,快递,2025-04-19 15:01:12,,0.5,0.47,0,6.00,0.00,2.80,6-3.2,2,1913488005271330816,极兔快递,JT0016168399563,生活用品,浙江省,
名恩首府智慧社区服务_站点-名恩首府智慧社区服务站,名恩首府智慧社区服务站,名恩首府智慧社区服务站,快递,2025-04-19 14:59:04,,0.2,0.22,0,6.00,0.00,2.80,6-3.2,2,1913487464440995840,极兔快递,JT0016171907893,生活用品,浙江省,
名恩首府智慧社区服务_站点-名恩首府智慧社区服务站,名恩首府智慧社区服务站,名恩首府智慧社区服务站,快递,2025-04-19 14:57:35,,0.2,0.2,0,6.00,0.00,2.80,6-3.2,2,1913487097389064192,极兔快递,JT0016172360297,生活用品,广东省,
名恩首府智慧社区服务_站点-名恩首府智慧社区服务站,名恩首府智慧社区服务站,名恩首府智慧社区服务站,快递,2025-04-19 14:56:00,,0.3,0.2,0,6.00,0.00,2.80,6-3.2,2,1913486696094834688,极兔快递,JT0016168540109,服饰,浙江省,
名恩首府智慧社区服务_站点-名恩首府智慧社区服务站,名恩首府智慧社区服务站,名恩首府智慧社区服务站,快递,2025-04-19 14:50:00,,0.5,0.69,0,6.00,0.00,2.80,6-3.2,2,1913485182051753984,极兔快递,JT0016170325576,服饰,江苏省,
名恩首府智慧社区服务_站点-名恩首府智慧社区服务站,名恩首府智慧社区服务站,名恩首府智慧社区服务站,快递,2025-04-19 14:49:06,,0.5,0.41,0,6.00,0.00,2.80,6-3.2,2,1913484952518467584,极兔快递,JT0016171018097,服饰,福建省,
名恩首府智慧社区服务_站点-名恩首府智慧社区服务站,名恩首府智慧社区服务站,名恩首府智慧社区服务站,快递,2025-04-19 14:48:04,,0.2,0.2,0,6.00,0.00,2.80,6-3.2,2,1913484702932213760,极兔快递,JT0016166211431,服饰,湖北省,
名恩首府智慧社区服务_站点-名恩首府智慧社区服务站,名恩首府智慧社区服务站,名恩首府智慧社区服务站,快递,2025-04-19 14:21:59,,0.1,0.2,0,6.00,0.00,2.80,6-3.2,2,1913478135293878272,极兔快递,JT0016171358265,生活用品,浙江省,
名恩首府智慧社区服务_站点-名恩首府智慧社区服务站,名恩首府智慧社区服务站,名恩首府智慧社区服务站,快递,2025-04-19 14:13:44,,1.2,0.93,1,8.00,0.00,4.08,51% ,2,1913476058048045056,极兔快递,JT0016169712013,生活用品,河南省,
名恩首府智慧社区服务_站点-名恩首府智慧社区服务站,名恩首府智慧社区服务站,名恩首府智慧社区服务站,快递,2025-04-19 14:03:08,,0.5,0.2,0,6.00,0.00,2.80,6-3.2,2,1913473392639156224,极兔快递,JT0016169517682,服饰,河南省,
名恩首府智慧社区服务_站点-名恩首府智慧社区服务站,名恩首府智慧社区服务站,名恩首府智慧社区服务站,快递,2025-04-19 13:35:59,,0.1,0.2,0,6.00,0.00,2.80,6-3.2,2,1913466557861404672,极兔快递,JT0016167218017,生活用品,湖南省,
名恩首府智慧社区服务_站点-名恩首府智慧社区服务站,名恩首府智慧社区服务站,名恩首府智慧社区服务站,干洗,2025-04-19 12:46:43,,,,,24.80,,7.44,30%,,1913454157179330560,干洗,,"棉服_毛呢_羽绒服   *   1",,
名恩首府智慧社区服务_站点-名恩首府智慧社区服务站,名恩首府智慧社区服务站,名恩首府智慧社区服务站,干洗,2025-04-19 12:39:59,,,,,24.80,,7.44,30%,,1913452464781860864,干洗,,"棉服_毛呢_羽绒服   *   1",,
名恩首府智慧社区服务_站点-名恩首府智慧社区服务站,名恩首府智慧社区服务站,名恩首府智慧社区服务站,快递,2025-04-19 11:50:39,,0.2,0.23,0,6.00,0.00,2.80,6-3.2,2,1913440047481954304,极兔快递,JT0016168988645,服饰,浙江省,
名恩首府智慧社区服务_站点-名恩首府智慧社区服务站,名恩首府智慧社区服务站,名恩首府智慧社区服务站,快递,2025-04-18 21:24:53,,0.5,0.49,0,6.00,0.00,2.80,6-3.2,2,1913222173207240704,极兔快递,JT0016162325210,服饰,辽宁省,
名恩首府智慧社区服务_站点-名恩首府智慧社区服务站,名恩首府智慧社区服务站,名恩首府智慧社区服务站,干洗,2025-04-18 21:00:19,,,,,13.80,,4.14,30%,,1913215991046414336,干洗,,"短袖_衬衣短袖_马甲   *   1",,
名恩首府智慧社区服务_站点-名恩首府智慧社区服务站,名恩首府智慧社区服务站,名恩首府智慧社区服务站,干洗,2025-04-18 20:58:39,,,,,13.80,,4.14,30%,,1913215570823290880,干洗,,"短袖_衬衣短袖_马甲   *   1",,
名恩首府智慧社区服务_站点-名恩首府智慧社区服务站,名恩首府智慧社区服务站,名恩首府智慧社区服务站,干洗,2025-04-18 20:57:13,,,,,13.80,,4.14,30%,,1913215213154017280,干洗,,"短袖_衬衣短袖_马甲   *   1",,
名恩首府智慧社区服务_站点-名恩首府智慧社区服务站,名恩首府智慧社区服务站,名恩首府智慧社区服务站,干洗,2025-04-18 20:55:42,,,,,13.80,,4.14,30%,,1913214828465037312,干洗,,"短袖_衬衣短袖_马甲   *   1",,
名恩首府智慧社区服务_站点-名恩首府智慧社区服务站,名恩首府智慧社区服务站,名恩首府智慧社区服务站,干洗,2025-04-18 20:53:51,,,,,13.80,,4.14,30%,,1913214360967913472,干洗,,"短袖_衬衣短袖_马甲   *   1",,
名恩首府智慧社区服务_站点-名恩首府智慧社区服务站,名恩首府智慧社区服务站,名恩首府智慧社区服务站,快递,2025-04-18 20:43:26,,3.5,0.2,3,12.00,0.00,6.00,50% ,2,1913211742770110464,极兔快递,JT0016157552375,生活用品,陕西省,
名恩首府智慧社区服务_站点-名恩首府智慧社区服务站,名恩首府智慧社区服务站,名恩首府智慧社区服务站,快递,2025-04-18 20:25:54,,0.1,0.27,0,6.00,0.00,2.80,6-3.2,2,1913207331532513280,极兔快递,JT0016160323156,服饰,广东省,
名恩首府智慧社区服务_站点-名恩首府智慧社区服务站,名恩首府智慧社区服务站,名恩首府智慧社区服务站,快递,2025-04-18 20:14:18,,0.2,0.2,0,6.00,0.00,2.80,6-3.2,2,1913204413517471744,极兔快递,JT0016162389484,生活用品,浙江省,
名恩首府智慧社区服务_站点-名恩首府智慧社区服务站,名恩首府智慧社区服务站,名恩首府智慧社区服务站,快递,2025-04-18 20:05:45,,0.3,0.25,0,6.00,0.00,2.80,6-3.2,2,1913202248631656448,极兔快递,JT0016159214011,服饰,江西省,
名恩首府智慧社区服务_站点-名恩首府智慧社区服务站,名恩首府智慧社区服务站,名恩首府智慧社区服务站,快递,2025-04-18 20:04:53,,0.7,0.81,0,6.00,0.00,2.80,6-3.2,2,1913202043395973120,极兔快递,JT0016162710254,服饰,浙江省,
名恩首府智慧社区服务_站点-名恩首府智慧社区服务站,名恩首府智慧社区服务站,名恩首府智慧社区服务站,快递,2025-04-18 20:03:48,,0.7,0.73,0,6.00,0.00,2.80,6-3.2,2,1913201768849416192,极兔快递,JT0016160241606,服饰,浙江省,
名恩首府智慧社区服务_站点-名恩首府智慧社区服务站,名恩首府智慧社区服务站,名恩首府智慧社区服务站,快递,2025-04-18 19:49:25,,0.8,0.2,0,6.00,0.00,2.80,6-3.2,2,1913198147864829952,极兔快递,JT0016158944567,服饰,广东省,
名恩首府智慧社区服务_站点-名恩首府智慧社区服务站,名恩首府智慧社区服务站,名恩首府智慧社区服务站,快递,2025-04-18 19:47:08,,0.4,0.36,0,6.00,0.00,2.80,6-3.2,2,1913197576181194752,极兔快递,JT0016161661565,服饰,浙江省,
名恩首府智慧社区服务_站点-名恩首府智慧社区服务站,名恩首府智慧社区服务站,名恩首府智慧社区服务站,快递,2025-04-18 19:45:45,,0.2,0.2,0,6.00,0.00,2.80,6-3.2,2,1913197225810010112,极兔快递,JT0016158712602,服饰,河南省,
名恩首府智慧社区服务_站点-名恩首府智慧社区服务站,名恩首府智慧社区服务站,名恩首府智慧社区服务站,快递,2025-04-18 19:43:12,,0.8,0.89,0,6.00,0.00,2.80,6-3.2,2,1913196586598080512,极兔快递,JT0016161859908,服饰,山东省,
名恩首府智慧社区服务_站点-名恩首府智慧社区服务站,名恩首府智慧社区服务站,名恩首府智慧社区服务站,快递,2025-04-18 19:40:27,,0.5,0.51,0,6.00,0.00,2.80,6-3.2,2,1913195892650483712,极兔快递,JT0016155351084,服饰,湖南省,
名恩首府智慧社区服务_站点-名恩首府智慧社区服务站,名恩首府智慧社区服务站,名恩首府智慧社区服务站,快递,2025-04-18 19:15:01,,0.2,0.2,0,6.00,0.00,2.80,6-3.2,2,1913189485733683200,极兔快递,JT0016159784052,服饰,辽宁省,
名恩首府智慧社区服务_站点-名恩首府智慧社区服务站,名恩首府智慧社区服务站,名恩首府智慧社区服务站,快递,2025-04-18 19:00:24,,0.3,0.2,0,6.00,0.00,2.80,6-3.2,2,1913185814337757184,极兔快递,JT0016160626627,服饰,浙江省,
名恩首府智慧社区服务_站点-名恩首府智慧社区服务站,名恩首府智慧社区服务站,名恩首府智慧社区服务站,快递,2025-04-18 18:59:08,,0.7,0.2,0,6.00,0.00,2.80,6-3.2,2,1913185498884153344,极兔快递,JT0016149383435,生活用品,湖北省,
名恩首府智慧社区服务_站点-名恩首府智慧社区服务站,名恩首府智慧社区服务站,名恩首府智慧社区服务站,快递,2025-04-18 18:56:11,,0.4,0.2,0,6.00,0.00,2.80,6-3.2,2,1913184741548040192,极兔快递,JT0016161681039,服饰,湖南省,
名恩首府智慧社区服务_站点-名恩首府智慧社区服务站,名恩首府智慧社区服务站,名恩首府智慧社区服务站,快递,2025-04-18 18:55:07,,0.5,0.56,0,6.00,0.00,2.80,6-3.2,2,1913184484797915136,极兔快递,JT0016158164073,服饰,福建省,
名恩首府智慧社区服务_站点-名恩首府智慧社区服务站,名恩首府智慧社区服务站,名恩首府智慧社区服务站,快递,2025-04-18 18:50:46,,0.5,0.39,0,6.00,0.00,2.80,6-3.2,2,1913183382002147328,极兔快递,JT0016160041308,服饰,广东省,
名恩首府智慧社区服务_站点-名恩首府智慧社区服务站,名恩首府智慧社区服务站,名恩首府智慧社区服务站,快递,2025-04-18 18:49:57,,0.5,0.2,0,6.00,0.00,2.80,6-3.2,2,1913183185092157440,极兔快递,JT0016159557886,服饰,江苏省,
名恩首府智慧社区服务_站点-名恩首府智慧社区服务站,名恩首府智慧社区服务站,名恩首府智慧社区服务站,快递,2025-04-18 18:48:26,,0.1,0.2,0,6.00,0.00,2.80,6-3.2,2,1913182790781444096,极兔快递,JT0016158946409,服饰,广东省,
名恩首府智慧社区服务_站点-名恩首府智慧社区服务站,名恩首府智慧社区服务站,名恩首府智慧社区服务站,快递,2025-04-18 18:47:41,,0.1,0.2,0,6.00,0.00,2.80,6-3.2,2,1913182607624577024,极兔快递,JT0016147693388,生活用品,广东省,
名恩首府智慧社区服务_站点-名恩首府智慧社区服务站,名恩首府智慧社区服务站,名恩首府智慧社区服务站,快递,2025-04-18 18:46:54,,0.1,0.2,0,6.00,0.00,2.80,6-3.2,2,1913182417878458368,极兔快递,JT0016162024975,生活用品,广东省,
名恩首府智慧社区服务_站点-名恩首府智慧社区服务站,名恩首府智慧社区服务站,名恩首府智慧社区服务站,快递,2025-04-18 18:42:38,,0.3,0.28,0,6.00,0.00,2.80,6-3.2,2,1913181343318745088,极兔快递,JT0016152276654,服饰,广东省,
名恩首府智慧社区服务_站点-名恩首府智慧社区服务站,名恩首府智慧社区服务站,名恩首府智慧社区服务站,快递,2025-04-18 18:41:27,,0.3,0.22,0,6.00,0.00,2.80,6-3.2,2,1913181038204100608,极兔快递,JT0016156373551,服饰,广东省,
名恩首府智慧社区服务_站点-名恩首府智慧社区服务站,名恩首府智慧社区服务站,名恩首府智慧社区服务站,快递,2025-04-18 18:40:37,,0.3,0.2,0,6.00,0.00,2.80,6-3.2,2,1913180824709832704,极兔快递,JT0016161778463,服饰,广东省,
名恩首府智慧社区服务_站点-名恩首府智慧社区服务站,名恩首府智慧社区服务站,名恩首府智慧社区服务站,快递,2025-04-18 18:39:45,,1,0.53,0,6.00,0.00,2.80,6-3.2,2,1913180611446251520,极兔快递,JT0016160526723,服饰,浙江省,
名恩首府智慧社区服务_站点-名恩首府智慧社区服务站,名恩首府智慧社区服务站,名恩首府智慧社区服务站,快递,2025-04-18 18:37:23,,0.5,0.56,0,6.00,0.00,2.80,6-3.2,2,1913180020946968576,极兔快递,JT0016159539348,服饰,广东省,
名恩首府智慧社区服务_站点-名恩首府智慧社区服务站,名恩首府智慧社区服务站,名恩首府智慧社区服务站,快递,2025-04-18 18:33:56,,0.8,0.47,0,6.00,0.00,2.80,6-3.2,2,1913179151572606976,极兔快递,JT0016161256513,服饰,广东省,
名恩首府智慧社区服务_站点-名恩首府智慧社区服务站,名恩首府智慧社区服务站,名恩首府智慧社区服务站,快递,2025-04-18 18:29:16,,0.5,0.59,0,6.00,0.00,2.80,6-3.2,2,1913177981525368832,极兔快递,JT0016159099144,服饰,浙江省,
名恩首府智慧社区服务_站点-名恩首府智慧社区服务站,名恩首府智慧社区服务站,名恩首府智慧社区服务站,快递,2025-04-18 18:27:56,,0.5,0.51,0,6.00,0.00,2.80,6-3.2,2,1913177642948567040,极兔快递,JT0016161828062,服饰,浙江省,
名恩首府智慧社区服务_站点-名恩首府智慧社区服务站,名恩首府智慧社区服务站,名恩首府智慧社区服务站,快递,2025-04-18 18:02:32,,0.4,0.27,0,6.00,0.00,2.80,6-3.2,2,1913171248493043712,极兔快递,JT0016160952398,生活用品,河北省,
名恩首府智慧社区服务_站点-名恩首府智慧社区服务站,名恩首府智慧社区服务站,名恩首府智慧社区服务站,快递,2025-04-18 18:01:11,,0.3,0.32,0,6.00,0.00,2.80,6-3.2,2,1913170911623323648,极兔快递,JT0016160847282,生活用品,广东省,
名恩首府智慧社区服务_站点-名恩首府智慧社区服务站,名恩首府智慧社区服务站,名恩首府智慧社区服务站,快递,2025-04-18 17:57:49,,0.2,0.2,0,6.00,0.00,2.80,6-3.2,2,1913170061467262976,极兔快递,JT0016146251357,服饰,广东省,
名恩首府智慧社区服务_站点-名恩首府智慧社区服务站,名恩首府智慧社区服务站,名恩首府智慧社区服务站,快递,2025-04-18 17:49:55,,0.1,0.32,0,6.00,0.00,2.80,6-3.2,2,1913168075300741120,极兔快递,JT0016159763801,生活用品,福建省,
名恩首府智慧社区服务_站点-名恩首府智慧社区服务站,名恩首府智慧社区服务站,名恩首府智慧社区服务站,快递,2025-04-18 17:47:58,,0.3,0.35,0,6.00,0.00,2.80,6-3.2,2,1913167561905348608,极兔快递,JT0016147837286,服饰,湖北省,
名恩首府智慧社区服务_站点-名恩首府智慧社区服务站,名恩首府智慧社区服务站,名恩首府智慧社区服务站,快递,2025-04-18 17:43:11,,0.3,0.26,0,6.00,0.00,2.80,6-3.2,2,1913166375567433728,极兔快递,JT0016159646474,服饰,山西省,
名恩首府智慧社区服务_站点-名恩首府智慧社区服务站,名恩首府智慧社区服务站,名恩首府智慧社区服务站,快递,2025-04-18 17:26:45,,0.2,0.2,0,6.00,0.00,2.80,6-3.2,2,1913162234015195136,极兔快递,JT0016156062159,生活用品,河北省,
名恩首府智慧社区服务_站点-名恩首府智慧社区服务站,名恩首府智慧社区服务站,名恩首府智慧社区服务站,快递,2025-04-18 11:20:15,,2.8,0.2,2,10.00,0.00,5.50,55% ,2,1913070013903478784,极兔快递,JT0016149537728,服饰,河北省,
名恩首府智慧社区服务_站点-名恩首府智慧社区服务站,名恩首府智慧社区服务站,名恩首府智慧社区服务站,快递,2025-04-18 11:17:50,,0.3,0.25,0,6.00,0.00,2.80,6-3.2,2,1913069394157314048,极兔快递,JT0016141418259,服饰,广东省,
名恩首府智慧社区服务_站点-名恩首府智慧社区服务站,名恩首府智慧社区服务站,名恩首府智慧社区服务站,快递,2025-04-18 11:16:51,,0.2,0.2,0,6.00,0.00,2.80,6-3.2,2,1913069145690939392,极兔快递,JT0016151587167,服饰,江苏省,
名恩首府智慧社区服务_站点-名恩首府智慧社区服务站,名恩首府智慧社区服务站,名恩首府智慧社区服务站,快递,2025-04-18 11:15:39,,0.5,0.42,0,6.00,0.00,2.80,6-3.2,2,1913068829935345664,极兔快递,JT0016150006537,服饰,广东省,
名恩首府智慧社区服务_站点-名恩首府智慧社区服务站,名恩首府智慧社区服务站,名恩首府智慧社区服务站,快递,2025-04-18 11:14:33,,0.1,0.2,0,6.00,0.00,2.80,6-3.2,2,1913068581368307712,极兔快递,JT0016152257289,服饰,浙江省,
名恩首府智慧社区服务_站点-名恩首府智慧社区服务站,名恩首府智慧社区服务站,名恩首府智慧社区服务站,快递,2025-04-18 11:02:12,,0.3,0.46,0,6.00,0.00,2.80,6-3.2,2,1913065472529211392,极兔快递,JT0016150993907,服饰,广东省,
名恩首府智慧社区服务_站点-名恩首府智慧社区服务站,名恩首府智慧社区服务站,名恩首府智慧社区服务站,快递,2025-04-18 10:58:50,,0.3,0.23,0,6.00,0.00,2.80,6-3.2,2,1913064624587743232,极兔快递,JT0016152607552,生活用品,浙江省,
名恩首府智慧社区服务_站点-名恩首府智慧社区服务站,名恩首府智慧社区服务站,名恩首府智慧社区服务站,快递,2025-04-18 10:34:11,,0.4,0.24,0,6.00,0.00,2.80,6-3.2,2,1913058421061132288,极兔快递,JT0016147789163,生活用品,广东省,
名恩首府智慧社区服务_站点-名恩首府智慧社区服务站,名恩首府智慧社区服务站,名恩首府智慧社区服务站,快递,2025-04-18 10:32:33,,1.5,1.44,0,8.00,0.00,4.08,51% ,2,1913058007188185088,极兔快递,JT0016143699976,生活用品,浙江省,
名恩首府智慧社区服务_站点-名恩首府智慧社区服务站,名恩首府智慧社区服务站,名恩首府智慧社区服务站,快递,2025-04-18 10:27:01,,0.2,0.2,0,6.00,0.00,2.80,6-3.2,2,1913056618596737024,极兔快递,JT0016150991587,生活用品,河南省,
名恩首府智慧社区服务_站点-名恩首府智慧社区服务站,名恩首府智慧社区服务站,名恩首府智慧社区服务站,快递,2025-04-17 20:09:06,,0.8,0.2,0,6.00,0.00,2.80,6-3.2,2,1912840715521953792,极兔快递,JT0016144940533,食品,陕西省,
名恩首府智慧社区服务_站点-名恩首府智慧社区服务站,名恩首府智慧社区服务站,名恩首府智慧社区服务站,快递,2025-04-17 19:54:34,,1.5,1.54,0,8.00,0.00,4.08,51% ,2,1912837056486641664,极兔快递,JT0016146150804,服饰,浙江省,
名恩首府智慧社区服务_站点-名恩首府智慧社区服务站,名恩首府智慧社区服务站,名恩首府智慧社区服务站,快递,2025-04-17 19:53:21,,1,0.85,0,6.00,0.00,2.80,6-3.2,2,1912836740546498560,极兔快递,JT0016143816941,服饰,广东省,
名恩首府智慧社区服务_站点-名恩首府智慧社区服务站,名恩首府智慧社区服务站,名恩首府智慧社区服务站,快递,2025-04-17 19:52:20,,0.5,0.44,0,6.00,0.00,2.80,6-3.2,2,1912836476158545920,极兔快递,JT0016146891377,服饰,广东省,
名恩首府智慧社区服务_站点-名恩首府智慧社区服务站,名恩首府智慧社区服务站,名恩首府智慧社区服务站,快递,2025-04-17 19:51:12,,0.5,0.35,0,6.00,0.00,2.80,6-3.2,2,1912836209711190016,极兔快递,JT0016146655315,服饰,广东省,
名恩首府智慧社区服务_站点-名恩首府智慧社区服务站,名恩首府智慧社区服务站,名恩首府智慧社区服务站,快递,2025-04-17 19:47:36,,0.2,0.3,0,6.00,0.00,2.80,6-3.2,2,1912835303909298176,极兔快递,JT0016142366585,服饰,广东省,
名恩首府智慧社区服务_站点-名恩首府智慧社区服务站,名恩首府智慧社区服务站,名恩首府智慧社区服务站,快递,2025-04-17 19:40:38,,1,0.58,0,6.00,0.00,2.80,6-3.2,2,1912833553311666176,极兔快递,JT0016147025507,服饰,广东省,
名恩首府智慧社区服务_站点-名恩首府智慧社区服务站,名恩首府智慧社区服务站,名恩首府智慧社区服务站,快递,2025-04-17 19:36:16,,1.2,0.94,1,8.00,0.00,4.08,51% ,2,1912832449660260352,极兔快递,JT0016145688932,易碎品,浙江省,
名恩首府智慧社区服务_站点-名恩首府智慧社区服务站,名恩首府智慧社区服务站,名恩首府智慧社区服务站,快递,2025-04-17 19:32:29,,1.5,1.07,0,8.00,0.00,4.08,51% ,2,1912831500271161344,极兔快递,JT0016146652702,易碎品,广东省,
名恩首府智慧社区服务_站点-名恩首府智慧社区服务站,名恩首府智慧社区服务站,名恩首府智慧社区服务站,快递,2025-04-17 19:27:31,2025-04-17 11:28:57,0.5,,,6.00,,0.00,,2,1912830249412268032,极兔快递,JT0016144560389,生活用品,浙江省,已全额退款
名恩首府智慧社区服务_站点-名恩首府智慧社区服务站,名恩首府智慧社区服务站,名恩首府智慧社区服务站,快递,2025-04-17 19:21:56,,0.5,,,6.00,,2.80,6-3.2,2,1912828840704937984,极兔快递,JT0016142798610,生活用品,广东省,
名恩首府智慧社区服务_站点-名恩首府智慧社区服务站,名恩首府智慧社区服务站,名恩首府智慧社区服务站,快递,2025-04-17 19:19:03,,0.5,0.49,0,6.00,0.00,2.80,6-3.2,2,1912828119259484160,极兔快递,JT0016146255375,生活用品,浙江省,
名恩首府智慧社区服务_站点-名恩首府智慧社区服务站,名恩首府智慧社区服务站,名恩首府智慧社区服务站,快递,2025-04-17 19:02:02,,1,0.6,0,6.00,0.00,2.80,6-3.2,2,1912823831971958784,极兔快递,JT0016139029847,服饰,四川省,
名恩首府智慧社区服务_站点-名恩首府智慧社区服务站,名恩首府智慧社区服务站,名恩首府智慧社区服务站,快递,2025-04-17 18:39:07,,1.1,1.07,0,8.00,0.00,4.08,51% ,2,1912818070961197056,极兔快递,JT0016145696791,服饰,山东省,
名恩首府智慧社区服务_站点-名恩首府智慧社区服务站,名恩首府智慧社区服务站,名恩首府智慧社区服务站,快递,2025-04-17 18:33:42,,0.5,,,6.00,,2.80,6-3.2,2,1912816708579954688,极兔快递,JT0016131903069,服饰,山东省,
名恩首府智慧社区服务_站点-名恩首府智慧社区服务站,名恩首府智慧社区服务站,名恩首府智慧社区服务站,快递,2025-04-17 18:17:38,,0.5,0.47,0,6.00,0.00,2.80,6-3.2,2,1912812660896239616,极兔快递,JT0016142325360,服饰,浙江省,
名恩首府智慧社区服务_站点-名恩首府智慧社区服务站,名恩首府智慧社区服务站,名恩首府智慧社区服务站,快递,2025-04-17 17:16:45,,0.5,0.44,0,6.00,0.00,2.80,6-3.2,2,1912797340122943488,极兔快递,JT0016144386709,服饰,浙江省,
名恩首府智慧社区服务_站点-名恩首府智慧社区服务站,名恩首府智慧社区服务站,名恩首府智慧社区服务站,快递,2025-04-17 17:07:17,,0.3,0.23,0,6.00,0.00,2.80,6-3.2,2,1912794959511490560,极兔快递,JT0016142332420,服饰,浙江省,
名恩首府智慧社区服务_站点-名恩首府智慧社区服务站,名恩首府智慧社区服务站,名恩首府智慧社区服务站,快递,2025-04-17 17:05:39,,0.5,0.28,0,6.00,0.00,2.80,6-3.2,2,1912794546234134528,极兔快递,JT0016144229356,服饰,浙江省,
名恩首府智慧社区服务_站点-名恩首府智慧社区服务站,名恩首府智慧社区服务站,名恩首府智慧社区服务站,快递,2025-04-17 15:57:01,,0.2,0.2,0,6.00,0.00,2.80,6-3.2,2,1912777272618061824,极兔快递,JT0016142629830,服饰,浙江省,
名恩首府智慧社区服务_站点-名恩首府智慧社区服务站,名恩首府智慧社区服务站,名恩首府智慧社区服务站,快递,2025-04-17 15:55:27,,0.2,0.29,0,6.00,0.00,2.80,6-3.2,2,1912776881503408128,极兔快递,JT0016139835138,服饰,浙江省,
名恩首府智慧社区服务_站点-名恩首府智慧社区服务站,名恩首府智慧社区服务站,名恩首府智慧社区服务站,快递,2025-04-17 15:53:53,,0.2,0.2,0,6.00,0.00,2.80,6-3.2,2,1912776483736588288,极兔快递,JT0016141234013,服饰,湖南省,
名恩首府智慧社区服务_站点-名恩首府智慧社区服务站,名恩首府智慧社区服务站,名恩首府智慧社区服务站,快递,2025-04-17 15:52:35,,0.1,0.2,0,6.00,0.00,2.80,6-3.2,2,1912776156564099072,极兔快递,JT0016133511772,服饰,广东省,
名恩首府智慧社区服务_站点-名恩首府智慧社区服务站,名恩首府智慧社区服务站,名恩首府智慧社区服务站,快递,2025-04-17 15:45:06,,0.2,0.22,0,6.00,0.00,2.80,6-3.2,2,1912774278346379264,极兔快递,JT0016141968376,服饰,湖北省,
名恩首府智慧社区服务_站点-名恩首府智慧社区服务站,名恩首府智慧社区服务站,名恩首府智慧社区服务站,快递,2025-04-17 15:05:23,,0.5,0.55,0,6.00,0.00,2.80,6-3.2,2,1912764282585944064,极兔快递,JT0016141667753,服饰,广东省,
名恩首府智慧社区服务_站点-名恩首府智慧社区服务站,名恩首府智慧社区服务站,名恩首府智慧社区服务站,快递,2025-04-17 15:02:51,,0.2,0.66,0,6.00,0.00,2.80,6-3.2,2,1912763644451950592,极兔快递,JT0016140913137,生活用品,广东省,
名恩首府智慧社区服务_站点-名恩首府智慧社区服务站,名恩首府智慧社区服务站,名恩首府智慧社区服务站,快递,2025-04-17 14:52:20,,0.7,0.66,0,6.00,0.00,2.80,6-3.2,2,1912761000048136192,极兔快递,JT0016139245479,服饰,江苏省,
名恩首府智慧社区服务_站点-名恩首府智慧社区服务站,名恩首府智慧社区服务站,名恩首府智慧社区服务站,快递,2025-04-17 14:51:03,,0.7,0.61,0,6.00,0.00,2.80,6-3.2,2,1912760458144059392,极兔快递,JT0016136026595,服饰,江苏省,
名恩首府智慧社区服务_站点-名恩首府智慧社区服务站,名恩首府智慧社区服务站,名恩首府智慧社区服务站,快递,2025-04-17 14:30:56,,0.1,0.2,0,6.00,0.00,2.80,6-3.2,2,1912755610883395584,极兔快递,JT0016125181423,服饰,广东省,
名恩首府智慧社区服务_站点-名恩首府智慧社区服务站,名恩首府智慧社区服务站,名恩首府智慧社区服务站,快递,2025-04-17 14:23:04,,0.2,0.21,0,6.00,0.00,2.80,6-3.2,2,1912753628936343552,极兔快递,JT0016135533744,生活用品,河南省,
名恩首府智慧社区服务_站点-名恩首府智慧社区服务站,名恩首府智慧社区服务站,名恩首府智慧社区服务站,快递,2025-04-17 14:14:48,,1,0.69,0,6.00,0.00,2.80,6-3.2,2,1912751553636667392,极兔快递,JT0016130876820,服饰,浙江省,
名恩首府智慧社区服务_站点-名恩首府智慧社区服务站,名恩首府智慧社区服务站,名恩首府智慧社区服务站,快递,2025-04-17 14:11:14,,0.1,0.2,0,6.00,0.00,2.80,6-3.2,2,1912750652691779584,极兔快递,JT0016132735595,服饰,广东省,
名恩首府智慧社区服务_站点-名恩首府智慧社区服务站,名恩首府智慧社区服务站,名恩首府智慧社区服务站,快递,2025-04-17 14:09:02,,0.5,0.58,0,6.00,0.00,2.80,6-3.2,2,1912750098972348416,极兔快递,JT0016136993135,服饰,广东省,
名恩首府智慧社区服务_站点-名恩首府智慧社区服务站,名恩首府智慧社区服务站,名恩首府智慧社区服务站,快递,2025-04-16 20:09:11,,0.1,0.2,0,6.00,0.00,2.80,6-3.2,2,1912478330902745088,极兔快递,JT0016107767685,生活用品,四川省,
名恩首府智慧社区服务_站点-名恩首府智慧社区服务站,名恩首府智慧社区服务站,名恩首府智慧社区服务站,快递,2025-04-16 20:08:01,,1.3,1.33,0,8.00,0.00,4.08,51% ,2,1912478055580241920,极兔快递,JT0016129438389,服饰,广东省,
名恩首府智慧社区服务_站点-名恩首府智慧社区服务站,名恩首府智慧社区服务站,名恩首府智慧社区服务站,快递,2025-04-16 20:03:00,,0.4,0.29,0,6.00,0.00,2.80,6-3.2,2,1912476790699790336,极兔快递,JT0016128979243,服饰,江西省,
名恩首府智慧社区服务_站点-名恩首府智慧社区服务站,名恩首府智慧社区服务站,名恩首府智慧社区服务站,快递,2025-04-16 19:59:19,,0.8,0.66,0,6.00,0.00,2.80,6-3.2,2,1912475862089273344,极兔快递,JT0016131310497,服饰,广东省,
名恩首府智慧社区服务_站点-名恩首府智慧社区服务站,名恩首府智慧社区服务站,名恩首府智慧社区服务站,快递,2025-04-16 19:56:49,,1.5,1.17,0,8.00,0.00,4.08,51% ,2,1912475100995063808,极兔快递,JT0016126142901,服饰,广东省,
名恩首府智慧社区服务_站点-名恩首府智慧社区服务站,名恩首府智慧社区服务站,名恩首府智慧社区服务站,快递,2025-04-16 19:52:07,,0.2,0.2,0,7.00,0.00,2.80,6-3.2,2,1912474044248559616,极兔快递,JT0016129094161,服饰,上海市,
名恩首府智慧社区服务_站点-名恩首府智慧社区服务站,名恩首府智慧社区服务站,名恩首府智慧社区服务站,快递,2025-04-16 19:48:48,,0.1,0.2,0,6.00,0.00,2.80,6-3.2,2,1912473208244080640,极兔快递,JT0016131407415,服饰,广东省,
名恩首府智慧社区服务_站点-名恩首府智慧社区服务站,名恩首府智慧社区服务站,名恩首府智慧社区服务站,快递,2025-04-16 19:44:43,,0.1,0.2,0,6.00,0.00,2.80,6-3.2,2,1912472192991825920,极兔快递,JT0016130418260,服饰,广东省,
名恩首府智慧社区服务_站点-名恩首府智慧社区服务站,名恩首府智慧社区服务站,名恩首府智慧社区服务站,快递,2025-04-16 19:41:11,,0.12,0.2,0,6.00,0.00,2.80,6-3.2,2,1912471301026942976,极兔快递,JT0016125186962,服饰,福建省,
名恩首府智慧社区服务_站点-名恩首府智慧社区服务站,名恩首府智慧社区服务站,名恩首府智慧社区服务站,快递,2025-04-16 19:35:11,,0.2,0.2,0,6.00,0.00,2.80,6-3.2,2,1912469793195626496,极兔快递,JT0016127091986,服饰,广东省,
名恩首府智慧社区服务_站点-名恩首府智慧社区服务站,名恩首府智慧社区服务站,名恩首府智慧社区服务站,快递,2025-04-16 19:14:02,,1.1,0.79,1,8.00,0.00,4.08,51% ,2,1912464469726269440,极兔快递,JT0016129049577,服饰,陕西省,
名恩首府智慧社区服务_站点-名恩首府智慧社区服务站,名恩首府智慧社区服务站,名恩首府智慧社区服务站,快递,2025-04-16 18:58:15,,0.3,0.2,0,6.00,0.00,2.80,6-3.2,2,1912460494075531264,极兔快递,JT0016124943418,生活用品,陕西省,
名恩首府智慧社区服务_站点-名恩首府智慧社区服务站,名恩首府智慧社区服务站,名恩首府智慧社区服务站,快递,2025-04-16 18:01:32,,1.1,0.2,1,8.00,0.00,4.08,51% ,2,1912446222457049088,极兔快递,JT0016117963971,生活用品,广东省,
名恩首府智慧社区服务_站点-名恩首府智慧社区服务站,名恩首府智慧社区服务站,名恩首府智慧社区服务站,快递,2025-04-16 17:59:21,,0.6,0.62,0,6.00,0.00,2.80,6-3.2,2,1912445667840036864,极兔快递,JT0016129057908,服饰,浙江省,
名恩首府智慧社区服务_站点-名恩首府智慧社区服务站,名恩首府智慧社区服务站,名恩首府智慧社区服务站,快递,2025-04-16 17:57:57,,0.9,0.94,0,6.00,0.00,2.80,6-3.2,2,1912445322950807552,极兔快递,JT0016126779295,服饰,浙江省,
名恩首府智慧社区服务_站点-名恩首府智慧社区服务站,名恩首府智慧社区服务站,名恩首府智慧社区服务站,快递,2025-04-16 17:12:43,,6,6.47,-1,19.00,6.00,8.50,50%,2,1912433937932029952,极兔快递,JT0016128052258,易碎品,北京市,
名恩首府智慧社区服务_站点-名恩首府智慧社区服务站,名恩首府智慧社区服务站,名恩首府智慧社区服务站,快递,2025-04-16 17:00:26,,0.4,0.39,0,6.00,0.00,2.80,6-3.2,2,1912430848571281408,极兔快递,JT0016128862567,食品,山东省,
名恩首府智慧社区服务_站点-名恩首府智慧社区服务站,名恩首府智慧社区服务站,名恩首府智慧社区服务站,快递,2025-04-16 16:56:31,,1.2,0.97,1,8.00,0.00,4.08,51% ,2,1912429860888186880,极兔快递,JT0016126290102,易碎品,福建省,
名恩首府智慧社区服务_站点-名恩首府智慧社区服务站,名恩首府智慧社区服务站,名恩首府智慧社区服务站,快递,2025-04-16 16:18:17,,1.1,1.03,0,8.00,0.00,4.08,51% ,2,1912420242468311040,极兔快递,JT0016123310069,服饰,福建省,
名恩首府智慧社区服务_站点-名恩首府智慧社区服务站,名恩首府智慧社区服务站,名恩首府智慧社区服务站,干洗,2025-04-16 16:05:08,,,,,9.90,,2.97,30%,,1912416928351588352,干洗,,"清洗鞋19.8元两双   *   1",,
名恩首府智慧社区服务_站点-名恩首府智慧社区服务站,名恩首府智慧社区服务站,名恩首府智慧社区服务站,干洗,2025-04-16 16:03:29,,,,,9.90,,2.97,30%,,1912416511450353664,干洗,,"清洗鞋19.8元两双   *   1",,
名恩首府智慧社区服务_站点-名恩首府智慧社区服务站,名恩首府智慧社区服务站,名恩首府智慧社区服务站,干洗,2025-04-16 16:01:47,,,,,9.90,,2.97,30%,,1912416084700893184,干洗,,"清洗鞋19.8元两双   *   1",,
名恩首府智慧社区服务_站点-名恩首府智慧社区服务站,名恩首府智慧社区服务站,名恩首府智慧社区服务站,干洗,2025-04-16 15:59:22,,,,,9.90,,2.97,30%,,1912415474685513728,干洗,,"清洗鞋19.8元两双   *   1",,
名恩首府智慧社区服务_站点-名恩首府智慧社区服务站,名恩首府智慧社区服务站,名恩首府智慧社区服务站,干洗,2025-04-16 15:57:15,,,,,9.90,,2.97,30%,,1912414943137173504,干洗,,"清洗鞋19.8元两双   *   1",,
名恩首府智慧社区服务_站点-名恩首府智慧社区服务站,名恩首府智慧社区服务站,名恩首府智慧社区服务站,干洗,2025-04-16 15:43:14,,,,,9.90,,2.97,30%,,1912411415383576576,干洗,,"清洗鞋19.8元两双   *   1",,
名恩首府智慧社区服务_站点-名恩首府智慧社区服务站,名恩首府智慧社区服务站,名恩首府智慧社区服务站,干洗,2025-04-16 15:40:56,,,,,9.90,,2.97,30%,,1912410837685309440,干洗,,"清洗鞋19.8元两双   *   1",,
名恩首府智慧社区服务_站点-名恩首府智慧社区服务站,名恩首府智慧社区服务站,名恩首府智慧社区服务站,干洗,2025-04-16 15:38:45,,,,,9.90,,2.97,30%,,1912410288055324672,干洗,,"清洗鞋19.8元两双   *   1",,
名恩首府智慧社区服务_站点-名恩首府智慧社区服务站,名恩首府智慧社区服务站,名恩首府智慧社区服务站,快递,2025-04-16 14:13:17,,1.2,1.23,0,8.00,0.00,4.08,51% ,2,1912388782013222912,极兔快递,JT0016121054251,服饰,浙江省,
名恩首府智慧社区服务_站点-名恩首府智慧社区服务站,名恩首府智慧社区服务站,名恩首府智慧社区服务站,快递,2025-04-16 14:09:35,,0.2,0.2,0,6.00,0.00,2.80,6-3.2,2,1912387830040432640,极兔快递,JT0016122798426,服饰,河南省,
名恩首府智慧社区服务_站点-名恩首府智慧社区服务站,名恩首府智慧社区服务站,名恩首府智慧社区服务站,快递,2025-04-16 14:08:29,,0.3,0.29,0,6.00,0.00,2.80,6-3.2,2,1912387565690228736,极兔快递,JT0016116702951,服饰,广东省,
名恩首府智慧社区服务_站点-名恩首府智慧社区服务站,名恩首府智慧社区服务站,名恩首府智慧社区服务站,快递,2025-04-16 14:07:29,,0.3,0.26,0,6.00,0.00,2.80,6-3.2,2,1912387312907915264,极兔快递,JT0016125036235,服饰,福建省,
名恩首府智慧社区服务_站点-名恩首府智慧社区服务站,名恩首府智慧社区服务站,名恩首府智慧社区服务站,快递,2025-04-16 14:06:27,,0.2,0.2,0,6.00,0.00,2.80,6-3.2,2,1912387064756113408,极兔快递,JT0016104326247,服饰,广东省,
名恩首府智慧社区服务_站点-名恩首府智慧社区服务站,名恩首府智慧社区服务站,名恩首府智慧社区服务站,快递,2025-04-16 14:02:32,,1.3,1.22,0,8.00,0.00,4.08,51% ,2,1912386062191628288,极兔快递,JT0016118368505,服饰,广东省,
名恩首府智慧社区服务_站点-名恩首府智慧社区服务站,名恩首府智慧社区服务站,名恩首府智慧社区服务站,干洗,2025-04-16 13:49:04,,,,,9.90,,2.97,30%,,1912382654831333376,干洗,,"清洗鞋19.8元两双   *   1",,
名恩首府智慧社区服务_站点-名恩首府智慧社区服务站,名恩首府智慧社区服务站,名恩首府智慧社区服务站,快递,2025-04-16 12:17:53,,0.1,0.2,0,6.00,0.00,2.80,6-3.2,2,1912359739716997120,极兔快递,JT0016119546292,服饰,广东省,
名恩首府智慧社区服务_站点-名恩首府智慧社区服务站,名恩首府智慧社区服务站,名恩首府智慧社区服务站,快递,2025-04-15 21:09:32,,18,18.09,-1,54.00,24.00,27.00,50% ,2,1912131149746343936,极兔快递,JT0016115244592,生活用品,辽宁省,
名恩首府智慧社区服务_站点-名恩首府智慧社区服务站,名恩首府智慧社区服务站,名恩首府智慧社区服务站,快递,2025-04-15 20:56:43,,0.2,0.2,0,6.00,0.00,2.80,6-3.2,2,1912127921579298816,极兔快递,JT0016115731616,生活用品,江苏省,
名恩首府智慧社区服务_站点-名恩首府智慧社区服务站,名恩首府智慧社区服务站,名恩首府智慧社区服务站,快递,2025-04-15 20:55:00,,0.2,0.2,0,6.00,0.00,2.80,6-3.2,2,1912127490279018496,极兔快递,JT0016084363293,服饰,江苏省,
名恩首府智慧社区服务_站点-名恩首府智慧社区服务站,名恩首府智慧社区服务站,名恩首府智慧社区服务站,快递,2025-04-15 20:53:26,,0.2,0.2,0,6.00,0.00,2.80,6-3.2,2,1912127096589062144,极兔快递,JT0016113418337,服饰,山西省,
名恩首府智慧社区服务_站点-名恩首府智慧社区服务站,名恩首府智慧社区服务站,名恩首府智慧社区服务站,快递,2025-04-15 20:46:01,,0.4,0.29,0,6.00,0.00,2.80,6-3.2,2,1912125229989564416,极兔快递,JT0016115611126,服饰,陕西省,
名恩首府智慧社区服务_站点-名恩首府智慧社区服务站,名恩首府智慧社区服务站,名恩首府智慧社区服务站,快递,2025-04-15 20:44:20,,0.5,0.49,0,6.00,0.00,2.80,6-3.2,2,1912124807761563648,极兔快递,JT0016116054756,服饰,安徽省,
名恩首府智慧社区服务_站点-名恩首府智慧社区服务站,名恩首府智慧社区服务站,名恩首府智慧社区服务站,快递,2025-04-15 20:42:54,,0.5,,,6.00,,2.52,42% ,2,1912124362112569344,申通快递,772040046438485,服饰,广东省,
名恩首府智慧社区服务_站点-名恩首府智慧社区服务站,名恩首府智慧社区服务站,名恩首府智慧社区服务站,快递,2025-04-15 20:41:17,,1,0.9,0,6.00,0.00,2.80,6-3.2,2,1912124020616531968,极兔快递,JT0016115737504,服饰,浙江省,
名恩首府智慧社区服务_站点-名恩首府智慧社区服务站,名恩首府智慧社区服务站,名恩首府智慧社区服务站,快递,2025-04-15 20:39:58,,0.2,0.63,0,6.00,0.00,2.80,6-3.2,2,1912123691887955968,极兔快递,JT0016115210259,服饰,浙江省,
名恩首府智慧社区服务_站点-名恩首府智慧社区服务站,名恩首府智慧社区服务站,名恩首府智慧社区服务站,快递,2025-04-15 20:39:04,,0.2,0.2,0,6.00,0.00,2.80,6-3.2,2,1912123479916220416,极兔快递,JT0016111370815,服饰,浙江省,
名恩首府智慧社区服务_站点-名恩首府智慧社区服务站,名恩首府智慧社区服务站,名恩首府智慧社区服务站,快递,2025-04-15 20:35:49,,0.5,0.48,0,6.00,0.00,2.80,6-3.2,2,1912122640111702016,极兔快递,JT0016113291528,服饰,湖北省,
名恩首府智慧社区服务_站点-名恩首府智慧社区服务站,名恩首府智慧社区服务站,名恩首府智慧社区服务站,快递,2025-04-15 19:20:21,2025-04-15 12:03:06,0.7,,,6.00,,0.00,,2,1912103671841624064,极兔快递,JT0016111383391,服饰,江苏省,已全额退款
名恩首府智慧社区服务_站点-名恩首府智慧社区服务站,名恩首府智慧社区服务站,名恩首府智慧社区服务站,快递,2025-04-15 19:23:11,2025-04-15 12:02:53,2.6,,,10.00,,0.00,,2,1912104384705531904,极兔快递,JT0016114533583,生活用品,河北省,已全额退款
名恩首府智慧社区服务_站点-名恩首府智慧社区服务站,名恩首府智慧社区服务站,名恩首府智慧社区服务站,快递,2025-04-15 19:49:28,,0.5,0.44,0,6.00,0.00,2.80,6-3.2,2,1912110997201948672,极兔快递,JT0016114869698,服饰,浙江省,
名恩首府智慧社区服务_站点-名恩首府智慧社区服务站,名恩首府智慧社区服务站,名恩首府智慧社区服务站,快递,2025-04-15 19:48:20,,0.4,0.3,0,6.00,0.00,2.80,6-3.2,2,1912110712484204544,极兔快递,JT0016113827791,服饰,浙江省,
名恩首府智慧社区服务_站点-名恩首府智慧社区服务站,名恩首府智慧社区服务站,名恩首府智慧社区服务站,快递,2025-04-15 19:42:21,,0.3,0.3,0,6.00,0.00,2.80,6-3.2,2,1912109205986676736,极兔快递,JT0016108899263,生活用品,广东省,
名恩首府智慧社区服务_站点-名恩首府智慧社区服务站,名恩首府智慧社区服务站,名恩首府智慧社区服务站,快递,2025-04-15 19:38:33,,0.3,0.2,0,6.00,0.00,2.80,6-3.2,2,1912108250704580608,极兔快递,JT0016112900723,生活用品,浙江省,
名恩首府智慧社区服务_站点-名恩首府智慧社区服务站,名恩首府智慧社区服务站,名恩首府智慧社区服务站,快递,2025-04-15 19:34:03,,0.5,0.47,0,6.00,0.00,2.80,6-3.2,2,1912107119773421568,极兔快递,JT0016111568714,食品,湖南省,
名恩首府智慧社区服务_站点-名恩首府智慧社区服务站,名恩首府智慧社区服务站,名恩首府智慧社区服务站,快递,2025-04-15 19:08:21,,0.5,0.74,0,6.00,0.00,2.80,6-3.2,2,1912100651112271872,极兔快递,JT0016112365686,服饰,浙江省,
名恩首府智慧社区服务_站点-名恩首府智慧社区服务站,名恩首府智慧社区服务站,名恩首府智慧社区服务站,快递,2025-04-15 19:01:54,,1.7,1.67,0,8.00,0.00,4.08,51% ,2,1912099005976219648,极兔快递,JT0016111518381,生活用品,浙江省,
名恩首府智慧社区服务_站点-名恩首府智慧社区服务站,名恩首府智慧社区服务站,名恩首府智慧社区服务站,快递,2025-04-15 18:51:18,,0.1,0.2,0,6.00,0.00,2.80,6-3.2,2,1912096305934962688,极兔快递,JT0016113971846,生活用品,浙江省,
名恩首府智慧社区服务_站点-名恩首府智慧社区服务站,名恩首府智慧社区服务站,名恩首府智慧社区服务站,快递,2025-04-15 18:49:10,,0.1,0.2,0,6.00,0.00,2.80,6-3.2,2,1912095823602585600,极兔快递,JT0016113713762,生活用品,浙江省,
名恩首府智慧社区服务_站点-名恩首府智慧社区服务站,名恩首府智慧社区服务站,名恩首府智慧社区服务站,快递,2025-04-15 18:45:32,,0.4,0.2,0,6.00,0.00,2.80,6-3.2,2,1912094911056252928,极兔快递,JT0016112073421,服饰,浙江省,
名恩首府智慧社区服务_站点-名恩首府智慧社区服务站,名恩首府智慧社区服务站,名恩首府智慧社区服务站,快递,2025-04-15 18:42:42,,0.5,0.32,0,6.00,0.00,2.80,6-3.2,2,1912094199035400192,极兔快递,JT0016113873884,服饰,浙江省,
名恩首府智慧社区服务_站点-名恩首府智慧社区服务站,名恩首府智慧社区服务站,名恩首府智慧社区服务站,快递,2025-04-15 18:40:21,,0.5,0.43,0,6.00,0.00,2.80,6-3.2,2,1912093608808747008,极兔快递,JT0016111284096,服饰,广东省,
名恩首府智慧社区服务_站点-名恩首府智慧社区服务站,名恩首府智慧社区服务站,名恩首府智慧社区服务站,快递,2025-04-15 18:38:28,,0.5,0.58,0,6.00,0.00,2.80,6-3.2,2,1912093130347712512,极兔快递,JT0016108891877,服饰,广东省,
名恩首府智慧社区服务_站点-名恩首府智慧社区服务站,名恩首府智慧社区服务站,名恩首府智慧社区服务站,快递,2025-04-15 18:28:13,,0.1,0.2,0,6.00,0.00,2.80,6-3.2,2,1912090550712340480,极兔快递,JT0016112239285,服饰,浙江省,
名恩首府智慧社区服务_站点-名恩首府智慧社区服务站,名恩首府智慧社区服务站,名恩首府智慧社区服务站,快递,2025-04-15 18:24:22,,0.5,0.49,0,6.00,0.00,2.80,6-3.2,2,1912089581152833536,极兔快递,JT0016113264550,生活用品,广东省,
名恩首府智慧社区服务_站点-名恩首府智慧社区服务站,名恩首府智慧社区服务站,名恩首府智慧社区服务站,快递,2025-04-15 18:20:14,,0.5,0.4,0,6.00,0.00,2.80,6-3.2,2,1912088540814446592,极兔快递,JT0016112611771,服饰,河南省,
名恩首府智慧社区服务_站点-名恩首府智慧社区服务站,名恩首府智慧社区服务站,名恩首府智慧社区服务站,快递,2025-04-15 18:09:06,,0.1,0.2,0,6.00,0.00,2.80,6-3.2,2,1912085739229089792,极兔快递,JT0016112291273,生活用品,浙江省,
名恩首府智慧社区服务_站点-名恩首府智慧社区服务站,名恩首府智慧社区服务站,名恩首府智慧社区服务站,快递,2025-04-15 17:44:39,,0.2,0.2,0,6.00,0.00,2.80,6-3.2,2,1912079590429757440,极兔快递,JT0016113312595,生活用品,湖北省,
名恩首府智慧社区服务_站点-名恩首府智慧社区服务站,名恩首府智慧社区服务站,名恩首府智慧社区服务站,干洗,2025-04-15 17:38:17,,,,,24.50,,7.35,30%,,1912077982430072832,干洗,,"清洗普通羽绒服2件不分长短49元   *   1",,
名恩首府智慧社区服务_站点-名恩首府智慧社区服务站,名恩首府智慧社区服务站,名恩首府智慧社区服务站,干洗,2025-04-15 17:35:38,,,,,24.50,,7.35,30%,,1912077315355381760,干洗,,"清洗普通羽绒服2件不分长短49元   *   1",,
名恩首府智慧社区服务_站点-名恩首府智慧社区服务站,名恩首府智慧社区服务站,名恩首府智慧社区服务站,快递,2025-04-15 17:32:23,,0.2,0.2,0,6.00,0.00,2.80,6-3.2,2,1912076502394408960,极兔快递,JT0016112800541,服饰,福建省,
名恩首府智慧社区服务_站点-名恩首府智慧社区服务站,名恩首府智慧社区服务站,名恩首府智慧社区服务站,快递,2025-04-15 17:10:00,,1,0.76,0,6.00,0.00,2.80,6-3.2,2,1912070869079232512,极兔快递,JT0016109468560,服饰,江西省,
名恩首府智慧社区服务_站点-名恩首府智慧社区服务站,名恩首府智慧社区服务站,名恩首府智慧社区服务站,快递,2025-04-15 16:42:57,,0.3,0.26,0,6.00,0.00,2.80,6-3.2,2,1912064060968865792,极兔快递,JT0016111346300,服饰,福建省,
名恩首府智慧社区服务_站点-名恩首府智慧社区服务站,名恩首府智慧社区服务站,名恩首府智慧社区服务站,快递,2025-04-15 16:38:05,,0.5,0.44,0,6.00,0.00,2.80,6-3.2,2,1912062837112901632,极兔快递,JT0016111285673,生活用品,河北省,
名恩首府智慧社区服务_站点-名恩首府智慧社区服务站,名恩首府智慧社区服务站,名恩首府智慧社区服务站,干洗,2025-04-15 16:03:10,,,,,24.50,,7.35,30%,,1912054042743738368,干洗,,"清洗普通羽绒服2件不分长短49元   *   1",,
名恩首府智慧社区服务_站点-名恩首府智慧社区服务站,名恩首府智慧社区服务站,名恩首府智慧社区服务站,干洗,2025-04-15 15:57:45,,,,,29.50,,8.85,30%,,1912052677707501568,干洗,,"清洗毛呢2件59元   *   1",,
名恩首府智慧社区服务_站点-名恩首府智慧社区服务站,名恩首府智慧社区服务站,名恩首府智慧社区服务站,干洗,2025-04-15 15:52:14,,,,,29.50,,8.85,30%,,1912051290412093440,干洗,,"清洗毛呢2件59元   *   1",,
名恩首府智慧社区服务_站点-名恩首府智慧社区服务站,名恩首府智慧社区服务站,名恩首府智慧社区服务站,干洗,2025-04-15 15:47:27,,,,,24.50,,7.35,30%,,1912050091814227968,干洗,,"清洗普通羽绒服2件不分长短49元   *   1",,
名恩首府智慧社区服务_站点-名恩首府智慧社区服务站,名恩首府智慧社区服务站,名恩首府智慧社区服务站,干洗,2025-04-15 15:44:52,,,,,24.50,,7.35,30%,,1912049437670576128,干洗,,"清洗普通羽绒服2件不分长短49元   *   1",,
名恩首府智慧社区服务_站点-名恩首府智慧社区服务站,名恩首府智慧社区服务站,名恩首府智慧社区服务站,干洗,2025-04-15 15:42:05,,,,,24.50,,7.35,30%,,1912048739046330368,干洗,,"清洗普通羽绒服2件不分长短49元   *   1",,
名恩首府智慧社区服务_站点-名恩首府智慧社区服务站,名恩首府智慧社区服务站,名恩首府智慧社区服务站,快递,2025-04-15 15:37:52,,0.3,0.28,0,6.00,0.00,2.80,6-3.2,2,1912047680093622272,极兔快递,JT0016111122248,服饰,江苏省,
名恩首府智慧社区服务_站点-名恩首府智慧社区服务站,名恩首府智慧社区服务站,名恩首府智慧社区服务站,快递,2025-04-15 14:52:31,,0.3,0.27,0,6.00,0.00,2.80,6-3.2,2,1912036238460129280,极兔快递,JT0016109326342,服饰,浙江省,
名恩首府智慧社区服务_站点-名恩首府智慧社区服务站,名恩首府智慧社区服务站,名恩首府智慧社区服务站,快递,2025-04-15 14:51:23,,0.3,0.28,0,6.00,0.00,2.80,6-3.2,2,1912035981005361152,极兔快递,JT0016091702761,服饰,浙江省,
名恩首府智慧社区服务_站点-名恩首府智慧社区服务站,名恩首府智慧社区服务站,名恩首府智慧社区服务站,快递,2025-04-15 14:12:15,,1.2,1.09,0,8.00,0.00,4.08,51% ,2,1912026135421980672,极兔快递,JT0016103841133,服饰,河北省,
名恩首府智慧社区服务_站点-名恩首府智慧社区服务站,名恩首府智慧社区服务站,名恩首府智慧社区服务站,快递,2025-04-15 14:06:18,,0.3,0.4,0,6.00,0.00,2.80,6-3.2,2,1912024635685670912,极兔快递,JT0016107181339,服饰,广东省,
名恩首府智慧社区服务_站点-名恩首府智慧社区服务站,名恩首府智慧社区服务站,名恩首府智慧社区服务站,快递,2025-04-15 13:11:46,,0.5,0.54,0,6.00,0.00,2.80,6-3.2,2,1912010908248772608,极兔快递,JT0016106809186,服饰,江苏省,
名恩首府智慧社区服务_站点-名恩首府智慧社区服务站,名恩首府智慧社区服务站,名恩首府智慧社区服务站,快递,2025-04-15 12:48:15,,0.5,0.47,0,6.00,0.00,2.80,6-3.2,2,1912004996461170688,极兔快递,JT0016105535642,服饰,山东省,
名恩首府智慧社区服务_站点-名恩首府智慧社区服务站,名恩首府智慧社区服务站,名恩首府智慧社区服务站,快递,2025-04-15 12:42:09,,0.2,0.2,0,6.00,0.00,2.80,6-3.2,2,1912003457390678016,极兔快递,JT0016104815669,生活用品,江苏省,
名恩首府智慧社区服务_站点-名恩首府智慧社区服务站,名恩首府智慧社区服务站,名恩首府智慧社区服务站,快递,2025-04-15 12:24:59,,0.5,0.45,0,6.00,0.00,2.80,6-3.2,2,1911999129854611456,极兔快递,JT0016104726643,服饰,福建省,
名恩首府智慧社区服务_站点-名恩首府智慧社区服务站,名恩首府智慧社区服务站,名恩首府智慧社区服务站,快递,2025-04-15 12:24:10,,0.5,0.65,0,6.00,0.00,2.80,6-3.2,2,1911998932692963328,极兔快递,JT0016102132866,服饰,广东省,
名恩首府智慧社区服务_站点-名恩首府智慧社区服务站,名恩首府智慧社区服务站,名恩首府智慧社区服务站,快递,2025-04-15 12:19:02,,5,0.2,4,15.00,0.00,7.50,50% ,2,1911997642130788352,极兔快递,JT0016102667742,食品,陕西省,
名恩首府智慧社区服务_站点-名恩首府智慧社区服务站,名恩首府智慧社区服务站,名恩首府智慧社区服务站,快递,2025-04-15 12:15:09,,0.5,0.42,0,6.00,0.00,2.80,6-3.2,2,1911996660588154880,极兔快递,JT0016106371369,服饰,广东省,
名恩首府智慧社区服务_站点-名恩首府智慧社区服务站,名恩首府智慧社区服务站,名恩首府智慧社区服务站,快递,2025-04-14 20:09:20,,1,0.64,0,6.00,0.00,2.80,6-3.2,2,1911753609081950208,极兔快递,JT0016100132694,服饰,福建省,
名恩首府智慧社区服务_站点-名恩首府智慧社区服务站,名恩首府智慧社区服务站,名恩首府智慧社区服务站,快递,2025-04-14 20:06:23,,0.3,0.2,0,6.00,0.00,2.80,6-3.2,2,1911752868132982784,极兔快递,JT0016099248903,生活用品,浙江省,
名恩首府智慧社区服务_站点-名恩首府智慧社区服务站,名恩首府智慧社区服务站,名恩首府智慧社区服务站,快递,2025-04-14 20:03:49,,0.2,0.2,0,6.00,0.00,2.80,6-3.2,2,1911752219399983104,极兔快递,JT0016099167830,生活用品,浙江省,
名恩首府智慧社区服务_站点-名恩首府智慧社区服务站,名恩首府智慧社区服务站,名恩首府智慧社区服务站,快递,2025-04-14 20:00:49,,0.5,0.23,0,6.00,0.00,2.80,6-3.2,2,1911751468292411392,极兔快递,JT0016098894901,服饰,浙江省,
名恩首府智慧社区服务_站点-名恩首府智慧社区服务站,名恩首府智慧社区服务站,名恩首府智慧社区服务站,快递,2025-04-14 19:59:10,,0.7,0.69,0,6.00,0.00,2.80,6-3.2,2,1911751053874204672,极兔快递,JT0016097853347,服饰,山东省,
名恩首府智慧社区服务_站点-名恩首府智慧社区服务站,名恩首府智慧社区服务站,名恩首府智慧社区服务站,快递,2025-04-14 19:57:11,,0.3,0.3,0,6.00,0.00,2.80,6-3.2,2,1911750551681798144,极兔快递,JT0016098133870,服饰,浙江省,
名恩首府智慧社区服务_站点-名恩首府智慧社区服务站,名恩首府智慧社区服务站,名恩首府智慧社区服务站,快递,2025-04-14 19:55:36,,0.4,0.35,0,6.00,0.00,2.80,6-3.2,2,1911750153659125760,极兔快递,JT0016090555426,服饰,广东省,
名恩首府智慧社区服务_站点-名恩首府智慧社区服务站,名恩首府智慧社区服务站,名恩首府智慧社区服务站,干洗,2025-04-14 19:47:18,,,,,9.90,,2.97,30%,,1911748063662608384,干洗,,"清洗鞋19.8元两双   *   1",,
名恩首府智慧社区服务_站点-名恩首府智慧社区服务站,名恩首府智慧社区服务站,名恩首府智慧社区服务站,干洗,2025-04-14 19:43:26,,,,,9.90,,2.97,30%,,1911747088826667008,干洗,,"清洗鞋19.8元两双   *   1",,
名恩首府智慧社区服务_站点-名恩首府智慧社区服务站,名恩首府智慧社区服务站,名恩首府智慧社区服务站,干洗,2025-04-14 19:39:23,,,,,24.50,,7.35,30%,,1911746071858941952,干洗,,"清洗普通羽绒服2件不分长短49元   *   1",,
名恩首府智慧社区服务_站点-名恩首府智慧社区服务站,名恩首府智慧社区服务站,名恩首府智慧社区服务站,干洗,2025-04-14 19:37:01,,,,,24.50,,7.35,30%,,1911745464817324032,干洗,,"清洗普通羽绒服2件不分长短49元   *   1",,
名恩首府智慧社区服务_站点-名恩首府智慧社区服务站,名恩首府智慧社区服务站,名恩首府智慧社区服务站,快递,2025-04-14 19:31:21,,0.2,0.2,0,6.00,0.00,2.80,6-3.2,2,1911744051110383616,极兔快递,JT0016096791544,生活用品,云南省,
名恩首府智慧社区服务_站点-名恩首府智慧社区服务站,名恩首府智慧社区服务站,名恩首府智慧社区服务站,快递,2025-04-14 19:28:49,,0.1,0.2,0,6.00,0.00,2.80,6-3.2,2,1911743413202882560,极兔快递,JT0016097621148,服饰,广东省,
名恩首府智慧社区服务_站点-名恩首府智慧社区服务站,名恩首府智慧社区服务站,名恩首府智慧社区服务站,快递,2025-04-14 19:22:39,,0.5,0.56,0,6.00,0.00,2.80,6-3.2,2,1911741864623902720,极兔快递,JT0016091217045,服饰,广东省,
名恩首府智慧社区服务_站点-名恩首府智慧社区服务站,名恩首府智慧社区服务站,名恩首府智慧社区服务站,快递,2025-04-14 19:20:03,,0.5,0.46,0,6.00,0.00,2.80,6-3.2,2,1911741208127246336,极兔快递,JT0016097414918,服饰,江苏省,
名恩首府智慧社区服务_站点-名恩首府智慧社区服务站,名恩首府智慧社区服务站,名恩首府智慧社区服务站,快递,2025-04-14 19:17:36,,0.1,0.2,0,6.00,0.00,2.80,6-3.2,2,1911740593141616640,极兔快递,JT0016098047251,服饰,广东省,
名恩首府智慧社区服务_站点-名恩首府智慧社区服务站,名恩首府智慧社区服务站,名恩首府智慧社区服务站,快递,2025-04-14 19:09:56,,0.2,0.27,0,6.00,0.00,2.80,6-3.2,2,1911738665603076096,极兔快递,JT0016096038493,服饰,广东省,
名恩首府智慧社区服务_站点-名恩首府智慧社区服务站,名恩首府智慧社区服务站,名恩首府智慧社区服务站,快递,2025-04-14 19:07:04,,1.2,1.36,0,8.00,0.00,4.08,51% ,2,1911737935064371200,极兔快递,JT0016094139280,生活用品,河北省,
名恩首府智慧社区服务_站点-名恩首府智慧社区服务站,名恩首府智慧社区服务站,名恩首府智慧社区服务站,干洗,2025-04-14 18:53:53,,,,,9.90,,2.97,30%,,1911734621790703616,干洗,,"清洗鞋19.8元两双   *   1",,
名恩首府智慧社区服务_站点-名恩首府智慧社区服务站,名恩首府智慧社区服务站,名恩首府智慧社区服务站,干洗,2025-04-14 18:52:21,,,,,9.90,,2.97,30%,,1911734227404492800,干洗,,"清洗鞋19.8元两双   *   1",,
名恩首府智慧社区服务_站点-名恩首府智慧社区服务站,名恩首府智慧社区服务站,名恩首府智慧社区服务站,快递,2025-04-14 18:45:11,,1,0.67,0,6.00,0.00,2.80,6-3.2,2,1911732432426930176,极兔快递,JT0016098107873,服饰,浙江省,
名恩首府智慧社区服务_站点-名恩首府智慧社区服务站,名恩首府智慧社区服务站,名恩首府智慧社区服务站,快递,2025-04-14 18:42:45,,0.5,0.73,0,6.00,0.00,2.80,6-3.2,2,1911731820347953152,极兔快递,JT0016097052102,生活用品,江苏省,
名恩首府智慧社区服务_站点-名恩首府智慧社区服务站,名恩首府智慧社区服务站,名恩首府智慧社区服务站,快递,2025-04-14 18:06:15,,3.5,2.76,1,13.00,0.00,5.50,50%,2,1911721775396720640,极兔快递,JT0016090294507,服饰,北京市,
名恩首府智慧社区服务_站点-名恩首府智慧社区服务站,名恩首府智慧社区服务站,名恩首府智慧社区服务站,快递,2025-04-14 17:35:11,,0.5,0.41,0,6.00,0.00,2.80,6-3.2,2,1911714819525218304,极兔快递,JT0016092215108,服饰,天津市,
名恩首府智慧社区服务_站点-名恩首府智慧社区服务站,名恩首府智慧社区服务站,名恩首府智慧社区服务站,快递,2025-04-14 17:33:12,,0.3,0.28,0,6.00,0.00,2.80,6-3.2,2,1911714319694204928,极兔快递,JT0016096512869,服饰,辽宁省,
名恩首府智慧社区服务_站点-名恩首府智慧社区服务站,名恩首府智慧社区服务站,名恩首府智慧社区服务站,快递,2025-04-14 17:27:05,,0.9,0.89,0,6.00,0.00,2.80,6-3.2,2,1911712776207110144,极兔快递,JT0016087273173,服饰,广东省,
名恩首府智慧社区服务_站点-名恩首府智慧社区服务站,名恩首府智慧社区服务站,名恩首府智慧社区服务站,快递,2025-04-14 17:26:08,,1.1,1.13,0,8.00,0.00,4.08,51% ,2,1911712539392512000,极兔快递,JT0016089737619,服饰,广东省,
名恩首府智慧社区服务_站点-名恩首府智慧社区服务站,名恩首府智慧社区服务站,名恩首府智慧社区服务站,快递,2025-04-14 17:23:12,,0.3,0.2,0,7.00,0.00,2.80,6-3.2,2,1911711800830103552,极兔快递,JT0016096117518,服饰,上海市,
名恩首府智慧社区服务_站点-名恩首府智慧社区服务站,名恩首府智慧社区服务站,名恩首府智慧社区服务站,快递,2025-04-14 17:11:38,,0.3,0.34,0,6.00,0.00,2.80,6-3.2,2,1911708889635000320,极兔快递,JT0016092802076,生活用品,广东省,
名恩首府智慧社区服务_站点-名恩首府智慧社区服务站,名恩首府智慧社区服务站,名恩首府智慧社区服务站,快递,2025-04-14 16:37:21,,0.5,0.53,0,6.00,0.00,2.80,6-3.2,2,1911700261863591936,极兔快递,JT0016095076744,服饰,江苏省,
名恩首府智慧社区服务_站点-名恩首府智慧社区服务站,名恩首府智慧社区服务站,名恩首府智慧社区服务站,快递,2025-04-14 16:34:53,,0.5,0.47,0,6.00,0.00,2.80,6-3.2,2,1911699633913368576,极兔快递,JT0016095357509,服饰,浙江省,
名恩首府智慧社区服务_站点-名恩首府智慧社区服务站,名恩首府智慧社区服务站,名恩首府智慧社区服务站,快递,2025-04-14 16:33:32,,0.2,0.2,0,6.00,0.00,2.80,6-3.2,2,1911699304308183040,极兔快递,JT0016095054300,服饰,江苏省,
名恩首府智慧社区服务_站点-名恩首府智慧社区服务站,名恩首府智慧社区服务站,名恩首府智慧社区服务站,快递,2025-04-14 16:18:59,,0.5,0.48,0,6.00,0.00,2.80,6-3.2,2,1911695639874801664,极兔快递,JT0016095438150,服饰,广东省,
名恩首府智慧社区服务_站点-名恩首府智慧社区服务站,名恩首府智慧社区服务站,名恩首府智慧社区服务站,快递,2025-04-14 16:08:05,2025-04-14 08:17:15,0.3,,,6.00,,0.00,,2,1911692897018089472,极兔快递,JT0016092645829,服饰,广东省,已全额退款
名恩首府智慧社区服务_站点-名恩首府智慧社区服务站,名恩首府智慧社区服务站,名恩首府智慧社区服务站,快递,2025-04-14 16:09:18,2025-04-14 08:17:01,0.2,,,6.00,,0.00,,2,1911693206134099968,极兔快递,JT0016093834000,服饰,广东省,已全额退款
名恩首府智慧社区服务_站点-名恩首府智慧社区服务站,名恩首府智慧社区服务站,名恩首府智慧社区服务站,快递,2025-04-14 16:03:48,,0.2,0.2,0,6.00,0.00,2.80,6-3.2,2,1911691817160970240,极兔快递,JT0016086379998,服饰,广东省,
名恩首府智慧社区服务_站点-名恩首府智慧社区服务站,名恩首府智慧社区服务站,名恩首府智慧社区服务站,快递,2025-04-14 15:23:20,,0.5,0.43,0,6.00,0.00,2.80,6-3.2,2,1911681635639005184,极兔快递,JT0016084642572,服饰,江苏省,
名恩首府智慧社区服务_站点-名恩首府智慧社区服务站,名恩首府智慧社区服务站,名恩首府智慧社区服务站,快递,2025-04-14 15:05:45,,0.2,0.2,0,6.00,0.00,2.80,6-3.2,2,1911677207418671104,极兔快递,JT0016093163690,服饰,广东省,
名恩首府智慧社区服务_站点-名恩首府智慧社区服务站,名恩首府智慧社区服务站,名恩首府智慧社区服务站,快递,2025-04-14 14:55:36,,0.2,0.23,0,6.00,0.00,2.80,6-3.2,2,1911674659056029696,极兔快递,JT0016091143132,服饰,广东省,
名恩首府智慧社区服务_站点-名恩首府智慧社区服务站,名恩首府智慧社区服务站,名恩首府智慧社区服务站,快递,2025-04-14 14:43:07,,0.2,0.28,0,6.00,0.00,2.80,6-3.2,2,1911671513374167040,极兔快递,JT0016093011343,服饰,广东省,
名恩首府智慧社区服务_站点-名恩首府智慧社区服务站,名恩首府智慧社区服务站,名恩首府智慧社区服务站,干洗,2025-04-14 14:37:12,,,,,29.80,,8.94,30%,,1911670006813724672,干洗,,"风衣   *   1",,
名恩首府智慧社区服务_站点-名恩首府智慧社区服务站,名恩首府智慧社区服务站,名恩首府智慧社区服务站,干洗,2025-04-14 14:30:55,,,,,24.50,,7.35,30%,,1911668442208309248,干洗,,"清洗普通羽绒服2件不分长短49元   *   1",,
名恩首府智慧社区服务_站点-名恩首府智慧社区服务站,名恩首府智慧社区服务站,名恩首府智慧社区服务站,干洗,2025-04-14 14:28:04,,,,,24.50,,7.35,30%,,1911667721144537088,干洗,,"清洗普通羽绒服2件不分长短49元   *   1",,
名恩首府智慧社区服务_站点-名恩首府智慧社区服务站,名恩首府智慧社区服务站,名恩首府智慧社区服务站,快递,2025-04-14 13:46:47,,0.5,0.29,0,6.00,0.00,2.80,6-3.2,2,1911657335326412800,极兔快递,JT0016088135178,服饰,广东省,
名恩首府智慧社区服务_站点-名恩首府智慧社区服务站,名恩首府智慧社区服务站,名恩首府智慧社区服务站,快递,2025-04-14 13:39:08,,0.2,0.24,0,6.00,0.00,2.80,6-3.2,2,1911655412246417408,极兔快递,JT0016083128229,生活用品,广东省,
名恩首府智慧社区服务_站点-名恩首府智慧社区服务站,名恩首府智慧社区服务站,名恩首府智慧社区服务站,快递,2025-04-14 13:29:36,,0.3,0.35,0,6.00,0.00,2.80,6-3.2,2,1911653004787224576,极兔快递,JT0016089923504,服饰,福建省,
名恩首府智慧社区服务_站点-名恩首府智慧社区服务站,名恩首府智慧社区服务站,名恩首府智慧社区服务站,快递,2025-04-14 13:28:37,,0.7,0.64,0,6.00,0.00,2.80,6-3.2,2,1911652768064901120,极兔快递,JT0016090754719,服饰,江苏省,
名恩首府智慧社区服务_站点-名恩首府智慧社区服务站,名恩首府智慧社区服务站,名恩首府智慧社区服务站,快递,2025-04-14 13:26:03,,0.5,0.47,0,6.00,0.00,2.80,6-3.2,2,1911652119998795776,极兔快递,JT0016081257005,服饰,广东省,
名恩首府智慧社区服务_站点-名恩首府智慧社区服务站,名恩首府智慧社区服务站,名恩首府智慧社区服务站,快递,2025-04-13 19:18:14,,0.4,0.38,0,6.00,0.00,2.80,6-3.2,2,1911378362129895424,极兔快递,JT0016082657584,服饰,江苏省,
名恩首府智慧社区服务_站点-名恩首府智慧社区服务站,名恩首府智慧社区服务站,名恩首府智慧社区服务站,快递,2025-04-13 19:08:13,,0.3,0.27,0,6.00,0.00,2.80,6-3.2,2,1911375837779644416,极兔快递,JT0016078798297,服饰,浙江省,
名恩首府智慧社区服务_站点-名恩首府智慧社区服务站,名恩首府智慧社区服务站,名恩首府智慧社区服务站,快递,2025-04-13 19:04:43,,0.4,0.29,0,6.00,0.00,2.80,6-3.2,2,1911374889191657472,极兔快递,JT0016081555165,服饰,江苏省,
名恩首府智慧社区服务_站点-名恩首府智慧社区服务站,名恩首府智慧社区服务站,名恩首府智慧社区服务站,快递,2025-04-13 19:03:37,,0.5,0.25,0,6.00,0.00,2.80,6-3.2,2,1911374681187733504,极兔快递,JT0016081879593,服饰,福建省,
名恩首府智慧社区服务_站点-名恩首府智慧社区服务站,名恩首府智慧社区服务站,名恩首府智慧社区服务站,快递,2025-04-13 19:02:06,,0.5,0.49,0,6.00,0.00,2.80,6-3.2,2,1911374299598344192,极兔快递,JT0016080775682,服饰,广东省,
名恩首府智慧社区服务_站点-名恩首府智慧社区服务站,名恩首府智慧社区服务站,名恩首府智慧社区服务站,快递,2025-04-13 18:54:59,,0.2,0.32,0,6.00,0.00,2.80,6-3.2,2,1911372509922381824,极兔快递,JT0016081692438,服饰,广东省,
名恩首府智慧社区服务_站点-名恩首府智慧社区服务站,名恩首府智慧社区服务站,名恩首府智慧社区服务站,快递,2025-04-13 18:49:16,,0.1,0.2,0,6.00,0.00,2.80,6-3.2,2,1911371075910815744,极兔快递,JT0016081995765,服饰,浙江省,
名恩首府智慧社区服务_站点-名恩首府智慧社区服务站,名恩首府智慧社区服务站,名恩首府智慧社区服务站,快递,2025-04-13 18:48:10,,0.5,0.5,0,6.00,0.00,2.80,6-3.2,2,1911370744460136448,极兔快递,JT0016082134207,服饰,浙江省,
名恩首府智慧社区服务_站点-名恩首府智慧社区服务站,名恩首府智慧社区服务站,名恩首府智慧社区服务站,快递,2025-04-13 18:47:00,,0.3,0.28,0,6.00,0.00,2.80,6-3.2,2,1911370503900024832,极兔快递,JT0016080845905,服饰,湖北省,
名恩首府智慧社区服务_站点-名恩首府智慧社区服务站,名恩首府智慧社区服务站,名恩首府智慧社区服务站,快递,2025-04-13 18:36:20,,0.5,0.49,0,6.00,0.00,2.80,6-3.2,2,1911367819058925568,极兔快递,JT0016076089019,生活用品,吉林省,
名恩首府智慧社区服务_站点-名恩首府智慧社区服务站,名恩首府智慧社区服务站,名恩首府智慧社区服务站,快递,2025-04-13 18:34:02,,0.6,0.55,0,6.00,0.00,2.80,6-3.2,2,1911367239766822912,极兔快递,JT0016081975263,服饰,广东省,
名恩首府智慧社区服务_站点-名恩首府智慧社区服务站,名恩首府智慧社区服务站,名恩首府智慧社区服务站,快递,2025-04-13 18:32:54,,0.5,0.49,0,6.00,0.00,2.80,6-3.2,2,1911366952419250176,极兔快递,JT0016081001114,服饰,湖北省,
名恩首府智慧社区服务_站点-名恩首府智慧社区服务站,名恩首府智慧社区服务站,名恩首府智慧社区服务站,快递,2025-04-13 17:50:23,,1.1,1.08,0,8.00,0.00,4.08,51% ,2,1911356254314221568,极兔快递,JT0016079232370,生活用品,浙江省,
名恩首府智慧社区服务_站点-名恩首府智慧社区服务站,名恩首府智慧社区服务站,名恩首府智慧社区服务站,快递,2025-04-13 16:58:01,,0.4,0.38,0,6.00,0.00,2.80,6-3.2,2,1911343075781693440,极兔快递,JT0016066302298,服饰,广东省,
名恩首府智慧社区服务_站点-名恩首府智慧社区服务站,名恩首府智慧社区服务站,名恩首府智慧社区服务站,快递,2025-04-13 16:54:51,,0.5,0.5,0,6.00,0.00,2.80,6-3.2,2,1911342282173239296,极兔快递,JT0016079351983,生活用品,山东省,
名恩首府智慧社区服务_站点-名恩首府智慧社区服务站,名恩首府智慧社区服务站,名恩首府智慧社区服务站,快递,2025-04-13 16:52:42,,0.9,0.95,0,6.00,0.00,2.80,6-3.2,2,1911341738964733952,极兔快递,JT0016070741077,服饰,黑龙江省,
名恩首府智慧社区服务_站点-名恩首府智慧社区服务站,名恩首府智慧社区服务站,名恩首府智慧社区服务站,快递,2025-04-13 16:49:09,,0.8,0.73,0,6.00,0.00,2.80,6-3.2,2,1911340843606659072,极兔快递,JT0016075859279,生活用品,广东省,
名恩首府智慧社区服务_站点-名恩首府智慧社区服务站,名恩首府智慧社区服务站,名恩首府智慧社区服务站,快递,2025-04-13 16:47:08,,0.1,0.2,0,6.00,0.00,2.80,6-3.2,2,1911340336712437760,极兔快递,JT0016070432901,服饰,广东省,
名恩首府智慧社区服务_站点-名恩首府智慧社区服务站,名恩首府智慧社区服务站,名恩首府智慧社区服务站,快递,2025-04-13 16:43:52,,0.8,0.76,0,6.00,0.00,2.80,6-3.2,2,1911339516646313984,极兔快递,JT0016073763294,生活用品,陕西省,
名恩首府智慧社区服务_站点-名恩首府智慧社区服务站,名恩首府智慧社区服务站,名恩首府智慧社区服务站,快递,2025-04-13 13:20:09,,0.5,0.45,0,6.00,0.00,2.80,6-3.2,2,1911288249932763136,极兔快递,JT0016074271864,服饰,河北省,
名恩首府智慧社区服务_站点-名恩首府智慧社区服务站,名恩首府智慧社区服务站,名恩首府智慧社区服务站,快递,2025-04-13 12:40:08,,0.4,0.39,0,6.00,0.00,2.80,6-3.2,2,1911278178951680000,极兔快递,JT0016075397181,服饰,广东省,
名恩首府智慧社区服务_站点-名恩首府智慧社区服务站,名恩首府智慧社区服务站,名恩首府智慧社区服务站,快递,2025-04-13 12:38:57,,0.8,0.72,0,6.00,0.00,2.80,6-3.2,2,1911277882770903040,极兔快递,JT0016075098622,服饰,广东省,
名恩首府智慧社区服务_站点-名恩首府智慧社区服务站,名恩首府智慧社区服务站,名恩首府智慧社区服务站,快递,2025-04-13 12:37:20,,1.3,1.5,0,8.00,0.00,4.08,51% ,2,1911277476359622656,极兔快递,JT0016069607690,服饰,广东省,
名恩首府智慧社区服务_站点-名恩首府智慧社区服务站,名恩首府智慧社区服务站,名恩首府智慧社区服务站,快递,2025-04-13 12:31:11,,0.4,0.58,0,6.00,0.00,2.80,6-3.2,2,1911275926585266176,极兔快递,JT0016069402853,服饰,安徽省,
名恩首府智慧社区服务_站点-名恩首府智慧社区服务站,名恩首府智慧社区服务站,名恩首府智慧社区服务站,快递,2025-04-13 12:29:11,,0.2,0.21,0,6.00,0.00,2.80,6-3.2,2,1911275414385250304,极兔快递,JT0016074839916,服饰,浙江省,
名恩首府智慧社区服务_站点-名恩首府智慧社区服务站,名恩首府智慧社区服务站,名恩首府智慧社区服务站,快递,2025-04-13 12:28:06,,0.1,0.2,0,6.00,0.00,2.80,6-3.2,2,1911275148915167232,极兔快递,JT0016073376046,服饰,广东省,
名恩首府智慧社区服务_站点-名恩首府智慧社区服务站,名恩首府智慧社区服务站,名恩首府智慧社区服务站,快递,2025-04-13 12:25:24,,0.5,0.53,0,6.00,0.00,2.80,6-3.2,2,1911274469475667968,极兔快递,JT0016062035524,服饰,广东省,
名恩首府智慧社区服务_站点-名恩首府智慧社区服务站,名恩首府智慧社区服务站,名恩首府智慧社区服务站,快递,2025-04-13 12:24:05,,0.6,0.59,0,6.00,0.00,2.80,6-3.2,2,1911274138658328576,极兔快递,JT0016073458496,服饰,广东省,
名恩首府智慧社区服务_站点-名恩首府智慧社区服务站,名恩首府智慧社区服务站,名恩首府智慧社区服务站,快递,2025-04-13 12:17:57,,0.6,0.62,0,6.00,0.00,2.80,6-3.2,2,1911272580726050816,极兔快递,JT0016074127669,服饰,浙江省,
名恩首府智慧社区服务_站点-名恩首府智慧社区服务站,名恩首府智慧社区服务站,名恩首府智慧社区服务站,快递,2025-04-13 12:16:54,,0.6,0.62,0,6.00,0.00,2.80,6-3.2,2,1911272333526355968,极兔快递,JT0016073751595,服饰,广东省,
名恩首府智慧社区服务_站点-名恩首府智慧社区服务站,名恩首府智慧社区服务站,名恩首府智慧社区服务站,快递,2025-04-13 12:12:29,,0.4,0.37,0,6.00,0.00,2.80,6-3.2,2,1911271210811838464,极兔快递,JT0016070133036,服饰,广东省,
名恩首府智慧社区服务_站点-名恩首府智慧社区服务站,名恩首府智慧社区服务站,名恩首府智慧社区服务站,快递,2025-04-13 12:11:13,,0.2,0.2,0,6.00,0.00,2.80,6-3.2,2,1911270894519373824,极兔快递,JT0016074324926,服饰,广东省,
名恩首府智慧社区服务_站点-名恩首府智慧社区服务站,名恩首府智慧社区服务站,名恩首府智慧社区服务站,快递,2025-04-13 11:33:45,,0.3,0.27,0,6.00,0.00,2.80,6-3.2,2,1911261476536897536,极兔快递,JT0016070128580,服饰,湖南省,
名恩首府智慧社区服务_站点-名恩首府智慧社区服务站,名恩首府智慧社区服务站,名恩首府智慧社区服务站,快递,2025-04-13 11:31:37,,0.3,0.2,0,6.00,0.00,2.80,6-3.2,2,1911260935534596096,极兔快递,JT0016072032455,服饰,浙江省,
名恩首府智慧社区服务_站点-名恩首府智慧社区服务站,名恩首府智慧社区服务站,名恩首府智慧社区服务站,快递,2025-04-13 11:29:26,,0.3,0.2,0,6.00,0.00,2.80,6-3.2,2,1911260384709234688,极兔快递,JT0016073197083,服饰,江苏省,
名恩首府智慧社区服务_站点-名恩首府智慧社区服务站,名恩首府智慧社区服务站,名恩首府智慧社区服务站,快递,2025-04-13 11:26:13,,0.1,0.32,0,6.00,0.00,2.80,6-3.2,2,1911259575737044992,极兔快递,JT0016073780699,生活用品,河北省,
名恩首府智慧社区服务_站点-名恩首府智慧社区服务站,名恩首府智慧社区服务站,名恩首府智慧社区服务站,干洗,2025-04-12 18:49:47,,,,,24.50,,7.35,30%,,1911008812284694528,干洗,,"清洗普通羽绒服2件不分长短49元   *   1",,
名恩首府智慧社区服务_站点-名恩首府智慧社区服务站,名恩首府智慧社区服务站,名恩首府智慧社区服务站,快递,2025-04-12 18:43:31,,2.5,2.13,0,10.00,0.00,5.50,55% ,2,1911007236589539328,极兔快递,JT0016067897347,生活用品,广东省,
名恩首府智慧社区服务_站点-名恩首府智慧社区服务站,名恩首府智慧社区服务站,名恩首府智慧社区服务站,快递,2025-04-12 18:17:08,,0.4,0.42,0,6.00,0.00,2.80,6-3.2,2,1911000587120332800,极兔快递,JT0016058959740,服饰,广东省,
名恩首府智慧社区服务_站点-名恩首府智慧社区服务站,名恩首府智慧社区服务站,名恩首府智慧社区服务站,快递,2025-04-12 18:16:11,,0.3,0.27,0,6.00,0.00,2.80,6-3.2,2,1911000358174248960,极兔快递,JT0016058249657,生活用品,山东省,
名恩首府智慧社区服务_站点-名恩首府智慧社区服务站,名恩首府智慧社区服务站,名恩首府智慧社区服务站,快递,2025-04-12 18:14:59,,2.2,1.98,1,10.00,0.00,5.50,55% ,2,1911000059200065536,极兔快递,JT0016065860579,生活用品,河北省,
名恩首府智慧社区服务_站点-名恩首府智慧社区服务站,名恩首府智慧社区服务站,名恩首府智慧社区服务站,快递,2025-04-12 17:49:26,,0.6,0.56,0,6.00,0.00,2.80,6-3.2,2,1910993624017850368,极兔快递,JT0016065884527,服饰,山东省,
名恩首府智慧社区服务_站点-名恩首府智慧社区服务站,名恩首府智慧社区服务站,名恩首府智慧社区服务站,干洗,2025-04-12 17:06:29,,,,,19.80,,5.94,30%,,1910982815527129088,干洗,,"外套   *   1",,
名恩首府智慧社区服务_站点-名恩首府智慧社区服务站,名恩首府智慧社区服务站,名恩首府智慧社区服务站,快递,2025-04-12 16:52:44,,1.6,0.5,1,8.00,0.00,4.08,51% ,2,1910979361450676224,极兔快递,JT0016064287147,服饰,江苏省,
名恩首府智慧社区服务_站点-名恩首府智慧社区服务站,名恩首府智慧社区服务站,名恩首府智慧社区服务站,快递,2025-04-12 16:50:12,,0.4,0.4,0,6.00,0.00,2.80,6-3.2,2,1910978720930123776,极兔快递,JT0016063310018,服饰,福建省,
名恩首府智慧社区服务_站点-名恩首府智慧社区服务站,名恩首府智慧社区服务站,名恩首府智慧社区服务站,快递,2025-04-12 16:48:59,,0.9,0.85,0,6.00,0.00,2.80,6-3.2,2,1910978415781924864,极兔快递,JT0016066115326,服饰,湖北省,
名恩首府智慧社区服务_站点-名恩首府智慧社区服务站,名恩首府智慧社区服务站,名恩首府智慧社区服务站,快递,2025-04-12 16:41:03,,0.2,0.2,0,6.00,0.00,2.80,6-3.2,2,1910976403057070080,极兔快递,JT0016066044798,服饰,福建省,
名恩首府智慧社区服务_站点-名恩首府智慧社区服务站,名恩首府智慧社区服务站,名恩首府智慧社区服务站,快递,2025-04-12 16:40:07,,0.5,0.45,0,6.00,0.00,2.80,6-3.2,2,1910976183246180352,极兔快递,JT0016066089153,服饰,湖南省,
名恩首府智慧社区服务_站点-名恩首府智慧社区服务站,名恩首府智慧社区服务站,名恩首府智慧社区服务站,快递,2025-04-12 16:10:44,,0.2,0.2,0,6.00,0.00,2.80,6-3.2,2,1910968789174767616,极兔快递,JT0016062151130,服饰,湖北省,
名恩首府智慧社区服务_站点-名恩首府智慧社区服务站,名恩首府智慧社区服务站,名恩首府智慧社区服务站,快递,2025-04-12 16:05:21,,0.2,0.2,0,6.00,0.00,2.80,6-3.2,2,1910967418987925504,极兔快递,JT0016064846048,服饰,浙江省,
名恩首府智慧社区服务_站点-名恩首府智慧社区服务站,名恩首府智慧社区服务站,名恩首府智慧社区服务站,快递,2025-04-12 16:04:26,,0.4,0.45,0,6.00,0.00,2.80,6-3.2,2,1910967197356707840,极兔快递,JT0016062329787,服饰,浙江省,
名恩首府智慧社区服务_站点-名恩首府智慧社区服务站,名恩首府智慧社区服务站,名恩首府智慧社区服务站,快递,2025-04-12 16:03:25,,0.1,0.2,0,6.00,0.00,2.80,6-3.2,2,1910966947271331840,极兔快递,JT0016049507618,服饰,浙江省,
名恩首府智慧社区服务_站点-名恩首府智慧社区服务站,名恩首府智慧社区服务站,名恩首府智慧社区服务站,快递,2025-04-12 15:46:37,,0.5,0.5,0,6.00,0.00,2.80,6-3.2,2,1910962708067307520,极兔快递,JT0016064341321,服饰,福建省,
名恩首府智慧社区服务_站点-名恩首府智慧社区服务站,名恩首府智慧社区服务站,名恩首府智慧社区服务站,快递,2025-04-12 15:45:31,,0.5,0.49,0,6.00,0.00,2.80,6-3.2,2,1910962441930330112,极兔快递,JT0016059597567,服饰,福建省,
名恩首府智慧社区服务_站点-名恩首府智慧社区服务站,名恩首府智慧社区服务站,名恩首府智慧社区服务站,快递,2025-04-12 15:38:08,,0.7,0.65,0,6.00,0.00,2.80,6-3.2,2,1910960578161987584,极兔快递,JT0016064490121,服饰,广东省,
名恩首府智慧社区服务_站点-名恩首府智慧社区服务站,名恩首府智慧社区服务站,名恩首府智慧社区服务站,快递,2025-04-12 15:33:13,,0.5,0.81,0,6.00,0.00,2.80,6-3.2,2,1910959349876838400,极兔快递,JT0016064722046,服饰,河南省,
名恩首府智慧社区服务_站点-名恩首府智慧社区服务站,名恩首府智慧社区服务站,名恩首府智慧社区服务站,快递,2025-04-12 15:30:53,,0.5,0.52,0,6.00,0.00,2.80,6-3.2,2,1910958762699444224,极兔快递,JT0016063344139,服饰,河北省,
名恩首府智慧社区服务_站点-名恩首府智慧社区服务站,名恩首府智慧社区服务站,名恩首府智慧社区服务站,快递,2025-04-12 15:18:42,,1,0.84,0,6.00,0.00,2.80,6-3.2,2,1910955694364741632,极兔快递,JT0016062675988,服饰,福建省,
名恩首府智慧社区服务_站点-名恩首府智慧社区服务站,名恩首府智慧社区服务站,名恩首府智慧社区服务站,快递,2025-04-12 15:01:04,,5.1,5.05,0,18.00,4.50,9.00,50% ,2,1910951258380750848,极兔快递,JT0016063501920,食品,陕西省,
名恩首府智慧社区服务_站点-名恩首府智慧社区服务站,名恩首府智慧社区服务站,名恩首府智慧社区服务站,快递,2025-04-12 14:49:51,,1.2,0.87,1,8.00,0.00,4.08,51% ,2,1910948424528613376,极兔快递,JT0016064071338,服饰,河北省,
名恩首府智慧社区服务_站点-名恩首府智慧社区服务站,名恩首府智慧社区服务站,名恩首府智慧社区服务站,快递,2025-04-12 14:49:02,,1.1,1.06,0,8.00,0.00,4.08,51% ,2,1910948218076581888,极兔快递,JT0016063673213,服饰,江西省,
名恩首府智慧社区服务_站点-名恩首府智慧社区服务站,名恩首府智慧社区服务站,名恩首府智慧社区服务站,快递,2025-04-12 14:44:23,,0.3,0.23,0,6.00,0.00,2.80,6-3.2,2,1910947061857964032,极兔快递,JT0016058181277,服饰,湖北省,
名恩首府智慧社区服务_站点-名恩首府智慧社区服务站,名恩首府智慧社区服务站,名恩首府智慧社区服务站,快递,2025-04-12 14:43:12,,0.4,0.23,0,6.00,0.00,2.80,6-3.2,2,1910946762791505920,极兔快递,JT0016063549976,服饰,广东省,
名恩首府智慧社区服务_站点-名恩首府智慧社区服务站,名恩首府智慧社区服务站,名恩首府智慧社区服务站,快递,2025-04-12 14:41:52,,0.3,0.2,0,6.00,0.00,2.80,6-3.2,2,1910946416488796160,极兔快递,JT0016062455544,服饰,广东省,
名恩首府智慧社区服务_站点-名恩首府智慧社区服务站,名恩首府智慧社区服务站,名恩首府智慧社区服务站,快递,2025-04-12 14:40:50,,0.3,0.2,0,6.00,0.00,2.80,6-3.2,2,1910946165241597952,极兔快递,JT0016059853697,服饰,广东省,
名恩首府智慧社区服务_站点-名恩首府智慧社区服务站,名恩首府智慧社区服务站,名恩首府智慧社区服务站,快递,2025-04-12 14:36:43,,0.3,0.2,0,6.00,0.00,2.80,6-3.2,2,1910945127231049728,极兔快递,JT0016060496181,服饰,广东省,
名恩首府智慧社区服务_站点-名恩首府智慧社区服务站,名恩首府智慧社区服务站,名恩首府智慧社区服务站,快递,2025-04-12 14:28:22,,1.1,0.9,1,8.00,0.00,4.08,51% ,2,1910943025297543168,极兔快递,JT0016053088921,服饰,福建省,
名恩首府智慧社区服务_站点-名恩首府智慧社区服务站,名恩首府智慧社区服务站,名恩首府智慧社区服务站,快递,2025-04-12 14:20:52,,0.2,0.2,0,6.00,0.00,2.80,6-3.2,2,1910941139387469824,极兔快递,JT0016062997046,生活用品,陕西省,
名恩首府智慧社区服务_站点-名恩首府智慧社区服务站,名恩首府智慧社区服务站,名恩首府智慧社区服务站,快递,2025-04-12 14:15:23,,0.3,0.2,0,6.00,0.00,2.80,6-3.2,2,1910939759507591168,极兔快递,JT0016061540475,生活用品,福建省,
名恩首府智慧社区服务_站点-名恩首府智慧社区服务站,名恩首府智慧社区服务站,名恩首府智慧社区服务站,快递,2025-04-12 13:49:03,,1,0.58,0,6.00,0.00,2.80,6-3.2,2,1910933132872175616,极兔快递,JT0016055531323,服饰,浙江省,
名恩首府智慧社区服务_站点-名恩首府智慧社区服务站,名恩首府智慧社区服务站,名恩首府智慧社区服务站,快递,2025-04-12 13:48:14,,1.8,1.83,0,8.00,0.00,4.08,51% ,2,1910932918425800704,极兔快递,JT0016061978098,服饰,浙江省,
名恩首府智慧社区服务_站点-名恩首府智慧社区服务站,名恩首府智慧社区服务站,名恩首府智慧社区服务站,快递,2025-04-12 13:03:00,,0.42,0.2,0,6.00,0.00,2.80,6-3.2,2,1910921544257687552,极兔快递,JT0016058392675,服饰,浙江省,
名恩首府智慧社区服务_站点-名恩首府智慧社区服务站,名恩首府智慧社区服务站,名恩首府智慧社区服务站,快递,2025-04-12 12:40:10,,0.5,0.49,0,6.00,0.00,2.80,6-3.2,2,1910915791862026240,极兔快递,JT0016056218655,服饰,黑龙江省,
名恩首府智慧社区服务_站点-名恩首府智慧社区服务站,名恩首府智慧社区服务站,名恩首府智慧社区服务站,快递,2025-04-12 12:02:22,,0.5,0.49,0,6.00,0.00,2.80,6-3.2,2,1910906284784144384,极兔快递,JT0016058574379,服饰,江苏省,
名恩首府智慧社区服务_站点-名恩首府智慧社区服务站,名恩首府智慧社区服务站,名恩首府智慧社区服务站,快递,2025-04-11 19:49:23,,0.2,0.3,0,6.00,0.00,2.80,6-3.2,2,1910661424302968832,极兔快递,JT0016053326441,生活用品,江苏省,
名恩首府智慧社区服务_站点-名恩首府智慧社区服务站,名恩首府智慧社区服务站,名恩首府智慧社区服务站,干洗,2025-04-11 19:20:13,,,,,24.50,,7.35,30%,,1910654081800523776,干洗,,"清洗普通羽绒服2件不分长短49元   *   1",,
名恩首府智慧社区服务_站点-名恩首府智慧社区服务站,名恩首府智慧社区服务站,名恩首府智慧社区服务站,干洗,2025-04-11 19:16:57,,,,,24.50,,7.35,30%,,1910653262577455104,干洗,,"清洗普通羽绒服2件不分长短49元   *   1",,
名恩首府智慧社区服务_站点-名恩首府智慧社区服务站,名恩首府智慧社区服务站,名恩首府智慧社区服务站,干洗,2025-04-11 19:07:30,,,,,9.90,,2.97,30%,,1910650884298035200,干洗,,"清洗鞋19.8元两双   *   1",,
名恩首府智慧社区服务_站点-名恩首府智慧社区服务站,名恩首府智慧社区服务站,名恩首府智慧社区服务站,干洗,2025-04-11 19:05:50,,,,,9.90,,2.97,30%,,1910650466314670080,干洗,,"清洗鞋19.8元两双   *   1",,
名恩首府智慧社区服务_站点-名恩首府智慧社区服务站,名恩首府智慧社区服务站,名恩首府智慧社区服务站,快递,2025-04-11 19:00:41,,0.1,0.3,0,6.00,0.00,2.80,6-3.2,2,1910649170148904960,极兔快递,JT0016049978176,服饰,广东省,
名恩首府智慧社区服务_站点-名恩首府智慧社区服务站,名恩首府智慧社区服务站,名恩首府智慧社区服务站,干洗,2025-04-11 18:47:47,,,,,15.00,,4.50,30%,,1910645920834179072,干洗,,"皮鞋   *   1",,
名恩首府智慧社区服务_站点-名恩首府智慧社区服务站,名恩首府智慧社区服务站,名恩首府智慧社区服务站,干洗,2025-04-11 18:46:01,,,,,15.00,,4.50,30%,,1910645475705278464,干洗,,"皮鞋   *   1",,
名恩首府智慧社区服务_站点-名恩首府智慧社区服务站,名恩首府智慧社区服务站,名恩首府智慧社区服务站,快递,2025-04-11 18:38:58,,2.5,2.52,0,10.00,0.00,5.50,55% ,2,1910643706593988608,极兔快递,JT0016048499788,服饰,江苏省,
名恩首府智慧社区服务_站点-名恩首府智慧社区服务站,名恩首府智慧社区服务站,名恩首府智慧社区服务站,快递,2025-04-11 18:32:25,,0.1,0.3,0,6.00,0.00,2.80,6-3.2,2,1910642058769387520,极兔快递,JT0016053925324,生活用品,吉林省,
名恩首府智慧社区服务_站点-名恩首府智慧社区服务站,名恩首府智慧社区服务站,名恩首府智慧社区服务站,快递,2025-04-11 18:30:24,,0.5,0.41,0,6.00,0.00,2.80,6-3.2,2,1910641551103414272,极兔快递,JT0016053417909,服饰,陕西省,
名恩首府智慧社区服务_站点-名恩首府智慧社区服务站,名恩首府智慧社区服务站,名恩首府智慧社区服务站,快递,2025-04-11 18:27:55,,0.5,0.41,0,6.00,0.00,2.80,6-3.2,2,1910640924403093504,极兔快递,JT0016052177314,服饰,陕西省,
名恩首府智慧社区服务_站点-名恩首府智慧社区服务站,名恩首府智慧社区服务站,名恩首府智慧社区服务站,快递,2025-04-11 16:32:45,2025-04-11 08:48:06,0.1,,,6.00,,0.00,,2,1910611942425153536,极兔快递,JT0016048669361,服饰,浙江省,已全额退款
名恩首府智慧社区服务_站点-名恩首府智慧社区服务站,名恩首府智慧社区服务站,名恩首府智慧社区服务站,快递,2025-04-11 16:46:34,,0.5,0.3,0,6.00,0.00,2.80,6-3.2,2,1910615420291698688,极兔快递,JT0016049279461,服饰,安徽省,
名恩首府智慧社区服务_站点-名恩首府智慧社区服务站,名恩首府智慧社区服务站,名恩首府智慧社区服务站,快递,2025-04-11 16:44:35,,0.5,0.31,0,6.00,0.00,2.80,6-3.2,2,1910614895919812608,极兔快递,JT0016042643465,服饰,广东省,
名恩首府智慧社区服务_站点-名恩首府智慧社区服务站,名恩首府智慧社区服务站,名恩首府智慧社区服务站,快递,2025-04-11 16:43:36,,0.5,0.4,0,6.00,0.00,2.80,6-3.2,2,1910614671088340992,极兔快递,JT0016049611225,服饰,广东省,
名恩首府智慧社区服务_站点-名恩首府智慧社区服务站,名恩首府智慧社区服务站,名恩首府智慧社区服务站,快递,2025-04-11 16:40:51,,0.1,0.42,0,6.00,0.00,2.80,6-3.2,2,1910613981309882368,极兔快递,JT0016051678852,服饰,浙江省,
名恩首府智慧社区服务_站点-名恩首府智慧社区服务站,名恩首府智慧社区服务站,名恩首府智慧社区服务站,快递,2025-04-11 16:29:30,,0.5,0.47,0,6.00,0.00,2.80,6-3.2,2,1910611124162580480,极兔快递,JT0016051098316,服饰,浙江省,
名恩首府智慧社区服务_站点-名恩首府智慧社区服务站,名恩首府智慧社区服务站,名恩首府智慧社区服务站,快递,2025-04-11 16:26:50,,0.5,0.41,0,6.00,0.00,2.80,6-3.2,2,1910610452650315776,极兔快递,JT0016048640180,服饰,湖北省,
名恩首府智慧社区服务_站点-名恩首府智慧社区服务站,名恩首府智慧社区服务站,名恩首府智慧社区服务站,快递,2025-04-11 16:23:14,,0.5,0.42,0,6.00,0.00,2.80,6-3.2,2,1910609544386367488,极兔快递,JT0016049827212,服饰,广东省,
名恩首府智慧社区服务_站点-名恩首府智慧社区服务站,名恩首府智慧社区服务站,名恩首府智慧社区服务站,快递,2025-04-11 16:20:23,,0.3,0.4,0,6.00,0.00,2.80,6-3.2,2,1910608827214909440,极兔快递,JT0016023910712,服饰,湖北省,
名恩首府智慧社区服务_站点-名恩首府智慧社区服务站,名恩首府智慧社区服务站,名恩首府智慧社区服务站,快递,2025-04-11 11:43:57,,0.1,0.3,0,6.00,0.00,2.80,6-3.2,2,1910539258077040640,极兔快递,JT0016045315591,服饰,云南省,
名恩首府智慧社区服务_站点-名恩首府智慧社区服务站,名恩首府智慧社区服务站,名恩首府智慧社区服务站,快递,2025-04-11 11:41:33,,0.3,0.3,0,6.00,0.00,2.80,6-3.2,2,1910538657943441408,极兔快递,JT0016023761052,服饰,河北省,
名恩首府智慧社区服务_站点-名恩首府智慧社区服务站,名恩首府智慧社区服务站,名恩首府智慧社区服务站,快递,2025-04-11 11:02:27,,0.5,0.52,0,7.00,1.00,1.94,42%,2,1910528810229354496,韵达快递,312707993845836,服饰,上海市,
名恩首府智慧社区服务_站点-名恩首府智慧社区服务站,名恩首府智慧社区服务站,名恩首府智慧社区服务站,快递,2025-04-11 10:58:40,,1.3,1.36,0,8.00,0.00,4.08,51% ,2,1910527863793045504,韵达快递,312707992255452,服饰,浙江省,
名恩首府智慧社区服务_站点-名恩首府智慧社区服务站,名恩首府智慧社区服务站,名恩首府智慧社区服务站,快递,2025-04-11 10:21:00,,0.4,0.3,0,6.00,0.00,2.80,6-3.2,2,1910518384905080832,极兔快递,JT0016042999216,服饰,江苏省,
名恩首府智慧社区服务_站点-名恩首府智慧社区服务站,名恩首府智慧社区服务站,名恩首府智慧社区服务站,快递,2025-04-11 09:55:35,,1.1,1.12,0,8.00,0.00,4.08,51% ,2,1910511969784221696,极兔快递,JT0016043050226,服饰,山东省,
名恩首府智慧社区服务_站点-名恩首府智慧社区服务站,名恩首府智慧社区服务站,名恩首府智慧社区服务站,快递,2025-04-10 19:47:05,,0.5,0.45,0,6.00,0.00,2.80,6-3.2,2,1910298461779972096,极兔快递,JT0016036359946,服饰,江苏省,
名恩首府智慧社区服务_站点-名恩首府智慧社区服务站,名恩首府智慧社区服务站,名恩首府智慧社区服务站,快递,2025-04-10 19:43:52,,0.2,0.2,0,6.00,0.00,2.80,6-3.2,2,1910297650836459520,极兔快递,JT0016035629862,文件,陕西省,
名恩首府智慧社区服务_站点-名恩首府智慧社区服务站,名恩首府智慧社区服务站,名恩首府智慧社区服务站,快递,2025-04-10 19:40:37,,1.5,1.52,0,8.00,0.00,4.08,51% ,2,1910296830589980672,极兔快递,JT0016020159848,服饰,广东省,
名恩首府智慧社区服务_站点-名恩首府智慧社区服务站,名恩首府智慧社区服务站,名恩首府智慧社区服务站,快递,2025-04-10 19:38:55,,1.3,1.36,0,8.00,0.00,4.08,51% ,2,1910296398840909824,极兔快递,JT0016019157751,服饰,广东省,
名恩首府智慧社区服务_站点-名恩首府智慧社区服务站,名恩首府智慧社区服务站,名恩首府智慧社区服务站,快递,2025-04-10 19:07:57,,0.2,0.2,0,6.00,0.00,2.80,6-3.2,2,1910288610655916032,极兔快递,JT0016030861395,服饰,广东省,
名恩首府智慧社区服务_站点-名恩首府智慧社区服务站,名恩首府智慧社区服务站,名恩首府智慧社区服务站,快递,2025-04-10 19:06:10,,0.2,0.2,0,6.00,0.00,2.80,6-3.2,2,1910288160254775296,极兔快递,JT0016038968358,服饰,河南省,
名恩首府智慧社区服务_站点-名恩首府智慧社区服务站,名恩首府智慧社区服务站,名恩首府智慧社区服务站,干洗,2025-04-10 18:36:57,,,,,15.00,,4.50,30%,,1910280804523495424,干洗,,"布鞋_网鞋   *   1",,
名恩首府智慧社区服务_站点-名恩首府智慧社区服务站,名恩首府智慧社区服务站,名恩首府智慧社区服务站,快递,2025-04-10 18:21:34,,0.5,0.24,0,6.00,0.00,2.80,6-3.2,2,1910276939900178432,极兔快递,JT0016033286071,服饰,广东省,
名恩首府智慧社区服务_站点-名恩首府智慧社区服务站,名恩首府智慧社区服务站,名恩首府智慧社区服务站,快递,2025-04-10 18:19:30,,0.7,0.78,0,6.00,0.00,2.80,6-3.2,2,1910276417793216512,极兔快递,JT0016037158788,服饰,陕西省,
名恩首府智慧社区服务_站点-名恩首府智慧社区服务站,名恩首府智慧社区服务站,名恩首府智慧社区服务站,快递,2025-04-10 18:07:10,,0.4,0.44,0,6.00,0.00,2.80,6-3.2,2,1910273297721774080,极兔快递,JT0016029707238,服饰,江苏省,
名恩首府智慧社区服务_站点-名恩首府智慧社区服务站,名恩首府智慧社区服务站,名恩首府智慧社区服务站,快递,2025-04-10 17:49:23,,0.7,0.66,0,6.00,0.00,2.80,6-3.2,2,1910268838178377728,极兔快递,JT0016032278017,服饰,江苏省,
名恩首府智慧社区服务_站点-名恩首府智慧社区服务站,名恩首府智慧社区服务站,名恩首府智慧社区服务站,快递,2025-04-10 17:48:16,,1.2,1.21,0,8.00,0.00,4.08,51% ,2,1910268560674836480,极兔快递,JT0016034410895,服饰,河北省,
名恩首府智慧社区服务_站点-名恩首府智慧社区服务站,名恩首府智慧社区服务站,名恩首府智慧社区服务站,快递,2025-04-10 17:45:17,,0.5,0.4,0,6.00,0.00,2.80,6-3.2,2,1910267798439776256,极兔快递,JT0016035707750,服饰,江苏省,
名恩首府智慧社区服务_站点-名恩首府智慧社区服务站,名恩首府智慧社区服务站,名恩首府智慧社区服务站,快递,2025-04-10 17:44:17,,0.6,0.6,0,6.00,0.00,2.80,6-3.2,2,1910267554952040448,极兔快递,JT0016037863826,服饰,福建省,
名恩首府智慧社区服务_站点-名恩首府智慧社区服务站,名恩首府智慧社区服务站,名恩首府智慧社区服务站,快递,2025-04-10 17:42:17,,0.9,0.96,0,6.00,0.00,2.80,6-3.2,2,1910267052419895296,极兔快递,JT0016035349562,服饰,江苏省,
名恩首府智慧社区服务_站点-名恩首府智慧社区服务站,名恩首府智慧社区服务站,名恩首府智慧社区服务站,干洗,2025-04-10 17:27:19,,,,,24.50,,7.35,30%,,1910263281086287872,干洗,,"清洗普通羽绒服2件不分长短49元   *   1",,
名恩首府智慧社区服务_站点-名恩首府智慧社区服务站,名恩首府智慧社区服务站,名恩首府智慧社区服务站,干洗,2025-04-10 17:24:28,,,,,24.50,,7.35,30%,,1910262564460089344,干洗,,"清洗普通羽绒服2件不分长短49元   *   1",,
名恩首府智慧社区服务_站点-名恩首府智慧社区服务站,名恩首府智慧社区服务站,名恩首府智慧社区服务站,快递,2025-04-10 17:18:36,,0.3,0.27,0,6.00,0.00,2.80,6-3.2,2,1910261091114340352,极兔快递,JT0016028281843,服饰,山东省,
名恩首府智慧社区服务_站点-名恩首府智慧社区服务站,名恩首府智慧社区服务站,名恩首府智慧社区服务站,快递,2025-04-10 16:50:37,,0.3,0.2,0,6.00,0.00,2.80,6-3.2,2,1910254047456055296,极兔快递,JT0016035817177,生活用品,河南省,
名恩首府智慧社区服务_站点-名恩首府智慧社区服务站,名恩首府智慧社区服务站,名恩首府智慧社区服务站,快递,2025-04-10 16:38:27,,1.9,1.86,0,8.00,0.00,4.08,51% ,2,1910250987103113216,极兔快递,JT0016034324504,生活用品,江苏省,
名恩首府智慧社区服务_站点-名恩首府智慧社区服务站,名恩首府智慧社区服务站,名恩首府智慧社区服务站,快递,2025-04-10 15:54:25,,0.1,0.2,0,6.00,0.00,2.80,6-3.2,2,1910239905177325568,极兔快递,JT0016011683120,服饰,广东省,
名恩首府智慧社区服务_站点-名恩首府智慧社区服务站,名恩首府智慧社区服务站,名恩首府智慧社区服务站,快递,2025-04-10 15:52:40,,0.3,0.23,0,6.00,0.00,2.80,6-3.2,2,1910239465677180928,极兔快递,JT0016028334483,服饰,河北省,
名恩首府智慧社区服务_站点-名恩首府智慧社区服务站,名恩首府智慧社区服务站,名恩首府智慧社区服务站,快递,2025-04-10 15:51:31,,0.3,0.2,0,6.00,0.00,2.80,6-3.2,2,1910239173002842112,极兔快递,JT0016034455788,服饰,江苏省,
名恩首府智慧社区服务_站点-名恩首府智慧社区服务站,名恩首府智慧社区服务站,名恩首府智慧社区服务站,快递,2025-04-10 15:50:20,,0.4,0.36,0,6.00,0.00,2.80,6-3.2,2,1910238880215257088,极兔快递,JT0016027649420,服饰,广东省,
名恩首府智慧社区服务_站点-名恩首府智慧社区服务站,名恩首府智慧社区服务站,名恩首府智慧社区服务站,快递,2025-04-10 15:06:18,,0.9,1.19,-1,6.00,0.00,2.80,6-3.2,2,1910227701157777408,极兔快递,JT0016032249463,生活用品,重庆市,
名恩首府智慧社区服务_站点-名恩首府智慧社区服务站,名恩首府智慧社区服务站,名恩首府智慧社区服务站,干洗,2025-04-10 15:02:05,,,,,24.50,,7.35,30%,,1910226733607342080,干洗,,"清洗普通羽绒服2件不分长短49元   *   1",,
名恩首府智慧社区服务_站点-名恩首府智慧社区服务站,名恩首府智慧社区服务站,名恩首府智慧社区服务站,干洗,2025-04-10 14:59:19,2025-04-10 06:59:53,,,,24.50,,0.00,0%,,1910226040142090240,干洗,,"清洗普通羽绒服2件不分长短49元   *   1",,已全额退款
名恩首府智慧社区服务_站点-名恩首府智慧社区服务站,名恩首府智慧社区服务站,名恩首府智慧社区服务站,快递,2025-04-10 14:47:31,,5.5,5.25,0,18.00,4.50,9.00,50% ,2,1910223068322516992,极兔快递,JT0016027686727,服饰,陕西省,
名恩首府智慧社区服务_站点-名恩首府智慧社区服务站,名恩首府智慧社区服务站,名恩首府智慧社区服务站,快递,2025-04-10 13:53:33,,0.5,0.73,0,6.00,0.00,2.80,6-3.2,2,1910209488156020736,极兔快递,JT0016030279438,服饰,湖南省,
名恩首府智慧社区服务_站点-名恩首府智慧社区服务站,名恩首府智慧社区服务站,名恩首府智慧社区服务站,快递,2025-04-10 13:40:43,,0.3,0.24,0,6.00,0.00,2.80,6-3.2,2,1910206262086127616,极兔快递,JT0016030956015,服饰,广东省,
名恩首府智慧社区服务_站点-名恩首府智慧社区服务站,名恩首府智慧社区服务站,名恩首府智慧社区服务站,快递,2025-04-10 13:36:04,,1.2,1.18,0,8.00,0.00,4.08,51% ,2,1910205091711733760,极兔快递,JT0016027970296,服饰,广东省,
名恩首府智慧社区服务_站点-名恩首府智慧社区服务站,名恩首府智慧社区服务站,名恩首府智慧社区服务站,快递,2025-04-10 10:09:45,,0.3,,,6.00,,2.52,42% ,2,1910153169084534784,申通快递,772039841482325,服饰,山东省,
名恩首府智慧社区服务_站点-名恩首府智慧社区服务站,名恩首府智慧社区服务站,名恩首府智慧社区服务站,快递,2025-04-10 10:07:36,,0.4,0.44,0,6.00,0.00,2.80,6-3.2,2,1910152627385978880,极兔快递,JT0016025090220,服饰,浙江省,
名恩首府智慧社区服务_站点-名恩首府智慧社区服务站,名恩首府智慧社区服务站,名恩首府智慧社区服务站,快递,2025-04-10 10:04:26,,0.2,0.2,0,6.00,0.00,2.80,6-3.2,2,1910151830153646080,极兔快递,JT0016026203737,服饰,广东省,
名恩首府智慧社区服务_站点-名恩首府智慧社区服务站,名恩首府智慧社区服务站,名恩首府智慧社区服务站,快递,2025-04-09 19:54:51,,1.1,0.94,1,8.00,0.00,4.08,51% ,2,1909938025708572672,极兔快递,JT0016018725815,服饰,浙江省,
名恩首府智慧社区服务_站点-名恩首府智慧社区服务站,名恩首府智慧社区服务站,名恩首府智慧社区服务站,干洗,2025-04-09 19:50:43,,,,,24.50,,7.35,30%,,1909936985131110400,干洗,,"清洗普通羽绒服2件不分长短49元   *   1",,
名恩首府智慧社区服务_站点-名恩首府智慧社区服务站,名恩首府智慧社区服务站,名恩首府智慧社区服务站,干洗,2025-04-09 19:47:28,,,,,24.50,,7.35,30%,,1909936166222614528,干洗,,"清洗普通羽绒服2件不分长短49元   *   1",,
名恩首府智慧社区服务_站点-名恩首府智慧社区服务站,名恩首府智慧社区服务站,名恩首府智慧社区服务站,干洗,2025-04-09 19:42:51,,,,,24.50,,7.35,30%,,1909935003737706496,干洗,,"清洗普通羽绒服2件不分长短49元   *   1",,
名恩首府智慧社区服务_站点-名恩首府智慧社区服务站,名恩首府智慧社区服务站,名恩首府智慧社区服务站,快递,2025-04-09 19:18:47,,0.3,0.27,0,6.00,0.00,2.80,6-3.2,2,1909928937671020544,极兔快递,JT0016016569639,服饰,广东省,
名恩首府智慧社区服务_站点-名恩首府智慧社区服务站,名恩首府智慧社区服务站,名恩首府智慧社区服务站,快递,2025-04-09 19:17:48,,0.3,0.2,0,6.00,0.00,2.80,6-3.2,2,1909928701582036992,极兔快递,JT0016021914830,服饰,广东省,
名恩首府智慧社区服务_站点-名恩首府智慧社区服务站,名恩首府智慧社区服务站,名恩首府智慧社区服务站,快递,2025-04-09 19:16:38,,0.3,0.26,0,6.00,0.00,2.80,6-3.2,2,1909928408240803840,极兔快递,JT0016022071944,服饰,广东省,
名恩首府智慧社区服务_站点-名恩首府智慧社区服务站,名恩首府智慧社区服务站,名恩首府智慧社区服务站,快递,2025-04-09 19:13:49,,0.52,0.47,0,6.00,0.00,2.80,6-3.2,2,1909927699718000640,极兔快递,JT0016019254508,服饰,广东省,
名恩首府智慧社区服务_站点-名恩首府智慧社区服务站,名恩首府智慧社区服务站,名恩首府智慧社区服务站,快递,2025-04-09 18:34:33,,0.7,0.67,0,6.00,0.00,2.80,6-3.2,2,1909917816083894272,极兔快递,JT0016021193009,服饰,山东省,
名恩首府智慧社区服务_站点-名恩首府智慧社区服务站,名恩首府智慧社区服务站,名恩首府智慧社区服务站,干洗,2025-04-09 17:58:07,,,,,9.90,,2.97,30%,,1909908644395016192,干洗,,"清洗鞋19.8元两双   *   1",,
名恩首府智慧社区服务_站点-名恩首府智慧社区服务站,名恩首府智慧社区服务站,名恩首府智慧社区服务站,干洗,2025-04-09 17:54:08,,,,,68.00,,20.40,30%,,1909907640886812672,干洗,,"皮草_马甲   *   1",,
名恩首府智慧社区服务_站点-名恩首府智慧社区服务站,名恩首府智慧社区服务站,名恩首府智慧社区服务站,快递,2025-04-09 17:27:03,,1.3,0.75,1,8.00,0.00,4.08,51% ,2,1909900829367664640,极兔快递,JT0016017700285,服饰,浙江省,
名恩首府智慧社区服务_站点-名恩首府智慧社区服务站,名恩首府智慧社区服务站,名恩首府智慧社区服务站,快递,2025-04-09 17:19:16,,1,0.82,0,6.00,0.00,2.80,6-3.2,2,1909898861375062016,极兔快递,JT0016021242709,服饰,浙江省,
名恩首府智慧社区服务_站点-名恩首府智慧社区服务站,名恩首府智慧社区服务站,名恩首府智慧社区服务站,快递,2025-04-09 17:18:19,,0.8,0.82,0,6.00,0.00,2.80,6-3.2,2,1909898630927417344,极兔快递,JT0016019142927,生活用品,河北省,
名恩首府智慧社区服务_站点-名恩首府智慧社区服务站,名恩首府智慧社区服务站,名恩首府智慧社区服务站,快递,2025-04-09 17:16:31,,0.3,0.2,0,6.00,0.00,2.80,6-3.2,2,1909898170938097664,极兔快递,JT0016017873205,服饰,广东省,
名恩首府智慧社区服务_站点-名恩首府智慧社区服务站,名恩首府智慧社区服务站,名恩首府智慧社区服务站,干洗,2025-04-09 16:55:34,,,,,15.00,,4.50,30%,,1909892905405169664,干洗,,"皮鞋   *   1",,
名恩首府智慧社区服务_站点-名恩首府智慧社区服务站,名恩首府智慧社区服务站,名恩首府智慧社区服务站,干洗,2025-04-09 16:53:37,,,,,15.00,,4.50,30%,,1909892400239001600,干洗,,"皮鞋   *   1",,
名恩首府智慧社区服务_站点-名恩首府智慧社区服务站,名恩首府智慧社区服务站,名恩首府智慧社区服务站,干洗,2025-04-09 16:52:30,,,,,15.00,,4.50,30%,,1909892136400502784,干洗,,"皮鞋   *   1",,
名恩首府智慧社区服务_站点-名恩首府智慧社区服务站,名恩首府智慧社区服务站,名恩首府智慧社区服务站,干洗,2025-04-09 16:41:03,,,,,24.50,,7.35,30%,,1909889248718667776,干洗,,"清洗普通羽绒服2件不分长短49元   *   1",,
名恩首府智慧社区服务_站点-名恩首府智慧社区服务站,名恩首府智慧社区服务站,名恩首府智慧社区服务站,干洗,2025-04-09 16:38:32,,,,,68.00,,20.40,30%,,1909888598840623104,干洗,,"皮草_马甲   *   1",,
名恩首府智慧社区服务_站点-名恩首府智慧社区服务站,名恩首府智慧社区服务站,名恩首府智慧社区服务站,干洗,2025-04-09 16:32:04,,,,,25.00,,7.50,30%,,1909886991881125888,干洗,,"风衣   *   1",,
名恩首府智慧社区服务_站点-名恩首府智慧社区服务站,名恩首府智慧社区服务站,名恩首府智慧社区服务站,干洗,2025-04-09 16:28:08,,,,,29.50,,8.85,30%,,1909885999403941888,干洗,,"清洗毛呢2件59元   *   1",,
名恩首府智慧社区服务_站点-名恩首府智慧社区服务站,名恩首府智慧社区服务站,名恩首府智慧社区服务站,干洗,2025-04-09 16:22:47,,,,,9.90,,2.97,30%,,1909884655758655488,干洗,,"清洗鞋19.8元两双   *   1",,
名恩首府智慧社区服务_站点-名恩首府智慧社区服务站,名恩首府智慧社区服务站,名恩首府智慧社区服务站,快递,2025-04-09 15:36:13,,0.1,0.11,0,6.00,0.00,2.80,6-3.2,2,1909872937882537984,极兔快递,JT0016011814242,生活用品,江苏省,
名恩首府智慧社区服务_站点-名恩首府智慧社区服务站,名恩首府智慧社区服务站,名恩首府智慧社区服务站,快递,2025-04-09 15:29:48,,1,0.2,0,6.00,0.00,2.80,6-3.2,2,1909871290439618560,极兔快递,JT0016019176876,生活用品,陕西省,
名恩首府智慧社区服务_站点-名恩首府智慧社区服务站,名恩首府智慧社区服务站,名恩首府智慧社区服务站,快递,2025-04-09 15:17:37,,0.3,0.32,0,6.00,0.00,2.80,6-3.2,2,1909868248323510272,极兔快递,JT0016017324359,服饰,浙江省,
名恩首府智慧社区服务_站点-名恩首府智慧社区服务站,名恩首府智慧社区服务站,名恩首府智慧社区服务站,快递,2025-04-09 15:16:52,,0.2,0.32,0,6.00,0.00,2.80,6-3.2,2,1909868070111727616,极兔快递,JT0016005261730,服饰,浙江省,
名恩首府智慧社区服务_站点-名恩首府智慧社区服务站,名恩首府智慧社区服务站,名恩首府智慧社区服务站,快递,2025-04-09 15:14:28,,0.5,0.52,0,6.00,0.00,2.80,6-3.2,2,1909867462734565376,极兔快递,JT0016017637793,服饰,广东省,
名恩首府智慧社区服务_站点-名恩首府智慧社区服务站,名恩首府智慧社区服务站,名恩首府智慧社区服务站,干洗,2025-04-09 15:10:41,,,,,24.80,,7.44,30%,,1909866508689788928,干洗,,"棉服_毛呢_羽绒服   *   1",,
名恩首府智慧社区服务_站点-名恩首府智慧社区服务站,名恩首府智慧社区服务站,名恩首府智慧社区服务站,快递,2025-04-09 15:01:14,,1.5,1.53,0,8.00,0.00,4.08,51% ,2,1909864132243279872,极兔快递,JT0016017458346,服饰,山东省,
名恩首府智慧社区服务_站点-名恩首府智慧社区服务站,名恩首府智慧社区服务站,名恩首府智慧社区服务站,快递,2025-04-09 14:00:27,,0.5,0.44,0,6.00,0.00,2.80,6-3.2,2,1909848835809529856,极兔快递,JT0016015895905,服饰,广东省,
名恩首府智慧社区服务_站点-名恩首府智慧社区服务站,名恩首府智慧社区服务站,名恩首府智慧社区服务站,快递,2025-04-09 12:53:57,,0.5,0.46,0,6.00,0.00,2.80,6-3.2,2,1909832104495992832,极兔快递,JT0016011494616,服饰,安徽省,
名恩首府智慧社区服务_站点-名恩首府智慧社区服务站,名恩首府智慧社区服务站,名恩首府智慧社区服务站,干洗,2025-04-09 11:54:10,,,,,15.00,,4.50,30%,,1909817055345823744,干洗,,"皮鞋   *   1",,
名恩首府智慧社区服务_站点-名恩首府智慧社区服务站,名恩首府智慧社区服务站,名恩首府智慧社区服务站,干洗,2025-04-09 11:51:33,,,,,9.90,,2.97,30%,,1909816396173201408,干洗,,"清洗鞋19.8元两双   *   1",,
名恩首府智慧社区服务_站点-名恩首府智慧社区服务站,名恩首府智慧社区服务站,名恩首府智慧社区服务站,快递,2025-04-09 11:34:19,,2.5,2.45,0,10.00,0.00,5.50,55% ,2,1909812059430637568,极兔快递,JT0016014065777,食品,陕西省,
名恩首府智慧社区服务_站点-名恩首府智慧社区服务站,名恩首府智慧社区服务站,名恩首府智慧社区服务站,干洗,2025-04-08 21:10:04,,,,,9.90,,2.97,30%,,1909594565889675264,干洗,,"清洗鞋19.8元两双   *   1",,
名恩首府智慧社区服务_站点-名恩首府智慧社区服务站,名恩首府智慧社区服务站,名恩首府智慧社区服务站,干洗,2025-04-08 21:05:48,,,,,29.50,,8.85,30%,,1909593442202079232,干洗,,"清洗毛呢2件59元   *   1",,
名恩首府智慧社区服务_站点-名恩首府智慧社区服务站,名恩首府智慧社区服务站,名恩首府智慧社区服务站,干洗,2025-04-08 21:03:36,,,,,29.50,,8.85,30%,,1909592936633257984,干洗,,"清洗毛呢2件59元   *   1",,
名恩首府智慧社区服务_站点-名恩首府智慧社区服务站,名恩首府智慧社区服务站,名恩首府智慧社区服务站,干洗,2025-04-08 21:01:27,,,,,24.50,,7.35,30%,,1909592395702259712,干洗,,"清洗普通羽绒服2件不分长短49元   *   1",,
名恩首府智慧社区服务_站点-名恩首府智慧社区服务站,名恩首府智慧社区服务站,名恩首府智慧社区服务站,干洗,2025-04-08 20:58:59,,,,,24.50,,7.35,30%,,1909591775444389888,干洗,,"清洗普通羽绒服2件不分长短49元   *   1",,
名恩首府智慧社区服务_站点-名恩首府智慧社区服务站,名恩首府智慧社区服务站,名恩首府智慧社区服务站,快递,2025-04-08 20:50:11,,0.2,0.2,0,6.00,0.00,2.80,6-3.2,2,1909589565494972416,极兔快递,JT0016007519389,服饰,浙江省,
名恩首府智慧社区服务_站点-名恩首府智慧社区服务站,名恩首府智慧社区服务站,名恩首府智慧社区服务站,快递,2025-04-08 20:48:57,,0.3,0.2,0,6.00,0.00,2.80,6-3.2,2,1909589252776054784,极兔快递,JT0016006776203,服饰,浙江省,
名恩首府智慧社区服务_站点-名恩首府智慧社区服务站,名恩首府智慧社区服务站,名恩首府智慧社区服务站,快递,2025-04-08 20:47:19,,0.3,0.31,0,6.00,0.00,2.80,6-3.2,2,1909588845697880064,极兔快递,JT0015990905214,服饰,河北省,
名恩首府智慧社区服务_站点-名恩首府智慧社区服务站,名恩首府智慧社区服务站,名恩首府智慧社区服务站,快递,2025-04-08 20:45:16,,0.3,0.26,0,6.00,0.00,2.80,6-3.2,2,1909588324526247936,极兔快递,JT0015999383137,服饰,浙江省,
名恩首府智慧社区服务_站点-名恩首府智慧社区服务站,名恩首府智慧社区服务站,名恩首府智慧社区服务站,快递,2025-04-08 20:40:45,,0.5,0.52,0,6.00,0.00,2.80,6-3.2,2,1909587189358841856,极兔快递,JT0016007989604,服饰,江苏省,
名恩首府智慧社区服务_站点-名恩首府智慧社区服务站,名恩首府智慧社区服务站,名恩首府智慧社区服务站,快递,2025-04-08 20:39:16,,5.2,6.94,-1,18.00,6.00,9.00,50% ,2,1909586817286328320,极兔快递,JT0016008999622,生活用品,山东省,
名恩首府智慧社区服务_站点-名恩首府智慧社区服务站,名恩首府智慧社区服务站,名恩首府智慧社区服务站,快递,2025-04-08 20:33:17,,0.2,0.2,0,6.00,0.00,2.80,6-3.2,2,1909585314312015872,极兔快递,JT0016007523092,服饰,广东省,
名恩首府智慧社区服务_站点-名恩首府智慧社区服务站,名恩首府智慧社区服务站,名恩首府智慧社区服务站,快递,2025-04-08 20:32:04,,0.3,0.29,0,6.00,0.00,2.80,6-3.2,2,1909585003912548352,极兔快递,JT0015993431816,生活用品,福建省,
名恩首府智慧社区服务_站点-名恩首府智慧社区服务站,名恩首府智慧社区服务站,名恩首府智慧社区服务站,快递,2025-04-08 20:30:47,,0.2,0.2,0,6.00,0.00,2.80,6-3.2,2,1909584681085358080,极兔快递,JT0016006201895,生活用品,广东省,
名恩首府智慧社区服务_站点-名恩首府智慧社区服务站,名恩首府智慧社区服务站,名恩首府智慧社区服务站,快递,2025-04-08 20:28:22,,0.3,0.2,0,6.00,0.00,2.80,6-3.2,2,1909583824767864832,极兔快递,JT0016005817455,生活用品,湖北省,
名恩首府智慧社区服务_站点-名恩首府智慧社区服务站,名恩首府智慧社区服务站,名恩首府智慧社区服务站,快递,2025-04-08 19:58:58,,0.5,0.44,0,6.00,0.00,2.80,6-3.2,2,1909576673961889792,极兔快递,JT0016008915328,服饰,浙江省,
名恩首府智慧社区服务_站点-名恩首府智慧社区服务站,名恩首府智慧社区服务站,名恩首府智慧社区服务站,快递,2025-04-08 19:55:57,,0.3,0.2,0,6.00,0.00,2.80,6-3.2,2,1909575916697079808,极兔快递,JT0016008585635,服饰,广东省,
名恩首府智慧社区服务_站点-名恩首府智慧社区服务站,名恩首府智慧社区服务站,名恩首府智慧社区服务站,快递,2025-04-08 19:52:58,,0.5,0.35,0,6.00,0.00,2.80,6-3.2,2,1909575164708704256,极兔快递,JT0015996691515,服饰,广东省,
名恩首府智慧社区服务_站点-名恩首府智慧社区服务站,名恩首府智慧社区服务站,名恩首府智慧社区服务站,快递,2025-04-08 19:49:36,,0.2,0.25,0,6.00,0.00,2.80,6-3.2,2,1909574305354534912,极兔快递,JT0016007709558,服饰,浙江省,
名恩首府智慧社区服务_站点-名恩首府智慧社区服务站,名恩首府智慧社区服务站,名恩首府智慧社区服务站,快递,2025-04-08 19:48:39,,0.5,0.51,0,6.00,0.00,2.80,6-3.2,2,1909574080942493696,极兔快递,JT0016008187743,服饰,湖南省,
名恩首府智慧社区服务_站点-名恩首府智慧社区服务站,名恩首府智慧社区服务站,名恩首府智慧社区服务站,快递,2025-04-08 19:40:36,,1.2,1.02,0,8.00,0.00,4.08,51% ,2,1909572052283478016,极兔快递,JT0016007815307,服饰,广东省,
名恩首府智慧社区服务_站点-名恩首府智慧社区服务站,名恩首府智慧社区服务站,名恩首府智慧社区服务站,快递,2025-04-08 19:38:09,,1.5,1.4,0,8.00,0.00,4.08,51% ,2,1909571438015074304,极兔快递,JT0016005340483,服饰,浙江省,
名恩首府智慧社区服务_站点-名恩首府智慧社区服务站,名恩首府智慧社区服务站,名恩首府智慧社区服务站,快递,2025-04-08 19:34:05,,0.6,0.61,0,6.00,0.00,2.80,6-3.2,2,1909570413464047616,极兔快递,JT0016004661969,服饰,江苏省,
名恩首府智慧社区服务_站点-名恩首府智慧社区服务站,名恩首府智慧社区服务站,名恩首府智慧社区服务站,快递,2025-04-08 19:31:36,,0.7,0.56,0,6.00,0.00,2.80,6-3.2,2,1909569785874534400,极兔快递,JT0016008715108,服饰,广东省,
名恩首府智慧社区服务_站点-名恩首府智慧社区服务站,名恩首府智慧社区服务站,名恩首府智慧社区服务站,快递,2025-04-08 19:28:54,,0.5,0.57,0,6.00,0.00,2.80,6-3.2,2,1909569095009751040,极兔快递,JT0016008833456,服饰,浙江省,
名恩首府智慧社区服务_站点-名恩首府智慧社区服务站,名恩首府智慧社区服务站,名恩首府智慧社区服务站,快递,2025-04-08 19:26:31,,0.8,0.56,0,6.00,0.00,2.80,6-3.2,2,1909568510223110144,极兔快递,JT0016002522704,服饰,安徽省,
名恩首府智慧社区服务_站点-名恩首府智慧社区服务站,名恩首府智慧社区服务站,名恩首府智慧社区服务站,快递,2025-04-08 19:11:07,,0.5,0.61,0,6.00,0.00,2.80,6-3.2,2,1909564629942456320,极兔快递,JT0015982747574,服饰,江西省,
名恩首府智慧社区服务_站点-名恩首府智慧社区服务站,名恩首府智慧社区服务站,名恩首府智慧社区服务站,快递,2025-04-08 13:13:35,,0.2,0.2,0,6.00,0.00,2.80,6-3.2,2,1909474654928424960,极兔快递,JT0015994392906,服饰,广东省,
名恩首府智慧社区服务_站点-名恩首府智慧社区服务站,名恩首府智慧社区服务站,名恩首府智慧社区服务站,快递,2025-04-08 13:10:35,,0.5,0.44,0,6.00,0.00,2.80,6-3.2,2,1909473897277739008,极兔快递,JT0016000185451,服饰,河北省,
名恩首府智慧社区服务_站点-名恩首府智慧社区服务站,名恩首府智慧社区服务站,名恩首府智慧社区服务站,快递,2025-04-08 12:49:44,,0.5,0.63,0,6.00,0.00,2.80,6-3.2,2,1909468655182073856,极兔快递,JT0015996850760,服饰,浙江省,
名恩首府智慧社区服务_站点-名恩首府智慧社区服务站,名恩首府智慧社区服务站,名恩首府智慧社区服务站,快递,2025-04-08 12:21:56,,0.5,0.44,0,6.00,0.00,2.80,6-3.2,2,1909461656818077696,极兔快递,JT0016000840922,服饰,福建省,
名恩首府智慧社区服务_站点-名恩首府智慧社区服务站,名恩首府智慧社区服务站,名恩首府智慧社区服务站,快递,2025-04-08 12:18:21,,0.6,0.65,0,6.00,0.00,2.80,6-3.2,2,1909460752375140352,极兔快递,JT0016000702838,生活用品,福建省,
名恩首府智慧社区服务_站点-名恩首府智慧社区服务站,名恩首府智慧社区服务站,名恩首府智慧社区服务站,快递,2025-04-08 12:17:00,,0.2,0.29,0,6.00,0.00,2.80,6-3.2,2,1909460416101011456,极兔快递,JT0016000670755,服饰,辽宁省,
名恩首府智慧社区服务_站点-名恩首府智慧社区服务站,名恩首府智慧社区服务站,名恩首府智慧社区服务站,干洗,2025-04-07 20:32:52,,,,,9.90,,2.97,30%,,1909222815579185152,干洗,,"清洗鞋19.8元两双   *   1",,
名恩首府智慧社区服务_站点-名恩首府智慧社区服务站,名恩首府智慧社区服务站,名恩首府智慧社区服务站,快递,2025-04-07 20:30:34,,0.2,0.34,0,6.00,0.00,2.80,6-3.2,2,1909222239692857344,极兔快递,JT0015986230270,生活用品,贵州省,
名恩首府智慧社区服务_站点-名恩首府智慧社区服务站,名恩首府智慧社区服务站,名恩首府智慧社区服务站,快递,2025-04-07 20:19:10,,0.1,0.2,0,6.00,0.00,2.80,6-3.2,2,1909219368863735808,极兔快递,JT0015988909060,服饰,安徽省,
名恩首府智慧社区服务_站点-名恩首府智慧社区服务站,名恩首府智慧社区服务站,名恩首府智慧社区服务站,快递,2025-04-07 20:17:35,,1.2,1.08,0,8.00,0.00,4.08,51% ,2,1909218970866229248,极兔快递,JT0015992916842,服饰,广东省,
名恩首府智慧社区服务_站点-名恩首府智慧社区服务站,名恩首府智慧社区服务站,名恩首府智慧社区服务站,快递,2025-04-07 20:15:54,,1.1,1.04,0,8.00,0.00,4.08,51% ,2,1909218548625645568,极兔快递,JT0015993329463,服饰,江苏省,
名恩首府智慧社区服务_站点-名恩首府智慧社区服务站,名恩首府智慧社区服务站,名恩首府智慧社区服务站,快递,2025-04-07 20:14:31,,0.8,0.78,0,6.00,0.00,2.80,6-3.2,2,1909218200913649664,极兔快递,JT0015967286296,服饰,山西省,
名恩首府智慧社区服务_站点-名恩首府智慧社区服务站,名恩首府智慧社区服务站,名恩首府智慧社区服务站,快递,2025-04-07 20:12:55,,0.5,0.68,0,6.00,0.00,2.80,6-3.2,2,1909217795039240192,极兔快递,JT0015992418590,服饰,广东省,
名恩首府智慧社区服务_站点-名恩首府智慧社区服务站,名恩首府智慧社区服务站,名恩首府智慧社区服务站,快递,2025-04-07 20:06:53,,0.5,0.55,0,6.00,0.00,2.80,6-3.2,2,1909216278223724544,极兔快递,JT0015994138906,服饰,江苏省,
名恩首府智慧社区服务_站点-名恩首府智慧社区服务站,名恩首府智慧社区服务站,名恩首府智慧社区服务站,快递,2025-04-07 20:05:14,,0.5,0.56,0,6.00,0.00,2.80,6-3.2,2,1909215861452513280,极兔快递,JT0015993221639,服饰,广东省,
名恩首府智慧社区服务_站点-名恩首府智慧社区服务站,名恩首府智慧社区服务站,名恩首府智慧社区服务站,快递,2025-04-07 20:03:27,,0.2,0.31,0,6.00,0.00,2.80,6-3.2,2,1909215413337268224,极兔快递,JT0015993338721,服饰,广东省,
名恩首府智慧社区服务_站点-名恩首府智慧社区服务站,名恩首府智慧社区服务站,名恩首府智慧社区服务站,快递,2025-04-07 20:00:43,,2.5,5.47,-3,10.00,4.50,5.50,55% ,2,1909214696149032960,极兔快递,JT0015993454437,服饰,浙江省,
名恩首府智慧社区服务_站点-名恩首府智慧社区服务站,名恩首府智慧社区服务站,名恩首府智慧社区服务站,快递,2025-04-07 19:54:21,,0.5,0.53,0,6.00,0.00,2.80,6-3.2,2,1909213123310198784,极兔快递,JT0015992899137,服饰,福建省,
名恩首府智慧社区服务_站点-名恩首府智慧社区服务站,名恩首府智慧社区服务站,名恩首府智慧社区服务站,快递,2025-04-07 19:44:58,,0.3,0.23,0,6.00,0.00,2.80,6-3.2,2,1909210762781073408,极兔快递,JT0015992145966,服饰,四川省,
名恩首府智慧社区服务_站点-名恩首府智慧社区服务站,名恩首府智慧社区服务站,名恩首府智慧社区服务站,快递,2025-04-07 19:42:28,,0.2,0.2,0,6.00,0.00,2.80,6-3.2,2,1909210134344310784,极兔快递,JT0015991364656,服饰,广东省,
名恩首府智慧社区服务_站点-名恩首府智慧社区服务站,名恩首府智慧社区服务站,名恩首府智慧社区服务站,快递,2025-04-07 19:40:22,,0.5,0.57,0,6.00,0.00,2.80,6-3.2,2,1909209603815186432,极兔快递,JT0015993068272,生活用品,山东省,
名恩首府智慧社区服务_站点-名恩首府智慧社区服务站,名恩首府智慧社区服务站,名恩首府智慧社区服务站,快递,2025-04-07 19:38:05,,0.5,0.36,0,6.00,0.00,2.80,6-3.2,2,1909209030869065728,极兔快递,JT0015993125697,生活用品,河南省,
名恩首府智慧社区服务_站点-名恩首府智慧社区服务站,名恩首府智慧社区服务站,名恩首府智慧社区服务站,快递,2025-04-07 19:36:34,,0.5,0.57,0,6.00,0.00,2.80,6-3.2,2,1909208651183890432,极兔快递,JT0015988177639,生活用品,山东省,
名恩首府智慧社区服务_站点-名恩首府智慧社区服务站,名恩首府智慧社区服务站,名恩首府智慧社区服务站,快递,2025-04-07 19:35:16,,0.3,0.42,0,6.00,0.00,2.80,6-3.2,2,1909208321230577664,极兔快递,JT0015993093364,生活用品,山东省,
名恩首府智慧社区服务_站点-名恩首府智慧社区服务站,名恩首府智慧社区服务站,名恩首府智慧社区服务站,干洗,2025-04-07 15:46:48,,,,,9.90,,2.97,30%,,1909150822485925888,干洗,,"清洗鞋19.8元两双   *   1",,
名恩首府智慧社区服务_站点-名恩首府智慧社区服务站,名恩首府智慧社区服务站,名恩首府智慧社区服务站,干洗,2025-04-07 15:34:28,,,,,24.50,,7.35,30%,,1909147719204282368,干洗,,"清洗普通羽绒服2件不分长短49元   *   1",,
名恩首府智慧社区服务_站点-名恩首府智慧社区服务站,名恩首府智慧社区服务站,名恩首府智慧社区服务站,干洗,2025-04-07 15:30:09,,,,,24.50,,7.35,30%,,1909146630044196864,干洗,,"清洗普通羽绒服2件不分长短49元   *   1",,
名恩首府智慧社区服务_站点-名恩首府智慧社区服务站,名恩首府智慧社区服务站,名恩首府智慧社区服务站,快递,2025-04-07 15:16:49,,0.5,0.73,0,6.00,0.00,2.80,6-3.2,2,1909143276509405184,极兔快递,JT0015987933770,服饰,广东省,
名恩首府智慧社区服务_站点-名恩首府智慧社区服务站,名恩首府智慧社区服务站,名恩首府智慧社区服务站,快递,2025-04-07 15:04:39,,1.1,0.68,1,8.00,0.00,4.08,51% ,2,1909140207818186752,极兔快递,JT0015987176907,服饰,福建省,
名恩首府智慧社区服务_站点-名恩首府智慧社区服务站,名恩首府智慧社区服务站,名恩首府智慧社区服务站,快递,2025-04-07 15:03:41,,1.1,0.69,1,8.00,0.00,4.08,51% ,2,1909139975780900864,极兔快递,JT0015986826627,服饰,福建省,
名恩首府智慧社区服务_站点-名恩首府智慧社区服务站,名恩首府智慧社区服务站,名恩首府智慧社区服务站,快递,2025-04-07 15:02:29,,1.1,0.58,1,8.00,0.00,4.08,51% ,2,1909139633823490048,极兔快递,JT0015986594074,服饰,福建省,
名恩首府智慧社区服务_站点-名恩首府智慧社区服务站,名恩首府智慧社区服务站,名恩首府智慧社区服务站,快递,2025-04-07 15:00:22,,0.4,0.65,0,6.00,0.00,2.80,6-3.2,2,1909139140606894080,极兔快递,JT0015982789260,服饰,浙江省,
名恩首府智慧社区服务_站点-名恩首府智慧社区服务站,名恩首府智慧社区服务站,名恩首府智慧社区服务站,快递,2025-04-07 14:42:26,,0.4,0.33,0,6.00,0.00,2.80,6-3.2,2,1909134626462048256,极兔快递,JT0015987127051,服饰,福建省,
名恩首府智慧社区服务_站点-名恩首府智慧社区服务站,名恩首府智慧社区服务站,名恩首府智慧社区服务站,快递,2025-04-07 14:25:06,,0.2,0.2,0,6.00,0.00,2.80,6-3.2,2,1909130261160468480,极兔快递,JT0015985018799,生活用品,浙江省,
名恩首府智慧社区服务_站点-名恩首府智慧社区服务站,名恩首府智慧社区服务站,名恩首府智慧社区服务站,快递,2025-04-07 14:09:08,,0.4,0.42,0,6.00,0.00,2.80,6-3.2,2,1909126250810253312,极兔快递,JT0015986730036,服饰,浙江省,
名恩首府智慧社区服务_站点-名恩首府智慧社区服务站,名恩首府智慧社区服务站,名恩首府智慧社区服务站,快递,2025-04-07 14:07:11,,0.1,0.2,0,6.00,0.00,2.80,6-3.2,2,1909125756075319296,极兔快递,JT0015981412129,生活用品,浙江省,
名恩首府智慧社区服务_站点-名恩首府智慧社区服务站,名恩首府智慧社区服务站,名恩首府智慧社区服务站,快递,2025-04-07 14:05:41,,0.4,0.32,0,6.00,0.00,2.80,6-3.2,2,1909125380135657472,极兔快递,JT0015976341296,服饰,广东省,
名恩首府智慧社区服务_站点-名恩首府智慧社区服务站,名恩首府智慧社区服务站,名恩首府智慧社区服务站,快递,2025-04-07 14:01:49,,0.5,0.46,0,6.00,0.00,2.80,6-3.2,2,1909124404918034432,极兔快递,JT0015982931411,服饰,广东省,
名恩首府智慧社区服务_站点-名恩首府智慧社区服务站,名恩首府智慧社区服务站,名恩首府智慧社区服务站,快递,2025-04-07 13:56:41,,0.2,0.22,0,6.00,0.00,2.80,6-3.2,2,1909123114561380352,极兔快递,JT0015986867886,服饰,江苏省,
名恩首府智慧社区服务_站点-名恩首府智慧社区服务站,名恩首府智慧社区服务站,名恩首府智慧社区服务站,快递,2025-04-07 13:52:29,,0.2,0.2,0,6.00,0.00,2.80,6-3.2,2,1909122056611110912,极兔快递,JT0015984866421,生活用品,浙江省,
名恩首府智慧社区服务_站点-名恩首府智慧社区服务站,名恩首府智慧社区服务站,名恩首府智慧社区服务站,快递,2025-04-07 13:44:18,,0.3,0.2,0,6.00,0.00,2.80,6-3.2,2,1909119989377081344,极兔快递,JT0015985283655,服饰,广东省,
名恩首府智慧社区服务_站点-名恩首府智慧社区服务站,名恩首府智慧社区服务站,名恩首府智慧社区服务站,快递,2025-04-07 13:43:31,,0.5,0.51,0,6.00,0.00,2.80,6-3.2,2,1909119802722164736,极兔快递,JT0015985422370,服饰,浙江省,
名恩首府智慧社区服务_站点-名恩首府智慧社区服务站,名恩首府智慧社区服务站,名恩首府智慧社区服务站,快递,2025-04-07 13:41:42,,0.5,0.28,0,6.00,0.00,2.80,6-3.2,2,1909119342988697600,极兔快递,JT0015985166690,服饰,江苏省,
名恩首府智慧社区服务_站点-名恩首府智慧社区服务站,名恩首府智慧社区服务站,名恩首府智慧社区服务站,快递,2025-04-07 13:39:16,,0.1,0.2,0,6.00,0.00,2.80,6-3.2,2,1909118728628019200,极兔快递,JT0015983017390,生活用品,福建省,
名恩首府智慧社区服务_站点-名恩首府智慧社区服务站,名恩首府智慧社区服务站,名恩首府智慧社区服务站,快递,2025-04-07 13:34:09,,0.2,0.15,0,6.00,0.00,2.80,6-3.2,2,1909117440867639296,极兔快递,JT0015984286679,服饰,山东省,
名恩首府智慧社区服务_站点-名恩首府智慧社区服务站,名恩首府智慧社区服务站,名恩首府智慧社区服务站,快递,2025-04-07 12:58:49,,0.2,0.2,0,6.00,0.00,2.80,6-3.2,2,1909108541343080448,极兔快递,JT0015980478468,服饰,浙江省,
名恩首府智慧社区服务_站点-名恩首府智慧社区服务站,名恩首府智慧社区服务站,名恩首府智慧社区服务站,快递,2025-04-07 12:57:54,,0.5,0.46,0,6.00,0.00,2.80,6-3.2,2,1909108319653142528,极兔快递,JT0015982598492,服饰,浙江省,
名恩首府智慧社区服务_站点-名恩首府智慧社区服务站,名恩首府智慧社区服务站,名恩首府智慧社区服务站,快递,2025-04-07 12:37:26,,0.2,0.2,0,6.00,0.00,2.80,6-3.2,2,1909103171056902144,极兔快递,JT0015982728443,文件,陕西省,
名恩首府智慧社区服务_站点-名恩首府智慧社区服务站,名恩首府智慧社区服务站,名恩首府智慧社区服务站,快递,2025-04-07 12:32:00,,0.5,0.43,0,6.00,0.00,2.80,6-3.2,2,1909101801717309440,极兔快递,JT0015984607804,服饰,河南省,
名恩首府智慧社区服务_站点-名恩首府智慧社区服务站,名恩首府智慧社区服务站,名恩首府智慧社区服务站,快递,2025-04-07 12:09:44,,0.5,0.5,0,6.00,0.00,2.80,6-3.2,2,1909095818890780672,极兔快递,JT0015975464744,服饰,云南省,
名恩首府智慧社区服务_站点-名恩首府智慧社区服务站,名恩首府智慧社区服务站,名恩首府智慧社区服务站,快递,2025-04-07 11:27:08,,0.5,0.4,0,6.00,0.00,2.80,6-3.2,2,1909085479025451008,极兔快递,JT0015981559108,服饰,浙江省,
名恩首府智慧社区服务_站点-名恩首府智慧社区服务站,名恩首府智慧社区服务站,名恩首府智慧社区服务站,快递,2025-04-07 10:57:50,,0.2,0.24,0,6.00,0.00,2.80,6-3.2,2,1909078104369471488,极兔快递,JT0015982742629,服饰,浙江省,
名恩首府智慧社区服务_站点-名恩首府智慧社区服务站,名恩首府智慧社区服务站,名恩首府智慧社区服务站,干洗,2025-04-06 19:45:23,,,,,29.80,,8.94,30%,,1908848478615445504,干洗,,"棉服_毛呢_羽绒服   *   1",,
名恩首府智慧社区服务_站点-名恩首府智慧社区服务站,名恩首府智慧社区服务站,名恩首府智慧社区服务站,干洗,2025-04-06 19:41:14,,,,,24.50,,7.35,30%,,1908847433453608960,干洗,,"清洗普通羽绒服2件不分长短49元   *   1",,
名恩首府智慧社区服务_站点-名恩首府智慧社区服务站,名恩首府智慧社区服务站,名恩首府智慧社区服务站,干洗,2025-04-06 19:38:48,,,,,24.50,,7.35,30%,,1908846817713004544,干洗,,"清洗普通羽绒服2件不分长短49元   *   1",,
名恩首府智慧社区服务_站点-名恩首府智慧社区服务站,名恩首府智慧社区服务站,名恩首府智慧社区服务站,快递,2025-04-06 19:27:04,,0.5,0.5,0,6.00,0.00,2.80,6-3.2,2,1908843868915965952,极兔快递,JT0015974925616,服饰,江苏省,
名恩首府智慧社区服务_站点-名恩首府智慧社区服务站,名恩首府智慧社区服务站,名恩首府智慧社区服务站,快递,2025-04-06 19:19:15,,1.2,0.61,1,8.00,0.00,4.08,51% ,2,1908841898721353728,极兔快递,JT0015976487260,服饰,浙江省,
名恩首府智慧社区服务_站点-名恩首府智慧社区服务站,名恩首府智慧社区服务站,名恩首府智慧社区服务站,快递,2025-04-06 19:15:16,,0.8,0.89,0,6.00,0.00,2.80,6-3.2,2,1908840894625947648,极兔快递,JT0015976361054,服饰,浙江省,
名恩首府智慧社区服务_站点-名恩首府智慧社区服务站,名恩首府智慧社区服务站,名恩首府智慧社区服务站,快递,2025-04-06 18:43:27,,0.3,0.23,0,6.00,0.00,2.80,6-3.2,2,1908832895589097472,极兔快递,JT0015977076519,生活用品,广东省,
名恩首府智慧社区服务_站点-名恩首府智慧社区服务站,名恩首府智慧社区服务站,名恩首府智慧社区服务站,干洗,2025-04-06 18:37:31,,,,,24.50,,7.35,30%,,1908831400894341120,干洗,,"清洗普通羽绒服2件不分长短49元   *   1",,
名恩首府智慧社区服务_站点-名恩首府智慧社区服务站,名恩首府智慧社区服务站,名恩首府智慧社区服务站,干洗,2025-04-06 18:33:57,,,,,24.50,,7.35,30%,,1908830500230471680,干洗,,"清洗普通羽绒服2件不分长短49元   *   1",,
名恩首府智慧社区服务_站点-名恩首府智慧社区服务站,名恩首府智慧社区服务站,名恩首府智慧社区服务站,快递,2025-04-06 18:13:41,,0.5,0.47,0,6.00,0.00,2.80,6-3.2,2,1908825401366093824,极兔快递,JT0015975206148,服饰,吉林省,
名恩首府智慧社区服务_站点-名恩首府智慧社区服务站,名恩首府智慧社区服务站,名恩首府智慧社区服务站,快递,2025-04-06 18:10:39,,0.2,0.23,0,6.00,0.00,2.80,6-3.2,2,1908824634093674496,极兔快递,JT0015976538868,服饰,广东省,
名恩首府智慧社区服务_站点-名恩首府智慧社区服务站,名恩首府智慧社区服务站,名恩首府智慧社区服务站,快递,2025-04-06 17:40:16,,0.4,0.48,0,6.00,0.00,2.80,6-3.2,2,1908816959805005824,极兔快递,JT0015973397334,服饰,浙江省,
名恩首府智慧社区服务_站点-名恩首府智慧社区服务站,名恩首府智慧社区服务站,名恩首府智慧社区服务站,快递,2025-04-06 17:38:50,,0.2,0.2,0,7.00,0.00,2.80,6-3.2,2,1908816629931384832,极兔快递,JT0015975717498,服饰,上海市,
名恩首府智慧社区服务_站点-名恩首府智慧社区服务站,名恩首府智慧社区服务站,名恩首府智慧社区服务站,快递,2025-04-06 17:37:11,,2.5,2.64,0,10.00,0.00,5.50,55% ,2,1908816213957091328,极兔快递,JT0015975423129,生活用品,河北省,
名恩首府智慧社区服务_站点-名恩首府智慧社区服务站,名恩首府智慧社区服务站,名恩首府智慧社区服务站,快递,2025-04-06 16:42:36,,0.5,0.43,0,6.00,0.00,2.80,6-3.2,2,1908802438868705280,极兔快递,JT0015971955992,服饰,广东省,
名恩首府智慧社区服务_站点-名恩首府智慧社区服务站,名恩首府智慧社区服务站,名恩首府智慧社区服务站,快递,2025-04-06 15:40:36,,1.4,0.94,1,8.00,0.00,4.08,51% ,2,1908786879569534976,极兔快递,JT0015971933058,服饰,浙江省,
名恩首府智慧社区服务_站点-名恩首府智慧社区服务站,名恩首府智慧社区服务站,名恩首府智慧社区服务站,快递,2025-04-06 15:39:04,,0.5,0.51,0,6.00,0.00,2.80,6-3.2,2,1908786492011651072,极兔快递,JT0015966657421,服饰,浙江省,
名恩首府智慧社区服务_站点-名恩首府智慧社区服务站,名恩首府智慧社区服务站,名恩首府智慧社区服务站,快递,2025-04-06 15:37:51,,0.8,0.72,0,6.00,0.00,2.80,6-3.2,2,1908786184871157760,极兔快递,JT0015971631542,服饰,广东省,
名恩首府智慧社区服务_站点-名恩首府智慧社区服务站,名恩首府智慧社区服务站,名恩首府智慧社区服务站,快递,2025-04-06 15:33:22,,0.4,0.36,0,6.00,0.00,2.80,6-3.2,2,1908785059451314176,极兔快递,JT0015973872543,服饰,浙江省,
名恩首府智慧社区服务_站点-名恩首府智慧社区服务站,名恩首府智慧社区服务站,名恩首府智慧社区服务站,快递,2025-04-06 15:31:20,,0.2,0.2,0,6.00,0.00,2.80,6-3.2,2,1908784542247493632,极兔快递,JT0015973144090,生活用品,广东省,
名恩首府智慧社区服务_站点-名恩首府智慧社区服务站,名恩首府智慧社区服务站,名恩首府智慧社区服务站,快递,2025-04-06 14:07:06,,0.2,0.22,0,6.00,0.00,2.80,6-3.2,2,1908763346630025216,极兔快递,JT0015971855182,服饰,江苏省,
名恩首府智慧社区服务_站点-名恩首府智慧社区服务站,名恩首府智慧社区服务站,名恩首府智慧社区服务站,快递,2025-04-06 13:53:38,,0.3,0.2,0,6.00,0.00,2.80,6-3.2,2,1908759955610738688,极兔快递,JT0015970262359,生活用品,浙江省,
名恩首府智慧社区服务_站点-名恩首府智慧社区服务站,名恩首府智慧社区服务站,名恩首府智慧社区服务站,快递,2025-04-06 12:48:03,,0.2,0.2,0,6.00,0.00,2.80,6-3.2,2,1908743454493188096,极兔快递,JT0015963986588,服饰,江苏省,
名恩首府智慧社区服务_站点-名恩首府智慧社区服务站,名恩首府智慧社区服务站,名恩首府智慧社区服务站,快递,2025-04-06 12:24:19,,0.4,0.41,0,6.00,0.00,2.80,6-3.2,2,1908737484505423872,极兔快递,JT0015967580894,服饰,浙江省,
名恩首府智慧社区服务_站点-名恩首府智慧社区服务站,名恩首府智慧社区服务站,名恩首府智慧社区服务站,快递,2025-04-06 12:15:26,,0.8,0.81,0,6.00,0.00,2.80,6-3.2,2,1908735245153935360,极兔快递,JT0015952310044,服饰,浙江省,
名恩首府智慧社区服务_站点-名恩首府智慧社区服务站,名恩首府智慧社区服务站,名恩首府智慧社区服务站,快递,2025-04-06 12:13:42,,0.6,0.59,0,6.00,0.00,2.80,6-3.2,2,1908734807125991424,极兔快递,JT0015969783133,服饰,广东省,
名恩首府智慧社区服务_站点-名恩首府智慧社区服务站,名恩首府智慧社区服务站,名恩首府智慧社区服务站,快递,2025-04-06 11:38:12,,0.5,0.5,0,6.00,0.00,2.80,6-3.2,2,1908725873799536640,极兔快递,JT0015968184305,生活用品,江苏省,
名恩首府智慧社区服务_站点-名恩首府智慧社区服务站,名恩首府智慧社区服务站,名恩首府智慧社区服务站,快递,2025-04-06 11:09:18,,0.4,0.34,0,6.00,0.00,2.80,6-3.2,2,1908718594043879424,极兔快递,JT0015969030811,服饰,湖南省,
名恩首府智慧社区服务_站点-名恩首府智慧社区服务站,名恩首府智慧社区服务站,名恩首府智慧社区服务站,快递,2025-04-05 17:54:05,,0.5,0.58,0,6.00,0.00,2.80,6-3.2,2,1908458083616235520,极兔快递,JT0015962765234,服饰,广东省,
名恩首府智慧社区服务_站点-名恩首府智慧社区服务站,名恩首府智慧社区服务站,名恩首府智慧社区服务站,干洗,2025-04-05 17:39:18,,,,,19.80,,5.94,30%,,1908454356696113152,干洗,,"T恤_卫衣_   *   1",,
名恩首府智慧社区服务_站点-名恩首府智慧社区服务站,名恩首府智慧社区服务站,名恩首府智慧社区服务站,干洗,2025-04-05 17:37:04,,,,,19.80,,5.94,30%,,1908453798430056448,干洗,,"T恤_卫衣_   *   1",,
名恩首府智慧社区服务_站点-名恩首府智慧社区服务站,名恩首府智慧社区服务站,名恩首府智慧社区服务站,干洗,2025-04-05 17:34:07,,,,,19.80,,5.94,30%,,1908453055274885120,干洗,,"磨砂鞋   *   1",,
名恩首府智慧社区服务_站点-名恩首府智慧社区服务站,名恩首府智慧社区服务站,名恩首府智慧社区服务站,快递,2025-04-05 17:02:21,,0.4,0.44,0,6.00,0.00,2.80,6-3.2,2,1908445042107424768,极兔快递,JT0015958791125,生活用品,河北省,
名恩首府智慧社区服务_站点-名恩首府智慧社区服务站,名恩首府智慧社区服务站,名恩首府智慧社区服务站,快递,2025-04-05 17:01:12,,0.2,0.2,0,6.00,0.00,2.80,6-3.2,2,1908444772313014272,极兔快递,JT0015958221278,服饰,广东省,
名恩首府智慧社区服务_站点-名恩首府智慧社区服务站,名恩首府智慧社区服务站,名恩首府智慧社区服务站,快递,2025-04-05 16:55:17,,5.5,5.34,0,18.00,4.50,9.00,50% ,2,1908443285709070336,极兔快递,JT0015957883293,食品,陕西省,
名恩首府智慧社区服务_站点-名恩首府智慧社区服务站,名恩首府智慧社区服务站,名恩首府智慧社区服务站,快递,2025-04-05 16:48:21,,2.7,2.73,0,10.00,0.00,5.50,55% ,2,1908441537342808064,极兔快递,JT0015961959476,食品,陕西省,
名恩首府智慧社区服务_站点-名恩首府智慧社区服务站,名恩首府智慧社区服务站,名恩首府智慧社区服务站,快递,2025-04-05 16:46:29,,2.2,2.14,0,10.00,0.00,5.50,55% ,2,1908441070739070976,极兔快递,JT0015957344660,食品,甘肃省,
名恩首府智慧社区服务_站点-名恩首府智慧社区服务站,名恩首府智慧社区服务站,名恩首府智慧社区服务站,干洗,2025-04-05 16:03:29,,,,,19.80,,5.94,30%,,1908430245282390016,干洗,,"外套   *   1",,
名恩首府智慧社区服务_站点-名恩首府智慧社区服务站,名恩首府智慧社区服务站,名恩首府智慧社区服务站,快递,2025-04-05 15:54:48,,0.5,0.41,0,6.00,0.00,2.80,6-3.2,2,1908428061094387712,极兔快递,JT0015951791064,服饰,广东省,
名恩首府智慧社区服务_站点-名恩首府智慧社区服务站,名恩首府智慧社区服务站,名恩首府智慧社区服务站,快递,2025-04-05 15:52:57,,1.3,1.26,0,8.00,0.00,4.08,51% ,2,1908427595107213312,极兔快递,JT0015960488997,生活用品,浙江省,
名恩首府智慧社区服务_站点-名恩首府智慧社区服务站,名恩首府智慧社区服务站,名恩首府智慧社区服务站,干洗,2025-04-05 15:12:59,,,,,24.50,,7.35,30%,,1908417488214499328,干洗,,"清洗普通羽绒服2件不分长短49元   *   1",,
名恩首府智慧社区服务_站点-名恩首府智慧社区服务站,名恩首府智慧社区服务站,名恩首府智慧社区服务站,干洗,2025-04-05 15:09:49,,,,,24.50,,7.35,30%,,1908416740810498048,干洗,,"清洗普通羽绒服2件不分长短49元   *   1",,
名恩首府智慧社区服务_站点-名恩首府智慧社区服务站,名恩首府智慧社区服务站,名恩首府智慧社区服务站,干洗,2025-04-05 15:05:56,,,,,24.50,,7.35,30%,,1908415764091314176,干洗,,"清洗普通羽绒服2件不分长短49元   *   1",,
名恩首府智慧社区服务_站点-名恩首府智慧社区服务站,名恩首府智慧社区服务站,名恩首府智慧社区服务站,快递,2025-04-05 13:10:37,,0.5,0.42,0,6.00,0.00,2.80,6-3.2,2,1908386746604396544,极兔快递,JT0015956270324,服饰,河南省,
名恩首府智慧社区服务_站点-名恩首府智慧社区服务站,名恩首府智慧社区服务站,名恩首府智慧社区服务站,快递,2025-04-05 13:08:13,,0.5,0.22,0,6.00,0.00,2.80,6-3.2,2,1908386138350624768,极兔快递,JT0015954736702,服饰,河南省,
名恩首府智慧社区服务_站点-名恩首府智慧社区服务站,名恩首府智慧社区服务站,名恩首府智慧社区服务站,快递,2025-04-05 13:03:24,,0.5,0.38,0,6.00,0.00,2.80,6-3.2,2,1908384867405209600,极兔快递,JT0015957707525,服饰,湖南省,
名恩首府智慧社区服务_站点-名恩首府智慧社区服务站,名恩首府智慧社区服务站,名恩首府智慧社区服务站,快递,2025-04-05 12:45:01,,0.3,0.21,0,6.00,0.00,2.80,6-3.2,2,1908380277507039232,极兔快递,JT0015955625303,服饰,河北省,
名恩首府智慧社区服务_站点-名恩首府智慧社区服务站,名恩首府智慧社区服务站,名恩首府智慧社区服务站,快递,2025-04-05 12:43:17,,0.5,0.49,0,6.00,0.00,2.80,6-3.2,2,1908379869678084096,极兔快递,JT0015955316921,服饰,广东省,
名恩首府智慧社区服务_站点-名恩首府智慧社区服务站,名恩首府智慧社区服务站,名恩首府智慧社区服务站,快递,2025-04-05 12:38:05,,0.2,0.22,0,6.00,0.00,2.80,6-3.2,2,1908378556634439680,极兔快递,JT0015954925488,生活用品,江苏省,
名恩首府智慧社区服务_站点-名恩首府智慧社区服务站,名恩首府智慧社区服务站,名恩首府智慧社区服务站,快递,2025-04-05 12:10:09,,1.5,1.21,0,8.00,0.00,4.08,51% ,2,1908371524976058368,极兔快递,JT0015945840364,服饰,浙江省,
名恩首府智慧社区服务_站点-名恩首府智慧社区服务站,名恩首府智慧社区服务站,名恩首府智慧社区服务站,快递,2025-04-05 12:06:56,,1.5,1.36,0,8.00,0.00,4.08,51% ,2,1908370713575366656,极兔快递,JT0015957021931,服饰,浙江省,
名恩首府智慧社区服务_站点-名恩首府智慧社区服务站,名恩首府智慧社区服务站,名恩首府智慧社区服务站,快递,2025-04-05 12:04:08,,1.2,1.09,0,8.00,0.00,4.08,51% ,2,1908370015051784192,极兔快递,JT0015948213175,服饰,浙江省,
名恩首府智慧社区服务_站点-名恩首府智慧社区服务站,名恩首府智慧社区服务站,名恩首府智慧社区服务站,快递,2025-04-05 12:03:03,,1.2,0.62,1,8.00,0.00,4.08,51% ,2,1908369743021809664,极兔快递,JT0015956386673,服饰,浙江省,
名恩首府智慧社区服务_站点-名恩首府智慧社区服务站,名恩首府智慧社区服务站,名恩首府智慧社区服务站,快递,2025-04-05 12:01:13,,1.2,1.19,0,8.00,0.00,4.08,51% ,2,1908369280197140480,极兔快递,JT0015956192464,服饰,浙江省,
名恩首府智慧社区服务_站点-名恩首府智慧社区服务站,名恩首府智慧社区服务站,名恩首府智慧社区服务站,快递,2025-04-05 11:59:21,,1.2,0.88,1,8.00,0.00,4.08,51% ,2,1908368806010101760,极兔快递,JT0015956261750,服饰,浙江省,
名恩首府智慧社区服务_站点-名恩首府智慧社区服务站,名恩首府智慧社区服务站,名恩首府智慧社区服务站,快递,2025-04-05 11:22:08,,0.1,0.2,0,6.00,0.00,2.80,6-3.2,2,1908359430595616768,极兔快递,JT0015955218881,生活用品,广东省,
名恩首府智慧社区服务_站点-名恩首府智慧社区服务站,名恩首府智慧社区服务站,名恩首府智慧社区服务站,快递,2025-04-05 11:21:02,,0.4,0.33,0,6.00,0.00,2.80,6-3.2,2,1908359165054230528,极兔快递,JT0015951804050,服饰,河北省,
名恩首府智慧社区服务_站点-名恩首府智慧社区服务站,名恩首府智慧社区服务站,名恩首府智慧社区服务站,快递,2025-04-05 10:46:08,,0.5,0.55,0,6.00,0.00,2.80,6-3.2,2,1908350381380542464,极兔快递,JT0015953027057,生活用品,浙江省,
名恩首府智慧社区服务_站点-名恩首府智慧社区服务站,名恩首府智慧社区服务站,名恩首府智慧社区服务站,快递,2025-04-05 10:41:14,,0.2,0.2,0,6.00,0.00,2.80,6-3.2,2,1908349146380312576,极兔快递,JT0015955520604,文件,陕西省,
名恩首府智慧社区服务_站点-名恩首府智慧社区服务站,名恩首府智慧社区服务站,名恩首府智慧社区服务站,干洗,2025-04-04 17:53:40,,,,,24.50,,7.35,30%,,1908095585788567552,干洗,,"清洗普通羽绒服2件不分长短49元   *   1",,
名恩首府智慧社区服务_站点-名恩首府智慧社区服务站,名恩首府智慧社区服务站,名恩首府智慧社区服务站,干洗,2025-04-04 17:51:15,,,,,24.50,,7.35,30%,,1908094980848295936,干洗,,"清洗普通羽绒服2件不分长短49元   *   1",,
名恩首府智慧社区服务_站点-名恩首府智慧社区服务站,名恩首府智慧社区服务站,名恩首府智慧社区服务站,快递,2025-04-04 17:41:07,,0.4,0.2,0,6.00,0.00,2.80,6-3.2,2,1908092429855825920,极兔快递,JT0015947985895,服饰,广东省,
名恩首府智慧社区服务_站点-名恩首府智慧社区服务站,名恩首府智慧社区服务站,名恩首府智慧社区服务站,快递,2025-04-04 17:40:00,,0.2,0.24,0,6.00,0.00,2.80,6-3.2,2,1908092150452264960,极兔快递,JT0015946881534,服饰,山西省,
名恩首府智慧社区服务_站点-名恩首府智慧社区服务站,名恩首府智慧社区服务站,名恩首府智慧社区服务站,快递,2025-04-04 17:37:05,,1.1,0.69,1,9.00,0.00,3.59,51%,2,1908091415308214272,极兔快递,JT0015939261427,服饰,上海市,
名恩首府智慧社区服务_站点-名恩首府智慧社区服务站,名恩首府智慧社区服务站,名恩首府智慧社区服务站,快递,2025-04-04 17:35:15,,0.2,0.22,0,6.00,0.00,2.80,6-3.2,2,1908090956652683264,极兔快递,JT0015943641209,服饰,江苏省,
名恩首府智慧社区服务_站点-名恩首府智慧社区服务站,名恩首府智慧社区服务站,名恩首府智慧社区服务站,快递,2025-04-04 17:30:59,,0.5,0.51,0,6.00,0.00,2.80,6-3.2,2,1908089879110819840,极兔快递,JT0015949590801,服饰,广东省,
名恩首府智慧社区服务_站点-名恩首府智慧社区服务站,名恩首府智慧社区服务站,名恩首府智慧社区服务站,干洗,2025-04-04 16:51:56,,,,,19.80,,5.94,30%,,1908080042088013824,干洗,,"磨砂鞋   *   1",,
名恩首府智慧社区服务_站点-名恩首府智慧社区服务站,名恩首府智慧社区服务站,名恩首府智慧社区服务站,干洗,2025-04-04 16:51:01,,,,,19.80,,5.94,30%,,1908079821706698752,干洗,,"磨砂鞋   *   1",,
名恩首府智慧社区服务_站点-名恩首府智慧社区服务站,名恩首府智慧社区服务站,名恩首府智慧社区服务站,干洗,2025-04-04 16:12:19,,,,,19.80,,5.94,30%,,1908070076811780096,干洗,,"靴子   *   1",,
名恩首府智慧社区服务_站点-名恩首府智慧社区服务站,名恩首府智慧社区服务站,名恩首府智慧社区服务站,干洗,2025-04-04 16:05:49,,,,,9.90,,2.97,30%,,1908068436557897728,干洗,,"清洗鞋19.8元两双   *   1",,
名恩首府智慧社区服务_站点-名恩首府智慧社区服务站,名恩首府智慧社区服务站,名恩首府智慧社区服务站,干洗,2025-04-04 16:04:45,,,,,9.90,,2.97,30%,,1908068175596691456,干洗,,"清洗鞋19.8元两双   *   1",,
名恩首府智慧社区服务_站点-名恩首府智慧社区服务站,名恩首府智慧社区服务站,名恩首府智慧社区服务站,干洗,2025-04-04 14:56:39,,,,,29.50,,8.85,30%,,1908051039499264000,干洗,,"清洗毛呢2件59元   *   1",,
名恩首府智慧社区服务_站点-名恩首府智慧社区服务站,名恩首府智慧社区服务站,名恩首府智慧社区服务站,干洗,2025-04-04 14:53:50,,,,,29.50,,8.85,30%,,1908050330980655104,干洗,,"清洗毛呢2件59元   *   1",,
名恩首府智慧社区服务_站点-名恩首府智慧社区服务站,名恩首府智慧社区服务站,名恩首府智慧社区服务站,干洗,2025-04-04 14:45:54,2025-04-04 06:48:49,,,,24.80,,0.00,0%,,1908048335146262528,干洗,,"棉服_毛呢_羽绒服   *   1",,已全额退款
名恩首府智慧社区服务_站点-名恩首府智慧社区服务站,名恩首府智慧社区服务站,名恩首府智慧社区服务站,快递,2025-04-04 14:15:45,2025-04-04 06:34:45,0.6,,,6.00,,0.00,,2,1908040749051224064,极兔快递,JT0015944215895,服饰,浙江省,已全额退款
名恩首府智慧社区服务_站点-名恩首府智慧社区服务站,名恩首府智慧社区服务站,名恩首府智慧社区服务站,快递,2025-04-04 14:33:11,,0.6,0.58,0,6.00,0.00,2.80,6-3.2,2,1908045137547304960,极兔快递,JT0015945235286,服饰,浙江省,
名恩首府智慧社区服务_站点-名恩首府智慧社区服务站,名恩首府智慧社区服务站,名恩首府智慧社区服务站,快递,2025-04-04 14:27:33,,0.2,0.35,0,6.00,0.00,2.80,6-3.2,2,1908043716697464832,极兔快递,JT0015946447172,服饰,广东省,
名恩首府智慧社区服务_站点-名恩首府智慧社区服务站,名恩首府智慧社区服务站,名恩首府智慧社区服务站,快递,2025-04-04 14:24:24,,0.4,0.37,0,6.00,0.00,2.80,6-3.2,2,1908042925274243072,极兔快递,JT0015942597815,服饰,广东省,
名恩首府智慧社区服务_站点-名恩首府智慧社区服务站,名恩首府智慧社区服务站,名恩首府智慧社区服务站,快递,2025-04-04 14:18:17,,0.2,0.2,0,6.00,0.00,2.80,6-3.2,2,1908041385750765568,极兔快递,JT0015936276184,服饰,浙江省,
名恩首府智慧社区服务_站点-名恩首府智慧社区服务站,名恩首府智慧社区服务站,名恩首府智慧社区服务站,快递,2025-04-03 20:04:10,,0.9,0.85,0,6.00,0.00,2.80,6-3.2,2,1907766034051047424,极兔快递,JT0015939054219,服饰,广东省,
名恩首府智慧社区服务_站点-名恩首府智慧社区服务站,名恩首府智慧社区服务站,名恩首府智慧社区服务站,快递,2025-04-03 19:16:43,,0.1,0.2,0,6.00,0.00,2.80,6-3.2,2,1907754091659599872,极兔快递,JT0015939778737,服饰,浙江省,
名恩首府智慧社区服务_站点-名恩首府智慧社区服务站,名恩首府智慧社区服务站,名恩首府智慧社区服务站,快递,2025-04-03 19:15:39,,0.2,0.2,0,6.00,0.00,2.80,6-3.2,2,1907753833709903872,极兔快递,JT0015931091288,服饰,浙江省,
名恩首府智慧社区服务_站点-名恩首府智慧社区服务站,名恩首府智慧社区服务站,名恩首府智慧社区服务站,快递,2025-04-03 18:52:16,,0.8,0.83,0,6.00,0.00,2.80,6-3.2,2,1907747935448932352,极兔快递,JT0015938497155,生活用品,江苏省,
名恩首府智慧社区服务_站点-名恩首府智慧社区服务站,名恩首府智慧社区服务站,名恩首府智慧社区服务站,快递,2025-04-03 18:51:16,,0.8,0.79,0,6.00,0.00,2.80,6-3.2,2,1907747695740264448,极兔快递,JT0015932569776,生活用品,江苏省,
名恩首府智慧社区服务_站点-名恩首府智慧社区服务站,名恩首府智慧社区服务站,名恩首府智慧社区服务站,快递,2025-04-03 18:49:59,,0.9,0.85,0,6.00,0.00,2.80,6-3.2,2,1907747373236035584,极兔快递,JT0015936164825,生活用品,江苏省,
名恩首府智慧社区服务_站点-名恩首府智慧社区服务站,名恩首府智慧社区服务站,名恩首府智慧社区服务站,快递,2025-04-03 18:46:33,,0.6,0.78,0,6.00,0.00,2.80,6-3.2,2,1907746511424004096,极兔快递,JT0015936695177,服饰,广东省,
名恩首府智慧社区服务_站点-名恩首府智慧社区服务站,名恩首府智慧社区服务站,名恩首府智慧社区服务站,快递,2025-04-03 18:42:56,,0.6,0.49,0,6.00,0.00,2.80,6-3.2,2,1907745601033543680,极兔快递,JT0015935387283,服饰,浙江省,
名恩首府智慧社区服务_站点-名恩首府智慧社区服务站,名恩首府智慧社区服务站,名恩首府智慧社区服务站,快递,2025-04-03 18:38:42,,5.5,5.45,0,18.00,4.50,9.00,50% ,2,1907744485176713216,极兔快递,JT0015936166673,服饰,江苏省,
名恩首府智慧社区服务_站点-名恩首府智慧社区服务站,名恩首府智慧社区服务站,名恩首府智慧社区服务站,快递,2025-04-03 18:24:07,,0.2,0.37,0,6.00,0.00,2.80,6-3.2,2,1907740863609118720,极兔快递,JT0015938164603,服饰,陕西省,
名恩首府智慧社区服务_站点-名恩首府智慧社区服务站,名恩首府智慧社区服务站,名恩首府智慧社区服务站,干洗,2025-04-03 18:06:46,,,,,24.50,,7.35,30%,,1907736491256913920,干洗,,"清洗普通羽绒服2件不分长短49元   *   1",,
名恩首府智慧社区服务_站点-名恩首府智慧社区服务站,名恩首府智慧社区服务站,名恩首府智慧社区服务站,干洗,2025-04-03 18:03:54,,,,,24.50,,7.35,30%,,1907735773699579904,干洗,,"清洗普通羽绒服2件不分长短49元   *   1",,
名恩首府智慧社区服务_站点-名恩首府智慧社区服务站,名恩首府智慧社区服务站,名恩首府智慧社区服务站,快递,2025-04-03 17:29:29,,0.5,0.42,0,6.00,0.00,2.80,6-3.2,2,1907727113728499712,极兔快递,JT0015937310049,服饰,浙江省,
名恩首府智慧社区服务_站点-名恩首府智慧社区服务站,名恩首府智慧社区服务站,名恩首府智慧社区服务站,快递,2025-04-03 17:11:04,,1.5,1.36,0,8.00,0.00,4.08,51% ,2,1907722478804475904,极兔快递,JT0015935235936,服饰,广东省,
名恩首府智慧社区服务_站点-名恩首府智慧社区服务站,名恩首府智慧社区服务站,名恩首府智慧社区服务站,快递,2025-04-03 16:51:23,,1.8,1.81,0,8.00,0.00,4.08,51% ,2,1907717530008100864,极兔快递,JT0015935271390,服饰,广东省,
名恩首府智慧社区服务_站点-名恩首府智慧社区服务站,名恩首府智慧社区服务站,名恩首府智慧社区服务站,快递,2025-04-03 16:47:45,,0.3,0.28,0,6.00,0.00,2.80,6-3.2,2,1907716611669434368,极兔快递,JT0015936959243,服饰,江苏省,
名恩首府智慧社区服务_站点-名恩首府智慧社区服务站,名恩首府智慧社区服务站,名恩首府智慧社区服务站,快递,2025-04-03 15:47:24,,0.8,0.61,0,6.00,0.00,2.80,6-3.2,2,1907701428414783488,极兔快递,JT0015935903661,服饰,江苏省,
名恩首府智慧社区服务_站点-名恩首府智慧社区服务站,名恩首府智慧社区服务站,名恩首府智慧社区服务站,快递,2025-04-03 15:28:01,,0.3,0.29,0,6.00,0.00,2.80,6-3.2,2,1907696541903822848,极兔快递,JT0015934617905,服饰,广东省,
名恩首府智慧社区服务_站点-名恩首府智慧社区服务站,名恩首府智慧社区服务站,名恩首府智慧社区服务站,快递,2025-04-03 15:27:20,,0.4,0.38,0,6.00,0.00,2.80,6-3.2,2,1907696376685993984,极兔快递,JT0015935677906,服饰,浙江省,
名恩首府智慧社区服务_站点-名恩首府智慧社区服务站,名恩首府智慧社区服务站,名恩首府智慧社区服务站,快递,2025-04-03 15:25:58,,1,1.01,-1,6.00,0.00,2.80,6-3.2,2,1907696031394111488,极兔快递,JT0015934787656,服饰,江西省,
名恩首府智慧社区服务_站点-名恩首府智慧社区服务站,名恩首府智慧社区服务站,名恩首府智慧社区服务站,快递,2025-04-03 15:24:31,,0.3,0.2,0,6.00,0.00,2.80,6-3.2,2,1907695670147096576,极兔快递,JT0015929292641,服饰,湖北省,
名恩首府智慧社区服务_站点-名恩首府智慧社区服务站,名恩首府智慧社区服务站,名恩首府智慧社区服务站,快递,2025-04-03 15:19:57,,0.4,0.27,0,6.00,0.00,2.80,6-3.2,2,1907694514574401536,极兔快递,JT0015935707853,服饰,河南省,
名恩首府智慧社区服务_站点-名恩首府智慧社区服务站,名恩首府智慧社区服务站,名恩首府智慧社区服务站,快递,2025-04-03 15:17:57,,0.3,0.24,0,6.00,0.00,2.80,6-3.2,2,1907694015875850240,极兔快递,JT0015930266227,生活用品,河北省,
名恩首府智慧社区服务_站点-名恩首府智慧社区服务站,名恩首府智慧社区服务站,名恩首府智慧社区服务站,快递,2025-04-03 15:15:47,,0.4,0.4,0,6.00,0.00,2.80,6-3.2,2,1907693466870816768,极兔快递,JT0015932967174,服饰,广东省,
名恩首府智慧社区服务_站点-名恩首府智慧社区服务站,名恩首府智慧社区服务站,名恩首府智慧社区服务站,快递,2025-04-03 15:13:59,,0.7,0.63,0,6.00,0.00,2.80,6-3.2,2,1907693016184463360,极兔快递,JT0015934394054,服饰,广东省,
名恩首府智慧社区服务_站点-名恩首府智慧社区服务站,名恩首府智慧社区服务站,名恩首府智慧社区服务站,快递,2025-04-03 15:09:51,,0.5,0.52,0,6.00,0.00,2.80,6-3.2,2,1907691978073251840,极兔快递,JT0015930463884,生活用品,河北省,
名恩首府智慧社区服务_站点-名恩首府智慧社区服务站,名恩首府智慧社区服务站,名恩首府智慧社区服务站,快递,2025-04-03 15:04:26,,0.8,0.66,0,6.00,0.00,2.80,6-3.2,2,1907690612244291584,极兔快递,JT0015933943137,服饰,广东省,
名恩首府智慧社区服务_站点-名恩首府智慧社区服务站,名恩首府智慧社区服务站,名恩首府智慧社区服务站,快递,2025-04-03 14:36:02,,0.5,0.47,0,6.00,0.00,2.80,6-3.2,2,1907683459571851264,极兔快递,JT0015931886662,服饰,福建省,
名恩首府智慧社区服务_站点-名恩首府智慧社区服务站,名恩首府智慧社区服务站,名恩首府智慧社区服务站,快递,2025-04-03 14:06:18,,1.5,1.12,0,8.00,0.00,4.08,51% ,2,1907675972659519488,极兔快递,JT0015932168371,服饰,浙江省,
名恩首府智慧社区服务_站点-名恩首府智慧社区服务站,名恩首府智慧社区服务站,名恩首府智慧社区服务站,快递,2025-04-03 14:02:30,,1.5,1.03,0,8.00,0.00,4.08,51% ,2,1907675025078165504,极兔快递,JT0015928313935,服饰,浙江省,
名恩首府智慧社区服务_站点-名恩首府智慧社区服务站,名恩首府智慧社区服务站,名恩首府智慧社区服务站,快递,2025-04-03 13:32:45,,0.8,0.78,0,6.00,0.00,2.80,6-3.2,2,1907667541995233280,极兔快递,JT0015902784921,服饰,广东省,
名恩首府智慧社区服务_站点-名恩首府智慧社区服务站,名恩首府智慧社区服务站,名恩首府智慧社区服务站,快递,2025-04-03 13:31:23,,0.4,0.39,0,6.00,0.00,2.80,6-3.2,2,1907667197399605248,极兔快递,JT0015931710895,服饰,江苏省,
名恩首府智慧社区服务_站点-名恩首府智慧社区服务站,名恩首府智慧社区服务站,名恩首府智慧社区服务站,快递,2025-04-03 13:29:20,,1.1,0.86,1,8.00,0.00,4.08,51% ,2,1907666677666619392,极兔快递,JT0015931170169,服饰,江苏省,
名恩首府智慧社区服务_站点-名恩首府智慧社区服务站,名恩首府智慧社区服务站,名恩首府智慧社区服务站,快递,2025-04-02 19:59:33,,0.2,0.2,0,6.00,0.00,2.80,6-3.2,2,1907402482912010240,极兔快递,JT0015906098620,服饰,广东省,
名恩首府智慧社区服务_站点-名恩首府智慧社区服务站,名恩首府智慧社区服务站,名恩首府智慧社区服务站,快递,2025-04-02 19:58:37,,0.3,0.2,0,6.00,0.00,2.80,6-3.2,2,1907402257992458240,极兔快递,JT0015922519215,服饰,广东省,
名恩首府智慧社区服务_站点-名恩首府智慧社区服务站,名恩首府智慧社区服务站,名恩首府智慧社区服务站,快递,2025-04-02 19:52:52,,0.8,0.69,0,6.00,0.00,2.80,6-3.2,2,1907400809162416128,极兔快递,JT0015922942955,生活用品,江苏省,
名恩首府智慧社区服务_站点-名恩首府智慧社区服务站,名恩首府智慧社区服务站,名恩首府智慧社区服务站,快递,2025-04-02 19:45:26,,0.5,0.33,0,6.00,0.00,2.80,6-3.2,2,1907398933964595200,极兔快递,JT0015925016435,服饰,浙江省,
名恩首府智慧社区服务_站点-名恩首府智慧社区服务站,名恩首府智慧社区服务站,名恩首府智慧社区服务站,快递,2025-04-02 19:44:20,,0.4,0.38,0,6.00,0.00,2.80,6-3.2,2,1907398662916087808,极兔快递,JT0015921524966,服饰,浙江省,
名恩首府智慧社区服务_站点-名恩首府智慧社区服务站,名恩首府智慧社区服务站,名恩首府智慧社区服务站,快递,2025-04-02 19:43:02,,0.2,0.2,0,6.00,0.00,2.80,6-3.2,2,1907398326780370944,极兔快递,JT0015924325984,服饰,安徽省,
名恩首府智慧社区服务_站点-名恩首府智慧社区服务站,名恩首府智慧社区服务站,名恩首府智慧社区服务站,快递,2025-04-02 19:41:27,,0.5,0.41,0,6.00,0.00,2.80,6-3.2,2,1907397939549642752,极兔快递,JT0015925519760,服饰,河南省,
名恩首府智慧社区服务_站点-名恩首府智慧社区服务站,名恩首府智慧社区服务站,名恩首府智慧社区服务站,快递,2025-04-02 19:36:58,,5.3,6.16,-1,18.00,6.00,9.00,50% ,2,1907396790889160704,极兔快递,JT0015925160946,生活用品,云南省,
名恩首府智慧社区服务_站点-名恩首府智慧社区服务站,名恩首府智慧社区服务站,名恩首府智慧社区服务站,快递,2025-04-02 19:26:46,,0.5,0.37,0,6.00,0.00,2.80,6-3.2,2,1907394239586312192,极兔快递,JT0015924570182,服饰,广东省,
名恩首府智慧社区服务_站点-名恩首府智慧社区服务站,名恩首府智慧社区服务站,名恩首府智慧社区服务站,快递,2025-04-02 17:46:19,,0.2,0.2,0,6.00,0.00,2.80,6-3.2,2,1907368949711577088,极兔快递,JT0015921225035,服饰,广东省,
名恩首府智慧社区服务_站点-名恩首府智慧社区服务站,名恩首府智慧社区服务站,名恩首府智慧社区服务站,快递,2025-04-02 17:45:25,,0.2,0.2,0,6.00,0.00,2.80,6-3.2,2,1907368731737792512,极兔快递,JT0015921802202,服饰,广东省,
名恩首府智慧社区服务_站点-名恩首府智慧社区服务站,名恩首府智慧社区服务站,名恩首府智慧社区服务站,快递,2025-04-02 16:51:40,,0.4,0.32,0,6.00,0.00,2.80,6-3.2,2,1907355211969273856,极兔快递,JT0015918695099,服饰,广东省,
名恩首府智慧社区服务_站点-名恩首府智慧社区服务站,名恩首府智慧社区服务站,名恩首府智慧社区服务站,快递,2025-04-02 16:48:18,,1,0.94,0,6.00,0.00,2.80,6-3.2,2,1907354364430458880,极兔快递,JT0015922660385,食品,陕西省,
名恩首府智慧社区服务_站点-名恩首府智慧社区服务站,名恩首府智慧社区服务站,名恩首府智慧社区服务站,快递,2025-04-02 16:34:26,,0.5,0.63,0,6.00,0.00,2.80,6-3.2,2,1907350873066643456,极兔快递,JT0015921631608,服饰,江苏省,
名恩首府智慧社区服务_站点-名恩首府智慧社区服务站,名恩首府智慧社区服务站,名恩首府智慧社区服务站,快递,2025-04-02 15:18:55,,0.2,0.2,0,6.00,0.00,2.80,6-3.2,2,1907331863495254016,极兔快递,JT0015910137429,服饰,湖北省,
名恩首府智慧社区服务_站点-名恩首府智慧社区服务站,名恩首府智慧社区服务站,名恩首府智慧社区服务站,快递,2025-04-02 15:14:33,,0.2,0.2,0,6.00,0.00,2.80,6-3.2,2,1907330759214702592,极兔快递,JT0015918282917,服饰,广东省,
名恩首府智慧社区服务_站点-名恩首府智慧社区服务站,名恩首府智慧社区服务站,名恩首府智慧社区服务站,快递,2025-04-02 14:59:34,,1.1,1.12,0,8.00,0.00,4.08,51% ,2,1907326997477662720,极兔快递,JT0015917671996,服饰,广东省,
名恩首府智慧社区服务_站点-名恩首府智慧社区服务站,名恩首府智慧社区服务站,名恩首府智慧社区服务站,快递,2025-04-02 14:03:44,,1,0.91,0,6.00,0.00,2.80,6-3.2,2,1907312948522196992,极兔快递,JT0015919654635,服饰,浙江省,
名恩首府智慧社区服务_站点-名恩首府智慧社区服务站,名恩首府智慧社区服务站,名恩首府智慧社区服务站,快递,2025-04-02 13:50:15,,0.2,0.34,0,6.00,0.00,2.80,6-3.2,2,1907309554906636288,极兔快递,JT0015906518100,服饰,广东省,
名恩首府智慧社区服务_站点-名恩首府智慧社区服务站,名恩首府智慧社区服务站,名恩首府智慧社区服务站,快递,2025-04-02 13:22:26,,0.2,0.2,0,6.00,0.00,2.80,6-3.2,2,1907302549894668288,极兔快递,JT0015913939430,服饰,广东省,
名恩首府智慧社区服务_站点-名恩首府智慧社区服务站,名恩首府智慧社区服务站,名恩首府智慧社区服务站,干洗,2025-04-02 13:16:42,,,,,12.80,,3.84,30%,,1907301109998493696,干洗,,"布鞋_网鞋   *   1",,
名恩首府智慧社区服务_站点-名恩首府智慧社区服务站,名恩首府智慧社区服务站,名恩首府智慧社区服务站,干洗,2025-04-02 13:14:36,,,,,12.80,,3.84,30%,,1907300581285502976,干洗,,"布鞋_网鞋   *   1",,
名恩首府智慧社区服务_站点-名恩首府智慧社区服务站,名恩首府智慧社区服务站,名恩首府智慧社区服务站,快递,2025-04-02 12:35:57,,0.4,0.31,0,6.00,0.00,2.80,6-3.2,2,1907290857001394176,极兔快递,JT0015912741342,生活用品,河北省,
名恩首府智慧社区服务_站点-名恩首府智慧社区服务站,名恩首府智慧社区服务站,名恩首府智慧社区服务站,快递,2025-04-02 12:29:34,,0.2,0.2,0,6.00,0.00,2.80,6-3.2,2,1907289247055552512,极兔快递,JT0015912509158,服饰,湖南省,
名恩首府智慧社区服务_站点-名恩首府智慧社区服务站,名恩首府智慧社区服务站,名恩首府智慧社区服务站,快递,2025-04-02 12:28:47,,0.2,0.2,0,6.00,0.00,2.80,6-3.2,2,1907289053547143168,极兔快递,JT0015915328914,服饰,湖南省,
名恩首府智慧社区服务_站点-名恩首府智慧社区服务站,名恩首府智慧社区服务站,名恩首府智慧社区服务站,快递,2025-04-02 12:06:30,,0.8,0.81,0,6.00,0.00,2.80,6-3.2,2,1907283443602628608,极兔快递,JT0015901900536,服饰,浙江省,
名恩首府智慧社区服务_站点-名恩首府智慧社区服务站,名恩首府智慧社区服务站,名恩首府智慧社区服务站,快递,2025-04-02 11:46:49,,0.2,0.3,0,6.00,0.00,2.80,6-3.2,2,1907278492474220544,极兔快递,JT0015907741875,服饰,广东省,
名恩首府智慧社区服务_站点-名恩首府智慧社区服务站,名恩首府智慧社区服务站,名恩首府智慧社区服务站,快递,2025-04-02 10:54:52,,0.4,0.2,0,6.00,0.00,2.80,6-3.2,2,1907265418329530368,极兔快递,JT0015913265673,服饰,辽宁省,
名恩首府智慧社区服务_站点-名恩首府智慧社区服务站,名恩首府智慧社区服务站,名恩首府智慧社区服务站,快递,2025-04-02 10:51:22,,0.5,0.54,0,6.00,0.00,2.80,6-3.2,2,1907264537144008704,极兔快递,JT0015914526275,服饰,辽宁省,
名恩首府智慧社区服务_站点-名恩首府智慧社区服务站,名恩首府智慧社区服务站,名恩首府智慧社区服务站,快递,2025-04-02 10:49:29,,0.2,0.35,0,6.00,0.00,2.80,6-3.2,2,1907264060750766080,极兔快递,JT0015915809249,服饰,浙江省,
名恩首府智慧社区服务_站点-名恩首府智慧社区服务站,名恩首府智慧社区服务站,名恩首府智慧社区服务站,快递,2025-04-02 10:47:05,,0.5,0.47,0,6.00,0.00,2.80,6-3.2,2,1907263455789522944,极兔快递,JT0015915149701,服饰,浙江省,
名恩首府智慧社区服务_站点-名恩首府智慧社区服务站,名恩首府智慧社区服务站,名恩首府智慧社区服务站,快递,2025-04-02 09:50:06,,1.2,1.21,0,8.00,0.00,4.08,51% ,2,1907249103044812800,极兔快递,JT0015906378842,服饰,辽宁省,
名恩首府智慧社区服务_站点-名恩首府智慧社区服务站,名恩首府智慧社区服务站,名恩首府智慧社区服务站,快递,2025-04-02 09:14:29,,10,9.36,0,30.00,10.50,15.00,50% ,2,1907240152286830592,极兔快递,JT0015912471821,食品,陕西省,
名恩首府智慧社区服务_站点-名恩首府智慧社区服务站,名恩首府智慧社区服务站,名恩首府智慧社区服务站,干洗,2025-04-01 19:56:05,,,,,29.50,,8.85,30%,,1907039225768517632,干洗,,"清洗毛呢2件59元   *   1",,
名恩首府智慧社区服务_站点-名恩首府智慧社区服务站,名恩首府智慧社区服务站,名恩首府智慧社区服务站,干洗,2025-04-01 19:53:07,,,,,29.50,,8.85,30%,,1907038483750002688,干洗,,"清洗毛呢2件59元   *   1",,
名恩首府智慧社区服务_站点-名恩首府智慧社区服务站,名恩首府智慧社区服务站,名恩首府智慧社区服务站,快递,2025-04-01 19:47:37,,2,1.9,0,8.00,0.00,4.08,51% ,2,1907037101512925184,极兔快递,JT0015910665368,食品,山西省,
名恩首府智慧社区服务_站点-名恩首府智慧社区服务站,名恩首府智慧社区服务站,名恩首府智慧社区服务站,快递,2025-04-01 19:44:35,,2.5,2.41,0,10.00,0.00,5.50,55% ,2,1907036337746944000,极兔快递,JT0015908718392,食品,陕西省,
名恩首府智慧社区服务_站点-名恩首府智慧社区服务站,名恩首府智慧社区服务站,名恩首府智慧社区服务站,快递,2025-04-01 19:27:50,,0.9,0.8,0,6.00,0.00,2.80,6-3.2,2,1907032108990930944,极兔快递,JT0015910469800,服饰,浙江省,
名恩首府智慧社区服务_站点-名恩首府智慧社区服务站,名恩首府智慧社区服务站,名恩首府智慧社区服务站,快递,2025-04-01 19:25:53,,0.2,0.35,0,6.00,0.00,2.80,6-3.2,2,1907031604277747712,极兔快递,JT0015902333721,服饰,江苏省,
名恩首府智慧社区服务_站点-名恩首府智慧社区服务站,名恩首府智慧社区服务站,名恩首府智慧社区服务站,快递,2025-04-01 19:23:58,,2.4,2.32,0,10.00,0.00,5.50,55% ,2,1907031152412794880,极兔快递,JT0015909123661,生活用品,江苏省,
名恩首府智慧社区服务_站点-名恩首府智慧社区服务站,名恩首府智慧社区服务站,名恩首府智慧社区服务站,快递,2025-04-01 19:21:57,,2.2,2.09,0,10.00,0.00,5.50,55% ,2,1907030646936248320,极兔快递,JT0015910764757,生活用品,江苏省,
名恩首府智慧社区服务_站点-名恩首府智慧社区服务站,名恩首府智慧社区服务站,名恩首府智慧社区服务站,快递,2025-04-01 19:17:48,,0.2,0.2,0,6.00,0.00,2.80,6-3.2,2,1907029599790505984,极兔快递,JT0015907506490,服饰,广东省,
名恩首府智慧社区服务_站点-名恩首府智慧社区服务站,名恩首府智慧社区服务站,名恩首府智慧社区服务站,干洗,2025-04-01 19:13:00,,,,,18.00,,5.40,30%,,1907028391210196992,干洗,,"羽绒马甲_儿童羽绒服   *   1",,
名恩首府智慧社区服务_站点-名恩首府智慧社区服务站,名恩首府智慧社区服务站,名恩首府智慧社区服务站,干洗,2025-04-01 19:11:08,,,,,18.00,,5.40,30%,,1907027910094168064,干洗,,"羽绒马甲_儿童羽绒服   *   1",,
名恩首府智慧社区服务_站点-名恩首府智慧社区服务站,名恩首府智慧社区服务站,名恩首府智慧社区服务站,干洗,2025-04-01 19:09:03,,,,,24.50,,7.35,30%,,1907027394308022272,干洗,,"清洗普通羽绒服2件不分长短49元   *   1",,
名恩首府智慧社区服务_站点-名恩首府智慧社区服务站,名恩首府智慧社区服务站,名恩首府智慧社区服务站,干洗,2025-04-01 19:06:50,,,,,24.50,,7.35,30%,,1907026825719783424,干洗,,"清洗普通羽绒服2件不分长短49元   *   1",,
名恩首府智慧社区服务_站点-名恩首府智慧社区服务站,名恩首府智慧社区服务站,名恩首府智慧社区服务站,干洗,2025-04-01 19:04:35,,,,,24.50,,7.35,30%,,1907026264186363904,干洗,,"清洗普通羽绒服2件不分长短49元   *   1",,
名恩首府智慧社区服务_站点-名恩首府智慧社区服务站,名恩首府智慧社区服务站,名恩首府智慧社区服务站,干洗,2025-04-01 19:02:03,,,,,24.50,,7.35,30%,,1907025625930735616,干洗,,"清洗普通羽绒服2件不分长短49元   *   1",,
名恩首府智慧社区服务_站点-名恩首府智慧社区服务站,名恩首府智慧社区服务站,名恩首府智慧社区服务站,快递,2025-04-01 18:50:50,,0.9,0.92,0,6.00,0.00,2.80,6-3.2,2,1907022811288510464,极兔快递,JT0015907577824,服饰,河北省,
名恩首府智慧社区服务_站点-名恩首府智慧社区服务站,名恩首府智慧社区服务站,名恩首府智慧社区服务站,快递,2025-04-01 18:12:42,,0.2,0.2,0,6.00,0.00,2.80,6-3.2,2,1907013211071913984,极兔快递,JT0015909527863,服饰,浙江省,
名恩首府智慧社区服务_站点-名恩首府智慧社区服务站,名恩首府智慧社区服务站,名恩首府智慧社区服务站,快递,2025-04-01 18:09:59,,0.3,0.27,0,6.00,0.00,2.80,6-3.2,2,1907012528516046848,极兔快递,JT0015909117316,服饰,浙江省,
名恩首府智慧社区服务_站点-名恩首府智慧社区服务站,名恩首府智慧社区服务站,名恩首府智慧社区服务站,快递,2025-04-01 17:08:20,,0.5,0.37,0,6.00,0.00,2.80,6-3.2,2,1906997017833054208,极兔快递,JT0015905737512,服饰,湖南省,
名恩首府智慧社区服务_站点-名恩首府智慧社区服务站,名恩首府智慧社区服务站,名恩首府智慧社区服务站,快递,2025-04-01 17:07:02,,0.9,0.9,0,6.00,0.00,2.80,6-3.2,2,1906996687787466752,极兔快递,JT0015892360748,服饰,广东省,
名恩首府智慧社区服务_站点-名恩首府智慧社区服务站,名恩首府智慧社区服务站,名恩首府智慧社区服务站,快递,2025-04-01 16:54:59,,0.1,0.2,0,6.00,0.00,2.80,6-3.2,2,1906993638062891008,极兔快递,JT0015904182935,生活用品,浙江省,
名恩首府智慧社区服务_站点-名恩首府智慧社区服务站,名恩首府智慧社区服务站,名恩首府智慧社区服务站,快递,2025-04-01 16:45:13,,0.1,0.2,0,6.00,0.00,2.80,6-3.2,2,1906991188593549312,极兔快递,JT0015906175669,生活用品,浙江省,
名恩首府智慧社区服务_站点-名恩首府智慧社区服务站,名恩首府智慧社区服务站,名恩首府智慧社区服务站,快递,2025-04-01 15:25:12,,0.5,0.37,0,6.00,0.00,2.80,6-3.2,2,1906971060346757120,极兔快递,JT0015905274031,服饰,广东省,
名恩首府智慧社区服务_站点-名恩首府智慧社区服务站,名恩首府智慧社区服务站,名恩首府智慧社区服务站,快递,2025-04-01 15:24:03,,0.5,0.51,0,6.00,0.00,2.80,6-3.2,2,1906970771497623552,极兔快递,JT0015906789254,服饰,广东省,
名恩首府智慧社区服务_站点-名恩首府智慧社区服务站,名恩首府智慧社区服务站,名恩首府智慧社区服务站,干洗,2025-04-01 15:18:07,,,,,9.90,,2.97,30%,,1906969278405091328,干洗,,"清洗鞋19.8元两双   *   1",,
名恩首府智慧社区服务_站点-名恩首府智慧社区服务站,名恩首府智慧社区服务站,名恩首府智慧社区服务站,快递,2025-04-01 15:09:49,,0.1,0.2,0,6.00,0.00,2.80,6-3.2,2,1906967190694469632,极兔快递,JT0015898230807,生活用品,福建省,
名恩首府智慧社区服务_站点-名恩首府智慧社区服务站,名恩首府智慧社区服务站,名恩首府智慧社区服务站,快递,2025-04-01 15:04:20,,0.4,0.47,0,6.00,0.00,2.80,6-3.2,2,1906965810747482112,极兔快递,JT0015903935156,服饰,广东省,
名恩首府智慧社区服务_站点-名恩首府智慧社区服务站,名恩首府智慧社区服务站,名恩首府智慧社区服务站,快递,2025-04-01 13:33:37,,0.5,0.2,0,6.00,0.00,2.80,6-3.2,2,1906942979204653056,极兔快递,JT0015904616328,服饰,江苏省,
名恩首府智慧社区服务_站点-名恩首府智慧社区服务站,名恩首府智慧社区服务站,名恩首府智慧社区服务站,快递,2025-04-01 13:17:38,,0.4,0.41,0,6.00,0.00,2.80,6-3.2,2,1906938958406426624,极兔快递,JT0015903289815,服饰,江苏省,
名恩首府智慧社区服务_站点-名恩首府智慧社区服务站,名恩首府智慧社区服务站,名恩首府智慧社区服务站,快递,2025-04-01 12:16:07,,0.1,0.47,0,6.00,0.00,2.80,6-3.2,2,1906923475934322688,极兔快递,JT0015903664336,服饰,广东省,
名恩首府智慧社区服务_站点-名恩首府智慧社区服务站,名恩首府智慧社区服务站,名恩首府智慧社区服务站,快递,2025-04-01 12:14:43,,0.2,0.21,0,6.00,0.00,2.80,6-3.2,2,1906923127156973568,极兔快递,JT0015901449131,服饰,江苏省,
名恩首府智慧社区服务_站点-名恩首府智慧社区服务站,名恩首府智慧社区服务站,名恩首府智慧社区服务站,快递,2025-04-01 12:12:37,,0.2,0.46,0,6.00,0.00,2.80,6-3.2,2,1906922599995875328,极兔快递,JT0015901051690,服饰,广东省,
名恩首府智慧社区服务_站点-名恩首府智慧社区服务站,名恩首府智慧社区服务站,名恩首府智慧社区服务站,快递,2025-04-01 11:48:38,,0.5,0.66,0,6.00,0.00,2.80,6-3.2,2,1906916558302289920,极兔快递,JT0015901039462,服饰,湖北省,
名恩首府智慧社区服务_站点-名恩首府智慧社区服务站,名恩首府智慧社区服务站,名恩首府智慧社区服务站,快递,2025-04-01 10:39:43,,0.5,0.76,0,6.00,0.00,2.80,6-3.2,2,1906899206542139392,极兔快递,JT0015900260901,服饰,广东省,
名恩首府智慧社区服务_站点-名恩首府智慧社区服务站,名恩首府智慧社区服务站,名恩首府智慧社区服务站,快递,2025-04-01 10:38:37,,0.2,0.51,0,6.00,0.00,2.80,6-3.2,2,1906898939054596096,极兔快递,JT0015901538113,服饰,辽宁省,
