姓名,付款人,用户(下单人),订单类型,日期,退款日期,打单重量,结算重量,重量差,金额,超重金额,团长利润,利润公式,价格方案,订单号,快递公司,物流单号,邮寄物品,发往,说明
嘉丰国际1号楼101快递美团干洗_站点,合计金额:,3445.99,快递金额:, 2649.52,干洗金额:, 796.47,,,,,,,,,,,,,
嘉丰国际1号楼101快递美团干洗_站点-嘉丰国际1号楼101快递美团干洗,嘉丰国际1号楼101快递美团干洗,嘉丰国际1号楼101快递美团干洗,快递,2025-04-29 11:25:52,2025-05-01 07:32:05,0.2,,,18.00,,0.00,,1,1917057679643959296,顺丰速运,SF3160660963439,其他,广东省,已全额退款
嘉丰国际1号楼101快递美团干洗_站点-嘉丰国际1号楼101快递美团干洗,嘉丰国际1号楼101快递美团干洗,嘉丰国际1号楼101快递美团干洗,快递,2025-04-30 19:24:13,,0.6,,,6.00,,2.80,6-3.2,1,1917540446219591680,极兔快递,JT0016350369612,服饰,浙江省,
嘉丰国际1号楼101快递美团干洗_站点-嘉丰国际1号楼101快递美团干洗,嘉丰国际1号楼101快递美团干洗,嘉丰国际1号楼101快递美团干洗,快递,2025-04-30 19:23:36,,0.7,,,6.00,,2.80,6-3.2,1,1917540205596565504,极兔快递,JT0016353860072,服饰,广东省,
嘉丰国际1号楼101快递美团干洗_站点-嘉丰国际1号楼101快递美团干洗,嘉丰国际1号楼101快递美团干洗,嘉丰国际1号楼101快递美团干洗,快递,2025-04-30 18:49:26,,1,,,6.00,,2.80,6-3.2,1,1917531705495576576,极兔快递,JT0016359822798,服饰,江西省,
嘉丰国际1号楼101快递美团干洗_站点-嘉丰国际1号楼101快递美团干洗,嘉丰国际1号楼101快递美团干洗,嘉丰国际1号楼101快递美团干洗,快递,2025-04-30 18:17:43,,0.5,,,6.00,,2.80,6-3.2,1,1917523724313878528,极兔快递,JT0016359870173,服饰,浙江省,
嘉丰国际1号楼101快递美团干洗_站点-嘉丰国际1号楼101快递美团干洗,嘉丰国际1号楼101快递美团干洗,嘉丰国际1号楼101快递美团干洗,快递,2025-04-30 18:15:36,,0.6,,,6.00,,2.80,6-3.2,1,1917523191112982528,极兔快递,JT0016361731868,服饰,湖北省,
嘉丰国际1号楼101快递美团干洗_站点-嘉丰国际1号楼101快递美团干洗,嘉丰国际1号楼101快递美团干洗,嘉丰国际1号楼101快递美团干洗,快递,2025-04-30 18:13:45,,0.3,,,6.00,,2.80,6-3.2,1,1917522725884977152,极兔快递,JT0016361885891,服饰,浙江省,
嘉丰国际1号楼101快递美团干洗_站点-嘉丰国际1号楼101快递美团干洗,嘉丰国际1号楼101快递美团干洗,嘉丰国际1号楼101快递美团干洗,快递,2025-04-30 18:06:01,,1,,,6.00,,2.80,6-3.2,1,1917520783230164992,极兔快递,JT0016358727388,服饰,福建省,
嘉丰国际1号楼101快递美团干洗_站点-嘉丰国际1号楼101快递美团干洗,嘉丰国际1号楼101快递美团干洗,嘉丰国际1号楼101快递美团干洗,快递,2025-04-30 17:24:57,,3.8,,,10.00,,4.00,40% ,1,1917510439308943360,极兔快递,JT0016359193224,其他,浙江省,
嘉丰国际1号楼101快递美团干洗_站点-嘉丰国际1号楼101快递美团干洗,嘉丰国际1号楼101快递美团干洗,嘉丰国际1号楼101快递美团干洗,快递,2025-04-30 17:19:38,,0.1,,,6.00,,2.80,6-3.2,1,1917509095038705664,极兔快递,JT0016360602265,服饰,浙江省,
嘉丰国际1号楼101快递美团干洗_站点-嘉丰国际1号楼101快递美团干洗,嘉丰国际1号楼101快递美团干洗,嘉丰国际1号楼101快递美团干洗,快递,2025-04-30 17:19:03,,0.1,,,6.00,,2.80,6-3.2,1,1917508961378820096,极兔快递,JT0016358300587,服饰,浙江省,
嘉丰国际1号楼101快递美团干洗_站点-嘉丰国际1号楼101快递美团干洗,嘉丰国际1号楼101快递美团干洗,嘉丰国际1号楼101快递美团干洗,快递,2025-04-30 17:16:21,,0.3,,,6.00,,2.80,6-3.2,1,1917508283994529792,极兔快递,JT0016360696704,服饰,浙江省,
嘉丰国际1号楼101快递美团干洗_站点-嘉丰国际1号楼101快递美团干洗,嘉丰国际1号楼101快递美团干洗,嘉丰国际1号楼101快递美团干洗,快递,2025-04-30 16:54:09,,0.1,,,6.00,,2.80,6-3.2,1,1917502691083083776,极兔快递,JT0016353751210,服饰,广东省,
嘉丰国际1号楼101快递美团干洗_站点-嘉丰国际1号楼101快递美团干洗,嘉丰国际1号楼101快递美团干洗,嘉丰国际1号楼101快递美团干洗,快递,2025-04-30 15:09:03,,2,,,8.00,,2.44,43%,1,1917476249016262656,极兔快递,JT0016353998715,食品,北京市,
嘉丰国际1号楼101快递美团干洗_站点-嘉丰国际1号楼101快递美团干洗,嘉丰国际1号楼101快递美团干洗,嘉丰国际1号楼101快递美团干洗,干洗,2025-04-30 14:43:30,,,,,29.50,,8.85,30%,,1917469810986115072,干洗,,"清洗毛呢2件59元   *   1",,
嘉丰国际1号楼101快递美团干洗_站点-嘉丰国际1号楼101快递美团干洗,嘉丰国际1号楼101快递美团干洗,嘉丰国际1号楼101快递美团干洗,快递,2025-04-30 13:06:51,,0.1,,,6.00,,2.80,6-3.2,1,1917445491123871744,极兔快递,JT0016353354211,服饰,浙江省,
嘉丰国际1号楼101快递美团干洗_站点-嘉丰国际1号楼101快递美团干洗,嘉丰国际1号楼101快递美团干洗,嘉丰国际1号楼101快递美团干洗,快递,2025-04-30 12:15:44,,0.35,,,6.00,,2.80,6-3.2,1,1917432579147751424,极兔快递,JT0016350556106,其他,广东省,
嘉丰国际1号楼101快递美团干洗_站点-嘉丰国际1号楼101快递美团干洗,嘉丰国际1号楼101快递美团干洗,嘉丰国际1号楼101快递美团干洗,快递,2025-04-30 11:33:29,2025-04-30 03:36:05,0.4,,,7.00,,0.00,,1,1917421994679001088,极兔快递,JT0016348669808,其他,上海市,已全额退款
嘉丰国际1号楼101快递美团干洗_站点-嘉丰国际1号楼101快递美团干洗,嘉丰国际1号楼101快递美团干洗,嘉丰国际1号楼101快递美团干洗,快递,2025-04-30 11:35:40,,0.4,,,7.00,,1.94,42%,1,1917422532522991616,申通快递,772040841810044,其他,上海市,
嘉丰国际1号楼101快递美团干洗_站点-嘉丰国际1号楼101快递美团干洗,嘉丰国际1号楼101快递美团干洗,嘉丰国际1号楼101快递美团干洗,快递,2025-04-30 11:31:37,,0.45,,,6.00,,2.80,6-3.2,1,1917421514091454464,极兔快递,JT0016349478479,其他,广东省,
嘉丰国际1号楼101快递美团干洗_站点-嘉丰国际1号楼101快递美团干洗,嘉丰国际1号楼101快递美团干洗,嘉丰国际1号楼101快递美团干洗,快递,2025-04-30 11:30:41,,0.25,,,6.00,,2.80,6-3.2,1,1917421294389616640,极兔快递,JT0016348168021,服饰,江西省,
嘉丰国际1号楼101快递美团干洗_站点-嘉丰国际1号楼101快递美团干洗,嘉丰国际1号楼101快递美团干洗,嘉丰国际1号楼101快递美团干洗,快递,2025-04-30 11:18:48,,0.6,,,6.00,,2.80,6-3.2,1,1917418304010248192,极兔快递,JT0016350630010,服饰,河北省,
嘉丰国际1号楼101快递美团干洗_站点-嘉丰国际1号楼101快递美团干洗,嘉丰国际1号楼101快递美团干洗,嘉丰国际1号楼101快递美团干洗,快递,2025-04-30 11:14:45,,1.3,1.57,0,7.00,0.00,3.01,43% ,1,1917417287034134528,韵达快递,312730091992709,其他,广东省,
嘉丰国际1号楼101快递美团干洗_站点-嘉丰国际1号楼101快递美团干洗,嘉丰国际1号楼101快递美团干洗,嘉丰国际1号楼101快递美团干洗,快递,2025-04-30 11:04:30,,0.3,,,6.00,,2.80,6-3.2,1,1917414696766201856,极兔快递,JT0016349306314,服饰,河南省,
嘉丰国际1号楼101快递美团干洗_站点-嘉丰国际1号楼101快递美团干洗,嘉丰国际1号楼101快递美团干洗,嘉丰国际1号楼101快递美团干洗,快递,2025-04-30 10:53:34,,1,0.62,0,6.00,0.00,2.80,6-3.2,1,1917411939955040256,极兔快递,JT0016351822432,其他,广西壮族自治区,
嘉丰国际1号楼101快递美团干洗_站点-嘉丰国际1号楼101快递美团干洗,嘉丰国际1号楼101快递美团干洗,嘉丰国际1号楼101快递美团干洗,快递,2025-04-30 10:52:30,,1,0.69,0,6.00,0.00,2.80,6-3.2,1,1917410396321144832,极兔快递,JT0016350444603,其他,广西壮族自治区,
嘉丰国际1号楼101快递美团干洗_站点-嘉丰国际1号楼101快递美团干洗,嘉丰国际1号楼101快递美团干洗,嘉丰国际1号楼101快递美团干洗,快递,2025-04-30 10:45:06,,0.3,0.33,0,6.00,0.00,2.80,6-3.2,1,1917409808585908224,极兔快递,JT0016351003787,服饰,湖北省,
嘉丰国际1号楼101快递美团干洗_站点-嘉丰国际1号楼101快递美团干洗,嘉丰国际1号楼101快递美团干洗,嘉丰国际1号楼101快递美团干洗,快递,2025-04-30 10:44:22,,0.2,0.2,0,6.00,0.00,2.80,6-3.2,1,1917409632299311104,极兔快递,JT0016320081932,其他,广东省,
嘉丰国际1号楼101快递美团干洗_站点-嘉丰国际1号楼101快递美团干洗,嘉丰国际1号楼101快递美团干洗,嘉丰国际1号楼101快递美团干洗,快递,2025-04-30 10:43:46,,0.6,0.6,0,6.00,0.00,2.80,6-3.2,1,1917409472282419200,极兔快递,JT0016346206409,其他,山东省,
嘉丰国际1号楼101快递美团干洗_站点-嘉丰国际1号楼101快递美团干洗,嘉丰国际1号楼101快递美团干洗,嘉丰国际1号楼101快递美团干洗,快递,2025-04-30 10:42:57,,0.15,0.2,0,6.00,0.00,2.80,6-3.2,1,1917409267956899840,极兔快递,JT0016349478735,其他,山东省,
嘉丰国际1号楼101快递美团干洗_站点-嘉丰国际1号楼101快递美团干洗,嘉丰国际1号楼101快递美团干洗,嘉丰国际1号楼101快递美团干洗,快递,2025-04-30 10:42:08,,0.63,0.65,0,6.00,0.00,2.80,6-3.2,1,1917409059932004352,极兔快递,JT0016347708152,服饰,云南省,
嘉丰国际1号楼101快递美团干洗_站点-嘉丰国际1号楼101快递美团干洗,嘉丰国际1号楼101快递美团干洗,嘉丰国际1号楼101快递美团干洗,快递,2025-04-30 10:41:02,,1,1.15,-1,6.00,0.00,2.80,6-3.2,1,1917408793908273152,极兔快递,JT0016347085777,其他,吉林省,
嘉丰国际1号楼101快递美团干洗_站点-嘉丰国际1号楼101快递美团干洗,嘉丰国际1号楼101快递美团干洗,嘉丰国际1号楼101快递美团干洗,快递,2025-04-30 10:40:18,,0.5,0.6,0,6.00,0.00,2.80,6-3.2,1,1917408602203414528,极兔快递,JT0016349919172,其他,云南省,
嘉丰国际1号楼101快递美团干洗_站点-嘉丰国际1号楼101快递美团干洗,嘉丰国际1号楼101快递美团干洗,嘉丰国际1号楼101快递美团干洗,快递,2025-04-30 10:39:21,,0.2,0.2,0,6.00,0.00,2.80,6-3.2,1,1917408359382573056,极兔快递,JT0016346522441,服饰,广东省,
嘉丰国际1号楼101快递美团干洗_站点-嘉丰国际1号楼101快递美团干洗,嘉丰国际1号楼101快递美团干洗,嘉丰国际1号楼101快递美团干洗,快递,2025-04-30 10:37:48,,0.55,0.58,0,6.00,0.00,2.80,6-3.2,1,1917407973309472768,极兔快递,JT0016349933836,服饰,广东省,
嘉丰国际1号楼101快递美团干洗_站点-嘉丰国际1号楼101快递美团干洗,嘉丰国际1号楼101快递美团干洗,嘉丰国际1号楼101快递美团干洗,快递,2025-04-30 10:36:51,,0.25,0.22,0,6.00,0.00,2.80,6-3.2,1,1917407732795498496,极兔快递,JT0016346845714,服饰,广东省,
嘉丰国际1号楼101快递美团干洗_站点-嘉丰国际1号楼101快递美团干洗,嘉丰国际1号楼101快递美团干洗,嘉丰国际1号楼101快递美团干洗,快递,2025-04-30 10:20:31,,1.3,1.26,0,7.00,0.00,3.01,43% ,1,1917403627238776832,极兔快递,JT0016342808373,其他,河南省,
嘉丰国际1号楼101快递美团干洗_站点-嘉丰国际1号楼101快递美团干洗,嘉丰国际1号楼101快递美团干洗,嘉丰国际1号楼101快递美团干洗,快递,2025-04-30 10:19:48,,1.8,1.75,0,7.00,0.00,3.01,43% ,1,1917403448423014400,极兔快递,JT0016348195205,其他,江苏省,
嘉丰国际1号楼101快递美团干洗_站点-嘉丰国际1号楼101快递美团干洗,嘉丰国际1号楼101快递美团干洗,嘉丰国际1号楼101快递美团干洗,快递,2025-04-29 18:53:07,,0.5,0.71,0,6.00,0.00,2.80,6-3.2,1,1917170246647341056,极兔快递,JT0016340503798,服饰,辽宁省,
嘉丰国际1号楼101快递美团干洗_站点-嘉丰国际1号楼101快递美团干洗,嘉丰国际1号楼101快递美团干洗,嘉丰国际1号楼101快递美团干洗,快递,2025-04-29 17:46:26,,0.7,0.57,0,6.00,0.00,2.80,6-3.2,1,1917153463978745856,极兔快递,JT0016341511580,服饰,广东省,
嘉丰国际1号楼101快递美团干洗_站点-嘉丰国际1号楼101快递美团干洗,嘉丰国际1号楼101快递美团干洗,嘉丰国际1号楼101快递美团干洗,快递,2025-04-29 17:34:41,,0.3,0.2,0,6.00,0.00,2.80,6-3.2,1,1917150507086700544,极兔快递,JT0016341949947,服饰,湖北省,
嘉丰国际1号楼101快递美团干洗_站点-嘉丰国际1号楼101快递美团干洗,嘉丰国际1号楼101快递美团干洗,嘉丰国际1号楼101快递美团干洗,快递,2025-04-29 17:33:15,,0.3,0.31,0,6.00,0.00,2.80,6-3.2,1,1917150146452054016,极兔快递,JT0016341816093,服饰,广东省,
嘉丰国际1号楼101快递美团干洗_站点-嘉丰国际1号楼101快递美团干洗,嘉丰国际1号楼101快递美团干洗,嘉丰国际1号楼101快递美团干洗,快递,2025-04-29 17:27:37,,0.1,0.68,0,6.00,0.00,2.80,6-3.2,1,1917148733000966144,极兔快递,JT0016341169625,服饰,浙江省,
嘉丰国际1号楼101快递美团干洗_站点-嘉丰国际1号楼101快递美团干洗,嘉丰国际1号楼101快递美团干洗,嘉丰国际1号楼101快递美团干洗,快递,2025-04-29 17:25:37,,0.7,0.68,0,6.00,0.00,2.52,42% ,1,1917148226731696128,韵达快递,312729361597530,服饰,内蒙古自治区,
嘉丰国际1号楼101快递美团干洗_站点-嘉丰国际1号楼101快递美团干洗,嘉丰国际1号楼101快递美团干洗,嘉丰国际1号楼101快递美团干洗,快递,2025-04-29 17:20:42,,0.7,0.2,0,7.00,0.00,2.80,6-3.2,1,1917146994990440448,极兔快递,JT0016342857313,服饰,上海市,
嘉丰国际1号楼101快递美团干洗_站点-嘉丰国际1号楼101快递美团干洗,嘉丰国际1号楼101快递美团干洗,嘉丰国际1号楼101快递美团干洗,快递,2025-04-29 17:20:05,,0.6,0.63,0,6.00,0.00,2.80,6-3.2,1,1917146832062701568,极兔快递,JT0016342939157,服饰,四川省,
嘉丰国际1号楼101快递美团干洗_站点-嘉丰国际1号楼101快递美团干洗,嘉丰国际1号楼101快递美团干洗,嘉丰国际1号楼101快递美团干洗,干洗,2025-04-29 17:12:44,,,,,19.80,,5.94,30%,,1917144981967790080,干洗,,"清洗鞋19.8元两双   *   1
清洗鞋19.8元两双   *   1",,
嘉丰国际1号楼101快递美团干洗_站点-嘉丰国际1号楼101快递美团干洗,嘉丰国际1号楼101快递美团干洗,嘉丰国际1号楼101快递美团干洗,快递,2025-04-29 17:03:15,,0.6,0.81,0,6.00,0.00,2.80,6-3.2,1,1917142597564686336,极兔快递,JT0016337764830,服饰,广东省,
嘉丰国际1号楼101快递美团干洗_站点-嘉丰国际1号楼101快递美团干洗,嘉丰国际1号楼101快递美团干洗,嘉丰国际1号楼101快递美团干洗,快递,2025-04-29 17:01:56,,0.6,0.57,0,6.00,0.00,2.80,6-3.2,1,1917142266223058944,极兔快递,JT0016340249022,服饰,广东省,
嘉丰国际1号楼101快递美团干洗_站点-嘉丰国际1号楼101快递美团干洗,嘉丰国际1号楼101快递美团干洗,嘉丰国际1号楼101快递美团干洗,快递,2025-04-29 17:00:49,,0.6,0.48,0,6.00,0.00,2.80,6-3.2,1,1917141986253266944,极兔快递,JT0016327624304,服饰,广东省,
嘉丰国际1号楼101快递美团干洗_站点-嘉丰国际1号楼101快递美团干洗,嘉丰国际1号楼101快递美团干洗,嘉丰国际1号楼101快递美团干洗,快递,2025-04-29 16:36:26,,8.5,8.49,0,22.50,8.00,9.00,40% ,1,1917135842600345600,韵达快递,312729305173566,易碎品,陕西省,
嘉丰国际1号楼101快递美团干洗_站点-嘉丰国际1号楼101快递美团干洗,嘉丰国际1号楼101快递美团干洗,嘉丰国际1号楼101快递美团干洗,快递,2025-04-29 16:30:21,,0.5,0.58,0,6.00,0.00,2.80,6-3.2,1,1917134248425086976,极兔快递,JT0016325181525,服饰,湖南省,
嘉丰国际1号楼101快递美团干洗_站点-嘉丰国际1号楼101快递美团干洗,嘉丰国际1号楼101快递美团干洗,嘉丰国际1号楼101快递美团干洗,快递,2025-04-29 16:03:30,,0.52,0.4,0,6.00,0.00,2.80,6-3.2,1,1917127562071171072,极兔快递,JT0016339121985,服饰,福建省,
嘉丰国际1号楼101快递美团干洗_站点-嘉丰国际1号楼101快递美团干洗,嘉丰国际1号楼101快递美团干洗,嘉丰国际1号楼101快递美团干洗,快递,2025-04-29 16:01:23,,1.5,0.97,1,7.00,0.00,3.01,43% ,1,1917127031017758720,极兔快递,JT0016340150106,其他,河北省,
嘉丰国际1号楼101快递美团干洗_站点-嘉丰国际1号楼101快递美团干洗,嘉丰国际1号楼101快递美团干洗,嘉丰国际1号楼101快递美团干洗,快递,2025-04-29 15:53:45,,0.2,0.22,0,6.00,0.00,2.80,6-3.2,1,1917125108122312704,极兔快递,JT0016340338460,其他,山东省,
嘉丰国际1号楼101快递美团干洗_站点-嘉丰国际1号楼101快递美团干洗,嘉丰国际1号楼101快递美团干洗,嘉丰国际1号楼101快递美团干洗,快递,2025-04-29 15:51:03,,0.3,0.3,0,6.00,0.00,2.80,6-3.2,1,1917124424832442368,极兔快递,JT0016336013205,服饰,四川省,
嘉丰国际1号楼101快递美团干洗_站点-嘉丰国际1号楼101快递美团干洗,嘉丰国际1号楼101快递美团干洗,嘉丰国际1号楼101快递美团干洗,快递,2025-04-29 15:49:50,,0.2,0.2,0,6.00,0.00,2.80,6-3.2,1,1917124125770178560,极兔快递,JT0016339800476,服饰,湖北省,
嘉丰国际1号楼101快递美团干洗_站点-嘉丰国际1号楼101快递美团干洗,嘉丰国际1号楼101快递美团干洗,嘉丰国际1号楼101快递美团干洗,快递,2025-04-29 15:48:24,,0.5,0.39,0,6.00,0.00,2.80,6-3.2,1,1917123763080323072,极兔快递,JT0016339588018,服饰,湖北省,
嘉丰国际1号楼101快递美团干洗_站点-嘉丰国际1号楼101快递美团干洗,嘉丰国际1号楼101快递美团干洗,嘉丰国际1号楼101快递美团干洗,快递,2025-04-29 15:46:56,,0.4,0.49,0,6.00,0.00,2.80,6-3.2,1,1917123392324820992,极兔快递,JT0016337084790,其他,广东省,
嘉丰国际1号楼101快递美团干洗_站点-嘉丰国际1号楼101快递美团干洗,嘉丰国际1号楼101快递美团干洗,嘉丰国际1号楼101快递美团干洗,快递,2025-04-29 15:43:57,,0.3,0.25,0,6.00,0.00,2.52,42% ,1,1917122643700277248,韵达快递,312729266128546,其他,内蒙古自治区,
嘉丰国际1号楼101快递美团干洗_站点-嘉丰国际1号楼101快递美团干洗,嘉丰国际1号楼101快递美团干洗,嘉丰国际1号楼101快递美团干洗,快递,2025-04-29 15:40:39,,0.4,0.41,0,6.00,0.00,2.80,6-3.2,1,1917121806798217216,极兔快递,JT0016338788655,其他,安徽省,
嘉丰国际1号楼101快递美团干洗_站点-嘉丰国际1号楼101快递美团干洗,嘉丰国际1号楼101快递美团干洗,嘉丰国际1号楼101快递美团干洗,快递,2025-04-29 15:35:57,,0.3,0.57,0,6.00,0.00,2.80,6-3.2,1,1917120632758001664,极兔快递,JT0016339209995,其他,安徽省,
嘉丰国际1号楼101快递美团干洗_站点-嘉丰国际1号楼101快递美团干洗,嘉丰国际1号楼101快递美团干洗,嘉丰国际1号楼101快递美团干洗,快递,2025-04-29 15:34:09,,0.3,0.24,0,6.00,0.00,2.80,6-3.2,1,1917120168897339392,极兔快递,JT0016339355098,其他,安徽省,
嘉丰国际1号楼101快递美团干洗_站点-嘉丰国际1号楼101快递美团干洗,嘉丰国际1号楼101快递美团干洗,嘉丰国际1号楼101快递美团干洗,快递,2025-04-29 15:32:15,,0.7,0.52,0,6.00,0.00,2.80,6-3.2,1,1917119691400994816,极兔快递,JT0016338176030,其他,河南省,
嘉丰国际1号楼101快递美团干洗_站点-嘉丰国际1号楼101快递美团干洗,嘉丰国际1号楼101快递美团干洗,嘉丰国际1号楼101快递美团干洗,快递,2025-04-29 15:30:59,,0.3,0.2,0,6.00,0.00,2.80,6-3.2,1,1917119379504160768,极兔快递,JT0016336064937,服饰,广东省,
嘉丰国际1号楼101快递美团干洗_站点-嘉丰国际1号楼101快递美团干洗,嘉丰国际1号楼101快递美团干洗,嘉丰国际1号楼101快递美团干洗,快递,2025-04-29 15:28:41,,0.8,0.82,0,6.00,0.00,2.80,6-3.2,1,1917118802263072768,极兔快递,JT0016339899176,服饰,河北省,
嘉丰国际1号楼101快递美团干洗_站点-嘉丰国际1号楼101快递美团干洗,嘉丰国际1号楼101快递美团干洗,嘉丰国际1号楼101快递美团干洗,快递,2025-04-29 15:26:46,,0.2,0.2,0,6.00,0.00,2.80,6-3.2,1,1917118286376263680,极兔快递,JT0016339156527,服饰,广东省,
嘉丰国际1号楼101快递美团干洗_站点-嘉丰国际1号楼101快递美团干洗,嘉丰国际1号楼101快递美团干洗,嘉丰国际1号楼101快递美团干洗,快递,2025-04-29 15:25:55,,1,1.21,-1,6.00,0.00,2.80,6-3.2,1,1917118108646825984,极兔快递,JT0016331333660,其他,山东省,
嘉丰国际1号楼101快递美团干洗_站点-嘉丰国际1号楼101快递美团干洗,嘉丰国际1号楼101快递美团干洗,嘉丰国际1号楼101快递美团干洗,快递,2025-04-29 15:23:12,,0.5,0.46,0,6.00,0.00,2.80,6-3.2,1,1917117402015653888,极兔快递,JT0016339385029,服饰,浙江省,
嘉丰国际1号楼101快递美团干洗_站点-嘉丰国际1号楼101快递美团干洗,嘉丰国际1号楼101快递美团干洗,嘉丰国际1号楼101快递美团干洗,快递,2025-04-29 15:21:58,,1,0.82,0,6.00,0.00,2.80,6-3.2,1,1917117110578634752,极兔快递,JT0016337517040,服饰,河北省,
嘉丰国际1号楼101快递美团干洗_站点-嘉丰国际1号楼101快递美团干洗,嘉丰国际1号楼101快递美团干洗,嘉丰国际1号楼101快递美团干洗,快递,2025-04-29 15:05:44,,0.4,0.32,0,6.00,0.00,2.80,6-3.2,1,1917113024470900736,极兔快递,JT0016338917535,服饰,广东省,
嘉丰国际1号楼101快递美团干洗_站点-嘉丰国际1号楼101快递美团干洗,嘉丰国际1号楼101快递美团干洗,嘉丰国际1号楼101快递美团干洗,快递,2025-04-29 15:04:26,,0.8,0.77,0,6.00,0.00,2.80,6-3.2,1,1917112697973694464,极兔快递,JT0016336440741,服饰,天津市,
嘉丰国际1号楼101快递美团干洗_站点-嘉丰国际1号楼101快递美团干洗,嘉丰国际1号楼101快递美团干洗,嘉丰国际1号楼101快递美团干洗,快递,2025-04-29 15:02:53,,0.22,0.22,0,6.00,0.00,2.80,6-3.2,1,1917112299904884736,极兔快递,JT0016337028778,服饰,浙江省,
嘉丰国际1号楼101快递美团干洗_站点-嘉丰国际1号楼101快递美团干洗,嘉丰国际1号楼101快递美团干洗,嘉丰国际1号楼101快递美团干洗,快递,2025-04-29 15:02:09,,0.7,0.72,0,6.00,0.00,2.80,6-3.2,1,1917112122456465408,极兔快递,JT0016338454126,服饰,河南省,
嘉丰国际1号楼101快递美团干洗_站点-嘉丰国际1号楼101快递美团干洗,嘉丰国际1号楼101快递美团干洗,嘉丰国际1号楼101快递美团干洗,快递,2025-04-29 13:50:40,,0.45,1.43,-1,6.00,0.00,2.80,6-3.2,1,1917094126799347712,极兔快递,JT0016328523528,其他,江苏省,
嘉丰国际1号楼101快递美团干洗_站点-嘉丰国际1号楼101快递美团干洗,嘉丰国际1号楼101快递美团干洗,嘉丰国际1号楼101快递美团干洗,快递,2025-04-29 13:03:59,,0.6,0.64,0,6.00,0.00,2.80,6-3.2,1,1917082382139973632,极兔快递,JT0016335924134,服饰,江苏省,
嘉丰国际1号楼101快递美团干洗_站点-嘉丰国际1号楼101快递美团干洗,嘉丰国际1号楼101快递美团干洗,嘉丰国际1号楼101快递美团干洗,快递,2025-04-29 12:41:44,,0.6,0.61,0,6.00,0.00,2.80,6-3.2,1,1917076782618304512,极兔快递,JT0016334813613,服饰,福建省,
嘉丰国际1号楼101快递美团干洗_站点-嘉丰国际1号楼101快递美团干洗,嘉丰国际1号楼101快递美团干洗,嘉丰国际1号楼101快递美团干洗,快递,2025-04-29 11:55:07,,0.2,0.21,0,6.00,0.00,2.80,6-3.2,1,1917065048314667008,极兔快递,JT0016333755000,服饰,广东省,
嘉丰国际1号楼101快递美团干洗_站点-嘉丰国际1号楼101快递美团干洗,嘉丰国际1号楼101快递美团干洗,嘉丰国际1号楼101快递美团干洗,快递,2025-04-29 11:36:05,,0.8,1.03,-1,6.00,0.00,2.52,42% ,1,1917060263280697344,韵达快递,312728776968694,其他,吉林省,
嘉丰国际1号楼101快递美团干洗_站点-嘉丰国际1号楼101快递美团干洗,嘉丰国际1号楼101快递美团干洗,嘉丰国际1号楼101快递美团干洗,快递,2025-04-29 11:28:01,,1,1.06,-1,6.00,0.00,2.52,42% ,1,1917058227264872448,韵达快递,312728763648213,服饰,广东省,
嘉丰国际1号楼101快递美团干洗_站点-嘉丰国际1号楼101快递美团干洗,嘉丰国际1号楼101快递美团干洗,嘉丰国际1号楼101快递美团干洗,快递,2025-04-29 10:59:02,,0.5,0.48,0,6.00,0.00,2.80,6-3.2,1,1917050917683519488,极兔快递,JT0016311087253,服饰,广东省,
嘉丰国际1号楼101快递美团干洗_站点-嘉丰国际1号楼101快递美团干洗,嘉丰国际1号楼101快递美团干洗,嘉丰国际1号楼101快递美团干洗,快递,2025-04-29 10:58:02,,0.2,0.22,0,6.00,0.00,2.80,6-3.2,1,1917050686157938688,极兔快递,JT0016333744188,服饰,浙江省,
嘉丰国际1号楼101快递美团干洗_站点-嘉丰国际1号楼101快递美团干洗,嘉丰国际1号楼101快递美团干洗,嘉丰国际1号楼101快递美团干洗,快递,2025-04-29 10:30:56,,0.4,0.2,0,6.00,0.00,2.80,6-3.2,1,1917043864600633344,极兔快递,JT0016332158220,服饰,江苏省,
嘉丰国际1号楼101快递美团干洗_站点-嘉丰国际1号楼101快递美团干洗,嘉丰国际1号楼101快递美团干洗,嘉丰国际1号楼101快递美团干洗,快递,2025-04-28 19:00:35,,1.2,1.22,0,7.00,0.00,3.01,43% ,1,1916809739176304640,极兔快递,JT0016325714685,服饰,福建省,
嘉丰国际1号楼101快递美团干洗_站点-嘉丰国际1号楼101快递美团干洗,嘉丰国际1号楼101快递美团干洗,嘉丰国际1号楼101快递美团干洗,快递,2025-04-28 18:51:31,,1,0.97,0,6.00,0.00,2.80,6-3.2,1,1916807455432302592,极兔快递,JT0016326115707,服饰,江苏省,
嘉丰国际1号楼101快递美团干洗_站点-嘉丰国际1号楼101快递美团干洗,嘉丰国际1号楼101快递美团干洗,嘉丰国际1号楼101快递美团干洗,快递,2025-04-28 18:41:50,,0.3,0.36,0,6.00,0.00,2.80,6-3.2,1,1916805019086938112,极兔快递,JT0016311359488,服饰,陕西省,
嘉丰国际1号楼101快递美团干洗_站点-嘉丰国际1号楼101快递美团干洗,嘉丰国际1号楼101快递美团干洗,嘉丰国际1号楼101快递美团干洗,干洗,2025-04-28 18:35:34,,,,,73.50,,22.05,30%,,1916803435166752768,干洗,,"清洗普通羽绒服2件不分长短49元   *   1
清洗普通羽绒服2件不分长短49元   *   1
清洗普通羽绒服2件不分长短49元   *   1",,
嘉丰国际1号楼101快递美团干洗_站点-嘉丰国际1号楼101快递美团干洗,嘉丰国际1号楼101快递美团干洗,嘉丰国际1号楼101快递美团干洗,快递,2025-04-28 18:18:28,,0.6,0.65,0,6.00,0.00,2.80,6-3.2,1,1916799141449359360,极兔快递,JT0016325279942,其他,陕西省,
嘉丰国际1号楼101快递美团干洗_站点-嘉丰国际1号楼101快递美团干洗,嘉丰国际1号楼101快递美团干洗,嘉丰国际1号楼101快递美团干洗,快递,2025-04-28 18:17:22,,0.9,0.91,0,6.00,0.00,2.80,6-3.2,1,1916798860321939456,极兔快递,JT0016324548875,服饰,浙江省,
嘉丰国际1号楼101快递美团干洗_站点-嘉丰国际1号楼101快递美团干洗,嘉丰国际1号楼101快递美团干洗,嘉丰国际1号楼101快递美团干洗,快递,2025-04-28 18:16:15,,0.4,0.42,0,6.00,0.00,2.80,6-3.2,1,1916798584886190080,极兔快递,JT0016325325395,服饰,浙江省,
嘉丰国际1号楼101快递美团干洗_站点-嘉丰国际1号楼101快递美团干洗,嘉丰国际1号楼101快递美团干洗,嘉丰国际1号楼101快递美团干洗,快递,2025-04-28 18:10:54,,2.8,4.72,-2,8.00,3.00,3.60,45% ,1,1916797239907115008,极兔快递,JT0016323337438,服饰,河南省,
嘉丰国际1号楼101快递美团干洗_站点-嘉丰国际1号楼101快递美团干洗,嘉丰国际1号楼101快递美团干洗,嘉丰国际1号楼101快递美团干洗,干洗,2025-04-28 17:50:52,,,,,29.70,,8.91,30%,,1916792068657438720,干洗,,"清洗鞋19.8元两双   *   1
清洗鞋19.8元两双   *   1
清洗鞋19.8元两双   *   1",,
嘉丰国际1号楼101快递美团干洗_站点-嘉丰国际1号楼101快递美团干洗,嘉丰国际1号楼101快递美团干洗,嘉丰国际1号楼101快递美团干洗,快递,2025-04-28 17:05:43,,0.4,0.41,0,6.00,0.00,2.80,6-3.2,1,1916780805218951168,极兔快递,JT0016320481250,服饰,广东省,
嘉丰国际1号楼101快递美团干洗_站点-嘉丰国际1号楼101快递美团干洗,嘉丰国际1号楼101快递美团干洗,嘉丰国际1号楼101快递美团干洗,快递,2025-04-28 17:04:49,,0.6,0.61,0,7.00,0.00,2.80,6-3.2,1,1916780608103440384,极兔快递,JT0016323944414,服饰,上海市,
嘉丰国际1号楼101快递美团干洗_站点-嘉丰国际1号楼101快递美团干洗,嘉丰国际1号楼101快递美团干洗,嘉丰国际1号楼101快递美团干洗,快递,2025-04-28 17:04:09,,1,0.96,0,6.00,0.00,2.80,6-3.2,1,1916780428629172224,极兔快递,JT0016318655017,其他,广东省,
嘉丰国际1号楼101快递美团干洗_站点-嘉丰国际1号楼101快递美团干洗,嘉丰国际1号楼101快递美团干洗,嘉丰国际1号楼101快递美团干洗,快递,2025-04-28 17:03:16,,0.9,0.91,0,6.00,0.00,2.80,6-3.2,1,1916780214111494144,极兔快递,JT0016323553504,服饰,广东省,
嘉丰国际1号楼101快递美团干洗_站点-嘉丰国际1号楼101快递美团干洗,嘉丰国际1号楼101快递美团干洗,嘉丰国际1号楼101快递美团干洗,快递,2025-04-28 17:02:23,,3.1,4.63,-1,10.00,3.00,4.00,40% ,1,1916779991503003648,极兔快递,JT0016320666973,其他,浙江省,
嘉丰国际1号楼101快递美团干洗_站点-嘉丰国际1号楼101快递美团干洗,嘉丰国际1号楼101快递美团干洗,嘉丰国际1号楼101快递美团干洗,快递,2025-04-28 16:52:49,,0.6,0.57,0,6.00,0.00,2.80,6-3.2,1,1916777569896423424,极兔快递,JT0016321304550,服饰,广东省,
嘉丰国际1号楼101快递美团干洗_站点-嘉丰国际1号楼101快递美团干洗,嘉丰国际1号楼101快递美团干洗,嘉丰国际1号楼101快递美团干洗,快递,2025-04-28 16:51:54,,0.6,0.58,0,6.00,0.00,2.80,6-3.2,1,1916777348508475392,极兔快递,JT0016318736718,服饰,浙江省,
嘉丰国际1号楼101快递美团干洗_站点-嘉丰国际1号楼101快递美团干洗,嘉丰国际1号楼101快递美团干洗,嘉丰国际1号楼101快递美团干洗,快递,2025-04-28 16:51:03,,0.8,0.83,0,6.00,0.00,2.80,6-3.2,1,1916777058258444288,极兔快递,JT0016322583380,服饰,浙江省,
嘉丰国际1号楼101快递美团干洗_站点-嘉丰国际1号楼101快递美团干洗,嘉丰国际1号楼101快递美团干洗,嘉丰国际1号楼101快递美团干洗,快递,2025-04-28 16:41:00,,1.1,1.03,0,8.00,0.00,2.44,43%,1,1916774609653129216,极兔快递,JT0016323686958,服饰,上海市,
嘉丰国际1号楼101快递美团干洗_站点-嘉丰国际1号楼101快递美团干洗,嘉丰国际1号楼101快递美团干洗,嘉丰国际1号楼101快递美团干洗,快递,2025-04-28 16:39:39,,1.3,1.24,0,8.00,0.00,2.44,43%,1,1916774274633097216,极兔快递,JT0016321466186,服饰,上海市,
嘉丰国际1号楼101快递美团干洗_站点-嘉丰国际1号楼101快递美团干洗,嘉丰国际1号楼101快递美团干洗,嘉丰国际1号楼101快递美团干洗,快递,2025-04-28 16:38:37,,0.55,0.82,0,6.00,0.00,2.80,6-3.2,1,1916774009230123008,极兔快递,JT0016303844682,服饰,湖北省,
嘉丰国际1号楼101快递美团干洗_站点-嘉丰国际1号楼101快递美团干洗,嘉丰国际1号楼101快递美团干洗,嘉丰国际1号楼101快递美团干洗,快递,2025-04-28 16:29:50,,0.45,0.42,0,6.00,0.00,2.80,6-3.2,1,1916771798206963712,极兔快递,JT0016322763414,服饰,湖北省,
嘉丰国际1号楼101快递美团干洗_站点-嘉丰国际1号楼101快递美团干洗,嘉丰国际1号楼101快递美团干洗,嘉丰国际1号楼101快递美团干洗,快递,2025-04-28 15:07:35,,1,1.08,-1,6.00,0.00,2.80,6-3.2,1,1916751102907047936,极兔快递,JT0016302602137,其他,河南省,
嘉丰国际1号楼101快递美团干洗_站点-嘉丰国际1号楼101快递美团干洗,嘉丰国际1号楼101快递美团干洗,嘉丰国际1号楼101快递美团干洗,快递,2025-04-28 14:09:44,,1,1.18,-1,6.00,0.00,2.80,6-3.2,1,1916736543769026560,极兔快递,JT0016319663809,服饰,江苏省,
嘉丰国际1号楼101快递美团干洗_站点-嘉丰国际1号楼101快递美团干洗,嘉丰国际1号楼101快递美团干洗,嘉丰国际1号楼101快递美团干洗,快递,2025-04-28 14:04:03,,0.4,0.75,0,6.00,0.00,2.52,42% ,1,1916735101880557568,韵达快递,312727823638422,服饰,浙江省,
嘉丰国际1号楼101快递美团干洗_站点-嘉丰国际1号楼101快递美团干洗,嘉丰国际1号楼101快递美团干洗,嘉丰国际1号楼101快递美团干洗,快递,2025-04-28 14:02:29,,0.4,0.33,0,6.00,0.00,2.52,42% ,1,1916734716705038336,韵达快递,312727822153263,服饰,山东省,
嘉丰国际1号楼101快递美团干洗_站点-嘉丰国际1号楼101快递美团干洗,嘉丰国际1号楼101快递美团干洗,嘉丰国际1号楼101快递美团干洗,快递,2025-04-28 13:57:24,,1.8,1.85,0,7.00,0.00,3.01,43% ,1,1916733437815611392,极兔快递,JT0016318333821,服饰,河南省,
嘉丰国际1号楼101快递美团干洗_站点-嘉丰国际1号楼101快递美团干洗,嘉丰国际1号楼101快递美团干洗,嘉丰国际1号楼101快递美团干洗,快递,2025-04-28 13:28:34,,1.3,1.37,0,7.00,0.00,3.01,43% ,1,1916726153362333696,极兔快递,JT0016318950414,服饰,浙江省,
嘉丰国际1号楼101快递美团干洗_站点-嘉丰国际1号楼101快递美团干洗,嘉丰国际1号楼101快递美团干洗,嘉丰国际1号楼101快递美团干洗,快递,2025-04-28 13:27:28,,1.4,1.51,0,7.00,0.00,3.01,43% ,1,1916725906728869888,极兔快递,JT0016315913390,服饰,浙江省,
嘉丰国际1号楼101快递美团干洗_站点-嘉丰国际1号楼101快递美团干洗,嘉丰国际1号楼101快递美团干洗,嘉丰国际1号楼101快递美团干洗,快递,2025-04-28 13:15:14,,13,13.25,-1,32.50,13.00,13.00,40% ,1,1916722817502339072,韵达快递,312727758551710,其他,内蒙古自治区,
嘉丰国际1号楼101快递美团干洗_站点-嘉丰国际1号楼101快递美团干洗,嘉丰国际1号楼101快递美团干洗,嘉丰国际1号楼101快递美团干洗,快递,2025-04-28 12:04:29,,0.2,0.2,0,6.00,0.00,2.80,6-3.2,1,1916705005790617600,极兔快递,JT0016312346313,其他,广东省,
嘉丰国际1号楼101快递美团干洗_站点-嘉丰国际1号楼101快递美团干洗,嘉丰国际1号楼101快递美团干洗,嘉丰国际1号楼101快递美团干洗,快递,2025-04-28 12:03:18,,0.53,0.66,0,6.00,0.00,2.80,6-3.2,1,1916704725283954688,极兔快递,JT0016315928930,其他,江西省,
嘉丰国际1号楼101快递美团干洗_站点-嘉丰国际1号楼101快递美团干洗,嘉丰国际1号楼101快递美团干洗,嘉丰国际1号楼101快递美团干洗,快递,2025-04-28 12:02:07,,0.8,0.68,0,7.00,0.00,2.80,6-3.2,1,1916704429178675200,极兔快递,JT0016315487471,服饰,上海市,
嘉丰国际1号楼101快递美团干洗_站点-嘉丰国际1号楼101快递美团干洗,嘉丰国际1号楼101快递美团干洗,嘉丰国际1号楼101快递美团干洗,快递,2025-04-28 12:01:20,,0.6,0.2,0,6.00,0.00,2.80,6-3.2,1,1916704224513417216,极兔快递,JT0016309522746,服饰,浙江省,
嘉丰国际1号楼101快递美团干洗_站点-嘉丰国际1号楼101快递美团干洗,嘉丰国际1号楼101快递美团干洗,嘉丰国际1号楼101快递美团干洗,快递,2025-04-28 11:26:43,,0.8,0.53,0,6.00,0.00,2.80,6-3.2,1,1916695518690205696,极兔快递,JT0016313107709,服饰,河南省,
嘉丰国际1号楼101快递美团干洗_站点-嘉丰国际1号楼101快递美团干洗,嘉丰国际1号楼101快递美团干洗,嘉丰国际1号楼101快递美团干洗,快递,2025-04-28 11:25:24,,0.4,0.2,0,6.00,0.00,2.80,6-3.2,1,1916695179865939968,极兔快递,JT0016313739382,服饰,河南省,
嘉丰国际1号楼101快递美团干洗_站点-嘉丰国际1号楼101快递美团干洗,嘉丰国际1号楼101快递美团干洗,嘉丰国际1号楼101快递美团干洗,快递,2025-04-28 11:24:48,,0.5,0.44,0,6.00,0.00,2.80,6-3.2,1,1916695034315202560,极兔快递,JT0016309438247,服饰,辽宁省,
嘉丰国际1号楼101快递美团干洗_站点-嘉丰国际1号楼101快递美团干洗,嘉丰国际1号楼101快递美团干洗,嘉丰国际1号楼101快递美团干洗,快递,2025-04-28 11:01:30,,0.3,0.36,0,6.00,0.00,2.80,6-3.2,1,1916689161018728448,极兔快递,JT0016315989585,服饰,浙江省,
嘉丰国际1号楼101快递美团干洗_站点-嘉丰国际1号楼101快递美团干洗,嘉丰国际1号楼101快递美团干洗,嘉丰国际1号楼101快递美团干洗,快递,2025-04-28 11:00:50,,0.3,0.31,0,6.00,0.00,2.80,6-3.2,1,1916688997038219264,极兔快递,JT0016314206165,服饰,广东省,
嘉丰国际1号楼101快递美团干洗_站点-嘉丰国际1号楼101快递美团干洗,嘉丰国际1号楼101快递美团干洗,嘉丰国际1号楼101快递美团干洗,快递,2025-04-28 10:59:44,,0.3,0.88,0,6.00,0.00,2.80,6-3.2,1,1916688728447574016,极兔快递,JT0016314877971,服饰,浙江省,
嘉丰国际1号楼101快递美团干洗_站点-嘉丰国际1号楼101快递美团干洗,嘉丰国际1号楼101快递美团干洗,嘉丰国际1号楼101快递美团干洗,快递,2025-04-28 10:55:45,,0.7,1.11,-1,6.00,0.00,2.80,6-3.2,1,1916687686188195840,极兔快递,JT0016310998882,服饰,浙江省,
嘉丰国际1号楼101快递美团干洗_站点-嘉丰国际1号楼101快递美团干洗,嘉丰国际1号楼101快递美团干洗,嘉丰国际1号楼101快递美团干洗,快递,2025-04-28 10:54:38,,1,1.39,-1,6.00,0.00,2.80,6-3.2,1,1916687443623206912,极兔快递,JT0016314448771,服饰,浙江省,
嘉丰国际1号楼101快递美团干洗_站点-嘉丰国际1号楼101快递美团干洗,嘉丰国际1号楼101快递美团干洗,嘉丰国际1号楼101快递美团干洗,快递,2025-04-28 10:53:31,,0.9,0.86,0,6.00,0.00,2.80,6-3.2,1,1916687130438721536,极兔快递,JT0016312230814,服饰,广东省,
嘉丰国际1号楼101快递美团干洗_站点-嘉丰国际1号楼101快递美团干洗,嘉丰国际1号楼101快递美团干洗,嘉丰国际1号楼101快递美团干洗,快递,2025-04-28 10:52:29,,0.4,0.39,0,6.00,0.00,2.80,6-3.2,1,1916686896522387456,极兔快递,JT0016314892528,服饰,河北省,
嘉丰国际1号楼101快递美团干洗_站点-嘉丰国际1号楼101快递美团干洗,嘉丰国际1号楼101快递美团干洗,嘉丰国际1号楼101快递美团干洗,快递,2025-04-28 10:51:38,,0.55,0.56,0,6.00,0.00,2.80,6-3.2,1,1916686677592301568,极兔快递,JT0016312911331,服饰,河北省,
嘉丰国际1号楼101快递美团干洗_站点-嘉丰国际1号楼101快递美团干洗,嘉丰国际1号楼101快递美团干洗,嘉丰国际1号楼101快递美团干洗,快递,2025-04-28 10:50:11,,1,1.05,-1,6.00,0.00,2.80,6-3.2,1,1916686324134109184,极兔快递,JT0016310346963,其他,河北省,
嘉丰国际1号楼101快递美团干洗_站点-嘉丰国际1号楼101快递美团干洗,嘉丰国际1号楼101快递美团干洗,嘉丰国际1号楼101快递美团干洗,快递,2025-04-28 10:46:44,,2.3,5.35,-3,8.00,4.50,3.60,45% ,1,1916685453245603840,极兔快递,JT0016310339053,其他,山东省,
嘉丰国际1号楼101快递美团干洗_站点-嘉丰国际1号楼101快递美团干洗,嘉丰国际1号楼101快递美团干洗,嘉丰国际1号楼101快递美团干洗,干洗,2025-04-28 10:43:12,,,,,12.80,,3.84,30%,,1916684563218489344,干洗,,"凉鞋   *   1",,
嘉丰国际1号楼101快递美团干洗_站点-嘉丰国际1号楼101快递美团干洗,嘉丰国际1号楼101快递美团干洗,嘉丰国际1号楼101快递美团干洗,快递,2025-04-28 10:10:41,,1,,,6.00,,2.80,6-3.2,1,1916676365900111872,极兔快递,,其他,河北省,
嘉丰国际1号楼101快递美团干洗_站点-嘉丰国际1号楼101快递美团干洗,嘉丰国际1号楼101快递美团干洗,嘉丰国际1号楼101快递美团干洗,快递,2025-04-27 19:17:20,,1,0.94,0,6.00,0.00,2.80,6-3.2,1,1916451556868022272,极兔快递,JT0016298400274,服饰,广东省,
嘉丰国际1号楼101快递美团干洗_站点-嘉丰国际1号楼101快递美团干洗,嘉丰国际1号楼101快递美团干洗,嘉丰国际1号楼101快递美团干洗,快递,2025-04-27 19:16:27,,1,0.62,0,6.00,0.00,2.80,6-3.2,1,1916451342845272064,极兔快递,JT0016307305165,服饰,广东省,
嘉丰国际1号楼101快递美团干洗_站点-嘉丰国际1号楼101快递美团干洗,嘉丰国际1号楼101快递美团干洗,嘉丰国际1号楼101快递美团干洗,快递,2025-04-27 18:47:21,,0.1,0.37,0,6.00,0.00,2.80,6-3.2,1,1916444005820588032,极兔快递,JT0016307958311,服饰,浙江省,
嘉丰国际1号楼101快递美团干洗_站点-嘉丰国际1号楼101快递美团干洗,嘉丰国际1号楼101快递美团干洗,嘉丰国际1号楼101快递美团干洗,快递,2025-04-27 18:46:35,,0.65,0.64,0,6.00,0.00,2.80,6-3.2,1,1916443784487165952,极兔快递,JT0016299833553,服饰,广东省,
嘉丰国际1号楼101快递美团干洗_站点-嘉丰国际1号楼101快递美团干洗,嘉丰国际1号楼101快递美团干洗,嘉丰国际1号楼101快递美团干洗,快递,2025-04-27 18:45:34,,0.8,0.86,0,6.00,0.00,2.80,6-3.2,1,1916443565875847168,极兔快递,JT0016306747302,服饰,广东省,
嘉丰国际1号楼101快递美团干洗_站点-嘉丰国际1号楼101快递美团干洗,嘉丰国际1号楼101快递美团干洗,嘉丰国际1号楼101快递美团干洗,快递,2025-04-27 17:22:21,,0.6,0.5,0,6.00,0.00,2.80,6-3.2,1,1916422627855753216,极兔快递,JT0016302248267,服饰,广东省,
嘉丰国际1号楼101快递美团干洗_站点-嘉丰国际1号楼101快递美团干洗,嘉丰国际1号楼101快递美团干洗,嘉丰国际1号楼101快递美团干洗,快递,2025-04-27 17:18:19,,0.5,0.53,0,6.00,0.00,2.80,6-3.2,1,1916421594542825472,极兔快递,JT0016296004774,服饰,广东省,
嘉丰国际1号楼101快递美团干洗_站点-嘉丰国际1号楼101快递美团干洗,嘉丰国际1号楼101快递美团干洗,嘉丰国际1号楼101快递美团干洗,快递,2025-04-27 17:17:10,,0.5,0.61,0,6.00,0.00,2.80,6-3.2,1,1916421326270947328,极兔快递,JT0016295606687,服饰,广东省,
嘉丰国际1号楼101快递美团干洗_站点-嘉丰国际1号楼101快递美团干洗,嘉丰国际1号楼101快递美团干洗,嘉丰国际1号楼101快递美团干洗,快递,2025-04-27 17:14:47,,0.2,0.24,0,6.00,0.00,2.80,6-3.2,1,1916420712736546816,极兔快递,JT0016305818163,服饰,辽宁省,
嘉丰国际1号楼101快递美团干洗_站点-嘉丰国际1号楼101快递美团干洗,嘉丰国际1号楼101快递美团干洗,嘉丰国际1号楼101快递美团干洗,快递,2025-04-27 17:14:10,,0.2,0.2,0,6.00,0.00,2.80,6-3.2,1,1916420574592950272,极兔快递,JT0016305417568,服饰,浙江省,
嘉丰国际1号楼101快递美团干洗_站点-嘉丰国际1号楼101快递美团干洗,嘉丰国际1号楼101快递美团干洗,嘉丰国际1号楼101快递美团干洗,快递,2025-04-27 17:06:21,,1,0.2,0,6.00,0.00,2.80,6-3.2,1,1916418601885949952,极兔快递,JT0016306390370,服饰,广东省,
嘉丰国际1号楼101快递美团干洗_站点-嘉丰国际1号楼101快递美团干洗,嘉丰国际1号楼101快递美团干洗,嘉丰国际1号楼101快递美团干洗,快递,2025-04-27 17:04:37,,0.5,0.64,0,6.00,0.00,2.80,6-3.2,1,1916418152181063680,极兔快递,JT0016294088528,服饰,浙江省,
嘉丰国际1号楼101快递美团干洗_站点-嘉丰国际1号楼101快递美团干洗,嘉丰国际1号楼101快递美团干洗,嘉丰国际1号楼101快递美团干洗,快递,2025-04-27 17:03:51,,0.7,0.71,0,6.00,0.00,2.80,6-3.2,1,1916417978792730624,极兔快递,JT0016306648329,服饰,浙江省,
嘉丰国际1号楼101快递美团干洗_站点-嘉丰国际1号楼101快递美团干洗,嘉丰国际1号楼101快递美团干洗,嘉丰国际1号楼101快递美团干洗,快递,2025-04-27 17:01:55,,0.6,0.21,0,6.00,0.00,2.80,6-3.2,1,1916417479192403968,极兔快递,JT0016297014486,服饰,广东省,
嘉丰国际1号楼101快递美团干洗_站点-嘉丰国际1号楼101快递美团干洗,嘉丰国际1号楼101快递美团干洗,嘉丰国际1号楼101快递美团干洗,快递,2025-04-27 16:40:20,,0.8,0.83,0,6.00,0.00,2.80,6-3.2,1,1916412055298826240,极兔快递,JT0016305776351,服饰,浙江省,
嘉丰国际1号楼101快递美团干洗_站点-嘉丰国际1号楼101快递美团干洗,嘉丰国际1号楼101快递美团干洗,嘉丰国际1号楼101快递美团干洗,快递,2025-04-27 15:50:16,,0.4,0.82,0,6.00,0.00,2.80,6-3.2,1,1916399456461053952,极兔快递,JT0016303450203,服饰,浙江省,
嘉丰国际1号楼101快递美团干洗_站点-嘉丰国际1号楼101快递美团干洗,嘉丰国际1号楼101快递美团干洗,嘉丰国际1号楼101快递美团干洗,快递,2025-04-27 15:26:22,,0.6,0.41,0,6.00,0.00,2.80,6-3.2,1,1916393432857501696,极兔快递,JT0016303159830,服饰,湖北省,
嘉丰国际1号楼101快递美团干洗_站点-嘉丰国际1号楼101快递美团干洗,嘉丰国际1号楼101快递美团干洗,嘉丰国际1号楼101快递美团干洗,快递,2025-04-27 15:25:44,,1,1.28,-1,6.00,0.00,2.80,6-3.2,1,1916393272802861056,极兔快递,JT0016302839825,服饰,浙江省,
嘉丰国际1号楼101快递美团干洗_站点-嘉丰国际1号楼101快递美团干洗,嘉丰国际1号楼101快递美团干洗,嘉丰国际1号楼101快递美团干洗,干洗,2025-04-27 14:28:20,,,,,23.70,,7.11,30%,,1916378835186409472,干洗,,"清洗鞋19.8元两双   *   1
短袖_衬衣短袖_马甲   *   1",,
嘉丰国际1号楼101快递美团干洗_站点-嘉丰国际1号楼101快递美团干洗,嘉丰国际1号楼101快递美团干洗,嘉丰国际1号楼101快递美团干洗,快递,2025-04-27 13:49:27,,0.45,0.47,0,6.00,0.00,2.80,6-3.2,1,1916369052538560512,极兔快递,JT0016301381151,服饰,广东省,
嘉丰国际1号楼101快递美团干洗_站点-嘉丰国际1号楼101快递美团干洗,嘉丰国际1号楼101快递美团干洗,嘉丰国际1号楼101快递美团干洗,快递,2025-04-27 13:36:17,,0.85,0.84,0,6.00,0.00,2.80,6-3.2,1,1916365736622481408,极兔快递,JT0016296573516,服饰,河北省,
嘉丰国际1号楼101快递美团干洗_站点-嘉丰国际1号楼101快递美团干洗,嘉丰国际1号楼101快递美团干洗,嘉丰国际1号楼101快递美团干洗,干洗,2025-04-27 12:56:58,,,,,39.60,,11.88,30%,,1916355836714475520,干洗,,"清洗鞋19.8元两双   *   1
清洗鞋19.8元两双   *   1
清洗鞋19.8元两双   *   1
清洗鞋19.8元两双   *   1",,
嘉丰国际1号楼101快递美团干洗_站点-嘉丰国际1号楼101快递美团干洗,嘉丰国际1号楼101快递美团干洗,嘉丰国际1号楼101快递美团干洗,干洗,2025-04-27 12:47:14,,,,,12.80,,3.84,30%,,1916353390323752960,干洗,,"凉鞋   *   1",,
嘉丰国际1号楼101快递美团干洗_站点-嘉丰国际1号楼101快递美团干洗,嘉丰国际1号楼101快递美团干洗,嘉丰国际1号楼101快递美团干洗,快递,2025-04-27 11:49:38,,0.65,0.67,0,6.00,0.00,2.80,6-3.2,1,1916338898466562048,极兔快递,JT0016293788309,服饰,浙江省,
嘉丰国际1号楼101快递美团干洗_站点-嘉丰国际1号楼101快递美团干洗,嘉丰国际1号楼101快递美团干洗,嘉丰国际1号楼101快递美团干洗,快递,2025-04-27 11:38:31,,0.3,0.2,0,6.00,0.00,2.80,6-3.2,1,1916336099183878144,极兔快递,JT0016298681941,其他,浙江省,
嘉丰国际1号楼101快递美团干洗_站点-嘉丰国际1号楼101快递美团干洗,嘉丰国际1号楼101快递美团干洗,嘉丰国际1号楼101快递美团干洗,快递,2025-04-27 10:53:19,,0.4,0.49,0,6.00,0.00,2.52,42% ,1,1916324661493030912,韵达快递,312725973278925,服饰,广东省,
嘉丰国际1号楼101快递美团干洗_站点-嘉丰国际1号楼101快递美团干洗,嘉丰国际1号楼101快递美团干洗,嘉丰国际1号楼101快递美团干洗,快递,2025-04-27 10:51:43,,0.25,0.27,0,6.00,0.00,2.52,42% ,1,1916324310647889920,韵达快递,312725971463333,服饰,广东省,
嘉丰国际1号楼101快递美团干洗_站点-嘉丰国际1号楼101快递美团干洗,嘉丰国际1号楼101快递美团干洗,嘉丰国际1号楼101快递美团干洗,快递,2025-04-27 10:51:03,,0.3,0.32,0,6.00,0.00,2.52,42% ,1,1916324144549257216,韵达快递,312725971029981,服饰,广东省,
嘉丰国际1号楼101快递美团干洗_站点-嘉丰国际1号楼101快递美团干洗,嘉丰国际1号楼101快递美团干洗,嘉丰国际1号楼101快递美团干洗,快递,2025-04-27 10:50:16,,0.5,0.52,0,6.00,0.00,2.52,42% ,1,1916323875765673984,韵达快递,312725970283552,服饰,广东省,
嘉丰国际1号楼101快递美团干洗_站点-嘉丰国际1号楼101快递美团干洗,嘉丰国际1号楼101快递美团干洗,嘉丰国际1号楼101快递美团干洗,快递,2025-04-27 10:35:37,,0.3,0.28,0,6.00,0.00,2.80,6-3.2,1,1916320257637408768,极兔快递,JT0016295969576,其他,广东省,
嘉丰国际1号楼101快递美团干洗_站点-嘉丰国际1号楼101快递美团干洗,嘉丰国际1号楼101快递美团干洗,嘉丰国际1号楼101快递美团干洗,快递,2025-04-27 10:34:48,,0.4,0.29,0,6.00,0.00,2.80,6-3.2,1,1916320056260485120,极兔快递,JT0016292866336,服饰,浙江省,
嘉丰国际1号楼101快递美团干洗_站点-嘉丰国际1号楼101快递美团干洗,嘉丰国际1号楼101快递美团干洗,嘉丰国际1号楼101快递美团干洗,快递,2025-04-27 10:33:53,,0.2,0.53,0,6.00,0.00,2.80,6-3.2,1,1916319835107418112,极兔快递,JT0016295625424,其他,浙江省,
嘉丰国际1号楼101快递美团干洗_站点-嘉丰国际1号楼101快递美团干洗,嘉丰国际1号楼101快递美团干洗,嘉丰国际1号楼101快递美团干洗,快递,2025-04-27 10:24:50,,0.3,0.4,0,6.00,0.00,2.80,6-3.2,1,1916317560901263360,极兔快递,JT0016297233315,其他,广东省,
嘉丰国际1号楼101快递美团干洗_站点-嘉丰国际1号楼101快递美团干洗,嘉丰国际1号楼101快递美团干洗,嘉丰国际1号楼101快递美团干洗,快递,2025-04-27 10:22:34,,0.1,0.28,0,6.00,0.00,2.80,6-3.2,1,1916316969785417728,极兔快递,JT0016296358527,其他,广东省,
嘉丰国际1号楼101快递美团干洗_站点-嘉丰国际1号楼101快递美团干洗,嘉丰国际1号楼101快递美团干洗,嘉丰国际1号楼101快递美团干洗,干洗,2025-04-25 19:25:53,,,,,98.00,,29.40,30%,,1915728940209332224,干洗,,"清洗普通羽绒服2件不分长短49元   *   1
清洗普通羽绒服2件不分长短49元   *   1
清洗普通羽绒服2件不分长短49元   *   1
清洗普通羽绒服2件不分长短49元   *   1",,
嘉丰国际1号楼101快递美团干洗_站点-嘉丰国际1号楼101快递美团干洗,嘉丰国际1号楼101快递美团干洗,嘉丰国际1号楼101快递美团干洗,快递,2025-04-25 19:12:20,,0.5,0.6,0,6.00,0.00,2.80,6-3.2,1,1915725527572602880,极兔快递,JT0016275603052,服饰,广东省,
嘉丰国际1号楼101快递美团干洗_站点-嘉丰国际1号楼101快递美团干洗,嘉丰国际1号楼101快递美团干洗,嘉丰国际1号楼101快递美团干洗,快递,2025-04-25 18:57:34,,0.8,0.69,0,6.00,0.00,2.80,6-3.2,1,1915721815319961600,极兔快递,JT0016275878602,服饰,湖北省,
嘉丰国际1号楼101快递美团干洗_站点-嘉丰国际1号楼101快递美团干洗,嘉丰国际1号楼101快递美团干洗,嘉丰国际1号楼101快递美团干洗,快递,2025-04-25 18:25:42,,0.6,0.6,0,6.00,0.00,2.80,6-3.2,1,1915713793063444480,极兔快递,JT0016275269434,服饰,河南省,
嘉丰国际1号楼101快递美团干洗_站点-嘉丰国际1号楼101快递美团干洗,嘉丰国际1号楼101快递美团干洗,嘉丰国际1号楼101快递美团干洗,快递,2025-04-25 17:44:07,,1,1.21,-1,6.00,0.00,2.80,6-3.2,1,1915703316333780992,极兔快递,JT0016274542808,其他,广东省,
嘉丰国际1号楼101快递美团干洗_站点-嘉丰国际1号楼101快递美团干洗,嘉丰国际1号楼101快递美团干洗,嘉丰国际1号楼101快递美团干洗,快递,2025-04-25 17:42:24,,0.8,0.94,0,6.00,0.00,2.80,6-3.2,1,1915702877152403456,极兔快递,JT0016272700826,服饰,广东省,
嘉丰国际1号楼101快递美团干洗_站点-嘉丰国际1号楼101快递美团干洗,嘉丰国际1号楼101快递美团干洗,嘉丰国际1号楼101快递美团干洗,快递,2025-04-25 17:41:35,,0.9,0.92,0,6.00,0.00,2.80,6-3.2,1,1915702682700275712,极兔快递,JT0016273330228,服饰,辽宁省,
嘉丰国际1号楼101快递美团干洗_站点-嘉丰国际1号楼101快递美团干洗,嘉丰国际1号楼101快递美团干洗,嘉丰国际1号楼101快递美团干洗,快递,2025-04-25 17:40:59,,0.8,1.07,-1,6.00,0.00,2.80,6-3.2,1,1915702528270196736,极兔快递,JT0016271852056,服饰,浙江省,
嘉丰国际1号楼101快递美团干洗_站点-嘉丰国际1号楼101快递美团干洗,嘉丰国际1号楼101快递美团干洗,嘉丰国际1号楼101快递美团干洗,快递,2025-04-25 17:40:28,,0.7,0.7,0,6.00,0.00,2.80,6-3.2,1,1915702398800420864,极兔快递,JT0016272344158,服饰,广东省,
嘉丰国际1号楼101快递美团干洗_站点-嘉丰国际1号楼101快递美团干洗,嘉丰国际1号楼101快递美团干洗,嘉丰国际1号楼101快递美团干洗,快递,2025-04-25 17:39:57,,0.6,2.08,-2,6.00,0.00,2.80,6-3.2,1,1915702284388196352,极兔快递,JT0016272796207,服饰,浙江省,
嘉丰国际1号楼101快递美团干洗_站点-嘉丰国际1号楼101快递美团干洗,嘉丰国际1号楼101快递美团干洗,嘉丰国际1号楼101快递美团干洗,快递,2025-04-25 17:36:01,,5,5.12,-1,12.50,4.50,5.00,40% ,1,1915701290451394560,极兔快递,JT0016273656348,其他,黑龙江省,
嘉丰国际1号楼101快递美团干洗_站点-嘉丰国际1号楼101快递美团干洗,嘉丰国际1号楼101快递美团干洗,嘉丰国际1号楼101快递美团干洗,快递,2025-04-25 17:23:28,,0.12,0.2,0,6.00,0.00,2.80,6-3.2,1,1915698134631899136,极兔快递,JT0016270764584,其他,广东省,
嘉丰国际1号楼101快递美团干洗_站点-嘉丰国际1号楼101快递美团干洗,嘉丰国际1号楼101快递美团干洗,嘉丰国际1号楼101快递美团干洗,快递,2025-04-25 17:06:29,,0.4,0.2,0,6.00,0.00,2.80,6-3.2,1,1915693861944745984,极兔快递,JT0016273783376,服饰,浙江省,
嘉丰国际1号楼101快递美团干洗_站点-嘉丰国际1号楼101快递美团干洗,嘉丰国际1号楼101快递美团干洗,嘉丰国际1号楼101快递美团干洗,快递,2025-04-25 16:52:08,,0.6,2.58,-2,6.00,0.00,2.80,6-3.2,1,1915690229752979456,极兔快递,JT0016272286556,服饰,广东省,
嘉丰国际1号楼101快递美团干洗_站点-嘉丰国际1号楼101快递美团干洗,嘉丰国际1号楼101快递美团干洗,嘉丰国际1号楼101快递美团干洗,快递,2025-04-25 16:51:27,,0.7,0.72,0,6.00,0.00,2.80,6-3.2,1,1915690069580898304,极兔快递,JT0016272635942,服饰,广东省,
嘉丰国际1号楼101快递美团干洗_站点-嘉丰国际1号楼101快递美团干洗,嘉丰国际1号楼101快递美团干洗,嘉丰国际1号楼101快递美团干洗,快递,2025-04-25 16:50:46,,0.6,0.55,0,6.00,0.00,2.80,6-3.2,1,1915689904732168192,极兔快递,JT0016273763524,服饰,湖南省,
嘉丰国际1号楼101快递美团干洗_站点-嘉丰国际1号楼101快递美团干洗,嘉丰国际1号楼101快递美团干洗,嘉丰国际1号楼101快递美团干洗,快递,2025-04-25 14:48:08,,0.8,0.78,0,6.00,0.00,2.80,6-3.2,1,1915659036764463104,极兔快递,JT0016270340696,其他,安徽省,
嘉丰国际1号楼101快递美团干洗_站点-嘉丰国际1号楼101快递美团干洗,嘉丰国际1号楼101快递美团干洗,嘉丰国际1号楼101快递美团干洗,快递,2025-04-25 14:19:26,,0.7,0.66,0,6.00,0.00,2.80,6-3.2,1,1915651818740572160,极兔快递,JT0016268752829,服饰,浙江省,
嘉丰国际1号楼101快递美团干洗_站点-嘉丰国际1号楼101快递美团干洗,嘉丰国际1号楼101快递美团干洗,嘉丰国际1号楼101快递美团干洗,快递,2025-04-25 14:16:51,,0.55,0.54,0,6.00,0.00,2.80,6-3.2,1,1915651165641302016,极兔快递,JT0016267719745,服饰,广东省,
嘉丰国际1号楼101快递美团干洗_站点-嘉丰国际1号楼101快递美团干洗,嘉丰国际1号楼101快递美团干洗,嘉丰国际1号楼101快递美团干洗,快递,2025-04-25 14:14:09,,0.3,0.4,0,6.00,0.00,2.80,6-3.2,1,1915650477800611840,极兔快递,JT0016267644361,服饰,山东省,
嘉丰国际1号楼101快递美团干洗_站点-嘉丰国际1号楼101快递美团干洗,嘉丰国际1号楼101快递美团干洗,嘉丰国际1号楼101快递美团干洗,快递,2025-04-25 14:13:04,,0.3,0.22,0,6.00,0.00,2.80,6-3.2,1,1915650219821555712,极兔快递,JT0016266176973,服饰,广东省,
嘉丰国际1号楼101快递美团干洗_站点-嘉丰国际1号楼101快递美团干洗,嘉丰国际1号楼101快递美团干洗,嘉丰国际1号楼101快递美团干洗,快递,2025-04-25 14:10:11,,1.2,1.4,0,7.00,0.00,3.01,43% ,1,1915649448740708352,极兔快递,JT0016265576680,服饰,福建省,
嘉丰国际1号楼101快递美团干洗_站点-嘉丰国际1号楼101快递美团干洗,嘉丰国际1号楼101快递美团干洗,嘉丰国际1号楼101快递美团干洗,快递,2025-04-25 12:30:14,,0.5,0.66,0,6.00,0.00,2.80,6-3.2,1,1915624343717339136,极兔快递,JT0016267332710,其他,广东省,
嘉丰国际1号楼101快递美团干洗_站点-嘉丰国际1号楼101快递美团干洗,嘉丰国际1号楼101快递美团干洗,嘉丰国际1号楼101快递美团干洗,快递,2025-04-25 12:28:27,,0.9,1.05,-1,6.00,0.00,2.80,6-3.2,1,1915623891760111616,极兔快递,JT0016265235491,服饰,山东省,
嘉丰国际1号楼101快递美团干洗_站点-嘉丰国际1号楼101快递美团干洗,嘉丰国际1号楼101快递美团干洗,嘉丰国际1号楼101快递美团干洗,快递,2025-04-25 12:27:02,,0.5,0.47,0,6.00,0.00,2.80,6-3.2,1,1915623505120780288,极兔快递,JT0016264018943,服饰,广东省,
嘉丰国际1号楼101快递美团干洗_站点-嘉丰国际1号楼101快递美团干洗,嘉丰国际1号楼101快递美团干洗,嘉丰国际1号楼101快递美团干洗,快递,2025-04-25 11:16:48,,0.75,0.2,0,6.00,0.00,2.80,6-3.2,1,1915605854050902016,极兔快递,JT0016265714540,服饰,浙江省,
嘉丰国际1号楼101快递美团干洗_站点-嘉丰国际1号楼101快递美团干洗,嘉丰国际1号楼101快递美团干洗,嘉丰国际1号楼101快递美团干洗,快递,2025-04-25 11:14:00,,0.45,0.51,0,6.00,0.00,2.80,6-3.2,1,1915605116662898688,极兔快递,JT0016262246502,其他,河南省,
嘉丰国际1号楼101快递美团干洗_站点-嘉丰国际1号楼101快递美团干洗,嘉丰国际1号楼101快递美团干洗,嘉丰国际1号楼101快递美团干洗,快递,2025-04-25 11:12:24,,0.7,0.71,0,6.00,0.00,2.80,6-3.2,1,1915604755789176832,极兔快递,JT0016262020242,其他,广东省,
嘉丰国际1号楼101快递美团干洗_站点-嘉丰国际1号楼101快递美团干洗,嘉丰国际1号楼101快递美团干洗,嘉丰国际1号楼101快递美团干洗,快递,2025-04-25 11:09:09,,1.4,1.42,0,7.00,0.00,3.01,43% ,1,1915603932023676928,极兔快递,JT0016263650888,其他,广东省,
嘉丰国际1号楼101快递美团干洗_站点-嘉丰国际1号楼101快递美团干洗,嘉丰国际1号楼101快递美团干洗,嘉丰国际1号楼101快递美团干洗,快递,2025-04-25 11:07:04,,0.13,0.2,0,6.00,0.00,2.80,6-3.2,1,1915603412827561984,极兔快递,JT0016264259672,其他,广东省,
嘉丰国际1号楼101快递美团干洗_站点-嘉丰国际1号楼101快递美团干洗,嘉丰国际1号楼101快递美团干洗,嘉丰国际1号楼101快递美团干洗,快递,2025-04-25 11:04:22,,0.42,0.43,0,6.00,0.00,2.80,6-3.2,1,1915602729281839104,极兔快递,JT0016265123360,其他,浙江省,
嘉丰国际1号楼101快递美团干洗_站点-嘉丰国际1号楼101快递美团干洗,嘉丰国际1号楼101快递美团干洗,嘉丰国际1号楼101快递美团干洗,快递,2025-04-25 10:59:21,,1.8,1.79,0,7.00,0.00,3.01,43% ,1,1915601467614224384,极兔快递,JT0016260225667,其他,浙江省,
嘉丰国际1号楼101快递美团干洗_站点-嘉丰国际1号楼101快递美团干洗,嘉丰国际1号楼101快递美团干洗,嘉丰国际1号楼101快递美团干洗,快递,2025-04-25 10:18:05,,0.15,0.28,0,6.00,0.00,2.80,6-3.2,1,1915591077731819520,极兔快递,JT0016263701314,服饰,广东省,
嘉丰国际1号楼101快递美团干洗_站点-嘉丰国际1号楼101快递美团干洗,嘉丰国际1号楼101快递美团干洗,嘉丰国际1号楼101快递美团干洗,快递,2025-04-24 19:56:28,,0.2,0.2,0,6.00,0.00,2.80,6-3.2,1,1915374247096410112,极兔快递,JT0016259962773,服饰,广东省,
嘉丰国际1号楼101快递美团干洗_站点-嘉丰国际1号楼101快递美团干洗,嘉丰国际1号楼101快递美团干洗,嘉丰国际1号楼101快递美团干洗,快递,2025-04-24 19:55:49,,0.2,0.2,0,6.00,0.00,2.80,6-3.2,1,1915374091676475392,极兔快递,JT0016257486671,服饰,江苏省,
嘉丰国际1号楼101快递美团干洗_站点-嘉丰国际1号楼101快递美团干洗,嘉丰国际1号楼101快递美团干洗,嘉丰国际1号楼101快递美团干洗,快递,2025-04-24 19:54:44,,2,0.93,1,8.00,0.00,2.44,43%,1,1915373815984873472,极兔快递,JT0016258195898,易碎品,上海市,
嘉丰国际1号楼101快递美团干洗_站点-嘉丰国际1号楼101快递美团干洗,嘉丰国际1号楼101快递美团干洗,嘉丰国际1号楼101快递美团干洗,快递,2025-04-24 19:16:50,,0.7,0.71,0,6.00,0.00,2.80,6-3.2,1,1915364278439567360,极兔快递,JT0016248519220,其他,天津市,
嘉丰国际1号楼101快递美团干洗_站点-嘉丰国际1号楼101快递美团干洗,嘉丰国际1号楼101快递美团干洗,嘉丰国际1号楼101快递美团干洗,快递,2025-04-24 19:14:44,,0.5,0.2,0,6.00,0.00,2.80,6-3.2,1,1915363749370060800,极兔快递,JT0016258793200,服饰,广东省,
嘉丰国际1号楼101快递美团干洗_站点-嘉丰国际1号楼101快递美团干洗,嘉丰国际1号楼101快递美团干洗,嘉丰国际1号楼101快递美团干洗,快递,2025-04-24 19:13:33,,0.4,0.23,0,6.00,0.00,2.80,6-3.2,1,1915363443441721344,极兔快递,JT0016255932592,服饰,福建省,
嘉丰国际1号楼101快递美团干洗_站点-嘉丰国际1号楼101快递美团干洗,嘉丰国际1号楼101快递美团干洗,嘉丰国际1号楼101快递美团干洗,快递,2025-04-24 19:12:36,,0.5,0.36,0,6.00,0.00,2.80,6-3.2,1,1915363203724664832,极兔快递,JT0016255312546,服饰,湖北省,
嘉丰国际1号楼101快递美团干洗_站点-嘉丰国际1号楼101快递美团干洗,嘉丰国际1号楼101快递美团干洗,嘉丰国际1号楼101快递美团干洗,快递,2025-04-24 19:11:38,,0.7,0.45,0,6.00,0.00,2.80,6-3.2,1,1915362968164163584,极兔快递,JT0016257498314,服饰,江苏省,
嘉丰国际1号楼101快递美团干洗_站点-嘉丰国际1号楼101快递美团干洗,嘉丰国际1号楼101快递美团干洗,嘉丰国际1号楼101快递美团干洗,快递,2025-04-24 19:09:40,,0.6,0.22,0,6.00,0.00,2.80,6-3.2,1,1915362475941617664,极兔快递,JT0016258595338,服饰,广东省,
嘉丰国际1号楼101快递美团干洗_站点-嘉丰国际1号楼101快递美团干洗,嘉丰国际1号楼101快递美团干洗,嘉丰国际1号楼101快递美团干洗,快递,2025-04-24 18:48:11,,0.6,0.24,0,6.00,0.00,2.80,6-3.2,1,1915357063733370880,极兔快递,JT0016257395713,服饰,广东省,
嘉丰国际1号楼101快递美团干洗_站点-嘉丰国际1号楼101快递美团干洗,嘉丰国际1号楼101快递美团干洗,嘉丰国际1号楼101快递美团干洗,快递,2025-04-24 18:18:13,,0.3,0.32,0,6.00,0.00,2.80,6-3.2,1,1915349522936815616,极兔快递,JT0016253862557,其他,湖北省,
嘉丰国际1号楼101快递美团干洗_站点-嘉丰国际1号楼101快递美团干洗,嘉丰国际1号楼101快递美团干洗,嘉丰国际1号楼101快递美团干洗,快递,2025-04-24 17:39:38,,0.2,0.22,0,6.00,0.00,2.80,6-3.2,1,1915339816868569088,极兔快递,JT0016254857540,服饰,湖北省,
嘉丰国际1号楼101快递美团干洗_站点-嘉丰国际1号楼101快递美团干洗,嘉丰国际1号楼101快递美团干洗,嘉丰国际1号楼101快递美团干洗,快递,2025-04-24 17:37:26,,0.2,0.22,0,6.00,0.00,2.80,6-3.2,1,1915339265246289920,极兔快递,JT0016253969082,服饰,浙江省,
嘉丰国际1号楼101快递美团干洗_站点-嘉丰国际1号楼101快递美团干洗,嘉丰国际1号楼101快递美团干洗,嘉丰国际1号楼101快递美团干洗,快递,2025-04-24 16:01:29,,0.2,0.2,0,6.00,0.00,2.80,6-3.2,1,1915315115865726976,极兔快递,JT0016250148478,其他,陕西省,
嘉丰国际1号楼101快递美团干洗_站点-嘉丰国际1号楼101快递美团干洗,嘉丰国际1号楼101快递美团干洗,嘉丰国际1号楼101快递美团干洗,快递,2025-04-24 15:59:07,,2,2.05,-1,7.00,0.00,3.01,43% ,1,1915314518198378496,极兔快递,JT0016243922457,服饰,陕西省,
嘉丰国际1号楼101快递美团干洗_站点-嘉丰国际1号楼101快递美团干洗,嘉丰国际1号楼101快递美团干洗,嘉丰国际1号楼101快递美团干洗,快递,2025-04-24 11:22:06,,13.6,13.49,0,35.00,13.00,14.00,40% ,1,1915244803631407104,韵达快递,312722078725854,服饰,河北省,
嘉丰国际1号楼101快递美团干洗_站点-嘉丰国际1号楼101快递美团干洗,嘉丰国际1号楼101快递美团干洗,嘉丰国际1号楼101快递美团干洗,快递,2025-04-23 19:37:13,,0.4,,,10.00,,1.00,,,1915007017062158336,京东快递,,服饰,广东省,
嘉丰国际1号楼101快递美团干洗_站点-嘉丰国际1号楼101快递美团干洗,嘉丰国际1号楼101快递美团干洗,嘉丰国际1号楼101快递美团干洗,干洗,2025-04-23 17:00:16,,,,,29.80,,8.94,30%,,1914967513655857152,干洗,,"棉服_毛呢_羽绒服   *   1",,
嘉丰国际1号楼101快递美团干洗_站点-嘉丰国际1号楼101快递美团干洗,嘉丰国际1号楼101快递美团干洗,嘉丰国际1号楼101快递美团干洗,快递,2025-04-23 16:06:06,,0.3,0.24,0,6.00,0.00,2.80,6-3.2,1,1914953890178977792,极兔快递,JT0016237775567,其他,河南省,
嘉丰国际1号楼101快递美团干洗_站点-嘉丰国际1号楼101快递美团干洗,嘉丰国际1号楼101快递美团干洗,嘉丰国际1号楼101快递美团干洗,干洗,2025-04-23 15:54:49,,,,,18.00,,5.40,30%,,1914951049729200128,干洗,,"羽绒马甲_儿童羽绒服   *   1",,
嘉丰国际1号楼101快递美团干洗_站点-嘉丰国际1号楼101快递美团干洗,嘉丰国际1号楼101快递美团干洗,嘉丰国际1号楼101快递美团干洗,干洗,2025-04-23 15:38:32,,,,,25.00,,7.50,30%,,1914946953878097920,干洗,,"风衣   *   1",,
嘉丰国际1号楼101快递美团干洗_站点-嘉丰国际1号楼101快递美团干洗,嘉丰国际1号楼101快递美团干洗,嘉丰国际1号楼101快递美团干洗,干洗,2025-04-23 15:19:24,,,,,15.00,,4.50,30%,,1914942102301495296,干洗,,"睡衣裤子_上衣   *   1",,
嘉丰国际1号楼101快递美团干洗_站点-嘉丰国际1号楼101快递美团干洗,嘉丰国际1号楼101快递美团干洗,嘉丰国际1号楼101快递美团干洗,快递,2025-04-23 11:32:07,,0.4,0.25,0,6.00,0.00,2.52,42% ,1,1914884893504884736,韵达快递,312721069269979,服饰,浙江省,
嘉丰国际1号楼101快递美团干洗_站点-嘉丰国际1号楼101快递美团干洗,嘉丰国际1号楼101快递美团干洗,嘉丰国际1号楼101快递美团干洗,干洗,2025-04-23 11:30:31,,,,,9.90,,2.97,30%,,1914884532132040704,干洗,,"清洗鞋19.8元两双   *   1",,
嘉丰国际1号楼101快递美团干洗_站点-嘉丰国际1号楼101快递美团干洗,嘉丰国际1号楼101快递美团干洗,嘉丰国际1号楼101快递美团干洗,快递,2025-04-23 11:13:18,,0.3,0.2,0,6.00,0.00,2.80,6-3.2,1,1914880207775256576,极兔快递,JT0016231378696,服饰,湖北省,
嘉丰国际1号楼101快递美团干洗_站点-嘉丰国际1号楼101快递美团干洗,嘉丰国际1号楼101快递美团干洗,嘉丰国际1号楼101快递美团干洗,快递,2025-04-23 10:54:05,,1.2,1.98,0,8.00,0.00,2.44,43%,1,1914875369649786880,极兔快递,JT0016232518071,服饰,上海市,
嘉丰国际1号楼101快递美团干洗_站点-嘉丰国际1号楼101快递美团干洗,嘉丰国际1号楼101快递美团干洗,嘉丰国际1号楼101快递美团干洗,快递,2025-04-23 10:47:59,,0.3,0.25,0,6.00,0.00,2.80,6-3.2,1,1914873828553445376,极兔快递,JT0016229073999,服饰,广东省,
嘉丰国际1号楼101快递美团干洗_站点-嘉丰国际1号楼101快递美团干洗,嘉丰国际1号楼101快递美团干洗,嘉丰国际1号楼101快递美团干洗,快递,2025-04-23 10:45:03,,0.32,0.32,0,6.00,0.00,2.80,6-3.2,1,1914873093300342784,极兔快递,JT0016214245097,服饰,湖北省,
嘉丰国际1号楼101快递美团干洗_站点-嘉丰国际1号楼101快递美团干洗,嘉丰国际1号楼101快递美团干洗,嘉丰国际1号楼101快递美团干洗,快递,2025-04-23 10:12:54,,5.9,5.95,0,15.00,5.00,6.00,40% ,1,1914864998302011392,韵达快递,312720866438436,食品,陕西省,
嘉丰国际1号楼101快递美团干洗_站点-嘉丰国际1号楼101快递美团干洗,嘉丰国际1号楼101快递美团干洗,嘉丰国际1号楼101快递美团干洗,快递,2025-04-23 10:11:13,,2.8,2.79,0,8.00,0.00,3.60,45% ,1,1914864516011577344,韵达快递,312720863465338,食品,陕西省,
嘉丰国际1号楼101快递美团干洗_站点-嘉丰国际1号楼101快递美团干洗,嘉丰国际1号楼101快递美团干洗,嘉丰国际1号楼101快递美团干洗,快递,2025-04-22 19:23:37,,0.1,0.2,0,6.00,0.00,2.80,6-3.2,1,1914641200533393408,极兔快递,JT0016224497648,服饰,广东省,
嘉丰国际1号楼101快递美团干洗_站点-嘉丰国际1号楼101快递美团干洗,嘉丰国际1号楼101快递美团干洗,嘉丰国际1号楼101快递美团干洗,快递,2025-04-22 19:22:57,,0.3,0.2,0,6.00,0.00,2.80,6-3.2,1,1914641041489580032,极兔快递,JT0016213404369,服饰,浙江省,
嘉丰国际1号楼101快递美团干洗_站点-嘉丰国际1号楼101快递美团干洗,嘉丰国际1号楼101快递美团干洗,嘉丰国际1号楼101快递美团干洗,快递,2025-04-22 19:08:43,,0.25,0.26,0,6.00,0.00,2.80,6-3.2,1,1914637455753924608,极兔快递,JT0016220022506,服饰,浙江省,
嘉丰国际1号楼101快递美团干洗_站点-嘉丰国际1号楼101快递美团干洗,嘉丰国际1号楼101快递美团干洗,嘉丰国际1号楼101快递美团干洗,快递,2025-04-22 19:06:54,,0.5,0.5,0,6.00,0.00,2.80,6-3.2,1,1914637004035772416,极兔快递,JT0016226138177,其他,浙江省,
嘉丰国际1号楼101快递美团干洗_站点-嘉丰国际1号楼101快递美团干洗,嘉丰国际1号楼101快递美团干洗,嘉丰国际1号楼101快递美团干洗,快递,2025-04-22 19:04:04,,0.1,0.2,0,6.00,0.00,2.80,6-3.2,1,1914636293000581120,极兔快递,JT0016225917889,其他,江西省,
嘉丰国际1号楼101快递美团干洗_站点-嘉丰国际1号楼101快递美团干洗,嘉丰国际1号楼101快递美团干洗,嘉丰国际1号楼101快递美团干洗,快递,2025-04-22 19:00:47,,0.42,0.43,0,6.00,0.00,2.80,6-3.2,1,1914635462624858112,极兔快递,JT0016209096310,其他,广东省,
嘉丰国际1号楼101快递美团干洗_站点-嘉丰国际1号楼101快递美团干洗,嘉丰国际1号楼101快递美团干洗,嘉丰国际1号楼101快递美团干洗,快递,2025-04-22 18:59:37,,0.25,0.2,0,6.00,0.00,2.80,6-3.2,1,1914635170361561088,极兔快递,JT0016214740558,其他,安徽省,
嘉丰国际1号楼101快递美团干洗_站点-嘉丰国际1号楼101快递美团干洗,嘉丰国际1号楼101快递美团干洗,嘉丰国际1号楼101快递美团干洗,快递,2025-04-22 18:56:17,,1.5,1.54,0,7.00,0.00,3.01,43% ,1,1914634327616835584,极兔快递,JT0016223121590,其他,广东省,
嘉丰国际1号楼101快递美团干洗_站点-嘉丰国际1号楼101快递美团干洗,嘉丰国际1号楼101快递美团干洗,嘉丰国际1号楼101快递美团干洗,快递,2025-04-22 18:39:04,2025-04-22 10:51:01,0.5,,,6.00,,0.00,,1,1914630001808822272,极兔快递,JT0016224555634,其他,广西壮族自治区,已全额退款
嘉丰国际1号楼101快递美团干洗_站点-嘉丰国际1号楼101快递美团干洗,嘉丰国际1号楼101快递美团干洗,嘉丰国际1号楼101快递美团干洗,快递,2025-04-22 18:50:05,,0.5,0.57,0,6.00,0.00,2.80,6-3.2,1,1914632769814581248,极兔快递,JT0016220622244,服饰,广西壮族自治区,
嘉丰国际1号楼101快递美团干洗_站点-嘉丰国际1号楼101快递美团干洗,嘉丰国际1号楼101快递美团干洗,嘉丰国际1号楼101快递美团干洗,快递,2025-04-22 18:46:28,,0.5,0.2,0,6.00,0.00,2.80,6-3.2,1,1914631858249715712,极兔快递,JT0016211458704,服饰,广东省,
嘉丰国际1号楼101快递美团干洗_站点-嘉丰国际1号楼101快递美团干洗,嘉丰国际1号楼101快递美团干洗,嘉丰国际1号楼101快递美团干洗,快递,2025-04-22 18:45:13,,0.42,0.45,0,6.00,0.00,2.80,6-3.2,1,1914631549527969792,极兔快递,JT0016207836994,其他,安徽省,
嘉丰国际1号楼101快递美团干洗_站点-嘉丰国际1号楼101快递美团干洗,嘉丰国际1号楼101快递美团干洗,嘉丰国际1号楼101快递美团干洗,快递,2025-04-22 18:42:46,,0.4,0.45,0,6.00,0.00,2.80,6-3.2,1,1914630929811165184,极兔快递,JT0016224037624,其他,安徽省,
嘉丰国际1号楼101快递美团干洗_站点-嘉丰国际1号楼101快递美团干洗,嘉丰国际1号楼101快递美团干洗,嘉丰国际1号楼101快递美团干洗,快递,2025-04-22 18:37:20,,0.8,0.85,0,6.00,0.00,2.52,42% ,1,1914629562191237120,韵达快递,312720342082905,其他,内蒙古自治区,
嘉丰国际1号楼101快递美团干洗_站点-嘉丰国际1号楼101快递美团干洗,嘉丰国际1号楼101快递美团干洗,嘉丰国际1号楼101快递美团干洗,快递,2025-04-22 18:35:25,,0.8,0.81,0,6.00,0.00,2.80,6-3.2,1,1914629072598519808,极兔快递,JT0016222109567,服饰,福建省,
嘉丰国际1号楼101快递美团干洗_站点-嘉丰国际1号楼101快递美团干洗,嘉丰国际1号楼101快递美团干洗,嘉丰国际1号楼101快递美团干洗,快递,2025-04-22 18:24:56,,0.6,0.53,0,6.00,0.00,2.80,6-3.2,1,1914626441243185152,极兔快递,JT0016210895096,服饰,湖南省,
嘉丰国际1号楼101快递美团干洗_站点-嘉丰国际1号楼101快递美团干洗,嘉丰国际1号楼101快递美团干洗,嘉丰国际1号楼101快递美团干洗,快递,2025-04-22 18:23:45,,0.25,0.24,0,6.00,0.00,2.80,6-3.2,1,1914626144903024640,极兔快递,JT0016222504368,文件,湖北省,
嘉丰国际1号楼101快递美团干洗_站点-嘉丰国际1号楼101快递美团干洗,嘉丰国际1号楼101快递美团干洗,嘉丰国际1号楼101快递美团干洗,快递,2025-04-22 18:09:35,,0.2,0.2,0,6.00,0.00,2.80,6-3.2,1,1914622575298662400,极兔快递,JT0016221234992,服饰,山东省,
嘉丰国际1号楼101快递美团干洗_站点-嘉丰国际1号楼101快递美团干洗,嘉丰国际1号楼101快递美团干洗,嘉丰国际1号楼101快递美团干洗,快递,2025-04-22 17:34:45,,7.8,7.96,0,20.00,7.50,8.00,40% ,1,1914613808607711232,极兔快递,JT0016222363823,食品,陕西省,
嘉丰国际1号楼101快递美团干洗_站点-嘉丰国际1号楼101快递美团干洗,嘉丰国际1号楼101快递美团干洗,嘉丰国际1号楼101快递美团干洗,快递,2025-04-22 17:21:43,,0.35,0.34,0,6.00,0.00,2.80,6-3.2,1,1914610522597019648,极兔快递,JT0016223436732,服饰,浙江省,
嘉丰国际1号楼101快递美团干洗_站点-嘉丰国际1号楼101快递美团干洗,嘉丰国际1号楼101快递美团干洗,嘉丰国际1号楼101快递美团干洗,快递,2025-04-22 17:20:54,,0.55,0.39,0,6.00,0.00,2.80,6-3.2,1,1914610314924445696,极兔快递,JT0016222241885,服饰,浙江省,
嘉丰国际1号楼101快递美团干洗_站点-嘉丰国际1号楼101快递美团干洗,嘉丰国际1号楼101快递美团干洗,嘉丰国际1号楼101快递美团干洗,快递,2025-04-22 17:19:54,,0.62,0.65,0,6.00,0.00,2.80,6-3.2,1,1914610073961680896,极兔快递,JT0016224972291,服饰,广东省,
嘉丰国际1号楼101快递美团干洗_站点-嘉丰国际1号楼101快递美团干洗,嘉丰国际1号楼101快递美团干洗,嘉丰国际1号楼101快递美团干洗,快递,2025-04-22 16:58:38,,0.35,0.2,0,6.00,0.00,2.80,6-3.2,1,1914604721161555968,极兔快递,JT0016223823430,服饰,广东省,
嘉丰国际1号楼101快递美团干洗_站点-嘉丰国际1号楼101快递美团干洗,嘉丰国际1号楼101快递美团干洗,嘉丰国际1号楼101快递美团干洗,快递,2025-04-22 16:07:22,,0.5,0.47,0,6.00,0.00,2.80,6-3.2,1,1914591815762104320,极兔快递,JT0016220636907,服饰,辽宁省,
嘉丰国际1号楼101快递美团干洗_站点-嘉丰国际1号楼101快递美团干洗,嘉丰国际1号楼101快递美团干洗,嘉丰国际1号楼101快递美团干洗,快递,2025-04-22 16:02:18,,0.5,0.56,0,6.00,0.00,2.80,6-3.2,1,1914590545303228416,极兔快递,JT0016221324017,服饰,广西壮族自治区,
嘉丰国际1号楼101快递美团干洗_站点-嘉丰国际1号楼101快递美团干洗,嘉丰国际1号楼101快递美团干洗,嘉丰国际1号楼101快递美团干洗,快递,2025-04-22 13:17:04,,2.7,2.65,0,8.00,0.00,3.60,45% ,1,1914548962180648960,韵达快递,312720056646856,食品,陕西省,
嘉丰国际1号楼101快递美团干洗_站点-嘉丰国际1号楼101快递美团干洗,嘉丰国际1号楼101快递美团干洗,嘉丰国际1号楼101快递美团干洗,快递,2025-04-22 13:15:43,,2.7,2.64,0,8.00,0.00,3.60,45% ,1,1914548619061415936,韵达快递,312720056330503,食品,甘肃省,
嘉丰国际1号楼101快递美团干洗_站点-嘉丰国际1号楼101快递美团干洗,嘉丰国际1号楼101快递美团干洗,嘉丰国际1号楼101快递美团干洗,快递,2025-04-22 13:06:51,,0.5,0.45,0,6.00,0.00,2.80,6-3.2,1,1914546392322199552,极兔快递,JT0016217240597,服饰,广东省,
嘉丰国际1号楼101快递美团干洗_站点-嘉丰国际1号楼101快递美团干洗,嘉丰国际1号楼101快递美团干洗,嘉丰国际1号楼101快递美团干洗,快递,2025-04-22 13:02:59,,0.1,0.2,0,6.00,0.00,2.80,6-3.2,1,1914545410339164160,极兔快递,JT0016216231062,服饰,浙江省,
嘉丰国际1号楼101快递美团干洗_站点-嘉丰国际1号楼101快递美团干洗,嘉丰国际1号楼101快递美团干洗,嘉丰国际1号楼101快递美团干洗,快递,2025-04-22 13:02:20,,0.1,0.2,0,6.00,0.00,2.80,6-3.2,1,1914545258857680896,极兔快递,JT0016216815882,服饰,浙江省,
嘉丰国际1号楼101快递美团干洗_站点-嘉丰国际1号楼101快递美团干洗,嘉丰国际1号楼101快递美团干洗,嘉丰国际1号楼101快递美团干洗,快递,2025-04-22 12:59:22,,1,0.29,0,6.00,0.00,2.80,6-3.2,1,1914544509809512448,极兔快递,JT0016213759111,其他,广东省,
嘉丰国际1号楼101快递美团干洗_站点-嘉丰国际1号楼101快递美团干洗,嘉丰国际1号楼101快递美团干洗,嘉丰国际1号楼101快递美团干洗,快递,2025-04-22 12:38:06,,0.2,0.2,0,6.00,0.00,2.80,6-3.2,1,1914539156443156480,极兔快递,JT0016202602336,其他,江西省,
嘉丰国际1号楼101快递美团干洗_站点-嘉丰国际1号楼101快递美团干洗,嘉丰国际1号楼101快递美团干洗,嘉丰国际1号楼101快递美团干洗,干洗,2025-04-22 11:41:50,,,,,49.00,,14.70,30%,,1914524975044153344,干洗,,"清洗普通羽绒服2件不分长短49元   *   1
清洗普通羽绒服2件不分长短49元   *   1",,
嘉丰国际1号楼101快递美团干洗_站点-嘉丰国际1号楼101快递美团干洗,嘉丰国际1号楼101快递美团干洗,嘉丰国际1号楼101快递美团干洗,快递,2025-04-22 10:23:25,,0.2,0.2,0,6.00,0.00,2.80,6-3.2,1,1914505259697229824,极兔快递,JT0016214566634,服饰,浙江省,
嘉丰国际1号楼101快递美团干洗_站点-嘉丰国际1号楼101快递美团干洗,嘉丰国际1号楼101快递美团干洗,嘉丰国际1号楼101快递美团干洗,快递,2025-04-22 10:21:08,,0.42,0.45,0,6.00,0.00,2.80,6-3.2,1,1914504681248182272,极兔快递,JT0016212193778,服饰,广东省,
嘉丰国际1号楼101快递美团干洗_站点-嘉丰国际1号楼101快递美团干洗,嘉丰国际1号楼101快递美团干洗,嘉丰国际1号楼101快递美团干洗,快递,2025-04-21 19:56:24,,0.3,0.25,0,6.00,0.00,2.80,6-3.2,1,1914287062494662656,极兔快递,JT0016207505012,服饰,福建省,
嘉丰国际1号楼101快递美团干洗_站点-嘉丰国际1号楼101快递美团干洗,嘉丰国际1号楼101快递美团干洗,嘉丰国际1号楼101快递美团干洗,快递,2025-04-21 18:18:18,,2.2,2.17,0,8.00,0.00,3.60,45% ,1,1914262384313028608,极兔快递,JT0016207140659,其他,安徽省,
嘉丰国际1号楼101快递美团干洗_站点-嘉丰国际1号楼101快递美团干洗,嘉丰国际1号楼101快递美团干洗,嘉丰国际1号楼101快递美团干洗,快递,2025-04-21 18:17:02,,2.2,2.16,0,8.00,0.00,3.60,45% ,1,1914262066103767040,极兔快递,JT0016205230574,其他,安徽省,
嘉丰国际1号楼101快递美团干洗_站点-嘉丰国际1号楼101快递美团干洗,嘉丰国际1号楼101快递美团干洗,嘉丰国际1号楼101快递美团干洗,快递,2025-04-21 18:14:09,,0.2,0.2,0,6.00,0.00,2.80,6-3.2,1,1914261338840813568,极兔快递,JT0016207805314,其他,安徽省,
嘉丰国际1号楼101快递美团干洗_站点-嘉丰国际1号楼101快递美团干洗,嘉丰国际1号楼101快递美团干洗,嘉丰国际1号楼101快递美团干洗,快递,2025-04-21 17:27:37,,0.5,0.47,0,6.00,0.00,2.80,6-3.2,1,1914249628114165760,极兔快递,JT0016203225156,服饰,广东省,
嘉丰国际1号楼101快递美团干洗_站点-嘉丰国际1号楼101快递美团干洗,嘉丰国际1号楼101快递美团干洗,嘉丰国际1号楼101快递美团干洗,快递,2025-04-21 17:15:34,,0.35,0.33,0,6.00,0.00,2.80,6-3.2,1,1914246596739670016,极兔快递,JT0016207027484,服饰,广东省,
嘉丰国际1号楼101快递美团干洗_站点-嘉丰国际1号楼101快递美团干洗,嘉丰国际1号楼101快递美团干洗,嘉丰国际1号楼101快递美团干洗,快递,2025-04-21 17:09:13,,0.3,0.2,0,6.00,0.00,2.80,6-3.2,1,1914244990828748800,极兔快递,JT0016203492732,服饰,广东省,
嘉丰国际1号楼101快递美团干洗_站点-嘉丰国际1号楼101快递美团干洗,嘉丰国际1号楼101快递美团干洗,嘉丰国际1号楼101快递美团干洗,快递,2025-04-21 16:58:49,,0.2,0.33,0,6.00,0.00,2.80,6-3.2,1,1914242180884144128,极兔快递,JT0016205707630,其他,广东省,
嘉丰国际1号楼101快递美团干洗_站点-嘉丰国际1号楼101快递美团干洗,嘉丰国际1号楼101快递美团干洗,嘉丰国际1号楼101快递美团干洗,快递,2025-04-21 16:56:51,,0.52,0.54,0,6.00,0.00,2.80,6-3.2,1,1914241865560563712,极兔快递,JT0016180621166,其他,浙江省,
嘉丰国际1号楼101快递美团干洗_站点-嘉丰国际1号楼101快递美团干洗,嘉丰国际1号楼101快递美团干洗,嘉丰国际1号楼101快递美团干洗,快递,2025-04-21 16:45:24,,0.5,0.33,0,6.00,0.00,2.80,6-3.2,1,1914239003594006528,极兔快递,JT0016201796002,服饰,江苏省,
嘉丰国际1号楼101快递美团干洗_站点-嘉丰国际1号楼101快递美团干洗,嘉丰国际1号楼101快递美团干洗,嘉丰国际1号楼101快递美团干洗,快递,2025-04-21 16:42:32,,1.2,1.17,0,7.00,0.00,3.01,43% ,1,1914238285801791488,极兔快递,JT0016199099688,其他,河南省,
嘉丰国际1号楼101快递美团干洗_站点-嘉丰国际1号楼101快递美团干洗,嘉丰国际1号楼101快递美团干洗,嘉丰国际1号楼101快递美团干洗,快递,2025-04-21 16:36:12,,0.6,0.59,0,6.00,0.00,2.80,6-3.2,1,1914236679085563904,极兔快递,JT0016205365254,服饰,山东省,
嘉丰国际1号楼101快递美团干洗_站点-嘉丰国际1号楼101快递美团干洗,嘉丰国际1号楼101快递美团干洗,嘉丰国际1号楼101快递美团干洗,快递,2025-04-21 16:35:31,,0.6,0.59,0,6.00,0.00,2.80,6-3.2,1,1914236518108176384,极兔快递,JT0016202004046,服饰,山东省,
嘉丰国际1号楼101快递美团干洗_站点-嘉丰国际1号楼101快递美团干洗,嘉丰国际1号楼101快递美团干洗,嘉丰国际1号楼101快递美团干洗,快递,2025-04-21 16:25:50,,0.6,0.54,0,6.00,0.00,2.80,6-3.2,1,1914234072518565888,极兔快递,JT0016204286778,服饰,福建省,
嘉丰国际1号楼101快递美团干洗_站点-嘉丰国际1号楼101快递美团干洗,嘉丰国际1号楼101快递美团干洗,嘉丰国际1号楼101快递美团干洗,快递,2025-04-21 16:25:01,,0.6,0.58,0,6.00,0.00,2.80,6-3.2,1,1914233872227966976,极兔快递,JT0016206531886,服饰,福建省,
嘉丰国际1号楼101快递美团干洗_站点-嘉丰国际1号楼101快递美团干洗,嘉丰国际1号楼101快递美团干洗,嘉丰国际1号楼101快递美团干洗,快递,2025-04-21 14:30:49,,0.6,0.61,0,6.00,0.00,2.80,6-3.2,1,1914205100946694144,极兔快递,JT0016177663935,服饰,广东省,
嘉丰国际1号楼101快递美团干洗_站点-嘉丰国际1号楼101快递美团干洗,嘉丰国际1号楼101快递美团干洗,嘉丰国际1号楼101快递美团干洗,快递,2025-04-21 14:28:13,,1.5,1.44,0,7.00,0.00,3.01,43% ,1,1914204477647953920,极兔快递,JT0016201670902,服饰,福建省,
嘉丰国际1号楼101快递美团干洗_站点-嘉丰国际1号楼101快递美团干洗,嘉丰国际1号楼101快递美团干洗,嘉丰国际1号楼101快递美团干洗,快递,2025-04-21 14:20:15,,0.7,0.84,0,6.00,0.00,2.80,6-3.2,1,1914202463836774400,极兔快递,JT0016197807327,服饰,浙江省,
嘉丰国际1号楼101快递美团干洗_站点-嘉丰国际1号楼101快递美团干洗,嘉丰国际1号楼101快递美团干洗,嘉丰国际1号楼101快递美团干洗,快递,2025-04-21 14:19:42,,0.7,4.86,-4,6.00,3.00,2.80,6-3.2,1,1914202322081882112,极兔快递,JT0016199315592,服饰,河南省,
嘉丰国际1号楼101快递美团干洗_站点-嘉丰国际1号楼101快递美团干洗,嘉丰国际1号楼101快递美团干洗,嘉丰国际1号楼101快递美团干洗,快递,2025-04-21 14:18:48,,0.6,0.38,0,6.00,0.00,2.80,6-3.2,1,1914202094364729344,极兔快递,JT0016200906628,服饰,广东省,
嘉丰国际1号楼101快递美团干洗_站点-嘉丰国际1号楼101快递美团干洗,嘉丰国际1号楼101快递美团干洗,嘉丰国际1号楼101快递美团干洗,快递,2025-04-21 10:59:11,,0.25,0.23,0,6.00,0.00,2.80,6-3.2,1,1914151877305114624,极兔快递,JT0016198179507,服饰,广东省,
嘉丰国际1号楼101快递美团干洗_站点-嘉丰国际1号楼101快递美团干洗,嘉丰国际1号楼101快递美团干洗,嘉丰国际1号楼101快递美团干洗,干洗,2025-04-21 10:56:26,,,,,126.00,,37.80,30%,,1914151180891267072,干洗,,"羽绒马甲_儿童羽绒服   *   1
清洗普通羽绒服2件不分长短49元   *   1
清洗普通羽绒服2件不分长短49元   *   1
清洗毛呢2件59元   *   1
清洗毛呢2件59元   *   1",,
嘉丰国际1号楼101快递美团干洗_站点-嘉丰国际1号楼101快递美团干洗,嘉丰国际1号楼101快递美团干洗,嘉丰国际1号楼101快递美团干洗,快递,2025-04-21 10:40:00,,1.9,1.91,0,7.00,0.00,3.01,43% ,1,1914147046779723776,极兔快递,JT0016199038961,其他,广东省,
嘉丰国际1号楼101快递美团干洗_站点-嘉丰国际1号楼101快递美团干洗,嘉丰国际1号楼101快递美团干洗,嘉丰国际1号楼101快递美团干洗,干洗,2025-04-21 10:26:15,,,,,98.00,,29.40,30%,,1914143585078026240,干洗,,"清洗普通羽绒服2件不分长短49元   *   1
清洗普通羽绒服2件不分长短49元   *   1
清洗普通羽绒服2件不分长短49元   *   1
清洗普通羽绒服2件不分长短49元   *   1",,
嘉丰国际1号楼101快递美团干洗_站点-嘉丰国际1号楼101快递美团干洗,嘉丰国际1号楼101快递美团干洗,嘉丰国际1号楼101快递美团干洗,快递,2025-04-21 10:17:34,,0.5,0.51,0,6.00,0.00,2.80,6-3.2,1,1914141392337838080,极兔快递,JT0016182562009,服饰,河南省,
嘉丰国际1号楼101快递美团干洗_站点-嘉丰国际1号楼101快递美团干洗,嘉丰国际1号楼101快递美团干洗,嘉丰国际1号楼101快递美团干洗,干洗,2025-04-20 16:00:30,2025-04-20 15:43:23,,,,189.00,,0.00,0%,,1913865309713539072,干洗,,"羽绒马甲_儿童羽绒服   *   1
羊剪绒   *   1
毛领   *   1
清洗普通羽绒服2件不分长短49元   *   1
清洗普通羽绒服2件不分长短49元   *   1
清洗毛呢2件59元   *   1
清洗毛呢2件59元   *   1",,已全额退款
嘉丰国际1号楼101快递美团干洗_站点-嘉丰国际1号楼101快递美团干洗,嘉丰国际1号楼101快递美团干洗,嘉丰国际1号楼101快递美团干洗,干洗,2025-04-20 20:18:20,,,,,9.90,,2.97,30%,,1913930197068619776,干洗,,"清洗鞋19.8元两双   *   1",,
嘉丰国际1号楼101快递美团干洗_站点-嘉丰国际1号楼101快递美团干洗,嘉丰国际1号楼101快递美团干洗,嘉丰国际1号楼101快递美团干洗,快递,2025-04-20 19:57:39,,0.4,0.37,0,6.00,0.00,2.80,6-3.2,1,1913924955660820480,极兔快递,JT0016191686112,服饰,广东省,
嘉丰国际1号楼101快递美团干洗_站点-嘉丰国际1号楼101快递美团干洗,嘉丰国际1号楼101快递美团干洗,嘉丰国际1号楼101快递美团干洗,快递,2025-04-20 19:29:23,,1,1.17,-1,6.00,0.00,2.80,6-3.2,1,1913917881002434560,极兔快递,JT0016189005205,服饰,福建省,
嘉丰国际1号楼101快递美团干洗_站点-嘉丰国际1号楼101快递美团干洗,嘉丰国际1号楼101快递美团干洗,嘉丰国际1号楼101快递美团干洗,快递,2025-04-20 19:15:50,,0.1,0.2,0,6.00,0.00,2.80,6-3.2,1,1913914461050839040,极兔快递,JT0016188846755,服饰,浙江省,
嘉丰国际1号楼101快递美团干洗_站点-嘉丰国际1号楼101快递美团干洗,嘉丰国际1号楼101快递美团干洗,嘉丰国际1号楼101快递美团干洗,快递,2025-04-20 19:08:20,,1,0.5,0,6.00,0.00,2.80,6-3.2,1,1913912455422746624,极兔快递,JT0016191983473,服饰,安徽省,
嘉丰国际1号楼101快递美团干洗_站点-嘉丰国际1号楼101快递美团干洗,嘉丰国际1号楼101快递美团干洗,嘉丰国际1号楼101快递美团干洗,快递,2025-04-20 18:54:03,,0.5,0.41,0,6.00,0.00,2.80,6-3.2,1,1913908894739668992,极兔快递,JT0016191311302,服饰,广东省,
嘉丰国际1号楼101快递美团干洗_站点-嘉丰国际1号楼101快递美团干洗,嘉丰国际1号楼101快递美团干洗,嘉丰国际1号楼101快递美团干洗,快递,2025-04-20 18:53:03,,0.4,0.21,0,6.00,0.00,2.80,6-3.2,1,1913908740104069120,极兔快递,JT0016189800624,服饰,广东省,
嘉丰国际1号楼101快递美团干洗_站点-嘉丰国际1号楼101快递美团干洗,嘉丰国际1号楼101快递美团干洗,嘉丰国际1号楼101快递美团干洗,快递,2025-04-20 17:47:04,,0.4,0.25,0,6.00,0.00,2.80,6-3.2,1,1913892136297373696,极兔快递,JT0016181593212,服饰,广东省,
嘉丰国际1号楼101快递美团干洗_站点-嘉丰国际1号楼101快递美团干洗,嘉丰国际1号楼101快递美团干洗,嘉丰国际1号楼101快递美团干洗,快递,2025-04-20 17:33:49,,0.22,0.21,0,6.00,0.00,2.80,6-3.2,1,1913888799653044224,极兔快递,JT0016187561749,服饰,浙江省,
嘉丰国际1号楼101快递美团干洗_站点-嘉丰国际1号楼101快递美团干洗,嘉丰国际1号楼101快递美团干洗,嘉丰国际1号楼101快递美团干洗,快递,2025-04-20 17:25:24,,0.42,0.2,0,6.00,0.00,2.80,6-3.2,1,1913886678329270272,极兔快递,JT0016187291878,其他,广东省,
嘉丰国际1号楼101快递美团干洗_站点-嘉丰国际1号楼101快递美团干洗,嘉丰国际1号楼101快递美团干洗,嘉丰国际1号楼101快递美团干洗,快递,2025-04-20 15:46:37,,0.25,0.22,0,6.00,0.00,2.80,6-3.2,1,1913861821105381376,极兔快递,JT0016188180635,服饰,黑龙江省,
嘉丰国际1号楼101快递美团干洗_站点-嘉丰国际1号楼101快递美团干洗,嘉丰国际1号楼101快递美团干洗,嘉丰国际1号楼101快递美团干洗,快递,2025-04-20 15:42:13,,0.35,0.4,0,6.00,0.00,2.80,6-3.2,1,1913860719253331968,极兔快递,JT0016187418487,其他,浙江省,
嘉丰国际1号楼101快递美团干洗_站点-嘉丰国际1号楼101快递美团干洗,嘉丰国际1号楼101快递美团干洗,嘉丰国际1号楼101快递美团干洗,快递,2025-04-20 15:41:04,,3.5,5.24,-2,10.00,4.50,4.00,40% ,1,1913860426553827328,极兔快递,JT0016185778879,其他,陕西省,
嘉丰国际1号楼101快递美团干洗_站点-嘉丰国际1号楼101快递美团干洗,嘉丰国际1号楼101快递美团干洗,嘉丰国际1号楼101快递美团干洗,快递,2025-04-20 15:11:43,,0.2,0.2,0,6.00,0.00,2.80,6-3.2,1,1913853040984268800,极兔快递,JT0016182237259,服饰,河南省,
嘉丰国际1号楼101快递美团干洗_站点-嘉丰国际1号楼101快递美团干洗,嘉丰国际1号楼101快递美团干洗,嘉丰国际1号楼101快递美团干洗,快递,2025-04-20 15:10:31,,0.2,0.24,0,6.00,0.00,2.80,6-3.2,1,1913852708849917952,极兔快递,JT0016181097530,其他,广东省,
嘉丰国际1号楼101快递美团干洗_站点-嘉丰国际1号楼101快递美团干洗,嘉丰国际1号楼101快递美团干洗,嘉丰国际1号楼101快递美团干洗,快递,2025-04-20 15:09:15,,1.2,1.16,0,7.00,0.00,3.01,43% ,1,1913852413919043584,极兔快递,JT0016183332047,其他,湖北省,
嘉丰国际1号楼101快递美团干洗_站点-嘉丰国际1号楼101快递美团干洗,嘉丰国际1号楼101快递美团干洗,嘉丰国际1号楼101快递美团干洗,快递,2025-04-20 14:30:05,,0.8,0.79,0,6.00,0.00,2.80,6-3.2,1,1913842563117948928,极兔快递,JT0016184669678,服饰,浙江省,
嘉丰国际1号楼101快递美团干洗_站点-嘉丰国际1号楼101快递美团干洗,嘉丰国际1号楼101快递美团干洗,嘉丰国际1号楼101快递美团干洗,快递,2025-04-20 14:12:42,,0.2,0.17,0,6.00,0.00,2.52,42% ,1,1913838186881818624,韵达快递,312717641653933,服饰,内蒙古自治区,
嘉丰国际1号楼101快递美团干洗_站点-嘉丰国际1号楼101快递美团干洗,嘉丰国际1号楼101快递美团干洗,嘉丰国际1号楼101快递美团干洗,快递,2025-04-20 14:06:19,2025-04-20 06:09:20,1,,,6.00,,0.00,,1,1913836579758743552,韵达快递,312717639172546,服饰,浙江省,已全额退款
嘉丰国际1号楼101快递美团干洗_站点-嘉丰国际1号楼101快递美团干洗,嘉丰国际1号楼101快递美团干洗,嘉丰国际1号楼101快递美团干洗,快递,2025-04-20 14:08:45,,1,1.04,-1,6.00,0.00,2.80,6-3.2,1,1913837190621372416,极兔快递,JT0016179946676,服饰,浙江省,
嘉丰国际1号楼101快递美团干洗_站点-嘉丰国际1号楼101快递美团干洗,嘉丰国际1号楼101快递美团干洗,嘉丰国际1号楼101快递美团干洗,快递,2025-04-20 13:49:11,,0.55,0.57,0,6.00,0.00,2.80,6-3.2,1,1913832259034226688,极兔快递,JT0016181701041,服饰,浙江省,
嘉丰国际1号楼101快递美团干洗_站点-嘉丰国际1号楼101快递美团干洗,嘉丰国际1号楼101快递美团干洗,嘉丰国际1号楼101快递美团干洗,快递,2025-04-20 13:47:33,,0.4,0.4,0,6.00,0.00,2.80,6-3.2,1,1913831856397819904,极兔快递,JT0016183571528,服饰,浙江省,
嘉丰国际1号楼101快递美团干洗_站点-嘉丰国际1号楼101快递美团干洗,嘉丰国际1号楼101快递美团干洗,嘉丰国际1号楼101快递美团干洗,快递,2025-04-20 13:13:22,,0.9,0.93,0,6.00,0.00,2.80,6-3.2,1,1913823255444791296,极兔快递,JT0016184207806,服饰,广东省,
嘉丰国际1号楼101快递美团干洗_站点-嘉丰国际1号楼101快递美团干洗,嘉丰国际1号楼101快递美团干洗,嘉丰国际1号楼101快递美团干洗,快递,2025-04-20 11:51:59,,0.6,0.59,0,6.00,0.00,2.80,6-3.2,1,1913802767049891840,极兔快递,JT0016181287337,其他,广东省,
嘉丰国际1号楼101快递美团干洗_站点-嘉丰国际1号楼101快递美团干洗,嘉丰国际1号楼101快递美团干洗,嘉丰国际1号楼101快递美团干洗,快递,2025-04-19 21:31:14,,1,1.2,-1,6.00,0.00,2.80,6-3.2,1,1913586153159335936,极兔快递,JT0016174073565,服饰,四川省,
嘉丰国际1号楼101快递美团干洗_站点-嘉丰国际1号楼101快递美团干洗,嘉丰国际1号楼101快递美团干洗,嘉丰国际1号楼101快递美团干洗,快递,2025-04-19 21:30:39,,1,0.42,0,6.00,0.00,2.80,6-3.2,1,1913586000969015296,极兔快递,JT0016178735601,服饰,广东省,
嘉丰国际1号楼101快递美团干洗_站点-嘉丰国际1号楼101快递美团干洗,嘉丰国际1号楼101快递美团干洗,嘉丰国际1号楼101快递美团干洗,快递,2025-04-19 21:30:01,,1,0.95,0,6.00,0.00,2.80,6-3.2,1,1913585852763283456,极兔快递,JT0016171892665,服饰,浙江省,
嘉丰国际1号楼101快递美团干洗_站点-嘉丰国际1号楼101快递美团干洗,嘉丰国际1号楼101快递美团干洗,嘉丰国际1号楼101快递美团干洗,快递,2025-04-19 20:27:41,,0.4,0.35,0,6.00,0.00,2.80,6-3.2,1,1913570170176741376,极兔快递,JT0016176148033,服饰,广东省,
嘉丰国际1号楼101快递美团干洗_站点-嘉丰国际1号楼101快递美团干洗,嘉丰国际1号楼101快递美团干洗,嘉丰国际1号楼101快递美团干洗,快递,2025-04-19 19:55:30,,1,0.2,0,6.00,0.00,2.80,6-3.2,1,1913562044643876864,极兔快递,JT0016174269244,其他,陕西省,
嘉丰国际1号楼101快递美团干洗_站点-嘉丰国际1号楼101快递美团干洗,嘉丰国际1号楼101快递美团干洗,嘉丰国际1号楼101快递美团干洗,干洗,2025-04-19 19:40:18,,,,,19.80,,5.94,30%,,1913558240225599488,干洗,,"清洗鞋19.8元两双   *   1
清洗鞋19.8元两双   *   1",,
嘉丰国际1号楼101快递美团干洗_站点-嘉丰国际1号楼101快递美团干洗,嘉丰国际1号楼101快递美团干洗,嘉丰国际1号楼101快递美团干洗,快递,2025-04-19 19:09:39,,0.32,0.32,0,6.00,0.00,2.80,6-3.2,1,1913550526401421312,极兔快递,JT0016175680174,服饰,湖北省,
嘉丰国际1号楼101快递美团干洗_站点-嘉丰国际1号楼101快递美团干洗,嘉丰国际1号楼101快递美团干洗,嘉丰国际1号楼101快递美团干洗,快递,2025-04-19 19:08:05,,0.2,0.2,0,6.00,0.00,2.80,6-3.2,1,1913550132266868736,极兔快递,JT0016172109066,服饰,湖北省,
嘉丰国际1号楼101快递美团干洗_站点-嘉丰国际1号楼101快递美团干洗,嘉丰国际1号楼101快递美团干洗,嘉丰国际1号楼101快递美团干洗,快递,2025-04-19 19:02:37,,0.2,0.2,0,6.00,0.00,2.80,6-3.2,1,1913548712222334976,极兔快递,JT0016175143383,服饰,广东省,
嘉丰国际1号楼101快递美团干洗_站点-嘉丰国际1号楼101快递美团干洗,嘉丰国际1号楼101快递美团干洗,嘉丰国际1号楼101快递美团干洗,快递,2025-04-19 19:01:31,,0.2,0.22,0,6.00,0.00,2.80,6-3.2,1,1913548484299661312,极兔快递,JT0016175353398,服饰,江苏省,
嘉丰国际1号楼101快递美团干洗_站点-嘉丰国际1号楼101快递美团干洗,嘉丰国际1号楼101快递美团干洗,嘉丰国际1号楼101快递美团干洗,快递,2025-04-19 18:59:49,,0.72,0.74,0,6.00,0.00,2.80,6-3.2,1,1913548052370235392,极兔快递,JT0016175592229,服饰,浙江省,
嘉丰国际1号楼101快递美团干洗_站点-嘉丰国际1号楼101快递美团干洗,嘉丰国际1号楼101快递美团干洗,嘉丰国际1号楼101快递美团干洗,快递,2025-04-19 18:38:30,,0.3,0.4,0,6.00,0.00,2.80,6-3.2,1,1913542688828497920,极兔快递,JT0016174986097,服饰,浙江省,
嘉丰国际1号楼101快递美团干洗_站点-嘉丰国际1号楼101快递美团干洗,嘉丰国际1号楼101快递美团干洗,嘉丰国际1号楼101快递美团干洗,快递,2025-04-19 18:36:42,,0.12,0.2,0,6.00,0.00,2.80,6-3.2,1,1913542234090446848,极兔快递,JT0016161441443,服饰,山东省,
嘉丰国际1号楼101快递美团干洗_站点-嘉丰国际1号楼101快递美团干洗,嘉丰国际1号楼101快递美团干洗,嘉丰国际1号楼101快递美团干洗,快递,2025-04-19 17:52:34,,0.5,0.57,0,6.00,0.00,2.80,6-3.2,1,1913531131977474048,极兔快递,JT0016175438523,服饰,浙江省,
嘉丰国际1号楼101快递美团干洗_站点-嘉丰国际1号楼101快递美团干洗,嘉丰国际1号楼101快递美团干洗,嘉丰国际1号楼101快递美团干洗,快递,2025-04-19 17:49:20,,0.3,0.3,0,6.00,0.00,2.80,6-3.2,1,1913530317892427776,极兔快递,JT0016169885455,其他,浙江省,
嘉丰国际1号楼101快递美团干洗_站点-嘉丰国际1号楼101快递美团干洗,嘉丰国际1号楼101快递美团干洗,嘉丰国际1号楼101快递美团干洗,快递,2025-04-19 17:47:39,,0.36,0.37,0,6.00,0.00,2.80,6-3.2,1,1913529883689689088,极兔快递,JT0016175772269,服饰,浙江省,
嘉丰国际1号楼101快递美团干洗_站点-嘉丰国际1号楼101快递美团干洗,嘉丰国际1号楼101快递美团干洗,嘉丰国际1号楼101快递美团干洗,快递,2025-04-19 17:46:46,,0.32,0.33,0,6.00,0.00,2.80,6-3.2,1,1913529670476439552,极兔快递,JT0016175429493,服饰,江苏省,
嘉丰国际1号楼101快递美团干洗_站点-嘉丰国际1号楼101快递美团干洗,嘉丰国际1号楼101快递美团干洗,嘉丰国际1号楼101快递美团干洗,干洗,2025-04-19 17:30:04,,,,,35.00,,10.50,30%,,1913525441942724608,干洗,,"棉服_毛呢_羽绒服   *   1",,
嘉丰国际1号楼101快递美团干洗_站点-嘉丰国际1号楼101快递美团干洗,嘉丰国际1号楼101快递美团干洗,嘉丰国际1号楼101快递美团干洗,快递,2025-04-19 17:26:24,,0.5,0.44,0,6.00,0.00,2.80,6-3.2,1,1913524544353280000,极兔快递,JT0016176056098,服饰,河南省,
嘉丰国际1号楼101快递美团干洗_站点-嘉丰国际1号楼101快递美团干洗,嘉丰国际1号楼101快递美团干洗,嘉丰国际1号楼101快递美团干洗,快递,2025-04-19 16:47:14,,0.6,0.57,0,6.00,0.00,2.80,6-3.2,1,1913514688351248384,极兔快递,JT0016173326536,服饰,河北省,
嘉丰国际1号楼101快递美团干洗_站点-嘉丰国际1号楼101快递美团干洗,嘉丰国际1号楼101快递美团干洗,嘉丰国际1号楼101快递美团干洗,快递,2025-04-19 16:45:30,,1.5,1.44,0,7.00,0.00,3.01,43% ,1,1913514252634365952,极兔快递,JT0016172251435,服饰,福建省,
嘉丰国际1号楼101快递美团干洗_站点-嘉丰国际1号楼101快递美团干洗,嘉丰国际1号楼101快递美团干洗,嘉丰国际1号楼101快递美团干洗,快递,2025-04-19 16:02:44,,0.3,0.2,0,6.00,0.00,2.80,6-3.2,1,1913503490280988672,极兔快递,JT0016172708811,服饰,广东省,
嘉丰国际1号楼101快递美团干洗_站点-嘉丰国际1号楼101快递美团干洗,嘉丰国际1号楼101快递美团干洗,嘉丰国际1号楼101快递美团干洗,干洗,2025-04-19 15:30:15,,,,,9.90,,2.97,30%,,1913495310004068352,干洗,,"清洗鞋19.8元两双   *   1",,
嘉丰国际1号楼101快递美团干洗_站点-嘉丰国际1号楼101快递美团干洗,嘉丰国际1号楼101快递美团干洗,嘉丰国际1号楼101快递美团干洗,快递,2025-04-19 14:20:54,,0.7,0.76,0,6.00,0.00,2.80,6-3.2,1,1913477862508929024,极兔快递,JT0016169180496,服饰,浙江省,
嘉丰国际1号楼101快递美团干洗_站点-嘉丰国际1号楼101快递美团干洗,嘉丰国际1号楼101快递美团干洗,嘉丰国际1号楼101快递美团干洗,快递,2025-04-19 12:44:17,,0.1,0.2,0,6.00,0.00,2.80,6-3.2,1,1913453549173022720,极兔快递,JT0016168951505,服饰,广东省,
嘉丰国际1号楼101快递美团干洗_站点-嘉丰国际1号楼101快递美团干洗,嘉丰国际1号楼101快递美团干洗,嘉丰国际1号楼101快递美团干洗,快递,2025-04-19 12:38:48,,0.35,0.36,0,6.00,0.00,2.80,6-3.2,1,1913452169339281408,极兔快递,JT0016165806878,服饰,广东省,
嘉丰国际1号楼101快递美团干洗_站点-嘉丰国际1号楼101快递美团干洗,嘉丰国际1号楼101快递美团干洗,嘉丰国际1号楼101快递美团干洗,快递,2025-04-19 12:30:41,,0.4,0.2,0,6.00,0.00,2.80,6-3.2,1,1913450004294082560,极兔快递,JT0016158345384,服饰,广东省,
嘉丰国际1号楼101快递美团干洗_站点-嘉丰国际1号楼101快递美团干洗,嘉丰国际1号楼101快递美团干洗,嘉丰国际1号楼101快递美团干洗,快递,2025-04-19 11:58:40,,0.8,0.76,0,6.00,0.00,2.52,42% ,1,1913442050920620032,韵达快递,312716229292282,其他,浙江省,
嘉丰国际1号楼101快递美团干洗_站点-嘉丰国际1号楼101快递美团干洗,嘉丰国际1号楼101快递美团干洗,嘉丰国际1号楼101快递美团干洗,快递,2025-04-19 11:57:41,,0.1,0.1,0,6.00,0.00,2.52,42% ,1,1913441782489358336,韵达快递,312716228980194,服饰,广东省,
嘉丰国际1号楼101快递美团干洗_站点-嘉丰国际1号楼101快递美团干洗,嘉丰国际1号楼101快递美团干洗,嘉丰国际1号楼101快递美团干洗,快递,2025-04-19 11:55:01,,0.4,0.4,0,6.00,0.00,2.80,6-3.2,1,1913441146062446592,极兔快递,JT0016168185268,服饰,浙江省,
嘉丰国际1号楼101快递美团干洗_站点-嘉丰国际1号楼101快递美团干洗,嘉丰国际1号楼101快递美团干洗,嘉丰国际1号楼101快递美团干洗,快递,2025-04-19 11:03:37,,7.3,7.29,0,20.00,7.50,8.00,40% ,1,1913428215476199424,极兔快递,JT0016160260443,其他,河北省,
嘉丰国际1号楼101快递美团干洗_站点-嘉丰国际1号楼101快递美团干洗,嘉丰国际1号楼101快递美团干洗,嘉丰国际1号楼101快递美团干洗,干洗,2025-04-19 10:57:54,,,,,59.00,,17.70,30%,,1913426738523348992,干洗,,"清洗毛呢2件59元   *   1
清洗毛呢2件59元   *   1",,
嘉丰国际1号楼101快递美团干洗_站点-嘉丰国际1号楼101快递美团干洗,嘉丰国际1号楼101快递美团干洗,嘉丰国际1号楼101快递美团干洗,干洗,2025-04-19 10:46:00,,,,,19.80,,5.94,30%,,1913423762643689472,干洗,,"清洗鞋19.8元两双   *   1
清洗鞋19.8元两双   *   1",,
嘉丰国际1号楼101快递美团干洗_站点-嘉丰国际1号楼101快递美团干洗,嘉丰国际1号楼101快递美团干洗,嘉丰国际1号楼101快递美团干洗,干洗,2025-04-19 10:38:46,,,,,12.80,,3.84,30%,,1913421957268447232,干洗,,"凉鞋   *   1",,
嘉丰国际1号楼101快递美团干洗_站点-嘉丰国际1号楼101快递美团干洗,嘉丰国际1号楼101快递美团干洗,嘉丰国际1号楼101快递美团干洗,快递,2025-04-18 19:39:54,,3.7,4.55,-1,10.00,3.00,4.00,40% ,1,1913195758793465856,极兔快递,JT0016157710971,食品,河北省,
嘉丰国际1号楼101快递美团干洗_站点-嘉丰国际1号楼101快递美团干洗,嘉丰国际1号楼101快递美团干洗,嘉丰国际1号楼101快递美团干洗,快递,2025-04-18 19:38:52,,0.62,0.85,0,6.00,0.00,2.80,6-3.2,1,1913195494208380928,极兔快递,JT0016162946093,食品,陕西省,
嘉丰国际1号楼101快递美团干洗_站点-嘉丰国际1号楼101快递美团干洗,嘉丰国际1号楼101快递美团干洗,嘉丰国际1号楼101快递美团干洗,快递,2025-04-18 19:29:46,,0.55,0.53,0,6.00,0.00,2.80,6-3.2,1,1913193194702184448,极兔快递,JT0016156185252,服饰,广东省,
嘉丰国际1号楼101快递美团干洗_站点-嘉丰国际1号楼101快递美团干洗,嘉丰国际1号楼101快递美团干洗,嘉丰国际1号楼101快递美团干洗,快递,2025-04-18 19:28:56,,0.45,0.42,0,6.00,0.00,2.80,6-3.2,1,1913192993841160192,极兔快递,JT0016161199960,服饰,广东省,
嘉丰国际1号楼101快递美团干洗_站点-嘉丰国际1号楼101快递美团干洗,嘉丰国际1号楼101快递美团干洗,嘉丰国际1号楼101快递美团干洗,快递,2025-04-18 17:11:11,,0.2,0.2,0,6.00,0.00,2.80,6-3.2,1,1913158326035357696,极兔快递,JT0016157840478,服饰,广东省,
嘉丰国际1号楼101快递美团干洗_站点-嘉丰国际1号楼101快递美团干洗,嘉丰国际1号楼101快递美团干洗,嘉丰国际1号楼101快递美团干洗,快递,2025-04-18 16:27:26,,0.4,0.39,0,6.00,0.00,2.80,6-3.2,1,1913147299998670848,极兔快递,JT0016145230001,服饰,浙江省,
嘉丰国际1号楼101快递美团干洗_站点-嘉丰国际1号楼101快递美团干洗,嘉丰国际1号楼101快递美团干洗,嘉丰国际1号楼101快递美团干洗,快递,2025-04-18 15:54:12,,0.3,0.2,0,6.00,0.00,2.80,6-3.2,1,1913138951177838592,极兔快递,JT0016153775400,服饰,浙江省,
嘉丰国际1号楼101快递美团干洗_站点-嘉丰国际1号楼101快递美团干洗,嘉丰国际1号楼101快递美团干洗,嘉丰国际1号楼101快递美团干洗,快递,2025-04-18 15:22:41,,1.2,1.15,0,7.00,0.00,3.01,43% ,1,1913131025499365376,极兔快递,JT0016148298360,服饰,福建省,
嘉丰国际1号楼101快递美团干洗_站点-嘉丰国际1号楼101快递美团干洗,嘉丰国际1号楼101快递美团干洗,嘉丰国际1号楼101快递美团干洗,快递,2025-04-18 15:21:54,,0.8,0.78,0,6.00,0.00,2.80,6-3.2,1,1913130828677455872,极兔快递,JT0016157316691,服饰,浙江省,
嘉丰国际1号楼101快递美团干洗_站点-嘉丰国际1号楼101快递美团干洗,嘉丰国际1号楼101快递美团干洗,嘉丰国际1号楼101快递美团干洗,快递,2025-04-18 15:16:36,,0.2,0.2,0,6.00,0.00,2.80,6-3.2,1,1913129492703551488,极兔快递,JT0016157623981,其他,江苏省,
嘉丰国际1号楼101快递美团干洗_站点-嘉丰国际1号楼101快递美团干洗,嘉丰国际1号楼101快递美团干洗,嘉丰国际1号楼101快递美团干洗,快递,2025-04-18 15:15:26,,0.2,0.2,0,7.00,0.00,2.80,6-3.2,1,1913129198192107520,极兔快递,JT0016155153556,服饰,上海市,
嘉丰国际1号楼101快递美团干洗_站点-嘉丰国际1号楼101快递美团干洗,嘉丰国际1号楼101快递美团干洗,嘉丰国际1号楼101快递美团干洗,快递,2025-04-18 15:14:08,,0.4,0.42,0,6.00,0.00,2.80,6-3.2,1,1913128871371939840,极兔快递,JT0016155261431,服饰,广东省,
嘉丰国际1号楼101快递美团干洗_站点-嘉丰国际1号楼101快递美团干洗,嘉丰国际1号楼101快递美团干洗,嘉丰国际1号楼101快递美团干洗,快递,2025-04-18 15:10:59,,0.4,0.32,0,6.00,0.00,2.80,6-3.2,1,1913128069429403648,极兔快递,JT0016152289396,其他,安徽省,
嘉丰国际1号楼101快递美团干洗_站点-嘉丰国际1号楼101快递美团干洗,嘉丰国际1号楼101快递美团干洗,嘉丰国际1号楼101快递美团干洗,快递,2025-04-18 15:10:09,,0.4,0.26,0,6.00,0.00,2.80,6-3.2,1,1913127870254489600,极兔快递,JT0016153708216,其他,山东省,
嘉丰国际1号楼101快递美团干洗_站点-嘉丰国际1号楼101快递美团干洗,嘉丰国际1号楼101快递美团干洗,嘉丰国际1号楼101快递美团干洗,快递,2025-04-18 15:07:52,,0.6,0.61,0,6.00,0.00,2.80,6-3.2,1,1913127293453803520,极兔快递,JT0016156160999,其他,安徽省,
嘉丰国际1号楼101快递美团干洗_站点-嘉丰国际1号楼101快递美团干洗,嘉丰国际1号楼101快递美团干洗,嘉丰国际1号楼101快递美团干洗,快递,2025-04-18 15:04:10,,0.5,0.55,0,6.00,0.00,2.52,42% ,1,1913126363484332032,韵达快递,312715303998277,其他,内蒙古自治区,
嘉丰国际1号楼101快递美团干洗_站点-嘉丰国际1号楼101快递美团干洗,嘉丰国际1号楼101快递美团干洗,嘉丰国际1号楼101快递美团干洗,快递,2025-04-18 15:02:31,,0.4,0.2,0,6.00,0.00,2.80,6-3.2,1,1913125953180737536,极兔快递,JT0016139353304,其他,广东省,
嘉丰国际1号楼101快递美团干洗_站点-嘉丰国际1号楼101快递美团干洗,嘉丰国际1号楼101快递美团干洗,嘉丰国际1号楼101快递美团干洗,快递,2025-04-18 15:01:06,,4.5,4.86,0,12.50,3.00,5.00,40% ,1,1913125589610078208,极兔快递,JT0016155251280,其他,江苏省,
嘉丰国际1号楼101快递美团干洗_站点-嘉丰国际1号楼101快递美团干洗,嘉丰国际1号楼101快递美团干洗,嘉丰国际1号楼101快递美团干洗,快递,2025-04-18 14:58:17,,0.33,0.38,0,6.00,0.00,2.80,6-3.2,1,1913124884547575808,极兔快递,JT0016149727403,其他,安徽省,
嘉丰国际1号楼101快递美团干洗_站点-嘉丰国际1号楼101快递美团干洗,嘉丰国际1号楼101快递美团干洗,嘉丰国际1号楼101快递美团干洗,快递,2025-04-18 14:56:55,,0.6,0.65,0,6.00,0.00,2.52,42% ,1,1913124539561877504,韵达快递,312715300948392,其他,内蒙古自治区,
嘉丰国际1号楼101快递美团干洗_站点-嘉丰国际1号楼101快递美团干洗,嘉丰国际1号楼101快递美团干洗,嘉丰国际1号楼101快递美团干洗,快递,2025-04-18 13:58:14,,0.2,0.2,0,6.00,0.00,2.80,6-3.2,1,1913109764731772928,极兔快递,JT0016155885549,其他,广东省,
嘉丰国际1号楼101快递美团干洗_站点-嘉丰国际1号楼101快递美团干洗,嘉丰国际1号楼101快递美团干洗,嘉丰国际1号楼101快递美团干洗,快递,2025-04-18 12:32:44,,0.6,0.63,0,6.00,0.00,2.80,6-3.2,1,1913088248778530816,极兔快递,JT0016153602130,服饰,广东省,
嘉丰国际1号楼101快递美团干洗_站点-嘉丰国际1号楼101快递美团干洗,嘉丰国际1号楼101快递美团干洗,嘉丰国际1号楼101快递美团干洗,快递,2025-04-18 12:32:07,,0.6,0.6,0,6.00,0.00,2.80,6-3.2,1,1913088099209650176,极兔快递,JT0016152234524,服饰,广东省,
嘉丰国际1号楼101快递美团干洗_站点-嘉丰国际1号楼101快递美团干洗,嘉丰国际1号楼101快递美团干洗,嘉丰国际1号楼101快递美团干洗,快递,2025-04-18 12:30:56,,1,1.04,-1,6.00,0.00,2.80,6-3.2,1,1913087802957570048,极兔快递,JT0016152714794,服饰,广东省,
嘉丰国际1号楼101快递美团干洗_站点-嘉丰国际1号楼101快递美团干洗,嘉丰国际1号楼101快递美团干洗,嘉丰国际1号楼101快递美团干洗,快递,2025-04-18 12:29:43,,1.75,1.75,0,7.00,0.00,3.01,43% ,1,1913087492293861376,极兔快递,JT0016147675306,服饰,浙江省,
嘉丰国际1号楼101快递美团干洗_站点-嘉丰国际1号楼101快递美团干洗,嘉丰国际1号楼101快递美团干洗,嘉丰国际1号楼101快递美团干洗,快递,2025-04-18 12:28:47,,0.5,0.47,0,6.00,0.00,2.80,6-3.2,1,1913087259967168512,极兔快递,JT0016147746684,其他,浙江省,
嘉丰国际1号楼101快递美团干洗_站点-嘉丰国际1号楼101快递美团干洗,嘉丰国际1号楼101快递美团干洗,嘉丰国际1号楼101快递美团干洗,快递,2025-04-18 12:23:45,,0.8,0.62,0,7.00,1.00,1.94,42%,1,1913085994545651712,韵达快递,312715157376622,其他,北京市,
嘉丰国际1号楼101快递美团干洗_站点-嘉丰国际1号楼101快递美团干洗,嘉丰国际1号楼101快递美团干洗,嘉丰国际1号楼101快递美团干洗,快递,2025-04-18 12:21:07,,2.6,6.1,-4,8.00,6.00,3.60,45% ,1,1913085330977398784,极兔快递,JT0016148393619,其他,陕西省,
嘉丰国际1号楼101快递美团干洗_站点-嘉丰国际1号楼101快递美团干洗,嘉丰国际1号楼101快递美团干洗,嘉丰国际1号楼101快递美团干洗,快递,2025-04-18 12:19:49,,0.5,1.19,-1,6.00,0.00,2.80,6-3.2,1,1913084999967121408,极兔快递,JT0016152696380,服饰,安徽省,
嘉丰国际1号楼101快递美团干洗_站点-嘉丰国际1号楼101快递美团干洗,嘉丰国际1号楼101快递美团干洗,嘉丰国际1号楼101快递美团干洗,快递,2025-04-18 12:19:14,,0.6,0.87,0,6.00,0.00,2.80,6-3.2,1,1913084846682087424,极兔快递,JT0016150805580,其他,浙江省,
嘉丰国际1号楼101快递美团干洗_站点-嘉丰国际1号楼101快递美团干洗,嘉丰国际1号楼101快递美团干洗,嘉丰国际1号楼101快递美团干洗,快递,2025-04-18 12:18:20,,0.7,0.23,0,6.00,0.00,2.80,6-3.2,1,1913084632705474560,极兔快递,JT0016153961417,服饰,广东省,
嘉丰国际1号楼101快递美团干洗_站点-嘉丰国际1号楼101快递美团干洗,嘉丰国际1号楼101快递美团干洗,嘉丰国际1号楼101快递美团干洗,干洗,2025-04-18 11:34:49,,,,,73.50,,22.05,30%,,1913073663820374016,干洗,,"清洗普通羽绒服2件不分长短49元   *   1
清洗普通羽绒服2件不分长短49元   *   1
清洗普通羽绒服2件不分长短49元   *   1",,
嘉丰国际1号楼101快递美团干洗_站点-嘉丰国际1号楼101快递美团干洗,嘉丰国际1号楼101快递美团干洗,嘉丰国际1号楼101快递美团干洗,干洗,2025-04-18 11:28:17,,,,,54.00,,16.20,30%,,1913072035398623232,干洗,,"清洗毛呢2件59元   *   1
清洗普通羽绒服2件不分长短49元   *   1",,
嘉丰国际1号楼101快递美团干洗_站点-嘉丰国际1号楼101快递美团干洗,嘉丰国际1号楼101快递美团干洗,嘉丰国际1号楼101快递美团干洗,干洗,2025-04-18 11:23:56,2025-04-18 03:25:57,,,,54.00,,0.00,0%,,1913070938344857600,干洗,,"清洗毛呢2件59元   *   1
清洗普通羽绒服2件不分长短49元   *   1",,已全额退款
嘉丰国际1号楼101快递美团干洗_站点-嘉丰国际1号楼101快递美团干洗,嘉丰国际1号楼101快递美团干洗,嘉丰国际1号楼101快递美团干洗,快递,2025-04-18 11:11:28,,1.9,2.01,-1,7.00,0.00,3.01,43% ,1,1913067802926456832,韵达快递,312715101614404,食品,山西省,
嘉丰国际1号楼101快递美团干洗_站点-嘉丰国际1号楼101快递美团干洗,嘉丰国际1号楼101快递美团干洗,嘉丰国际1号楼101快递美团干洗,快递,2025-04-18 10:52:50,,1,0.83,0,6.00,0.00,2.80,6-3.2,1,1913063110741794816,极兔快递,JT0016148425492,其他,河北省,
嘉丰国际1号楼101快递美团干洗_站点-嘉丰国际1号楼101快递美团干洗,嘉丰国际1号楼101快递美团干洗,嘉丰国际1号楼101快递美团干洗,快递,2025-04-18 10:28:59,,0.5,,,23.00,,0.00,0%,1,1913057078883852288,顺丰速运,SF3165037808909,其他,广东省,
嘉丰国际1号楼101快递美团干洗_站点-嘉丰国际1号楼101快递美团干洗,嘉丰国际1号楼101快递美团干洗,嘉丰国际1号楼101快递美团干洗,快递,2025-04-17 18:55:53,2025-04-17 11:25:05,3,,,8.00,,0.00,,1,1912822276044558336,韵达快递,312714602427661,其他,河北省,已全额退款
嘉丰国际1号楼101快递美团干洗_站点-嘉丰国际1号楼101快递美团干洗,嘉丰国际1号楼101快递美团干洗,嘉丰国际1号楼101快递美团干洗,快递,2025-04-17 18:56:33,2025-04-17 11:25:00,3,,,8.00,,0.00,,1,1912822450234003456,韵达快递,312714602532375,其他,河北省,已全额退款
嘉丰国际1号楼101快递美团干洗_站点-嘉丰国际1号楼101快递美团干洗,嘉丰国际1号楼101快递美团干洗,嘉丰国际1号楼101快递美团干洗,快递,2025-04-17 18:57:04,2025-04-17 11:24:07,3,,,8.00,,0.00,,1,1912822580966264832,韵达快递,312714602609110,其他,河北省,已全额退款
嘉丰国际1号楼101快递美团干洗_站点-嘉丰国际1号楼101快递美团干洗,嘉丰国际1号楼101快递美团干洗,嘉丰国际1号楼101快递美团干洗,快递,2025-04-17 18:57:33,2025-04-17 11:24:00,3,,,8.00,,0.00,,1,1912822700285825024,韵达快递,312714602713011,其他,河北省,已全额退款
嘉丰国际1号楼101快递美团干洗_站点-嘉丰国际1号楼101快递美团干洗,嘉丰国际1号楼101快递美团干洗,嘉丰国际1号楼101快递美团干洗,快递,2025-04-17 18:58:08,2025-04-17 11:23:53,3,,,8.00,,0.00,,1,1912822819257257984,韵达快递,312714602827465,其他,河北省,已全额退款
嘉丰国际1号楼101快递美团干洗_站点-嘉丰国际1号楼101快递美团干洗,嘉丰国际1号楼101快递美团干洗,嘉丰国际1号楼101快递美团干洗,快递,2025-04-17 18:59:02,2025-04-17 11:23:46,3,,,8.00,,0.00,,1,1912823066716999680,韵达快递,312714602929290,其他,河北省,已全额退款
嘉丰国际1号楼101快递美团干洗_站点-嘉丰国际1号楼101快递美团干洗,嘉丰国际1号楼101快递美团干洗,嘉丰国际1号楼101快递美团干洗,快递,2025-04-17 19:21:20,,0.8,0.76,0,6.00,0.00,2.80,6-3.2,1,1912828695707848704,极兔快递,JT0016142733853,服饰,江西省,
嘉丰国际1号楼101快递美团干洗_站点-嘉丰国际1号楼101快递美团干洗,嘉丰国际1号楼101快递美团干洗,嘉丰国际1号楼101快递美团干洗,快递,2025-04-17 19:15:53,,1,0.93,0,6.00,0.00,2.80,6-3.2,1,1912827328108892160,极兔快递,JT0016126399341,服饰,福建省,
嘉丰国际1号楼101快递美团干洗_站点-嘉丰国际1号楼101快递美团干洗,嘉丰国际1号楼101快递美团干洗,嘉丰国际1号楼101快递美团干洗,快递,2025-04-17 19:14:12,,0.7,0.66,0,6.00,0.00,2.80,6-3.2,1,1912826887128158208,极兔快递,JT0016147035158,服饰,浙江省,
嘉丰国际1号楼101快递美团干洗_站点-嘉丰国际1号楼101快递美团干洗,嘉丰国际1号楼101快递美团干洗,嘉丰国际1号楼101快递美团干洗,快递,2025-04-17 19:13:27,,1,0.67,0,6.00,0.00,2.80,6-3.2,1,1912826707045715968,极兔快递,JT0016146694826,服饰,浙江省,
嘉丰国际1号楼101快递美团干洗_站点-嘉丰国际1号楼101快递美团干洗,嘉丰国际1号楼101快递美团干洗,嘉丰国际1号楼101快递美团干洗,快递,2025-04-17 19:12:51,,0.4,0.2,0,6.00,0.00,2.80,6-3.2,1,1912826510416744448,极兔快递,JT0016147006576,服饰,广东省,
嘉丰国际1号楼101快递美团干洗_站点-嘉丰国际1号楼101快递美团干洗,嘉丰国际1号楼101快递美团干洗,嘉丰国际1号楼101快递美团干洗,快递,2025-04-17 19:12:04,,0.5,0.32,0,6.00,0.00,2.80,6-3.2,1,1912826364245250048,极兔快递,JT0016145229145,服饰,河北省,
嘉丰国际1号楼101快递美团干洗_站点-嘉丰国际1号楼101快递美团干洗,嘉丰国际1号楼101快递美团干洗,嘉丰国际1号楼101快递美团干洗,快递,2025-04-17 18:46:44,,7,9.84,-3,17.50,9.00,7.00,40% ,1,1912819978669068288,韵达快递,312714599974146,其他,广东省,
嘉丰国际1号楼101快递美团干洗_站点-嘉丰国际1号楼101快递美团干洗,嘉丰国际1号楼101快递美团干洗,嘉丰国际1号楼101快递美团干洗,快递,2025-04-17 18:45:54,,7,6.66,0,17.50,6.00,7.00,40% ,1,1912819779326382080,韵达快递,312714599701570,其他,广东省,
嘉丰国际1号楼101快递美团干洗_站点-嘉丰国际1号楼101快递美团干洗,嘉丰国际1号楼101快递美团干洗,嘉丰国际1号楼101快递美团干洗,干洗,2025-04-17 18:31:09,,,,,9.90,,2.97,30%,,1912815632673869824,干洗,,"清洗鞋19.8元两双   *   1",,
嘉丰国际1号楼101快递美团干洗_站点-嘉丰国际1号楼101快递美团干洗,嘉丰国际1号楼101快递美团干洗,嘉丰国际1号楼101快递美团干洗,快递,2025-04-17 18:19:43,,2.1,2.07,0,8.00,0.00,3.60,45% ,1,1912813176615276544,极兔快递,JT0016141119328,其他,广东省,
嘉丰国际1号楼101快递美团干洗_站点-嘉丰国际1号楼101快递美团干洗,嘉丰国际1号楼101快递美团干洗,嘉丰国际1号楼101快递美团干洗,快递,2025-04-17 18:18:29,,0.6,0.2,0,6.00,0.00,2.80,6-3.2,1,1912812870582079488,极兔快递,JT0016142516872,服饰,广东省,
嘉丰国际1号楼101快递美团干洗_站点-嘉丰国际1号楼101快递美团干洗,嘉丰国际1号楼101快递美团干洗,嘉丰国际1号楼101快递美团干洗,快递,2025-04-17 18:17:44,,0.7,0.66,0,6.00,0.00,2.80,6-3.2,1,1912812689283289088,极兔快递,JT0016144634342,服饰,广东省,
嘉丰国际1号楼101快递美团干洗_站点-嘉丰国际1号楼101快递美团干洗,嘉丰国际1号楼101快递美团干洗,嘉丰国际1号楼101快递美团干洗,快递,2025-04-17 17:24:13,,0.2,0.2,0,6.00,0.00,2.80,6-3.2,1,1912799217845735424,极兔快递,JT0016145066722,服饰,广东省,
嘉丰国际1号楼101快递美团干洗_站点-嘉丰国际1号楼101快递美团干洗,嘉丰国际1号楼101快递美团干洗,嘉丰国际1号楼101快递美团干洗,干洗,2025-04-17 17:05:08,,,,,83.50,,25.05,30%,,1912794411341123584,干洗,,"清洗毛呢2件59元   *   1
清洗毛呢2件59元   *   1
清洗普通羽绒服2件不分长短49元   *   1",,
嘉丰国际1号楼101快递美团干洗_站点-嘉丰国际1号楼101快递美团干洗,嘉丰国际1号楼101快递美团干洗,嘉丰国际1号楼101快递美团干洗,快递,2025-04-17 16:55:15,,0.5,0.8,0,6.00,0.00,2.80,6-3.2,1,1912791923326128128,极兔快递,JT0016142686573,服饰,安徽省,
嘉丰国际1号楼101快递美团干洗_站点-嘉丰国际1号楼101快递美团干洗,嘉丰国际1号楼101快递美团干洗,嘉丰国际1号楼101快递美团干洗,快递,2025-04-17 16:54:15,,0.5,1.21,-1,6.00,0.00,2.80,6-3.2,1,1912791675144966144,极兔快递,JT0016142647228,服饰,安徽省,
嘉丰国际1号楼101快递美团干洗_站点-嘉丰国际1号楼101快递美团干洗,嘉丰国际1号楼101快递美团干洗,嘉丰国际1号楼101快递美团干洗,快递,2025-04-17 16:49:32,,0.2,0.2,0,6.00,0.00,2.80,6-3.2,1,1912790480875622400,极兔快递,JT0016143831226,服饰,广东省,
嘉丰国际1号楼101快递美团干洗_站点-嘉丰国际1号楼101快递美团干洗,嘉丰国际1号楼101快递美团干洗,嘉丰国际1号楼101快递美团干洗,快递,2025-04-17 16:48:50,,0.6,0.2,0,6.00,0.00,2.80,6-3.2,1,1912790314042986496,极兔快递,JT0016143065151,服饰,广东省,
嘉丰国际1号楼101快递美团干洗_站点-嘉丰国际1号楼101快递美团干洗,嘉丰国际1号楼101快递美团干洗,嘉丰国际1号楼101快递美团干洗,快递,2025-04-17 16:28:09,,0.75,0.76,0,6.00,0.00,2.80,6-3.2,1,1912785110472003584,极兔快递,JT0016137548134,服饰,广东省,
嘉丰国际1号楼101快递美团干洗_站点-嘉丰国际1号楼101快递美团干洗,嘉丰国际1号楼101快递美团干洗,嘉丰国际1号楼101快递美团干洗,快递,2025-04-17 16:26:40,,0.32,0.2,0,6.00,0.00,2.80,6-3.2,1,1912784717499273216,极兔快递,JT0016140831571,服饰,广东省,
嘉丰国际1号楼101快递美团干洗_站点-嘉丰国际1号楼101快递美团干洗,嘉丰国际1号楼101快递美团干洗,嘉丰国际1号楼101快递美团干洗,快递,2025-04-17 16:25:48,,0.1,0.2,0,6.00,0.00,2.80,6-3.2,1,1912784474657460224,极兔快递,JT0016141279934,服饰,浙江省,
嘉丰国际1号楼101快递美团干洗_站点-嘉丰国际1号楼101快递美团干洗,嘉丰国际1号楼101快递美团干洗,嘉丰国际1号楼101快递美团干洗,快递,2025-04-17 16:13:39,,0.6,0.61,0,6.00,0.00,2.80,6-3.2,1,1912781399465070592,极兔快递,JT0016138521390,服饰,浙江省,
嘉丰国际1号楼101快递美团干洗_站点-嘉丰国际1号楼101快递美团干洗,嘉丰国际1号楼101快递美团干洗,嘉丰国际1号楼101快递美团干洗,快递,2025-04-17 16:12:47,,0.2,0.2,0,6.00,0.00,2.80,6-3.2,1,1912781235094491136,极兔快递,JT0016139506126,服饰,浙江省,
嘉丰国际1号楼101快递美团干洗_站点-嘉丰国际1号楼101快递美团干洗,嘉丰国际1号楼101快递美团干洗,嘉丰国际1号楼101快递美团干洗,快递,2025-04-17 16:12:09,,0.62,0.64,0,6.00,0.00,2.80,6-3.2,1,1912781088549703680,极兔快递,JT0016140499595,服饰,浙江省,
嘉丰国际1号楼101快递美团干洗_站点-嘉丰国际1号楼101快递美团干洗,嘉丰国际1号楼101快递美团干洗,嘉丰国际1号楼101快递美团干洗,快递,2025-04-17 16:05:04,,0.85,0.87,0,6.00,0.00,2.80,6-3.2,1,1912779300744400896,极兔快递,JT0016142376120,服饰,陕西省,
嘉丰国际1号楼101快递美团干洗_站点-嘉丰国际1号楼101快递美团干洗,嘉丰国际1号楼101快递美团干洗,嘉丰国际1号楼101快递美团干洗,快递,2025-04-17 12:36:29,,4.4,4.4,0,13.50,5.00,4.40,40%,1,1912726806798471168,韵达快递,312714298844730,食品,北京市,
嘉丰国际1号楼101快递美团干洗_站点-嘉丰国际1号楼101快递美团干洗,嘉丰国际1号楼101快递美团干洗,嘉丰国际1号楼101快递美团干洗,快递,2025-04-17 12:25:18,,0.55,0.62,0,6.00,0.00,2.80,6-3.2,1,1912723996119863296,极兔快递,JT0016137308448,其他,河南省,
嘉丰国际1号楼101快递美团干洗_站点-嘉丰国际1号楼101快递美团干洗,嘉丰国际1号楼101快递美团干洗,嘉丰国际1号楼101快递美团干洗,快递,2025-04-17 11:25:55,,0.3,0.24,0,6.00,0.00,2.80,6-3.2,1,1912709046676688896,极兔快递,JT0016136834156,其他,陕西省,
嘉丰国际1号楼101快递美团干洗_站点-嘉丰国际1号楼101快递美团干洗,嘉丰国际1号楼101快递美团干洗,嘉丰国际1号楼101快递美团干洗,快递,2025-04-17 10:24:31,,2,2.08,-1,7.00,0.00,3.01,43% ,1,1912693599671619584,极兔快递,JT0016132390162,其他,广东省,
嘉丰国际1号楼101快递美团干洗_站点-嘉丰国际1号楼101快递美团干洗,嘉丰国际1号楼101快递美团干洗,嘉丰国际1号楼101快递美团干洗,快递,2025-04-17 10:19:38,,0.8,0.27,0,6.00,0.00,2.80,6-3.2,1,1912692339421679616,极兔快递,JT0016129197440,其他,广东省,
嘉丰国际1号楼101快递美团干洗_站点-嘉丰国际1号楼101快递美团干洗,嘉丰国际1号楼101快递美团干洗,嘉丰国际1号楼101快递美团干洗,快递,2025-04-17 10:18:47,,0.4,0.76,0,6.00,0.00,2.80,6-3.2,1,1912692155014909952,极兔快递,JT0016129552047,服饰,河北省,
嘉丰国际1号楼101快递美团干洗_站点-嘉丰国际1号楼101快递美团干洗,嘉丰国际1号楼101快递美团干洗,嘉丰国际1号楼101快递美团干洗,快递,2025-04-17 10:17:13,,0.5,1.02,-1,6.00,0.00,2.80,6-3.2,1,1912691746636500992,极兔快递,JT0016135783603,服饰,浙江省,
嘉丰国际1号楼101快递美团干洗_站点-嘉丰国际1号楼101快递美团干洗,嘉丰国际1号楼101快递美团干洗,嘉丰国际1号楼101快递美团干洗,快递,2025-04-17 10:16:34,,0.4,0.41,0,6.00,0.00,2.80,6-3.2,1,1912691589052305408,极兔快递,JT0016135074447,服饰,江苏省,
嘉丰国际1号楼101快递美团干洗_站点-嘉丰国际1号楼101快递美团干洗,嘉丰国际1号楼101快递美团干洗,嘉丰国际1号楼101快递美团干洗,快递,2025-04-17 10:15:38,,0.5,0.43,0,6.00,0.00,2.80,6-3.2,1,1912691363734294528,极兔快递,JT0016119294681,服饰,云南省,
嘉丰国际1号楼101快递美团干洗_站点-嘉丰国际1号楼101快递美团干洗,嘉丰国际1号楼101快递美团干洗,嘉丰国际1号楼101快递美团干洗,快递,2025-04-17 10:09:32,,0.7,0.85,0,6.00,0.00,2.80,6-3.2,1,1912689828937797632,极兔快递,JT0016135961251,服饰,福建省,
嘉丰国际1号楼101快递美团干洗_站点-嘉丰国际1号楼101快递美团干洗,嘉丰国际1号楼101快递美团干洗,嘉丰国际1号楼101快递美团干洗,快递,2025-04-16 18:53:56,,1.2,1.25,0,7.00,0.00,3.01,43% ,1,1912459410988797952,极兔快递,JT0016128105932,服饰,四川省,
嘉丰国际1号楼101快递美团干洗_站点-嘉丰国际1号楼101快递美团干洗,嘉丰国际1号楼101快递美团干洗,嘉丰国际1号楼101快递美团干洗,快递,2025-04-16 17:47:01,,0.8,0.81,0,6.00,0.00,2.80,6-3.2,1,1912442569637695488,极兔快递,JT0016114957437,服饰,江西省,
嘉丰国际1号楼101快递美团干洗_站点-嘉丰国际1号楼101快递美团干洗,嘉丰国际1号楼101快递美团干洗,嘉丰国际1号楼101快递美团干洗,快递,2025-04-16 17:20:19,,0.52,0.53,0,6.00,0.00,2.80,6-3.2,1,1912435854255001600,极兔快递,JT0016129085525,服饰,浙江省,
嘉丰国际1号楼101快递美团干洗_站点-嘉丰国际1号楼101快递美团干洗,嘉丰国际1号楼101快递美团干洗,嘉丰国际1号楼101快递美团干洗,快递,2025-04-16 17:19:25,,0.35,0.37,0,7.00,0.00,2.80,6-3.2,1,1912435618560282624,极兔快递,JT0016123169401,服饰,上海市,
嘉丰国际1号楼101快递美团干洗_站点-嘉丰国际1号楼101快递美团干洗,嘉丰国际1号楼101快递美团干洗,嘉丰国际1号楼101快递美团干洗,干洗,2025-04-16 17:05:34,,,,,12.80,,3.84,30%,,1912432138198126592,干洗,,"布鞋_网鞋   *   1",,
嘉丰国际1号楼101快递美团干洗_站点-嘉丰国际1号楼101快递美团干洗,嘉丰国际1号楼101快递美团干洗,嘉丰国际1号楼101快递美团干洗,快递,2025-04-16 16:56:32,,0.35,0.48,0,6.00,0.00,2.80,6-3.2,1,1912429865669693440,极兔快递,JT0016128743526,服饰,广东省,
嘉丰国际1号楼101快递美团干洗_站点-嘉丰国际1号楼101快递美团干洗,嘉丰国际1号楼101快递美团干洗,嘉丰国际1号楼101快递美团干洗,快递,2025-04-16 16:54:50,,0.3,0.45,0,6.00,0.00,2.80,6-3.2,1,1912429431634726912,极兔快递,JT0016128388979,服饰,河南省,
嘉丰国际1号楼101快递美团干洗_站点-嘉丰国际1号楼101快递美团干洗,嘉丰国际1号楼101快递美团干洗,嘉丰国际1号楼101快递美团干洗,快递,2025-04-16 16:54:12,,0.75,0.81,0,6.00,0.00,2.80,6-3.2,1,1912429283064090624,极兔快递,JT0016125893842,服饰,广东省,
嘉丰国际1号楼101快递美团干洗_站点-嘉丰国际1号楼101快递美团干洗,嘉丰国际1号楼101快递美团干洗,嘉丰国际1号楼101快递美团干洗,快递,2025-04-16 16:53:03,,0.8,0.65,0,6.00,0.00,2.80,6-3.2,1,1912428991337664512,极兔快递,JT0016128665400,服饰,广东省,
嘉丰国际1号楼101快递美团干洗_站点-嘉丰国际1号楼101快递美团干洗,嘉丰国际1号楼101快递美团干洗,嘉丰国际1号楼101快递美团干洗,快递,2025-04-16 16:46:10,,0.4,0.38,0,6.00,0.00,2.80,6-3.2,1,1912427258154782720,极兔快递,JT0016125645269,服饰,河北省,
嘉丰国际1号楼101快递美团干洗_站点-嘉丰国际1号楼101快递美团干洗,嘉丰国际1号楼101快递美团干洗,嘉丰国际1号楼101快递美团干洗,快递,2025-04-16 16:44:27,,0.8,1.08,-1,6.00,0.00,2.80,6-3.2,1,1912426818868547584,极兔快递,JT0016126249308,服饰,浙江省,
嘉丰国际1号楼101快递美团干洗_站点-嘉丰国际1号楼101快递美团干洗,嘉丰国际1号楼101快递美团干洗,嘉丰国际1号楼101快递美团干洗,快递,2025-04-16 16:43:47,,0.42,0.62,0,6.00,0.00,2.80,6-3.2,1,1912426644997869568,极兔快递,JT0016125209815,其他,广东省,
嘉丰国际1号楼101快递美团干洗_站点-嘉丰国际1号楼101快递美团干洗,嘉丰国际1号楼101快递美团干洗,嘉丰国际1号楼101快递美团干洗,快递,2025-04-16 16:42:55,,0.32,0.33,0,6.00,0.00,2.80,6-3.2,1,1912426424222289920,极兔快递,JT0016125580014,其他,安徽省,
嘉丰国际1号楼101快递美团干洗_站点-嘉丰国际1号楼101快递美团干洗,嘉丰国际1号楼101快递美团干洗,嘉丰国际1号楼101快递美团干洗,快递,2025-04-16 16:42:15,,0.45,0.45,0,6.00,0.00,2.80,6-3.2,1,1912426242508263424,极兔快递,JT0016123005883,其他,安徽省,
嘉丰国际1号楼101快递美团干洗_站点-嘉丰国际1号楼101快递美团干洗,嘉丰国际1号楼101快递美团干洗,嘉丰国际1号楼101快递美团干洗,快递,2025-04-16 14:21:08,,0.62,0.31,0,6.00,0.00,2.80,6-3.2,1,1912390757035479040,极兔快递,JT0016119139770,其他,广东省,
嘉丰国际1号楼101快递美团干洗_站点-嘉丰国际1号楼101快递美团干洗,嘉丰国际1号楼101快递美团干洗,嘉丰国际1号楼101快递美团干洗,快递,2025-04-16 13:49:09,,0.3,0.39,0,6.00,0.00,2.80,6-3.2,1,1912382707947999232,极兔快递,JT0016121427573,服饰,江苏省,
嘉丰国际1号楼101快递美团干洗_站点-嘉丰国际1号楼101快递美团干洗,嘉丰国际1号楼101快递美团干洗,嘉丰国际1号楼101快递美团干洗,快递,2025-04-16 13:32:10,,0.7,0.69,0,6.00,0.00,2.52,42% ,1,1912378427404914688,韵达快递,312713466323835,其他,陕西省,
嘉丰国际1号楼101快递美团干洗_站点-嘉丰国际1号楼101快递美团干洗,嘉丰国际1号楼101快递美团干洗,嘉丰国际1号楼101快递美团干洗,干洗,2025-04-16 13:13:42,,,,,15.00,,4.50,30%,,1912373784234889216,干洗,,"皮鞋   *   1",,
嘉丰国际1号楼101快递美团干洗_站点-嘉丰国际1号楼101快递美团干洗,嘉丰国际1号楼101快递美团干洗,嘉丰国际1号楼101快递美团干洗,快递,2025-04-16 13:01:23,,0.3,0.31,0,6.00,0.00,2.80,6-3.2,1,1912370686921740288,极兔快递,JT0016122932468,服饰,安徽省,
嘉丰国际1号楼101快递美团干洗_站点-嘉丰国际1号楼101快递美团干洗,嘉丰国际1号楼101快递美团干洗,嘉丰国际1号楼101快递美团干洗,快递,2025-04-16 12:59:40,,0.2,0.44,0,6.00,0.00,2.80,6-3.2,1,1912370252358291456,极兔快递,JT0016123916701,其他,福建省,
嘉丰国际1号楼101快递美团干洗_站点-嘉丰国际1号楼101快递美团干洗,嘉丰国际1号楼101快递美团干洗,嘉丰国际1号楼101快递美团干洗,快递,2025-04-16 12:21:51,,0.6,0.39,0,6.00,0.00,2.80,6-3.2,1,1912360729820205056,极兔快递,JT0016120347076,服饰,浙江省,
嘉丰国际1号楼101快递美团干洗_站点-嘉丰国际1号楼101快递美团干洗,嘉丰国际1号楼101快递美团干洗,嘉丰国际1号楼101快递美团干洗,快递,2025-04-16 10:50:48,,2,2.15,-1,7.00,0.00,3.01,43% ,1,1912337825711722496,极兔快递,JT0016119494901,其他,陕西省,
嘉丰国际1号楼101快递美团干洗_站点-嘉丰国际1号楼101快递美团干洗,嘉丰国际1号楼101快递美团干洗,嘉丰国际1号楼101快递美团干洗,快递,2025-04-16 10:34:48,,0.75,0.73,0,6.00,0.00,2.80,6-3.2,1,1912333800610140160,极兔快递,JT0016120986897,服饰,天津市,
嘉丰国际1号楼101快递美团干洗_站点-嘉丰国际1号楼101快递美团干洗,嘉丰国际1号楼101快递美团干洗,嘉丰国际1号楼101快递美团干洗,快递,2025-04-16 10:18:07,,0.33,0.3,0,6.00,0.00,2.80,6-3.2,1,1912329588299993088,极兔快递,JT0016118452282,其他,湖北省,
嘉丰国际1号楼101快递美团干洗_站点-嘉丰国际1号楼101快递美团干洗,嘉丰国际1号楼101快递美团干洗,嘉丰国际1号楼101快递美团干洗,快递,2025-04-15 22:33:14,,0.5,0.84,0,6.00,0.00,2.80,6-3.2,1,1912152204691050496,极兔快递,JT0016115684714,服饰,广东省,
嘉丰国际1号楼101快递美团干洗_站点-嘉丰国际1号楼101快递美团干洗,嘉丰国际1号楼101快递美团干洗,嘉丰国际1号楼101快递美团干洗,快递,2025-04-15 22:31:03,,1,0.21,0,6.00,0.00,2.80,6-3.2,1,1912151660979228672,极兔快递,JT0016116003380,服饰,四川省,
嘉丰国际1号楼101快递美团干洗_站点-嘉丰国际1号楼101快递美团干洗,嘉丰国际1号楼101快递美团干洗,嘉丰国际1号楼101快递美团干洗,快递,2025-04-15 20:46:46,,0.5,0.52,0,6.00,0.00,2.80,6-3.2,1,1912125413880434688,极兔快递,JT0016115528660,服饰,吉林省,
嘉丰国际1号楼101快递美团干洗_站点-嘉丰国际1号楼101快递美团干洗,嘉丰国际1号楼101快递美团干洗,嘉丰国际1号楼101快递美团干洗,快递,2025-04-15 20:40:26,,0.2,0.2,0,6.00,0.00,2.80,6-3.2,1,1912123817087930368,极兔快递,JT0016115534643,服饰,河南省,
嘉丰国际1号楼101快递美团干洗_站点-嘉丰国际1号楼101快递美团干洗,嘉丰国际1号楼101快递美团干洗,嘉丰国际1号楼101快递美团干洗,快递,2025-04-15 20:39:47,,0.3,0.2,0,6.00,0.00,2.80,6-3.2,1,1912123620245049344,极兔快递,JT0016112227358,服饰,广东省,
嘉丰国际1号楼101快递美团干洗_站点-嘉丰国际1号楼101快递美团干洗,嘉丰国际1号楼101快递美团干洗,嘉丰国际1号楼101快递美团干洗,快递,2025-04-15 20:38:53,,0.5,0.62,0,6.00,0.00,2.80,6-3.2,1,1912123437910265856,极兔快递,JT0016115415380,服饰,浙江省,
嘉丰国际1号楼101快递美团干洗_站点-嘉丰国际1号楼101快递美团干洗,嘉丰国际1号楼101快递美团干洗,嘉丰国际1号楼101快递美团干洗,快递,2025-04-15 20:05:59,,2.41,2.38,0,8.00,0.00,3.60,45% ,1,1912115151634894848,极兔快递,JT0016113821981,食品,贵州省,
嘉丰国际1号楼101快递美团干洗_站点-嘉丰国际1号楼101快递美团干洗,嘉丰国际1号楼101快递美团干洗,嘉丰国际1号楼101快递美团干洗,快递,2025-04-15 19:35:15,,0.2,0.2,0,6.00,0.00,2.80,6-3.2,1,1912107425332662272,极兔快递,JT0016114671727,其他,天津市,
嘉丰国际1号楼101快递美团干洗_站点-嘉丰国际1号楼101快递美团干洗,嘉丰国际1号楼101快递美团干洗,嘉丰国际1号楼101快递美团干洗,快递,2025-04-15 19:33:39,,0.4,0.77,0,6.00,0.00,2.80,6-3.2,1,1912107020016095232,极兔快递,JT0016115036107,服饰,广东省,
嘉丰国际1号楼101快递美团干洗_站点-嘉丰国际1号楼101快递美团干洗,嘉丰国际1号楼101快递美团干洗,嘉丰国际1号楼101快递美团干洗,快递,2025-04-15 19:21:14,,0.65,0.65,0,6.00,0.00,2.80,6-3.2,1,1912103893170851840,极兔快递,JT0016107201791,其他,浙江省,
嘉丰国际1号楼101快递美团干洗_站点-嘉丰国际1号楼101快递美团干洗,嘉丰国际1号楼101快递美团干洗,嘉丰国际1号楼101快递美团干洗,快递,2025-04-15 19:15:53,,0.6,0.7,0,6.00,0.00,2.80,6-3.2,1,1912102545633251328,极兔快递,JT0016114301278,服饰,广东省,
嘉丰国际1号楼101快递美团干洗_站点-嘉丰国际1号楼101快递美团干洗,嘉丰国际1号楼101快递美团干洗,嘉丰国际1号楼101快递美团干洗,快递,2025-04-15 19:11:30,,0.1,0.2,0,6.00,0.00,2.80,6-3.2,1,1912101445479895040,极兔快递,JT0016114036480,服饰,浙江省,
嘉丰国际1号楼101快递美团干洗_站点-嘉丰国际1号楼101快递美团干洗,嘉丰国际1号楼101快递美团干洗,嘉丰国际1号楼101快递美团干洗,快递,2025-04-15 19:10:32,,8,9.77,-2,20.00,10.50,8.00,40% ,1,1912101201874718720,极兔快递,JT0016111227625,其他,辽宁省,
嘉丰国际1号楼101快递美团干洗_站点-嘉丰国际1号楼101快递美团干洗,嘉丰国际1号楼101快递美团干洗,嘉丰国际1号楼101快递美团干洗,快递,2025-04-15 19:05:32,,0.2,0.2,0,6.00,0.00,2.80,6-3.2,1,1912099936222515200,极兔快递,JT0016112542729,服饰,湖北省,
嘉丰国际1号楼101快递美团干洗_站点-嘉丰国际1号楼101快递美团干洗,嘉丰国际1号楼101快递美团干洗,嘉丰国际1号楼101快递美团干洗,快递,2025-04-15 19:04:31,,0.33,0.35,0,6.00,0.00,2.80,6-3.2,1,1912099681259163648,极兔快递,JT0016112548945,服饰,浙江省,
嘉丰国际1号楼101快递美团干洗_站点-嘉丰国际1号楼101快递美团干洗,嘉丰国际1号楼101快递美团干洗,嘉丰国际1号楼101快递美团干洗,快递,2025-04-15 19:03:40,,0.6,0.62,0,6.00,0.00,2.80,6-3.2,1,1912099470264700928,极兔快递,JT0016114559173,服饰,浙江省,
嘉丰国际1号楼101快递美团干洗_站点-嘉丰国际1号楼101快递美团干洗,嘉丰国际1号楼101快递美团干洗,嘉丰国际1号楼101快递美团干洗,快递,2025-04-15 18:52:11,,1.2,1.2,0,7.00,0.00,3.01,43% ,1,1912096584029900800,韵达快递,312712832646069,服饰,浙江省,
嘉丰国际1号楼101快递美团干洗_站点-嘉丰国际1号楼101快递美团干洗,嘉丰国际1号楼101快递美团干洗,嘉丰国际1号楼101快递美团干洗,快递,2025-04-15 18:35:21,,1.2,1.2,0,7.00,0.00,3.01,43% ,1,1912092341441073152,极兔快递,JT0016113199060,服饰,浙江省,
嘉丰国际1号楼101快递美团干洗_站点-嘉丰国际1号楼101快递美团干洗,嘉丰国际1号楼101快递美团干洗,嘉丰国际1号楼101快递美团干洗,快递,2025-04-15 18:25:18,,0.6,0.71,0,6.00,0.00,2.80,6-3.2,1,1912089818076483584,极兔快递,JT0016112439499,服饰,安徽省,
嘉丰国际1号楼101快递美团干洗_站点-嘉丰国际1号楼101快递美团干洗,嘉丰国际1号楼101快递美团干洗,嘉丰国际1号楼101快递美团干洗,快递,2025-04-15 18:24:06,,0.7,0.69,0,6.00,0.00,2.80,6-3.2,1,1912089502144729088,极兔快递,JT0016112953875,服饰,河南省,
嘉丰国际1号楼101快递美团干洗_站点-嘉丰国际1号楼101快递美团干洗,嘉丰国际1号楼101快递美团干洗,嘉丰国际1号楼101快递美团干洗,快递,2025-04-15 18:23:18,,0.5,0.5,0,6.00,0.00,2.80,6-3.2,1,1912089317284974592,极兔快递,JT0016096564384,服饰,湖北省,
嘉丰国际1号楼101快递美团干洗_站点-嘉丰国际1号楼101快递美团干洗,嘉丰国际1号楼101快递美团干洗,嘉丰国际1号楼101快递美团干洗,快递,2025-04-15 16:56:32,,0.3,0.33,0,6.00,0.00,2.80,6-3.2,1,1912067480391979008,极兔快递,JT0016108420319,其他,广东省,
嘉丰国际1号楼101快递美团干洗_站点-嘉丰国际1号楼101快递美团干洗,嘉丰国际1号楼101快递美团干洗,嘉丰国际1号楼101快递美团干洗,快递,2025-04-15 16:47:42,,0.7,0.66,0,6.00,0.00,2.80,6-3.2,1,1912065257985478656,极兔快递,JT0016109721715,服饰,浙江省,
嘉丰国际1号楼101快递美团干洗_站点-嘉丰国际1号楼101快递美团干洗,嘉丰国际1号楼101快递美团干洗,嘉丰国际1号楼101快递美团干洗,快递,2025-04-15 16:46:12,,0.5,0.3,0,6.00,0.00,2.80,6-3.2,1,1912064864492654592,极兔快递,JT0016111708216,服饰,安徽省,
嘉丰国际1号楼101快递美团干洗_站点-嘉丰国际1号楼101快递美团干洗,嘉丰国际1号楼101快递美团干洗,嘉丰国际1号楼101快递美团干洗,快递,2025-04-15 16:45:17,,0.6,0.58,0,6.00,0.00,2.80,6-3.2,1,1912064647168987136,极兔快递,JT0016111118279,其他,广东省,
嘉丰国际1号楼101快递美团干洗_站点-嘉丰国际1号楼101快递美团干洗,嘉丰国际1号楼101快递美团干洗,嘉丰国际1号楼101快递美团干洗,快递,2025-04-15 16:44:01,,0.5,0.49,0,6.00,0.00,2.52,42% ,1,1912064323607793664,韵达快递,312712724990291,其他,湖北省,
嘉丰国际1号楼101快递美团干洗_站点-嘉丰国际1号楼101快递美团干洗,嘉丰国际1号楼101快递美团干洗,嘉丰国际1号楼101快递美团干洗,快递,2025-04-15 16:43:15,,0.8,0.6,0,6.00,0.00,2.80,6-3.2,1,1912064115918442496,极兔快递,JT0016110769900,服饰,广东省,
嘉丰国际1号楼101快递美团干洗_站点-嘉丰国际1号楼101快递美团干洗,嘉丰国际1号楼101快递美团干洗,嘉丰国际1号楼101快递美团干洗,快递,2025-04-15 16:42:25,,0.2,0.2,0,6.00,0.00,2.80,6-3.2,1,1912063928370139136,极兔快递,JT0016108184647,服饰,湖北省,
嘉丰国际1号楼101快递美团干洗_站点-嘉丰国际1号楼101快递美团干洗,嘉丰国际1号楼101快递美团干洗,嘉丰国际1号楼101快递美团干洗,快递,2025-04-15 16:40:45,,0.7,0.41,0,6.00,0.00,2.80,6-3.2,1,1912063493190127616,极兔快递,JT0016107394779,服饰,湖南省,
嘉丰国际1号楼101快递美团干洗_站点-嘉丰国际1号楼101快递美团干洗,嘉丰国际1号楼101快递美团干洗,嘉丰国际1号楼101快递美团干洗,快递,2025-04-15 16:38:58,,0.5,0.28,0,6.00,0.00,2.52,42% ,1,1912063054323322880,韵达快递,312712720474098,服饰,河南省,
嘉丰国际1号楼101快递美团干洗_站点-嘉丰国际1号楼101快递美团干洗,嘉丰国际1号楼101快递美团干洗,嘉丰国际1号楼101快递美团干洗,快递,2025-04-15 16:38:15,,0.5,,,6.00,,2.80,6-3.2,1,1912062878477127680,极兔快递,JT0016112101808,服饰,河南省,
嘉丰国际1号楼101快递美团干洗_站点-嘉丰国际1号楼101快递美团干洗,嘉丰国际1号楼101快递美团干洗,嘉丰国际1号楼101快递美团干洗,快递,2025-04-15 16:24:48,,1,0.95,0,6.00,0.00,2.80,6-3.2,1,1912059494898536448,极兔快递,JT0016106806251,服饰,广东省,
嘉丰国际1号楼101快递美团干洗_站点-嘉丰国际1号楼101快递美团干洗,嘉丰国际1号楼101快递美团干洗,嘉丰国际1号楼101快递美团干洗,快递,2025-04-15 16:06:28,,2.2,2.15,0,8.00,0.00,3.60,45% ,1,1912054877745778688,极兔快递,JT0016110884545,食品,陕西省,
嘉丰国际1号楼101快递美团干洗_站点-嘉丰国际1号楼101快递美团干洗,嘉丰国际1号楼101快递美团干洗,嘉丰国际1号楼101快递美团干洗,快递,2025-04-15 15:49:33,,6,6.09,-1,15.00,6.00,6.00,40% ,1,1912050616110616576,极兔快递,JT0016111130735,生鲜类,陕西省,
嘉丰国际1号楼101快递美团干洗_站点-嘉丰国际1号楼101快递美团干洗,嘉丰国际1号楼101快递美团干洗,嘉丰国际1号楼101快递美团干洗,快递,2025-04-15 15:43:15,,6.5,6.45,0,17.50,6.00,7.00,40% ,1,1912049028088401920,极兔快递,JT0016097252994,生鲜类,陕西省,
嘉丰国际1号楼101快递美团干洗_站点-嘉丰国际1号楼101快递美团干洗,嘉丰国际1号楼101快递美团干洗,嘉丰国际1号楼101快递美团干洗,快递,2025-04-15 14:38:05,,1.2,1.16,0,7.00,0.00,3.01,43% ,1,1912032634319867904,极兔快递,JT0016107142740,其他,浙江省,
嘉丰国际1号楼101快递美团干洗_站点-嘉丰国际1号楼101快递美团干洗,嘉丰国际1号楼101快递美团干洗,嘉丰国际1号楼101快递美团干洗,快递,2025-04-15 14:35:35,,0.2,0.2,0,6.00,0.00,2.80,6-3.2,1,1912032005212016640,极兔快递,JT0016103574881,服饰,湖北省,
嘉丰国际1号楼101快递美团干洗_站点-嘉丰国际1号楼101快递美团干洗,嘉丰国际1号楼101快递美团干洗,嘉丰国际1号楼101快递美团干洗,快递,2025-04-15 14:33:05,,0.2,0.22,0,6.00,0.00,2.80,6-3.2,1,1912031377039495168,极兔快递,JT0016097159759,服饰,湖北省,
嘉丰国际1号楼101快递美团干洗_站点-嘉丰国际1号楼101快递美团干洗,嘉丰国际1号楼101快递美团干洗,嘉丰国际1号楼101快递美团干洗,快递,2025-04-15 13:35:02,,0.85,0.88,0,6.00,0.00,2.80,6-3.2,1,1912016771508277248,极兔快递,JT0016106109850,服饰,浙江省,
嘉丰国际1号楼101快递美团干洗_站点-嘉丰国际1号楼101快递美团干洗,嘉丰国际1号楼101快递美团干洗,嘉丰国际1号楼101快递美团干洗,快递,2025-04-15 13:20:22,,1.6,1.55,0,7.00,0.00,3.01,43% ,1,1912013076695552000,韵达快递,312712571580193,其他,陕西省,
嘉丰国际1号楼101快递美团干洗_站点-嘉丰国际1号楼101快递美团干洗,嘉丰国际1号楼101快递美团干洗,嘉丰国际1号楼101快递美团干洗,快递,2025-04-15 13:06:38,,0.12,0.2,0,6.00,0.00,2.80,6-3.2,1,1912009614226296832,极兔快递,JT0016104444339,服饰,广东省,
嘉丰国际1号楼101快递美团干洗_站点-嘉丰国际1号楼101快递美团干洗,嘉丰国际1号楼101快递美团干洗,嘉丰国际1号楼101快递美团干洗,快递,2025-04-15 13:05:36,,0.85,0.82,0,6.00,0.00,2.80,6-3.2,1,1912009357773967360,极兔快递,JT0016107944106,服饰,福建省,
嘉丰国际1号楼101快递美团干洗_站点-嘉丰国际1号楼101快递美团干洗,嘉丰国际1号楼101快递美团干洗,嘉丰国际1号楼101快递美团干洗,快递,2025-04-15 12:40:07,,6.8,6.76,0,18.50,7.00,6.40,40%,1,1912002950907498496,韵达快递,312712529228866,其他,北京市,
嘉丰国际1号楼101快递美团干洗_站点-嘉丰国际1号楼101快递美团干洗,嘉丰国际1号楼101快递美团干洗,嘉丰国际1号楼101快递美团干洗,快递,2025-04-15 12:30:39,,0.5,0.56,0,6.00,0.00,2.52,42% ,1,1912000569075503104,韵达快递,312712524873635,服饰,江西省,
嘉丰国际1号楼101快递美团干洗_站点-嘉丰国际1号楼101快递美团干洗,嘉丰国际1号楼101快递美团干洗,嘉丰国际1号楼101快递美团干洗,快递,2025-04-15 12:28:48,,0.3,0.2,0,6.00,0.00,2.80,6-3.2,1,1912000101762928640,极兔快递,JT0016106637449,服饰,广东省,
嘉丰国际1号楼101快递美团干洗_站点-嘉丰国际1号楼101快递美团干洗,嘉丰国际1号楼101快递美团干洗,嘉丰国际1号楼101快递美团干洗,干洗,2025-04-15 12:23:37,,,,,78.00,,23.40,30%,,1911998778908807168,干洗,,"靴子   *   1
靴子   *   1
凉鞋   *   1
凉鞋   *   1
凉鞋   *   1",,
嘉丰国际1号楼101快递美团干洗_站点-嘉丰国际1号楼101快递美团干洗,嘉丰国际1号楼101快递美团干洗,嘉丰国际1号楼101快递美团干洗,干洗,2025-04-15 12:09:27,,,,,59.00,,17.70,30%,,1911995228870873088,干洗,,"清洗毛呢2件59元   *   1
清洗毛呢2件59元   *   1",,
嘉丰国际1号楼101快递美团干洗_站点-嘉丰国际1号楼101快递美团干洗,嘉丰国际1号楼101快递美团干洗,嘉丰国际1号楼101快递美团干洗,快递,2025-04-15 11:57:05,,0.6,0.53,0,6.00,0.00,2.80,6-3.2,1,1911992119314550784,极兔快递,JT0016104402471,服饰,广东省,
嘉丰国际1号楼101快递美团干洗_站点-嘉丰国际1号楼101快递美团干洗,嘉丰国际1号楼101快递美团干洗,嘉丰国际1号楼101快递美团干洗,快递,2025-04-15 11:53:36,,0.75,0.73,0,6.00,0.00,2.80,6-3.2,1,1911991241673216000,极兔快递,JT0016097334244,生活用品,福建省,
嘉丰国际1号楼101快递美团干洗_站点-嘉丰国际1号楼101快递美团干洗,嘉丰国际1号楼101快递美团干洗,嘉丰国际1号楼101快递美团干洗,快递,2025-04-15 11:37:30,,0.3,0.2,0,6.00,0.00,2.80,6-3.2,1,1911987189480624128,极兔快递,JT0016106123836,服饰,广东省,
嘉丰国际1号楼101快递美团干洗_站点-嘉丰国际1号楼101快递美团干洗,嘉丰国际1号楼101快递美团干洗,嘉丰国际1号楼101快递美团干洗,快递,2025-04-15 10:48:41,,6.8,6.82,0,17.50,6.00,7.00,40% ,1,1911974897943236608,韵达快递,312712468179847,食品,浙江省,
嘉丰国际1号楼101快递美团干洗_站点-嘉丰国际1号楼101快递美团干洗,嘉丰国际1号楼101快递美团干洗,嘉丰国际1号楼101快递美团干洗,快递,2025-04-15 10:38:45,,1,0.61,0,6.00,0.00,2.80,6-3.2,1,1911972403540824064,极兔快递,JT0016098786548,服饰,广东省,
嘉丰国际1号楼101快递美团干洗_站点-嘉丰国际1号楼101快递美团干洗,嘉丰国际1号楼101快递美团干洗,嘉丰国际1号楼101快递美团干洗,快递,2025-04-15 10:36:35,,0.8,0.85,0,6.00,0.00,2.80,6-3.2,1,1911971861624164352,极兔快递,JT0016103498085,服饰,广东省,
嘉丰国际1号楼101快递美团干洗_站点-嘉丰国际1号楼101快递美团干洗,嘉丰国际1号楼101快递美团干洗,嘉丰国际1号楼101快递美团干洗,快递,2025-04-15 10:35:01,,1.2,1.19,0,7.00,0.00,3.01,43% ,1,1911971467997122560,极兔快递,JT0016102013431,其他,江苏省,
嘉丰国际1号楼101快递美团干洗_站点-嘉丰国际1号楼101快递美团干洗,嘉丰国际1号楼101快递美团干洗,嘉丰国际1号楼101快递美团干洗,快递,2025-04-15 10:20:18,,0.4,0.2,0,6.00,0.00,2.80,6-3.2,1,1911967759850704896,极兔快递,JT0016100522155,文件,陕西省,
嘉丰国际1号楼101快递美团干洗_站点-嘉丰国际1号楼101快递美团干洗,嘉丰国际1号楼101快递美团干洗,嘉丰国际1号楼101快递美团干洗,快递,2025-04-15 10:15:27,,1,1.04,-1,6.00,0.00,2.80,6-3.2,1,1911966512443723776,极兔快递,JT0016103439038,服饰,河北省,
嘉丰国际1号楼101快递美团干洗_站点-嘉丰国际1号楼101快递美团干洗,嘉丰国际1号楼101快递美团干洗,嘉丰国际1号楼101快递美团干洗,快递,2025-04-14 19:29:59,,1.5,1.37,0,7.00,0.00,3.01,43% ,1,1911743707986956288,极兔快递,JT0016093832646,食品,陕西省,
嘉丰国际1号楼101快递美团干洗_站点-嘉丰国际1号楼101快递美团干洗,嘉丰国际1号楼101快递美团干洗,嘉丰国际1号楼101快递美团干洗,快递,2025-04-14 19:28:44,,0.4,0.29,0,6.00,0.00,2.80,6-3.2,1,1911743372178395136,极兔快递,JT0016093448317,服饰,广东省,
嘉丰国际1号楼101快递美团干洗_站点-嘉丰国际1号楼101快递美团干洗,嘉丰国际1号楼101快递美团干洗,嘉丰国际1号楼101快递美团干洗,快递,2025-04-14 19:27:57,,0.4,0.43,0,6.00,0.00,2.80,6-3.2,1,1911743189776502784,极兔快递,JT0016099022909,服饰,广东省,
嘉丰国际1号楼101快递美团干洗_站点-嘉丰国际1号楼101快递美团干洗,嘉丰国际1号楼101快递美团干洗,嘉丰国际1号楼101快递美团干洗,快递,2025-04-14 19:27:04,,0.7,0.88,0,6.00,0.00,2.80,6-3.2,1,1911742949782622208,极兔快递,JT0016097558812,服饰,四川省,
嘉丰国际1号楼101快递美团干洗_站点-嘉丰国际1号楼101快递美团干洗,嘉丰国际1号楼101快递美团干洗,嘉丰国际1号楼101快递美团干洗,快递,2025-04-14 19:26:10,,0.8,1.21,-1,6.00,0.00,2.80,6-3.2,1,1911742731066445824,极兔快递,JT0016097123418,服饰,浙江省,
嘉丰国际1号楼101快递美团干洗_站点-嘉丰国际1号楼101快递美团干洗,嘉丰国际1号楼101快递美团干洗,嘉丰国际1号楼101快递美团干洗,快递,2025-04-14 19:23:23,,1.3,1.22,0,7.00,0.00,3.01,43% ,1,1911742035172691968,极兔快递,JT0016086231610,其他,河北省,
嘉丰国际1号楼101快递美团干洗_站点-嘉丰国际1号楼101快递美团干洗,嘉丰国际1号楼101快递美团干洗,嘉丰国际1号楼101快递美团干洗,快递,2025-04-14 18:59:20,,0.3,0.41,0,6.00,0.00,2.80,6-3.2,1,1911735999888003072,极兔快递,JT0016098194931,服饰,广东省,
嘉丰国际1号楼101快递美团干洗_站点-嘉丰国际1号楼101快递美团干洗,嘉丰国际1号楼101快递美团干洗,嘉丰国际1号楼101快递美团干洗,快递,2025-04-14 18:58:47,,1.8,1.77,0,7.00,0.00,3.01,43% ,1,1911735857629794304,极兔快递,JT0016095049332,服饰,广东省,
嘉丰国际1号楼101快递美团干洗_站点-嘉丰国际1号楼101快递美团干洗,嘉丰国际1号楼101快递美团干洗,嘉丰国际1号楼101快递美团干洗,快递,2025-04-14 18:58:02,,0.2,0.2,0,6.00,0.00,2.80,6-3.2,1,1911735666726047744,极兔快递,JT0016096028808,服饰,辽宁省,
嘉丰国际1号楼101快递美团干洗_站点-嘉丰国际1号楼101快递美团干洗,嘉丰国际1号楼101快递美团干洗,嘉丰国际1号楼101快递美团干洗,快递,2025-04-14 18:30:11,,2.1,2.2,0,8.00,0.00,3.60,45% ,1,1911728644416770048,极兔快递,JT0016095142449,食品,广东省,
嘉丰国际1号楼101快递美团干洗_站点-嘉丰国际1号楼101快递美团干洗,嘉丰国际1号楼101快递美团干洗,嘉丰国际1号楼101快递美团干洗,快递,2025-04-14 17:22:39,,1.2,1.19,0,7.00,0.00,3.01,43% ,1,1911711661684068352,极兔快递,JT0016093929764,服饰,福建省,
嘉丰国际1号楼101快递美团干洗_站点-嘉丰国际1号楼101快递美团干洗,嘉丰国际1号楼101快递美团干洗,嘉丰国际1号楼101快递美团干洗,快递,2025-04-14 17:17:39,,1,0.46,0,7.00,0.00,2.80,6-3.2,1,1911710405183836160,极兔快递,JT0016096536739,服饰,上海市,
嘉丰国际1号楼101快递美团干洗_站点-嘉丰国际1号楼101快递美团干洗,嘉丰国际1号楼101快递美团干洗,嘉丰国际1号楼101快递美团干洗,快递,2025-04-14 17:13:56,,0.4,0.2,0,6.00,0.00,2.80,6-3.2,1,1911709471133306880,极兔快递,JT0016094833762,其他,山东省,
嘉丰国际1号楼101快递美团干洗_站点-嘉丰国际1号楼101快递美团干洗,嘉丰国际1号楼101快递美团干洗,嘉丰国际1号楼101快递美团干洗,快递,2025-04-14 17:10:43,,0.45,0.45,0,6.00,0.00,2.80,6-3.2,1,1911708653487296512,极兔快递,JT0016093847464,服饰,吉林省,
嘉丰国际1号楼101快递美团干洗_站点-嘉丰国际1号楼101快递美团干洗,嘉丰国际1号楼101快递美团干洗,嘉丰国际1号楼101快递美团干洗,快递,2025-04-14 17:09:55,,0.45,0.46,0,6.00,0.00,2.80,6-3.2,1,1911708453108617216,极兔快递,JT0016086564478,服饰,广东省,
嘉丰国际1号楼101快递美团干洗_站点-嘉丰国际1号楼101快递美团干洗,嘉丰国际1号楼101快递美团干洗,嘉丰国际1号楼101快递美团干洗,快递,2025-04-14 17:00:39,,0.21,0.34,0,6.00,0.00,2.80,6-3.2,1,1911706127690010624,极兔快递,JT0016096395294,服饰,广东省,
嘉丰国际1号楼101快递美团干洗_站点-嘉丰国际1号楼101快递美团干洗,嘉丰国际1号楼101快递美团干洗,嘉丰国际1号楼101快递美团干洗,快递,2025-04-14 16:59:21,,0.6,0.6,0,6.00,0.00,2.80,6-3.2,1,1911705794788102144,极兔快递,JT0016092417060,服饰,浙江省,
嘉丰国际1号楼101快递美团干洗_站点-嘉丰国际1号楼101快递美团干洗,嘉丰国际1号楼101快递美团干洗,嘉丰国际1号楼101快递美团干洗,快递,2025-04-14 16:58:42,,0.15,0.2,0,6.00,0.00,2.80,6-3.2,1,1911705630010675200,极兔快递,JT0016096974047,服饰,广东省,
嘉丰国际1号楼101快递美团干洗_站点-嘉丰国际1号楼101快递美团干洗,嘉丰国际1号楼101快递美团干洗,嘉丰国际1号楼101快递美团干洗,快递,2025-04-14 16:57:48,,0.3,0.27,0,6.00,0.00,2.80,6-3.2,1,1911705402712952832,极兔快递,JT0016092807221,服饰,广东省,
嘉丰国际1号楼101快递美团干洗_站点-嘉丰国际1号楼101快递美团干洗,嘉丰国际1号楼101快递美团干洗,嘉丰国际1号楼101快递美团干洗,快递,2025-04-14 16:57:05,,0.1,0.2,0,6.00,0.00,2.80,6-3.2,1,1911705220768239616,极兔快递,JT0016090956859,服饰,广东省,
嘉丰国际1号楼101快递美团干洗_站点-嘉丰国际1号楼101快递美团干洗,嘉丰国际1号楼101快递美团干洗,嘉丰国际1号楼101快递美团干洗,快递,2025-04-14 16:56:01,,1,0.97,0,6.00,0.00,2.80,6-3.2,1,1911704962860486656,极兔快递,JT0016095189246,服饰,河南省,
嘉丰国际1号楼101快递美团干洗_站点-嘉丰国际1号楼101快递美团干洗,嘉丰国际1号楼101快递美团干洗,嘉丰国际1号楼101快递美团干洗,快递,2025-04-14 16:51:38,,0.2,0.2,0,6.00,0.00,2.80,6-3.2,1,1911703856180793344,极兔快递,JT0016096061343,其他,山东省,
嘉丰国际1号楼101快递美团干洗_站点-嘉丰国际1号楼101快递美团干洗,嘉丰国际1号楼101快递美团干洗,嘉丰国际1号楼101快递美团干洗,快递,2025-04-14 16:48:07,,0.6,0.59,0,6.00,0.00,2.80,6-3.2,1,1911702972726153216,极兔快递,JT0016095324937,服饰,广东省,
嘉丰国际1号楼101快递美团干洗_站点-嘉丰国际1号楼101快递美团干洗,嘉丰国际1号楼101快递美团干洗,嘉丰国际1号楼101快递美团干洗,快递,2025-04-14 16:46:03,,0.3,0.23,0,6.00,0.00,2.80,6-3.2,1,1911702443744727040,极兔快递,JT0016095602845,其他,安徽省,
嘉丰国际1号楼101快递美团干洗_站点-嘉丰国际1号楼101快递美团干洗,嘉丰国际1号楼101快递美团干洗,嘉丰国际1号楼101快递美团干洗,快递,2025-04-14 16:45:02,,0.9,0.86,0,6.00,0.00,2.80,6-3.2,1,1911702188085121024,极兔快递,JT0016091786393,服饰,浙江省,
嘉丰国际1号楼101快递美团干洗_站点-嘉丰国际1号楼101快递美团干洗,嘉丰国际1号楼101快递美团干洗,嘉丰国际1号楼101快递美团干洗,快递,2025-04-14 16:43:29,,0.3,0.2,0,6.00,0.00,2.80,6-3.2,1,1911701807095517184,极兔快递,JT0016095250802,其他,江西省,
嘉丰国际1号楼101快递美团干洗_站点-嘉丰国际1号楼101快递美团干洗,嘉丰国际1号楼101快递美团干洗,嘉丰国际1号楼101快递美团干洗,快递,2025-04-14 16:40:32,,0.9,0.4,0,6.00,0.00,2.80,6-3.2,1,1911701065953611776,极兔快递,JT0016094191778,其他,安徽省,
嘉丰国际1号楼101快递美团干洗_站点-嘉丰国际1号楼101快递美团干洗,嘉丰国际1号楼101快递美团干洗,嘉丰国际1号楼101快递美团干洗,快递,2025-04-14 16:31:00,,0.45,0.45,0,6.00,0.00,2.80,6-3.2,1,1911698659232616448,极兔快递,JT0016094161597,服饰,湖北省,
嘉丰国际1号楼101快递美团干洗_站点-嘉丰国际1号楼101快递美团干洗,嘉丰国际1号楼101快递美团干洗,嘉丰国际1号楼101快递美团干洗,快递,2025-04-14 16:29:57,,0.4,0.39,0,6.00,0.00,2.80,6-3.2,1,1911698401333252096,极兔快递,JT0016093352810,服饰,浙江省,
嘉丰国际1号楼101快递美团干洗_站点-嘉丰国际1号楼101快递美团干洗,嘉丰国际1号楼101快递美团干洗,嘉丰国际1号楼101快递美团干洗,快递,2025-04-14 16:26:46,,0.4,0.44,0,6.00,0.00,2.80,6-3.2,1,1911697564888371200,极兔快递,JT0016093895049,服饰,河北省,
嘉丰国际1号楼101快递美团干洗_站点-嘉丰国际1号楼101快递美团干洗,嘉丰国际1号楼101快递美团干洗,嘉丰国际1号楼101快递美团干洗,快递,2025-04-14 16:26:06,,0.7,0.72,0,6.00,0.00,2.80,6-3.2,1,1911697426308567040,极兔快递,JT0016095654948,服饰,广东省,
嘉丰国际1号楼101快递美团干洗_站点-嘉丰国际1号楼101快递美团干洗,嘉丰国际1号楼101快递美团干洗,嘉丰国际1号楼101快递美团干洗,干洗,2025-04-14 16:20:23,,,,,12.80,,3.84,30%,,1911695953495494656,干洗,,"布鞋_网鞋   *   1",,
嘉丰国际1号楼101快递美团干洗_站点-嘉丰国际1号楼101快递美团干洗,嘉丰国际1号楼101快递美团干洗,嘉丰国际1号楼101快递美团干洗,快递,2025-04-14 16:13:07,,0.35,0.44,0,6.00,0.00,2.80,6-3.2,1,1911694156122984448,极兔快递,JT0016095052274,服饰,广东省,
嘉丰国际1号楼101快递美团干洗_站点-嘉丰国际1号楼101快递美团干洗,嘉丰国际1号楼101快递美团干洗,嘉丰国际1号楼101快递美团干洗,快递,2025-04-14 16:12:25,,0.35,0.26,0,6.00,0.00,2.80,6-3.2,1,1911693965898715136,极兔快递,JT0016093201606,服饰,广东省,
嘉丰国际1号楼101快递美团干洗_站点-嘉丰国际1号楼101快递美团干洗,嘉丰国际1号楼101快递美团干洗,嘉丰国际1号楼101快递美团干洗,快递,2025-04-14 16:03:19,,0.3,0.27,0,6.00,0.00,2.80,6-3.2,1,1911691672465870848,极兔快递,JT0016094148982,服饰,广东省,
嘉丰国际1号楼101快递美团干洗_站点-嘉丰国际1号楼101快递美团干洗,嘉丰国际1号楼101快递美团干洗,嘉丰国际1号楼101快递美团干洗,快递,2025-04-14 15:20:47,,0.4,0.3,0,6.00,0.00,2.80,6-3.2,1,1911680988793442304,极兔快递,JT0016093884149,服饰,浙江省,
嘉丰国际1号楼101快递美团干洗_站点-嘉丰国际1号楼101快递美团干洗,嘉丰国际1号楼101快递美团干洗,嘉丰国际1号楼101快递美团干洗,快递,2025-04-14 15:19:59,,0.42,0.45,0,6.00,0.00,2.80,6-3.2,1,1911680794987237376,极兔快递,JT0016092059788,文件,江西省,
嘉丰国际1号楼101快递美团干洗_站点-嘉丰国际1号楼101快递美团干洗,嘉丰国际1号楼101快递美团干洗,嘉丰国际1号楼101快递美团干洗,快递,2025-04-14 14:59:05,,0.23,0.2,0,6.00,0.00,2.80,6-3.2,1,1911675533673271296,极兔快递,JT0016093797537,其他,浙江省,
嘉丰国际1号楼101快递美团干洗_站点-嘉丰国际1号楼101快递美团干洗,嘉丰国际1号楼101快递美团干洗,嘉丰国际1号楼101快递美团干洗,干洗,2025-04-14 13:40:53,,,,,59.30,,17.79,30%,,1911655852270850048,干洗,,"清洗普通羽绒服2件不分长短49元   *   1
棉裤_羽绒裤_西裤   *   1
布鞋_网鞋   *   1",,
嘉丰国际1号楼101快递美团干洗_站点-嘉丰国际1号楼101快递美团干洗,嘉丰国际1号楼101快递美团干洗,嘉丰国际1号楼101快递美团干洗,快递,2025-04-14 12:58:17,,0.5,0.49,0,6.00,0.00,2.80,6-3.2,1,1911645131751460864,极兔快递,JT0016082969585,服饰,福建省,
嘉丰国际1号楼101快递美团干洗_站点-嘉丰国际1号楼101快递美团干洗,嘉丰国际1号楼101快递美团干洗,嘉丰国际1号楼101快递美团干洗,干洗,2025-04-14 12:21:33,,,,,39.50,,11.85,30%,,1911635881092354048,干洗,,"清洗普通羽绒服2件不分长短49元   *   1
皮鞋   *   1",,
嘉丰国际1号楼101快递美团干洗_站点-嘉丰国际1号楼101快递美团干洗,嘉丰国际1号楼101快递美团干洗,嘉丰国际1号楼101快递美团干洗,快递,2025-04-14 11:37:46,,0.3,0.37,0,6.00,0.00,2.52,42% ,1,1911624105357381632,韵达快递,312711610516032,其他,广东省,
嘉丰国际1号楼101快递美团干洗_站点-嘉丰国际1号楼101快递美团干洗,嘉丰国际1号楼101快递美团干洗,嘉丰国际1号楼101快递美团干洗,快递,2025-04-14 11:29:57,,0.6,0.64,0,6.00,0.00,2.52,42% ,1,1911622900925239296,韵达快递,312711606705299,服饰,河南省,
嘉丰国际1号楼101快递美团干洗_站点-嘉丰国际1号楼101快递美团干洗,嘉丰国际1号楼101快递美团干洗,嘉丰国际1号楼101快递美团干洗,干洗,2025-04-14 11:18:27,,,,,24.50,,7.35,30%,,1911620004854796288,干洗,,"清洗普通羽绒服2件不分长短49元   *   1",,
嘉丰国际1号楼101快递美团干洗_站点-嘉丰国际1号楼101快递美团干洗,嘉丰国际1号楼101快递美团干洗,嘉丰国际1号楼101快递美团干洗,快递,2025-04-13 20:44:26,,1,1.06,-1,6.00,0.00,2.80,6-3.2,1,1911400059121881088,极兔快递,JT0016080556675,服饰,浙江省,
嘉丰国际1号楼101快递美团干洗_站点-嘉丰国际1号楼101快递美团干洗,嘉丰国际1号楼101快递美团干洗,嘉丰国际1号楼101快递美团干洗,快递,2025-04-13 19:02:56,,0.43,0.45,0,6.00,0.00,2.80,6-3.2,1,1911374512497020928,极兔快递,JT0016077043972,服饰,湖北省,
嘉丰国际1号楼101快递美团干洗_站点-嘉丰国际1号楼101快递美团干洗,嘉丰国际1号楼101快递美团干洗,嘉丰国际1号楼101快递美团干洗,快递,2025-04-13 19:01:07,,0.6,0.61,0,6.00,0.00,2.80,6-3.2,1,1911374055477268480,极兔快递,JT0016081241888,服饰,湖北省,
嘉丰国际1号楼101快递美团干洗_站点-嘉丰国际1号楼101快递美团干洗,嘉丰国际1号楼101快递美团干洗,嘉丰国际1号楼101快递美团干洗,快递,2025-04-13 18:38:38,,0.5,0.56,0,6.00,0.00,2.80,6-3.2,1,1911368400695644160,极兔快递,JT0016079241216,服饰,陕西省,
嘉丰国际1号楼101快递美团干洗_站点-嘉丰国际1号楼101快递美团干洗,嘉丰国际1号楼101快递美团干洗,嘉丰国际1号楼101快递美团干洗,快递,2025-04-13 18:37:57,,1.4,1.39,0,7.00,0.00,3.01,43% ,1,1911368228083257344,极兔快递,JT0016079768205,服饰,浙江省,
嘉丰国际1号楼101快递美团干洗_站点-嘉丰国际1号楼101快递美团干洗,嘉丰国际1号楼101快递美团干洗,嘉丰国际1号楼101快递美团干洗,快递,2025-04-13 18:37:12,,0.7,0.69,0,6.00,0.00,2.80,6-3.2,1,1911368029508128768,极兔快递,JT0016077913481,服饰,广东省,
嘉丰国际1号楼101快递美团干洗_站点-嘉丰国际1号楼101快递美团干洗,嘉丰国际1号楼101快递美团干洗,嘉丰国际1号楼101快递美团干洗,快递,2025-04-13 18:36:29,,0.23,0.21,0,6.00,0.00,2.80,6-3.2,1,1911367858808344576,极兔快递,JT0016081153233,服饰,浙江省,
嘉丰国际1号楼101快递美团干洗_站点-嘉丰国际1号楼101快递美团干洗,嘉丰国际1号楼101快递美团干洗,嘉丰国际1号楼101快递美团干洗,快递,2025-04-13 18:30:17,,1,1.02,-1,6.00,0.00,2.80,6-3.2,1,1911366286598656000,极兔快递,JT0016076185173,其他,江苏省,
嘉丰国际1号楼101快递美团干洗_站点-嘉丰国际1号楼101快递美团干洗,嘉丰国际1号楼101快递美团干洗,嘉丰国际1号楼101快递美团干洗,快递,2025-04-13 18:29:34,,1,1.05,-1,6.00,0.00,2.80,6-3.2,1,1911366117513678848,极兔快递,JT0016081630484,其他,江苏省,
嘉丰国际1号楼101快递美团干洗_站点-嘉丰国际1号楼101快递美团干洗,嘉丰国际1号楼101快递美团干洗,嘉丰国际1号楼101快递美团干洗,快递,2025-04-13 18:22:12,,0.53,0.55,0,6.00,0.00,2.80,6-3.2,1,1911364261974560768,极兔快递,JT0016081850012,服饰,广东省,
嘉丰国际1号楼101快递美团干洗_站点-嘉丰国际1号楼101快递美团干洗,嘉丰国际1号楼101快递美团干洗,嘉丰国际1号楼101快递美团干洗,快递,2025-04-13 18:20:43,,0.25,0.26,0,6.00,0.00,2.80,6-3.2,1,1911363888043970560,极兔快递,JT0016080862422,服饰,广东省,
嘉丰国际1号楼101快递美团干洗_站点-嘉丰国际1号楼101快递美团干洗,嘉丰国际1号楼101快递美团干洗,嘉丰国际1号楼101快递美团干洗,快递,2025-04-13 18:19:30,,0.23,0.25,0,6.00,0.00,2.80,6-3.2,1,1911363579208978432,极兔快递,JT0016079487084,服饰,河北省,
嘉丰国际1号楼101快递美团干洗_站点-嘉丰国际1号楼101快递美团干洗,嘉丰国际1号楼101快递美团干洗,嘉丰国际1号楼101快递美团干洗,快递,2025-04-13 16:33:46,,0.2,0.2,0,6.00,0.00,2.80,6-3.2,1,1911336967763578880,极兔快递,JT0016078585513,服饰,广东省,
嘉丰国际1号楼101快递美团干洗_站点-嘉丰国际1号楼101快递美团干洗,嘉丰国际1号楼101快递美团干洗,嘉丰国际1号楼101快递美团干洗,快递,2025-04-13 16:33:11,,0.12,0.2,0,6.00,0.00,2.80,6-3.2,1,1911336819490738176,极兔快递,JT0016079505548,服饰,浙江省,
嘉丰国际1号楼101快递美团干洗_站点-嘉丰国际1号楼101快递美团干洗,嘉丰国际1号楼101快递美团干洗,嘉丰国际1号楼101快递美团干洗,快递,2025-04-13 16:32:13,,0.15,0.2,0,6.00,0.00,2.80,6-3.2,1,1911336580771926016,极兔快递,JT0016078544332,服饰,广东省,
嘉丰国际1号楼101快递美团干洗_站点-嘉丰国际1号楼101快递美团干洗,嘉丰国际1号楼101快递美团干洗,嘉丰国际1号楼101快递美团干洗,快递,2025-04-13 15:31:37,,0.6,0.35,0,6.00,0.00,2.80,6-3.2,1,1911321311768924160,极兔快递,JT0016077162835,服饰,福建省,
嘉丰国际1号楼101快递美团干洗_站点-嘉丰国际1号楼101快递美团干洗,嘉丰国际1号楼101快递美团干洗,嘉丰国际1号楼101快递美团干洗,快递,2025-04-13 15:30:53,,0.6,0.3,0,6.00,0.00,2.80,6-3.2,1,1911321129757102080,极兔快递,JT0016064893146,服饰,福建省,
嘉丰国际1号楼101快递美团干洗_站点-嘉丰国际1号楼101快递美团干洗,嘉丰国际1号楼101快递美团干洗,嘉丰国际1号楼101快递美团干洗,快递,2025-04-13 15:30:07,,0.5,0.66,0,6.00,0.00,2.80,6-3.2,1,1911320953009131520,极兔快递,JT0016074837568,服饰,浙江省,
嘉丰国际1号楼101快递美团干洗_站点-嘉丰国际1号楼101快递美团干洗,嘉丰国际1号楼101快递美团干洗,嘉丰国际1号楼101快递美团干洗,快递,2025-04-13 14:12:34,2025-04-13 06:15:22,0.3,,,6.00,,0.00,,1,1911301437659205632,极兔快递,JT0016075707466,服饰,浙江省,已全额退款
嘉丰国际1号楼101快递美团干洗_站点-嘉丰国际1号楼101快递美团干洗,嘉丰国际1号楼101快递美团干洗,嘉丰国际1号楼101快递美团干洗,快递,2025-04-13 14:13:44,,0.3,0.33,0,6.00,0.00,2.52,42% ,1,1911301730836860928,韵达快递,312710366020421,服饰,浙江省,
嘉丰国际1号楼101快递美团干洗_站点-嘉丰国际1号楼101快递美团干洗,嘉丰国际1号楼101快递美团干洗,嘉丰国际1号楼101快递美团干洗,快递,2025-04-13 14:02:30,,0.35,0.36,0,6.00,0.00,2.80,6-3.2,1,1911298902638645248,极兔快递,JT0016075900705,服饰,广东省,
嘉丰国际1号楼101快递美团干洗_站点-嘉丰国际1号楼101快递美团干洗,嘉丰国际1号楼101快递美团干洗,嘉丰国际1号楼101快递美团干洗,快递,2025-04-13 11:11:30,,2.3,2.56,0,8.00,0.00,3.60,45% ,1,1911255872787369984,极兔快递,JT0016073516198,服饰,江苏省,
嘉丰国际1号楼101快递美团干洗_站点-嘉丰国际1号楼101快递美团干洗,嘉丰国际1号楼101快递美团干洗,嘉丰国际1号楼101快递美团干洗,快递,2025-04-13 10:46:27,,0.2,0.2,0,6.00,0.00,2.80,6-3.2,1,1911249558518550528,极兔快递,JT0016069081734,服饰,广东省,
嘉丰国际1号楼101快递美团干洗_站点-嘉丰国际1号楼101快递美团干洗,嘉丰国际1号楼101快递美团干洗,嘉丰国际1号楼101快递美团干洗,快递,2025-04-13 10:45:30,,0.35,0.2,0,6.00,0.00,2.80,6-3.2,1,1911249328922349568,极兔快递,JT0016072209803,服饰,广东省,
嘉丰国际1号楼101快递美团干洗_站点-嘉丰国际1号楼101快递美团干洗,嘉丰国际1号楼101快递美团干洗,嘉丰国际1号楼101快递美团干洗,快递,2025-04-13 10:41:15,,0.32,0.29,0,6.00,0.00,2.80,6-3.2,1,1911248257575473152,极兔快递,JT0016072714671,服饰,浙江省,
嘉丰国际1号楼101快递美团干洗_站点-嘉丰国际1号楼101快递美团干洗,嘉丰国际1号楼101快递美团干洗,嘉丰国际1号楼101快递美团干洗,快递,2025-04-13 10:38:19,,4.8,4.84,0,12.50,3.00,5.00,40% ,1,1911247519596072960,极兔快递,JT0016069162313,其他,广东省,
嘉丰国际1号楼101快递美团干洗_站点-嘉丰国际1号楼101快递美团干洗,嘉丰国际1号楼101快递美团干洗,嘉丰国际1号楼101快递美团干洗,快递,2025-04-13 10:32:36,,2.3,2.23,0,8.00,0.00,3.60,45% ,1,1911246083437023232,极兔快递,JT0016072217740,其他,吉林省,
嘉丰国际1号楼101快递美团干洗_站点-嘉丰国际1号楼101快递美团干洗,嘉丰国际1号楼101快递美团干洗,嘉丰国际1号楼101快递美团干洗,快递,2025-04-13 10:20:13,,0.1,0.2,0,6.00,0.00,2.80,6-3.2,1,1911242958806372352,极兔快递,JT0016070971290,服饰,广西壮族自治区,
嘉丰国际1号楼101快递美团干洗_站点-嘉丰国际1号楼101快递美团干洗,嘉丰国际1号楼101快递美团干洗,嘉丰国际1号楼101快递美团干洗,快递,2025-04-13 10:19:38,,0.3,0.21,0,6.00,0.00,2.80,6-3.2,1,1911242817215057920,极兔快递,JT0016071668395,服饰,广西壮族自治区,
嘉丰国际1号楼101快递美团干洗_站点-嘉丰国际1号楼101快递美团干洗,嘉丰国际1号楼101快递美团干洗,嘉丰国际1号楼101快递美团干洗,快递,2025-04-13 10:07:55,,1,0.94,0,6.00,0.00,2.80,6-3.2,1,1911239855222738944,极兔快递,JT0016063408257,服饰,福建省,
嘉丰国际1号楼101快递美团干洗_站点-嘉丰国际1号楼101快递美团干洗,嘉丰国际1号楼101快递美团干洗,嘉丰国际1号楼101快递美团干洗,快递,2025-04-13 10:07:09,,0.4,0.44,0,6.00,0.00,2.80,6-3.2,1,1911239619603517440,极兔快递,JT0016071952820,服饰,湖北省,
嘉丰国际1号楼101快递美团干洗_站点-嘉丰国际1号楼101快递美团干洗,嘉丰国际1号楼101快递美团干洗,嘉丰国际1号楼101快递美团干洗,干洗,2025-04-12 22:32:07,,,,,12.80,,3.84,30%,,1911064767609360384,干洗,,"凉鞋   *   1",,
嘉丰国际1号楼101快递美团干洗_站点-嘉丰国际1号楼101快递美团干洗,嘉丰国际1号楼101快递美团干洗,嘉丰国际1号楼101快递美团干洗,快递,2025-04-12 20:09:15,,1.6,1.54,0,7.00,0.00,3.01,43% ,1,1911028812303224832,极兔快递,JT0016065498684,其他,河北省,
嘉丰国际1号楼101快递美团干洗_站点-嘉丰国际1号楼101快递美团干洗,嘉丰国际1号楼101快递美团干洗,嘉丰国际1号楼101快递美团干洗,快递,2025-04-12 19:35:47,,10.5,11.02,-1,27.50,13.50,11.00,40% ,1,1911020369316073472,极兔快递,JT0016060815302,服饰,河北省,
嘉丰国际1号楼101快递美团干洗_站点-嘉丰国际1号楼101快递美团干洗,嘉丰国际1号楼101快递美团干洗,嘉丰国际1号楼101快递美团干洗,干洗,2025-04-12 18:22:57,,,,,9.90,,2.97,30%,,1911002058654142464,干洗,,"清洗鞋19.8元两双   *   1",,
嘉丰国际1号楼101快递美团干洗_站点-嘉丰国际1号楼101快递美团干洗,嘉丰国际1号楼101快递美团干洗,嘉丰国际1号楼101快递美团干洗,快递,2025-04-12 17:15:14,,0.8,0.67,0,6.00,0.00,2.80,6-3.2,1,1910985006153388032,极兔快递,JT0016067134646,服饰,安徽省,
嘉丰国际1号楼101快递美团干洗_站点-嘉丰国际1号楼101快递美团干洗,嘉丰国际1号楼101快递美团干洗,嘉丰国际1号楼101快递美团干洗,快递,2025-04-12 17:14:18,,0.2,0.2,0,6.00,0.00,2.80,6-3.2,1,1910984788146049024,极兔快递,JT0016059977283,服饰,山西省,
嘉丰国际1号楼101快递美团干洗_站点-嘉丰国际1号楼101快递美团干洗,嘉丰国际1号楼101快递美团干洗,嘉丰国际1号楼101快递美团干洗,快递,2025-04-12 16:43:42,,1,0.71,0,6.00,0.00,2.80,6-3.2,1,1910977072958722048,极兔快递,JT0016065649336,其他,广西壮族自治区,
嘉丰国际1号楼101快递美团干洗_站点-嘉丰国际1号楼101快递美团干洗,嘉丰国际1号楼101快递美团干洗,嘉丰国际1号楼101快递美团干洗,快递,2025-04-12 16:42:45,,1,0.71,0,6.00,0.00,2.80,6-3.2,1,1910976825922605056,极兔快递,JT0016064889361,其他,广西壮族自治区,
嘉丰国际1号楼101快递美团干洗_站点-嘉丰国际1号楼101快递美团干洗,嘉丰国际1号楼101快递美团干洗,嘉丰国际1号楼101快递美团干洗,快递,2025-04-12 16:04:54,,0.5,0.48,0,6.00,0.00,2.80,6-3.2,1,1910967323034832896,极兔快递,JT0016062307109,其他,浙江省,
嘉丰国际1号楼101快递美团干洗_站点-嘉丰国际1号楼101快递美团干洗,嘉丰国际1号楼101快递美团干洗,嘉丰国际1号楼101快递美团干洗,快递,2025-04-12 15:36:51,,6,5.96,0,15.00,4.50,6.00,40% ,1,1910960265032028160,极兔快递,JT0016064831492,生鲜类,陕西省,
嘉丰国际1号楼101快递美团干洗_站点-嘉丰国际1号楼101快递美团干洗,嘉丰国际1号楼101快递美团干洗,嘉丰国际1号楼101快递美团干洗,快递,2025-04-12 15:07:54,,0.2,0.2,0,6.00,0.00,2.80,6-3.2,1,1910952972055924736,极兔快递,JT0016061487134,服饰,广东省,
嘉丰国际1号楼101快递美团干洗_站点-嘉丰国际1号楼101快递美团干洗,嘉丰国际1号楼101快递美团干洗,嘉丰国际1号楼101快递美团干洗,快递,2025-04-12 15:05:28,,0.5,0.2,0,6.00,0.00,2.80,6-3.2,1,1910952355631648768,极兔快递,JT0016061993695,服饰,广东省,
嘉丰国际1号楼101快递美团干洗_站点-嘉丰国际1号楼101快递美团干洗,嘉丰国际1号楼101快递美团干洗,嘉丰国际1号楼101快递美团干洗,快递,2025-04-12 14:30:28,,1.1,1.2,0,7.00,0.00,3.01,43% ,1,1910943555142995968,极兔快递,JT0016061626121,服饰,湖北省,
嘉丰国际1号楼101快递美团干洗_站点-嘉丰国际1号楼101快递美团干洗,嘉丰国际1号楼101快递美团干洗,嘉丰国际1号楼101快递美团干洗,快递,2025-04-12 14:29:33,,0.45,0.48,0,6.00,0.00,2.80,6-3.2,1,1910943307221880832,极兔快递,JT0016061624301,服饰,浙江省,
嘉丰国际1号楼101快递美团干洗_站点-嘉丰国际1号楼101快递美团干洗,嘉丰国际1号楼101快递美团干洗,嘉丰国际1号楼101快递美团干洗,快递,2025-04-12 14:28:44,,0.4,0.38,0,6.00,0.00,2.80,6-3.2,1,1910943099532529664,极兔快递,JT0016060337130,服饰,广东省,
嘉丰国际1号楼101快递美团干洗_站点-嘉丰国际1号楼101快递美团干洗,嘉丰国际1号楼101快递美团干洗,嘉丰国际1号楼101快递美团干洗,快递,2025-04-12 13:38:23,,0.8,0.2,0,6.00,0.00,2.80,6-3.2,1,1910930439277563904,极兔快递,JT0016060484732,服饰,广东省,
嘉丰国际1号楼101快递美团干洗_站点-嘉丰国际1号楼101快递美团干洗,嘉丰国际1号楼101快递美团干洗,嘉丰国际1号楼101快递美团干洗,快递,2025-04-12 13:37:42,,0.5,0.43,0,6.00,0.00,2.80,6-3.2,1,1910930268326121472,极兔快递,JT0016060419768,服饰,安徽省,
嘉丰国际1号楼101快递美团干洗_站点-嘉丰国际1号楼101快递美团干洗,嘉丰国际1号楼101快递美团干洗,嘉丰国际1号楼101快递美团干洗,快递,2025-04-12 13:36:47,,0.6,0.38,0,6.00,0.00,2.80,6-3.2,1,1910930014839164928,极兔快递,JT0016061474608,服饰,安徽省,
嘉丰国际1号楼101快递美团干洗_站点-嘉丰国际1号楼101快递美团干洗,嘉丰国际1号楼101快递美团干洗,嘉丰国际1号楼101快递美团干洗,干洗,2025-04-12 11:17:32,,,,,9.90,,2.97,30%,,1910894998826438656,干洗,,"清洗鞋19.8元两双   *   1",,
嘉丰国际1号楼101快递美团干洗_站点-嘉丰国际1号楼101快递美团干洗,嘉丰国际1号楼101快递美团干洗,嘉丰国际1号楼101快递美团干洗,快递,2025-04-12 10:17:23,,1,0.3,0,6.00,0.00,2.80,6-3.2,1,1910879861507805184,极兔快递,JT0016058775326,其他,广东省,
嘉丰国际1号楼101快递美团干洗_站点-嘉丰国际1号楼101快递美团干洗,嘉丰国际1号楼101快递美团干洗,嘉丰国际1号楼101快递美团干洗,快递,2025-04-11 21:45:00,,0.3,0.3,0,6.00,0.00,2.80,6-3.2,1,1910690519640363008,极兔快递,JT0016050336831,液体,天津市,
嘉丰国际1号楼101快递美团干洗_站点-嘉丰国际1号楼101快递美团干洗,嘉丰国际1号楼101快递美团干洗,嘉丰国际1号楼101快递美团干洗,快递,2025-04-11 20:04:02,,0.4,0.33,0,6.00,0.00,2.80,6-3.2,1,1910665108151783424,极兔快递,JT0016049179923,服饰,湖北省,
嘉丰国际1号楼101快递美团干洗_站点-嘉丰国际1号楼101快递美团干洗,嘉丰国际1号楼101快递美团干洗,嘉丰国际1号楼101快递美团干洗,快递,2025-04-11 20:03:17,,0.3,0.32,0,6.00,0.00,2.80,6-3.2,1,1910664919097724928,极兔快递,JT0016054421489,服饰,广东省,
嘉丰国际1号楼101快递美团干洗_站点-嘉丰国际1号楼101快递美团干洗,嘉丰国际1号楼101快递美团干洗,嘉丰国际1号楼101快递美团干洗,快递,2025-04-11 20:02:41,,0.4,0.4,0,6.00,0.00,2.80,6-3.2,1,1910664774658478080,极兔快递,JT0016054265831,服饰,广东省,
嘉丰国际1号楼101快递美团干洗_站点-嘉丰国际1号楼101快递美团干洗,嘉丰国际1号楼101快递美团干洗,嘉丰国际1号楼101快递美团干洗,快递,2025-04-11 18:53:24,,0.1,0.3,0,6.00,0.00,2.80,6-3.2,1,1910647329386319872,极兔快递,JT0016052917498,其他,广东省,
嘉丰国际1号楼101快递美团干洗_站点-嘉丰国际1号楼101快递美团干洗,嘉丰国际1号楼101快递美团干洗,嘉丰国际1号楼101快递美团干洗,快递,2025-04-11 18:52:39,,0.1,0.3,0,6.00,0.00,2.80,6-3.2,1,1910647141817044992,极兔快递,JT0016051120805,服饰,浙江省,
嘉丰国际1号楼101快递美团干洗_站点-嘉丰国际1号楼101快递美团干洗,嘉丰国际1号楼101快递美团干洗,嘉丰国际1号楼101快递美团干洗,快递,2025-04-11 18:52:01,,0.2,0.3,0,6.00,0.00,2.80,6-3.2,1,1910646987915448320,极兔快递,JT0016053271431,服饰,山东省,
嘉丰国际1号楼101快递美团干洗_站点-嘉丰国际1号楼101快递美团干洗,嘉丰国际1号楼101快递美团干洗,嘉丰国际1号楼101快递美团干洗,快递,2025-04-11 18:46:52,,1.2,1.17,0,7.00,0.00,3.01,43% ,1,1910645694719250432,极兔快递,JT0016053232820,其他,江苏省,
嘉丰国际1号楼101快递美团干洗_站点-嘉丰国际1号楼101快递美团干洗,嘉丰国际1号楼101快递美团干洗,嘉丰国际1号楼101快递美团干洗,快递,2025-04-11 18:29:22,,1.6,1.55,0,7.00,0.00,3.01,43% ,1,1910641287961169920,极兔快递,JT0016048120272,其他,陕西省,
嘉丰国际1号楼101快递美团干洗_站点-嘉丰国际1号楼101快递美团干洗,嘉丰国际1号楼101快递美团干洗,嘉丰国际1号楼101快递美团干洗,快递,2025-04-11 18:20:55,,4.6,3.83,1,12.50,1.50,5.00,40% ,1,1910639164145979392,极兔快递,JT0016051904767,其他,陕西省,
嘉丰国际1号楼101快递美团干洗_站点-嘉丰国际1号楼101快递美团干洗,嘉丰国际1号楼101快递美团干洗,嘉丰国际1号楼101快递美团干洗,快递,2025-04-11 18:00:57,,0.3,0.3,0,6.00,0.00,2.80,6-3.2,1,1910634137989861376,极兔快递,JT0016045760319,服饰,山西省,
嘉丰国际1号楼101快递美团干洗_站点-嘉丰国际1号楼101快递美团干洗,嘉丰国际1号楼101快递美团干洗,嘉丰国际1号楼101快递美团干洗,快递,2025-04-11 17:15:52,,1,1.25,-1,6.00,0.00,2.80,6-3.2,1,1910622789583163392,极兔快递,JT0016052059138,服饰,四川省,
嘉丰国际1号楼101快递美团干洗_站点-嘉丰国际1号楼101快递美团干洗,嘉丰国际1号楼101快递美团干洗,嘉丰国际1号楼101快递美团干洗,快递,2025-04-11 17:06:43,,0.7,0.69,0,6.00,0.00,2.80,6-3.2,1,1910620487837208576,极兔快递,JT0016050212523,服饰,辽宁省,
嘉丰国际1号楼101快递美团干洗_站点-嘉丰国际1号楼101快递美团干洗,嘉丰国际1号楼101快递美团干洗,嘉丰国际1号楼101快递美团干洗,快递,2025-04-11 16:38:42,,1,1.02,-1,6.00,0.00,2.80,6-3.2,1,1910613434519441408,极兔快递,JT0016050525495,服饰,广东省,
嘉丰国际1号楼101快递美团干洗_站点-嘉丰国际1号楼101快递美团干洗,嘉丰国际1号楼101快递美团干洗,嘉丰国际1号楼101快递美团干洗,快递,2025-04-11 16:15:57,,0.4,0.41,0,6.00,0.00,2.80,6-3.2,1,1910607712205328384,极兔快递,JT0016049154248,服饰,山东省,
嘉丰国际1号楼101快递美团干洗_站点-嘉丰国际1号楼101快递美团干洗,嘉丰国际1号楼101快递美团干洗,嘉丰国际1号楼101快递美团干洗,快递,2025-04-11 16:13:41,,0.3,0.3,0,6.00,0.00,2.80,6-3.2,1,1910607144279789568,极兔快递,JT0016044758043,服饰,浙江省,
嘉丰国际1号楼101快递美团干洗_站点-嘉丰国际1号楼101快递美团干洗,嘉丰国际1号楼101快递美团干洗,嘉丰国际1号楼101快递美团干洗,快递,2025-04-11 16:11:48,,0.3,0.3,0,6.00,0.00,2.80,6-3.2,1,1910606668196925440,极兔快递,JT0016037357259,服饰,浙江省,
嘉丰国际1号楼101快递美团干洗_站点-嘉丰国际1号楼101快递美团干洗,嘉丰国际1号楼101快递美团干洗,嘉丰国际1号楼101快递美团干洗,快递,2025-04-11 15:54:41,,0.8,0.87,0,7.00,0.00,2.80,6-3.2,1,1910602357110919168,极兔快递,JT0016050214215,服饰,上海市,
嘉丰国际1号楼101快递美团干洗_站点-嘉丰国际1号楼101快递美团干洗,嘉丰国际1号楼101快递美团干洗,嘉丰国际1号楼101快递美团干洗,快递,2025-04-11 15:05:26,,0.4,0.42,0,6.00,0.00,2.80,6-3.2,1,1910589965417238528,极兔快递,JT0016044016971,服饰,四川省,
嘉丰国际1号楼101快递美团干洗_站点-嘉丰国际1号楼101快递美团干洗,嘉丰国际1号楼101快递美团干洗,嘉丰国际1号楼101快递美团干洗,快递,2025-04-11 15:02:15,,0.52,0.53,0,6.00,0.00,2.80,6-3.2,1,1910589168046493696,极兔快递,JT0016036860646,服饰,湖南省,
嘉丰国际1号楼101快递美团干洗_站点-嘉丰国际1号楼101快递美团干洗,嘉丰国际1号楼101快递美团干洗,嘉丰国际1号楼101快递美团干洗,快递,2025-04-11 14:59:51,,0.6,0.6,0,6.00,0.00,2.80,6-3.2,1,1910588559947911168,极兔快递,JT0016044541529,服饰,广东省,
嘉丰国际1号楼101快递美团干洗_站点-嘉丰国际1号楼101快递美团干洗,嘉丰国际1号楼101快递美团干洗,嘉丰国际1号楼101快递美团干洗,快递,2025-04-11 14:58:45,,0.6,0.44,0,6.00,0.00,2.80,6-3.2,1,1910588248566976512,极兔快递,JT0016049116120,其他,江西省,
嘉丰国际1号楼101快递美团干洗_站点-嘉丰国际1号楼101快递美团干洗,嘉丰国际1号楼101快递美团干洗,嘉丰国际1号楼101快递美团干洗,快递,2025-04-11 14:57:49,,0.15,0.3,0,6.00,0.00,2.80,6-3.2,1,1910588050545496064,极兔快递,JT0016046393218,服饰,山东省,
嘉丰国际1号楼101快递美团干洗_站点-嘉丰国际1号楼101快递美团干洗,嘉丰国际1号楼101快递美团干洗,嘉丰国际1号楼101快递美团干洗,快递,2025-04-11 14:56:04,,0.4,0.33,0,6.00,0.00,2.80,6-3.2,1,1910587598982533120,极兔快递,JT0016046056697,服饰,安徽省,
嘉丰国际1号楼101快递美团干洗_站点-嘉丰国际1号楼101快递美团干洗,嘉丰国际1号楼101快递美团干洗,嘉丰国际1号楼101快递美团干洗,快递,2025-04-11 14:55:20,,0.55,0.59,0,6.00,0.00,2.80,6-3.2,1,1910587420892385280,极兔快递,JT0016044218899,服饰,浙江省,
嘉丰国际1号楼101快递美团干洗_站点-嘉丰国际1号楼101快递美团干洗,嘉丰国际1号楼101快递美团干洗,嘉丰国际1号楼101快递美团干洗,快递,2025-04-11 14:54:20,,0.8,0.77,0,6.00,0.00,2.80,6-3.2,1,1910587174028234752,极兔快递,JT0016047470346,其他,浙江省,
嘉丰国际1号楼101快递美团干洗_站点-嘉丰国际1号楼101快递美团干洗,嘉丰国际1号楼101快递美团干洗,嘉丰国际1号楼101快递美团干洗,快递,2025-04-11 14:52:36,,0.85,0.84,0,6.00,0.00,2.80,6-3.2,1,1910586736075788288,极兔快递,JT0016047695263,其他,浙江省,
嘉丰国际1号楼101快递美团干洗_站点-嘉丰国际1号楼101快递美团干洗,嘉丰国际1号楼101快递美团干洗,嘉丰国际1号楼101快递美团干洗,快递,2025-04-11 14:02:01,,0.7,0.73,0,6.00,0.00,2.80,6-3.2,1,1910574003062231040,极兔快递,JT0016030031834,服饰,山东省,
嘉丰国际1号楼101快递美团干洗_站点-嘉丰国际1号楼101快递美团干洗,嘉丰国际1号楼101快递美团干洗,嘉丰国际1号楼101快递美团干洗,快递,2025-04-11 13:25:28,2025-04-11 05:28:31,0.3,,,6.00,,0.00,,1,1910564804290859008,韵达快递,312708161632878,文件,内蒙古自治区,已全额退款
嘉丰国际1号楼101快递美团干洗_站点-嘉丰国际1号楼101快递美团干洗,嘉丰国际1号楼101快递美团干洗,嘉丰国际1号楼101快递美团干洗,快递,2025-04-11 13:27:24,,0.3,0.12,0,6.00,0.00,2.52,42% ,1,1910565298400841728,韵达快递,312708165962086,文件,内蒙古自治区,
嘉丰国际1号楼101快递美团干洗_站点-嘉丰国际1号楼101快递美团干洗,嘉丰国际1号楼101快递美团干洗,嘉丰国际1号楼101快递美团干洗,快递,2025-04-11 12:10:49,,0.65,0.67,0,6.00,0.00,2.80,6-3.2,1,1910546023468421120,极兔快递,JT0016042368604,服饰,广东省,
嘉丰国际1号楼101快递美团干洗_站点-嘉丰国际1号楼101快递美团干洗,嘉丰国际1号楼101快递美团干洗,嘉丰国际1号楼101快递美团干洗,快递,2025-04-11 12:09:33,,0.65,0.66,0,6.00,0.00,2.80,6-3.2,1,1910545709323440128,极兔快递,JT0016035972794,服饰,广东省,
嘉丰国际1号楼101快递美团干洗_站点-嘉丰国际1号楼101快递美团干洗,嘉丰国际1号楼101快递美团干洗,嘉丰国际1号楼101快递美团干洗,快递,2025-04-11 12:08:28,,0.3,0.3,0,6.00,0.00,2.80,6-3.2,1,1910545434751717376,极兔快递,JT0016044475668,服饰,广东省,
嘉丰国际1号楼101快递美团干洗_站点-嘉丰国际1号楼101快递美团干洗,嘉丰国际1号楼101快递美团干洗,嘉丰国际1号楼101快递美团干洗,快递,2025-04-11 12:07:19,,0.2,0.3,0,6.00,0.00,2.80,6-3.2,1,1910545088469979136,极兔快递,JT0016045695307,服饰,福建省,
嘉丰国际1号楼101快递美团干洗_站点-嘉丰国际1号楼101快递美团干洗,嘉丰国际1号楼101快递美团干洗,嘉丰国际1号楼101快递美团干洗,快递,2025-04-11 11:19:50,,0.2,0.38,0,6.00,0.00,2.52,42% ,1,1910533192056492032,韵达快递,312708002413429,服饰,浙江省,
嘉丰国际1号楼101快递美团干洗_站点-嘉丰国际1号楼101快递美团干洗,嘉丰国际1号楼101快递美团干洗,嘉丰国际1号楼101快递美团干洗,快递,2025-04-11 10:42:06,,0.2,0.2,0,6.00,0.00,2.80,6-3.2,1,1910523699910332416,极兔快递,JT0016033081306,服饰,辽宁省,
嘉丰国际1号楼101快递美团干洗_站点-嘉丰国际1号楼101快递美团干洗,嘉丰国际1号楼101快递美团干洗,嘉丰国际1号楼101快递美团干洗,干洗,2025-04-11 10:40:22,,,,,9.90,,2.97,30%,,1910523261936914432,干洗,,"清洗鞋19.8元两双   *   1",,
嘉丰国际1号楼101快递美团干洗_站点-嘉丰国际1号楼101快递美团干洗,嘉丰国际1号楼101快递美团干洗,嘉丰国际1号楼101快递美团干洗,快递,2025-04-11 10:07:39,,0.5,0.49,0,6.00,0.00,2.80,6-3.2,1,1910515026324541440,极兔快递,JT0016041791727,服饰,福建省,
嘉丰国际1号楼101快递美团干洗_站点-嘉丰国际1号楼101快递美团干洗,嘉丰国际1号楼101快递美团干洗,嘉丰国际1号楼101快递美团干洗,快递,2025-04-10 21:32:06,,1,1.82,-1,6.00,0.00,2.80,6-3.2,1,1910324880799092736,极兔快递,JT0016036320708,服饰,山东省,
嘉丰国际1号楼101快递美团干洗_站点-嘉丰国际1号楼101快递美团干洗,嘉丰国际1号楼101快递美团干洗,嘉丰国际1号楼101快递美团干洗,快递,2025-04-10 21:31:29,,0.5,0.74,0,6.00,0.00,2.80,6-3.2,1,1910324732475920384,极兔快递,JT0016023036540,服饰,广东省,
嘉丰国际1号楼101快递美团干洗_站点-嘉丰国际1号楼101快递美团干洗,嘉丰国际1号楼101快递美团干洗,嘉丰国际1号楼101快递美团干洗,快递,2025-04-10 20:11:06,,0.3,0.93,0,6.00,0.00,2.80,6-3.2,1,1910304496620064768,极兔快递,JT0016025180217,其他,广东省,
嘉丰国际1号楼101快递美团干洗_站点-嘉丰国际1号楼101快递美团干洗,嘉丰国际1号楼101快递美团干洗,嘉丰国际1号楼101快递美团干洗,快递,2025-04-10 20:02:42,,0.5,0.35,0,6.00,0.00,2.80,6-3.2,1,1910302374256103424,极兔快递,JT0016038705107,服饰,广东省,
嘉丰国际1号楼101快递美团干洗_站点-嘉丰国际1号楼101快递美团干洗,嘉丰国际1号楼101快递美团干洗,嘉丰国际1号楼101快递美团干洗,快递,2025-04-10 20:02:02,,0.5,0.2,0,6.00,0.00,2.80,6-3.2,1,1910302209260572672,极兔快递,JT0016039024563,服饰,广东省,
嘉丰国际1号楼101快递美团干洗_站点-嘉丰国际1号楼101快递美团干洗,嘉丰国际1号楼101快递美团干洗,嘉丰国际1号楼101快递美团干洗,快递,2025-04-10 20:01:21,,0.5,0.29,0,6.00,0.00,2.80,6-3.2,1,1910302048039915520,极兔快递,JT0016026282970,服饰,广东省,
嘉丰国际1号楼101快递美团干洗_站点-嘉丰国际1号楼101快递美团干洗,嘉丰国际1号楼101快递美团干洗,嘉丰国际1号楼101快递美团干洗,快递,2025-04-10 20:00:20,,0.5,0.43,0,6.00,0.00,2.80,6-3.2,1,1910301789846949888,极兔快递,JT0016032985031,服饰,广东省,
嘉丰国际1号楼101快递美团干洗_站点-嘉丰国际1号楼101快递美团干洗,嘉丰国际1号楼101快递美团干洗,嘉丰国际1号楼101快递美团干洗,快递,2025-04-10 19:29:42,,5,5.03,-1,12.50,4.50,5.00,40% ,1,1910294069311885312,极兔快递,JT0016036246322,生鲜类,湖北省,
嘉丰国际1号楼101快递美团干洗_站点-嘉丰国际1号楼101快递美团干洗,嘉丰国际1号楼101快递美团干洗,嘉丰国际1号楼101快递美团干洗,快递,2025-04-10 19:28:51,,2.3,2.17,0,8.00,0.00,3.60,45% ,1,1910293869411356672,极兔快递,JT0016031208859,其他,湖北省,
嘉丰国际1号楼101快递美团干洗_站点-嘉丰国际1号楼101快递美团干洗,嘉丰国际1号楼101快递美团干洗,嘉丰国际1号楼101快递美团干洗,快递,2025-04-10 19:22:01,,0.3,0.41,0,6.00,0.00,2.80,6-3.2,1,1910292147481792512,极兔快递,JT0016038447091,服饰,广东省,
嘉丰国际1号楼101快递美团干洗_站点-嘉丰国际1号楼101快递美团干洗,嘉丰国际1号楼101快递美团干洗,嘉丰国际1号楼101快递美团干洗,干洗,2025-04-10 19:19:56,,,,,19.80,,5.94,30%,,1910291624267534336,干洗,,"清洗鞋19.8元两双   *   1
清洗鞋19.8元两双   *   1",,
嘉丰国际1号楼101快递美团干洗_站点-嘉丰国际1号楼101快递美团干洗,嘉丰国际1号楼101快递美团干洗,嘉丰国际1号楼101快递美团干洗,干洗,2025-04-10 19:15:56,,,,,19.80,,5.94,30%,,1910290614371405824,干洗,,"清洗鞋19.8元两双   *   1
清洗鞋19.8元两双   *   1",,
嘉丰国际1号楼101快递美团干洗_站点-嘉丰国际1号楼101快递美团干洗,嘉丰国际1号楼101快递美团干洗,嘉丰国际1号楼101快递美团干洗,快递,2025-04-10 19:09:25,,0.5,0.46,0,6.00,0.00,2.80,6-3.2,1,1910288971940679680,极兔快递,JT0016035125466,服饰,江苏省,
嘉丰国际1号楼101快递美团干洗_站点-嘉丰国际1号楼101快递美团干洗,嘉丰国际1号楼101快递美团干洗,嘉丰国际1号楼101快递美团干洗,快递,2025-04-10 19:08:41,,0.25,0.24,0,6.00,0.00,2.80,6-3.2,1,1910288796962705408,极兔快递,JT0016030180540,服饰,广东省,
嘉丰国际1号楼101快递美团干洗_站点-嘉丰国际1号楼101快递美团干洗,嘉丰国际1号楼101快递美团干洗,嘉丰国际1号楼101快递美团干洗,快递,2025-04-10 18:59:58,,2.2,2.26,0,8.00,0.00,3.60,45% ,1,1910286597952032768,极兔快递,JT0016037477005,其他,河北省,
嘉丰国际1号楼101快递美团干洗_站点-嘉丰国际1号楼101快递美团干洗,嘉丰国际1号楼101快递美团干洗,嘉丰国际1号楼101快递美团干洗,快递,2025-04-10 18:25:12,,0.2,0.2,0,6.00,0.00,2.80,6-3.2,1,1910277850814926848,极兔快递,JT0016036159954,服饰,福建省,
嘉丰国际1号楼101快递美团干洗_站点-嘉丰国际1号楼101快递美团干洗,嘉丰国际1号楼101快递美团干洗,嘉丰国际1号楼101快递美团干洗,快递,2025-04-10 18:24:14,,1.6,1.67,0,7.00,0.00,3.01,43% ,1,1910277609160101888,极兔快递,JT0016027474636,服饰,广东省,
嘉丰国际1号楼101快递美团干洗_站点-嘉丰国际1号楼101快递美团干洗,嘉丰国际1号楼101快递美团干洗,嘉丰国际1号楼101快递美团干洗,快递,2025-04-10 18:23:32,,1,1.01,-1,6.00,0.00,2.80,6-3.2,1,1910277432600875008,极兔快递,JT0016037955027,服饰,福建省,
嘉丰国际1号楼101快递美团干洗_站点-嘉丰国际1号楼101快递美团干洗,嘉丰国际1号楼101快递美团干洗,嘉丰国际1号楼101快递美团干洗,快递,2025-04-10 18:20:35,,0.5,0.41,0,6.00,0.00,2.80,6-3.2,1,1910276678133665792,极兔快递,JT0016025502085,服饰,浙江省,
嘉丰国际1号楼101快递美团干洗_站点-嘉丰国际1号楼101快递美团干洗,嘉丰国际1号楼101快递美团干洗,嘉丰国际1号楼101快递美团干洗,快递,2025-04-10 17:59:49,,0.5,0.51,0,6.00,0.00,2.80,6-3.2,1,1910271461732306944,极兔快递,JT0016038138731,服饰,陕西省,
嘉丰国际1号楼101快递美团干洗_站点-嘉丰国际1号楼101快递美团干洗,嘉丰国际1号楼101快递美团干洗,嘉丰国际1号楼101快递美团干洗,快递,2025-04-10 17:08:25,,0.6,0.46,0,6.00,0.00,2.80,6-3.2,1,1910258527979360256,极兔快递,JT0016034982762,服饰,浙江省,
嘉丰国际1号楼101快递美团干洗_站点-嘉丰国际1号楼101快递美团干洗,嘉丰国际1号楼101快递美团干洗,嘉丰国际1号楼101快递美团干洗,快递,2025-04-10 17:06:55,,0.1,0.2,0,6.00,0.00,2.80,6-3.2,1,1910258145320423424,极兔快递,JT0016035853125,服饰,广东省,
嘉丰国际1号楼101快递美团干洗_站点-嘉丰国际1号楼101快递美团干洗,嘉丰国际1号楼101快递美团干洗,嘉丰国际1号楼101快递美团干洗,快递,2025-04-10 17:06:09,,0.2,0.2,0,6.00,0.00,2.80,6-3.2,1,1910257957226860544,极兔快递,JT0016035819103,服饰,浙江省,
嘉丰国际1号楼101快递美团干洗_站点-嘉丰国际1号楼101快递美团干洗,嘉丰国际1号楼101快递美团干洗,嘉丰国际1号楼101快递美团干洗,快递,2025-04-10 17:03:41,,0.5,0.51,0,6.00,0.00,2.80,6-3.2,1,1910257329792536576,极兔快递,JT0016030794663,服饰,广东省,
嘉丰国际1号楼101快递美团干洗_站点-嘉丰国际1号楼101快递美团干洗,嘉丰国际1号楼101快递美团干洗,嘉丰国际1号楼101快递美团干洗,快递,2025-04-10 17:03:04,,0.5,0.44,0,6.00,0.00,2.80,6-3.2,1,1910257183281303552,极兔快递,JT0016036522248,服饰,广东省,
嘉丰国际1号楼101快递美团干洗_站点-嘉丰国际1号楼101快递美团干洗,嘉丰国际1号楼101快递美团干洗,嘉丰国际1号楼101快递美团干洗,快递,2025-04-10 16:19:16,,0.55,0.54,0,6.00,0.00,2.80,6-3.2,1,1910246160293875712,极兔快递,JT0016032628846,其他,浙江省,
嘉丰国际1号楼101快递美团干洗_站点-嘉丰国际1号楼101快递美团干洗,嘉丰国际1号楼101快递美团干洗,嘉丰国际1号楼101快递美团干洗,快递,2025-04-10 16:16:22,,0.3,0.28,0,6.00,0.00,2.80,6-3.2,1,1910245417218396160,极兔快递,JT0016036004116,服饰,广东省,
嘉丰国际1号楼101快递美团干洗_站点-嘉丰国际1号楼101快递美团干洗,嘉丰国际1号楼101快递美团干洗,嘉丰国际1号楼101快递美团干洗,快递,2025-04-10 16:11:27,,1,0.6,0,6.00,0.00,2.80,6-3.2,1,1910244193748307968,极兔快递,JT0016033803670,服饰,浙江省,
嘉丰国际1号楼101快递美团干洗_站点-嘉丰国际1号楼101快递美团干洗,嘉丰国际1号楼101快递美团干洗,嘉丰国际1号楼101快递美团干洗,快递,2025-04-10 15:27:51,,0.3,0.32,0,6.00,0.00,2.80,6-3.2,1,1910233222342430720,极兔快递,JT0016035083926,其他,陕西省,
嘉丰国际1号楼101快递美团干洗_站点-嘉丰国际1号楼101快递美团干洗,嘉丰国际1号楼101快递美团干洗,嘉丰国际1号楼101快递美团干洗,干洗,2025-04-10 15:14:17,,,,,9.90,,2.97,30%,,1910229795029831680,干洗,,"清洗鞋19.8元两双   *   1",,
嘉丰国际1号楼101快递美团干洗_站点-嘉丰国际1号楼101快递美团干洗,嘉丰国际1号楼101快递美团干洗,嘉丰国际1号楼101快递美团干洗,快递,2025-04-10 15:09:45,,2.2,2.14,0,8.00,0.00,3.60,45% ,1,1910228665658953728,极兔快递,JT0016017629856,其他,浙江省,
嘉丰国际1号楼101快递美团干洗_站点-嘉丰国际1号楼101快递美团干洗,嘉丰国际1号楼101快递美团干洗,嘉丰国际1号楼101快递美团干洗,快递,2025-04-10 15:08:55,,0.6,0.6,0,6.00,0.00,2.80,6-3.2,1,1910228452319875072,极兔快递,JT0016032893996,服饰,河南省,
嘉丰国际1号楼101快递美团干洗_站点-嘉丰国际1号楼101快递美团干洗,嘉丰国际1号楼101快递美团干洗,嘉丰国际1号楼101快递美团干洗,快递,2025-04-10 12:46:33,,0.32,0.35,0,6.00,0.00,2.80,6-3.2,1,1910192625669820416,极兔快递,JT0016031126037,其他,福建省,
嘉丰国际1号楼101快递美团干洗_站点-嘉丰国际1号楼101快递美团干洗,嘉丰国际1号楼101快递美团干洗,嘉丰国际1号楼101快递美团干洗,快递,2025-04-10 12:11:44,,0.55,0.56,0,6.00,0.00,2.52,42% ,1,1910183865257742336,韵达快递,312707142723283,其他,安徽省,
嘉丰国际1号楼101快递美团干洗_站点-嘉丰国际1号楼101快递美团干洗,嘉丰国际1号楼101快递美团干洗,嘉丰国际1号楼101快递美团干洗,干洗,2025-04-10 12:05:37,,,,,78.50,,23.55,30%,,1910182325465829376,干洗,,"清洗普通羽绒服2件不分长短49元   *   1
清洗普通羽绒服2件不分长短49元   *   1
清洗毛呢2件59元   *   1",,
嘉丰国际1号楼101快递美团干洗_站点-嘉丰国际1号楼101快递美团干洗,嘉丰国际1号楼101快递美团干洗,嘉丰国际1号楼101快递美团干洗,快递,2025-04-10 11:46:17,,2.6,2.59,0,8.00,0.00,3.60,45% ,1,1910177459590844416,韵达快递,312707122790215,食品,陕西省,
嘉丰国际1号楼101快递美团干洗_站点-嘉丰国际1号楼101快递美团干洗,嘉丰国际1号楼101快递美团干洗,嘉丰国际1号楼101快递美团干洗,快递,2025-04-10 11:40:12,,0.6,0.48,0,6.00,0.00,2.80,6-3.2,1,1910175930234359808,极兔快递,JT0016028312499,服饰,广东省,
嘉丰国际1号楼101快递美团干洗_站点-嘉丰国际1号楼101快递美团干洗,嘉丰国际1号楼101快递美团干洗,嘉丰国际1号楼101快递美团干洗,快递,2025-04-10 11:33:07,,0.45,0.39,0,6.00,0.00,2.80,6-3.2,1,1910174140621312000,极兔快递,JT0016025532616,服饰,湖南省,
嘉丰国际1号楼101快递美团干洗_站点-嘉丰国际1号楼101快递美团干洗,嘉丰国际1号楼101快递美团干洗,嘉丰国际1号楼101快递美团干洗,快递,2025-04-10 11:32:22,,0.15,0.25,0,6.00,0.00,2.80,6-3.2,1,1910173959205081088,极兔快递,JT0016027833839,服饰,湖北省,
嘉丰国际1号楼101快递美团干洗_站点-嘉丰国际1号楼101快递美团干洗,嘉丰国际1号楼101快递美团干洗,嘉丰国际1号楼101快递美团干洗,快递,2025-04-10 10:59:55,,0.6,,,6.00,,2.52,42% ,1,1910165781469908992,韵达快递,312707023215908,服饰,天津市,
嘉丰国际1号楼101快递美团干洗_站点-嘉丰国际1号楼101快递美团干洗,嘉丰国际1号楼101快递美团干洗,嘉丰国际1号楼101快递美团干洗,快递,2025-04-10 10:37:41,,2.6,2.65,0,8.00,0.00,3.60,45% ,1,1910160198385717248,极兔快递,JT0016022544182,食品,陕西省,
嘉丰国际1号楼101快递美团干洗_站点-嘉丰国际1号楼101快递美团干洗,嘉丰国际1号楼101快递美团干洗,嘉丰国际1号楼101快递美团干洗,快递,2025-04-10 10:23:04,,1,1.04,-1,15.00,0.00,2.80,6-3.2,1,1910156513832259584,极兔快递,JT0016024430553,服饰,新疆维吾尔自治区,
嘉丰国际1号楼101快递美团干洗_站点-嘉丰国际1号楼101快递美团干洗,嘉丰国际1号楼101快递美团干洗,嘉丰国际1号楼101快递美团干洗,快递,2025-04-10 10:11:13,,0.5,0.54,0,6.00,0.00,2.80,6-3.2,1,1910153534265806848,极兔快递,JT0016017251095,其他,广东省,
嘉丰国际1号楼101快递美团干洗_站点-嘉丰国际1号楼101快递美团干洗,嘉丰国际1号楼101快递美团干洗,嘉丰国际1号楼101快递美团干洗,快递,2025-04-10 10:06:23,,0.4,0.42,0,6.00,0.00,2.80,6-3.2,1,1910152317628239872,极兔快递,JT0016007962659,服饰,湖北省,
嘉丰国际1号楼101快递美团干洗_站点-嘉丰国际1号楼101快递美团干洗,嘉丰国际1号楼101快递美团干洗,嘉丰国际1号楼101快递美团干洗,快递,2025-04-10 10:04:45,,0.6,0.6,0,6.00,0.00,2.80,6-3.2,1,1910151910252269568,极兔快递,JT0016018315646,服饰,广东省,
嘉丰国际1号楼101快递美团干洗_站点-嘉丰国际1号楼101快递美团干洗,嘉丰国际1号楼101快递美团干洗,嘉丰国际1号楼101快递美团干洗,快递,2025-04-09 19:14:32,,2,2.3,-1,7.00,0.00,3.01,43% ,1,1909927883227189248,极兔快递,JT0016021956510,食品,陕西省,
嘉丰国际1号楼101快递美团干洗_站点-嘉丰国际1号楼101快递美团干洗,嘉丰国际1号楼101快递美团干洗,嘉丰国际1号楼101快递美团干洗,快递,2025-04-09 18:45:11,,2.2,2.16,0,8.00,0.00,3.60,45% ,1,1909920492922261504,极兔快递,JT0016016010611,其他,陕西省,
嘉丰国际1号楼101快递美团干洗_站点-嘉丰国际1号楼101快递美团干洗,嘉丰国际1号楼101快递美团干洗,嘉丰国际1号楼101快递美团干洗,快递,2025-04-09 18:35:59,,0.1,0.2,0,6.00,0.00,2.80,6-3.2,1,1909918170473222144,极兔快递,JT0016016962098,服饰,广东省,
嘉丰国际1号楼101快递美团干洗_站点-嘉丰国际1号楼101快递美团干洗,嘉丰国际1号楼101快递美团干洗,嘉丰国际1号楼101快递美团干洗,快递,2025-04-09 18:35:13,,0.55,0.62,0,6.00,0.00,2.80,6-3.2,1,1909917641026228224,极兔快递,JT0016019929314,服饰,广东省,
嘉丰国际1号楼101快递美团干洗_站点-嘉丰国际1号楼101快递美团干洗,嘉丰国际1号楼101快递美团干洗,嘉丰国际1号楼101快递美团干洗,快递,2025-04-09 18:29:41,,1,0.99,0,6.00,0.00,2.80,6-3.2,1,1909916583763824640,极兔快递,JT0016020268138,服饰,四川省,
嘉丰国际1号楼101快递美团干洗_站点-嘉丰国际1号楼101快递美团干洗,嘉丰国际1号楼101快递美团干洗,嘉丰国际1号楼101快递美团干洗,快递,2025-04-09 18:28:39,,0.45,0.44,0,6.00,0.00,2.80,6-3.2,1,1909916337772089344,极兔快递,JT0016013801144,服饰,浙江省,
嘉丰国际1号楼101快递美团干洗_站点-嘉丰国际1号楼101快递美团干洗,嘉丰国际1号楼101快递美团干洗,嘉丰国际1号楼101快递美团干洗,快递,2025-04-09 18:24:55,,0.8,0.7,0,6.00,0.00,2.80,6-3.2,1,1909915380329926656,极兔快递,JT0016006200402,服饰,广东省,
嘉丰国际1号楼101快递美团干洗_站点-嘉丰国际1号楼101快递美团干洗,嘉丰国际1号楼101快递美团干洗,嘉丰国际1号楼101快递美团干洗,快递,2025-04-09 18:01:30,,1.35,1.3,0,7.00,0.00,3.01,43% ,1,1909909502042103808,极兔快递,JT0016018773962,服饰,河北省,
嘉丰国际1号楼101快递美团干洗_站点-嘉丰国际1号楼101快递美团干洗,嘉丰国际1号楼101快递美团干洗,嘉丰国际1号楼101快递美团干洗,快递,2025-04-09 18:00:48,,0.4,0.4,0,6.00,0.00,2.80,6-3.2,1,1909909324929228800,极兔快递,JT0016022352559,服饰,湖北省,
嘉丰国际1号楼101快递美团干洗_站点-嘉丰国际1号楼101快递美团干洗,嘉丰国际1号楼101快递美团干洗,嘉丰国际1号楼101快递美团干洗,快递,2025-04-09 17:23:16,,1.25,1.28,0,8.00,0.00,2.44,43%,1,1909899832314494976,极兔快递,JT0016008165443,服饰,上海市,
嘉丰国际1号楼101快递美团干洗_站点-嘉丰国际1号楼101快递美团干洗,嘉丰国际1号楼101快递美团干洗,嘉丰国际1号楼101快递美团干洗,快递,2025-04-09 17:16:42,,0.7,0.67,0,6.00,0.00,2.80,6-3.2,1,1909898092756271104,极兔快递,JT0016019580363,服饰,广东省,
嘉丰国际1号楼101快递美团干洗_站点-嘉丰国际1号楼101快递美团干洗,嘉丰国际1号楼101快递美团干洗,嘉丰国际1号楼101快递美团干洗,干洗,2025-04-09 17:13:30,,,,,12.80,,3.84,30%,,1909897412171726848,干洗,,"凉鞋   *   1",,
嘉丰国际1号楼101快递美团干洗_站点-嘉丰国际1号楼101快递美团干洗,嘉丰国际1号楼101快递美团干洗,嘉丰国际1号楼101快递美团干洗,快递,2025-04-09 17:08:59,,0.5,0.67,0,6.00,0.00,2.52,42% ,1,1909896281781633024,韵达快递,312706437261650,其他,内蒙古自治区,
嘉丰国际1号楼101快递美团干洗_站点-嘉丰国际1号楼101快递美团干洗,嘉丰国际1号楼101快递美团干洗,嘉丰国际1号楼101快递美团干洗,快递,2025-04-09 16:47:46,,0.8,0.55,0,6.00,0.00,2.80,6-3.2,1,1909890949236310016,极兔快递,JT0016018065255,服饰,浙江省,
嘉丰国际1号楼101快递美团干洗_站点-嘉丰国际1号楼101快递美团干洗,嘉丰国际1号楼101快递美团干洗,嘉丰国际1号楼101快递美团干洗,快递,2025-04-09 16:16:03,,1,0.84,0,6.00,0.00,2.80,6-3.2,1,1909882947338944512,极兔快递,JT0016019709008,服饰,山东省,
嘉丰国际1号楼101快递美团干洗_站点-嘉丰国际1号楼101快递美团干洗,嘉丰国际1号楼101快递美团干洗,嘉丰国际1号楼101快递美团干洗,快递,2025-04-09 16:15:20,,0.8,0.42,0,6.00,0.00,2.80,6-3.2,1,1909882788039278592,极兔快递,JT0016020289289,服饰,浙江省,
嘉丰国际1号楼101快递美团干洗_站点-嘉丰国际1号楼101快递美团干洗,嘉丰国际1号楼101快递美团干洗,嘉丰国际1号楼101快递美团干洗,干洗,2025-04-09 16:12:53,,,,,19.80,,5.94,30%,,1909882158834958336,干洗,,"西装外套   *   1",,
嘉丰国际1号楼101快递美团干洗_站点-嘉丰国际1号楼101快递美团干洗,嘉丰国际1号楼101快递美团干洗,嘉丰国际1号楼101快递美团干洗,快递,2025-04-09 16:02:12,,2.6,2.59,0,8.00,0.00,3.60,45% ,1,1909879479056384000,极兔快递,JT0016018209503,其他,河北省,
嘉丰国际1号楼101快递美团干洗_站点-嘉丰国际1号楼101快递美团干洗,嘉丰国际1号楼101快递美团干洗,嘉丰国际1号楼101快递美团干洗,快递,2025-04-09 15:11:00,,0.6,0.33,0,6.00,0.00,2.80,6-3.2,1,1909866584074014720,极兔快递,JT0016015449094,服饰,广东省,
嘉丰国际1号楼101快递美团干洗_站点-嘉丰国际1号楼101快递美团干洗,嘉丰国际1号楼101快递美团干洗,嘉丰国际1号楼101快递美团干洗,快递,2025-04-09 14:59:23,,0.5,0.51,0,6.00,0.00,2.80,6-3.2,1,1909863658106572800,极兔快递,JT0016014190607,服饰,浙江省,
嘉丰国际1号楼101快递美团干洗_站点-嘉丰国际1号楼101快递美团干洗,嘉丰国际1号楼101快递美团干洗,嘉丰国际1号楼101快递美团干洗,快递,2025-04-09 14:58:38,,0.5,0.52,0,6.00,0.00,2.80,6-3.2,1,1909863481505402880,极兔快递,JT0016018166914,服饰,广东省,
嘉丰国际1号楼101快递美团干洗_站点-嘉丰国际1号楼101快递美团干洗,嘉丰国际1号楼101快递美团干洗,嘉丰国际1号楼101快递美团干洗,快递,2025-04-09 13:39:25,,0.6,0.62,0,6.00,0.00,2.80,6-3.2,1,1909843543659040768,极兔快递,JT0016015726997,服饰,浙江省,
嘉丰国际1号楼101快递美团干洗_站点-嘉丰国际1号楼101快递美团干洗,嘉丰国际1号楼101快递美团干洗,嘉丰国际1号楼101快递美团干洗,快递,2025-04-09 11:54:22,,0.3,0.2,0,6.00,0.00,2.80,6-3.2,1,1909817107946590208,极兔快递,JT0016015147888,其他,山西省,
嘉丰国际1号楼101快递美团干洗_站点-嘉丰国际1号楼101快递美团干洗,嘉丰国际1号楼101快递美团干洗,嘉丰国际1号楼101快递美团干洗,快递,2025-04-09 11:51:48,,0.25,0.2,0,6.00,0.00,2.80,6-3.2,1,1909816453995876352,极兔快递,JT0016013079935,其他,江苏省,
嘉丰国际1号楼101快递美团干洗_站点-嘉丰国际1号楼101快递美团干洗,嘉丰国际1号楼101快递美团干洗,嘉丰国际1号楼101快递美团干洗,快递,2025-04-09 11:38:00,,0.65,0.63,0,6.00,0.00,2.80,6-3.2,1,1909812977748332544,极兔快递,JT0016007377767,服饰,浙江省,
嘉丰国际1号楼101快递美团干洗_站点-嘉丰国际1号楼101快递美团干洗,嘉丰国际1号楼101快递美团干洗,嘉丰国际1号楼101快递美团干洗,快递,2025-04-09 11:37:06,,0.3,0.28,0,6.00,0.00,2.80,6-3.2,1,1909812763008356352,极兔快递,JT0016014987673,服饰,广东省,
嘉丰国际1号楼101快递美团干洗_站点-嘉丰国际1号楼101快递美团干洗,嘉丰国际1号楼101快递美团干洗,嘉丰国际1号楼101快递美团干洗,快递,2025-04-09 10:30:59,,0.65,0.67,0,6.00,0.00,2.80,6-3.2,1,1909796106626060288,极兔快递,JT0016012400550,服饰,广东省,
嘉丰国际1号楼101快递美团干洗_站点-嘉丰国际1号楼101快递美团干洗,嘉丰国际1号楼101快递美团干洗,嘉丰国际1号楼101快递美团干洗,快递,2025-04-09 10:10:25,,0.1,0.2,0,6.00,0.00,2.80,6-3.2,1,1909790950022893568,极兔快递,JT0016008580324,其他,陕西省,
嘉丰国际1号楼101快递美团干洗_站点-嘉丰国际1号楼101快递美团干洗,嘉丰国际1号楼101快递美团干洗,嘉丰国际1号楼101快递美团干洗,快递,2025-04-09 10:08:46,,0.2,0.24,0,6.00,0.00,2.80,6-3.2,1,1909790536443547648,极兔快递,JT0015998375217,服饰,浙江省,
嘉丰国际1号楼101快递美团干洗_站点-嘉丰国际1号楼101快递美团干洗,嘉丰国际1号楼101快递美团干洗,嘉丰国际1号楼101快递美团干洗,快递,2025-04-09 10:05:35,,4.2,4.15,0,12.50,3.00,5.00,40% ,1,1909789732345139200,极兔快递,JT0016005991581,食品,陕西省,
嘉丰国际1号楼101快递美团干洗_站点-嘉丰国际1号楼101快递美团干洗,嘉丰国际1号楼101快递美团干洗,嘉丰国际1号楼101快递美团干洗,快递,2025-04-08 19:02:49,,0.9,0.86,0,6.00,0.00,2.80,6-3.2,1,1909562541829181440,极兔快递,JT0016007747154,服饰,湖南省,
嘉丰国际1号楼101快递美团干洗_站点-嘉丰国际1号楼101快递美团干洗,嘉丰国际1号楼101快递美团干洗,嘉丰国际1号楼101快递美团干洗,快递,2025-04-08 17:39:39,,0.5,0.63,0,6.00,0.00,2.80,6-3.2,1,1909541617520267264,极兔快递,JT0016002838139,食品,河南省,
嘉丰国际1号楼101快递美团干洗_站点-嘉丰国际1号楼101快递美团干洗,嘉丰国际1号楼101快递美团干洗,嘉丰国际1号楼101快递美团干洗,快递,2025-04-08 17:37:02,,11.7,11.64,0,30.00,13.50,12.00,40% ,1,1909540953486446592,极兔快递,JT0015994613493,生鲜类,江苏省,
嘉丰国际1号楼101快递美团干洗_站点-嘉丰国际1号楼101快递美团干洗,嘉丰国际1号楼101快递美团干洗,嘉丰国际1号楼101快递美团干洗,干洗,2025-04-08 17:19:18,,,,,29.80,,8.94,30%,,1909536476322779136,干洗,,"棉服_毛呢_羽绒服   *   1",,
嘉丰国际1号楼101快递美团干洗_站点-嘉丰国际1号楼101快递美团干洗,嘉丰国际1号楼101快递美团干洗,嘉丰国际1号楼101快递美团干洗,快递,2025-04-08 17:06:21,,0.55,0.54,0,6.00,0.00,2.80,6-3.2,1,1909533216505516032,极兔快递,JT0016005237281,服饰,浙江省,
嘉丰国际1号楼101快递美团干洗_站点-嘉丰国际1号楼101快递美团干洗,嘉丰国际1号楼101快递美团干洗,嘉丰国际1号楼101快递美团干洗,快递,2025-04-08 17:05:42,,0.04,0.2,0,6.00,0.00,2.80,6-3.2,1,1909533066584313856,极兔快递,JT0016003141362,其他,浙江省,
嘉丰国际1号楼101快递美团干洗_站点-嘉丰国际1号楼101快递美团干洗,嘉丰国际1号楼101快递美团干洗,嘉丰国际1号楼101快递美团干洗,快递,2025-04-08 17:04:55,,0.13,0.2,0,6.00,0.00,2.80,6-3.2,1,1909532878402670592,极兔快递,JT0016004354863,其他,浙江省,
嘉丰国际1号楼101快递美团干洗_站点-嘉丰国际1号楼101快递美团干洗,嘉丰国际1号楼101快递美团干洗,嘉丰国际1号楼101快递美团干洗,快递,2025-04-08 17:03:17,,0.35,0.36,0,6.00,0.00,2.80,6-3.2,1,1909532454786355200,极兔快递,JT0015997842406,服饰,河北省,
嘉丰国际1号楼101快递美团干洗_站点-嘉丰国际1号楼101快递美团干洗,嘉丰国际1号楼101快递美团干洗,嘉丰国际1号楼101快递美团干洗,快递,2025-04-08 17:02:23,,0.32,0.42,0,6.00,0.00,2.80,6-3.2,1,1909532222279307264,极兔快递,JT0016003410078,服饰,河北省,
嘉丰国际1号楼101快递美团干洗_站点-嘉丰国际1号楼101快递美团干洗,嘉丰国际1号楼101快递美团干洗,嘉丰国际1号楼101快递美团干洗,快递,2025-04-08 17:01:27,,0.3,0.32,0,6.00,0.00,2.80,6-3.2,1,1909531984927838208,极兔快递,JT0016005928737,服饰,河北省,
嘉丰国际1号楼101快递美团干洗_站点-嘉丰国际1号楼101快递美团干洗,嘉丰国际1号楼101快递美团干洗,嘉丰国际1号楼101快递美团干洗,快递,2025-04-08 17:00:41,,0.4,0.34,0,6.00,0.00,2.80,6-3.2,1,1909531807315841024,极兔快递,JT0015997655284,服饰,河北省,
嘉丰国际1号楼101快递美团干洗_站点-嘉丰国际1号楼101快递美团干洗,嘉丰国际1号楼101快递美团干洗,嘉丰国际1号楼101快递美团干洗,快递,2025-04-08 16:29:53,,0.5,0.39,0,6.00,0.00,2.80,6-3.2,1,1909524059920453632,极兔快递,JT0015999722900,服饰,浙江省,
嘉丰国际1号楼101快递美团干洗_站点-嘉丰国际1号楼101快递美团干洗,嘉丰国际1号楼101快递美团干洗,嘉丰国际1号楼101快递美团干洗,快递,2025-04-08 16:28:24,,0.04,0.2,0,6.00,0.00,2.80,6-3.2,1,1909523687168462848,极兔快递,JT0016006135090,服饰,浙江省,
嘉丰国际1号楼101快递美团干洗_站点-嘉丰国际1号楼101快递美团干洗,嘉丰国际1号楼101快递美团干洗,嘉丰国际1号楼101快递美团干洗,快递,2025-04-08 16:27:29,,1.2,1.22,0,8.00,0.00,2.44,43%,1,1909523448227352576,极兔快递,JT0016003362449,食品,北京市,
嘉丰国际1号楼101快递美团干洗_站点-嘉丰国际1号楼101快递美团干洗,嘉丰国际1号楼101快递美团干洗,嘉丰国际1号楼101快递美团干洗,快递,2025-04-08 15:41:49,2025-04-08 07:57:20,0.17,,,6.00,,0.00,,1,1909511958963343360,极兔快递,JT0016000263555,其他,湖北省,已全额退款
嘉丰国际1号楼101快递美团干洗_站点-嘉丰国际1号楼101快递美团干洗,嘉丰国际1号楼101快递美团干洗,嘉丰国际1号楼101快递美团干洗,干洗,2025-04-08 15:54:06,,,,,9.90,,2.97,30%,,1909515030691237888,干洗,,"清洗鞋19.8元两双   *   1",,
嘉丰国际1号楼101快递美团干洗_站点-嘉丰国际1号楼101快递美团干洗,嘉丰国际1号楼101快递美团干洗,嘉丰国际1号楼101快递美团干洗,快递,2025-04-08 15:43:41,,0.35,0.32,0,6.00,0.00,2.80,6-3.2,1,1909512428477927424,极兔快递,JT0015997660096,其他,山东省,
嘉丰国际1号楼101快递美团干洗_站点-嘉丰国际1号楼101快递美团干洗,嘉丰国际1号楼101快递美团干洗,嘉丰国际1号楼101快递美团干洗,快递,2025-04-08 15:40:35,,0.24,0.25,0,6.00,0.00,2.80,6-3.2,1,1909511626824798208,极兔快递,JT0016003364319,其他,安徽省,
嘉丰国际1号楼101快递美团干洗_站点-嘉丰国际1号楼101快递美团干洗,嘉丰国际1号楼101快递美团干洗,嘉丰国际1号楼101快递美团干洗,快递,2025-04-08 15:39:25,,0.34,0.34,0,6.00,0.00,2.80,6-3.2,1,1909511351967862784,极兔快递,JT0016005002529,其他,安徽省,
嘉丰国际1号楼101快递美团干洗_站点-嘉丰国际1号楼101快递美团干洗,嘉丰国际1号楼101快递美团干洗,嘉丰国际1号楼101快递美团干洗,快递,2025-04-08 15:38:14,,0.3,0.28,0,6.00,0.00,2.80,6-3.2,1,1909511056651112448,极兔快递,JT0016002025523,其他,安徽省,
嘉丰国际1号楼101快递美团干洗_站点-嘉丰国际1号楼101快递美团干洗,嘉丰国际1号楼101快递美团干洗,嘉丰国际1号楼101快递美团干洗,快递,2025-04-08 15:36:19,,0.3,0.31,0,6.00,0.00,2.80,6-3.2,1,1909510563929444352,极兔快递,JT0016004777918,其他,安徽省,
嘉丰国际1号楼101快递美团干洗_站点-嘉丰国际1号楼101快递美团干洗,嘉丰国际1号楼101快递美团干洗,嘉丰国际1号楼101快递美团干洗,快递,2025-04-08 15:35:25,,0.4,0.21,0,6.00,0.00,2.80,6-3.2,1,1909510354126163968,极兔快递,JT0016005059561,其他,河北省,
嘉丰国际1号楼101快递美团干洗_站点-嘉丰国际1号楼101快递美团干洗,嘉丰国际1号楼101快递美团干洗,嘉丰国际1号楼101快递美团干洗,快递,2025-04-08 15:32:18,,0.7,0.68,0,6.00,0.00,2.80,6-3.2,1,1909509557845938176,极兔快递,JT0016004403385,其他,河北省,
嘉丰国际1号楼101快递美团干洗_站点-嘉丰国际1号楼101快递美团干洗,嘉丰国际1号楼101快递美团干洗,嘉丰国际1号楼101快递美团干洗,快递,2025-04-08 15:30:59,,0.35,0.34,0,6.00,0.00,2.52,42% ,1,1909509233219391488,韵达快递,312705507615185,其他,内蒙古自治区,
嘉丰国际1号楼101快递美团干洗_站点-嘉丰国际1号楼101快递美团干洗,嘉丰国际1号楼101快递美团干洗,嘉丰国际1号楼101快递美团干洗,快递,2025-04-08 15:13:58,,0.6,0.6,0,6.00,0.00,2.80,6-3.2,1,1909504950675623936,极兔快递,JT0016003426701,其他,江苏省,
嘉丰国际1号楼101快递美团干洗_站点-嘉丰国际1号楼101快递美团干洗,嘉丰国际1号楼101快递美团干洗,嘉丰国际1号楼101快递美团干洗,快递,2025-04-08 11:36:46,,0.2,0.2,0,6.00,0.00,2.80,6-3.2,1,1909450295484534784,极兔快递,JT0015998146721,服饰,浙江省,
嘉丰国际1号楼101快递美团干洗_站点-嘉丰国际1号楼101快递美团干洗,嘉丰国际1号楼101快递美团干洗,嘉丰国际1号楼101快递美团干洗,快递,2025-04-08 11:36:05,,1.2,1.21,0,7.00,0.00,3.01,43% ,1,1909450122406580224,极兔快递,JT0015999334819,服饰,广东省,
嘉丰国际1号楼101快递美团干洗_站点-嘉丰国际1号楼101快递美团干洗,嘉丰国际1号楼101快递美团干洗,嘉丰国际1号楼101快递美团干洗,快递,2025-04-08 11:34:27,,0.85,0.87,0,6.00,0.00,2.80,6-3.2,1,1909449687172042752,极兔快递,JT0015995550885,服饰,广东省,
嘉丰国际1号楼101快递美团干洗_站点-嘉丰国际1号楼101快递美团干洗,嘉丰国际1号楼101快递美团干洗,嘉丰国际1号楼101快递美团干洗,快递,2025-04-08 11:33:39,,0.85,0.84,0,6.00,0.00,2.80,6-3.2,1,1909449490241081344,极兔快递,JT0015998204401,服饰,广东省,
嘉丰国际1号楼101快递美团干洗_站点-嘉丰国际1号楼101快递美团干洗,嘉丰国际1号楼101快递美团干洗,嘉丰国际1号楼101快递美团干洗,快递,2025-04-08 11:04:02,,0.1,0.39,0,6.00,0.00,2.80,6-3.2,1,1909442042910396416,极兔快递,JT0015996761088,服饰,山东省,
嘉丰国际1号楼101快递美团干洗_站点-嘉丰国际1号楼101快递美团干洗,嘉丰国际1号楼101快递美团干洗,嘉丰国际1号楼101快递美团干洗,快递,2025-04-08 11:03:02,,0.6,0.2,0,6.00,0.00,2.80,6-3.2,1,1909441798382473216,极兔快递,JT0015996828025,服饰,安徽省,
嘉丰国际1号楼101快递美团干洗_站点-嘉丰国际1号楼101快递美团干洗,嘉丰国际1号楼101快递美团干洗,嘉丰国际1号楼101快递美团干洗,快递,2025-04-07 18:35:21,,0.2,0.2,0,6.00,0.00,2.80,6-3.2,1,1909193233585086464,极兔快递,JT0015987142408,易碎品,陕西省,
嘉丰国际1号楼101快递美团干洗_站点-嘉丰国际1号楼101快递美团干洗,嘉丰国际1号楼101快递美团干洗,嘉丰国际1号楼101快递美团干洗,快递,2025-04-07 18:34:42,,0.4,0.39,0,6.00,0.00,2.80,6-3.2,1,1909193082338484224,极兔快递,JT0015987405969,易碎品,陕西省,
嘉丰国际1号楼101快递美团干洗_站点-嘉丰国际1号楼101快递美团干洗,嘉丰国际1号楼101快递美团干洗,嘉丰国际1号楼101快递美团干洗,快递,2025-04-07 18:32:00,,1,0.91,0,6.00,0.00,2.80,6-3.2,1,1909192339153952768,极兔快递,JT0015991481577,服饰,山东省,
嘉丰国际1号楼101快递美团干洗_站点-嘉丰国际1号楼101快递美团干洗,嘉丰国际1号楼101快递美团干洗,嘉丰国际1号楼101快递美团干洗,快递,2025-04-07 18:26:46,,0.6,0.59,0,6.00,0.00,2.80,6-3.2,1,1909191083396112384,极兔快递,JT0015989607837,其他,浙江省,
嘉丰国际1号楼101快递美团干洗_站点-嘉丰国际1号楼101快递美团干洗,嘉丰国际1号楼101快递美团干洗,嘉丰国际1号楼101快递美团干洗,快递,2025-04-07 18:16:53,,0.7,0.67,0,7.00,0.00,2.80,6-3.2,1,1909188596484218880,极兔快递,JT0015987281513,其他,上海市,
嘉丰国际1号楼101快递美团干洗_站点-嘉丰国际1号楼101快递美团干洗,嘉丰国际1号楼101快递美团干洗,嘉丰国际1号楼101快递美团干洗,快递,2025-04-07 18:16:04,,0.4,0.46,0,6.00,0.00,2.80,6-3.2,1,1909188373762482176,极兔快递,JT0015992018194,服饰,广东省,
嘉丰国际1号楼101快递美团干洗_站点-嘉丰国际1号楼101快递美团干洗,嘉丰国际1号楼101快递美团干洗,嘉丰国际1号楼101快递美团干洗,快递,2025-04-07 18:15:27,,0.6,0.59,0,6.00,0.00,2.80,6-3.2,1,1909188225867128832,极兔快递,JT0015988440129,服饰,广东省,
嘉丰国际1号楼101快递美团干洗_站点-嘉丰国际1号楼101快递美团干洗,嘉丰国际1号楼101快递美团干洗,嘉丰国际1号楼101快递美团干洗,快递,2025-04-07 18:14:46,,0.5,0.44,0,6.00,0.00,2.80,6-3.2,1,1909188058032054272,极兔快递,JT0015979554881,服饰,山东省,
嘉丰国际1号楼101快递美团干洗_站点-嘉丰国际1号楼101快递美团干洗,嘉丰国际1号楼101快递美团干洗,嘉丰国际1号楼101快递美团干洗,快递,2025-04-07 18:14:04,,0.5,0.44,0,6.00,0.00,2.80,6-3.2,1,1909187880248090624,极兔快递,JT0015991448582,服饰,山东省,
嘉丰国际1号楼101快递美团干洗_站点-嘉丰国际1号楼101快递美团干洗,嘉丰国际1号楼101快递美团干洗,嘉丰国际1号楼101快递美团干洗,快递,2025-04-07 18:13:25,,0.52,0.53,0,6.00,0.00,2.80,6-3.2,1,1909187722248658944,极兔快递,JT0015990972492,服饰,广东省,
嘉丰国际1号楼101快递美团干洗_站点-嘉丰国际1号楼101快递美团干洗,嘉丰国际1号楼101快递美团干洗,嘉丰国际1号楼101快递美团干洗,快递,2025-04-07 18:11:24,,0.5,0.57,0,6.00,0.00,2.80,6-3.2,1,1909187205078392832,极兔快递,JT0015963174615,服饰,广东省,
嘉丰国际1号楼101快递美团干洗_站点-嘉丰国际1号楼101快递美团干洗,嘉丰国际1号楼101快递美团干洗,嘉丰国际1号楼101快递美团干洗,快递,2025-04-07 18:10:37,,0.6,0.59,0,6.00,0.00,2.80,6-3.2,1,1909187012324958208,极兔快递,JT0015991943471,服饰,广东省,
嘉丰国际1号楼101快递美团干洗_站点-嘉丰国际1号楼101快递美团干洗,嘉丰国际1号楼101快递美团干洗,嘉丰国际1号楼101快递美团干洗,快递,2025-04-07 18:09:59,,0.6,0.5,0,6.00,0.00,2.80,6-3.2,1,1909186855986470912,极兔快递,JT0015988406157,服饰,广东省,
嘉丰国际1号楼101快递美团干洗_站点-嘉丰国际1号楼101快递美团干洗,嘉丰国际1号楼101快递美团干洗,嘉丰国际1号楼101快递美团干洗,快递,2025-04-07 18:09:17,,0.78,0.76,0,6.00,0.00,2.80,6-3.2,1,1909186660712259584,极兔快递,JT0015987469555,服饰,浙江省,
嘉丰国际1号楼101快递美团干洗_站点-嘉丰国际1号楼101快递美团干洗,嘉丰国际1号楼101快递美团干洗,嘉丰国际1号楼101快递美团干洗,快递,2025-04-07 18:08:32,,0.75,0.28,0,6.00,0.00,2.80,6-3.2,1,1909186496874356736,极兔快递,JT0015992074294,服饰,浙江省,
嘉丰国际1号楼101快递美团干洗_站点-嘉丰国际1号楼101快递美团干洗,嘉丰国际1号楼101快递美团干洗,嘉丰国际1号楼101快递美团干洗,快递,2025-04-07 17:56:05,,10.1,10.23,0,27.50,12.00,11.00,40% ,1,1909183362252873728,极兔快递,JT0015991691082,食品,山西省,
嘉丰国际1号楼101快递美团干洗_站点-嘉丰国际1号楼101快递美团干洗,嘉丰国际1号楼101快递美团干洗,嘉丰国际1号楼101快递美团干洗,快递,2025-04-07 17:25:18,,0.23,0.23,0,6.00,0.00,2.80,6-3.2,1,1909175613976682496,极兔快递,JT0015989835218,服饰,广东省,
嘉丰国际1号楼101快递美团干洗_站点-嘉丰国际1号楼101快递美团干洗,嘉丰国际1号楼101快递美团干洗,嘉丰国际1号楼101快递美团干洗,快递,2025-04-07 17:15:57,,0.75,0.7,0,6.00,0.00,2.80,6-3.2,1,1909173264637960192,极兔快递,JT0015989522130,服饰,山东省,
嘉丰国际1号楼101快递美团干洗_站点-嘉丰国际1号楼101快递美团干洗,嘉丰国际1号楼101快递美团干洗,嘉丰国际1号楼101快递美团干洗,干洗,2025-04-07 16:27:30,,,,,24.80,,7.44,30%,,1909161068495314944,干洗,,"棉服_毛呢_羽绒服   *   1",,
嘉丰国际1号楼101快递美团干洗_站点-嘉丰国际1号楼101快递美团干洗,嘉丰国际1号楼101快递美团干洗,嘉丰国际1号楼101快递美团干洗,干洗,2025-04-07 15:11:35,,,,,9.90,,2.97,30%,,1909141935292620800,干洗,,"清洗鞋19.8元两双   *   1",,
嘉丰国际1号楼101快递美团干洗_站点-嘉丰国际1号楼101快递美团干洗,嘉丰国际1号楼101快递美团干洗,嘉丰国际1号楼101快递美团干洗,快递,2025-04-07 15:06:24,,0.5,0.52,0,6.00,0.00,2.80,6-3.2,1,1909140651722350592,极兔快递,JT0015987192031,服饰,江西省,
嘉丰国际1号楼101快递美团干洗_站点-嘉丰国际1号楼101快递美团干洗,嘉丰国际1号楼101快递美团干洗,嘉丰国际1号楼101快递美团干洗,快递,2025-04-07 12:06:03,,0.65,0.63,0,6.00,0.00,2.52,42% ,1,1909095262549909504,韵达快递,312704295829963,服饰,浙江省,
嘉丰国际1号楼101快递美团干洗_站点-嘉丰国际1号楼101快递美团干洗,嘉丰国际1号楼101快递美团干洗,嘉丰国际1号楼101快递美团干洗,快递,2025-04-07 12:05:20,,0.3,0.38,0,6.00,0.00,2.52,42% ,1,1909095084019359744,韵达快递,312704295469163,服饰,浙江省,
嘉丰国际1号楼101快递美团干洗_站点-嘉丰国际1号楼101快递美团干洗,嘉丰国际1号楼101快递美团干洗,嘉丰国际1号楼101快递美团干洗,快递,2025-04-07 12:04:16,,0.3,0.2,0,6.00,0.00,2.52,42% ,1,1909094824459051008,韵达快递,312704294452265,服饰,江苏省,
嘉丰国际1号楼101快递美团干洗_站点-嘉丰国际1号楼101快递美团干洗,嘉丰国际1号楼101快递美团干洗,嘉丰国际1号楼101快递美团干洗,干洗,2025-04-07 11:31:37,,,,,49.00,,14.70,30%,,1909086591648473088,干洗,,"清洗普通羽绒服2件不分长短49元   *   1
清洗普通羽绒服2件不分长短49元   *   1",,
嘉丰国际1号楼101快递美团干洗_站点-嘉丰国际1号楼101快递美团干洗,嘉丰国际1号楼101快递美团干洗,嘉丰国际1号楼101快递美团干洗,快递,2025-04-07 10:24:16,,0.8,0.93,0,6.00,0.00,2.80,6-3.2,1,1909069651286630400,极兔快递,JT0015980804733,其他,浙江省,
嘉丰国际1号楼101快递美团干洗_站点-嘉丰国际1号楼101快递美团干洗,嘉丰国际1号楼101快递美团干洗,嘉丰国际1号楼101快递美团干洗,快递,2025-04-07 10:23:30,,0.4,0.72,0,6.00,0.00,2.80,6-3.2,1,1909069456398295040,极兔快递,JT0015980595651,服饰,江苏省,
嘉丰国际1号楼101快递美团干洗_站点-嘉丰国际1号楼101快递美团干洗,嘉丰国际1号楼101快递美团干洗,嘉丰国际1号楼101快递美团干洗,快递,2025-04-07 10:20:55,,0.8,0.93,0,6.00,0.00,2.80,6-3.2,1,1909068739281362944,极兔快递,JT0015977708424,服饰,浙江省,
嘉丰国际1号楼101快递美团干洗_站点-嘉丰国际1号楼101快递美团干洗,嘉丰国际1号楼101快递美团干洗,嘉丰国际1号楼101快递美团干洗,快递,2025-04-06 21:58:35,,6.55,6.56,0,17.50,6.00,7.00,40% ,1,1908881997886595072,极兔快递,JT0015977462002,易碎品,山东省,
嘉丰国际1号楼101快递美团干洗_站点-嘉丰国际1号楼101快递美团干洗,嘉丰国际1号楼101快递美团干洗,嘉丰国际1号楼101快递美团干洗,快递,2025-04-06 19:28:49,,1.3,0.61,1,7.00,0.00,3.01,43% ,1,1908844308328030208,极兔快递,JT0015976097287,服饰,广东省,
嘉丰国际1号楼101快递美团干洗_站点-嘉丰国际1号楼101快递美团干洗,嘉丰国际1号楼101快递美团干洗,嘉丰国际1号楼101快递美团干洗,快递,2025-04-06 19:25:36,,0.5,0.52,0,6.00,0.00,2.80,6-3.2,1,1908843499821408256,极兔快递,JT0015975577452,服饰,河北省,
嘉丰国际1号楼101快递美团干洗_站点-嘉丰国际1号楼101快递美团干洗,嘉丰国际1号楼101快递美团干洗,嘉丰国际1号楼101快递美团干洗,快递,2025-04-06 18:24:42,,1,0.92,0,6.00,0.00,2.80,6-3.2,1,1908828171695497216,极兔快递,JT0015975137852,食品,河北省,
嘉丰国际1号楼101快递美团干洗_站点-嘉丰国际1号楼101快递美团干洗,嘉丰国际1号楼101快递美团干洗,嘉丰国际1号楼101快递美团干洗,快递,2025-04-06 17:59:22,,0.8,0.39,0,6.00,0.00,2.80,6-3.2,1,1908821769082052608,极兔快递,JT0015974298684,服饰,河北省,
嘉丰国际1号楼101快递美团干洗_站点-嘉丰国际1号楼101快递美团干洗,嘉丰国际1号楼101快递美团干洗,嘉丰国际1号楼101快递美团干洗,快递,2025-04-06 17:51:53,,0.8,0.89,0,6.00,0.00,2.80,6-3.2,1,1908819917305225216,极兔快递,JT0015975333648,其他,陕西省,
嘉丰国际1号楼101快递美团干洗_站点-嘉丰国际1号楼101快递美团干洗,嘉丰国际1号楼101快递美团干洗,嘉丰国际1号楼101快递美团干洗,快递,2025-04-06 16:46:06,,1.2,1.18,0,7.00,0.00,3.01,43% ,1,1908803364115390464,极兔快递,JT0015972859499,服饰,山东省,
嘉丰国际1号楼101快递美团干洗_站点-嘉丰国际1号楼101快递美团干洗,嘉丰国际1号楼101快递美团干洗,嘉丰国际1号楼101快递美团干洗,快递,2025-04-06 16:44:48,,0.5,0.29,0,6.00,0.00,2.80,6-3.2,1,1908803037794344960,极兔快递,JT0015975106216,服饰,广东省,
嘉丰国际1号楼101快递美团干洗_站点-嘉丰国际1号楼101快递美团干洗,嘉丰国际1号楼101快递美团干洗,嘉丰国际1号楼101快递美团干洗,快递,2025-04-06 16:28:15,,0.6,0.28,0,6.00,0.00,2.80,6-3.2,1,1908798862373101568,极兔快递,JT0015974473735,服饰,湖北省,
嘉丰国际1号楼101快递美团干洗_站点-嘉丰国际1号楼101快递美团干洗,嘉丰国际1号楼101快递美团干洗,嘉丰国际1号楼101快递美团干洗,快递,2025-04-06 16:27:45,,0.8,0.55,0,6.00,0.00,2.80,6-3.2,1,1908798738792128512,极兔快递,JT0015972304555,服饰,湖北省,
嘉丰国际1号楼101快递美团干洗_站点-嘉丰国际1号楼101快递美团干洗,嘉丰国际1号楼101快递美团干洗,嘉丰国际1号楼101快递美团干洗,快递,2025-04-06 16:27:05,,0.7,0.26,0,6.00,0.00,2.80,6-3.2,1,1908798565080834048,极兔快递,JT0015968541566,服饰,河北省,
嘉丰国际1号楼101快递美团干洗_站点-嘉丰国际1号楼101快递美团干洗,嘉丰国际1号楼101快递美团干洗,嘉丰国际1号楼101快递美团干洗,快递,2025-04-06 16:26:20,,0.7,0.88,0,6.00,0.00,2.80,6-3.2,1,1908798379851980800,极兔快递,JT0015972898694,服饰,辽宁省,
嘉丰国际1号楼101快递美团干洗_站点-嘉丰国际1号楼101快递美团干洗,嘉丰国际1号楼101快递美团干洗,嘉丰国际1号楼101快递美团干洗,快递,2025-04-06 16:25:50,,0.5,0.49,0,6.00,0.00,2.80,6-3.2,1,1908798250336067584,极兔快递,JT0015974541244,服饰,广东省,
嘉丰国际1号楼101快递美团干洗_站点-嘉丰国际1号楼101快递美团干洗,嘉丰国际1号楼101快递美团干洗,嘉丰国际1号楼101快递美团干洗,快递,2025-04-06 16:24:53,,0.6,1.57,-1,6.00,0.00,2.80,6-3.2,1,1908798025320046592,极兔快递,JT0015972013999,服饰,广东省,
嘉丰国际1号楼101快递美团干洗_站点-嘉丰国际1号楼101快递美团干洗,嘉丰国际1号楼101快递美团干洗,嘉丰国际1号楼101快递美团干洗,快递,2025-04-06 16:22:44,,0.8,0.2,0,6.00,0.00,2.80,6-3.2,1,1908797470539456512,极兔快递,JT0015972219585,服饰,广东省,
嘉丰国际1号楼101快递美团干洗_站点-嘉丰国际1号楼101快递美团干洗,嘉丰国际1号楼101快递美团干洗,嘉丰国际1号楼101快递美团干洗,快递,2025-04-06 16:22:02,,0.7,0.61,0,6.00,0.00,2.80,6-3.2,1,1908797300858888192,极兔快递,JT0015974702597,服饰,河南省,
嘉丰国际1号楼101快递美团干洗_站点-嘉丰国际1号楼101快递美团干洗,嘉丰国际1号楼101快递美团干洗,嘉丰国际1号楼101快递美团干洗,快递,2025-04-06 16:21:31,,0.8,0.92,0,6.00,0.00,2.80,6-3.2,1,1908797174098632704,极兔快递,JT0015973464850,服饰,广东省,
嘉丰国际1号楼101快递美团干洗_站点-嘉丰国际1号楼101快递美团干洗,嘉丰国际1号楼101快递美团干洗,嘉丰国际1号楼101快递美团干洗,快递,2025-04-06 16:20:49,,0.6,0.51,0,6.00,0.00,2.80,6-3.2,1,1908796995341590528,极兔快递,JT0015974240071,服饰,广东省,
嘉丰国际1号楼101快递美团干洗_站点-嘉丰国际1号楼101快递美团干洗,嘉丰国际1号楼101快递美团干洗,嘉丰国际1号楼101快递美团干洗,快递,2025-04-06 16:19:44,,0.4,0.41,0,6.00,0.00,2.80,6-3.2,1,1908796712230264832,极兔快递,JT0015974602387,服饰,广东省,
嘉丰国际1号楼101快递美团干洗_站点-嘉丰国际1号楼101快递美团干洗,嘉丰国际1号楼101快递美团干洗,嘉丰国际1号楼101快递美团干洗,快递,2025-04-06 16:19:07,,0.5,0.2,0,6.00,0.00,2.80,6-3.2,1,1908796503660109824,极兔快递,JT0015974354388,服饰,山东省,
嘉丰国际1号楼101快递美团干洗_站点-嘉丰国际1号楼101快递美团干洗,嘉丰国际1号楼101快递美团干洗,嘉丰国际1号楼101快递美团干洗,快递,2025-04-06 16:18:19,,0.5,1.06,-1,6.00,0.00,2.80,6-3.2,1,1908796362781827072,极兔快递,JT0015975003171,服饰,广东省,
嘉丰国际1号楼101快递美团干洗_站点-嘉丰国际1号楼101快递美团干洗,嘉丰国际1号楼101快递美团干洗,嘉丰国际1号楼101快递美团干洗,快递,2025-04-06 16:17:35,,1,1.03,-1,6.00,0.00,2.80,6-3.2,1,1908796179918561280,极兔快递,JT0015945788844,其他,山东省,
嘉丰国际1号楼101快递美团干洗_站点-嘉丰国际1号楼101快递美团干洗,嘉丰国际1号楼101快递美团干洗,嘉丰国际1号楼101快递美团干洗,快递,2025-04-06 16:17:08,,0.8,0.2,0,6.00,0.00,2.80,6-3.2,1,1908796066651381760,极兔快递,JT0015971596599,服饰,广东省,
嘉丰国际1号楼101快递美团干洗_站点-嘉丰国际1号楼101快递美团干洗,嘉丰国际1号楼101快递美团干洗,嘉丰国际1号楼101快递美团干洗,快递,2025-04-06 16:16:30,,0.6,1.03,-1,6.00,0.00,2.80,6-3.2,1,1908795916889563136,极兔快递,JT0015963666706,服饰,广东省,
嘉丰国际1号楼101快递美团干洗_站点-嘉丰国际1号楼101快递美团干洗,嘉丰国际1号楼101快递美团干洗,嘉丰国际1号楼101快递美团干洗,干洗,2025-04-06 16:05:29,,,,,98.00,,29.40,30%,,1908793137487880192,干洗,,"清洗普通羽绒服2件不分长短49元   *   1
清洗普通羽绒服2件不分长短49元   *   1
清洗普通羽绒服2件不分长短49元   *   1
清洗普通羽绒服2件不分长短49元   *   1",,
嘉丰国际1号楼101快递美团干洗_站点-嘉丰国际1号楼101快递美团干洗,嘉丰国际1号楼101快递美团干洗,嘉丰国际1号楼101快递美团干洗,干洗,2025-04-06 15:57:36,,,,,54.80,,16.44,30%,,1908791151698845696,干洗,,"棉服_毛呢_羽绒服   *   1
清洗鞋19.8元两双   *   1
清洗鞋19.8元两双   *   1",,
嘉丰国际1号楼101快递美团干洗_站点-嘉丰国际1号楼101快递美团干洗,嘉丰国际1号楼101快递美团干洗,嘉丰国际1号楼101快递美团干洗,干洗,2025-04-06 15:41:55,,,,,49.00,,14.70,30%,,1908787211506753536,干洗,,"清洗普通羽绒服2件不分长短49元   *   1
清洗普通羽绒服2件不分长短49元   *   1",,
嘉丰国际1号楼101快递美团干洗_站点-嘉丰国际1号楼101快递美团干洗,嘉丰国际1号楼101快递美团干洗,嘉丰国际1号楼101快递美团干洗,干洗,2025-04-06 15:30:10,,,,,73.50,,22.05,30%,,1908784251129241600,干洗,,"清洗普通羽绒服2件不分长短49元   *   1
清洗普通羽绒服2件不分长短49元   *   1
清洗普通羽绒服2件不分长短49元   *   1",,
嘉丰国际1号楼101快递美团干洗_站点-嘉丰国际1号楼101快递美团干洗,嘉丰国际1号楼101快递美团干洗,嘉丰国际1号楼101快递美团干洗,干洗,2025-04-06 14:34:33,,,,,15.00,,4.50,30%,,1908770254992646144,干洗,,"布鞋_网鞋   *   1",,
嘉丰国际1号楼101快递美团干洗_站点-嘉丰国际1号楼101快递美团干洗,嘉丰国际1号楼101快递美团干洗,嘉丰国际1号楼101快递美团干洗,快递,2025-04-06 14:30:05,,0.4,0.52,0,6.00,0.00,2.80,6-3.2,1,1908769134371086336,极兔快递,JT0015958614970,服饰,浙江省,
嘉丰国际1号楼101快递美团干洗_站点-嘉丰国际1号楼101快递美团干洗,嘉丰国际1号楼101快递美团干洗,嘉丰国际1号楼101快递美团干洗,快递,2025-04-06 14:28:17,,0.42,0.43,0,6.00,0.00,2.80,6-3.2,1,1908768679398154240,极兔快递,JT0015971362992,服饰,黑龙江省,
嘉丰国际1号楼101快递美团干洗_站点-嘉丰国际1号楼101快递美团干洗,嘉丰国际1号楼101快递美团干洗,嘉丰国际1号楼101快递美团干洗,干洗,2025-04-06 13:49:32,,,,,79.00,,23.70,30%,,1908758925552590848,干洗,,"清洗普通羽绒服2件不分长短49元   *   1
毛领   *   1
清洗普通羽绒服2件不分长短49元   *   1
毛领   *   1",,
嘉丰国际1号楼101快递美团干洗_站点-嘉丰国际1号楼101快递美团干洗,嘉丰国际1号楼101快递美团干洗,嘉丰国际1号楼101快递美团干洗,干洗,2025-04-06 13:38:18,,,,,97.00,,29.10,30%,,1908756072649924608,干洗,,"清洗普通羽绒服2件不分长短49元   *   1
清洗普通羽绒服2件不分长短49元   *   1
羊剪绒   *   1",,
嘉丰国际1号楼101快递美团干洗_站点-嘉丰国际1号楼101快递美团干洗,嘉丰国际1号楼101快递美团干洗,嘉丰国际1号楼101快递美团干洗,快递,2025-04-06 13:16:15,,0.6,0.24,0,6.00,0.00,2.80,6-3.2,1,1908750551867924480,极兔快递,JT0015956530722,服饰,广东省,
嘉丰国际1号楼101快递美团干洗_站点-嘉丰国际1号楼101快递美团干洗,嘉丰国际1号楼101快递美团干洗,嘉丰国际1号楼101快递美团干洗,快递,2025-04-06 12:11:08,,0.2,0.2,0,6.00,0.00,2.80,6-3.2,1,1908734126931517440,极兔快递,JT0015965183095,其他,福建省,
嘉丰国际1号楼101快递美团干洗_站点-嘉丰国际1号楼101快递美团干洗,嘉丰国际1号楼101快递美团干洗,嘉丰国际1号楼101快递美团干洗,快递,2025-04-05 19:24:04,,0.12,0.24,0,6.00,0.00,2.80,6-3.2,1,1908480708006584320,极兔快递,JT0015959143335,服饰,浙江省,
嘉丰国际1号楼101快递美团干洗_站点-嘉丰国际1号楼101快递美团干洗,嘉丰国际1号楼101快递美团干洗,嘉丰国际1号楼101快递美团干洗,快递,2025-04-05 19:23:03,,0.8,0.82,0,6.00,0.00,2.80,6-3.2,1,1908480474950082560,极兔快递,JT0015960299499,服饰,广东省,
嘉丰国际1号楼101快递美团干洗_站点-嘉丰国际1号楼101快递美团干洗,嘉丰国际1号楼101快递美团干洗,嘉丰国际1号楼101快递美团干洗,干洗,2025-04-05 19:19:46,,,,,67.00,,20.10,30%,,1908479641181167616,干洗,,"清洗普通羽绒服2件不分长短49元   *   1
清洗普通羽绒服2件不分长短49元   *   1
羽绒马甲_儿童羽绒服   *   1",,
嘉丰国际1号楼101快递美团干洗_站点-嘉丰国际1号楼101快递美团干洗,嘉丰国际1号楼101快递美团干洗,嘉丰国际1号楼101快递美团干洗,干洗,2025-04-05 19:14:32,,,,,49.00,,14.70,30%,,1908478324844994560,干洗,,"清洗普通羽绒服2件不分长短49元   *   1
清洗普通羽绒服2件不分长短49元   *   1",,
嘉丰国际1号楼101快递美团干洗_站点-嘉丰国际1号楼101快递美团干洗,嘉丰国际1号楼101快递美团干洗,嘉丰国际1号楼101快递美团干洗,快递,2025-04-05 19:08:48,,0.8,0.76,0,6.00,0.00,2.80,6-3.2,1,1908476874249150464,极兔快递,JT0015961777138,服饰,江西省,
嘉丰国际1号楼101快递美团干洗_站点-嘉丰国际1号楼101快递美团干洗,嘉丰国际1号楼101快递美团干洗,嘉丰国际1号楼101快递美团干洗,快递,2025-04-05 19:08:11,,0.55,0.54,0,6.00,0.00,2.80,6-3.2,1,1908476722339848192,极兔快递,JT0015962743940,服饰,广东省,
嘉丰国际1号楼101快递美团干洗_站点-嘉丰国际1号楼101快递美团干洗,嘉丰国际1号楼101快递美团干洗,嘉丰国际1号楼101快递美团干洗,快递,2025-04-05 19:07:06,,0.7,0.66,0,6.00,0.00,2.80,6-3.2,1,1908476461689020416,极兔快递,JT0015962561980,服饰,广东省,
嘉丰国际1号楼101快递美团干洗_站点-嘉丰国际1号楼101快递美团干洗,嘉丰国际1号楼101快递美团干洗,嘉丰国际1号楼101快递美团干洗,快递,2025-04-05 19:03:51,,0.5,0.51,0,6.00,0.00,2.80,6-3.2,1,1908475623797104640,极兔快递,JT0015962727394,服饰,山东省,
嘉丰国际1号楼101快递美团干洗_站点-嘉丰国际1号楼101快递美团干洗,嘉丰国际1号楼101快递美团干洗,嘉丰国际1号楼101快递美团干洗,快递,2025-04-05 19:02:48,,0.5,0.48,0,6.00,0.00,2.80,6-3.2,1,1908475370704412672,极兔快递,JT0015956393061,服饰,广东省,
嘉丰国际1号楼101快递美团干洗_站点-嘉丰国际1号楼101快递美团干洗,嘉丰国际1号楼101快递美团干洗,嘉丰国际1号楼101快递美团干洗,快递,2025-04-05 18:34:40,,1.2,1.11,0,7.00,0.00,3.01,43% ,1,1908468296410931200,极兔快递,JT0015959554753,服饰,河北省,
嘉丰国际1号楼101快递美团干洗_站点-嘉丰国际1号楼101快递美团干洗,嘉丰国际1号楼101快递美团干洗,嘉丰国际1号楼101快递美团干洗,快递,2025-04-05 17:51:49,,1,1.03,-1,6.00,0.00,2.80,6-3.2,1,1908457511144071168,极兔快递,JT0015962707070,服饰,广东省,
嘉丰国际1号楼101快递美团干洗_站点-嘉丰国际1号楼101快递美团干洗,嘉丰国际1号楼101快递美团干洗,嘉丰国际1号楼101快递美团干洗,快递,2025-04-05 17:47:22,,0.8,0.2,0,6.00,0.00,2.80,6-3.2,1,1908456390203744256,极兔快递,JT0015959093608,服饰,福建省,
嘉丰国际1号楼101快递美团干洗_站点-嘉丰国际1号楼101快递美团干洗,嘉丰国际1号楼101快递美团干洗,嘉丰国际1号楼101快递美团干洗,干洗,2025-04-05 17:44:15,,,,,24.50,,7.35,30%,,1908455598491115520,干洗,,"清洗普通羽绒服2件不分长短49元   *   1",,
嘉丰国际1号楼101快递美团干洗_站点-嘉丰国际1号楼101快递美团干洗,嘉丰国际1号楼101快递美团干洗,嘉丰国际1号楼101快递美团干洗,快递,2025-04-05 17:26:43,,0.5,0.53,0,6.00,0.00,2.80,6-3.2,1,1908451195877007360,极兔快递,JT0015961710923,服饰,福建省,
嘉丰国际1号楼101快递美团干洗_站点-嘉丰国际1号楼101快递美团干洗,嘉丰国际1号楼101快递美团干洗,嘉丰国际1号楼101快递美团干洗,快递,2025-04-05 17:24:52,,0.05,0.2,0,6.00,0.00,2.80,6-3.2,1,1908450732318334976,极兔快递,JT0015957144384,其他,河南省,
嘉丰国际1号楼101快递美团干洗_站点-嘉丰国际1号楼101快递美团干洗,嘉丰国际1号楼101快递美团干洗,嘉丰国际1号楼101快递美团干洗,快递,2025-04-05 15:39:19,,0.8,0.79,0,6.00,0.00,2.80,6-3.2,1,1908424166767009792,极兔快递,JT0015957161939,服饰,黑龙江省,
嘉丰国际1号楼101快递美团干洗_站点-嘉丰国际1号楼101快递美团干洗,嘉丰国际1号楼101快递美团干洗,嘉丰国际1号楼101快递美团干洗,快递,2025-04-05 15:36:09,,1,0.97,0,6.00,0.00,2.80,6-3.2,1,1908423358482685952,极兔快递,JT0015959716361,服饰,福建省,
嘉丰国际1号楼101快递美团干洗_站点-嘉丰国际1号楼101快递美团干洗,嘉丰国际1号楼101快递美团干洗,嘉丰国际1号楼101快递美团干洗,快递,2025-04-05 12:42:09,,0.55,0.53,0,6.00,0.00,2.52,42% ,1,1908379584117284864,韵达快递,312701467488441,服饰,山东省,
嘉丰国际1号楼101快递美团干洗_站点-嘉丰国际1号楼101快递美团干洗,嘉丰国际1号楼101快递美团干洗,嘉丰国际1号楼101快递美团干洗,干洗,2025-04-05 12:33:45,,,,,49.00,,14.70,30%,,1908377460679581696,干洗,,"清洗普通羽绒服2件不分长短49元   *   1
清洗普通羽绒服2件不分长短49元   *   1",,
嘉丰国际1号楼101快递美团干洗_站点-嘉丰国际1号楼101快递美团干洗,嘉丰国际1号楼101快递美团干洗,嘉丰国际1号楼101快递美团干洗,快递,2025-04-05 10:44:17,,0.7,0.76,0,6.00,0.00,2.80,6-3.2,1,1908349909089329152,极兔快递,JT0015956081904,其他,安徽省,
嘉丰国际1号楼101快递美团干洗_站点-嘉丰国际1号楼101快递美团干洗,嘉丰国际1号楼101快递美团干洗,嘉丰国际1号楼101快递美团干洗,快递,2025-04-05 10:43:36,,1,0.94,0,6.00,0.00,2.80,6-3.2,1,1908349748615258112,极兔快递,JT0015954297479,服饰,浙江省,
嘉丰国际1号楼101快递美团干洗_站点-嘉丰国际1号楼101快递美团干洗,嘉丰国际1号楼101快递美团干洗,嘉丰国际1号楼101快递美团干洗,快递,2025-04-04 16:59:03,,1,0.72,0,6.00,0.00,2.80,6-3.2,1,1908081848977399808,极兔快递,JT0015947069787,其他,甘肃省,
嘉丰国际1号楼101快递美团干洗_站点-嘉丰国际1号楼101快递美团干洗,嘉丰国际1号楼101快递美团干洗,嘉丰国际1号楼101快递美团干洗,快递,2025-04-04 11:28:19,,7,,,21.00,,6.00,,,1907998613408784384,邮政快递,9401506084042,其他,广东省,
嘉丰国际1号楼101快递美团干洗_站点-嘉丰国际1号楼101快递美团干洗,嘉丰国际1号楼101快递美团干洗,嘉丰国际1号楼101快递美团干洗,快递,2025-04-03 19:04:09,,0.45,0.44,0,6.00,0.00,2.80,6-3.2,1,1907750934728613888,极兔快递,JT0015928163326,服饰,广东省,
嘉丰国际1号楼101快递美团干洗_站点-嘉丰国际1号楼101快递美团干洗,嘉丰国际1号楼101快递美团干洗,嘉丰国际1号楼101快递美团干洗,快递,2025-04-03 18:59:44,,1.7,1.36,0,7.00,0.00,3.01,43% ,1,1907749827826622464,极兔快递,JT0015937165791,其他,福建省,
嘉丰国际1号楼101快递美团干洗_站点-嘉丰国际1号楼101快递美团干洗,嘉丰国际1号楼101快递美团干洗,嘉丰国际1号楼101快递美团干洗,快递,2025-04-03 18:53:55,,0.9,0.89,0,6.00,0.00,2.80,6-3.2,1,1907748356133429248,极兔快递,JT0015932595701,服饰,广东省,
嘉丰国际1号楼101快递美团干洗_站点-嘉丰国际1号楼101快递美团干洗,嘉丰国际1号楼101快递美团干洗,嘉丰国际1号楼101快递美团干洗,快递,2025-04-03 18:38:24,,2.9,2.86,0,8.00,0.00,3.60,45% ,1,1907744458689683456,极兔快递,JT0015933020060,其他,甘肃省,
嘉丰国际1号楼101快递美团干洗_站点-嘉丰国际1号楼101快递美团干洗,嘉丰国际1号楼101快递美团干洗,嘉丰国际1号楼101快递美团干洗,快递,2025-04-03 18:16:28,,0.8,0.58,0,6.00,0.00,2.80,6-3.2,1,1907738938813652992,极兔快递,JT0015926074216,服饰,四川省,
嘉丰国际1号楼101快递美团干洗_站点-嘉丰国际1号楼101快递美团干洗,嘉丰国际1号楼101快递美团干洗,嘉丰国际1号楼101快递美团干洗,快递,2025-04-03 17:48:56,,1.4,1.43,0,7.00,0.00,3.01,43% ,1,1907732005335539712,极兔快递,JT0015937263953,服饰,广东省,
嘉丰国际1号楼101快递美团干洗_站点-嘉丰国际1号楼101快递美团干洗,嘉丰国际1号楼101快递美团干洗,嘉丰国际1号楼101快递美团干洗,快递,2025-04-03 16:50:36,,0.7,0.65,0,6.00,0.00,2.80,6-3.2,1,1907717330220818432,极兔快递,JT0015932929506,服饰,广东省,
嘉丰国际1号楼101快递美团干洗_站点-嘉丰国际1号楼101快递美团干洗,嘉丰国际1号楼101快递美团干洗,嘉丰国际1号楼101快递美团干洗,快递,2025-04-03 15:33:31,,0.55,0.38,0,6.00,0.00,2.80,6-3.2,1,1907697893878996992,极兔快递,JT0015936090528,服饰,广东省,
嘉丰国际1号楼101快递美团干洗_站点-嘉丰国际1号楼101快递美团干洗,嘉丰国际1号楼101快递美团干洗,嘉丰国际1号楼101快递美团干洗,快递,2025-04-03 15:04:09,,30,30.25,-1,75.00,30.00,30.00,40% ,1,1907690539892547584,韵达快递,312698532377608,其他,广东省,
嘉丰国际1号楼101快递美团干洗_站点-嘉丰国际1号楼101快递美团干洗,嘉丰国际1号楼101快递美团干洗,嘉丰国际1号楼101快递美团干洗,快递,2025-04-03 14:47:57,,1.2,1.23,0,7.00,0.00,3.01,43% ,1,1907686464975216640,极兔快递,JT0015933404126,其他,浙江省,
嘉丰国际1号楼101快递美团干洗_站点-嘉丰国际1号楼101快递美团干洗,嘉丰国际1号楼101快递美团干洗,嘉丰国际1号楼101快递美团干洗,快递,2025-04-03 14:46:32,,0.43,0.45,0,6.00,0.00,2.80,6-3.2,1,1907686102146949120,极兔快递,JT0015906040651,其他,山东省,
嘉丰国际1号楼101快递美团干洗_站点-嘉丰国际1号楼101快递美团干洗,嘉丰国际1号楼101快递美团干洗,嘉丰国际1号楼101快递美团干洗,快递,2025-04-03 14:45:07,,0.03,0.2,0,10.00,0.00,2.80,6-3.2,1,1907685749259182080,极兔快递,JT0015922989146,其他,内蒙古自治区,
嘉丰国际1号楼101快递美团干洗_站点-嘉丰国际1号楼101快递美团干洗,嘉丰国际1号楼101快递美团干洗,嘉丰国际1号楼101快递美团干洗,快递,2025-04-03 14:43:27,,0.04,0.2,0,6.00,0.00,2.80,6-3.2,1,1907685330659254272,极兔快递,JT0015933189583,其他,浙江省,
嘉丰国际1号楼101快递美团干洗_站点-嘉丰国际1号楼101快递美团干洗,嘉丰国际1号楼101快递美团干洗,嘉丰国际1号楼101快递美团干洗,快递,2025-04-03 14:39:02,,0.25,0.26,0,6.00,0.00,2.80,6-3.2,1,1907684208561299456,极兔快递,JT0015934120047,服饰,福建省,
嘉丰国际1号楼101快递美团干洗_站点-嘉丰国际1号楼101快递美团干洗,嘉丰国际1号楼101快递美团干洗,嘉丰国际1号楼101快递美团干洗,快递,2025-04-03 14:31:32,,1,0.43,0,6.00,0.00,2.80,6-3.2,1,1907682325964726272,极兔快递,JT0015934205616,服饰,山东省,
嘉丰国际1号楼101快递美团干洗_站点-嘉丰国际1号楼101快递美团干洗,嘉丰国际1号楼101快递美团干洗,嘉丰国际1号楼101快递美团干洗,快递,2025-04-03 13:44:07,,1.7,1.67,0,7.00,0.00,3.01,43% ,1,1907670402913214464,极兔快递,JT0015931477364,服饰,浙江省,
嘉丰国际1号楼101快递美团干洗_站点-嘉丰国际1号楼101快递美团干洗,嘉丰国际1号楼101快递美团干洗,嘉丰国际1号楼101快递美团干洗,快递,2025-04-03 13:20:16,,0.25,0.28,0,6.00,0.00,2.80,6-3.2,1,1907664397672325120,极兔快递,JT0015931254417,服饰,福建省,
嘉丰国际1号楼101快递美团干洗_站点-嘉丰国际1号楼101快递美团干洗,嘉丰国际1号楼101快递美团干洗,嘉丰国际1号楼101快递美团干洗,快递,2025-04-03 13:19:08,,0.45,0.46,0,6.00,0.00,2.80,6-3.2,1,1907664113445314560,极兔快递,JT0015929533380,服饰,湖北省,
嘉丰国际1号楼101快递美团干洗_站点-嘉丰国际1号楼101快递美团干洗,嘉丰国际1号楼101快递美团干洗,嘉丰国际1号楼101快递美团干洗,快递,2025-04-03 12:01:37,,13.7,13.9,0,35.00,13.00,14.00,40% ,1,1907644604936298496,韵达快递,312698215344339,文件,甘肃省,
嘉丰国际1号楼101快递美团干洗_站点-嘉丰国际1号楼101快递美团干洗,嘉丰国际1号楼101快递美团干洗,嘉丰国际1号楼101快递美团干洗,干洗,2025-04-03 11:35:35,,,,,49.00,,14.70,30%,,1907638052212908032,干洗,,"清洗普通羽绒服2件不分长短49元   *   1
清洗普通羽绒服2件不分长短49元   *   1",,
嘉丰国际1号楼101快递美团干洗_站点-嘉丰国际1号楼101快递美团干洗,嘉丰国际1号楼101快递美团干洗,嘉丰国际1号楼101快递美团干洗,快递,2025-04-03 11:31:45,,1,1.11,-1,6.00,0.00,2.52,42% ,1,1907637090375114752,韵达快递,312698179416160,服饰,江苏省,
嘉丰国际1号楼101快递美团干洗_站点-嘉丰国际1号楼101快递美团干洗,嘉丰国际1号楼101快递美团干洗,嘉丰国际1号楼101快递美团干洗,快递,2025-04-03 11:02:07,,1,0.56,0,6.00,0.00,2.52,42% ,1,1907629627793940480,韵达快递,312698140741002,服饰,浙江省,
嘉丰国际1号楼101快递美团干洗_站点-嘉丰国际1号楼101快递美团干洗,嘉丰国际1号楼101快递美团干洗,嘉丰国际1号楼101快递美团干洗,快递,2025-04-03 10:08:51,,0.5,0.54,0,6.00,0.00,2.80,6-3.2,1,1907616224278945792,极兔快递,JT0015923064860,其他,广东省,
嘉丰国际1号楼101快递美团干洗_站点-嘉丰国际1号楼101快递美团干洗,嘉丰国际1号楼101快递美团干洗,嘉丰国际1号楼101快递美团干洗,快递,2025-04-03 10:07:36,,0.03,0.26,0,6.00,0.00,2.80,6-3.2,1,1907615914022084608,极兔快递,JT0015923111134,其他,广东省,
嘉丰国际1号楼101快递美团干洗_站点-嘉丰国际1号楼101快递美团干洗,嘉丰国际1号楼101快递美团干洗,嘉丰国际1号楼101快递美团干洗,快递,2025-04-03 10:06:22,,0.6,0.51,0,6.00,0.00,2.80,6-3.2,1,1907615600887930880,极兔快递,JT0015909666934,服饰,湖南省,
嘉丰国际1号楼101快递美团干洗_站点-嘉丰国际1号楼101快递美团干洗,嘉丰国际1号楼101快递美团干洗,嘉丰国际1号楼101快递美团干洗,快递,2025-04-02 18:47:39,,0.8,0.24,0,6.00,0.00,2.80,6-3.2,1,1907384401024196608,极兔快递,JT0015920950358,服饰,浙江省,
嘉丰国际1号楼101快递美团干洗_站点-嘉丰国际1号楼101快递美团干洗,嘉丰国际1号楼101快递美团干洗,嘉丰国际1号楼101快递美团干洗,快递,2025-04-02 18:42:59,,0.5,0.49,0,6.00,0.00,2.80,6-3.2,1,1907383224857468928,极兔快递,JT0015918310066,其他,山东省,
嘉丰国际1号楼101快递美团干洗_站点-嘉丰国际1号楼101快递美团干洗,嘉丰国际1号楼101快递美团干洗,嘉丰国际1号楼101快递美团干洗,快递,2025-04-02 17:57:08,,0.82,0.81,0,6.00,0.00,2.80,6-3.2,1,1907371689477087232,极兔快递,JT0015923814417,服饰,河北省,
嘉丰国际1号楼101快递美团干洗_站点-嘉丰国际1号楼101快递美团干洗,嘉丰国际1号楼101快递美团干洗,嘉丰国际1号楼101快递美团干洗,快递,2025-04-02 17:45:27,,1.2,1.14,0,7.00,0.00,3.01,43% ,1,1907368747751645184,极兔快递,JT0015920291647,服饰,浙江省,
嘉丰国际1号楼101快递美团干洗_站点-嘉丰国际1号楼101快递美团干洗,嘉丰国际1号楼101快递美团干洗,嘉丰国际1号楼101快递美团干洗,快递,2025-04-02 17:38:07,,0.1,0.2,0,6.00,0.00,2.80,6-3.2,1,1907366878220328960,极兔快递,JT0015920782045,服饰,广东省,
嘉丰国际1号楼101快递美团干洗_站点-嘉丰国际1号楼101快递美团干洗,嘉丰国际1号楼101快递美团干洗,嘉丰国际1号楼101快递美团干洗,快递,2025-04-02 17:37:05,,0.1,0.2,0,6.00,0.00,2.80,6-3.2,1,1907366643674849280,极兔快递,JT0015917244088,服饰,广东省,
嘉丰国际1号楼101快递美团干洗_站点-嘉丰国际1号楼101快递美团干洗,嘉丰国际1号楼101快递美团干洗,嘉丰国际1号楼101快递美团干洗,快递,2025-04-02 17:35:04,,0.75,0.76,0,6.00,0.00,2.80,6-3.2,1,1907366134209519616,极兔快递,JT0015922097337,服饰,黑龙江省,
嘉丰国际1号楼101快递美团干洗_站点-嘉丰国际1号楼101快递美团干洗,嘉丰国际1号楼101快递美团干洗,嘉丰国际1号楼101快递美团干洗,快递,2025-04-02 17:22:54,,0.6,0.69,0,6.00,0.00,2.80,6-3.2,1,1907363067732893696,极兔快递,JT0015919911770,服饰,广东省,
嘉丰国际1号楼101快递美团干洗_站点-嘉丰国际1号楼101快递美团干洗,嘉丰国际1号楼101快递美团干洗,嘉丰国际1号楼101快递美团干洗,快递,2025-04-02 17:21:50,,0.6,0.65,0,6.00,0.00,2.80,6-3.2,1,1907362798605377536,极兔快递,JT0015908970622,服饰,湖北省,
嘉丰国际1号楼101快递美团干洗_站点-嘉丰国际1号楼101快递美团干洗,嘉丰国际1号楼101快递美团干洗,嘉丰国际1号楼101快递美团干洗,快递,2025-04-02 17:21:14,,0.7,0.71,0,6.00,0.00,2.80,6-3.2,1,1907362641650327552,极兔快递,JT0015917956879,服饰,广东省,
嘉丰国际1号楼101快递美团干洗_站点-嘉丰国际1号楼101快递美团干洗,嘉丰国际1号楼101快递美团干洗,嘉丰国际1号楼101快递美团干洗,快递,2025-04-02 17:20:17,,0.52,0.53,0,6.00,0.00,2.80,6-3.2,1,1907362412188344320,极兔快递,JT0015917113598,服饰,广东省,
嘉丰国际1号楼101快递美团干洗_站点-嘉丰国际1号楼101快递美团干洗,嘉丰国际1号楼101快递美团干洗,嘉丰国际1号楼101快递美团干洗,快递,2025-04-02 17:17:24,,0.72,0.73,0,7.00,0.00,2.80,6-3.2,1,1907361691564974080,极兔快递,JT0015916647708,服饰,上海市,
嘉丰国际1号楼101快递美团干洗_站点-嘉丰国际1号楼101快递美团干洗,嘉丰国际1号楼101快递美团干洗,嘉丰国际1号楼101快递美团干洗,快递,2025-04-02 17:16:13,,0.6,0.56,0,6.00,0.00,2.80,6-3.2,1,1907361396269195264,极兔快递,JT0015921106494,服饰,浙江省,
嘉丰国际1号楼101快递美团干洗_站点-嘉丰国际1号楼101快递美团干洗,嘉丰国际1号楼101快递美团干洗,嘉丰国际1号楼101快递美团干洗,快递,2025-04-02 17:14:31,,0.4,0.41,0,6.00,0.00,2.80,6-3.2,1,1907360936011440128,极兔快递,JT0015913926432,其他,浙江省,
嘉丰国际1号楼101快递美团干洗_站点-嘉丰国际1号楼101快递美团干洗,嘉丰国际1号楼101快递美团干洗,嘉丰国际1号楼101快递美团干洗,快递,2025-04-02 17:13:42,,0.85,0.82,0,6.00,0.00,2.80,6-3.2,1,1907360760370765824,极兔快递,JT0015917349287,其他,天津市,
嘉丰国际1号楼101快递美团干洗_站点-嘉丰国际1号楼101快递美团干洗,嘉丰国际1号楼101快递美团干洗,嘉丰国际1号楼101快递美团干洗,快递,2025-04-02 17:07:52,,1,0.92,0,6.00,0.00,2.80,6-3.2,1,1907359289684205568,极兔快递,JT0015922659557,服饰,广东省,
嘉丰国际1号楼101快递美团干洗_站点-嘉丰国际1号楼101快递美团干洗,嘉丰国际1号楼101快递美团干洗,嘉丰国际1号楼101快递美团干洗,快递,2025-04-02 17:01:49,,0.55,0.6,0,6.00,0.00,2.80,6-3.2,1,1907357759845376000,极兔快递,JT0015922847128,服饰,广东省,
嘉丰国际1号楼101快递美团干洗_站点-嘉丰国际1号楼101快递美团干洗,嘉丰国际1号楼101快递美团干洗,嘉丰国际1号楼101快递美团干洗,快递,2025-04-02 17:01:06,,0.85,0.83,0,6.00,0.00,2.80,6-3.2,1,1907357588227039232,极兔快递,JT0015910304377,服饰,广东省,
嘉丰国际1号楼101快递美团干洗_站点-嘉丰国际1号楼101快递美团干洗,嘉丰国际1号楼101快递美团干洗,嘉丰国际1号楼101快递美团干洗,快递,2025-04-02 16:59:51,,0.85,0.89,0,6.00,0.00,2.80,6-3.2,1,1907357267291480064,极兔快递,JT0015922147558,服饰,广东省,
嘉丰国际1号楼101快递美团干洗_站点-嘉丰国际1号楼101快递美团干洗,嘉丰国际1号楼101快递美团干洗,嘉丰国际1号楼101快递美团干洗,快递,2025-04-02 16:58:58,,0.85,0.91,0,6.00,0.00,2.80,6-3.2,1,1907357050647289856,极兔快递,JT0015916138412,服饰,广东省,
嘉丰国际1号楼101快递美团干洗_站点-嘉丰国际1号楼101快递美团干洗,嘉丰国际1号楼101快递美团干洗,嘉丰国际1号楼101快递美团干洗,快递,2025-04-02 16:57:39,,0.75,0.8,0,6.00,0.00,2.80,6-3.2,1,1907356716923297792,极兔快递,JT0015914603564,服饰,广东省,
嘉丰国际1号楼101快递美团干洗_站点-嘉丰国际1号楼101快递美团干洗,嘉丰国际1号楼101快递美团干洗,嘉丰国际1号楼101快递美团干洗,快递,2025-04-02 16:23:53,,0.85,0.83,0,6.00,0.00,2.80,6-3.2,1,1907348212523147264,极兔快递,JT0015920856192,服饰,福建省,
嘉丰国际1号楼101快递美团干洗_站点-嘉丰国际1号楼101快递美团干洗,嘉丰国际1号楼101快递美团干洗,嘉丰国际1号楼101快递美团干洗,快递,2025-04-02 16:16:08,,1.4,1.43,0,7.00,0.00,3.01,43% ,1,1907346269755088896,极兔快递,JT0015918881284,其他,广东省,
嘉丰国际1号楼101快递美团干洗_站点-嘉丰国际1号楼101快递美团干洗,嘉丰国际1号楼101快递美团干洗,嘉丰国际1号楼101快递美团干洗,快递,2025-04-02 16:11:43,,0.15,0.2,0,6.00,0.00,2.80,6-3.2,1,1907345156217708544,极兔快递,JT0015921856969,服饰,安徽省,
嘉丰国际1号楼101快递美团干洗_站点-嘉丰国际1号楼101快递美团干洗,嘉丰国际1号楼101快递美团干洗,嘉丰国际1号楼101快递美团干洗,快递,2025-04-02 15:48:39,,2,2.17,-1,7.00,0.00,3.01,43% ,1,1907339347870031872,极兔快递,JT0015921615696,其他,浙江省,
嘉丰国际1号楼101快递美团干洗_站点-嘉丰国际1号楼101快递美团干洗,嘉丰国际1号楼101快递美团干洗,嘉丰国际1号楼101快递美团干洗,快递,2025-04-02 14:58:53,,5.6,5.9,0,15.00,5.00,6.00,40% ,1,1907326825444089856,韵达快递,312697064211478,食品,陕西省,
嘉丰国际1号楼101快递美团干洗_站点-嘉丰国际1号楼101快递美团干洗,嘉丰国际1号楼101快递美团干洗,嘉丰国际1号楼101快递美团干洗,快递,2025-04-02 14:39:15,,0.45,0.47,0,6.00,0.00,2.80,6-3.2,1,1907321876127621120,极兔快递,JT0015919124554,服饰,广东省,
嘉丰国际1号楼101快递美团干洗_站点-嘉丰国际1号楼101快递美团干洗,嘉丰国际1号楼101快递美团干洗,嘉丰国际1号楼101快递美团干洗,快递,2025-04-02 14:38:30,,0.25,0.2,0,6.00,0.00,2.80,6-3.2,1,1907321692165447680,极兔快递,JT0015916547610,服饰,广东省,
嘉丰国际1号楼101快递美团干洗_站点-嘉丰国际1号楼101快递美团干洗,嘉丰国际1号楼101快递美团干洗,嘉丰国际1号楼101快递美团干洗,快递,2025-04-02 14:37:27,,0.25,0.23,0,6.00,0.00,2.80,6-3.2,1,1907321435318853632,极兔快递,JT0015915279970,服饰,浙江省,
嘉丰国际1号楼101快递美团干洗_站点-嘉丰国际1号楼101快递美团干洗,嘉丰国际1号楼101快递美团干洗,嘉丰国际1号楼101快递美团干洗,快递,2025-04-02 14:31:41,,0.3,0.25,0,6.00,0.00,2.80,6-3.2,1,1907319977055821824,极兔快递,JT0015919704484,服饰,广东省,
嘉丰国际1号楼101快递美团干洗_站点-嘉丰国际1号楼101快递美团干洗,嘉丰国际1号楼101快递美团干洗,嘉丰国际1号楼101快递美团干洗,快递,2025-04-02 14:30:46,,0.7,0.7,0,6.00,0.00,2.80,6-3.2,1,1907319751150608384,极兔快递,JT0015917288650,服饰,安徽省,
嘉丰国际1号楼101快递美团干洗_站点-嘉丰国际1号楼101快递美团干洗,嘉丰国际1号楼101快递美团干洗,嘉丰国际1号楼101快递美团干洗,快递,2025-04-02 14:20:20,,1,1.01,-1,6.00,0.00,2.80,6-3.2,1,1907317119182905344,极兔快递,JT0015916932698,服饰,广东省,
嘉丰国际1号楼101快递美团干洗_站点-嘉丰国际1号楼101快递美团干洗,嘉丰国际1号楼101快递美团干洗,嘉丰国际1号楼101快递美团干洗,快递,2025-04-02 14:19:21,,0.2,0.2,0,6.00,0.00,2.80,6-3.2,1,1907316880665419776,极兔快递,JT0015910668171,服饰,广东省,
嘉丰国际1号楼101快递美团干洗_站点-嘉丰国际1号楼101快递美团干洗,嘉丰国际1号楼101快递美团干洗,嘉丰国际1号楼101快递美团干洗,快递,2025-04-02 14:17:38,,0.85,0.84,0,6.00,0.00,2.80,6-3.2,1,1907316449029595136,极兔快递,JT0015918254362,服饰,浙江省,
嘉丰国际1号楼101快递美团干洗_站点-嘉丰国际1号楼101快递美团干洗,嘉丰国际1号楼101快递美团干洗,嘉丰国际1号楼101快递美团干洗,快递,2025-04-02 13:56:18,,0.4,0.49,0,6.00,0.00,2.52,42% ,1,1907311077455765504,韵达快递,312696951580079,其他,河北省,
嘉丰国际1号楼101快递美团干洗_站点-嘉丰国际1号楼101快递美团干洗,嘉丰国际1号楼101快递美团干洗,嘉丰国际1号楼101快递美团干洗,快递,2025-04-02 13:29:23,,0.4,0.48,0,6.00,0.00,2.52,42% ,1,1907304304585940992,韵达快递,312696938683602,其他,江西省,
嘉丰国际1号楼101快递美团干洗_站点-嘉丰国际1号楼101快递美团干洗,嘉丰国际1号楼101快递美团干洗,嘉丰国际1号楼101快递美团干洗,快递,2025-04-02 12:24:35,,0.8,0.75,0,6.00,0.00,2.52,42% ,1,1907287997438173184,韵达快递,312696860015378,其他,湖南省,
嘉丰国际1号楼101快递美团干洗_站点-嘉丰国际1号楼101快递美团干洗,嘉丰国际1号楼101快递美团干洗,嘉丰国际1号楼101快递美团干洗,快递,2025-04-02 12:20:55,,0.14,0.27,0,6.00,0.00,2.52,42% ,1,1907287073047126016,韵达快递,312696858050750,其他,陕西省,
嘉丰国际1号楼101快递美团干洗_站点-嘉丰国际1号楼101快递美团干洗,嘉丰国际1号楼101快递美团干洗,嘉丰国际1号楼101快递美团干洗,快递,2025-04-02 12:06:14,,0.16,0.32,0,6.00,0.00,2.52,42% ,1,1907283376753811456,韵达快递,312696849845029,其他,陕西省,
嘉丰国际1号楼101快递美团干洗_站点-嘉丰国际1号楼101快递美团干洗,嘉丰国际1号楼101快递美团干洗,嘉丰国际1号楼101快递美团干洗,快递,2025-04-02 10:52:21,,0.13,0.24,0,6.00,0.00,2.52,42% ,1,1907264784800882688,韵达快递,312696771607340,其他,广东省,
嘉丰国际1号楼101快递美团干洗_站点-嘉丰国际1号楼101快递美团干洗,嘉丰国际1号楼101快递美团干洗,嘉丰国际1号楼101快递美团干洗,快递,2025-04-02 10:49:53,,6.3,6.09,0,17.50,6.00,7.00,40% ,1,1907264169886556160,极兔快递,JT0015903905453,其他,湖南省,
嘉丰国际1号楼101快递美团干洗_站点-嘉丰国际1号楼101快递美团干洗,嘉丰国际1号楼101快递美团干洗,嘉丰国际1号楼101快递美团干洗,快递,2025-04-02 10:49:12,,8.7,8.7,0,22.50,9.00,9.00,40% ,1,1907263999010611200,极兔快递,JT0015914249822,其他,湖南省,
嘉丰国际1号楼101快递美团干洗_站点-嘉丰国际1号楼101快递美团干洗,嘉丰国际1号楼101快递美团干洗,嘉丰国际1号楼101快递美团干洗,快递,2025-04-02 10:47:11,,9.8,8.92,1,25.00,9.00,10.00,40% ,1,1907263487771090944,极兔快递,JT0015906179809,其他,河北省,
嘉丰国际1号楼101快递美团干洗_站点-嘉丰国际1号楼101快递美团干洗,嘉丰国际1号楼101快递美团干洗,嘉丰国际1号楼101快递美团干洗,快递,2025-04-02 10:39:43,,0.3,0.27,0,6.00,0.00,2.80,6-3.2,1,1907261609658228736,极兔快递,JT0015915199084,服饰,河南省,
嘉丰国际1号楼101快递美团干洗_站点-嘉丰国际1号楼101快递美团干洗,嘉丰国际1号楼101快递美团干洗,嘉丰国际1号楼101快递美团干洗,干洗,2025-04-02 10:36:26,,,,,59.00,,17.70,30%,,1907260777441206272,干洗,,"清洗普通羽绒服2件不分长短49元   *   1
清洗普通羽绒服2件不分长短49元   *   1
毛领   *   1",,
嘉丰国际1号楼101快递美团干洗_站点-嘉丰国际1号楼101快递美团干洗,嘉丰国际1号楼101快递美团干洗,嘉丰国际1号楼101快递美团干洗,干洗,2025-04-02 10:10:54,,,,,72.80,,21.84,30%,,1907254324441587712,干洗,,"羊剪绒   *   1
棉服_毛呢_羽绒服   *   1",,
嘉丰国际1号楼101快递美团干洗_站点-嘉丰国际1号楼101快递美团干洗,嘉丰国际1号楼101快递美团干洗,嘉丰国际1号楼101快递美团干洗,快递,2025-04-01 19:52:25,,0.6,0.46,0,6.00,0.00,2.80,6-3.2,1,1907038309279539200,极兔快递,JT0015905826516,服饰,江苏省,
嘉丰国际1号楼101快递美团干洗_站点-嘉丰国际1号楼101快递美团干洗,嘉丰国际1号楼101快递美团干洗,嘉丰国际1号楼101快递美团干洗,快递,2025-04-01 19:21:22,,0.6,0.32,0,6.00,0.00,2.80,6-3.2,1,1907030498801819648,极兔快递,JT0015910050274,服饰,江苏省,
嘉丰国际1号楼101快递美团干洗_站点-嘉丰国际1号楼101快递美团干洗,嘉丰国际1号楼101快递美团干洗,嘉丰国际1号楼101快递美团干洗,快递,2025-04-01 19:18:14,,0.2,0.24,0,6.00,0.00,2.80,6-3.2,1,1907029708917907456,极兔快递,JT0015899484067,服饰,广东省,
嘉丰国际1号楼101快递美团干洗_站点-嘉丰国际1号楼101快递美团干洗,嘉丰国际1号楼101快递美团干洗,嘉丰国际1号楼101快递美团干洗,快递,2025-04-01 18:54:28,,0.65,0.62,0,6.00,0.00,2.80,6-3.2,1,1907023720223547392,极兔快递,JT0015910279703,服饰,浙江省,
嘉丰国际1号楼101快递美团干洗_站点-嘉丰国际1号楼101快递美团干洗,嘉丰国际1号楼101快递美团干洗,嘉丰国际1号楼101快递美团干洗,快递,2025-04-01 18:53:37,,0.4,0.42,0,6.00,0.00,2.80,6-3.2,1,1907023512299315200,极兔快递,JT0015910184583,服饰,浙江省,
嘉丰国际1号楼101快递美团干洗_站点-嘉丰国际1号楼101快递美团干洗,嘉丰国际1号楼101快递美团干洗,嘉丰国际1号楼101快递美团干洗,快递,2025-04-01 18:41:27,,13.8,13.92,0,35.00,13.00,14.00,40% ,1,1907020448540598272,韵达快递,312695996820743,易碎品,江西省,
嘉丰国际1号楼101快递美团干洗_站点-嘉丰国际1号楼101快递美团干洗,嘉丰国际1号楼101快递美团干洗,嘉丰国际1号楼101快递美团干洗,快递,2025-04-01 18:40:55,,13.8,13.86,0,35.00,13.00,14.00,40% ,1,1907020283981275136,韵达快递,312695996312840,易碎品,江西省,
嘉丰国际1号楼101快递美团干洗_站点-嘉丰国际1号楼101快递美团干洗,嘉丰国际1号楼101快递美团干洗,嘉丰国际1号楼101快递美团干洗,快递,2025-04-01 18:06:32,,1,0.25,0,6.00,0.00,2.80,6-3.2,1,1907011665168900096,极兔快递,JT0015909359266,其他,福建省,
嘉丰国际1号楼101快递美团干洗_站点-嘉丰国际1号楼101快递美团干洗,嘉丰国际1号楼101快递美团干洗,嘉丰国际1号楼101快递美团干洗,快递,2025-04-01 17:51:37,,0.4,0.84,0,6.00,0.00,2.80,6-3.2,1,1907007882074464256,极兔快递,JT0015908179771,服饰,广东省,
嘉丰国际1号楼101快递美团干洗_站点-嘉丰国际1号楼101快递美团干洗,嘉丰国际1号楼101快递美团干洗,嘉丰国际1号楼101快递美团干洗,快递,2025-04-01 17:51:03,,0.6,0.57,0,6.00,0.00,2.80,6-3.2,1,1907007756882878464,极兔快递,JT0015908852174,服饰,浙江省,
嘉丰国际1号楼101快递美团干洗_站点-嘉丰国际1号楼101快递美团干洗,嘉丰国际1号楼101快递美团干洗,嘉丰国际1号楼101快递美团干洗,快递,2025-04-01 17:50:18,,0.8,0.7,0,6.00,0.00,2.80,6-3.2,1,1907007578964697088,极兔快递,JT0015907581165,服饰,浙江省,
嘉丰国际1号楼101快递美团干洗_站点-嘉丰国际1号楼101快递美团干洗,嘉丰国际1号楼101快递美团干洗,嘉丰国际1号楼101快递美团干洗,快递,2025-04-01 17:24:28,,0.85,0.84,0,6.00,0.00,2.80,6-3.2,1,1907001078800130048,极兔快递,JT0015908672906,服饰,浙江省,
嘉丰国际1号楼101快递美团干洗_站点-嘉丰国际1号楼101快递美团干洗,嘉丰国际1号楼101快递美团干洗,嘉丰国际1号楼101快递美团干洗,快递,2025-04-01 16:51:20,,0.85,0.88,0,6.00,0.00,2.80,6-3.2,1,1906992745091375104,极兔快递,JT0015909075354,服饰,广东省,
嘉丰国际1号楼101快递美团干洗_站点-嘉丰国际1号楼101快递美团干洗,嘉丰国际1号楼101快递美团干洗,嘉丰国际1号楼101快递美团干洗,快递,2025-04-01 16:44:24,,0.6,0.64,0,6.00,0.00,2.80,6-3.2,1,1906990990727258112,极兔快递,JT0015907911792,服饰,广东省,
嘉丰国际1号楼101快递美团干洗_站点-嘉丰国际1号楼101快递美团干洗,嘉丰国际1号楼101快递美团干洗,嘉丰国际1号楼101快递美团干洗,快递,2025-04-01 16:43:52,,0.6,0.57,0,6.00,0.00,2.80,6-3.2,1,1906990859311325184,极兔快递,JT0015907562784,服饰,广东省,
嘉丰国际1号楼101快递美团干洗_站点-嘉丰国际1号楼101快递美团干洗,嘉丰国际1号楼101快递美团干洗,嘉丰国际1号楼101快递美团干洗,快递,2025-04-01 16:43:07,,0.5,0.92,0,6.00,0.00,2.80,6-3.2,1,1906990664825643008,极兔快递,JT0015906332638,服饰,江苏省,
嘉丰国际1号楼101快递美团干洗_站点-嘉丰国际1号楼101快递美团干洗,嘉丰国际1号楼101快递美团干洗,嘉丰国际1号楼101快递美团干洗,快递,2025-04-01 16:42:36,,0.52,0.52,0,6.00,0.00,2.80,6-3.2,1,1906990518746423296,极兔快递,JT0015903216533,服饰,江苏省,
嘉丰国际1号楼101快递美团干洗_站点-嘉丰国际1号楼101快递美团干洗,嘉丰国际1号楼101快递美团干洗,嘉丰国际1号楼101快递美团干洗,快递,2025-04-01 16:41:06,,0.5,0.49,0,6.00,0.00,2.80,6-3.2,1,1906990165133041664,极兔快递,JT0015902699323,服饰,江苏省,
嘉丰国际1号楼101快递美团干洗_站点-嘉丰国际1号楼101快递美团干洗,嘉丰国际1号楼101快递美团干洗,嘉丰国际1号楼101快递美团干洗,快递,2025-04-01 16:35:57,,1,0.65,0,6.00,0.00,2.80,6-3.2,1,1906988849178550272,极兔快递,JT0015908462257,服饰,浙江省,
嘉丰国际1号楼101快递美团干洗_站点-嘉丰国际1号楼101快递美团干洗,嘉丰国际1号楼101快递美团干洗,嘉丰国际1号楼101快递美团干洗,快递,2025-04-01 16:35:12,,0.5,0.25,0,6.00,0.00,2.80,6-3.2,1,1906988671797239808,极兔快递,JT0015892748344,服饰,广东省,
嘉丰国际1号楼101快递美团干洗_站点-嘉丰国际1号楼101快递美团干洗,嘉丰国际1号楼101快递美团干洗,嘉丰国际1号楼101快递美团干洗,快递,2025-04-01 16:34:23,,0.8,0.2,0,6.00,0.00,2.80,6-3.2,1,1906988453940895744,极兔快递,JT0015905745409,服饰,广东省,
嘉丰国际1号楼101快递美团干洗_站点-嘉丰国际1号楼101快递美团干洗,嘉丰国际1号楼101快递美团干洗,嘉丰国际1号楼101快递美团干洗,快递,2025-04-01 16:33:36,,0.7,0.2,0,6.00,0.00,2.80,6-3.2,1,1906988264844894208,极兔快递,JT0015907586826,服饰,江苏省,
嘉丰国际1号楼101快递美团干洗_站点-嘉丰国际1号楼101快递美团干洗,嘉丰国际1号楼101快递美团干洗,嘉丰国际1号楼101快递美团干洗,快递,2025-04-01 16:32:45,,0.6,0.24,0,6.00,0.00,2.80,6-3.2,1,1906988049744207872,极兔快递,JT0015906647908,服饰,广东省,
嘉丰国际1号楼101快递美团干洗_站点-嘉丰国际1号楼101快递美团干洗,嘉丰国际1号楼101快递美团干洗,嘉丰国际1号楼101快递美团干洗,快递,2025-04-01 16:30:54,,0.75,0.74,0,6.00,0.00,2.80,6-3.2,1,1906987589813608448,极兔快递,JT0015906919977,服饰,广东省,
嘉丰国际1号楼101快递美团干洗_站点-嘉丰国际1号楼101快递美团干洗,嘉丰国际1号楼101快递美团干洗,嘉丰国际1号楼101快递美团干洗,快递,2025-04-01 16:30:10,,0.35,0.34,0,6.00,0.00,2.80,6-3.2,1,1906987406686101504,极兔快递,JT0015907213892,服饰,广东省,
嘉丰国际1号楼101快递美团干洗_站点-嘉丰国际1号楼101快递美团干洗,嘉丰国际1号楼101快递美团干洗,嘉丰国际1号楼101快递美团干洗,快递,2025-04-01 16:29:17,,0.23,0.23,0,6.00,0.00,2.80,6-3.2,1,1906987187097509888,极兔快递,JT0015906316648,服饰,山东省,
嘉丰国际1号楼101快递美团干洗_站点-嘉丰国际1号楼101快递美团干洗,嘉丰国际1号楼101快递美团干洗,嘉丰国际1号楼101快递美团干洗,干洗,2025-04-01 16:18:16,,,,,49.00,,14.70,30%,,1906984015813615616,干洗,,"清洗普通羽绒服2件不分长短49元   *   1
清洗普通羽绒服2件不分长短49元   *   1",,
嘉丰国际1号楼101快递美团干洗_站点-嘉丰国际1号楼101快递美团干洗,嘉丰国际1号楼101快递美团干洗,嘉丰国际1号楼101快递美团干洗,快递,2025-04-01 15:48:18,,0.72,0.73,0,6.00,0.00,2.80,6-3.2,1,1906976878609768448,极兔快递,JT0015906677167,服饰,浙江省,
嘉丰国际1号楼101快递美团干洗_站点-嘉丰国际1号楼101快递美团干洗,嘉丰国际1号楼101快递美团干洗,嘉丰国际1号楼101快递美团干洗,快递,2025-04-01 15:42:10,,1,0.99,0,6.00,0.00,2.80,6-3.2,1,1906975334636134400,极兔快递,JT0015905006934,服饰,浙江省,
嘉丰国际1号楼101快递美团干洗_站点-嘉丰国际1号楼101快递美团干洗,嘉丰国际1号楼101快递美团干洗,嘉丰国际1号楼101快递美团干洗,快递,2025-04-01 15:15:44,,0.65,0.65,0,6.00,0.00,2.80,6-3.2,1,1906968682788757504,极兔快递,JT0015904571025,服饰,浙江省,
嘉丰国际1号楼101快递美团干洗_站点-嘉丰国际1号楼101快递美团干洗,嘉丰国际1号楼101快递美团干洗,嘉丰国际1号楼101快递美团干洗,快递,2025-04-01 15:14:00,,0.8,0.4,0,6.00,0.00,2.80,6-3.2,1,1906968239253692416,极兔快递,JT0015906900169,服饰,广东省,
嘉丰国际1号楼101快递美团干洗_站点-嘉丰国际1号楼101快递美团干洗,嘉丰国际1号楼101快递美团干洗,嘉丰国际1号楼101快递美团干洗,快递,2025-04-01 15:13:31,,0.4,0.34,0,6.00,0.00,2.80,6-3.2,1,1906968115580444672,极兔快递,JT0015906518950,服饰,广东省,
嘉丰国际1号楼101快递美团干洗_站点-嘉丰国际1号楼101快递美团干洗,嘉丰国际1号楼101快递美团干洗,嘉丰国际1号楼101快递美团干洗,快递,2025-04-01 15:12:52,,0.6,0.2,0,6.00,0.00,2.80,6-3.2,1,1906967851813249024,极兔快递,JT0015905090517,服饰,广东省,
嘉丰国际1号楼101快递美团干洗_站点-嘉丰国际1号楼101快递美团干洗,嘉丰国际1号楼101快递美团干洗,嘉丰国际1号楼101快递美团干洗,快递,2025-04-01 14:40:00,,9.3,9.32,0,25.00,9.00,10.00,40% ,1,1906959671544717312,韵达快递,312695563097933,服饰,广东省,
嘉丰国际1号楼101快递美团干洗_站点-嘉丰国际1号楼101快递美团干洗,嘉丰国际1号楼101快递美团干洗,嘉丰国际1号楼101快递美团干洗,快递,2025-04-01 13:44:37,,0.2,0.27,0,6.00,0.00,2.52,42% ,1,1906945751291469824,韵达快递,312695498900282,服饰,湖北省,
嘉丰国际1号楼101快递美团干洗_站点-嘉丰国际1号楼101快递美团干洗,嘉丰国际1号楼101快递美团干洗,嘉丰国际1号楼101快递美团干洗,快递,2025-04-01 13:35:56,,0.9,0.96,0,6.00,0.00,2.52,42% ,1,1906943566856003584,韵达快递,312695493527608,服饰,福建省,
嘉丰国际1号楼101快递美团干洗_站点-嘉丰国际1号楼101快递美团干洗,嘉丰国际1号楼101快递美团干洗,嘉丰国际1号楼101快递美团干洗,快递,2025-04-01 13:32:59,,0.55,0.65,0,6.00,0.00,2.52,42% ,1,1906942782047199232,韵达快递,312695492054947,服饰,河北省,
嘉丰国际1号楼101快递美团干洗_站点-嘉丰国际1号楼101快递美团干洗,嘉丰国际1号楼101快递美团干洗,嘉丰国际1号楼101快递美团干洗,快递,2025-04-01 13:27:40,,2.4,2.41,0,8.00,0.00,3.60,45% ,1,1906941484430204928,韵达快递,312695478298507,食品,山西省,
嘉丰国际1号楼101快递美团干洗_站点-嘉丰国际1号楼101快递美团干洗,嘉丰国际1号楼101快递美团干洗,嘉丰国际1号楼101快递美团干洗,快递,2025-04-01 12:44:29,,0.12,0.17,0,6.00,0.00,2.52,42% ,1,1906930617072427008,韵达快递,312695437213248,文件,陕西省,
嘉丰国际1号楼101快递美团干洗_站点-嘉丰国际1号楼101快递美团干洗,嘉丰国际1号楼101快递美团干洗,嘉丰国际1号楼101快递美团干洗,干洗,2025-04-01 12:20:58,,,,,44.70,,13.41,30%,,1906924697600860160,干洗,,"清洗鞋19.8元两双   *   1
清洗鞋19.8元两双   *   1
皮鞋   *   1
清洗鞋19.8元两双   *   1",,
嘉丰国际1号楼101快递美团干洗_站点-嘉丰国际1号楼101快递美团干洗,嘉丰国际1号楼101快递美团干洗,嘉丰国际1号楼101快递美团干洗,快递,2025-04-01 12:07:53,,0.7,0.82,0,6.00,0.00,2.52,42% ,1,1906921409237164032,韵达快递,312695390234455,服饰,四川省,
嘉丰国际1号楼101快递美团干洗_站点-嘉丰国际1号楼101快递美团干洗,嘉丰国际1号楼101快递美团干洗,嘉丰国际1号楼101快递美团干洗,快递,2025-04-01 10:39:23,,0.7,0.6,0,6.00,0.00,2.80,6-3.2,1,1906899131426349056,极兔快递,JT0015891856352,服饰,山东省,
嘉丰国际1号楼101快递美团干洗_站点-嘉丰国际1号楼101快递美团干洗,嘉丰国际1号楼101快递美团干洗,嘉丰国际1号楼101快递美团干洗,快递,2025-04-01 10:38:53,,0.8,0.87,0,6.00,0.00,2.80,6-3.2,1,1906898998974423040,极兔快递,JT0015898075058,服饰,浙江省,
嘉丰国际1号楼101快递美团干洗_站点-嘉丰国际1号楼101快递美团干洗,嘉丰国际1号楼101快递美团干洗,嘉丰国际1号楼101快递美团干洗,快递,2025-04-01 10:38:10,,0.85,0.6,0,6.00,0.00,2.80,6-3.2,1,1906898827632910336,极兔快递,JT0015895173321,服饰,广东省,
嘉丰国际1号楼101快递美团干洗_站点-嘉丰国际1号楼101快递美团干洗,嘉丰国际1号楼101快递美团干洗,嘉丰国际1号楼101快递美团干洗,快递,2025-04-01 10:29:23,,0.2,0.2,0,6.00,0.00,2.80,6-3.2,1,1906896601782886400,极兔快递,JT0015899138966,服饰,广东省,
嘉丰国际1号楼101快递美团干洗_站点-嘉丰国际1号楼101快递美团干洗,嘉丰国际1号楼101快递美团干洗,嘉丰国际1号楼101快递美团干洗,快递,2025-04-01 10:28:34,,0.45,0.53,0,6.00,0.00,2.80,6-3.2,1,1906896408509358080,极兔快递,JT0015901980590,服饰,河南省,
嘉丰国际1号楼101快递美团干洗_站点-嘉丰国际1号楼101快递美团干洗,嘉丰国际1号楼101快递美团干洗,嘉丰国际1号楼101快递美团干洗,快递,2025-04-01 10:27:42,,0.42,0.43,0,6.00,0.00,2.80,6-3.2,1,1906896194562105344,极兔快递,JT0015900793617,服饰,广东省,
嘉丰国际1号楼101快递美团干洗_站点-嘉丰国际1号楼101快递美团干洗,嘉丰国际1号楼101快递美团干洗,嘉丰国际1号楼101快递美团干洗,快递,2025-04-01 10:01:28,,1,0.96,0,6.00,0.00,2.80,6-3.2,1,1906889591280574464,极兔快递,JT0015897606209,服饰,浙江省,
