姓名,付款人,用户(下单人),订单类型,日期,退款日期,打单重量,结算重量,重量差,金额,超重金额,团长利润,利润公式,价格方案,订单号,快递公司,物流单号,邮寄物品,发往,说明
慧泽小学智慧社区服务站_站点,合计金额:,4364.89,快递金额:, 4364.89,干洗金额:, 0,,,,,,,,,,,,,
慧泽小学智慧社区服务站_站点-慧泽小学智慧社区服务站,慧泽小学智慧社区服务站,慧泽小学智慧社区服务站,快递,2025-04-30 21:12:50,,1,,,6.00,,2.80,6-3.2,2,1917567807229059072,极兔快递,JT0016363148624,服饰,广东省,
慧泽小学智慧社区服务站_站点-慧泽小学智慧社区服务站,慧泽小学智慧社区服务站,慧泽小学智慧社区服务站,快递,2025-04-30 21:11:27,,1,,,6.00,,2.80,6-3.2,2,1917567435227848704,极兔快递,JT0016360249338,鞋子,浙江省,
慧泽小学智慧社区服务站_站点-慧泽小学智慧社区服务站,慧泽小学智慧社区服务站,慧泽小学智慧社区服务站,快递,2025-04-30 20:56:05,,1,,,6.00,,2.52,42% ,2,1917563591206952960,韵达快递,312730785319754,裤子,辽宁省,
慧泽小学智慧社区服务站_站点-慧泽小学智慧社区服务站,慧泽小学智慧社区服务站,慧泽小学智慧社区服务站,快递,2025-04-30 20:54:20,,1,,,6.00,,2.52,42% ,2,1917563150544986112,韵达快递,312730785101212,上衣,辽宁省,
慧泽小学智慧社区服务站_站点-慧泽小学智慧社区服务站,慧泽小学智慧社区服务站,慧泽小学智慧社区服务站,快递,2025-04-30 20:48:46,,1,,,6.00,,2.80,6-3.2,2,1917561743712509952,极兔快递,JT0016360771717,裤子,广东省,
慧泽小学智慧社区服务站_站点-慧泽小学智慧社区服务站,慧泽小学智慧社区服务站,慧泽小学智慧社区服务站,快递,2025-04-30 20:47:43,,2,,,8.00,,4.08,51% ,2,1917561464740962304,极兔快递,JT0016361944536,鞋子,浙江省,
慧泽小学智慧社区服务站_站点-慧泽小学智慧社区服务站,慧泽小学智慧社区服务站,慧泽小学智慧社区服务站,快递,2025-04-30 20:36:47,,1,,,6.00,,2.80,6-3.2,2,1917558312268521472,极兔快递,JT0016359567901,册子,河南省,
慧泽小学智慧社区服务站_站点-慧泽小学智慧社区服务站,慧泽小学智慧社区服务站,慧泽小学智慧社区服务站,快递,2025-04-30 20:29:13,,1,,,6.00,,2.80,6-3.2,2,1917556820971151360,极兔快递,JT0016360419527,夹板,广东省,
慧泽小学智慧社区服务站_站点-慧泽小学智慧社区服务站,慧泽小学智慧社区服务站,慧泽小学智慧社区服务站,快递,2025-04-30 20:28:18,,1,,,6.00,,2.80,6-3.2,2,1917556577164648448,极兔快递,JT0016347149517,服饰,广东省,
慧泽小学智慧社区服务站_站点-慧泽小学智慧社区服务站,慧泽小学智慧社区服务站,慧泽小学智慧社区服务站,快递,2025-04-30 20:17:19,,1,,,6.00,,2.80,6-3.2,2,1917553834786086912,极兔快递,JT0016361696137,自粘锁,浙江省,
慧泽小学智慧社区服务站_站点-慧泽小学智慧社区服务站,慧泽小学智慧社区服务站,慧泽小学智慧社区服务站,快递,2025-04-30 20:15:59,,1,,,6.00,,2.80,6-3.2,2,1917553446116712448,极兔快递,JT0016363617400,服饰,广东省,
慧泽小学智慧社区服务站_站点-慧泽小学智慧社区服务站,慧泽小学智慧社区服务站,慧泽小学智慧社区服务站,快递,2025-04-30 20:09:39,,1,,,6.00,,2.80,6-3.2,2,1917551882706673664,极兔快递,JT0016358720741,茶具,福建省,
慧泽小学智慧社区服务站_站点-慧泽小学智慧社区服务站,慧泽小学智慧社区服务站,慧泽小学智慧社区服务站,快递,2025-04-30 19:56:54,,1,,,6.00,,2.80,6-3.2,2,1917548665457401856,极兔快递,JT0016354217471,服饰白色,浙江省,
慧泽小学智慧社区服务站_站点-慧泽小学智慧社区服务站,慧泽小学智慧社区服务站,慧泽小学智慧社区服务站,快递,2025-04-30 19:28:36,,1,,,6.00,,2.80,6-3.2,2,1917541560650358784,极兔快递,JT0016362715317,服饰,河北省,
慧泽小学智慧社区服务站_站点-慧泽小学智慧社区服务站,慧泽小学智慧社区服务站,慧泽小学智慧社区服务站,快递,2025-04-30 19:12:27,,1,,,6.00,,2.80,6-3.2,2,1917537487989563392,极兔快递,JT0016359794327,白色裤子,广东省,
慧泽小学智慧社区服务站_站点-慧泽小学智慧社区服务站,慧泽小学智慧社区服务站,慧泽小学智慧社区服务站,快递,2025-04-30 18:39:51,,1,,,6.00,,2.80,6-3.2,2,1917529297721810944,极兔快递,JT0016360364301,上衣,广东省,
慧泽小学智慧社区服务站_站点-慧泽小学智慧社区服务站,慧泽小学智慧社区服务站,慧泽小学智慧社区服务站,快递,2025-04-30 18:37:07,,1,,,6.00,,2.80,6-3.2,2,1917528616810110976,极兔快递,JT0016359439018,服饰,广东省,
慧泽小学智慧社区服务站_站点-慧泽小学智慧社区服务站,慧泽小学智慧社区服务站,慧泽小学智慧社区服务站,快递,2025-04-30 18:35:57,,1,,,6.00,,2.80,6-3.2,2,1917528321644355584,极兔快递,JT0016359041361,裤子,广东省,
慧泽小学智慧社区服务站_站点-慧泽小学智慧社区服务站,慧泽小学智慧社区服务站,慧泽小学智慧社区服务站,快递,2025-04-30 18:34:10,,1,,,6.00,,2.80,6-3.2,2,1917527865341829120,极兔快递,JT0016358953549,服饰,广东省,
慧泽小学智慧社区服务站_站点-慧泽小学智慧社区服务站,慧泽小学智慧社区服务站,慧泽小学智慧社区服务站,快递,2025-04-30 18:32:43,,1,,,6.00,,2.80,6-3.2,2,1917527463116464128,极兔快递,JT0016361813718,服饰,广东省,
慧泽小学智慧社区服务站_站点-慧泽小学智慧社区服务站,慧泽小学智慧社区服务站,慧泽小学智慧社区服务站,快递,2025-04-30 18:31:45,,1,,,6.00,,2.80,6-3.2,2,1917527243896971264,极兔快递,JT0016360036798,服饰,广东省,
慧泽小学智慧社区服务站_站点-慧泽小学智慧社区服务站,慧泽小学智慧社区服务站,慧泽小学智慧社区服务站,快递,2025-04-30 18:15:16,,1,,,6.00,,2.80,6-3.2,2,1917523121286209536,极兔快递,JT0016357642320,鞋子,福建省,
慧泽小学智慧社区服务站_站点-慧泽小学智慧社区服务站,慧泽小学智慧社区服务站,慧泽小学智慧社区服务站,快递,2025-04-30 18:13:55,,1,,,6.00,,2.80,6-3.2,2,1917522778615767040,极兔快递,JT0016357263103,鞋子,福建省,
慧泽小学智慧社区服务站_站点-慧泽小学智慧社区服务站,慧泽小学智慧社区服务站,慧泽小学智慧社区服务站,快递,2025-04-30 18:06:52,,1,,,6.00,,2.80,6-3.2,2,1917520991355723776,极兔快递,JT0016361363091,服饰,江苏省,
慧泽小学智慧社区服务站_站点-慧泽小学智慧社区服务站,慧泽小学智慧社区服务站,慧泽小学智慧社区服务站,快递,2025-04-30 18:01:49,,1,,,6.00,,2.80,6-3.2,2,1917519726747901952,极兔快递,JT0016361160952,裤子,广东省,
慧泽小学智慧社区服务站_站点-慧泽小学智慧社区服务站,慧泽小学智慧社区服务站,慧泽小学智慧社区服务站,快递,2025-04-30 18:01:01,,1,,,6.00,,2.80,6-3.2,2,1917519533478567936,极兔快递,JT0016361654707,服饰,广东省,
慧泽小学智慧社区服务站_站点-慧泽小学智慧社区服务站,慧泽小学智慧社区服务站,慧泽小学智慧社区服务站,快递,2025-04-30 17:59:12,,1,,,6.00,,2.80,6-3.2,2,1917519075183747072,极兔快递,JT0016359957156,服饰,浙江省,
慧泽小学智慧社区服务站_站点-慧泽小学智慧社区服务站,慧泽小学智慧社区服务站,慧泽小学智慧社区服务站,快递,2025-04-30 17:58:05,,1,,,6.00,,2.80,6-3.2,2,1917518726611918848,极兔快递,JT0016361232095,耳针,广东省,
慧泽小学智慧社区服务站_站点-慧泽小学智慧社区服务站,慧泽小学智慧社区服务站,慧泽小学智慧社区服务站,快递,2025-04-30 17:56:23,,1,,,6.00,,2.80,6-3.2,2,1917518366623195136,极兔快递,JT0016357340642,护肤品,广东省,
慧泽小学智慧社区服务站_站点-慧泽小学智慧社区服务站,慧泽小学智慧社区服务站,慧泽小学智慧社区服务站,快递,2025-04-30 17:38:40,,2,,,8.00,,4.08,51% ,2,1917513909101453312,极兔快递,JT0016359971204,生活用品,陕西省,
慧泽小学智慧社区服务站_站点-慧泽小学智慧社区服务站,慧泽小学智慧社区服务站,慧泽小学智慧社区服务站,快递,2025-04-30 17:33:10,,1,,,6.00,,2.80,6-3.2,2,1917512524100329472,极兔快递,JT0016359271562,卡片,广东省,
慧泽小学智慧社区服务站_站点-慧泽小学智慧社区服务站,慧泽小学智慧社区服务站,慧泽小学智慧社区服务站,快递,2025-04-30 17:32:16,,1,,,7.00,,2.80,6-3.2,2,1917512298178338816,极兔快递,JT0016359164886,卡片,北京市,
慧泽小学智慧社区服务站_站点-慧泽小学智慧社区服务站,慧泽小学智慧社区服务站,慧泽小学智慧社区服务站,快递,2025-04-30 17:30:51,,1,,,6.00,,2.80,6-3.2,2,1917511933101924352,极兔快递,JT0016358496656,卡片,陕西省,
慧泽小学智慧社区服务站_站点-慧泽小学智慧社区服务站,慧泽小学智慧社区服务站,慧泽小学智慧社区服务站,快递,2025-04-30 17:30:07,,1,,,6.00,,2.80,6-3.2,2,1917511754143555584,极兔快递,JT0016360807874,卡片,湖北省,
慧泽小学智慧社区服务站_站点-慧泽小学智慧社区服务站,慧泽小学智慧社区服务站,慧泽小学智慧社区服务站,快递,2025-04-30 17:28:51,,1,,,6.00,,2.80,6-3.2,2,1917511415851966464,极兔快递,JT0016360415521,卡片,广东省,
慧泽小学智慧社区服务站_站点-慧泽小学智慧社区服务站,慧泽小学智慧社区服务站,慧泽小学智慧社区服务站,快递,2025-04-30 17:09:15,,1,,,6.00,,2.80,6-3.2,2,1917506501323055104,极兔快递,JT0016356345536,服饰,河北省,
慧泽小学智慧社区服务站_站点-慧泽小学智慧社区服务站,慧泽小学智慧社区服务站,慧泽小学智慧社区服务站,快递,2025-04-30 16:48:02,,1,,,6.00,,2.80,6-3.2,2,1917501165904125952,极兔快递,JT0016356842939,鞋子,福建省,
慧泽小学智慧社区服务站_站点-慧泽小学智慧社区服务站,慧泽小学智慧社区服务站,慧泽小学智慧社区服务站,快递,2025-04-30 16:43:01,,1,,,6.00,,2.80,6-3.2,2,1917499902961442816,极兔快递,JT0016359376755,鞋子,福建省,
慧泽小学智慧社区服务站_站点-慧泽小学智慧社区服务站,慧泽小学智慧社区服务站,慧泽小学智慧社区服务站,快递,2025-04-30 16:39:55,,1,,,6.00,,2.80,6-3.2,2,1917499125165514752,极兔快递,JT0016357252619,服饰,广东省,
慧泽小学智慧社区服务站_站点-慧泽小学智慧社区服务站,慧泽小学智慧社区服务站,慧泽小学智慧社区服务站,快递,2025-04-30 16:36:33,,1,,,6.00,,2.80,6-3.2,2,1917498277337292800,极兔快递,JT0016356192720,服饰,广东省,
慧泽小学智慧社区服务站_站点-慧泽小学智慧社区服务站,慧泽小学智慧社区服务站,慧泽小学智慧社区服务站,快递,2025-04-30 16:34:48,,2,,,8.00,,4.08,51% ,2,1917497836943761408,极兔快递,JT0016358805732,鞋子,山东省,
慧泽小学智慧社区服务站_站点-慧泽小学智慧社区服务站,慧泽小学智慧社区服务站,慧泽小学智慧社区服务站,快递,2025-04-30 16:28:22,,1,,,6.00,,2.80,6-3.2,2,1917496219003576320,极兔快递,JT0016359870539,袜子,浙江省,
慧泽小学智慧社区服务站_站点-慧泽小学智慧社区服务站,慧泽小学智慧社区服务站,慧泽小学智慧社区服务站,快递,2025-04-30 16:27:04,,1,,,6.00,,2.80,6-3.2,2,1917495886667898880,极兔快递,JT0016357996801,袜子,吉林省,
慧泽小学智慧社区服务站_站点-慧泽小学智慧社区服务站,慧泽小学智慧社区服务站,慧泽小学智慧社区服务站,快递,2025-04-30 16:21:43,,1,,,6.00,,2.80,6-3.2,2,1917494541957259264,极兔快递,JT0016356675025,服饰,广东省,
慧泽小学智慧社区服务站_站点-慧泽小学智慧社区服务站,慧泽小学智慧社区服务站,慧泽小学智慧社区服务站,快递,2025-04-30 16:17:35,,1,,,6.00,,2.80,6-3.2,2,1917493466042785792,极兔快递,JT0016358117383,服饰,湖北省,
慧泽小学智慧社区服务站_站点-慧泽小学智慧社区服务站,慧泽小学智慧社区服务站,慧泽小学智慧社区服务站,快递,2025-04-30 15:51:39,,3,,,10.00,,5.50,55% ,2,1917486969028141056,极兔快递,JT0016358707686,服饰,陕西省,
慧泽小学智慧社区服务站_站点-慧泽小学智慧社区服务站,慧泽小学智慧社区服务站,慧泽小学智慧社区服务站,快递,2025-04-30 15:49:37,,3,,,10.00,,5.50,55% ,2,1917486464008773632,极兔快递,JT0016359094807,生活用品,陕西省,
慧泽小学智慧社区服务站_站点-慧泽小学智慧社区服务站,慧泽小学智慧社区服务站,慧泽小学智慧社区服务站,快递,2025-04-30 15:29:58,,1,,,6.00,,2.80,6-3.2,2,1917481488066863104,极兔快递,JT0016357743339,服饰,江苏省,
慧泽小学智慧社区服务站_站点-慧泽小学智慧社区服务站,慧泽小学智慧社区服务站,慧泽小学智慧社区服务站,快递,2025-04-30 14:50:36,,1,,,6.00,,2.80,6-3.2,2,1917471611571462144,极兔快递,JT0016354641910,服饰,广东省,
慧泽小学智慧社区服务站_站点-慧泽小学智慧社区服务站,慧泽小学智慧社区服务站,慧泽小学智慧社区服务站,快递,2025-04-30 14:48:17,,1,,,6.00,,2.80,6-3.2,2,1917471009835638784,极兔快递,JT0016352251465,服饰,河北省,
慧泽小学智慧社区服务站_站点-慧泽小学智慧社区服务站,慧泽小学智慧社区服务站,慧泽小学智慧社区服务站,快递,2025-04-30 14:18:13,,3,,,10.00,,5.50,55% ,2,1917463460688224256,极兔快递,JT0016354491339,泡泡粉,河北省,
慧泽小学智慧社区服务站_站点-慧泽小学智慧社区服务站,慧泽小学智慧社区服务站,慧泽小学智慧社区服务站,快递,2025-04-30 14:16:47,,1,,,6.00,,2.80,6-3.2,2,1917463097406971904,极兔快递,JT0016337118965,气垫霜,浙江省,
慧泽小学智慧社区服务站_站点-慧泽小学智慧社区服务站,慧泽小学智慧社区服务站,慧泽小学智慧社区服务站,快递,2025-04-30 14:15:46,,1,,,6.00,,2.80,6-3.2,2,1917462840866562048,极兔快递,JT0016348815899,服饰,浙江省,
慧泽小学智慧社区服务站_站点-慧泽小学智慧社区服务站,慧泽小学智慧社区服务站,慧泽小学智慧社区服务站,快递,2025-04-30 14:14:46,,1,,,6.00,,2.80,6-3.2,2,1917462592035282944,极兔快递,JT0016352270668,服饰,浙江省,
慧泽小学智慧社区服务站_站点-慧泽小学智慧社区服务站,慧泽小学智慧社区服务站,慧泽小学智慧社区服务站,快递,2025-04-30 14:12:34,,1,,,6.00,,2.80,6-3.2,2,1917462041696460800,极兔快递,JT0016352661012,生活用品,河北省,
慧泽小学智慧社区服务站_站点-慧泽小学智慧社区服务站,慧泽小学智慧社区服务站,慧泽小学智慧社区服务站,快递,2025-04-30 14:10:26,,1,,,6.00,,2.80,6-3.2,2,1917461508415873024,极兔快递,JT0016345984752,生活用品,广东省,
慧泽小学智慧社区服务站_站点-慧泽小学智慧社区服务站,慧泽小学智慧社区服务站,慧泽小学智慧社区服务站,快递,2025-04-30 14:09:16,,1,,,6.00,,2.80,6-3.2,2,1917461211136188416,极兔快递,JT0016348677773,内衣,安徽省,
慧泽小学智慧社区服务站_站点-慧泽小学智慧社区服务站,慧泽小学智慧社区服务站,慧泽小学智慧社区服务站,快递,2025-04-30 14:04:48,,1,,,6.00,,2.80,6-3.2,2,1917460086026723328,极兔快递,JT0016351709195,条纹上衣,浙江省,
慧泽小学智慧社区服务站_站点-慧泽小学智慧社区服务站,慧泽小学智慧社区服务站,慧泽小学智慧社区服务站,快递,2025-04-30 14:03:39,,1,,,6.00,,2.80,6-3.2,2,1917459789384572928,极兔快递,JT0016353353456,裤子,浙江省,
慧泽小学智慧社区服务站_站点-慧泽小学智慧社区服务站,慧泽小学智慧社区服务站,慧泽小学智慧社区服务站,快递,2025-04-30 14:02:41,,1,,,6.00,,2.80,6-3.2,2,1917459529643909120,极兔快递,JT0016354387600,发卡,浙江省,
慧泽小学智慧社区服务站_站点-慧泽小学智慧社区服务站,慧泽小学智慧社区服务站,慧泽小学智慧社区服务站,快递,2025-04-30 13:33:02,,1,,,6.00,,2.80,6-3.2,2,1917452095391064064,极兔快递,JT0016340849082,裤子,广东省,
慧泽小学智慧社区服务站_站点-慧泽小学智慧社区服务站,慧泽小学智慧社区服务站,慧泽小学智慧社区服务站,快递,2025-04-30 13:31:25,,1,,,6.00,,2.80,6-3.2,2,1917451682101125120,极兔快递,JT0016349406346,服饰,广东省,
慧泽小学智慧社区服务站_站点-慧泽小学智慧社区服务站,慧泽小学智慧社区服务站,慧泽小学智慧社区服务站,快递,2025-04-30 13:29:41,,1,,,6.00,,2.80,6-3.2,2,1917451249794211840,极兔快递,JT0016355046400,服饰,广东省,
慧泽小学智慧社区服务站_站点-慧泽小学智慧社区服务站,慧泽小学智慧社区服务站,慧泽小学智慧社区服务站,快递,2025-04-30 13:23:31,,1,,,6.00,,2.80,6-3.2,2,1917449677639049216,极兔快递,JT0016354313679,生活用品,陕西省,
慧泽小学智慧社区服务站_站点-慧泽小学智慧社区服务站,慧泽小学智慧社区服务站,慧泽小学智慧社区服务站,快递,2025-04-30 13:08:22,,1,,,7.00,,2.80,6-3.2,2,1917445885149372416,极兔快递,JT0016353772883,生活用品,上海市,
慧泽小学智慧社区服务站_站点-慧泽小学智慧社区服务站,慧泽小学智慧社区服务站,慧泽小学智慧社区服务站,快递,2025-04-30 13:06:42,,1,,,6.00,,2.80,6-3.2,2,1917445470055882752,极兔快递,JT0016352345670,服饰,广东省,
慧泽小学智慧社区服务站_站点-慧泽小学智慧社区服务站,慧泽小学智慧社区服务站,慧泽小学智慧社区服务站,快递,2025-04-30 13:05:18,,1,,,6.00,,2.80,6-3.2,2,1917445096066572288,极兔快递,JT0016346149606,服饰,广东省,
慧泽小学智慧社区服务站_站点-慧泽小学智慧社区服务站,慧泽小学智慧社区服务站,慧泽小学智慧社区服务站,快递,2025-04-30 13:03:56,,1,,,6.00,,2.80,6-3.2,2,1917444745338871808,极兔快递,JT0016353438653,服饰,广东省,
慧泽小学智慧社区服务站_站点-慧泽小学智慧社区服务站,慧泽小学智慧社区服务站,慧泽小学智慧社区服务站,快递,2025-04-30 12:27:35,,1,,,6.00,,2.80,6-3.2,2,1917435613651197952,极兔快递,JT0016350026253,服饰,辽宁省,
慧泽小学智慧社区服务站_站点-慧泽小学智慧社区服务站,慧泽小学智慧社区服务站,慧泽小学智慧社区服务站,快递,2025-04-30 12:26:39,,1,,,6.00,,2.80,6-3.2,2,1917435385065824256,极兔快递,JT0016351301669,服饰,辽宁省,
慧泽小学智慧社区服务站_站点-慧泽小学智慧社区服务站,慧泽小学智慧社区服务站,慧泽小学智慧社区服务站,快递,2025-04-30 12:18:17,,1,,,6.00,,2.80,6-3.2,2,1917433244674744320,极兔快递,JT0016352330696,服饰,广东省,
慧泽小学智慧社区服务站_站点-慧泽小学智慧社区服务站,慧泽小学智慧社区服务站,慧泽小学智慧社区服务站,快递,2025-04-30 10:54:17,,8.8,,,27.00,,13.50,50% ,2,1917412139285143552,极兔快递,JT0016348189594,生活用品,陕西省,
慧泽小学智慧社区服务站_站点-慧泽小学智慧社区服务站,慧泽小学智慧社区服务站,慧泽小学智慧社区服务站,快递,2025-04-30 10:19:31,,1,,,6.00,,2.80,6-3.2,2,1917403360355213312,极兔快递,JT0016349221839,帽子,浙江省,
慧泽小学智慧社区服务站_站点-慧泽小学智慧社区服务站,慧泽小学智慧社区服务站,慧泽小学智慧社区服务站,快递,2025-04-30 08:46:11,,1,,,6.00,,2.80,6-3.2,2,1917379885078994944,极兔快递,JT0016347999208,糖蒜,湖北省,
慧泽小学智慧社区服务站_站点-慧泽小学智慧社区服务站,慧泽小学智慧社区服务站,慧泽小学智慧社区服务站,快递,2025-04-30 08:35:57,,1,,,6.00,,2.80,6-3.2,2,1917377328864616448,极兔快递,JT0016344787340,裤子,广东省,
慧泽小学智慧社区服务站_站点-慧泽小学智慧社区服务站,慧泽小学智慧社区服务站,慧泽小学智慧社区服务站,快递,2025-04-30 08:34:10,,1,0.25,0,6.00,0.00,2.80,6-3.2,2,1917376852177772544,极兔快递,JT0016347228732,上衣,江苏省,
慧泽小学智慧社区服务站_站点-慧泽小学智慧社区服务站,慧泽小学智慧社区服务站,慧泽小学智慧社区服务站,快递,2025-04-30 08:33:28,,1,0.56,0,6.00,0.00,2.80,6-3.2,2,1917376707407175680,极兔快递,JT0016348060419,短裤,广东省,
慧泽小学智慧社区服务站_站点-慧泽小学智慧社区服务站,慧泽小学智慧社区服务站,慧泽小学智慧社区服务站,快递,2025-04-30 08:32:04,,1,,,6.00,,2.80,6-3.2,2,1917376351457566720,极兔快递,JT0016345126796,服饰,广东省,
慧泽小学智慧社区服务站_站点-慧泽小学智慧社区服务站,慧泽小学智慧社区服务站,慧泽小学智慧社区服务站,快递,2025-04-30 08:27:58,,1,0.51,0,6.00,0.00,2.80,6-3.2,2,1917375299874250752,极兔快递,JT0016342478824,鼻炎膏1组,广东省,
慧泽小学智慧社区服务站_站点-慧泽小学智慧社区服务站,慧泽小学智慧社区服务站,慧泽小学智慧社区服务站,快递,2025-04-30 08:04:59,,1,0.29,0,6.00,0.00,2.80,6-3.2,2,1917369455392645120,极兔快递,JT0016346463562,服饰,浙江省,
慧泽小学智慧社区服务站_站点-慧泽小学智慧社区服务站,慧泽小学智慧社区服务站,慧泽小学智慧社区服务站,快递,2025-04-30 07:55:40,,1,0.52,0,6.00,0.00,2.80,6-3.2,2,1917366470776250368,极兔快递,JT0016345562228,服饰,山东省,
慧泽小学智慧社区服务站_站点-慧泽小学智慧社区服务站,慧泽小学智慧社区服务站,慧泽小学智慧社区服务站,快递,2025-04-30 07:50:08,,2,1.2,0,8.00,0.00,4.08,51% ,2,1917365780456726528,极兔快递,JT0016345521997,服饰,河南省,
慧泽小学智慧社区服务站_站点-慧泽小学智慧社区服务站,慧泽小学智慧社区服务站,慧泽小学智慧社区服务站,快递,2025-04-29 20:37:10,,1,0.49,0,6.00,0.00,2.80,6-3.2,2,1917196438750420992,极兔快递,JT0016343569665,手机壳,广东省,
慧泽小学智慧社区服务站_站点-慧泽小学智慧社区服务站,慧泽小学智慧社区服务站,慧泽小学智慧社区服务站,快递,2025-04-29 20:31:53,,1,0.55,0,6.00,0.00,2.80,6-3.2,2,1917195114105331712,极兔快递,JT0016345973346,手串,浙江省,
慧泽小学智慧社区服务站_站点-慧泽小学智慧社区服务站,慧泽小学智慧社区服务站,慧泽小学智慧社区服务站,快递,2025-04-29 20:30:17,,1,0.44,0,6.00,0.00,2.80,6-3.2,2,1917194709044617216,极兔快递,JT0016345903727,裤子,湖南省,
慧泽小学智慧社区服务站_站点-慧泽小学智慧社区服务站,慧泽小学智慧社区服务站,慧泽小学智慧社区服务站,快递,2025-04-29 20:28:35,,1,0.2,0,6.00,0.00,2.80,6-3.2,2,1917194280617435136,极兔快递,JT0016341870567,生活用品,广东省,
慧泽小学智慧社区服务站_站点-慧泽小学智慧社区服务站,慧泽小学智慧社区服务站,慧泽小学智慧社区服务站,快递,2025-04-29 20:26:14,,1,0.61,0,6.00,0.00,2.80,6-3.2,2,1917193681146535936,极兔快递,JT0016344128961,服饰,天津市,
慧泽小学智慧社区服务站_站点-慧泽小学智慧社区服务站,慧泽小学智慧社区服务站,慧泽小学智慧社区服务站,快递,2025-04-29 20:25:15,,1,0.21,0,6.00,0.00,2.80,6-3.2,2,1917193436794773504,极兔快递,JT0016344829018,服饰,安徽省,
慧泽小学智慧社区服务站_站点-慧泽小学智慧社区服务站,慧泽小学智慧社区服务站,慧泽小学智慧社区服务站,快递,2025-04-29 20:24:08,,1,0.23,0,6.00,0.00,2.80,6-3.2,2,1917193153763139584,极兔快递,JT0016343522818,服饰,河南省,
慧泽小学智慧社区服务站_站点-慧泽小学智慧社区服务站,慧泽小学智慧社区服务站,慧泽小学智慧社区服务站,快递,2025-04-29 20:22:46,,4,3.97,0,12.00,1.50,6.00,50% ,2,1917192820651515904,极兔快递,JT0016331807291,小瓜,河南省,
慧泽小学智慧社区服务站_站点-慧泽小学智慧社区服务站,慧泽小学智慧社区服务站,慧泽小学智慧社区服务站,快递,2025-04-29 20:11:41,,1,0.63,0,6.00,0.00,2.80,6-3.2,2,1917190009171795968,极兔快递,JT0016344485762,服饰,广东省,
慧泽小学智慧社区服务站_站点-慧泽小学智慧社区服务站,慧泽小学智慧社区服务站,慧泽小学智慧社区服务站,快递,2025-04-29 20:06:26,,1,0.55,0,6.00,0.00,2.80,6-3.2,2,1917188698388881408,极兔快递,JT0016343177934,服饰,广东省,
慧泽小学智慧社区服务站_站点-慧泽小学智慧社区服务站,慧泽小学智慧社区服务站,慧泽小学智慧社区服务站,快递,2025-04-29 20:05:22,,1,0.49,0,6.00,0.00,2.80,6-3.2,2,1917188443060625408,极兔快递,JT0016343195650,服饰,广东省,
慧泽小学智慧社区服务站_站点-慧泽小学智慧社区服务站,慧泽小学智慧社区服务站,慧泽小学智慧社区服务站,快递,2025-04-29 20:04:15,,1,0.21,0,6.00,0.00,2.80,6-3.2,2,1917188156367364096,极兔快递,JT0016344782523,假睫毛,山东省,
慧泽小学智慧社区服务站_站点-慧泽小学智慧社区服务站,慧泽小学智慧社区服务站,慧泽小学智慧社区服务站,快递,2025-04-29 20:03:10,,1,0.68,0,6.00,0.00,2.80,6-3.2,2,1917187886400987136,极兔快递,JT0016342867642,服饰,浙江省,
慧泽小学智慧社区服务站_站点-慧泽小学智慧社区服务站,慧泽小学智慧社区服务站,慧泽小学智慧社区服务站,快递,2025-04-29 19:46:02,,1.1,1.15,0,8.00,0.00,4.08,51% ,2,1917183571326197760,极兔快递,JT0016343392667,服饰,山东省,
慧泽小学智慧社区服务站_站点-慧泽小学智慧社区服务站,慧泽小学智慧社区服务站,慧泽小学智慧社区服务站,快递,2025-04-29 19:43:04,,1.2,1.37,0,8.00,0.00,4.08,51% ,2,1917182830524030976,极兔快递,JT0016340971887,精华液套盒,江苏省,
慧泽小学智慧社区服务站_站点-慧泽小学智慧社区服务站,慧泽小学智慧社区服务站,慧泽小学智慧社区服务站,快递,2025-04-29 19:40:17,,1,0.2,0,6.00,0.00,2.80,6-3.2,2,1917182116003373056,极兔快递,JT0016338745060,服饰,广东省,
慧泽小学智慧社区服务站_站点-慧泽小学智慧社区服务站,慧泽小学智慧社区服务站,慧泽小学智慧社区服务站,快递,2025-04-29 19:39:02,,1,0.3,0,6.00,0.00,2.80,6-3.2,2,1917181795885703168,极兔快递,JT0016344091049,服饰,广东省,
慧泽小学智慧社区服务站_站点-慧泽小学智慧社区服务站,慧泽小学智慧社区服务站,慧泽小学智慧社区服务站,快递,2025-04-29 19:37:58,,1,0.29,0,6.00,0.00,2.80,6-3.2,2,1917181542302277632,极兔快递,JT0016344601016,服饰,广东省,
慧泽小学智慧社区服务站_站点-慧泽小学智慧社区服务站,慧泽小学智慧社区服务站,慧泽小学智慧社区服务站,快递,2025-04-29 19:36:51,,1,0.28,0,6.00,0.00,2.80,6-3.2,2,1917181263586582528,极兔快递,JT0016340619669,服饰,广东省,
慧泽小学智慧社区服务站_站点-慧泽小学智慧社区服务站,慧泽小学智慧社区服务站,慧泽小学智慧社区服务站,快递,2025-04-29 19:35:18,,1,0.25,0,6.00,0.00,2.80,6-3.2,2,1917180866696372224,极兔快递,JT0016341476515,服饰,广东省,
慧泽小学智慧社区服务站_站点-慧泽小学智慧社区服务站,慧泽小学智慧社区服务站,慧泽小学智慧社区服务站,快递,2025-04-29 19:34:11,,1,0.27,0,6.00,0.00,2.80,6-3.2,2,1917180589482237952,极兔快递,JT0016342324979,桃树枝,宁夏回族自治区,
慧泽小学智慧社区服务站_站点-慧泽小学智慧社区服务站,慧泽小学智慧社区服务站,慧泽小学智慧社区服务站,快递,2025-04-29 19:20:45,,1,0.59,0,6.00,0.00,2.80,6-3.2,2,1917177212308348928,极兔快递,JT0016337042532,鞋子,广东省,
慧泽小学智慧社区服务站_站点-慧泽小学智慧社区服务站,慧泽小学智慧社区服务站,慧泽小学智慧社区服务站,快递,2025-04-29 19:18:53,,1,0.6,0,6.00,0.00,2.80,6-3.2,2,1917176742995091456,极兔快递,JT0016344836562,鞋子,广东省,
慧泽小学智慧社区服务站_站点-慧泽小学智慧社区服务站,慧泽小学智慧社区服务站,慧泽小学智慧社区服务站,快递,2025-04-29 19:17:29,,1,0.67,0,6.00,0.00,2.80,6-3.2,2,1917176385216765952,极兔快递,JT0016344428613,鞋子,广东省,
慧泽小学智慧社区服务站_站点-慧泽小学智慧社区服务站,慧泽小学智慧社区服务站,慧泽小学智慧社区服务站,快递,2025-04-29 19:15:03,,1,0.93,0,6.00,0.00,2.80,6-3.2,2,1917175764812095488,极兔快递,JT0016342527280,鞋子,广东省,
慧泽小学智慧社区服务站_站点-慧泽小学智慧社区服务站,慧泽小学智慧社区服务站,慧泽小学智慧社区服务站,快递,2025-04-29 19:12:03,,1,0.2,0,6.00,0.00,2.80,6-3.2,2,1917175022407704576,极兔快递,JT0016341390803,塑身裤,浙江省,
慧泽小学智慧社区服务站_站点-慧泽小学智慧社区服务站,慧泽小学智慧社区服务站,慧泽小学智慧社区服务站,快递,2025-04-29 19:10:19,,1,0.85,0,6.00,0.00,2.52,42% ,2,1917174586275586048,韵达快递,312729454399929,门帘,河北省,
慧泽小学智慧社区服务站_站点-慧泽小学智慧社区服务站,慧泽小学智慧社区服务站,慧泽小学智慧社区服务站,快递,2025-04-29 19:09:07,,1,0.71,0,6.00,0.00,2.80,6-3.2,2,1917174260508188672,极兔快递,JT0016344243534,服饰,浙江省,
慧泽小学智慧社区服务站_站点-慧泽小学智慧社区服务站,慧泽小学智慧社区服务站,慧泽小学智慧社区服务站,快递,2025-04-29 18:53:36,,1,0.47,0,6.00,0.00,2.80,6-3.2,2,1917170379363508224,极兔快递,JT0016341693546,服饰,河南省,
慧泽小学智慧社区服务站_站点-慧泽小学智慧社区服务站,慧泽小学智慧社区服务站,慧泽小学智慧社区服务站,快递,2025-04-29 18:43:10,,1,0.47,0,6.00,0.00,2.80,6-3.2,2,1917167755062992896,极兔快递,JT0016342688623,服饰,浙江省,
慧泽小学智慧社区服务站_站点-慧泽小学智慧社区服务站,慧泽小学智慧社区服务站,慧泽小学智慧社区服务站,快递,2025-04-29 18:36:27,,1,0.66,0,6.00,0.00,2.80,6-3.2,2,1917166060060860416,极兔快递,JT0016340909582,服饰,浙江省,
慧泽小学智慧社区服务站_站点-慧泽小学智慧社区服务站,慧泽小学智慧社区服务站,慧泽小学智慧社区服务站,快递,2025-04-29 18:34:43,,1,0.48,0,6.00,0.00,2.80,6-3.2,2,1917165621986779136,极兔快递,JT0016340652226,服饰,广东省,
慧泽小学智慧社区服务站_站点-慧泽小学智慧社区服务站,慧泽小学智慧社区服务站,慧泽小学智慧社区服务站,快递,2025-04-29 18:32:36,,1,0.6,0,6.00,0.00,2.80,6-3.2,2,1917165093634498560,极兔快递,JT0016343444420,白色裤子,广东省,
慧泽小学智慧社区服务站_站点-慧泽小学智慧社区服务站,慧泽小学智慧社区服务站,慧泽小学智慧社区服务站,快递,2025-04-29 18:28:20,,1,0.51,0,6.00,0.00,2.52,42% ,2,1917164012854632448,韵达快递,312729433195542,服饰,广东省,
慧泽小学智慧社区服务站_站点-慧泽小学智慧社区服务站,慧泽小学智慧社区服务站,慧泽小学智慧社区服务站,快递,2025-04-29 18:27:23,2025-04-29 10:27:58,1,,,6.00,,0.00,,2,1917163708130058240,极兔快递,JT0016339766688,服饰,广东省,已全额退款
慧泽小学智慧社区服务站_站点-慧泽小学智慧社区服务站,慧泽小学智慧社区服务站,慧泽小学智慧社区服务站,快递,2025-04-29 17:50:00,,1,0.2,0,6.00,0.00,2.80,6-3.2,2,1917154367964504064,极兔快递,JT0016342338376,手机壳,广东省,
慧泽小学智慧社区服务站_站点-慧泽小学智慧社区服务站,慧泽小学智慧社区服务站,慧泽小学智慧社区服务站,快递,2025-04-29 17:44:06,,1,0.27,0,6.00,0.00,2.80,6-3.2,2,1917152886028820480,极兔快递,JT0016342536232,服饰,广东省,
慧泽小学智慧社区服务站_站点-慧泽小学智慧社区服务站,慧泽小学智慧社区服务站,慧泽小学智慧社区服务站,快递,2025-04-29 17:42:17,,1,0.72,0,6.00,0.00,2.80,6-3.2,2,1917152403478339584,极兔快递,JT0016341058259,鞋子,浙江省,
慧泽小学智慧社区服务站_站点-慧泽小学智慧社区服务站,慧泽小学智慧社区服务站,慧泽小学智慧社区服务站,快递,2025-04-29 17:13:07,,1,0.47,0,6.00,0.00,2.80,6-3.2,2,1917145092634501120,极兔快递,JT0016341345581,服饰,四川省,
慧泽小学智慧社区服务站_站点-慧泽小学智慧社区服务站,慧泽小学智慧社区服务站,慧泽小学智慧社区服务站,快递,2025-04-29 17:07:00,,1,0.35,0,6.00,0.00,2.80,6-3.2,2,1917143555023626240,极兔快递,JT0016341617450,服饰,浙江省,
慧泽小学智慧社区服务站_站点-慧泽小学智慧社区服务站,慧泽小学智慧社区服务站,慧泽小学智慧社区服务站,快递,2025-04-29 17:04:16,,1,0.2,0,6.00,0.00,2.80,6-3.2,2,1917142844571443200,极兔快递,JT0016335627917,内衣,浙江省,
慧泽小学智慧社区服务站_站点-慧泽小学智慧社区服务站,慧泽小学智慧社区服务站,慧泽小学智慧社区服务站,快递,2025-04-29 16:41:20,,1,0.23,0,6.00,0.00,2.80,6-3.2,2,1917135595379679232,极兔快递,JT0016342043170,服饰,河南省,
慧泽小学智慧社区服务站_站点-慧泽小学智慧社区服务站,慧泽小学智慧社区服务站,慧泽小学智慧社区服务站,快递,2025-04-29 16:26:44,,1,0.32,0,6.00,0.00,2.80,6-3.2,2,1917133418653343744,极兔快递,JT0016334301820,内衣,广东省,
慧泽小学智慧社区服务站_站点-慧泽小学智慧社区服务站,慧泽小学智慧社区服务站,慧泽小学智慧社区服务站,快递,2025-04-29 16:24:29,,1,0.55,0,6.00,0.00,2.80,6-3.2,2,1917132768804659200,极兔快递,JT0016338736818,服饰,广东省,
慧泽小学智慧社区服务站_站点-慧泽小学智慧社区服务站,慧泽小学智慧社区服务站,慧泽小学智慧社区服务站,快递,2025-04-29 15:55:10,,1,0.25,0,6.00,0.00,2.80,6-3.2,2,1917125447051436032,极兔快递,JT0016332791469,服饰,福建省,
慧泽小学智慧社区服务站_站点-慧泽小学智慧社区服务站,慧泽小学智慧社区服务站,慧泽小学智慧社区服务站,快递,2025-04-29 15:52:46,,1,0.34,0,6.00,0.00,2.52,42% ,2,1917124766739521536,韵达快递,312729272721560,服饰,内蒙古自治区,
慧泽小学智慧社区服务站_站点-慧泽小学智慧社区服务站,慧泽小学智慧社区服务站,慧泽小学智慧社区服务站,快递,2025-04-29 14:54:47,,1,0.5,0,6.00,0.00,2.80,6-3.2,2,1917110253562683392,极兔快递,JT0016338525482,服饰,广东省,
慧泽小学智慧社区服务站_站点-慧泽小学智慧社区服务站,慧泽小学智慧社区服务站,慧泽小学智慧社区服务站,快递,2025-04-29 14:53:38,,1,0.53,0,6.00,0.00,2.80,6-3.2,2,1917109935521193984,极兔快递,JT0016334627984,服饰,广东省,
慧泽小学智慧社区服务站_站点-慧泽小学智慧社区服务站,慧泽小学智慧社区服务站,慧泽小学智慧社区服务站,快递,2025-04-29 14:42:27,,1,0.2,0,7.00,0.00,2.80,6-3.2,2,1917107175308451840,极兔快递,JT0016338360305,服饰,上海市,
慧泽小学智慧社区服务站_站点-慧泽小学智慧社区服务站,慧泽小学智慧社区服务站,慧泽小学智慧社区服务站,快递,2025-04-29 14:40:45,,1,0.32,0,7.00,0.00,2.80,6-3.2,2,1917106747187453952,极兔快递,JT0016335246908,针织短袖,上海市,
慧泽小学智慧社区服务站_站点-慧泽小学智慧社区服务站,慧泽小学智慧社区服务站,慧泽小学智慧社区服务站,快递,2025-04-29 14:39:17,,1,0.35,0,6.00,0.00,2.80,6-3.2,2,1917106356110548992,极兔快递,JT0016339043347,九分裤,河南省,
慧泽小学智慧社区服务站_站点-慧泽小学智慧社区服务站,慧泽小学智慧社区服务站,慧泽小学智慧社区服务站,快递,2025-04-29 14:37:32,,1,0.4,0,6.00,0.00,2.80,6-3.2,2,1917105913821192192,极兔快递,JT0016335663559,直筒裤,广东省,
慧泽小学智慧社区服务站_站点-慧泽小学智慧社区服务站,慧泽小学智慧社区服务站,慧泽小学智慧社区服务站,快递,2025-04-29 14:35:50,,1,0.79,0,6.00,0.00,2.80,6-3.2,2,1917105488879476736,极兔快递,JT0016337617622,鞋子,广东省,
慧泽小学智慧社区服务站_站点-慧泽小学智慧社区服务站,慧泽小学智慧社区服务站,慧泽小学智慧社区服务站,快递,2025-04-29 13:34:46,,1,0.48,0,6.00,0.00,2.80,6-3.2,2,1917090132265852928,极兔快递,JT0016335459026,假发,河南省,
慧泽小学智慧社区服务站_站点-慧泽小学智慧社区服务站,慧泽小学智慧社区服务站,慧泽小学智慧社区服务站,快递,2025-04-29 13:32:30,,1,0.28,0,6.00,0.00,2.80,6-3.2,2,1917089540793491456,极兔快递,JT0016314390514,服饰,广东省,
慧泽小学智慧社区服务站_站点-慧泽小学智慧社区服务站,慧泽小学智慧社区服务站,慧泽小学智慧社区服务站,快递,2025-04-29 13:30:30,,1,0.25,0,6.00,0.00,2.80,6-3.2,2,1917089037711892480,极兔快递,JT0016326693535,服饰,江苏省,
慧泽小学智慧社区服务站_站点-慧泽小学智慧社区服务站,慧泽小学智慧社区服务站,慧泽小学智慧社区服务站,快递,2025-04-29 13:18:05,,5.6,4.24,1,18.00,3.00,9.00,50% ,2,1917085916914835456,极兔快递,JT0016319979662,护肤品,广东省,
慧泽小学智慧社区服务站_站点-慧泽小学智慧社区服务站,慧泽小学智慧社区服务站,慧泽小学智慧社区服务站,快递,2025-04-29 12:26:43,2025-04-29 05:16:55,4,,,12.00,,0.00,,2,1917072983619067904,极兔快递,JT0016332638178,护肤品,广东省,已全额退款
慧泽小学智慧社区服务站_站点-慧泽小学智慧社区服务站,慧泽小学智慧社区服务站,慧泽小学智慧社区服务站,快递,2025-04-29 13:05:05,,1,0.2,0,6.00,0.00,2.80,6-3.2,2,1917082644309139456,极兔快递,JT0016329599946,服饰,广东省,
慧泽小学智慧社区服务站_站点-慧泽小学智慧社区服务站,慧泽小学智慧社区服务站,慧泽小学智慧社区服务站,快递,2025-04-29 12:35:15,,2,1.2,0,8.00,0.00,4.08,51% ,2,1917075143446552576,极兔快递,JT0016327516385,服饰,广东省,
慧泽小学智慧社区服务站_站点-慧泽小学智慧社区服务站,慧泽小学智慧社区服务站,慧泽小学智慧社区服务站,快递,2025-04-29 12:11:15,,1,0.2,0,6.00,0.00,2.80,6-3.2,2,1917069102688296960,极兔快递,JT0016332574644,生活用品,浙江省,
慧泽小学智慧社区服务站_站点-慧泽小学智慧社区服务站,慧泽小学智慧社区服务站,慧泽小学智慧社区服务站,快递,2025-04-29 11:40:29,2025-04-29 03:47:27,1,,,6.00,,0.00,,2,1917061380257406976,韵达快递,312728785747116,服饰白色,湖北省,已全额退款
慧泽小学智慧社区服务站_站点-慧泽小学智慧社区服务站,慧泽小学智慧社区服务站,慧泽小学智慧社区服务站,快递,2025-04-29 11:46:43,,1,,,6.00,,2.52,42% ,2,1917062922683342848,申通快递,772040790171231,服饰白色,湖北省,
慧泽小学智慧社区服务站_站点-慧泽小学智慧社区服务站,慧泽小学智慧社区服务站,慧泽小学智慧社区服务站,快递,2025-04-29 11:39:17,,1,0.29,0,6.00,0.00,2.80,6-3.2,2,1917061053642760192,极兔快递,JT0016334052372,服饰紫色,河北省,
慧泽小学智慧社区服务站_站点-慧泽小学智慧社区服务站,慧泽小学智慧社区服务站,慧泽小学智慧社区服务站,快递,2025-04-29 11:21:58,,1,0.28,0,6.00,0.00,2.80,6-3.2,2,1917056716044558336,极兔快递,JT0016332734298,服饰,广东省,
慧泽小学智慧社区服务站_站点-慧泽小学智慧社区服务站,慧泽小学智慧社区服务站,慧泽小学智慧社区服务站,快递,2025-04-29 11:21:00,,1,0.48,0,6.00,0.00,2.80,6-3.2,2,1917056468521902080,极兔快递,JT0016333313946,生活用品,山东省,
慧泽小学智慧社区服务站_站点-慧泽小学智慧社区服务站,慧泽小学智慧社区服务站,慧泽小学智慧社区服务站,快递,2025-04-29 11:19:59,,1,0.2,0,6.00,0.00,2.80,6-3.2,2,1917056197746024448,极兔快递,JT0016332231335,生活用品,广东省,
慧泽小学智慧社区服务站_站点-慧泽小学智慧社区服务站,慧泽小学智慧社区服务站,慧泽小学智慧社区服务站,快递,2025-04-29 10:05:02,,1,0.4,0,6.00,0.00,2.80,6-3.2,2,1917037358807310336,极兔快递,JT0016329734993,服饰,浙江省,
慧泽小学智慧社区服务站_站点-慧泽小学智慧社区服务站,慧泽小学智慧社区服务站,慧泽小学智慧社区服务站,快递,2025-04-29 09:56:35,,3.6,3.48,0,12.00,1.50,6.00,50% ,2,1917035235013091328,极兔快递,JT0016325318491,生活用品,陕西省,
慧泽小学智慧社区服务站_站点-慧泽小学智慧社区服务站,慧泽小学智慧社区服务站,慧泽小学智慧社区服务站,快递,2025-04-29 09:04:01,,1,0.51,0,6.00,0.00,2.80,6-3.2,2,1917022004559273984,极兔快递,JT0016328308539,服饰,河南省,
慧泽小学智慧社区服务站_站点-慧泽小学智慧社区服务站,慧泽小学智慧社区服务站,慧泽小学智慧社区服务站,快递,2025-04-29 09:02:18,,1,0.44,0,6.00,0.00,2.80,6-3.2,2,1917021569521868800,极兔快递,JT0016330517145,服饰,广东省,
慧泽小学智慧社区服务站_站点-慧泽小学智慧社区服务站,慧泽小学智慧社区服务站,慧泽小学智慧社区服务站,快递,2025-04-29 09:01:08,,1,0.2,0,6.00,0.00,2.80,6-3.2,2,1917021256157028352,极兔快递,JT0016330634594,服饰,广东省,
慧泽小学智慧社区服务站_站点-慧泽小学智慧社区服务站,慧泽小学智慧社区服务站,慧泽小学智慧社区服务站,快递,2025-04-29 08:41:20,,1,0.2,0,6.00,0.00,2.80,6-3.2,2,1917016262917808128,极兔快递,JT0016327887755,书签,福建省,
慧泽小学智慧社区服务站_站点-慧泽小学智慧社区服务站,慧泽小学智慧社区服务站,慧泽小学智慧社区服务站,快递,2025-04-29 08:39:48,,1,0.2,0,6.00,0.00,2.80,6-3.2,2,1917015885535305728,极兔快递,JT0016328762787,米珠,辽宁省,
慧泽小学智慧社区服务站_站点-慧泽小学智慧社区服务站,慧泽小学智慧社区服务站,慧泽小学智慧社区服务站,快递,2025-04-29 08:25:40,,1,0.97,0,6.00,0.00,2.80,6-3.2,2,1917012332607496192,极兔快递,JT0016328374852,糖蒜,河北省,
慧泽小学智慧社区服务站_站点-慧泽小学智慧社区服务站,慧泽小学智慧社区服务站,慧泽小学智慧社区服务站,快递,2025-04-29 08:22:45,,1,0.27,0,6.00,0.00,2.80,6-3.2,2,1917011617998757888,极兔快递,JT0016326225546,服饰,浙江省,
慧泽小学智慧社区服务站_站点-慧泽小学智慧社区服务站,慧泽小学智慧社区服务站,慧泽小学智慧社区服务站,快递,2025-04-29 08:21:17,,1,0.2,0,6.00,0.00,2.80,6-3.2,2,1917011188413947904,极兔快递,JT0016330043086,服饰,广东省,
慧泽小学智慧社区服务站_站点-慧泽小学智慧社区服务站,慧泽小学智慧社区服务站,慧泽小学智慧社区服务站,快递,2025-04-29 08:20:01,,1,0.26,0,6.00,0.00,2.80,6-3.2,2,1917010925598859264,极兔快递,JT0016329230053,服饰,河北省,
慧泽小学智慧社区服务站_站点-慧泽小学智慧社区服务站,慧泽小学智慧社区服务站,慧泽小学智慧社区服务站,快递,2025-04-29 08:19:02,,1,0.34,0,6.00,0.00,2.80,6-3.2,2,1917010685810499584,极兔快递,JT0016327837672,服饰,广东省,
慧泽小学智慧社区服务站_站点-慧泽小学智慧社区服务站,慧泽小学智慧社区服务站,慧泽小学智慧社区服务站,快递,2025-04-29 08:17:51,,1,0.38,0,6.00,0.00,2.80,6-3.2,2,1917010367957753856,极兔快递,JT0016327000068,服饰,浙江省,
慧泽小学智慧社区服务站_站点-慧泽小学智慧社区服务站,慧泽小学智慧社区服务站,慧泽小学智慧社区服务站,快递,2025-04-29 08:08:01,,1,0.5,0,6.00,0.00,2.80,6-3.2,2,1917007886863360000,极兔快递,JT0016328656072,服饰,山东省,
慧泽小学智慧社区服务站_站点-慧泽小学智慧社区服务站,慧泽小学智慧社区服务站,慧泽小学智慧社区服务站,快递,2025-04-29 08:03:58,,1,0.26,0,6.00,0.00,2.80,6-3.2,2,1917006883594231808,极兔快递,JT0016316381178,修复膏2盒,四川省,
慧泽小学智慧社区服务站_站点-慧泽小学智慧社区服务站,慧泽小学智慧社区服务站,慧泽小学智慧社区服务站,快递,2025-04-29 08:03:19,,1,0.66,0,6.00,0.00,2.80,6-3.2,2,1917006713783640064,极兔快递,JT0016329683217,鼻炎膏1组,浙江省,
慧泽小学智慧社区服务站_站点-慧泽小学智慧社区服务站,慧泽小学智慧社区服务站,慧泽小学智慧社区服务站,快递,2025-04-29 08:01:41,,1,0.89,0,6.00,0.00,2.80,6-3.2,2,1917006308991361024,极兔快递,JT0016327757370,鞋子,广东省,
慧泽小学智慧社区服务站_站点-慧泽小学智慧社区服务站,慧泽小学智慧社区服务站,慧泽小学智慧社区服务站,快递,2025-04-29 08:00:33,,1,0.21,0,6.00,0.00,2.80,6-3.2,2,1917006018242207744,极兔快递,JT0016329265601,裤袜,浙江省,
慧泽小学智慧社区服务站_站点-慧泽小学智慧社区服务站,慧泽小学智慧社区服务站,慧泽小学智慧社区服务站,快递,2025-04-29 07:59:52,,1,0.2,0,6.00,0.00,2.80,6-3.2,2,1917005796069924864,极兔快递,JT0016329615224,凝胶一盒,江苏省,
慧泽小学智慧社区服务站_站点-慧泽小学智慧社区服务站,慧泽小学智慧社区服务站,慧泽小学智慧社区服务站,快递,2025-04-28 20:54:33,,1,0.36,0,6.00,0.00,2.80,6-3.2,2,1916838418203860992,极兔快递,JT0016321838359,服饰,浙江省,
慧泽小学智慧社区服务站_站点-慧泽小学智慧社区服务站,慧泽小学智慧社区服务站,慧泽小学智慧社区服务站,快递,2025-04-28 20:53:40,,1,0.76,0,6.00,0.00,2.80,6-3.2,2,1916835705650995200,极兔快递,JT0016325661389,生活用品,广东省,
慧泽小学智慧社区服务站_站点-慧泽小学智慧社区服务站,慧泽小学智慧社区服务站,慧泽小学智慧社区服务站,快递,2025-04-28 20:48:41,,1,0.25,0,6.00,0.00,2.80,6-3.2,2,1916836949970968576,极兔快递,JT0016327285875,服饰,广东省,
慧泽小学智慧社区服务站_站点-慧泽小学智慧社区服务站,慧泽小学智慧社区服务站,慧泽小学智慧社区服务站,快递,2025-04-28 20:36:45,,1,0.2,0,6.00,0.00,2.80,6-3.2,2,1916833927047995392,极兔快递,JT0016327765189,帽子,河南省,
慧泽小学智慧社区服务站_站点-慧泽小学智慧社区服务站,慧泽小学智慧社区服务站,慧泽小学智慧社区服务站,快递,2025-04-28 19:11:01,,1,0.38,0,6.00,0.00,2.80,6-3.2,2,1916812349329432576,极兔快递,JT0016323940296,服饰,浙江省,
慧泽小学智慧社区服务站_站点-慧泽小学智慧社区服务站,慧泽小学智慧社区服务站,慧泽小学智慧社区服务站,快递,2025-04-28 18:31:11,,1,0.68,0,6.00,0.00,2.80,6-3.2,2,1916802347474673664,极兔快递,JT0016281954664,服饰,广东省,
慧泽小学智慧社区服务站_站点-慧泽小学智慧社区服务站,慧泽小学智慧社区服务站,慧泽小学智慧社区服务站,快递,2025-04-28 18:29:38,,1,0.71,0,6.00,0.00,2.80,6-3.2,2,1916801930552467456,极兔快递,JT0016322052788,护腰,安徽省,
慧泽小学智慧社区服务站_站点-慧泽小学智慧社区服务站,慧泽小学智慧社区服务站,慧泽小学智慧社区服务站,快递,2025-04-28 17:53:29,,1,0.23,0,6.00,0.00,2.80,6-3.2,2,1916792839755063296,极兔快递,JT0016323550135,生活用品,广东省,
慧泽小学智慧社区服务站_站点-慧泽小学智慧社区服务站,慧泽小学智慧社区服务站,慧泽小学智慧社区服务站,快递,2025-04-28 17:50:03,,1,0.65,0,6.00,0.00,2.80,6-3.2,2,1916791973643870208,极兔快递,JT0016324794338,袜子,浙江省,
慧泽小学智慧社区服务站_站点-慧泽小学智慧社区服务站,慧泽小学智慧社区服务站,慧泽小学智慧社区服务站,快递,2025-04-28 17:47:56,,1,0.65,0,6.00,0.00,2.80,6-3.2,2,1916791443920052224,极兔快递,JT0016324664153,服饰,广东省,
慧泽小学智慧社区服务站_站点-慧泽小学智慧社区服务站,慧泽小学智慧社区服务站,慧泽小学智慧社区服务站,快递,2025-04-28 17:44:47,,1,0.65,0,6.00,0.00,2.80,6-3.2,2,1916644923757355008,极兔快递,JT0016323983175,服饰,江苏省,
慧泽小学智慧社区服务站_站点-慧泽小学智慧社区服务站,慧泽小学智慧社区服务站,慧泽小学智慧社区服务站,快递,2025-04-28 17:32:09,,1,0.42,0,6.00,0.00,2.80,6-3.2,2,1916787485948305408,极兔快递,JT0016323542498,服饰,河南省,
慧泽小学智慧社区服务站_站点-慧泽小学智慧社区服务站,慧泽小学智慧社区服务站,慧泽小学智慧社区服务站,快递,2025-04-28 17:23:30,,1,0.54,0,6.00,0.00,2.80,6-3.2,2,1916785310979383296,极兔快递,JT0016323639644,鞋子,河北省,
慧泽小学智慧社区服务站_站点-慧泽小学智慧社区服务站,慧泽小学智慧社区服务站,慧泽小学智慧社区服务站,快递,2025-04-28 17:21:46,,1,0.49,0,6.00,0.00,2.80,6-3.2,2,1916784856069365760,极兔快递,JT0016323891368,服饰,广东省,
慧泽小学智慧社区服务站_站点-慧泽小学智慧社区服务站,慧泽小学智慧社区服务站,慧泽小学智慧社区服务站,快递,2025-04-28 17:08:58,,1,0.54,0,6.00,0.00,2.80,6-3.2,2,1916781613226450944,极兔快递,JT0016323251198,套装,辽宁省,
慧泽小学智慧社区服务站_站点-慧泽小学智慧社区服务站,慧泽小学智慧社区服务站,慧泽小学智慧社区服务站,快递,2025-04-28 17:08:06,,1,0.24,0,6.00,0.00,2.80,6-3.2,2,1916781433357918208,极兔快递,JT0016316993909,速干裤,福建省,
慧泽小学智慧社区服务站_站点-慧泽小学智慧社区服务站,慧泽小学智慧社区服务站,慧泽小学智慧社区服务站,快递,2025-04-28 17:03:53,,1,0.35,0,6.00,0.00,2.80,6-3.2,2,1916780361172180992,极兔快递,JT0016323234371,服饰,广东省,
慧泽小学智慧社区服务站_站点-慧泽小学智慧社区服务站,慧泽小学智慧社区服务站,慧泽小学智慧社区服务站,快递,2025-04-28 17:02:43,,1,1.33,-1,6.00,0.00,2.52,42% ,2,1916780062458044416,韵达快递,312728016177003,面膜,湖南省,
慧泽小学智慧社区服务站_站点-慧泽小学智慧社区服务站,慧泽小学智慧社区服务站,慧泽小学智慧社区服务站,快递,2025-04-28 17:00:30,,2,1.58,0,8.00,0.00,4.08,51% ,2,1916779505362198528,极兔快递,JT0016318284743,咖啡,广东省,
慧泽小学智慧社区服务站_站点-慧泽小学智慧社区服务站,慧泽小学智慧社区服务站,慧泽小学智慧社区服务站,快递,2025-04-28 16:29:37,,1,0.27,0,6.00,0.00,2.80,6-3.2,2,1916771755081129984,极兔快递,JT0016321665463,生活用品,四川省,
慧泽小学智慧社区服务站_站点-慧泽小学智慧社区服务站,慧泽小学智慧社区服务站,慧泽小学智慧社区服务站,快递,2025-04-28 16:16:01,,1,2.1,-2,6.00,0.00,2.80,6-3.2,2,1916768309770772480,极兔快递,JT0016320140977,裤子,广东省,
慧泽小学智慧社区服务站_站点-慧泽小学智慧社区服务站,慧泽小学智慧社区服务站,慧泽小学智慧社区服务站,快递,2025-04-28 15:53:54,,1,0.21,0,6.00,0.00,2.80,6-3.2,2,1916762760555585536,极兔快递,JT0016317880574,服饰,浙江省,
慧泽小学智慧社区服务站_站点-慧泽小学智慧社区服务站,慧泽小学智慧社区服务站,慧泽小学智慧社区服务站,快递,2025-04-28 15:53:09,,1,0.2,0,6.00,0.00,2.80,6-3.2,2,1916762580380868608,极兔快递,JT0016321537714,服饰,浙江省,
慧泽小学智慧社区服务站_站点-慧泽小学智慧社区服务站,慧泽小学智慧社区服务站,慧泽小学智慧社区服务站,快递,2025-04-28 15:51:29,,1,0.23,0,6.00,0.00,2.80,6-3.2,2,1916762148057178112,极兔快递,JT0016318245560,打底衫,浙江省,
慧泽小学智慧社区服务站_站点-慧泽小学智慧社区服务站,慧泽小学智慧社区服务站,慧泽小学智慧社区服务站,快递,2025-04-28 15:17:27,,1,0.65,0,6.00,0.00,2.80,6-3.2,2,1916753574501343232,极兔快递,JT0016306192558,鞋子,浙江省,
慧泽小学智慧社区服务站_站点-慧泽小学智慧社区服务站,慧泽小学智慧社区服务站,慧泽小学智慧社区服务站,快递,2025-04-28 14:17:59,,1,1.01,-1,6.00,0.00,2.80,6-3.2,2,1916738606464819200,极兔快递,JT0016319760190,鞋子,福建省,
慧泽小学智慧社区服务站_站点-慧泽小学智慧社区服务站,慧泽小学智慧社区服务站,慧泽小学智慧社区服务站,快递,2025-04-28 13:54:31,,1,0.83,0,6.00,0.00,2.80,6-3.2,2,1916732697202188288,极兔快递,JT0016308105156,服饰,广东省,
慧泽小学智慧社区服务站_站点-慧泽小学智慧社区服务站,慧泽小学智慧社区服务站,慧泽小学智慧社区服务站,快递,2025-04-28 13:22:19,,1,0.55,0,6.00,0.00,2.80,6-3.2,2,1916724521111183360,极兔快递,JT0016312115885,服饰,安徽省,
慧泽小学智慧社区服务站_站点-慧泽小学智慧社区服务站,慧泽小学智慧社区服务站,慧泽小学智慧社区服务站,快递,2025-04-28 13:20:02,,1,0.51,0,6.00,0.00,2.80,6-3.2,2,1916724024048410624,极兔快递,JT0016316958972,服饰,安徽省,
慧泽小学智慧社区服务站_站点-慧泽小学智慧社区服务站,慧泽小学智慧社区服务站,慧泽小学智慧社区服务站,快递,2025-04-28 11:43:26,,1,0.73,0,6.00,0.00,2.80,6-3.2,2,1916699712079847424,极兔快递,JT0016316196198,服饰,广东省,
慧泽小学智慧社区服务站_站点-慧泽小学智慧社区服务站,慧泽小学智慧社区服务站,慧泽小学智慧社区服务站,快递,2025-04-28 11:41:38,,1,0.62,0,6.00,0.00,2.80,6-3.2,2,1916699280813121536,极兔快递,JT0016314624171,服饰,辽宁省,
慧泽小学智慧社区服务站_站点-慧泽小学智慧社区服务站,慧泽小学智慧社区服务站,慧泽小学智慧社区服务站,快递,2025-04-28 10:51:26,,1,0.25,0,6.00,0.00,2.80,6-3.2,2,1916686634567131136,极兔快递,JT0016309668248,服饰,河北省,
慧泽小学智慧社区服务站_站点-慧泽小学智慧社区服务站,慧泽小学智慧社区服务站,慧泽小学智慧社区服务站,快递,2025-04-28 10:50:25,,1,0.44,0,6.00,0.00,2.80,6-3.2,2,1916686370678300672,极兔快递,JT0016315064126,服饰,广东省,
慧泽小学智慧社区服务站_站点-慧泽小学智慧社区服务站,慧泽小学智慧社区服务站,慧泽小学智慧社区服务站,快递,2025-04-28 10:48:40,,1,0.39,0,6.00,0.00,2.80,6-3.2,2,1916685928460247040,极兔快递,JT0016313976921,雨衣,江西省,
慧泽小学智慧社区服务站_站点-慧泽小学智慧社区服务站,慧泽小学智慧社区服务站,慧泽小学智慧社区服务站,快递,2025-04-28 10:47:07,,1.1,1.14,0,8.00,0.00,4.08,51% ,2,1916685532807356416,极兔快递,JT0016313202208,纸尿裤,福建省,
慧泽小学智慧社区服务站_站点-慧泽小学智慧社区服务站,慧泽小学智慧社区服务站,慧泽小学智慧社区服务站,快递,2025-04-28 10:45:25,,1.1,1.15,0,8.00,0.00,4.08,51% ,2,1916685132972744704,极兔快递,JT0016302406335,纸尿裤,福建省,
慧泽小学智慧社区服务站_站点-慧泽小学智慧社区服务站,慧泽小学智慧社区服务站,慧泽小学智慧社区服务站,快递,2025-04-28 10:10:03,2025-04-28 02:12:05,1,,,6.00,,0.00,,2,1916676230633807872,极兔快递,,黑咖啡,安徽省,已全额退款
慧泽小学智慧社区服务站_站点-慧泽小学智慧社区服务站,慧泽小学智慧社区服务站,慧泽小学智慧社区服务站,快递,2025-04-28 10:11:16,,1,0.39,0,6.00,0.00,2.52,42% ,2,1916676520074338304,韵达快递,312727390867536,黑咖啡,安徽省,
慧泽小学智慧社区服务站_站点-慧泽小学智慧社区服务站,慧泽小学智慧社区服务站,慧泽小学智慧社区服务站,快递,2025-04-28 09:43:26,,1,0.2,0,6.00,0.00,2.80,6-3.2,2,1916669535597682688,极兔快递,JT0016312416836,服饰,浙江省,
慧泽小学智慧社区服务站_站点-慧泽小学智慧社区服务站,慧泽小学智慧社区服务站,慧泽小学智慧社区服务站,快递,2025-04-28 09:42:06,,2,1.81,0,8.00,0.00,4.08,51% ,2,1916669181409681408,极兔快递,JT0016312069204,护发素,广东省,
慧泽小学智慧社区服务站_站点-慧泽小学智慧社区服务站,慧泽小学智慧社区服务站,慧泽小学智慧社区服务站,快递,2025-04-28 09:30:56,,1,0.2,0,6.00,0.00,2.80,6-3.2,2,1916666385633435648,极兔快递,JT0016309094713,服饰,广东省,
慧泽小学智慧社区服务站_站点-慧泽小学智慧社区服务站,慧泽小学智慧社区服务站,慧泽小学智慧社区服务站,快递,2025-04-28 09:29:25,,1,0.6,0,6.00,0.00,2.80,6-3.2,2,1916665981264781312,极兔快递,JT0016310844987,鞋子,福建省,
慧泽小学智慧社区服务站_站点-慧泽小学智慧社区服务站,慧泽小学智慧社区服务站,慧泽小学智慧社区服务站,快递,2025-04-28 09:04:01,,1,0.36,0,6.00,0.00,2.80,6-3.2,2,1916659594442891264,极兔快递,JT0016309249333,口红,浙江省,
慧泽小学智慧社区服务站_站点-慧泽小学智慧社区服务站,慧泽小学智慧社区服务站,慧泽小学智慧社区服务站,快递,2025-04-28 08:49:29,,1,0.96,0,6.00,0.00,2.80,6-3.2,2,1916655947831107584,极兔快递,JT0016311450147,糖蒜,四川省,
慧泽小学智慧社区服务站_站点-慧泽小学智慧社区服务站,慧泽小学智慧社区服务站,慧泽小学智慧社区服务站,快递,2025-04-28 08:42:23,,1,0.3,0,6.00,0.00,2.80,6-3.2,2,1916654173393051648,极兔快递,JT0016309536687,服饰,浙江省,
慧泽小学智慧社区服务站_站点-慧泽小学智慧社区服务站,慧泽小学智慧社区服务站,慧泽小学智慧社区服务站,快递,2025-04-28 08:40:27,,1,0.2,0,6.00,0.00,2.80,6-3.2,2,1916653595300519936,极兔快递,JT0016306397001,服饰,广东省,
慧泽小学智慧社区服务站_站点-慧泽小学智慧社区服务站,慧泽小学智慧社区服务站,慧泽小学智慧社区服务站,快递,2025-04-28 08:27:39,,1,0.61,0,6.00,0.00,2.80,6-3.2,2,1916650453334810624,极兔快递,JT0016288672733,服饰,湖南省,
慧泽小学智慧社区服务站_站点-慧泽小学智慧社区服务站,慧泽小学智慧社区服务站,慧泽小学智慧社区服务站,快递,2025-04-28 08:26:25,,1,0.2,0,6.00,0.00,2.80,6-3.2,2,1916650149348433920,极兔快递,JT0016307617150,服饰,广东省,
慧泽小学智慧社区服务站_站点-慧泽小学智慧社区服务站,慧泽小学智慧社区服务站,慧泽小学智慧社区服务站,快递,2025-04-28 08:24:56,,1,0.22,0,6.00,0.00,2.80,6-3.2,2,1916649196931047424,极兔快递,JT0016305163593,服饰,广东省,
慧泽小学智慧社区服务站_站点-慧泽小学智慧社区服务站,慧泽小学智慧社区服务站,慧泽小学智慧社区服务站,快递,2025-04-28 08:03:48,,1,0.58,0,6.00,0.00,2.80,6-3.2,2,1916644456218288128,极兔快递,JT0016308993865,服饰,辽宁省,
慧泽小学智慧社区服务站_站点-慧泽小学智慧社区服务站,慧泽小学智慧社区服务站,慧泽小学智慧社区服务站,快递,2025-04-28 08:02:50,,1,0.39,0,6.00,0.00,2.80,6-3.2,2,1916644197140324352,极兔快递,JT0016306494820,眼镜,江苏省,
慧泽小学智慧社区服务站_站点-慧泽小学智慧社区服务站,慧泽小学智慧社区服务站,慧泽小学智慧社区服务站,快递,2025-04-27 20:47:30,,2.3,2.25,0,10.00,0.00,5.50,55% ,2,1916474265781985280,极兔快递,JT0016310119031,沾沾料,山西省,
慧泽小学智慧社区服务站_站点-慧泽小学智慧社区服务站,慧泽小学智慧社区服务站,慧泽小学智慧社区服务站,快递,2025-04-27 20:36:55,,1,0.86,0,6.00,0.00,2.80,6-3.2,2,1916471584787062784,极兔快递,JT0016307996945,鞋子,浙江省,
慧泽小学智慧社区服务站_站点-慧泽小学智慧社区服务站,慧泽小学智慧社区服务站,慧泽小学智慧社区服务站,快递,2025-04-27 19:56:00,,1,0.23,0,6.00,0.00,2.80,6-3.2,2,1916461275590483968,极兔快递,JT0016308307852,服饰,广东省,
慧泽小学智慧社区服务站_站点-慧泽小学智慧社区服务站,慧泽小学智慧社区服务站,慧泽小学智慧社区服务站,快递,2025-04-27 19:33:07,,1,0.44,0,6.00,0.00,2.80,6-3.2,2,1916455527535927296,极兔快递,JT0016306330124,锅盖,河北省,
慧泽小学智慧社区服务站_站点-慧泽小学智慧社区服务站,慧泽小学智慧社区服务站,慧泽小学智慧社区服务站,快递,2025-04-27 19:24:17,,1,0.6,0,6.00,0.00,2.80,6-3.2,2,1916453324922347520,极兔快递,JT0016308282895,生活用品,陕西省,
慧泽小学智慧社区服务站_站点-慧泽小学智慧社区服务站,慧泽小学智慧社区服务站,慧泽小学智慧社区服务站,快递,2025-04-27 19:21:19,,2.1,2.07,0,10.00,0.00,5.50,55% ,2,1916452546530828288,极兔快递,JT0016308676380,服饰,辽宁省,
慧泽小学智慧社区服务站_站点-慧泽小学智慧社区服务站,慧泽小学智慧社区服务站,慧泽小学智慧社区服务站,快递,2025-04-27 18:19:30,,1,0.36,0,6.00,0.00,2.80,6-3.2,2,1916437001790087168,极兔快递,JT0016306669570,服饰,福建省,
慧泽小学智慧社区服务站_站点-慧泽小学智慧社区服务站,慧泽小学智慧社区服务站,慧泽小学智慧社区服务站,快递,2025-04-27 18:03:57,,1,0.56,0,6.00,0.00,2.80,6-3.2,2,1916433075795714048,极兔快递,JT0016304829496,粉底液,河南省,
慧泽小学智慧社区服务站_站点-慧泽小学智慧社区服务站,慧泽小学智慧社区服务站,慧泽小学智慧社区服务站,快递,2025-04-27 17:48:39,,2,1.49,0,8.00,0.00,4.08,51% ,2,1916429196282617856,极兔快递,JT0016305879902,生活用品,浙江省,
慧泽小学智慧社区服务站_站点-慧泽小学智慧社区服务站,慧泽小学智慧社区服务站,慧泽小学智慧社区服务站,快递,2025-04-27 17:41:44,,1,0.62,0,6.00,0.00,2.80,6-3.2,2,1916427518707818496,极兔快递,JT0016306635787,服饰,广东省,
慧泽小学智慧社区服务站_站点-慧泽小学智慧社区服务站,慧泽小学智慧社区服务站,慧泽小学智慧社区服务站,快递,2025-04-27 17:39:47,,1,0.65,0,6.00,0.00,2.80,6-3.2,2,1916427025935818752,极兔快递,JT0016299017261,服饰,陕西省,
慧泽小学智慧社区服务站_站点-慧泽小学智慧社区服务站,慧泽小学智慧社区服务站,慧泽小学智慧社区服务站,快递,2025-04-27 17:35:56,,1,0.26,0,6.00,0.00,2.80,6-3.2,2,1916426047006236672,极兔快递,JT0016307093320,服饰,广东省,
慧泽小学智慧社区服务站_站点-慧泽小学智慧社区服务站,慧泽小学智慧社区服务站,慧泽小学智慧社区服务站,快递,2025-04-27 17:35:03,,1,0.28,0,6.00,0.00,2.80,6-3.2,2,1916425827216318464,极兔快递,JT0016299670052,服饰,浙江省,
慧泽小学智慧社区服务站_站点-慧泽小学智慧社区服务站,慧泽小学智慧社区服务站,慧泽小学智慧社区服务站,快递,2025-04-27 17:33:16,,1,0.76,0,6.00,0.00,2.80,6-3.2,2,1916425361841512448,极兔快递,JT0016303223815,鞋子,浙江省,
慧泽小学智慧社区服务站_站点-慧泽小学智慧社区服务站,慧泽小学智慧社区服务站,慧泽小学智慧社区服务站,快递,2025-04-27 16:53:14,,1,0.46,0,6.00,0.00,2.80,6-3.2,2,1916415290315169792,极兔快递,JT0016299587268,杯子,浙江省,
慧泽小学智慧社区服务站_站点-慧泽小学智慧社区服务站,慧泽小学智慧社区服务站,慧泽小学智慧社区服务站,快递,2025-04-27 16:47:18,,2,1.18,0,8.00,0.00,4.08,51% ,2,1916413796039843840,极兔快递,JT0016302957551,夏凉被,江苏省,
慧泽小学智慧社区服务站_站点-慧泽小学智慧社区服务站,慧泽小学智慧社区服务站,慧泽小学智慧社区服务站,快递,2025-04-27 16:45:38,,1,0.2,0,6.00,0.00,2.80,6-3.2,2,1916413377142120448,极兔快递,JT0016303574477,服饰,广东省,
慧泽小学智慧社区服务站_站点-慧泽小学智慧社区服务站,慧泽小学智慧社区服务站,慧泽小学智慧社区服务站,快递,2025-04-27 16:04:36,,1,0.47,0,6.00,0.00,2.80,6-3.2,2,1916403051881357312,极兔快递,JT0016304930706,服饰,湖南省,
慧泽小学智慧社区服务站_站点-慧泽小学智慧社区服务站,慧泽小学智慧社区服务站,慧泽小学智慧社区服务站,快递,2025-04-27 14:10:22,,3.4,3.31,0,12.00,1.50,6.00,50% ,2,1916374319309316096,极兔快递,JT0016301454859,声卡,陕西省,
慧泽小学智慧社区服务站_站点-慧泽小学智慧社区服务站,慧泽小学智慧社区服务站,慧泽小学智慧社区服务站,快递,2025-04-27 13:59:34,,1,0.29,0,6.00,0.00,2.80,6-3.2,2,1916371515186405376,极兔快递,JT0016301082514,服饰,广东省,
慧泽小学智慧社区服务站_站点-慧泽小学智慧社区服务站,慧泽小学智慧社区服务站,慧泽小学智慧社区服务站,快递,2025-04-27 13:40:56,,1,0.32,0,6.00,0.00,2.80,6-3.2,2,1916366895420596224,极兔快递,JT0016295801218,服饰,湖北省,
慧泽小学智慧社区服务站_站点-慧泽小学智慧社区服务站,慧泽小学智慧社区服务站,慧泽小学智慧社区服务站,快递,2025-04-27 13:31:42,,1,0.51,0,6.00,0.00,2.80,6-3.2,2,1916364585525108736,极兔快递,JT0016284570897,内衣,广东省,
慧泽小学智慧社区服务站_站点-慧泽小学智慧社区服务站,慧泽小学智慧社区服务站,慧泽小学智慧社区服务站,快递,2025-04-27 13:30:47,,1,0.56,0,6.00,0.00,2.80,6-3.2,2,1916364279282196480,极兔快递,JT0016300325740,内衣,广东省,
慧泽小学智慧社区服务站_站点-慧泽小学智慧社区服务站,慧泽小学智慧社区服务站,慧泽小学智慧社区服务站,快递,2025-04-27 13:24:01,,1,0.63,0,6.00,0.00,2.80,6-3.2,2,1916362660310212608,极兔快递,JT0016300466903,服饰,江苏省,
慧泽小学智慧社区服务站_站点-慧泽小学智慧社区服务站,慧泽小学智慧社区服务站,慧泽小学智慧社区服务站,快递,2025-04-27 13:22:56,,1,0.27,0,6.00,0.00,2.80,6-3.2,2,1916362339877969920,极兔快递,JT0016288930755,服饰,浙江省,
慧泽小学智慧社区服务站_站点-慧泽小学智慧社区服务站,慧泽小学智慧社区服务站,慧泽小学智慧社区服务站,快递,2025-04-27 13:22:20,,1,0.29,0,6.00,0.00,2.80,6-3.2,2,1916362187964473344,极兔快递,JT0016299312602,服饰,浙江省,
慧泽小学智慧社区服务站_站点-慧泽小学智慧社区服务站,慧泽小学智慧社区服务站,慧泽小学智慧社区服务站,快递,2025-04-27 13:21:21,,1,0.62,0,6.00,0.00,2.80,6-3.2,2,1916361982246445056,极兔快递,JT0016296575358,服饰,广东省,
慧泽小学智慧社区服务站_站点-慧泽小学智慧社区服务站,慧泽小学智慧社区服务站,慧泽小学智慧社区服务站,快递,2025-04-27 13:20:49,,1,0.5,0,6.00,0.00,2.80,6-3.2,2,1916361794589089792,极兔快递,JT0016298275812,红色裙子,四川省,
慧泽小学智慧社区服务站_站点-慧泽小学智慧社区服务站,慧泽小学智慧社区服务站,慧泽小学智慧社区服务站,快递,2025-04-27 13:14:54,,1,0.2,0,6.00,0.00,2.80,6-3.2,2,1916360362066501632,极兔快递,JT0016289349186,服饰,福建省,
慧泽小学智慧社区服务站_站点-慧泽小学智慧社区服务站,慧泽小学智慧社区服务站,慧泽小学智慧社区服务站,快递,2025-04-27 13:13:46,,2,1.05,0,8.00,0.00,4.08,51% ,2,1916360075717173248,韵达快递,312726219478535,鞋子,福建省,
慧泽小学智慧社区服务站_站点-慧泽小学智慧社区服务站,慧泽小学智慧社区服务站,慧泽小学智慧社区服务站,快递,2025-04-27 13:13:01,,1,0.38,0,6.00,0.00,2.80,6-3.2,2,1916359871530065920,极兔快递,JT0016288374823,服饰,浙江省,
慧泽小学智慧社区服务站_站点-慧泽小学智慧社区服务站,慧泽小学智慧社区服务站,慧泽小学智慧社区服务站,快递,2025-04-27 13:09:19,,1,0.6,0,6.00,0.00,2.80,6-3.2,2,1916358936854585344,极兔快递,JT0016297093079,灭蚊灯,浙江省,
慧泽小学智慧社区服务站_站点-慧泽小学智慧社区服务站,慧泽小学智慧社区服务站,慧泽小学智慧社区服务站,快递,2025-04-27 12:00:29,,1,0.48,0,6.00,0.00,2.80,6-3.2,2,1916341618657255424,极兔快递,JT0016297714028,沾沾料,陕西省,
慧泽小学智慧社区服务站_站点-慧泽小学智慧社区服务站,慧泽小学智慧社区服务站,慧泽小学智慧社区服务站,快递,2025-04-27 11:10:09,,1,0.72,0,6.00,0.00,2.80,6-3.2,2,1916328823647690752,极兔快递,JT0016298918183,耳机,湖北省,
慧泽小学智慧社区服务站_站点-慧泽小学智慧社区服务站,慧泽小学智慧社区服务站,慧泽小学智慧社区服务站,快递,2025-04-27 10:25:05,,1,0.58,0,6.00,0.00,2.80,6-3.2,2,1916317605360885760,极兔快递,JT0016294636835,包包,河北省,
慧泽小学智慧社区服务站_站点-慧泽小学智慧社区服务站,慧泽小学智慧社区服务站,慧泽小学智慧社区服务站,快递,2025-04-27 09:52:01,,1,0.2,0,6.00,0.00,2.80,6-3.2,2,1916309197723328512,极兔快递,JT0016292292123,气垫,广东省,
慧泽小学智慧社区服务站_站点-慧泽小学智慧社区服务站,慧泽小学智慧社区服务站,慧泽小学智慧社区服务站,快递,2025-04-27 09:07:44,,1,0.4,0,6.00,0.00,2.80,6-3.2,2,1916298160710148096,极兔快递,JT0016295018810,服饰,山东省,
慧泽小学智慧社区服务站_站点-慧泽小学智慧社区服务站,慧泽小学智慧社区服务站,慧泽小学智慧社区服务站,快递,2025-04-27 08:51:42,,1,0.2,0,6.00,0.00,2.80,6-3.2,2,1916294127660359680,极兔快递,JT0016272641947,帽子,浙江省,
慧泽小学智慧社区服务站_站点-慧泽小学智慧社区服务站,慧泽小学智慧社区服务站,慧泽小学智慧社区服务站,快递,2025-04-27 08:41:58,,1,0.95,0,6.00,0.00,2.80,6-3.2,2,1916291678149074944,极兔快递,JT0016294833214,鞋子,湖北省,
慧泽小学智慧社区服务站_站点-慧泽小学智慧社区服务站,慧泽小学智慧社区服务站,慧泽小学智慧社区服务站,快递,2025-04-27 08:37:04,,1,0.39,0,6.00,0.00,2.80,6-3.2,2,1916290438010822656,极兔快递,JT0016294096893,服饰黑色,广东省,
慧泽小学智慧社区服务站_站点-慧泽小学智慧社区服务站,慧泽小学智慧社区服务站,慧泽小学智慧社区服务站,快递,2025-04-27 08:36:05,,1,0.5,0,6.00,0.00,2.80,6-3.2,2,1916290201217196032,极兔快递,JT0016289219567,服饰粉色,广东省,
慧泽小学智慧社区服务站_站点-慧泽小学智慧社区服务站,慧泽小学智慧社区服务站,慧泽小学智慧社区服务站,快递,2025-04-27 08:27:32,,1,0.39,0,6.00,0.00,2.80,6-3.2,2,1916288048771686400,极兔快递,JT0016294456089,服饰黑色,黑龙江省,
慧泽小学智慧社区服务站_站点-慧泽小学智慧社区服务站,慧泽小学智慧社区服务站,慧泽小学智慧社区服务站,快递,2025-04-27 08:26:22,,1,0.52,0,6.00,0.00,2.80,6-3.2,2,1916287753962446848,极兔快递,JT0016289864977,鼻炎膏1组3盒,浙江省,
慧泽小学智慧社区服务站_站点-慧泽小学智慧社区服务站,慧泽小学智慧社区服务站,慧泽小学智慧社区服务站,快递,2025-04-27 08:15:29,,1,0.87,0,6.00,0.00,2.80,6-3.2,2,1916285005514727424,极兔快递,JT0016293724707,白色裤子,广东省,
慧泽小学智慧社区服务站_站点-慧泽小学智慧社区服务站,慧泽小学智慧社区服务站,慧泽小学智慧社区服务站,快递,2025-04-27 08:14:56,,1,0.76,0,6.00,0.00,2.80,6-3.2,2,1916284868532953088,极兔快递,JT0016294386666,服饰,浙江省,
慧泽小学智慧社区服务站_站点-慧泽小学智慧社区服务站,慧泽小学智慧社区服务站,慧泽小学智慧社区服务站,快递,2025-04-27 08:14:03,,1,0.56,0,6.00,0.00,2.80,6-3.2,2,1916284656305364992,极兔快递,JT0016288735102,服饰,广东省,
慧泽小学智慧社区服务站_站点-慧泽小学智慧社区服务站,慧泽小学智慧社区服务站,慧泽小学智慧社区服务站,快递,2025-04-27 08:08:54,,2,1.71,0,8.00,0.00,4.08,51% ,2,1916283349662228480,极兔快递,JT0016292753034,护肤品,广东省,
慧泽小学智慧社区服务站_站点-慧泽小学智慧社区服务站,慧泽小学智慧社区服务站,慧泽小学智慧社区服务站,快递,2025-04-27 08:08:05,,1.1,1.03,0,8.00,0.00,4.08,51% ,2,1916283146381090816,极兔快递,JT0016292891834,护肤品,广东省,
慧泽小学智慧社区服务站_站点-慧泽小学智慧社区服务站,慧泽小学智慧社区服务站,慧泽小学智慧社区服务站,快递,2025-04-27 07:59:34,,2,1.43,0,8.00,0.00,4.08,51% ,2,1916281010905735168,极兔快递,JT0016292857684,服饰,陕西省,
慧泽小学智慧社区服务站_站点-慧泽小学智慧社区服务站,慧泽小学智慧社区服务站,慧泽小学智慧社区服务站,快递,2025-04-27 07:54:38,,1,0.54,0,6.00,0.00,2.80,6-3.2,2,1916279690408812544,极兔快递,JT0016294375516,生活用品,浙江省,
慧泽小学智慧社区服务站_站点-慧泽小学智慧社区服务站,慧泽小学智慧社区服务站,慧泽小学智慧社区服务站,快递,2025-04-27 07:53:30,,1,0.2,0,6.00,0.00,2.80,6-3.2,2,1916279482140647424,极兔快递,JT0016293520153,帽子,河南省,
慧泽小学智慧社区服务站_站点-慧泽小学智慧社区服务站,慧泽小学智慧社区服务站,慧泽小学智慧社区服务站,快递,2025-04-27 07:44:42,,2,1.34,0,8.00,0.00,4.08,51% ,2,1916277253224587264,极兔快递,JT0016293218568,服饰,河南省,
慧泽小学智慧社区服务站_站点-慧泽小学智慧社区服务站,慧泽小学智慧社区服务站,慧泽小学智慧社区服务站,快递,2025-04-27 07:42:42,,1,0.22,0,6.00,0.00,2.80,6-3.2,2,1916276755478142976,极兔快递,JT0016295049284,服饰,浙江省,
慧泽小学智慧社区服务站_站点-慧泽小学智慧社区服务站,慧泽小学智慧社区服务站,慧泽小学智慧社区服务站,快递,2025-04-26 19:34:11,,1,0.43,0,6.00,0.00,2.80,6-3.2,2,1916093429647728640,极兔快递,JT0016290656465,服饰,陕西省,
慧泽小学智慧社区服务站_站点-慧泽小学智慧社区服务站,慧泽小学智慧社区服务站,慧泽小学智慧社区服务站,快递,2025-04-26 19:23:34,,1,0.2,0,6.00,0.00,2.80,6-3.2,2,1916090728503369728,极兔快递,JT0016291204349,服饰,浙江省,
慧泽小学智慧社区服务站_站点-慧泽小学智慧社区服务站,慧泽小学智慧社区服务站,慧泽小学智慧社区服务站,快递,2025-04-26 19:10:17,,1,0.54,0,6.00,0.00,2.80,6-3.2,2,1916087391477358592,极兔快递,JT0016287103596,服饰,湖北省,
慧泽小学智慧社区服务站_站点-慧泽小学智慧社区服务站,慧泽小学智慧社区服务站,慧泽小学智慧社区服务站,快递,2025-04-26 18:53:25,,1,0.29,0,6.00,0.00,2.80,6-3.2,2,1916083146887847936,极兔快递,JT0016290997054,服饰,陕西省,
慧泽小学智慧社区服务站_站点-慧泽小学智慧社区服务站,慧泽小学智慧社区服务站,慧泽小学智慧社区服务站,快递,2025-04-26 18:24:52,,1,1.05,-1,6.00,0.00,2.80,6-3.2,2,1916075961822797824,极兔快递,JT0016289579421,鞋子,浙江省,
慧泽小学智慧社区服务站_站点-慧泽小学智慧社区服务站,慧泽小学智慧社区服务站,慧泽小学智慧社区服务站,快递,2025-04-26 17:54:32,,1,0.64,0,6.00,0.00,2.80,6-3.2,2,1916068344543109120,极兔快递,JT0016282076791,服饰,山东省,
慧泽小学智慧社区服务站_站点-慧泽小学智慧社区服务站,慧泽小学智慧社区服务站,慧泽小学智慧社区服务站,快递,2025-04-26 17:53:30,,1,0.53,0,6.00,0.00,2.80,6-3.2,2,1916068084114579456,极兔快递,JT0016282786612,服饰,广东省,
慧泽小学智慧社区服务站_站点-慧泽小学智慧社区服务站,慧泽小学智慧社区服务站,慧泽小学智慧社区服务站,快递,2025-04-26 17:52:30,,1,0.75,0,6.00,0.00,2.80,6-3.2,2,1916067836684197888,极兔快递,JT0016285548079,服饰,广东省,
慧泽小学智慧社区服务站_站点-慧泽小学智慧社区服务站,慧泽小学智慧社区服务站,慧泽小学智慧社区服务站,快递,2025-04-26 17:39:07,,1,0.25,0,6.00,0.00,2.80,6-3.2,2,1916064472802058240,极兔快递,JT0016286915908,服饰,广东省,
慧泽小学智慧社区服务站_站点-慧泽小学智慧社区服务站,慧泽小学智慧社区服务站,慧泽小学智慧社区服务站,快递,2025-04-26 17:36:31,,1,0.24,0,6.00,0.00,2.80,6-3.2,2,1916063794692153344,极兔快递,JT0016283374340,拖布,河北省,
慧泽小学智慧社区服务站_站点-慧泽小学智慧社区服务站,慧泽小学智慧社区服务站,慧泽小学智慧社区服务站,快递,2025-04-26 17:05:15,,3,2.93,0,10.00,0.00,5.50,55% ,2,1916055945052217344,极兔快递,JT0016286573538,书,河北省,
慧泽小学智慧社区服务站_站点-慧泽小学智慧社区服务站,慧泽小学智慧社区服务站,慧泽小学智慧社区服务站,快递,2025-04-26 17:03:52,,2,1.7,0,8.00,0.00,4.08,51% ,2,1916055597336027136,极兔快递,JT0016290030443,书,浙江省,
慧泽小学智慧社区服务站_站点-慧泽小学智慧社区服务站,慧泽小学智慧社区服务站,慧泽小学智慧社区服务站,快递,2025-04-26 17:02:22,,2,1.82,0,8.00,0.00,4.08,51% ,2,1916055219496345600,极兔快递,JT0016289095227,书,河北省,
慧泽小学智慧社区服务站_站点-慧泽小学智慧社区服务站,慧泽小学智慧社区服务站,慧泽小学智慧社区服务站,快递,2025-04-26 16:53:57,,1,0.2,0,6.00,0.00,2.80,6-3.2,2,1916053081546350592,极兔快递,JT0016289736290,生活用品,陕西省,
慧泽小学智慧社区服务站_站点-慧泽小学智慧社区服务站,慧泽小学智慧社区服务站,慧泽小学智慧社区服务站,快递,2025-04-26 16:17:50,,1,0.2,0,6.00,0.00,2.80,6-3.2,2,1916043994897113088,极兔快递,JT0016286820838,生活用品,陕西省,
慧泽小学智慧社区服务站_站点-慧泽小学智慧社区服务站,慧泽小学智慧社区服务站,慧泽小学智慧社区服务站,快递,2025-04-26 15:58:01,,1,0.25,0,6.00,0.00,2.80,6-3.2,2,1916039029604540416,极兔快递,JT0016288563243,服饰,湖北省,
慧泽小学智慧社区服务站_站点-慧泽小学智慧社区服务站,慧泽小学智慧社区服务站,慧泽小学智慧社区服务站,快递,2025-04-26 15:56:52,,1,0.49,0,6.00,0.00,2.80,6-3.2,2,1916038739140599808,极兔快递,JT0016285275317,服饰,广东省,
慧泽小学智慧社区服务站_站点-慧泽小学智慧社区服务站,慧泽小学智慧社区服务站,慧泽小学智慧社区服务站,快递,2025-04-26 15:55:15,,1,0.21,0,6.00,0.00,2.80,6-3.2,2,1916038324810473472,极兔快递,JT0016287262275,服饰,浙江省,
慧泽小学智慧社区服务站_站点-慧泽小学智慧社区服务站,慧泽小学智慧社区服务站,慧泽小学智慧社区服务站,快递,2025-04-26 15:54:23,,1,0.3,0,6.00,0.00,2.80,6-3.2,2,1916038051396378624,极兔快递,JT0016286607803,服饰,江苏省,
慧泽小学智慧社区服务站_站点-慧泽小学智慧社区服务站,慧泽小学智慧社区服务站,慧泽小学智慧社区服务站,快递,2025-04-26 15:53:11,,1,0.31,0,7.00,0.00,2.80,6-3.2,2,1916037810605580288,极兔快递,JT0016287198856,服饰,北京市,
慧泽小学智慧社区服务站_站点-慧泽小学智慧社区服务站,慧泽小学智慧社区服务站,慧泽小学智慧社区服务站,快递,2025-04-26 15:45:42,,1,0.2,0,6.00,0.00,2.80,6-3.2,2,1916035928365522944,极兔快递,JT0016285511917,服饰,广东省,
慧泽小学智慧社区服务站_站点-慧泽小学智慧社区服务站,慧泽小学智慧社区服务站,慧泽小学智慧社区服务站,快递,2025-04-26 15:44:17,,1,0.2,0,6.00,0.00,2.80,6-3.2,2,1916035573665816576,极兔快递,JT0016286789569,口红,广东省,
慧泽小学智慧社区服务站_站点-慧泽小学智慧社区服务站,慧泽小学智慧社区服务站,慧泽小学智慧社区服务站,快递,2025-04-26 15:41:16,,1,1.02,-1,6.00,0.00,2.80,6-3.2,2,1916034728240930816,极兔快递,JT0016287644355,精华液,广东省,
慧泽小学智慧社区服务站_站点-慧泽小学智慧社区服务站,慧泽小学智慧社区服务站,慧泽小学智慧社区服务站,快递,2025-04-26 15:39:30,,1,0.2,0,6.00,0.00,2.80,6-3.2,2,1916034366415101952,极兔快递,JT0016287396584,眉笔,广东省,
慧泽小学智慧社区服务站_站点-慧泽小学智慧社区服务站,慧泽小学智慧社区服务站,慧泽小学智慧社区服务站,快递,2025-04-26 15:37:26,,1,0.82,0,6.00,0.00,2.80,6-3.2,2,1916033830689234944,极兔快递,JT0016286440628,鞋子,浙江省,
慧泽小学智慧社区服务站_站点-慧泽小学智慧社区服务站,慧泽小学智慧社区服务站,慧泽小学智慧社区服务站,快递,2025-04-26 15:26:51,,1,0.21,0,6.00,0.00,2.80,6-3.2,2,1916031184045662208,极兔快递,JT0016283252768,服饰,湖北省,
慧泽小学智慧社区服务站_站点-慧泽小学智慧社区服务站,慧泽小学智慧社区服务站,慧泽小学智慧社区服务站,快递,2025-04-26 15:00:00,,1,0.43,0,6.00,0.00,2.80,6-3.2,2,1916024405328977920,极兔快递,JT0016286214701,枕巾,河北省,
慧泽小学智慧社区服务站_站点-慧泽小学智慧社区服务站,慧泽小学智慧社区服务站,慧泽小学智慧社区服务站,快递,2025-04-26 14:38:08,,1,0.26,0,6.00,0.00,2.80,6-3.2,2,1916018925076537344,极兔快递,JT0016285546465,服饰,广东省,
慧泽小学智慧社区服务站_站点-慧泽小学智慧社区服务站,慧泽小学智慧社区服务站,慧泽小学智慧社区服务站,快递,2025-04-26 14:27:19,,1,0.64,0,6.00,0.00,2.80,6-3.2,2,1916016197117992960,极兔快递,JT0016282238015,服饰,河北省,
慧泽小学智慧社区服务站_站点-慧泽小学智慧社区服务站,慧泽小学智慧社区服务站,慧泽小学智慧社区服务站,快递,2025-04-26 14:18:22,,1,0.32,0,6.00,0.00,2.80,6-3.2,2,1916013927202611200,极兔快递,JT0016284999702,服饰,广东省,
慧泽小学智慧社区服务站_站点-慧泽小学智慧社区服务站,慧泽小学智慧社区服务站,慧泽小学智慧社区服务站,快递,2025-04-26 13:44:28,,1,0.27,0,6.00,0.00,2.80,6-3.2,2,1916005418662682624,极兔快递,JT0016283465870,服饰,广东省,
慧泽小学智慧社区服务站_站点-慧泽小学智慧社区服务站,慧泽小学智慧社区服务站,慧泽小学智慧社区服务站,快递,2025-04-26 13:43:20,,2,1.37,0,8.00,0.00,4.08,51% ,2,1916005020660981760,极兔快递,JT0016278162582,鞋子,广东省,
慧泽小学智慧社区服务站_站点-慧泽小学智慧社区服务站,慧泽小学智慧社区服务站,慧泽小学智慧社区服务站,快递,2025-04-26 13:42:26,,1,0.2,0,6.00,0.00,2.80,6-3.2,2,1916004773582921728,极兔快递,JT0016284624292,短袖,广东省,
慧泽小学智慧社区服务站_站点-慧泽小学智慧社区服务站,慧泽小学智慧社区服务站,慧泽小学智慧社区服务站,快递,2025-04-26 13:39:17,,1,0.2,0,6.00,0.00,2.80,6-3.2,2,1916004104192974848,极兔快递,JT0016282178771,服饰,广东省,
慧泽小学智慧社区服务站_站点-慧泽小学智慧社区服务站,慧泽小学智慧社区服务站,慧泽小学智慧社区服务站,快递,2025-04-26 13:35:48,,1,0.25,0,6.00,0.00,2.80,6-3.2,2,1916003216426590208,极兔快递,JT0016282842700,服饰,广东省,
慧泽小学智慧社区服务站_站点-慧泽小学智慧社区服务站,慧泽小学智慧社区服务站,慧泽小学智慧社区服务站,快递,2025-04-26 13:13:44,,1,0.24,0,6.00,0.00,2.80,6-3.2,2,1915997660081086464,极兔快递,JT0016281510080,服饰,广东省,
慧泽小学智慧社区服务站_站点-慧泽小学智慧社区服务站,慧泽小学智慧社区服务站,慧泽小学智慧社区服务站,快递,2025-04-26 12:45:49,,1,0.5,0,6.00,0.00,2.80,6-3.2,2,1915990635141980160,极兔快递,JT0016283553147,服饰,湖南省,
慧泽小学智慧社区服务站_站点-慧泽小学智慧社区服务站,慧泽小学智慧社区服务站,慧泽小学智慧社区服务站,快递,2025-04-26 12:23:25,,1,0.2,0,6.00,0.00,2.80,6-3.2,2,1915984999465410560,极兔快递,JT0016268996077,卡片,浙江省,
慧泽小学智慧社区服务站_站点-慧泽小学智慧社区服务站,慧泽小学智慧社区服务站,慧泽小学智慧社区服务站,快递,2025-04-26 12:08:48,,1,0.28,0,6.00,0.00,2.80,6-3.2,2,1915981305713844224,极兔快递,JT0016283596610,短袖,福建省,
慧泽小学智慧社区服务站_站点-慧泽小学智慧社区服务站,慧泽小学智慧社区服务站,慧泽小学智慧社区服务站,快递,2025-04-26 11:54:18,,1,0.2,0,6.00,0.00,2.80,6-3.2,2,1915977673450774528,极兔快递,JT0016283104617,护肤品,陕西省,
慧泽小学智慧社区服务站_站点-慧泽小学智慧社区服务站,慧泽小学智慧社区服务站,慧泽小学智慧社区服务站,快递,2025-04-26 11:43:21,,1.4,1.42,0,8.00,0.00,4.08,51% ,2,1915974915687505920,极兔快递,JT0016267161466,米茶,陕西省,
慧泽小学智慧社区服务站_站点-慧泽小学智慧社区服务站,慧泽小学智慧社区服务站,慧泽小学智慧社区服务站,快递,2025-04-26 10:59:45,,1,0.2,0,6.00,0.00,2.80,6-3.2,2,1915963965286703104,极兔快递,JT0016265590250,服饰,广东省,
慧泽小学智慧社区服务站_站点-慧泽小学智慧社区服务站,慧泽小学智慧社区服务站,慧泽小学智慧社区服务站,快递,2025-04-26 10:41:11,,1,0.2,0,6.00,0.00,2.80,6-3.2,2,1915959268383449088,极兔快递,JT0016278844558,生活用品,四川省,
慧泽小学智慧社区服务站_站点-慧泽小学智慧社区服务站,慧泽小学智慧社区服务站,慧泽小学智慧社区服务站,快递,2025-04-26 10:13:53,,1,0.3,0,6.00,0.00,2.80,6-3.2,2,1915952417252106240,极兔快递,JT0016276749759,服饰,湖南省,
慧泽小学智慧社区服务站_站点-慧泽小学智慧社区服务站,慧泽小学智慧社区服务站,慧泽小学智慧社区服务站,快递,2025-04-26 10:13:08,,1,0.65,0,6.00,0.00,2.80,6-3.2,2,1915952112670138368,极兔快递,JT0016273254338,服饰,浙江省,
慧泽小学智慧社区服务站_站点-慧泽小学智慧社区服务站,慧泽小学智慧社区服务站,慧泽小学智慧社区服务站,快递,2025-04-26 10:11:18,,2,1.25,0,8.00,0.00,4.08,51% ,2,1915951748042514432,极兔快递,JT0016280783821,鞋子,福建省,
慧泽小学智慧社区服务站_站点-慧泽小学智慧社区服务站,慧泽小学智慧社区服务站,慧泽小学智慧社区服务站,快递,2025-04-26 08:51:33,,1,0.21,0,7.00,0.00,2.80,6-3.2,2,1915931693355425792,极兔快递,JT0016274119596,服饰,上海市,
慧泽小学智慧社区服务站_站点-慧泽小学智慧社区服务站,慧泽小学智慧社区服务站,慧泽小学智慧社区服务站,快递,2025-04-26 08:50:30,,1,0.45,0,7.00,0.00,2.80,6-3.2,2,1915931440271122432,极兔快递,JT0016277146553,服饰,上海市,
慧泽小学智慧社区服务站_站点-慧泽小学智慧社区服务站,慧泽小学智慧社区服务站,慧泽小学智慧社区服务站,快递,2025-04-26 08:49:28,,1,0.78,0,6.00,0.00,2.80,6-3.2,2,1915931175488905216,极兔快递,JT0016280010757,鞋子,浙江省,
慧泽小学智慧社区服务站_站点-慧泽小学智慧社区服务站,慧泽小学智慧社区服务站,慧泽小学智慧社区服务站,快递,2025-04-26 08:47:26,,1,1.17,-1,6.00,0.00,2.80,6-3.2,2,1915930632041324544,极兔快递,JT0016274473412,鞋子,浙江省,
慧泽小学智慧社区服务站_站点-慧泽小学智慧社区服务站,慧泽小学智慧社区服务站,慧泽小学智慧社区服务站,快递,2025-04-26 08:36:31,,1,0.49,0,6.00,0.00,2.80,6-3.2,2,1915927919589122048,极兔快递,JT0016278157414,鼻炎膏1组,陕西省,
慧泽小学智慧社区服务站_站点-慧泽小学智慧社区服务站,慧泽小学智慧社区服务站,慧泽小学智慧社区服务站,快递,2025-04-26 08:35:07,,1,0.58,0,6.00,0.00,2.80,6-3.2,2,1915927558019145728,极兔快递,JT0016277976192,鼻炎膏1组,江苏省,
慧泽小学智慧社区服务站_站点-慧泽小学智慧社区服务站,慧泽小学智慧社区服务站,慧泽小学智慧社区服务站,快递,2025-04-26 08:34:05,,1,0.31,0,7.00,0.00,2.80,6-3.2,2,1915927285263556608,极兔快递,JT0016278259188,喷剂两盒,上海市,
慧泽小学智慧社区服务站_站点-慧泽小学智慧社区服务站,慧泽小学智慧社区服务站,慧泽小学智慧社区服务站,快递,2025-04-26 08:32:46,,1,0.99,0,6.00,0.00,2.80,6-3.2,2,1915926954244890624,极兔快递,JT0016278285157,糖蒜,云南省,
慧泽小学智慧社区服务站_站点-慧泽小学智慧社区服务站,慧泽小学智慧社区服务站,慧泽小学智慧社区服务站,快递,2025-04-26 08:28:48,,4.4,4.58,0,15.00,3.00,7.50,50% ,2,1915925948589203456,极兔快递,JT0016278251308,糖蒜,江西省,
慧泽小学智慧社区服务站_站点-慧泽小学智慧社区服务站,慧泽小学智慧社区服务站,慧泽小学智慧社区服务站,快递,2025-04-25 20:40:41,,1,0.98,0,6.00,0.00,2.80,6-3.2,2,1915747755060158464,极兔快递,JT0016271997337,鞋子,浙江省,
慧泽小学智慧社区服务站_站点-慧泽小学智慧社区服务站,慧泽小学智慧社区服务站,慧泽小学智慧社区服务站,快递,2025-04-25 20:29:32,,1,0.2,0,6.00,0.00,2.80,6-3.2,2,1915744958734458880,极兔快递,JT0016276794893,服饰,湖北省,
慧泽小学智慧社区服务站_站点-慧泽小学智慧社区服务站,慧泽小学智慧社区服务站,慧泽小学智慧社区服务站,快递,2025-04-25 20:01:18,,1,0.23,0,6.00,0.00,2.80,6-3.2,2,1915737760427991040,极兔快递,JT0016269370472,发饰,浙江省,
慧泽小学智慧社区服务站_站点-慧泽小学智慧社区服务站,慧泽小学智慧社区服务站,慧泽小学智慧社区服务站,快递,2025-04-25 19:29:18,,4,3.72,0,12.00,1.50,6.00,50% ,2,1915729790193426432,极兔快递,JT0016276887965,万向轮支架,安徽省,
慧泽小学智慧社区服务站_站点-慧泽小学智慧社区服务站,慧泽小学智慧社区服务站,慧泽小学智慧社区服务站,快递,2025-04-25 18:50:02,,1,0.6,0,6.00,0.00,2.80,6-3.2,2,1915719930752065536,极兔快递,JT0016272918355,鞋子,福建省,
慧泽小学智慧社区服务站_站点-慧泽小学智慧社区服务站,慧泽小学智慧社区服务站,慧泽小学智慧社区服务站,快递,2025-04-25 18:38:22,,1,0.25,0,6.00,0.00,2.80,6-3.2,2,1915716994701516800,极兔快递,JT0016272717658,服饰,福建省,
慧泽小学智慧社区服务站_站点-慧泽小学智慧社区服务站,慧泽小学智慧社区服务站,慧泽小学智慧社区服务站,快递,2025-04-25 18:35:56,,1,0.2,0,6.00,0.00,2.80,6-3.2,2,1915716370920431616,极兔快递,JT0016270471392,卡片,湖北省,
慧泽小学智慧社区服务站_站点-慧泽小学智慧社区服务站,慧泽小学智慧社区服务站,慧泽小学智慧社区服务站,快递,2025-04-25 18:35:12,,1,0.22,0,6.00,0.00,2.80,6-3.2,2,1915716170868908032,极兔快递,JT0016273800553,卡片,山东省,
慧泽小学智慧社区服务站_站点-慧泽小学智慧社区服务站,慧泽小学智慧社区服务站,慧泽小学智慧社区服务站,快递,2025-04-25 18:00:08,,1,0.2,0,6.00,0.00,2.80,6-3.2,2,1915707370715799552,极兔快递,JT0016272680686,服饰,河南省,
慧泽小学智慧社区服务站_站点-慧泽小学智慧社区服务站,慧泽小学智慧社区服务站,慧泽小学智慧社区服务站,快递,2025-04-25 17:58:55,,1,0.39,0,6.00,0.00,2.80,6-3.2,2,1915707045434941440,极兔快递,JT0016262843471,服饰,湖北省,
慧泽小学智慧社区服务站_站点-慧泽小学智慧社区服务站,慧泽小学智慧社区服务站,慧泽小学智慧社区服务站,快递,2025-04-25 17:46:49,,1,0.55,0,6.00,0.00,2.80,6-3.2,2,1915704014744117248,极兔快递,JT0016271120157,鞋子,江西省,
慧泽小学智慧社区服务站_站点-慧泽小学智慧社区服务站,慧泽小学智慧社区服务站,慧泽小学智慧社区服务站,快递,2025-04-25 17:45:14,,1,0.48,0,6.00,0.00,2.80,6-3.2,2,1915703617891655680,极兔快递,JT0016272434923,裤子,河北省,
慧泽小学智慧社区服务站_站点-慧泽小学智慧社区服务站,慧泽小学智慧社区服务站,慧泽小学智慧社区服务站,快递,2025-04-25 17:41:39,,1,0.37,0,6.00,0.00,2.80,6-3.2,2,1915702724714618880,极兔快递,JT0016274755154,服饰,福建省,
慧泽小学智慧社区服务站_站点-慧泽小学智慧社区服务站,慧泽小学智慧社区服务站,慧泽小学智慧社区服务站,快递,2025-04-25 17:40:20,,1,1.48,-1,6.00,0.00,2.80,6-3.2,2,1915702388096557056,极兔快递,JT0016270863423,服饰,浙江省,
慧泽小学智慧社区服务站_站点-慧泽小学智慧社区服务站,慧泽小学智慧社区服务站,慧泽小学智慧社区服务站,快递,2025-04-25 17:39:14,,1,0.2,0,6.00,0.00,2.80,6-3.2,2,1915702107795415040,极兔快递,JT0016273839579,服饰,广东省,
慧泽小学智慧社区服务站_站点-慧泽小学智慧社区服务站,慧泽小学智慧社区服务站,慧泽小学智慧社区服务站,快递,2025-04-25 17:35:45,,1,0.83,0,6.00,0.00,2.52,42% ,2,1915701213418807296,韵达快递,312723803302898,被罩,内蒙古自治区,
慧泽小学智慧社区服务站_站点-慧泽小学智慧社区服务站,慧泽小学智慧社区服务站,慧泽小学智慧社区服务站,快递,2025-04-25 16:37:14,,1,0.28,0,6.00,0.00,2.80,6-3.2,2,1915686492489703424,极兔快递,JT0016270256631,服饰,湖南省,
慧泽小学智慧社区服务站_站点-慧泽小学智慧社区服务站,慧泽小学智慧社区服务站,慧泽小学智慧社区服务站,快递,2025-04-25 16:36:08,,1,0.23,0,6.00,0.00,2.80,6-3.2,2,1915686208707289088,极兔快递,JT0016273594740,服饰,广西壮族自治区,
慧泽小学智慧社区服务站_站点-慧泽小学智慧社区服务站,慧泽小学智慧社区服务站,慧泽小学智慧社区服务站,快递,2025-04-25 16:16:31,,1,0.36,0,6.00,0.00,2.80,6-3.2,2,1915681255183933440,极兔快递,JT0016271957111,服饰,江苏省,
慧泽小学智慧社区服务站_站点-慧泽小学智慧社区服务站,慧泽小学智慧社区服务站,慧泽小学智慧社区服务站,快递,2025-04-25 16:15:50,,1,0.6,0,6.00,0.00,2.80,6-3.2,2,1915681092189085696,极兔快递,JT0016270689509,服饰,山东省,
慧泽小学智慧社区服务站_站点-慧泽小学智慧社区服务站,慧泽小学智慧社区服务站,慧泽小学智慧社区服务站,快递,2025-04-25 14:44:10,,1,0.33,0,6.00,0.00,2.80,6-3.2,2,1915658032232849408,极兔快递,JT0016270412367,服饰,湖南省,
慧泽小学智慧社区服务站_站点-慧泽小学智慧社区服务站,慧泽小学智慧社区服务站,慧泽小学智慧社区服务站,快递,2025-04-25 14:25:43,,1,0.5,0,6.00,0.00,2.80,6-3.2,2,1915653397375934464,极兔快递,JT0016263796424,卡片,陕西省,
慧泽小学智慧社区服务站_站点-慧泽小学智慧社区服务站,慧泽小学智慧社区服务站,慧泽小学智慧社区服务站,快递,2025-04-25 14:19:45,,1,0.32,0,6.00,0.00,2.80,6-3.2,2,1915651891817930752,极兔快递,JT0016268604606,鞋垫,浙江省,
慧泽小学智慧社区服务站_站点-慧泽小学智慧社区服务站,慧泽小学智慧社区服务站,慧泽小学智慧社区服务站,快递,2025-04-25 14:18:38,,1,0.2,0,6.00,0.00,2.80,6-3.2,2,1915651608295563264,极兔快递,JT0016255614418,鞋垫,河南省,
慧泽小学智慧社区服务站_站点-慧泽小学智慧社区服务站,慧泽小学智慧社区服务站,慧泽小学智慧社区服务站,快递,2025-04-25 13:58:09,,1,1.09,-1,6.00,0.00,2.80,6-3.2,2,1915646446948638720,极兔快递,JT0016269385856,服饰,浙江省,
慧泽小学智慧社区服务站_站点-慧泽小学智慧社区服务站,慧泽小学智慧社区服务站,慧泽小学智慧社区服务站,快递,2025-04-25 13:37:22,,1,0.35,0,6.00,0.00,2.80,6-3.2,2,1915641244023578624,极兔快递,JT0016266651854,服饰,浙江省,
慧泽小学智慧社区服务站_站点-慧泽小学智慧社区服务站,慧泽小学智慧社区服务站,慧泽小学智慧社区服务站,快递,2025-04-25 13:33:53,,1,0.2,0,6.00,0.00,2.80,6-3.2,2,1915640367497928704,极兔快递,JT0016264109001,服饰,江苏省,
慧泽小学智慧社区服务站_站点-慧泽小学智慧社区服务站,慧泽小学智慧社区服务站,慧泽小学智慧社区服务站,快递,2025-04-25 13:32:08,,1,0.64,0,6.00,0.00,2.80,6-3.2,2,1915639927695794176,极兔快递,JT0016268491122,服饰,广东省,
慧泽小学智慧社区服务站_站点-慧泽小学智慧社区服务站,慧泽小学智慧社区服务站,慧泽小学智慧社区服务站,快递,2025-04-25 13:30:42,,1,0.26,0,6.00,0.00,2.80,6-3.2,2,1915639556114014208,极兔快递,JT0016267938130,服饰,江苏省,
慧泽小学智慧社区服务站_站点-慧泽小学智慧社区服务站,慧泽小学智慧社区服务站,慧泽小学智慧社区服务站,快递,2025-04-25 13:29:51,,1,0.35,0,6.00,0.00,2.80,6-3.2,2,1915639342728798208,极兔快递,JT0016266213830,服饰,江苏省,
慧泽小学智慧社区服务站_站点-慧泽小学智慧社区服务站,慧泽小学智慧社区服务站,慧泽小学智慧社区服务站,快递,2025-04-25 13:09:30,,5.2,5.19,0,18.00,4.50,9.00,50% ,2,1915634219474542592,极兔快递,JT0016268953426,生活用品,陕西省,
慧泽小学智慧社区服务站_站点-慧泽小学智慧社区服务站,慧泽小学智慧社区服务站,慧泽小学智慧社区服务站,快递,2025-04-25 12:06:13,,1,0.28,0,6.00,0.00,2.80,6-3.2,2,1915618280272093184,极兔快递,JT0016266843571,服饰,广东省,
慧泽小学智慧社区服务站_站点-慧泽小学智慧社区服务站,慧泽小学智慧社区服务站,慧泽小学智慧社区服务站,快递,2025-04-25 12:05:01,,1,0.2,0,15.00,0.00,2.80,6-3.2,2,1915617979473387520,极兔快递,JT0016264587363,证件,西藏自治区,
慧泽小学智慧社区服务站_站点-慧泽小学智慧社区服务站,慧泽小学智慧社区服务站,慧泽小学智慧社区服务站,快递,2025-04-25 09:02:15,,1,0.2,0,6.00,0.00,2.80,6-3.2,2,1915572007812784128,极兔快递,JT0016261633683,服饰,浙江省,
慧泽小学智慧社区服务站_站点-慧泽小学智慧社区服务站,慧泽小学智慧社区服务站,慧泽小学智慧社区服务站,快递,2025-04-25 08:53:16,,1,0.56,0,6.00,0.00,2.80,6-3.2,2,1915569734638428160,极兔快递,JT0016260549201,服饰,广东省,
慧泽小学智慧社区服务站_站点-慧泽小学智慧社区服务站,慧泽小学智慧社区服务站,慧泽小学智慧社区服务站,快递,2025-04-25 08:52:16,,1,0.22,0,6.00,0.00,2.80,6-3.2,2,1915569491045834752,极兔快递,JT0016262191192,灰甲液,江西省,
慧泽小学智慧社区服务站_站点-慧泽小学智慧社区服务站,慧泽小学智慧社区服务站,慧泽小学智慧社区服务站,快递,2025-04-25 08:48:59,,1,0.35,0,6.00,0.00,2.80,6-3.2,2,1915568652415721472,极兔快递,JT0016253730924,服饰,湖南省,
慧泽小学智慧社区服务站_站点-慧泽小学智慧社区服务站,慧泽小学智慧社区服务站,慧泽小学智慧社区服务站,快递,2025-04-25 08:46:33,,1,0.98,0,6.00,0.00,2.80,6-3.2,2,1915568043771879424,极兔快递,JT0016254499324,鞋子,广东省,
慧泽小学智慧社区服务站_站点-慧泽小学智慧社区服务站,慧泽小学智慧社区服务站,慧泽小学智慧社区服务站,快递,2025-04-25 08:41:40,,1,0.55,0,6.00,0.00,2.80,6-3.2,2,1915566818217222144,极兔快递,JT0016263024987,项链,浙江省,
慧泽小学智慧社区服务站_站点-慧泽小学智慧社区服务站,慧泽小学智慧社区服务站,慧泽小学智慧社区服务站,快递,2025-04-25 08:28:07,,1,0.51,0,6.00,0.00,2.80,6-3.2,2,1915563414946373632,极兔快递,JT0016258104978,鼻炎膏1组,浙江省,
慧泽小学智慧社区服务站_站点-慧泽小学智慧社区服务站,慧泽小学智慧社区服务站,慧泽小学智慧社区服务站,快递,2025-04-25 08:26:05,,1,0.24,0,6.00,0.00,2.80,6-3.2,2,1915562896551370752,极兔快递,JT0016261769828,服饰,广东省,
慧泽小学智慧社区服务站_站点-慧泽小学智慧社区服务站,慧泽小学智慧社区服务站,慧泽小学智慧社区服务站,快递,2025-04-25 08:23:09,,1,0.76,0,6.00,0.00,2.80,6-3.2,2,1915562166755057664,极兔快递,JT0016255627366,红色鞋,广东省,
慧泽小学智慧社区服务站_站点-慧泽小学智慧社区服务站,慧泽小学智慧社区服务站,慧泽小学智慧社区服务站,快递,2025-04-25 08:21:37,,1,1.07,-1,6.00,0.00,2.80,6-3.2,2,1915561781827002368,极兔快递,JT0016252800636,银色高跟鞋,浙江省,
慧泽小学智慧社区服务站_站点-慧泽小学智慧社区服务站,慧泽小学智慧社区服务站,慧泽小学智慧社区服务站,快递,2025-04-25 08:17:50,,1,0.57,0,6.00,0.00,2.80,6-3.2,2,1915560827392155648,极兔快递,JT0016250176117,服饰,广东省,
慧泽小学智慧社区服务站_站点-慧泽小学智慧社区服务站,慧泽小学智慧社区服务站,慧泽小学智慧社区服务站,快递,2025-04-25 08:16:33,,1,1.06,-1,6.00,0.00,2.80,6-3.2,2,1915560495341690880,极兔快递,JT0016258273870,糖蒜,广东省,
慧泽小学智慧社区服务站_站点-慧泽小学智慧社区服务站,慧泽小学智慧社区服务站,慧泽小学智慧社区服务站,快递,2025-04-25 08:15:25,,1,0.97,0,6.00,0.00,2.80,6-3.2,2,1915560212976951296,极兔快递,JT0016260344664,糖蒜,重庆市,
慧泽小学智慧社区服务站_站点-慧泽小学智慧社区服务站,慧泽小学智慧社区服务站,慧泽小学智慧社区服务站,快递,2025-04-25 08:14:24,,1,0.97,0,6.00,0.00,2.80,6-3.2,2,1915559964040814592,极兔快递,JT0016228336311,糖蒜,山东省,
慧泽小学智慧社区服务站_站点-慧泽小学智慧社区服务站,慧泽小学智慧社区服务站,慧泽小学智慧社区服务站,快递,2025-04-25 08:12:48,2025-04-25 00:13:39,1,,,10.00,,0.00,,2,1915559552478928896,极兔快递,,糖蒜,内蒙古自治区,已全额退款
慧泽小学智慧社区服务站_站点-慧泽小学智慧社区服务站,慧泽小学智慧社区服务站,慧泽小学智慧社区服务站,快递,2025-04-25 08:13:13,,1,1.04,-1,6.00,0.00,2.52,42% ,2,1915559664991133696,韵达快递,312722870118995,糖蒜,内蒙古自治区,
慧泽小学智慧社区服务站_站点-慧泽小学智慧社区服务站,慧泽小学智慧社区服务站,慧泽小学智慧社区服务站,快递,2025-04-25 08:05:18,,1,0.33,0,6.00,0.00,2.80,6-3.2,2,1915557294282432512,极兔快递,JT0016257753889,服饰,湖北省,
慧泽小学智慧社区服务站_站点-慧泽小学智慧社区服务站,慧泽小学智慧社区服务站,慧泽小学智慧社区服务站,快递,2025-04-25 08:01:21,,3.55,3.65,0,12.00,1.50,6.00,50% ,2,1915553805347119104,极兔快递,JT0016258396995,燕麦巧克力,山东省,
慧泽小学智慧社区服务站_站点-慧泽小学智慧社区服务站,慧泽小学智慧社区服务站,慧泽小学智慧社区服务站,快递,2025-04-25 07:57:32,,1,1.15,-1,6.00,0.00,2.80,6-3.2,2,1915555688782553088,极兔快递,JT0016248756369,服饰,山东省,
慧泽小学智慧社区服务站_站点-慧泽小学智慧社区服务站,慧泽小学智慧社区服务站,慧泽小学智慧社区服务站,快递,2025-04-25 07:51:53,,1,0.56,0,6.00,0.00,2.80,6-3.2,2,1915554257786691584,极兔快递,JT0016259954958,生活用品,山东省,
慧泽小学智慧社区服务站_站点-慧泽小学智慧社区服务站,慧泽小学智慧社区服务站,慧泽小学智慧社区服务站,快递,2025-04-24 20:04:06,,2,1.76,0,8.00,0.00,4.08,51% ,2,1915376067772473344,韵达快递,312722648605737,生活用品,内蒙古自治区,
慧泽小学智慧社区服务站_站点-慧泽小学智慧社区服务站,慧泽小学智慧社区服务站,慧泽小学智慧社区服务站,快递,2025-04-24 20:00:32,,1,0.2,0,6.00,0.00,2.80,6-3.2,2,1915375270338813952,极兔快递,JT0016257938424,甲壳素胶囊,山东省,
慧泽小学智慧社区服务站_站点-慧泽小学智慧社区服务站,慧泽小学智慧社区服务站,慧泽小学智慧社区服务站,快递,2025-04-24 19:58:43,,1,0.75,0,6.00,0.00,2.80,6-3.2,2,1915374790917283840,极兔快递,JT0016258914337,内裤,浙江省,
慧泽小学智慧社区服务站_站点-慧泽小学智慧社区服务站,慧泽小学智慧社区服务站,慧泽小学智慧社区服务站,快递,2025-04-24 19:18:18,,1,0.51,0,6.00,0.00,2.80,6-3.2,2,1915364637044170752,极兔快递,JT0016256681935,鞋子,江西省,
慧泽小学智慧社区服务站_站点-慧泽小学智慧社区服务站,慧泽小学智慧社区服务站,慧泽小学智慧社区服务站,快递,2025-04-24 18:59:42,,1,0.25,0,6.00,0.00,2.80,6-3.2,2,1915359968280502272,极兔快递,JT0016255797889,服饰,广东省,
慧泽小学智慧社区服务站_站点-慧泽小学智慧社区服务站,慧泽小学智慧社区服务站,慧泽小学智慧社区服务站,快递,2025-04-24 18:59:07,,1,0.31,0,6.00,0.00,2.80,6-3.2,2,1915359823975473152,极兔快递,JT0016255417567,服饰,广东省,
慧泽小学智慧社区服务站_站点-慧泽小学智慧社区服务站,慧泽小学智慧社区服务站,慧泽小学智慧社区服务站,快递,2025-04-24 18:57:57,,1,0.28,0,6.00,0.00,2.80,6-3.2,2,1915359535805816832,极兔快递,JT0016256098441,服饰,广东省,
慧泽小学智慧社区服务站_站点-慧泽小学智慧社区服务站,慧泽小学智慧社区服务站,慧泽小学智慧社区服务站,快递,2025-04-24 18:47:15,,1,0.54,0,6.00,0.00,2.52,42% ,2,1915356834984419328,韵达快递,312722578166426,生活用品,陕西省,
慧泽小学智慧社区服务站_站点-慧泽小学智慧社区服务站,慧泽小学智慧社区服务站,慧泽小学智慧社区服务站,快递,2025-04-24 18:46:47,,1,,,6.00,,2.80,6-3.2,2,1915356698896031744,极兔快递,JT0016257503392,生活用品,陕西省,
慧泽小学智慧社区服务站_站点-慧泽小学智慧社区服务站,慧泽小学智慧社区服务站,慧泽小学智慧社区服务站,快递,2025-04-24 18:29:51,,1,0.42,0,6.00,0.00,2.80,6-3.2,2,1915352463672401920,极兔快递,JT0016249562505,服饰,湖南省,
慧泽小学智慧社区服务站_站点-慧泽小学智慧社区服务站,慧泽小学智慧社区服务站,慧泽小学智慧社区服务站,快递,2025-04-24 18:28:27,,1,0.26,0,6.00,0.00,2.52,42% ,2,1915352108024782848,韵达快递,312722563624722,服饰,广东省,
慧泽小学智慧社区服务站_站点-慧泽小学智慧社区服务站,慧泽小学智慧社区服务站,慧泽小学智慧社区服务站,快递,2025-04-24 18:26:54,,1,0.61,0,6.00,0.00,2.80,6-3.2,2,1915351714674565120,极兔快递,JT0016258257896,服饰,浙江省,
慧泽小学智慧社区服务站_站点-慧泽小学智慧社区服务站,慧泽小学智慧社区服务站,慧泽小学智慧社区服务站,快递,2025-04-24 18:04:18,,1,0.89,0,6.00,0.00,2.80,6-3.2,2,1915346011780079616,极兔快递,JT0016253865804,鞋子,浙江省,
慧泽小学智慧社区服务站_站点-慧泽小学智慧社区服务站,慧泽小学智慧社区服务站,慧泽小学智慧社区服务站,快递,2025-04-24 17:52:19,,1,0.2,0,6.00,0.00,2.80,6-3.2,2,1915343017093160960,极兔快递,JT0016255954842,口红,广东省,
慧泽小学智慧社区服务站_站点-慧泽小学智慧社区服务站,慧泽小学智慧社区服务站,慧泽小学智慧社区服务站,快递,2025-04-24 17:48:19,,1,0.2,0,6.00,0.00,2.80,6-3.2,2,1915342004688838656,极兔快递,JT0016254561501,卡片,河南省,
慧泽小学智慧社区服务站_站点-慧泽小学智慧社区服务站,慧泽小学智慧社区服务站,慧泽小学智慧社区服务站,快递,2025-04-24 17:47:39,,1,0.5,0,6.00,0.00,2.80,6-3.2,2,1915341839429066752,极兔快递,JT0016253030782,卡片,福建省,
慧泽小学智慧社区服务站_站点-慧泽小学智慧社区服务站,慧泽小学智慧社区服务站,慧泽小学智慧社区服务站,快递,2025-04-24 17:42:00,,1,0.27,0,6.00,0.00,2.80,6-3.2,2,1915340411310497792,极兔快递,JT0016249673237,服饰,福建省,
慧泽小学智慧社区服务站_站点-慧泽小学智慧社区服务站,慧泽小学智慧社区服务站,慧泽小学智慧社区服务站,快递,2025-04-24 17:41:06,,1,0.3,0,6.00,0.00,2.80,6-3.2,2,1915340182360219648,极兔快递,JT0016253462873,服饰,广东省,
慧泽小学智慧社区服务站_站点-慧泽小学智慧社区服务站,慧泽小学智慧社区服务站,慧泽小学智慧社区服务站,快递,2025-04-24 17:40:19,,1,0.2,0,6.00,0.00,2.80,6-3.2,2,1915339995621416960,极兔快递,JT0016249195515,服饰,广东省,
慧泽小学智慧社区服务站_站点-慧泽小学智慧社区服务站,慧泽小学智慧社区服务站,慧泽小学智慧社区服务站,快递,2025-04-24 17:38:21,,1,0.2,0,6.00,0.00,2.80,6-3.2,2,1915339475057958912,极兔快递,JT0016248949585,服饰,广东省,
慧泽小学智慧社区服务站_站点-慧泽小学智慧社区服务站,慧泽小学智慧社区服务站,慧泽小学智慧社区服务站,快递,2025-04-24 17:28:35,,2,1.42,0,8.00,0.00,4.08,51% ,2,1915337031682940928,极兔快递,JT0016238536019,收纳箱,江西省,
慧泽小学智慧社区服务站_站点-慧泽小学智慧社区服务站,慧泽小学智慧社区服务站,慧泽小学智慧社区服务站,快递,2025-04-24 17:28:06,,2,1.33,0,8.00,0.00,4.08,51% ,2,1915336918797443072,极兔快递,JT0016256600466,收纳箱,江西省,
慧泽小学智慧社区服务站_站点-慧泽小学智慧社区服务站,慧泽小学智慧社区服务站,慧泽小学智慧社区服务站,快递,2025-04-24 17:18:20,,1,0.48,0,6.00,0.00,2.80,6-3.2,2,1915334443457634304,极兔快递,JT0016257626467,服饰,河南省,
慧泽小学智慧社区服务站_站点-慧泽小学智慧社区服务站,慧泽小学智慧社区服务站,慧泽小学智慧社区服务站,快递,2025-04-24 17:03:47,,1,0.84,0,6.00,0.00,2.80,6-3.2,2,1915330778491576320,极兔快递,JT0016253486365,梳子,浙江省,
慧泽小学智慧社区服务站_站点-慧泽小学智慧社区服务站,慧泽小学智慧社区服务站,慧泽小学智慧社区服务站,快递,2025-04-24 16:17:18,,3,2.93,0,10.00,0.00,5.50,55% ,2,1915319083790557184,极兔快递,JT0016255630408,奶粉,安徽省,
慧泽小学智慧社区服务站_站点-慧泽小学智慧社区服务站,慧泽小学智慧社区服务站,慧泽小学智慧社区服务站,快递,2025-04-24 15:41:57,,2,1.4,0,8.00,0.00,4.08,51% ,2,1915310084319928320,韵达快递,312722381853079,生活用品,内蒙古自治区,
慧泽小学智慧社区服务站_站点-慧泽小学智慧社区服务站,慧泽小学智慧社区服务站,慧泽小学智慧社区服务站,快递,2025-04-24 14:02:29,,1,0.21,0,6.00,0.00,2.80,6-3.2,2,1915285175552237568,极兔快递,JT0016239498720,服饰,浙江省,
慧泽小学智慧社区服务站_站点-慧泽小学智慧社区服务站,慧泽小学智慧社区服务站,慧泽小学智慧社区服务站,快递,2025-04-24 13:34:10,,1,0.87,0,6.00,0.00,2.80,6-3.2,2,1915278050889359360,极兔快递,JT0016250096371,鞋子,广东省,
慧泽小学智慧社区服务站_站点-慧泽小学智慧社区服务站,慧泽小学智慧社区服务站,慧泽小学智慧社区服务站,快递,2025-04-24 13:32:46,,1,0.35,0,6.00,0.00,2.80,6-3.2,2,1915277589251678208,极兔快递,JT0016251166627,服饰,辽宁省,
慧泽小学智慧社区服务站_站点-慧泽小学智慧社区服务站,慧泽小学智慧社区服务站,慧泽小学智慧社区服务站,快递,2025-04-24 13:17:46,,2,1.23,0,8.00,0.00,4.08,51% ,2,1915273924918960128,极兔快递,JT0016250606510,鞋子,江苏省,
慧泽小学智慧社区服务站_站点-慧泽小学智慧社区服务站,慧泽小学智慧社区服务站,慧泽小学智慧社区服务站,快递,2025-04-24 13:08:17,,1,0.45,0,6.00,0.00,2.80,6-3.2,2,1915271537240104960,极兔快递,JT0016251639093,服饰,广东省,
慧泽小学智慧社区服务站_站点-慧泽小学智慧社区服务站,慧泽小学智慧社区服务站,慧泽小学智慧社区服务站,快递,2025-04-24 13:07:14,,1,0.43,0,6.00,0.00,2.80,6-3.2,2,1915271207098048512,极兔快递,JT0016248471336,服饰,广东省,
慧泽小学智慧社区服务站_站点-慧泽小学智慧社区服务站,慧泽小学智慧社区服务站,慧泽小学智慧社区服务站,快递,2025-04-24 12:48:28,,1,0.24,0,7.00,0.00,2.80,6-3.2,2,1915266551873593344,极兔快递,JT0016247379723,耳饰,上海市,
慧泽小学智慧社区服务站_站点-慧泽小学智慧社区服务站,慧泽小学智慧社区服务站,慧泽小学智慧社区服务站,快递,2025-04-24 11:04:10,,1,0.39,0,6.00,0.00,2.80,6-3.2,2,1915240270394089472,极兔快递,JT0016247601332,服饰,广东省,
慧泽小学智慧社区服务站_站点-慧泽小学智慧社区服务站,慧泽小学智慧社区服务站,慧泽小学智慧社区服务站,快递,2025-04-24 09:59:05,,1,0.22,0,6.00,0.00,2.80,6-3.2,2,1915223921974370304,极兔快递,JT0016245992404,服饰,广东省,
慧泽小学智慧社区服务站_站点-慧泽小学智慧社区服务站,慧泽小学智慧社区服务站,慧泽小学智慧社区服务站,快递,2025-04-24 09:57:54,,1,0.77,0,6.00,0.00,2.80,6-3.2,2,1915223600036372480,极兔快递,JT0016247665784,服饰,江苏省,
慧泽小学智慧社区服务站_站点-慧泽小学智慧社区服务站,慧泽小学智慧社区服务站,慧泽小学智慧社区服务站,快递,2025-04-24 08:38:34,,3.7,3.5,0,12.00,1.50,6.00,50% ,2,1915203636860735488,极兔快递,JT0016244628326,糖蒜,广东省,
慧泽小学智慧社区服务站_站点-慧泽小学智慧社区服务站,慧泽小学智慧社区服务站,慧泽小学智慧社区服务站,快递,2025-04-24 08:36:40,,1,0.95,0,6.00,0.00,2.80,6-3.2,2,1915203178553331712,极兔快递,JT0016244979750,糖蒜,浙江省,
慧泽小学智慧社区服务站_站点-慧泽小学智慧社区服务站,慧泽小学智慧社区服务站,慧泽小学智慧社区服务站,快递,2025-04-24 08:35:27,,1,0.99,0,6.00,0.00,2.80,6-3.2,2,1915202865754722304,极兔快递,JT0016245501044,糖蒜,陕西省,
慧泽小学智慧社区服务站_站点-慧泽小学智慧社区服务站,慧泽小学智慧社区服务站,慧泽小学智慧社区服务站,快递,2025-04-24 08:00:39,,1,0.58,0,6.00,0.00,2.80,6-3.2,2,1915194097457352704,极兔快递,JT0016245275623,服饰,广东省,
慧泽小学智慧社区服务站_站点-慧泽小学智慧社区服务站,慧泽小学智慧社区服务站,慧泽小学智慧社区服务站,快递,2025-04-24 07:52:44,,1,1.07,-1,6.00,0.00,2.80,6-3.2,2,1915192104370229248,极兔快递,JT0016242031508,服饰,辽宁省,
慧泽小学智慧社区服务站_站点-慧泽小学智慧社区服务站,慧泽小学智慧社区服务站,慧泽小学智慧社区服务站,快递,2025-04-24 07:48:57,,1,0.4,0,6.00,0.00,2.80,6-3.2,2,1915191149981519872,极兔快递,JT0016244505717,服饰,广东省,
慧泽小学智慧社区服务站_站点-慧泽小学智慧社区服务站,慧泽小学智慧社区服务站,慧泽小学智慧社区服务站,快递,2025-04-23 18:57:06,,1,0.42,0,6.00,0.00,2.80,6-3.2,2,1914996912698609664,极兔快递,JT0016239095849,生活用品,陕西省,
慧泽小学智慧社区服务站_站点-慧泽小学智慧社区服务站,慧泽小学智慧社区服务站,慧泽小学智慧社区服务站,快递,2025-04-23 18:34:32,,1,0.95,0,6.00,0.00,2.80,6-3.2,2,1914991248278474752,极兔快递,JT0016231852906,凉皮盼,广东省,
慧泽小学智慧社区服务站_站点-慧泽小学智慧社区服务站,慧泽小学智慧社区服务站,慧泽小学智慧社区服务站,快递,2025-04-23 18:24:00,,1,0.71,0,6.00,0.00,2.80,6-3.2,2,1914988603920797696,极兔快递,JT0016241341006,鞋子,山东省,
慧泽小学智慧社区服务站_站点-慧泽小学智慧社区服务站,慧泽小学智慧社区服务站,慧泽小学智慧社区服务站,快递,2025-04-23 18:22:18,,1,0.22,0,6.00,0.00,2.80,6-3.2,2,1914988077309153280,极兔快递,JT0016241537241,裤袜,广东省,
慧泽小学智慧社区服务站_站点-慧泽小学智慧社区服务站,慧泽小学智慧社区服务站,慧泽小学智慧社区服务站,快递,2025-04-23 17:51:34,,1,0.2,0,6.00,0.00,2.80,6-3.2,2,1914980431906656256,极兔快递,JT0016241144261,卡片,山东省,
慧泽小学智慧社区服务站_站点-慧泽小学智慧社区服务站,慧泽小学智慧社区服务站,慧泽小学智慧社区服务站,快递,2025-04-23 17:50:56,,1,0.21,0,6.00,0.00,2.80,6-3.2,2,1914980271088652288,极兔快递,JT0016227562977,卡片,广东省,
慧泽小学智慧社区服务站_站点-慧泽小学智慧社区服务站,慧泽小学智慧社区服务站,慧泽小学智慧社区服务站,快递,2025-04-23 17:49:58,,1,0.57,0,6.00,0.00,2.80,6-3.2,2,1914980023461138432,极兔快递,JT0016236569147,卡片,广东省,
慧泽小学智慧社区服务站_站点-慧泽小学智慧社区服务站,慧泽小学智慧社区服务站,慧泽小学智慧社区服务站,快递,2025-04-23 17:49:10,,1,0.2,0,6.00,0.00,2.80,6-3.2,2,1914979838253256704,极兔快递,JT0016238957688,卡片,黑龙江省,
慧泽小学智慧社区服务站_站点-慧泽小学智慧社区服务站,慧泽小学智慧社区服务站,慧泽小学智慧社区服务站,快递,2025-04-23 17:47:42,,1,0.2,0,6.00,0.00,2.80,6-3.2,2,1914979465408991232,极兔快递,JT0016233844081,服饰,辽宁省,
慧泽小学智慧社区服务站_站点-慧泽小学智慧社区服务站,慧泽小学智慧社区服务站,慧泽小学智慧社区服务站,快递,2025-04-23 17:42:16,,1,0.2,0,6.00,0.00,2.80,6-3.2,2,1914978098661478400,极兔快递,JT0016240301907,服饰,湖北省,
慧泽小学智慧社区服务站_站点-慧泽小学智慧社区服务站,慧泽小学智慧社区服务站,慧泽小学智慧社区服务站,快递,2025-04-23 17:40:49,,1,0.4,0,6.00,0.00,2.80,6-3.2,2,1914977732125446144,极兔快递,JT0016239878768,服饰,江苏省,
慧泽小学智慧社区服务站_站点-慧泽小学智慧社区服务站,慧泽小学智慧社区服务站,慧泽小学智慧社区服务站,快递,2025-04-23 17:33:22,,2,1.34,0,8.00,0.00,4.08,51% ,2,1914975061087801344,极兔快递,JT0016240515702,鞋子,浙江省,
慧泽小学智慧社区服务站_站点-慧泽小学智慧社区服务站,慧泽小学智慧社区服务站,慧泽小学智慧社区服务站,快递,2025-04-23 17:32:07,,1,0.75,0,6.00,0.00,2.80,6-3.2,2,1914975546398134272,极兔快递,JT0016240662104,帘子,山东省,
慧泽小学智慧社区服务站_站点-慧泽小学智慧社区服务站,慧泽小学智慧社区服务站,慧泽小学智慧社区服务站,快递,2025-04-23 16:54:21,,1,0.25,0,6.00,0.00,2.80,6-3.2,2,1914965995770793984,极兔快递,JT0016240434501,服饰,广东省,
慧泽小学智慧社区服务站_站点-慧泽小学智慧社区服务站,慧泽小学智慧社区服务站,慧泽小学智慧社区服务站,快递,2025-04-23 16:34:59,,1,0.63,0,6.00,0.00,2.80,6-3.2,2,1914961079388000256,极兔快递,JT0016237338908,生活用品,福建省,
慧泽小学智慧社区服务站_站点-慧泽小学智慧社区服务站,慧泽小学智慧社区服务站,慧泽小学智慧社区服务站,快递,2025-04-23 16:10:11,,1,0.56,0,6.00,0.00,2.80,6-3.2,2,1914954901270482944,极兔快递,JT0016237708751,服饰,浙江省,
慧泽小学智慧社区服务站_站点-慧泽小学智慧社区服务站,慧泽小学智慧社区服务站,慧泽小学智慧社区服务站,快递,2025-04-23 15:52:11,,1,0.74,0,6.00,0.00,2.80,6-3.2,2,1914950395241615360,极兔快递,JT0016227864561,辣椒,河南省,
慧泽小学智慧社区服务站_站点-慧泽小学智慧社区服务站,慧泽小学智慧社区服务站,慧泽小学智慧社区服务站,快递,2025-04-23 15:45:08,,2,1.12,0,8.00,0.00,4.08,51% ,2,1914948624184168448,极兔快递,JT0016234923401,鞋子,浙江省,
慧泽小学智慧社区服务站_站点-慧泽小学智慧社区服务站,慧泽小学智慧社区服务站,慧泽小学智慧社区服务站,快递,2025-04-23 15:44:13,,1,0.41,0,6.00,0.00,2.80,6-3.2,2,1914948390431412224,极兔快递,JT0016235397383,鞋子,浙江省,
慧泽小学智慧社区服务站_站点-慧泽小学智慧社区服务站,慧泽小学智慧社区服务站,慧泽小学智慧社区服务站,快递,2025-04-23 15:38:25,,1,0.58,0,6.00,0.00,2.80,6-3.2,2,1914946933216956416,极兔快递,JT0016226735796,服饰,浙江省,
慧泽小学智慧社区服务站_站点-慧泽小学智慧社区服务站,慧泽小学智慧社区服务站,慧泽小学智慧社区服务站,快递,2025-04-23 15:37:45,,2,1.24,0,8.00,0.00,4.08,51% ,2,1914946765935529984,极兔快递,JT0016231106265,服饰,浙江省,
慧泽小学智慧社区服务站_站点-慧泽小学智慧社区服务站,慧泽小学智慧社区服务站,慧泽小学智慧社区服务站,快递,2025-04-23 15:35:59,,1,0.61,0,6.00,0.00,2.80,6-3.2,2,1914946307250638848,极兔快递,JT0016232869577,口红,广东省,
慧泽小学智慧社区服务站_站点-慧泽小学智慧社区服务站,慧泽小学智慧社区服务站,慧泽小学智慧社区服务站,快递,2025-04-23 15:34:55,,1,0.93,0,6.00,0.00,2.80,6-3.2,2,1914946028790796288,极兔快递,JT0016238375000,窗帘,山东省,
慧泽小学智慧社区服务站_站点-慧泽小学智慧社区服务站,慧泽小学智慧社区服务站,慧泽小学智慧社区服务站,快递,2025-04-23 15:09:33,,1,0.2,0,6.00,0.00,2.80,6-3.2,2,1914939645408235520,极兔快递,JT0016237378318,印章,广东省,
慧泽小学智慧社区服务站_站点-慧泽小学智慧社区服务站,慧泽小学智慧社区服务站,慧泽小学智慧社区服务站,快递,2025-04-23 15:02:39,,1,0.2,0,6.00,0.00,2.80,6-3.2,2,1914937909754908672,极兔快递,JT0016236356557,美甲,江西省,
慧泽小学智慧社区服务站_站点-慧泽小学智慧社区服务站,慧泽小学智慧社区服务站,慧泽小学智慧社区服务站,快递,2025-04-23 14:58:58,,1,0.3,0,6.00,0.00,2.80,6-3.2,2,1914936982645952512,极兔快递,JT0016230919910,发带,浙江省,
慧泽小学智慧社区服务站_站点-慧泽小学智慧社区服务站,慧泽小学智慧社区服务站,慧泽小学智慧社区服务站,快递,2025-04-23 14:30:36,,1,0.2,0,6.00,0.00,2.80,6-3.2,2,1914929862714249216,极兔快递,JT0016235991055,发饰,浙江省,
慧泽小学智慧社区服务站_站点-慧泽小学智慧社区服务站,慧泽小学智慧社区服务站,慧泽小学智慧社区服务站,快递,2025-04-23 14:13:35,,1,0.21,0,6.00,0.00,2.80,6-3.2,2,1914925553897361408,极兔快递,JT0016234263907,服饰,广东省,
慧泽小学智慧社区服务站_站点-慧泽小学智慧社区服务站,慧泽小学智慧社区服务站,慧泽小学智慧社区服务站,快递,2025-04-23 13:59:00,,1,0.58,0,6.00,0.00,2.80,6-3.2,2,1914921911542796288,极兔快递,JT0016231460153,服饰,广东省,
慧泽小学智慧社区服务站_站点-慧泽小学智慧社区服务站,慧泽小学智慧社区服务站,慧泽小学智慧社区服务站,快递,2025-04-23 13:40:41,,1,0.2,0,6.00,0.00,2.80,6-3.2,2,1914917301390331904,极兔快递,JT0016229216876,服饰,浙江省,
慧泽小学智慧社区服务站_站点-慧泽小学智慧社区服务站,慧泽小学智慧社区服务站,慧泽小学智慧社区服务站,快递,2025-04-23 13:37:43,,1,0.2,0,6.00,0.00,2.80,6-3.2,2,1914916481005441024,极兔快递,JT0016235216048,服饰,广东省,
慧泽小学智慧社区服务站_站点-慧泽小学智慧社区服务站,慧泽小学智慧社区服务站,慧泽小学智慧社区服务站,快递,2025-04-23 13:32:51,,1,0.2,0,6.00,0.00,2.80,6-3.2,2,1914915325638266880,极兔快递,JT0016235381288,鼻贴,福建省,
慧泽小学智慧社区服务站_站点-慧泽小学智慧社区服务站,慧泽小学智慧社区服务站,慧泽小学智慧社区服务站,快递,2025-04-23 13:31:52,2025-04-23 05:32:26,1,,,6.00,,0.00,,2,1914915085963153408,极兔快递,JT0016235796380,服饰,福建省,已全额退款
慧泽小学智慧社区服务站_站点-慧泽小学智慧社区服务站,慧泽小学智慧社区服务站,慧泽小学智慧社区服务站,快递,2025-04-23 13:27:57,,1,0.21,0,6.00,0.00,2.80,6-3.2,2,1914913991526633472,极兔快递,JT0016235204983,服饰,辽宁省,
慧泽小学智慧社区服务站_站点-慧泽小学智慧社区服务站,慧泽小学智慧社区服务站,慧泽小学智慧社区服务站,快递,2025-04-23 13:08:33,,2,1.58,0,8.00,0.00,4.08,51% ,2,1914909217423020032,极兔快递,JT0016232251020,玩具,陕西省,
慧泽小学智慧社区服务站_站点-慧泽小学智慧社区服务站,慧泽小学智慧社区服务站,慧泽小学智慧社区服务站,快递,2025-04-23 12:25:13,,1,0.21,0,6.00,0.00,2.80,6-3.2,2,1914898307895709696,极兔快递,JT0016234080026,服饰,广东省,
慧泽小学智慧社区服务站_站点-慧泽小学智慧社区服务站,慧泽小学智慧社区服务站,慧泽小学智慧社区服务站,快递,2025-04-23 12:23:49,,1,0.2,0,6.00,0.00,2.80,6-3.2,2,1914897960565395456,极兔快递,JT0016230534655,服饰,浙江省,
慧泽小学智慧社区服务站_站点-慧泽小学智慧社区服务站,慧泽小学智慧社区服务站,慧泽小学智慧社区服务站,快递,2025-04-23 12:22:44,,1,0.36,0,6.00,0.00,2.80,6-3.2,2,1914897667513569280,极兔快递,JT0016229652208,服饰,浙江省,
慧泽小学智慧社区服务站_站点-慧泽小学智慧社区服务站,慧泽小学智慧社区服务站,慧泽小学智慧社区服务站,快递,2025-04-23 12:01:54,,1,0.2,0,6.00,0.00,2.80,6-3.2,2,1914892420015640576,极兔快递,JT0016222309065,服饰,广东省,
慧泽小学智慧社区服务站_站点-慧泽小学智慧社区服务站,慧泽小学智慧社区服务站,慧泽小学智慧社区服务站,快递,2025-04-23 11:38:04,,1,0.2,0,6.00,0.00,2.80,6-3.2,2,1914886417391996928,极兔快递,JT0016222099990,服饰,浙江省,
慧泽小学智慧社区服务站_站点-慧泽小学智慧社区服务站,慧泽小学智慧社区服务站,慧泽小学智慧社区服务站,快递,2025-04-23 10:40:16,,1,0.49,0,6.00,0.00,2.80,6-3.2,2,1914871899999883264,极兔快递,JT0016223274980,服饰,浙江省,
慧泽小学智慧社区服务站_站点-慧泽小学智慧社区服务站,慧泽小学智慧社区服务站,慧泽小学智慧社区服务站,快递,2025-04-23 10:33:02,,1,0.51,0,6.00,0.00,2.80,6-3.2,2,1914869985346244608,极兔快递,JT0016227129358,鞋子,广东省,
慧泽小学智慧社区服务站_站点-慧泽小学智慧社区服务站,慧泽小学智慧社区服务站,慧泽小学智慧社区服务站,快递,2025-04-23 10:31:17,,1,0.73,0,6.00,0.00,2.80,6-3.2,2,1914869615945502720,极兔快递,JT0016231685208,服饰,辽宁省,
慧泽小学智慧社区服务站_站点-慧泽小学智慧社区服务站,慧泽小学智慧社区服务站,慧泽小学智慧社区服务站,快递,2025-04-23 10:23:33,,1,0.2,0,6.00,0.00,2.80,6-3.2,2,1914867663123697664,极兔快递,JT0016225816542,服饰,广东省,
慧泽小学智慧社区服务站_站点-慧泽小学智慧社区服务站,慧泽小学智慧社区服务站,慧泽小学智慧社区服务站,快递,2025-04-23 10:21:11,,1,0.37,0,6.00,0.00,2.80,6-3.2,2,1914867098025119744,极兔快递,JT0016230200732,服饰,河南省,
慧泽小学智慧社区服务站_站点-慧泽小学智慧社区服务站,慧泽小学智慧社区服务站,慧泽小学智慧社区服务站,快递,2025-04-23 10:19:55,,1,0.27,0,6.00,0.00,2.80,6-3.2,2,1914866774908522496,极兔快递,JT0016230937558,服饰,安徽省,
慧泽小学智慧社区服务站_站点-慧泽小学智慧社区服务站,慧泽小学智慧社区服务站,慧泽小学智慧社区服务站,快递,2025-04-23 09:51:16,,3,1.46,1,10.00,0.00,5.50,55% ,2,1914859546621169664,极兔快递,JT0016227564519,防晒网,江苏省,
慧泽小学智慧社区服务站_站点-慧泽小学智慧社区服务站,慧泽小学智慧社区服务站,慧泽小学智慧社区服务站,快递,2025-04-23 08:56:57,,1,0.44,0,6.00,0.00,2.80,6-3.2,2,1914845890219003904,极兔快递,JT0016228892811,服饰,广东省,
慧泽小学智慧社区服务站_站点-慧泽小学智慧社区服务站,慧泽小学智慧社区服务站,慧泽小学智慧社区服务站,快递,2025-04-23 08:53:43,,1,0.92,0,7.00,0.00,2.80,6-3.2,2,1914845061743300608,极兔快递,JT0016228823313,糖蒜,上海市,
慧泽小学智慧社区服务站_站点-慧泽小学智慧社区服务站,慧泽小学智慧社区服务站,慧泽小学智慧社区服务站,快递,2025-04-23 08:37:39,,1,0.24,0,6.00,0.00,2.80,6-3.2,2,1914841015192047616,极兔快递,JT0016225451273,服饰,广东省,
慧泽小学智慧社区服务站_站点-慧泽小学智慧社区服务站,慧泽小学智慧社区服务站,慧泽小学智慧社区服务站,快递,2025-04-23 08:17:00,,1,0.51,0,6.00,0.00,2.80,6-3.2,2,1914835813797908480,极兔快递,JT0016228759450,鼻炎膏1组,浙江省,
慧泽小学智慧社区服务站_站点-慧泽小学智慧社区服务站,慧泽小学智慧社区服务站,慧泽小学智慧社区服务站,快递,2025-04-23 08:12:53,,1,0.71,0,6.00,0.00,2.80,6-3.2,2,1914834783559405568,极兔快递,JT0016226542814,服饰,陕西省,
慧泽小学智慧社区服务站_站点-慧泽小学智慧社区服务站,慧泽小学智慧社区服务站,慧泽小学智慧社区服务站,快递,2025-04-23 08:11:12,,1,0.28,0,6.00,0.00,2.80,6-3.2,2,1914834361310433280,极兔快递,JT0016223035337,服饰,宁夏回族自治区,
慧泽小学智慧社区服务站_站点-慧泽小学智慧社区服务站,慧泽小学智慧社区服务站,慧泽小学智慧社区服务站,快递,2025-04-23 07:59:13,,1,0.87,0,6.00,0.00,2.80,6-3.2,2,1914831332381216768,极兔快递,JT0016226489417,服饰,浙江省,
慧泽小学智慧社区服务站_站点-慧泽小学智慧社区服务站,慧泽小学智慧社区服务站,慧泽小学智慧社区服务站,快递,2025-04-22 20:16:57,,1,0.24,0,6.00,0.00,2.80,6-3.2,2,1914654614173437952,极兔快递,JT0016225941150,服饰,江苏省,
慧泽小学智慧社区服务站_站点-慧泽小学智慧社区服务站,慧泽小学智慧社区服务站,慧泽小学智慧社区服务站,快递,2025-04-22 19:31:35,2025-04-22 11:35:23,1,,,6.00,,0.00,,2,1914643202441138176,极兔快递,JT0016218471920,点读笔,山东省,已全额退款
慧泽小学智慧社区服务站_站点-慧泽小学智慧社区服务站,慧泽小学智慧社区服务站,慧泽小学智慧社区服务站,快递,2025-04-22 19:33:16,,1,0.32,0,6.00,0.00,2.80,6-3.2,2,1914643640817209344,极兔快递,JT0016221339929,点读笔,山东省,
慧泽小学智慧社区服务站_站点-慧泽小学智慧社区服务站,慧泽小学智慧社区服务站,慧泽小学智慧社区服务站,快递,2025-04-22 19:11:49,,1,0.2,0,6.00,0.00,2.80,6-3.2,2,1914638242357891072,极兔快递,JT0016221856118,帽子,福建省,
慧泽小学智慧社区服务站_站点-慧泽小学智慧社区服务站,慧泽小学智慧社区服务站,慧泽小学智慧社区服务站,快递,2025-04-22 19:10:58,,1,0.2,0,6.00,0.00,2.80,6-3.2,2,1914638023310364672,极兔快递,JT0016225055317,服饰,河北省,
慧泽小学智慧社区服务站_站点-慧泽小学智慧社区服务站,慧泽小学智慧社区服务站,慧泽小学智慧社区服务站,快递,2025-04-22 19:10:10,,1,0.2,0,6.00,0.00,2.80,6-3.2,2,1914637831299321856,极兔快递,JT0016223666377,服饰,河北省,
慧泽小学智慧社区服务站_站点-慧泽小学智慧社区服务站,慧泽小学智慧社区服务站,慧泽小学智慧社区服务站,快递,2025-04-22 19:08:14,,1,0.6,0,6.00,0.00,2.80,6-3.2,2,1914637324790976512,极兔快递,JT0016225421820,服饰,辽宁省,
慧泽小学智慧社区服务站_站点-慧泽小学智慧社区服务站,慧泽小学智慧社区服务站,慧泽小学智慧社区服务站,快递,2025-04-22 18:41:31,,1,0.44,0,6.00,0.00,2.80,6-3.2,2,1914630624767823872,极兔快递,JT0016225542031,服饰,广东省,
慧泽小学智慧社区服务站_站点-慧泽小学智慧社区服务站,慧泽小学智慧社区服务站,慧泽小学智慧社区服务站,快递,2025-04-22 18:33:26,,1,0.61,0,6.00,0.00,2.80,6-3.2,2,1914628568703225856,极兔快递,JT0016223240731,鞋子,河南省,
慧泽小学智慧社区服务站_站点-慧泽小学智慧社区服务站,慧泽小学智慧社区服务站,慧泽小学智慧社区服务站,快递,2025-04-22 18:04:05,,1,0.2,0,6.00,0.00,2.80,6-3.2,2,1914621200238039040,极兔快递,JT0016225076352,帽子,福建省,
慧泽小学智慧社区服务站_站点-慧泽小学智慧社区服务站,慧泽小学智慧社区服务站,慧泽小学智慧社区服务站,快递,2025-04-22 17:47:03,,1,0.2,0,6.00,0.00,2.80,6-3.2,2,1914616894101311488,极兔快递,JT0016224510585,鞋子,浙江省,
慧泽小学智慧社区服务站_站点-慧泽小学智慧社区服务站,慧泽小学智慧社区服务站,慧泽小学智慧社区服务站,快递,2025-04-22 17:19:05,,1,0.36,0,6.00,0.00,2.80,6-3.2,2,1914608954850070528,极兔快递,JT0016223301852,服饰,浙江省,
慧泽小学智慧社区服务站_站点-慧泽小学智慧社区服务站,慧泽小学智慧社区服务站,慧泽小学智慧社区服务站,快递,2025-04-22 17:17:37,,1,0.4,0,6.00,0.00,2.80,6-3.2,2,1914609510578573312,极兔快递,JT0016223669196,服饰,广东省,
慧泽小学智慧社区服务站_站点-慧泽小学智慧社区服务站,慧泽小学智慧社区服务站,慧泽小学智慧社区服务站,快递,2025-04-22 17:07:55,,1,0.35,0,6.00,0.00,2.80,6-3.2,2,1914607050082406400,极兔快递,JT0016220613970,服饰,广东省,
慧泽小学智慧社区服务站_站点-慧泽小学智慧社区服务站,慧泽小学智慧社区服务站,慧泽小学智慧社区服务站,快递,2025-04-22 16:57:13,,1,0.24,0,6.00,0.00,2.80,6-3.2,2,1914604352197021696,极兔快递,JT0016221014486,服饰,河北省,
慧泽小学智慧社区服务站_站点-慧泽小学智慧社区服务站,慧泽小学智慧社区服务站,慧泽小学智慧社区服务站,快递,2025-04-22 16:25:13,,2.15,2.12,0,10.00,0.00,5.50,55% ,2,1914596311636561920,极兔快递,JT0016222832221,米茶,甘肃省,
慧泽小学智慧社区服务站_站点-慧泽小学智慧社区服务站,慧泽小学智慧社区服务站,慧泽小学智慧社区服务站,快递,2025-04-22 16:12:32,,3,1.26,1,10.00,0.00,5.50,55% ,2,1914593099617587200,极兔快递,JT0016220341945,被子,河北省,
慧泽小学智慧社区服务站_站点-慧泽小学智慧社区服务站,慧泽小学智慧社区服务站,慧泽小学智慧社区服务站,快递,2025-04-22 15:44:34,,1,0.61,0,6.00,0.00,2.80,6-3.2,2,1914585984018599936,极兔快递,JT0016214086108,纸巾盒,浙江省,
慧泽小学智慧社区服务站_站点-慧泽小学智慧社区服务站,慧泽小学智慧社区服务站,慧泽小学智慧社区服务站,快递,2025-04-22 15:12:25,,1,0.43,0,6.00,0.00,2.80,6-3.2,2,1914578004011307008,极兔快递,JT0016213801868,服饰,广东省,
慧泽小学智慧社区服务站_站点-慧泽小学智慧社区服务站,慧泽小学智慧社区服务站,慧泽小学智慧社区服务站,快递,2025-04-22 15:10:11,,1,0.44,0,6.00,0.00,2.80,6-3.2,2,1914577412010463232,极兔快递,JT0016220182690,服饰,广东省,
慧泽小学智慧社区服务站_站点-慧泽小学智慧社区服务站,慧泽小学智慧社区服务站,慧泽小学智慧社区服务站,快递,2025-04-22 15:08:29,,1,0.59,0,6.00,0.00,2.80,6-3.2,2,1914577000352108544,极兔快递,JT0016220388886,服饰,安徽省,
慧泽小学智慧社区服务站_站点-慧泽小学智慧社区服务站,慧泽小学智慧社区服务站,慧泽小学智慧社区服务站,快递,2025-04-22 15:07:50,,1,0.4,0,6.00,0.00,2.80,6-3.2,2,1914576848149204992,极兔快递,JT0016220809487,服饰,浙江省,
慧泽小学智慧社区服务站_站点-慧泽小学智慧社区服务站,慧泽小学智慧社区服务站,慧泽小学智慧社区服务站,快递,2025-04-22 15:06:13,,2,0.99,1,8.00,0.00,4.08,51% ,2,1914576430908231680,极兔快递,JT0016218670941,鞋子,福建省,
慧泽小学智慧社区服务站_站点-慧泽小学智慧社区服务站,慧泽小学智慧社区服务站,慧泽小学智慧社区服务站,快递,2025-04-22 15:05:09,,2,0.9,1,8.00,0.00,4.08,51% ,2,1914576172954341376,极兔快递,JT0016220458743,鞋子,浙江省,
慧泽小学智慧社区服务站_站点-慧泽小学智慧社区服务站,慧泽小学智慧社区服务站,慧泽小学智慧社区服务站,快递,2025-04-22 15:04:16,,1,0.39,0,6.00,0.00,2.80,6-3.2,2,1914575943735627776,极兔快递,JT0016219050078,服饰,福建省,
慧泽小学智慧社区服务站_站点-慧泽小学智慧社区服务站,慧泽小学智慧社区服务站,慧泽小学智慧社区服务站,快递,2025-04-22 15:03:41,,1,0.2,0,6.00,0.00,2.80,6-3.2,2,1914575784809254912,极兔快递,JT0016212089105,服饰,福建省,
慧泽小学智慧社区服务站_站点-慧泽小学智慧社区服务站,慧泽小学智慧社区服务站,慧泽小学智慧社区服务站,快递,2025-04-22 15:02:20,,1,0.66,0,6.00,0.00,2.80,6-3.2,2,1914575433079115776,极兔快递,JT0016219928467,鞋子,福建省,
慧泽小学智慧社区服务站_站点-慧泽小学智慧社区服务站,慧泽小学智慧社区服务站,慧泽小学智慧社区服务站,快递,2025-04-22 14:14:25,,1,0.2,0,6.00,0.00,2.80,6-3.2,2,1914563374677413888,极兔快递,JT0016218158041,摄像头,广东省,
慧泽小学智慧社区服务站_站点-慧泽小学智慧社区服务站,慧泽小学智慧社区服务站,慧泽小学智慧社区服务站,快递,2025-04-22 12:34:03,,1,0.3,0,6.00,0.00,2.80,6-3.2,2,1914538117967040512,极兔快递,JT0016194826547,便携收纳盒,陕西省,
慧泽小学智慧社区服务站_站点-慧泽小学智慧社区服务站,慧泽小学智慧社区服务站,慧泽小学智慧社区服务站,快递,2025-04-22 12:18:48,,1,0.95,0,6.00,0.00,2.80,6-3.2,2,1914534303474044928,极兔快递,JT0016216937520,衣架,浙江省,
慧泽小学智慧社区服务站_站点-慧泽小学智慧社区服务站,慧泽小学智慧社区服务站,慧泽小学智慧社区服务站,快递,2025-04-22 12:17:21,,1,0.16,0,6.00,0.00,2.52,42% ,2,1914533941270728704,韵达快递,312719969094561,服饰,江苏省,
慧泽小学智慧社区服务站_站点-慧泽小学智慧社区服务站,慧泽小学智慧社区服务站,慧泽小学智慧社区服务站,快递,2025-04-22 12:09:44,,1,0.38,0,6.00,0.00,2.80,6-3.2,2,1914532004630548480,极兔快递,JT0016193161937,服饰,河北省,
慧泽小学智慧社区服务站_站点-慧泽小学智慧社区服务站,慧泽小学智慧社区服务站,慧泽小学智慧社区服务站,快递,2025-04-22 10:43:13,,1,0.2,0,6.00,0.00,2.80,6-3.2,2,1914510235127435264,极兔快递,JT0016211732566,服饰,广东省,
慧泽小学智慧社区服务站_站点-慧泽小学智慧社区服务站,慧泽小学智慧社区服务站,慧泽小学智慧社区服务站,快递,2025-04-22 10:26:58,,2,1.06,0,8.00,0.00,4.08,51% ,2,1914506135342075904,极兔快递,JT0016211240353,鞋子,陕西省,
慧泽小学智慧社区服务站_站点-慧泽小学智慧社区服务站,慧泽小学智慧社区服务站,慧泽小学智慧社区服务站,快递,2025-04-22 08:50:34,,1.15,1.09,0,8.00,0.00,4.08,51% ,2,1914481822522068992,极兔快递,JT0016211214084,米茶,陕西省,
慧泽小学智慧社区服务站_站点-慧泽小学智慧社区服务站,慧泽小学智慧社区服务站,慧泽小学智慧社区服务站,快递,2025-04-22 08:45:21,,2,1.97,0,8.00,0.00,4.08,51% ,2,1914480589690294272,极兔快递,JT0016204990351,糖蒜,辽宁省,
慧泽小学智慧社区服务站_站点-慧泽小学智慧社区服务站,慧泽小学智慧社区服务站,慧泽小学智慧社区服务站,快递,2025-04-22 08:36:20,,1,0.2,0,6.00,0.00,2.80,6-3.2,2,1914478291270422528,极兔快递,JT0016211654012,服饰,浙江省,
慧泽小学智慧社区服务站_站点-慧泽小学智慧社区服务站,慧泽小学智慧社区服务站,慧泽小学智慧社区服务站,快递,2025-04-22 08:29:35,,1,0.98,0,6.00,0.00,2.80,6-3.2,2,1914476612626075648,极兔快递,JT0016205077973,糖蒜,山东省,
慧泽小学智慧社区服务站_站点-慧泽小学智慧社区服务站,慧泽小学智慧社区服务站,慧泽小学智慧社区服务站,快递,2025-04-22 08:28:24,,2,1.21,0,8.00,0.00,4.08,51% ,2,1914476292663595008,极兔快递,JT0016210090255,糖蒜,四川省,
慧泽小学智慧社区服务站_站点-慧泽小学智慧社区服务站,慧泽小学智慧社区服务站,慧泽小学智慧社区服务站,快递,2025-04-22 08:27:29,,2,1.84,0,8.00,0.00,4.08,51% ,2,1914475998621913088,极兔快递,JT0016182859481,糖蒜,辽宁省,
慧泽小学智慧社区服务站_站点-慧泽小学智慧社区服务站,慧泽小学智慧社区服务站,慧泽小学智慧社区服务站,快递,2025-04-22 08:22:36,,1,0.51,0,6.00,0.00,2.80,6-3.2,2,1914474821658267648,极兔快递,JT0016208727609,鼻炎膏,江苏省,
慧泽小学智慧社区服务站_站点-慧泽小学智慧社区服务站,慧泽小学智慧社区服务站,慧泽小学智慧社区服务站,快递,2025-04-21 21:04:04,,1,0.27,0,6.00,0.00,2.80,6-3.2,2,1914304105763753984,极兔快递,JT0016208953710,服饰,江西省,
慧泽小学智慧社区服务站_站点-慧泽小学智慧社区服务站,慧泽小学智慧社区服务站,慧泽小学智慧社区服务站,快递,2025-04-21 21:02:16,,1,0.2,0,6.00,0.00,2.80,6-3.2,2,1914303653210935296,极兔快递,JT0016208195476,手串,江苏省,
慧泽小学智慧社区服务站_站点-慧泽小学智慧社区服务站,慧泽小学智慧社区服务站,慧泽小学智慧社区服务站,快递,2025-04-21 21:01:02,,1,0.2,0,6.00,0.00,2.80,6-3.2,2,1914303322917883904,极兔快递,JT0016207133133,手串,江苏省,
慧泽小学智慧社区服务站_站点-慧泽小学智慧社区服务站,慧泽小学智慧社区服务站,慧泽小学智慧社区服务站,快递,2025-04-21 20:41:06,,1,0.43,0,6.00,0.00,2.80,6-3.2,2,1914298323391401984,极兔快递,JT0016207080121,黑色半身裙,广东省,
慧泽小学智慧社区服务站_站点-慧泽小学智慧社区服务站,慧泽小学智慧社区服务站,慧泽小学智慧社区服务站,快递,2025-04-21 20:39:45,,1,0.2,0,6.00,0.00,2.80,6-3.2,2,1914297985477300224,极兔快递,JT0016209208195,口罩,浙江省,
慧泽小学智慧社区服务站_站点-慧泽小学智慧社区服务站,慧泽小学智慧社区服务站,慧泽小学智慧社区服务站,快递,2025-04-21 20:38:24,,1,0.2,0,6.00,0.00,2.80,6-3.2,2,1914297017767481344,极兔快递,JT0016204245581,泡泡袖衬衫,浙江省,
慧泽小学智慧社区服务站_站点-慧泽小学智慧社区服务站,慧泽小学智慧社区服务站,慧泽小学智慧社区服务站,快递,2025-04-21 20:20:44,,1,0.97,0,6.00,0.00,2.80,6-3.2,2,1914293084135280640,极兔快递,JT0016195219300,服饰,湖北省,
慧泽小学智慧社区服务站_站点-慧泽小学智慧社区服务站,慧泽小学智慧社区服务站,慧泽小学智慧社区服务站,快递,2025-04-21 19:56:43,,1,0.5,0,6.00,0.00,2.80,6-3.2,2,1914287096481107968,极兔快递,JT0016205559185,服饰,广东省,
慧泽小学智慧社区服务站_站点-慧泽小学智慧社区服务站,慧泽小学智慧社区服务站,慧泽小学智慧社区服务站,快递,2025-04-21 19:45:56,,1,0.2,0,6.00,0.00,2.80,6-3.2,2,1914284424319389696,极兔快递,JT0016208379606,服饰,浙江省,
慧泽小学智慧社区服务站_站点-慧泽小学智慧社区服务站,慧泽小学智慧社区服务站,慧泽小学智慧社区服务站,快递,2025-04-21 19:33:42,,1,0.48,0,6.00,0.00,2.80,6-3.2,2,1914281362041262080,极兔快递,JT0016209437825,鞋子,福建省,
慧泽小学智慧社区服务站_站点-慧泽小学智慧社区服务站,慧泽小学智慧社区服务站,慧泽小学智慧社区服务站,快递,2025-04-21 19:31:31,,1,0.48,0,6.00,0.00,2.80,6-3.2,2,1914280817595437056,极兔快递,JT0016209450068,服饰,江苏省,
慧泽小学智慧社区服务站_站点-慧泽小学智慧社区服务站,慧泽小学智慧社区服务站,慧泽小学智慧社区服务站,快递,2025-04-21 19:30:14,,1,0.2,0,6.00,0.00,2.80,6-3.2,2,1914280495997177856,极兔快递,JT0016207111827,服饰,四川省,
慧泽小学智慧社区服务站_站点-慧泽小学智慧社区服务站,慧泽小学智慧社区服务站,慧泽小学智慧社区服务站,快递,2025-04-21 19:28:17,,1,0.2,0,6.00,0.00,2.80,6-3.2,2,1914280002285654016,极兔快递,JT0016209613325,米白色衬衫,广东省,
慧泽小学智慧社区服务站_站点-慧泽小学智慧社区服务站,慧泽小学智慧社区服务站,慧泽小学智慧社区服务站,快递,2025-04-21 19:24:43,,1,0.81,0,6.00,0.00,2.80,6-3.2,2,1914279105774145536,极兔快递,JT0016204159556,鞋子,广东省,
慧泽小学智慧社区服务站_站点-慧泽小学智慧社区服务站,慧泽小学智慧社区服务站,慧泽小学智慧社区服务站,快递,2025-04-21 19:20:32,,1,0.24,0,6.00,0.00,2.80,6-3.2,2,1914278050348847104,极兔快递,JT0016208624336,白色衬衫,广东省,
慧泽小学智慧社区服务站_站点-慧泽小学智慧社区服务站,慧泽小学智慧社区服务站,慧泽小学智慧社区服务站,快递,2025-04-21 19:19:04,,1,0.21,0,6.00,0.00,2.80,6-3.2,2,1914277683359830016,极兔快递,JT0016209589144,长袖T(银河灰),江苏省,
慧泽小学智慧社区服务站_站点-慧泽小学智慧社区服务站,慧泽小学智慧社区服务站,慧泽小学智慧社区服务站,快递,2025-04-21 19:16:40,,1,0.2,0,6.00,0.00,2.80,6-3.2,2,1914277074242031616,极兔快递,JT0016206575236,短袖,河北省,
慧泽小学智慧社区服务站_站点-慧泽小学智慧社区服务站,慧泽小学智慧社区服务站,慧泽小学智慧社区服务站,快递,2025-04-21 19:14:56,,1,0.2,0,6.00,0.00,2.80,6-3.2,2,1914276618598010880,极兔快递,JT0016209877625,上衣,浙江省,
慧泽小学智慧社区服务站_站点-慧泽小学智慧社区服务站,慧泽小学智慧社区服务站,慧泽小学智慧社区服务站,快递,2025-04-21 18:57:16,,1,0.2,0,6.00,0.00,2.80,6-3.2,2,1914185150911684608,极兔快递,JT0016205843048,面膜,广东省,
慧泽小学智慧社区服务站_站点-慧泽小学智慧社区服务站,慧泽小学智慧社区服务站,慧泽小学智慧社区服务站,快递,2025-04-21 18:56:36,,1,0.26,0,6.00,0.00,2.80,6-3.2,2,1914272025449254912,极兔快递,JT0016208557648,服饰,广东省,
慧泽小学智慧社区服务站_站点-慧泽小学智慧社区服务站,慧泽小学智慧社区服务站,慧泽小学智慧社区服务站,快递,2025-04-21 18:43:23,,1,0.2,0,6.00,0.00,2.80,6-3.2,2,1914268685483036672,极兔快递,JT0016208770095,耳饰,浙江省,
慧泽小学智慧社区服务站_站点-慧泽小学智慧社区服务站,慧泽小学智慧社区服务站,慧泽小学智慧社区服务站,快递,2025-04-21 18:34:11,,1,0.2,0,6.00,0.00,2.80,6-3.2,2,1914266385456746496,极兔快递,JT0016208851996,卡片,山东省,
慧泽小学智慧社区服务站_站点-慧泽小学智慧社区服务站,慧泽小学智慧社区服务站,慧泽小学智慧社区服务站,快递,2025-04-21 18:16:44,,1,0.2,0,6.00,0.00,2.80,6-3.2,2,1914261990732124160,极兔快递,JT0016208844436,服饰,湖北省,
慧泽小学智慧社区服务站_站点-慧泽小学智慧社区服务站,慧泽小学智慧社区服务站,慧泽小学智慧社区服务站,快递,2025-04-21 18:15:41,,1,0.2,0,6.00,0.00,2.80,6-3.2,2,1914261734187520000,极兔快递,JT0016207393293,服饰,湖北省,
慧泽小学智慧社区服务站_站点-慧泽小学智慧社区服务站,慧泽小学智慧社区服务站,慧泽小学智慧社区服务站,快递,2025-04-21 18:13:34,,1,0.38,0,6.00,0.00,2.80,6-3.2,2,1914261177834065920,极兔快递,JT0016208331650,服饰,浙江省,
慧泽小学智慧社区服务站_站点-慧泽小学智慧社区服务站,慧泽小学智慧社区服务站,慧泽小学智慧社区服务站,快递,2025-04-21 18:05:47,,1,0.39,0,6.00,0.00,2.80,6-3.2,2,1914259233237291008,极兔快递,JT0016208928140,服饰,浙江省,
慧泽小学智慧社区服务站_站点-慧泽小学智慧社区服务站,慧泽小学智慧社区服务站,慧泽小学智慧社区服务站,快递,2025-04-21 18:04:45,,1,0.69,0,6.00,0.00,2.80,6-3.2,2,1914258979393818624,极兔快递,JT0016207715727,服饰,广东省,
慧泽小学智慧社区服务站_站点-慧泽小学智慧社区服务站,慧泽小学智慧社区服务站,慧泽小学智慧社区服务站,快递,2025-04-21 17:56:42,,1,0.47,0,6.00,0.00,2.80,6-3.2,2,1914256951082930176,极兔快递,JT0016207923806,服饰,陕西省,
慧泽小学智慧社区服务站_站点-慧泽小学智慧社区服务站,慧泽小学智慧社区服务站,慧泽小学智慧社区服务站,快递,2025-04-21 17:55:20,,1,0.35,0,6.00,0.00,2.80,6-3.2,2,1914256591882735616,极兔快递,JT0016207617965,服饰,广东省,
慧泽小学智慧社区服务站_站点-慧泽小学智慧社区服务站,慧泽小学智慧社区服务站,慧泽小学智慧社区服务站,快递,2025-04-21 17:49:27,,1,0.33,0,6.00,0.00,2.80,6-3.2,2,1914253537485705216,极兔快递,JT0016207062383,服饰,陕西省,
慧泽小学智慧社区服务站_站点-慧泽小学智慧社区服务站,慧泽小学智慧社区服务站,慧泽小学智慧社区服务站,快递,2025-04-21 17:39:58,,1,0.37,0,6.00,0.00,2.80,6-3.2,2,1914252726613495808,极兔快递,JT0016206889129,服饰,浙江省,
慧泽小学智慧社区服务站_站点-慧泽小学智慧社区服务站,慧泽小学智慧社区服务站,慧泽小学智慧社区服务站,快递,2025-04-21 17:31:25,,1,0.2,0,6.00,0.00,2.80,6-3.2,2,1914250572394602496,极兔快递,JT0016207617859,项链,浙江省,
慧泽小学智慧社区服务站_站点-慧泽小学智慧社区服务站,慧泽小学智慧社区服务站,慧泽小学智慧社区服务站,快递,2025-04-21 17:08:12,,1,0.46,0,6.00,0.00,2.80,6-3.2,2,1914244730010148864,极兔快递,JT0016206565279,服饰,浙江省,
慧泽小学智慧社区服务站_站点-慧泽小学智慧社区服务站,慧泽小学智慧社区服务站,慧泽小学智慧社区服务站,快递,2025-04-21 16:46:38,,1,0.38,0,6.00,0.00,2.80,6-3.2,2,1914239302706601984,极兔快递,JT0016200653952,服饰,湖北省,
慧泽小学智慧社区服务站_站点-慧泽小学智慧社区服务站,慧泽小学智慧社区服务站,慧泽小学智慧社区服务站,快递,2025-04-21 13:27:04,,1,0.24,0,6.00,0.00,2.80,6-3.2,2,1914189100146696192,极兔快递,JT0016200122438,服饰,河北省,
慧泽小学智慧社区服务站_站点-慧泽小学智慧社区服务站,慧泽小学智慧社区服务站,慧泽小学智慧社区服务站,快递,2025-04-21 13:25:50,,1,0.28,0,6.00,0.00,2.80,6-3.2,2,1914188770122080256,极兔快递,JT0016198747394,服饰,江苏省,
慧泽小学智慧社区服务站_站点-慧泽小学智慧社区服务站,慧泽小学智慧社区服务站,慧泽小学智慧社区服务站,快递,2025-04-21 13:15:25,,1,0.2,0,6.00,0.00,2.80,6-3.2,2,1914186165836783616,极兔快递,JT0016197709809,服饰,广东省,
慧泽小学智慧社区服务站_站点-慧泽小学智慧社区服务站,慧泽小学智慧社区服务站,慧泽小学智慧社区服务站,快递,2025-04-21 12:56:55,,1,0.58,0,6.00,0.00,2.80,6-3.2,2,1914181444090667008,极兔快递,JT0016200009713,服饰,广东省,
慧泽小学智慧社区服务站_站点-慧泽小学智慧社区服务站,慧泽小学智慧社区服务站,慧泽小学智慧社区服务站,快递,2025-04-21 12:46:25,,1,0.2,0,6.00,0.00,2.80,6-3.2,2,1914178848303030272,极兔快递,JT0016200503231,项链,浙江省,
慧泽小学智慧社区服务站_站点-慧泽小学智慧社区服务站,慧泽小学智慧社区服务站,慧泽小学智慧社区服务站,快递,2025-04-21 11:02:10,,3,1.96,1,10.00,0.00,5.50,55% ,2,1914152551648534528,极兔快递,JT0016198722131,电饭煲,广东省,
慧泽小学智慧社区服务站_站点-慧泽小学智慧社区服务站,慧泽小学智慧社区服务站,慧泽小学智慧社区服务站,快递,2025-04-21 10:45:04,,1,0.47,0,6.00,0.00,2.80,6-3.2,2,1914147460937883648,极兔快递,JT0016195978505,书包,福建省,
慧泽小学智慧社区服务站_站点-慧泽小学智慧社区服务站,慧泽小学智慧社区服务站,慧泽小学智慧社区服务站,快递,2025-04-21 10:26:05,,1,0.59,0,6.00,0.00,2.80,6-3.2,2,1914143544057733120,极兔快递,JT0016196668791,服饰,广西壮族自治区,
慧泽小学智慧社区服务站_站点-慧泽小学智慧社区服务站,慧泽小学智慧社区服务站,慧泽小学智慧社区服务站,快递,2025-04-21 10:24:57,,1,0.2,0,6.00,0.00,2.80,6-3.2,2,1914143267036536832,极兔快递,JT0016197128386,假睫毛,山东省,
慧泽小学智慧社区服务站_站点-慧泽小学智慧社区服务站,慧泽小学智慧社区服务站,慧泽小学智慧社区服务站,快递,2025-04-21 10:21:55,,1,0.76,0,6.00,0.00,2.80,6-3.2,2,1914142480403210240,极兔快递,JT0016197254359,服饰,广东省,
慧泽小学智慧社区服务站_站点-慧泽小学智慧社区服务站,慧泽小学智慧社区服务站,慧泽小学智慧社区服务站,快递,2025-04-21 09:56:25,,1,0.62,0,6.00,0.00,2.80,6-3.2,2,1914136089517039616,极兔快递,JT0016196377357,挡风被,江苏省,
慧泽小学智慧社区服务站_站点-慧泽小学智慧社区服务站,慧泽小学智慧社区服务站,慧泽小学智慧社区服务站,快递,2025-04-21 09:52:50,,1,0.2,0,6.00,0.00,2.80,6-3.2,2,1914135112105795584,极兔快递,JT0016194052020,裤子,浙江省,
慧泽小学智慧社区服务站_站点-慧泽小学智慧社区服务站,慧泽小学智慧社区服务站,慧泽小学智慧社区服务站,快递,2025-04-21 09:51:39,,1,0.24,0,6.00,0.00,2.80,6-3.2,2,1914134888704581632,极兔快递,JT0016191229845,服饰,福建省,
慧泽小学智慧社区服务站_站点-慧泽小学智慧社区服务站,慧泽小学智慧社区服务站,慧泽小学智慧社区服务站,快递,2025-04-21 09:49:06,,1,0.31,0,6.00,0.00,2.80,6-3.2,2,1914134243608043520,极兔快递,JT0016195911928,服饰,福建省,
慧泽小学智慧社区服务站_站点-慧泽小学智慧社区服务站,慧泽小学智慧社区服务站,慧泽小学智慧社区服务站,快递,2025-04-21 09:41:49,,3,2.48,0,10.00,0.00,5.50,55% ,2,1914132414174273536,极兔快递,JT0016191431136,服饰,山东省,
慧泽小学智慧社区服务站_站点-慧泽小学智慧社区服务站,慧泽小学智慧社区服务站,慧泽小学智慧社区服务站,快递,2025-04-21 09:36:17,,1,0.38,0,6.00,0.00,2.80,6-3.2,2,1914130992447823872,极兔快递,JT0016196555861,服饰,湖北省,
慧泽小学智慧社区服务站_站点-慧泽小学智慧社区服务站,慧泽小学智慧社区服务站,慧泽小学智慧社区服务站,快递,2025-04-21 08:45:04,,1,0.2,0,6.00,0.00,2.80,6-3.2,2,1914118128836222976,极兔快递,JT0016193316391,服饰,广东省,
慧泽小学智慧社区服务站_站点-慧泽小学智慧社区服务站,慧泽小学智慧社区服务站,慧泽小学智慧社区服务站,快递,2025-04-21 08:42:01,,1,0.68,0,6.00,0.00,2.80,6-3.2,2,1914117364147494912,极兔快递,JT0016194720233,生活用品,河南省,
慧泽小学智慧社区服务站_站点-慧泽小学智慧社区服务站,慧泽小学智慧社区服务站,慧泽小学智慧社区服务站,快递,2025-04-21 08:40:57,,1,0.2,0,6.00,0.00,2.80,6-3.2,2,1914117096676728832,极兔快递,JT0016194935515,抑菌膏,河南省,
慧泽小学智慧社区服务站_站点-慧泽小学智慧社区服务站,慧泽小学智慧社区服务站,慧泽小学智慧社区服务站,快递,2025-04-21 08:39:38,,1,0.52,0,6.00,0.00,2.80,6-3.2,2,1914116739821150208,极兔快递,JT0016186314604,空调被,河南省,
慧泽小学智慧社区服务站_站点-慧泽小学智慧社区服务站,慧泽小学智慧社区服务站,慧泽小学智慧社区服务站,快递,2025-04-21 08:31:48,,2,1.86,0,8.00,0.00,4.08,51% ,2,1914114790304456704,极兔快递,JT0016194883924,糖蒜,浙江省,
慧泽小学智慧社区服务站_站点-慧泽小学智慧社区服务站,慧泽小学智慧社区服务站,慧泽小学智慧社区服务站,快递,2025-04-21 08:29:28,,1,0.87,0,6.00,0.00,2.80,6-3.2,2,1914110156550643712,极兔快递,JT0016190829700,鞋子,广东省,
慧泽小学智慧社区服务站_站点-慧泽小学智慧社区服务站,慧泽小学智慧社区服务站,慧泽小学智慧社区服务站,快递,2025-04-21 08:28:10,,1,0.35,0,6.00,0.00,2.80,6-3.2,2,1914113808929595392,极兔快递,JT0016192609288,服饰,湖南省,
慧泽小学智慧社区服务站_站点-慧泽小学智慧社区服务站,慧泽小学智慧社区服务站,慧泽小学智慧社区服务站,快递,2025-04-21 08:25:17,,1,0.5,0,6.00,0.00,2.80,6-3.2,2,1914113150344175616,极兔快递,JT0016189712163,鼻炎膏1组,安徽省,
慧泽小学智慧社区服务站_站点-慧泽小学智慧社区服务站,慧泽小学智慧社区服务站,慧泽小学智慧社区服务站,快递,2025-04-21 08:23:44,,1,0.53,0,6.00,0.00,2.80,6-3.2,2,1914112716825108480,极兔快递,JT0016189900612,鼻炎膏1组,浙江省,
慧泽小学智慧社区服务站_站点-慧泽小学智慧社区服务站,慧泽小学智慧社区服务站,慧泽小学智慧社区服务站,快递,2025-04-21 08:21:21,,1,0.55,0,6.00,0.00,2.80,6-3.2,2,1914112157195902976,极兔快递,JT0016191913126,鼻炎膏1组,贵州省,
慧泽小学智慧社区服务站_站点-慧泽小学智慧社区服务站,慧泽小学智慧社区服务站,慧泽小学智慧社区服务站,快递,2025-04-21 08:19:39,,1,1.1,-1,6.00,0.00,2.80,6-3.2,2,1914111734531694592,极兔快递,JT0016193409335,米珠,辽宁省,
慧泽小学智慧社区服务站_站点-慧泽小学智慧社区服务站,慧泽小学智慧社区服务站,慧泽小学智慧社区服务站,快递,2025-04-21 08:17:43,,1,0.2,0,7.00,0.00,2.80,6-3.2,2,1914111236135133184,极兔快递,JT0016195059762,挂件,上海市,
慧泽小学智慧社区服务站_站点-慧泽小学智慧社区服务站,慧泽小学智慧社区服务站,慧泽小学智慧社区服务站,快递,2025-04-21 08:14:34,,1,0.31,0,6.00,0.00,2.80,6-3.2,2,1914110409924354048,极兔快递,JT0016192258294,衬衫,广东省,
慧泽小学智慧社区服务站_站点-慧泽小学智慧社区服务站,慧泽小学智慧社区服务站,慧泽小学智慧社区服务站,快递,2025-04-21 08:12:34,,1,0.22,0,6.00,0.00,2.80,6-3.2,2,1914109943308034048,极兔快递,JT0016192417099,服饰,辽宁省,
慧泽小学智慧社区服务站_站点-慧泽小学智慧社区服务站,慧泽小学智慧社区服务站,慧泽小学智慧社区服务站,快递,2025-04-21 08:11:51,,1,0.2,0,6.00,0.00,2.80,6-3.2,2,1914109754392387584,极兔快递,JT0016184883174,服饰,广东省,
慧泽小学智慧社区服务站_站点-慧泽小学智慧社区服务站,慧泽小学智慧社区服务站,慧泽小学智慧社区服务站,快递,2025-04-21 08:08:32,,1,0.26,0,6.00,0.00,2.80,6-3.2,2,1914108928462626816,极兔快递,JT0016194302955,白色短袖,广东省,
慧泽小学智慧社区服务站_站点-慧泽小学智慧社区服务站,慧泽小学智慧社区服务站,慧泽小学智慧社区服务站,快递,2025-04-21 08:04:14,,1,0.2,0,6.00,0.00,2.80,6-3.2,2,1914107809598480384,极兔快递,JT0016192907454,腰带,浙江省,
慧泽小学智慧社区服务站_站点-慧泽小学智慧社区服务站,慧泽小学智慧社区服务站,慧泽小学智慧社区服务站,快递,2025-04-21 08:01:42,,1,0.2,0,6.00,0.00,2.80,6-3.2,2,1914107197406257152,极兔快递,JT0016184631517,服饰,广东省,
慧泽小学智慧社区服务站_站点-慧泽小学智慧社区服务站,慧泽小学智慧社区服务站,慧泽小学智慧社区服务站,快递,2025-04-21 07:59:16,,1,0.32,0,6.00,0.00,2.80,6-3.2,2,1914106553916137472,极兔快递,JT0016194543878,粉色衣服,湖北省,
慧泽小学智慧社区服务站_站点-慧泽小学智慧社区服务站,慧泽小学智慧社区服务站,慧泽小学智慧社区服务站,快递,2025-04-21 07:57:27,,1,0.41,0,6.00,0.00,2.80,6-3.2,2,1914106133890146304,极兔快递,JT0016193114673,红色衣服,湖北省,
慧泽小学智慧社区服务站_站点-慧泽小学智慧社区服务站,慧泽小学智慧社区服务站,慧泽小学智慧社区服务站,快递,2025-04-21 07:56:25,,2,1.09,0,8.00,0.00,4.08,51% ,2,1914105878981320704,极兔快递,JT0016184976718,鞋子,安徽省,
慧泽小学智慧社区服务站_站点-慧泽小学智慧社区服务站,慧泽小学智慧社区服务站,慧泽小学智慧社区服务站,快递,2025-04-21 07:55:10,,1,0.91,0,6.00,0.00,2.80,6-3.2,2,1914105499895930880,极兔快递,JT0016194279851,服饰,广东省,
慧泽小学智慧社区服务站_站点-慧泽小学智慧社区服务站,慧泽小学智慧社区服务站,慧泽小学智慧社区服务站,快递,2025-04-21 07:46:30,2025-04-20 23:52:21,23,,,69.00,,0.00,,2,1914103373027287040,极兔快递,,生活用品,陕西省,已全额退款
慧泽小学智慧社区服务站_站点-慧泽小学智慧社区服务站,慧泽小学智慧社区服务站,慧泽小学智慧社区服务站,快递,2025-04-21 07:47:00,,2.3,2.16,0,10.00,0.00,5.50,55% ,2,1914103500198584320,极兔快递,JT0016190285212,生活用品,陕西省,
慧泽小学智慧社区服务站_站点-慧泽小学智慧社区服务站,慧泽小学智慧社区服务站,慧泽小学智慧社区服务站,快递,2025-04-20 20:56:02,,1,0.25,0,6.00,0.00,2.80,6-3.2,2,1913939646399324160,极兔快递,JT0016191100910,服饰,陕西省,
慧泽小学智慧社区服务站_站点-慧泽小学智慧社区服务站,慧泽小学智慧社区服务站,慧泽小学智慧社区服务站,快递,2025-04-20 20:39:43,,1,0.73,0,6.00,0.00,2.80,6-3.2,2,1913935594982678528,极兔快递,JT0016192559373,服饰,湖南省,
慧泽小学智慧社区服务站_站点-慧泽小学智慧社区服务站,慧泽小学智慧社区服务站,慧泽小学智慧社区服务站,快递,2025-04-20 20:23:14,,1,0.84,0,6.00,0.00,2.80,6-3.2,2,1913931447067680768,极兔快递,JT0016187898369,书,广东省,
慧泽小学智慧社区服务站_站点-慧泽小学智慧社区服务站,慧泽小学智慧社区服务站,慧泽小学智慧社区服务站,快递,2025-04-20 20:22:36,,1.1,1.11,0,8.00,0.00,4.08,51% ,2,1913931259703926784,极兔快递,JT0016191358609,书,福建省,
慧泽小学智慧社区服务站_站点-慧泽小学智慧社区服务站,慧泽小学智慧社区服务站,慧泽小学智慧社区服务站,快递,2025-04-20 19:20:24,,2,1.21,0,8.00,0.00,4.08,51% ,2,1913915618229952512,极兔快递,JT0016193007803,服饰,广东省,
慧泽小学智慧社区服务站_站点-慧泽小学智慧社区服务站,慧泽小学智慧社区服务站,慧泽小学智慧社区服务站,快递,2025-04-20 19:01:02,,1,0.26,0,6.00,0.00,2.80,6-3.2,2,1913910730729136128,极兔快递,JT0016191923261,服饰,浙江省,
慧泽小学智慧社区服务站_站点-慧泽小学智慧社区服务站,慧泽小学智慧社区服务站,慧泽小学智慧社区服务站,快递,2025-04-20 18:32:47,,1,0.28,0,6.00,0.00,2.80,6-3.2,2,1913903623392927744,极兔快递,JT0016191449745,服饰,广东省,
慧泽小学智慧社区服务站_站点-慧泽小学智慧社区服务站,慧泽小学智慧社区服务站,慧泽小学智慧社区服务站,快递,2025-04-20 18:13:00,,1,0.2,0,6.00,0.00,2.80,6-3.2,2,1913898649212624896,极兔快递,JT0016185034265,服饰,江苏省,
慧泽小学智慧社区服务站_站点-慧泽小学智慧社区服务站,慧泽小学智慧社区服务站,慧泽小学智慧社区服务站,快递,2025-04-20 18:05:06,,2,1.42,0,8.00,0.00,4.08,51% ,2,1913896662693781504,极兔快递,JT0016189637722,服饰,陕西省,
慧泽小学智慧社区服务站_站点-慧泽小学智慧社区服务站,慧泽小学智慧社区服务站,慧泽小学智慧社区服务站,快递,2025-04-20 17:34:44,,2,1.87,0,25.00,0.00,5.00,20% ,2,1913889006331568128,极兔快递,JT0016190944345,服饰,新疆维吾尔自治区,
慧泽小学智慧社区服务站_站点-慧泽小学智慧社区服务站,慧泽小学智慧社区服务站,慧泽小学智慧社区服务站,快递,2025-04-20 16:26:33,,1,0.52,0,6.00,0.00,2.80,6-3.2,2,1913871868128600064,极兔快递,JT0016185281833,裤子,安徽省,
慧泽小学智慧社区服务站_站点-慧泽小学智慧社区服务站,慧泽小学智慧社区服务站,慧泽小学智慧社区服务站,快递,2025-04-20 16:16:05,,1,0.82,0,6.00,0.00,2.80,6-3.2,2,1913869224878219264,极兔快递,JT0016186786249,书,四川省,
慧泽小学智慧社区服务站_站点-慧泽小学智慧社区服务站,慧泽小学智慧社区服务站,慧泽小学智慧社区服务站,快递,2025-04-20 15:45:56,,1,0.51,0,6.00,0.00,2.80,6-3.2,2,1913861563541561344,极兔快递,JT0016187573426,服饰,江苏省,
慧泽小学智慧社区服务站_站点-慧泽小学智慧社区服务站,慧泽小学智慧社区服务站,慧泽小学智慧社区服务站,快递,2025-04-20 15:29:30,,1,0.2,0,7.00,0.00,2.80,6-3.2,2,1913857501320388608,极兔快递,JT0016186024331,黑色衣服,上海市,
慧泽小学智慧社区服务站_站点-慧泽小学智慧社区服务站,慧泽小学智慧社区服务站,慧泽小学智慧社区服务站,快递,2025-04-20 15:28:24,,1,0.23,0,6.00,0.00,2.80,6-3.2,2,1913857242791878656,极兔快递,JT0016188023360,服饰,湖南省,
慧泽小学智慧社区服务站_站点-慧泽小学智慧社区服务站,慧泽小学智慧社区服务站,慧泽小学智慧社区服务站,快递,2025-04-20 15:27:11,,1,0.68,0,6.00,0.00,2.80,6-3.2,2,1913856913501265920,极兔快递,JT0016187471430,蓝色外套,江苏省,
慧泽小学智慧社区服务站_站点-慧泽小学智慧社区服务站,慧泽小学智慧社区服务站,慧泽小学智慧社区服务站,快递,2025-04-20 15:21:43,,1,0.28,0,6.00,0.00,2.80,6-3.2,2,1913855564562767872,极兔快递,JT0016180009956,服饰,山东省,
慧泽小学智慧社区服务站_站点-慧泽小学智慧社区服务站,慧泽小学智慧社区服务站,慧泽小学智慧社区服务站,快递,2025-04-20 15:11:11,,3.76,2.9,1,12.00,0.00,6.00,50% ,2,1913847409527169024,极兔快递,JT0016187122932,生活用品,宁夏回族自治区,
慧泽小学智慧社区服务站_站点-慧泽小学智慧社区服务站,慧泽小学智慧社区服务站,慧泽小学智慧社区服务站,快递,2025-04-20 14:54:29,,1,0.2,0,6.00,0.00,2.80,6-3.2,2,1913848696876507136,极兔快递,JT0016181685541,卡片,广东省,
慧泽小学智慧社区服务站_站点-慧泽小学智慧社区服务站,慧泽小学智慧社区服务站,慧泽小学智慧社区服务站,快递,2025-04-20 14:53:51,,1,0.2,0,6.00,0.00,2.80,6-3.2,2,1913848554777681920,极兔快递,JT0016187411562,卡片,重庆市,
慧泽小学智慧社区服务站_站点-慧泽小学智慧社区服务站,慧泽小学智慧社区服务站,慧泽小学智慧社区服务站,快递,2025-04-20 14:38:53,,1,0.23,0,6.00,0.00,2.80,6-3.2,2,1913844762254450688,极兔快递,JT0016186693611,眼镜,江苏省,
慧泽小学智慧社区服务站_站点-慧泽小学智慧社区服务站,慧泽小学智慧社区服务站,慧泽小学智慧社区服务站,快递,2025-04-20 14:37:24,,2.5,2.45,0,10.00,0.00,5.50,55% ,2,1913844392992120832,韵达快递,312717677129346,海盐热敷,河北省,
慧泽小学智慧社区服务站_站点-慧泽小学智慧社区服务站,慧泽小学智慧社区服务站,慧泽小学智慧社区服务站,快递,2025-04-20 14:01:31,,1,0.2,0,6.00,0.00,2.80,6-3.2,2,1913835359274999808,极兔快递,JT0016183665049,架架,广东省,
慧泽小学智慧社区服务站_站点-慧泽小学智慧社区服务站,慧泽小学智慧社区服务站,慧泽小学智慧社区服务站,快递,2025-04-20 13:36:26,,1,0.25,0,6.00,0.00,2.80,6-3.2,2,1913829049024323584,极兔快递,JT0016185688782,服饰,浙江省,
慧泽小学智慧社区服务站_站点-慧泽小学智慧社区服务站,慧泽小学智慧社区服务站,慧泽小学智慧社区服务站,快递,2025-04-20 13:34:45,,1,0.97,0,6.00,0.00,2.80,6-3.2,2,1913828648795447296,极兔快递,JT0016182468065,茶叶,福建省,
慧泽小学智慧社区服务站_站点-慧泽小学智慧社区服务站,慧泽小学智慧社区服务站,慧泽小学智慧社区服务站,快递,2025-04-20 13:32:20,,1,0.63,0,6.00,0.00,2.80,6-3.2,2,1913828035944718336,极兔快递,JT0016183848886,服饰,湖北省,
慧泽小学智慧社区服务站_站点-慧泽小学智慧社区服务站,慧泽小学智慧社区服务站,慧泽小学智慧社区服务站,快递,2025-04-20 13:30:17,,1,0.79,0,6.00,0.00,2.80,6-3.2,2,1913827496162959360,极兔快递,JT0016186011061,服饰,安徽省,
慧泽小学智慧社区服务站_站点-慧泽小学智慧社区服务站,慧泽小学智慧社区服务站,慧泽小学智慧社区服务站,快递,2025-04-20 13:23:33,,2,1.31,0,8.00,0.00,4.08,51% ,2,1913825701617410048,极兔快递,JT0016185879972,鞋子,浙江省,
慧泽小学智慧社区服务站_站点-慧泽小学智慧社区服务站,慧泽小学智慧社区服务站,慧泽小学智慧社区服务站,快递,2025-04-20 12:58:31,,1,0.4,0,6.00,0.00,2.80,6-3.2,2,1913819509667078144,极兔快递,JT0016184643338,文件,陕西省,
慧泽小学智慧社区服务站_站点-慧泽小学智慧社区服务站,慧泽小学智慧社区服务站,慧泽小学智慧社区服务站,快递,2025-04-20 12:27:40,,1,0.44,0,6.00,0.00,2.80,6-3.2,2,1913811762473017344,极兔快递,JT0016184947120,牙线,广东省,
慧泽小学智慧社区服务站_站点-慧泽小学智慧社区服务站,慧泽小学智慧社区服务站,慧泽小学智慧社区服务站,快递,2025-04-20 12:25:22,,1,0.73,0,6.00,0.00,2.80,6-3.2,2,1913811183352881152,极兔快递,JT0016176210098,服饰,浙江省,
慧泽小学智慧社区服务站_站点-慧泽小学智慧社区服务站,慧泽小学智慧社区服务站,慧泽小学智慧社区服务站,快递,2025-04-20 12:24:06,,1,0.63,0,6.00,0.00,2.80,6-3.2,2,1913810851386302464,极兔快递,JT0016183326558,服饰,河北省,
慧泽小学智慧社区服务站_站点-慧泽小学智慧社区服务站,慧泽小学智慧社区服务站,慧泽小学智慧社区服务站,快递,2025-04-20 12:19:06,,1,0.49,0,6.00,0.00,2.80,6-3.2,2,1913809601991221248,极兔快递,JT0016173682466,小白鞋,河南省,
慧泽小学智慧社区服务站_站点-慧泽小学智慧社区服务站,慧泽小学智慧社区服务站,慧泽小学智慧社区服务站,快递,2025-04-20 12:18:02,,1,0.2,0,6.00,0.00,2.80,6-3.2,2,1913809332041621504,极兔快递,JT0016185055788,帽子,浙江省,
慧泽小学智慧社区服务站_站点-慧泽小学智慧社区服务站,慧泽小学智慧社区服务站,慧泽小学智慧社区服务站,快递,2025-04-20 12:17:25,,1,0.33,0,6.00,0.00,2.80,6-3.2,2,1913809162503659520,极兔快递,JT0016177878217,防晒衣,广东省,
慧泽小学智慧社区服务站_站点-慧泽小学智慧社区服务站,慧泽小学智慧社区服务站,慧泽小学智慧社区服务站,快递,2025-04-20 11:57:26,,1,0.2,0,6.00,0.00,2.80,6-3.2,2,1913804132438450176,极兔快递,JT0016183239030,服饰,广东省,
慧泽小学智慧社区服务站_站点-慧泽小学智慧社区服务站,慧泽小学智慧社区服务站,慧泽小学智慧社区服务站,快递,2025-04-20 11:56:03,,2.2,2.23,0,10.00,0.00,5.50,55% ,2,1913803785665978368,极兔快递,JT0016183394341,精华水,广东省,
慧泽小学智慧社区服务站_站点-慧泽小学智慧社区服务站,慧泽小学智慧社区服务站,慧泽小学智慧社区服务站,快递,2025-04-20 11:50:29,,1,0.33,0,6.00,0.00,2.80,6-3.2,2,1913802386832039936,极兔快递,JT0016178557731,服饰,广东省,
慧泽小学智慧社区服务站_站点-慧泽小学智慧社区服务站,慧泽小学智慧社区服务站,慧泽小学智慧社区服务站,快递,2025-04-20 10:27:11,,1,0.64,0,6.00,0.00,2.80,6-3.2,2,1913781445557166080,极兔快递,JT0016178473977,香皂,浙江省,
慧泽小学智慧社区服务站_站点-慧泽小学智慧社区服务站,慧泽小学智慧社区服务站,慧泽小学智慧社区服务站,快递,2025-04-20 10:09:44,,1,0.67,0,6.00,0.00,2.80,6-3.2,2,1913777047166722048,极兔快递,JT0016181773896,服饰,广东省,
慧泽小学智慧社区服务站_站点-慧泽小学智慧社区服务站,慧泽小学智慧社区服务站,慧泽小学智慧社区服务站,快递,2025-04-20 09:18:38,,1,0.37,0,6.00,0.00,2.80,6-3.2,2,1913764162705235968,极兔快递,JT0016175945977,鞋子,江西省,
慧泽小学智慧社区服务站_站点-慧泽小学智慧社区服务站,慧泽小学智慧社区服务站,慧泽小学智慧社区服务站,快递,2025-04-20 08:50:26,,1,0.51,0,6.00,0.00,2.80,6-3.2,2,1913757091532316672,极兔快递,JT0016168084021,鼻炎膏1组,四川省,
慧泽小学智慧社区服务站_站点-慧泽小学智慧社区服务站,慧泽小学智慧社区服务站,慧泽小学智慧社区服务站,快递,2025-04-20 08:48:49,,1,0.58,0,6.00,0.00,2.80,6-3.2,2,1913756667500765184,极兔快递,JT0016177140842,鼻炎膏1组,安徽省,
慧泽小学智慧社区服务站_站点-慧泽小学智慧社区服务站,慧泽小学智慧社区服务站,慧泽小学智慧社区服务站,快递,2025-04-20 08:43:39,,1,0.63,0,6.00,0.00,2.80,6-3.2,2,1913755294059143168,极兔快递,JT0016178265898,服饰,河北省,
慧泽小学智慧社区服务站_站点-慧泽小学智慧社区服务站,慧泽小学智慧社区服务站,慧泽小学智慧社区服务站,快递,2025-04-20 08:38:35,,1.3,1.17,0,8.00,0.00,4.08,51% ,2,1913754091443134464,极兔快递,JT0016178004539,糖蒜,广东省,
慧泽小学智慧社区服务站_站点-慧泽小学智慧社区服务站,慧泽小学智慧社区服务站,慧泽小学智慧社区服务站,快递,2025-04-19 21:13:01,,1,0.32,0,6.00,0.00,2.80,6-3.2,2,1913581551139627008,极兔快递,JT0016177403019,服饰,福建省,
慧泽小学智慧社区服务站_站点-慧泽小学智慧社区服务站,慧泽小学智慧社区服务站,慧泽小学智慧社区服务站,快递,2025-04-19 21:11:36,,1,0.33,0,6.00,0.00,2.80,6-3.2,2,1913581202764931072,极兔快递,JT0016175732593,鞋子,江苏省,
慧泽小学智慧社区服务站_站点-慧泽小学智慧社区服务站,慧泽小学智慧社区服务站,慧泽小学智慧社区服务站,快递,2025-04-19 20:41:09,,2,1.03,0,9.00,0.00,3.59,51%,2,1913571660014493696,极兔快递,JT0016176174880,鞋子,上海市,
慧泽小学智慧社区服务站_站点-慧泽小学智慧社区服务站,慧泽小学智慧社区服务站,慧泽小学智慧社区服务站,快递,2025-04-19 20:10:32,,1,0.67,0,6.00,0.00,2.80,6-3.2,2,1913565859900235776,极兔快递,JT0016170424265,鞋子,福建省,
慧泽小学智慧社区服务站_站点-慧泽小学智慧社区服务站,慧泽小学智慧社区服务站,慧泽小学智慧社区服务站,快递,2025-04-19 20:07:28,,1,0.3,0,6.00,0.00,2.80,6-3.2,2,1913565082548903936,极兔快递,JT0016178031035,服饰,浙江省,
慧泽小学智慧社区服务站_站点-慧泽小学智慧社区服务站,慧泽小学智慧社区服务站,慧泽小学智慧社区服务站,快递,2025-04-19 20:05:51,,1,0.24,0,6.00,0.00,2.80,6-3.2,2,1913564633322168320,极兔快递,JT0016175521195,打气筒,河北省,
慧泽小学智慧社区服务站_站点-慧泽小学智慧社区服务站,慧泽小学智慧社区服务站,慧泽小学智慧社区服务站,快递,2025-04-19 18:42:02,,1,0.33,0,6.00,0.00,2.80,6-3.2,2,1913543574027968512,极兔快递,JT0016174261464,服饰,江苏省,
慧泽小学智慧社区服务站_站点-慧泽小学智慧社区服务站,慧泽小学智慧社区服务站,慧泽小学智慧社区服务站,快递,2025-04-19 18:04:33,,1,0.2,0,6.00,0.00,2.80,6-3.2,2,1913534133324947456,极兔快递,JT0016175190419,服饰,浙江省,
慧泽小学智慧社区服务站_站点-慧泽小学智慧社区服务站,慧泽小学智慧社区服务站,慧泽小学智慧社区服务站,快递,2025-04-19 17:56:23,,1,0.2,0,6.00,0.00,2.80,6-3.2,2,1913532091999133696,极兔快递,JT0016174518920,卡片,河北省,
慧泽小学智慧社区服务站_站点-慧泽小学智慧社区服务站,慧泽小学智慧社区服务站,慧泽小学智慧社区服务站,快递,2025-04-19 17:55:43,,1,0.23,0,6.00,0.00,2.80,6-3.2,2,1913531905923031040,极兔快递,JT0016167808532,卡片,四川省,
慧泽小学智慧社区服务站_站点-慧泽小学智慧社区服务站,慧泽小学智慧社区服务站,慧泽小学智慧社区服务站,快递,2025-04-19 17:54:59,,1,0.33,0,6.00,0.00,2.80,6-3.2,2,1913531709956759552,极兔快递,JT0016125558235,卡片,湖南省,
慧泽小学智慧社区服务站_站点-慧泽小学智慧社区服务站,慧泽小学智慧社区服务站,慧泽小学智慧社区服务站,快递,2025-04-19 17:54:14,,1,0.2,0,6.00,0.00,2.80,6-3.2,2,1913531533812768768,极兔快递,JT0016171576995,卡片,湖北省,
慧泽小学智慧社区服务站_站点-慧泽小学智慧社区服务站,慧泽小学智慧社区服务站,慧泽小学智慧社区服务站,快递,2025-04-19 16:42:09,,3.6,2.53,1,12.00,0.00,6.00,50% ,2,1913513393426997248,极兔快递,JT0016173294669,生活用品,四川省,
慧泽小学智慧社区服务站_站点-慧泽小学智慧社区服务站,慧泽小学智慧社区服务站,慧泽小学智慧社区服务站,快递,2025-04-19 16:07:55,,1,0.6,0,6.00,0.00,2.80,6-3.2,2,1913504806399057920,极兔快递,JT0016173786944,外套,江苏省,
慧泽小学智慧社区服务站_站点-慧泽小学智慧社区服务站,慧泽小学智慧社区服务站,慧泽小学智慧社区服务站,快递,2025-04-19 16:02:55,,2,1.33,0,8.00,0.00,4.08,51% ,2,1913503546006511616,极兔快递,JT0016173824588,生活用品,浙江省,
慧泽小学智慧社区服务站_站点-慧泽小学智慧社区服务站,慧泽小学智慧社区服务站,慧泽小学智慧社区服务站,快递,2025-04-19 15:55:48,,1,0.2,0,6.00,0.00,2.80,6-3.2,2,1913501754514415616,极兔快递,JT0016172415941,耳饰,浙江省,
慧泽小学智慧社区服务站_站点-慧泽小学智慧社区服务站,慧泽小学智慧社区服务站,慧泽小学智慧社区服务站,快递,2025-04-19 15:54:12,,1,0.2,0,6.00,0.00,2.80,6-3.2,2,1913501346970673152,极兔快递,JT0016169558085,防晒帽,河北省,
慧泽小学智慧社区服务站_站点-慧泽小学智慧社区服务站,慧泽小学智慧社区服务站,慧泽小学智慧社区服务站,快递,2025-04-19 15:53:40,,1,0.38,0,6.00,0.00,2.80,6-3.2,2,1913501187557761024,极兔快递,JT0016169208372,衣服,浙江省,
慧泽小学智慧社区服务站_站点-慧泽小学智慧社区服务站,慧泽小学智慧社区服务站,慧泽小学智慧社区服务站,快递,2025-04-19 15:52:47,,1,0.2,0,6.00,0.00,2.80,6-3.2,2,1913500988500287488,极兔快递,JT0016170673269,外套,江苏省,
慧泽小学智慧社区服务站_站点-慧泽小学智慧社区服务站,慧泽小学智慧社区服务站,慧泽小学智慧社区服务站,快递,2025-04-19 15:52:10,,1,0.25,0,6.00,0.00,2.80,6-3.2,2,1913500764956467200,极兔快递,JT0016173320754,衬衣,福建省,
慧泽小学智慧社区服务站_站点-慧泽小学智慧社区服务站,慧泽小学智慧社区服务站,慧泽小学智慧社区服务站,快递,2025-04-19 15:32:06,,1,0.3,0,6.00,0.00,2.80,6-3.2,2,1913493461964365824,极兔快递,JT0016174135513,衣服,江苏省,
慧泽小学智慧社区服务站_站点-慧泽小学智慧社区服务站,慧泽小学智慧社区服务站,慧泽小学智慧社区服务站,快递,2025-04-19 15:22:14,,1,0.27,0,6.00,0.00,2.80,6-3.2,2,1913493225934102528,极兔快递,JT0016172916940,裤子,浙江省,
慧泽小学智慧社区服务站_站点-慧泽小学智慧社区服务站,慧泽小学智慧社区服务站,慧泽小学智慧社区服务站,快递,2025-04-19 14:29:37,,1,0.49,0,6.00,0.00,2.80,6-3.2,2,1913480045866459136,极兔快递,JT0016170208711,服饰,山东省,
慧泽小学智慧社区服务站_站点-慧泽小学智慧社区服务站,慧泽小学智慧社区服务站,慧泽小学智慧社区服务站,快递,2025-04-19 14:28:24,,1,0.2,0,6.00,0.00,2.80,6-3.2,2,1913479729745960960,极兔快递,JT0016170304769,服饰,浙江省,
慧泽小学智慧社区服务站_站点-慧泽小学智慧社区服务站,慧泽小学智慧社区服务站,慧泽小学智慧社区服务站,快递,2025-04-19 13:35:30,,2,0.85,1,9.00,0.00,3.59,51%,2,1913466420242096128,极兔快递,JT0016170528871,鞋子,上海市,
慧泽小学智慧社区服务站_站点-慧泽小学智慧社区服务站,慧泽小学智慧社区服务站,慧泽小学智慧社区服务站,快递,2025-04-19 11:36:09,,1,0.29,0,6.00,0.00,2.80,6-3.2,2,1913436380964003840,极兔快递,JT0016168557781,服饰,湖北省,
慧泽小学智慧社区服务站_站点-慧泽小学智慧社区服务站,慧泽小学智慧社区服务站,慧泽小学智慧社区服务站,快递,2025-04-19 11:34:14,,1,0.2,0,6.00,0.00,2.80,6-3.2,2,1913435892042375168,极兔快递,JT0016168444723,服饰,广东省,
慧泽小学智慧社区服务站_站点-慧泽小学智慧社区服务站,慧泽小学智慧社区服务站,慧泽小学智慧社区服务站,快递,2025-04-19 11:23:29,,1,0.45,0,6.00,0.00,2.80,6-3.2,2,1913433223470981120,极兔快递,JT0016168978222,服饰,福建省,
慧泽小学智慧社区服务站_站点-慧泽小学智慧社区服务站,慧泽小学智慧社区服务站,慧泽小学智慧社区服务站,快递,2025-04-19 09:36:55,,2,0.93,1,8.00,0.00,4.08,51% ,2,1913406407754588160,极兔快递,JT0016163788758,鞋子,福建省,
慧泽小学智慧社区服务站_站点-慧泽小学智慧社区服务站,慧泽小学智慧社区服务站,慧泽小学智慧社区服务站,快递,2025-04-19 09:13:31,,1,0.51,0,6.00,0.00,2.80,6-3.2,2,1913400239036506112,极兔快递,JT0016165945899,鼻炎膏1组3盒,广东省,
慧泽小学智慧社区服务站_站点-慧泽小学智慧社区服务站,慧泽小学智慧社区服务站,慧泽小学智慧社区服务站,快递,2025-04-19 09:13:05,,1,0.29,0,6.00,0.00,2.80,6-3.2,2,1913400403071541248,极兔快递,JT0016161737310,服饰,浙江省,
慧泽小学智慧社区服务站_站点-慧泽小学智慧社区服务站,慧泽小学智慧社区服务站,慧泽小学智慧社区服务站,快递,2025-04-19 09:08:12,,3.2,3.11,0,12.00,1.50,6.00,50% ,2,1913399169749032960,极兔快递,JT0016164674418,米茶,陕西省,
慧泽小学智慧社区服务站_站点-慧泽小学智慧社区服务站,慧泽小学智慧社区服务站,慧泽小学智慧社区服务站,快递,2025-04-19 08:41:48,,1,1.12,-1,6.00,0.00,2.80,6-3.2,2,1913392530769780736,极兔快递,JT0016163377918,鼻炎膏2组6盒,福建省,
慧泽小学智慧社区服务站_站点-慧泽小学智慧社区服务站,慧泽小学智慧社区服务站,慧泽小学智慧社区服务站,快递,2025-04-19 08:41:00,,1,0.2,0,6.00,0.00,2.80,6-3.2,2,1913392270215421952,极兔快递,JT0016159391438,鼻炎膏1组3盒,安徽省,
慧泽小学智慧社区服务站_站点-慧泽小学智慧社区服务站,慧泽小学智慧社区服务站,慧泽小学智慧社区服务站,快递,2025-04-19 08:39:56,,1,0.2,0,6.00,0.00,2.80,6-3.2,2,1913392067928334336,极兔快递,JT0016163758011,鼻炎膏1组3盒,浙江省,
慧泽小学智慧社区服务站_站点-慧泽小学智慧社区服务站,慧泽小学智慧社区服务站,慧泽小学智慧社区服务站,快递,2025-04-19 08:35:46,,1,0.97,0,6.00,0.00,2.80,6-3.2,2,1913391017997574144,极兔快递,JT0016163184920,糖蒜,广东省,
慧泽小学智慧社区服务站_站点-慧泽小学智慧社区服务站,慧泽小学智慧社区服务站,慧泽小学智慧社区服务站,快递,2025-04-19 08:34:28,,4.8,4.77,0,15.00,3.00,7.50,50% ,2,1913390687654191104,极兔快递,JT0016162515101,糖蒜,山西省,
慧泽小学智慧社区服务站_站点-慧泽小学智慧社区服务站,慧泽小学智慧社区服务站,慧泽小学智慧社区服务站,快递,2025-04-19 07:59:35,,1,0.69,0,6.00,0.00,2.52,42% ,2,1913381907386277888,韵达快递,312715795890081,生活用品,河北省,
慧泽小学智慧社区服务站_站点-慧泽小学智慧社区服务站,慧泽小学智慧社区服务站,慧泽小学智慧社区服务站,快递,2025-04-18 20:33:40,,1,0.84,0,6.00,0.00,2.80,6-3.2,2,1913209296744292352,极兔快递,JT0016162391361,服饰,浙江省,
慧泽小学智慧社区服务站_站点-慧泽小学智慧社区服务站,慧泽小学智慧社区服务站,慧泽小学智慧社区服务站,快递,2025-04-18 20:31:41,,3,2.39,0,10.00,0.00,5.50,55% ,2,1913208797798277120,极兔快递,JT0016153760576,生活用品,青海省,
慧泽小学智慧社区服务站_站点-慧泽小学智慧社区服务站,慧泽小学智慧社区服务站,慧泽小学智慧社区服务站,快递,2025-04-18 20:25:47,,1,0.55,0,6.00,0.00,2.80,6-3.2,2,1913207309722132480,极兔快递,JT0016161415246,服饰,浙江省,
慧泽小学智慧社区服务站_站点-慧泽小学智慧社区服务站,慧泽小学智慧社区服务站,慧泽小学智慧社区服务站,快递,2025-04-18 20:18:31,,1,0.2,0,7.00,0.00,2.80,6-3.2,2,1913205459056795648,极兔快递,JT0016160710676,服饰,上海市,
慧泽小学智慧社区服务站_站点-慧泽小学智慧社区服务站,慧泽小学智慧社区服务站,慧泽小学智慧社区服务站,快递,2025-04-18 19:22:01,,1,0.2,0,6.00,0.00,2.80,6-3.2,2,1913191265062297600,极兔快递,JT0016161246212,服饰,河北省,
慧泽小学智慧社区服务站_站点-慧泽小学智慧社区服务站,慧泽小学智慧社区服务站,慧泽小学智慧社区服务站,快递,2025-04-18 19:10:20,,1,0.81,0,6.00,0.00,2.80,6-3.2,2,1913188291611140096,极兔快递,JT0016161822218,鞋子,浙江省,
慧泽小学智慧社区服务站_站点-慧泽小学智慧社区服务站,慧泽小学智慧社区服务站,慧泽小学智慧社区服务站,快递,2025-04-18 19:09:13,,1,0.92,0,6.00,0.00,2.80,6-3.2,2,1913188020914954240,极兔快递,JT0016161609755,鞋子,浙江省,
慧泽小学智慧社区服务站_站点-慧泽小学智慧社区服务站,慧泽小学智慧社区服务站,慧泽小学智慧社区服务站,快递,2025-04-18 18:50:29,,1,0.23,0,6.00,0.00,2.80,6-3.2,2,1913183315656646656,极兔快递,JT0016161961101,服饰,河南省,
慧泽小学智慧社区服务站_站点-慧泽小学智慧社区服务站,慧泽小学智慧社区服务站,慧泽小学智慧社区服务站,快递,2025-04-18 18:43:11,,1,0.48,0,6.00,0.00,2.80,6-3.2,2,1913181482292813824,极兔快递,JT0016156288275,服饰,广东省,
慧泽小学智慧社区服务站_站点-慧泽小学智慧社区服务站,慧泽小学智慧社区服务站,慧泽小学智慧社区服务站,快递,2025-04-18 18:41:38,,1,0.2,0,6.00,0.00,2.80,6-3.2,2,1913181103236784128,极兔快递,JT0016161469031,玩具,浙江省,
慧泽小学智慧社区服务站_站点-慧泽小学智慧社区服务站,慧泽小学智慧社区服务站,慧泽小学智慧社区服务站,快递,2025-04-18 18:37:53,,1,0.74,0,6.00,0.00,2.52,42% ,2,1913180158624997376,韵达快递,312715511507383,生活用品,河北省,
慧泽小学智慧社区服务站_站点-慧泽小学智慧社区服务站,慧泽小学智慧社区服务站,慧泽小学智慧社区服务站,快递,2025-04-18 18:35:48,2025-04-18 10:37:35,1,,,6.00,,0.00,,2,1913179611490623488,极兔快递,JT0016161364348,生活用品,河北省,已全额退款
慧泽小学智慧社区服务站_站点-慧泽小学智慧社区服务站,慧泽小学智慧社区服务站,慧泽小学智慧社区服务站,快递,2025-04-18 17:51:06,,1,0.45,0,6.00,0.00,2.80,6-3.2,2,1913168360609882112,极兔快递,JT0016159134703,服饰,陕西省,
慧泽小学智慧社区服务站_站点-慧泽小学智慧社区服务站,慧泽小学智慧社区服务站,慧泽小学智慧社区服务站,快递,2025-04-18 17:39:57,,1,0.2,0,6.00,0.00,2.80,6-3.2,2,1913165547049787392,极兔快递,JT0016158679657,服饰,广东省,
慧泽小学智慧社区服务站_站点-慧泽小学智慧社区服务站,慧泽小学智慧社区服务站,慧泽小学智慧社区服务站,快递,2025-04-18 17:34:10,,1,0.57,0,6.00,0.00,2.80,6-3.2,2,1913164101084454912,极兔快递,JT0016158991971,服饰,广东省,
慧泽小学智慧社区服务站_站点-慧泽小学智慧社区服务站,慧泽小学智慧社区服务站,慧泽小学智慧社区服务站,快递,2025-04-18 17:22:20,,1,0.62,0,6.00,0.00,2.80,6-3.2,2,1913161105739030528,极兔快递,JT0016160705114,服饰,广东省,
慧泽小学智慧社区服务站_站点-慧泽小学智慧社区服务站,慧泽小学智慧社区服务站,慧泽小学智慧社区服务站,快递,2025-04-18 16:34:42,,1,0.2,0,6.00,0.00,2.80,6-3.2,2,1913149156187906048,极兔快递,JT0016148697795,饰品三件套,河南省,
慧泽小学智慧社区服务站_站点-慧泽小学智慧社区服务站,慧泽小学智慧社区服务站,慧泽小学智慧社区服务站,快递,2025-04-18 16:32:37,,1,0.2,0,6.00,0.00,2.80,6-3.2,2,1913148627986620416,极兔快递,JT0016159962644,项链,山东省,
慧泽小学智慧社区服务站_站点-慧泽小学智慧社区服务站,慧泽小学智慧社区服务站,慧泽小学智慧社区服务站,快递,2025-04-18 16:26:11,,1,0.4,0,6.00,0.00,2.80,6-3.2,2,1913146994598813696,极兔快递,JT0016152346955,吊坠,山东省,
慧泽小学智慧社区服务站_站点-慧泽小学智慧社区服务站,慧泽小学智慧社区服务站,慧泽小学智慧社区服务站,快递,2025-04-18 16:24:37,,1,0.94,0,6.00,0.00,2.80,6-3.2,2,1913146616826241024,极兔快递,JT0016157895256,鞋子,福建省,
慧泽小学智慧社区服务站_站点-慧泽小学智慧社区服务站,慧泽小学智慧社区服务站,慧泽小学智慧社区服务站,快递,2025-04-18 16:23:30,,1,0.42,0,6.00,0.00,2.80,6-3.2,2,1913146339662438400,极兔快递,JT0016158301590,生活用品,陕西省,
慧泽小学智慧社区服务站_站点-慧泽小学智慧社区服务站,慧泽小学智慧社区服务站,慧泽小学智慧社区服务站,快递,2025-04-18 16:13:42,,1,0.2,0,6.00,0.00,2.80,6-3.2,2,1913143870643445760,极兔快递,JT0016158994278,文件,陕西省,
慧泽小学智慧社区服务站_站点-慧泽小学智慧社区服务站,慧泽小学智慧社区服务站,慧泽小学智慧社区服务站,快递,2025-04-18 16:11:43,,1,0.2,0,6.00,0.00,2.80,6-3.2,2,1913143360075014144,极兔快递,JT0016158991765,服饰,河北省,
慧泽小学智慧社区服务站_站点-慧泽小学智慧社区服务站,慧泽小学智慧社区服务站,慧泽小学智慧社区服务站,快递,2025-04-18 16:04:36,,1,0.92,0,6.00,0.00,2.80,6-3.2,2,1913141584751960064,极兔快递,JT0016157765171,鞋子,浙江省,
慧泽小学智慧社区服务站_站点-慧泽小学智慧社区服务站,慧泽小学智慧社区服务站,慧泽小学智慧社区服务站,快递,2025-04-18 16:02:25,,1,0.71,0,6.00,0.00,2.80,6-3.2,2,1913141028453031936,极兔快递,JT0016158993363,服饰,浙江省,
慧泽小学智慧社区服务站_站点-慧泽小学智慧社区服务站,慧泽小学智慧社区服务站,慧泽小学智慧社区服务站,快递,2025-04-18 16:01:04,,1,0.74,0,6.00,0.00,2.80,6-3.2,2,1913140666719477760,极兔快递,JT0016156101492,服饰,浙江省,
慧泽小学智慧社区服务站_站点-慧泽小学智慧社区服务站,慧泽小学智慧社区服务站,慧泽小学智慧社区服务站,快递,2025-04-18 15:16:11,,1,0.4,0,6.00,0.00,2.80,6-3.2,2,1912853907073601536,极兔快递,JT0016154745724,红色套装,湖南省,
慧泽小学智慧社区服务站_站点-慧泽小学智慧社区服务站,慧泽小学智慧社区服务站,慧泽小学智慧社区服务站,快递,2025-04-18 15:15:16,,1,0.26,0,6.00,0.00,2.80,6-3.2,2,1912853764890890240,极兔快递,JT0016157412633,红色外套,广东省,
慧泽小学智慧社区服务站_站点-慧泽小学智慧社区服务站,慧泽小学智慧社区服务站,慧泽小学智慧社区服务站,快递,2025-04-18 15:14:28,,1,0.38,0,6.00,0.00,2.80,6-3.2,2,1912853641460912128,极兔快递,JT0016155028732,红色纸盒,广东省,
慧泽小学智慧社区服务站_站点-慧泽小学智慧社区服务站,慧泽小学智慧社区服务站,慧泽小学智慧社区服务站,快递,2025-04-18 15:10:17,,1,0.34,0,6.00,0.00,2.80,6-3.2,2,1913127620206862336,极兔快递,JT0016157023665,服饰,江苏省,
慧泽小学智慧社区服务站_站点-慧泽小学智慧社区服务站,慧泽小学智慧社区服务站,慧泽小学智慧社区服务站,快递,2025-04-18 14:59:50,,1,0.2,0,6.00,0.00,2.80,6-3.2,2,1913125261456121856,极兔快递,JT0016156690020,服饰,广东省,
慧泽小学智慧社区服务站_站点-慧泽小学智慧社区服务站,慧泽小学智慧社区服务站,慧泽小学智慧社区服务站,快递,2025-04-18 14:23:00,,1,0.2,0,6.00,0.00,2.80,6-3.2,2,1913116015310086144,极兔快递,JT0016156765782,服饰,浙江省,
慧泽小学智慧社区服务站_站点-慧泽小学智慧社区服务站,慧泽小学智慧社区服务站,慧泽小学智慧社区服务站,快递,2025-04-18 14:17:40,,1,0.77,0,6.00,0.00,2.80,6-3.2,2,1913114647576911872,极兔快递,JT0016152395839,鞋子,四川省,
慧泽小学智慧社区服务站_站点-慧泽小学智慧社区服务站,慧泽小学智慧社区服务站,慧泽小学智慧社区服务站,快递,2025-04-18 14:04:32,,1,0.52,0,6.00,0.00,2.80,6-3.2,2,1913111360068853760,极兔快递,JT0016152544505,服饰,安徽省,
慧泽小学智慧社区服务站_站点-慧泽小学智慧社区服务站,慧泽小学智慧社区服务站,慧泽小学智慧社区服务站,快递,2025-04-18 14:03:45,,1,0.47,0,6.00,0.00,2.80,6-3.2,2,1913111145538592768,极兔快递,JT0016154924765,服饰,安徽省,
慧泽小学智慧社区服务站_站点-慧泽小学智慧社区服务站,慧泽小学智慧社区服务站,慧泽小学智慧社区服务站,快递,2025-04-18 13:23:01,,2,0.98,1,8.00,0.00,4.08,51% ,2,1913100895829827584,极兔快递,JT0016153446748,鞋子,江苏省,
慧泽小学智慧社区服务站_站点-慧泽小学智慧社区服务站,慧泽小学智慧社区服务站,慧泽小学智慧社区服务站,快递,2025-04-18 13:04:19,,1,0.36,0,6.00,0.00,2.80,6-3.2,2,1913096189036404736,极兔快递,JT0016154155021,服饰,福建省,
慧泽小学智慧社区服务站_站点-慧泽小学智慧社区服务站,慧泽小学智慧社区服务站,慧泽小学智慧社区服务站,快递,2025-04-18 12:30:39,,1,0.38,0,6.00,0.00,2.80,6-3.2,2,1913087740554715136,极兔快递,JT0016144469942,书,河南省,
慧泽小学智慧社区服务站_站点-慧泽小学智慧社区服务站,慧泽小学智慧社区服务站,慧泽小学智慧社区服务站,快递,2025-04-18 12:29:36,,1,0.3,0,6.00,0.00,2.80,6-3.2,2,1913087451961434112,极兔快递,JT0016154004501,短袖,浙江省,
慧泽小学智慧社区服务站_站点-慧泽小学智慧社区服务站,慧泽小学智慧社区服务站,慧泽小学智慧社区服务站,快递,2025-04-18 11:55:01,,1,0.71,0,6.00,0.00,2.80,6-3.2,2,1913078770423242752,极兔快递,JT0016154133237,服饰,浙江省,
慧泽小学智慧社区服务站_站点-慧泽小学智慧社区服务站,慧泽小学智慧社区服务站,慧泽小学智慧社区服务站,快递,2025-04-18 11:53:11,,1,0.27,0,6.00,0.00,2.80,6-3.2,2,1913078286698356736,极兔快递,JT0016152141146,眼镜,浙江省,
慧泽小学智慧社区服务站_站点-慧泽小学智慧社区服务站,慧泽小学智慧社区服务站,慧泽小学智慧社区服务站,快递,2025-04-18 10:29:43,,6,5.43,0,18.00,4.50,9.00,50% ,2,1913057282756386816,极兔快递,JT0016131692495,苹果梨,广东省,
慧泽小学智慧社区服务站_站点-慧泽小学智慧社区服务站,慧泽小学智慧社区服务站,慧泽小学智慧社区服务站,快递,2025-04-18 10:22:33,,1,0.2,0,6.00,0.00,2.80,6-3.2,2,1913055479834812416,极兔快递,JT0016148676016,服饰,辽宁省,
慧泽小学智慧社区服务站_站点-慧泽小学智慧社区服务站,慧泽小学智慧社区服务站,慧泽小学智慧社区服务站,快递,2025-04-18 10:02:26,,1,0.2,0,6.00,0.00,2.80,6-3.2,2,1913050420233314304,极兔快递,JT0016136937435,皮带,浙江省,
慧泽小学智慧社区服务站_站点-慧泽小学智慧社区服务站,慧泽小学智慧社区服务站,慧泽小学智慧社区服务站,快递,2025-04-18 09:38:11,,1,0.37,0,6.00,0.00,2.80,6-3.2,2,1913044314442375168,极兔快递,JT0016149936597,沙发套,江苏省,
慧泽小学智慧社区服务站_站点-慧泽小学智慧社区服务站,慧泽小学智慧社区服务站,慧泽小学智慧社区服务站,快递,2025-04-18 09:19:04,,1,0.38,0,6.00,0.00,2.80,6-3.2,2,1913039525137289216,极兔快递,JT0016147251374,服饰,广东省,
慧泽小学智慧社区服务站_站点-慧泽小学智慧社区服务站,慧泽小学智慧社区服务站,慧泽小学智慧社区服务站,快递,2025-04-18 09:17:15,,1,0.66,0,6.00,0.00,2.80,6-3.2,2,1913039067186401280,极兔快递,JT0016145613968,生活用品,陕西省,
慧泽小学智慧社区服务站_站点-慧泽小学智慧社区服务站,慧泽小学智慧社区服务站,慧泽小学智慧社区服务站,快递,2025-04-18 09:13:20,,1,0.85,0,6.00,0.00,2.80,6-3.2,2,1913014750155313152,极兔快递,JT0016149979260,服饰,湖南省,
慧泽小学智慧社区服务站_站点-慧泽小学智慧社区服务站,慧泽小学智慧社区服务站,慧泽小学智慧社区服务站,快递,2025-04-18 08:39:42,,3.1,3.05,0,12.00,1.50,6.00,50% ,2,1913029614949044224,极兔快递,JT0016147465757,糖蒜,广东省,
慧泽小学智慧社区服务站_站点-慧泽小学智慧社区服务站,慧泽小学智慧社区服务站,慧泽小学智慧社区服务站,快递,2025-04-18 08:36:10,2025-04-18 00:39:12,3,,,10.00,,0.00,,2,1913028723361648640,极兔快递,JT0016144753949,糖蒜,广东省,已全额退款
慧泽小学智慧社区服务站_站点-慧泽小学智慧社区服务站,慧泽小学智慧社区服务站,慧泽小学智慧社区服务站,快递,2025-04-18 08:37:27,,1,0.93,0,6.00,0.00,2.80,6-3.2,2,1913029049460396032,极兔快递,JT0016140402143,糖蒜,甘肃省,
慧泽小学智慧社区服务站_站点-慧泽小学智慧社区服务站,慧泽小学智慧社区服务站,慧泽小学智慧社区服务站,快递,2025-04-18 08:27:26,,1,0.74,0,6.00,0.00,2.80,6-3.2,2,1913026511772258304,极兔快递,JT0016146804653,手膜,广东省,
慧泽小学智慧社区服务站_站点-慧泽小学智慧社区服务站,慧泽小学智慧社区服务站,慧泽小学智慧社区服务站,快递,2025-04-18 08:09:38,,1,0.97,0,6.00,0.00,2.80,6-3.2,2,1913022032079425536,极兔快递,JT0016146763478,床单,江苏省,
慧泽小学智慧社区服务站_站点-慧泽小学智慧社区服务站,慧泽小学智慧社区服务站,慧泽小学智慧社区服务站,快递,2025-04-18 07:59:37,,1,0.55,0,6.00,0.00,2.80,6-3.2,2,1913019501739708416,极兔快递,JT0016145648622,鼻炎膏1组,陕西省,
慧泽小学智慧社区服务站_站点-慧泽小学智慧社区服务站,慧泽小学智慧社区服务站,慧泽小学智慧社区服务站,快递,2025-04-18 07:29:06,,1,0.48,0,6.00,0.00,2.80,6-3.2,2,1913011843766882304,极兔快递,JT0016144478072,服饰,江苏省,
慧泽小学智慧社区服务站_站点-慧泽小学智慧社区服务站,慧泽小学智慧社区服务站,慧泽小学智慧社区服务站,快递,2025-04-17 20:02:13,,1,0.49,0,6.00,0.00,2.80,6-3.2,2,1912838926127009792,极兔快递,JT0016144729890,服饰,广东省,
慧泽小学智慧社区服务站_站点-慧泽小学智慧社区服务站,慧泽小学智慧社区服务站,慧泽小学智慧社区服务站,快递,2025-04-17 20:00:33,,1,0.65,0,6.00,0.00,2.80,6-3.2,2,1912838567061032960,极兔快递,JT0016146455439,包包,浙江省,
慧泽小学智慧社区服务站_站点-慧泽小学智慧社区服务站,慧泽小学智慧社区服务站,慧泽小学智慧社区服务站,快递,2025-04-17 19:55:38,,1,0.59,0,6.00,0.00,2.80,6-3.2,2,1912837333096796160,极兔快递,JT0016146752578,包包,浙江省,
慧泽小学智慧社区服务站_站点-慧泽小学智慧社区服务站,慧泽小学智慧社区服务站,慧泽小学智慧社区服务站,快递,2025-04-17 19:49:04,,1,0.2,0,6.00,0.00,2.80,6-3.2,2,1912835613000142848,极兔快递,JT0016146350646,服饰,山东省,
慧泽小学智慧社区服务站_站点-慧泽小学智慧社区服务站,慧泽小学智慧社区服务站,慧泽小学智慧社区服务站,快递,2025-04-17 19:31:50,,1,0.36,0,6.00,0.00,2.80,6-3.2,2,1912831335418236928,极兔快递,JT0016146629124,服饰,广东省,
慧泽小学智慧社区服务站_站点-慧泽小学智慧社区服务站,慧泽小学智慧社区服务站,慧泽小学智慧社区服务站,快递,2025-04-17 19:31:07,,1,0.2,0,6.00,0.00,2.80,6-3.2,2,1912831132325842944,极兔快递,JT0016143656697,服饰,广东省,
慧泽小学智慧社区服务站_站点-慧泽小学智慧社区服务站,慧泽小学智慧社区服务站,慧泽小学智慧社区服务站,快递,2025-04-17 19:30:29,,1,0.2,0,6.00,0.00,2.80,6-3.2,2,1912830992630353920,极兔快递,JT0016146233397,服饰,浙江省,
慧泽小学智慧社区服务站_站点-慧泽小学智慧社区服务站,慧泽小学智慧社区服务站,慧泽小学智慧社区服务站,快递,2025-04-17 19:18:22,,1,0.25,0,6.00,0.00,2.80,6-3.2,2,1912827951927726080,极兔快递,JT0016138872618,生活用品,陕西省,
慧泽小学智慧社区服务站_站点-慧泽小学智慧社区服务站,慧泽小学智慧社区服务站,慧泽小学智慧社区服务站,快递,2025-04-17 19:17:03,,1,0.53,0,7.00,0.00,2.80,6-3.2,2,1912827616987385856,极兔快递,JT0016146969620,服饰,上海市,
慧泽小学智慧社区服务站_站点-慧泽小学智慧社区服务站,慧泽小学智慧社区服务站,慧泽小学智慧社区服务站,快递,2025-04-17 19:09:08,,3,2.84,0,10.00,0.00,5.50,55% ,2,1912825607534088192,极兔快递,JT0016146909574,芝麻酱,陕西省,
慧泽小学智慧社区服务站_站点-慧泽小学智慧社区服务站,慧泽小学智慧社区服务站,慧泽小学智慧社区服务站,快递,2025-04-17 18:48:08,,1,0.49,0,6.00,0.00,2.80,6-3.2,2,1912820322513915904,极兔快递,JT0016142352066,服饰,浙江省,
慧泽小学智慧社区服务站_站点-慧泽小学智慧社区服务站,慧泽小学智慧社区服务站,慧泽小学智慧社区服务站,快递,2025-04-17 17:47:45,,2,1.23,0,8.00,0.00,4.08,51% ,2,1912805132250583040,极兔快递,JT0016144891199,鞋子,广东省,
慧泽小学智慧社区服务站_站点-慧泽小学智慧社区服务站,慧泽小学智慧社区服务站,慧泽小学智慧社区服务站,快递,2025-04-17 17:39:25,,1,0.33,0,6.00,0.00,2.80,6-3.2,2,1912803031697002496,极兔快递,JT0016144291017,护肤品,广东省,
慧泽小学智慧社区服务站_站点-慧泽小学智慧社区服务站,慧泽小学智慧社区服务站,慧泽小学智慧社区服务站,快递,2025-04-17 17:32:16,,1,0.2,0,6.00,0.00,2.80,6-3.2,2,1912801230486704128,极兔快递,JT0016140199815,服饰,广东省,
慧泽小学智慧社区服务站_站点-慧泽小学智慧社区服务站,慧泽小学智慧社区服务站,慧泽小学智慧社区服务站,快递,2025-04-17 17:30:53,,1,0.39,0,6.00,0.00,2.80,6-3.2,2,1912800884863471616,极兔快递,JT0016141596147,服饰,广东省,
慧泽小学智慧社区服务站_站点-慧泽小学智慧社区服务站,慧泽小学智慧社区服务站,慧泽小学智慧社区服务站,快递,2025-04-17 16:05:02,,1,0.23,0,6.00,0.00,2.80,6-3.2,2,1912779302535368704,极兔快递,JT0016136067154,服饰,广东省,
慧泽小学智慧社区服务站_站点-慧泽小学智慧社区服务站,慧泽小学智慧社区服务站,慧泽小学智慧社区服务站,快递,2025-04-17 16:03:47,,1,0.71,0,6.00,0.00,2.80,6-3.2,2,1912778906630819840,极兔快递,JT0016133264422,服饰,广东省,
慧泽小学智慧社区服务站_站点-慧泽小学智慧社区服务站,慧泽小学智慧社区服务站,慧泽小学智慧社区服务站,快递,2025-04-17 16:02:25,,1,0.39,0,6.00,0.00,2.80,6-3.2,2,1912778623288807424,极兔快递,JT0016142983034,裤子,湖北省,
慧泽小学智慧社区服务站_站点-慧泽小学智慧社区服务站,慧泽小学智慧社区服务站,慧泽小学智慧社区服务站,快递,2025-04-17 15:19:24,,1,0.2,0,6.00,0.00,2.80,6-3.2,2,1912767809022529536,极兔快递,JT0016140172354,服饰,山东省,
慧泽小学智慧社区服务站_站点-慧泽小学智慧社区服务站,慧泽小学智慧社区服务站,慧泽小学智慧社区服务站,快递,2025-04-17 15:18:47,,1,0.48,0,6.00,0.00,2.80,6-3.2,2,1912767637228032000,极兔快递,JT0016141415946,服饰,山东省,
慧泽小学智慧社区服务站_站点-慧泽小学智慧社区服务站,慧泽小学智慧社区服务站,慧泽小学智慧社区服务站,快递,2025-04-17 14:40:47,,1,0.26,0,6.00,0.00,2.80,6-3.2,2,1912758076383367168,极兔快递,JT0016129693222,服饰,广东省,
慧泽小学智慧社区服务站_站点-慧泽小学智慧社区服务站,慧泽小学智慧社区服务站,慧泽小学智慧社区服务站,快递,2025-04-17 14:15:52,,1,0.46,0,6.00,0.00,2.80,6-3.2,2,1912751809308856320,极兔快递,JT0016140936014,服饰,广东省,
慧泽小学智慧社区服务站_站点-慧泽小学智慧社区服务站,慧泽小学智慧社区服务站,慧泽小学智慧社区服务站,快递,2025-04-17 12:55:30,,1,0.2,0,6.00,0.00,2.80,6-3.2,2,1912731581405401088,极兔快递,JT0016135813994,服饰,广东省,
慧泽小学智慧社区服务站_站点-慧泽小学智慧社区服务站,慧泽小学智慧社区服务站,慧泽小学智慧社区服务站,快递,2025-04-17 12:47:58,,1.5,1.42,0,8.00,0.00,4.08,51% ,2,1912729704815071232,韵达快递,312714311782668,鞋子,内蒙古自治区,
慧泽小学智慧社区服务站_站点-慧泽小学智慧社区服务站,慧泽小学智慧社区服务站,慧泽小学智慧社区服务站,快递,2025-04-17 12:42:49,,1,0.2,0,6.00,0.00,2.80,6-3.2,2,1912728390454415360,极兔快递,JT0016132534304,服饰,广东省,
慧泽小学智慧社区服务站_站点-慧泽小学智慧社区服务站,慧泽小学智慧社区服务站,慧泽小学智慧社区服务站,快递,2025-04-17 12:41:24,,1,0.2,0,6.00,0.00,2.80,6-3.2,2,1912728036908142592,极兔快递,JT0016138162875,打底衫,广东省,
慧泽小学智慧社区服务站_站点-慧泽小学智慧社区服务站,慧泽小学智慧社区服务站,慧泽小学智慧社区服务站,快递,2025-04-17 12:39:35,,1,0.21,0,6.00,0.00,2.80,6-3.2,2,1912727573873758208,极兔快递,JT0016135280662,服饰,山东省,
慧泽小学智慧社区服务站_站点-慧泽小学智慧社区服务站,慧泽小学智慧社区服务站,慧泽小学智慧社区服务站,快递,2025-04-17 11:39:32,,1,0.49,0,6.00,0.00,2.80,6-3.2,2,1912712482570833920,极兔快递,JT0016138056282,服饰,辽宁省,
慧泽小学智慧社区服务站_站点-慧泽小学智慧社区服务站,慧泽小学智慧社区服务站,慧泽小学智慧社区服务站,快递,2025-04-17 11:38:28,,1,0.36,0,6.00,0.00,2.80,6-3.2,2,1912712220301004800,极兔快递,JT0016134912050,服饰,浙江省,
慧泽小学智慧社区服务站_站点-慧泽小学智慧社区服务站,慧泽小学智慧社区服务站,慧泽小学智慧社区服务站,快递,2025-04-17 11:34:29,,1,0.2,0,6.00,0.00,2.80,6-3.2,2,1912711197402533888,极兔快递,JT0016136984183,服饰,广东省,
慧泽小学智慧社区服务站_站点-慧泽小学智慧社区服务站,慧泽小学智慧社区服务站,慧泽小学智慧社区服务站,快递,2025-04-17 09:47:17,,6,5.98,0,18.00,4.50,9.00,50% ,2,1912684162647003136,极兔快递,JT0016130611109,生活用品,陕西省,
慧泽小学智慧社区服务站_站点-慧泽小学智慧社区服务站,慧泽小学智慧社区服务站,慧泽小学智慧社区服务站,快递,2025-04-17 08:55:51,,1,0.62,0,6.00,0.00,2.80,6-3.2,2,1912671262536568832,极兔快递,JT0016132907910,服饰,辽宁省,
慧泽小学智慧社区服务站_站点-慧泽小学智慧社区服务站,慧泽小学智慧社区服务站,慧泽小学智慧社区服务站,快递,2025-04-17 08:22:10,,1,0.51,0,6.00,0.00,2.80,6-3.2,2,1912662793465040896,极兔快递,JT0016132580619,鼻炎膏1组,福建省,
慧泽小学智慧社区服务站_站点-慧泽小学智慧社区服务站,慧泽小学智慧社区服务站,慧泽小学智慧社区服务站,快递,2025-04-17 08:08:48,,1,0.2,0,6.00,0.00,2.80,6-3.2,2,1912659429809393664,极兔快递,JT0016130448079,护肤品,广东省,
慧泽小学智慧社区服务站_站点-慧泽小学智慧社区服务站,慧泽小学智慧社区服务站,慧泽小学智慧社区服务站,快递,2025-04-17 08:01:45,,1,0.57,0,6.00,0.00,2.80,6-3.2,2,1912657677605343232,极兔快递,JT0016130759443,服饰,浙江省,
慧泽小学智慧社区服务站_站点-慧泽小学智慧社区服务站,慧泽小学智慧社区服务站,慧泽小学智慧社区服务站,快递,2025-04-17 08:00:42,,1,0.2,0,6.00,0.00,2.80,6-3.2,2,1912657413171253248,极兔快递,JT0016133780028,口罩,浙江省,
慧泽小学智慧社区服务站_站点-慧泽小学智慧社区服务站,慧泽小学智慧社区服务站,慧泽小学智慧社区服务站,快递,2025-04-17 07:58:13,,1,0.26,0,6.00,0.00,2.80,6-3.2,2,1912656761246388224,极兔快递,JT0016127588966,护肤品,山东省,
慧泽小学智慧社区服务站_站点-慧泽小学智慧社区服务站,慧泽小学智慧社区服务站,慧泽小学智慧社区服务站,快递,2025-04-17 07:44:57,,1,0.2,0,6.00,0.00,2.80,6-3.2,2,1912653431707209728,极兔快递,JT0016131352011,服饰,浙江省,
慧泽小学智慧社区服务站_站点-慧泽小学智慧社区服务站,慧泽小学智慧社区服务站,慧泽小学智慧社区服务站,快递,2025-04-17 07:42:58,,1,0.2,0,6.00,0.00,2.80,6-3.2,2,1912652927757389824,极兔快递,JT0016132549716,服饰,河南省,
慧泽小学智慧社区服务站_站点-慧泽小学智慧社区服务站,慧泽小学智慧社区服务站,慧泽小学智慧社区服务站,快递,2025-04-16 20:58:37,,1,0.43,0,6.00,0.00,2.80,6-3.2,2,1912490775415296000,极兔快递,JT0016131745729,服饰,浙江省,
慧泽小学智慧社区服务站_站点-慧泽小学智慧社区服务站,慧泽小学智慧社区服务站,慧泽小学智慧社区服务站,快递,2025-04-16 20:49:38,,1,0.59,0,6.00,0.00,2.80,6-3.2,2,1912488503738306560,极兔快递,JT0016131863183,服饰,广东省,
慧泽小学智慧社区服务站_站点-慧泽小学智慧社区服务站,慧泽小学智慧社区服务站,慧泽小学智慧社区服务站,快递,2025-04-16 20:40:07,,1,0.3,0,6.00,0.00,2.80,6-3.2,2,1912486134879293440,极兔快递,JT0016127947075,服饰,广东省,
慧泽小学智慧社区服务站_站点-慧泽小学智慧社区服务站,慧泽小学智慧社区服务站,慧泽小学智慧社区服务站,快递,2025-04-16 19:27:41,,1,0.44,0,7.00,0.00,2.80,6-3.2,2,1912467914843688960,极兔快递,JT0016128908325,卡片,北京市,
慧泽小学智慧社区服务站_站点-慧泽小学智慧社区服务站,慧泽小学智慧社区服务站,慧泽小学智慧社区服务站,快递,2025-04-16 19:26:57,,1,0.84,0,6.00,0.00,2.80,6-3.2,2,1912467729992323072,极兔快递,JT0016127561783,玩偶,江苏省,
慧泽小学智慧社区服务站_站点-慧泽小学智慧社区服务站,慧泽小学智慧社区服务站,慧泽小学智慧社区服务站,快递,2025-04-16 19:21:01,,1,0.72,0,6.00,0.00,2.80,6-3.2,2,1912466213516546048,极兔快递,JT0016130854858,服饰,广东省,
慧泽小学智慧社区服务站_站点-慧泽小学智慧社区服务站,慧泽小学智慧社区服务站,慧泽小学智慧社区服务站,快递,2025-04-16 18:46:32,,1,0.67,0,6.00,0.00,2.80,6-3.2,2,1912457468422066176,极兔快递,JT0016122017615,服饰,河南省,
慧泽小学智慧社区服务站_站点-慧泽小学智慧社区服务站,慧泽小学智慧社区服务站,慧泽小学智慧社区服务站,快递,2025-04-16 18:33:33,,1,0.2,0,6.00,0.00,2.80,6-3.2,2,1912454276602859520,极兔快递,JT0016130507258,服饰,浙江省,
慧泽小学智慧社区服务站_站点-慧泽小学智慧社区服务站,慧泽小学智慧社区服务站,慧泽小学智慧社区服务站,快递,2025-04-16 18:32:29,,1,0.21,0,6.00,0.00,2.80,6-3.2,2,1912453997216075776,极兔快递,JT0016131014507,服饰,山东省,
慧泽小学智慧社区服务站_站点-慧泽小学智慧社区服务站,慧泽小学智慧社区服务站,慧泽小学智慧社区服务站,快递,2025-04-16 18:28:25,,1,0.8,0,6.00,0.00,2.80,6-3.2,2,1912452971020881920,极兔快递,JT0016130253127,服饰,山东省,
慧泽小学智慧社区服务站_站点-慧泽小学智慧社区服务站,慧泽小学智慧社区服务站,慧泽小学智慧社区服务站,快递,2025-04-16 18:24:54,,1,0.26,0,6.00,0.00,2.80,6-3.2,2,1912452074618425344,极兔快递,JT0016124709926,耳机,湖北省,
慧泽小学智慧社区服务站_站点-慧泽小学智慧社区服务站,慧泽小学智慧社区服务站,慧泽小学智慧社区服务站,快递,2025-04-16 17:42:09,,1,0.25,0,6.00,0.00,2.80,6-3.2,2,1912440871699550208,极兔快递,JT0016120253111,服饰,浙江省,
慧泽小学智慧社区服务站_站点-慧泽小学智慧社区服务站,慧泽小学智慧社区服务站,慧泽小学智慧社区服务站,快递,2025-04-16 17:35:09,,1,0.2,0,6.00,0.00,2.80,6-3.2,2,1912439591446974464,极兔快递,JT0016127640508,服饰,山东省,
慧泽小学智慧社区服务站_站点-慧泽小学智慧社区服务站,慧泽小学智慧社区服务站,慧泽小学智慧社区服务站,快递,2025-04-16 17:33:23,,1,0.51,0,6.00,0.00,2.80,6-3.2,2,1912439137837191168,极兔快递,JT0016129537478,服饰,辽宁省,
慧泽小学智慧社区服务站_站点-慧泽小学智慧社区服务站,慧泽小学智慧社区服务站,慧泽小学智慧社区服务站,快递,2025-04-16 17:20:44,,1,0.54,0,6.00,0.00,2.80,6-3.2,2,1912435964703608832,极兔快递,JT0016127147451,垃圾桶,广东省,
慧泽小学智慧社区服务站_站点-慧泽小学智慧社区服务站,慧泽小学智慧社区服务站,慧泽小学智慧社区服务站,快递,2025-04-16 17:05:36,,1,0.2,0,6.00,0.00,2.80,6-3.2,2,1912432146704175104,极兔快递,JT0016128249908,服饰,广东省,
慧泽小学智慧社区服务站_站点-慧泽小学智慧社区服务站,慧泽小学智慧社区服务站,慧泽小学智慧社区服务站,快递,2025-04-16 17:03:00,,1,0.57,0,6.00,0.00,2.80,6-3.2,2,1912431444909035520,极兔快递,JT0016128171299,服饰,江苏省,
慧泽小学智慧社区服务站_站点-慧泽小学智慧社区服务站,慧泽小学智慧社区服务站,慧泽小学智慧社区服务站,快递,2025-04-16 16:45:10,2025-04-16 08:53:48,3,,,10.00,,0.00,,2,1912427009147342848,极兔快递,JT0016124261192,阿胶,山东省,已全额退款
慧泽小学智慧社区服务站_站点-慧泽小学智慧社区服务站,慧泽小学智慧社区服务站,慧泽小学智慧社区服务站,快递,2025-04-16 16:16:45,,1,0.27,0,6.00,0.00,2.80,6-3.2,2,1912419844311420928,极兔快递,JT0016122308437,气球,河北省,
慧泽小学智慧社区服务站_站点-慧泽小学智慧社区服务站,慧泽小学智慧社区服务站,慧泽小学智慧社区服务站,快递,2025-04-16 16:08:22,,1,0.67,0,6.00,0.00,2.80,6-3.2,2,1912417754281349120,极兔快递,JT0016126746267,服饰,湖南省,
慧泽小学智慧社区服务站_站点-慧泽小学智慧社区服务站,慧泽小学智慧社区服务站,慧泽小学智慧社区服务站,快递,2025-04-16 16:07:04,,1,0.34,0,6.00,0.00,2.80,6-3.2,2,1912417423354957824,极兔快递,JT0016126529358,服饰,江苏省,
慧泽小学智慧社区服务站_站点-慧泽小学智慧社区服务站,慧泽小学智慧社区服务站,慧泽小学智慧社区服务站,快递,2025-04-16 15:34:36,,1,0.95,0,6.00,0.00,2.80,6-3.2,2,1912409254616567808,极兔快递,JT0016119671366,米茶,陕西省,
慧泽小学智慧社区服务站_站点-慧泽小学智慧社区服务站,慧泽小学智慧社区服务站,慧泽小学智慧社区服务站,快递,2025-04-16 14:22:00,,1,0.2,0,6.00,0.00,2.80,6-3.2,2,1912390964250873856,极兔快递,JT0016124804931,护肤品,陕西省,
慧泽小学智慧社区服务站_站点-慧泽小学智慧社区服务站,慧泽小学智慧社区服务站,慧泽小学智慧社区服务站,快递,2025-04-16 14:09:06,,1,0.2,0,6.00,0.00,2.80,6-3.2,2,1912387712008523776,极兔快递,JT0016124675995,素颜霜,广东省,
慧泽小学智慧社区服务站_站点-慧泽小学智慧社区服务站,慧泽小学智慧社区服务站,慧泽小学智慧社区服务站,快递,2025-04-16 12:49:31,,1,0.2,0,6.00,0.00,2.80,6-3.2,2,1912367713709658112,极兔快递,JT0016122600737,服饰,浙江省,
慧泽小学智慧社区服务站_站点-慧泽小学智慧社区服务站,慧泽小学智慧社区服务站,慧泽小学智慧社区服务站,快递,2025-04-16 12:47:50,,1,0.51,0,6.00,0.00,2.80,6-3.2,2,1912367281444687872,极兔快递,JT0016123079008,服饰,浙江省,
慧泽小学智慧社区服务站_站点-慧泽小学智慧社区服务站,慧泽小学智慧社区服务站,慧泽小学智慧社区服务站,快递,2025-04-16 12:46:18,,1,0.99,0,6.00,0.00,2.80,6-3.2,2,1912366880272093184,极兔快递,JT0016118596092,服饰,浙江省,
慧泽小学智慧社区服务站_站点-慧泽小学智慧社区服务站,慧泽小学智慧社区服务站,慧泽小学智慧社区服务站,快递,2025-04-16 12:10:09,,1,0.4,0,6.00,0.00,2.80,6-3.2,2,1912292349201289216,极兔快递,JT0016120416334,服饰,广东省,
慧泽小学智慧社区服务站_站点-慧泽小学智慧社区服务站,慧泽小学智慧社区服务站,慧泽小学智慧社区服务站,快递,2025-04-16 10:56:09,,1,0.65,0,6.00,0.00,2.80,6-3.2,2,1912339177607204864,极兔快递,JT0016112786299,服饰,辽宁省,
慧泽小学智慧社区服务站_站点-慧泽小学智慧社区服务站,慧泽小学智慧社区服务站,慧泽小学智慧社区服务站,快递,2025-04-16 10:46:23,,1,0.24,0,6.00,0.00,2.80,6-3.2,2,1912336723876450304,极兔快递,JT0016119390517,服饰,广东省,
慧泽小学智慧社区服务站_站点-慧泽小学智慧社区服务站,慧泽小学智慧社区服务站,慧泽小学智慧社区服务站,快递,2025-04-16 10:44:54,,1,0.61,0,6.00,0.00,2.80,6-3.2,2,1912336218710282240,极兔快递,JT0016120005350,服饰,广东省,
慧泽小学智慧社区服务站_站点-慧泽小学智慧社区服务站,慧泽小学智慧社区服务站,慧泽小学智慧社区服务站,快递,2025-04-16 10:21:51,,2,1.55,0,8.00,0.00,4.08,51% ,2,1912330547273076736,极兔快递,JT0016119231600,软骨黄金液,江西省,
慧泽小学智慧社区服务站_站点-慧泽小学智慧社区服务站,慧泽小学智慧社区服务站,慧泽小学智慧社区服务站,快递,2025-04-16 10:20:13,,1,0.47,0,6.00,0.00,2.80,6-3.2,2,1912330118963335168,极兔快递,JT0016120104977,生活用品,安徽省,
慧泽小学智慧社区服务站_站点-慧泽小学智慧社区服务站,慧泽小学智慧社区服务站,慧泽小学智慧社区服务站,快递,2025-04-16 09:42:01,,3,2.93,0,10.00,0.00,5.50,55% ,2,1912320522714550272,极兔快递,JT0016120025496,生活用品,陕西省,
慧泽小学智慧社区服务站_站点-慧泽小学智慧社区服务站,慧泽小学智慧社区服务站,慧泽小学智慧社区服务站,快递,2025-04-16 09:36:08,,1.2,1.18,0,8.00,0.00,4.08,51% ,2,1912319021652840448,韵达快递,312713190103069,鞋子,内蒙古自治区,
慧泽小学智慧社区服务站_站点-慧泽小学智慧社区服务站,慧泽小学智慧社区服务站,慧泽小学智慧社区服务站,快递,2025-04-16 08:06:48,,1,0.22,0,6.00,0.00,2.80,6-3.2,2,1912296538514067456,极兔快递,JT0016118064313,服饰,浙江省,
慧泽小学智慧社区服务站_站点-慧泽小学智慧社区服务站,慧泽小学智慧社区服务站,慧泽小学智慧社区服务站,快递,2025-04-16 08:05:09,,1,0.2,0,6.00,0.00,2.80,6-3.2,2,1912296150763245568,极兔快递,JT0016116470170,服饰,浙江省,
慧泽小学智慧社区服务站_站点-慧泽小学智慧社区服务站,慧泽小学智慧社区服务站,慧泽小学智慧社区服务站,快递,2025-04-16 08:02:20,,1,0.2,0,6.00,0.00,2.80,6-3.2,2,1912295426008485888,极兔快递,JT0016117251524,服饰,广东省,
慧泽小学智慧社区服务站_站点-慧泽小学智慧社区服务站,慧泽小学智慧社区服务站,慧泽小学智慧社区服务站,快递,2025-04-16 08:01:20,,1,0.22,0,6.00,0.00,2.80,6-3.2,2,1912295175159746560,极兔快递,JT0016116869298,服饰,广东省,
慧泽小学智慧社区服务站_站点-慧泽小学智慧社区服务站,慧泽小学智慧社区服务站,慧泽小学智慧社区服务站,快递,2025-04-16 08:00:18,,1,0.2,0,6.00,0.00,2.80,6-3.2,2,1912294909609971712,极兔快递,JT0016115568564,服饰,广东省,
慧泽小学智慧社区服务站_站点-慧泽小学智慧社区服务站,慧泽小学智慧社区服务站,慧泽小学智慧社区服务站,快递,2025-04-16 07:45:20,,1,0.31,0,6.00,0.00,2.80,6-3.2,2,1912291130361712640,极兔快递,JT0016114831193,服饰,广东省,
慧泽小学智慧社区服务站_站点-慧泽小学智慧社区服务站,慧泽小学智慧社区服务站,慧泽小学智慧社区服务站,快递,2025-04-15 20:52:10,,1,0.61,0,6.00,0.00,2.80,6-3.2,2,1912126789222076416,极兔快递,JT0016110238464,服饰,广东省,
慧泽小学智慧社区服务站_站点-慧泽小学智慧社区服务站,慧泽小学智慧社区服务站,慧泽小学智慧社区服务站,快递,2025-04-15 20:44:02,,1,0.71,0,6.00,0.00,2.80,6-3.2,2,1912124717999263744,极兔快递,JT0016115745435,服饰,河北省,
慧泽小学智慧社区服务站_站点-慧泽小学智慧社区服务站,慧泽小学智慧社区服务站,慧泽小学智慧社区服务站,快递,2025-04-15 20:10:34,,4.5,4.46,0,15.00,3.00,7.50,50% ,2,1912116296210124800,极兔快递,JT0016111056387,生活用品,陕西省,
慧泽小学智慧社区服务站_站点-慧泽小学智慧社区服务站,慧泽小学智慧社区服务站,慧泽小学智慧社区服务站,快递,2025-04-15 19:30:09,,1,0.39,0,6.00,0.00,2.80,6-3.2,2,1912106145914753024,极兔快递,JT0016105494817,裤子,福建省,
慧泽小学智慧社区服务站_站点-慧泽小学智慧社区服务站,慧泽小学智慧社区服务站,慧泽小学智慧社区服务站,快递,2025-04-15 19:28:53,,1,0.35,0,6.00,0.00,2.80,6-3.2,2,1912105824895307776,极兔快递,JT0016104403936,裤子,福建省,
慧泽小学智慧社区服务站_站点-慧泽小学智慧社区服务站,慧泽小学智慧社区服务站,慧泽小学智慧社区服务站,快递,2025-04-15 19:22:52,,1,0.4,0,6.00,0.00,2.80,6-3.2,2,1912104314522243072,极兔快递,JT0016115123531,裤子,福建省,
慧泽小学智慧社区服务站_站点-慧泽小学智慧社区服务站,慧泽小学智慧社区服务站,慧泽小学智慧社区服务站,快递,2025-04-15 19:17:33,,1,0.25,0,6.00,0.00,2.80,6-3.2,2,1912102968997908480,极兔快递,JT0016110073665,短袖,河北省,
慧泽小学智慧社区服务站_站点-慧泽小学智慧社区服务站,慧泽小学智慧社区服务站,慧泽小学智慧社区服务站,快递,2025-04-15 18:13:28,,1,0.37,0,6.00,0.00,2.80,6-3.2,2,1912086847108354048,极兔快递,JT0016106596442,服饰,广东省,
慧泽小学智慧社区服务站_站点-慧泽小学智慧社区服务站,慧泽小学智慧社区服务站,慧泽小学智慧社区服务站,快递,2025-04-15 18:11:29,,1,0.39,0,6.00,0.00,2.80,6-3.2,2,1912086330898583552,极兔快递,JT0016113320282,服饰,广东省,
慧泽小学智慧社区服务站_站点-慧泽小学智慧社区服务站,慧泽小学智慧社区服务站,慧泽小学智慧社区服务站,快递,2025-04-15 18:10:31,,1,0.42,0,6.00,0.00,2.80,6-3.2,2,1912086107535118336,极兔快递,JT0016109032817,服饰,福建省,
慧泽小学智慧社区服务站_站点-慧泽小学智慧社区服务站,慧泽小学智慧社区服务站,慧泽小学智慧社区服务站,快递,2025-04-15 18:09:01,,1,0.25,0,6.00,0.00,2.80,6-3.2,2,1912085722246352896,极兔快递,JT0016113409785,服饰,江苏省,
慧泽小学智慧社区服务站_站点-慧泽小学智慧社区服务站,慧泽小学智慧社区服务站,慧泽小学智慧社区服务站,快递,2025-04-15 18:07:46,,1,0.42,0,6.00,0.00,2.80,6-3.2,2,1912085390862782464,极兔快递,JT0016113736377,服饰,河南省,
慧泽小学智慧社区服务站_站点-慧泽小学智慧社区服务站,慧泽小学智慧社区服务站,慧泽小学智慧社区服务站,快递,2025-04-15 17:49:08,,1,0.49,0,6.00,0.00,2.80,6-3.2,2,1912080724112379904,极兔快递,JT0016105311874,服饰,浙江省,
慧泽小学智慧社区服务站_站点-慧泽小学智慧社区服务站,慧泽小学智慧社区服务站,慧泽小学智慧社区服务站,快递,2025-04-15 17:47:48,,1,0.43,0,6.00,0.00,2.80,6-3.2,2,1912080385179062272,极兔快递,JT0016113242272,服饰,浙江省,
慧泽小学智慧社区服务站_站点-慧泽小学智慧社区服务站,慧泽小学智慧社区服务站,慧泽小学智慧社区服务站,快递,2025-04-15 17:45:38,,1,0.6,0,6.00,0.00,2.80,6-3.2,2,1912079842633256960,极兔快递,JT0016109074303,鞋子,浙江省,
慧泽小学智慧社区服务站_站点-慧泽小学智慧社区服务站,慧泽小学智慧社区服务站,慧泽小学智慧社区服务站,快递,2025-04-15 17:43:14,,1,0.79,0,6.00,0.00,2.80,6-3.2,2,1912079240146653184,极兔快递,JT0016113638387,鞋子,浙江省,
慧泽小学智慧社区服务站_站点-慧泽小学智慧社区服务站,慧泽小学智慧社区服务站,慧泽小学智慧社区服务站,快递,2025-04-15 17:33:39,,1,0.42,0,6.00,0.00,2.80,6-3.2,2,1912076813624348672,极兔快递,JT0016112549722,卡片,辽宁省,
慧泽小学智慧社区服务站_站点-慧泽小学智慧社区服务站,慧泽小学智慧社区服务站,慧泽小学智慧社区服务站,快递,2025-04-15 17:32:56,,1,0.2,0,6.00,0.00,2.80,6-3.2,2,1912076631738355712,极兔快递,JT0016112760915,卡片,云南省,
慧泽小学智慧社区服务站_站点-慧泽小学智慧社区服务站,慧泽小学智慧社区服务站,慧泽小学智慧社区服务站,快递,2025-04-15 17:31:53,,1,0.21,0,6.00,0.00,2.80,6-3.2,2,1912076356961112064,极兔快递,JT0016112723396,卡片,河南省,
慧泽小学智慧社区服务站_站点-慧泽小学智慧社区服务站,慧泽小学智慧社区服务站,慧泽小学智慧社区服务站,快递,2025-04-15 16:39:40,,1,0.46,0,6.00,0.00,2.80,6-3.2,2,1912063220434538496,极兔快递,JT0016110790924,蒜,陕西省,
慧泽小学智慧社区服务站_站点-慧泽小学智慧社区服务站,慧泽小学智慧社区服务站,慧泽小学智慧社区服务站,快递,2025-04-15 15:56:26,,1,0.29,0,6.00,0.00,2.80,6-3.2,2,1912052324215754752,极兔快递,JT0016108318466,发饰,浙江省,
慧泽小学智慧社区服务站_站点-慧泽小学智慧社区服务站,慧泽小学智慧社区服务站,慧泽小学智慧社区服务站,快递,2025-04-15 15:00:15,,1,0.82,0,6.00,0.00,2.80,6-3.2,2,1912038201226629120,极兔快递,JT0016110114562,服饰,广东省,
慧泽小学智慧社区服务站_站点-慧泽小学智慧社区服务站,慧泽小学智慧社区服务站,慧泽小学智慧社区服务站,快递,2025-04-15 14:47:35,,2,1.27,0,8.00,0.00,4.08,51% ,2,1912035031612067840,极兔快递,JT0016109577116,生活用品,陕西省,
慧泽小学智慧社区服务站_站点-慧泽小学智慧社区服务站,慧泽小学智慧社区服务站,慧泽小学智慧社区服务站,快递,2025-04-15 14:07:48,,1,0.77,0,6.00,0.00,2.80,6-3.2,2,1912025002540470272,极兔快递,JT0016107619406,服饰,陕西省,
慧泽小学智慧社区服务站_站点-慧泽小学智慧社区服务站,慧泽小学智慧社区服务站,慧泽小学智慧社区服务站,快递,2025-04-15 14:02:54,,1,0.66,0,6.00,0.00,2.80,6-3.2,2,1912023769419288576,极兔快递,JT0016100260193,服饰,广东省,
慧泽小学智慧社区服务站_站点-慧泽小学智慧社区服务站,慧泽小学智慧社区服务站,慧泽小学智慧社区服务站,快递,2025-04-15 13:56:20,,1,0.26,0,6.00,0.00,2.80,6-3.2,2,1912022113424183296,极兔快递,JT0016109115372,生活用品,河南省,
慧泽小学智慧社区服务站_站点-慧泽小学智慧社区服务站,慧泽小学智慧社区服务站,慧泽小学智慧社区服务站,快递,2025-04-15 13:53:09,,1,0.28,0,6.00,0.00,2.80,6-3.2,2,1912021326128156672,极兔快递,JT0016107044616,服饰,湖南省,
慧泽小学智慧社区服务站_站点-慧泽小学智慧社区服务站,慧泽小学智慧社区服务站,慧泽小学智慧社区服务站,快递,2025-04-15 13:49:04,,1,0.56,0,6.00,0.00,2.80,6-3.2,2,1912020287555571712,极兔快递,JT0016106444267,手镯2个,河南省,
慧泽小学智慧社区服务站_站点-慧泽小学智慧社区服务站,慧泽小学智慧社区服务站,慧泽小学智慧社区服务站,快递,2025-04-15 13:47:20,,1,0.22,0,6.00,0.00,2.80,6-3.2,2,1912019844108587008,极兔快递,JT0016104467344,项链,山东省,
慧泽小学智慧社区服务站_站点-慧泽小学智慧社区服务站,慧泽小学智慧社区服务站,慧泽小学智慧社区服务站,快递,2025-04-15 13:35:30,,1,0.68,0,6.00,0.00,2.80,6-3.2,2,1912016876277796864,极兔快递,JT0016107257256,服饰,安徽省,
慧泽小学智慧社区服务站_站点-慧泽小学智慧社区服务站,慧泽小学智慧社区服务站,慧泽小学智慧社区服务站,快递,2025-04-15 13:08:17,,1,0.32,0,6.00,0.00,2.80,6-3.2,2,1912010041323884544,极兔快递,JT0016102909396,服饰,广东省,
慧泽小学智慧社区服务站_站点-慧泽小学智慧社区服务站,慧泽小学智慧社区服务站,慧泽小学智慧社区服务站,快递,2025-04-15 12:30:24,,1,0.24,0,6.00,0.00,2.80,6-3.2,2,1912000513190596608,极兔快递,JT0016106863038,粉底液,广东省,
慧泽小学智慧社区服务站_站点-慧泽小学智慧社区服务站,慧泽小学智慧社区服务站,慧泽小学智慧社区服务站,快递,2025-04-15 12:29:14,,1,0.21,0,6.00,0.00,2.80,6-3.2,2,1912000199792201728,极兔快递,JT0016101427173,服饰,浙江省,
慧泽小学智慧社区服务站_站点-慧泽小学智慧社区服务站,慧泽小学智慧社区服务站,慧泽小学智慧社区服务站,快递,2025-04-15 12:25:57,,2,1.13,0,8.00,0.00,4.08,51% ,2,1911999330342342656,极兔快递,JT0016106222819,鞋子,福建省,
慧泽小学智慧社区服务站_站点-慧泽小学智慧社区服务站,慧泽小学智慧社区服务站,慧泽小学智慧社区服务站,快递,2025-04-15 12:16:05,,1,0.2,0,6.00,0.00,2.80,6-3.2,2,1911996778099970048,极兔快递,JT0016105448474,裤子,安徽省,
慧泽小学智慧社区服务站_站点-慧泽小学智慧社区服务站,慧泽小学智慧社区服务站,慧泽小学智慧社区服务站,快递,2025-04-15 11:43:45,,1,0.94,0,6.00,0.00,2.80,6-3.2,2,1911988757340819456,极兔快递,JT0016097558706,茶,安徽省,
慧泽小学智慧社区服务站_站点-慧泽小学智慧社区服务站,慧泽小学智慧社区服务站,慧泽小学智慧社区服务站,快递,2025-04-15 11:41:01,,1,0.39,0,6.00,0.00,2.80,6-3.2,2,1911988080208187392,极兔快递,JT0016095102923,桃色套装,广东省,
慧泽小学智慧社区服务站_站点-慧泽小学智慧社区服务站,慧泽小学智慧社区服务站,慧泽小学智慧社区服务站,快递,2025-04-15 11:40:17,,1,0.2,0,6.00,0.00,2.80,6-3.2,2,1911987894157250560,极兔快递,JT0016104284507,袜子,江苏省,
慧泽小学智慧社区服务站_站点-慧泽小学智慧社区服务站,慧泽小学智慧社区服务站,慧泽小学智慧社区服务站,快递,2025-04-15 11:39:24,,1,,,6.00,,2.52,42% ,2,1911987654834458624,申通快递,772040000494771,服饰,山东省,
慧泽小学智慧社区服务站_站点-慧泽小学智慧社区服务站,慧泽小学智慧社区服务站,慧泽小学智慧社区服务站,快递,2025-04-15 10:33:28,,1,0.6,0,6.00,0.00,2.80,6-3.2,2,1911971010474053632,极兔快递,JT0016101241673,鞋子,福建省,
慧泽小学智慧社区服务站_站点-慧泽小学智慧社区服务站,慧泽小学智慧社区服务站,慧泽小学智慧社区服务站,快递,2025-04-15 10:19:34,,1,0.44,0,6.00,0.00,2.80,6-3.2,2,1911967583744462848,极兔快递,JT0016103573248,鞋子,福建省,
慧泽小学智慧社区服务站_站点-慧泽小学智慧社区服务站,慧泽小学智慧社区服务站,慧泽小学智慧社区服务站,快递,2025-04-15 09:51:59,,1,0.82,0,6.00,0.00,2.80,6-3.2,2,1911960605378908160,极兔快递,JT0016103842948,服饰,广东省,
慧泽小学智慧社区服务站_站点-慧泽小学智慧社区服务站,慧泽小学智慧社区服务站,慧泽小学智慧社区服务站,快递,2025-04-15 09:49:44,,1,0.51,0,6.00,0.00,2.80,6-3.2,2,1911960078809206784,极兔快递,JT0016099850490,包包,广东省,
慧泽小学智慧社区服务站_站点-慧泽小学智慧社区服务站,慧泽小学智慧社区服务站,慧泽小学智慧社区服务站,快递,2025-04-15 09:33:28,,1,0.2,0,6.00,0.00,2.80,6-3.2,2,1911955985508241408,极兔快递,JT0016103064052,口红,广东省,
慧泽小学智慧社区服务站_站点-慧泽小学智慧社区服务站,慧泽小学智慧社区服务站,慧泽小学智慧社区服务站,快递,2025-04-15 09:32:09,,2,1.19,0,8.00,0.00,4.08,51% ,2,1911955493445079040,极兔快递,JT0016100884617,鞋子,河北省,
慧泽小学智慧社区服务站_站点-慧泽小学智慧社区服务站,慧泽小学智慧社区服务站,慧泽小学智慧社区服务站,快递,2025-04-15 09:02:00,,2,1.86,0,8.00,0.00,4.08,51% ,2,1911948045372002304,极兔快递,JT0016095454090,蒜,辽宁省,
慧泽小学智慧社区服务站_站点-慧泽小学智慧社区服务站,慧泽小学智慧社区服务站,慧泽小学智慧社区服务站,快递,2025-04-15 08:54:58,,1,0.42,0,6.00,0.00,2.80,6-3.2,2,1911946263266758656,极兔快递,JT0016097683042,服饰,湖南省,
慧泽小学智慧社区服务站_站点-慧泽小学智慧社区服务站,慧泽小学智慧社区服务站,慧泽小学智慧社区服务站,快递,2025-04-15 08:44:26,,1,0.82,0,6.00,0.00,2.80,6-3.2,2,1911943639062712320,极兔快递,JT0016101445505,萝卜丁,贵州省,
慧泽小学智慧社区服务站_站点-慧泽小学智慧社区服务站,慧泽小学智慧社区服务站,慧泽小学智慧社区服务站,快递,2025-04-15 08:41:46,,1,0.2,0,6.00,0.00,2.80,6-3.2,2,1911942972776550400,极兔快递,JT0016101111726,袜子,广东省,
慧泽小学智慧社区服务站_站点-慧泽小学智慧社区服务站,慧泽小学智慧社区服务站,慧泽小学智慧社区服务站,快递,2025-04-15 08:38:40,,1,0.2,0,6.00,0.00,2.80,6-3.2,2,1911942164932628480,极兔快递,JT0016100524297,证件,陕西省,
慧泽小学智慧社区服务站_站点-慧泽小学智慧社区服务站,慧泽小学智慧社区服务站,慧泽小学智慧社区服务站,快递,2025-04-15 08:30:50,,1,0.53,0,6.00,0.00,2.80,6-3.2,2,1911940215122333696,极兔快递,JT0016099517253,鼻炎膏1组,广东省,
慧泽小学智慧社区服务站_站点-慧泽小学智慧社区服务站,慧泽小学智慧社区服务站,慧泽小学智慧社区服务站,快递,2025-04-15 08:30:12,,1,0.55,0,6.00,0.00,2.80,6-3.2,2,1911940048914649088,极兔快递,JT0016094233096,鼻炎膏1组,福建省,
慧泽小学智慧社区服务站_站点-慧泽小学智慧社区服务站,慧泽小学智慧社区服务站,慧泽小学智慧社区服务站,快递,2025-04-15 08:29:32,,1,0.51,0,6.00,0.00,2.80,6-3.2,2,1911939874876198912,极兔快递,JT0016101740718,鼻炎膏1组,江苏省,
慧泽小学智慧社区服务站_站点-慧泽小学智慧社区服务站,慧泽小学智慧社区服务站,慧泽小学智慧社区服务站,快递,2025-04-15 08:17:23,,1,0.58,0,6.00,0.00,2.80,6-3.2,2,1911936781715410944,极兔快递,JT0016100840573,服饰,吉林省,
慧泽小学智慧社区服务站_站点-慧泽小学智慧社区服务站,慧泽小学智慧社区服务站,慧泽小学智慧社区服务站,快递,2025-04-15 08:13:34,,1,,,6.00,,2.52,42% ,2,1911726641380757504,申通快递,772040037979756,生活用品,江苏省,
慧泽小学智慧社区服务站_站点-慧泽小学智慧社区服务站,慧泽小学智慧社区服务站,慧泽小学智慧社区服务站,快递,2025-04-15 08:10:31,,1,,,6.00,,2.52,42% ,2,1911727706826248192,申通快递,772040059500789,生活用品,江苏省,
慧泽小学智慧社区服务站_站点-慧泽小学智慧社区服务站,慧泽小学智慧社区服务站,慧泽小学智慧社区服务站,快递,2025-04-15 08:10:22,,1,,,6.00,,2.52,42% ,2,1911728369517891584,申通快递,772040054846869,生活用品,江苏省,
慧泽小学智慧社区服务站_站点-慧泽小学智慧社区服务站,慧泽小学智慧社区服务站,慧泽小学智慧社区服务站,快递,2025-04-15 08:10:12,,1,,,6.00,,2.52,42% ,2,1911728528024834048,申通快递,772040010919161,生活用品,江苏省,
慧泽小学智慧社区服务站_站点-慧泽小学智慧社区服务站,慧泽小学智慧社区服务站,慧泽小学智慧社区服务站,快递,2025-04-15 08:10:00,,1,,,6.00,,2.52,42% ,2,1911729065524891648,申通快递,772040056996145,生活用品,江苏省,
慧泽小学智慧社区服务站_站点-慧泽小学智慧社区服务站,慧泽小学智慧社区服务站,慧泽小学智慧社区服务站,快递,2025-04-15 08:05:28,,1,0.54,0,6.00,0.00,2.80,6-3.2,2,1911933838672957440,极兔快递,JT0016101773402,服饰,广东省,
慧泽小学智慧社区服务站_站点-慧泽小学智慧社区服务站,慧泽小学智慧社区服务站,慧泽小学智慧社区服务站,快递,2025-04-15 08:01:50,,1,0.2,0,6.00,0.00,2.80,6-3.2,2,1911932906358870016,极兔快递,JT0016097619555,生活用品,广东省,
慧泽小学智慧社区服务站_站点-慧泽小学智慧社区服务站,慧泽小学智慧社区服务站,慧泽小学智慧社区服务站,快递,2025-04-15 07:54:57,,1,0.2,0,6.00,0.00,2.80,6-3.2,2,1911931182223101952,极兔快递,JT0016100446621,内衣,浙江省,
慧泽小学智慧社区服务站_站点-慧泽小学智慧社区服务站,慧泽小学智慧社区服务站,慧泽小学智慧社区服务站,快递,2025-04-15 07:53:10,,1,0.22,0,6.00,0.00,2.80,6-3.2,2,1911930738532847616,极兔快递,JT0016100885566,服饰,广西壮族自治区,
慧泽小学智慧社区服务站_站点-慧泽小学智慧社区服务站,慧泽小学智慧社区服务站,慧泽小学智慧社区服务站,快递,2025-04-15 07:51:28,,1,0.96,0,6.00,0.00,2.80,6-3.2,2,1911930210922958848,极兔快递,JT0016099878122,牛仔套装,广东省,
慧泽小学智慧社区服务站_站点-慧泽小学智慧社区服务站,慧泽小学智慧社区服务站,慧泽小学智慧社区服务站,快递,2025-04-15 07:49:20,,1,0.2,0,6.00,0.00,2.80,6-3.2,2,1911929679538196480,极兔快递,JT0016101114695,吊带,广东省,
慧泽小学智慧社区服务站_站点-慧泽小学智慧社区服务站,慧泽小学智慧社区服务站,慧泽小学智慧社区服务站,快递,2025-04-13 16:26:45,2025-04-14 13:31:53,3.6,,,12.00,,0.00,,2,1911335196966178816,极兔快递,JT0016079302837,蒜,广东省,已全额退款
慧泽小学智慧社区服务站_站点-慧泽小学智慧社区服务站,慧泽小学智慧社区服务站,慧泽小学智慧社区服务站,快递,2025-04-14 20:57:29,,2,1.9,0,8.00,0.00,4.08,51% ,2,1911765714111729664,极兔快递,JT0016090285599,蒜,浙江省,
慧泽小学智慧社区服务站_站点-慧泽小学智慧社区服务站,慧泽小学智慧社区服务站,慧泽小学智慧社区服务站,快递,2025-04-14 20:44:14,,1,0.2,0,6.00,0.00,2.80,6-3.2,2,1911762399730765824,极兔快递,JT0016095042039,服饰,河北省,
慧泽小学智慧社区服务站_站点-慧泽小学智慧社区服务站,慧泽小学智慧社区服务站,慧泽小学智慧社区服务站,快递,2025-04-14 20:42:47,,2,1.19,0,8.00,0.00,4.08,51% ,2,1911762012588118016,极兔快递,JT0016085651607,灰色套装,广东省,
慧泽小学智慧社区服务站_站点-慧泽小学智慧社区服务站,慧泽小学智慧社区服务站,慧泽小学智慧社区服务站,快递,2025-04-14 20:41:01,,1,0.2,0,6.00,0.00,2.80,6-3.2,2,1911761568298078208,极兔快递,JT0016096841471,绿色短袖,浙江省,
慧泽小学智慧社区服务站_站点-慧泽小学智慧社区服务站,慧泽小学智慧社区服务站,慧泽小学智慧社区服务站,快递,2025-04-14 20:39:33,,1,0.74,0,6.00,0.00,2.80,6-3.2,2,1911761194426208256,极兔快递,JT0016099375897,蓝色牛仔裤,广东省,
慧泽小学智慧社区服务站_站点-慧泽小学智慧社区服务站,慧泽小学智慧社区服务站,慧泽小学智慧社区服务站,快递,2025-04-14 20:08:05,,2,1.97,0,8.00,0.00,4.08,51% ,2,1911753304906829824,极兔快递,JT0016093246583,蒜,山东省,
慧泽小学智慧社区服务站_站点-慧泽小学智慧社区服务站,慧泽小学智慧社区服务站,慧泽小学智慧社区服务站,快递,2025-04-14 20:04:59,,2,1.91,0,8.00,0.00,4.08,51% ,2,1911752521427619840,极兔快递,JT0016099632448,蒜,甘肃省,
慧泽小学智慧社区服务站_站点-慧泽小学智慧社区服务站,慧泽小学智慧社区服务站,慧泽小学智慧社区服务站,快递,2025-04-14 20:02:45,,2,1.84,0,8.00,0.00,4.08,51% ,2,1911751962020712448,极兔快递,JT0016095911933,蒜,广东省,
慧泽小学智慧社区服务站_站点-慧泽小学智慧社区服务站,慧泽小学智慧社区服务站,慧泽小学智慧社区服务站,快递,2025-04-14 20:00:36,,1,0.98,0,6.00,0.00,2.52,42% ,2,1911751422884876288,韵达快递,312711969243965,蒜,内蒙古自治区,
慧泽小学智慧社区服务站_站点-慧泽小学智慧社区服务站,慧泽小学智慧社区服务站,慧泽小学智慧社区服务站,快递,2025-04-14 19:59:06,,1,1.05,-1,6.00,0.00,2.80,6-3.2,2,1911751044021784576,极兔快递,JT0016096898185,蒜,浙江省,
慧泽小学智慧社区服务站_站点-慧泽小学智慧社区服务站,慧泽小学智慧社区服务站,慧泽小学智慧社区服务站,快递,2025-04-14 19:58:01,,1,1.12,-1,6.00,0.00,2.80,6-3.2,2,1911750769777217536,极兔快递,JT0016091824537,蒜,黑龙江省,
慧泽小学智慧社区服务站_站点-慧泽小学智慧社区服务站,慧泽小学智慧社区服务站,慧泽小学智慧社区服务站,快递,2025-04-14 19:56:50,,1,1.02,-1,6.00,0.00,2.80,6-3.2,2,1911750474779234304,极兔快递,JT0016097976290,蒜,云南省,
慧泽小学智慧社区服务站_站点-慧泽小学智慧社区服务站,慧泽小学智慧社区服务站,慧泽小学智慧社区服务站,快递,2025-04-14 19:54:53,,1,0.97,0,6.00,0.00,2.80,6-3.2,2,1911749975870967808,极兔快递,JT0016097497235,蒜,天津市,
慧泽小学智慧社区服务站_站点-慧泽小学智慧社区服务站,慧泽小学智慧社区服务站,慧泽小学智慧社区服务站,快递,2025-04-14 19:53:52,,1,1.0,0,6.00,0.00,2.80,6-3.2,2,1911749659951796224,极兔快递,JT0016098009811,蒜,四川省,
慧泽小学智慧社区服务站_站点-慧泽小学智慧社区服务站,慧泽小学智慧社区服务站,慧泽小学智慧社区服务站,快递,2025-04-14 19:51:21,,1,1.01,-1,6.00,0.00,2.80,6-3.2,2,1911749089471926272,极兔快递,JT0016098693582,蒜,辽宁省,
慧泽小学智慧社区服务站_站点-慧泽小学智慧社区服务站,慧泽小学智慧社区服务站,慧泽小学智慧社区服务站,快递,2025-04-14 19:22:38,,1,0.24,0,6.00,0.00,2.80,6-3.2,2,1911741864363855872,极兔快递,JT0016089602545,弹力绷带,广东省,
慧泽小学智慧社区服务站_站点-慧泽小学智慧社区服务站,慧泽小学智慧社区服务站,慧泽小学智慧社区服务站,快递,2025-04-14 19:19:33,,1,0.26,0,6.00,0.00,2.80,6-3.2,2,1911741084395278336,极兔快递,JT0016095611619,服饰,广东省,
慧泽小学智慧社区服务站_站点-慧泽小学智慧社区服务站,慧泽小学智慧社区服务站,慧泽小学智慧社区服务站,快递,2025-04-14 19:16:04,,1,0.2,0,6.00,0.00,2.80,6-3.2,2,1911740207789936640,极兔快递,JT0016098898291,服饰,广东省,
慧泽小学智慧社区服务站_站点-慧泽小学智慧社区服务站,慧泽小学智慧社区服务站,慧泽小学智慧社区服务站,快递,2025-04-14 19:15:12,,1,0.52,0,6.00,0.00,2.80,6-3.2,2,1911739971277328384,极兔快递,JT0016090238813,洁面泥,广东省,
慧泽小学智慧社区服务站_站点-慧泽小学智慧社区服务站,慧泽小学智慧社区服务站,慧泽小学智慧社区服务站,快递,2025-04-14 18:24:03,,1,0.47,0,6.00,0.00,2.80,6-3.2,2,1911727121079111680,极兔快递,JT0016094343429,服饰,广东省,
慧泽小学智慧社区服务站_站点-慧泽小学智慧社区服务站,慧泽小学智慧社区服务站,慧泽小学智慧社区服务站,快递,2025-04-14 18:08:42,,1,0.26,0,6.00,0.00,2.80,6-3.2,2,1911705739909828608,极兔快递,JT0016091893241,服饰,浙江省,
慧泽小学智慧社区服务站_站点-慧泽小学智慧社区服务站,慧泽小学智慧社区服务站,慧泽小学智慧社区服务站,快递,2025-04-14 18:07:20,,1,0.53,0,6.00,0.00,2.80,6-3.2,2,1911722867941609472,极兔快递,JT0016094987673,服饰,广东省,
慧泽小学智慧社区服务站_站点-慧泽小学智慧社区服务站,慧泽小学智慧社区服务站,慧泽小学智慧社区服务站,快递,2025-04-14 18:04:18,,1,0.63,0,6.00,0.00,2.80,6-3.2,2,1911722154767323136,极兔快递,JT0016089863876,上衣,河南省,
慧泽小学智慧社区服务站_站点-慧泽小学智慧社区服务站,慧泽小学智慧社区服务站,慧泽小学智慧社区服务站,快递,2025-04-14 18:02:10,,1,0.62,0,6.00,0.00,2.80,6-3.2,2,1911721618290675712,极兔快递,JT0016097184657,置物架,浙江省,
慧泽小学智慧社区服务站_站点-慧泽小学智慧社区服务站,慧泽小学智慧社区服务站,慧泽小学智慧社区服务站,快递,2025-04-14 18:01:07,,1,0.68,0,6.00,0.00,2.80,6-3.2,2,1911721350056546304,极兔快递,JT0016092996397,置物架,广东省,
慧泽小学智慧社区服务站_站点-慧泽小学智慧社区服务站,慧泽小学智慧社区服务站,慧泽小学智慧社区服务站,快递,2025-04-14 17:58:43,,1,0.35,0,6.00,0.00,2.80,6-3.2,2,1911720744327745536,极兔快递,JT0016096197394,服饰,浙江省,
慧泽小学智慧社区服务站_站点-慧泽小学智慧社区服务站,慧泽小学智慧社区服务站,慧泽小学智慧社区服务站,快递,2025-04-14 17:56:49,,1,0.64,0,6.00,0.00,2.80,6-3.2,2,1911720261257170944,极兔快递,JT0016097351933,纸,浙江省,
慧泽小学智慧社区服务站_站点-慧泽小学智慧社区服务站,慧泽小学智慧社区服务站,慧泽小学智慧社区服务站,快递,2025-04-14 17:56:02,,1,0.61,0,6.00,0.00,2.80,6-3.2,2,1911720004255387648,极兔快递,JT0016095773495,纸,浙江省,
慧泽小学智慧社区服务站_站点-慧泽小学智慧社区服务站,慧泽小学智慧社区服务站,慧泽小学智慧社区服务站,快递,2025-04-14 17:54:25,,1,0.24,0,6.00,0.00,2.80,6-3.2,2,1911719665754083328,极兔快递,JT0016095900955,服饰,广东省,
慧泽小学智慧社区服务站_站点-慧泽小学智慧社区服务站,慧泽小学智慧社区服务站,慧泽小学智慧社区服务站,快递,2025-04-14 17:49:20,,1,0.2,0,6.00,0.00,2.80,6-3.2,2,1911718388634652672,极兔快递,JT0016093069728,服饰,广东省,
慧泽小学智慧社区服务站_站点-慧泽小学智慧社区服务站,慧泽小学智慧社区服务站,慧泽小学智慧社区服务站,快递,2025-04-14 17:47:49,,1,0.46,0,6.00,0.00,2.80,6-3.2,2,1911717987596275712,极兔快递,JT0016096587305,服饰,江苏省,
慧泽小学智慧社区服务站_站点-慧泽小学智慧社区服务站,慧泽小学智慧社区服务站,慧泽小学智慧社区服务站,快递,2025-04-14 17:41:08,,1,0.93,0,6.00,0.00,2.80,6-3.2,2,1911716322591805440,极兔快递,JT0016096869569,服饰,广东省,
慧泽小学智慧社区服务站_站点-慧泽小学智慧社区服务站,慧泽小学智慧社区服务站,慧泽小学智慧社区服务站,快递,2025-04-14 17:39:42,,1,,,6.00,,2.52,42% ,2,1911715965530705920,申通快递,772039996586772,服饰,广东省,
慧泽小学智慧社区服务站_站点-慧泽小学智慧社区服务站,慧泽小学智慧社区服务站,慧泽小学智慧社区服务站,快递,2025-04-14 17:36:24,,1,1.03,-1,6.00,0.00,2.80,6-3.2,2,1911715131694682112,极兔快递,JT0016096385559,帽子,江苏省,
慧泽小学智慧社区服务站_站点-慧泽小学智慧社区服务站,慧泽小学智慧社区服务站,慧泽小学智慧社区服务站,快递,2025-04-14 17:32:52,,1,0.2,0,6.00,0.00,2.80,6-3.2,2,1911714224370257920,极兔快递,JT0016093327262,服饰,广东省,
慧泽小学智慧社区服务站_站点-慧泽小学智慧社区服务站,慧泽小学智慧社区服务站,慧泽小学智慧社区服务站,快递,2025-04-14 17:24:15,,1,0.24,0,6.00,0.00,2.80,6-3.2,2,1911711988357435392,极兔快递,JT0016097079913,生活用品,广东省,
慧泽小学智慧社区服务站_站点-慧泽小学智慧社区服务站,慧泽小学智慧社区服务站,慧泽小学智慧社区服务站,快递,2025-04-14 15:36:52,,1,0.35,0,6.00,0.00,2.80,6-3.2,2,1911685030802264064,极兔快递,JT0016094802332,服饰,广东省,
慧泽小学智慧社区服务站_站点-慧泽小学智慧社区服务站,慧泽小学智慧社区服务站,慧泽小学智慧社区服务站,快递,2025-04-14 14:56:06,,1,0.53,0,6.00,0.00,2.80,6-3.2,2,1911674707022090240,极兔快递,JT0016092921601,服饰,湖北省,
慧泽小学智慧社区服务站_站点-慧泽小学智慧社区服务站,慧泽小学智慧社区服务站,慧泽小学智慧社区服务站,快递,2025-04-14 14:51:13,,2,1.41,0,8.00,0.00,4.08,51% ,2,1911673562094538752,极兔快递,JT0016087210314,服饰+鞋子,山东省,
慧泽小学智慧社区服务站_站点-慧泽小学智慧社区服务站,慧泽小学智慧社区服务站,慧泽小学智慧社区服务站,快递,2025-04-14 14:41:42,,1,0.5,0,6.00,0.00,2.80,6-3.2,2,1911392824278831104,极兔快递,JT0016093029418,平底鞋,广东省,
慧泽小学智慧社区服务站_站点-慧泽小学智慧社区服务站,慧泽小学智慧社区服务站,慧泽小学智慧社区服务站,快递,2025-04-14 14:40:31,,1,0.55,0,6.00,0.00,2.80,6-3.2,2,1911392544313233408,极兔快递,JT0016093103288,鞋子,浙江省,
慧泽小学智慧社区服务站_站点-慧泽小学智慧社区服务站,慧泽小学智慧社区服务站,慧泽小学智慧社区服务站,快递,2025-04-14 13:57:07,,1,0.2,0,6.00,0.00,2.80,6-3.2,2,1911659922238902272,极兔快递,JT0016089238824,眼镜,浙江省,
慧泽小学智慧社区服务站_站点-慧泽小学智慧社区服务站,慧泽小学智慧社区服务站,慧泽小学智慧社区服务站,快递,2025-04-14 13:32:58,,1,0.86,0,6.00,0.00,2.80,6-3.2,2,1911653851667533824,极兔快递,JT0016091313537,服饰,安徽省,
慧泽小学智慧社区服务站_站点-慧泽小学智慧社区服务站,慧泽小学智慧社区服务站,慧泽小学智慧社区服务站,快递,2025-04-14 13:31:47,,1,0.39,0,6.00,0.00,2.80,6-3.2,2,1911653473924321280,极兔快递,JT0016090797904,服饰,浙江省,
慧泽小学智慧社区服务站_站点-慧泽小学智慧社区服务站,慧泽小学智慧社区服务站,慧泽小学智慧社区服务站,快递,2025-04-14 13:29:58,,1,0.84,0,6.00,0.00,2.80,6-3.2,2,1911653092993437696,极兔快递,JT0016088476423,服饰,浙江省,
慧泽小学智慧社区服务站_站点-慧泽小学智慧社区服务站,慧泽小学智慧社区服务站,慧泽小学智慧社区服务站,快递,2025-04-14 12:35:39,,1,0.42,0,6.00,0.00,2.80,6-3.2,2,1911639425639944192,极兔快递,JT0016088643971,服饰,湖北省,
慧泽小学智慧社区服务站_站点-慧泽小学智慧社区服务站,慧泽小学智慧社区服务站,慧泽小学智慧社区服务站,快递,2025-04-14 12:29:25,,1,0.2,0,6.00,0.00,2.80,6-3.2,2,1911637857993658368,极兔快递,JT0016079042751,服饰,浙江省,
慧泽小学智慧社区服务站_站点-慧泽小学智慧社区服务站,慧泽小学智慧社区服务站,慧泽小学智慧社区服务站,快递,2025-04-14 11:35:11,,1,0.2,0,6.00,0.00,2.80,6-3.2,2,1911624229395533824,极兔快递,JT0016082446164,手机膜,广东省,
慧泽小学智慧社区服务站_站点-慧泽小学智慧社区服务站,慧泽小学智慧社区服务站,慧泽小学智慧社区服务站,快递,2025-04-14 11:33:55,,2,1.92,0,8.00,0.00,4.08,51% ,2,1911623888650276864,极兔快递,JT0016086793142,鞋子,黑龙江省,
慧泽小学智慧社区服务站_站点-慧泽小学智慧社区服务站,慧泽小学智慧社区服务站,慧泽小学智慧社区服务站,快递,2025-04-14 11:19:08,,1,0.23,0,6.00,0.00,2.80,6-3.2,2,1911620180361252864,极兔快递,JT0016088464168,服饰,浙江省,
慧泽小学智慧社区服务站_站点-慧泽小学智慧社区服务站,慧泽小学智慧社区服务站,慧泽小学智慧社区服务站,快递,2025-04-14 11:18:10,,1,0.31,0,6.00,0.00,2.80,6-3.2,2,1911619947703209984,极兔快递,JT0016087699247,服饰,浙江省,
慧泽小学智慧社区服务站_站点-慧泽小学智慧社区服务站,慧泽小学智慧社区服务站,慧泽小学智慧社区服务站,快递,2025-04-14 11:16:32,,1,0.21,0,6.00,0.00,2.80,6-3.2,2,1911619534501351424,极兔快递,JT0016066992457,服饰,湖北省,
慧泽小学智慧社区服务站_站点-慧泽小学智慧社区服务站,慧泽小学智慧社区服务站,慧泽小学智慧社区服务站,快递,2025-04-14 10:59:58,,1,0.2,0,6.00,0.00,2.80,6-3.2,2,1911615346941284352,极兔快递,JT0016082893946,项链,贵州省,
慧泽小学智慧社区服务站_站点-慧泽小学智慧社区服务站,慧泽小学智慧社区服务站,慧泽小学智慧社区服务站,快递,2025-04-14 10:35:31,,1,0.65,0,6.00,0.00,2.80,6-3.2,2,1911609215376347136,极兔快递,JT0016086196089,服饰,山东省,
慧泽小学智慧社区服务站_站点-慧泽小学智慧社区服务站,慧泽小学智慧社区服务站,慧泽小学智慧社区服务站,快递,2025-04-14 10:34:17,,1,0.84,0,6.00,0.00,2.80,6-3.2,2,1911608901793402880,极兔快递,JT0016060392947,服饰,浙江省,
慧泽小学智慧社区服务站_站点-慧泽小学智慧社区服务站,慧泽小学智慧社区服务站,慧泽小学智慧社区服务站,快递,2025-04-14 10:25:04,,1,0.32,0,6.00,0.00,2.80,6-3.2,2,1911606582699806720,极兔快递,JT0016085273951,服饰,广东省,
慧泽小学智慧社区服务站_站点-慧泽小学智慧社区服务站,慧泽小学智慧社区服务站,慧泽小学智慧社区服务站,快递,2025-04-14 10:23:50,,1,0.21,0,6.00,0.00,2.80,6-3.2,2,1911606253065261056,极兔快递,JT0016086956743,服饰,广东省,
慧泽小学智慧社区服务站_站点-慧泽小学智慧社区服务站,慧泽小学智慧社区服务站,慧泽小学智慧社区服务站,快递,2025-04-14 10:11:11,,3.6,,,12.00,,6.00,50% ,2,1911603086869057536,申通快递,772040017421781,蒜,广东省,
慧泽小学智慧社区服务站_站点-慧泽小学智慧社区服务站,慧泽小学智慧社区服务站,慧泽小学智慧社区服务站,快递,2025-04-14 10:00:28,,1,0.39,0,6.00,0.00,2.80,6-3.2,2,1911600391819022336,极兔快递,JT0016085176448,服饰,湖北省,
慧泽小学智慧社区服务站_站点-慧泽小学智慧社区服务站,慧泽小学智慧社区服务站,慧泽小学智慧社区服务站,快递,2025-04-14 09:59:12,,1,0.56,0,6.00,0.00,2.80,6-3.2,2,1911600061408530432,极兔快递,JT0016083235383,裤子,湖南省,
慧泽小学智慧社区服务站_站点-慧泽小学智慧社区服务站,慧泽小学智慧社区服务站,慧泽小学智慧社区服务站,快递,2025-04-14 09:58:13,,1,0.44,0,6.00,0.00,2.80,6-3.2,2,1911599738820415488,极兔快递,JT0016080737264,指压板,江苏省,
慧泽小学智慧社区服务站_站点-慧泽小学智慧社区服务站,慧泽小学智慧社区服务站,慧泽小学智慧社区服务站,快递,2025-04-14 09:28:07,,1,0.44,0,6.00,0.00,2.80,6-3.2,2,1911592252847607808,极兔快递,JT0016085742109,服饰,广东省,
慧泽小学智慧社区服务站_站点-慧泽小学智慧社区服务站,慧泽小学智慧社区服务站,慧泽小学智慧社区服务站,快递,2025-04-14 09:11:56,,1.2,1.24,0,8.00,0.00,4.08,51% ,2,1911588158007332864,极兔快递,JT0016083880993,米珠,辽宁省,
慧泽小学智慧社区服务站_站点-慧泽小学智慧社区服务站,慧泽小学智慧社区服务站,慧泽小学智慧社区服务站,快递,2025-04-14 08:36:22,,1,0.2,0,6.00,0.00,2.80,6-3.2,2,1911579208222429184,极兔快递,JT0016080585857,压缩袜,湖北省,
慧泽小学智慧社区服务站_站点-慧泽小学智慧社区服务站,慧泽小学智慧社区服务站,慧泽小学智慧社区服务站,快递,2025-04-14 08:34:36,,1,0.45,0,6.00,0.00,2.80,6-3.2,2,1911578776905371648,极兔快递,JT0016084468764,服饰,广东省,
慧泽小学智慧社区服务站_站点-慧泽小学智慧社区服务站,慧泽小学智慧社区服务站,慧泽小学智慧社区服务站,快递,2025-04-14 08:33:38,,1,0.2,0,6.00,0.00,2.80,6-3.2,2,1911578534822727680,极兔快递,JT0016081510750,服饰,广东省,
慧泽小学智慧社区服务站_站点-慧泽小学智慧社区服务站,慧泽小学智慧社区服务站,慧泽小学智慧社区服务站,快递,2025-04-14 08:33:06,,1,0.57,0,6.00,0.00,2.80,6-3.2,2,1911578400110071808,极兔快递,JT0016084044054,服饰,山东省,
慧泽小学智慧社区服务站_站点-慧泽小学智慧社区服务站,慧泽小学智慧社区服务站,慧泽小学智慧社区服务站,快递,2025-04-14 08:29:26,,1,0.2,0,6.00,0.00,2.80,6-3.2,2,1911577458035838976,极兔快递,JT0016084908574,内衣,广东省,
慧泽小学智慧社区服务站_站点-慧泽小学智慧社区服务站,慧泽小学智慧社区服务站,慧泽小学智慧社区服务站,快递,2025-04-14 08:19:01,,1,0.54,0,6.00,0.00,2.80,6-3.2,2,1911574850793558016,极兔快递,JT0016078085035,鼻炎膏1组,广东省,
慧泽小学智慧社区服务站_站点-慧泽小学智慧社区服务站,慧泽小学智慧社区服务站,慧泽小学智慧社区服务站,快递,2025-04-14 08:18:18,,1,0.48,0,6.00,0.00,2.80,6-3.2,2,1911574679150055424,极兔快递,JT0016083326713,鼻炎膏1组,云南省,
慧泽小学智慧社区服务站_站点-慧泽小学智慧社区服务站,慧泽小学智慧社区服务站,慧泽小学智慧社区服务站,快递,2025-04-14 08:16:41,,1,0.2,0,6.00,0.00,2.80,6-3.2,2,1911574269928591360,极兔快递,JT0016083893179,鼠标垫,安徽省,
慧泽小学智慧社区服务站_站点-慧泽小学智慧社区服务站,慧泽小学智慧社区服务站,慧泽小学智慧社区服务站,快递,2025-04-14 08:15:21,,1,0.2,0,6.00,0.00,2.80,6-3.2,2,1911573915711229952,极兔快递,JT0016077895305,帽子,福建省,
慧泽小学智慧社区服务站_站点-慧泽小学智慧社区服务站,慧泽小学智慧社区服务站,慧泽小学智慧社区服务站,快递,2025-04-14 07:52:20,,3.8,2.97,1,12.00,0.00,6.00,50% ,2,1911568078414467072,极兔快递,JT0016084943323,宝宝巴士,广东省,
慧泽小学智慧社区服务站_站点-慧泽小学智慧社区服务站,慧泽小学智慧社区服务站,慧泽小学智慧社区服务站,快递,2025-04-13 20:38:31,,1,0.2,0,6.00,0.00,2.80,6-3.2,2,1911398572400496640,极兔快递,JT0016082342664,服饰,辽宁省,
慧泽小学智慧社区服务站_站点-慧泽小学智慧社区服务站,慧泽小学智慧社区服务站,慧泽小学智慧社区服务站,快递,2025-04-13 20:36:51,,1,0.2,0,6.00,0.00,2.80,6-3.2,2,1911398144673763328,极兔快递,JT0016081920607,内衣,山东省,
慧泽小学智慧社区服务站_站点-慧泽小学智慧社区服务站,慧泽小学智慧社区服务站,慧泽小学智慧社区服务站,快递,2025-04-13 20:35:47,,1,0.81,0,6.00,0.00,2.80,6-3.2,2,1911397885197340672,极兔快递,JT0016081534058,鞋子,浙江省,
慧泽小学智慧社区服务站_站点-慧泽小学智慧社区服务站,慧泽小学智慧社区服务站,慧泽小学智慧社区服务站,快递,2025-04-13 20:34:39,,1,0.25,0,6.00,0.00,2.80,6-3.2,2,1911397561845862400,极兔快递,JT0016076315268,服饰,浙江省,
慧泽小学智慧社区服务站_站点-慧泽小学智慧社区服务站,慧泽小学智慧社区服务站,慧泽小学智慧社区服务站,快递,2025-04-13 20:32:34,,1,0.54,0,6.00,0.00,2.80,6-3.2,2,1911397058068008960,极兔快递,JT0016081604571,监控,广东省,
慧泽小学智慧社区服务站_站点-慧泽小学智慧社区服务站,慧泽小学智慧社区服务站,慧泽小学智慧社区服务站,快递,2025-04-13 19:07:57,,1,0.2,0,6.00,0.00,2.80,6-3.2,2,1911375755806167040,极兔快递,JT0016078166286,鞋子,福建省,
慧泽小学智慧社区服务站_站点-慧泽小学智慧社区服务站,慧泽小学智慧社区服务站,慧泽小学智慧社区服务站,快递,2025-04-13 19:06:54,,1,0.63,0,6.00,0.00,2.80,6-3.2,2,1911375512049995776,极兔快递,JT0016077994550,鞋子,福建省,
慧泽小学智慧社区服务站_站点-慧泽小学智慧社区服务站,慧泽小学智慧社区服务站,慧泽小学智慧社区服务站,快递,2025-04-13 19:06:01,,1,0.54,0,6.00,0.00,2.80,6-3.2,2,1911375275076014080,极兔快递,JT0016080505815,鞋子,福建省,
慧泽小学智慧社区服务站_站点-慧泽小学智慧社区服务站,慧泽小学智慧社区服务站,慧泽小学智慧社区服务站,快递,2025-04-13 18:44:27,,1,0.64,0,6.00,0.00,2.80,6-3.2,2,1911369865505984512,极兔快递,JT0016079091807,服饰,广东省,
慧泽小学智慧社区服务站_站点-慧泽小学智慧社区服务站,慧泽小学智慧社区服务站,慧泽小学智慧社区服务站,快递,2025-04-13 18:43:37,,1,0.2,0,6.00,0.00,2.80,6-3.2,2,1911369640552878080,极兔快递,JT0016080328066,服饰,广东省,
慧泽小学智慧社区服务站_站点-慧泽小学智慧社区服务站,慧泽小学智慧社区服务站,慧泽小学智慧社区服务站,快递,2025-04-13 18:04:07,,1,0.47,0,6.00,0.00,2.80,6-3.2,2,1911359700429885440,极兔快递,JT0016071441458,包包,广东省,
慧泽小学智慧社区服务站_站点-慧泽小学智慧社区服务站,慧泽小学智慧社区服务站,慧泽小学智慧社区服务站,快递,2025-04-13 17:53:20,,1,0.96,0,6.00,0.00,2.80,6-3.2,2,1911356099498266624,极兔快递,JT0016080370281,亚麻籽油精华原液,宁夏回族自治区,
慧泽小学智慧社区服务站_站点-慧泽小学智慧社区服务站,慧泽小学智慧社区服务站,慧泽小学智慧社区服务站,快递,2025-04-13 17:51:29,,1,0.2,0,6.00,0.00,2.80,6-3.2,2,1911356539501727744,极兔快递,JT0016077180401,玩偶,福建省,
慧泽小学智慧社区服务站_站点-慧泽小学智慧社区服务站,慧泽小学智慧社区服务站,慧泽小学智慧社区服务站,快递,2025-04-13 17:35:50,,1,0.2,0,6.00,0.00,2.80,6-3.2,2,1911352582163320832,极兔快递,JT0016079836620,服饰,浙江省,
慧泽小学智慧社区服务站_站点-慧泽小学智慧社区服务站,慧泽小学智慧社区服务站,慧泽小学智慧社区服务站,快递,2025-04-13 17:10:45,,1,0.48,0,6.00,0.00,2.80,6-3.2,2,1911346269450588160,极兔快递,JT0016080409789,书,湖北省,
慧泽小学智慧社区服务站_站点-慧泽小学智慧社区服务站,慧泽小学智慧社区服务站,慧泽小学智慧社区服务站,快递,2025-04-13 16:44:28,,1,0.61,0,6.00,0.00,2.80,6-3.2,2,1911339676902281216,极兔快递,JT0016079678380,鱼竿,河北省,
慧泽小学智慧社区服务站_站点-慧泽小学智慧社区服务站,慧泽小学智慧社区服务站,慧泽小学智慧社区服务站,快递,2025-04-13 16:42:54,,1,0.47,0,6.00,0.00,2.80,6-3.2,2,1911339259883606016,极兔快递,JT0016078889577,鱼竿,河北省,
慧泽小学智慧社区服务站_站点-慧泽小学智慧社区服务站,慧泽小学智慧社区服务站,慧泽小学智慧社区服务站,快递,2025-04-13 16:32:03,,1,0.2,0,6.00,0.00,2.80,6-3.2,2,1911336528368291840,极兔快递,JT0016074831342,服饰,河南省,
慧泽小学智慧社区服务站_站点-慧泽小学智慧社区服务站,慧泽小学智慧社区服务站,慧泽小学智慧社区服务站,快递,2025-04-13 16:21:38,,1,0.32,0,6.00,0.00,2.80,6-3.2,2,1911333901991596032,极兔快递,JT0016079152256,服饰,江西省,
慧泽小学智慧社区服务站_站点-慧泽小学智慧社区服务站,慧泽小学智慧社区服务站,慧泽小学智慧社区服务站,快递,2025-04-13 15:31:45,,1,0.71,0,6.00,0.00,2.80,6-3.2,2,1911321347743469568,极兔快递,JT0016073225826,服饰,广东省,
慧泽小学智慧社区服务站_站点-慧泽小学智慧社区服务站,慧泽小学智慧社区服务站,慧泽小学智慧社区服务站,快递,2025-04-13 15:14:18,,3.12,1.91,2,12.00,0.00,6.00,50% ,2,1911316974971834368,极兔快递,JT0016077592006,生活用品,陕西省,
慧泽小学智慧社区服务站_站点-慧泽小学智慧社区服务站,慧泽小学智慧社区服务站,慧泽小学智慧社区服务站,快递,2025-04-13 15:02:41,,1,0.71,0,6.00,0.00,2.80,6-3.2,2,1911314038447329280,极兔快递,JT0016075122425,服饰,广东省,
慧泽小学智慧社区服务站_站点-慧泽小学智慧社区服务站,慧泽小学智慧社区服务站,慧泽小学智慧社区服务站,快递,2025-04-13 14:48:30,,1,0.34,0,6.00,0.00,2.80,6-3.2,2,1911310493585166336,极兔快递,JT0016075459067,服饰,浙江省,
慧泽小学智慧社区服务站_站点-慧泽小学智慧社区服务站,慧泽小学智慧社区服务站,慧泽小学智慧社区服务站,快递,2025-04-13 14:45:54,,1,0.22,0,6.00,0.00,2.80,6-3.2,2,1911309723133464576,极兔快递,JT0016076422544,服饰,浙江省,
慧泽小学智慧社区服务站_站点-慧泽小学智慧社区服务站,慧泽小学智慧社区服务站,慧泽小学智慧社区服务站,快递,2025-04-13 14:29:18,,1,0.2,0,6.00,0.00,2.80,6-3.2,2,1911305650686578688,极兔快递,JT0016075347842,无花果,河南省,
慧泽小学智慧社区服务站_站点-慧泽小学智慧社区服务站,慧泽小学智慧社区服务站,慧泽小学智慧社区服务站,快递,2025-04-13 14:28:23,,1,0.2,0,6.00,0.00,2.80,6-3.2,2,1911305430124908544,极兔快递,JT0016072176087,服饰,广东省,
慧泽小学智慧社区服务站_站点-慧泽小学智慧社区服务站,慧泽小学智慧社区服务站,慧泽小学智慧社区服务站,快递,2025-04-13 14:24:52,,1,0.36,0,6.00,0.00,2.80,6-3.2,2,1911304514583842816,极兔快递,JT0016076470063,红色裤子,河南省,
慧泽小学智慧社区服务站_站点-慧泽小学智慧社区服务站,慧泽小学智慧社区服务站,慧泽小学智慧社区服务站,快递,2025-04-13 14:23:50,,1,0.53,0,6.00,0.00,2.80,6-3.2,2,1911304280000614400,极兔快递,JT0016069561682,上衣蓝色,浙江省,
慧泽小学智慧社区服务站_站点-慧泽小学智慧社区服务站,慧泽小学智慧社区服务站,慧泽小学智慧社区服务站,快递,2025-04-13 14:07:02,,1,0.2,0,6.00,0.00,2.80,6-3.2,2,1911300055061417984,极兔快递,JT0016070274011,服饰,广东省,
慧泽小学智慧社区服务站_站点-慧泽小学智慧社区服务站,慧泽小学智慧社区服务站,慧泽小学智慧社区服务站,快递,2025-04-13 13:54:26,,1,0.2,0,6.00,0.00,2.80,6-3.2,2,1911296864630525952,极兔快递,JT0016072280500,眼镜,江苏省,
慧泽小学智慧社区服务站_站点-慧泽小学智慧社区服务站,慧泽小学智慧社区服务站,慧泽小学智慧社区服务站,快递,2025-04-13 12:29:45,,1,0.76,0,6.00,0.00,2.80,6-3.2,2,1911275551518019584,极兔快递,JT0016054468242,服饰,浙江省,
慧泽小学智慧社区服务站_站点-慧泽小学智慧社区服务站,慧泽小学智慧社区服务站,慧泽小学智慧社区服务站,快递,2025-04-13 12:28:20,,1,0.45,0,6.00,0.00,2.80,6-3.2,2,1911275219945705472,极兔快递,JT0016049404223,服饰,浙江省,
慧泽小学智慧社区服务站_站点-慧泽小学智慧社区服务站,慧泽小学智慧社区服务站,慧泽小学智慧社区服务站,快递,2025-04-13 12:27:15,,2,1.52,0,8.00,0.00,4.08,51% ,2,1911274946380615680,极兔快递,JT0016066823449,鞋子,广东省,
慧泽小学智慧社区服务站_站点-慧泽小学智慧社区服务站,慧泽小学智慧社区服务站,慧泽小学智慧社区服务站,快递,2025-04-13 11:58:45,,2,1.07,0,8.00,0.00,4.08,51% ,2,1911267749659594752,极兔快递,JT0016074973654,服饰,山东省,
慧泽小学智慧社区服务站_站点-慧泽小学智慧社区服务站,慧泽小学智慧社区服务站,慧泽小学智慧社区服务站,快递,2025-04-13 11:18:37,,1,0.79,0,6.00,0.00,2.80,6-3.2,2,1911257665114132480,极兔快递,JT0016071176404,亚克力花瓶,浙江省,
慧泽小学智慧社区服务站_站点-慧泽小学智慧社区服务站,慧泽小学智慧社区服务站,慧泽小学智慧社区服务站,快递,2025-04-13 11:10:33,,1,0.2,0,6.00,0.00,2.80,6-3.2,2,1911255617782075392,极兔快递,JT0016072598611,服饰,湖北省,
慧泽小学智慧社区服务站_站点-慧泽小学智慧社区服务站,慧泽小学智慧社区服务站,慧泽小学智慧社区服务站,快递,2025-04-13 11:05:10,,1,0.2,0,6.00,0.00,2.80,6-3.2,2,1911254289978675200,极兔快递,JT0016069922861,鞋子,江西省,
慧泽小学智慧社区服务站_站点-慧泽小学智慧社区服务站,慧泽小学智慧社区服务站,慧泽小学智慧社区服务站,快递,2025-04-13 11:01:25,,3.2,3.21,0,12.00,1.50,6.00,50% ,2,1911253339801047040,极兔快递,JT0016074102590,生活用品,陕西省,
慧泽小学智慧社区服务站_站点-慧泽小学智慧社区服务站,慧泽小学智慧社区服务站,慧泽小学智慧社区服务站,快递,2025-04-13 10:55:30,,1,0.97,0,6.00,0.00,2.80,6-3.2,2,1911251854216318976,极兔快递,JT0016073519739,服饰,湖北省,
慧泽小学智慧社区服务站_站点-慧泽小学智慧社区服务站,慧泽小学智慧社区服务站,慧泽小学智慧社区服务站,快递,2025-04-13 10:53:13,,1,0.2,0,6.00,0.00,2.80,6-3.2,2,1911251282775953408,极兔快递,JT0016074022582,服饰,江苏省,
慧泽小学智慧社区服务站_站点-慧泽小学智慧社区服务站,慧泽小学智慧社区服务站,慧泽小学智慧社区服务站,快递,2025-04-13 10:51:17,,1,0.56,0,6.00,0.00,2.80,6-3.2,2,1911250793632026624,极兔快递,JT0016074034197,床单,河北省,
慧泽小学智慧社区服务站_站点-慧泽小学智慧社区服务站,慧泽小学智慧社区服务站,慧泽小学智慧社区服务站,快递,2025-04-13 10:49:56,,1,0.26,0,6.00,0.00,2.80,6-3.2,2,1911250454195392512,极兔快递,JT0016073176104,服饰,辽宁省,
慧泽小学智慧社区服务站_站点-慧泽小学智慧社区服务站,慧泽小学智慧社区服务站,慧泽小学智慧社区服务站,快递,2025-04-13 10:48:20,,1,0.65,0,6.00,0.00,2.80,6-3.2,2,1911250052662087680,极兔快递,JT0016073824137,床单,河北省,
慧泽小学智慧社区服务站_站点-慧泽小学智慧社区服务站,慧泽小学智慧社区服务站,慧泽小学智慧社区服务站,快递,2025-04-13 10:45:44,,1,0.33,0,6.00,0.00,2.80,6-3.2,2,1911249378218004480,极兔快递,JT0016069703798,书,江西省,
慧泽小学智慧社区服务站_站点-慧泽小学智慧社区服务站,慧泽小学智慧社区服务站,慧泽小学智慧社区服务站,快递,2025-04-13 10:11:58,,2,1.66,0,8.00,0.00,4.08,51% ,2,1911240894558687232,极兔快递,JT0016066548822,鞋子,辽宁省,
慧泽小学智慧社区服务站_站点-慧泽小学智慧社区服务站,慧泽小学智慧社区服务站,慧泽小学智慧社区服务站,快递,2025-04-13 10:10:01,,2,1.63,0,8.00,0.00,4.08,51% ,2,1911240410296930304,极兔快递,JT0016060693676,鞋子,辽宁省,
慧泽小学智慧社区服务站_站点-慧泽小学智慧社区服务站,慧泽小学智慧社区服务站,慧泽小学智慧社区服务站,快递,2025-04-13 10:03:04,,1,0.28,0,6.00,0.00,2.80,6-3.2,2,1911238634567028736,极兔快递,JT0016071682671,服饰,福建省,
慧泽小学智慧社区服务站_站点-慧泽小学智慧社区服务站,慧泽小学智慧社区服务站,慧泽小学智慧社区服务站,快递,2025-04-13 09:45:06,,1,0.27,0,6.00,0.00,2.80,6-3.2,2,1911234124276748288,极兔快递,JT0016072013180,服饰,广东省,
慧泽小学智慧社区服务站_站点-慧泽小学智慧社区服务站,慧泽小学智慧社区服务站,慧泽小学智慧社区服务站,快递,2025-04-13 09:44:09,,1,0.2,0,6.00,0.00,2.80,6-3.2,2,1911233872857583616,极兔快递,JT0016070601263,服饰,广东省,
慧泽小学智慧社区服务站_站点-慧泽小学智慧社区服务站,慧泽小学智慧社区服务站,慧泽小学智慧社区服务站,快递,2025-04-13 08:50:45,,1,0.48,0,6.00,0.00,2.80,6-3.2,2,1911220435582636032,极兔快递,JT0016069427150,鼻炎膏1组,浙江省,
慧泽小学智慧社区服务站_站点-慧泽小学智慧社区服务站,慧泽小学智慧社区服务站,慧泽小学智慧社区服务站,快递,2025-04-13 08:49:24,,2,1.62,0,8.00,0.00,4.08,51% ,2,1911220095562993664,极兔快递,JT0016056119788,挂面,陕西省,
慧泽小学智慧社区服务站_站点-慧泽小学智慧社区服务站,慧泽小学智慧社区服务站,慧泽小学智慧社区服务站,快递,2025-04-13 08:47:22,,1,0.49,0,6.00,0.00,2.80,6-3.2,2,1911219582985490432,极兔快递,JT0016070462948,鼻炎膏1组,江苏省,
慧泽小学智慧社区服务站_站点-慧泽小学智慧社区服务站,慧泽小学智慧社区服务站,慧泽小学智慧社区服务站,快递,2025-04-12 20:21:34,,1,0.45,0,6.00,0.00,2.80,6-3.2,2,1911031915433873408,极兔快递,JT0016065969452,生活用品,广东省,
慧泽小学智慧社区服务站_站点-慧泽小学智慧社区服务站,慧泽小学智慧社区服务站,慧泽小学智慧社区服务站,快递,2025-04-12 20:08:21,,1,0.28,0,6.00,0.00,2.80,6-3.2,2,1911028571558563840,极兔快递,JT0016066339738,服饰,广东省,
慧泽小学智慧社区服务站_站点-慧泽小学智慧社区服务站,慧泽小学智慧社区服务站,慧泽小学智慧社区服务站,快递,2025-04-12 19:49:52,,2.9,2.04,0,10.00,0.00,5.50,55% ,2,1911023935770513408,极兔快递,JT0016065362377,盒子,浙江省,
慧泽小学智慧社区服务站_站点-慧泽小学智慧社区服务站,慧泽小学智慧社区服务站,慧泽小学智慧社区服务站,快递,2025-04-12 19:40:43,,1,0.78,0,6.00,0.00,2.80,6-3.2,2,1911021634368491520,极兔快递,JT0016059306011,套装,广东省,
慧泽小学智慧社区服务站_站点-慧泽小学智慧社区服务站,慧泽小学智慧社区服务站,慧泽小学智慧社区服务站,快递,2025-04-12 19:39:31,,1,0.51,0,6.00,0.00,2.80,6-3.2,2,1911021319812468736,极兔快递,JT0016066192299,黑色裤子,湖南省,
慧泽小学智慧社区服务站_站点-慧泽小学智慧社区服务站,慧泽小学智慧社区服务站,慧泽小学智慧社区服务站,快递,2025-04-12 19:34:28,,1,0.2,0,6.00,0.00,2.80,6-3.2,2,1911020069599498240,极兔快递,JT0016066194131,文件,陕西省,
慧泽小学智慧社区服务站_站点-慧泽小学智慧社区服务站,慧泽小学智慧社区服务站,慧泽小学智慧社区服务站,快递,2025-04-12 19:24:26,,1,0.5,0,6.00,0.00,2.80,6-3.2,2,1911017516887363584,极兔快递,JT0016060604504,生活用品,陕西省,
慧泽小学智慧社区服务站_站点-慧泽小学智慧社区服务站,慧泽小学智慧社区服务站,慧泽小学智慧社区服务站,快递,2025-04-12 18:19:00,,1,1.02,-1,6.00,0.00,2.80,6-3.2,2,1911001046870577152,极兔快递,JT0016068027671,鞋子,浙江省,
慧泽小学智慧社区服务站_站点-慧泽小学智慧社区服务站,慧泽小学智慧社区服务站,慧泽小学智慧社区服务站,快递,2025-04-12 17:46:21,,1,0.25,0,6.00,0.00,2.80,6-3.2,2,1910992825049075712,极兔快递,JT0016061579241,服饰,广东省,
慧泽小学智慧社区服务站_站点-慧泽小学智慧社区服务站,慧泽小学智慧社区服务站,慧泽小学智慧社区服务站,快递,2025-04-12 17:33:01,,1,0.2,0,6.00,0.00,2.80,6-3.2,2,1910989481626750976,极兔快递,JT0016066473554,服饰,广东省,
慧泽小学智慧社区服务站_站点-慧泽小学智慧社区服务站,慧泽小学智慧社区服务站,慧泽小学智慧社区服务站,快递,2025-04-12 17:28:15,,1,0.2,0,6.00,0.00,2.80,6-3.2,2,1910988298702999552,极兔快递,JT0016062339450,自粘画,河北省,
慧泽小学智慧社区服务站_站点-慧泽小学智慧社区服务站,慧泽小学智慧社区服务站,慧泽小学智慧社区服务站,快递,2025-04-12 17:26:28,,1,0.27,0,6.00,0.00,2.80,6-3.2,2,1910970121826783232,极兔快递,JT0016060965639,饰品,广东省,
慧泽小学智慧社区服务站_站点-慧泽小学智慧社区服务站,慧泽小学智慧社区服务站,慧泽小学智慧社区服务站,快递,2025-04-12 17:23:47,,1,0.24,0,6.00,0.00,2.80,6-3.2,2,1910987182728728576,极兔快递,JT0016062122808,U盘,山西省,
慧泽小学智慧社区服务站_站点-慧泽小学智慧社区服务站,慧泽小学智慧社区服务站,慧泽小学智慧社区服务站,快递,2025-04-12 17:20:31,,2,,,9.00,,3.59,51%,2,1910986360439623680,申通快递,772039938370105,鞋子,上海市,
慧泽小学智慧社区服务站_站点-慧泽小学智慧社区服务站,慧泽小学智慧社区服务站,慧泽小学智慧社区服务站,快递,2025-04-12 17:19:10,2025-04-12 09:20:02,2,,,9.00,,0.00,,2,1910986008394911744,极兔快递,JT0016064322562,鞋子,上海市,已全额退款
慧泽小学智慧社区服务站_站点-慧泽小学智慧社区服务站,慧泽小学智慧社区服务站,慧泽小学智慧社区服务站,快递,2025-04-12 17:15:38,,3,2.82,0,10.00,0.00,5.50,55% ,2,1910985109807222784,极兔快递,JT0016066825397,番茄酱,河南省,
慧泽小学智慧社区服务站_站点-慧泽小学智慧社区服务站,慧泽小学智慧社区服务站,慧泽小学智慧社区服务站,快递,2025-04-12 16:09:47,,1,0.2,0,6.00,0.00,2.80,6-3.2,2,1910968558848757760,极兔快递,JT0016054258137,拉力带,河北省,
慧泽小学智慧社区服务站_站点-慧泽小学智慧社区服务站,慧泽小学智慧社区服务站,慧泽小学智慧社区服务站,快递,2025-04-12 15:53:57,,1,0.2,0,6.00,0.00,2.80,6-3.2,2,1910964552780926976,极兔快递,JT0016063706945,服饰,黑龙江省,
慧泽小学智慧社区服务站_站点-慧泽小学智慧社区服务站,慧泽小学智慧社区服务站,慧泽小学智慧社区服务站,快递,2025-04-12 15:15:32,,3,0.67,2,10.00,0.00,5.50,55% ,2,1910954867835195392,极兔快递,JT0016059439571,模型,江苏省,
慧泽小学智慧社区服务站_站点-慧泽小学智慧社区服务站,慧泽小学智慧社区服务站,慧泽小学智慧社区服务站,快递,2025-04-12 14:46:57,,1,0.55,0,6.00,0.00,2.80,6-3.2,2,1910947705671045120,极兔快递,JT0016064013496,服饰,辽宁省,
慧泽小学智慧社区服务站_站点-慧泽小学智慧社区服务站,慧泽小学智慧社区服务站,慧泽小学智慧社区服务站,快递,2025-04-12 14:34:06,,1,0.2,0,6.00,0.00,2.80,6-3.2,2,1910944449028870144,极兔快递,JT0016062486974,服饰,辽宁省,
慧泽小学智慧社区服务站_站点-慧泽小学智慧社区服务站,慧泽小学智慧社区服务站,慧泽小学智慧社区服务站,快递,2025-04-12 14:05:42,,1,0.2,0,6.00,0.00,2.80,6-3.2,2,1910937302467530752,极兔快递,JT0016061340455,明信片,广东省,
慧泽小学智慧社区服务站_站点-慧泽小学智慧社区服务站,慧泽小学智慧社区服务站,慧泽小学智慧社区服务站,快递,2025-04-12 13:39:58,,1,0.66,0,6.00,0.00,2.80,6-3.2,2,1910930838613053440,极兔快递,JT0016061598294,套装,湖北省,
慧泽小学智慧社区服务站_站点-慧泽小学智慧社区服务站,慧泽小学智慧社区服务站,慧泽小学智慧社区服务站,快递,2025-04-12 13:35:03,,1,0.72,0,6.00,0.00,2.80,6-3.2,2,1910929611137404928,极兔快递,JT0016061831575,绿色套装,湖北省,
慧泽小学智慧社区服务站_站点-慧泽小学智慧社区服务站,慧泽小学智慧社区服务站,慧泽小学智慧社区服务站,快递,2025-04-12 13:34:15,,1,0.38,0,6.00,0.00,2.80,6-3.2,2,1910929397529890816,极兔快递,JT0016060721975,枣红色卫衣,山东省,
慧泽小学智慧社区服务站_站点-慧泽小学智慧社区服务站,慧泽小学智慧社区服务站,慧泽小学智慧社区服务站,快递,2025-04-12 13:33:12,,1,0.35,0,6.00,0.00,2.80,6-3.2,2,1910929138414178304,极兔快递,JT0016061819275,灰色工装裤,河北省,
慧泽小学智慧社区服务站_站点-慧泽小学智慧社区服务站,慧泽小学智慧社区服务站,慧泽小学智慧社区服务站,快递,2025-04-12 13:32:33,,1,0.28,0,6.00,0.00,2.80,6-3.2,2,1910928976010727424,极兔快递,JT0016060089781,卡其色工装裤,河北省,
慧泽小学智慧社区服务站_站点-慧泽小学智慧社区服务站,慧泽小学智慧社区服务站,慧泽小学智慧社区服务站,快递,2025-04-12 13:31:50,,1,0.2,0,6.00,0.00,2.80,6-3.2,2,1910928800680431616,极兔快递,JT0016061182521,淡绿色短袖,河南省,
慧泽小学智慧社区服务站_站点-慧泽小学智慧社区服务站,慧泽小学智慧社区服务站,慧泽小学智慧社区服务站,快递,2025-04-12 13:31:08,,1,0.28,0,6.00,0.00,2.80,6-3.2,2,1910928613383786496,极兔快递,JT0016061440993,抗皱油,河北省,
慧泽小学智慧社区服务站_站点-慧泽小学智慧社区服务站,慧泽小学智慧社区服务站,慧泽小学智慧社区服务站,快递,2025-04-12 13:30:11,,1,0.2,0,6.00,0.00,2.80,6-3.2,2,1910928371250810880,极兔快递,JT0016046730255,麦东片,山东省,
慧泽小学智慧社区服务站_站点-慧泽小学智慧社区服务站,慧泽小学智慧社区服务站,慧泽小学智慧社区服务站,快递,2025-04-12 13:13:56,,1,0.2,0,6.00,0.00,2.80,6-3.2,2,1910924253090205696,极兔快递,JT0016061988127,遥控器,安徽省,
慧泽小学智慧社区服务站_站点-慧泽小学智慧社区服务站,慧泽小学智慧社区服务站,慧泽小学智慧社区服务站,快递,2025-04-12 13:12:44,,1,0.54,0,6.00,0.00,2.80,6-3.2,2,1910923979445424128,极兔快递,JT0016058912671,薄荷糖,广东省,
慧泽小学智慧社区服务站_站点-慧泽小学智慧社区服务站,慧泽小学智慧社区服务站,慧泽小学智慧社区服务站,快递,2025-04-12 12:27:34,,1,0.2,0,6.00,0.00,2.80,6-3.2,2,1910912636453572608,极兔快递,JT0016039282081,服饰,安徽省,
慧泽小学智慧社区服务站_站点-慧泽小学智慧社区服务站,慧泽小学智慧社区服务站,慧泽小学智慧社区服务站,快递,2025-04-12 12:21:13,,1,0.26,0,6.00,0.00,2.80,6-3.2,2,1910911036389511168,极兔快递,JT0016060210053,服饰,安徽省,
慧泽小学智慧社区服务站_站点-慧泽小学智慧社区服务站,慧泽小学智慧社区服务站,慧泽小学智慧社区服务站,快递,2025-04-12 12:19:07,,1,0.26,0,6.00,0.00,2.80,6-3.2,2,1910910509421350912,极兔快递,JT0016059507502,服饰,安徽省,
慧泽小学智慧社区服务站_站点-慧泽小学智慧社区服务站,慧泽小学智慧社区服务站,慧泽小学智慧社区服务站,快递,2025-04-12 09:31:09,,1,0.3,0,6.00,0.00,2.80,6-3.2,2,1910868239468908544,极兔快递,JT0016057298886,裤子,广东省,
慧泽小学智慧社区服务站_站点-慧泽小学智慧社区服务站,慧泽小学智慧社区服务站,慧泽小学智慧社区服务站,快递,2025-04-12 08:58:29,,1,0.39,0,6.00,0.00,2.80,6-3.2,2,1910860018125557760,极兔快递,JT0016043747948,服饰,浙江省,
慧泽小学智慧社区服务站_站点-慧泽小学智慧社区服务站,慧泽小学智慧社区服务站,慧泽小学智慧社区服务站,快递,2025-04-12 08:54:45,,1,0.53,0,6.00,0.00,2.80,6-3.2,2,1910859079796838400,极兔快递,JT0016051822545,修复膏3盒,河南省,
慧泽小学智慧社区服务站_站点-慧泽小学智慧社区服务站,慧泽小学智慧社区服务站,慧泽小学智慧社区服务站,快递,2025-04-12 07:53:22,,1,0.61,0,6.00,0.00,2.80,6-3.2,2,1910843631193739264,极兔快递,JT0016054009461,鼻炎膏一组3盒,福建省,
慧泽小学智慧社区服务站_站点-慧泽小学智慧社区服务站,慧泽小学智慧社区服务站,慧泽小学智慧社区服务站,快递,2025-04-12 07:52:00,,1,0.51,0,6.00,0.00,2.80,6-3.2,2,1910843283200724992,极兔快递,JT0016053912398,鼻炎膏一组三盒,江苏省,
慧泽小学智慧社区服务站_站点-慧泽小学智慧社区服务站,慧泽小学智慧社区服务站,慧泽小学智慧社区服务站,快递,2025-04-11 21:04:50,,1,0.3,0,6.00,0.00,2.80,6-3.2,2,1910680399543980032,极兔快递,JT0016054744280,服饰,广东省,
慧泽小学智慧社区服务站_站点-慧泽小学智慧社区服务站,慧泽小学智慧社区服务站,慧泽小学智慧社区服务站,快递,2025-04-11 19:13:47,,1,0.3,0,6.00,0.00,2.80,6-3.2,2,1910652450644086784,极兔快递,JT0016050607239,服饰,广东省,
慧泽小学智慧社区服务站_站点-慧泽小学智慧社区服务站,慧泽小学智慧社区服务站,慧泽小学智慧社区服务站,快递,2025-04-11 18:46:29,,1,0.36,0,6.00,0.00,2.80,6-3.2,2,1910645605107945472,极兔快递,JT0016046753704,深蓝色马甲,广东省,
慧泽小学智慧社区服务站_站点-慧泽小学智慧社区服务站,慧泽小学智慧社区服务站,慧泽小学智慧社区服务站,快递,2025-04-11 18:43:51,,1,0.64,0,6.00,0.00,2.80,6-3.2,2,1910644940050714624,极兔快递,JT0016053210170,服饰,山东省,
慧泽小学智慧社区服务站_站点-慧泽小学智慧社区服务站,慧泽小学智慧社区服务站,慧泽小学智慧社区服务站,快递,2025-04-11 18:42:36,,1,0.3,0,6.00,0.00,2.80,6-3.2,2,1910644630745960448,极兔快递,JT0016053804113,服饰,浙江省,
慧泽小学智慧社区服务站_站点-慧泽小学智慧社区服务站,慧泽小学智慧社区服务站,慧泽小学智慧社区服务站,快递,2025-04-11 18:38:19,,1,0.39,0,6.00,0.00,2.80,6-3.2,2,1910643457737543680,极兔快递,JT0016051730994,马甲,广东省,
慧泽小学智慧社区服务站_站点-慧泽小学智慧社区服务站,慧泽小学智慧社区服务站,慧泽小学智慧社区服务站,快递,2025-04-11 18:34:25,,1,0.74,0,6.00,0.00,2.80,6-3.2,2,1910642484759678976,极兔快递,JT0016053759647,鞋子,江西省,
慧泽小学智慧社区服务站_站点-慧泽小学智慧社区服务站,慧泽小学智慧社区服务站,慧泽小学智慧社区服务站,快递,2025-04-11 17:47:07,,1,0.88,0,6.00,0.00,2.80,6-3.2,2,1910630641420914688,极兔快递,JT0016052157678,鞋子,福建省,
慧泽小学智慧社区服务站_站点-慧泽小学智慧社区服务站,慧泽小学智慧社区服务站,慧泽小学智慧社区服务站,快递,2025-04-11 17:17:48,,1,0.44,0,6.00,0.00,2.80,6-3.2,2,1910623276533469184,极兔快递,JT0016046762940,卡片,吉林省,
慧泽小学智慧社区服务站_站点-慧泽小学智慧社区服务站,慧泽小学智慧社区服务站,慧泽小学智慧社区服务站,快递,2025-04-11 17:17:00,,1,1.29,-1,6.00,0.00,2.80,6-3.2,2,1910623058744233984,极兔快递,JT0016048958541,卡片,安徽省,
慧泽小学智慧社区服务站_站点-慧泽小学智慧社区服务站,慧泽小学智慧社区服务站,慧泽小学智慧社区服务站,快递,2025-04-11 17:16:16,,1,0.55,0,6.00,0.00,2.80,6-3.2,2,1910622881694273536,极兔快递,JT0016051831931,卡片,山东省,
慧泽小学智慧社区服务站_站点-慧泽小学智慧社区服务站,慧泽小学智慧社区服务站,慧泽小学智慧社区服务站,快递,2025-04-11 17:06:56,,1,0.9,0,6.00,0.00,2.80,6-3.2,2,1910620533743865856,极兔快递,JT0016050700968,服饰,浙江省,
慧泽小学智慧社区服务站_站点-慧泽小学智慧社区服务站,慧泽小学智慧社区服务站,慧泽小学智慧社区服务站,快递,2025-04-11 16:41:32,,1,0.48,0,6.00,0.00,2.80,6-3.2,2,1910614160729624576,极兔快递,JT0016048203759,服饰,江西省,
慧泽小学智慧社区服务站_站点-慧泽小学智慧社区服务站,慧泽小学智慧社区服务站,慧泽小学智慧社区服务站,快递,2025-04-11 16:40:23,2025-04-11 08:41:11,1,,,6.00,,0.00,,2,1910613856323817472,极兔快递,JT0016041412832,短袖,江西省,已全额退款
慧泽小学智慧社区服务站_站点-慧泽小学智慧社区服务站,慧泽小学智慧社区服务站,慧泽小学智慧社区服务站,快递,2025-04-11 16:14:57,,1,0.59,0,6.00,0.00,2.80,6-3.2,2,1910607473272606720,极兔快递,JT0016044279172,服饰,浙江省,
慧泽小学智慧社区服务站_站点-慧泽小学智慧社区服务站,慧泽小学智慧社区服务站,慧泽小学智慧社区服务站,快递,2025-04-11 16:13:20,,1,0.6,0,6.00,0.00,2.80,6-3.2,2,1910607066227986432,极兔快递,JT0016050639618,服饰,浙江省,
慧泽小学智慧社区服务站_站点-慧泽小学智慧社区服务站,慧泽小学智慧社区服务站,慧泽小学智慧社区服务站,快递,2025-04-11 16:11:51,,1,0.58,0,6.00,0.00,2.80,6-3.2,2,1910606692549054464,极兔快递,JT0016049935953,服饰,广东省,
慧泽小学智慧社区服务站_站点-慧泽小学智慧社区服务站,慧泽小学智慧社区服务站,慧泽小学智慧社区服务站,快递,2025-04-11 16:09:28,,1,0.51,0,6.00,0.00,2.80,6-3.2,2,1910606092742610944,极兔快递,JT0016050836619,裤子,湖南省,
慧泽小学智慧社区服务站_站点-慧泽小学智慧社区服务站,慧泽小学智慧社区服务站,慧泽小学智慧社区服务站,快递,2025-04-11 15:30:22,,1,0.85,0,6.00,0.00,2.80,6-3.2,2,1910596245397622784,极兔快递,JT0016046166664,枣,河北省,
慧泽小学智慧社区服务站_站点-慧泽小学智慧社区服务站,慧泽小学智慧社区服务站,慧泽小学智慧社区服务站,快递,2025-04-11 15:22:04,,1,0.89,0,6.00,0.00,2.80,6-3.2,2,1910594159574437888,极兔快递,JT0016048276603,服饰,广东省,
慧泽小学智慧社区服务站_站点-慧泽小学智慧社区服务站,慧泽小学智慧社区服务站,慧泽小学智慧社区服务站,快递,2025-04-11 15:13:59,,2,1.13,0,8.00,0.00,4.08,51% ,2,1910591757660114944,极兔快递,JT0016049112052,服饰,广东省,
慧泽小学智慧社区服务站_站点-慧泽小学智慧社区服务站,慧泽小学智慧社区服务站,慧泽小学智慧社区服务站,快递,2025-04-11 15:07:45,,1,0.85,0,6.00,0.00,2.80,6-3.2,2,1910590562396721152,极兔快递,JT0016050058851,服饰,河南省,
慧泽小学智慧社区服务站_站点-慧泽小学智慧社区服务站,慧泽小学智慧社区服务站,慧泽小学智慧社区服务站,快递,2025-04-11 15:06:42,,1,0.3,0,6.00,0.00,2.80,6-3.2,2,1910590293298565120,极兔快递,JT0016049149042,服饰,河南省,
慧泽小学智慧社区服务站_站点-慧泽小学智慧社区服务站,慧泽小学智慧社区服务站,慧泽小学智慧社区服务站,快递,2025-04-11 15:03:53,,1,0.51,0,6.00,0.00,2.80,6-3.2,2,1910589590198996992,极兔快递,JT0016049897069,服饰,广东省,
慧泽小学智慧社区服务站_站点-慧泽小学智慧社区服务站,慧泽小学智慧社区服务站,慧泽小学智慧社区服务站,快递,2025-04-11 15:02:22,,1,0.3,0,6.00,0.00,2.80,6-3.2,2,1910589195099754496,极兔快递,JT0016049419585,假发,河北省,
慧泽小学智慧社区服务站_站点-慧泽小学智慧社区服务站,慧泽小学智慧社区服务站,慧泽小学智慧社区服务站,快递,2025-04-11 15:01:23,,1,0.3,0,6.00,0.00,2.80,6-3.2,2,1910588956515160064,极兔快递,JT0016048848730,假发,浙江省,
慧泽小学智慧社区服务站_站点-慧泽小学智慧社区服务站,慧泽小学智慧社区服务站,慧泽小学智慧社区服务站,快递,2025-04-11 15:00:02,,1,0.3,0,6.00,0.00,2.80,6-3.2,2,1910588599240151040,极兔快递,JT0016047146039,直发圈,浙江省,
慧泽小学智慧社区服务站_站点-慧泽小学智慧社区服务站,慧泽小学智慧社区服务站,慧泽小学智慧社区服务站,快递,2025-04-11 14:23:57,,3.3,3.05,0,12.00,1.50,6.00,50% ,2,1910579537333112832,极兔快递,JT0016044253504,生活用品,陕西省,
慧泽小学智慧社区服务站_站点-慧泽小学智慧社区服务站,慧泽小学智慧社区服务站,慧泽小学智慧社区服务站,快递,2025-04-11 14:08:02,,1,0.46,0,6.00,0.00,2.80,6-3.2,2,1910575508070780928,极兔快递,JT0016046314997,服饰,河南省,
慧泽小学智慧社区服务站_站点-慧泽小学智慧社区服务站,慧泽小学智慧社区服务站,慧泽小学智慧社区服务站,快递,2025-04-11 13:33:01,,1,0.3,0,6.00,0.00,2.80,6-3.2,2,1910566718990635008,极兔快递,JT0016045613495,生活用品,广东省,
慧泽小学智慧社区服务站_站点-慧泽小学智慧社区服务站,慧泽小学智慧社区服务站,慧泽小学智慧社区服务站,快递,2025-04-11 13:10:10,,1,0.75,0,6.00,0.00,2.80,6-3.2,2,1910560947041128448,极兔快递,JT0016046363865,服饰,辽宁省,
慧泽小学智慧社区服务站_站点-慧泽小学智慧社区服务站,慧泽小学智慧社区服务站,慧泽小学智慧社区服务站,快递,2025-04-11 12:09:05,,1,0.83,0,15.00,0.00,2.80,6-3.2,2,1910531983723646976,极兔快递,JT0016040191306,沾沾料两袋,西藏自治区,
慧泽小学智慧社区服务站_站点-慧泽小学智慧社区服务站,慧泽小学智慧社区服务站,慧泽小学智慧社区服务站,快递,2025-04-11 12:07:17,,1,0.36,0,6.00,0.00,2.80,6-3.2,2,1910545146531729408,极兔快递,JT0016040625177,服饰,广东省,
慧泽小学智慧社区服务站_站点-慧泽小学智慧社区服务站,慧泽小学智慧社区服务站,慧泽小学智慧社区服务站,快递,2025-04-11 12:05:34,,1,0.99,0,6.00,0.00,2.52,42% ,2,1910544711972474880,韵达快递,312708071821707,服饰,浙江省,
慧泽小学智慧社区服务站_站点-慧泽小学智慧社区服务站,慧泽小学智慧社区服务站,慧泽小学智慧社区服务站,快递,2025-04-11 12:04:14,,1,0.66,0,6.00,0.00,2.80,6-3.2,2,1910544377468342272,极兔快递,JT0016042731926,服饰,广东省,
慧泽小学智慧社区服务站_站点-慧泽小学智慧社区服务站,慧泽小学智慧社区服务站,慧泽小学智慧社区服务站,快递,2025-04-11 12:02:47,,1,0.3,0,6.00,0.00,2.80,6-3.2,2,1910543988698304512,极兔快递,JT0016041438950,服饰,浙江省,
慧泽小学智慧社区服务站_站点-慧泽小学智慧社区服务站,慧泽小学智慧社区服务站,慧泽小学智慧社区服务站,快递,2025-04-11 11:08:40,,1.2,1.16,0,8.00,0.00,4.08,51% ,2,1910529229127077888,极兔快递,JT0016042421451,沾沾料三袋,陕西省,
慧泽小学智慧社区服务站_站点-慧泽小学智慧社区服务站,慧泽小学智慧社区服务站,慧泽小学智慧社区服务站,快递,2025-04-11 11:04:53,,1,0.83,0,6.00,0.00,2.80,6-3.2,2,1910529440087986176,极兔快递,JT0016044223345,服饰,浙江省,
慧泽小学智慧社区服务站_站点-慧泽小学智慧社区服务站,慧泽小学智慧社区服务站,慧泽小学智慧社区服务站,快递,2025-04-11 10:52:49,,1,0.52,0,6.00,0.00,2.80,6-3.2,2,1910526378132819968,极兔快递,JT0016041973009,药膏,江西省,
慧泽小学智慧社区服务站_站点-慧泽小学智慧社区服务站,慧泽小学智慧社区服务站,慧泽小学智慧社区服务站,快递,2025-04-11 10:28:38,,2.7,2.59,0,10.00,0.00,5.50,55% ,2,1910520319154507776,极兔快递,JT0016040959890,玉米仁,陕西省,
慧泽小学智慧社区服务站_站点-慧泽小学智慧社区服务站,慧泽小学智慧社区服务站,慧泽小学智慧社区服务站,快递,2025-04-11 10:20:26,,1,0.3,0,6.00,0.00,2.80,6-3.2,2,1910518230202372096,极兔快递,JT0016038306316,服饰,广东省,
慧泽小学智慧社区服务站_站点-慧泽小学智慧社区服务站,慧泽小学智慧社区服务站,慧泽小学智慧社区服务站,快递,2025-04-11 09:17:23,,1,0.99,0,6.00,0.00,2.80,6-3.2,2,1910502365306212352,极兔快递,JT0016041709264,鞋子,浙江省,
慧泽小学智慧社区服务站_站点-慧泽小学智慧社区服务站,慧泽小学智慧社区服务站,慧泽小学智慧社区服务站,快递,2025-04-11 09:14:46,,1,0.93,0,6.00,0.00,2.80,6-3.2,2,1910501721086283776,极兔快递,JT0016041925168,鞋子,浙江省,
慧泽小学智慧社区服务站_站点-慧泽小学智慧社区服务站,慧泽小学智慧社区服务站,慧泽小学智慧社区服务站,快递,2025-04-11 09:12:13,,1,0.2,0,6.00,0.00,2.80,6-3.2,2,1910501088270667776,极兔快递,JT0016040901171,服饰,广东省,
慧泽小学智慧社区服务站_站点-慧泽小学智慧社区服务站,慧泽小学智慧社区服务站,慧泽小学智慧社区服务站,快递,2025-04-11 09:00:45,,1,0.42,0,6.00,0.00,2.80,6-3.2,2,1910498200605609984,极兔快递,JT0016039659021,服饰,辽宁省,
慧泽小学智慧社区服务站_站点-慧泽小学智慧社区服务站,慧泽小学智慧社区服务站,慧泽小学智慧社区服务站,快递,2025-04-11 08:59:40,,1,0.7,0,6.00,0.00,2.80,6-3.2,2,1910497906928832512,极兔快递,JT0016040176837,服饰,河北省,
慧泽小学智慧社区服务站_站点-慧泽小学智慧社区服务站,慧泽小学智慧社区服务站,慧泽小学智慧社区服务站,快递,2025-04-11 08:37:02,,1,0.32,0,6.00,0.00,2.80,6-3.2,2,1910492226897498112,极兔快递,JT0016041944755,墨囊,安徽省,
慧泽小学智慧社区服务站_站点-慧泽小学智慧社区服务站,慧泽小学智慧社区服务站,慧泽小学智慧社区服务站,快递,2025-04-11 08:33:29,,1,0.51,0,6.00,0.00,2.80,6-3.2,2,1910491319594045440,极兔快递,JT0016038562236,鼻炎膏1组,浙江省,
慧泽小学智慧社区服务站_站点-慧泽小学智慧社区服务站,慧泽小学智慧社区服务站,慧泽小学智慧社区服务站,快递,2025-04-11 08:24:14,,1,0.22,0,6.00,0.00,2.80,6-3.2,2,1910488989305851904,极兔快递,JT0016040993312,假发,河北省,
慧泽小学智慧社区服务站_站点-慧泽小学智慧社区服务站,慧泽小学智慧社区服务站,慧泽小学智慧社区服务站,快递,2025-04-11 07:48:14,,1,0.38,0,6.00,0.00,2.80,6-3.2,2,1910479928896180224,极兔快递,JT0016040202516,服饰,湖北省,
慧泽小学智慧社区服务站_站点-慧泽小学智慧社区服务站,慧泽小学智慧社区服务站,慧泽小学智慧社区服务站,快递,2025-04-11 07:42:13,,1,0.26,0,6.00,0.00,2.80,6-3.2,2,1910478405126508544,极兔快递,JT0016040259020,手表,广东省,
慧泽小学智慧社区服务站_站点-慧泽小学智慧社区服务站,慧泽小学智慧社区服务站,慧泽小学智慧社区服务站,快递,2025-04-10 20:10:21,,1,0.56,0,6.00,0.00,2.80,6-3.2,2,1910304323252703232,极兔快递,JT0016038824448,服饰,江苏省,
慧泽小学智慧社区服务站_站点-慧泽小学智慧社区服务站,慧泽小学智慧社区服务站,慧泽小学智慧社区服务站,快递,2025-04-10 20:09:06,,1,0.6,0,6.00,0.00,2.80,6-3.2,2,1910304006314315776,极兔快递,JT0016033622869,裤子,河北省,
慧泽小学智慧社区服务站_站点-慧泽小学智慧社区服务站,慧泽小学智慧社区服务站,慧泽小学智慧社区服务站,快递,2025-04-10 19:34:41,,1,0.21,0,6.00,0.00,2.80,6-3.2,2,1910295329251446784,极兔快递,JT0016036365607,服饰,湖南省,
慧泽小学智慧社区服务站_站点-慧泽小学智慧社区服务站,慧泽小学智慧社区服务站,慧泽小学智慧社区服务站,快递,2025-04-10 19:30:18,,1,0.33,0,6.00,0.00,2.80,6-3.2,2,1910294244503769088,极兔快递,JT0016033149514,服饰,广东省,
慧泽小学智慧社区服务站_站点-慧泽小学智慧社区服务站,慧泽小学智慧社区服务站,慧泽小学智慧社区服务站,快递,2025-04-10 19:20:06,,1,0.63,0,6.00,0.00,2.80,6-3.2,2,1910291674196529152,极兔快递,JT0016035543938,服饰,江苏省,
慧泽小学智慧社区服务站_站点-慧泽小学智慧社区服务站,慧泽小学智慧社区服务站,慧泽小学智慧社区服务站,快递,2025-04-10 18:55:48,,1,0.56,0,6.00,0.00,2.80,6-3.2,2,1910285499463815168,极兔快递,JT0016033028853,服饰,广西壮族自治区,
慧泽小学智慧社区服务站_站点-慧泽小学智慧社区服务站,慧泽小学智慧社区服务站,慧泽小学智慧社区服务站,快递,2025-04-10 18:53:42,,1,0.23,0,6.00,0.00,2.80,6-3.2,2,1910285026174357504,极兔快递,JT0016038977544,服饰,广东省,
慧泽小学智慧社区服务站_站点-慧泽小学智慧社区服务站,慧泽小学智慧社区服务站,慧泽小学智慧社区服务站,快递,2025-04-10 18:51:48,,1,0.2,0,6.00,0.00,2.80,6-3.2,2,1910284536220930048,极兔快递,JT0016037940471,戒指,浙江省,
慧泽小学智慧社区服务站_站点-慧泽小学智慧社区服务站,慧泽小学智慧社区服务站,慧泽小学智慧社区服务站,快递,2025-04-10 18:47:48,,1,0.2,0,6.00,0.00,2.80,6-3.2,2,1910283550739845120,极兔快递,JT0016033340499,发卡,浙江省,
慧泽小学智慧社区服务站_站点-慧泽小学智慧社区服务站,慧泽小学智慧社区服务站,慧泽小学智慧社区服务站,快递,2025-04-10 18:46:11,,1,0.24,0,6.00,0.00,2.80,6-3.2,2,1910283122283302912,极兔快递,JT0016035047706,服饰,山东省,
慧泽小学智慧社区服务站_站点-慧泽小学智慧社区服务站,慧泽小学智慧社区服务站,慧泽小学智慧社区服务站,快递,2025-04-10 17:34:08,,1,0.6,0,6.00,0.00,2.80,6-3.2,2,1910265011253465088,极兔快递,JT0016033622903,服饰,广东省,
慧泽小学智慧社区服务站_站点-慧泽小学智慧社区服务站,慧泽小学智慧社区服务站,慧泽小学智慧社区服务站,快递,2025-04-10 17:33:05,,1,0.33,0,6.00,0.00,2.80,6-3.2,2,1910264723880726528,极兔快递,JT0016029312788,服饰,浙江省,
慧泽小学智慧社区服务站_站点-慧泽小学智慧社区服务站,慧泽小学智慧社区服务站,慧泽小学智慧社区服务站,快递,2025-04-10 17:16:49,,1,0.2,0,6.00,0.00,2.80,6-3.2,2,1910260632408477696,极兔快递,JT0016034015044,服饰,湖北省,
慧泽小学智慧社区服务站_站点-慧泽小学智慧社区服务站,慧泽小学智慧社区服务站,慧泽小学智慧社区服务站,快递,2025-04-10 17:15:30,,1,0.2,0,6.00,0.00,2.80,6-3.2,2,1910260280166633472,极兔快递,JT0016035753971,服饰,广东省,
慧泽小学智慧社区服务站_站点-慧泽小学智慧社区服务站,慧泽小学智慧社区服务站,慧泽小学智慧社区服务站,快递,2025-04-10 17:14:21,,1,0.83,0,6.00,0.00,2.80,6-3.2,2,1910259996958838784,极兔快递,JT0016034233674,服饰,浙江省,
慧泽小学智慧社区服务站_站点-慧泽小学智慧社区服务站,慧泽小学智慧社区服务站,慧泽小学智慧社区服务站,快递,2025-04-10 16:57:42,,1,0.73,0,6.00,0.00,2.80,6-3.2,2,1910255834799984640,极兔快递,JT0016035877489,染发霜,广东省,
慧泽小学智慧社区服务站_站点-慧泽小学智慧社区服务站,慧泽小学智慧社区服务站,慧泽小学智慧社区服务站,快递,2025-04-10 16:04:17,,1,0.73,0,6.00,0.00,2.80,6-3.2,2,1910242368705974272,极兔快递,JT0016029029530,服饰,浙江省,
慧泽小学智慧社区服务站_站点-慧泽小学智慧社区服务站,慧泽小学智慧社区服务站,慧泽小学智慧社区服务站,快递,2025-04-10 10:19:51,,1,0.25,0,6.00,0.00,2.80,6-3.2,2,1910155698275012608,极兔快递,JT0016024671954,服饰,浙江省,
慧泽小学智慧社区服务站_站点-慧泽小学智慧社区服务站,慧泽小学智慧社区服务站,慧泽小学智慧社区服务站,快递,2025-04-09 20:26:01,2025-04-10 01:11:53,2,,,8.00,,0.00,,2,1909945873842753536,极兔快递,JT0016015526449,蒜,江西省,已全额退款
慧泽小学智慧社区服务站_站点-慧泽小学智慧社区服务站,慧泽小学智慧社区服务站,慧泽小学智慧社区服务站,快递,2025-04-10 09:10:26,,2,1.9,0,9.00,0.00,3.59,51%,2,1910138173671788544,极兔快递,JT0016026568174,蒜,上海市,
慧泽小学智慧社区服务站_站点-慧泽小学智慧社区服务站,慧泽小学智慧社区服务站,慧泽小学智慧社区服务站,快递,2025-04-10 08:25:27,,1,0.49,0,6.00,0.00,2.80,6-3.2,2,1910126901920190464,极兔快递,JT0016018933794,鼻炎膏1组3盒,宁夏回族自治区,
慧泽小学智慧社区服务站_站点-慧泽小学智慧社区服务站,慧泽小学智慧社区服务站,慧泽小学智慧社区服务站,快递,2025-04-10 07:53:41,,1,0.2,0,7.00,0.00,2.80,6-3.2,2,1910118912299552768,极兔快递,JT0016025075995,胶带,北京市,
慧泽小学智慧社区服务站_站点-慧泽小学智慧社区服务站,慧泽小学智慧社区服务站,慧泽小学智慧社区服务站,快递,2025-04-09 20:55:21,,1,0.2,0,6.00,0.00,2.80,6-3.2,2,1909953215749607424,极兔快递,JT0016020322078,服饰,江西省,
慧泽小学智慧社区服务站_站点-慧泽小学智慧社区服务站,慧泽小学智慧社区服务站,慧泽小学智慧社区服务站,快递,2025-04-09 20:52:51,,1,0.68,0,6.00,0.00,2.80,6-3.2,2,1909952608057872384,极兔快递,JT0016023660915,服饰,辽宁省,
慧泽小学智慧社区服务站_站点-慧泽小学智慧社区服务站,慧泽小学智慧社区服务站,慧泽小学智慧社区服务站,快递,2025-04-09 20:17:03,,1,1.03,-1,6.00,0.00,2.80,6-3.2,2,1909943619387576320,极兔快递,JT0016006631600,蒜,陕西省,
慧泽小学智慧社区服务站_站点-慧泽小学智慧社区服务站,慧泽小学智慧社区服务站,慧泽小学智慧社区服务站,快递,2025-04-09 20:13:52,,1,0.24,0,6.00,0.00,2.80,6-3.2,2,1909942794045018112,极兔快递,JT0016022373472,计步器,浙江省,
慧泽小学智慧社区服务站_站点-慧泽小学智慧社区服务站,慧泽小学智慧社区服务站,慧泽小学智慧社区服务站,快递,2025-04-09 19:48:33,,2,1.85,0,8.00,0.00,4.08,51% ,2,1909936448151146496,极兔快递,JT0016023513363,蒜,安徽省,
慧泽小学智慧社区服务站_站点-慧泽小学智慧社区服务站,慧泽小学智慧社区服务站,慧泽小学智慧社区服务站,快递,2025-04-09 19:46:33,,1,0.23,0,6.00,0.00,2.80,6-3.2,2,1909935929781309440,极兔快递,JT0016016640946,服饰,河南省,
慧泽小学智慧社区服务站_站点-慧泽小学智慧社区服务站,慧泽小学智慧社区服务站,慧泽小学智慧社区服务站,快递,2025-04-09 19:45:27,,1,0.23,0,6.00,0.00,2.80,6-3.2,2,1909935591951093760,极兔快递,JT0016023477411,服饰,河南省,
慧泽小学智慧社区服务站_站点-慧泽小学智慧社区服务站,慧泽小学智慧社区服务站,慧泽小学智慧社区服务站,快递,2025-04-09 19:35:19,,2,1.92,0,17.00,0.00,6.00,35.29% ,2,1909933121615089664,极兔快递,JT0016022138819,蒜,海南省,
慧泽小学智慧社区服务站_站点-慧泽小学智慧社区服务站,慧泽小学智慧社区服务站,慧泽小学智慧社区服务站,快递,2025-04-09 19:34:30,,1,0.95,0,6.00,0.00,2.80,6-3.2,2,1909932914651353088,极兔快递,JT0016023510322,蒜,广西壮族自治区,
慧泽小学智慧社区服务站_站点-慧泽小学智慧社区服务站,慧泽小学智慧社区服务站,慧泽小学智慧社区服务站,快递,2025-04-09 19:33:24,,2.8,2.79,0,10.00,0.00,5.50,55% ,2,1909932637604990976,极兔快递,JT0016023191839,蒜,四川省,
慧泽小学智慧社区服务站_站点-慧泽小学智慧社区服务站,慧泽小学智慧社区服务站,慧泽小学智慧社区服务站,快递,2025-04-09 19:32:06,,1,0.94,0,7.00,0.00,2.80,6-3.2,2,1909932311170699264,极兔快递,JT0016021968725,蒜,上海市,
慧泽小学智慧社区服务站_站点-慧泽小学智慧社区服务站,慧泽小学智慧社区服务站,慧泽小学智慧社区服务站,快递,2025-04-09 19:31:01,,1,1.0,0,6.00,0.00,2.80,6-3.2,2,1909932017531670528,极兔快递,JT0016022440610,蒜,陕西省,
慧泽小学智慧社区服务站_站点-慧泽小学智慧社区服务站,慧泽小学智慧社区服务站,慧泽小学智慧社区服务站,快递,2025-04-09 19:29:45,,3,2.94,0,10.00,0.00,5.50,55% ,2,1909931719681560576,极兔快递,JT0016021294180,蒜,江苏省,
慧泽小学智慧社区服务站_站点-慧泽小学智慧社区服务站,慧泽小学智慧社区服务站,慧泽小学智慧社区服务站,快递,2025-04-09 19:28:29,,2,1.87,0,8.00,0.00,4.08,51% ,2,1909931398469177344,极兔快递,JT0016023936730,蒜,江苏省,
慧泽小学智慧社区服务站_站点-慧泽小学智慧社区服务站,慧泽小学智慧社区服务站,慧泽小学智慧社区服务站,快递,2025-04-09 19:26:35,,3.6,3.5,0,12.00,1.50,6.00,50% ,2,1909930832246525952,极兔快递,JT0016022885609,蒜,江苏省,
慧泽小学智慧社区服务站_站点-慧泽小学智慧社区服务站,慧泽小学智慧社区服务站,慧泽小学智慧社区服务站,快递,2025-04-09 18:58:46,,3.5,3.46,0,12.00,1.50,6.00,50% ,2,1909923833341464576,极兔快递,JT0016018183531,架子,浙江省,
慧泽小学智慧社区服务站_站点-慧泽小学智慧社区服务站,慧泽小学智慧社区服务站,慧泽小学智慧社区服务站,快递,2025-04-09 17:49:58,,1,0.45,0,6.00,0.00,2.80,6-3.2,2,1909906606072324096,极兔快递,JT0016021198398,服饰,广东省,
慧泽小学智慧社区服务站_站点-慧泽小学智慧社区服务站,慧泽小学智慧社区服务站,慧泽小学智慧社区服务站,快递,2025-04-09 17:45:05,,1,0.55,0,6.00,0.00,2.80,6-3.2,2,1909905376008663040,极兔快递,JT0016000994661,乒乓球拍,浙江省,
慧泽小学智慧社区服务站_站点-慧泽小学智慧社区服务站,慧泽小学智慧社区服务站,慧泽小学智慧社区服务站,快递,2025-04-09 17:42:28,,1,1.01,-1,6.00,0.00,2.80,6-3.2,2,1909904688910364672,极兔快递,JT0016017314570,服饰,浙江省,
慧泽小学智慧社区服务站_站点-慧泽小学智慧社区服务站,慧泽小学智慧社区服务站,慧泽小学智慧社区服务站,快递,2025-04-09 17:18:59,,1,0.91,0,6.00,0.00,2.80,6-3.2,2,1909898780395634688,极兔快递,JT0016015941270,鞋子,江苏省,
慧泽小学智慧社区服务站_站点-慧泽小学智慧社区服务站,慧泽小学智慧社区服务站,慧泽小学智慧社区服务站,快递,2025-04-09 16:49:07,,2,0.74,1,8.00,0.00,4.08,51% ,2,1909891281764925440,极兔快递,JT0016018958441,鞋子,福建省,
慧泽小学智慧社区服务站_站点-慧泽小学智慧社区服务站,慧泽小学智慧社区服务站,慧泽小学智慧社区服务站,快递,2025-04-09 16:48:05,,2,0.53,1,8.00,0.00,4.08,51% ,2,1909891000872386560,极兔快递,JT0016019889200,鞋子,福建省,
慧泽小学智慧社区服务站_站点-慧泽小学智慧社区服务站,慧泽小学智慧社区服务站,慧泽小学智慧社区服务站,快递,2025-04-09 16:35:27,,5.3,5.28,0,18.00,4.50,9.00,50% ,2,1909887828699299840,极兔快递,JT0016019734456,食品,陕西省,
慧泽小学智慧社区服务站_站点-慧泽小学智慧社区服务站,慧泽小学智慧社区服务站,慧泽小学智慧社区服务站,快递,2025-04-09 16:19:19,,1,0.28,0,6.00,0.00,2.80,6-3.2,2,1909883758475395072,极兔快递,JT0016019723890,服饰,江西省,
慧泽小学智慧社区服务站_站点-慧泽小学智慧社区服务站,慧泽小学智慧社区服务站,慧泽小学智慧社区服务站,快递,2025-04-09 15:58:19,,5.4,5.32,0,18.00,4.50,9.00,50% ,2,1909878508435718144,极兔快递,JT0016014300784,瓜子,陕西省,
慧泽小学智慧社区服务站_站点-慧泽小学智慧社区服务站,慧泽小学智慧社区服务站,慧泽小学智慧社区服务站,快递,2025-04-09 15:55:33,,1,0.5,0,6.00,0.00,2.80,6-3.2,2,1909877809232658432,极兔快递,JT0016016700152,服饰,浙江省,
慧泽小学智慧社区服务站_站点-慧泽小学智慧社区服务站,慧泽小学智慧社区服务站,慧泽小学智慧社区服务站,快递,2025-04-09 15:31:18,,1,0.69,0,6.00,0.00,2.80,6-3.2,2,1909871711002480640,极兔快递,JT0016014838395,被套,宁夏回族自治区,
慧泽小学智慧社区服务站_站点-慧泽小学智慧社区服务站,慧泽小学智慧社区服务站,慧泽小学智慧社区服务站,快递,2025-04-09 15:28:33,,1,0.34,0,6.00,0.00,2.80,6-3.2,2,1909870962164027392,极兔快递,JT0016013811223,服饰,浙江省,
慧泽小学智慧社区服务站_站点-慧泽小学智慧社区服务站,慧泽小学智慧社区服务站,慧泽小学智慧社区服务站,快递,2025-04-09 15:25:46,,1,0.21,0,6.00,0.00,2.80,6-3.2,2,1909870296892887040,极兔快递,JT0016016459562,服饰,广东省,
慧泽小学智慧社区服务站_站点-慧泽小学智慧社区服务站,慧泽小学智慧社区服务站,慧泽小学智慧社区服务站,快递,2025-04-09 15:19:06,,1,0.81,0,6.00,0.00,2.80,6-3.2,2,1909868630877589504,极兔快递,JT0016019026961,服饰,辽宁省,
慧泽小学智慧社区服务站_站点-慧泽小学智慧社区服务站,慧泽小学智慧社区服务站,慧泽小学智慧社区服务站,快递,2025-04-09 15:18:00,,1,0.2,0,6.00,0.00,2.80,6-3.2,2,1909868340006801408,极兔快递,JT0016010942596,内衣,广东省,
慧泽小学智慧社区服务站_站点-慧泽小学智慧社区服务站,慧泽小学智慧社区服务站,慧泽小学智慧社区服务站,快递,2025-04-09 14:42:59,,1,0.71,0,6.00,0.00,2.80,6-3.2,2,1909859511596666880,极兔快递,JT0016017406521,床单,安徽省,
慧泽小学智慧社区服务站_站点-慧泽小学智慧社区服务站,慧泽小学智慧社区服务站,慧泽小学智慧社区服务站,快递,2025-04-09 14:42:00,,1,0.44,0,6.00,0.00,2.80,6-3.2,2,1909859283724324864,极兔快递,JT0016017261824,服饰,江苏省,
慧泽小学智慧社区服务站_站点-慧泽小学智慧社区服务站,慧泽小学智慧社区服务站,慧泽小学智慧社区服务站,快递,2025-04-09 13:18:46,,1,0.2,0,6.00,0.00,2.80,6-3.2,2,1909838334002122752,极兔快递,JT0016015636322,服饰,广东省,
慧泽小学智慧社区服务站_站点-慧泽小学智慧社区服务站,慧泽小学智慧社区服务站,慧泽小学智慧社区服务站,快递,2025-04-09 12:31:56,,1,0.49,0,6.00,0.00,2.80,6-3.2,2,1909826548674777088,极兔快递,JT0016014989493,服饰,湖北省,
慧泽小学智慧社区服务站_站点-慧泽小学智慧社区服务站,慧泽小学智慧社区服务站,慧泽小学智慧社区服务站,快递,2025-04-09 11:13:24,,3,2.53,0,10.00,0.00,5.50,55% ,2,1909806806668857344,极兔快递,JT0016013049448,电磁炉,广东省,
慧泽小学智慧社区服务站_站点-慧泽小学智慧社区服务站,慧泽小学智慧社区服务站,慧泽小学智慧社区服务站,快递,2025-04-09 09:24:37,,1,0.64,0,6.00,0.00,2.80,6-3.2,2,1909779405557649408,极兔快递,JT0016008179606,鞋子,福建省,
慧泽小学智慧社区服务站_站点-慧泽小学智慧社区服务站,慧泽小学智慧社区服务站,慧泽小学智慧社区服务站,快递,2025-04-09 09:04:10,,2,1.02,0,8.00,0.00,4.08,51% ,2,1909774261340262400,极兔快递,JT0016011070540,鞋子,陕西省,
慧泽小学智慧社区服务站_站点-慧泽小学智慧社区服务站,慧泽小学智慧社区服务站,慧泽小学智慧社区服务站,快递,2025-04-09 08:36:41,,1,0.2,0,7.00,0.00,2.80,6-3.2,2,1909767365078208512,极兔快递,JT0016007745434,耳机壳,上海市,
慧泽小学智慧社区服务站_站点-慧泽小学智慧社区服务站,慧泽小学智慧社区服务站,慧泽小学智慧社区服务站,快递,2025-04-09 08:34:47,,1,0.2,0,6.00,0.00,2.80,6-3.2,2,1909766871215689728,极兔快递,JT0016006246438,生活用品,陕西省,
慧泽小学智慧社区服务站_站点-慧泽小学智慧社区服务站,慧泽小学智慧社区服务站,慧泽小学智慧社区服务站,快递,2025-04-09 08:32:50,,1,0.86,0,6.00,0.00,2.80,6-3.2,2,1909766375025332224,极兔快递,JT0015994342573,鞋子+袜子,四川省,
慧泽小学智慧社区服务站_站点-慧泽小学智慧社区服务站,慧泽小学智慧社区服务站,慧泽小学智慧社区服务站,快递,2025-04-09 08:06:38,,1,0.47,0,6.00,0.00,2.80,6-3.2,2,1909759785652113408,极兔快递,JT0016004124290,鼻炎膏1组,安徽省,
慧泽小学智慧社区服务站_站点-慧泽小学智慧社区服务站,慧泽小学智慧社区服务站,慧泽小学智慧社区服务站,快递,2025-04-08 19:48:54,,1,0.24,0,7.00,0.00,2.80,6-3.2,2,1909574152044335104,极兔快递,JT0016006902870,气垫,上海市,
慧泽小学智慧社区服务站_站点-慧泽小学智慧社区服务站,慧泽小学智慧社区服务站,慧泽小学智慧社区服务站,快递,2025-04-08 19:25:51,,1,0.27,0,6.00,0.00,2.80,6-3.2,2,1909568325719871488,极兔快递,JT0016000396037,服饰,福建省,
慧泽小学智慧社区服务站_站点-慧泽小学智慧社区服务站,慧泽小学智慧社区服务站,慧泽小学智慧社区服务站,快递,2025-04-08 19:11:43,,1,0.97,0,6.00,0.00,2.80,6-3.2,2,1909564784628387840,极兔快递,JT0016005343718,服饰,江苏省,
慧泽小学智慧社区服务站_站点-慧泽小学智慧社区服务站,慧泽小学智慧社区服务站,慧泽小学智慧社区服务站,快递,2025-04-08 19:02:47,,2,0.99,1,8.00,0.00,4.08,51% ,2,1909562522367610880,极兔快递,JT0016006576549,服饰,山东省,
慧泽小学智慧社区服务站_站点-慧泽小学智慧社区服务站,慧泽小学智慧社区服务站,慧泽小学智慧社区服务站,快递,2025-04-08 18:45:20,,1,0.45,0,6.00,0.00,2.80,6-3.2,2,1909558130356703232,极兔快递,JT0016005223078,假发,河南省,
慧泽小学智慧社区服务站_站点-慧泽小学智慧社区服务站,慧泽小学智慧社区服务站,慧泽小学智慧社区服务站,快递,2025-04-08 18:42:45,,1,0.76,0,6.00,0.00,2.80,6-3.2,2,1909557490163306496,极兔快递,JT0016007355967,服饰,陕西省,
慧泽小学智慧社区服务站_站点-慧泽小学智慧社区服务站,慧泽小学智慧社区服务站,慧泽小学智慧社区服务站,快递,2025-04-08 18:38:26,,1,0.44,0,6.00,0.00,2.80,6-3.2,2,1909556398759268352,极兔快递,JT0016007363398,服饰,广东省,
慧泽小学智慧社区服务站_站点-慧泽小学智慧社区服务站,慧泽小学智慧社区服务站,慧泽小学智慧社区服务站,快递,2025-04-08 18:36:58,,1,0.46,0,6.00,0.00,2.80,6-3.2,2,1909556025789173760,极兔快递,JT0016005317449,服饰,江苏省,
慧泽小学智慧社区服务站_站点-慧泽小学智慧社区服务站,慧泽小学智慧社区服务站,慧泽小学智慧社区服务站,快递,2025-04-08 18:12:54,,1,0.41,0,6.00,0.00,2.80,6-3.2,2,1909549969809788928,极兔快递,JT0016007522721,服饰,广东省,
慧泽小学智慧社区服务站_站点-慧泽小学智慧社区服务站,慧泽小学智慧社区服务站,慧泽小学智慧社区服务站,快递,2025-04-08 17:59:16,,1,0.52,0,6.00,0.00,2.80,6-3.2,2,1909543928502079488,极兔快递,JT0016005455783,护肤品,浙江省,
慧泽小学智慧社区服务站_站点-慧泽小学智慧社区服务站,慧泽小学智慧社区服务站,慧泽小学智慧社区服务站,快递,2025-04-08 17:42:21,,1,0.72,0,6.00,0.00,2.80,6-3.2,2,1909542279796674560,极兔快递,JT0016004630251,服饰,河南省,
慧泽小学智慧社区服务站_站点-慧泽小学智慧社区服务站,慧泽小学智慧社区服务站,慧泽小学智慧社区服务站,快递,2025-04-08 16:44:51,,1,0.52,0,7.00,0.00,2.80,6-3.2,2,1909527831488942080,极兔快递,JT0016003443512,卡片,北京市,
慧泽小学智慧社区服务站_站点-慧泽小学智慧社区服务站,慧泽小学智慧社区服务站,慧泽小学智慧社区服务站,快递,2025-04-08 16:44:15,,1,0.2,0,6.00,0.00,2.80,6-3.2,2,1909527672570957824,极兔快递,JT0016005416400,卡片,黑龙江省,
慧泽小学智慧社区服务站_站点-慧泽小学智慧社区服务站,慧泽小学智慧社区服务站,慧泽小学智慧社区服务站,快递,2025-04-08 16:43:35,,1,0.2,0,6.00,0.00,2.80,6-3.2,2,1909527504148680704,极兔快递,JT0016002638525,卡片,江苏省,
慧泽小学智慧社区服务站_站点-慧泽小学智慧社区服务站,慧泽小学智慧社区服务站,慧泽小学智慧社区服务站,快递,2025-04-08 16:42:52,,1,0.26,0,6.00,0.00,2.80,6-3.2,2,1909527305795850240,极兔快递,JT0016006109943,卡片,贵州省,
慧泽小学智慧社区服务站_站点-慧泽小学智慧社区服务站,慧泽小学智慧社区服务站,慧泽小学智慧社区服务站,快递,2025-04-08 14:54:47,,1,0.2,0,6.00,0.00,2.80,6-3.2,2,1909500111530938368,极兔快递,JT0015997849893,服饰,广东省,
慧泽小学智慧社区服务站_站点-慧泽小学智慧社区服务站,慧泽小学智慧社区服务站,慧泽小学智慧社区服务站,快递,2025-04-08 13:56:36,,1,0.26,0,6.00,0.00,2.52,42% ,2,1909485490992500736,韵达快递,312705416030915,皮卡丘,内蒙古自治区,
慧泽小学智慧社区服务站_站点-慧泽小学智慧社区服务站,慧泽小学智慧社区服务站,慧泽小学智慧社区服务站,快递,2025-04-08 13:46:28,,1,0.48,0,6.00,0.00,2.80,6-3.2,2,1909482918583914496,极兔快递,JT0016001864553,服饰,江苏省,
慧泽小学智慧社区服务站_站点-慧泽小学智慧社区服务站,慧泽小学智慧社区服务站,慧泽小学智慧社区服务站,快递,2025-04-08 13:32:05,,1,0.48,0,6.00,0.00,2.80,6-3.2,2,1909479297892929536,极兔快递,JT0016001891871,裤子,浙江省,
慧泽小学智慧社区服务站_站点-慧泽小学智慧社区服务站,慧泽小学智慧社区服务站,慧泽小学智慧社区服务站,快递,2025-04-08 13:30:39,,1,0.23,0,6.00,0.00,2.80,6-3.2,2,1909478935542812672,极兔快递,JT0016002117918,服饰,浙江省,
慧泽小学智慧社区服务站_站点-慧泽小学智慧社区服务站,慧泽小学智慧社区服务站,慧泽小学智慧社区服务站,快递,2025-04-08 13:26:55,,1,0.2,0,6.00,0.00,2.80,6-3.2,2,1909478000389181440,极兔快递,JT0016000853370,服饰,广东省,
慧泽小学智慧社区服务站_站点-慧泽小学智慧社区服务站,慧泽小学智慧社区服务站,慧泽小学智慧社区服务站,快递,2025-04-08 11:59:31,,3,1.28,1,10.00,0.00,5.50,55% ,2,1909456025583276032,韵达快递,312705308404790,鞋子,广东省,
慧泽小学智慧社区服务站_站点-慧泽小学智慧社区服务站,慧泽小学智慧社区服务站,慧泽小学智慧社区服务站,快递,2025-04-08 11:53:51,,1,0.92,0,6.00,0.00,2.80,6-3.2,2,1909454571346776064,极兔快递,JT0015998981766,被套,江苏省,
慧泽小学智慧社区服务站_站点-慧泽小学智慧社区服务站,慧泽小学智慧社区服务站,慧泽小学智慧社区服务站,快递,2025-04-08 10:23:23,,1,0.2,0,6.00,0.00,2.80,6-3.2,2,1909431791804059648,极兔快递,JT0015997238527,立牌,湖北省,
慧泽小学智慧社区服务站_站点-慧泽小学智慧社区服务站,慧泽小学智慧社区服务站,慧泽小学智慧社区服务站,快递,2025-04-08 10:02:15,,1,0.35,0,6.00,0.00,2.80,6-3.2,2,1909426431890395136,极兔快递,JT0015997201743,服饰,广东省,
慧泽小学智慧社区服务站_站点-慧泽小学智慧社区服务站,慧泽小学智慧社区服务站,慧泽小学智慧社区服务站,快递,2025-04-08 09:59:47,,1.5,1.49,0,8.00,0.00,4.08,51% ,2,1909425889613025280,极兔快递,JT0015993268770,沾沾料5袋,山西省,
慧泽小学智慧社区服务站_站点-慧泽小学智慧社区服务站,慧泽小学智慧社区服务站,慧泽小学智慧社区服务站,快递,2025-04-08 09:38:19,,1,0.2,0,6.00,0.00,2.80,6-3.2,2,1909420438309670912,极兔快递,JT0015994956996,生活用品,陕西省,
慧泽小学智慧社区服务站_站点-慧泽小学智慧社区服务站,慧泽小学智慧社区服务站,慧泽小学智慧社区服务站,快递,2025-04-08 09:09:57,,2.97,1.51,1,10.00,0.00,5.50,55% ,2,1909413231159091200,极兔快递,JT0015995293340,鼻炎膏3组9盒,江苏省,
慧泽小学智慧社区服务站_站点-慧泽小学智慧社区服务站,慧泽小学智慧社区服务站,慧泽小学智慧社区服务站,快递,2025-04-08 08:45:32,2025-04-08 00:59:37,2.42,,,10.00,,0.00,,2,1909407182196776960,极兔快递,JT0015991761733,鼻炎膏3组6盒,江苏省,已全额退款
慧泽小学智慧社区服务站_站点-慧泽小学智慧社区服务站,慧泽小学智慧社区服务站,慧泽小学智慧社区服务站,快递,2025-04-08 08:18:57,,1,0.71,0,6.00,0.00,2.80,6-3.2,2,1909400517699379200,极兔快递,JT0015993067301,服饰,湖南省,
慧泽小学智慧社区服务站_站点-慧泽小学智慧社区服务站,慧泽小学智慧社区服务站,慧泽小学智慧社区服务站,快递,2025-04-08 08:17:20,,1,0.5,0,6.00,0.00,2.80,6-3.2,2,1909399665408417792,极兔快递,JT0015993070587,拌饭酱,辽宁省,
慧泽小学智慧社区服务站_站点-慧泽小学智慧社区服务站,慧泽小学智慧社区服务站,慧泽小学智慧社区服务站,快递,2025-04-08 08:13:40,,1,0.41,0,6.00,0.00,2.80,6-3.2,2,1909399177082380288,极兔快递,JT0015992999475,服饰,山东省,
慧泽小学智慧社区服务站_站点-慧泽小学智慧社区服务站,慧泽小学智慧社区服务站,慧泽小学智慧社区服务站,快递,2025-04-08 08:13:02,,1,0.31,0,6.00,0.00,2.80,6-3.2,2,1909399023864455168,极兔快递,JT0015995039634,服饰,河南省,
慧泽小学智慧社区服务站_站点-慧泽小学智慧社区服务站,慧泽小学智慧社区服务站,慧泽小学智慧社区服务站,快递,2025-04-08 08:12:13,,1,0.39,0,6.00,0.00,2.80,6-3.2,2,1909398822693052416,极兔快递,JT0015995073606,服饰,浙江省,
慧泽小学智慧社区服务站_站点-慧泽小学智慧社区服务站,慧泽小学智慧社区服务站,慧泽小学智慧社区服务站,快递,2025-04-08 08:10:15,,1,0.37,0,6.00,0.00,2.80,6-3.2,2,1909398307380862976,极兔快递,JT0015992936316,服饰,江苏省,
慧泽小学智慧社区服务站_站点-慧泽小学智慧社区服务站,慧泽小学智慧社区服务站,慧泽小学智慧社区服务站,快递,2025-04-08 08:06:40,,1,0.48,0,6.00,0.00,2.80,6-3.2,2,1909397425545224192,极兔快递,JT0015992516074,服饰,江苏省,
慧泽小学智慧社区服务站_站点-慧泽小学智慧社区服务站,慧泽小学智慧社区服务站,慧泽小学智慧社区服务站,快递,2025-04-08 08:05:35,,1,0.64,0,6.00,0.00,2.80,6-3.2,2,1909397155893420032,极兔快递,JT0015994999247,服饰,浙江省,
慧泽小学智慧社区服务站_站点-慧泽小学智慧社区服务站,慧泽小学智慧社区服务站,慧泽小学智慧社区服务站,快递,2025-04-08 08:03:29,,1,0.2,0,6.00,0.00,2.80,6-3.2,2,1909031362487853056,极兔快递,JT0015994476398,服饰,广东省,
慧泽小学智慧社区服务站_站点-慧泽小学智慧社区服务站,慧泽小学智慧社区服务站,慧泽小学智慧社区服务站,快递,2025-04-08 08:00:15,,2,1.1,0,8.00,0.00,4.08,51% ,2,1909395793403125760,极兔快递,JT0015994627484,服饰,河北省,
慧泽小学智慧社区服务站_站点-慧泽小学智慧社区服务站,慧泽小学智慧社区服务站,慧泽小学智慧社区服务站,快递,2025-04-08 07:57:43,,2,1.3,0,8.00,0.00,4.08,51% ,2,1909395144858869760,极兔快递,JT0015994599785,服饰,江苏省,
慧泽小学智慧社区服务站_站点-慧泽小学智慧社区服务站,慧泽小学智慧社区服务站,慧泽小学智慧社区服务站,快递,2025-04-07 19:40:05,,1,0.2,0,6.00,0.00,2.80,6-3.2,2,1909209521350975488,极兔快递,JT0015992005668,服饰,广东省,
慧泽小学智慧社区服务站_站点-慧泽小学智慧社区服务站,慧泽小学智慧社区服务站,慧泽小学智慧社区服务站,快递,2025-04-07 19:03:22,,1,0.34,0,6.00,0.00,2.80,6-3.2,2,1909200281618030592,极兔快递,JT0015983046888,服饰,广东省,
慧泽小学智慧社区服务站_站点-慧泽小学智慧社区服务站,慧泽小学智慧社区服务站,慧泽小学智慧社区服务站,快递,2025-04-07 18:55:07,,1,0.2,0,6.00,0.00,2.80,6-3.2,2,1909198206515486720,极兔快递,JT0015991941645,内衣,广东省,
慧泽小学智慧社区服务站_站点-慧泽小学智慧社区服务站,慧泽小学智慧社区服务站,慧泽小学智慧社区服务站,快递,2025-04-07 18:46:12,,1,0.79,0,6.00,0.00,2.80,6-3.2,2,1909195957273829376,极兔快递,JT0015989754473,包包,浙江省,
慧泽小学智慧社区服务站_站点-慧泽小学智慧社区服务站,慧泽小学智慧社区服务站,慧泽小学智慧社区服务站,快递,2025-04-07 17:41:17,,1,0.98,0,6.00,0.00,2.80,6-3.2,2,1909179617729257472,极兔快递,JT0015991210739,服饰,广东省,
慧泽小学智慧社区服务站_站点-慧泽小学智慧社区服务站,慧泽小学智慧社区服务站,慧泽小学智慧社区服务站,快递,2025-04-07 17:38:41,,1,0.32,0,6.00,0.00,2.80,6-3.2,2,1909178967754743808,极兔快递,JT0015991480190,服饰,浙江省,
慧泽小学智慧社区服务站_站点-慧泽小学智慧社区服务站,慧泽小学智慧社区服务站,慧泽小学智慧社区服务站,快递,2025-04-07 16:45:41,,2.9,2.45,0,11.00,0.00,5.05,55%,2,1909157877229756416,极兔快递,JT0015986673577,服饰,上海市,
慧泽小学智慧社区服务站_站点-慧泽小学智慧社区服务站,慧泽小学智慧社区服务站,慧泽小学智慧社区服务站,快递,2025-04-07 16:43:39,,2,1.89,0,8.00,0.00,4.08,51% ,2,1909165102430101504,极兔快递,JT0015985743795,鞋子,陕西省,
慧泽小学智慧社区服务站_站点-慧泽小学智慧社区服务站,慧泽小学智慧社区服务站,慧泽小学智慧社区服务站,快递,2025-04-07 16:16:28,,1,0.92,0,6.00,0.00,2.80,6-3.2,2,1909158278922444800,极兔快递,JT0015990029788,米茶,陕西省,
慧泽小学智慧社区服务站_站点-慧泽小学智慧社区服务站,慧泽小学智慧社区服务站,慧泽小学智慧社区服务站,快递,2025-04-07 16:05:37,,1,0.2,0,6.00,0.00,2.80,6-3.2,2,1909155567866945536,极兔快递,JT0015989167877,服饰,浙江省,
慧泽小学智慧社区服务站_站点-慧泽小学智慧社区服务站,慧泽小学智慧社区服务站,慧泽小学智慧社区服务站,快递,2025-04-07 15:41:48,,1,0.7,0,6.00,0.00,2.80,6-3.2,2,1909149569001398272,极兔快递,JT0015982868579,卫衣灰色,浙江省,
慧泽小学智慧社区服务站_站点-慧泽小学智慧社区服务站,慧泽小学智慧社区服务站,慧泽小学智慧社区服务站,快递,2025-04-07 15:41:02,,1,0.2,0,6.00,0.00,2.80,6-3.2,2,1909148823245758464,极兔快递,JT0015986371305,马甲,江苏省,
慧泽小学智慧社区服务站_站点-慧泽小学智慧社区服务站,慧泽小学智慧社区服务站,慧泽小学智慧社区服务站,快递,2025-04-07 15:36:58,,1,0.55,0,6.00,0.00,2.80,6-3.2,2,1909148337260142592,极兔快递,JT0015983303023,服饰,山东省,
慧泽小学智慧社区服务站_站点-慧泽小学智慧社区服务站,慧泽小学智慧社区服务站,慧泽小学智慧社区服务站,快递,2025-04-07 14:48:05,,1,0.77,0,6.00,0.00,2.80,6-3.2,2,1909136056015069184,极兔快递,JT0015986296586,服饰,河北省,
慧泽小学智慧社区服务站_站点-慧泽小学智慧社区服务站,慧泽小学智慧社区服务站,慧泽小学智慧社区服务站,快递,2025-04-07 14:32:07,,1,0.2,0,6.00,0.00,2.80,6-3.2,2,1909132019244933120,极兔快递,JT0015983106316,饰品,山西省,
慧泽小学智慧社区服务站_站点-慧泽小学智慧社区服务站,慧泽小学智慧社区服务站,慧泽小学智慧社区服务站,快递,2025-04-07 13:48:47,,3,2.2,0,10.00,0.00,5.50,55% ,2,1909121108073455616,极兔快递,JT0015983154729,服饰,山东省,
慧泽小学智慧社区服务站_站点-慧泽小学智慧社区服务站,慧泽小学智慧社区服务站,慧泽小学智慧社区服务站,快递,2025-04-07 13:33:28,,1,0.25,0,6.00,0.00,2.80,6-3.2,2,1909117260202188800,极兔快递,JT0015985252481,服饰,福建省,
慧泽小学智慧社区服务站_站点-慧泽小学智慧社区服务站,慧泽小学智慧社区服务站,慧泽小学智慧社区服务站,快递,2025-04-07 13:24:49,,1,0.2,0,6.00,0.00,2.80,6-3.2,2,1909115080468537344,极兔快递,JT0015982679971,生活用品,陕西省,
慧泽小学智慧社区服务站_站点-慧泽小学智慧社区服务站,慧泽小学智慧社区服务站,慧泽小学智慧社区服务站,快递,2025-04-07 13:18:39,,1,0.29,0,6.00,0.00,2.80,6-3.2,2,1909113547181989888,极兔快递,JT0015978566541,服饰,江苏省,
慧泽小学智慧社区服务站_站点-慧泽小学智慧社区服务站,慧泽小学智慧社区服务站,慧泽小学智慧社区服务站,快递,2025-04-07 13:17:27,,1,0.44,0,6.00,0.00,2.80,6-3.2,2,1909113239710146560,极兔快递,JT0015974694728,服饰,浙江省,
慧泽小学智慧社区服务站_站点-慧泽小学智慧社区服务站,慧泽小学智慧社区服务站,慧泽小学智慧社区服务站,快递,2025-04-07 13:16:29,,1,0.72,0,6.00,0.00,2.80,6-3.2,2,1909113007437979648,极兔快递,JT0015983168104,服饰,江苏省,
慧泽小学智慧社区服务站_站点-慧泽小学智慧社区服务站,慧泽小学智慧社区服务站,慧泽小学智慧社区服务站,快递,2025-04-07 13:15:38,,1,0.2,0,7.00,0.00,2.80,6-3.2,2,1909112772288520192,极兔快递,JT0015981201143,服饰,上海市,
慧泽小学智慧社区服务站_站点-慧泽小学智慧社区服务站,慧泽小学智慧社区服务站,慧泽小学智慧社区服务站,快递,2025-04-07 13:14:23,,1,0.62,0,6.00,0.00,2.80,6-3.2,2,1909112478058094592,极兔快递,JT0015985637152,服饰,湖北省,
慧泽小学智慧社区服务站_站点-慧泽小学智慧社区服务站,慧泽小学智慧社区服务站,慧泽小学智慧社区服务站,快递,2025-04-07 13:13:00,,1,0.38,0,6.00,0.00,2.80,6-3.2,2,1909112124377604096,极兔快递,JT0015983805059,服饰,江苏省,
慧泽小学智慧社区服务站_站点-慧泽小学智慧社区服务站,慧泽小学智慧社区服务站,慧泽小学智慧社区服务站,快递,2025-04-07 13:11:12,,1,0.76,0,6.00,0.00,2.80,6-3.2,2,1909111290487054336,极兔快递,JT0015984161490,灰色包包,河北省,
慧泽小学智慧社区服务站_站点-慧泽小学智慧社区服务站,慧泽小学智慧社区服务站,慧泽小学智慧社区服务站,快递,2025-04-07 13:10:50,,1,0.83,0,6.00,0.00,2.80,6-3.2,2,1909111167564587008,极兔快递,JT0015985468056,包包,河北省,
慧泽小学智慧社区服务站_站点-慧泽小学智慧社区服务站,慧泽小学智慧社区服务站,慧泽小学智慧社区服务站,快递,2025-04-07 12:34:31,,1,0.2,0,6.00,0.00,2.80,6-3.2,2,1909102445232594944,极兔快递,JT0015972340019,短袖,浙江省,
慧泽小学智慧社区服务站_站点-慧泽小学智慧社区服务站,慧泽小学智慧社区服务站,慧泽小学智慧社区服务站,快递,2025-04-07 12:33:17,,2,1.39,0,8.00,0.00,4.08,51% ,2,1909102116751482880,极兔快递,JT0015979312053,鞋子,广东省,
慧泽小学智慧社区服务站_站点-慧泽小学智慧社区服务站,慧泽小学智慧社区服务站,慧泽小学智慧社区服务站,快递,2025-04-07 12:31:24,,2,1.91,0,8.00,0.00,4.08,51% ,2,1909101563489230848,极兔快递,JT0015984657571,服饰,广东省,
慧泽小学智慧社区服务站_站点-慧泽小学智慧社区服务站,慧泽小学智慧社区服务站,慧泽小学智慧社区服务站,快递,2025-04-07 12:26:04,,2,1.58,0,8.00,0.00,4.08,51% ,2,1909100297451151360,极兔快递,JT0015983147647,鞋子,陕西省,
慧泽小学智慧社区服务站_站点-慧泽小学智慧社区服务站,慧泽小学智慧社区服务站,慧泽小学智慧社区服务站,快递,2025-04-07 11:59:59,,1,0.44,0,6.00,0.00,2.80,6-3.2,2,1909093735248633856,极兔快递,JT0015983638667,服饰,广东省,
慧泽小学智慧社区服务站_站点-慧泽小学智慧社区服务站,慧泽小学智慧社区服务站,慧泽小学智慧社区服务站,快递,2025-04-07 10:59:41,,2,1.09,0,8.00,0.00,4.08,51% ,2,1909078579659612160,极兔快递,JT0015975232939,水龙头,安徽省,
慧泽小学智慧社区服务站_站点-慧泽小学智慧社区服务站,慧泽小学智慧社区服务站,慧泽小学智慧社区服务站,快递,2025-04-07 10:58:40,,1,0.98,0,6.00,0.00,2.80,6-3.2,2,1909078303678603264,极兔快递,JT0015981442344,枣,陕西省,
慧泽小学智慧社区服务站_站点-慧泽小学智慧社区服务站,慧泽小学智慧社区服务站,慧泽小学智慧社区服务站,快递,2025-04-07 10:49:08,,1,0.45,0,6.00,0.00,2.80,6-3.2,2,1909075907430785024,极兔快递,JT0015980911931,假发片,河南省,
慧泽小学智慧社区服务站_站点-慧泽小学智慧社区服务站,慧泽小学智慧社区服务站,慧泽小学智慧社区服务站,快递,2025-04-07 10:37:15,,1,0.2,0,6.00,0.00,2.80,6-3.2,2,1909072913322680320,极兔快递,JT0015982684327,服饰,广东省,
慧泽小学智慧社区服务站_站点-慧泽小学智慧社区服务站,慧泽小学智慧社区服务站,慧泽小学智慧社区服务站,快递,2025-04-07 10:20:00,,2,1.33,0,8.00,0.00,4.08,51% ,2,1909068585417515008,极兔快递,JT0015978757975,蛋白肽套盒,广东省,
慧泽小学智慧社区服务站_站点-慧泽小学智慧社区服务站,慧泽小学智慧社区服务站,慧泽小学智慧社区服务站,快递,2025-04-07 10:18:23,,1,0.67,0,6.00,0.00,2.80,6-3.2,2,1909068185901670400,极兔快递,JT0015980573939,蛋白肽套盒,广东省,
慧泽小学智慧社区服务站_站点-慧泽小学智慧社区服务站,慧泽小学智慧社区服务站,慧泽小学智慧社区服务站,快递,2025-04-07 10:14:46,,2,1.76,0,8.00,0.00,4.08,51% ,2,1909067256729116672,极兔快递,JT0015981044802,精华液套装,广东省,
慧泽小学智慧社区服务站_站点-慧泽小学智慧社区服务站,慧泽小学智慧社区服务站,慧泽小学智慧社区服务站,快递,2025-04-07 09:10:28,,1,0.34,0,6.00,0.00,2.80,6-3.2,2,1909051094305808384,极兔快递,JT0015980866021,生活用品,陕西省,
慧泽小学智慧社区服务站_站点-慧泽小学智慧社区服务站,慧泽小学智慧社区服务站,慧泽小学智慧社区服务站,快递,2025-04-07 08:57:01,,2.3,2.27,0,10.00,0.00,5.50,55% ,2,1909047698479849472,极兔快递,JT0015978513099,四件套,江苏省,
慧泽小学智慧社区服务站_站点-慧泽小学智慧社区服务站,慧泽小学智慧社区服务站,慧泽小学智慧社区服务站,快递,2025-04-07 08:55:52,,1,0.33,0,6.00,0.00,2.80,6-3.2,2,1909047410062729216,极兔快递,JT0015973600028,书,湖南省,
慧泽小学智慧社区服务站_站点-慧泽小学智慧社区服务站,慧泽小学智慧社区服务站,慧泽小学智慧社区服务站,快递,2025-04-07 08:54:54,,1,0.2,0,6.00,0.00,2.80,6-3.2,2,1909047168370155520,极兔快递,JT0015979960860,内衣,广东省,
慧泽小学智慧社区服务站_站点-慧泽小学智慧社区服务站,慧泽小学智慧社区服务站,慧泽小学智慧社区服务站,快递,2025-04-07 08:53:59,,1,0.2,0,6.00,0.00,2.80,6-3.2,2,1909046926186848256,极兔快递,JT0015980087420,内衣,广东省,
慧泽小学智慧社区服务站_站点-慧泽小学智慧社区服务站,慧泽小学智慧社区服务站,慧泽小学智慧社区服务站,快递,2025-04-07 08:52:50,,1,0.2,0,6.00,0.00,2.80,6-3.2,2,1909046645277532160,极兔快递,JT0015977059408,内衣,广东省,
慧泽小学智慧社区服务站_站点-慧泽小学智慧社区服务站,慧泽小学智慧社区服务站,慧泽小学智慧社区服务站,快递,2025-04-07 08:51:54,,1,0.2,0,6.00,0.00,2.80,6-3.2,2,1909046421540773888,极兔快递,JT0015977465271,粉扑,广东省,
慧泽小学智慧社区服务站_站点-慧泽小学智慧社区服务站,慧泽小学智慧社区服务站,慧泽小学智慧社区服务站,快递,2025-04-07 08:41:54,,1,0.2,0,6.00,0.00,2.80,6-3.2,2,1909043878488121344,极兔快递,JT0015977204556,打底袜,浙江省,
慧泽小学智慧社区服务站_站点-慧泽小学智慧社区服务站,慧泽小学智慧社区服务站,慧泽小学智慧社区服务站,快递,2025-04-07 08:26:58,,2.4,0.2,2,10.00,0.00,5.50,55% ,2,1909040137424805888,极兔快递,JT0015963021197,护肤品,陕西省,
慧泽小学智慧社区服务站_站点-慧泽小学智慧社区服务站,慧泽小学智慧社区服务站,慧泽小学智慧社区服务站,快递,2025-04-07 08:24:18,,1,0.48,0,6.00,0.00,2.80,6-3.2,2,1909039431791878144,极兔快递,JT0015979476715,鼻炎膏1组3盒,江苏省,
慧泽小学智慧社区服务站_站点-慧泽小学智慧社区服务站,慧泽小学智慧社区服务站,慧泽小学智慧社区服务站,快递,2025-04-07 08:23:10,,1,0.23,0,6.00,0.00,2.80,6-3.2,2,1909039172919435264,极兔快递,JT0015976726023,服饰,广东省,
慧泽小学智慧社区服务站_站点-慧泽小学智慧社区服务站,慧泽小学智慧社区服务站,慧泽小学智慧社区服务站,快递,2025-04-06 19:37:29,,1,0.48,0,6.00,0.00,2.52,42% ,2,1908846500229357568,韵达快递,312703481224574,服饰,广东省,
慧泽小学智慧社区服务站_站点-慧泽小学智慧社区服务站,慧泽小学智慧社区服务站,慧泽小学智慧社区服务站,快递,2025-04-06 19:21:02,,1,0.2,0,6.00,0.00,2.80,6-3.2,2,1908842336275341312,极兔快递,JT0015975226090,服饰,广东省,
慧泽小学智慧社区服务站_站点-慧泽小学智慧社区服务站,慧泽小学智慧社区服务站,慧泽小学智慧社区服务站,快递,2025-04-06 19:19:58,,1,0.25,0,7.00,0.00,2.80,6-3.2,2,1908842090472349696,极兔快递,JT0015976324791,服饰,上海市,
慧泽小学智慧社区服务站_站点-慧泽小学智慧社区服务站,慧泽小学智慧社区服务站,慧泽小学智慧社区服务站,快递,2025-04-06 19:02:03,,1,0.3,0,6.00,0.00,2.80,6-3.2,2,1908837584279904256,极兔快递,JT0015976553171,服饰,浙江省,
慧泽小学智慧社区服务站_站点-慧泽小学智慧社区服务站,慧泽小学智慧社区服务站,慧泽小学智慧社区服务站,快递,2025-04-06 18:50:07,,1,0.22,0,6.00,0.00,2.80,6-3.2,2,1908834560966860800,极兔快递,JT0015976150384,服饰,河南省,
慧泽小学智慧社区服务站_站点-慧泽小学智慧社区服务站,慧泽小学智慧社区服务站,慧泽小学智慧社区服务站,快递,2025-04-06 17:52:31,,1,0.89,0,6.00,0.00,2.80,6-3.2,2,1908820060037390336,极兔快递,JT0015971553532,鞋子,广东省,
慧泽小学智慧社区服务站_站点-慧泽小学智慧社区服务站,慧泽小学智慧社区服务站,慧泽小学智慧社区服务站,快递,2025-04-06 17:24:52,,1,0.2,0,6.00,0.00,2.80,6-3.2,2,1908813107970121728,极兔快递,JT0015975750555,泡泡泥,河北省,
慧泽小学智慧社区服务站_站点-慧泽小学智慧社区服务站,慧泽小学智慧社区服务站,慧泽小学智慧社区服务站,快递,2025-04-06 17:00:42,,1,0.2,0,6.00,0.00,2.80,6-3.2,2,1908807024446742528,极兔快递,JT0015972532458,包包,河北省,
慧泽小学智慧社区服务站_站点-慧泽小学智慧社区服务站,慧泽小学智慧社区服务站,慧泽小学智慧社区服务站,快递,2025-04-06 15:07:16,,1,0.2,0,6.00,0.00,2.80,6-3.2,2,1908778474096238592,极兔快递,JT0015968376822,鸡肉干,湖南省,
慧泽小学智慧社区服务站_站点-慧泽小学智慧社区服务站,慧泽小学智慧社区服务站,慧泽小学智慧社区服务站,快递,2025-04-06 14:58:35,,1,0.2,0,6.00,0.00,2.80,6-3.2,2,1908776230718218240,极兔快递,JT0015971759390,口红,广东省,
慧泽小学智慧社区服务站_站点-慧泽小学智慧社区服务站,慧泽小学智慧社区服务站,慧泽小学智慧社区服务站,快递,2025-04-06 14:56:36,,1,0.63,0,6.00,0.00,2.80,6-3.2,2,1908775782313566208,极兔快递,JT0015972698968,鞋子,河南省,
慧泽小学智慧社区服务站_站点-慧泽小学智慧社区服务站,慧泽小学智慧社区服务站,慧泽小学智慧社区服务站,快递,2025-04-06 14:05:02,,1,0.93,0,6.00,0.00,2.80,6-3.2,2,1908762815169765376,极兔快递,JT0015968177723,生活用品,陕西省,
慧泽小学智慧社区服务站_站点-慧泽小学智慧社区服务站,慧泽小学智慧社区服务站,慧泽小学智慧社区服务站,快递,2025-04-06 13:49:22,,2,1.81,0,8.00,0.00,4.08,51% ,2,1908758871936802816,极兔快递,JT0015962976282,生活用品,陕西省,
慧泽小学智慧社区服务站_站点-慧泽小学智慧社区服务站,慧泽小学智慧社区服务站,慧泽小学智慧社区服务站,快递,2025-04-06 12:02:34,2025-04-06 04:04:30,1,,,6.00,,0.00,,2,1908732019964846080,极兔快递,JT0015969210295,卡槽,河北省,已全额退款
慧泽小学智慧社区服务站_站点-慧泽小学智慧社区服务站,慧泽小学智慧社区服务站,慧泽小学智慧社区服务站,快递,2025-04-06 11:58:46,,1,0.51,0,6.00,0.00,2.80,6-3.2,2,1908731058319990784,极兔快递,JT0015967650123,肉干,四川省,
慧泽小学智慧社区服务站_站点-慧泽小学智慧社区服务站,慧泽小学智慧社区服务站,慧泽小学智慧社区服务站,快递,2025-04-06 11:54:59,,1,0.2,0,6.00,0.00,2.80,6-3.2,2,1908730087963566080,极兔快递,JT0015968207042,服饰,广东省,
慧泽小学智慧社区服务站_站点-慧泽小学智慧社区服务站,慧泽小学智慧社区服务站,慧泽小学智慧社区服务站,快递,2025-04-06 10:59:11,,1,0.2,0,6.00,0.00,2.80,6-3.2,2,1908716061753810944,极兔快递,JT0015964028345,服饰,福建省,
慧泽小学智慧社区服务站_站点-慧泽小学智慧社区服务站,慧泽小学智慧社区服务站,慧泽小学智慧社区服务站,快递,2025-04-06 10:58:06,,1,0.2,0,7.00,0.00,2.80,6-3.2,2,1908715793247051776,极兔快递,JT0015968599591,帽子,上海市,
慧泽小学智慧社区服务站_站点-慧泽小学智慧社区服务站,慧泽小学智慧社区服务站,慧泽小学智慧社区服务站,快递,2025-04-06 10:51:12,,1,0.34,0,6.00,0.00,2.80,6-3.2,2,1908714049855234048,极兔快递,JT0015967636519,服饰,安徽省,
慧泽小学智慧社区服务站_站点-慧泽小学智慧社区服务站,慧泽小学智慧社区服务站,慧泽小学智慧社区服务站,快递,2025-04-06 10:50:33,,1,0.25,0,6.00,0.00,2.80,6-3.2,2,1908713889238556672,极兔快递,JT0015960358112,服饰,浙江省,
慧泽小学智慧社区服务站_站点-慧泽小学智慧社区服务站,慧泽小学智慧社区服务站,慧泽小学智慧社区服务站,快递,2025-04-06 10:50:00,,1,0.3,0,6.00,0.00,2.80,6-3.2,2,1908713732409335808,极兔快递,JT0015964669764,牛仔衫,安徽省,
慧泽小学智慧社区服务站_站点-慧泽小学智慧社区服务站,慧泽小学智慧社区服务站,慧泽小学智慧社区服务站,快递,2025-04-06 10:02:16,,1,0.24,0,6.00,0.00,2.80,6-3.2,2,1908701718022660096,极兔快递,JT0015966448137,服饰,江苏省,
慧泽小学智慧社区服务站_站点-慧泽小学智慧社区服务站,慧泽小学智慧社区服务站,慧泽小学智慧社区服务站,快递,2025-04-06 09:00:40,,1,0.22,0,6.00,0.00,2.80,6-3.2,2,1908686234581671936,极兔快递,JT0015953938697,修复膏1盒,广东省,
慧泽小学智慧社区服务站_站点-慧泽小学智慧社区服务站,慧泽小学智慧社区服务站,慧泽小学智慧社区服务站,快递,2025-04-06 09:00:01,,1,0.48,0,6.00,0.00,2.80,6-3.2,2,1908686047817703424,极兔快递,JT0015960526181,鼻炎膏1组3盒,青海省,
慧泽小学智慧社区服务站_站点-慧泽小学智慧社区服务站,慧泽小学智慧社区服务站,慧泽小学智慧社区服务站,快递,2025-04-06 08:58:55,,1,0.49,0,6.00,0.00,2.52,42% ,2,1908685757320208384,韵达快递,312702504562473,鼻炎膏1组3盒,江苏省,
慧泽小学智慧社区服务站_站点-慧泽小学智慧社区服务站,慧泽小学智慧社区服务站,慧泽小学智慧社区服务站,快递,2025-04-06 08:57:59,,1,0.48,0,6.00,0.00,2.80,6-3.2,2,1908685544736104448,极兔快递,JT0015965662600,鼻炎膏1组3盒,山东省,
慧泽小学智慧社区服务站_站点-慧泽小学智慧社区服务站,慧泽小学智慧社区服务站,慧泽小学智慧社区服务站,快递,2025-04-05 20:33:23,,1,0.32,0,6.00,0.00,2.80,6-3.2,2,1908498175596634112,极兔快递,JT0015959548970,服饰,山东省,
慧泽小学智慧社区服务站_站点-慧泽小学智慧社区服务站,慧泽小学智慧社区服务站,慧泽小学智慧社区服务站,快递,2025-04-05 20:11:16,,1,0.2,0,6.00,0.00,2.80,6-3.2,2,1908492605347012608,极兔快递,JT0015963807063,帽子,浙江省,
慧泽小学智慧社区服务站_站点-慧泽小学智慧社区服务站,慧泽小学智慧社区服务站,慧泽小学智慧社区服务站,快递,2025-04-05 20:09:03,,1,0.58,0,6.00,0.00,2.80,6-3.2,2,1908492012859629568,极兔快递,JT0015962151211,内衣,广东省,
慧泽小学智慧社区服务站_站点-慧泽小学智慧社区服务站,慧泽小学智慧社区服务站,慧泽小学智慧社区服务站,快递,2025-04-05 20:07:35,,1,0.41,0,6.00,0.00,2.80,6-3.2,2,1908491674375102464,极兔快递,JT0015960739221,内裤,广东省,
慧泽小学智慧社区服务站_站点-慧泽小学智慧社区服务站,慧泽小学智慧社区服务站,慧泽小学智慧社区服务站,快递,2025-04-05 20:06:25,,1,1.1,-1,6.00,0.00,2.80,6-3.2,2,1908491392614342656,极兔快递,JT0015962719463,艾草贴三盒,浙江省,
慧泽小学智慧社区服务站_站点-慧泽小学智慧社区服务站,慧泽小学智慧社区服务站,慧泽小学智慧社区服务站,快递,2025-04-05 20:04:20,,1,0.2,0,6.00,0.00,2.80,6-3.2,2,1908490834859991040,极兔快递,JT0015963867419,首饰,广东省,
慧泽小学智慧社区服务站_站点-慧泽小学智慧社区服务站,慧泽小学智慧社区服务站,慧泽小学智慧社区服务站,快递,2025-04-05 20:00:30,,1,0.85,0,6.00,0.00,2.80,6-3.2,2,1908489902382325760,极兔快递,JT0015964049530,鞋子,浙江省,
慧泽小学智慧社区服务站_站点-慧泽小学智慧社区服务站,慧泽小学智慧社区服务站,慧泽小学智慧社区服务站,快递,2025-04-05 19:58:33,,5.7,5.19,0,18.00,4.50,9.00,50% ,2,1908489414219866112,极兔快递,JT0015944201026,锅,安徽省,
慧泽小学智慧社区服务站_站点-慧泽小学智慧社区服务站,慧泽小学智慧社区服务站,慧泽小学智慧社区服务站,快递,2025-04-05 19:56:47,,5.2,3.83,2,18.00,1.50,9.00,50% ,2,1908488971473330176,极兔快递,JT0015961671796,锅,云南省,
慧泽小学智慧社区服务站_站点-慧泽小学智慧社区服务站,慧泽小学智慧社区服务站,慧泽小学智慧社区服务站,快递,2025-04-05 19:39:20,,1,0.56,0,6.00,0.00,2.80,6-3.2,2,1908484556293087232,极兔快递,JT0015964123650,服饰,湖南省,
慧泽小学智慧社区服务站_站点-慧泽小学智慧社区服务站,慧泽小学智慧社区服务站,慧泽小学智慧社区服务站,快递,2025-04-05 19:24:40,,1,0.26,0,6.00,0.00,2.80,6-3.2,2,1908480888047083520,极兔快递,JT0015964124421,生活用品,广东省,
慧泽小学智慧社区服务站_站点-慧泽小学智慧社区服务站,慧泽小学智慧社区服务站,慧泽小学智慧社区服务站,快递,2025-04-05 19:21:08,,1,0.7,0,6.00,0.00,2.80,6-3.2,2,1908479998833664000,极兔快递,JT0015962533413,服饰,四川省,
慧泽小学智慧社区服务站_站点-慧泽小学智慧社区服务站,慧泽小学智慧社区服务站,慧泽小学智慧社区服务站,快递,2025-04-05 19:11:25,,1,0.49,0,6.00,0.00,2.80,6-3.2,2,1908477531337203712,极兔快递,JT0015963625181,服饰,安徽省,
慧泽小学智慧社区服务站_站点-慧泽小学智慧社区服务站,慧泽小学智慧社区服务站,慧泽小学智慧社区服务站,快递,2025-04-05 19:00:14,,1,0.52,0,6.00,0.00,2.80,6-3.2,2,1908474738681520128,极兔快递,JT0015960488697,服饰,广东省,
慧泽小学智慧社区服务站_站点-慧泽小学智慧社区服务站,慧泽小学智慧社区服务站,慧泽小学智慧社区服务站,快递,2025-04-05 18:51:06,,1,0.39,0,6.00,0.00,2.80,6-3.2,2,1908472439120797696,极兔快递,JT0015958549618,服饰,浙江省,
慧泽小学智慧社区服务站_站点-慧泽小学智慧社区服务站,慧泽小学智慧社区服务站,慧泽小学智慧社区服务站,快递,2025-04-05 18:49:46,,1,0.68,0,6.00,0.00,2.80,6-3.2,2,1908472084559503360,极兔快递,JT0015954011641,书,河北省,
慧泽小学智慧社区服务站_站点-慧泽小学智慧社区服务站,慧泽小学智慧社区服务站,慧泽小学智慧社区服务站,快递,2025-04-05 16:05:49,,1,0.2,0,6.00,0.00,2.80,6-3.2,2,1908430752793174016,极兔快递,JT0015960568499,套头,江西省,
慧泽小学智慧社区服务站_站点-慧泽小学智慧社区服务站,慧泽小学智慧社区服务站,慧泽小学智慧社区服务站,快递,2025-04-05 15:43:12,,1,0.2,0,6.00,0.00,2.80,6-3.2,2,1908425133151428608,极兔快递,JT0015955987921,发箍,浙江省,
慧泽小学智慧社区服务站_站点-慧泽小学智慧社区服务站,慧泽小学智慧社区服务站,慧泽小学智慧社区服务站,快递,2025-04-05 15:19:13,,2,0.2,1,8.00,0.00,4.08,51% ,2,1908419092988764160,极兔快递,JT0015959473580,生活用品,陕西省,
慧泽小学智慧社区服务站_站点-慧泽小学智慧社区服务站,慧泽小学智慧社区服务站,慧泽小学智慧社区服务站,快递,2025-04-05 14:46:27,,1,0.27,0,6.00,0.00,2.80,6-3.2,2,1908410868210278400,极兔快递,JT0015955813880,服饰,广东省,
慧泽小学智慧社区服务站_站点-慧泽小学智慧社区服务站,慧泽小学智慧社区服务站,慧泽小学智慧社区服务站,快递,2025-04-05 13:55:36,,1,0.64,0,6.00,0.00,2.80,6-3.2,2,1908398056977145856,极兔快递,JT0015955371888,服饰,广东省,
慧泽小学智慧社区服务站_站点-慧泽小学智慧社区服务站,慧泽小学智慧社区服务站,慧泽小学智慧社区服务站,快递,2025-04-05 13:06:03,,1,0.3,0,6.00,0.00,2.80,6-3.2,2,1908385529413181440,极兔快递,JT0015957373764,眼镜,江苏省,
慧泽小学智慧社区服务站_站点-慧泽小学智慧社区服务站,慧泽小学智慧社区服务站,慧泽小学智慧社区服务站,快递,2025-04-05 13:04:01,,1,0.48,0,6.00,0.00,2.80,6-3.2,2,1908385090370215936,极兔快递,JT0015957305221,皮夹克,安徽省,
慧泽小学智慧社区服务站_站点-慧泽小学智慧社区服务站,慧泽小学智慧社区服务站,慧泽小学智慧社区服务站,快递,2025-04-05 13:02:17,,1,0.25,0,6.00,0.00,2.80,6-3.2,2,1908384630783549440,极兔快递,JT0015957847567,工装裤,河南省,
慧泽小学智慧社区服务站_站点-慧泽小学智慧社区服务站,慧泽小学智慧社区服务站,慧泽小学智慧社区服务站,快递,2025-04-05 13:00:38,,1,0.2,0,6.00,0.00,2.80,6-3.2,2,1908384223512436736,极兔快递,JT0015956725146,黑白卫衣,河南省,
慧泽小学智慧社区服务站_站点-慧泽小学智慧社区服务站,慧泽小学智慧社区服务站,慧泽小学智慧社区服务站,快递,2025-04-05 12:58:19,,1,0.34,0,6.00,0.00,2.80,6-3.2,2,1908383619872399360,极兔快递,JT0015957481649,紫色卫衣,河南省,
慧泽小学智慧社区服务站_站点-慧泽小学智慧社区服务站,慧泽小学智慧社区服务站,慧泽小学智慧社区服务站,快递,2025-04-05 11:52:13,,1,1.05,-1,6.00,0.00,2.80,6-3.2,2,1908367006607548416,极兔快递,JT0015950964299,鞋子,黑龙江省,
慧泽小学智慧社区服务站_站点-慧泽小学智慧社区服务站,慧泽小学智慧社区服务站,慧泽小学智慧社区服务站,快递,2025-04-05 11:39:35,,1,0.36,0,6.00,0.00,2.80,6-3.2,2,1908363843439632384,极兔快递,JT0015952285686,服饰,湖南省,
慧泽小学智慧社区服务站_站点-慧泽小学智慧社区服务站,慧泽小学智慧社区服务站,慧泽小学智慧社区服务站,快递,2025-04-05 11:16:38,,2,1.51,0,8.00,0.00,4.08,51% ,2,1908358060949839872,极兔快递,JT0015951907439,鞋子,浙江省,
慧泽小学智慧社区服务站_站点-慧泽小学智慧社区服务站,慧泽小学智慧社区服务站,慧泽小学智慧社区服务站,快递,2025-04-05 10:24:51,,1,0.2,0,6.00,0.00,2.80,6-3.2,2,1908345036683812864,极兔快递,JT0015954595445,果茶,安徽省,
慧泽小学智慧社区服务站_站点-慧泽小学智慧社区服务站,慧泽小学智慧社区服务站,慧泽小学智慧社区服务站,快递,2025-04-05 10:23:07,,1,0.35,0,6.00,0.00,2.80,6-3.2,2,1908344603139579904,极兔快递,JT0015953324568,服饰,安徽省,
慧泽小学智慧社区服务站_站点-慧泽小学智慧社区服务站,慧泽小学智慧社区服务站,慧泽小学智慧社区服务站,快递,2025-04-05 10:21:26,,1,0.4,0,6.00,0.00,2.80,6-3.2,2,1908344175664504832,极兔快递,JT0015946063488,生活用品,福建省,
慧泽小学智慧社区服务站_站点-慧泽小学智慧社区服务站,慧泽小学智慧社区服务站,慧泽小学智慧社区服务站,快递,2025-04-05 08:28:32,,1,0.2,0,6.00,0.00,2.80,6-3.2,2,1908315759095521280,极兔快递,JT0015950783216,喷剂护理液,浙江省,
慧泽小学智慧社区服务站_站点-慧泽小学智慧社区服务站,慧泽小学智慧社区服务站,慧泽小学智慧社区服务站,快递,2025-04-05 08:27:27,,1,0.47,0,6.00,0.00,2.80,6-3.2,2,1908315492237123584,极兔快递,JT0015951359972,鼻炎膏1组3盒,四川省,
慧泽小学智慧社区服务站_站点-慧泽小学智慧社区服务站,慧泽小学智慧社区服务站,慧泽小学智慧社区服务站,快递,2025-04-05 08:17:00,,1,0.2,0,6.00,0.00,2.80,6-3.2,2,1908312795643584512,极兔快递,JT0015952176824,内衣,广东省,
慧泽小学智慧社区服务站_站点-慧泽小学智慧社区服务站,慧泽小学智慧社区服务站,慧泽小学智慧社区服务站,快递,2025-04-05 08:16:02,,1,0.97,0,6.00,0.00,2.80,6-3.2,2,1908312610385371136,极兔快递,JT0015950124721,服饰,广东省,
慧泽小学智慧社区服务站_站点-慧泽小学智慧社区服务站,慧泽小学智慧社区服务站,慧泽小学智慧社区服务站,快递,2025-04-04 19:11:42,,1,0.2,0,6.00,0.00,2.80,6-3.2,2,1908114646207504384,极兔快递,JT0015948889192,内衣,广东省,
慧泽小学智慧社区服务站_站点-慧泽小学智慧社区服务站,慧泽小学智慧社区服务站,慧泽小学智慧社区服务站,快递,2025-04-04 19:05:57,,1,0.2,0,6.00,0.00,2.80,6-3.2,2,1908113766011838464,极兔快递,JT0015946480345,服饰,河北省,
慧泽小学智慧社区服务站_站点-慧泽小学智慧社区服务站,慧泽小学智慧社区服务站,慧泽小学智慧社区服务站,快递,2025-04-04 18:19:35,,1,0.22,0,6.00,0.00,2.80,6-3.2,2,1908102120791023616,极兔快递,JT0015951094263,服饰,广东省,
慧泽小学智慧社区服务站_站点-慧泽小学智慧社区服务站,慧泽小学智慧社区服务站,慧泽小学智慧社区服务站,快递,2025-04-04 18:07:29,,1,0.2,0,6.00,0.00,2.80,6-3.2,2,1908099076128972800,极兔快递,JT0015942224169,服饰,浙江省,
慧泽小学智慧社区服务站_站点-慧泽小学智慧社区服务站,慧泽小学智慧社区服务站,慧泽小学智慧社区服务站,快递,2025-04-04 18:05:54,,1,0.21,0,6.00,0.00,2.80,6-3.2,2,1908098653259243520,极兔快递,JT0015943667199,服饰,广东省,
慧泽小学智慧社区服务站_站点-慧泽小学智慧社区服务站,慧泽小学智慧社区服务站,慧泽小学智慧社区服务站,快递,2025-04-04 16:09:34,,1,0.2,0,6.00,0.00,2.80,6-3.2,2,1908069387461140480,极兔快递,JT0015948969716,sim卡,陕西省,
慧泽小学智慧社区服务站_站点-慧泽小学智慧社区服务站,慧泽小学智慧社区服务站,慧泽小学智慧社区服务站,快递,2025-04-04 15:34:40,,1.2,1.1,0,8.00,0.00,4.08,51% ,2,1908060602751459328,极兔快递,JT0015939958877,茶叶,安徽省,
慧泽小学智慧社区服务站_站点-慧泽小学智慧社区服务站,慧泽小学智慧社区服务站,慧泽小学智慧社区服务站,快递,2025-04-04 15:16:04,,1,0.31,0,6.00,0.00,2.80,6-3.2,2,1908055938588942336,极兔快递,JT0015944997511,服饰,浙江省,
慧泽小学智慧社区服务站_站点-慧泽小学智慧社区服务站,慧泽小学智慧社区服务站,慧泽小学智慧社区服务站,快递,2025-04-04 15:12:43,,1,0.2,0,6.00,0.00,2.80,6-3.2,2,1908055084217606144,极兔快递,JT0015947604424,手表,广东省,
慧泽小学智慧社区服务站_站点-慧泽小学智慧社区服务站,慧泽小学智慧社区服务站,慧泽小学智慧社区服务站,快递,2025-04-04 14:59:40,,1,0.21,0,6.00,0.00,2.80,6-3.2,2,1908051809892245504,极兔快递,JT0015944076786,服饰,河北省,
慧泽小学智慧社区服务站_站点-慧泽小学智慧社区服务站,慧泽小学智慧社区服务站,慧泽小学智慧社区服务站,快递,2025-04-04 14:58:35,,1,0.42,0,6.00,0.00,2.80,6-3.2,2,1908051528404115456,极兔快递,JT0015946816126,服饰,安徽省,
慧泽小学智慧社区服务站_站点-慧泽小学智慧社区服务站,慧泽小学智慧社区服务站,慧泽小学智慧社区服务站,快递,2025-04-04 14:49:42,,1,0.2,0,6.00,0.00,2.80,6-3.2,2,1908049274334814208,极兔快递,JT0015947933986,卡片,福建省,
慧泽小学智慧社区服务站_站点-慧泽小学智慧社区服务站,慧泽小学智慧社区服务站,慧泽小学智慧社区服务站,快递,2025-04-04 14:49:03,,1,0.24,0,6.00,0.00,2.80,6-3.2,2,1908049134278615040,极兔快递,JT0015941251104,卡片,山东省,
慧泽小学智慧社区服务站_站点-慧泽小学智慧社区服务站,慧泽小学智慧社区服务站,慧泽小学智慧社区服务站,快递,2025-04-04 14:48:15,,1,0.2,0,7.00,0.00,2.80,6-3.2,2,1908048937200852992,极兔快递,JT0015943826822,卡片,北京市,
慧泽小学智慧社区服务站_站点-慧泽小学智慧社区服务站,慧泽小学智慧社区服务站,慧泽小学智慧社区服务站,快递,2025-04-04 14:47:38,,1,0.2,0,6.00,0.00,2.80,6-3.2,2,1908048772285014016,极兔快递,JT0015942490774,卡片,江苏省,
慧泽小学智慧社区服务站_站点-慧泽小学智慧社区服务站,慧泽小学智慧社区服务站,慧泽小学智慧社区服务站,快递,2025-04-04 14:46:49,,1,0.2,0,6.00,0.00,2.80,6-3.2,2,1908048566181109760,极兔快递,JT0015947288316,卡片,湖南省,
慧泽小学智慧社区服务站_站点-慧泽小学智慧社区服务站,慧泽小学智慧社区服务站,慧泽小学智慧社区服务站,快递,2025-04-04 14:46:11,,1,0.34,0,6.00,0.00,2.80,6-3.2,2,1908048389923872768,极兔快递,JT0015938189038,卡片,福建省,
慧泽小学智慧社区服务站_站点-慧泽小学智慧社区服务站,慧泽小学智慧社区服务站,慧泽小学智慧社区服务站,快递,2025-04-04 13:54:57,,1,0.47,0,6.00,0.00,2.80,6-3.2,2,1908035499691024384,极兔快递,JT0015945879030,服饰,河南省,
慧泽小学智慧社区服务站_站点-慧泽小学智慧社区服务站,慧泽小学智慧社区服务站,慧泽小学智慧社区服务站,快递,2025-04-04 13:38:20,,1,0.2,0,6.00,0.00,2.80,6-3.2,2,1908031316644536320,极兔快递,JT0015945528378,固体饮料,福建省,
慧泽小学智慧社区服务站_站点-慧泽小学智慧社区服务站,慧泽小学智慧社区服务站,慧泽小学智慧社区服务站,快递,2025-04-04 13:08:07,,3,0.72,2,10.00,0.00,5.50,55% ,2,1908023713533206528,极兔快递,JT0015944943454,唢呐,陕西省,
慧泽小学智慧社区服务站_站点-慧泽小学智慧社区服务站,慧泽小学智慧社区服务站,慧泽小学智慧社区服务站,快递,2025-04-04 12:53:07,,1,0.65,0,6.00,0.00,2.80,6-3.2,2,1908019931994857472,极兔快递,JT0015945720880,米珠,辽宁省,
慧泽小学智慧社区服务站_站点-慧泽小学智慧社区服务站,慧泽小学智慧社区服务站,慧泽小学智慧社区服务站,快递,2025-04-04 12:49:14,,3,2.87,0,10.00,0.00,5.50,55% ,2,1908018960883458048,极兔快递,JT0015944187052,服饰,山东省,
慧泽小学智慧社区服务站_站点-慧泽小学智慧社区服务站,慧泽小学智慧社区服务站,慧泽小学智慧社区服务站,快递,2025-04-04 09:38:19,,1,0.65,0,6.00,0.00,2.80,6-3.2,2,1907970925667229696,极兔快递,JT0015942265984,服饰,广东省,
慧泽小学智慧社区服务站_站点-慧泽小学智慧社区服务站,慧泽小学智慧社区服务站,慧泽小学智慧社区服务站,快递,2025-04-04 09:37:18,,1,0.2,0,6.00,0.00,2.80,6-3.2,2,1907970680405303296,极兔快递,JT0015942532220,喷剂一盒,山东省,
慧泽小学智慧社区服务站_站点-慧泽小学智慧社区服务站,慧泽小学智慧社区服务站,慧泽小学智慧社区服务站,快递,2025-04-04 09:24:25,,3,2.68,0,10.00,0.00,5.50,55% ,2,1907967421670170624,极兔快递,JT0015942140383,食品,陕西省,
慧泽小学智慧社区服务站_站点-慧泽小学智慧社区服务站,慧泽小学智慧社区服务站,慧泽小学智慧社区服务站,快递,2025-04-04 09:07:28,,1,0.2,0,6.00,0.00,2.80,6-3.2,2,1907963174178201600,极兔快递,JT0015941492949,服饰,浙江省,
慧泽小学智慧社区服务站_站点-慧泽小学智慧社区服务站,慧泽小学智慧社区服务站,慧泽小学智慧社区服务站,快递,2025-04-04 09:06:05,,1,0.34,0,6.00,0.00,2.80,6-3.2,2,1907962805012340736,极兔快递,JT0015939747163,服饰,广东省,
慧泽小学智慧社区服务站_站点-慧泽小学智慧社区服务站,慧泽小学智慧社区服务站,慧泽小学智慧社区服务站,快递,2025-04-04 09:04:41,,1,0.58,0,6.00,0.00,2.80,6-3.2,2,1907962457392619520,极兔快递,JT0015930303478,服饰,广东省,
慧泽小学智慧社区服务站_站点-慧泽小学智慧社区服务站,慧泽小学智慧社区服务站,慧泽小学智慧社区服务站,快递,2025-04-04 08:56:07,,1,0.49,0,7.00,0.00,2.80,6-3.2,2,1907960291852492800,极兔快递,JT0015939526814,鼻炎膏1组3盒,上海市,
慧泽小学智慧社区服务站_站点-慧泽小学智慧社区服务站,慧泽小学智慧社区服务站,慧泽小学智慧社区服务站,快递,2025-04-03 21:10:40,,1,0.2,0,6.00,0.00,2.80,6-3.2,2,1907782768543866880,极兔快递,JT0015938548531,假睫毛,浙江省,
慧泽小学智慧社区服务站_站点-慧泽小学智慧社区服务站,慧泽小学智慧社区服务站,慧泽小学智慧社区服务站,快递,2025-04-03 20:29:28,,1,0.51,0,6.00,0.00,2.80,6-3.2,2,1907772416322117632,极兔快递,JT0015932533307,服饰,湖北省,
慧泽小学智慧社区服务站_站点-慧泽小学智慧社区服务站,慧泽小学智慧社区服务站,慧泽小学智慧社区服务站,快递,2025-04-03 20:27:48,,1,0.2,0,7.00,0.00,2.80,6-3.2,2,1907771992521252864,极兔快递,JT0015934922931,服饰,上海市,
慧泽小学智慧社区服务站_站点-慧泽小学智慧社区服务站,慧泽小学智慧社区服务站,慧泽小学智慧社区服务站,快递,2025-04-03 20:25:35,,1,0.2,0,6.00,0.00,2.80,6-3.2,2,1907771440139804672,极兔快递,JT0015938833771,服饰,浙江省,
慧泽小学智慧社区服务站_站点-慧泽小学智慧社区服务站,慧泽小学智慧社区服务站,慧泽小学智慧社区服务站,快递,2025-04-03 19:47:16,,1,0.37,0,6.00,0.00,2.80,6-3.2,2,1907761798529622016,极兔快递,JT0015939350971,服饰,广东省,
慧泽小学智慧社区服务站_站点-慧泽小学智慧社区服务站,慧泽小学智慧社区服务站,慧泽小学智慧社区服务站,快递,2025-04-03 19:45:51,,1,0.42,0,6.00,0.00,2.80,6-3.2,2,1907761440927457280,极兔快递,JT0015935522018,服饰,广东省,
慧泽小学智慧社区服务站_站点-慧泽小学智慧社区服务站,慧泽小学智慧社区服务站,慧泽小学智慧社区服务站,快递,2025-04-03 19:02:39,,1,0.62,0,6.00,0.00,2.52,42% ,2,1907750497275289600,韵达快递,312698821232758,服饰,福建省,
慧泽小学智慧社区服务站_站点-慧泽小学智慧社区服务站,慧泽小学智慧社区服务站,慧泽小学智慧社区服务站,快递,2025-04-03 18:55:59,,1,0.34,0,6.00,0.00,2.80,6-3.2,2,1907748871076519936,极兔快递,JT0015938622401,裤子,湖北省,
慧泽小学智慧社区服务站_站点-慧泽小学智慧社区服务站,慧泽小学智慧社区服务站,慧泽小学智慧社区服务站,快递,2025-04-03 18:32:20,,3,2.79,0,10.00,0.00,5.50,55% ,2,1907742882365382656,极兔快递,JT0015938779281,小米,山东省,
慧泽小学智慧社区服务站_站点-慧泽小学智慧社区服务站,慧泽小学智慧社区服务站,慧泽小学智慧社区服务站,快递,2025-04-03 18:05:39,,1,0.58,0,6.00,0.00,2.80,6-3.2,2,1907736225270931456,极兔快递,JT0015937596611,水杯,河北省,
慧泽小学智慧社区服务站_站点-慧泽小学智慧社区服务站,慧泽小学智慧社区服务站,慧泽小学智慧社区服务站,快递,2025-04-03 18:03:35,,1,0.56,0,6.00,0.00,2.80,6-3.2,2,1907735685476589568,极兔快递,JT0015936198468,服饰,广东省,
慧泽小学智慧社区服务站_站点-慧泽小学智慧社区服务站,慧泽小学智慧社区服务站,慧泽小学智慧社区服务站,快递,2025-04-03 17:26:44,,1,0.25,0,6.00,0.00,2.80,6-3.2,2,1907726410343718912,极兔快递,JT0015935939002,服饰,山东省,
慧泽小学智慧社区服务站_站点-慧泽小学智慧社区服务站,慧泽小学智慧社区服务站,慧泽小学智慧社区服务站,快递,2025-04-03 15:24:05,,2,2.34,-1,8.00,0.00,4.08,51% ,2,1907695493864693760,极兔快递,JT0015933148930,服饰,陕西省,
慧泽小学智慧社区服务站_站点-慧泽小学智慧社区服务站,慧泽小学智慧社区服务站,慧泽小学智慧社区服务站,快递,2025-04-03 14:39:44,,1,0.2,0,6.00,0.00,2.80,6-3.2,2,1907684398437441536,极兔快递,JT0015934637313,卡片,广东省,
慧泽小学智慧社区服务站_站点-慧泽小学智慧社区服务站,慧泽小学智慧社区服务站,慧泽小学智慧社区服务站,快递,2025-04-03 14:39:01,,1,0.35,0,6.00,0.00,2.80,6-3.2,2,1907684205126164480,极兔快递,JT0015933749399,卡片,辽宁省,
慧泽小学智慧社区服务站_站点-慧泽小学智慧社区服务站,慧泽小学智慧社区服务站,慧泽小学智慧社区服务站,快递,2025-04-03 14:24:03,,1,0.2,0,6.00,0.00,2.80,6-3.2,2,1907680455074455552,极兔快递,JT0015930921754,挡风被,浙江省,
慧泽小学智慧社区服务站_站点-慧泽小学智慧社区服务站,慧泽小学智慧社区服务站,慧泽小学智慧社区服务站,快递,2025-04-03 14:15:34,,1,0.2,0,6.00,0.00,2.80,6-3.2,2,1907678324359634944,极兔快递,JT0015926195705,服饰,辽宁省,
慧泽小学智慧社区服务站_站点-慧泽小学智慧社区服务站,慧泽小学智慧社区服务站,慧泽小学智慧社区服务站,快递,2025-04-03 14:14:21,,1,0.2,0,6.00,0.00,2.80,6-3.2,2,1907677997304586240,极兔快递,JT0015931559042,服饰,辽宁省,
慧泽小学智慧社区服务站_站点-慧泽小学智慧社区服务站,慧泽小学智慧社区服务站,慧泽小学智慧社区服务站,快递,2025-04-03 13:17:08,,1,0.23,0,6.00,0.00,2.80,6-3.2,2,1907663597998907392,极兔快递,JT0015930562439,服饰,四川省,
慧泽小学智慧社区服务站_站点-慧泽小学智慧社区服务站,慧泽小学智慧社区服务站,慧泽小学智慧社区服务站,快递,2025-04-03 12:31:19,,1,0.2,0,6.00,0.00,2.80,6-3.2,2,1907652060701728768,极兔快递,JT0015929893888,鞋垫,浙江省,
慧泽小学智慧社区服务站_站点-慧泽小学智慧社区服务站,慧泽小学智慧社区服务站,慧泽小学智慧社区服务站,快递,2025-04-03 12:25:39,,2,1.43,0,8.00,0.00,4.08,51% ,2,1907650620742639616,极兔快递,JT0015931079866,服饰,广东省,
慧泽小学智慧社区服务站_站点-慧泽小学智慧社区服务站,慧泽小学智慧社区服务站,慧泽小学智慧社区服务站,快递,2025-04-03 12:02:07,,1,0.2,0,6.00,0.00,2.80,6-3.2,2,1907644717612081152,极兔快递,JT0015931507261,切葱器,浙江省,
慧泽小学智慧社区服务站_站点-慧泽小学智慧社区服务站,慧泽小学智慧社区服务站,慧泽小学智慧社区服务站,快递,2025-04-03 12:00:39,,1,0.2,0,6.00,0.00,2.80,6-3.2,2,1907644352900571136,极兔快递,JT0015929970399,服饰,湖北省,
慧泽小学智慧社区服务站_站点-慧泽小学智慧社区服务站,慧泽小学智慧社区服务站,慧泽小学智慧社区服务站,快递,2025-04-03 10:31:42,,1,0.24,0,6.00,0.00,2.52,42% ,2,1907621966637637632,韵达快递,312698096777619,鞋子,广东省,
慧泽小学智慧社区服务站_站点-慧泽小学智慧社区服务站,慧泽小学智慧社区服务站,慧泽小学智慧社区服务站,快递,2025-04-03 10:13:11,,1,0.2,0,6.00,0.00,2.80,6-3.2,2,1907617325271162880,极兔快递,JT0015928658192,双眼皮贴,辽宁省,
慧泽小学智慧社区服务站_站点-慧泽小学智慧社区服务站,慧泽小学智慧社区服务站,慧泽小学智慧社区服务站,快递,2025-04-03 10:01:48,2025-04-03 02:06:47,2,,,8.00,,0.00,,2,1907614464080551936,极兔快递,JT0015928617149,生活用品,青海省,已全额退款
慧泽小学智慧社区服务站_站点-慧泽小学智慧社区服务站,慧泽小学智慧社区服务站,慧泽小学智慧社区服务站,快递,2025-04-03 10:05:15,,1,0.97,0,6.00,0.00,2.80,6-3.2,2,1907615308125511680,极兔快递,JT0015923032447,生活用品,青海省,
慧泽小学智慧社区服务站_站点-慧泽小学智慧社区服务站,慧泽小学智慧社区服务站,慧泽小学智慧社区服务站,快递,2025-04-03 10:00:30,,2,1.48,0,8.00,0.00,4.08,51% ,2,1907614134773161984,极兔快递,JT0015925779964,蚕丝被,江苏省,
慧泽小学智慧社区服务站_站点-慧泽小学智慧社区服务站,慧泽小学智慧社区服务站,慧泽小学智慧社区服务站,快递,2025-04-03 09:58:49,,1,0.86,0,6.00,0.00,2.80,6-3.2,2,1907613707528773632,极兔快递,JT0015923671880,鱼油,安徽省,
慧泽小学智慧社区服务站_站点-慧泽小学智慧社区服务站,慧泽小学智慧社区服务站,慧泽小学智慧社区服务站,快递,2025-04-03 09:57:32,,1,0.71,0,6.00,0.00,2.80,6-3.2,2,1907613366737379328,极兔快递,JT0015928582481,清洁冰晶,广东省,
慧泽小学智慧社区服务站_站点-慧泽小学智慧社区服务站,慧泽小学智慧社区服务站,慧泽小学智慧社区服务站,快递,2025-04-03 09:55:54,,1,0.2,0,6.00,0.00,2.80,6-3.2,2,1907612952356921344,极兔快递,JT0015928849582,透骨液,广东省,
慧泽小学智慧社区服务站_站点-慧泽小学智慧社区服务站,慧泽小学智慧社区服务站,慧泽小学智慧社区服务站,快递,2025-04-03 09:35:37,,1,0.3,0,6.00,0.00,2.80,6-3.2,2,1907607849252102144,极兔快递,JT0015926733533,服饰,广东省,
慧泽小学智慧社区服务站_站点-慧泽小学智慧社区服务站,慧泽小学智慧社区服务站,慧泽小学智慧社区服务站,快递,2025-04-03 09:18:00,,2,1.89,0,8.00,0.00,4.08,51% ,2,1907603437720903680,极兔快递,JT0015927749305,生活用品,陕西省,
慧泽小学智慧社区服务站_站点-慧泽小学智慧社区服务站,慧泽小学智慧社区服务站,慧泽小学智慧社区服务站,快递,2025-04-03 09:06:31,,1,0.2,0,6.00,0.00,2.80,6-3.2,2,1907600539872075776,极兔快递,JT0015889076830,生活用品,陕西省,
慧泽小学智慧社区服务站_站点-慧泽小学智慧社区服务站,慧泽小学智慧社区服务站,慧泽小学智慧社区服务站,快递,2025-04-03 08:10:58,,1,0.2,0,6.00,0.00,2.80,6-3.2,2,1907586539734114304,极兔快递,JT0015916371655,服饰,安徽省,
慧泽小学智慧社区服务站_站点-慧泽小学智慧社区服务站,慧泽小学智慧社区服务站,慧泽小学智慧社区服务站,快递,2025-04-03 07:53:35,,1,0.49,0,6.00,0.00,2.80,6-3.2,2,1907582189838213120,极兔快递,JT0015922745060,鼻炎膏1组3盒,江苏省,
慧泽小学智慧社区服务站_站点-慧泽小学智慧社区服务站,慧泽小学智慧社区服务站,慧泽小学智慧社区服务站,快递,2025-04-03 07:52:10,,1,0.49,0,6.00,0.00,2.80,6-3.2,2,1907581815215562752,极兔快递,JT0015918016102,鼻炎膏1组3盒,山东省,
慧泽小学智慧社区服务站_站点-慧泽小学智慧社区服务站,慧泽小学智慧社区服务站,慧泽小学智慧社区服务站,快递,2025-04-02 20:56:55,,1,0.31,0,6.00,0.00,2.80,6-3.2,2,1907416917911216128,极兔快递,JT0015921497172,服饰,广东省,
慧泽小学智慧社区服务站_站点-慧泽小学智慧社区服务站,慧泽小学智慧社区服务站,慧泽小学智慧社区服务站,快递,2025-04-02 19:48:09,,1,0.2,0,6.00,0.00,2.80,6-3.2,2,1907399614922432512,极兔快递,JT0015923620320,服饰,四川省,
慧泽小学智慧社区服务站_站点-慧泽小学智慧社区服务站,慧泽小学智慧社区服务站,慧泽小学智慧社区服务站,快递,2025-04-02 19:46:55,,1,0.2,0,6.00,0.00,2.80,6-3.2,2,1907399322885627904,极兔快递,JT0015923482210,服饰,四川省,
慧泽小学智慧社区服务站_站点-慧泽小学智慧社区服务站,慧泽小学智慧社区服务站,慧泽小学智慧社区服务站,快递,2025-04-02 19:43:21,,1,0.2,0,6.00,0.00,2.80,6-3.2,2,1907398331889033216,极兔快递,JT0015917675208,胶带,四川省,
慧泽小学智慧社区服务站_站点-慧泽小学智慧社区服务站,慧泽小学智慧社区服务站,慧泽小学智慧社区服务站,快递,2025-04-02 19:41:21,,1,0.2,0,6.00,0.00,2.80,6-3.2,2,1907397899535982592,极兔快递,JT0015925796175,胶带,浙江省,
慧泽小学智慧社区服务站_站点-慧泽小学智慧社区服务站,慧泽小学智慧社区服务站,慧泽小学智慧社区服务站,快递,2025-04-02 19:04:38,,1,0.47,0,6.00,0.00,2.80,6-3.2,2,1907388685375709184,极兔快递,JT0015923094213,鞋子,江西省,
慧泽小学智慧社区服务站_站点-慧泽小学智慧社区服务站,慧泽小学智慧社区服务站,慧泽小学智慧社区服务站,快递,2025-04-02 19:01:46,,1,0.53,0,6.00,0.00,2.80,6-3.2,2,1907387939288719360,极兔快递,JT0015924971565,鞋子,福建省,
慧泽小学智慧社区服务站_站点-慧泽小学智慧社区服务站,慧泽小学智慧社区服务站,慧泽小学智慧社区服务站,快递,2025-04-02 18:03:46,,1,0.78,0,6.00,0.00,2.80,6-3.2,2,1907373362115190784,极兔快递,JT0015920632502,服饰,四川省,
慧泽小学智慧社区服务站_站点-慧泽小学智慧社区服务站,慧泽小学智慧社区服务站,慧泽小学智慧社区服务站,快递,2025-04-02 18:02:09,,1,0.44,0,6.00,0.00,2.80,6-3.2,2,1907372932672987136,极兔快递,JT0015917477586,服饰,河南省,
慧泽小学智慧社区服务站_站点-慧泽小学智慧社区服务站,慧泽小学智慧社区服务站,慧泽小学智慧社区服务站,快递,2025-04-02 17:32:07,,1,0.67,0,6.00,0.00,2.80,6-3.2,2,1907365365653643264,极兔快递,JT0015923565281,服饰,广西壮族自治区,
慧泽小学智慧社区服务站_站点-慧泽小学智慧社区服务站,慧泽小学智慧社区服务站,慧泽小学智慧社区服务站,快递,2025-04-02 16:54:04,,1.1,1.04,0,8.00,0.00,4.08,51% ,2,1907355822148231168,极兔快递,JT0015918315461,鞋子,广东省,
慧泽小学智慧社区服务站_站点-慧泽小学智慧社区服务站,慧泽小学智慧社区服务站,慧泽小学智慧社区服务站,快递,2025-04-02 16:52:35,,1,0.2,0,6.00,0.00,2.80,6-3.2,2,1907355400301912064,极兔快递,JT0015922903472,服饰,广东省,
慧泽小学智慧社区服务站_站点-慧泽小学智慧社区服务站,慧泽小学智慧社区服务站,慧泽小学智慧社区服务站,快递,2025-04-02 16:37:09,,1,0.42,0,6.00,0.00,2.80,6-3.2,2,1907351542859243520,极兔快递,JT0015913944392,生活用品,福建省,
慧泽小学智慧社区服务站_站点-慧泽小学智慧社区服务站,慧泽小学智慧社区服务站,慧泽小学智慧社区服务站,快递,2025-04-02 16:29:59,,1,0.2,0,7.00,0.00,2.80,6-3.2,2,1907349763513851904,极兔快递,JT0015920532858,卡片,北京市,
慧泽小学智慧社区服务站_站点-慧泽小学智慧社区服务站,慧泽小学智慧社区服务站,慧泽小学智慧社区服务站,快递,2025-04-02 16:29:20,,1,0.28,0,6.00,0.00,2.80,6-3.2,2,1907349590683361280,极兔快递,JT0015919929395,卡片,广东省,
慧泽小学智慧社区服务站_站点-慧泽小学智慧社区服务站,慧泽小学智慧社区服务站,慧泽小学智慧社区服务站,快递,2025-04-02 16:28:33,,1,0.2,0,6.00,0.00,2.80,6-3.2,2,1907349392859013120,极兔快递,JT0015921153842,卡片,河北省,
慧泽小学智慧社区服务站_站点-慧泽小学智慧社区服务站,慧泽小学智慧社区服务站,慧泽小学智慧社区服务站,快递,2025-04-02 16:27:45,,1,0.2,0,6.00,0.00,2.80,6-3.2,2,1907349191154933760,极兔快递,JT0015920430462,卡片,广东省,
慧泽小学智慧社区服务站_站点-慧泽小学智慧社区服务站,慧泽小学智慧社区服务站,慧泽小学智慧社区服务站,快递,2025-04-02 16:27:05,,1,0.88,0,6.00,0.00,2.80,6-3.2,2,1907349012859265024,极兔快递,JT0015920399021,卡片,吉林省,
慧泽小学智慧社区服务站_站点-慧泽小学智慧社区服务站,慧泽小学智慧社区服务站,慧泽小学智慧社区服务站,快递,2025-04-02 15:40:53,,1,0.28,0,6.00,0.00,2.80,6-3.2,2,1907337383123820544,极兔快递,JT0015919790715,生活用品,陕西省,
慧泽小学智慧社区服务站_站点-慧泽小学智慧社区服务站,慧泽小学智慧社区服务站,慧泽小学智慧社区服务站,快递,2025-04-02 15:12:04,,1,0.52,0,6.00,0.00,2.80,6-3.2,2,1907326094112661504,极兔快递,JT0015921035388,服饰,广东省,
慧泽小学智慧社区服务站_站点-慧泽小学智慧社区服务站,慧泽小学智慧社区服务站,慧泽小学智慧社区服务站,快递,2025-04-02 14:29:49,,3.9,2.71,1,12.00,0.00,6.00,50% ,2,1907319496501829632,极兔快递,JT0015910132652,服饰,江苏省,
慧泽小学智慧社区服务站_站点-慧泽小学智慧社区服务站,慧泽小学智慧社区服务站,慧泽小学智慧社区服务站,快递,2025-04-02 13:51:14,,2,1.76,0,8.00,0.00,4.08,51% ,2,1907309788860719104,极兔快递,JT0015917076753,鞋子,陕西省,
慧泽小学智慧社区服务站_站点-慧泽小学智慧社区服务站,慧泽小学智慧社区服务站,慧泽小学智慧社区服务站,快递,2025-04-02 12:55:05,,1,0.35,0,6.00,0.00,2.80,6-3.2,2,1907295658296680448,极兔快递,JT0015913467041,服饰,广东省,
慧泽小学智慧社区服务站_站点-慧泽小学智慧社区服务站,慧泽小学智慧社区服务站,慧泽小学智慧社区服务站,快递,2025-04-02 12:29:01,,2.05,1.1,1,10.00,0.00,5.50,55% ,2,1907289092231208960,极兔快递,JT0015917692825,沾沾料,甘肃省,
慧泽小学智慧社区服务站_站点-慧泽小学智慧社区服务站,慧泽小学智慧社区服务站,慧泽小学智慧社区服务站,快递,2025-04-02 11:40:05,,2,1.72,0,8.00,0.00,4.08,51% ,2,1907276783370838016,极兔快递,JT0015912473291,四件套,江苏省,
慧泽小学智慧社区服务站_站点-慧泽小学智慧社区服务站,慧泽小学智慧社区服务站,慧泽小学智慧社区服务站,快递,2025-04-02 11:28:31,,3.3,3.23,0,12.00,1.50,6.00,50% ,2,1907273813421924352,极兔快递,JT0015916300743,膳食纤维,浙江省,
慧泽小学智慧社区服务站_站点-慧泽小学智慧社区服务站,慧泽小学智慧社区服务站,慧泽小学智慧社区服务站,快递,2025-04-02 10:52:48,,2,1.21,0,8.00,0.00,4.08,51% ,2,1907264886332399616,极兔快递,JT0015915275302,鞋子,辽宁省,
慧泽小学智慧社区服务站_站点-慧泽小学智慧社区服务站,慧泽小学智慧社区服务站,慧泽小学智慧社区服务站,快递,2025-04-02 10:42:24,,1,0.87,0,6.00,0.00,2.80,6-3.2,2,1907262268654690304,极兔快递,JT0015912759551,包包,浙江省,
慧泽小学智慧社区服务站_站点-慧泽小学智慧社区服务站,慧泽小学智慧社区服务站,慧泽小学智慧社区服务站,快递,2025-04-02 09:50:46,,1.35,1.37,0,8.00,0.00,4.08,51% ,2,1907249296490307584,极兔快递,JT0015914559697,五子棋,浙江省,
慧泽小学智慧社区服务站_站点-慧泽小学智慧社区服务站,慧泽小学智慧社区服务站,慧泽小学智慧社区服务站,快递,2025-04-02 09:46:13,,1,0.2,0,6.00,0.00,2.80,6-3.2,2,1907248151025885184,极兔快递,JT0015910636042,烧烤料,河北省,
慧泽小学智慧社区服务站_站点-慧泽小学智慧社区服务站,慧泽小学智慧社区服务站,慧泽小学智慧社区服务站,快递,2025-04-02 09:26:03,,3,2.75,0,10.00,0.00,5.50,55% ,2,1907223147248820224,极兔快递,JT0015908677545,玉米,黑龙江省,
慧泽小学智慧社区服务站_站点-慧泽小学智慧社区服务站,慧泽小学智慧社区服务站,慧泽小学智慧社区服务站,快递,2025-04-02 09:19:42,,1,0.5,0,6.00,0.00,2.80,6-3.2,2,1907241477640757248,极兔快递,JT0015908398422,服饰,辽宁省,
慧泽小学智慧社区服务站_站点-慧泽小学智慧社区服务站,慧泽小学智慧社区服务站,慧泽小学智慧社区服务站,快递,2025-04-02 09:00:15,,1,0.25,0,6.00,0.00,2.80,6-3.2,2,1907236563086680064,极兔快递,JT0015911412229,服饰,广东省,
慧泽小学智慧社区服务站_站点-慧泽小学智慧社区服务站,慧泽小学智慧社区服务站,慧泽小学智慧社区服务站,快递,2025-04-02 08:38:37,,1,0.71,0,6.00,0.00,2.80,6-3.2,2,1907230140692897792,极兔快递,JT0015889535893,鞋,浙江省,
慧泽小学智慧社区服务站_站点-慧泽小学智慧社区服务站,慧泽小学智慧社区服务站,慧泽小学智慧社区服务站,快递,2025-04-02 08:35:18,,1,0.2,0,6.00,0.00,2.80,6-3.2,2,1907230298038018048,极兔快递,JT0015913247679,服饰,福建省,
慧泽小学智慧社区服务站_站点-慧泽小学智慧社区服务站,慧泽小学智慧社区服务站,慧泽小学智慧社区服务站,快递,2025-04-02 08:17:08,,1,0.31,0,6.00,0.00,2.80,6-3.2,2,1907223276496297984,极兔快递,JT0015905709517,裤子,湖南省,
慧泽小学智慧社区服务站_站点-慧泽小学智慧社区服务站,慧泽小学智慧社区服务站,慧泽小学智慧社区服务站,快递,2025-04-02 08:13:31,,2,1.06,0,8.00,0.00,4.08,51% ,2,1907224809145311232,极兔快递,JT0015886317880,服饰,浙江省,
慧泽小学智慧社区服务站_站点-慧泽小学智慧社区服务站,慧泽小学智慧社区服务站,慧泽小学智慧社区服务站,快递,2025-04-02 08:12:57,2025-04-02 00:13:10,1,,,6.00,,0.00,,2,1907224675170852864,极兔快递,JT0015911721545,服饰,浙江省,已全额退款
慧泽小学智慧社区服务站_站点-慧泽小学智慧社区服务站,慧泽小学智慧社区服务站,慧泽小学智慧社区服务站,快递,2025-04-02 08:11:04,,1,0.49,0,6.00,0.00,2.80,6-3.2,2,1907224204599304192,极兔快递,JT0015911890747,鼻炎膏1组3盒,江苏省,
慧泽小学智慧社区服务站_站点-慧泽小学智慧社区服务站,慧泽小学智慧社区服务站,慧泽小学智慧社区服务站,快递,2025-04-02 08:09:38,,1,0.48,0,6.00,0.00,2.80,6-3.2,2,1907223832350629888,极兔快递,JT0015908579977,鼻炎膏1组3盒,湖北省,
慧泽小学智慧社区服务站_站点-慧泽小学智慧社区服务站,慧泽小学智慧社区服务站,慧泽小学智慧社区服务站,快递,2025-04-02 08:08:13,,1,0.49,0,6.00,0.00,2.80,6-3.2,2,1907223461146337280,极兔快递,JT0015912298228,鼻炎膏1组3盒,山东省,
慧泽小学智慧社区服务站_站点-慧泽小学智慧社区服务站,慧泽小学智慧社区服务站,慧泽小学智慧社区服务站,快递,2025-04-02 07:49:42,,1,0.2,0,6.00,0.00,2.80,6-3.2,2,1907218806467141632,极兔快递,JT0015913056501,服饰,浙江省,
慧泽小学智慧社区服务站_站点-慧泽小学智慧社区服务站,慧泽小学智慧社区服务站,慧泽小学智慧社区服务站,快递,2025-04-01 20:38:55,,1,0.2,0,6.00,0.00,2.80,6-3.2,2,1907049997093511168,极兔快递,JT0015910329218,手环,广东省,
慧泽小学智慧社区服务站_站点-慧泽小学智慧社区服务站,慧泽小学智慧社区服务站,慧泽小学智慧社区服务站,快递,2025-04-01 18:09:46,,1,0.45,0,6.00,0.00,2.80,6-3.2,2,1907012488405917696,极兔快递,JT0015909450531,服饰,黑龙江省,
慧泽小学智慧社区服务站_站点-慧泽小学智慧社区服务站,慧泽小学智慧社区服务站,慧泽小学智慧社区服务站,快递,2025-04-01 18:08:12,,1,0.49,0,6.00,0.00,2.80,6-3.2,2,1907012070741319680,极兔快递,JT0015906143518,服饰,黑龙江省,
慧泽小学智慧社区服务站_站点-慧泽小学智慧社区服务站,慧泽小学智慧社区服务站,慧泽小学智慧社区服务站,快递,2025-04-01 17:49:40,,1,0.44,0,6.00,0.00,2.80,6-3.2,2,1907007400157323264,极兔快递,JT0015907452173,跳棋,浙江省,
慧泽小学智慧社区服务站_站点-慧泽小学智慧社区服务站,慧泽小学智慧社区服务站,慧泽小学智慧社区服务站,快递,2025-04-01 17:22:15,,1,0.65,0,6.00,0.00,2.80,6-3.2,2,1907000509108789248,极兔快递,JT0015908007000,服饰,河南省,
慧泽小学智慧社区服务站_站点-慧泽小学智慧社区服务站,慧泽小学智慧社区服务站,慧泽小学智慧社区服务站,快递,2025-04-01 16:47:19,,1,0.51,0,6.00,0.00,2.80,6-3.2,2,1906991712504061952,极兔快递,JT0015908666323,服饰,广东省,
慧泽小学智慧社区服务站_站点-慧泽小学智慧社区服务站,慧泽小学智慧社区服务站,慧泽小学智慧社区服务站,快递,2025-04-01 14:50:03,,1,0.92,0,6.00,0.00,2.80,6-3.2,2,1906962206053572608,极兔快递,JT0015896301157,鞋子,浙江省,
慧泽小学智慧社区服务站_站点-慧泽小学智慧社区服务站,慧泽小学智慧社区服务站,慧泽小学智慧社区服务站,快递,2025-04-01 13:31:22,,1,0.68,0,6.00,0.00,2.80,6-3.2,2,1906942398155137024,极兔快递,JT0015903494253,服饰,浙江省,
慧泽小学智慧社区服务站_站点-慧泽小学智慧社区服务站,慧泽小学智慧社区服务站,慧泽小学智慧社区服务站,快递,2025-04-01 13:29:34,,1,0.76,0,6.00,0.00,2.80,6-3.2,2,1906941912358264832,极兔快递,JT0015902014948,牛仔裤,广东省,
慧泽小学智慧社区服务站_站点-慧泽小学智慧社区服务站,慧泽小学智慧社区服务站,慧泽小学智慧社区服务站,快递,2025-04-01 13:00:33,,2,1.1,0,8.00,0.00,4.08,51% ,2,1906934640873775104,极兔快递,JT0015899596576,生活用品,浙江省,
慧泽小学智慧社区服务站_站点-慧泽小学智慧社区服务站,慧泽小学智慧社区服务站,慧泽小学智慧社区服务站,快递,2025-04-01 12:48:29,,3,2.88,0,10.00,0.00,5.50,55% ,2,1906931604856184832,极兔快递,JT0015899834752,生活用品,陕西省,
慧泽小学智慧社区服务站_站点-慧泽小学智慧社区服务站,慧泽小学智慧社区服务站,慧泽小学智慧社区服务站,快递,2025-04-01 12:29:54,,1,0.57,0,6.00,0.00,2.80,6-3.2,2,1906926897521696768,极兔快递,JT0015898993520,服饰,安徽省,
慧泽小学智慧社区服务站_站点-慧泽小学智慧社区服务站,慧泽小学智慧社区服务站,慧泽小学智慧社区服务站,快递,2025-04-01 11:57:27,,1,0.51,0,6.00,0.00,2.80,6-3.2,2,1906918764388753408,极兔快递,JT0015898248016,服饰,广东省,
慧泽小学智慧社区服务站_站点-慧泽小学智慧社区服务站,慧泽小学智慧社区服务站,慧泽小学智慧社区服务站,快递,2025-04-01 11:56:04,,1,1.03,-1,6.00,0.00,2.80,6-3.2,2,1906918417419149312,极兔快递,JT0015870363539,服饰,广东省,
慧泽小学智慧社区服务站_站点-慧泽小学智慧社区服务站,慧泽小学智慧社区服务站,慧泽小学智慧社区服务站,快递,2025-04-01 11:08:12,,3,3.12,-1,10.00,1.50,5.50,55% ,2,1906906391271645184,极兔快递,JT0015897244359,骨细胞增殖液,安徽省,
慧泽小学智慧社区服务站_站点-慧泽小学智慧社区服务站,慧泽小学智慧社区服务站,慧泽小学智慧社区服务站,快递,2025-04-01 10:59:04,,1,0.37,0,6.00,0.00,2.80,6-3.2,2,1906904053769248768,极兔快递,JT0015896909819,服饰,广东省,
慧泽小学智慧社区服务站_站点-慧泽小学智慧社区服务站,慧泽小学智慧社区服务站,慧泽小学智慧社区服务站,快递,2025-04-01 10:07:12,,1,0.38,0,6.00,0.00,2.80,6-3.2,2,1906891035090034688,极兔快递,JT0015899758812,长短袖,广东省,
慧泽小学智慧社区服务站_站点-慧泽小学智慧社区服务站,慧泽小学智慧社区服务站,慧泽小学智慧社区服务站,快递,2025-04-01 10:06:24,,1,0.5,0,6.00,0.00,2.80,6-3.2,2,1906890822522707968,极兔快递,JT0015897921764,粉色裙子,广东省,
慧泽小学智慧社区服务站_站点-慧泽小学智慧社区服务站,慧泽小学智慧社区服务站,慧泽小学智慧社区服务站,快递,2025-04-01 10:04:53,,1,0.2,0,6.00,0.00,2.80,6-3.2,2,1906890456565489664,极兔快递,JT0015899284947,黑色短袖,广东省,
慧泽小学智慧社区服务站_站点-慧泽小学智慧社区服务站,慧泽小学智慧社区服务站,慧泽小学智慧社区服务站,快递,2025-04-01 10:03:20,,1,0.31,0,6.00,0.00,2.80,6-3.2,2,1906890072497266688,极兔快递,JT0015899824501,收身衣,广东省,
慧泽小学智慧社区服务站_站点-慧泽小学智慧社区服务站,慧泽小学智慧社区服务站,慧泽小学智慧社区服务站,快递,2025-04-01 09:59:32,,1,0.6,0,6.00,0.00,2.80,6-3.2,2,1906889065457459200,极兔快递,JT0015899825072,格子套装,广东省,
慧泽小学智慧社区服务站_站点-慧泽小学智慧社区服务站,慧泽小学智慧社区服务站,慧泽小学智慧社区服务站,快递,2025-04-01 09:47:29,,1,1.21,-1,6.00,0.00,2.80,6-3.2,2,1906886053481619456,极兔快递,JT0015898099878,乌黑粉,河南省,
慧泽小学智慧社区服务站_站点-慧泽小学智慧社区服务站,慧泽小学智慧社区服务站,慧泽小学智慧社区服务站,快递,2025-04-01 09:45:34,,2,1.11,0,8.00,0.00,4.08,51% ,2,1906885565927333888,极兔快递,JT0015897439439,鞋子,陕西省,
慧泽小学智慧社区服务站_站点-慧泽小学智慧社区服务站,慧泽小学智慧社区服务站,慧泽小学智慧社区服务站,快递,2025-04-01 09:01:05,,1,0.2,0,6.00,0.00,2.80,6-3.2,2,1906874378963591168,极兔快递,JT0015890225195,服饰,广东省,
慧泽小学智慧社区服务站_站点-慧泽小学智慧社区服务站,慧泽小学智慧社区服务站,慧泽小学智慧社区服务站,快递,2025-04-01 08:11:57,,1,0.49,0,6.00,0.00,2.80,6-3.2,2,1906862041418375168,极兔快递,JT0015892323735,鼻炎膏1组3盒,江苏省,
慧泽小学智慧社区服务站_站点-慧泽小学智慧社区服务站,慧泽小学智慧社区服务站,慧泽小学智慧社区服务站,快递,2025-04-01 08:10:31,,1,0.49,0,6.00,0.00,2.80,6-3.2,2,1906861665755537408,极兔快递,JT0015897547170,鼻炎膏1组3盒,浙江省,
慧泽小学智慧社区服务站_站点-慧泽小学智慧社区服务站,慧泽小学智慧社区服务站,慧泽小学智慧社区服务站,快递,2025-04-01 08:08:57,,1,0.48,0,6.00,0.00,2.80,6-3.2,2,1906861259323285504,极兔快递,JT0015898888858,鼻炎膏1组3盒,江苏省,
慧泽小学智慧社区服务站_站点-慧泽小学智慧社区服务站,慧泽小学智慧社区服务站,慧泽小学智慧社区服务站,快递,2025-04-01 08:06:14,,2,1.28,0,8.00,0.00,4.08,51% ,2,1906860574754152448,极兔快递,JT0015892352745,鞋子,四川省,
慧泽小学智慧社区服务站_站点-慧泽小学智慧社区服务站,慧泽小学智慧社区服务站,慧泽小学智慧社区服务站,快递,2025-04-01 07:58:33,,1,0.41,0,6.00,0.00,2.80,6-3.2,2,1906858644761944064,极兔快递,JT0015898792195,服饰,江苏省,
慧泽小学智慧社区服务站_站点-慧泽小学智慧社区服务站,慧泽小学智慧社区服务站,慧泽小学智慧社区服务站,快递,2025-04-01 07:50:49,,1,0.2,0,6.00,0.00,2.80,6-3.2,2,1906856700202917888,极兔快递,JT0015897697885,招财猫,陕西省,
