姓名,付款人,用户(下单人),订单类型,日期,退款日期,打单重量,结算重量,重量差,金额,超重金额,团长利润,利润公式,价格方案,订单号,快递公司,物流单号,邮寄物品,发往,说明
玉佛苑_站点,合计金额:,5142.52,快递金额:, 4752.43,干洗金额:, 390.09,,,,,,,,,,,,,
玉佛苑_站点-玉佛苑,玉佛苑,玉佛苑,快递,2025-04-30 20:54:13,,0.5,,,6.00,,2.80,6-3.2,2,1917563111147888640,极兔快递,JT0016362306947,服饰,山东省,
玉佛苑_站点-玉佛苑,玉佛苑,玉佛苑,快递,2025-04-30 20:53:15,,1,,,6.00,,2.80,6-3.2,2,1917562865344897024,极兔快递,JT0016363361059,服饰,浙江省,
玉佛苑_站点-玉佛苑,玉佛苑,玉佛苑,快递,2025-04-30 20:52:34,,1,,,6.00,,2.80,6-3.2,2,1917562677612044288,极兔快递,JT0016363319334,服饰,安徽省,
玉佛苑_站点-玉佛苑,玉佛苑,玉佛苑,快递,2025-04-30 20:30:01,,0.6,,,6.00,,2.80,6-3.2,2,1917557022478098432,极兔快递,JT0016360435089,服饰,浙江省,
玉佛苑_站点-玉佛苑,玉佛苑,玉佛苑,快递,2025-04-30 20:29:22,,1,,,6.00,,2.80,6-3.2,2,1917556861249052672,极兔快递,JT0016362452306,服饰,广东省,
玉佛苑_站点-玉佛苑,玉佛苑,玉佛苑,快递,2025-04-30 20:01:00,,1,,,6.00,,2.80,6-3.2,2,1917549726427570176,极兔快递,JT0016360162533,其他,陕西省,
玉佛苑_站点-玉佛苑,玉佛苑,玉佛苑,快递,2025-04-30 19:48:32,,0.3,,,6.00,,2.80,6-3.2,2,1917546587519508480,极兔快递,JT0016361612449,饰品,浙江省,
玉佛苑_站点-玉佛苑,玉佛苑,玉佛苑,快递,2025-04-30 19:22:58,,0.4,,,6.00,,2.80,6-3.2,2,1917540153784328192,极兔快递,JT0016361232023,服饰,广东省,
玉佛苑_站点-玉佛苑,玉佛苑,玉佛苑,快递,2025-04-30 19:15:06,,0.3,,,6.00,,2.80,6-3.2,2,1917538172235735040,极兔快递,JT0016359475266,生活用品,广东省,
玉佛苑_站点-玉佛苑,玉佛苑,玉佛苑,快递,2025-04-30 19:13:31,,0.3,,,6.00,,2.80,6-3.2,2,1917537772573089792,极兔快递,JT0016362561746,粉底,山东省,
玉佛苑_站点-玉佛苑,玉佛苑,玉佛苑,快递,2025-04-30 19:12:14,,0.4,,,6.00,,2.80,6-3.2,2,1917537453369778176,极兔快递,JT0016357828914,牙膏,江西省,
玉佛苑_站点-玉佛苑,玉佛苑,玉佛苑,快递,2025-04-30 19:10:40,,0.4,,,6.00,,2.80,6-3.2,2,1917537048007073792,极兔快递,JT0016361661189,牙膏,广东省,
玉佛苑_站点-玉佛苑,玉佛苑,玉佛苑,快递,2025-04-30 19:09:22,,0.3,,,6.00,,2.80,6-3.2,2,1917536729680371712,极兔快递,JT0016362649690,防嗮,广东省,
玉佛苑_站点-玉佛苑,玉佛苑,玉佛苑,快递,2025-04-30 18:54:59,,0.4,,,6.00,,2.80,6-3.2,2,1917533110868434944,极兔快递,JT0016362356058,服饰,广东省,
玉佛苑_站点-玉佛苑,玉佛苑,玉佛苑,快递,2025-04-30 18:52:55,,1,,,6.00,,2.80,6-3.2,2,1917532589138960384,极兔快递,JT0016362853045,夏凉被,山东省,
玉佛苑_站点-玉佛苑,玉佛苑,玉佛苑,快递,2025-04-30 18:49:06,,0.3,,,6.00,,2.80,6-3.2,2,1917531625929629696,极兔快递,JT0016348339403,袜子,浙江省,
玉佛苑_站点-玉佛苑,玉佛苑,玉佛苑,快递,2025-04-30 18:41:54,,0.4,,,6.00,,2.80,6-3.2,2,1917529816402026496,极兔快递,JT0016360884353,服饰,江苏省,
玉佛苑_站点-玉佛苑,玉佛苑,玉佛苑,快递,2025-04-30 18:40:13,,7.4,,,24.00,,12.00,50% ,2,1917529374276247552,极兔快递,JT0016360248817,易碎品,河南省,
玉佛苑_站点-玉佛苑,玉佛苑,玉佛苑,快递,2025-04-30 18:27:05,,1,,,6.00,,2.52,42% ,2,1917526089037307904,申通快递,772040855598703,服饰,江苏省,
玉佛苑_站点-玉佛苑,玉佛苑,玉佛苑,快递,2025-04-30 18:25:15,,0.3,,,6.00,,2.80,6-3.2,2,1917525619149430784,极兔快递,JT0016348758468,围巾,山东省,
玉佛苑_站点-玉佛苑,玉佛苑,玉佛苑,快递,2025-04-30 18:23:11,,0.5,,,7.00,,2.80,6-3.2,2,1917525106265743360,极兔快递,JT0016360540467,服饰,北京市,
玉佛苑_站点-玉佛苑,玉佛苑,玉佛苑,快递,2025-04-30 18:20:20,,0.9,,,6.00,,2.80,6-3.2,2,1917524387785662464,极兔快递,JT0016355431700,服饰,河南省,
玉佛苑_站点-玉佛苑,玉佛苑,玉佛苑,快递,2025-04-30 18:18:52,,0.6,,,6.00,,2.80,6-3.2,2,1917524010524794880,极兔快递,JT0016361834369,服饰,广东省,
玉佛苑_站点-玉佛苑,玉佛苑,玉佛苑,快递,2025-04-30 18:10:06,,1.5,,,8.00,,4.08,51% ,2,1917521815595180032,极兔快递,JT0016360291403,生活用品,陕西省,
玉佛苑_站点-玉佛苑,玉佛苑,玉佛苑,快递,2025-04-30 18:05:28,,0.6,,,6.00,,2.80,6-3.2,2,1917520649075351552,极兔快递,JT0016358225518,服饰,四川省,
玉佛苑_站点-玉佛苑,玉佛苑,玉佛苑,快递,2025-04-30 17:55:00,,0.5,,,6.00,,2.80,6-3.2,2,1917518012447776768,极兔快递,JT0016361014737,服饰,江西省,
玉佛苑_站点-玉佛苑,玉佛苑,玉佛苑,快递,2025-04-30 17:53:50,,1.3,,,8.00,,4.08,51% ,2,1917517720088010752,极兔快递,JT0016361951118,服饰,山东省,
玉佛苑_站点-玉佛苑,玉佛苑,玉佛苑,快递,2025-04-30 17:46:41,,1,,,6.00,,2.80,6-3.2,2,1917515923432726528,极兔快递,JT0016359799222,鞋,江苏省,
玉佛苑_站点-玉佛苑,玉佛苑,玉佛苑,快递,2025-04-30 17:41:11,,1.2,,,8.00,,4.08,51% ,2,1917514536145707008,极兔快递,JT0016360974728,鞋,浙江省,
玉佛苑_站点-玉佛苑,玉佛苑,玉佛苑,快递,2025-04-30 17:39:39,,0.3,,,6.00,,2.80,6-3.2,2,1917514153365135360,极兔快递,JT0016358597521,服饰,吉林省,
玉佛苑_站点-玉佛苑,玉佛苑,玉佛苑,快递,2025-04-30 17:36:21,,2,,,8.00,,4.08,51% ,2,1917513321043255296,极兔快递,JT0016359563599,鞋,福建省,
玉佛苑_站点-玉佛苑,玉佛苑,玉佛苑,快递,2025-04-30 17:23:41,,1,,,6.00,,2.80,6-3.2,2,1917510132134895616,极兔快递,JT0016360631147,服饰,浙江省,
玉佛苑_站点-玉佛苑,玉佛苑,玉佛苑,快递,2025-04-30 17:20:26,,0.4,,,6.00,,2.80,6-3.2,2,1917509252480294912,极兔快递,JT0016361009575,服饰,湖南省,
玉佛苑_站点-玉佛苑,玉佛苑,玉佛苑,快递,2025-04-30 17:12:34,,0.6,,,6.00,,2.80,6-3.2,2,1917507331761692672,极兔快递,JT0016356661490,服饰,湖南省,
玉佛苑_站点-玉佛苑,玉佛苑,玉佛苑,快递,2025-04-30 17:11:07,,0.5,,,6.00,,2.80,6-3.2,2,1917506962801352704,极兔快递,JT0016360654146,服饰,浙江省,
玉佛苑_站点-玉佛苑,玉佛苑,玉佛苑,快递,2025-04-30 16:51:02,,1,,,6.00,,2.80,6-3.2,2,1917501913886941184,极兔快递,JT0016350024599,鞋,江西省,
玉佛苑_站点-玉佛苑,玉佛苑,玉佛苑,快递,2025-04-30 16:41:26,,0.5,,,6.00,,2.80,6-3.2,2,1917499483984027648,极兔快递,JT0016358431149,服饰,福建省,
玉佛苑_站点-玉佛苑,玉佛苑,玉佛苑,快递,2025-04-30 16:34:21,,0.3,,,6.00,,2.80,6-3.2,2,1917497703376150528,极兔快递,JT0016356346713,服饰,湖南省,
玉佛苑_站点-玉佛苑,玉佛苑,玉佛苑,快递,2025-04-30 16:33:24,,1,,,6.00,,2.80,6-3.2,2,1917497464242102272,极兔快递,JT0016355588624,服饰,广东省,
玉佛苑_站点-玉佛苑,玉佛苑,玉佛苑,快递,2025-04-30 16:29:57,,0.2,,,6.00,,2.80,6-3.2,2,1917496604128763904,极兔快递,JT0016350666789,服饰,浙江省,
玉佛苑_站点-玉佛苑,玉佛苑,玉佛苑,快递,2025-04-30 16:29:14,,1,,,6.00,,2.80,6-3.2,2,1917496422360211456,极兔快递,JT0016359682574,鞋,浙江省,
玉佛苑_站点-玉佛苑,玉佛苑,玉佛苑,快递,2025-04-30 16:03:30,,0.5,,,6.00,,2.80,6-3.2,2,1917489956974813184,极兔快递,JT0016355578339,服饰,广东省,
玉佛苑_站点-玉佛苑,玉佛苑,玉佛苑,快递,2025-04-30 15:55:29,,0.5,,,6.00,,2.80,6-3.2,2,1917487935316090880,极兔快递,JT0016358327010,鞋,浙江省,
玉佛苑_站点-玉佛苑,玉佛苑,玉佛苑,快递,2025-04-30 15:54:03,,0.2,,,6.00,,2.80,6-3.2,2,1917487573628674048,极兔快递,JT0016356301536,服饰,河南省,
玉佛苑_站点-玉佛苑,玉佛苑,玉佛苑,快递,2025-04-30 15:41:11,,0.2,,,6.00,,2.52,42% ,2,1917484338398420992,申通快递,772040854160216,发票,江苏省,
玉佛苑_站点-玉佛苑,玉佛苑,玉佛苑,快递,2025-04-30 15:39:32,,0.5,,,6.00,,2.80,6-3.2,2,1917483921341997056,极兔快递,JT0016355658053,服饰,江苏省,
玉佛苑_站点-玉佛苑,玉佛苑,玉佛苑,快递,2025-04-30 15:37:30,,0.3,,,6.00,,2.80,6-3.2,2,1917483408244400128,极兔快递,JT0016349075226,服饰,江苏省,
玉佛苑_站点-玉佛苑,玉佛苑,玉佛苑,快递,2025-04-30 13:12:09,,0.4,,,6.00,,2.80,6-3.2,2,1917446832227409920,极兔快递,JT0016339475888,服饰,福建省,
玉佛苑_站点-玉佛苑,玉佛苑,玉佛苑,快递,2025-04-30 13:05:43,,0.4,,,6.00,,2.80,6-3.2,2,1917445209426026496,极兔快递,JT0016351611162,其他,广东省,
玉佛苑_站点-玉佛苑,玉佛苑,玉佛苑,快递,2025-04-30 13:04:55,,0.4,,,6.00,,2.80,6-3.2,2,1917445012868358144,极兔快递,JT0016349147775,其他,广东省,
玉佛苑_站点-玉佛苑,玉佛苑,玉佛苑,快递,2025-04-30 09:08:10,,0.4,0.3,0,6.00,0.00,2.80,6-3.2,2,1917385433203662848,极兔快递,JT0016348483792,服饰,河南省,
玉佛苑_站点-玉佛苑,玉佛苑,玉佛苑,快递,2025-04-30 09:06:45,,0.6,0.6,0,6.00,0.00,2.80,6-3.2,2,1917385076855595008,极兔快递,JT0016344577135,服饰,广东省,
玉佛苑_站点-玉佛苑,玉佛苑,玉佛苑,快递,2025-04-30 09:04:17,,1,0.48,0,6.00,0.00,2.80,6-3.2,2,1917384454794174464,极兔快递,JT0016346227572,鞋,福建省,
玉佛苑_站点-玉佛苑,玉佛苑,玉佛苑,快递,2025-04-30 09:03:04,,1,0.48,0,6.00,0.00,2.80,6-3.2,2,1917384150946209792,极兔快递,JT0016346893333,鞋,福建省,
玉佛苑_站点-玉佛苑,玉佛苑,玉佛苑,快递,2025-04-30 09:00:51,,3.3,3.52,0,12.00,1.50,6.00,50% ,2,1917383590092267520,极兔快递,JT0016348818280,风扇,浙江省,
玉佛苑_站点-玉佛苑,玉佛苑,玉佛苑,快递,2025-04-30 08:03:45,,0.6,0.63,0,6.00,0.00,2.80,6-3.2,2,1917369202291564544,极兔快递,JT0016346295471,服饰,辽宁省,
玉佛苑_站点-玉佛苑,玉佛苑,玉佛苑,快递,2025-04-30 07:59:07,,0.5,0.39,0,6.00,0.00,2.80,6-3.2,2,1917368053194874880,极兔快递,JT0016346302291,服饰,山东省,
玉佛苑_站点-玉佛苑,玉佛苑,玉佛苑,快递,2025-04-30 07:56:05,,0.6,0.64,0,6.00,0.00,2.80,6-3.2,2,1917367292977274880,极兔快递,JT0016346154402,服饰,广东省,
玉佛苑_站点-玉佛苑,玉佛苑,玉佛苑,快递,2025-04-30 07:50:25,,0.5,0.8,0,6.00,0.00,2.80,6-3.2,2,1917365858256871424,极兔快递,JT0016346620403,鞋,浙江省,
玉佛苑_站点-玉佛苑,玉佛苑,玉佛苑,快递,2025-04-30 07:49:46,,0.5,0.46,0,6.00,0.00,2.80,6-3.2,2,1917365693668188160,极兔快递,JT0016344481366,鞋,浙江省,
玉佛苑_站点-玉佛苑,玉佛苑,玉佛苑,快递,2025-04-30 07:48:57,,0.4,0.36,0,6.00,0.00,2.80,6-3.2,2,1917365491779559424,极兔快递,JT0016344413289,服饰,广东省,
玉佛苑_站点-玉佛苑,玉佛苑,玉佛苑,快递,2025-04-30 07:48:18,,0.7,0.41,0,6.00,0.00,2.80,6-3.2,2,1917365326511398912,极兔快递,JT0016346956418,服饰,广东省,
玉佛苑_站点-玉佛苑,玉佛苑,玉佛苑,快递,2025-04-30 07:47:38,,0.3,0.21,0,6.00,0.00,2.80,6-3.2,2,1917365162937737216,极兔快递,JT0016347019254,服饰,广东省,
玉佛苑_站点-玉佛苑,玉佛苑,玉佛苑,快递,2025-04-29 21:01:20,,1.9,0.2,1,8.00,0.00,4.08,51% ,2,1917202516330471424,极兔快递,JT0016340634916,化妆品,陕西省,
玉佛苑_站点-玉佛苑,玉佛苑,玉佛苑,快递,2025-04-29 20:10:14,,0.5,0.38,0,6.00,0.00,2.80,6-3.2,2,1917189661254279168,极兔快递,JT0016341252931,服饰,江西省,
玉佛苑_站点-玉佛苑,玉佛苑,玉佛苑,快递,2025-04-29 20:08:43,,0.4,0.24,0,6.00,0.00,2.80,6-3.2,2,1917189276569493504,极兔快递,JT0016344684799,服饰,广东省,
玉佛苑_站点-玉佛苑,玉佛苑,玉佛苑,快递,2025-04-29 20:05:56,,0.6,0.32,0,6.00,0.00,2.80,6-3.2,2,1917188574099070976,极兔快递,JT0016337674171,服饰,浙江省,
玉佛苑_站点-玉佛苑,玉佛苑,玉佛苑,快递,2025-04-29 19:51:08,,1,0.67,0,6.00,0.00,2.80,6-3.2,2,1917184855936655360,极兔快递,JT0016340874524,服饰,广东省,
玉佛苑_站点-玉佛苑,玉佛苑,玉佛苑,快递,2025-04-29 19:48:07,,0.4,0.4,0,6.00,0.00,2.80,6-3.2,2,1917184086814547968,极兔快递,JT0016344514004,服饰,浙江省,
玉佛苑_站点-玉佛苑,玉佛苑,玉佛苑,快递,2025-04-29 19:47:26,,0.2,0.2,0,6.00,0.00,2.80,6-3.2,2,1917183921760296960,极兔快递,JT0016343678061,服饰,广东省,
玉佛苑_站点-玉佛苑,玉佛苑,玉佛苑,快递,2025-04-29 19:21:07,,0.5,0.39,0,6.00,0.00,2.80,6-3.2,2,1917177301630246912,极兔快递,JT0016341626380,服饰,福建省,
玉佛苑_站点-玉佛苑,玉佛苑,玉佛苑,快递,2025-04-29 19:13:42,,1,0.64,0,6.00,0.00,2.80,6-3.2,2,1917175423207006208,极兔快递,JT0016344710656,鞋,福建省,
玉佛苑_站点-玉佛苑,玉佛苑,玉佛苑,快递,2025-04-29 19:12:57,,0.4,0.27,0,6.00,0.00,2.80,6-3.2,2,1917175243481079808,极兔快递,JT0016345080622,服饰,河南省,
玉佛苑_站点-玉佛苑,玉佛苑,玉佛苑,快递,2025-04-29 19:10:06,,1,1.17,-1,6.00,0.00,2.80,6-3.2,2,1917174525290405888,极兔快递,JT0016344217543,鞋,浙江省,
玉佛苑_站点-玉佛苑,玉佛苑,玉佛苑,快递,2025-04-29 18:51:55,,1,0.76,0,6.00,0.00,2.80,6-3.2,2,1917169947929010176,极兔快递,JT0016340192892,服饰,广东省,
玉佛苑_站点-玉佛苑,玉佛苑,玉佛苑,快递,2025-04-29 17:41:41,,0.3,0.2,0,6.00,0.00,2.80,6-3.2,2,1917152265057918976,极兔快递,JT0016342850032,服饰,江苏省,
玉佛苑_站点-玉佛苑,玉佛苑,玉佛苑,快递,2025-04-29 17:40:51,,1,0.61,0,6.00,0.00,2.80,6-3.2,2,1917152061546094592,极兔快递,JT0016342187196,服饰,浙江省,
玉佛苑_站点-玉佛苑,玉佛苑,玉佛苑,快递,2025-04-29 17:39:07,,0.7,0.2,0,6.00,0.00,2.80,6-3.2,2,1917151628400320512,极兔快递,JT0016340955697,食品,湖北省,
玉佛苑_站点-玉佛苑,玉佛苑,玉佛苑,快递,2025-04-29 17:37:20,,1,0.56,0,6.00,0.00,2.80,6-3.2,2,1917151179781758976,极兔快递,JT0016327489885,鞋,福建省,
玉佛苑_站点-玉佛苑,玉佛苑,玉佛苑,快递,2025-04-29 17:33:56,,1,0.94,0,6.00,0.00,2.80,6-3.2,2,1917150325523668992,极兔快递,JT0016337801447,服饰,福建省,
玉佛苑_站点-玉佛苑,玉佛苑,玉佛苑,快递,2025-04-29 17:10:27,,2,1.71,0,8.00,0.00,4.08,51% ,2,1917144410686808064,极兔快递,JT0016340137035,生活用品,浙江省,
玉佛苑_站点-玉佛苑,玉佛苑,玉佛苑,快递,2025-04-29 17:07:24,,5.3,5.33,0,18.00,4.50,9.00,50% ,2,1917143644135809024,极兔快递,JT0016341296125,生活用品,陕西省,
玉佛苑_站点-玉佛苑,玉佛苑,玉佛苑,快递,2025-04-29 16:45:51,,0.4,0.22,0,6.00,0.00,2.80,6-3.2,2,1917138227653566464,极兔快递,JT0016341261505,服饰,浙江省,
玉佛苑_站点-玉佛苑,玉佛苑,玉佛苑,快递,2025-04-29 16:43:09,,0.4,0.3,0,6.00,0.00,2.80,6-3.2,2,1917137545257082880,极兔快递,JT0016341938419,服饰,广东省,
玉佛苑_站点-玉佛苑,玉佛苑,玉佛苑,快递,2025-04-29 16:27:33,,0.5,0.2,0,6.00,0.00,2.80,6-3.2,2,1917133587499245568,极兔快递,JT0016334329452,鞋,浙江省,
玉佛苑_站点-玉佛苑,玉佛苑,玉佛苑,快递,2025-04-29 16:26:48,,0.5,0.56,0,6.00,0.00,2.80,6-3.2,2,1917133423434850304,极兔快递,JT0016340575537,鞋,河南省,
玉佛苑_站点-玉佛苑,玉佛苑,玉佛苑,快递,2025-04-29 16:25:50,,0.4,0.21,0,6.00,0.00,2.80,6-3.2,2,1917133187350061056,极兔快递,JT0016339630543,服饰,广东省,
玉佛苑_站点-玉佛苑,玉佛苑,玉佛苑,快递,2025-04-29 16:14:48,,0.5,0.35,0,7.00,0.00,2.80,6-3.2,2,1917130399312306176,极兔快递,JT0016341037992,服饰,北京市,
玉佛苑_站点-玉佛苑,玉佛苑,玉佛苑,快递,2025-04-29 16:13:45,,0.5,0.36,0,7.00,0.00,2.80,6-3.2,2,1917130127588515840,极兔快递,JT0016340569804,服饰,北京市,
玉佛苑_站点-玉佛苑,玉佛苑,玉佛苑,快递,2025-04-29 15:04:16,,0.5,0.35,0,6.00,0.00,2.80,6-3.2,2,1917112658815672320,极兔快递,JT0016338584823,服饰,山东省,
玉佛苑_站点-玉佛苑,玉佛苑,玉佛苑,快递,2025-04-29 15:02:10,,0.4,0.2,0,6.00,0.00,2.80,6-3.2,2,1917112125996457984,极兔快递,JT0016338814706,服饰,江苏省,
玉佛苑_站点-玉佛苑,玉佛苑,玉佛苑,快递,2025-04-29 15:01:11,,1,0.49,0,6.00,0.00,2.80,6-3.2,2,1917111878662545408,极兔快递,JT0016335291458,包,广东省,
玉佛苑_站点-玉佛苑,玉佛苑,玉佛苑,快递,2025-04-29 15:00:24,,1,0.43,0,6.00,0.00,2.80,6-3.2,2,1917111647585755136,极兔快递,JT0016338740659,包,广东省,
玉佛苑_站点-玉佛苑,玉佛苑,玉佛苑,快递,2025-04-29 14:57:49,,1,0.79,0,6.00,0.00,2.80,6-3.2,2,1917111038551842816,极兔快递,JT0016337028356,生活用品,安徽省,
玉佛苑_站点-玉佛苑,玉佛苑,玉佛苑,快递,2025-04-29 14:55:03,,0.4,0.2,0,6.00,0.00,2.80,6-3.2,2,1917110340284112896,极兔快递,JT0016337792435,服饰,广东省,
玉佛苑_站点-玉佛苑,玉佛苑,玉佛苑,快递,2025-04-29 14:52:17,,1.55,1.59,0,8.00,0.00,4.08,51% ,2,1917109632616947712,极兔快递,JT0016338647570,茶叶,云南省,
玉佛苑_站点-玉佛苑,玉佛苑,玉佛苑,快递,2025-04-29 13:20:35,,0.8,0.79,0,6.00,0.00,2.80,6-3.2,2,1917086567283613696,极兔快递,JT0016335475322,服饰,广东省,
玉佛苑_站点-玉佛苑,玉佛苑,玉佛苑,快递,2025-04-29 13:15:41,,0.3,0.2,0,6.00,0.00,2.80,6-3.2,2,1917085328592396288,极兔快递,JT0016335399482,服饰,广东省,
玉佛苑_站点-玉佛苑,玉佛苑,玉佛苑,快递,2025-04-29 13:14:54,,0.5,0.42,0,6.00,0.00,2.80,6-3.2,2,1917085136732348416,极兔快递,JT0016333874391,鞋,浙江省,
玉佛苑_站点-玉佛苑,玉佛苑,玉佛苑,快递,2025-04-29 13:12:33,,0.7,0.67,0,6.00,0.00,2.80,6-3.2,2,1917084546098847744,极兔快递,JT0016334796886,洁面乳,江苏省,
玉佛苑_站点-玉佛苑,玉佛苑,玉佛苑,快递,2025-04-29 13:00:04,,1,0.52,0,6.00,0.00,2.80,6-3.2,2,1917081397044764672,极兔快递,JT0016334699523,包,广东省,
玉佛苑_站点-玉佛苑,玉佛苑,玉佛苑,快递,2025-04-29 12:59:20,,1,0.47,0,6.00,0.00,2.80,6-3.2,2,1917081217486610432,极兔快递,JT0016333082342,包,河北省,
玉佛苑_站点-玉佛苑,玉佛苑,玉佛苑,快递,2025-04-29 12:41:46,,1,1.03,-1,6.00,0.00,2.80,6-3.2,2,1917076797197705216,极兔快递,JT0016335674237,鞋,浙江省,
玉佛苑_站点-玉佛苑,玉佛苑,玉佛苑,快递,2025-04-29 12:36:30,,0.4,0.2,0,6.00,0.00,2.80,6-3.2,2,1917075474112897024,极兔快递,JT0016335468184,服饰,浙江省,
玉佛苑_站点-玉佛苑,玉佛苑,玉佛苑,快递,2025-04-29 10:47:24,,0.2,,,6.00,,2.52,42% ,2,1917048017989197824,申通快递,772040774128587,发票,江苏省,
玉佛苑_站点-玉佛苑,玉佛苑,玉佛苑,快递,2025-04-29 10:32:31,,0.8,0.79,0,6.00,0.00,2.80,6-3.2,2,1917044270529568768,极兔快递,JT0016332398622,服饰,江苏省,
玉佛苑_站点-玉佛苑,玉佛苑,玉佛苑,快递,2025-04-29 10:25:32,,0.5,0.2,0,6.00,0.00,2.80,6-3.2,2,1917042513267187712,极兔快递,JT0016325706626,眼镜,广东省,
玉佛苑_站点-玉佛苑,玉佛苑,玉佛苑,快递,2025-04-29 09:13:21,,1,1.2,-1,6.00,0.00,2.80,6-3.2,2,1917024334662918144,极兔快递,JT0016328520387,鞋,福建省,
玉佛苑_站点-玉佛苑,玉佛苑,玉佛苑,快递,2025-04-29 09:02:00,,0.3,0.2,0,6.00,0.00,2.80,6-3.2,2,1917021485870669824,极兔快递,JT0016330180471,服饰,河南省,
玉佛苑_站点-玉佛苑,玉佛苑,玉佛苑,快递,2025-04-29 09:00:02,,0.4,0.2,0,6.00,0.00,2.80,6-3.2,2,1917020998106669056,极兔快递,JT0016325932321,服饰,广东省,
玉佛苑_站点-玉佛苑,玉佛苑,玉佛苑,快递,2025-04-29 08:05:42,,1.5,1.37,0,8.00,0.00,4.08,51% ,2,1917007323580915712,极兔快递,JT0016328479951,鞋,河北省,
玉佛苑_站点-玉佛苑,玉佛苑,玉佛苑,干洗,2025-04-29 07:42:59,,,,,49.00,,14.70,30%,,1917001553476902912,干洗,,"清洗普通羽绒服2件不分长短49元   *   1
清洗普通羽绒服2件不分长短49元   *   1",,
玉佛苑_站点-玉佛苑,玉佛苑,玉佛苑,快递,2025-04-29 07:38:38,,1,0.53,0,6.00,0.00,2.52,42% ,2,1917000431970344960,韵达快递,312728444009381,鞋,安徽省,
玉佛苑_站点-玉佛苑,玉佛苑,玉佛苑,快递,2025-04-28 21:38:59,,0.4,0.28,0,6.00,0.00,2.80,6-3.2,2,1916849605830303744,极兔快递,JT0016325379374,化妆品,广东省,
玉佛苑_站点-玉佛苑,玉佛苑,玉佛苑,快递,2025-04-28 21:03:06,,1,0.55,0,6.00,0.00,2.80,6-3.2,2,1916840570540318720,极兔快递,JT0016326958166,鞋,福建省,
玉佛苑_站点-玉佛苑,玉佛苑,玉佛苑,快递,2025-04-28 20:55:00,,1.4,1.37,0,8.00,0.00,4.08,51% ,2,1916838532196655104,极兔快递,JT0016320008059,书,湖南省,
玉佛苑_站点-玉佛苑,玉佛苑,玉佛苑,快递,2025-04-28 20:13:08,,1,0.95,0,6.00,0.00,2.80,6-3.2,2,1916828003449233408,极兔快递,JT0016327101505,服饰,广东省,
玉佛苑_站点-玉佛苑,玉佛苑,玉佛苑,快递,2025-04-28 20:05:20,,0.8,0.72,0,6.00,0.00,2.80,6-3.2,2,1916826039390887936,极兔快递,JT0016323330807,生活用品,江苏省,
玉佛苑_站点-玉佛苑,玉佛苑,玉佛苑,快递,2025-04-28 19:51:01,,1,0.64,0,6.00,0.00,2.80,6-3.2,2,1916822427226923008,极兔快递,JT0016325916925,鞋,四川省,
玉佛苑_站点-玉佛苑,玉佛苑,玉佛苑,快递,2025-04-28 19:50:14,,0.4,0.24,0,6.00,0.00,2.80,6-3.2,2,1916822234213441536,极兔快递,JT0016318840547,服饰,福建省,
玉佛苑_站点-玉佛苑,玉佛苑,玉佛苑,快递,2025-04-28 19:43:15,,0.5,0.27,0,6.00,0.00,2.80,6-3.2,2,1916820475566940160,极兔快递,JT0016313413312,服饰,广东省,
玉佛苑_站点-玉佛苑,玉佛苑,玉佛苑,快递,2025-04-28 19:42:22,,0.5,0.2,0,6.00,0.00,2.80,6-3.2,2,1916820247526825984,极兔快递,JT0016322504681,服饰,广东省,
玉佛苑_站点-玉佛苑,玉佛苑,玉佛苑,快递,2025-04-28 19:41:43,,1,0.57,0,6.00,0.00,2.80,6-3.2,2,1916820039254466560,极兔快递,JT0016326812814,生活用品,重庆市,
玉佛苑_站点-玉佛苑,玉佛苑,玉佛苑,快递,2025-04-28 19:40:24,,0.4,0.2,0,6.00,0.00,2.52,42% ,2,1916819699780083712,韵达快递,312728187124090,口红,湖南省,
玉佛苑_站点-玉佛苑,玉佛苑,玉佛苑,快递,2025-04-28 19:38:27,,2.1,3.03,-1,10.00,1.50,5.50,55% ,2,1916819274272137216,极兔快递,JT0016324028645,易碎品,浙江省,
玉佛苑_站点-玉佛苑,玉佛苑,玉佛苑,快递,2025-04-28 19:32:22,,1,0.95,0,6.00,0.00,2.80,6-3.2,2,1916817740582936576,极兔快递,JT0016326893849,食品,安徽省,
玉佛苑_站点-玉佛苑,玉佛苑,玉佛苑,快递,2025-04-28 19:10:19,,0.2,0.2,0,6.00,0.00,2.80,6-3.2,2,1916812194479923200,极兔快递,JT0016325541311,服饰,广东省,
玉佛苑_站点-玉佛苑,玉佛苑,玉佛苑,快递,2025-04-28 19:08:32,,0.4,0.26,0,6.00,0.00,2.80,6-3.2,2,1916811732464754688,极兔快递,JT0016322168093,服饰,广东省,
玉佛苑_站点-玉佛苑,玉佛苑,玉佛苑,快递,2025-04-28 18:23:38,,0.6,0.53,0,6.00,0.00,2.80,6-3.2,2,1916800443046748160,极兔快递,JT0016320632802,服饰,广东省,
玉佛苑_站点-玉佛苑,玉佛苑,玉佛苑,快递,2025-04-28 18:20:16,,0.4,1.03,-1,6.00,0.00,2.80,6-3.2,2,1916799595776368640,极兔快递,JT0016325170547,服饰,浙江省,
玉佛苑_站点-玉佛苑,玉佛苑,玉佛苑,快递,2025-04-28 16:27:02,,1,0.52,0,6.00,0.00,2.80,6-3.2,2,1916771101650509824,极兔快递,JT0016322750200,食品,山东省,
玉佛苑_站点-玉佛苑,玉佛苑,玉佛苑,快递,2025-04-28 16:24:54,,6.8,6.78,0,21.00,6.00,10.50,50% ,2,1916770566851584000,极兔快递,JT0016320025148,生活用品,陕西省,
玉佛苑_站点-玉佛苑,玉佛苑,玉佛苑,快递,2025-04-28 16:15:51,,0.3,0.29,0,6.00,0.00,2.80,6-3.2,2,1916768277973753856,极兔快递,JT0016316515297,服饰,江苏省,
玉佛苑_站点-玉佛苑,玉佛苑,玉佛苑,快递,2025-04-28 16:14:58,,0.6,0.34,0,6.00,0.00,2.80,6-3.2,2,1916768064617897984,极兔快递,JT0016320302385,服饰,广东省,
玉佛苑_站点-玉佛苑,玉佛苑,玉佛苑,快递,2025-04-28 14:38:39,,1,0.61,0,6.00,0.00,2.80,6-3.2,2,1916743815983325184,极兔快递,JT0016317180576,凉被,河南省,
玉佛苑_站点-玉佛苑,玉佛苑,玉佛苑,快递,2025-04-28 13:51:58,,0.6,0.51,0,6.00,0.00,2.80,6-3.2,2,1916732046703386624,极兔快递,JT0016317189805,服饰,浙江省,
玉佛苑_站点-玉佛苑,玉佛苑,玉佛苑,快递,2025-04-28 13:16:34,,0.3,0.2,0,6.00,0.00,2.80,6-3.2,2,1916723164841041920,极兔快递,JT0016307126968,服饰,四川省,
玉佛苑_站点-玉佛苑,玉佛苑,玉佛苑,快递,2025-04-28 13:15:29,,1,0.77,0,6.00,0.00,2.80,6-3.2,2,1916722893712842752,极兔快递,JT0016306659657,鞋,浙江省,
玉佛苑_站点-玉佛苑,玉佛苑,玉佛苑,快递,2025-04-28 12:35:26,,0.4,0.39,0,6.00,0.00,2.80,6-3.2,2,1916712817669234688,极兔快递,JT0016316313491,服饰,广东省,
玉佛苑_站点-玉佛苑,玉佛苑,玉佛苑,快递,2025-04-28 12:16:59,,0.5,0.49,0,6.00,0.00,2.80,6-3.2,2,1916708173639376896,极兔快递,JT0016315241681,服饰,湖北省,
玉佛苑_站点-玉佛苑,玉佛苑,玉佛苑,快递,2025-04-28 11:56:20,,0.5,0.42,0,6.00,0.00,2.80,6-3.2,2,1916702973465780224,极兔快递,JT0016317069759,服饰,广东省,
玉佛苑_站点-玉佛苑,玉佛苑,玉佛苑,快递,2025-04-28 11:55:38,,0.5,0.38,0,6.00,0.00,2.80,6-3.2,2,1916702802145239040,极兔快递,JT0016316346335,服饰,湖北省,
玉佛苑_站点-玉佛苑,玉佛苑,玉佛苑,快递,2025-04-28 11:54:31,,0.6,0.37,0,6.00,0.00,2.80,6-3.2,2,1916702520862629888,极兔快递,JT0016316461170,服饰,广东省,
玉佛苑_站点-玉佛苑,玉佛苑,玉佛苑,快递,2025-04-28 11:47:18,,0.5,0.87,0,6.00,0.00,2.80,6-3.2,2,1916700706524160000,极兔快递,JT0016317066268,防晒，口罩，眼镜,浙江省,
玉佛苑_站点-玉佛苑,玉佛苑,玉佛苑,快递,2025-04-28 11:45:51,,0.4,0.29,0,6.00,0.00,2.80,6-3.2,2,1916700341409996800,极兔快递,JT0016306357235,帽子，口罩,福建省,
玉佛苑_站点-玉佛苑,玉佛苑,玉佛苑,快递,2025-04-28 11:44:45,,0.5,0.38,0,6.00,0.00,2.80,6-3.2,2,1916700053647187968,极兔快递,JT0016316396674,服饰,福建省,
玉佛苑_站点-玉佛苑,玉佛苑,玉佛苑,快递,2025-04-28 11:13:05,,0.3,0.33,0,6.00,0.00,2.80,6-3.2,2,1916692090702323712,极兔快递,JT0016316082147,服饰,江苏省,
玉佛苑_站点-玉佛苑,玉佛苑,玉佛苑,快递,2025-04-28 09:19:45,,0.5,0.41,0,6.00,0.00,2.80,6-3.2,2,1916663572278861824,极兔快递,JT0016311032125,服饰,江苏省,
玉佛苑_站点-玉佛苑,玉佛苑,玉佛苑,快递,2025-04-28 08:35:03,,0.2,0.2,0,6.00,0.00,2.80,6-3.2,2,1916652208298713088,极兔快递,JT0016286027039,手机卡,陕西省,
玉佛苑_站点-玉佛苑,玉佛苑,玉佛苑,快递,2025-04-28 08:27:43,,1,0.74,0,6.00,0.00,2.80,6-3.2,2,1916650477225566208,极兔快递,JT0016299774980,服饰,广东省,
玉佛苑_站点-玉佛苑,玉佛苑,玉佛苑,快递,2025-04-28 08:16:03,,1,0.85,0,6.00,0.00,2.80,6-3.2,2,1916647542848544768,极兔快递,JT0016311339464,鞋,福建省,
玉佛苑_站点-玉佛苑,玉佛苑,玉佛苑,快递,2025-04-28 07:52:55,,0.6,0.26,0,6.00,0.00,2.80,6-3.2,2,1916641700405370880,极兔快递,JT0016302697875,服饰,广东省,
玉佛苑_站点-玉佛苑,玉佛苑,玉佛苑,干洗,2025-04-27 21:43:19,,,,,98.00,,29.40,30%,,1916385320851267584,干洗,,"清洗普通羽绒服2件不分长短49元   *   1
清洗普通羽绒服2件不分长短49元   *   1
清洗普通羽绒服2件不分长短49元   *   1
清洗普通羽绒服2件不分长短49元   *   1",,
玉佛苑_站点-玉佛苑,玉佛苑,玉佛苑,快递,2025-04-27 21:02:15,,0.4,0.2,0,7.00,0.00,2.80,6-3.2,2,1916477973462835200,极兔快递,JT0016304778648,服饰,上海市,
玉佛苑_站点-玉佛苑,玉佛苑,玉佛苑,快递,2025-04-27 19:59:55,,0.6,0.38,0,6.00,0.00,2.80,6-3.2,2,1916462284165406720,极兔快递,JT0016307321733,服饰,广东省,
玉佛苑_站点-玉佛苑,玉佛苑,玉佛苑,快递,2025-04-27 19:28:51,2025-04-27 11:58:26,0.2,,,10.00,,0.00,,2,1916454466259574784,极兔快递,,其他,内蒙古自治区,已全额退款
玉佛苑_站点-玉佛苑,玉佛苑,玉佛苑,快递,2025-04-27 19:49:45,,0.2,0.2,0,6.00,0.00,2.80,6-3.2,2,1916459730392113152,极兔快递,JT0016306820639,帽子,河北省,
玉佛苑_站点-玉佛苑,玉佛苑,玉佛苑,快递,2025-04-27 19:38:48,,0.4,0.28,0,6.00,0.00,2.80,6-3.2,2,1916456966903619584,极兔快递,JT0016306377815,服饰,广东省,
玉佛苑_站点-玉佛苑,玉佛苑,玉佛苑,快递,2025-04-27 19:37:59,,1,0.84,0,6.00,0.00,2.80,6-3.2,2,1916456768848584704,极兔快递,JT0016306075865,服饰,广东省,
玉佛苑_站点-玉佛苑,玉佛苑,玉佛苑,快递,2025-04-27 19:34:25,,2,1.38,0,8.00,0.00,4.08,51% ,2,1916455870202175488,极兔快递,JT0016308407734,鞋,江西省,
玉佛苑_站点-玉佛苑,玉佛苑,玉佛苑,快递,2025-04-27 19:32:30,,1,0.64,0,6.00,0.00,2.80,6-3.2,2,1916455389853704192,极兔快递,JT0016308008359,其他,河南省,
玉佛苑_站点-玉佛苑,玉佛苑,玉佛苑,快递,2025-04-27 19:29:27,,0.2,0.12,0,6.00,0.00,2.52,42% ,2,1916454584702525440,韵达快递,312726695925611,其他,内蒙古自治区,
玉佛苑_站点-玉佛苑,玉佛苑,玉佛苑,快递,2025-04-27 18:58:23,,0.8,0.54,0,6.00,0.00,2.80,6-3.2,2,1916446800317571072,极兔快递,JT0016309051012,服饰,浙江省,
玉佛苑_站点-玉佛苑,玉佛苑,玉佛苑,快递,2025-04-27 18:30:44,,0.2,0.2,0,6.00,0.00,2.80,6-3.2,2,1916439844882276352,极兔快递,JT0016306991289,服饰,浙江省,
玉佛苑_站点-玉佛苑,玉佛苑,玉佛苑,快递,2025-04-27 18:27:52,,0.4,0.33,0,6.00,0.00,2.80,6-3.2,2,1916439118122639360,极兔快递,JT0016304253863,其他,广东省,
玉佛苑_站点-玉佛苑,玉佛苑,玉佛苑,快递,2025-04-27 18:25:07,,0.4,0.35,0,6.00,0.00,2.80,6-3.2,2,1916438428142854144,极兔快递,JT0016277954342,其他,安徽省,
玉佛苑_站点-玉佛苑,玉佛苑,玉佛苑,快递,2025-04-27 18:01:54,,1,,,6.00,,2.52,42% ,2,1916432559124570112,申通快递,772040693699152,鞋,安徽省,
玉佛苑_站点-玉佛苑,玉佛苑,玉佛苑,快递,2025-04-27 17:45:26,,0.3,0.2,0,6.00,0.00,2.80,6-3.2,2,1916428440594866176,极兔快递,JT0016306485890,服饰,浙江省,
玉佛苑_站点-玉佛苑,玉佛苑,玉佛苑,快递,2025-04-27 17:13:00,,0.4,0.36,0,6.00,0.00,2.80,6-3.2,2,1916420269327310848,极兔快递,JT0016306535899,生活用品,江苏省,
玉佛苑_站点-玉佛苑,玉佛苑,玉佛苑,快递,2025-04-27 17:11:02,,0.6,0.47,0,6.00,0.00,2.80,6-3.2,2,1916419787192066048,极兔快递,JT0016305762682,服饰,广东省,
玉佛苑_站点-玉佛苑,玉佛苑,玉佛苑,快递,2025-04-27 16:36:10,,0.4,0.2,0,6.00,0.00,2.80,6-3.2,2,1916411007444246528,极兔快递,JT0016301467257,服饰,山东省,
玉佛苑_站点-玉佛苑,玉佛苑,玉佛苑,快递,2025-04-27 16:34:58,,0.6,0.44,0,6.00,0.00,2.80,6-3.2,2,1916410711133446144,极兔快递,JT0016305597248,服饰,广东省,
玉佛苑_站点-玉佛苑,玉佛苑,玉佛苑,快递,2025-04-27 16:13:17,,1,0.75,0,6.00,0.00,2.80,6-3.2,2,1916405251995131904,极兔快递,JT0016303014493,服饰,浙江省,
玉佛苑_站点-玉佛苑,玉佛苑,玉佛苑,快递,2025-04-27 16:10:40,,1,0.46,0,6.00,0.00,2.80,6-3.2,2,1916404593707507712,极兔快递,JT0016304042793,服饰,安徽省,
玉佛苑_站点-玉佛苑,玉佛苑,玉佛苑,快递,2025-04-27 16:09:23,,0.3,0.2,0,6.00,0.00,2.80,6-3.2,2,1916404272679673856,极兔快递,JT0016303717404,生活用品,河北省,
玉佛苑_站点-玉佛苑,玉佛苑,玉佛苑,快递,2025-04-27 16:06:05,,1,0.73,0,6.00,0.00,2.80,6-3.2,2,1916403435542732800,极兔快递,JT0016303308528,服饰,浙江省,
玉佛苑_站点-玉佛苑,玉佛苑,玉佛苑,快递,2025-04-27 15:53:46,,0.3,0.2,0,6.00,0.00,2.80,6-3.2,2,1916400336409255936,极兔快递,JT0016304000135,服饰,福建省,
玉佛苑_站点-玉佛苑,玉佛苑,玉佛苑,快递,2025-04-27 15:37:05,,0.3,0.2,0,6.00,0.00,2.80,6-3.2,2,1916396140171681792,极兔快递,JT0016304378470,帽子,浙江省,
玉佛苑_站点-玉佛苑,玉佛苑,玉佛苑,快递,2025-04-27 15:25:15,,0.6,0.5,0,6.00,0.00,2.80,6-3.2,2,1916393161939017728,极兔快递,JT0016300543714,服饰,浙江省,
玉佛苑_站点-玉佛苑,玉佛苑,玉佛苑,快递,2025-04-27 14:59:50,,0.6,0.52,0,6.00,0.00,2.80,6-3.2,2,1916386762328694784,极兔快递,JT0016296806924,服饰,江苏省,
玉佛苑_站点-玉佛苑,玉佛苑,玉佛苑,快递,2025-04-27 13:20:05,,0.6,0.52,0,6.00,0.00,2.80,6-3.2,2,1916361668290207744,极兔快递,JT0016300286079,服饰,陕西省,
玉佛苑_站点-玉佛苑,玉佛苑,玉佛苑,快递,2025-04-27 13:02:33,,0.4,0.2,0,6.00,0.00,2.80,6-3.2,2,1916357253357428736,极兔快递,JT0016284040816,服饰,湖北省,
玉佛苑_站点-玉佛苑,玉佛苑,玉佛苑,快递,2025-04-27 13:00:27,,0.3,0.3,0,6.00,0.00,2.80,6-3.2,2,1916356727798554624,极兔快递,JT0016300524377,袜子,浙江省,
玉佛苑_站点-玉佛苑,玉佛苑,玉佛苑,快递,2025-04-27 12:58:49,,0.4,0.28,0,6.00,0.00,2.80,6-3.2,2,1916356315703992320,极兔快递,JT0016299195287,服饰,广东省,
玉佛苑_站点-玉佛苑,玉佛苑,玉佛苑,快递,2025-04-27 12:57:26,,0.4,0.2,0,6.00,0.00,2.80,6-3.2,2,1916355966528184320,极兔快递,JT0016299901940,服饰,广东省,
玉佛苑_站点-玉佛苑,玉佛苑,玉佛苑,快递,2025-04-27 12:51:30,,1,0.6,0,6.00,0.00,2.80,6-3.2,2,1916354470650634240,极兔快递,JT0016297932420,服饰,安徽省,
玉佛苑_站点-玉佛苑,玉佛苑,玉佛苑,快递,2025-04-27 12:50:00,,0.7,0.42,0,6.00,0.00,2.80,6-3.2,2,1916354096338362368,极兔快递,JT0016285967806,生活用品,广东省,
玉佛苑_站点-玉佛苑,玉佛苑,玉佛苑,快递,2025-04-27 12:48:51,,1.2,1.17,0,8.00,0.00,4.08,51% ,2,1916353804356083712,极兔快递,JT0016291385056,服饰,广东省,
玉佛苑_站点-玉佛苑,玉佛苑,玉佛苑,快递,2025-04-27 12:37:22,,1,0.2,0,6.00,0.00,2.80,6-3.2,2,1916350913872453632,极兔快递,JT0016293170868,服饰,广东省,
玉佛苑_站点-玉佛苑,玉佛苑,玉佛苑,快递,2025-04-27 11:22:06,,0.5,0.38,0,6.00,0.00,2.80,6-3.2,2,1916331972148125696,极兔快递,JT0016296671790,水杯,浙江省,
玉佛苑_站点-玉佛苑,玉佛苑,玉佛苑,快递,2025-04-27 11:21:01,,0.5,0.3,0,6.00,0.00,2.80,6-3.2,2,1916331701888147456,极兔快递,JT0016298425737,服饰,广东省,
玉佛苑_站点-玉佛苑,玉佛苑,玉佛苑,快递,2025-04-27 11:15:48,,0.4,0.23,0,6.00,0.00,2.80,6-3.2,2,1916330385505837056,极兔快递,JT0016298848076,饰品,浙江省,
玉佛苑_站点-玉佛苑,玉佛苑,玉佛苑,快递,2025-04-27 11:14:58,,0.4,0.31,0,6.00,0.00,2.80,6-3.2,2,1916330175572533248,极兔快递,JT0016289416918,防晒,广东省,
玉佛苑_站点-玉佛苑,玉佛苑,玉佛苑,快递,2025-04-27 11:03:37,,0.4,0.25,0,6.00,0.00,2.80,6-3.2,2,1916327322372071424,极兔快递,JT0016296376037,服饰,江西省,
玉佛苑_站点-玉佛苑,玉佛苑,玉佛苑,快递,2025-04-27 09:16:02,,0.6,0.4,0,6.00,0.00,2.80,6-3.2,2,1916300247594491904,极兔快递,JT0016295339929,服饰,广东省,
玉佛苑_站点-玉佛苑,玉佛苑,玉佛苑,快递,2025-04-27 09:12:22,,0.6,0.48,0,6.00,0.00,2.80,6-3.2,2,1916299326361755648,极兔快递,JT0016295568665,服饰,广东省,
玉佛苑_站点-玉佛苑,玉佛苑,玉佛苑,快递,2025-04-27 09:11:13,,0.6,0.53,0,6.00,0.00,2.80,6-3.2,2,1916299032030666752,极兔快递,JT0016282783643,服饰,广东省,
玉佛苑_站点-玉佛苑,玉佛苑,玉佛苑,快递,2025-04-27 09:10:31,,0.4,0.2,0,6.00,0.00,2.80,6-3.2,2,1916298861863559168,极兔快递,JT0016295312180,服饰,广东省,
玉佛苑_站点-玉佛苑,玉佛苑,玉佛苑,快递,2025-04-27 08:55:04,,3,7.74,-5,10.00,7.50,5.50,55% ,2,1916294971386552320,极兔快递,JT0016294256569,被子,江苏省,
玉佛苑_站点-玉佛苑,玉佛苑,玉佛苑,快递,2025-04-27 08:34:37,,1,0.97,0,6.00,0.00,2.80,6-3.2,2,1916289825327865856,极兔快递,JT0016291728069,鞋,浙江省,
玉佛苑_站点-玉佛苑,玉佛苑,玉佛苑,快递,2025-04-27 08:32:45,,0.4,0.24,0,6.00,0.00,2.80,6-3.2,2,1916289356417261568,极兔快递,JT0016290594345,服饰,广东省,
玉佛苑_站点-玉佛苑,玉佛苑,玉佛苑,快递,2025-04-26 21:51:10,,4.9,4.92,0,15.00,3.00,7.50,50% ,2,1916127896181465088,极兔快递,JT0016294015568,小米,陕西省,
玉佛苑_站点-玉佛苑,玉佛苑,玉佛苑,快递,2025-04-26 21:34:24,,1,0.44,0,6.00,0.00,2.80,6-3.2,2,1916123670231441408,极兔快递,JT0016288761509,服饰,河南省,
玉佛苑_站点-玉佛苑,玉佛苑,玉佛苑,快递,2025-04-26 21:33:30,,0.5,0.43,0,6.00,0.00,2.80,6-3.2,2,1916123438483562496,极兔快递,JT0016287465320,服饰,浙江省,
玉佛苑_站点-玉佛苑,玉佛苑,玉佛苑,干洗,2025-04-26 21:32:22,,,,,49.00,,14.70,30%,,1916123160409595904,干洗,,"清洗普通羽绒服2件不分长短49元   *   1
清洗普通羽绒服2件不分长短49元   *   1",,
玉佛苑_站点-玉佛苑,玉佛苑,玉佛苑,快递,2025-04-26 20:41:04,,0.4,0.3,0,6.00,0.00,2.80,6-3.2,2,1916110217190105088,极兔快递,JT0016291131385,眼镜,江苏省,
玉佛苑_站点-玉佛苑,玉佛苑,玉佛苑,快递,2025-04-26 20:40:03,,1,0.51,0,6.00,0.00,2.80,6-3.2,2,1916109990651551744,极兔快递,JT0016289979249,鞋,江西省,
玉佛苑_站点-玉佛苑,玉佛苑,玉佛苑,快递,2025-04-26 20:39:07,,1,0.73,0,6.00,0.00,2.80,6-3.2,2,1916109761550278656,极兔快递,JT0016290557632,服饰,广东省,
玉佛苑_站点-玉佛苑,玉佛苑,玉佛苑,快递,2025-04-26 20:13:41,,0.6,0.43,0,6.00,0.00,2.80,6-3.2,2,1916103362808176640,极兔快递,JT0016292996661,服饰,广东省,
玉佛苑_站点-玉佛苑,玉佛苑,玉佛苑,快递,2025-04-26 20:11:34,,1.2,1.3,0,8.00,0.00,4.08,51% ,2,1916102827153612800,极兔快递,JT0016289689376,锅,浙江省,
玉佛苑_站点-玉佛苑,玉佛苑,玉佛苑,快递,2025-04-26 19:49:30,,4,3.67,0,12.00,1.50,6.00,50% ,2,1916097278173306880,极兔快递,JT0016286623809,床品,辽宁省,
玉佛苑_站点-玉佛苑,玉佛苑,玉佛苑,快递,2025-04-26 19:46:50,,2,2.04,-1,8.00,0.00,4.08,51% ,2,1916096606304526336,极兔快递,JT0016288258473,床品,江苏省,
玉佛苑_站点-玉佛苑,玉佛苑,玉佛苑,快递,2025-04-26 19:34:14,,1,0.83,0,6.00,0.00,2.80,6-3.2,2,1916093426309062656,极兔快递,JT0016290127127,服饰,广东省,
玉佛苑_站点-玉佛苑,玉佛苑,玉佛苑,快递,2025-04-26 19:33:34,,0.5,0.2,0,6.00,0.00,2.80,6-3.2,2,1916093262051729408,极兔快递,JT0016290483113,服饰,湖北省,
玉佛苑_站点-玉佛苑,玉佛苑,玉佛苑,快递,2025-04-26 19:32:32,,0.6,0.42,0,6.00,0.00,2.80,6-3.2,2,1916093006589255680,极兔快递,JT0016288735452,服饰,福建省,
玉佛苑_站点-玉佛苑,玉佛苑,玉佛苑,快递,2025-04-26 19:30:20,,0.3,0.2,0,6.00,0.00,2.80,6-3.2,2,1916092447996043264,极兔快递,JT0016289851863,服饰,山东省,
玉佛苑_站点-玉佛苑,玉佛苑,玉佛苑,快递,2025-04-26 19:29:34,,0.6,1.06,-1,6.00,0.00,2.80,6-3.2,2,1916092261416624128,极兔快递,JT0016290380184,服饰,浙江省,
玉佛苑_站点-玉佛苑,玉佛苑,玉佛苑,快递,2025-04-26 19:27:37,,0.3,0.2,0,6.00,0.00,2.80,6-3.2,2,1916091769697394688,极兔快递,JT0016291980683,眼镜,浙江省,
玉佛苑_站点-玉佛苑,玉佛苑,玉佛苑,快递,2025-04-26 19:14:50,,0.8,0.73,0,6.00,0.00,2.80,6-3.2,2,1916088552758501376,极兔快递,JT0016288019458,服饰,湖北省,
玉佛苑_站点-玉佛苑,玉佛苑,玉佛苑,快递,2025-04-26 18:57:53,,0.4,0.29,0,6.00,0.00,2.80,6-3.2,2,1916084288720003072,极兔快递,JT0016290510713,服饰,江苏省,
玉佛苑_站点-玉佛苑,玉佛苑,玉佛苑,快递,2025-04-26 18:55:23,,1,0.43,0,6.00,0.00,2.80,6-3.2,2,1916083655560454144,极兔快递,JT0016283114046,鞋,江西省,
玉佛苑_站点-玉佛苑,玉佛苑,玉佛苑,快递,2025-04-26 18:53:41,,1,0.33,0,6.00,0.00,2.80,6-3.2,2,1916083229213646848,极兔快递,JT0016289071891,服饰,江苏省,
玉佛苑_站点-玉佛苑,玉佛苑,玉佛苑,快递,2025-04-26 18:38:11,,0.4,0.2,0,6.00,0.00,2.80,6-3.2,2,1916079306377584640,极兔快递,JT0016288194383,服饰,河南省,
玉佛苑_站点-玉佛苑,玉佛苑,玉佛苑,快递,2025-04-26 18:24:07,,0.3,0.66,0,6.00,0.00,2.80,6-3.2,2,1916075791152373760,极兔快递,JT0016285585504,袜子,吉林省,
玉佛苑_站点-玉佛苑,玉佛苑,玉佛苑,快递,2025-04-26 17:46:58,,0.5,0.31,0,6.00,0.00,2.80,6-3.2,2,1916066444590505984,极兔快递,JT0016290743761,服饰,福建省,
玉佛苑_站点-玉佛苑,玉佛苑,玉佛苑,快递,2025-04-26 17:40:15,,2,1.26,0,8.00,0.00,4.08,51% ,2,1916064754567012352,极兔快递,JT0016274677950,鞋,福建省,
玉佛苑_站点-玉佛苑,玉佛苑,玉佛苑,快递,2025-04-26 17:11:30,,2,1.09,0,8.00,0.00,4.08,51% ,2,1916057515785510912,极兔快递,JT0016286483529,服饰,浙江省,
玉佛苑_站点-玉佛苑,玉佛苑,玉佛苑,快递,2025-04-26 17:07:38,,0.3,0.2,0,6.00,0.00,2.80,6-3.2,2,1916056542555987968,极兔快递,JT0016287120107,服饰,江苏省,
玉佛苑_站点-玉佛苑,玉佛苑,玉佛苑,快递,2025-04-26 16:25:44,,0.5,0.2,0,6.00,0.00,2.80,6-3.2,2,1916045997094264832,极兔快递,JT0016288293144,服饰,广东省,
玉佛苑_站点-玉佛苑,玉佛苑,玉佛苑,快递,2025-04-26 16:22:11,,1,0.72,0,6.00,0.00,2.80,6-3.2,2,1916045107247505408,极兔快递,JT0016288563765,服饰,湖南省,
玉佛苑_站点-玉佛苑,玉佛苑,玉佛苑,快递,2025-04-26 16:04:22,,0.5,0.2,0,6.00,0.00,2.80,6-3.2,2,1916040620369829888,极兔快递,JT0016286014003,饰品,浙江省,
玉佛苑_站点-玉佛苑,玉佛苑,玉佛苑,快递,2025-04-26 15:35:02,2025-04-26 07:36:42,1,,,6.00,,0.00,,2,1916033227242135552,极兔快递,JT0016285904931,鞋,广东省,已全额退款
玉佛苑_站点-玉佛苑,玉佛苑,玉佛苑,快递,2025-04-26 15:36:13,,1.3,1.29,0,8.00,0.00,4.08,51% ,2,1916033538014896128,极兔快递,JT0016285228003,鞋,广东省,
玉佛苑_站点-玉佛苑,玉佛苑,玉佛苑,快递,2025-04-26 15:33:56,,0.5,0.28,0,6.00,0.00,2.80,6-3.2,2,1916032961289707520,极兔快递,JT0016286278925,服饰,广东省,
玉佛苑_站点-玉佛苑,玉佛苑,玉佛苑,快递,2025-04-26 15:32:33,,0.4,0.2,0,6.00,0.00,2.80,6-3.2,2,1916032611090489344,极兔快递,JT0016285618936,服饰,广东省,
玉佛苑_站点-玉佛苑,玉佛苑,玉佛苑,快递,2025-04-26 15:31:00,,1,0.45,0,6.00,0.00,2.80,6-3.2,2,1916032222496612352,极兔快递,JT0016287142191,服饰,广东省,
玉佛苑_站点-玉佛苑,玉佛苑,玉佛苑,快递,2025-04-26 15:16:32,,0.2,0.2,0,6.00,0.00,2.80,6-3.2,2,1916028584617369600,极兔快递,JT0016286199144,服饰,广东省,
玉佛苑_站点-玉佛苑,玉佛苑,玉佛苑,快递,2025-04-26 14:27:56,,0.5,0.32,0,6.00,0.00,2.80,6-3.2,2,1916016352470818816,极兔快递,JT0016286123793,服饰,广东省,
玉佛苑_站点-玉佛苑,玉佛苑,玉佛苑,快递,2025-04-26 14:24:31,,4.6,4.58,0,16.00,3.00,7.00,50%,2,1916015492881768448,极兔快递,JT0016283492526,生活用品,上海市,
玉佛苑_站点-玉佛苑,玉佛苑,玉佛苑,快递,2025-04-26 13:52:52,,4.5,3.68,1,15.00,1.50,7.50,50% ,2,1916007527621648384,极兔快递,JT0016282235668,生活用品,山东省,
玉佛苑_站点-玉佛苑,玉佛苑,玉佛苑,快递,2025-04-26 13:51:11,,6,5.92,0,18.00,4.50,9.00,50% ,2,1916007101912375296,极兔快递,JT0016284943081,生活用品,浙江省,
玉佛苑_站点-玉佛苑,玉佛苑,玉佛苑,快递,2025-04-26 13:36:12,,3.2,2.78,1,12.00,0.00,6.00,50% ,2,1916003332407484416,极兔快递,JT0016281740319,凉席,陕西省,
玉佛苑_站点-玉佛苑,玉佛苑,玉佛苑,快递,2025-04-26 13:32:28,,0.4,0.2,0,6.00,0.00,2.80,6-3.2,2,1916002392237465600,极兔快递,JT0016285013665,服饰,广东省,
玉佛苑_站点-玉佛苑,玉佛苑,玉佛苑,快递,2025-04-26 13:20:36,,0.6,0.59,0,6.00,0.00,2.80,6-3.2,2,1915999407973392384,极兔快递,JT0016260240008,服饰,山东省,
玉佛苑_站点-玉佛苑,玉佛苑,玉佛苑,快递,2025-04-26 13:17:28,,1,0.4,0,6.00,0.00,2.80,6-3.2,2,1915998618227892224,极兔快递,JT0016281802817,服饰,河南省,
玉佛苑_站点-玉佛苑,玉佛苑,玉佛苑,快递,2025-04-26 13:16:18,,1,0.59,0,6.00,0.00,2.80,6-3.2,2,1915998325557747712,极兔快递,JT0016281130420,服饰,湖南省,
玉佛苑_站点-玉佛苑,玉佛苑,玉佛苑,快递,2025-04-26 12:54:38,,0.3,0.2,0,6.00,0.00,2.80,6-3.2,2,1915992876099887104,极兔快递,JT0016284326798,服饰,河南省,
玉佛苑_站点-玉佛苑,玉佛苑,玉佛苑,快递,2025-04-26 12:52:58,,0.2,0.2,0,6.00,0.00,2.80,6-3.2,2,1915992456254251008,极兔快递,JT0016284678471,生活用品,广东省,
玉佛苑_站点-玉佛苑,玉佛苑,玉佛苑,快递,2025-04-26 12:28:07,,1,0.65,0,6.00,0.00,2.80,6-3.2,2,1915986202064642048,极兔快递,JT0016275870672,服饰,广东省,
玉佛苑_站点-玉佛苑,玉佛苑,玉佛苑,快递,2025-04-26 12:01:04,,1,0.72,0,6.00,0.00,2.80,6-3.2,2,1915979383049084928,极兔快递,JT0016283739453,鞋,广东省,
玉佛苑_站点-玉佛苑,玉佛苑,玉佛苑,快递,2025-04-26 12:00:17,,1,1.11,-1,6.00,0.00,2.80,6-3.2,2,1915979186373976064,极兔快递,JT0016280310071,鞋,浙江省,
玉佛苑_站点-玉佛苑,玉佛苑,玉佛苑,快递,2025-04-26 11:59:28,,1,0.48,0,6.00,0.00,2.80,6-3.2,2,1915978989589815296,极兔快递,JT0016282425387,服饰,广东省,
玉佛苑_站点-玉佛苑,玉佛苑,玉佛苑,快递,2025-04-26 11:55:05,,0.4,0.24,0,6.00,0.00,2.80,6-3.2,2,1915977884994691072,极兔快递,JT0016282917606,服饰,浙江省,
玉佛苑_站点-玉佛苑,玉佛苑,玉佛苑,快递,2025-04-26 10:55:45,,1,0.59,0,6.00,0.00,2.80,6-3.2,2,1915962956099411968,极兔快递,JT0016278434473,服饰,湖南省,
玉佛苑_站点-玉佛苑,玉佛苑,玉佛苑,快递,2025-04-26 10:52:18,,1,0.49,0,6.00,0.00,2.80,6-3.2,2,1915962062620385280,极兔快递,JT0016269728775,服饰,河北省,
玉佛苑_站点-玉佛苑,玉佛苑,玉佛苑,快递,2025-04-26 09:19:30,,8.6,10.6,-2,27.00,12.00,13.50,50% ,2,1915938722300092416,极兔快递,JT0016276112415,服饰,湖南省,
玉佛苑_站点-玉佛苑,玉佛苑,玉佛苑,快递,2025-04-26 09:15:06,,5.2,6.17,-1,18.00,6.00,9.00,50% ,2,1915937624067727360,极兔快递,JT0016275827664,生活用品,湖南省,
玉佛苑_站点-玉佛苑,玉佛苑,玉佛苑,快递,2025-04-26 08:04:30,,1,0.77,0,6.00,0.00,2.52,42% ,2,1915919862050119680,韵达快递,312724160619290,鞋,江苏省,
玉佛苑_站点-玉佛苑,玉佛苑,玉佛苑,快递,2025-04-26 07:54:25,,1,0.36,0,6.00,0.00,2.80,6-3.2,2,1915917320666800128,极兔快递,JT0016278615190,服饰,浙江省,
玉佛苑_站点-玉佛苑,玉佛苑,玉佛苑,快递,2025-04-25 21:13:36,,0.2,0.2,0,6.00,0.00,2.80,6-3.2,2,1915756047278858240,极兔快递,JT0016276640426,生活用品,广东省,
玉佛苑_站点-玉佛苑,玉佛苑,玉佛苑,快递,2025-04-25 21:12:57,,0.4,0.83,0,6.00,0.00,2.80,6-3.2,2,1915755880530108416,极兔快递,JT0016271217975,化妆品,广东省,
玉佛苑_站点-玉佛苑,玉佛苑,玉佛苑,快递,2025-04-25 21:12:07,,0.4,0.2,0,6.00,0.00,2.80,6-3.2,2,1915755667442688000,极兔快递,JT0016266650933,化妆品,广东省,
玉佛苑_站点-玉佛苑,玉佛苑,玉佛苑,快递,2025-04-25 21:10:42,,0.3,0.2,0,6.00,0.00,2.80,6-3.2,2,1915755323744641024,极兔快递,JT0016277771505,手机壳,广东省,
玉佛苑_站点-玉佛苑,玉佛苑,玉佛苑,快递,2025-04-25 20:29:22,,1,0.49,0,6.00,0.00,2.80,6-3.2,2,1915744919341555712,极兔快递,JT0016273850008,生活用品,河南省,
玉佛苑_站点-玉佛苑,玉佛苑,玉佛苑,快递,2025-04-25 20:20:33,,0.5,0.2,0,6.00,0.00,2.80,6-3.2,2,1915742706422571008,极兔快递,JT0016276068048,服饰,广东省,
玉佛苑_站点-玉佛苑,玉佛苑,玉佛苑,快递,2025-04-25 20:17:44,,0.6,0.37,0,6.00,0.00,2.80,6-3.2,2,1915741994540130304,极兔快递,JT0016271405624,服饰,广东省,
玉佛苑_站点-玉佛苑,玉佛苑,玉佛苑,快递,2025-04-25 20:16:31,,0.6,0.46,0,6.00,0.00,2.80,6-3.2,2,1915741679803752448,极兔快递,JT0016275196486,服饰,广东省,
玉佛苑_站点-玉佛苑,玉佛苑,玉佛苑,快递,2025-04-25 20:15:49,,0.6,0.39,0,6.00,0.00,2.80,6-3.2,2,1915741513004670976,极兔快递,JT0016271823846,服饰,广东省,
玉佛苑_站点-玉佛苑,玉佛苑,玉佛苑,快递,2025-04-25 20:14:28,,0.4,0.2,0,6.00,0.00,2.80,6-3.2,2,1915741171902898176,极兔快递,JT0016276939234,饰品,浙江省,
玉佛苑_站点-玉佛苑,玉佛苑,玉佛苑,快递,2025-04-25 19:42:26,,1,0.2,0,6.00,0.00,2.80,6-3.2,2,1915733107766255616,极兔快递,JT0016272742412,服饰,广东省,
玉佛苑_站点-玉佛苑,玉佛苑,玉佛苑,快递,2025-04-25 19:41:53,,1,0.35,0,6.00,0.00,2.80,6-3.2,2,1915732968771215360,极兔快递,JT0016271232822,服饰,广东省,
玉佛苑_站点-玉佛苑,玉佛苑,玉佛苑,快递,2025-04-25 19:41:22,,1,0.2,0,6.00,0.00,2.80,6-3.2,2,1915732836721942528,极兔快递,JT0016273363934,服饰,江苏省,
玉佛苑_站点-玉佛苑,玉佛苑,玉佛苑,快递,2025-04-25 19:40:30,,1,0.33,0,6.00,0.00,2.80,6-3.2,2,1915732628952899584,极兔快递,JT0016273811731,服饰,湖北省,
玉佛苑_站点-玉佛苑,玉佛苑,玉佛苑,快递,2025-04-25 19:38:34,,1,0.75,0,6.00,0.00,2.80,6-3.2,2,1915732137313361920,极兔快递,JT0016272175146,服饰,河南省,
玉佛苑_站点-玉佛苑,玉佛苑,玉佛苑,快递,2025-04-25 19:23:23,,1,0.82,0,6.00,0.00,2.80,6-3.2,2,1915728305359478784,极兔快递,JT0016276350419,服饰,安徽省,
玉佛苑_站点-玉佛苑,玉佛苑,玉佛苑,快递,2025-04-25 19:22:55,,1,1.06,-1,6.00,0.00,2.80,6-3.2,2,1915728193178624000,极兔快递,JT0016275310132,服饰,安徽省,
玉佛苑_站点-玉佛苑,玉佛苑,玉佛苑,快递,2025-04-25 19:22:12,,0.4,0.2,0,6.00,0.00,2.80,6-3.2,2,1915728019547021312,极兔快递,JT0016267494302,服饰,广东省,
玉佛苑_站点-玉佛苑,玉佛苑,玉佛苑,快递,2025-04-25 18:33:42,,0.5,0.31,0,6.00,0.00,2.80,6-3.2,2,1915715811731628032,极兔快递,JT0016273697335,服饰,福建省,
玉佛苑_站点-玉佛苑,玉佛苑,玉佛苑,快递,2025-04-25 18:31:58,,1,0.62,0,6.00,0.00,2.80,6-3.2,2,1915715375578537984,极兔快递,JT0016274985649,服饰,辽宁省,
玉佛苑_站点-玉佛苑,玉佛苑,玉佛苑,快递,2025-04-25 17:21:42,,1,0.24,0,6.00,0.00,2.80,6-3.2,2,1915697695043674112,极兔快递,JT0016274612665,服饰,浙江省,
玉佛苑_站点-玉佛苑,玉佛苑,玉佛苑,快递,2025-04-25 16:26:40,,0.6,0.47,0,6.00,0.00,2.80,6-3.2,2,1915683845892268032,极兔快递,JT0016261281128,皮带,江苏省,
玉佛苑_站点-玉佛苑,玉佛苑,玉佛苑,快递,2025-04-25 15:51:19,,1,0.62,0,6.00,0.00,2.80,6-3.2,2,1915674947122683904,极兔快递,JT0016265197435,服饰,广东省,
玉佛苑_站点-玉佛苑,玉佛苑,玉佛苑,快递,2025-04-25 15:48:42,,0.7,0.37,0,6.00,0.00,2.80,6-3.2,2,1915674288965083136,极兔快递,JT0016269104401,服饰,广东省,
玉佛苑_站点-玉佛苑,玉佛苑,玉佛苑,快递,2025-04-25 15:13:40,,0.3,0.41,0,6.00,0.00,2.80,6-3.2,2,1915665472282222592,极兔快递,JT0016263160023,服饰,浙江省,
玉佛苑_站点-玉佛苑,玉佛苑,玉佛苑,快递,2025-04-25 14:36:42,,0.2,0.2,0,6.00,0.00,2.80,6-3.2,2,1915656161334190080,极兔快递,JT0016270286962,饰品,福建省,
玉佛苑_站点-玉佛苑,玉佛苑,玉佛苑,快递,2025-04-25 14:35:50,,0.4,0.21,0,6.00,0.00,2.80,6-3.2,2,1915655944593530880,极兔快递,JT0016270157458,饰品,福建省,
玉佛苑_站点-玉佛苑,玉佛苑,玉佛苑,快递,2025-04-25 14:34:54,,0.4,0.41,0,6.00,0.00,2.80,6-3.2,2,1915655719707533312,极兔快递,JT0016271116666,饰品,浙江省,
玉佛苑_站点-玉佛苑,玉佛苑,玉佛苑,快递,2025-04-25 14:03:01,,1,0.5,0,6.00,0.00,2.80,6-3.2,2,1915647668342546432,极兔快递,JT0016260513876,服饰,江苏省,
玉佛苑_站点-玉佛苑,玉佛苑,玉佛苑,快递,2025-04-25 13:47:09,,9.3,9.35,0,30.00,9.00,15.00,50% ,2,1915643701474680832,韵达快递,312723517346933,食品,河南省,
玉佛苑_站点-玉佛苑,玉佛苑,玉佛苑,快递,2025-04-25 13:43:20,2025-04-25 05:46:05,8.1,,,27.00,,0.00,,2,1915642735648104448,极兔快递,JT0016266360660,食品,河南省,已全额退款
玉佛苑_站点-玉佛苑,玉佛苑,玉佛苑,快递,2025-04-25 13:45:45,,8.1,8.2,0,27.00,8.00,13.50,50% ,2,1915643347777413120,韵达快递,312723517028471,食品,河南省,
玉佛苑_站点-玉佛苑,玉佛苑,玉佛苑,快递,2025-04-25 13:41:28,2025-04-25 05:45:12,4.35,,,15.00,,0.00,,2,1915642269291831296,极兔快递,JT0016259735885,食品,河南省,已全额退款
玉佛苑_站点-玉佛苑,玉佛苑,玉佛苑,快递,2025-04-25 13:44:26,,7.95,8.05,-1,24.00,7.00,12.00,50% ,2,1915643018876870656,韵达快递,312723516467140,食品,河南省,
玉佛苑_站点-玉佛苑,玉佛苑,玉佛苑,快递,2025-04-25 13:42:22,,4.35,4.41,0,15.00,4.00,7.50,50% ,2,1915642483905978368,韵达快递,312723515446520,食品,河南省,
玉佛苑_站点-玉佛苑,玉佛苑,玉佛苑,快递,2025-04-25 12:12:33,,1,0.62,0,6.00,0.00,2.80,6-3.2,2,1915619890679308288,极兔快递,JT0016265615251,书包,福建省,
玉佛苑_站点-玉佛苑,玉佛苑,玉佛苑,快递,2025-04-25 11:23:27,,0.4,0.22,0,6.00,0.00,2.80,6-3.2,2,1915607533123067904,极兔快递,JT0016261995723,服饰,广东省,
玉佛苑_站点-玉佛苑,玉佛苑,玉佛苑,快递,2025-04-25 11:12:08,,1,0.5,0,6.00,0.00,2.80,6-3.2,2,1915604688428654592,极兔快递,JT0016265756458,服饰,广东省,
玉佛苑_站点-玉佛苑,玉佛苑,玉佛苑,快递,2025-04-25 10:16:29,,0.5,0.55,0,6.00,0.00,2.80,6-3.2,2,1915590685430177792,极兔快递,JT0016258834213,服饰,浙江省,
玉佛苑_站点-玉佛苑,玉佛苑,玉佛苑,快递,2025-04-25 10:15:22,,1,0.48,0,6.00,0.00,2.80,6-3.2,2,1915590404751548416,极兔快递,JT0016264287033,鞋,浙江省,
玉佛苑_站点-玉佛苑,玉佛苑,玉佛苑,快递,2025-04-25 09:50:26,,0.4,0.48,0,7.00,0.00,2.80,6-3.2,2,1915584127006728192,极兔快递,JT0016263282005,服饰,上海市,
玉佛苑_站点-玉佛苑,玉佛苑,玉佛苑,快递,2025-04-25 09:03:55,,0.4,0.2,0,6.00,0.00,2.80,6-3.2,2,1915572421211774976,极兔快递,JT0016260571168,服饰,广东省,
玉佛苑_站点-玉佛苑,玉佛苑,玉佛苑,快递,2025-04-25 09:02:29,,0.5,0.26,0,6.00,0.00,2.80,6-3.2,2,1915572061386629120,极兔快递,JT0016256264990,服饰,山西省,
玉佛苑_站点-玉佛苑,玉佛苑,玉佛苑,快递,2025-04-25 08:29:43,,0.2,0.44,0,6.00,0.00,2.80,6-3.2,2,1915563806904082432,极兔快递,JT0016259023322,面罩,浙江省,
玉佛苑_站点-玉佛苑,玉佛苑,玉佛苑,快递,2025-04-25 08:28:58,,0.8,0.52,0,6.00,0.00,2.80,6-3.2,2,1915563629354999808,极兔快递,JT0016257597325,服饰,广东省,
玉佛苑_站点-玉佛苑,玉佛苑,玉佛苑,干洗,2025-04-25 08:26:00,,,,,24.50,,7.35,30%,,1915562878910128128,干洗,,"清洗普通羽绒服2件不分长短49元   *   1",,
玉佛苑_站点-玉佛苑,玉佛苑,玉佛苑,干洗,2025-04-25 08:24:02,,,,,9.90,,2.97,30%,,1915562367301509120,干洗,,"清洗鞋19.8元两双   *   1",,
玉佛苑_站点-玉佛苑,玉佛苑,玉佛苑,快递,2025-04-24 20:06:03,,1,0.55,0,6.00,0.00,2.80,6-3.2,2,1915376664013758464,极兔快递,JT0016258182106,帽子,浙江省,
玉佛苑_站点-玉佛苑,玉佛苑,玉佛苑,快递,2025-04-24 19:35:28,,0.8,0.42,0,6.00,0.00,2.80,6-3.2,2,1915368954581016576,极兔快递,JT0016255081814,服饰,浙江省,
玉佛苑_站点-玉佛苑,玉佛苑,玉佛苑,快递,2025-04-24 19:21:15,,1,0.86,0,6.00,0.00,2.80,6-3.2,2,1915365392421543936,极兔快递,JT0016253442571,鞋,广东省,
玉佛苑_站点-玉佛苑,玉佛苑,玉佛苑,快递,2025-04-24 19:18:04,,0.5,0.45,0,6.00,0.00,2.52,42% ,2,1915364519540744192,韵达快递,312722609033999,其他,浙江省,
玉佛苑_站点-玉佛苑,玉佛苑,玉佛苑,快递,2025-04-24 19:05:51,,0.4,0.21,0,6.00,0.00,2.80,6-3.2,2,1915361506134646784,极兔快递,JT0016258594917,服饰,广东省,
玉佛苑_站点-玉佛苑,玉佛苑,玉佛苑,快递,2025-04-24 19:05:05,,1,0.61,0,6.00,0.00,2.80,6-3.2,2,1915361322851950592,极兔快递,JT0016258146936,服饰,广东省,
玉佛苑_站点-玉佛苑,玉佛苑,玉佛苑,快递,2025-04-24 19:02:20,,0.6,0.34,0,6.00,0.00,2.80,6-3.2,2,1915360630267502592,极兔快递,JT0016258897594,服饰,湖北省,
玉佛苑_站点-玉佛苑,玉佛苑,玉佛苑,快递,2025-04-24 19:01:29,,1.2,1.18,0,8.00,0.00,4.08,51% ,2,1915360417519820800,极兔快递,JT0016258218241,其他,陕西省,
玉佛苑_站点-玉佛苑,玉佛苑,玉佛苑,快递,2025-04-23 21:31:20,2025-04-24 10:45:42,1,,,6.00,,0.00,,2,1915035735453257728,极兔快递,JT0016243087930,生活用品,安徽省,已全额退款
玉佛苑_站点-玉佛苑,玉佛苑,玉佛苑,快递,2025-04-24 18:23:31,,1,0.34,0,6.00,0.00,2.80,6-3.2,2,1915350861309861888,极兔快递,JT0016254203951,服饰,浙江省,
玉佛苑_站点-玉佛苑,玉佛苑,玉佛苑,快递,2025-04-24 16:31:20,,0.4,0.37,0,6.00,0.00,2.80,6-3.2,2,1915322630816980992,极兔快递,JT0016249951151,服饰,广东省,
玉佛苑_站点-玉佛苑,玉佛苑,玉佛苑,快递,2025-04-24 16:23:09,,0.5,0.2,0,6.00,0.00,2.80,6-3.2,2,1915320468816846848,极兔快递,JT0016255603318,手表,广东省,
玉佛苑_站点-玉佛苑,玉佛苑,玉佛苑,快递,2025-04-24 15:40:17,,0.5,0.2,0,6.00,0.00,2.80,6-3.2,2,1915309783269564416,极兔快递,JT0016236986626,生活用品,浙江省,
玉佛苑_站点-玉佛苑,玉佛苑,玉佛苑,快递,2025-04-24 14:54:52,,1,0.55,0,6.00,0.00,2.80,6-3.2,2,1915298351962447872,极兔快递,JT0016252272143,鞋,河南省,
玉佛苑_站点-玉佛苑,玉佛苑,玉佛苑,快递,2025-04-24 14:53:28,,0.5,0.28,0,6.00,0.00,2.80,6-3.2,2,1915298002849554432,极兔快递,JT0016253147118,服饰,福建省,
玉佛苑_站点-玉佛苑,玉佛苑,玉佛苑,快递,2025-04-24 13:45:53,,0.2,0.74,0,6.00,0.00,2.80,6-3.2,2,1915280993172643840,极兔快递,JT0016249775873,口罩,浙江省,
玉佛苑_站点-玉佛苑,玉佛苑,玉佛苑,快递,2025-04-24 13:22:40,,0.4,,,6.00,,2.80,6-3.2,2,1915275142261170176,极兔快递,JT0016251673009,服饰,广东省,
玉佛苑_站点-玉佛苑,玉佛苑,玉佛苑,快递,2025-04-24 13:21:36,,1,0.69,0,6.00,0.00,2.80,6-3.2,2,1915274883476807680,极兔快递,JT0016247692180,服饰,河南省,
玉佛苑_站点-玉佛苑,玉佛苑,玉佛苑,快递,2025-04-24 12:58:45,,0.6,0.51,0,6.00,0.00,2.80,6-3.2,2,1915269133950050304,极兔快递,JT0016248304060,服饰,浙江省,
玉佛苑_站点-玉佛苑,玉佛苑,玉佛苑,快递,2025-04-24 12:08:47,,0.4,0.31,0,6.00,0.00,2.80,6-3.2,2,1915256552166318080,极兔快递,JT0016250015280,服饰,浙江省,
玉佛苑_站点-玉佛苑,玉佛苑,玉佛苑,快递,2025-04-24 12:08:02,,0.4,0.21,0,6.00,0.00,2.80,6-3.2,2,1915256371324706816,极兔快递,JT0016250580054,服饰,广东省,
玉佛苑_站点-玉佛苑,玉佛苑,玉佛苑,快递,2025-04-24 12:03:25,,1.2,1.19,0,8.00,0.00,4.08,51% ,2,1915255206608429056,极兔快递,JT0016242219284,服饰,浙江省,
玉佛苑_站点-玉佛苑,玉佛苑,玉佛苑,快递,2025-04-24 12:02:13,,1.4,1.36,0,8.00,0.00,4.08,51% ,2,1915254902454280192,极兔快递,JT0016250430833,服饰,江西省,
玉佛苑_站点-玉佛苑,玉佛苑,玉佛苑,快递,2025-04-24 12:01:03,,0.4,0.2,0,6.00,0.00,2.80,6-3.2,2,1915254604511895552,极兔快递,JT0016250037168,服饰,广东省,
玉佛苑_站点-玉佛苑,玉佛苑,玉佛苑,快递,2025-04-24 11:11:22,,0.6,0.37,0,6.00,0.00,2.80,6-3.2,2,1915242110229733376,极兔快递,JT0016249395863,服饰,浙江省,
玉佛苑_站点-玉佛苑,玉佛苑,玉佛苑,快递,2025-04-24 11:10:08,,0.6,0.34,0,6.00,0.00,2.80,6-3.2,2,1915241798400008192,极兔快递,JT0016242952533,包,山东省,
玉佛苑_站点-玉佛苑,玉佛苑,玉佛苑,快递,2025-04-24 10:01:21,,0.8,0.66,0,6.00,0.00,2.80,6-3.2,2,1915224469821775872,极兔快递,JT0016247027440,生活用品,四川省,
玉佛苑_站点-玉佛苑,玉佛苑,玉佛苑,快递,2025-04-24 09:37:59,,0.6,0.2,0,6.00,0.00,2.80,6-3.2,2,1915218609707999232,极兔快递,JT0016247167426,服饰,江苏省,
玉佛苑_站点-玉佛苑,玉佛苑,玉佛苑,快递,2025-04-24 09:17:33,,0.4,0.2,0,6.00,0.00,2.80,6-3.2,2,1915213466392514560,极兔快递,JT0016246275034,服饰,广东省,
玉佛苑_站点-玉佛苑,玉佛苑,玉佛苑,快递,2025-04-24 09:16:18,,0.4,0.2,0,6.00,0.00,2.80,6-3.2,2,1915213152138481664,极兔快递,JT0016246598085,服饰,湖南省,
玉佛苑_站点-玉佛苑,玉佛苑,玉佛苑,快递,2025-04-24 09:14:41,,0.4,0.31,0,6.00,0.00,2.80,6-3.2,2,1915212745605566464,极兔快递,JT0016243420571,其他,浙江省,
玉佛苑_站点-玉佛苑,玉佛苑,玉佛苑,快递,2025-04-24 09:10:21,,0.4,0.2,0,6.00,0.00,2.80,6-3.2,2,1915211651466842112,极兔快递,JT0016246490245,生活用品,广东省,
玉佛苑_站点-玉佛苑,玉佛苑,玉佛苑,快递,2025-04-24 09:06:40,,0.4,0.2,0,6.00,0.00,2.80,6-3.2,2,1915210727826575360,极兔快递,JT0016246336727,饰品,浙江省,
玉佛苑_站点-玉佛苑,玉佛苑,玉佛苑,快递,2025-04-24 08:29:23,,0.7,0.63,0,6.00,0.00,2.80,6-3.2,2,1915201343528554496,极兔快递,JT0016243451245,服饰,湖南省,
玉佛苑_站点-玉佛苑,玉佛苑,玉佛苑,快递,2025-04-24 08:18:29,,2.3,2.19,0,10.00,0.00,5.50,55% ,2,1915198599556157440,极兔快递,JT0016242821415,服饰,安徽省,
玉佛苑_站点-玉佛苑,玉佛苑,玉佛苑,快递,2025-04-24 08:16:49,,0.5,0.2,0,6.00,0.00,2.80,6-3.2,2,1915198183632195584,极兔快递,JT0016241342699,服饰,江苏省,
玉佛苑_站点-玉佛苑,玉佛苑,玉佛苑,干洗,2025-04-24 07:52:03,,,,,19.80,,5.94,30%,,1915191942692392960,干洗,,"清洗鞋19.8元两双   *   1
清洗鞋19.8元两双   *   1",,
玉佛苑_站点-玉佛苑,玉佛苑,玉佛苑,快递,2025-04-23 21:33:53,,1,0.67,0,6.00,0.00,2.80,6-3.2,2,1915036383330619392,极兔快递,JT0016243445634,服饰,广东省,
玉佛苑_站点-玉佛苑,玉佛苑,玉佛苑,快递,2025-04-23 21:30:38,,1,1.05,-1,6.00,0.00,2.80,6-3.2,2,1915035559284101120,极兔快递,JT0016241406551,生活用品,安徽省,
玉佛苑_站点-玉佛苑,玉佛苑,玉佛苑,快递,2025-04-23 21:09:00,,0.5,0.22,0,6.00,0.00,2.80,6-3.2,2,1915030114314145792,极兔快递,JT0016244117704,化妆品,浙江省,
玉佛苑_站点-玉佛苑,玉佛苑,玉佛苑,快递,2025-04-23 21:08:16,,0.5,0.2,0,6.00,0.00,2.80,6-3.2,2,1915029926061199360,极兔快递,JT0016244007287,生活用品,江西省,
玉佛苑_站点-玉佛苑,玉佛苑,玉佛苑,快递,2025-04-23 21:07:29,,0.2,0.2,0,6.00,0.00,2.80,6-3.2,2,1915029733513285632,极兔快递,JT0016243107558,生活用品,广东省,
玉佛苑_站点-玉佛苑,玉佛苑,玉佛苑,快递,2025-04-23 21:06:31,,1,0.53,0,6.00,0.00,2.80,6-3.2,2,1915029491258675200,极兔快递,JT0016242803611,服饰,安徽省,
玉佛苑_站点-玉佛苑,玉佛苑,玉佛苑,快递,2025-04-23 21:00:38,,1.5,1.29,0,8.00,0.00,4.08,51% ,2,1915028013953503232,极兔快递,JT0016240413116,鞋,广东省,
玉佛苑_站点-玉佛苑,玉佛苑,玉佛苑,快递,2025-04-23 20:56:57,,1,0.65,0,6.00,0.00,2.80,6-3.2,2,1915027076086157312,极兔快递,JT0016241558470,服饰,广东省,
玉佛苑_站点-玉佛苑,玉佛苑,玉佛苑,快递,2025-04-23 20:49:42,,1,0.4,0,6.00,0.00,2.80,6-3.2,2,1915025265891659776,极兔快递,JT0016239156110,生活用品,河北省,
玉佛苑_站点-玉佛苑,玉佛苑,玉佛苑,快递,2025-04-23 20:42:32,,1,0.55,0,6.00,0.00,2.80,6-3.2,2,1915023461938286592,极兔快递,JT0016243236556,鞋,浙江省,
玉佛苑_站点-玉佛苑,玉佛苑,玉佛苑,快递,2025-04-23 20:24:14,,1.5,0.94,1,8.00,0.00,4.08,51% ,2,1915018854533091328,极兔快递,JT0016242834085,染发膏,安徽省,
玉佛苑_站点-玉佛苑,玉佛苑,玉佛苑,快递,2025-04-23 20:21:31,,0.5,0.2,0,6.00,0.00,2.80,6-3.2,2,1915018170081398784,极兔快递,JT0016237669980,服饰,福建省,
玉佛苑_站点-玉佛苑,玉佛苑,玉佛苑,快递,2025-04-23 20:08:57,,1,0.6,0,6.00,0.00,2.80,6-3.2,2,1915015002387828736,极兔快递,JT0016242243527,服饰,山东省,
玉佛苑_站点-玉佛苑,玉佛苑,玉佛苑,快递,2025-04-23 20:08:21,,1,0.56,0,6.00,0.00,2.80,6-3.2,2,1915014856858062848,极兔快递,JT0016236915408,服饰,浙江省,
玉佛苑_站点-玉佛苑,玉佛苑,玉佛苑,快递,2025-04-23 20:06:56,,1,0.22,0,6.00,0.00,2.80,6-3.2,2,1915014500719710208,极兔快递,JT0016242514669,服饰,广东省,
玉佛苑_站点-玉佛苑,玉佛苑,玉佛苑,快递,2025-04-23 19:52:46,,0.7,0.26,0,6.00,0.00,2.80,6-3.2,2,1915010926694551552,极兔快递,JT0016240267197,服饰,江西省,
玉佛苑_站点-玉佛苑,玉佛苑,玉佛苑,快递,2025-04-23 19:51:47,,0.4,0.2,0,6.00,0.00,2.80,6-3.2,2,1915010690018365440,极兔快递,JT0016239623482,服饰,广东省,
玉佛苑_站点-玉佛苑,玉佛苑,玉佛苑,快递,2025-04-23 19:38:00,,0.5,0.24,0,6.00,0.00,2.80,6-3.2,2,1915007219798036480,极兔快递,JT0016233338992,鞋,浙江省,
玉佛苑_站点-玉佛苑,玉佛苑,玉佛苑,快递,2025-04-23 19:35:35,,0.5,0.28,0,6.00,0.00,2.80,6-3.2,2,1915006604074209280,极兔快递,JT0016238286206,服饰,广东省,
玉佛苑_站点-玉佛苑,玉佛苑,玉佛苑,快递,2025-04-23 19:34:44,,1,0.63,0,6.00,0.00,2.80,6-3.2,2,1915006397987082240,极兔快递,JT0016242069597,服饰,广东省,
玉佛苑_站点-玉佛苑,玉佛苑,玉佛苑,快递,2025-04-23 19:34:12,,2,1.38,0,8.00,0.00,4.08,51% ,2,1915006252406984704,极兔快递,JT0016239591593,鞋,福建省,
玉佛苑_站点-玉佛苑,玉佛苑,玉佛苑,快递,2025-04-23 19:33:26,,2,1.31,0,8.00,0.00,4.08,51% ,2,1915006071997386752,极兔快递,JT0016239977691,生活用品,天津市,
玉佛苑_站点-玉佛苑,玉佛苑,玉佛苑,快递,2025-04-23 19:32:36,,1,0.2,0,6.00,0.00,2.80,6-3.2,2,1915005859866267648,极兔快递,JT0016239633499,包,广东省,
玉佛苑_站点-玉佛苑,玉佛苑,玉佛苑,快递,2025-04-23 19:12:23,,2,1.52,0,8.00,0.00,4.08,51% ,2,1915000775723896832,极兔快递,JT0016242446022,服饰,广东省,
玉佛苑_站点-玉佛苑,玉佛苑,玉佛苑,快递,2025-04-23 18:43:22,,0.5,0.21,0,6.00,0.00,2.80,6-3.2,2,1914993470756278272,极兔快递,JT0016242925887,服饰,江苏省,
玉佛苑_站点-玉佛苑,玉佛苑,玉佛苑,快递,2025-04-23 18:41:17,,0.6,0.34,0,6.00,0.00,2.80,6-3.2,2,1914992932069232640,极兔快递,JT0016242708184,服饰,江苏省,
玉佛苑_站点-玉佛苑,玉佛苑,玉佛苑,快递,2025-04-23 18:13:19,,0.4,0.31,0,6.00,0.00,2.80,6-3.2,2,1914985904705818624,极兔快递,JT0016240842572,化妆品,甘肃省,
玉佛苑_站点-玉佛苑,玉佛苑,玉佛苑,快递,2025-04-23 16:04:12,,1,0.2,0,6.00,0.00,2.80,6-3.2,2,1914953406554755072,极兔快递,JT0016236520658,服饰,浙江省,
玉佛苑_站点-玉佛苑,玉佛苑,玉佛苑,快递,2025-04-23 16:03:32,,1,0.43,0,6.00,0.00,2.80,6-3.2,2,1914953239931834368,极兔快递,JT0016234754899,服饰,浙江省,
玉佛苑_站点-玉佛苑,玉佛苑,玉佛苑,快递,2025-04-23 16:02:33,,1,0.43,0,6.00,0.00,2.80,6-3.2,2,1914952989003403264,极兔快递,JT0016234267203,鞋,贵州省,
玉佛苑_站点-玉佛苑,玉佛苑,玉佛苑,快递,2025-04-23 15:59:44,,0.5,0.25,0,6.00,0.00,2.80,6-3.2,2,1914952291062829056,极兔快递,JT0016239079743,服饰,江苏省,
玉佛苑_站点-玉佛苑,玉佛苑,玉佛苑,快递,2025-04-23 15:58:14,,0.5,0.22,0,6.00,0.00,2.80,6-3.2,2,1914951912845660160,极兔快递,JT0016235467390,服饰,江苏省,
玉佛苑_站点-玉佛苑,玉佛苑,玉佛苑,快递,2025-04-23 15:55:54,,0.4,0.2,0,6.00,0.00,2.80,6-3.2,2,1914951326452600832,极兔快递,JT0016237878202,服饰,湖南省,
玉佛苑_站点-玉佛苑,玉佛苑,玉佛苑,快递,2025-04-23 15:02:16,,1,0.66,0,6.00,0.00,2.80,6-3.2,2,1914937825902383104,极兔快递,JT0016237606665,服饰,湖北省,
玉佛苑_站点-玉佛苑,玉佛苑,玉佛苑,快递,2025-04-23 14:46:50,,1,0.99,0,6.00,0.00,2.80,6-3.2,2,1914933942866071552,极兔快递,JT0016235111883,服饰,浙江省,
玉佛苑_站点-玉佛苑,玉佛苑,玉佛苑,快递,2025-04-23 13:18:29,,1,0.75,0,6.00,0.00,2.80,6-3.2,2,1914911710131441664,极兔快递,JT0016231936498,其他,江西省,
玉佛苑_站点-玉佛苑,玉佛苑,玉佛苑,快递,2025-04-23 13:15:25,,0.5,0.26,0,6.00,0.00,2.80,6-3.2,2,1914910935518990336,极兔快递,JT0016235029204,其他,安徽省,
玉佛苑_站点-玉佛苑,玉佛苑,玉佛苑,快递,2025-04-23 11:54:45,,0.4,0.2,0,6.00,0.00,2.80,6-3.2,2,1914890638778617856,极兔快递,JT0016231166811,服饰,广东省,
玉佛苑_站点-玉佛苑,玉佛苑,玉佛苑,快递,2025-04-23 09:56:47,,0.4,0.2,0,6.00,0.00,2.80,6-3.2,2,1914860942368100352,极兔快递,JT0016219559607,服饰,广东省,
玉佛苑_站点-玉佛苑,玉佛苑,玉佛苑,快递,2025-04-23 09:52:22,,0.4,0.2,0,6.00,0.00,2.80,6-3.2,2,1914859839417143296,极兔快递,JT0016230665823,服饰,广东省,
玉佛苑_站点-玉佛苑,玉佛苑,玉佛苑,快递,2025-04-23 08:23:15,,1,0.45,0,6.00,0.00,2.80,6-3.2,2,1914837405804711936,极兔快递,JT0016219730868,服饰,广东省,
玉佛苑_站点-玉佛苑,玉佛苑,玉佛苑,快递,2025-04-23 08:14:12,,1,0.25,0,6.00,0.00,2.80,6-3.2,2,1914835121624502272,极兔快递,JT0016225592964,服饰,广东省,
玉佛苑_站点-玉佛苑,玉佛苑,玉佛苑,快递,2025-04-22 21:19:07,,0.5,0.2,0,6.00,0.00,2.80,6-3.2,2,1914670277780754432,极兔快递,JT0016225279157,化妆品,广东省,
玉佛苑_站点-玉佛苑,玉佛苑,玉佛苑,快递,2025-04-22 20:57:35,,0.4,0.2,0,6.00,0.00,2.80,6-3.2,2,1914664858979061760,极兔快递,JT0016223589550,帽子,山东省,
玉佛苑_站点-玉佛苑,玉佛苑,玉佛苑,快递,2025-04-22 20:26:20,,0.4,0.2,0,6.00,0.00,2.80,6-3.2,2,1914656996546498560,极兔快递,JT0016227113847,帽子,浙江省,
玉佛苑_站点-玉佛苑,玉佛苑,玉佛苑,快递,2025-04-22 20:05:53,,0.4,0.24,0,6.00,0.00,2.80,6-3.2,2,1914651842367639552,极兔快递,JT0016226858361,服饰,广东省,
玉佛苑_站点-玉佛苑,玉佛苑,玉佛苑,快递,2025-04-22 19:56:58,,0.6,0.23,0,6.00,0.00,2.80,6-3.2,2,1914649605490790400,极兔快递,JT0016226493742,服饰,浙江省,
玉佛苑_站点-玉佛苑,玉佛苑,玉佛苑,快递,2025-04-22 19:31:53,,0.5,0.25,0,6.00,0.00,2.80,6-3.2,2,1914643294569025536,极兔快递,JT0016211497993,服饰,浙江省,
玉佛苑_站点-玉佛苑,玉佛苑,玉佛苑,快递,2025-04-22 19:26:31,,0.5,0.2,0,6.00,0.00,2.80,6-3.2,2,1914641942925201408,极兔快递,JT0016215500817,服饰,江苏省,
玉佛苑_站点-玉佛苑,玉佛苑,玉佛苑,快递,2025-04-22 19:25:00,,0.6,0.2,0,6.00,0.00,2.80,6-3.2,2,1914641559007973376,极兔快递,JT0016225067850,服饰,浙江省,
玉佛苑_站点-玉佛苑,玉佛苑,玉佛苑,快递,2025-04-22 19:15:48,2025-04-22 11:19:43,1,,,6.00,,0.00,,2,1914639240564494336,极兔快递,JT0016224966618,服饰,广东省,已全额退款
玉佛苑_站点-玉佛苑,玉佛苑,玉佛苑,快递,2025-04-22 19:17:43,,0.5,0.2,0,6.00,0.00,2.80,6-3.2,2,1914639722800402432,极兔快递,JT0016225235279,服饰,山东省,
玉佛苑_站点-玉佛苑,玉佛苑,玉佛苑,快递,2025-04-22 19:16:54,,1,0.79,0,6.00,0.00,2.80,6-3.2,2,1914639524426600448,极兔快递,JT0016223636280,服饰,江苏省,
玉佛苑_站点-玉佛苑,玉佛苑,玉佛苑,快递,2025-04-22 19:15:13,,1,0.69,0,6.00,0.00,2.80,6-3.2,2,1914639081306771456,极兔快递,JT0016224722782,服饰,广东省,
玉佛苑_站点-玉佛苑,玉佛苑,玉佛苑,快递,2025-04-22 19:14:27,,0.5,0.24,0,6.00,0.00,2.80,6-3.2,2,1914638897483010048,极兔快递,JT0016222930111,服饰,广东省,
玉佛苑_站点-玉佛苑,玉佛苑,玉佛苑,快递,2025-04-22 19:13:52,,1,0.3,0,6.00,0.00,2.80,6-3.2,2,1914638759670763520,极兔快递,JT0016223974850,服饰,湖北省,
玉佛苑_站点-玉佛苑,玉佛苑,玉佛苑,快递,2025-04-22 19:10:28,,1,0.47,0,6.00,0.00,2.80,6-3.2,2,1914637897833566208,极兔快递,JT0016216901973,服饰,广东省,
玉佛苑_站点-玉佛苑,玉佛苑,玉佛苑,快递,2025-04-22 19:09:53,,1,0.71,0,6.00,0.00,2.80,6-3.2,2,1914637748138856448,极兔快递,JT0016225212836,服饰,广东省,
玉佛苑_站点-玉佛苑,玉佛苑,玉佛苑,快递,2025-04-22 19:09:20,,1,0.59,0,6.00,0.00,2.80,6-3.2,2,1914637613874991104,极兔快递,JT0016226019020,包,广东省,
玉佛苑_站点-玉佛苑,玉佛苑,玉佛苑,快递,2025-04-22 19:08:43,,0.5,0.2,0,6.00,0.00,2.80,6-3.2,2,1914637452708859904,极兔快递,JT0016226138105,服饰,广东省,
玉佛苑_站点-玉佛苑,玉佛苑,玉佛苑,快递,2025-04-22 18:49:44,,0.5,0.21,0,6.00,0.00,2.80,6-3.2,2,1914632685416796160,极兔快递,JT0016226088312,服饰,浙江省,
玉佛苑_站点-玉佛苑,玉佛苑,玉佛苑,快递,2025-04-22 18:47:03,,1,0.44,0,6.00,0.00,2.80,6-3.2,2,1914632012990173184,极兔快递,JT0016226095822,服饰,湖北省,
玉佛苑_站点-玉佛苑,玉佛苑,玉佛苑,快递,2025-04-22 18:45:24,,0.6,0.2,0,6.00,0.00,2.80,6-3.2,2,1914631591500369920,极兔快递,JT0016225573555,服饰,江苏省,
玉佛苑_站点-玉佛苑,玉佛苑,玉佛苑,快递,2025-04-22 18:17:14,,1,0.98,0,7.00,0.00,2.80,6-3.2,2,1914624505634803712,极兔快递,JT0016225575647,服饰,北京市,
玉佛苑_站点-玉佛苑,玉佛苑,玉佛苑,快递,2025-04-22 18:15:57,,1,0.63,0,7.00,0.00,2.80,6-3.2,2,1914624179179540480,极兔快递,JT0016225563348,服饰,北京市,
玉佛苑_站点-玉佛苑,玉佛苑,玉佛苑,快递,2025-04-22 18:14:24,,1,0.64,0,7.00,0.00,2.80,6-3.2,2,1914623797078446080,极兔快递,JT0016221770290,服饰,北京市,
玉佛苑_站点-玉佛苑,玉佛苑,玉佛苑,快递,2025-04-22 18:13:09,,1,0.34,0,6.00,0.00,2.80,6-3.2,2,1914623424200626176,极兔快递,JT0016223797051,服饰,福建省,
玉佛苑_站点-玉佛苑,玉佛苑,玉佛苑,快递,2025-04-22 18:09:37,,1,,,6.00,,2.52,42% ,2,1914622589529935872,申通快递,772040425186445,服饰,浙江省,
玉佛苑_站点-玉佛苑,玉佛苑,玉佛苑,快递,2025-04-22 18:05:31,,1,0.25,0,6.00,0.00,2.80,6-3.2,2,1914621559928967168,极兔快递,JT0016223872864,生活用品,浙江省,
玉佛苑_站点-玉佛苑,玉佛苑,玉佛苑,快递,2025-04-22 17:58:53,,0.4,1.01,-1,6.00,0.00,2.80,6-3.2,2,1914619890067492864,极兔快递,JT0016212222860,服饰,江苏省,
玉佛苑_站点-玉佛苑,玉佛苑,玉佛苑,快递,2025-04-22 17:46:10,,1,0.32,0,6.00,0.00,2.80,6-3.2,2,1914616685761843200,极兔快递,JT0016224329295,服饰,福建省,
玉佛苑_站点-玉佛苑,玉佛苑,玉佛苑,快递,2025-04-22 17:43:44,,1.2,1.04,0,8.00,0.00,4.08,51% ,2,1914616074366537728,极兔快递,JT0016220516339,服饰,山东省,
玉佛苑_站点-玉佛苑,玉佛苑,玉佛苑,快递,2025-04-22 16:53:33,,1,0.75,0,6.00,0.00,2.80,6-3.2,2,1914603442397958144,极兔快递,JT0016215191581,鞋,河北省,
玉佛苑_站点-玉佛苑,玉佛苑,玉佛苑,快递,2025-04-22 16:34:55,,1,0.34,0,6.00,0.00,2.80,6-3.2,2,1914598758266359808,极兔快递,JT0016222385201,服饰,广东省,
玉佛苑_站点-玉佛苑,玉佛苑,玉佛苑,快递,2025-04-22 15:55:08,,1.2,1.06,0,8.00,0.00,4.08,51% ,2,1914588742364876800,极兔快递,JT0016222600344,生活用品,广东省,
玉佛苑_站点-玉佛苑,玉佛苑,玉佛苑,快递,2025-04-22 15:44:43,,0.5,0.23,0,7.00,0.00,2.80,6-3.2,2,1914586123433070592,极兔快递,JT0016221373291,服饰,上海市,
玉佛苑_站点-玉佛苑,玉佛苑,玉佛苑,快递,2025-04-22 15:43:03,,0.8,0.2,0,7.00,0.00,2.80,6-3.2,2,1914585695240769536,极兔快递,JT0016212517050,服饰,上海市,
玉佛苑_站点-玉佛苑,玉佛苑,玉佛苑,快递,2025-04-22 15:39:16,,1,0.32,0,6.00,0.00,2.80,6-3.2,2,1914584752382201856,极兔快递,JT0016221805242,服饰,吉林省,
玉佛苑_站点-玉佛苑,玉佛苑,玉佛苑,快递,2025-04-22 15:09:15,,1,0.44,0,6.00,0.00,2.80,6-3.2,2,1914577198809796608,极兔快递,JT0016220676439,服饰,广东省,
玉佛苑_站点-玉佛苑,玉佛苑,玉佛苑,快递,2025-04-22 14:41:15,,1,0.24,0,6.00,0.00,2.80,6-3.2,2,1914570149346594816,极兔快递,JT0016220360848,服饰,湖北省,
玉佛苑_站点-玉佛苑,玉佛苑,玉佛苑,快递,2025-04-22 13:53:15,,1,0.75,0,6.00,0.00,2.80,6-3.2,2,1914558074981371904,极兔快递,JT0016218501383,服饰,山东省,
玉佛苑_站点-玉佛苑,玉佛苑,玉佛苑,快递,2025-04-22 13:50:51,,0.6,0.25,0,6.00,0.00,2.80,6-3.2,2,1914557460150931456,极兔快递,JT0016216737122,服饰,广东省,
玉佛苑_站点-玉佛苑,玉佛苑,玉佛苑,快递,2025-04-22 13:49:48,,0.6,0.25,0,6.00,0.00,2.80,6-3.2,2,1914557204017369088,极兔快递,JT0016218191220,服饰,广东省,
玉佛苑_站点-玉佛苑,玉佛苑,玉佛苑,快递,2025-04-22 13:17:13,,1,0.69,0,6.00,0.00,2.80,6-3.2,2,1914549004304044032,极兔快递,JT0016213692724,鞋,福建省,
玉佛苑_站点-玉佛苑,玉佛苑,玉佛苑,快递,2025-04-22 13:08:48,,0.5,0.2,0,6.00,0.00,2.80,6-3.2,2,1914546881814253568,极兔快递,JT0016216277726,生活用品,安徽省,
玉佛苑_站点-玉佛苑,玉佛苑,玉佛苑,快递,2025-04-22 12:51:19,,1,0.59,0,6.00,0.00,2.80,6-3.2,2,1914542488637329408,极兔快递,JT0016216981037,服饰,浙江省,
玉佛苑_站点-玉佛苑,玉佛苑,玉佛苑,快递,2025-04-22 12:20:10,,2,1.35,0,8.00,0.00,4.08,51% ,2,1914534650384928768,极兔快递,JT0016217928695,包,陕西省,
玉佛苑_站点-玉佛苑,玉佛苑,玉佛苑,快递,2025-04-22 12:17:33,,0.8,0.64,0,6.00,0.00,2.80,6-3.2,2,1914533988125298688,极兔快递,JT0016217012572,食品,河南省,
玉佛苑_站点-玉佛苑,玉佛苑,玉佛苑,快递,2025-04-22 12:15:03,,1,1.01,-1,6.00,0.00,2.80,6-3.2,2,1914533358606405632,极兔快递,JT0016215200315,食品,云南省,
玉佛苑_站点-玉佛苑,玉佛苑,玉佛苑,快递,2025-04-22 11:47:28,,1,0.2,0,6.00,0.00,2.80,6-3.2,2,1914526411400335360,极兔快递,JT0016214619246,鞋,福建省,
玉佛苑_站点-玉佛苑,玉佛苑,玉佛苑,快递,2025-04-22 11:46:29,,1,0.4,0,6.00,0.00,2.80,6-3.2,2,1914526166008385536,极兔快递,JT0016216671890,鞋,浙江省,
玉佛苑_站点-玉佛苑,玉佛苑,玉佛苑,快递,2025-04-22 10:26:08,,0.4,0.2,0,6.00,0.00,2.80,6-3.2,2,1914505950025142272,极兔快递,JT0016209471147,服饰,广东省,
玉佛苑_站点-玉佛苑,玉佛苑,玉佛苑,快递,2025-04-22 09:40:04,,0.6,0.27,0,7.00,0.00,2.80,6-3.2,2,1914494356763365376,极兔快递,JT0016206324790,服饰,上海市,
玉佛苑_站点-玉佛苑,玉佛苑,玉佛苑,干洗,2025-04-22 08:50:52,,,,,24.80,,7.44,30%,,1914481974259404800,干洗,,"棉服_毛呢_羽绒服   *   1",,
玉佛苑_站点-玉佛苑,玉佛苑,玉佛苑,快递,2025-04-22 08:47:04,,1,0.56,0,6.00,0.00,2.80,6-3.2,2,1914481021535834112,极兔快递,JT0016208170635,易碎品,浙江省,
玉佛苑_站点-玉佛苑,玉佛苑,玉佛苑,快递,2025-04-22 08:42:02,,0.6,0.2,0,6.00,0.00,2.80,6-3.2,2,1914479742218588160,极兔快递,JT0016212380634,服饰,广东省,
玉佛苑_站点-玉佛苑,玉佛苑,玉佛苑,快递,2025-04-21 21:47:41,,1.5,1.32,0,8.00,0.00,4.08,51% ,2,1914315073835159552,极兔快递,JT0016210302490,鞋,广东省,
玉佛苑_站点-玉佛苑,玉佛苑,玉佛苑,快递,2025-04-21 21:34:57,,1,0.74,0,6.00,0.00,2.80,6-3.2,2,1914311867004538880,极兔快递,JT0016205303122,服饰,广东省,
玉佛苑_站点-玉佛苑,玉佛苑,玉佛苑,快递,2025-04-21 21:33:52,,1,0.2,0,6.00,0.00,2.80,6-3.2,2,1914311603245731840,极兔快递,JT0016201836366,服饰,浙江省,
玉佛苑_站点-玉佛苑,玉佛苑,玉佛苑,快递,2025-04-21 21:10:07,,0.4,0.2,0,6.00,0.00,2.80,6-3.2,2,1914305622130479104,极兔快递,JT0016208002076,服饰,河北省,
玉佛苑_站点-玉佛苑,玉佛苑,玉佛苑,快递,2025-04-21 21:05:02,,0.3,0.2,0,6.00,0.00,2.80,6-3.2,2,1914304346659409920,极兔快递,JT0016209848187,服饰,广东省,
玉佛苑_站点-玉佛苑,玉佛苑,玉佛苑,快递,2025-04-21 21:03:45,,1,0.5,0,6.00,0.00,2.80,6-3.2,2,1914304024159375360,极兔快递,JT0016210870377,服饰,河北省,
玉佛苑_站点-玉佛苑,玉佛苑,玉佛苑,快递,2025-04-21 21:02:01,,1,0.33,0,6.00,0.00,2.80,6-3.2,2,1914303585422594048,极兔快递,JT0016209297817,服饰,浙江省,
玉佛苑_站点-玉佛苑,玉佛苑,玉佛苑,快递,2025-04-21 21:00:54,,1,0.59,0,6.00,0.00,2.80,6-3.2,2,1914303306128084992,极兔快递,JT0016201287816,服饰,广东省,
玉佛苑_站点-玉佛苑,玉佛苑,玉佛苑,快递,2025-04-21 20:51:24,,0.5,0.26,0,6.00,0.00,2.80,6-3.2,2,1914300914141679616,极兔快递,JT0016206284342,服饰,广东省,
玉佛苑_站点-玉佛苑,玉佛苑,玉佛苑,快递,2025-04-21 20:38:52,,0.5,0.2,0,6.00,0.00,2.80,6-3.2,2,1914297762197721088,极兔快递,JT0016209220917,饰品,浙江省,
玉佛苑_站点-玉佛苑,玉佛苑,玉佛苑,快递,2025-04-21 20:30:09,,1,0.33,0,6.00,0.00,2.80,6-3.2,2,1914295565468749824,极兔快递,JT0016201569286,服饰,浙江省,
玉佛苑_站点-玉佛苑,玉佛苑,玉佛苑,快递,2025-04-21 20:19:21,,1,0.2,0,6.00,0.00,2.80,6-3.2,2,1914292852509036544,极兔快递,JT0016208333120,鞋,浙江省,
玉佛苑_站点-玉佛苑,玉佛苑,玉佛苑,快递,2025-04-21 20:17:44,,1,0.46,0,6.00,0.00,2.80,6-3.2,2,1914292444667498496,极兔快递,JT0016208150449,服饰,广东省,
玉佛苑_站点-玉佛苑,玉佛苑,玉佛苑,快递,2025-04-21 20:15:13,,1,0.24,0,6.00,0.00,2.80,6-3.2,2,1914291808970395648,极兔快递,JT0016208349519,服饰,浙江省,
玉佛苑_站点-玉佛苑,玉佛苑,玉佛苑,快递,2025-04-21 20:05:40,,1,0.36,0,6.00,0.00,2.80,6-3.2,2,1914289405499985920,极兔快递,JT0016206406440,鞋,江西省,
玉佛苑_站点-玉佛苑,玉佛苑,玉佛苑,快递,2025-04-21 20:02:17,,1,0.38,0,6.00,0.00,2.80,6-3.2,2,1914288552990920704,极兔快递,JT0016209554968,服饰,黑龙江省,
玉佛苑_站点-玉佛苑,玉佛苑,玉佛苑,快递,2025-04-21 19:55:53,,2,1.03,0,8.00,0.00,4.08,51% ,2,1914286946899644416,极兔快递,JT0016201092170,鞋,福建省,
玉佛苑_站点-玉佛苑,玉佛苑,玉佛苑,快递,2025-04-21 19:54:23,,2,0.91,1,8.00,0.00,4.08,51% ,2,1914286564815327232,极兔快递,JT0016208487347,鞋,福建省,
玉佛苑_站点-玉佛苑,玉佛苑,玉佛苑,快递,2025-04-21 19:53:15,,0.5,0.2,0,6.00,0.00,2.80,6-3.2,2,1914286279917228032,极兔快递,JT0016209352740,服饰,河北省,
玉佛苑_站点-玉佛苑,玉佛苑,玉佛苑,快递,2025-04-21 19:52:21,,2,1.17,0,8.00,0.00,4.08,51% ,2,1914286056050446336,极兔快递,JT0016204493464,鞋,福建省,
玉佛苑_站点-玉佛苑,玉佛苑,玉佛苑,快递,2025-04-21 19:43:53,,8,7.18,0,24.00,7.50,12.00,50% ,2,1914283923615961088,极兔快递,JT0016201767314,生活用品,山东省,
玉佛苑_站点-玉佛苑,玉佛苑,玉佛苑,快递,2025-04-21 19:37:41,,1,0.47,0,6.00,0.00,2.80,6-3.2,2,1914282342145249280,极兔快递,JT0016208774057,鞋,福建省,
玉佛苑_站点-玉佛苑,玉佛苑,玉佛苑,快递,2025-04-21 19:36:48,,1,0.5,0,6.00,0.00,2.80,6-3.2,2,1914282136343334912,极兔快递,JT0016207616972,鞋,福建省,
玉佛苑_站点-玉佛苑,玉佛苑,玉佛苑,快递,2025-04-21 19:36:13,,1,0.52,0,6.00,0.00,2.80,6-3.2,2,1914281995754459136,极兔快递,JT0016209842161,鞋,浙江省,
玉佛苑_站点-玉佛苑,玉佛苑,玉佛苑,快递,2025-04-21 19:26:43,,0.5,0.2,0,6.00,0.00,2.80,6-3.2,2,1914279606754398208,极兔快递,JT0016201354710,鞋,浙江省,
玉佛苑_站点-玉佛苑,玉佛苑,玉佛苑,快递,2025-04-21 19:14:07,,1,0.44,0,6.00,0.00,2.80,6-3.2,2,1914276426016542720,极兔快递,JT0016208725589,服饰,辽宁省,
玉佛苑_站点-玉佛苑,玉佛苑,玉佛苑,快递,2025-04-21 19:13:26,,1,0.66,0,6.00,0.00,2.80,6-3.2,2,1914276260450586624,极兔快递,JT0016209686141,服饰,辽宁省,
玉佛苑_站点-玉佛苑,玉佛苑,玉佛苑,快递,2025-04-21 19:10:06,,1,0.89,0,6.00,0.00,2.80,6-3.2,2,1914275422676111360,极兔快递,JT0016209618170,服饰,山东省,
玉佛苑_站点-玉佛苑,玉佛苑,玉佛苑,快递,2025-04-21 19:07:59,,0.5,0.2,0,6.00,0.00,2.80,6-3.2,2,1914274601242644480,极兔快递,JT0016209303394,帽子,浙江省,
玉佛苑_站点-玉佛苑,玉佛苑,玉佛苑,快递,2025-04-21 19:04:36,,0.4,0.2,0,6.00,0.00,2.80,6-3.2,2,1914274036970344448,极兔快递,JT0016208936559,帽子,浙江省,
玉佛苑_站点-玉佛苑,玉佛苑,玉佛苑,快递,2025-04-21 18:56:47,,0.6,0.2,0,6.00,0.00,2.80,6-3.2,2,1914272059326648320,极兔快递,JT0016200244148,服饰,河北省,
玉佛苑_站点-玉佛苑,玉佛苑,玉佛苑,快递,2025-04-21 18:40:06,,1,0.47,0,6.00,0.00,2.80,6-3.2,2,1914267873985875968,极兔快递,JT0016207465936,鞋,河北省,
玉佛苑_站点-玉佛苑,玉佛苑,玉佛苑,快递,2025-04-21 18:17:29,,0.4,0.25,0,6.00,0.00,2.80,6-3.2,2,1914262179337392128,极兔快递,JT0016207768941,生活用品,安徽省,
玉佛苑_站点-玉佛苑,玉佛苑,玉佛苑,快递,2025-04-21 18:15:54,,0.4,0.2,0,6.00,0.00,2.80,6-3.2,2,1914261781411188736,极兔快递,JT0016207895529,其他,广东省,
玉佛苑_站点-玉佛苑,玉佛苑,玉佛苑,快递,2025-04-21 18:13:45,,12,11.99,0,36.00,13.50,18.00,50% ,2,1914261243139379200,极兔快递,JT0016208212169,胶带,广东省,
玉佛苑_站点-玉佛苑,玉佛苑,玉佛苑,快递,2025-04-21 17:53:10,,0.4,0.2,0,6.00,0.00,2.80,6-3.2,2,1914256054265237504,极兔快递,JT0016203094434,服饰,山东省,
玉佛苑_站点-玉佛苑,玉佛苑,玉佛苑,快递,2025-04-21 17:52:38,,0.4,0.2,0,6.00,0.00,2.80,6-3.2,2,1914255924728352768,极兔快递,JT0016204730785,服饰,山东省,
玉佛苑_站点-玉佛苑,玉佛苑,玉佛苑,快递,2025-04-21 17:40:33,,0.6,0.2,0,6.00,0.00,2.80,6-3.2,2,1914252886856880128,极兔快递,JT0016197269861,服饰,江苏省,
玉佛苑_站点-玉佛苑,玉佛苑,玉佛苑,快递,2025-04-21 15:53:20,,1,0.33,0,6.00,0.00,2.80,6-3.2,2,1914225904400932864,极兔快递,JT0016205507232,服饰,广东省,
玉佛苑_站点-玉佛苑,玉佛苑,玉佛苑,快递,2025-04-21 14:52:55,,1,0.68,0,6.00,0.00,2.80,6-3.2,2,1914210701286252544,极兔快递,JT0016202372719,鞋,四川省,
玉佛苑_站点-玉佛苑,玉佛苑,玉佛苑,快递,2025-04-21 13:50:24,,0.4,0.28,0,6.00,0.00,2.80,6-3.2,2,1914194967730528256,极兔快递,JT0016201300931,服饰,陕西省,
玉佛苑_站点-玉佛苑,玉佛苑,玉佛苑,快递,2025-04-21 12:34:06,,1,0.68,0,6.00,0.00,2.80,6-3.2,2,1914175761458864128,极兔快递,JT0016201080509,生活用品,广东省,
玉佛苑_站点-玉佛苑,玉佛苑,玉佛苑,快递,2025-04-21 12:18:59,,15,14.27,0,45.00,18.00,22.50,50% ,2,1914171964925878272,极兔快递,JT0016199173364,服饰,河南省,
玉佛苑_站点-玉佛苑,玉佛苑,玉佛苑,快递,2025-04-21 11:49:43,,1.3,1.16,0,8.00,0.00,4.08,51% ,2,1914164597081448448,极兔快递,JT0016190571851,服饰,山东省,
玉佛苑_站点-玉佛苑,玉佛苑,玉佛苑,快递,2025-04-21 11:48:40,,0.6,0.47,0,6.00,0.00,2.80,6-3.2,2,1914164330290159616,极兔快递,JT0016197779112,服饰,广东省,
玉佛苑_站点-玉佛苑,玉佛苑,玉佛苑,快递,2025-04-21 10:33:19,,0.5,0.2,0,6.00,0.00,2.80,6-3.2,2,1914145367271350272,极兔快递,JT0016197615122,其他,山东省,
玉佛苑_站点-玉佛苑,玉佛苑,玉佛苑,快递,2025-04-21 10:14:02,,0.5,0.2,0,6.00,0.00,2.80,6-3.2,2,1914140513564041216,极兔快递,JT0016197090715,服饰,浙江省,
玉佛苑_站点-玉佛苑,玉佛苑,玉佛苑,快递,2025-04-21 10:13:14,,1,0.2,0,6.00,0.00,2.80,6-3.2,2,1914140310027051008,极兔快递,JT0016196756830,服饰,浙江省,
玉佛苑_站点-玉佛苑,玉佛苑,玉佛苑,快递,2025-04-21 10:12:10,,0.4,0.2,0,6.00,0.00,2.80,6-3.2,2,1914140046398267392,极兔快递,JT0016196014330,服饰,广东省,
玉佛苑_站点-玉佛苑,玉佛苑,玉佛苑,快递,2025-04-21 09:12:30,,1,0.45,0,6.00,0.00,2.80,6-3.2,2,1914125029594570752,极兔快递,JT0016194050472,服饰,浙江省,
玉佛苑_站点-玉佛苑,玉佛苑,玉佛苑,快递,2025-04-21 08:31:14,,2,1.09,0,8.00,0.00,4.08,51% ,2,1914114634188267520,极兔快递,JT0016194723680,服饰,辽宁省,
玉佛苑_站点-玉佛苑,玉佛苑,玉佛苑,干洗,2025-04-21 08:15:42,,,,,15.00,,4.50,30%,,1914110733246472192,干洗,,"衬衣长袖   *   1",,
玉佛苑_站点-玉佛苑,玉佛苑,玉佛苑,快递,2025-04-21 07:36:26,,1,0.73,0,6.00,0.00,2.80,6-3.2,2,1914100851545939968,极兔快递,JT0016193309825,鞋,广东省,
玉佛苑_站点-玉佛苑,玉佛苑,玉佛苑,快递,2025-04-20 21:32:40,,0.3,0.2,0,6.00,0.00,2.80,6-3.2,2,1913948912908705792,极兔快递,JT0016190390362,生活用品,广东省,
玉佛苑_站点-玉佛苑,玉佛苑,玉佛苑,快递,2025-04-20 20:56:31,,4,6.52,-3,12.00,6.00,6.00,50% ,2,1913939803853496320,极兔快递,JT0016188266803,生活用品,浙江省,
玉佛苑_站点-玉佛苑,玉佛苑,玉佛苑,快递,2025-04-20 20:19:56,,1,0.73,0,6.00,0.00,2.80,6-3.2,2,1913930610345975808,极兔快递,JT0016191699676,服饰,云南省,
玉佛苑_站点-玉佛苑,玉佛苑,玉佛苑,快递,2025-04-20 20:17:50,,1.5,1.32,0,8.00,0.00,4.08,51% ,2,1913930082396348416,极兔快递,JT0016179119134,鞋,浙江省,
玉佛苑_站点-玉佛苑,玉佛苑,玉佛苑,快递,2025-04-20 20:16:25,,0.5,0.2,0,6.00,0.00,2.80,6-3.2,2,1913929725582712832,极兔快递,JT0016186554584,服饰,江苏省,
玉佛苑_站点-玉佛苑,玉佛苑,玉佛苑,快递,2025-04-20 20:13:48,,0.3,0.2,0,6.00,0.00,2.80,6-3.2,2,1913929063906091008,极兔快递,JT0016191250725,生活用品,江苏省,
玉佛苑_站点-玉佛苑,玉佛苑,玉佛苑,快递,2025-04-20 19:44:27,,1,0.24,0,6.00,0.00,2.80,6-3.2,2,1913921676713336832,极兔快递,JT0016192177509,服饰,四川省,
玉佛苑_站点-玉佛苑,玉佛苑,玉佛苑,快递,2025-04-20 19:43:19,,0.4,0.2,0,6.00,0.00,2.80,6-3.2,2,1913921387511881728,极兔快递,JT0016192089032,服饰,河南省,
玉佛苑_站点-玉佛苑,玉佛苑,玉佛苑,快递,2025-04-20 19:42:45,,0.5,0.2,0,6.00,0.00,2.80,6-3.2,2,1913921252165885952,极兔快递,JT0016188781050,服饰,江苏省,
玉佛苑_站点-玉佛苑,玉佛苑,玉佛苑,快递,2025-04-20 19:41:20,,1,0.52,0,6.00,0.00,2.80,6-3.2,2,1913920895289335808,极兔快递,JT0016188306001,鞋,福建省,
玉佛苑_站点-玉佛苑,玉佛苑,玉佛苑,快递,2025-04-20 19:24:50,,1,0.41,0,6.00,0.00,2.80,6-3.2,2,1913916743138091008,极兔快递,JT0016191716419,服饰,湖北省,
玉佛苑_站点-玉佛苑,玉佛苑,玉佛苑,快递,2025-04-20 19:16:56,,1.5,0.2,1,8.00,0.00,4.08,51% ,2,1913914752697573376,极兔快递,JT0016186495133,服饰,吉林省,
玉佛苑_站点-玉佛苑,玉佛苑,玉佛苑,快递,2025-04-20 18:30:50,,1,0.48,0,6.00,0.00,2.80,6-3.2,2,1913903156592058368,极兔快递,JT0016191477656,服饰,湖南省,
玉佛苑_站点-玉佛苑,玉佛苑,玉佛苑,快递,2025-04-20 18:28:12,,0.4,0.36,0,6.00,0.00,2.80,6-3.2,2,1913902491983618048,极兔快递,JT0016183041775,服饰,江苏省,
玉佛苑_站点-玉佛苑,玉佛苑,玉佛苑,快递,2025-04-20 18:27:01,,1.2,1.2,0,8.00,0.00,4.08,51% ,2,1913902195119169536,极兔快递,JT0016190555755,服饰,广东省,
玉佛苑_站点-玉佛苑,玉佛苑,玉佛苑,快递,2025-04-20 18:26:12,,1,0.9,0,6.00,0.00,2.80,6-3.2,2,1913901985697570816,极兔快递,JT0016191027077,鞋,福建省,
玉佛苑_站点-玉佛苑,玉佛苑,玉佛苑,快递,2025-04-20 18:24:34,,1,0.2,0,6.00,0.00,2.80,6-3.2,2,1913901579336622080,极兔快递,JT0016190904035,服饰,广东省,
玉佛苑_站点-玉佛苑,玉佛苑,玉佛苑,快递,2025-04-20 18:22:53,,1,0.68,0,6.00,0.00,2.80,6-3.2,2,1913901152528441344,极兔快递,JT0016190742849,其他,山东省,
玉佛苑_站点-玉佛苑,玉佛苑,玉佛苑,快递,2025-04-20 18:15:43,,1,0.2,0,7.00,0.00,2.80,6-3.2,2,1913899347157393408,极兔快递,JT0016184202123,服饰,北京市,
玉佛苑_站点-玉佛苑,玉佛苑,玉佛苑,快递,2025-04-20 18:14:13,,2,1.36,0,8.00,0.00,4.08,51% ,2,1913898970294984704,极兔快递,JT0016185566372,鞋,辽宁省,
玉佛苑_站点-玉佛苑,玉佛苑,玉佛苑,快递,2025-04-20 18:06:46,,1,0.57,0,6.00,0.00,2.80,6-3.2,2,1913897098834288640,极兔快递,JT0016191406416,服饰,广东省,
玉佛苑_站点-玉佛苑,玉佛苑,玉佛苑,快递,2025-04-16 20:23:07,2025-04-20 09:56:42,1,,,6.00,,0.00,,2,1912481854466232320,邮政快递,9444267140542,其他,陕西省,已全额退款
玉佛苑_站点-玉佛苑,玉佛苑,玉佛苑,快递,2025-04-20 17:44:18,,0.6,0.2,0,6.00,0.00,2.80,6-3.2,2,1913891441359921152,极兔快递,JT0016190849480,生活用品,广东省,
玉佛苑_站点-玉佛苑,玉佛苑,玉佛苑,快递,2025-04-20 17:03:12,,13,12.17,0,39.00,15.00,19.50,50% ,2,1913881097212207104,极兔快递,JT0016187842432,汽车配件,广东省,
玉佛苑_站点-玉佛苑,玉佛苑,玉佛苑,快递,2025-04-20 16:53:44,,1,0.45,0,6.00,0.00,2.80,6-3.2,2,1913878713626992640,极兔快递,JT0016187836787,服饰,江苏省,
玉佛苑_站点-玉佛苑,玉佛苑,玉佛苑,快递,2025-04-20 16:17:38,,1,0.2,0,6.00,0.00,2.80,6-3.2,2,1913869619407036416,极兔快递,JT0016183060340,玩具,广东省,
玉佛苑_站点-玉佛苑,玉佛苑,玉佛苑,快递,2025-04-20 15:52:10,,1,0.74,0,6.00,0.00,2.80,6-3.2,2,1913863174649225216,极兔快递,JT0016187285201,鞋,浙江省,
玉佛苑_站点-玉佛苑,玉佛苑,玉佛苑,快递,2025-04-20 15:30:24,,1,0.48,0,6.00,0.00,2.80,6-3.2,2,1913857734389473280,极兔快递,JT0016187205675,生活用品,浙江省,
玉佛苑_站点-玉佛苑,玉佛苑,玉佛苑,快递,2025-04-20 15:29:23,,0.4,0.2,0,6.00,0.00,2.80,6-3.2,2,1913857492701093888,极兔快递,JT0016186392648,服饰,广东省,
玉佛苑_站点-玉佛苑,玉佛苑,玉佛苑,快递,2025-04-20 15:25:41,,1,0.32,0,6.00,0.00,2.80,6-3.2,2,1913856561179729920,极兔快递,JT0016181343975,服饰,广东省,
玉佛苑_站点-玉佛苑,玉佛苑,玉佛苑,快递,2025-04-20 15:24:33,,1,0.22,0,6.00,0.00,2.80,6-3.2,2,1913856272078938112,极兔快递,JT0016187498891,服饰,山东省,
玉佛苑_站点-玉佛苑,玉佛苑,玉佛苑,快递,2025-04-20 13:37:22,,0.3,0.2,0,6.00,0.00,2.80,6-3.2,2,1913829302091849728,极兔快递,JT0016185638943,服饰,河北省,
玉佛苑_站点-玉佛苑,玉佛苑,玉佛苑,快递,2025-04-20 13:36:14,,0.5,0.24,0,6.00,0.00,2.80,6-3.2,2,1913829015822213120,极兔快递,JT0016185158023,服饰,浙江省,
玉佛苑_站点-玉佛苑,玉佛苑,玉佛苑,快递,2025-04-20 13:35:07,,7,7.42,-1,21.00,7.50,10.50,50% ,2,1913828736791945216,极兔快递,JT0016176984327,滑板车,河北省,
玉佛苑_站点-玉佛苑,玉佛苑,玉佛苑,快递,2025-04-20 13:31:28,,1,0.82,0,6.00,0.00,2.80,6-3.2,2,1913827815605346304,极兔快递,JT0016180540765,服饰,江苏省,
玉佛苑_站点-玉佛苑,玉佛苑,玉佛苑,快递,2025-04-20 13:30:14,,0.5,0.2,0,6.00,0.00,2.80,6-3.2,2,1913827505788887040,极兔快递,JT0016177018603,服饰,江苏省,
玉佛苑_站点-玉佛苑,玉佛苑,玉佛苑,快递,2025-04-20 13:25:43,,1,0.35,0,6.00,0.00,2.80,6-3.2,2,1913826362430005248,极兔快递,JT0016184709754,服饰,浙江省,
玉佛苑_站点-玉佛苑,玉佛苑,玉佛苑,快递,2025-04-20 13:25:04,,1,0.29,0,6.00,0.00,2.80,6-3.2,2,1913826206561280000,极兔快递,JT0016180915285,服饰,河北省,
玉佛苑_站点-玉佛苑,玉佛苑,玉佛苑,快递,2025-04-20 13:19:27,,1,0.2,0,6.00,0.00,2.80,6-3.2,2,1913824790270648320,极兔快递,JT0016185949239,生活用品,广东省,
玉佛苑_站点-玉佛苑,玉佛苑,玉佛苑,快递,2025-04-20 13:18:13,,1,0.62,0,6.00,0.00,2.80,6-3.2,2,1913824476536709120,极兔快递,JT0016183355102,服饰,浙江省,
玉佛苑_站点-玉佛苑,玉佛苑,玉佛苑,快递,2025-04-20 13:06:32,,0.4,0.2,0,6.00,0.00,2.80,6-3.2,2,1913821541455044608,极兔快递,JT0016171916445,生活用品,浙江省,
玉佛苑_站点-玉佛苑,玉佛苑,玉佛苑,快递,2025-04-20 12:57:12,,1,0.32,0,6.00,0.00,2.80,6-3.2,2,1913819192682553344,极兔快递,JT0016183660766,服饰,浙江省,
玉佛苑_站点-玉佛苑,玉佛苑,玉佛苑,快递,2025-04-20 12:51:08,2025-04-20 04:53:27,0.5,,,6.00,,0.00,,2,1913817664781492224,极兔快递,JT0016182132888,服饰,浙江省,已全额退款
玉佛苑_站点-玉佛苑,玉佛苑,玉佛苑,快递,2025-04-20 12:52:45,,0.5,,,6.00,,2.52,42% ,2,1913818011520409600,申通快递,772040311091580,服饰,浙江省,
玉佛苑_站点-玉佛苑,玉佛苑,玉佛苑,快递,2025-04-20 12:06:07,,1,0.2,0,6.00,0.00,2.80,6-3.2,2,1913806334108311552,极兔快递,JT0016181633726,服饰,广东省,
玉佛苑_站点-玉佛苑,玉佛苑,玉佛苑,快递,2025-04-20 10:36:52,,1,0.37,0,6.00,0.00,2.80,6-3.2,2,1913783859739828224,极兔快递,JT0016181341005,服饰,浙江省,
玉佛苑_站点-玉佛苑,玉佛苑,玉佛苑,快递,2025-04-20 09:04:42,,0.4,0.2,0,6.00,0.00,2.80,6-3.2,2,1913760668111806464,极兔快递,JT0016176271037,服饰,江苏省,
玉佛苑_站点-玉佛苑,玉佛苑,玉佛苑,干洗,2025-04-20 08:44:46,,,,,98.00,,29.40,30%,,1913755664319717376,干洗,,"清洗普通羽绒服2件不分长短49元   *   1
清洗普通羽绒服2件不分长短49元   *   1
清洗普通羽绒服2件不分长短49元   *   1
清洗普通羽绒服2件不分长短49元   *   1",,
玉佛苑_站点-玉佛苑,玉佛苑,玉佛苑,干洗,2025-04-19 22:03:54,,,,,29.70,,8.91,30%,,1913594383482691584,干洗,,"清洗鞋19.8元两双   *   1
磨砂鞋   *   1",,
玉佛苑_站点-玉佛苑,玉佛苑,玉佛苑,干洗,2025-04-19 22:01:51,,,,,19.80,,5.94,30%,,1913593866673135616,干洗,,"清洗鞋19.8元两双   *   1
清洗鞋19.8元两双   *   1",,
玉佛苑_站点-玉佛苑,玉佛苑,玉佛苑,快递,2025-04-19 21:37:55,,1,0.67,0,6.00,0.00,2.80,6-3.2,2,1913587838040612864,极兔快递,JT0016176678836,服饰,广西壮族自治区,
玉佛苑_站点-玉佛苑,玉佛苑,玉佛苑,快递,2025-04-19 21:37:16,,1,0.4,0,6.00,0.00,2.80,6-3.2,2,1913587681286889472,极兔快递,JT0016173000272,服饰,广东省,
玉佛苑_站点-玉佛苑,玉佛苑,玉佛苑,快递,2025-04-19 21:04:39,,1,0.4,0,6.00,0.00,2.80,6-3.2,2,1913579472459341824,极兔快递,JT0016178124635,服饰,浙江省,
玉佛苑_站点-玉佛苑,玉佛苑,玉佛苑,快递,2025-04-19 21:03:34,,1,0.39,0,6.00,0.00,2.80,6-3.2,2,1913579193676537856,极兔快递,JT0016171562754,服饰,广东省,
玉佛苑_站点-玉佛苑,玉佛苑,玉佛苑,快递,2025-04-19 21:02:53,,1,0.68,0,6.00,0.00,2.80,6-3.2,2,1913579018283327488,极兔快递,JT0016177228318,服饰,天津市,
玉佛苑_站点-玉佛苑,玉佛苑,玉佛苑,快递,2025-04-19 19:35:01,,1.2,1.08,0,8.00,0.00,4.08,51% ,2,1913556914842312704,极兔快递,JT0016172800579,纸尿裤,湖南省,
玉佛苑_站点-玉佛苑,玉佛苑,玉佛苑,快递,2025-04-19 19:31:58,,1,0.35,0,6.00,0.00,2.80,6-3.2,2,1913556147746054144,极兔快递,JT0016176613535,假发,河南省,
玉佛苑_站点-玉佛苑,玉佛苑,玉佛苑,快递,2025-04-19 19:30:21,,0.6,0.2,0,6.00,0.00,2.80,6-3.2,2,1913555740751765504,极兔快递,JT0016177190497,饰品,辽宁省,
玉佛苑_站点-玉佛苑,玉佛苑,玉佛苑,快递,2025-04-19 19:26:25,,3,2.28,0,10.00,0.00,5.50,55% ,2,1913554754037555200,极兔快递,JT0016174629624,鞋,福建省,
玉佛苑_站点-玉佛苑,玉佛苑,玉佛苑,快递,2025-04-19 19:24:11,,1.2,1.1,0,8.00,0.00,4.08,51% ,2,1913554188431466496,极兔快递,JT0016177757478,纸尿裤,广西壮族自治区,
玉佛苑_站点-玉佛苑,玉佛苑,玉佛苑,快递,2025-04-19 19:19:44,,0.6,0.2,0,6.00,0.00,2.80,6-3.2,2,1913553067197538304,极兔快递,JT0016174379355,服饰,江苏省,
玉佛苑_站点-玉佛苑,玉佛苑,玉佛苑,快递,2025-04-19 19:17:10,,1,0.61,0,6.00,0.00,2.80,6-3.2,2,1913552412630261760,极兔快递,JT0016178010156,服饰,广东省,
玉佛苑_站点-玉佛苑,玉佛苑,玉佛苑,快递,2025-04-19 19:12:11,,0.4,0.2,0,6.00,0.00,2.80,6-3.2,2,1913551166959722496,极兔快递,JT0016176036946,服饰,河北省,
玉佛苑_站点-玉佛苑,玉佛苑,玉佛苑,快递,2025-04-19 19:04:38,,0.6,0.32,0,6.00,0.00,2.80,6-3.2,2,1913549264691863552,极兔快递,JT0016158487746,服饰,浙江省,
玉佛苑_站点-玉佛苑,玉佛苑,玉佛苑,快递,2025-04-19 19:03:52,,0.4,0.2,0,6.00,0.00,2.80,6-3.2,2,1913549075163848704,极兔快递,JT0016173256241,服饰,浙江省,
玉佛苑_站点-玉佛苑,玉佛苑,玉佛苑,快递,2025-04-19 19:00:41,,1,0.4,0,6.00,0.00,2.80,6-3.2,2,1913548277235261440,极兔快递,JT0016176625140,鞋,广东省,
玉佛苑_站点-玉佛苑,玉佛苑,玉佛苑,快递,2025-04-19 18:58:42,,1,0.66,0,6.00,0.00,2.80,6-3.2,2,1913547777311973376,极兔快递,JT0016176794242,服饰,广东省,
玉佛苑_站点-玉佛苑,玉佛苑,玉佛苑,快递,2025-04-19 18:57:58,,3,2.82,0,10.00,0.00,5.50,55% ,2,1913547594993967104,极兔快递,JT0016174337225,服饰,广东省,
玉佛苑_站点-玉佛苑,玉佛苑,玉佛苑,快递,2025-04-19 18:54:08,,1,0.93,0,6.00,0.00,2.80,6-3.2,2,1913546624205529088,极兔快递,JT0016176686795,鞋,山东省,
玉佛苑_站点-玉佛苑,玉佛苑,玉佛苑,快递,2025-04-19 18:42:09,,1,0.2,0,6.00,0.00,2.80,6-3.2,2,1913543606852591616,极兔快递,JT0016175294247,服饰,广东省,
玉佛苑_站点-玉佛苑,玉佛苑,玉佛苑,快递,2025-04-19 18:41:21,,1,0.23,0,6.00,0.00,2.80,6-3.2,2,1913543405836378112,极兔快递,JT0016174130246,服饰,广东省,
玉佛苑_站点-玉佛苑,玉佛苑,玉佛苑,快递,2025-04-19 18:40:40,,1,0.29,0,6.00,0.00,2.80,6-3.2,2,1913543234029297664,极兔快递,JT0016175238525,生活用品,山东省,
玉佛苑_站点-玉佛苑,玉佛苑,玉佛苑,快递,2025-04-19 18:39:49,,0.4,0.2,0,6.00,0.00,2.80,6-3.2,2,1913543023894667264,极兔快递,JT0016176456150,生活用品,浙江省,
玉佛苑_站点-玉佛苑,玉佛苑,玉佛苑,快递,2025-04-19 18:34:29,,1,0.2,0,6.00,0.00,2.80,6-3.2,2,1913541682333949952,极兔快递,JT0016176214338,服饰,浙江省,
玉佛苑_站点-玉佛苑,玉佛苑,玉佛苑,快递,2025-04-19 18:24:53,,0.4,0.2,0,6.00,0.00,2.80,6-3.2,2,1913539260379242496,极兔快递,JT0016173390317,服饰,广东省,
玉佛苑_站点-玉佛苑,玉佛苑,玉佛苑,快递,2025-04-19 18:23:56,,0.4,0.2,0,6.00,0.00,2.80,6-3.2,2,1913539028094492672,极兔快递,JT0016176858610,服饰,广东省,
玉佛苑_站点-玉佛苑,玉佛苑,玉佛苑,快递,2025-04-19 18:22:34,,0.4,0.63,0,6.00,0.00,2.80,6-3.2,2,1913538684354502656,极兔快递,JT0016176860681,服饰,广东省,
玉佛苑_站点-玉佛苑,玉佛苑,玉佛苑,快递,2025-04-19 18:21:23,,0.4,0.2,0,6.00,0.00,2.80,6-3.2,2,1913538387448111104,极兔快递,JT0016172560551,服饰,广东省,
玉佛苑_站点-玉佛苑,玉佛苑,玉佛苑,快递,2025-04-19 18:15:26,,1,0.46,0,6.00,0.00,2.80,6-3.2,2,1913536891541200896,极兔快递,JT0016176574814,服饰,广东省,
玉佛苑_站点-玉佛苑,玉佛苑,玉佛苑,快递,2025-04-19 18:14:11,,1,0.34,0,6.00,0.00,2.80,6-3.2,2,1913536575202598912,极兔快递,JT0016177089471,服饰,广东省,
玉佛苑_站点-玉佛苑,玉佛苑,玉佛苑,快递,2025-04-19 18:06:39,,1,0.38,0,6.00,0.00,2.80,6-3.2,2,1913534679800815616,极兔快递,JT0016176445850,服饰,浙江省,
玉佛苑_站点-玉佛苑,玉佛苑,玉佛苑,快递,2025-04-19 18:04:58,,1,0.52,0,6.00,0.00,2.80,6-3.2,2,1913534257287602176,极兔快递,JT0016174029720,服饰,广东省,
玉佛苑_站点-玉佛苑,玉佛苑,玉佛苑,快递,2025-04-19 18:01:21,,1,0.45,0,6.00,0.00,2.80,6-3.2,2,1913533344367976448,极兔快递,JT0016175658951,服饰,广东省,
玉佛苑_站点-玉佛苑,玉佛苑,玉佛苑,快递,2025-04-19 17:58:10,,0.4,0.2,0,6.00,0.00,2.80,6-3.2,2,1913532540709969920,极兔快递,JT0016174915629,耳机,广东省,
玉佛苑_站点-玉佛苑,玉佛苑,玉佛苑,快递,2025-04-19 17:52:24,,1,0.42,0,6.00,0.00,2.80,6-3.2,2,1913531094572670976,极兔快递,JT0016173163157,服饰,湖南省,
玉佛苑_站点-玉佛苑,玉佛苑,玉佛苑,快递,2025-04-19 17:47:49,,1,0.35,0,6.00,0.00,2.80,6-3.2,2,1913529933614489600,极兔快递,JT0016174503446,服饰,浙江省,
玉佛苑_站点-玉佛苑,玉佛苑,玉佛苑,快递,2025-04-19 17:32:13,,1,0.29,0,6.00,0.00,2.80,6-3.2,2,1913526013148209152,极兔快递,JT0016171323667,服饰,湖北省,
玉佛苑_站点-玉佛苑,玉佛苑,玉佛苑,快递,2025-04-19 17:15:25,,1.8,1.83,0,8.00,0.00,4.08,51% ,2,1913521781233885184,极兔快递,JT0016171611282,床品,江苏省,
玉佛苑_站点-玉佛苑,玉佛苑,玉佛苑,快递,2025-04-19 16:14:40,,1,0.47,0,6.00,0.00,2.80,6-3.2,2,1913506496632266752,极兔快递,JT0016168993185,鞋,河南省,
玉佛苑_站点-玉佛苑,玉佛苑,玉佛苑,快递,2025-04-19 16:01:55,,1,0.2,0,6.00,0.00,2.80,6-3.2,2,1913503286840467456,极兔快递,JT0016165776165,手表,广东省,
玉佛苑_站点-玉佛苑,玉佛苑,玉佛苑,快递,2025-04-19 15:23:55,2025-04-19 07:57:26,4.5,,,15.00,,0.00,,2,1913493725177913344,极兔快递,JT0016169074769,碗托,陕西省,已全额退款
玉佛苑_站点-玉佛苑,玉佛苑,玉佛苑,快递,2025-04-19 15:56:21,,4.6,4.58,0,15.00,3.00,7.50,50% ,2,1913501888266575872,极兔快递,JT0016172871575,食品,陕西省,
玉佛苑_站点-玉佛苑,玉佛苑,玉佛苑,快递,2025-04-19 15:49:02,,1,0.39,0,6.00,0.00,2.80,6-3.2,2,1913500047248138240,极兔快递,JT0016171750775,服饰,广东省,
玉佛苑_站点-玉佛苑,玉佛苑,玉佛苑,快递,2025-04-19 15:48:11,,2,1.57,0,8.00,0.00,4.08,51% ,2,1913499830041911296,极兔快递,JT0016172341922,床品4件套,江苏省,
玉佛苑_站点-玉佛苑,玉佛苑,玉佛苑,快递,2025-04-19 14:16:20,,1,0.47,0,6.00,0.00,2.80,6-3.2,2,1913476708249051136,极兔快递,JT0016169816129,服饰,广东省,
玉佛苑_站点-玉佛苑,玉佛苑,玉佛苑,快递,2025-04-19 14:15:25,,1,0.58,0,6.00,0.00,2.80,6-3.2,2,1913476485527314432,极兔快递,JT0016172106569,包,广东省,
玉佛苑_站点-玉佛苑,玉佛苑,玉佛苑,快递,2025-04-19 14:00:49,,0.4,0.2,0,6.00,0.00,2.80,6-3.2,2,1913472803444301824,极兔快递,JT0016171477890,帽子,浙江省,
玉佛苑_站点-玉佛苑,玉佛苑,玉佛苑,快递,2025-04-19 14:00:05,,0.4,0.2,0,6.00,0.00,2.80,6-3.2,2,1913472625412874240,极兔快递,JT0016170656758,服饰,湖北省,
玉佛苑_站点-玉佛苑,玉佛苑,玉佛苑,快递,2025-04-19 13:57:40,,1,0.39,0,6.00,0.00,2.80,6-3.2,2,1913471992542732288,极兔快递,JT0016169717246,服饰,山东省,
玉佛苑_站点-玉佛苑,玉佛苑,玉佛苑,快递,2025-04-19 12:42:56,,1,0.46,0,6.00,0.00,2.80,6-3.2,2,1913453210201956352,极兔快递,JT0016166233719,鞋,浙江省,
玉佛苑_站点-玉佛苑,玉佛苑,玉佛苑,快递,2025-04-19 12:14:12,,1,0.96,0,6.00,0.00,2.80,6-3.2,2,1913445982594080768,极兔快递,JT0016166760737,其他,湖南省,
玉佛苑_站点-玉佛苑,玉佛苑,玉佛苑,快递,2025-04-19 11:36:10,,1,0.95,0,6.00,0.00,2.80,6-3.2,2,1913436406821888000,极兔快递,JT0016169016827,生活用品,山东省,
玉佛苑_站点-玉佛苑,玉佛苑,玉佛苑,快递,2025-04-19 10:45:35,,2,1.21,0,8.00,0.00,4.08,51% ,2,1913423684197621760,极兔快递,JT0016162466173,洗衣机,河北省,
玉佛苑_站点-玉佛苑,玉佛苑,玉佛苑,快递,2025-04-19 10:14:34,,1,0.23,0,6.00,0.00,2.80,6-3.2,2,1913415877444444160,极兔快递,JT0016162659177,服饰,广东省,
玉佛苑_站点-玉佛苑,玉佛苑,玉佛苑,快递,2025-04-19 09:55:11,,1,0.43,0,6.00,0.00,2.80,6-3.2,2,1913410978711281664,极兔快递,JT0016163901161,服饰,江苏省,
玉佛苑_站点-玉佛苑,玉佛苑,玉佛苑,快递,2025-04-19 09:47:40,,1,0.2,0,6.00,0.00,2.80,6-3.2,2,1913409111423918080,极兔快递,JT0016162856706,服饰,江苏省,
玉佛苑_站点-玉佛苑,玉佛苑,玉佛苑,快递,2025-04-19 09:46:17,,2,1.09,0,8.00,0.00,4.08,51% ,2,1913408759014301696,极兔快递,JT0016161497970,服饰,山东省,
玉佛苑_站点-玉佛苑,玉佛苑,玉佛苑,快递,2025-04-19 09:44:43,,1,0.32,0,6.00,0.00,2.80,6-3.2,2,1913408366259675136,极兔快递,JT0016165757428,服饰,辽宁省,
玉佛苑_站点-玉佛苑,玉佛苑,玉佛苑,快递,2025-04-19 09:42:41,,1,0.61,0,6.00,0.00,2.80,6-3.2,2,1913407855989039104,极兔快递,JT0016149651570,服饰,广东省,
玉佛苑_站点-玉佛苑,玉佛苑,玉佛苑,快递,2025-04-19 09:28:18,,0.4,,,6.00,,2.52,42% ,2,1913404219833655296,申通快递,772040251938710,文件,陕西省,
玉佛苑_站点-玉佛苑,玉佛苑,玉佛苑,快递,2025-04-19 08:17:14,,0.4,0.2,0,6.00,0.00,2.80,6-3.2,2,1913386346666991616,极兔快递,JT0016164792744,服饰,湖北省,
玉佛苑_站点-玉佛苑,玉佛苑,玉佛苑,快递,2025-04-19 08:15:44,,0.4,0.2,0,6.00,0.00,2.80,6-3.2,2,1913385966566580224,极兔快递,JT0016163566400,服饰,湖北省,
玉佛苑_站点-玉佛苑,玉佛苑,玉佛苑,干洗,2025-04-19 08:00:03,,,,,24.80,,7.44,30%,,1913382017335762944,干洗,,"棉服_毛呢_羽绒服   *   1",,
玉佛苑_站点-玉佛苑,玉佛苑,玉佛苑,干洗,2025-04-19 07:57:52,,,,,9.90,,2.97,30%,,1913381456062390272,干洗,,"清洗鞋19.8元两双   *   1",,
玉佛苑_站点-玉佛苑,玉佛苑,玉佛苑,快递,2025-04-18 22:35:55,,0.4,0.2,0,6.00,0.00,2.80,6-3.2,2,1913240056347959296,极兔快递,JT0016163341961,服饰,广东省,
玉佛苑_站点-玉佛苑,玉佛苑,玉佛苑,快递,2025-04-18 22:34:25,,1,0.63,0,6.00,0.00,2.80,6-3.2,2,1913239676423708672,极兔快递,JT0016162550138,生活用品,福建省,
玉佛苑_站点-玉佛苑,玉佛苑,玉佛苑,快递,2025-04-18 22:31:51,,1,0.83,0,6.00,0.00,2.80,6-3.2,2,1913239030429589504,极兔快递,JT0016160952782,服饰,河北省,
玉佛苑_站点-玉佛苑,玉佛苑,玉佛苑,快递,2025-04-18 22:28:29,,1,0.47,0,6.00,0.00,2.80,6-3.2,2,1913238175173255168,极兔快递,JT0016163961139,鞋,江西省,
玉佛苑_站点-玉佛苑,玉佛苑,玉佛苑,快递,2025-04-18 22:27:33,,0.3,0.2,0,6.00,0.00,2.80,6-3.2,2,1913237949096075264,极兔快递,JT0016163523737,袜子,安徽省,
玉佛苑_站点-玉佛苑,玉佛苑,玉佛苑,快递,2025-04-18 22:25:26,,1,0.22,0,6.00,0.00,2.80,6-3.2,2,1913237413571534848,极兔快递,JT0016161939150,服饰,广东省,
玉佛苑_站点-玉佛苑,玉佛苑,玉佛苑,快递,2025-04-18 20:25:21,,2,0.96,1,8.00,0.00,4.08,51% ,2,1913207194789814272,极兔快递,JT0016160237671,鞋,四川省,
玉佛苑_站点-玉佛苑,玉佛苑,玉佛苑,快递,2025-04-18 18:58:35,,1,0.7,0,6.00,0.00,2.80,6-3.2,2,1913185358937006080,极兔快递,JT0016158746373,服饰,广东省,
玉佛苑_站点-玉佛苑,玉佛苑,玉佛苑,快递,2025-04-18 18:54:49,,1,0.2,0,6.00,0.00,2.80,6-3.2,2,1913184402308538368,极兔快递,JT0016159475970,鞋,广东省,
玉佛苑_站点-玉佛苑,玉佛苑,玉佛苑,快递,2025-04-18 18:54:13,,1,0.59,0,6.00,0.00,2.80,6-3.2,2,1913184262441082880,极兔快递,JT0016154168729,服饰,山东省,
玉佛苑_站点-玉佛苑,玉佛苑,玉佛苑,快递,2025-04-18 18:47:26,,1,0.3,0,6.00,0.00,2.80,6-3.2,2,1913182550061948928,极兔快递,JT0016161000050,服饰,河南省,
玉佛苑_站点-玉佛苑,玉佛苑,玉佛苑,快递,2025-04-18 17:56:20,,1,0.77,0,6.00,0.00,2.80,6-3.2,2,1913169693991706624,极兔快递,JT0016158297583,服饰,浙江省,
玉佛苑_站点-玉佛苑,玉佛苑,玉佛苑,快递,2025-04-18 17:54:47,,1,0.89,0,6.00,0.00,2.80,6-3.2,2,1913169305183920128,极兔快递,JT0016160768567,床品,江苏省,
玉佛苑_站点-玉佛苑,玉佛苑,玉佛苑,快递,2025-04-18 17:12:23,,1,0.42,0,6.00,0.00,2.80,6-3.2,2,1913158633016467456,极兔快递,JT0016149807399,杯子,浙江省,
玉佛苑_站点-玉佛苑,玉佛苑,玉佛苑,快递,2025-04-18 17:04:32,,1,0.39,0,6.00,0.00,2.80,6-3.2,2,1913156655305662464,极兔快递,JT0016159879038,服饰,广东省,
玉佛苑_站点-玉佛苑,玉佛苑,玉佛苑,快递,2025-04-18 15:42:35,,1,0.2,0,6.00,0.00,2.80,6-3.2,2,1913136035641630720,极兔快递,JT0016155635024,食品,山东省,
玉佛苑_站点-玉佛苑,玉佛苑,玉佛苑,快递,2025-04-18 15:27:22,,1,0.58,0,6.00,0.00,2.80,6-3.2,2,1913132203742273536,极兔快递,JT0016149678797,服饰,广东省,
玉佛苑_站点-玉佛苑,玉佛苑,玉佛苑,快递,2025-04-18 15:26:09,,1,0.66,0,6.00,0.00,2.80,6-3.2,2,1913131901223903232,极兔快递,JT0016154912850,服饰,福建省,
玉佛苑_站点-玉佛苑,玉佛苑,玉佛苑,快递,2025-04-18 15:03:26,,1,0.42,0,6.00,0.00,2.80,6-3.2,2,1913126172828049408,极兔快递,JT0016156745874,服饰,江苏省,
玉佛苑_站点-玉佛苑,玉佛苑,玉佛苑,快递,2025-04-18 15:02:28,,0.4,0.23,0,6.00,0.00,2.80,6-3.2,2,1913125939310174208,极兔快递,JT0016155365275,饰品,江西省,
玉佛苑_站点-玉佛苑,玉佛苑,玉佛苑,快递,2025-04-18 14:57:01,,1,0.98,0,6.00,0.00,2.80,6-3.2,2,1913124567500136448,极兔快递,JT0016152112370,服饰,辽宁省,
玉佛苑_站点-玉佛苑,玉佛苑,玉佛苑,快递,2025-04-18 13:58:43,,0.3,0.2,0,6.00,0.00,2.80,6-3.2,2,1913109895132684288,极兔快递,JT0016152673203,饰品,浙江省,
玉佛苑_站点-玉佛苑,玉佛苑,玉佛苑,快递,2025-04-18 13:54:49,,1,0.22,0,6.00,0.00,2.80,6-3.2,2,1913108913720074240,极兔快递,JT0016154864687,化妆品,甘肃省,
玉佛苑_站点-玉佛苑,玉佛苑,玉佛苑,快递,2025-04-18 13:48:02,,0.6,0.2,0,6.00,0.00,2.80,6-3.2,2,1913107201651318784,极兔快递,JT0016138235689,服饰,广东省,
玉佛苑_站点-玉佛苑,玉佛苑,玉佛苑,快递,2025-04-18 12:55:03,,0.3,0.32,0,6.00,0.00,2.80,6-3.2,2,1913093872438419456,极兔快递,JT0016154230912,瓜子,安徽省,
玉佛苑_站点-玉佛苑,玉佛苑,玉佛苑,快递,2025-04-18 12:40:59,,1,0.99,0,6.00,0.00,2.80,6-3.2,2,1913090331820892160,极兔快递,JT0016151963215,服饰,浙江省,
玉佛苑_站点-玉佛苑,玉佛苑,玉佛苑,快递,2025-04-18 12:35:21,,1.2,1.38,0,8.00,0.00,4.08,51% ,2,1913088905589760000,极兔快递,JT0016153595426,化妆品,广东省,
玉佛苑_站点-玉佛苑,玉佛苑,玉佛苑,快递,2025-04-18 11:26:46,,1,0.2,0,6.00,0.00,2.80,6-3.2,2,1913071656162238464,极兔快递,JT0016152648133,鞋,浙江省,
玉佛苑_站点-玉佛苑,玉佛苑,玉佛苑,快递,2025-04-18 10:08:27,,1,0.72,0,6.00,0.00,2.80,6-3.2,2,1913051945907200000,极兔快递,JT0016151192001,其他,安徽省,
玉佛苑_站点-玉佛苑,玉佛苑,玉佛苑,快递,2025-04-18 10:06:43,,1.2,0.2,1,8.00,0.00,4.08,51% ,2,1913051511742210048,极兔快递,JT0016151222592,化妆品,广东省,
玉佛苑_站点-玉佛苑,玉佛苑,玉佛苑,快递,2025-04-18 09:15:37,,3.2,3.19,0,12.00,1.50,6.00,50% ,2,1913038647596617728,极兔快递,JT0016141027633,中药材,天津市,
玉佛苑_站点-玉佛苑,玉佛苑,玉佛苑,快递,2025-04-18 08:58:38,,1,0.77,0,6.00,0.00,2.80,6-3.2,2,1913034375924486144,极兔快递,JT0016149002508,服饰,广东省,
玉佛苑_站点-玉佛苑,玉佛苑,玉佛苑,干洗,2025-04-18 08:40:49,,,,,29.70,,8.91,30%,,1913029893165617152,干洗,,"清洗鞋19.8元两双   *   1
磨砂鞋   *   1",,
玉佛苑_站点-玉佛苑,玉佛苑,玉佛苑,快递,2025-04-18 08:35:56,,0.5,0.2,0,6.00,0.00,2.80,6-3.2,2,1913028664997908480,极兔快递,JT0016147846200,耳机,广东省,
玉佛苑_站点-玉佛苑,玉佛苑,玉佛苑,快递,2025-04-18 08:29:22,,0.5,0.23,0,6.00,0.00,2.80,6-3.2,2,1913027010005241856,极兔快递,JT0016144315803,服饰,浙江省,
玉佛苑_站点-玉佛苑,玉佛苑,玉佛苑,快递,2025-04-18 08:28:41,,1.5,1.08,0,8.00,0.00,4.08,51% ,2,1913026820850520064,极兔快递,JT0016147172959,鞋,浙江省,
玉佛苑_站点-玉佛苑,玉佛苑,玉佛苑,快递,2025-04-17 20:45:46,,1,0.3,0,6.00,0.00,2.80,6-3.2,2,1912849939396235264,极兔快递,JT0016146506421,服饰,广东省,
玉佛苑_站点-玉佛苑,玉佛苑,玉佛苑,快递,2025-04-17 20:44:55,,1,0.36,0,6.00,0.00,2.80,6-3.2,2,1912849727650992128,极兔快递,JT0016146312762,服饰,安徽省,
玉佛苑_站点-玉佛苑,玉佛苑,玉佛苑,快递,2025-04-17 20:43:47,,1,0.4,0,6.00,0.00,2.80,6-3.2,2,1912849439602970624,极兔快递,JT0016134281766,服饰,湖南省,
玉佛苑_站点-玉佛苑,玉佛苑,玉佛苑,快递,2025-04-17 20:43:07,,0.5,0.24,0,6.00,0.00,2.80,6-3.2,2,1912849278290038784,极兔快递,JT0016145935282,服饰,广东省,
玉佛苑_站点-玉佛苑,玉佛苑,玉佛苑,快递,2025-04-17 20:22:54,,1,0.76,0,6.00,0.00,2.80,6-3.2,2,1912844189294858240,极兔快递,JT0016144642339,服饰,广东省,
玉佛苑_站点-玉佛苑,玉佛苑,玉佛苑,快递,2025-04-17 20:21:57,,2,0.47,1,8.00,0.00,4.08,51% ,2,1912843946977333248,极兔快递,JT0016146281872,鞋,福建省,
玉佛苑_站点-玉佛苑,玉佛苑,玉佛苑,快递,2025-04-17 19:51:40,,1,0.21,0,6.00,0.00,2.80,6-3.2,2,1912836313864146944,极兔快递,JT0016143631328,生活用品,四川省,
玉佛苑_站点-玉佛苑,玉佛苑,玉佛苑,快递,2025-04-17 19:50:59,,1,0.23,0,6.00,0.00,2.80,6-3.2,2,1912836159362764800,极兔快递,JT0016146487124,服饰,广东省,
玉佛苑_站点-玉佛苑,玉佛苑,玉佛苑,快递,2025-04-17 19:49:28,,1,0.47,0,6.00,0.00,2.80,6-3.2,2,1912835776368283648,极兔快递,JT0016146584637,服饰,山东省,
玉佛苑_站点-玉佛苑,玉佛苑,玉佛苑,快递,2025-04-17 19:48:21,,1,0.61,0,6.00,0.00,2.80,6-3.2,2,1912835494779490304,极兔快递,JT0016139790957,服饰,广东省,
玉佛苑_站点-玉佛苑,玉佛苑,玉佛苑,快递,2025-04-17 19:35:49,,1,0.68,0,6.00,0.00,2.80,6-3.2,2,1912832345318559744,极兔快递,JT0016144251279,生活用品,福建省,
玉佛苑_站点-玉佛苑,玉佛苑,玉佛苑,快递,2025-04-17 19:32:10,,1,0.38,0,6.00,0.00,2.80,6-3.2,2,1912831417353965568,极兔快递,JT0016140929754,服饰,江苏省,
玉佛苑_站点-玉佛苑,玉佛苑,玉佛苑,快递,2025-04-17 19:31:36,,1,0.24,0,6.00,0.00,2.80,6-3.2,2,1912831281194274816,极兔快递,JT0016145763545,服饰,广东省,
玉佛苑_站点-玉佛苑,玉佛苑,玉佛苑,快递,2025-04-17 18:59:16,,0.3,0.2,0,6.00,0.00,2.80,6-3.2,2,1912823138192134144,极兔快递,JT0016138838718,生活用品,广东省,
玉佛苑_站点-玉佛苑,玉佛苑,玉佛苑,快递,2025-04-17 18:39:39,,1,0.27,0,6.00,0.00,2.80,6-3.2,2,1912818208630837248,极兔快递,JT0016145265087,服饰,浙江省,
玉佛苑_站点-玉佛苑,玉佛苑,玉佛苑,快递,2025-04-17 18:33:46,,1,0.34,0,6.00,0.00,2.80,6-3.2,2,1912816719644528640,极兔快递,JT0016141610577,服饰,广东省,
玉佛苑_站点-玉佛苑,玉佛苑,玉佛苑,快递,2025-04-17 18:32:57,,0.4,0.3,0,6.00,0.00,2.80,6-3.2,2,1912816523019751424,极兔快递,JT0016146133237,服饰,广东省,
玉佛苑_站点-玉佛苑,玉佛苑,玉佛苑,快递,2025-04-17 18:31:55,,2,1.1,0,8.00,0.00,4.08,51% ,2,1912816260431155200,极兔快递,JT0016133983045,鞋,四川省,
玉佛苑_站点-玉佛苑,玉佛苑,玉佛苑,快递,2025-04-17 18:23:52,,1,0.69,0,6.00,0.00,2.80,6-3.2,2,1912814226743169024,极兔快递,JT0016142523510,服饰,江苏省,
玉佛苑_站点-玉佛苑,玉佛苑,玉佛苑,快递,2025-04-17 18:22:55,,1,0.47,0,6.00,0.00,2.80,6-3.2,2,1912813995804790784,极兔快递,JT0016125545393,服饰,浙江省,
玉佛苑_站点-玉佛苑,玉佛苑,玉佛苑,快递,2025-04-17 18:21:43,,0.4,0.21,0,6.00,0.00,2.80,6-3.2,2,1912813686978187264,极兔快递,JT0016145915130,服饰,广东省,
玉佛苑_站点-玉佛苑,玉佛苑,玉佛苑,快递,2025-04-17 18:21:05,,0.4,0.2,0,6.00,0.00,2.80,6-3.2,2,1912813536922767360,极兔快递,JT0016142432680,服饰,广东省,
玉佛苑_站点-玉佛苑,玉佛苑,玉佛苑,快递,2025-04-17 18:19:44,,1,,,6.00,,2.52,42% ,2,1912813195607085056,申通快递,772040143915746,鞋,福建省,
玉佛苑_站点-玉佛苑,玉佛苑,玉佛苑,快递,2025-04-17 18:07:37,,1,0.2,0,6.00,0.00,2.80,6-3.2,2,1912810143059742720,极兔快递,JT0016137756529,服饰,广东省,
玉佛苑_站点-玉佛苑,玉佛苑,玉佛苑,快递,2025-04-17 16:34:05,,0.5,0.29,0,6.00,0.00,2.80,6-3.2,2,1912786609096822784,极兔快递,JT0016143683409,服饰,广东省,
玉佛苑_站点-玉佛苑,玉佛苑,玉佛苑,快递,2025-04-17 16:33:15,,2,1.43,0,8.00,0.00,4.08,51% ,2,1912786395891961856,极兔快递,JT0016143236083,服饰,浙江省,
玉佛苑_站点-玉佛苑,玉佛苑,玉佛苑,快递,2025-04-17 16:24:40,,1,0.98,0,6.00,0.00,2.80,6-3.2,2,1912784230481858560,极兔快递,JT0016142976002,服饰,广东省,
玉佛苑_站点-玉佛苑,玉佛苑,玉佛苑,快递,2025-04-17 16:23:55,,1,0.62,0,6.00,0.00,2.80,6-3.2,2,1912784048889466880,极兔快递,JT0016141840340,鞋,河南省,
玉佛苑_站点-玉佛苑,玉佛苑,玉佛苑,快递,2025-04-17 16:22:43,,1,0.49,0,6.00,0.00,2.80,6-3.2,2,1912783561461010432,极兔快递,JT0016139354231,服饰,广东省,
玉佛苑_站点-玉佛苑,玉佛苑,玉佛苑,快递,2025-04-17 16:12:53,,1,0.42,0,6.00,0.00,2.80,6-3.2,2,1912781272239247360,极兔快递,JT0016139907521,服饰,湖北省,
玉佛苑_站点-玉佛苑,玉佛苑,玉佛苑,快递,2025-04-17 15:11:27,,1,0.2,0,6.00,0.00,2.80,6-3.2,2,1912765811195842560,极兔快递,JT0016141708122,服饰,浙江省,
玉佛苑_站点-玉佛苑,玉佛苑,玉佛苑,快递,2025-04-17 15:10:08,,1,0.25,0,6.00,0.00,2.80,6-3.2,2,1912765479778717696,极兔快递,JT0016141356945,服饰,浙江省,
玉佛苑_站点-玉佛苑,玉佛苑,玉佛苑,快递,2025-04-17 14:47:38,,1,0.2,0,6.00,0.00,2.80,6-3.2,2,1912759815236947968,极兔快递,JT0016134461262,服饰,江苏省,
玉佛苑_站点-玉佛苑,玉佛苑,玉佛苑,快递,2025-04-17 11:43:57,2025-04-17 05:16:42,1,,,6.00,,0.00,,2,1912713591284764672,极兔快递,JT0016131542552,服饰,广东省,已全额退款
玉佛苑_站点-玉佛苑,玉佛苑,玉佛苑,快递,2025-04-17 13:14:11,,0.4,0.2,0,6.00,0.00,2.80,6-3.2,2,1912736298613280768,极兔快递,JT0016138463204,服饰,浙江省,
玉佛苑_站点-玉佛苑,玉佛苑,玉佛苑,快递,2025-04-17 13:09:55,,1,0.55,0,6.00,0.00,2.80,6-3.2,2,1912735226444320768,极兔快递,JT0016137944078,服饰,浙江省,
玉佛苑_站点-玉佛苑,玉佛苑,玉佛苑,快递,2025-04-17 13:00:39,,1,0.96,0,6.00,0.00,2.80,6-3.2,2,1912732896302927872,极兔快递,JT0016137649843,生活用品,河南省,
玉佛苑_站点-玉佛苑,玉佛苑,玉佛苑,快递,2025-04-17 11:56:23,,1,0.39,0,6.00,0.00,2.80,6-3.2,2,1912716723859427328,极兔快递,JT0016135407771,服饰,湖南省,
玉佛苑_站点-玉佛苑,玉佛苑,玉佛苑,快递,2025-04-17 11:48:04,,1,0.43,0,6.00,0.00,2.80,6-3.2,2,1912714623221960704,极兔快递,JT0016137086946,服饰,浙江省,
玉佛苑_站点-玉佛苑,玉佛苑,玉佛苑,快递,2025-04-17 11:46:53,,1,0.41,0,6.00,0.00,2.80,6-3.2,2,1912714332774797312,极兔快递,JT0016134695503,服饰,浙江省,
玉佛苑_站点-玉佛苑,玉佛苑,玉佛苑,快递,2025-04-17 11:45:30,,1,0.23,0,6.00,0.00,2.80,6-3.2,2,1912713981581529088,极兔快递,JT0016132361602,服饰,广东省,
玉佛苑_站点-玉佛苑,玉佛苑,玉佛苑,快递,2025-04-17 11:34:41,,0.3,0.2,0,6.00,0.00,2.80,6-3.2,2,1912711258714869760,极兔快递,JT0016127533916,唇膏,广东省,
玉佛苑_站点-玉佛苑,玉佛苑,玉佛苑,快递,2025-04-17 11:33:37,,1,0.28,0,6.00,0.00,2.80,6-3.2,2,1912710986601009152,极兔快递,JT0016138006537,服饰,广东省,
玉佛苑_站点-玉佛苑,玉佛苑,玉佛苑,快递,2025-04-17 11:32:57,,0.5,0.2,0,6.00,0.00,2.80,6-3.2,2,1912710817243402240,极兔快递,JT0016134475731,服饰,河北省,
玉佛苑_站点-玉佛苑,玉佛苑,玉佛苑,快递,2025-04-17 11:32:19,,1,0.59,0,6.00,0.00,2.80,6-3.2,2,1912710659130724352,极兔快递,JT0016131431014,服饰,广东省,
玉佛苑_站点-玉佛苑,玉佛苑,玉佛苑,快递,2025-04-17 11:31:49,,1,0.37,0,6.00,0.00,2.80,6-3.2,2,1912710541325307904,极兔快递,JT0016135766236,服饰,广东省,
玉佛苑_站点-玉佛苑,玉佛苑,玉佛苑,快递,2025-04-17 11:14:52,,1,0.27,0,6.00,0.00,2.80,6-3.2,2,1912706275097382912,极兔快递,JT0016137930965,服饰,广东省,
玉佛苑_站点-玉佛苑,玉佛苑,玉佛苑,快递,2025-04-17 11:10:26,,1,0.75,0,6.00,0.00,2.80,6-3.2,2,1912705149685927936,极兔快递,JT0016136562109,服饰,广东省,
玉佛苑_站点-玉佛苑,玉佛苑,玉佛苑,快递,2025-04-17 10:28:14,,1,0.2,0,6.00,0.00,2.80,6-3.2,2,1912694530224099328,极兔快递,JT0016117513958,服饰,湖北省,
玉佛苑_站点-玉佛苑,玉佛苑,玉佛苑,快递,2025-04-17 10:27:35,,1,0.24,0,6.00,0.00,2.80,6-3.2,2,1912694370265927680,极兔快递,JT0016133556121,服饰,浙江省,
玉佛苑_站点-玉佛苑,玉佛苑,玉佛苑,快递,2025-04-17 10:27:04,,1,0.21,0,6.00,0.00,2.80,6-3.2,2,1912694247083413504,极兔快递,JT0016135434761,服饰,浙江省,
玉佛苑_站点-玉佛苑,玉佛苑,玉佛苑,快递,2025-04-17 10:11:55,,1,0.2,0,6.00,0.00,2.80,6-3.2,2,1912690430182887424,极兔快递,JT0016114360619,生活用品,山西省,
玉佛苑_站点-玉佛苑,玉佛苑,玉佛苑,快递,2025-04-17 10:09:23,,1,0.55,0,6.00,0.00,2.80,6-3.2,2,1912689794779385856,极兔快递,JT0016133294997,生活用品,浙江省,
玉佛苑_站点-玉佛苑,玉佛苑,玉佛苑,快递,2025-04-17 10:08:02,,1,0.93,0,6.00,0.00,2.80,6-3.2,2,1912689455330168832,极兔快递,JT0016136038450,鞋,河北省,
玉佛苑_站点-玉佛苑,玉佛苑,玉佛苑,快递,2025-04-17 10:04:50,,1,0.6,0,6.00,0.00,2.80,6-3.2,2,1912688646907432960,极兔快递,JT0016135604744,生活用品,广东省,
玉佛苑_站点-玉佛苑,玉佛苑,玉佛苑,快递,2025-04-17 10:02:29,,4,3.06,0,12.00,1.50,6.00,50% ,2,1912688060564705280,极兔快递,JT0016134186889,食品,陕西省,
玉佛苑_站点-玉佛苑,玉佛苑,玉佛苑,干洗,2025-04-17 09:22:47,,,,,29.70,,8.91,30%,,1912678064489697280,干洗,,"清洗鞋19.8元两双   *   1
磨砂鞋   *   1",,
玉佛苑_站点-玉佛苑,玉佛苑,玉佛苑,快递,2025-04-17 07:38:47,,1,0.6,0,6.00,0.00,2.80,6-3.2,2,1912651892703825920,极兔快递,JT0016130800635,生活用品,广东省,
玉佛苑_站点-玉佛苑,玉佛苑,玉佛苑,快递,2025-04-16 20:42:29,2025-04-16 23:36:29,1,,,6.00,,0.00,,2,1912486729031815168,韵达快递,312713764614627,服饰,内蒙古自治区,已全额退款
玉佛苑_站点-玉佛苑,玉佛苑,玉佛苑,快递,2025-04-17 07:35:28,,1,0.64,0,10.00,0.00,2.80,6-3.2,2,1912651018971582464,极兔快递,JT0016129342110,服饰,内蒙古自治区,
玉佛苑_站点-玉佛苑,玉佛苑,玉佛苑,快递,2025-04-16 20:53:57,,1,0.51,0,6.00,0.00,2.80,6-3.2,2,1912489620807290880,极兔快递,JT0016130433351,服饰,山东省,
玉佛苑_站点-玉佛苑,玉佛苑,玉佛苑,快递,2025-04-16 20:44:20,,1,0.45,0,6.00,0.00,2.80,6-3.2,2,1912487198294740992,极兔快递,JT0016129468732,服饰,湖南省,
玉佛苑_站点-玉佛苑,玉佛苑,玉佛苑,快递,2025-04-16 20:32:42,,1,,,6.00,,2.52,42% ,2,1912484267843588096,申通快递,772040131234334,服饰,浙江省,
玉佛苑_站点-玉佛苑,玉佛苑,玉佛苑,快递,2025-04-16 20:29:14,,1,0.2,0,6.00,0.00,2.80,6-3.2,2,1912483395097006080,极兔快递,JT0016129397610,饰品,辽宁省,
玉佛苑_站点-玉佛苑,玉佛苑,玉佛苑,快递,2025-04-16 20:26:10,,1,0.77,0,6.00,0.00,2.80,6-3.2,2,1912482613874331648,极兔快递,JT0016131655782,包,广东省,
玉佛苑_站点-玉佛苑,玉佛苑,玉佛苑,快递,2025-04-16 20:14:58,,1,0.4,0,6.00,0.00,2.80,6-3.2,2,1912479805880078336,极兔快递,JT0016131375760,假发,河南省,
玉佛苑_站点-玉佛苑,玉佛苑,玉佛苑,快递,2025-04-16 20:13:38,,1,0.32,0,6.00,0.00,2.80,6-3.2,2,1912479471610826752,极兔快递,JT0016128553313,服饰,四川省,
玉佛苑_站点-玉佛苑,玉佛苑,玉佛苑,快递,2025-04-16 20:08:09,,1,0.49,0,7.00,0.00,2.80,6-3.2,2,1912478094423691264,极兔快递,JT0016127215554,服饰,北京市,
玉佛苑_站点-玉佛苑,玉佛苑,玉佛苑,快递,2025-04-16 20:06:38,,1,0.2,0,7.00,0.00,2.80,6-3.2,2,1912477707335569408,极兔快递,JT0016130919231,服饰,北京市,
玉佛苑_站点-玉佛苑,玉佛苑,玉佛苑,快递,2025-04-16 20:04:47,,1,0.21,0,6.00,0.00,2.80,6-3.2,2,1912476821192380416,极兔快递,JT0016131756735,生活用品,广东省,
玉佛苑_站点-玉佛苑,玉佛苑,玉佛苑,快递,2025-04-16 19:50:50,,1,0.24,0,6.00,0.00,2.80,6-3.2,2,1912473725284323328,极兔快递,JT0016128548967,服饰,湖北省,
玉佛苑_站点-玉佛苑,玉佛苑,玉佛苑,快递,2025-04-16 19:49:59,,1,0.34,0,6.00,0.00,2.80,6-3.2,2,1912473514113699840,极兔快递,JT0016132096308,服饰,湖北省,
玉佛苑_站点-玉佛苑,玉佛苑,玉佛苑,快递,2025-04-16 19:49:30,,1,0.28,0,6.00,0.00,2.80,6-3.2,2,1912473392852176896,极兔快递,JT0016129987835,服饰,广东省,
玉佛苑_站点-玉佛苑,玉佛苑,玉佛苑,快递,2025-04-16 19:48:50,,1,0.24,0,6.00,0.00,2.80,6-3.2,2,1912473230859767808,极兔快递,JT0016129818799,服饰,广东省,
玉佛苑_站点-玉佛苑,玉佛苑,玉佛苑,快递,2025-04-16 19:35:28,,1,0.2,0,6.00,0.00,2.80,6-3.2,2,1912469863202754560,极兔快递,JT0016130314576,服饰,江苏省,
玉佛苑_站点-玉佛苑,玉佛苑,玉佛苑,快递,2025-04-16 19:27:56,,1,0.2,0,6.00,0.00,2.80,6-3.2,2,1912467967314432000,极兔快递,JT0016129114395,服饰,广东省,
玉佛苑_站点-玉佛苑,玉佛苑,玉佛苑,快递,2025-04-16 19:21:41,,1,0.33,0,6.00,0.00,2.80,6-3.2,2,1912466388561629184,极兔快递,JT0016130166093,服饰,浙江省,
玉佛苑_站点-玉佛苑,玉佛苑,玉佛苑,快递,2025-04-16 19:20:51,,1,0.58,0,6.00,0.00,2.80,6-3.2,2,1912466190917636096,极兔快递,JT0016125385899,杯子,浙江省,
玉佛苑_站点-玉佛苑,玉佛苑,玉佛苑,快递,2025-04-16 19:18:16,,0.5,0.2,0,6.00,0.00,2.80,6-3.2,2,1912465531417858048,极兔快递,JT0016131113896,充电器,广东省,
玉佛苑_站点-玉佛苑,玉佛苑,玉佛苑,快递,2025-04-16 19:17:26,,1,0.71,0,6.00,0.00,2.80,6-3.2,2,1912465328572928000,极兔快递,JT0016127143355,服饰,河北省,
玉佛苑_站点-玉佛苑,玉佛苑,玉佛苑,快递,2025-04-16 19:15:50,,1,0.3,0,6.00,0.00,2.80,6-3.2,2,1912464922052595712,极兔快递,JT0016127684558,服饰,江苏省,
玉佛苑_站点-玉佛苑,玉佛苑,玉佛苑,快递,2025-04-16 19:07:26,,1,0.2,0,6.00,0.00,2.80,6-3.2,2,1912462809884987392,极兔快递,JT0016129456461,饰品,浙江省,
玉佛苑_站点-玉佛苑,玉佛苑,玉佛苑,快递,2025-04-16 19:01:33,,1,0.5,0,6.00,0.00,2.80,6-3.2,2,1912461323167797248,极兔快递,JT0016128120267,服饰,广东省,
玉佛苑_站点-玉佛苑,玉佛苑,玉佛苑,快递,2025-04-16 19:00:34,,1,0.49,0,6.00,0.00,2.80,6-3.2,2,1912461083215859712,极兔快递,JT0016129920458,服饰,广东省,
玉佛苑_站点-玉佛苑,玉佛苑,玉佛苑,快递,2025-04-16 18:58:47,,0.5,0.2,0,6.00,0.00,2.80,6-3.2,2,1912460637445230592,极兔快递,JT0016129947169,口红,浙江省,
玉佛苑_站点-玉佛苑,玉佛苑,玉佛苑,快递,2025-04-16 18:43:22,,1,0.27,0,6.00,0.00,2.80,6-3.2,2,1912456748377509888,极兔快递,JT0016130118952,服饰,河北省,
玉佛苑_站点-玉佛苑,玉佛苑,玉佛苑,快递,2025-04-16 18:39:56,,1,0.36,0,6.00,0.00,2.80,6-3.2,2,1912455887769243648,极兔快递,JT0016128987724,服饰,浙江省,
玉佛苑_站点-玉佛苑,玉佛苑,玉佛苑,快递,2025-04-16 18:31:05,2025-04-16 10:34:34,1,,,6.00,,0.00,,2,1912453662196043776,极兔快递,JT0016128407854,服饰,河南省,已全额退款
玉佛苑_站点-玉佛苑,玉佛苑,玉佛苑,快递,2025-04-16 18:32:13,,1,0.66,0,6.00,0.00,2.80,6-3.2,2,1912453947224166400,极兔快递,JT0016130415941,服饰,河南省,
玉佛苑_站点-玉佛苑,玉佛苑,玉佛苑,快递,2025-04-16 18:27:00,,1,0.76,0,6.00,0.00,2.80,6-3.2,2,1912452636650967040,极兔快递,JT0016128811157,鞋,浙江省,
玉佛苑_站点-玉佛苑,玉佛苑,玉佛苑,快递,2025-04-16 18:25:40,,1,0.39,0,6.00,0.00,2.80,6-3.2,2,1912452303166050304,极兔快递,JT0016111446310,服饰,广东省,
玉佛苑_站点-玉佛苑,玉佛苑,玉佛苑,快递,2025-04-16 18:22:56,,1,0.43,0,6.00,0.00,2.80,6-3.2,2,1912451612171243520,极兔快递,JT0016129823867,服饰,广东省,
玉佛苑_站点-玉佛苑,玉佛苑,玉佛苑,快递,2025-04-16 18:13:28,,1,0.28,0,6.00,0.00,2.80,6-3.2,2,1912449231123582976,极兔快递,JT0016129523243,服饰,广东省,
玉佛苑_站点-玉佛苑,玉佛苑,玉佛苑,快递,2025-04-16 18:02:16,,1,0.61,0,6.00,0.00,2.80,6-3.2,2,1912446412110893056,极兔快递,JT0016127288692,鞋,浙江省,
玉佛苑_站点-玉佛苑,玉佛苑,玉佛苑,快递,2025-04-16 17:38:55,,1,0.2,0,6.00,0.00,2.80,6-3.2,2,1912440534427176960,极兔快递,JT0016127517382,鞋,浙江省,
玉佛苑_站点-玉佛苑,玉佛苑,玉佛苑,快递,2025-04-16 17:37:16,,1,0.34,0,6.00,0.00,2.80,6-3.2,2,1912440120080273408,极兔快递,JT0016128693549,包,广东省,
玉佛苑_站点-玉佛苑,玉佛苑,玉佛苑,快递,2025-04-16 16:34:24,,1,0.38,0,6.00,0.00,2.80,6-3.2,2,1912424298196701184,极兔快递,JT0016122407826,生活用品,浙江省,
玉佛苑_站点-玉佛苑,玉佛苑,玉佛苑,快递,2025-04-16 16:33:00,,1,0.32,0,6.00,0.00,2.80,6-3.2,2,1912423950908329984,极兔快递,JT0016127261181,生活用品,浙江省,
玉佛苑_站点-玉佛苑,玉佛苑,玉佛苑,快递,2025-04-16 16:08:18,,0.5,0.2,0,6.00,0.00,2.80,6-3.2,2,1912417730470285312,极兔快递,JT0016127380788,其他,陕西省,
玉佛苑_站点-玉佛苑,玉佛苑,玉佛苑,快递,2025-04-16 16:02:50,,1,0.63,0,6.00,0.00,2.80,6-3.2,2,1912416343309094912,极兔快递,JT0016128040271,服饰,河北省,
玉佛苑_站点-玉佛苑,玉佛苑,玉佛苑,快递,2025-04-16 16:00:50,,1,0.47,0,6.00,0.00,2.80,6-3.2,2,1912415850839085056,极兔快递,JT0016124383130,服饰,广东省,
玉佛苑_站点-玉佛苑,玉佛苑,玉佛苑,快递,2025-04-16 15:58:42,,0.5,0.2,0,6.00,0.00,2.80,6-3.2,2,1912415313372581888,极兔快递,JT0016121455162,服饰,江苏省,
玉佛苑_站点-玉佛苑,玉佛苑,玉佛苑,快递,2025-04-16 14:18:20,,1,0.21,0,6.00,0.00,2.80,6-3.2,2,1912390058352513024,极兔快递,JT0016119520096,鞋,福建省,
玉佛苑_站点-玉佛苑,玉佛苑,玉佛苑,快递,2025-04-16 14:17:09,,1,0.62,0,6.00,0.00,2.80,6-3.2,2,1912389761328680960,极兔快递,JT0016124920669,鞋,河北省,
玉佛苑_站点-玉佛苑,玉佛苑,玉佛苑,快递,2025-04-16 14:13:27,,1,0.26,0,6.00,0.00,2.80,6-3.2,2,1912388826825166848,极兔快递,JT0016113302216,服饰,浙江省,
玉佛苑_站点-玉佛苑,玉佛苑,玉佛苑,快递,2025-04-16 14:04:18,,2,1.63,0,8.00,0.00,4.08,51% ,2,1912386526329114624,极兔快递,JT0016124413559,生活用品,江苏省,
玉佛苑_站点-玉佛苑,玉佛苑,玉佛苑,快递,2025-04-16 14:00:25,,1,0.99,0,6.00,0.00,2.80,6-3.2,2,1912385548238393344,极兔快递,JT0016120367540,洗发水,安徽省,
玉佛苑_站点-玉佛苑,玉佛苑,玉佛苑,快递,2025-04-16 13:55:01,,1,0.34,0,6.00,0.00,2.80,6-3.2,2,1912384190785458176,极兔快递,JT0016119825809,生活用品,广东省,
玉佛苑_站点-玉佛苑,玉佛苑,玉佛苑,快递,2025-04-16 13:52:47,,0.5,0.2,0,6.00,0.00,2.80,6-3.2,2,1912383624302759936,极兔快递,JT0016123669173,服饰,浙江省,
玉佛苑_站点-玉佛苑,玉佛苑,玉佛苑,快递,2025-04-16 13:51:45,,1,0.62,0,6.00,0.00,2.80,6-3.2,2,1912383362708213760,极兔快递,JT0016124201918,服饰,广东省,
玉佛苑_站点-玉佛苑,玉佛苑,玉佛苑,快递,2025-04-16 13:51:00,,1,0.65,0,6.00,0.00,2.80,6-3.2,2,1912383179219996672,极兔快递,JT0016124344763,服饰,广东省,
玉佛苑_站点-玉佛苑,玉佛苑,玉佛苑,快递,2025-04-16 13:46:51,,1,0.2,0,6.00,0.00,2.80,6-3.2,2,1912382134687305728,极兔快递,JT0016124221232,其他,陕西省,
玉佛苑_站点-玉佛苑,玉佛苑,玉佛苑,快递,2025-04-16 13:36:19,,1,0.37,0,6.00,0.00,2.80,6-3.2,2,1912379482649858048,极兔快递,JT0016118580047,易碎品,陕西省,
玉佛苑_站点-玉佛苑,玉佛苑,玉佛苑,快递,2025-04-16 13:19:49,,1,0.26,0,6.00,0.00,2.80,6-3.2,2,1912375322621710336,极兔快递,JT0016123358321,服饰,浙江省,
玉佛苑_站点-玉佛苑,玉佛苑,玉佛苑,快递,2025-04-16 13:18:52,,1,0.2,0,6.00,0.00,2.80,6-3.2,2,1912375085597396992,极兔快递,JT0016107618229,服饰,浙江省,
玉佛苑_站点-玉佛苑,玉佛苑,玉佛苑,快递,2025-04-16 13:18:15,,1,0.37,0,6.00,0.00,2.80,6-3.2,2,1912374932253642752,极兔快递,JT0016123163235,服饰,浙江省,
玉佛苑_站点-玉佛苑,玉佛苑,玉佛苑,快递,2025-04-16 13:16:08,,0.5,0.2,0,6.00,0.00,2.80,6-3.2,2,1912374306111164416,极兔快递,JT0016109408720,服饰,黑龙江省,
玉佛苑_站点-玉佛苑,玉佛苑,玉佛苑,快递,2025-04-16 13:14:45,,1,0.31,0,6.00,0.00,2.80,6-3.2,2,1912374043107332096,极兔快递,JT0016122390456,服饰,浙江省,
玉佛苑_站点-玉佛苑,玉佛苑,玉佛苑,快递,2025-04-16 13:14:02,,0.4,0.2,0,6.00,0.00,2.80,6-3.2,2,1912373861322002432,极兔快递,JT0016123864460,口红,山东省,
玉佛苑_站点-玉佛苑,玉佛苑,玉佛苑,快递,2025-04-16 13:13:05,,1,0.3,0,6.00,0.00,2.80,6-3.2,2,1912373631742578688,极兔快递,JT0016122914808,服饰,河南省,
玉佛苑_站点-玉佛苑,玉佛苑,玉佛苑,快递,2025-04-16 13:12:00,,1,0.68,0,6.00,0.00,2.80,6-3.2,2,1912373357804195840,极兔快递,JT0016120948341,服饰,广东省,
玉佛苑_站点-玉佛苑,玉佛苑,玉佛苑,快递,2025-04-16 13:01:28,,1,0.63,0,6.00,0.00,2.80,6-3.2,2,1912370716315422720,极兔快递,JT0016122302783,服饰,山东省,
玉佛苑_站点-玉佛苑,玉佛苑,玉佛苑,快递,2025-04-16 11:56:59,,1,0.59,0,6.00,0.00,2.80,6-3.2,2,1912354484149227520,极兔快递,JT0016119672059,服饰,江苏省,
玉佛苑_站点-玉佛苑,玉佛苑,玉佛苑,快递,2025-04-16 11:55:05,,0.2,0.2,0,6.00,0.00,2.80,6-3.2,2,1912354007244279808,极兔快递,JT0016120477895,生活用品,浙江省,
玉佛苑_站点-玉佛苑,玉佛苑,玉佛苑,快递,2025-04-16 11:53:31,,1,0.28,0,6.00,0.00,2.80,6-3.2,2,1912353612577050624,极兔快递,JT0016121619534,服饰,河南省,
玉佛苑_站点-玉佛苑,玉佛苑,玉佛苑,快递,2025-04-16 11:04:23,,1,0.55,0,6.00,0.00,2.80,6-3.2,2,1912341249203310592,极兔快递,JT0016112263534,服饰,广东省,
玉佛苑_站点-玉佛苑,玉佛苑,玉佛苑,快递,2025-04-16 10:59:59,,0.5,0.21,0,6.00,0.00,2.80,6-3.2,2,1912340141537955840,极兔快递,JT0016118848997,服饰,广东省,
玉佛苑_站点-玉佛苑,玉佛苑,玉佛苑,快递,2025-04-16 10:58:48,,1,0.64,0,6.00,0.00,2.80,6-3.2,2,1912339843243249664,极兔快递,JT0016120303810,鞋,福建省,
玉佛苑_站点-玉佛苑,玉佛苑,玉佛苑,快递,2025-04-16 09:31:39,,1,0.33,0,6.00,0.00,2.80,6-3.2,2,1912317906228023296,极兔快递,JT0016109181373,服饰,广东省,
玉佛苑_站点-玉佛苑,玉佛苑,玉佛苑,快递,2025-04-16 09:30:45,,1,0.35,0,6.00,0.00,2.80,6-3.2,2,1912317685284671488,极兔快递,JT0016115665549,服饰,广东省,
玉佛苑_站点-玉佛苑,玉佛苑,玉佛苑,快递,2025-04-16 08:49:00,,1,0.74,0,6.00,0.00,2.80,6-3.2,2,1912307176548274176,极兔快递,JT0016117064396,鞋,浙江省,
玉佛苑_站点-玉佛苑,玉佛苑,玉佛苑,快递,2025-04-16 08:23:27,,1,0.22,0,6.00,0.00,2.80,6-3.2,2,1912300742867619840,极兔快递,JT0016109231938,服饰,浙江省,
玉佛苑_站点-玉佛苑,玉佛苑,玉佛苑,快递,2025-04-16 08:22:46,,1,0.31,0,6.00,0.00,2.80,6-3.2,2,1912300560088240128,极兔快递,JT0016117165711,服饰,广东省,
玉佛苑_站点-玉佛苑,玉佛苑,玉佛苑,快递,2025-04-16 08:21:52,,1,0.66,0,6.00,0.00,2.80,6-3.2,2,1912300343649570816,极兔快递,JT0016117342454,服饰,广东省,
玉佛苑_站点-玉佛苑,玉佛苑,玉佛苑,快递,2025-04-16 08:21:07,,1,0.2,0,6.00,0.00,2.80,6-3.2,2,1912300153802788864,极兔快递,JT0016108179929,服饰,河南省,
玉佛苑_站点-玉佛苑,玉佛苑,玉佛苑,快递,2025-04-16 08:20:11,,1,0.43,0,6.00,0.00,2.80,6-3.2,2,1912299919106314240,极兔快递,JT0016117357266,服饰,广东省,
玉佛苑_站点-玉佛苑,玉佛苑,玉佛苑,快递,2025-04-16 08:19:25,,0.4,0.2,0,6.00,0.00,2.80,6-3.2,2,1912299723911794688,极兔快递,JT0016116272920,服饰,广东省,
玉佛苑_站点-玉佛苑,玉佛苑,玉佛苑,快递,2025-04-16 08:18:24,,1,0.2,0,6.00,0.00,2.80,6-3.2,2,1912299475294425088,极兔快递,JT0016113823151,服饰,湖北省,
玉佛苑_站点-玉佛苑,玉佛苑,玉佛苑,快递,2025-04-16 08:17:09,,1,0.2,0,6.00,0.00,2.80,6-3.2,2,1912299161791172608,极兔快递,JT0016111301617,服饰,江苏省,
玉佛苑_站点-玉佛苑,玉佛苑,玉佛苑,快递,2025-04-16 08:15:31,,1,0.2,0,6.00,0.00,2.80,6-3.2,2,1912298751793762304,极兔快递,JT0016116837247,服饰,广东省,
玉佛苑_站点-玉佛苑,玉佛苑,玉佛苑,快递,2025-04-16 08:11:43,,0.5,0.22,0,6.00,0.00,2.80,6-3.2,2,1912297786504056832,极兔快递,JT0016118008441,服饰,广东省,
玉佛苑_站点-玉佛苑,玉佛苑,玉佛苑,快递,2025-04-16 08:10:03,,1,0.32,0,6.00,0.00,2.80,6-3.2,2,1912297374782787584,极兔快递,JT0016116693883,生活用品,河北省,
玉佛苑_站点-玉佛苑,玉佛苑,玉佛苑,干洗,2025-04-15 21:08:37,,,,,19.80,,5.94,30%,,1912130920548601856,干洗,,"清洗鞋19.8元两双   *   1
清洗鞋19.8元两双   *   1",,
玉佛苑_站点-玉佛苑,玉佛苑,玉佛苑,快递,2025-04-15 20:53:43,,0.3,0.2,0,6.00,0.00,2.80,6-3.2,2,1912127170727579648,极兔快递,JT0016110355307,生活用品,河北省,
玉佛苑_站点-玉佛苑,玉佛苑,玉佛苑,快递,2025-04-15 20:51:31,,0.5,0.22,0,6.00,0.00,2.80,6-3.2,2,1912126616647438336,极兔快递,JT0016102826125,服饰,广东省,
玉佛苑_站点-玉佛苑,玉佛苑,玉佛苑,快递,2025-04-15 20:49:31,,2,1.64,0,8.00,0.00,4.08,51% ,2,1912126110764044288,极兔快递,JT0016115532351,衣架,浙江省,
玉佛苑_站点-玉佛苑,玉佛苑,玉佛苑,快递,2025-04-15 20:27:21,,0.6,0.2,0,6.00,0.00,2.80,6-3.2,2,1912120535573532672,极兔快递,JT0016115271532,服饰,广东省,
玉佛苑_站点-玉佛苑,玉佛苑,玉佛苑,快递,2025-04-15 20:26:06,,0.5,0.2,0,6.00,0.00,2.80,6-3.2,2,1912120157578661888,极兔快递,JT0016112793343,手机壳,广东省,
玉佛苑_站点-玉佛苑,玉佛苑,玉佛苑,快递,2025-04-15 20:16:22,,1,0.35,0,6.00,0.00,2.80,6-3.2,2,1912117770692530176,极兔快递,JT0016103796301,服饰,广东省,
玉佛苑_站点-玉佛苑,玉佛苑,玉佛苑,快递,2025-04-15 20:13:56,,1,0.2,0,6.00,0.00,2.80,6-3.2,2,1912117157279764480,极兔快递,JT0016114160105,服饰,河北省,
玉佛苑_站点-玉佛苑,玉佛苑,玉佛苑,快递,2025-04-15 20:06:31,,1,0.2,0,6.00,0.00,2.80,6-3.2,2,1912115293561753600,极兔快递,JT0016116008135,服饰,浙江省,
玉佛苑_站点-玉佛苑,玉佛苑,玉佛苑,快递,2025-04-15 20:04:23,,2,0.54,1,8.00,0.00,4.08,51% ,2,1912114756762144768,极兔快递,JT0016115711464,鞋,福建省,
玉佛苑_站点-玉佛苑,玉佛苑,玉佛苑,快递,2025-04-15 19:57:43,,1,0.26,0,6.00,0.00,2.80,6-3.2,2,1912113079443197952,极兔快递,JT0016115699354,服饰,广东省,
玉佛苑_站点-玉佛苑,玉佛苑,玉佛苑,快递,2025-04-15 19:50:47,,1,0.39,0,6.00,0.00,2.80,6-3.2,2,1912111330787528704,极兔快递,JT0016114843492,服饰,广东省,
玉佛苑_站点-玉佛苑,玉佛苑,玉佛苑,快递,2025-04-15 19:16:50,,0.5,0.2,0,6.00,0.00,2.80,6-3.2,2,1912102789376839680,极兔快递,JT0016113919092,服饰,广东省,
玉佛苑_站点-玉佛苑,玉佛苑,玉佛苑,快递,2025-04-15 19:13:43,,1,0.39,0,6.00,0.00,2.80,6-3.2,2,1912102004626755584,极兔快递,JT0016110719855,服饰,江苏省,
玉佛苑_站点-玉佛苑,玉佛苑,玉佛苑,快递,2025-04-15 19:07:02,,1,0.62,0,6.00,0.00,2.80,6-3.2,2,1912100320093605888,极兔快递,JT0016113926280,服饰,河北省,
玉佛苑_站点-玉佛苑,玉佛苑,玉佛苑,快递,2025-04-15 19:05:09,,0.5,0.2,0,6.00,0.00,2.80,6-3.2,2,1912099851032006656,极兔快递,JT0016113560556,服饰,广东省,
玉佛苑_站点-玉佛苑,玉佛苑,玉佛苑,快递,2025-04-15 18:59:50,,1,0.54,0,6.00,0.00,2.80,6-3.2,2,1912098510276595712,极兔快递,JT0016113752745,书包,河北省,
玉佛苑_站点-玉佛苑,玉佛苑,玉佛苑,快递,2025-04-15 18:50:55,,0.5,0.2,0,7.00,0.00,2.80,6-3.2,2,1912096266856632320,极兔快递,JT0016107310397,生活用品,北京市,
玉佛苑_站点-玉佛苑,玉佛苑,玉佛苑,快递,2025-04-15 18:49:30,,1,0.35,0,7.00,0.00,2.80,6-3.2,2,1912095906901463040,极兔快递,JT0016109039732,服饰,上海市,
玉佛苑_站点-玉佛苑,玉佛苑,玉佛苑,快递,2025-04-15 18:43:11,,1,0.48,0,6.00,0.00,2.80,6-3.2,2,1912094322704453632,极兔快递,JT0016113133332,服饰,浙江省,
玉佛苑_站点-玉佛苑,玉佛苑,玉佛苑,快递,2025-04-15 18:41:50,,1,0.37,0,6.00,0.00,2.80,6-3.2,2,1912093980394721280,极兔快递,JT0016113916139,服饰,湖北省,
玉佛苑_站点-玉佛苑,玉佛苑,玉佛苑,快递,2025-04-15 18:37:23,,1,0.6,0,6.00,0.00,2.80,6-3.2,2,1912092859383091200,极兔快递,JT0016114744981,服饰,福建省,
玉佛苑_站点-玉佛苑,玉佛苑,玉佛苑,快递,2025-04-15 17:40:39,,1,0.96,0,6.00,0.00,2.80,6-3.2,2,1912078582261682176,极兔快递,JT0016113668696,生活用品,河南省,
玉佛苑_站点-玉佛苑,玉佛苑,玉佛苑,快递,2025-04-15 16:26:00,,0.6,0.38,0,6.00,0.00,2.80,6-3.2,2,1912059794149543936,极兔快递,JT0016100739541,服饰,浙江省,
玉佛苑_站点-玉佛苑,玉佛苑,玉佛苑,快递,2025-04-15 16:16:28,,1,1.09,-1,6.00,0.00,2.80,6-3.2,2,1912057398287601664,极兔快递,JT0016111961695,服饰,湖北省,
玉佛苑_站点-玉佛苑,玉佛苑,玉佛苑,快递,2025-04-15 16:03:23,,1,0.76,0,6.00,0.00,2.80,6-3.2,2,1912054099689803776,极兔快递,JT0016109207173,鞋,广东省,
玉佛苑_站点-玉佛苑,玉佛苑,玉佛苑,快递,2025-04-15 16:01:54,,1,0.65,0,6.00,0.00,2.80,6-3.2,2,1912053725268480000,极兔快递,JT0016109374905,服饰,湖南省,
玉佛苑_站点-玉佛苑,玉佛苑,玉佛苑,快递,2025-04-15 16:00:57,,0.5,0.26,0,6.00,0.00,2.80,6-3.2,2,1912053493545766912,极兔快递,JT0016109178875,服饰,广东省,
玉佛苑_站点-玉佛苑,玉佛苑,玉佛苑,快递,2025-04-15 15:57:30,,0.5,0.2,0,6.00,0.00,2.80,6-3.2,2,1912052621520605184,极兔快递,JT0016109201435,手机壳,广东省,
玉佛苑_站点-玉佛苑,玉佛苑,玉佛苑,快递,2025-04-15 14:29:28,,1,0.55,0,6.00,0.00,2.80,6-3.2,2,1912030468851044352,极兔快递,JT0016108045426,生活用品,安徽省,
玉佛苑_站点-玉佛苑,玉佛苑,玉佛苑,快递,2025-04-15 14:05:10,,1,0.23,0,6.00,0.00,2.80,6-3.2,2,1912024355158036480,极兔快递,JT0016108808821,服饰,广东省,
玉佛苑_站点-玉佛苑,玉佛苑,玉佛苑,快递,2025-04-15 14:03:17,,0.6,0.24,0,6.00,0.00,2.80,6-3.2,2,1912023869151449088,极兔快递,JT0016104311207,服饰,浙江省,
玉佛苑_站点-玉佛苑,玉佛苑,玉佛苑,快递,2025-04-15 14:02:31,,0.6,0.36,0,6.00,0.00,2.80,6-3.2,2,1912023690276966400,极兔快递,JT0016103448896,服饰,广东省,
玉佛苑_站点-玉佛苑,玉佛苑,玉佛苑,快递,2025-04-15 12:51:25,,1,0.2,0,6.00,0.00,2.80,6-3.2,2,1912005796428189696,极兔快递,JT0016106036046,服饰,陕西省,
玉佛苑_站点-玉佛苑,玉佛苑,玉佛苑,快递,2025-04-15 12:50:12,,1,0.78,0,6.00,0.00,2.80,6-3.2,2,1912005487853244416,极兔快递,JT0016106945394,鞋,河北省,
玉佛苑_站点-玉佛苑,玉佛苑,玉佛苑,快递,2025-04-15 10:56:21,,1,0.29,0,6.00,0.00,2.80,6-3.2,2,1911976839696273408,极兔快递,JT0016105135846,服饰,浙江省,
玉佛苑_站点-玉佛苑,玉佛苑,玉佛苑,快递,2025-04-15 09:29:49,2025-04-15 01:38:02,19,,,57.00,,0.00,,2,1911955063080128512,极兔快递,JT0016095472888,皮箱,浙江省,已全额退款
玉佛苑_站点-玉佛苑,玉佛苑,玉佛苑,快递,2025-04-15 09:31:04,,19,17.91,1,57.00,17.00,28.50,50% ,2,1911955300330934272,韵达快递,312712364819087,皮箱,浙江省,
玉佛苑_站点-玉佛苑,玉佛苑,玉佛苑,快递,2025-04-15 09:28:35,,1,,,6.00,,2.52,42% ,2,1911954735421100032,申通快递,772040066562195,服饰,广东省,
玉佛苑_站点-玉佛苑,玉佛苑,玉佛苑,快递,2025-04-15 09:17:32,,1,0.23,0,6.00,0.00,2.80,6-3.2,2,1911951962960990208,极兔快递,JT0016101257512,服饰,浙江省,
玉佛苑_站点-玉佛苑,玉佛苑,玉佛苑,快递,2025-04-15 09:16:40,,1,0.94,0,6.00,0.00,2.80,6-3.2,2,1911951746253885440,极兔快递,JT0016100238814,鞋,福建省,
玉佛苑_站点-玉佛苑,玉佛苑,玉佛苑,快递,2025-04-15 09:15:53,,1,0.81,0,6.00,0.00,2.80,6-3.2,2,1911951477512245248,极兔快递,JT0016098195724,鞋,四川省,
玉佛苑_站点-玉佛苑,玉佛苑,玉佛苑,快递,2025-04-15 08:46:55,,1,0.64,0,6.00,0.00,2.80,6-3.2,2,1911944264974503936,极兔快递,JT0016100156886,生活用品,浙江省,
玉佛苑_站点-玉佛苑,玉佛苑,玉佛苑,快递,2025-04-15 08:14:31,,0.5,0.2,0,6.00,0.00,2.80,6-3.2,2,1911936107464265728,极兔快递,JT0016102090110,服饰,浙江省,
玉佛苑_站点-玉佛苑,玉佛苑,玉佛苑,快递,2025-04-15 08:13:32,,1,0.45,0,6.00,0.00,2.80,6-3.2,2,1911935857433415680,极兔快递,JT0016102022011,服饰,广东省,
玉佛苑_站点-玉佛苑,玉佛苑,玉佛苑,快递,2025-04-14 21:09:49,,1,0.43,0,6.00,0.00,2.80,6-3.2,2,1911768813035491328,极兔快递,JT0016099925180,服饰,陕西省,
玉佛苑_站点-玉佛苑,玉佛苑,玉佛苑,快递,2025-04-14 21:09:04,,1,0.77,0,6.00,0.00,2.80,6-3.2,2,1911768640133697536,极兔快递,JT0016095291527,服饰,浙江省,
玉佛苑_站点-玉佛苑,玉佛苑,玉佛苑,快递,2025-04-14 21:08:13,,1,0.66,0,6.00,0.00,2.80,6-3.2,2,1911768416128503808,极兔快递,JT0016099369558,鞋,广东省,
玉佛苑_站点-玉佛苑,玉佛苑,玉佛苑,快递,2025-04-14 21:07:28,,1,0.38,0,6.00,0.00,2.80,6-3.2,2,1911768238071910400,极兔快递,JT0016097813393,服饰,广东省,
玉佛苑_站点-玉佛苑,玉佛苑,玉佛苑,快递,2025-04-14 20:58:05,,0.4,0.2,0,6.00,0.00,2.80,6-3.2,2,1911765869988843520,极兔快递,JT0016092577710,饰品,浙江省,
玉佛苑_站点-玉佛苑,玉佛苑,玉佛苑,快递,2025-04-14 20:39:40,,1,0.47,0,6.00,0.00,2.80,6-3.2,2,1911761249069600768,极兔快递,JT0016100114428,服饰,浙江省,
玉佛苑_站点-玉佛苑,玉佛苑,玉佛苑,快递,2025-04-14 20:30:11,,1,0.73,0,6.00,0.00,2.80,6-3.2,2,1911758855904595968,极兔快递,JT0016093510188,食品,陕西省,
玉佛苑_站点-玉佛苑,玉佛苑,玉佛苑,快递,2025-04-14 20:27:33,,1,0.98,0,6.00,0.00,2.80,6-3.2,2,1911758196551618560,极兔快递,JT0016099747610,服饰,四川省,
玉佛苑_站点-玉佛苑,玉佛苑,玉佛苑,快递,2025-04-14 20:25:32,,1,0.65,0,6.00,0.00,2.80,6-3.2,2,1911757689875501056,极兔快递,JT0016099497863,鞋,广东省,
玉佛苑_站点-玉佛苑,玉佛苑,玉佛苑,快递,2025-04-14 19:58:26,,1,0.2,0,6.00,0.00,2.80,6-3.2,2,1911750871719776256,极兔快递,JT0016081145746,服饰,辽宁省,
玉佛苑_站点-玉佛苑,玉佛苑,玉佛苑,快递,2025-04-14 19:41:12,,1,0.26,0,6.00,0.00,2.80,6-3.2,2,1911746531550466048,极兔快递,JT0016099063930,服饰,四川省,
玉佛苑_站点-玉佛苑,玉佛苑,玉佛苑,快递,2025-04-14 19:40:00,,1,0.67,0,6.00,0.00,2.80,6-3.2,2,1911746220966449152,极兔快递,JT0016093541746,服饰,四川省,
玉佛苑_站点-玉佛苑,玉佛苑,玉佛苑,快递,2025-04-14 19:37:28,,3,1.86,1,10.00,0.00,5.50,55% ,2,1911745596275200000,极兔快递,JT0016096935114,生活用品,江苏省,
玉佛苑_站点-玉佛苑,玉佛苑,玉佛苑,快递,2025-04-14 19:34:21,,2,1.02,0,8.00,0.00,4.08,51% ,2,1911744808345833472,极兔快递,JT0016093476784,生活用品,浙江省,
玉佛苑_站点-玉佛苑,玉佛苑,玉佛苑,快递,2025-04-14 19:32:27,,1,0.27,0,6.00,0.00,2.80,6-3.2,2,1911744330857877504,极兔快递,JT0016099121532,服饰,广东省,
玉佛苑_站点-玉佛苑,玉佛苑,玉佛苑,快递,2025-04-14 19:25:06,,0.5,0.2,0,6.00,0.00,2.80,6-3.2,2,1911742478409961472,极兔快递,JT0016089808247,服饰,广东省,
玉佛苑_站点-玉佛苑,玉佛苑,玉佛苑,快递,2025-04-14 19:24:29,,1,0.2,0,6.00,0.00,2.80,6-3.2,2,1911742325082984448,极兔快递,JT0016098179840,服饰,湖北省,
玉佛苑_站点-玉佛苑,玉佛苑,玉佛苑,快递,2025-04-14 19:22:33,,1,0.77,0,6.00,0.00,2.80,6-3.2,2,1911741839609073664,极兔快递,JT0016097955699,鞋,江苏省,
玉佛苑_站点-玉佛苑,玉佛苑,玉佛苑,快递,2025-04-14 19:20:08,,0.6,0.2,0,6.00,0.00,2.80,6-3.2,2,1911741231565017088,极兔快递,JT0016094148426,其他,安徽省,
玉佛苑_站点-玉佛苑,玉佛苑,玉佛苑,快递,2025-04-14 19:19:11,,1.5,0.99,1,8.00,0.00,4.08,51% ,2,1911740976207400960,极兔快递,JT0016096868732,鞋,浙江省,
玉佛苑_站点-玉佛苑,玉佛苑,玉佛苑,快递,2025-04-14 19:17:44,,1,0.2,0,6.00,0.00,2.80,6-3.2,2,1911740629913079808,极兔快递,JT0016096528258,服饰,广东省,
玉佛苑_站点-玉佛苑,玉佛苑,玉佛苑,快递,2025-04-14 19:16:32,,1,0.5,0,6.00,0.00,2.80,6-3.2,2,1911740326249664512,极兔快递,JT0016099062219,生活用品,浙江省,
玉佛苑_站点-玉佛苑,玉佛苑,玉佛苑,快递,2025-04-14 19:12:01,,1,0.39,0,6.00,0.00,2.80,6-3.2,2,1911739179375955968,极兔快递,JT0016093177131,服饰,广东省,
玉佛苑_站点-玉佛苑,玉佛苑,玉佛苑,快递,2025-04-14 19:10:13,,1,0.31,0,6.00,0.00,2.80,6-3.2,2,1911738735375323136,极兔快递,JT0016097357515,服饰,辽宁省,
玉佛苑_站点-玉佛苑,玉佛苑,玉佛苑,快递,2025-04-14 19:05:58,,1,0.2,0,6.00,0.00,2.80,6-3.2,2,1911737668101115904,极兔快递,JT0016095741438,服饰,天津市,
玉佛苑_站点-玉佛苑,玉佛苑,玉佛苑,快递,2025-04-14 19:04:37,,1,0.23,0,6.00,0.00,2.80,6-3.2,2,1911737328098250752,极兔快递,JT0016093288235,服饰,天津市,
玉佛苑_站点-玉佛苑,玉佛苑,玉佛苑,快递,2025-04-14 19:03:10,,2,1.66,0,8.00,0.00,4.08,51% ,2,1911736960119377920,极兔快递,JT0016096791222,服饰,福建省,
玉佛苑_站点-玉佛苑,玉佛苑,玉佛苑,快递,2025-04-14 19:00:07,,2,2.34,-1,8.00,0.00,4.08,51% ,2,1911736194889584640,极兔快递,JT0016097379943,服饰,广东省,
玉佛苑_站点-玉佛苑,玉佛苑,玉佛苑,快递,2025-04-14 18:48:02,,1,0.21,0,6.00,0.00,2.80,6-3.2,2,1911733153943687168,极兔快递,JT0016097153805,服饰,广东省,
玉佛苑_站点-玉佛苑,玉佛苑,玉佛苑,快递,2025-04-14 18:46:56,,1,0.33,0,6.00,0.00,2.80,6-3.2,2,1911732878558269440,极兔快递,JT0016097802693,服饰,湖北省,
玉佛苑_站点-玉佛苑,玉佛苑,玉佛苑,快递,2025-04-14 18:39:48,,2,1.55,0,8.00,0.00,4.08,51% ,2,1911731082754428928,极兔快递,JT0016097341382,生活用品,河南省,
玉佛苑_站点-玉佛苑,玉佛苑,玉佛苑,快递,2025-04-14 18:38:04,,1,0.8,0,6.00,0.00,2.80,6-3.2,2,1911730616129720320,极兔快递,JT0016088226264,鞋,浙江省,
玉佛苑_站点-玉佛苑,玉佛苑,玉佛苑,快递,2025-04-14 18:37:05,,0.4,0.2,0,6.00,0.00,2.80,6-3.2,2,1911730396507574272,极兔快递,JT0016097826607,口罩,广东省,
玉佛苑_站点-玉佛苑,玉佛苑,玉佛苑,快递,2025-04-14 18:30:57,,1,0.77,0,6.00,0.00,2.80,6-3.2,2,1911728855142797312,极兔快递,JT0016096230549,鞋,浙江省,
玉佛苑_站点-玉佛苑,玉佛苑,玉佛苑,快递,2025-04-14 17:55:37,,1,0.51,0,6.00,0.00,2.80,6-3.2,2,1911719961007919104,极兔快递,JT0016077168745,服饰,广东省,
玉佛苑_站点-玉佛苑,玉佛苑,玉佛苑,快递,2025-04-14 17:37:57,,1,0.42,0,6.00,0.00,2.80,6-3.2,2,1911715518262710272,极兔快递,JT0016094585041,鞋,浙江省,
玉佛苑_站点-玉佛苑,玉佛苑,玉佛苑,快递,2025-04-14 17:07:38,,1,0.61,0,6.00,0.00,2.80,6-3.2,2,1911707888282669056,极兔快递,JT0016090078453,服饰,福建省,
玉佛苑_站点-玉佛苑,玉佛苑,玉佛苑,快递,2025-04-14 17:04:27,,1,0.55,0,6.00,0.00,2.80,6-3.2,2,1911707088273707008,极兔快递,JT0016096266880,服饰,江苏省,
玉佛苑_站点-玉佛苑,玉佛苑,玉佛苑,快递,2025-04-14 17:03:11,,1,0.46,0,6.00,0.00,2.80,6-3.2,2,1911706767782744064,极兔快递,JT0016095985636,服饰,江苏省,
玉佛苑_站点-玉佛苑,玉佛苑,玉佛苑,快递,2025-04-14 16:45:54,,1.5,1.32,0,8.00,0.00,4.08,51% ,2,1911702419593924608,极兔快递,JT0016095950150,易碎品,广东省,
玉佛苑_站点-玉佛苑,玉佛苑,玉佛苑,快递,2025-04-14 16:17:48,,1,0.22,0,6.00,0.00,2.80,6-3.2,2,1911695348374867968,极兔快递,JT0016095948073,服饰,浙江省,
玉佛苑_站点-玉佛苑,玉佛苑,玉佛苑,快递,2025-04-14 16:12:40,,1,0.24,0,6.00,0.00,2.80,6-3.2,2,1911694052301377536,极兔快递,JT0016090226336,服饰,浙江省,
玉佛苑_站点-玉佛苑,玉佛苑,玉佛苑,快递,2025-04-14 15:58:29,2025-04-14 08:09:33,2,,,8.00,,0.00,,2,1911690485205209088,极兔快递,JT0016094633408,鞋,安徽省,已全额退款
玉佛苑_站点-玉佛苑,玉佛苑,玉佛苑,快递,2025-04-14 16:08:18,,3,2.16,0,10.00,0.00,5.50,55% ,2,1911692941255413760,极兔快递,JT0016093633653,鞋,安徽省,
玉佛苑_站点-玉佛苑,玉佛苑,玉佛苑,快递,2025-04-14 15:43:03,,1,0.71,0,6.00,0.00,2.80,6-3.2,2,1911686596217180160,极兔快递,JT0016094293420,服饰,广东省,
玉佛苑_站点-玉佛苑,玉佛苑,玉佛苑,快递,2025-04-14 15:42:18,,1,0.44,0,6.00,0.00,2.80,6-3.2,2,1911686411630055424,极兔快递,JT0016094184068,服饰,浙江省,
玉佛苑_站点-玉佛苑,玉佛苑,玉佛苑,快递,2025-04-14 15:04:27,,1,,,6.00,,2.52,42% ,2,1911676888156639232,申通快递,772040026851173,服饰,江苏省,
玉佛苑_站点-玉佛苑,玉佛苑,玉佛苑,快递,2025-04-14 14:52:03,,0.5,0.23,0,6.00,0.00,2.80,6-3.2,2,1911673769070858240,极兔快递,JT0016092754725,服饰,浙江省,
玉佛苑_站点-玉佛苑,玉佛苑,玉佛苑,快递,2025-04-14 13:04:17,2025-04-14 06:50:07,1,,,6.00,,0.00,,2,1911646639805075456,极兔快递,JT0016090850173,服饰,江苏省,已全额退款
玉佛苑_站点-玉佛苑,玉佛苑,玉佛苑,快递,2025-04-14 14:38:11,,1,0.5,0,6.00,0.00,2.80,6-3.2,2,1911670272527077376,极兔快递,JT0016091632198,服饰,山东省,
玉佛苑_站点-玉佛苑,玉佛苑,玉佛苑,快递,2025-04-14 14:37:10,,2,1.0,1,8.00,0.00,4.08,51% ,2,1911670019518271488,极兔快递,JT0016092296599,鞋,福建省,
玉佛苑_站点-玉佛苑,玉佛苑,玉佛苑,快递,2025-04-14 13:06:48,,1,0.32,0,6.00,0.00,2.80,6-3.2,2,1911647273878982656,极兔快递,JT0016084448228,服饰,浙江省,
玉佛苑_站点-玉佛苑,玉佛苑,玉佛苑,快递,2025-04-14 13:05:44,,1,0.48,0,6.00,0.00,2.80,6-3.2,2,1911647007238688768,极兔快递,JT0016088062620,服饰,湖北省,
玉佛苑_站点-玉佛苑,玉佛苑,玉佛苑,快递,2025-04-14 13:04:58,,1,0.55,0,6.00,0.00,2.80,6-3.2,2,1911646813973549056,极兔快递,JT0016090609443,服饰,江苏省,
玉佛苑_站点-玉佛苑,玉佛苑,玉佛苑,快递,2025-04-14 13:03:40,,1,0.48,0,6.00,0.00,2.80,6-3.2,2,1911646492475953152,极兔快递,JT0016091118890,服饰,江苏省,
玉佛苑_站点-玉佛苑,玉佛苑,玉佛苑,快递,2025-04-14 13:01:29,,0.5,0.2,0,6.00,0.00,2.80,6-3.2,2,1911645941881278464,极兔快递,JT0016090749585,皮带,广东省,
玉佛苑_站点-玉佛苑,玉佛苑,玉佛苑,干洗,2025-04-14 12:58:57,,,,,19.80,,5.94,30%,,1911645303243968512,干洗,,"清洗鞋19.8元两双   *   1
清洗鞋19.8元两双   *   1",,
玉佛苑_站点-玉佛苑,玉佛苑,玉佛苑,干洗,2025-04-14 12:56:09,,,,,39.60,,11.88,30%,,1911644591378305024,干洗,,"清洗鞋19.8元两双   *   1
清洗鞋19.8元两双   *   1
清洗鞋19.8元两双   *   1
清洗鞋19.8元两双   *   1",,
玉佛苑_站点-玉佛苑,玉佛苑,玉佛苑,快递,2025-04-14 12:43:54,,0.4,0.2,0,6.00,0.00,2.80,6-3.2,2,1911641509701521408,极兔快递,JT0016088324798,服饰,广东省,
玉佛苑_站点-玉佛苑,玉佛苑,玉佛苑,快递,2025-04-14 12:43:17,,0.4,0.2,0,6.00,0.00,2.80,6-3.2,2,1911641363563581440,极兔快递,JT0016091105670,服饰,安徽省,
玉佛苑_站点-玉佛苑,玉佛苑,玉佛苑,快递,2025-04-14 12:38:33,,1,0.37,0,6.00,0.00,2.80,6-3.2,2,1911640169801748480,极兔快递,JT0016089239667,生活用品,浙江省,
玉佛苑_站点-玉佛苑,玉佛苑,玉佛苑,快递,2025-04-14 10:55:09,,0.5,0.2,0,6.00,0.00,2.80,6-3.2,2,1911614149446520832,极兔快递,JT0016086692711,服饰,浙江省,
玉佛苑_站点-玉佛苑,玉佛苑,玉佛苑,快递,2025-04-14 10:42:36,,2,1.38,0,8.00,0.00,4.08,51% ,2,1911610987662725120,极兔快递,JT0016082855412,服饰,浙江省,
玉佛苑_站点-玉佛苑,玉佛苑,玉佛苑,快递,2025-04-14 10:23:59,,1,0.2,0,6.00,0.00,2.80,6-3.2,2,1911606291904516096,极兔快递,JT0016087145980,服饰,广东省,
玉佛苑_站点-玉佛苑,玉佛苑,玉佛苑,快递,2025-04-14 10:23:11,,1,0.5,0,6.00,0.00,2.80,6-3.2,2,1911606103685124096,极兔快递,JT0016087691823,服饰,广东省,
玉佛苑_站点-玉佛苑,玉佛苑,玉佛苑,快递,2025-04-14 10:21:48,,1,1.01,-1,6.00,0.00,2.80,6-3.2,2,1911605745441230848,极兔快递,JT0016087004899,鞋,广东省,
玉佛苑_站点-玉佛苑,玉佛苑,玉佛苑,快递,2025-04-14 10:20:55,,1,0.28,0,6.00,0.00,2.80,6-3.2,2,1911605528562159616,极兔快递,JT0016084561109,鞋,浙江省,
玉佛苑_站点-玉佛苑,玉佛苑,玉佛苑,快递,2025-04-14 10:20:19,,1,0.6,0,6.00,0.00,2.80,6-3.2,2,1911605370642419712,极兔快递,JT0016087986279,服饰,广东省,
玉佛苑_站点-玉佛苑,玉佛苑,玉佛苑,快递,2025-04-14 10:19:38,,1,0.55,0,6.00,0.00,2.80,6-3.2,2,1911605203818172416,极兔快递,JT0016084094293,服饰,广东省,
玉佛苑_站点-玉佛苑,玉佛苑,玉佛苑,快递,2025-04-14 10:19:05,,1,0.52,0,6.00,0.00,2.80,6-3.2,2,1911605064718274560,极兔快递,JT0016085010966,服饰,广东省,
玉佛苑_站点-玉佛苑,玉佛苑,玉佛苑,快递,2025-04-14 10:18:18,,1,0.23,0,6.00,0.00,2.80,6-3.2,2,1911604870698160128,极兔快递,JT0016084074635,服饰,广东省,
玉佛苑_站点-玉佛苑,玉佛苑,玉佛苑,快递,2025-04-14 10:17:47,,0.5,0.2,0,6.00,0.00,2.80,6-3.2,2,1911604747532423168,极兔快递,JT0016086767273,化妆品,陕西省,
玉佛苑_站点-玉佛苑,玉佛苑,玉佛苑,快递,2025-04-14 10:16:14,,1,0.56,0,6.00,0.00,2.80,6-3.2,2,1911604356392603648,极兔快递,JT0016081628413,饰品,广东省,
玉佛苑_站点-玉佛苑,玉佛苑,玉佛苑,快递,2025-04-14 10:12:44,,1,0.2,0,6.00,0.00,2.80,6-3.2,2,1911603474359832576,极兔快递,JT0016086481707,袜子,浙江省,
玉佛苑_站点-玉佛苑,玉佛苑,玉佛苑,快递,2025-04-14 10:11:22,,0.4,0.2,0,6.00,0.00,2.80,6-3.2,2,1911603123233673216,极兔快递,JT0016085654098,服饰,广东省,
玉佛苑_站点-玉佛苑,玉佛苑,玉佛苑,快递,2025-04-14 10:10:40,,1,0.28,0,6.00,0.00,2.80,6-3.2,2,1911602947316174848,极兔快递,JT0016086777880,服饰,安徽省,
玉佛苑_站点-玉佛苑,玉佛苑,玉佛苑,快递,2025-04-14 10:10:05,,1,0.36,0,6.00,0.00,2.80,6-3.2,2,1911602801039822848,极兔快递,JT0016085901298,服饰,安徽省,
玉佛苑_站点-玉佛苑,玉佛苑,玉佛苑,快递,2025-04-14 10:09:15,,1,0.45,0,6.00,0.00,2.80,6-3.2,2,1911602591895048192,极兔快递,JT0016064997152,服饰,广东省,
玉佛苑_站点-玉佛苑,玉佛苑,玉佛苑,快递,2025-04-14 10:08:41,,1,0.64,0,6.00,0.00,2.80,6-3.2,2,1911602448399519744,极兔快递,JT0016082659260,服饰,广东省,
玉佛苑_站点-玉佛苑,玉佛苑,玉佛苑,快递,2025-04-14 10:08:10,,1,0.51,0,6.00,0.00,2.80,6-3.2,2,1911602321169502208,极兔快递,JT0016079159809,服饰,广东省,
玉佛苑_站点-玉佛苑,玉佛苑,玉佛苑,快递,2025-04-14 10:07:32,,1,0.44,0,6.00,0.00,2.80,6-3.2,2,1911602161215524864,极兔快递,JT0016086248870,服饰,广东省,
玉佛苑_站点-玉佛苑,玉佛苑,玉佛苑,快递,2025-04-14 10:06:55,,1,0.45,0,6.00,0.00,2.80,6-3.2,2,1911602002956046336,极兔快递,JT0016086564228,服饰,广东省,
玉佛苑_站点-玉佛苑,玉佛苑,玉佛苑,快递,2025-04-14 10:06:20,,1,0.4,0,6.00,0.00,2.80,6-3.2,2,1911601855580786688,极兔快递,JT0016083323666,服饰,广东省,
玉佛苑_站点-玉佛苑,玉佛苑,玉佛苑,快递,2025-04-14 10:05:43,,1,0.2,0,6.00,0.00,2.80,6-3.2,2,1911601690090328064,极兔快递,JT0016085168651,服饰,安徽省,
玉佛苑_站点-玉佛苑,玉佛苑,玉佛苑,快递,2025-04-14 10:04:51,,1,0.27,0,6.00,0.00,2.80,6-3.2,2,1911601482992373760,极兔快递,JT0016085125300,服饰,广东省,
玉佛苑_站点-玉佛苑,玉佛苑,玉佛苑,快递,2025-04-14 10:04:17,,1,0.28,0,6.00,0.00,2.80,6-3.2,2,1911601340516061184,极兔快递,JT0016087033165,服饰,广东省,
玉佛苑_站点-玉佛苑,玉佛苑,玉佛苑,快递,2025-04-14 10:03:41,,1,0.63,0,6.00,0.00,2.80,6-3.2,2,1911601192457129984,极兔快递,JT0016085932084,服饰,湖北省,
玉佛苑_站点-玉佛苑,玉佛苑,玉佛苑,快递,2025-04-14 09:32:56,,1,0.34,0,6.00,0.00,2.80,6-3.2,2,1911593455690108928,极兔快递,JT0016081699447,服饰,江苏省,
玉佛苑_站点-玉佛苑,玉佛苑,玉佛苑,快递,2025-04-14 09:32:13,,1,0.74,0,6.00,0.00,2.80,6-3.2,2,1911593279462232064,极兔快递,JT0016080981479,服饰,浙江省,
玉佛苑_站点-玉佛苑,玉佛苑,玉佛苑,快递,2025-04-14 09:30:54,,1,0.71,0,6.00,0.00,2.80,6-3.2,2,1911592942131138560,极兔快递,JT0016074977466,服饰,广东省,
玉佛苑_站点-玉佛苑,玉佛苑,玉佛苑,快递,2025-04-14 09:30:01,,1,0.24,0,6.00,0.00,2.80,6-3.2,2,1911592711742214144,极兔快递,JT0016083661186,服饰,浙江省,
玉佛苑_站点-玉佛苑,玉佛苑,玉佛苑,快递,2025-04-14 08:51:55,,0.4,0.2,0,6.00,0.00,2.80,6-3.2,2,1911583136427200512,极兔快递,JT0016076967343,口红,广东省,
玉佛苑_站点-玉佛苑,玉佛苑,玉佛苑,快递,2025-04-13 21:22:52,,2,1.25,0,8.00,0.00,4.08,51% ,2,1911409730490650624,极兔快递,JT0016074911544,鞋,浙江省,
玉佛苑_站点-玉佛苑,玉佛苑,玉佛苑,快递,2025-04-13 21:21:29,,1,0.61,0,6.00,0.00,2.80,6-3.2,2,1911409365980467200,极兔快递,JT0016081726103,服饰,广东省,
玉佛苑_站点-玉佛苑,玉佛苑,玉佛苑,快递,2025-04-13 20:52:26,,1,0.2,0,6.00,0.00,2.80,6-3.2,2,1911402073285382144,极兔快递,JT0016082298003,饰品,浙江省,
玉佛苑_站点-玉佛苑,玉佛苑,玉佛苑,快递,2025-04-13 20:47:32,,1.5,1.11,0,8.00,0.00,4.08,51% ,2,1911400839069487104,极兔快递,JT0016081540103,鞋,四川省,
玉佛苑_站点-玉佛苑,玉佛苑,玉佛苑,快递,2025-04-13 20:20:47,,0.5,0.2,0,6.00,0.00,2.80,6-3.2,2,1911394104694984704,极兔快递,JT0016079409978,服饰,浙江省,
玉佛苑_站点-玉佛苑,玉佛苑,玉佛苑,快递,2025-04-13 18:13:38,,0.6,0.2,0,6.00,0.00,2.80,6-3.2,2,1911362094702186496,极兔快递,JT0016065234178,服饰,湖北省,
玉佛苑_站点-玉佛苑,玉佛苑,玉佛苑,快递,2025-04-13 18:12:42,,0.4,0.2,0,6.00,0.00,2.80,6-3.2,2,1911361874513809408,极兔快递,JT0016081449616,生活用品,广东省,
玉佛苑_站点-玉佛苑,玉佛苑,玉佛苑,快递,2025-04-13 17:11:42,,1,0.38,0,6.00,0.00,2.80,6-3.2,2,1911346518961344512,极兔快递,JT0016081126771,服饰,福建省,
玉佛苑_站点-玉佛苑,玉佛苑,玉佛苑,快递,2025-04-13 16:26:41,,1,0.3,0,6.00,0.00,2.80,6-3.2,2,1911335186505584640,极兔快递,JT0016079001808,眼镜,江苏省,
玉佛苑_站点-玉佛苑,玉佛苑,玉佛苑,快递,2025-04-13 16:25:43,,1,0.22,0,6.00,0.00,2.80,6-3.2,2,1911334949183475712,极兔快递,JT0016079445804,服饰,湖南省,
玉佛苑_站点-玉佛苑,玉佛苑,玉佛苑,快递,2025-04-13 16:24:14,,1,0.37,0,6.00,0.00,2.80,6-3.2,2,1911334576490205184,极兔快递,JT0016078691740,鞋,浙江省,
玉佛苑_站点-玉佛苑,玉佛苑,玉佛苑,快递,2025-04-13 15:55:46,,1,0.2,0,6.00,0.00,2.80,6-3.2,2,1911327413164232704,极兔快递,JT0016066367005,服饰,福建省,
玉佛苑_站点-玉佛苑,玉佛苑,玉佛苑,快递,2025-04-13 15:51:38,,1,0.72,0,6.00,0.00,2.80,6-3.2,2,1911326374394515456,极兔快递,JT0016079134852,服饰,浙江省,
玉佛苑_站点-玉佛苑,玉佛苑,玉佛苑,快递,2025-04-13 15:50:33,,0.5,0.2,0,6.00,0.00,2.80,6-3.2,2,1911326103073378304,极兔快递,JT0016076637176,服饰,云南省,
玉佛苑_站点-玉佛苑,玉佛苑,玉佛苑,快递,2025-04-13 15:48:15,,1,0.49,0,6.00,0.00,2.80,6-3.2,2,1911325503787028480,极兔快递,JT0016078128802,服饰,浙江省,
玉佛苑_站点-玉佛苑,玉佛苑,玉佛苑,快递,2025-04-13 15:28:27,,2,1.69,0,8.00,0.00,4.08,51% ,2,1911320537827561472,极兔快递,JT0016073406043,生活用品,浙江省,
玉佛苑_站点-玉佛苑,玉佛苑,玉佛苑,快递,2025-04-13 15:23:04,,0.5,0.28,0,6.00,0.00,2.80,6-3.2,2,1911319185193881600,极兔快递,JT0016078564340,服饰,河北省,
玉佛苑_站点-玉佛苑,玉佛苑,玉佛苑,快递,2025-04-13 15:21:43,,0.5,0.2,0,6.00,0.00,2.80,6-3.2,2,1911318845916631040,极兔快递,JT0016078732903,服饰,广东省,
玉佛苑_站点-玉佛苑,玉佛苑,玉佛苑,快递,2025-04-13 14:49:45,,2,2.66,-1,8.00,0.00,4.08,51% ,2,1911310793847001088,极兔快递,JT0016076057396,服饰,浙江省,
玉佛苑_站点-玉佛苑,玉佛苑,玉佛苑,快递,2025-04-13 13:40:50,,2,1.35,0,8.00,0.00,4.08,51% ,2,1911293453193367552,极兔快递,JT0016076592951,生活用品,浙江省,
玉佛苑_站点-玉佛苑,玉佛苑,玉佛苑,快递,2025-04-13 13:37:06,,1,0.26,0,6.00,0.00,2.80,6-3.2,2,1911292499668684800,极兔快递,JT0016074599026,服饰,广东省,
玉佛苑_站点-玉佛苑,玉佛苑,玉佛苑,快递,2025-04-13 13:36:11,,1,0.27,0,6.00,0.00,2.80,6-3.2,2,1911292121841586176,极兔快递,JT0016075240973,帽子,浙江省,
玉佛苑_站点-玉佛苑,玉佛苑,玉佛苑,快递,2025-04-13 12:42:59,,0.5,0.2,0,6.00,0.00,2.80,6-3.2,2,1911278898677469184,极兔快递,JT0016075259631,服饰,浙江省,
玉佛苑_站点-玉佛苑,玉佛苑,玉佛苑,快递,2025-04-13 12:41:07,,0.5,0.23,0,6.00,0.00,2.80,6-3.2,2,1911278427950731264,极兔快递,JT0016075934848,服饰,山东省,
玉佛苑_站点-玉佛苑,玉佛苑,玉佛苑,快递,2025-04-13 11:41:10,,1,0.3,0,6.00,0.00,2.52,42% ,2,1911263341089574912,韵达快递,312710251466567,其他,内蒙古自治区,
玉佛苑_站点-玉佛苑,玉佛苑,玉佛苑,快递,2025-04-13 11:39:53,,3,2.19,0,10.00,0.00,5.50,55% ,2,1911263017213808640,极兔快递,JT0016073833467,枕头,江苏省,
玉佛苑_站点-玉佛苑,玉佛苑,玉佛苑,快递,2025-04-13 11:32:14,,1,0.23,0,6.00,0.00,2.80,6-3.2,2,1911261090174390272,极兔快递,JT0016067920879,帽子,浙江省,
玉佛苑_站点-玉佛苑,玉佛苑,玉佛苑,快递,2025-04-13 11:31:29,,1,0.59,0,6.00,0.00,2.80,6-3.2,2,1911260904991674368,极兔快递,JT0016074113290,服饰,广东省,
玉佛苑_站点-玉佛苑,玉佛苑,玉佛苑,快递,2025-04-13 11:06:29,,1,0.2,0,6.00,0.00,2.80,6-3.2,2,1911254615657992192,极兔快递,JT0016071020445,服饰,广东省,
玉佛苑_站点-玉佛苑,玉佛苑,玉佛苑,快递,2025-04-13 11:05:00,,0.4,0.2,0,6.00,0.00,2.80,6-3.2,2,1911254238422290432,极兔快递,JT0016073467348,口红,浙江省,
玉佛苑_站点-玉佛苑,玉佛苑,玉佛苑,快递,2025-04-13 10:58:24,,1,0.26,0,6.00,0.00,2.80,6-3.2,2,1911252577331105792,极兔快递,JT0016071725348,服饰,广东省,
玉佛苑_站点-玉佛苑,玉佛苑,玉佛苑,快递,2025-04-13 10:43:33,,1,0.25,0,6.00,0.00,2.80,6-3.2,2,1911248841821048832,极兔快递,JT0016072401215,服饰,河北省,
玉佛苑_站点-玉佛苑,玉佛苑,玉佛苑,快递,2025-04-13 10:21:30,,0.4,0.2,0,6.00,0.00,2.80,6-3.2,2,1911243292106739712,极兔快递,JT0016070403685,生活用品,辽宁省,
玉佛苑_站点-玉佛苑,玉佛苑,玉佛苑,快递,2025-04-13 10:11:23,,0.4,0.2,0,6.00,0.00,2.80,6-3.2,2,1911240746113880064,极兔快递,JT0016072359796,袜子,河南省,
玉佛苑_站点-玉佛苑,玉佛苑,玉佛苑,快递,2025-04-13 09:23:24,,0.6,0.2,0,6.00,0.00,2.80,6-3.2,2,1911228670121267200,极兔快递,JT0016062230049,服饰,河北省,
玉佛苑_站点-玉佛苑,玉佛苑,玉佛苑,快递,2025-04-13 09:21:24,,1,0.33,0,6.00,0.00,2.80,6-3.2,2,1911228167253577728,极兔快递,JT0016069307560,床品,湖北省,
玉佛苑_站点-玉佛苑,玉佛苑,玉佛苑,快递,2025-04-13 09:19:44,,1,0.39,0,6.00,0.00,2.80,6-3.2,2,1911227745847660544,极兔快递,JT0016069553417,床单,湖北省,
玉佛苑_站点-玉佛苑,玉佛苑,玉佛苑,快递,2025-04-13 09:05:50,,1,0.33,0,6.00,0.00,2.80,6-3.2,2,1911224246183317504,极兔快递,JT0016070974619,服饰,广东省,
玉佛苑_站点-玉佛苑,玉佛苑,玉佛苑,快递,2025-04-13 09:05:01,,1,0.72,0,6.00,0.00,2.80,6-3.2,2,1911224046257623040,极兔快递,JT0016057536128,服饰,广东省,
玉佛苑_站点-玉佛苑,玉佛苑,玉佛苑,快递,2025-04-13 09:03:56,,1,0.48,0,6.00,0.00,2.80,6-3.2,2,1911223765566410752,极兔快递,JT0016070607701,服饰,浙江省,
玉佛苑_站点-玉佛苑,玉佛苑,玉佛苑,快递,2025-04-13 09:02:17,,1,0.39,0,6.00,0.00,2.80,6-3.2,2,1911223339559342080,极兔快递,JT0016070351350,鞋,福建省,
玉佛苑_站点-玉佛苑,玉佛苑,玉佛苑,快递,2025-04-13 08:59:28,,1,0.2,0,6.00,0.00,2.80,6-3.2,2,1911222649931878400,极兔快递,JT0016062622620,鞋,浙江省,
玉佛苑_站点-玉佛苑,玉佛苑,玉佛苑,快递,2025-04-13 08:44:19,,1,0.89,0,6.00,0.00,2.80,6-3.2,2,1911218817353043968,极兔快递,JT0016070733146,鞋,安徽省,
玉佛苑_站点-玉佛苑,玉佛苑,玉佛苑,快递,2025-04-10 20:25:02,2025-04-12 13:49:05,1,,,6.00,,0.00,,2,1910308011950133248,申通快递,772039864147119,服饰,河北省,已全额退款
玉佛苑_站点-玉佛苑,玉佛苑,玉佛苑,快递,2025-04-12 21:48:12,,1,0.36,0,6.00,0.00,2.80,6-3.2,2,1911053719091204096,极兔快递,JT0016068365563,服饰,广东省,
玉佛苑_站点-玉佛苑,玉佛苑,玉佛苑,快递,2025-04-12 21:46:59,,1,0.77,0,6.00,0.00,2.80,6-3.2,2,1911053409354436608,极兔快递,JT0016067060549,生活用品,广东省,
玉佛苑_站点-玉佛苑,玉佛苑,玉佛苑,快递,2025-04-12 20:18:17,,0.5,0.22,0,6.00,0.00,2.80,6-3.2,2,1911031088782692352,极兔快递,JT0016067076744,服饰,浙江省,
玉佛苑_站点-玉佛苑,玉佛苑,玉佛苑,快递,2025-04-12 19:33:03,,1,0.82,0,6.00,0.00,2.80,6-3.2,2,1911019704611164160,极兔快递,JT0016054212845,生活用品,广西壮族自治区,
玉佛苑_站点-玉佛苑,玉佛苑,玉佛苑,快递,2025-04-12 18:56:55,,1,0.22,0,6.00,0.00,2.80,6-3.2,2,1911010612446416896,极兔快递,JT0016066625699,服饰,广东省,
玉佛苑_站点-玉佛苑,玉佛苑,玉佛苑,快递,2025-04-12 18:48:35,,1,0.58,0,6.00,0.00,2.80,6-3.2,2,1911008514627522560,极兔快递,JT0016068030157,服饰,广东省,
玉佛苑_站点-玉佛苑,玉佛苑,玉佛苑,快递,2025-04-12 18:32:36,,8,8.06,-1,24.00,9.00,12.00,50% ,2,1911004490780037120,极兔快递,JT0016066935486,服饰,陕西省,
玉佛苑_站点-玉佛苑,玉佛苑,玉佛苑,快递,2025-04-12 17:12:42,,2,1.45,0,8.00,0.00,4.08,51% ,2,1910984374428291072,极兔快递,JT0016065466899,服饰,广东省,
玉佛苑_站点-玉佛苑,玉佛苑,玉佛苑,快递,2025-04-12 17:05:19,,0.6,0.2,0,6.00,0.00,2.80,6-3.2,2,1910982526472474624,极兔快递,JT0016065462343,眼镜,吉林省,
玉佛苑_站点-玉佛苑,玉佛苑,玉佛苑,快递,2025-04-12 16:50:17,,1,0.68,0,6.00,0.00,2.80,6-3.2,2,1910978743357067264,极兔快递,JT0016063321380,服饰,广东省,
玉佛苑_站点-玉佛苑,玉佛苑,玉佛苑,快递,2025-04-12 11:13:15,2025-04-12 08:36:00,1,,,6.00,,0.00,,2,1910893903731412992,极兔快递,JT0016052858881,服饰,湖北省,已全额退款
玉佛苑_站点-玉佛苑,玉佛苑,玉佛苑,快递,2025-04-12 16:35:14,,1,0.44,0,6.00,0.00,2.80,6-3.2,2,1910974959432159232,极兔快递,JT0016058677414,服饰,广东省,
玉佛苑_站点-玉佛苑,玉佛苑,玉佛苑,快递,2025-04-12 16:11:56,,3,2.26,0,10.00,0.00,5.50,55% ,2,1910969095140855808,极兔快递,JT0016064048500,服饰,浙江省,
玉佛苑_站点-玉佛苑,玉佛苑,玉佛苑,快递,2025-04-12 16:02:38,,1,0.33,0,6.00,0.00,2.80,6-3.2,2,1910966755314814976,极兔快递,JT0016059321346,服饰,广东省,
玉佛苑_站点-玉佛苑,玉佛苑,玉佛苑,快递,2025-04-12 15:58:15,,1,0.79,0,6.00,0.00,2.80,6-3.2,2,1910965652628099072,极兔快递,JT0016063449700,床品,江苏省,
玉佛苑_站点-玉佛苑,玉佛苑,玉佛苑,快递,2025-04-12 15:57:26,,2,1.81,0,8.00,0.00,4.08,51% ,2,1910965447568576512,极兔快递,JT0016064709169,床品,江苏省,
玉佛苑_站点-玉佛苑,玉佛苑,玉佛苑,快递,2025-04-12 15:46:15,,1,0.38,0,6.00,0.00,2.80,6-3.2,2,1910962629998727168,极兔快递,JT0016063342997,床品,山东省,
玉佛苑_站点-玉佛苑,玉佛苑,玉佛苑,快递,2025-04-12 14:39:02,,1,0.2,0,6.00,0.00,2.80,6-3.2,2,1910945718434975744,极兔快递,JT0016061267962,书,安徽省,
玉佛苑_站点-玉佛苑,玉佛苑,玉佛苑,快递,2025-04-12 13:38:17,,1,0.36,0,6.00,0.00,2.80,6-3.2,2,1910930430918316032,极兔快递,JT0016060704414,服饰,福建省,
玉佛苑_站点-玉佛苑,玉佛苑,玉佛苑,快递,2025-04-12 13:37:12,,1,0.36,0,6.00,0.00,2.80,6-3.2,2,1910930141653946368,极兔快递,JT0016060394217,服饰,福建省,
玉佛苑_站点-玉佛苑,玉佛苑,玉佛苑,快递,2025-04-12 12:19:52,,1,0.28,0,6.00,0.00,2.80,6-3.2,2,1910910686995599360,极兔快递,JT0016060259686,服饰,辽宁省,
玉佛苑_站点-玉佛苑,玉佛苑,玉佛苑,快递,2025-04-12 11:57:32,,1,0.41,0,6.00,0.00,2.80,6-3.2,2,1910905071434911744,极兔快递,JT0016060063935,服饰,浙江省,
玉佛苑_站点-玉佛苑,玉佛苑,玉佛苑,快递,2025-04-12 11:53:19,,1,0.22,0,6.00,0.00,2.80,6-3.2,2,1910904002793361408,极兔快递,JT0016052072137,服饰,广东省,
玉佛苑_站点-玉佛苑,玉佛苑,玉佛苑,快递,2025-04-12 11:52:22,,1,0.7,0,6.00,0.00,2.80,6-3.2,2,1910903768537288704,极兔快递,JT0016061113995,服饰,广东省,
玉佛苑_站点-玉佛苑,玉佛苑,玉佛苑,快递,2025-04-12 11:51:43,,1,0.71,0,6.00,0.00,2.80,6-3.2,2,1910903611414466560,极兔快递,JT0016050720198,服饰,广东省,
玉佛苑_站点-玉佛苑,玉佛苑,玉佛苑,干洗,2025-04-12 11:41:32,,,,,25.60,,7.68,30%,,1910901044752076800,干洗,,"布鞋_网鞋   *   1
靴子   *   1",,
玉佛苑_站点-玉佛苑,玉佛苑,玉佛苑,快递,2025-04-12 11:06:26,,3,2.31,0,10.00,0.00,5.50,55% ,2,1910892214987182080,极兔快递,JT0016035161336,食品,云南省,
玉佛苑_站点-玉佛苑,玉佛苑,玉佛苑,快递,2025-04-12 11:01:02,,1,0.24,0,6.00,0.00,2.80,6-3.2,2,1910890839440019456,极兔快递,JT0016059347870,鞋,浙江省,
玉佛苑_站点-玉佛苑,玉佛苑,玉佛苑,快递,2025-04-12 10:58:26,,0.6,0.21,0,6.00,0.00,2.80,6-3.2,2,1910890199817048064,极兔快递,JT0016032466644,服饰,广东省,
玉佛苑_站点-玉佛苑,玉佛苑,玉佛苑,快递,2025-04-12 10:57:14,,1,0.34,0,6.00,0.00,2.80,6-3.2,2,1910889899362275328,极兔快递,JT0016050675900,生活用品,浙江省,
玉佛苑_站点-玉佛苑,玉佛苑,玉佛苑,快递,2025-04-12 10:54:38,,0.6,0.21,0,6.00,0.00,2.80,6-3.2,2,1910889241632493568,极兔快递,JT0016058378949,服饰,广东省,
玉佛苑_站点-玉佛苑,玉佛苑,玉佛苑,快递,2025-04-12 10:52:57,,1,0.61,0,6.00,0.00,2.80,6-3.2,2,1910888800018419712,极兔快递,JT0016055947018,鞋,四川省,
玉佛苑_站点-玉佛苑,玉佛苑,玉佛苑,干洗,2025-04-11 21:53:17,,,,,9.90,,2.97,30%,,1910692591995637760,干洗,,"清洗鞋19.8元两双   *   1",,
玉佛苑_站点-玉佛苑,玉佛苑,玉佛苑,快递,2025-04-11 21:49:16,,1.6,1.5,0,8.00,0.00,4.08,51% ,2,1910691598176276480,极兔快递,JT0016054862600,化妆品,陕西省,
玉佛苑_站点-玉佛苑,玉佛苑,玉佛苑,快递,2025-04-11 21:28:01,,1,0.46,0,6.00,0.00,2.80,6-3.2,2,1910686237557968896,极兔快递,JT0016054766768,服饰,湖北省,
玉佛苑_站点-玉佛苑,玉佛苑,玉佛苑,快递,2025-04-11 21:17:33,,0.6,0.3,0,6.00,0.00,2.80,6-3.2,2,1910683608350117888,极兔快递,JT0016053635345,服饰,河南省,
玉佛苑_站点-玉佛苑,玉佛苑,玉佛苑,快递,2025-04-11 21:16:43,,0.6,0.3,0,6.00,0.00,2.80,6-3.2,2,1910683405052203008,极兔快递,JT0016054293470,饰品,陕西省,
玉佛苑_站点-玉佛苑,玉佛苑,玉佛苑,快递,2025-04-11 20:58:49,,1,0.63,0,6.00,0.00,2.80,6-3.2,2,1910678899778310144,极兔快递,JT0016051205924,鞋,山东省,
玉佛苑_站点-玉佛苑,玉佛苑,玉佛苑,快递,2025-04-11 20:57:01,,0.5,0.3,0,6.00,0.00,2.80,6-3.2,2,1910678448647360512,极兔快递,JT0016054383139,服饰,湖北省,
玉佛苑_站点-玉佛苑,玉佛苑,玉佛苑,快递,2025-04-11 20:14:58,,0.5,0.3,0,6.00,0.00,2.80,6-3.2,2,1910667865260740608,极兔快递,JT0016053311617,服饰,广东省,
玉佛苑_站点-玉佛苑,玉佛苑,玉佛苑,快递,2025-04-11 20:13:49,,1,0.39,0,6.00,0.00,2.80,6-3.2,2,1910667576029925376,极兔快递,JT0016053548977,服饰,江苏省,
玉佛苑_站点-玉佛苑,玉佛苑,玉佛苑,快递,2025-04-11 20:08:36,,1,0.33,0,6.00,0.00,2.80,6-3.2,2,1910666265909710848,极兔快递,JT0016049684913,服饰,浙江省,
玉佛苑_站点-玉佛苑,玉佛苑,玉佛苑,快递,2025-04-11 20:07:22,,1,0.51,0,6.00,0.00,2.80,6-3.2,2,1910665956042919936,极兔快递,JT0016054529529,服饰,广东省,
玉佛苑_站点-玉佛苑,玉佛苑,玉佛苑,快递,2025-04-11 19:46:50,,0.4,0.3,0,6.00,0.00,2.80,6-3.2,2,1910660782238912512,极兔快递,JT0016052193332,服饰,河南省,
玉佛苑_站点-玉佛苑,玉佛苑,玉佛苑,快递,2025-04-11 19:45:54,,0.4,0.3,0,6.00,0.00,2.80,6-3.2,2,1910660552458162176,极兔快递,JT0016043298414,服饰,河南省,
玉佛苑_站点-玉佛苑,玉佛苑,玉佛苑,快递,2025-04-11 19:31:20,,0.3,0.3,0,6.00,0.00,2.80,6-3.2,2,1910656882333110272,极兔快递,JT0016053909612,服饰,浙江省,
玉佛苑_站点-玉佛苑,玉佛苑,玉佛苑,快递,2025-04-11 19:23:02,,1,0.3,0,6.00,0.00,2.80,6-3.2,2,1910654796098883584,极兔快递,JT0016049345722,服饰,江苏省,
玉佛苑_站点-玉佛苑,玉佛苑,玉佛苑,快递,2025-04-11 19:17:49,,1,0.53,0,6.00,0.00,2.80,6-3.2,2,1910653485668290560,极兔快递,JT0016048775960,服饰,河南省,
玉佛苑_站点-玉佛苑,玉佛苑,玉佛苑,快递,2025-04-11 19:09:42,,1,0.69,0,6.00,0.00,2.80,6-3.2,2,1910651443398758400,极兔快递,JT0016052635212,服饰,广东省,
玉佛苑_站点-玉佛苑,玉佛苑,玉佛苑,快递,2025-04-11 19:06:51,,1,,,6.00,,2.52,42% ,2,1910650724729933824,申通快递,772039912770504,帽子,浙江省,
玉佛苑_站点-玉佛苑,玉佛苑,玉佛苑,快递,2025-04-11 18:58:11,,1,0.51,0,6.00,0.00,2.80,6-3.2,2,1910648546296516608,极兔快递,JT0016053293381,鞋,福建省,
玉佛苑_站点-玉佛苑,玉佛苑,玉佛苑,快递,2025-04-11 18:56:16,,6,5.22,0,18.00,4.50,9.00,50% ,2,1910648043458187264,极兔快递,JT0016050392631,鞋,陕西省,
玉佛苑_站点-玉佛苑,玉佛苑,玉佛苑,快递,2025-04-11 18:53:37,,3,0.94,2,10.00,0.00,5.50,55% ,2,1910647393483673600,极兔快递,JT0016050983605,篮球,陕西省,
玉佛苑_站点-玉佛苑,玉佛苑,玉佛苑,快递,2025-04-11 18:23:21,,0.5,0.3,0,6.00,0.00,2.80,6-3.2,2,1910639778519240704,极兔快递,JT0016053808875,生活用品,湖南省,
玉佛苑_站点-玉佛苑,玉佛苑,玉佛苑,快递,2025-04-11 17:12:54,,0.5,0.3,0,6.00,0.00,2.80,6-3.2,2,1910622039352201216,极兔快递,JT0016046734573,服饰,浙江省,
玉佛苑_站点-玉佛苑,玉佛苑,玉佛苑,快递,2025-04-11 17:12:06,,1,0.78,0,6.00,0.00,2.80,6-3.2,2,1910621849178263552,极兔快递,JT0016050627303,服饰,广东省,
玉佛苑_站点-玉佛苑,玉佛苑,玉佛苑,快递,2025-04-11 16:27:23,,1,0.76,0,6.00,0.00,2.80,6-3.2,2,1910610586662522880,极兔快递,JT0016049655269,服饰,河北省,
玉佛苑_站点-玉佛苑,玉佛苑,玉佛苑,快递,2025-04-11 14:42:13,,1,0.64,0,6.00,0.00,2.80,6-3.2,2,1910584125658419200,极兔快递,JT0016047765708,服饰,江苏省,
玉佛苑_站点-玉佛苑,玉佛苑,玉佛苑,快递,2025-04-11 14:40:30,,0.4,,,6.00,,2.52,42% ,2,1910583659381837824,申通快递,772039886799746,文件,陕西省,
玉佛苑_站点-玉佛苑,玉佛苑,玉佛苑,快递,2025-04-11 14:12:30,,3,5.58,-3,10.00,4.50,5.50,55% ,2,1910576642915225600,极兔快递,JT0016034503795,椅子,河北省,
玉佛苑_站点-玉佛苑,玉佛苑,玉佛苑,快递,2025-04-11 14:08:41,,1,0.67,0,6.00,0.00,2.80,6-3.2,2,1910575665034219520,极兔快递,JT0016047339605,服饰,广东省,
玉佛苑_站点-玉佛苑,玉佛苑,玉佛苑,快递,2025-04-11 10:23:51,,1.2,1.13,0,8.00,0.00,4.08,51% ,2,1910519106837073920,极兔快递,JT0016039628235,服饰,广东省,
玉佛苑_站点-玉佛苑,玉佛苑,玉佛苑,快递,2025-04-11 10:20:57,,1,0.61,0,6.00,0.00,2.80,6-3.2,2,1910518378869477376,极兔快递,JT0016042640618,鞋,四川省,
玉佛苑_站点-玉佛苑,玉佛苑,玉佛苑,快递,2025-04-11 10:17:01,,1,0.63,0,6.00,0.00,2.80,6-3.2,2,1910517389030510592,极兔快递,JT0016022269121,服饰,广东省,
玉佛苑_站点-玉佛苑,玉佛苑,玉佛苑,快递,2025-04-11 09:53:54,,0.4,,,7.00,,1.94,42%,2,1910511567646937088,申通快递,772039878254382,文件,北京市,
玉佛苑_站点-玉佛苑,玉佛苑,玉佛苑,干洗,2025-04-11 09:08:54,,,,,25.00,,7.50,30%,,1910500246402551808,干洗,,"外套   *   1",,
玉佛苑_站点-玉佛苑,玉佛苑,玉佛苑,快递,2025-04-11 09:03:58,,0.4,0.21,0,6.00,0.00,2.80,6-3.2,2,1910498981274636288,极兔快递,JT0016039086745,饰品,浙江省,
玉佛苑_站点-玉佛苑,玉佛苑,玉佛苑,快递,2025-04-11 09:03:02,,0.4,0.2,0,6.00,0.00,2.80,6-3.2,2,1910498772272467968,极兔快递,JT0016033697127,饰品,福建省,
玉佛苑_站点-玉佛苑,玉佛苑,玉佛苑,快递,2025-04-11 09:01:51,,3,2.32,0,10.00,0.00,5.50,55% ,2,1910498472916602880,极兔快递,JT0016041902025,鞋,陕西省,
玉佛苑_站点-玉佛苑,玉佛苑,玉佛苑,快递,2025-04-11 08:19:22,,1.2,1.18,0,8.00,0.00,4.08,51% ,2,1910487782814306304,极兔快递,JT0016040428710,服饰,天津市,
玉佛苑_站点-玉佛苑,玉佛苑,玉佛苑,快递,2025-04-11 08:05:48,,1.5,1.01,0,8.00,0.00,4.08,51% ,2,1910484359289163776,极兔快递,JT0016040973782,鞋,河北省,
玉佛苑_站点-玉佛苑,玉佛苑,玉佛苑,快递,2025-04-11 08:04:49,,1.5,0.2,1,8.00,0.00,4.08,51% ,2,1910484117881802752,极兔快递,JT0016039248303,鞋,河北省,
玉佛苑_站点-玉佛苑,玉佛苑,玉佛苑,快递,2025-04-11 08:03:13,,1,0.54,0,6.00,0.00,2.80,6-3.2,2,1910483714997932032,极兔快递,JT0016039954956,服饰,江苏省,
玉佛苑_站点-玉佛苑,玉佛苑,玉佛苑,快递,2025-04-11 08:00:26,,1,0.5,0,6.00,0.00,2.80,6-3.2,2,1910483014624661504,极兔快递,JT0016036485447,服饰,浙江省,
玉佛苑_站点-玉佛苑,玉佛苑,玉佛苑,快递,2025-04-11 07:55:11,,1,0.77,0,6.00,0.00,2.80,6-3.2,2,1910481694672998400,极兔快递,JT0016040518035,鞋,广东省,
玉佛苑_站点-玉佛苑,玉佛苑,玉佛苑,快递,2025-04-10 21:39:14,,1,0.23,0,6.00,0.00,2.80,6-3.2,2,1910326687361323008,极兔快递,JT0016039190502,服饰,浙江省,
玉佛苑_站点-玉佛苑,玉佛苑,玉佛苑,快递,2025-04-10 21:37:48,,1,0.3,0,6.00,0.00,2.80,6-3.2,2,1910326325699072000,极兔快递,JT0016036780844,服饰,河南省,
玉佛苑_站点-玉佛苑,玉佛苑,玉佛苑,快递,2025-04-10 21:35:36,,1,0.36,0,6.00,0.00,2.80,6-3.2,2,1910325772944330752,极兔快递,JT0016037753087,眼镜,浙江省,
玉佛苑_站点-玉佛苑,玉佛苑,玉佛苑,快递,2025-04-10 21:33:57,,0.5,0.2,0,6.00,0.00,2.80,6-3.2,2,1910325357158780928,极兔快递,JT0016037166881,饰品,陕西省,
玉佛苑_站点-玉佛苑,玉佛苑,玉佛苑,快递,2025-04-10 21:32:22,,0.4,0.2,0,6.00,0.00,2.80,6-3.2,2,1910324957877817344,极兔快递,JT0016032808392,生活用品,浙江省,
玉佛苑_站点-玉佛苑,玉佛苑,玉佛苑,快递,2025-04-10 21:30:29,,1,0.32,0,6.00,0.00,2.80,6-3.2,2,1910324480805097472,极兔快递,JT0016034270109,生活用品,辽宁省,
玉佛苑_站点-玉佛苑,玉佛苑,玉佛苑,快递,2025-04-10 21:22:23,,1,0.62,0,6.00,0.00,2.80,6-3.2,2,1910322437990305792,极兔快递,JT0016031668917,服饰,广东省,
玉佛苑_站点-玉佛苑,玉佛苑,玉佛苑,快递,2025-04-10 21:21:38,,1,0.63,0,6.00,0.00,2.80,6-3.2,2,1910322249917714432,极兔快递,JT0016032131400,服饰,广东省,
玉佛苑_站点-玉佛苑,玉佛苑,玉佛苑,快递,2025-04-10 21:20:49,,1,0.22,0,6.00,0.00,2.80,6-3.2,2,1910322048591122432,极兔快递,JT0016039781060,其他,广东省,
玉佛苑_站点-玉佛苑,玉佛苑,玉佛苑,快递,2025-04-10 21:07:23,,0.4,0.2,0,6.00,0.00,2.80,6-3.2,2,1910318663980732416,极兔快递,JT0016039969574,服饰,河北省,
玉佛苑_站点-玉佛苑,玉佛苑,玉佛苑,快递,2025-04-10 21:06:23,,1,0.74,0,6.00,0.00,2.80,6-3.2,2,1910318421491240960,极兔快递,JT0016032508378,鞋,广东省,
玉佛苑_站点-玉佛苑,玉佛苑,玉佛苑,快递,2025-04-10 20:58:19,,1,0.29,0,6.00,0.00,2.80,6-3.2,2,1910316378391236608,极兔快递,JT0016040022910,服饰,山东省,
玉佛苑_站点-玉佛苑,玉佛苑,玉佛苑,快递,2025-04-10 20:43:45,,1,0.21,0,6.00,0.00,2.80,6-3.2,2,1910312719502725120,极兔快递,JT0016033974742,服饰,广东省,
玉佛苑_站点-玉佛苑,玉佛苑,玉佛苑,快递,2025-04-10 20:42:53,,1,0.55,0,6.00,0.00,2.80,6-3.2,2,1910312506553716736,极兔快递,JT0016039660193,服饰,广东省,
玉佛苑_站点-玉佛苑,玉佛苑,玉佛苑,快递,2025-04-10 20:34:30,,1,0.26,0,6.00,0.00,2.80,6-3.2,2,1910310378284175360,极兔快递,JT0016031304691,袜子,浙江省,
玉佛苑_站点-玉佛苑,玉佛苑,玉佛苑,快递,2025-04-10 20:33:40,,1,0.65,0,6.00,0.00,2.80,6-3.2,2,1910310179339948032,极兔快递,JT0016034981579,服饰,广东省,
玉佛苑_站点-玉佛苑,玉佛苑,玉佛苑,快递,2025-04-10 20:32:58,,1,0.62,0,6.00,0.00,2.80,6-3.2,2,1910310010947031040,极兔快递,JT0016036341671,服饰,广东省,
玉佛苑_站点-玉佛苑,玉佛苑,玉佛苑,快递,2025-04-10 20:31:28,,1,0.85,0,6.00,0.00,2.80,6-3.2,2,1910309628233568256,极兔快递,JT0016038624912,服饰,广东省,
玉佛苑_站点-玉佛苑,玉佛苑,玉佛苑,快递,2025-04-10 20:26:01,,1,,,6.00,,2.52,42% ,2,1910308250941575168,申通快递,772039863072261,服饰,广东省,
玉佛苑_站点-玉佛苑,玉佛苑,玉佛苑,快递,2025-04-10 20:22:37,,1,0.49,0,6.00,0.00,2.80,6-3.2,2,1910307403092381696,极兔快递,JT0016039365102,服饰,湖南省,
玉佛苑_站点-玉佛苑,玉佛苑,玉佛苑,快递,2025-04-10 20:13:04,,1,0.2,0,6.00,0.00,2.80,6-3.2,2,1910304987949223936,极兔快递,JT0016039135739,服饰,广东省,
玉佛苑_站点-玉佛苑,玉佛苑,玉佛苑,快递,2025-04-10 20:12:09,,1,0.26,0,6.00,0.00,2.80,6-3.2,2,1910304770654916608,极兔快递,JT0016038496875,服饰,广东省,
玉佛苑_站点-玉佛苑,玉佛苑,玉佛苑,快递,2025-04-10 20:07:04,,1,0.27,0,6.00,0.00,2.80,6-3.2,2,1910303491388002304,极兔快递,JT0016038177320,服饰,湖南省,
玉佛苑_站点-玉佛苑,玉佛苑,玉佛苑,快递,2025-04-10 19:57:52,,1,0.48,0,6.00,0.00,2.80,6-3.2,2,1910301176404824064,极兔快递,JT0016036559066,服饰,浙江省,
玉佛苑_站点-玉佛苑,玉佛苑,玉佛苑,快递,2025-04-10 19:54:56,,1,0.2,0,6.00,0.00,2.80,6-3.2,2,1910300437762723840,极兔快递,JT0016035127558,生活用品,河南省,
玉佛苑_站点-玉佛苑,玉佛苑,玉佛苑,快递,2025-04-10 19:52:43,,1,0.61,0,6.00,0.00,2.80,6-3.2,2,1910299880469745664,极兔快递,JT0016036250563,服饰,浙江省,
玉佛苑_站点-玉佛苑,玉佛苑,玉佛苑,快递,2025-04-10 19:50:54,,1,0.39,0,6.00,0.00,2.80,6-3.2,2,1910299423374495744,极兔快递,JT0016038228428,服饰,广东省,
玉佛苑_站点-玉佛苑,玉佛苑,玉佛苑,快递,2025-04-10 19:47:29,,1,0.43,0,6.00,0.00,2.80,6-3.2,2,1910298546311974912,极兔快递,JT0016033334194,服饰,江苏省,
玉佛苑_站点-玉佛苑,玉佛苑,玉佛苑,快递,2025-04-10 19:45:44,,1,0.2,0,6.00,0.00,2.80,6-3.2,2,1910298120351043584,极兔快递,JT0016038619688,生活用品,广东省,
玉佛苑_站点-玉佛苑,玉佛苑,玉佛苑,快递,2025-04-10 19:43:42,,1,0.44,0,6.00,0.00,2.80,6-3.2,2,1910297611804266496,极兔快递,JT0016038780000,书,河北省,
玉佛苑_站点-玉佛苑,玉佛苑,玉佛苑,快递,2025-04-10 19:40:26,,1,0.42,0,6.00,0.00,2.80,6-3.2,2,1910296787191517184,极兔快递,JT0016035775487,服饰,浙江省,
玉佛苑_站点-玉佛苑,玉佛苑,玉佛苑,快递,2025-04-10 19:38:49,,1,0.5,0,6.00,0.00,2.80,6-3.2,2,1910296382130802688,极兔快递,JT0016037202927,服饰,浙江省,
玉佛苑_站点-玉佛苑,玉佛苑,玉佛苑,快递,2025-04-10 19:13:36,,1,0.3,0,6.00,0.00,2.80,6-3.2,2,1910290034374660096,极兔快递,JT0016038021155,服饰,湖北省,
玉佛苑_站点-玉佛苑,玉佛苑,玉佛苑,快递,2025-04-10 19:12:02,,1,0.41,0,6.00,0.00,2.80,6-3.2,2,1910289643570384896,极兔快递,JT0016037292848,服饰,广东省,
玉佛苑_站点-玉佛苑,玉佛苑,玉佛苑,快递,2025-04-10 19:04:50,,0.6,0.26,0,6.00,0.00,2.80,6-3.2,2,1910287823125008384,极兔快递,JT0016038457458,服饰,江苏省,
玉佛苑_站点-玉佛苑,玉佛苑,玉佛苑,快递,2025-04-10 19:03:40,,0.5,0.28,0,6.00,0.00,2.80,6-3.2,2,1910287537752952832,极兔快递,JT0016038312955,服饰,江苏省,
玉佛苑_站点-玉佛苑,玉佛苑,玉佛苑,快递,2025-04-10 19:02:36,,0.5,0.2,0,6.00,0.00,2.80,6-3.2,2,1910287267551694848,极兔快递,JT0016038684724,服饰,浙江省,
玉佛苑_站点-玉佛苑,玉佛苑,玉佛苑,快递,2025-04-10 18:41:56,,1,0.44,0,6.00,0.00,2.80,6-3.2,2,1910282018669645824,极兔快递,JT0016038312183,服饰,广东省,
玉佛苑_站点-玉佛苑,玉佛苑,玉佛苑,快递,2025-04-10 18:41:05,,1,0.41,0,6.00,0.00,2.80,6-3.2,2,1910281855926456320,极兔快递,JT0016038707849,服饰,广东省,
玉佛苑_站点-玉佛苑,玉佛苑,玉佛苑,快递,2025-04-10 18:39:54,,1,0.36,0,6.00,0.00,2.80,6-3.2,2,1910281557422034944,极兔快递,JT0016036943195,服饰,浙江省,
玉佛苑_站点-玉佛苑,玉佛苑,玉佛苑,快递,2025-04-10 18:38:18,,1,0.2,0,6.00,0.00,2.80,6-3.2,2,1910281155431550976,极兔快递,JT0016037650214,服饰,浙江省,
玉佛苑_站点-玉佛苑,玉佛苑,玉佛苑,快递,2025-04-10 18:35:12,,1,0.4,0,6.00,0.00,2.80,6-3.2,2,1910280372245942272,极兔快递,JT0016036874143,服饰,浙江省,
玉佛苑_站点-玉佛苑,玉佛苑,玉佛苑,快递,2025-04-10 18:29:48,,1,0.7,0,6.00,0.00,2.80,6-3.2,2,1910279014193221632,极兔快递,JT0016023578858,杯子,湖北省,
玉佛苑_站点-玉佛苑,玉佛苑,玉佛苑,快递,2025-04-10 18:27:40,,1,0.95,0,6.00,0.00,2.80,6-3.2,2,1910278478878396416,极兔快递,JT0016032868348,服饰,湖南省,
玉佛苑_站点-玉佛苑,玉佛苑,玉佛苑,快递,2025-04-10 18:12:32,,1,0.34,0,6.00,0.00,2.80,6-3.2,2,1910274669921882112,极兔快递,JT0016034110959,服饰,广东省,
玉佛苑_站点-玉佛苑,玉佛苑,玉佛苑,快递,2025-04-10 18:04:29,,3,2.44,0,10.00,0.00,5.50,55% ,2,1910272641531301888,极兔快递,JT0016035833351,床品,辽宁省,
玉佛苑_站点-玉佛苑,玉佛苑,玉佛苑,快递,2025-04-10 15:48:33,,1,0.2,0,6.00,0.00,2.80,6-3.2,2,1910238432561385472,极兔快递,JT0016034748386,服饰,辽宁省,
玉佛苑_站点-玉佛苑,玉佛苑,玉佛苑,快递,2025-04-10 15:47:22,,1,0.24,0,6.00,0.00,2.80,6-3.2,2,1910238126872121344,极兔快递,JT0016034546346,服饰,广东省,
玉佛苑_站点-玉佛苑,玉佛苑,玉佛苑,快递,2025-04-10 15:46:35,,1,0.4,0,6.00,0.00,2.80,6-3.2,2,1910237939898437632,极兔快递,JT0016033205524,服饰,浙江省,
玉佛苑_站点-玉佛苑,玉佛苑,玉佛苑,快递,2025-04-10 14:35:46,,0.5,0.2,0,6.00,0.00,2.80,6-3.2,2,1910220111078150144,极兔快递,JT0016034056481,服饰,浙江省,
玉佛苑_站点-玉佛苑,玉佛苑,玉佛苑,快递,2025-04-10 14:04:02,,1,0.77,0,6.00,0.00,2.80,6-3.2,2,1910212132190736384,极兔快递,JT0016028836525,包,浙江省,
玉佛苑_站点-玉佛苑,玉佛苑,玉佛苑,快递,2025-04-10 13:53:22,,0.5,0.2,0,6.00,0.00,2.80,6-3.2,2,1910209451317448704,极兔快递,JT0016031934404,服饰,广东省,
玉佛苑_站点-玉佛苑,玉佛苑,玉佛苑,快递,2025-04-10 13:26:47,,1,0.6,0,6.00,0.00,2.80,6-3.2,2,1910202757938073600,极兔快递,JT0016019010188,服饰,陕西省,
玉佛苑_站点-玉佛苑,玉佛苑,玉佛苑,快递,2025-04-10 13:04:03,,1,0.9,0,6.00,0.00,2.80,6-3.2,2,1910196997514514432,极兔快递,JT0016031420263,服饰,陕西省,
玉佛苑_站点-玉佛苑,玉佛苑,玉佛苑,快递,2025-04-10 12:01:01,,1,0.65,0,6.00,0.00,2.80,6-3.2,2,1910181170841047040,极兔快递,JT0016028303581,服饰,广东省,
玉佛苑_站点-玉佛苑,玉佛苑,玉佛苑,快递,2025-04-10 11:53:53,,1,0.58,0,6.00,0.00,2.80,6-3.2,2,1910179371195224064,极兔快递,JT0016030444816,服饰,山东省,
玉佛苑_站点-玉佛苑,玉佛苑,玉佛苑,快递,2025-04-10 11:49:53,,1,0.33,0,6.00,0.00,2.80,6-3.2,2,1910178369410879488,极兔快递,JT0016028868560,服饰,浙江省,
玉佛苑_站点-玉佛苑,玉佛苑,玉佛苑,快递,2025-04-10 11:42:09,,2.5,2.55,0,10.00,0.00,5.50,55% ,2,1910176420833710080,极兔快递,JT0016029983116,服饰,陕西省,
玉佛苑_站点-玉佛苑,玉佛苑,玉佛苑,快递,2025-04-10 11:41:04,,1,0.2,0,6.00,0.00,2.80,6-3.2,2,1910176146865967104,极兔快递,JT0016028278923,饰品,浙江省,
玉佛苑_站点-玉佛苑,玉佛苑,玉佛苑,快递,2025-04-10 11:40:12,,1,0.22,0,6.00,0.00,2.80,6-3.2,2,1910175931769475072,极兔快递,JT0016027985258,服饰,广东省,
玉佛苑_站点-玉佛苑,玉佛苑,玉佛苑,快递,2025-04-10 11:39:29,,2,0.2,1,8.00,0.00,4.08,51% ,2,1910175752488144896,极兔快递,JT0016029900111,服饰,广东省,
玉佛苑_站点-玉佛苑,玉佛苑,玉佛苑,快递,2025-04-10 11:37:33,,1,0.23,0,6.00,0.00,2.80,6-3.2,2,1910175258172641280,极兔快递,JT0016028485581,服饰,安徽省,
玉佛苑_站点-玉佛苑,玉佛苑,玉佛苑,快递,2025-04-10 11:21:52,,1,0.42,0,6.00,0.00,2.80,6-3.2,2,1910171309243813888,极兔快递,JT0016026738635,服饰,浙江省,
玉佛苑_站点-玉佛苑,玉佛苑,玉佛苑,快递,2025-04-09 20:41:36,2025-04-10 01:41:31,27,,,81.00,,0.00,,2,1909949792597757952,极兔快递,JT0016019965112,生活用品,陕西省,已全额退款
玉佛苑_站点-玉佛苑,玉佛苑,玉佛苑,快递,2025-04-10 09:13:20,,27,30.55,-4,81.00,30.00,40.50,50% ,2,1910138969540972544,韵达快递,312706902871395,生活用品,陕西省,
玉佛苑_站点-玉佛苑,玉佛苑,玉佛苑,干洗,2025-04-10 08:51:52,,,,,9.90,,2.97,30%,,1910133529763565568,干洗,,"清洗鞋19.8元两双   *   1",,
玉佛苑_站点-玉佛苑,玉佛苑,玉佛苑,快递,2025-04-09 20:29:22,,1,1.01,-1,7.00,0.00,2.80,6-3.2,2,1909946712229597184,极兔快递,JT0016020736921,鞋,上海市,
玉佛苑_站点-玉佛苑,玉佛苑,玉佛苑,快递,2025-04-09 20:15:50,,2,1.45,0,8.00,0.00,4.08,51% ,2,1909943310619693056,极兔快递,JT0016024078147,服饰,广东省,
玉佛苑_站点-玉佛苑,玉佛苑,玉佛苑,快递,2025-04-09 20:09:17,,1,0.51,0,6.00,0.00,2.80,6-3.2,2,1909941655786409984,极兔快递,JT0016018633614,服饰,广东省,
玉佛苑_站点-玉佛苑,玉佛苑,玉佛苑,快递,2025-04-09 20:08:37,,1,0.61,0,6.00,0.00,2.80,6-3.2,2,1909941493173243904,极兔快递,JT0016020555498,鞋,河北省,
玉佛苑_站点-玉佛苑,玉佛苑,玉佛苑,快递,2025-04-09 20:00:22,,1,0.23,0,6.00,0.00,2.80,6-3.2,2,1909939415348596736,极兔快递,JT0016023794724,服饰,湖南省,
玉佛苑_站点-玉佛苑,玉佛苑,玉佛苑,快递,2025-04-09 19:45:48,,1,0.3,0,6.00,0.00,2.80,6-3.2,2,1909935751787630592,极兔快递,JT0016008398957,服饰,山东省,
玉佛苑_站点-玉佛苑,玉佛苑,玉佛苑,快递,2025-04-09 19:36:21,,1,0.46,0,6.00,0.00,2.80,6-3.2,2,1909933372635795456,极兔快递,JT0016023805684,服饰,广东省,
玉佛苑_站点-玉佛苑,玉佛苑,玉佛苑,快递,2025-04-09 19:30:13,,1,0.19,0,6.00,0.00,2.80,6-3.2,2,1909931818725855232,极兔快递,JT0016015489960,帽子,浙江省,
玉佛苑_站点-玉佛苑,玉佛苑,玉佛苑,快递,2025-04-09 19:11:43,,1,0.21,0,6.00,0.00,2.80,6-3.2,2,1909927171298611200,极兔快递,JT0016018915234,服饰,广东省,
玉佛苑_站点-玉佛苑,玉佛苑,玉佛苑,快递,2025-04-09 19:01:18,,1,0.55,0,6.00,0.00,2.80,6-3.2,2,1909924550311596032,极兔快递,JT0016021374148,服饰,广东省,
玉佛苑_站点-玉佛苑,玉佛苑,玉佛苑,快递,2025-04-09 19:00:29,,1.4,1.25,0,8.00,0.00,4.08,51% ,2,1909924347936428032,极兔快递,JT0016013326913,服饰,广东省,
玉佛苑_站点-玉佛苑,玉佛苑,玉佛苑,快递,2025-04-09 18:56:30,,1,0.21,0,6.00,0.00,2.80,6-3.2,2,1909923325960704000,极兔快递,JT0016017322973,服饰,江苏省,
玉佛苑_站点-玉佛苑,玉佛苑,玉佛苑,快递,2025-04-09 18:53:04,,1,0.18,0,6.00,0.00,2.80,6-3.2,2,1909922479185252352,极兔快递,JT0016018583159,服饰,广东省,
玉佛苑_站点-玉佛苑,玉佛苑,玉佛苑,快递,2025-04-09 18:50:52,,1,0.21,0,6.00,0.00,2.80,6-3.2,2,1909921927755911168,极兔快递,JT0016019407520,服饰,福建省,
玉佛苑_站点-玉佛苑,玉佛苑,玉佛苑,快递,2025-04-09 18:35:29,,1,0.85,0,6.00,0.00,2.80,6-3.2,2,1909918056153272320,极兔快递,JT0016022748264,服饰,江苏省,
玉佛苑_站点-玉佛苑,玉佛苑,玉佛苑,快递,2025-04-09 17:58:38,,1,0.39,0,6.00,0.00,2.80,6-3.2,2,1909908781099966464,极兔快递,JT0016020891926,服饰,广东省,
玉佛苑_站点-玉佛苑,玉佛苑,玉佛苑,快递,2025-04-09 17:50:59,,1,0.35,0,6.00,0.00,2.80,6-3.2,2,1909906859169210368,极兔快递,JT0016022068874,生活用品,浙江省,
玉佛苑_站点-玉佛苑,玉佛苑,玉佛苑,快递,2025-04-09 17:49:20,,1,0.2,0,6.00,0.00,2.80,6-3.2,2,1909906443337523200,极兔快递,JT0016017951793,服饰,陕西省,
玉佛苑_站点-玉佛苑,玉佛苑,玉佛苑,快递,2025-04-09 17:47:43,,1,0.25,0,6.00,0.00,2.80,6-3.2,2,1909906037098082304,极兔快递,JT0016012554955,帽子,河北省,
玉佛苑_站点-玉佛苑,玉佛苑,玉佛苑,快递,2025-04-09 17:44:13,,1,0.77,0,6.00,0.00,2.80,6-3.2,2,1909905153551167488,极兔快递,JT0016008267423,服饰,江苏省,
玉佛苑_站点-玉佛苑,玉佛苑,玉佛苑,快递,2025-04-09 17:30:29,,1,0.85,0,6.00,0.00,2.80,6-3.2,2,1909901695629852672,极兔快递,JT0016019466805,服饰,福建省,
玉佛苑_站点-玉佛苑,玉佛苑,玉佛苑,快递,2025-04-09 15:56:51,,1,0.57,0,6.00,0.00,2.80,6-3.2,2,1909878136426119168,极兔快递,JT0016020130439,服饰,江苏省,
玉佛苑_站点-玉佛苑,玉佛苑,玉佛苑,快递,2025-04-09 14:55:40,,1,0.26,0,6.00,0.00,2.80,6-3.2,2,1909862731526098944,极兔快递,JT0016012347031,服饰,广东省,
玉佛苑_站点-玉佛苑,玉佛苑,玉佛苑,快递,2025-04-09 14:54:45,,0.4,0.2,0,6.00,0.00,2.80,6-3.2,2,1909862505474084864,极兔快递,JT0016016584792,服饰,广东省,
玉佛苑_站点-玉佛苑,玉佛苑,玉佛苑,快递,2025-04-09 14:53:34,,1,0.6,0,6.00,0.00,2.80,6-3.2,2,1909862205027700736,极兔快递,JT0016019085052,服饰,江苏省,
玉佛苑_站点-玉佛苑,玉佛苑,玉佛苑,快递,2025-04-09 14:02:37,,1,0.93,0,6.00,0.00,2.80,6-3.2,2,1909849372336508928,极兔快递,JT0016013486241,服饰,福建省,
玉佛苑_站点-玉佛苑,玉佛苑,玉佛苑,快递,2025-04-09 12:20:21,,0.5,0.2,0,6.00,0.00,2.80,6-3.2,2,1909823648070291456,极兔快递,JT0016009265592,生活用品,河北省,
玉佛苑_站点-玉佛苑,玉佛苑,玉佛苑,快递,2025-04-09 11:26:31,2025-04-09 03:30:10,2,,,8.00,,0.00,,2,1909810093933645824,极兔快递,JT0016013656430,食品,江苏省,已全额退款
玉佛苑_站点-玉佛苑,玉佛苑,玉佛苑,快递,2025-04-09 11:27:44,,2.2,1.84,1,10.00,0.00,5.50,55% ,2,1909810404513468416,极兔快递,JT0016013848485,食品,江苏省,
玉佛苑_站点-玉佛苑,玉佛苑,玉佛苑,快递,2025-04-09 11:02:26,,1.2,1.11,0,8.00,0.00,4.08,51% ,2,1909804040156270592,极兔快递,JT0016012489321,服饰,广东省,
玉佛苑_站点-玉佛苑,玉佛苑,玉佛苑,快递,2025-04-09 11:00:44,,1,0.62,0,6.00,0.00,2.80,6-3.2,2,1909803613843017728,极兔快递,JT0016013682987,服饰,江苏省,
玉佛苑_站点-玉佛苑,玉佛苑,玉佛苑,快递,2025-04-09 10:59:21,,1,0.28,0,6.00,0.00,2.80,6-3.2,2,1909803255313911808,极兔快递,JT0016010406526,服饰,陕西省,
玉佛苑_站点-玉佛苑,玉佛苑,玉佛苑,快递,2025-04-09 10:58:19,,1,0.52,0,6.00,0.00,2.80,6-3.2,2,1909803007447322624,极兔快递,JT0016012700446,鞋,浙江省,
玉佛苑_站点-玉佛苑,玉佛苑,玉佛苑,快递,2025-04-09 10:57:00,,2,1.43,0,8.00,0.00,4.08,51% ,2,1909802671550681088,极兔快递,JT0016013040203,服饰,广东省,
玉佛苑_站点-玉佛苑,玉佛苑,玉佛苑,快递,2025-04-09 10:51:57,,1,0.41,0,6.00,0.00,2.80,6-3.2,2,1909801399783182336,极兔快递,JT0016011621104,鞋,福建省,
玉佛苑_站点-玉佛苑,玉佛苑,玉佛苑,快递,2025-04-09 10:08:44,,1.6,1.47,0,8.00,0.00,4.08,51% ,2,1909790525538357248,极兔快递,JT0016012713766,床单,辽宁省,
玉佛苑_站点-玉佛苑,玉佛苑,玉佛苑,快递,2025-04-09 09:56:09,,1,0.66,0,6.00,0.00,2.80,6-3.2,2,1909787357173698560,极兔快递,JT0016010469035,服饰,广东省,
玉佛苑_站点-玉佛苑,玉佛苑,玉佛苑,快递,2025-04-09 09:55:34,,1,0.44,0,6.00,0.00,2.80,6-3.2,2,1909787207332188160,极兔快递,JT0016008298353,服饰,广东省,
玉佛苑_站点-玉佛苑,玉佛苑,玉佛苑,快递,2025-04-09 09:54:57,,1,0.47,0,6.00,0.00,2.80,6-3.2,2,1909787056337244160,极兔快递,JT0016011778612,服饰,广东省,
玉佛苑_站点-玉佛苑,玉佛苑,玉佛苑,快递,2025-04-09 09:54:14,,1,0.69,0,6.00,0.00,2.80,6-3.2,2,1909786871242608640,极兔快递,JT0016010288074,服饰,河南省,
玉佛苑_站点-玉佛苑,玉佛苑,玉佛苑,快递,2025-04-09 09:53:32,,1,0.85,0,6.00,0.00,2.80,6-3.2,2,1909786698412118016,极兔快递,JT0016012325181,服饰,河南省,
玉佛苑_站点-玉佛苑,玉佛苑,玉佛苑,快递,2025-04-09 09:52:50,,1.2,1.23,0,8.00,0.00,4.08,51% ,2,1909786519432777728,极兔快递,JT0016008573086,服饰,浙江省,
玉佛苑_站点-玉佛苑,玉佛苑,玉佛苑,快递,2025-04-09 09:52:05,,1,0.25,0,6.00,0.00,2.80,6-3.2,2,1909786332849164288,极兔快递,JT0016012819386,服饰,广东省,
玉佛苑_站点-玉佛苑,玉佛苑,玉佛苑,快递,2025-04-09 09:51:11,,1,0.57,0,6.00,0.00,2.80,6-3.2,2,1909786097787785216,极兔快递,JT0016008939176,服饰,江苏省,
玉佛苑_站点-玉佛苑,玉佛苑,玉佛苑,快递,2025-04-09 09:49:53,,1,0.58,0,6.00,0.00,2.80,6-3.2,2,1909785768987906048,极兔快递,JT0016011728901,服饰,浙江省,
玉佛苑_站点-玉佛苑,玉佛苑,玉佛苑,快递,2025-04-09 09:49:08,,1,0.28,0,6.00,0.00,2.80,6-3.2,2,1909785589824016384,极兔快递,JT0016012860980,服饰,浙江省,
玉佛苑_站点-玉佛苑,玉佛苑,玉佛苑,快递,2025-04-09 09:48:35,,1,0.6,0,6.00,0.00,2.80,6-3.2,2,1909785454712901632,极兔快递,JT0016012897586,服饰,广东省,
玉佛苑_站点-玉佛苑,玉佛苑,玉佛苑,快递,2025-04-09 09:19:26,,1,0.27,0,6.00,0.00,2.80,6-3.2,2,1909778114613792768,极兔快递,JT0016008371068,服饰,广东省,
玉佛苑_站点-玉佛苑,玉佛苑,玉佛苑,快递,2025-04-09 09:18:31,,1,0.25,0,6.00,0.00,2.80,6-3.2,2,1909777890063339520,极兔快递,JT0016012038359,服饰,浙江省,
玉佛苑_站点-玉佛苑,玉佛苑,玉佛苑,快递,2025-04-09 09:15:46,,1,0.41,0,6.00,0.00,2.80,6-3.2,2,1909777201333456896,极兔快递,JT0016010203415,服饰,江苏省,
玉佛苑_站点-玉佛苑,玉佛苑,玉佛苑,快递,2025-04-09 07:56:17,,1,0.49,0,6.00,0.00,2.80,6-3.2,2,1909757176253960192,极兔快递,JT0016010284012,服饰,河南省,
玉佛苑_站点-玉佛苑,玉佛苑,玉佛苑,快递,2025-04-09 07:54:21,,2.9,2.89,0,10.00,0.00,5.50,55% ,2,1909756694307459072,极兔快递,JT0016008858347,食品,陕西省,
玉佛苑_站点-玉佛苑,玉佛苑,玉佛苑,快递,2025-04-08 21:19:18,,1.6,1.56,0,8.00,0.00,4.08,51% ,2,1909596895351590912,极兔快递,JT0016007674540,生活用品,浙江省,
玉佛苑_站点-玉佛苑,玉佛苑,玉佛苑,干洗,2025-04-08 21:12:28,,,,,39.60,,11.88,30%,,1909595172004352000,干洗,,"清洗鞋19.8元两双   *   1
清洗鞋19.8元两双   *   1
清洗鞋19.8元两双   *   1
清洗鞋19.8元两双   *   1",,
玉佛苑_站点-玉佛苑,玉佛苑,玉佛苑,快递,2025-04-08 20:09:25,,1,0.27,0,6.00,0.00,2.80,6-3.2,2,1909579292784644096,极兔快递,JT0016008878083,服饰,广东省,
玉佛苑_站点-玉佛苑,玉佛苑,玉佛苑,快递,2025-04-08 19:19:58,,1,0.6,0,6.00,0.00,2.80,6-3.2,2,1909566861253464064,极兔快递,JT0016006697394,生活用品,天津市,
玉佛苑_站点-玉佛苑,玉佛苑,玉佛苑,快递,2025-04-08 18:56:13,,1,1.06,-1,6.00,0.00,2.80,6-3.2,2,1909560883841781760,极兔快递,JT0016008029985,鞋,浙江省,
玉佛苑_站点-玉佛苑,玉佛苑,玉佛苑,快递,2025-04-08 18:54:34,,1,0.48,0,6.00,0.00,2.80,6-3.2,2,1909560469561987072,极兔快递,JT0016004647111,服饰,浙江省,
玉佛苑_站点-玉佛苑,玉佛苑,玉佛苑,快递,2025-04-08 18:44:47,,1,0.2,0,6.00,0.00,2.80,6-3.2,2,1909558005827817472,极兔快递,JT0016005315141,饰品,江苏省,
玉佛苑_站点-玉佛苑,玉佛苑,玉佛苑,快递,2025-04-08 18:28:29,,3,3.41,-1,10.00,1.50,5.50,55% ,2,1909553903672676352,极兔快递,JT0015998216272,服饰,浙江省,
玉佛苑_站点-玉佛苑,玉佛苑,玉佛苑,快递,2025-04-08 17:35:22,,1,0.2,0,7.00,0.00,2.80,6-3.2,2,1909540533934411776,极兔快递,JT0016005611197,生活用品,北京市,
玉佛苑_站点-玉佛苑,玉佛苑,玉佛苑,快递,2025-04-08 17:13:43,,1,0.2,0,6.00,0.00,2.80,6-3.2,2,1909535087618084864,极兔快递,JT0016002081773,服饰,广东省,
玉佛苑_站点-玉佛苑,玉佛苑,玉佛苑,快递,2025-04-08 17:09:07,,1,0.2,0,6.00,0.00,2.80,6-3.2,2,1909533930082455552,极兔快递,JT0015998566657,生活用品,广东省,
玉佛苑_站点-玉佛苑,玉佛苑,玉佛苑,快递,2025-04-08 14:34:12,,1,0.5,0,6.00,0.00,2.80,6-3.2,2,1909494947713568768,极兔快递,JT0016002968508,服饰,浙江省,
玉佛苑_站点-玉佛苑,玉佛苑,玉佛苑,快递,2025-04-08 14:26:29,,1,0.66,0,6.00,0.00,2.80,6-3.2,2,1909493000709263360,极兔快递,JT0016001727830,鞋1双短袖1件,福建省,
玉佛苑_站点-玉佛苑,玉佛苑,玉佛苑,快递,2025-04-08 14:02:42,,1,0.6,0,6.00,0.00,2.80,6-3.2,2,1909487006239346688,极兔快递,JT0015998922375,服饰,广东省,
玉佛苑_站点-玉佛苑,玉佛苑,玉佛苑,快递,2025-04-08 13:33:10,,7.2,6.98,1,24.00,6.00,12.00,50% ,2,1909479584384864256,极兔快递,JT0016000994155,服饰,陕西省,
玉佛苑_站点-玉佛苑,玉佛苑,玉佛苑,快递,2025-04-08 13:24:59,,1,0.28,0,6.00,0.00,2.80,6-3.2,2,1909477515225649152,极兔快递,JT0016001619427,服饰,广东省,
玉佛苑_站点-玉佛苑,玉佛苑,玉佛苑,快递,2025-04-08 13:24:15,,1,0.71,0,6.00,0.00,2.80,6-3.2,2,1909477339287179264,极兔快递,JT0016001771503,鞋,广东省,
玉佛苑_站点-玉佛苑,玉佛苑,玉佛苑,快递,2025-04-08 13:11:52,,1,0.37,0,6.00,0.00,2.80,6-3.2,2,1909474229298843648,极兔快递,JT0015997941101,服饰,辽宁省,
玉佛苑_站点-玉佛苑,玉佛苑,玉佛苑,快递,2025-04-08 13:11:01,,11,10.96,0,33.00,12.00,16.50,50% ,2,1909474011996147712,极兔快递,JT0015997542498,生活用品,天津市,
玉佛苑_站点-玉佛苑,玉佛苑,玉佛苑,快递,2025-04-08 12:28:13,,0.5,0.2,0,6.00,0.00,2.80,6-3.2,2,1909463242235629568,极兔快递,JT0015990421276,服饰,江苏省,
玉佛苑_站点-玉佛苑,玉佛苑,玉佛苑,快递,2025-04-08 11:35:01,,1,0.75,0,6.00,0.00,2.80,6-3.2,2,1909449824246091776,极兔快递,JT0015999470499,服饰,广东省,
玉佛苑_站点-玉佛苑,玉佛苑,玉佛苑,快递,2025-04-08 11:34:00,,1,0.57,0,6.00,0.00,2.80,6-3.2,2,1909449595765575680,极兔快递,JT0016000118501,服饰,广东省,
玉佛苑_站点-玉佛苑,玉佛苑,玉佛苑,快递,2025-04-08 11:21:14,,1,0.78,0,6.00,0.00,2.80,6-3.2,2,1909446385638232064,极兔快递,JT0015999709395,鞋,安徽省,
玉佛苑_站点-玉佛苑,玉佛苑,玉佛苑,快递,2025-04-08 10:53:47,,1,0.54,0,10.00,0.00,2.80,6-3.2,2,1909439475735433216,极兔快递,JT0015998589490,服饰,内蒙古自治区,
玉佛苑_站点-玉佛苑,玉佛苑,玉佛苑,快递,2025-04-08 10:45:46,,1,0.47,0,6.00,0.00,2.80,6-3.2,2,1909437458812080128,极兔快递,JT0015996008637,服饰,河北省,
玉佛苑_站点-玉佛苑,玉佛苑,玉佛苑,快递,2025-04-08 10:44:22,,1,0.37,0,6.00,0.00,2.80,6-3.2,2,1909437106956111872,极兔快递,JT0015961529855,服饰,河北省,
玉佛苑_站点-玉佛苑,玉佛苑,玉佛苑,快递,2025-04-08 09:06:05,,1,0.25,0,6.00,0.00,2.80,6-3.2,2,1909412376846475264,极兔快递,JT0015992710412,帽子,浙江省,
玉佛苑_站点-玉佛苑,玉佛苑,玉佛苑,快递,2025-04-08 09:04:33,,0.4,0.2,0,6.00,0.00,2.80,6-3.2,2,1909411976680513536,极兔快递,JT0015988511691,生活用品,江苏省,
玉佛苑_站点-玉佛苑,玉佛苑,玉佛苑,快递,2025-04-08 08:34:25,,2.2,2.12,0,10.00,0.00,5.50,55% ,2,1909404379596398592,极兔快递,JT0015995155862,服饰,陕西省,
玉佛苑_站点-玉佛苑,玉佛苑,玉佛苑,快递,2025-04-07 21:16:20,,1,0.43,0,6.00,0.00,2.80,6-3.2,2,1909233759457845248,极兔快递,JT0015976863224,服饰,浙江省,
玉佛苑_站点-玉佛苑,玉佛苑,玉佛苑,干洗,2025-04-07 21:01:38,,,,,49.00,,14.70,30%,,1909230000728121344,干洗,,"清洗普通羽绒服2件不分长短49元   *   1
清洗普通羽绒服2件不分长短49元   *   1",,
玉佛苑_站点-玉佛苑,玉佛苑,玉佛苑,干洗,2025-04-07 20:37:53,,,,,29.70,,8.91,30%,,1909224068526841856,干洗,,"清洗鞋19.8元两双   *   1
清洗鞋19.8元两双   *   1
清洗鞋19.8元两双   *   1",,
玉佛苑_站点-玉佛苑,玉佛苑,玉佛苑,快递,2025-04-07 20:12:09,,1,0.89,0,6.00,0.00,2.80,6-3.2,2,1909217603195969536,极兔快递,JT0015979575482,鞋,福建省,
玉佛苑_站点-玉佛苑,玉佛苑,玉佛苑,快递,2025-04-07 20:05:01,,1,0.65,0,6.00,0.00,2.80,6-3.2,2,1909215800781905920,极兔快递,JT0015992878558,服饰,广东省,
玉佛苑_站点-玉佛苑,玉佛苑,玉佛苑,快递,2025-04-07 20:02:00,,1,0.2,0,6.00,0.00,2.80,6-3.2,2,1909215025607417856,极兔快递,JT0015993348866,服饰,福建省,
玉佛苑_站点-玉佛苑,玉佛苑,玉佛苑,快递,2025-04-07 20:00:54,,1,0.45,0,6.00,0.00,2.80,6-3.2,2,1909214777568862208,极兔快递,JT0015992292730,服饰,福建省,
玉佛苑_站点-玉佛苑,玉佛苑,玉佛苑,快递,2025-04-07 19:57:09,,1,0.2,0,6.00,0.00,2.80,6-3.2,2,1909213833997262848,极兔快递,JT0015977813324,服饰,浙江省,
玉佛苑_站点-玉佛苑,玉佛苑,玉佛苑,快递,2025-04-07 19:36:18,,1,0.2,0,6.00,0.00,2.80,6-3.2,2,1909208572318392320,极兔快递,JT0015988324879,服饰,广东省,
玉佛苑_站点-玉佛苑,玉佛苑,玉佛苑,快递,2025-04-07 19:32:51,,22.6,42.89,-20,69.00,60.00,34.50,50% ,2,1909207696811958272,极兔快递,JT0015992122545,生活用品,陕西省,
玉佛苑_站点-玉佛苑,玉佛苑,玉佛苑,快递,2025-04-07 19:32:04,,23.7,42.0,-18,72.00,60.00,36.00,50% ,2,1909207510219956224,极兔快递,JT0015975436377,生活用品,陕西省,
玉佛苑_站点-玉佛苑,玉佛苑,玉佛苑,快递,2025-04-07 19:16:58,,1,0.2,0,6.00,0.00,2.80,6-3.2,2,1909203719982620672,极兔快递,JT0015988915215,服饰,吉林省,
玉佛苑_站点-玉佛苑,玉佛苑,玉佛苑,快递,2025-04-07 19:13:15,,1,0.21,0,6.00,0.00,2.80,6-3.2,2,1909202784745103360,极兔快递,JT0015987601649,其他,陕西省,
玉佛苑_站点-玉佛苑,玉佛苑,玉佛苑,快递,2025-04-07 18:58:06,,1,0.87,0,6.00,0.00,2.80,6-3.2,2,1909198968977039360,极兔快递,JT0015990571731,鞋,福建省,
玉佛苑_站点-玉佛苑,玉佛苑,玉佛苑,快递,2025-04-07 18:51:16,,1,0.36,0,6.00,0.00,2.80,6-3.2,2,1909197239757774848,极兔快递,JT0015990523940,服饰,广东省,
玉佛苑_站点-玉佛苑,玉佛苑,玉佛苑,快递,2025-04-07 18:50:24,,1,0.45,0,6.00,0.00,2.80,6-3.2,2,1909197030935961600,极兔快递,JT0015988118548,服饰,浙江省,
玉佛苑_站点-玉佛苑,玉佛苑,玉佛苑,快递,2025-04-07 18:48:43,,1,0.63,0,6.00,0.00,2.80,6-3.2,2,1909196606665334784,极兔快递,JT0015989858117,服饰,浙江省,
玉佛苑_站点-玉佛苑,玉佛苑,玉佛苑,快递,2025-04-07 18:47:34,,1,0.81,0,6.00,0.00,2.80,6-3.2,2,1909196323373654016,极兔快递,JT0015985024750,服饰,河南省,
玉佛苑_站点-玉佛苑,玉佛苑,玉佛苑,快递,2025-04-07 18:46:22,,1,0.2,0,6.00,0.00,2.80,6-3.2,2,1909195900432621568,极兔快递,JT0015992541016,服饰,广东省,
玉佛苑_站点-玉佛苑,玉佛苑,玉佛苑,快递,2025-04-07 18:45:24,,1,0.2,0,6.00,0.00,2.80,6-3.2,2,1909195771696848896,极兔快递,JT0015992346807,服饰,广东省,
玉佛苑_站点-玉佛苑,玉佛苑,玉佛苑,快递,2025-04-07 18:02:43,,1,0.33,0,6.00,0.00,2.80,6-3.2,2,1909185023859957760,极兔快递,JT0015990425938,服饰,广东省,
玉佛苑_站点-玉佛苑,玉佛苑,玉佛苑,快递,2025-04-07 18:02:02,,0.4,0.2,0,6.00,0.00,2.80,6-3.2,2,1909184851138519040,极兔快递,JT0015988370678,服饰,广东省,
玉佛苑_站点-玉佛苑,玉佛苑,玉佛苑,快递,2025-04-07 18:01:06,,1,0.2,0,6.00,0.00,2.80,6-3.2,2,1909184628181901312,极兔快递,JT0015991555418,服饰,四川省,
玉佛苑_站点-玉佛苑,玉佛苑,玉佛苑,快递,2025-04-07 17:36:48,,1,0.68,0,6.00,0.00,2.80,6-3.2,2,1909178513478066176,极兔快递,JT0015991464922,鞋,广东省,
玉佛苑_站点-玉佛苑,玉佛苑,玉佛苑,快递,2025-04-06 20:15:38,2025-04-07 09:35:25,1.2,,,8.00,,0.00,,2,1908856061011107840,极兔快递,JT0015976842917,服饰,浙江省,已全额退款
玉佛苑_站点-玉佛苑,玉佛苑,玉佛苑,快递,2025-04-07 17:34:32,,2,1.21,0,8.00,0.00,4.08,51% ,2,1909177940590665728,极兔快递,JT0015990488131,服饰,浙江省,
玉佛苑_站点-玉佛苑,玉佛苑,玉佛苑,快递,2025-04-07 17:23:50,,1,0.21,0,6.00,0.00,2.80,6-3.2,2,1909175248338231296,极兔快递,JT0015978585050,服饰,广东省,
玉佛苑_站点-玉佛苑,玉佛苑,玉佛苑,快递,2025-04-07 17:12:56,,1,0.28,0,6.00,0.00,2.80,6-3.2,2,1909172505208889344,极兔快递,JT0015990348455,服饰,湖南省,
玉佛苑_站点-玉佛苑,玉佛苑,玉佛苑,干洗,2025-04-07 17:09:33,,,,,59.00,,17.70,30%,,1909171649168220160,干洗,,"清洗毛呢2件59元   *   1
清洗毛呢2件59元   *   1",,
玉佛苑_站点-玉佛苑,玉佛苑,玉佛苑,快递,2025-04-07 16:51:38,,0.4,0.2,0,6.00,0.00,2.80,6-3.2,2,1909167146163445760,极兔快递,JT0015990386773,服饰,广东省,
玉佛苑_站点-玉佛苑,玉佛苑,玉佛苑,快递,2025-04-07 16:46:40,,1,0.2,0,6.00,0.00,2.80,6-3.2,2,1909165894415360000,极兔快递,JT0015990527668,其他,广东省,
玉佛苑_站点-玉佛苑,玉佛苑,玉佛苑,快递,2025-04-07 16:43:06,,0.4,0.2,0,6.00,0.00,2.80,6-3.2,2,1909164997161459712,极兔快递,JT0015988413345,帽子,浙江省,
玉佛苑_站点-玉佛苑,玉佛苑,玉佛苑,快递,2025-04-07 16:37:44,,1,0.47,0,6.00,0.00,2.80,6-3.2,2,1909163646771732480,极兔快递,JT0015989839186,服饰,广东省,
玉佛苑_站点-玉佛苑,玉佛苑,玉佛苑,快递,2025-04-07 16:33:55,,2,1.2,0,8.00,0.00,4.08,51% ,2,1909162685303037952,极兔快递,JT0015989834475,鞋,浙江省,
玉佛苑_站点-玉佛苑,玉佛苑,玉佛苑,快递,2025-04-07 16:24:34,,1,0.69,0,6.00,0.00,2.80,6-3.2,2,1909160335918178304,极兔快递,JT0015987955008,生活用品,浙江省,
玉佛苑_站点-玉佛苑,玉佛苑,玉佛苑,快递,2025-04-07 16:22:50,,1,0.37,0,6.00,0.00,2.80,6-3.2,2,1909159895000358912,极兔快递,JT0015985808756,其他,山东省,
玉佛苑_站点-玉佛苑,玉佛苑,玉佛苑,快递,2025-04-07 14:14:20,,2,1.23,0,8.00,0.00,4.08,51% ,2,1909127548263669760,极兔快递,JT0015985325145,鞋,河南省,
玉佛苑_站点-玉佛苑,玉佛苑,玉佛苑,快递,2025-04-07 14:11:52,,1,0.2,0,6.00,0.00,2.80,6-3.2,2,1909126936427962368,极兔快递,JT0015970067290,服饰,浙江省,
玉佛苑_站点-玉佛苑,玉佛苑,玉佛苑,快递,2025-04-07 14:10:00,,1,0.28,0,6.00,0.00,2.80,6-3.2,2,1909126467303448576,极兔快递,JT0015986013533,服饰,浙江省,
玉佛苑_站点-玉佛苑,玉佛苑,玉佛苑,快递,2025-04-07 14:07:29,,2,1.41,0,8.00,0.00,4.08,51% ,2,1909125807619121152,极兔快递,JT0015985802652,鞋,河南省,
玉佛苑_站点-玉佛苑,玉佛苑,玉佛苑,快递,2025-04-07 14:00:20,,0.2,0.2,0,6.00,0.00,2.80,6-3.2,2,1909124031553675264,极兔快递,JT0015974710406,帽子,浙江省,
玉佛苑_站点-玉佛苑,玉佛苑,玉佛苑,快递,2025-04-07 13:17:31,,1,0.25,0,6.00,0.00,2.80,6-3.2,2,1909113256856461312,极兔快递,JT0015981145299,服饰,广东省,
玉佛苑_站点-玉佛苑,玉佛苑,玉佛苑,快递,2025-04-07 13:02:30,,2,1.32,0,8.00,0.00,4.08,51% ,2,1909109480649072640,极兔快递,JT0015982890236,鞋,福建省,
玉佛苑_站点-玉佛苑,玉佛苑,玉佛苑,快递,2025-04-07 12:36:48,,1,0.33,0,6.00,0.00,2.80,6-3.2,2,1909102977003233280,极兔快递,JT0015984039167,服饰,山东省,
玉佛苑_站点-玉佛苑,玉佛苑,玉佛苑,快递,2025-04-07 11:53:14,,1,0.22,0,6.00,0.00,2.80,6-3.2,2,1909092052535812096,极兔快递,JT0015980736924,服饰,广东省,
玉佛苑_站点-玉佛苑,玉佛苑,玉佛苑,快递,2025-04-07 08:18:52,,1,0.65,0,6.00,0.00,2.80,6-3.2,2,1909038076670976000,极兔快递,JT0015976572452,生活用品,浙江省,
玉佛苑_站点-玉佛苑,玉佛苑,玉佛苑,快递,2025-04-07 08:11:32,,1,0.27,0,6.00,0.00,2.80,6-3.2,2,1909036250575872000,极兔快递,JT0015979002000,生活用品,浙江省,
玉佛苑_站点-玉佛苑,玉佛苑,玉佛苑,快递,2025-04-07 08:10:52,,1,0.38,0,6.00,0.00,2.80,6-3.2,2,1909036090089218048,极兔快递,JT0015972697019,服饰,广东省,
玉佛苑_站点-玉佛苑,玉佛苑,玉佛苑,干洗,2025-04-06 21:40:40,,,,,9.90,,2.97,30%,,1908877492767891456,干洗,,"清洗鞋19.8元两双   *   1",,
玉佛苑_站点-玉佛苑,玉佛苑,玉佛苑,快递,2025-04-06 21:36:46,,1,0.36,0,6.00,0.00,2.80,6-3.2,2,1908876502815678464,极兔快递,JT0015977814895,服饰,江苏省,
玉佛苑_站点-玉佛苑,玉佛苑,玉佛苑,干洗,2025-04-06 21:23:48,,,,,39.80,,11.94,30%,,1908873248258072576,干洗,,"棉服_毛呢_羽绒服   *   1
衬衣长袖   *   1",,
玉佛苑_站点-玉佛苑,玉佛苑,玉佛苑,快递,2025-04-06 20:59:04,,1,0.64,0,6.00,0.00,2.80,6-3.2,2,1908867022518427648,极兔快递,JT0015971596077,服饰,江苏省,
玉佛苑_站点-玉佛苑,玉佛苑,玉佛苑,快递,2025-04-06 20:57:17,,3,2.08,0,10.00,0.00,5.50,55% ,2,1908866575023939584,极兔快递,JT0015977675864,鞋2霜，衣服2件,山东省,
玉佛苑_站点-玉佛苑,玉佛苑,玉佛苑,干洗,2025-04-06 20:44:15,,,,,49.00,,14.70,30%,,1908863295724134400,干洗,,"清洗普通羽绒服2件不分长短49元   *   1
清洗普通羽绒服2件不分长短49元   *   1",,
玉佛苑_站点-玉佛苑,玉佛苑,玉佛苑,快递,2025-04-06 20:37:37,,1,0.5,0,6.00,0.00,2.80,6-3.2,2,1908861629553647616,极兔快递,JT0015974656094,服饰,湖南省,
玉佛苑_站点-玉佛苑,玉佛苑,玉佛苑,快递,2025-04-06 20:24:21,,1,0.76,0,6.00,0.00,2.80,6-3.2,2,1908858290891857920,极兔快递,JT0015976353789,鞋,福建省,
玉佛苑_站点-玉佛苑,玉佛苑,玉佛苑,快递,2025-04-06 20:18:05,,1,0.28,0,6.00,0.00,2.80,6-3.2,2,1908856713091162112,极兔快递,JT0015973979106,服饰,河南省,
玉佛苑_站点-玉佛苑,玉佛苑,玉佛苑,快递,2025-04-06 20:13:47,,2,0.94,1,8.00,0.00,4.08,51% ,2,1908855631266914304,极兔快递,JT0015972265578,生活用品,浙江省,
玉佛苑_站点-玉佛苑,玉佛苑,玉佛苑,快递,2025-04-06 20:08:18,2025-04-06 12:11:13,1,,,6.00,,0.00,,2,1908854251517059072,极兔快递,JT0015977138823,服饰,湖北省,已全额退款
玉佛苑_站点-玉佛苑,玉佛苑,玉佛苑,快递,2025-04-06 20:10:45,,1,0.47,0,6.00,0.00,2.80,6-3.2,2,1908854868679532544,极兔快递,JT0015973731774,服饰,浙江省,
玉佛苑_站点-玉佛苑,玉佛苑,玉佛苑,快递,2025-04-06 20:05:20,,1,0.49,0,6.00,0.00,2.80,6-3.2,2,1908853501676167168,极兔快递,JT0015971346496,服饰,广东省,
玉佛苑_站点-玉佛苑,玉佛苑,玉佛苑,快递,2025-04-06 20:03:37,,2,1.38,0,8.00,0.00,4.08,51% ,2,1908853069792878592,极兔快递,JT0015960360211,生活用品,浙江省,
玉佛苑_站点-玉佛苑,玉佛苑,玉佛苑,快递,2025-04-06 19:59:41,,1,0.28,0,6.00,0.00,2.80,6-3.2,2,1908852083544236032,极兔快递,JT0015977154529,服饰,浙江省,
玉佛苑_站点-玉佛苑,玉佛苑,玉佛苑,快递,2025-04-06 19:56:01,,1,1.09,-1,6.00,0.00,2.80,6-3.2,2,1908851159807500288,极兔快递,JT0015976362581,案板,广东省,
玉佛苑_站点-玉佛苑,玉佛苑,玉佛苑,快递,2025-04-06 19:49:34,,1,0.6,0,6.00,0.00,2.80,6-3.2,2,1908849528781086720,极兔快递,JT0015978089984,服饰,河北省,
玉佛苑_站点-玉佛苑,玉佛苑,玉佛苑,快递,2025-04-06 19:48:53,,1,0.74,0,6.00,0.00,2.80,6-3.2,2,1908849365106761728,极兔快递,JT0015977522530,鞋,江苏省,
玉佛苑_站点-玉佛苑,玉佛苑,玉佛苑,快递,2025-04-06 19:46:36,,1,0.6,0,6.00,0.00,2.80,6-3.2,2,1908848781523886080,极兔快递,JT0015975748728,服饰,河南省,
玉佛苑_站点-玉佛苑,玉佛苑,玉佛苑,快递,2025-04-06 19:45:53,,1,0.43,0,6.00,0.00,2.80,6-3.2,2,1908848610085904384,极兔快递,JT0015976584717,服饰,浙江省,
玉佛苑_站点-玉佛苑,玉佛苑,玉佛苑,快递,2025-04-06 19:41:24,,1,0.33,0,6.00,0.00,2.80,6-3.2,2,1908847478739509248,极兔快递,JT0015975634933,服饰,广东省,
玉佛苑_站点-玉佛苑,玉佛苑,玉佛苑,干洗,2025-04-06 19:39:41,,,,,68.80,,20.64,30%,,1908847046180937728,干洗,,"清洗鞋19.8元两双   *   1
清洗鞋19.8元两双   *   1
清洗普通羽绒服2件不分长短49元   *   1
清洗普通羽绒服2件不分长短49元   *   1",,
玉佛苑_站点-玉佛苑,玉佛苑,玉佛苑,快递,2025-04-06 19:03:18,,1,1.08,-1,6.00,0.00,2.52,42% ,2,1908837891764330496,韵达快递,312703452265846,生活用品,内蒙古自治区,
玉佛苑_站点-玉佛苑,玉佛苑,玉佛苑,快递,2025-04-06 18:58:44,,1,0.67,0,6.00,0.00,2.80,6-3.2,2,1908836743695245312,极兔快递,JT0015973707119,服饰,江苏省,
玉佛苑_站点-玉佛苑,玉佛苑,玉佛苑,快递,2025-04-06 18:52:49,,0.2,0.2,0,6.00,0.00,2.80,6-3.2,2,1908835249977761792,极兔快递,JT0015973621535,发圈,浙江省,
玉佛苑_站点-玉佛苑,玉佛苑,玉佛苑,快递,2025-04-06 18:51:39,,1,0.32,0,6.00,0.00,2.80,6-3.2,2,1908834949988556800,极兔快递,JT0015973630515,服饰,陕西省,
玉佛苑_站点-玉佛苑,玉佛苑,玉佛苑,快递,2025-04-06 18:50:23,,1,0.47,0,6.00,0.00,2.80,6-3.2,2,1908834522052108288,极兔快递,JT0015974035305,服饰,广东省,
玉佛苑_站点-玉佛苑,玉佛苑,玉佛苑,快递,2025-04-06 18:41:32,,1,0.34,0,7.00,0.00,2.80,6-3.2,2,1908832414137524224,极兔快递,JT0015972199851,服饰,上海市,
玉佛苑_站点-玉佛苑,玉佛苑,玉佛苑,快递,2025-04-06 18:40:00,,1,0.42,0,6.00,0.00,2.80,6-3.2,2,1908832026978099200,极兔快递,JT0015976198480,服饰,广东省,
玉佛苑_站点-玉佛苑,玉佛苑,玉佛苑,快递,2025-04-06 18:29:45,2025-04-06 10:31:52,4,,,12.00,,0.00,,2,1908829382297460736,极兔快递,JT0015977109235,咖啡,广东省,已全额退款
玉佛苑_站点-玉佛苑,玉佛苑,玉佛苑,快递,2025-04-06 18:30:47,,4,,,12.00,,6.00,50% ,2,1908829697935613952,申通快递,772039689056827,咖啡,广东省,
玉佛苑_站点-玉佛苑,玉佛苑,玉佛苑,快递,2025-04-06 18:26:44,,1,0.2,0,6.00,0.00,2.80,6-3.2,2,1908828685875224576,极兔快递,JT0015972458844,服饰,广东省,
玉佛苑_站点-玉佛苑,玉佛苑,玉佛苑,快递,2025-04-06 18:25:13,,1,0.24,0,6.00,0.00,2.80,6-3.2,2,1908828308849238016,极兔快递,JT0015976989602,服饰,湖南省,
玉佛苑_站点-玉佛苑,玉佛苑,玉佛苑,快递,2025-04-06 18:23:55,,1,0.36,0,6.00,0.00,2.80,6-3.2,2,1908827981227958272,极兔快递,JT0015969987137,服饰,浙江省,
玉佛苑_站点-玉佛苑,玉佛苑,玉佛苑,快递,2025-04-06 18:21:22,,1,0.51,0,6.00,0.00,2.80,6-3.2,2,1908827336479547392,极兔快递,JT0015976531465,服饰,广东省,
玉佛苑_站点-玉佛苑,玉佛苑,玉佛苑,快递,2025-04-06 17:14:47,,3,1.76,1,10.00,0.00,5.50,55% ,2,1908810582785204224,极兔快递,JT0015967271890,生活用品,浙江省,
玉佛苑_站点-玉佛苑,玉佛苑,玉佛苑,快递,2025-04-06 16:44:58,,1,0.66,0,6.00,0.00,2.80,6-3.2,2,1908803079011770368,极兔快递,JT0015972519137,服饰,广东省,
玉佛苑_站点-玉佛苑,玉佛苑,玉佛苑,快递,2025-04-06 16:44:06,,2,2.66,-1,8.00,0.00,4.08,51% ,2,1908802859582562304,极兔快递,JT0015969471310,服饰,广东省,
玉佛苑_站点-玉佛苑,玉佛苑,玉佛苑,快递,2025-04-06 16:38:33,,1,0.92,0,6.00,0.00,2.80,6-3.2,2,1908801467027496960,极兔快递,JT0015973364706,其他,山东省,
玉佛苑_站点-玉佛苑,玉佛苑,玉佛苑,快递,2025-04-06 16:33:16,,1,0.37,0,6.00,0.00,2.80,6-3.2,2,1908800134237069312,极兔快递,JT0015973253024,服饰,辽宁省,
玉佛苑_站点-玉佛苑,玉佛苑,玉佛苑,干洗,2025-04-06 16:27:25,,,,,19.80,,5.94,30%,,1908798659226181632,干洗,,"清洗鞋19.8元两双   *   1
清洗鞋19.8元两双   *   1",,
玉佛苑_站点-玉佛苑,玉佛苑,玉佛苑,快递,2025-04-06 16:19:38,,1,0.32,0,6.00,0.00,2.80,6-3.2,2,1908796701094387712,极兔快递,JT0015972780119,服饰,广东省,
玉佛苑_站点-玉佛苑,玉佛苑,玉佛苑,快递,2025-04-06 16:05:06,,1,0.2,0,6.00,0.00,2.80,6-3.2,2,1908793039676710912,极兔快递,JT0015972993665,服饰,浙江省,
玉佛苑_站点-玉佛苑,玉佛苑,玉佛苑,快递,2025-04-06 16:04:11,,1,0.47,0,6.00,0.00,2.80,6-3.2,2,1908792806154641408,极兔快递,JT0015969043503,服饰,广东省,
玉佛苑_站点-玉佛苑,玉佛苑,玉佛苑,快递,2025-04-06 16:03:23,,1,0.51,0,6.00,0.00,2.80,6-3.2,2,1908792615087316992,极兔快递,JT0015972681314,服饰,广东省,
玉佛苑_站点-玉佛苑,玉佛苑,玉佛苑,快递,2025-04-06 16:02:05,,1,0.2,0,6.00,0.00,2.80,6-3.2,2,1908792283519197184,极兔快递,JT0015969290137,服饰,广东省,
玉佛苑_站点-玉佛苑,玉佛苑,玉佛苑,快递,2025-04-06 15:20:21,,1,0.56,0,6.00,0.00,2.80,6-3.2,2,1908781777030946816,极兔快递,JT0015966971687,服饰,福建省,
玉佛苑_站点-玉佛苑,玉佛苑,玉佛苑,快递,2025-04-06 15:19:27,,1,0.6,0,6.00,0.00,2.80,6-3.2,2,1908781555517169664,极兔快递,JT0015967786730,服饰,福建省,
玉佛苑_站点-玉佛苑,玉佛苑,玉佛苑,快递,2025-04-06 14:55:34,,1,0.26,0,6.00,0.00,2.80,6-3.2,2,1908775545578659840,极兔快递,JT0015970863196,服饰,山东省,
玉佛苑_站点-玉佛苑,玉佛苑,玉佛苑,快递,2025-04-06 14:10:49,,1,0.95,0,6.00,0.00,2.80,6-3.2,2,1908764285982154752,极兔快递,JT0015971463601,服饰,广东省,
玉佛苑_站点-玉佛苑,玉佛苑,玉佛苑,快递,2025-04-06 14:04:22,,1,0.28,0,6.00,0.00,2.80,6-3.2,2,1908762660207009792,极兔快递,JT0015960924851,服饰,河北省,
玉佛苑_站点-玉佛苑,玉佛苑,玉佛苑,快递,2025-04-06 13:42:20,,1,0.2,0,6.00,0.00,2.80,6-3.2,2,1908757116649938944,极兔快递,JT0015970389892,其他,广东省,
玉佛苑_站点-玉佛苑,玉佛苑,玉佛苑,快递,2025-04-06 13:28:50,,1,1.01,-1,6.00,0.00,2.80,6-3.2,2,1908753723428642816,极兔快递,JT0015968105612,服饰,广东省,
玉佛苑_站点-玉佛苑,玉佛苑,玉佛苑,快递,2025-04-06 13:27:23,,1,0.5,0,6.00,0.00,2.80,6-3.2,2,1908753357903437824,极兔快递,JT0015969481449,服饰,广东省,
玉佛苑_站点-玉佛苑,玉佛苑,玉佛苑,快递,2025-04-06 13:25:10,,0.5,0.2,0,6.00,0.00,2.80,6-3.2,2,1908752800966975488,极兔快递,JT0015967816965,服饰,广东省,
玉佛苑_站点-玉佛苑,玉佛苑,玉佛苑,快递,2025-04-06 13:23:20,,0.5,0.2,0,6.00,0.00,2.80,6-3.2,2,1908752335596363776,极兔快递,JT0015970791431,服饰,河北省,
玉佛苑_站点-玉佛苑,玉佛苑,玉佛苑,快递,2025-04-06 13:03:32,,1,0.3,0,6.00,0.00,2.80,6-3.2,2,1908747352775794688,极兔快递,JT0015963102726,服饰,福建省,
玉佛苑_站点-玉佛苑,玉佛苑,玉佛苑,快递,2025-04-06 12:29:40,,1,0.31,0,6.00,0.00,2.80,6-3.2,2,1908738824698798080,极兔快递,JT0015969630171,服饰,广东省,
玉佛苑_站点-玉佛苑,玉佛苑,玉佛苑,快递,2025-04-06 12:28:52,,1,0.37,0,6.00,0.00,2.80,6-3.2,2,1908738626652151808,极兔快递,JT0015967047493,服饰,山东省,
玉佛苑_站点-玉佛苑,玉佛苑,玉佛苑,快递,2025-04-06 12:26:14,,1,0.57,0,6.00,0.00,2.80,6-3.2,2,1908737959439048704,极兔快递,JT0015967503021,服饰,浙江省,
玉佛苑_站点-玉佛苑,玉佛苑,玉佛苑,快递,2025-04-06 12:25:18,,1,0.37,0,6.00,0.00,2.80,6-3.2,2,1908737727171076096,极兔快递,JT0015968496034,服饰,广东省,
玉佛苑_站点-玉佛苑,玉佛苑,玉佛苑,快递,2025-04-06 12:17:33,,1,0.72,0,6.00,0.00,2.80,6-3.2,2,1908735774303133696,极兔快递,JT0015966338082,服饰,广东省,
玉佛苑_站点-玉佛苑,玉佛苑,玉佛苑,快递,2025-04-06 12:16:45,,1,0.69,0,6.00,0.00,2.80,6-3.2,2,1908735576420065280,极兔快递,JT0015965876083,服饰,广东省,
玉佛苑_站点-玉佛苑,玉佛苑,玉佛苑,快递,2025-04-06 12:15:50,,1,0.65,0,6.00,0.00,2.80,6-3.2,2,1908735338884046848,极兔快递,JT0015964963328,服饰,广东省,
玉佛苑_站点-玉佛苑,玉佛苑,玉佛苑,快递,2025-04-06 12:14:54,,1,0.2,0,6.00,0.00,2.80,6-3.2,2,1908735115445084160,极兔快递,JT0015969568816,服饰,广东省,
玉佛苑_站点-玉佛苑,玉佛苑,玉佛苑,快递,2025-04-06 12:10:00,,1,0.29,0,6.00,0.00,2.80,6-3.2,2,1908733876829364224,极兔快递,JT0015969987087,生活用品,安徽省,
玉佛苑_站点-玉佛苑,玉佛苑,玉佛苑,快递,2025-04-06 12:09:15,,1,0.51,0,6.00,0.00,2.80,6-3.2,2,1908733686525403136,极兔快递,JT0015958189772,服饰,浙江省,
玉佛苑_站点-玉佛苑,玉佛苑,玉佛苑,快递,2025-04-06 12:08:19,,1,0.71,0,6.00,0.00,2.80,6-3.2,2,1908733457772257280,极兔快递,JT0015967693468,服饰,广东省,
玉佛苑_站点-玉佛苑,玉佛苑,玉佛苑,快递,2025-04-06 12:06:36,,1,0.22,0,6.00,0.00,2.80,6-3.2,2,1908733027038208000,极兔快递,JT0015968595617,服饰,河北省,
玉佛苑_站点-玉佛苑,玉佛苑,玉佛苑,快递,2025-04-06 12:00:05,,2,0.71,1,8.00,0.00,4.08,51% ,2,1908731383571488768,极兔快递,JT0015967066252,鞋,山东省,
玉佛苑_站点-玉佛苑,玉佛苑,玉佛苑,快递,2025-04-06 11:34:24,,1,0.69,0,6.00,0.00,2.80,6-3.2,2,1908724924049727488,极兔快递,JT0015964450892,生活用品,河北省,
玉佛苑_站点-玉佛苑,玉佛苑,玉佛苑,快递,2025-04-06 11:27:16,,1.2,1.09,0,8.00,0.00,4.08,51% ,2,1908723124752031744,极兔快递,JT0015967487859,服饰,安徽省,
玉佛苑_站点-玉佛苑,玉佛苑,玉佛苑,快递,2025-04-06 10:13:53,,1,0.47,0,6.00,0.00,2.80,6-3.2,2,1908704658879881216,极兔快递,JT0015967497022,服饰,广东省,
玉佛苑_站点-玉佛苑,玉佛苑,玉佛苑,快递,2025-04-06 09:10:21,,3,2.96,0,10.00,0.00,5.50,55% ,2,1908688668313985024,极兔快递,JT0015963393216,易碎品,浙江省,
玉佛苑_站点-玉佛苑,玉佛苑,玉佛苑,快递,2025-04-06 08:56:04,,1,0.68,0,6.00,0.00,2.80,6-3.2,2,1908685075649339392,极兔快递,JT0015962890814,其他,辽宁省,
玉佛苑_站点-玉佛苑,玉佛苑,玉佛苑,快递,2025-04-06 08:54:55,,1,0.2,0,6.00,0.00,2.80,6-3.2,2,1908684785265090560,极兔快递,JT0015965751398,眼镜,江苏省,
玉佛苑_站点-玉佛苑,玉佛苑,玉佛苑,快递,2025-04-05 21:15:20,,3,2.15,0,10.00,0.00,5.50,55% ,2,1908508731468619776,极兔快递,JT0015963093442,生活用品,陕西省,
玉佛苑_站点-玉佛苑,玉佛苑,玉佛苑,快递,2025-04-05 20:33:16,,1,0.62,0,6.00,0.00,2.80,6-3.2,2,1908498145557028864,极兔快递,JT0015961831490,生活用品,浙江省,
玉佛苑_站点-玉佛苑,玉佛苑,玉佛苑,快递,2025-04-05 20:31:49,,0.4,0.22,0,6.00,0.00,2.80,6-3.2,2,1908497780715495424,极兔快递,JT0015962382449,生活用品,浙江省,
玉佛苑_站点-玉佛苑,玉佛苑,玉佛苑,快递,2025-04-05 20:30:46,,2,1.11,0,8.00,0.00,4.08,51% ,2,1908497514809204736,极兔快递,JT0015959515764,生活用品,广东省,
玉佛苑_站点-玉佛苑,玉佛苑,玉佛苑,快递,2025-04-05 20:24:02,,1,0.41,0,6.00,0.00,2.80,6-3.2,2,1908495816283856896,极兔快递,JT0015963994125,生活用品,浙江省,
玉佛苑_站点-玉佛苑,玉佛苑,玉佛苑,快递,2025-04-05 20:09:50,,1,0.49,0,6.00,0.00,2.80,6-3.2,2,1908492240601948160,极兔快递,JT0015962727422,服饰,广东省,
玉佛苑_站点-玉佛苑,玉佛苑,玉佛苑,快递,2025-04-05 20:08:52,,1,0.58,0,6.00,0.00,2.80,6-3.2,2,1908492006098411520,极兔快递,JT0015963232817,服饰,广东省,
玉佛苑_站点-玉佛苑,玉佛苑,玉佛苑,快递,2025-04-05 20:07:11,,0.3,0.2,0,6.00,0.00,2.80,6-3.2,2,1908491580246532096,极兔快递,JT0015962022907,帽子,湖南省,
玉佛苑_站点-玉佛苑,玉佛苑,玉佛苑,快递,2025-04-05 20:04:53,,0.4,0.2,0,6.00,0.00,2.80,6-3.2,2,1908491002984472576,极兔快递,JT0015961928180,口红,浙江省,
玉佛苑_站点-玉佛苑,玉佛苑,玉佛苑,快递,2025-04-05 20:02:37,,2,1.95,0,8.00,0.00,4.08,51% ,2,1908490432013869056,极兔快递,JT0015964130532,服饰,山东省,
玉佛苑_站点-玉佛苑,玉佛苑,玉佛苑,快递,2025-04-05 19:43:45,2025-04-05 11:57:38,1,,,6.00,,0.00,,2,1908485675597635584,极兔快递,JT0015961799916,皮带,广东省,已全额退款
玉佛苑_站点-玉佛苑,玉佛苑,玉佛苑,快递,2025-04-05 19:45:23,,1,,,6.00,,2.52,42% ,2,1908486096177274880,申通快递,772039612865096,皮带,广东省,
玉佛苑_站点-玉佛苑,玉佛苑,玉佛苑,快递,2025-04-05 19:35:16,,1,0.85,0,6.00,0.00,2.80,6-3.2,2,1908483530420854784,极兔快递,JT0015959236157,服饰,广东省,
玉佛苑_站点-玉佛苑,玉佛苑,玉佛苑,快递,2025-04-05 19:31:08,,1,0.35,0,6.00,0.00,2.80,6-3.2,2,1908482508814229504,极兔快递,JT0015961446090,玩具,浙江省,
玉佛苑_站点-玉佛苑,玉佛苑,玉佛苑,快递,2025-04-05 19:25:31,,1,0.2,0,6.00,0.00,2.80,6-3.2,2,1908481091877675008,极兔快递,JT0015963491184,服饰,广东省,
玉佛苑_站点-玉佛苑,玉佛苑,玉佛苑,快递,2025-04-05 18:54:35,,1,0.29,0,6.00,0.00,2.80,6-3.2,2,1908473304661565440,极兔快递,JT0015958639055,服饰,安徽省,
玉佛苑_站点-玉佛苑,玉佛苑,玉佛苑,快递,2025-04-05 16:55:59,,1,0.2,0,6.00,0.00,2.80,6-3.2,2,1908443461035171840,极兔快递,JT0015950153869,服饰,广东省,
玉佛苑_站点-玉佛苑,玉佛苑,玉佛苑,快递,2025-04-05 15:17:21,,1,0.76,0,6.00,0.00,2.80,6-3.2,2,1908418640796655616,极兔快递,JT0015957477536,服饰,广东省,
玉佛苑_站点-玉佛苑,玉佛苑,玉佛苑,快递,2025-04-05 14:44:32,,1,0.37,0,6.00,0.00,2.80,6-3.2,2,1908410379859075072,极兔快递,JT0015958779647,其他,云南省,
玉佛苑_站点-玉佛苑,玉佛苑,玉佛苑,快递,2025-04-05 14:30:09,,3,2.36,0,11.00,0.00,5.05,55%,2,1908406760908726272,极兔快递,JT0015957141871,食品,北京市,
玉佛苑_站点-玉佛苑,玉佛苑,玉佛苑,快递,2025-04-05 14:27:51,,10,10.01,-1,31.00,12.00,14.50,50%,2,1908406183017521152,极兔快递,JT0015949864706,生活用品,北京市,
玉佛苑_站点-玉佛苑,玉佛苑,玉佛苑,快递,2025-04-05 14:11:31,,1,0.25,0,6.00,0.00,2.80,6-3.2,2,1908402080375840768,极兔快递,JT0015959076431,水龙头,安徽省,
玉佛苑_站点-玉佛苑,玉佛苑,玉佛苑,快递,2025-04-05 13:59:23,,1,0.98,0,6.00,0.00,2.80,6-3.2,2,1908399020425551872,极兔快递,JT0015958466219,鞋,江西省,
玉佛苑_站点-玉佛苑,玉佛苑,玉佛苑,快递,2025-04-05 13:51:49,,1,0.71,0,6.00,0.00,2.80,6-3.2,2,1908397118807810048,极兔快递,JT0015947165785,服饰,广东省,
玉佛苑_站点-玉佛苑,玉佛苑,玉佛苑,快递,2025-04-05 13:49:55,,2,1.06,0,8.00,0.00,4.08,51% ,2,1908396639105261568,极兔快递,JT0015955568550,生活用品,安徽省,
玉佛苑_站点-玉佛苑,玉佛苑,玉佛苑,快递,2025-04-05 13:43:41,,1,0.3,0,6.00,0.00,2.80,6-3.2,2,1908395066593583104,极兔快递,JT0015956674510,服饰,浙江省,
玉佛苑_站点-玉佛苑,玉佛苑,玉佛苑,快递,2025-04-05 13:43:06,,1,0.39,0,6.00,0.00,2.80,6-3.2,2,1908394928491929600,极兔快递,JT0015956331073,服饰,广东省,
玉佛苑_站点-玉佛苑,玉佛苑,玉佛苑,快递,2025-04-05 11:41:22,,2,1.19,0,8.00,0.00,4.08,51% ,2,1908364289835212800,极兔快递,JT0015956553393,茶叶,福建省,
玉佛苑_站点-玉佛苑,玉佛苑,玉佛苑,快递,2025-04-05 09:09:40,,1,1.1,-1,6.00,0.00,2.80,6-3.2,2,1908326108632915968,极兔快递,JT0015953109341,服饰,浙江省,
玉佛苑_站点-玉佛苑,玉佛苑,玉佛苑,快递,2025-04-05 08:55:58,,1,1.04,-1,6.00,0.00,2.80,6-3.2,2,1908322650240524288,极兔快递,JT0015950102243,服饰,吉林省,
玉佛苑_站点-玉佛苑,玉佛苑,玉佛苑,快递,2025-04-05 08:29:52,,1,0.23,0,6.00,0.00,2.80,6-3.2,2,1908316093708705792,极兔快递,JT0015952153819,服饰,广东省,
玉佛苑_站点-玉佛苑,玉佛苑,玉佛苑,快递,2025-04-04 21:15:43,,2,1.43,0,8.00,0.00,4.08,51% ,2,1908146439933599744,韵达快递,312700472146681,鞋,内蒙古自治区,
玉佛苑_站点-玉佛苑,玉佛苑,玉佛苑,快递,2025-04-04 21:12:13,,1,0.2,0,6.00,0.00,2.80,6-3.2,2,1908145556537679872,极兔快递,JT0015950135609,袜子,吉林省,
玉佛苑_站点-玉佛苑,玉佛苑,玉佛苑,快递,2025-04-04 21:09:55,,1,0.29,0,6.00,0.00,2.80,6-3.2,2,1908144980429053952,极兔快递,JT0015943304950,袜子,浙江省,
玉佛苑_站点-玉佛苑,玉佛苑,玉佛苑,快递,2025-04-04 21:08:31,,1,0.45,0,6.00,0.00,2.80,6-3.2,2,1908144623879659520,极兔快递,JT0015939862542,袜子,广东省,
玉佛苑_站点-玉佛苑,玉佛苑,玉佛苑,干洗,2025-04-04 20:57:40,,,,,122.50,,36.75,30%,,1908141891936526336,干洗,,"清洗普通羽绒服2件不分长短49元   *   1
清洗普通羽绒服2件不分长短49元   *   1
清洗普通羽绒服2件不分长短49元   *   1
清洗普通羽绒服2件不分长短49元   *   1
清洗普通羽绒服2件不分长短49元   *   1",,
玉佛苑_站点-玉佛苑,玉佛苑,玉佛苑,快递,2025-04-04 20:27:30,,1,0.51,0,6.00,0.00,2.80,6-3.2,2,1908134306336415744,极兔快递,JT0015944391313,服饰,河南省,
玉佛苑_站点-玉佛苑,玉佛苑,玉佛苑,快递,2025-04-04 20:02:46,,2,1.49,0,8.00,0.00,4.08,51% ,2,1908128084644274176,极兔快递,JT0015941136419,化妆品,广西壮族自治区,
玉佛苑_站点-玉佛苑,玉佛苑,玉佛苑,快递,2025-04-04 20:00:41,,1,0.2,0,6.00,0.00,2.80,6-3.2,2,1908127557944549376,极兔快递,JT0015950165080,服饰,广东省,
玉佛苑_站点-玉佛苑,玉佛苑,玉佛苑,快递,2025-04-04 19:15:40,,1,0.49,0,6.00,0.00,2.80,6-3.2,2,1908116228470939648,极兔快递,JT0015947025393,服饰,广东省,
玉佛苑_站点-玉佛苑,玉佛苑,玉佛苑,快递,2025-04-04 19:03:23,,0.5,0.21,0,6.00,0.00,2.80,6-3.2,2,1908113128314052608,极兔快递,JT0015941917652,服饰,福建省,
玉佛苑_站点-玉佛苑,玉佛苑,玉佛苑,快递,2025-04-04 19:02:42,,0.4,0.2,0,6.00,0.00,2.80,6-3.2,2,1908112962680987648,极兔快递,JT0015948257675,服饰,福建省,
玉佛苑_站点-玉佛苑,玉佛苑,玉佛苑,快递,2025-04-04 19:00:01,,1,0.49,0,6.00,0.00,2.80,6-3.2,2,1908112287716810752,极兔快递,JT0015943634461,服饰,浙江省,
玉佛苑_站点-玉佛苑,玉佛苑,玉佛苑,快递,2025-04-04 18:57:45,,1,0.44,0,6.00,0.00,2.80,6-3.2,2,1908111719174709248,极兔快递,JT0015944487776,服饰,浙江省,
玉佛苑_站点-玉佛苑,玉佛苑,玉佛苑,快递,2025-04-04 18:56:01,,1,0.46,0,6.00,0.00,2.80,6-3.2,2,1908111282283421696,极兔快递,JT0015950695777,鞋,福建省,
玉佛苑_站点-玉佛苑,玉佛苑,玉佛苑,快递,2025-04-04 18:39:13,,0.5,0.2,0,7.00,0.00,2.80,6-3.2,2,1908107054483709952,极兔快递,JT0015948844093,化妆品,上海市,
玉佛苑_站点-玉佛苑,玉佛苑,玉佛苑,快递,2025-04-04 18:37:51,,1,0.28,0,6.00,0.00,2.80,6-3.2,2,1908106695610671104,极兔快递,JT0015950835407,服饰,安徽省,
玉佛苑_站点-玉佛苑,玉佛苑,玉佛苑,快递,2025-04-04 18:36:55,,1,0.5,0,6.00,0.00,2.80,6-3.2,2,1908106477234233344,极兔快递,JT0015942339747,服饰,湖北省,
玉佛苑_站点-玉佛苑,玉佛苑,玉佛苑,干洗,2025-04-04 17:39:18,,,,,49.50,,14.85,30%,,1908091973922398208,干洗,,"清洗鞋19.8元两双   *   1
清洗鞋19.8元两双   *   1
清洗鞋19.8元两双   *   1
清洗鞋19.8元两双   *   1
清洗鞋19.8元两双   *   1",,
玉佛苑_站点-玉佛苑,玉佛苑,玉佛苑,快递,2025-04-04 15:16:23,,1,0.47,0,6.00,0.00,2.80,6-3.2,2,1908056014514233344,极兔快递,JT0015946645550,服饰,辽宁省,
玉佛苑_站点-玉佛苑,玉佛苑,玉佛苑,快递,2025-04-04 15:15:10,,1,0.73,0,6.00,0.00,2.80,6-3.2,2,1908055701606572032,极兔快递,JT0015945723215,服饰,浙江省,
玉佛苑_站点-玉佛苑,玉佛苑,玉佛苑,快递,2025-04-04 15:11:53,,1,0.2,0,6.00,0.00,2.80,6-3.2,2,1908054875811028992,极兔快递,JT0015946877987,服饰,辽宁省,
玉佛苑_站点-玉佛苑,玉佛苑,玉佛苑,快递,2025-04-04 15:03:50,,0.4,0.2,0,6.00,0.00,2.80,6-3.2,2,1908052852491362304,极兔快递,JT0015946256432,口罩，套袖,浙江省,
玉佛苑_站点-玉佛苑,玉佛苑,玉佛苑,快递,2025-04-04 15:01:29,,0.2,0.2,0,6.00,0.00,2.80,6-3.2,2,1908052252705890304,极兔快递,JT0015918430478,口罩,浙江省,
玉佛苑_站点-玉佛苑,玉佛苑,玉佛苑,快递,2025-04-04 15:00:24,,1,0.52,0,6.00,0.00,2.80,6-3.2,2,1908051990079545344,极兔快递,JT0015947298789,服饰,广东省,
玉佛苑_站点-玉佛苑,玉佛苑,玉佛苑,快递,2025-04-04 14:57:04,,1,0.78,0,6.00,0.00,2.80,6-3.2,2,1908051144621105152,极兔快递,JT0015942846785,服饰,广东省,
玉佛苑_站点-玉佛苑,玉佛苑,玉佛苑,快递,2025-04-04 14:56:04,,1,0.42,0,6.00,0.00,2.80,6-3.2,2,1908050893910777856,极兔快递,JT0015940293073,服饰,江苏省,
玉佛苑_站点-玉佛苑,玉佛苑,玉佛苑,快递,2025-04-04 14:25:39,,1,0.6,0,6.00,0.00,2.80,6-3.2,2,1908043242875330560,极兔快递,JT0015944060303,服饰,河南省,
玉佛苑_站点-玉佛苑,玉佛苑,玉佛苑,快递,2025-04-04 14:24:01,,1,0.44,0,6.00,0.00,2.80,6-3.2,2,1908042830948540416,极兔快递,JT0015945945229,服饰,天津市,
玉佛苑_站点-玉佛苑,玉佛苑,玉佛苑,快递,2025-04-04 14:21:46,,1,0.32,0,6.00,0.00,2.80,6-3.2,2,1908042266021928960,极兔快递,JT0015940370990,服饰,广东省,
玉佛苑_站点-玉佛苑,玉佛苑,玉佛苑,快递,2025-04-04 14:19:22,,1,0.2,0,6.00,0.00,2.80,6-3.2,2,1908041660163104768,极兔快递,JT0015946557111,化妆品,广东省,
玉佛苑_站点-玉佛苑,玉佛苑,玉佛苑,快递,2025-04-04 14:17:53,,1,0.2,0,6.00,0.00,2.80,6-3.2,2,1908041286496755712,极兔快递,JT0015940309088,服饰,江苏省,
玉佛苑_站点-玉佛苑,玉佛苑,玉佛苑,快递,2025-04-04 14:13:04,,1,0.2,0,6.00,0.00,2.80,6-3.2,2,1908040071855677440,极兔快递,JT0015946386973,服饰,浙江省,
玉佛苑_站点-玉佛苑,玉佛苑,玉佛苑,快递,2025-04-04 12:39:47,,1,0.2,0,6.00,0.00,2.80,6-3.2,2,1908016547409633280,极兔快递,JT0015946042309,饰品,广东省,
玉佛苑_站点-玉佛苑,玉佛苑,玉佛苑,快递,2025-04-04 12:03:07,,1,0.26,0,6.00,0.00,2.80,6-3.2,2,1908007369647529984,极兔快递,JT0015928678538,服饰,广东省,
玉佛苑_站点-玉佛苑,玉佛苑,玉佛苑,快递,2025-04-04 11:01:05,,3,2.83,0,10.00,0.00,5.50,55% ,2,1907991756715794432,极兔快递,JT0015942370706,服饰,安徽省,
玉佛苑_站点-玉佛苑,玉佛苑,玉佛苑,快递,2025-04-04 09:40:18,,1,0.23,0,6.00,0.00,2.80,6-3.2,2,1907971428182597632,极兔快递,JT0015941767609,服饰,广东省,
玉佛苑_站点-玉佛苑,玉佛苑,玉佛苑,快递,2025-04-04 09:38:38,,1,0.61,0,6.00,0.00,2.80,6-3.2,2,1907971009012244480,极兔快递,JT0015937511552,服饰,广东省,
玉佛苑_站点-玉佛苑,玉佛苑,玉佛苑,快递,2025-04-04 08:43:06,,1,0.4,0,6.00,0.00,2.80,6-3.2,2,1907957039580782592,极兔快递,JT0015941558693,服饰,浙江省,
玉佛苑_站点-玉佛苑,玉佛苑,玉佛苑,快递,2025-04-04 08:41:33,,1,0.68,0,6.00,0.00,2.80,6-3.2,2,1907956639867805696,极兔快递,JT0015940494608,服饰,浙江省,
玉佛苑_站点-玉佛苑,玉佛苑,玉佛苑,快递,2025-04-03 22:57:14,,1,0.64,0,6.00,0.00,2.80,6-3.2,2,1907809596037865472,极兔快递,JT0015939625225,服饰,浙江省,
玉佛苑_站点-玉佛苑,玉佛苑,玉佛苑,快递,2025-04-03 21:25:15,,2,1.0,1,8.00,0.00,4.08,51% ,2,1907786451499294720,极兔快递,JT0015939601705,生活用品,山东省,
玉佛苑_站点-玉佛苑,玉佛苑,玉佛苑,快递,2025-04-03 21:17:50,,1,0.94,0,6.00,0.00,2.80,6-3.2,2,1907784588402040832,极兔快递,JT0015937010481,服饰,广东省,
玉佛苑_站点-玉佛苑,玉佛苑,玉佛苑,快递,2025-04-03 21:16:41,,1,0.63,0,6.00,0.00,2.80,6-3.2,2,1907784288035348480,极兔快递,JT0015939175964,服饰,江苏省,
玉佛苑_站点-玉佛苑,玉佛苑,玉佛苑,快递,2025-04-03 21:10:21,,1.5,1.04,0,8.00,0.00,4.08,51% ,2,1907782700772302848,极兔快递,JT0015939621457,服饰,广东省,
玉佛苑_站点-玉佛苑,玉佛苑,玉佛苑,快递,2025-04-03 21:08:07,,1,0.64,0,6.00,0.00,2.80,6-3.2,2,1907782133224251392,极兔快递,JT0015935457378,服饰,山东省,
玉佛苑_站点-玉佛苑,玉佛苑,玉佛苑,快递,2025-04-03 21:07:06,,1,0.36,0,6.00,0.00,2.80,6-3.2,2,1907781880555184128,极兔快递,JT0015938860899,服饰,天津市,
玉佛苑_站点-玉佛苑,玉佛苑,玉佛苑,快递,2025-04-03 20:51:03,,3,1.75,1,10.00,0.00,5.50,55% ,2,1907777843613081600,极兔快递,JT0015937412157,服饰,浙江省,
玉佛苑_站点-玉佛苑,玉佛苑,玉佛苑,快递,2025-04-03 20:40:18,,1,0.81,0,6.00,0.00,2.80,6-3.2,2,1907775137234231296,极兔快递,JT0015935188740,书,山东省,
玉佛苑_站点-玉佛苑,玉佛苑,玉佛苑,快递,2025-04-03 20:18:37,,2.5,2.44,0,10.00,0.00,5.50,55% ,2,1907769674551730176,极兔快递,JT0015935254351,食品,陕西省,
玉佛苑_站点-玉佛苑,玉佛苑,玉佛苑,快递,2025-04-03 20:10:29,,1,0.52,0,6.00,0.00,2.80,6-3.2,2,1907767638137446400,极兔快递,JT0015935422192,服饰,浙江省,
玉佛苑_站点-玉佛苑,玉佛苑,玉佛苑,快递,2025-04-03 20:08:38,,1,0.41,0,6.00,0.00,2.80,6-3.2,2,1907767157692506112,极兔快递,JT0015936475749,服饰,浙江省,
玉佛苑_站点-玉佛苑,玉佛苑,玉佛苑,快递,2025-04-03 20:07:41,,1,0.57,0,6.00,0.00,2.80,6-3.2,2,1907766934777831424,极兔快递,JT0015938673527,服饰,河南省,
玉佛苑_站点-玉佛苑,玉佛苑,玉佛苑,快递,2025-04-03 20:06:21,,1,0.2,0,6.00,0.00,2.80,6-3.2,2,1907766596788232192,极兔快递,JT0015936022613,鞋,福建省,
玉佛苑_站点-玉佛苑,玉佛苑,玉佛苑,快递,2025-04-03 20:03:29,,1,0.58,0,6.00,0.00,2.80,6-3.2,2,1907765875397304320,极兔快递,JT0015936162755,服饰,浙江省,
玉佛苑_站点-玉佛苑,玉佛苑,玉佛苑,快递,2025-04-03 20:01:42,,1,0.27,0,6.00,0.00,2.80,6-3.2,2,1907765425256210432,极兔快递,JT0015934834714,服饰,福建省,
玉佛苑_站点-玉佛苑,玉佛苑,玉佛苑,快递,2025-04-03 20:00:22,,1,0.68,0,6.00,0.00,2.80,6-3.2,2,1907765079993688064,极兔快递,JT0015936179871,鞋,江西省,
玉佛苑_站点-玉佛苑,玉佛苑,玉佛苑,快递,2025-04-03 19:59:21,,1,0.26,0,6.00,0.00,2.80,6-3.2,2,1907764831799943168,极兔快递,JT0015937746564,服饰,福建省,
玉佛苑_站点-玉佛苑,玉佛苑,玉佛苑,快递,2025-04-03 19:18:38,,1,0.85,0,6.00,0.00,2.80,6-3.2,2,1907754581822742528,极兔快递,JT0015936959865,鞋,湖南省,
玉佛苑_站点-玉佛苑,玉佛苑,玉佛苑,快递,2025-04-03 19:12:30,,1,0.24,0,6.00,0.00,2.80,6-3.2,2,1907753042173435904,极兔快递,JT0015937377432,服饰,广东省,
玉佛苑_站点-玉佛苑,玉佛苑,玉佛苑,快递,2025-04-03 19:10:53,,1,0.29,0,6.00,0.00,2.80,6-3.2,2,1907752632461238272,极兔快递,JT0015930913917,服饰,江苏省,
玉佛苑_站点-玉佛苑,玉佛苑,玉佛苑,快递,2025-04-03 19:10:02,,1,1.04,-1,6.00,0.00,2.80,6-3.2,2,1907752425048711168,极兔快递,JT0015933812997,鞋,河北省,
玉佛苑_站点-玉佛苑,玉佛苑,玉佛苑,快递,2025-04-03 19:08:40,,1,0.69,0,6.00,0.00,2.80,6-3.2,2,1907752077693231104,极兔快递,JT0015938069948,服饰,河北省,
玉佛苑_站点-玉佛苑,玉佛苑,玉佛苑,快递,2025-04-03 19:06:54,,1,0.2,0,6.00,0.00,2.80,6-3.2,2,1907751631285067776,极兔快递,JT0015937153508,饰品,天津市,
玉佛苑_站点-玉佛苑,玉佛苑,玉佛苑,快递,2025-04-03 18:43:36,,1,0.66,0,6.00,0.00,2.80,6-3.2,2,1907745764443627520,极兔快递,JT0015935389353,服饰,广东省,
玉佛苑_站点-玉佛苑,玉佛苑,玉佛苑,快递,2025-04-03 18:42:54,,1,0.55,0,6.00,0.00,2.80,6-3.2,2,1907745595987795968,极兔快递,JT0015938501312,服饰,浙江省,
玉佛苑_站点-玉佛苑,玉佛苑,玉佛苑,快递,2025-04-03 17:51:55,,2,1.25,0,8.00,0.00,4.08,51% ,2,1907732765318258688,极兔快递,JT0015939133184,鞋,浙江省,
玉佛苑_站点-玉佛苑,玉佛苑,玉佛苑,快递,2025-04-03 17:49:26,,1,0.53,0,6.00,0.00,2.80,6-3.2,2,1907732129851842560,极兔快递,JT0015935812453,服饰,江苏省,
玉佛苑_站点-玉佛苑,玉佛苑,玉佛苑,快递,2025-04-03 17:48:31,,1,0.2,0,6.00,0.00,2.80,6-3.2,2,1907731906190581760,极兔快递,JT0015932461970,服饰,广东省,
玉佛苑_站点-玉佛苑,玉佛苑,玉佛苑,快递,2025-04-03 17:45:33,,1,0.2,0,6.00,0.00,2.80,6-3.2,2,1907731148682502144,极兔快递,JT0015927047221,鞋,四川省,
玉佛苑_站点-玉佛苑,玉佛苑,玉佛苑,快递,2025-04-03 17:02:19,2025-04-03 09:04:07,1,,,6.00,,0.00,,2,1907720276706795520,极兔快递,JT0015934666901,服饰,广东省,已全额退款
玉佛苑_站点-玉佛苑,玉佛苑,玉佛苑,快递,2025-04-03 17:03:27,,1,0.59,0,6.00,0.00,2.80,6-3.2,2,1907720570232578048,极兔快递,JT0015936309338,服饰,湖北省,
玉佛苑_站点-玉佛苑,玉佛苑,玉佛苑,快递,2025-04-03 17:01:47,,1,0.52,0,6.00,0.00,2.80,6-3.2,2,1907720141788618752,极兔快递,JT0015937291586,服饰,广东省,
玉佛苑_站点-玉佛苑,玉佛苑,玉佛苑,快递,2025-04-03 17:01:14,,1,0.47,0,6.00,0.00,2.80,6-3.2,2,1907720002692915200,极兔快递,JT0015936375923,服饰,广东省,
玉佛苑_站点-玉佛苑,玉佛苑,玉佛苑,快递,2025-04-03 17:00:37,,1,0.35,0,6.00,0.00,2.80,6-3.2,2,1907719849227526144,极兔快递,JT0015932300815,服饰,广东省,
玉佛苑_站点-玉佛苑,玉佛苑,玉佛苑,快递,2025-04-03 16:59:51,,1,0.2,0,6.00,0.00,2.80,6-3.2,2,1907719655681368064,极兔快递,JT0015935131114,服饰,浙江省,
玉佛苑_站点-玉佛苑,玉佛苑,玉佛苑,快递,2025-04-03 16:59:10,,1,0.57,0,6.00,0.00,2.80,6-3.2,2,1907719490400624640,极兔快递,JT0015935714229,服饰,广东省,
玉佛苑_站点-玉佛苑,玉佛苑,玉佛苑,快递,2025-04-03 16:57:32,,1,0.48,0,6.00,0.00,2.80,6-3.2,2,1907719067325374464,极兔快递,JT0015936640099,服饰,广东省,
玉佛苑_站点-玉佛苑,玉佛苑,玉佛苑,快递,2025-04-03 16:56:48,,1,0.32,0,6.00,0.00,2.80,6-3.2,2,1907718872478982144,极兔快递,JT0015934543342,服饰,广东省,
玉佛苑_站点-玉佛苑,玉佛苑,玉佛苑,快递,2025-04-03 16:56:02,,1,0.2,0,6.00,0.00,2.80,6-3.2,2,1907718702383177728,极兔快递,JT0015933344010,服饰,广东省,
玉佛苑_站点-玉佛苑,玉佛苑,玉佛苑,快递,2025-04-03 16:54:55,,1,0.74,0,6.00,0.00,2.80,6-3.2,2,1907718410895826944,极兔快递,JT0015936488403,服饰,广东省,
玉佛苑_站点-玉佛苑,玉佛苑,玉佛苑,快递,2025-04-03 16:54:06,,1,0.53,0,6.00,0.00,2.80,6-3.2,2,1907718207014903808,极兔快递,JT0015934626585,服饰,河南省,
玉佛苑_站点-玉佛苑,玉佛苑,玉佛苑,快递,2025-04-03 16:53:23,,1,0.34,0,6.00,0.00,2.80,6-3.2,2,1907718028081700864,极兔快递,JT0015936445252,服饰,广东省,
玉佛苑_站点-玉佛苑,玉佛苑,玉佛苑,快递,2025-04-03 16:52:50,,1,0.3,0,6.00,0.00,2.80,6-3.2,2,1907717889896161280,极兔快递,JT0015929339486,服饰,浙江省,
玉佛苑_站点-玉佛苑,玉佛苑,玉佛苑,快递,2025-04-03 16:52:13,,1,0.21,0,6.00,0.00,2.80,6-3.2,2,1907717742613176320,极兔快递,JT0015931554147,生活用品,安徽省,
玉佛苑_站点-玉佛苑,玉佛苑,玉佛苑,快递,2025-04-03 16:49:09,,0.4,0.2,0,6.00,0.00,2.80,6-3.2,2,1907716961247895552,极兔快递,JT0015936901680,帽子,浙江省,
玉佛苑_站点-玉佛苑,玉佛苑,玉佛苑,快递,2025-04-03 16:48:17,,1,0.37,0,6.00,0.00,2.80,6-3.2,2,1907716743739678720,极兔快递,JT0015936365450,生活用品,广东省,
玉佛苑_站点-玉佛苑,玉佛苑,玉佛苑,快递,2025-04-03 16:47:26,,1,0.2,0,6.00,0.00,2.80,6-3.2,2,1907716530362851328,极兔快递,JT0015936517551,生活用品,浙江省,
玉佛苑_站点-玉佛苑,玉佛苑,玉佛苑,快递,2025-04-03 16:46:45,,1,0.53,0,6.00,0.00,2.80,6-3.2,2,1907716352411115520,极兔快递,JT0015932261244,服饰,广东省,
玉佛苑_站点-玉佛苑,玉佛苑,玉佛苑,快递,2025-04-03 16:46:11,,1,0.52,0,6.00,0.00,2.80,6-3.2,2,1907716210228404224,极兔快递,JT0015935279692,服饰,广东省,
玉佛苑_站点-玉佛苑,玉佛苑,玉佛苑,快递,2025-04-03 15:39:41,,1,0.58,0,6.00,0.00,2.80,6-3.2,2,1907699485806108672,极兔快递,JT0015934154674,服饰,湖北省,
玉佛苑_站点-玉佛苑,玉佛苑,玉佛苑,快递,2025-04-03 15:18:27,,1,0.46,0,6.00,0.00,2.80,6-3.2,2,1907694145295294464,极兔快递,JT0015934684183,生活用品,广东省,
玉佛苑_站点-玉佛苑,玉佛苑,玉佛苑,快递,2025-04-03 15:11:37,,1.4,1.4,0,8.00,0.00,4.08,51% ,2,1907692419574079488,极兔快递,JT0015934308239,服饰,广东省,
玉佛苑_站点-玉佛苑,玉佛苑,玉佛苑,快递,2025-04-03 15:10:40,,1,0.4,0,6.00,0.00,2.80,6-3.2,2,1907692178632286208,极兔快递,JT0015928384847,服饰,浙江省,
玉佛苑_站点-玉佛苑,玉佛苑,玉佛苑,快递,2025-04-03 14:31:37,,1,1.01,-1,6.00,0.00,2.80,6-3.2,2,1907682355886891008,极兔快递,JT0015928927636,生活用品,浙江省,
玉佛苑_站点-玉佛苑,玉佛苑,玉佛苑,快递,2025-04-03 14:30:30,,1,0.47,0,6.00,0.00,2.80,6-3.2,2,1907682074864328704,极兔快递,JT0015933188284,服饰,广东省,
玉佛苑_站点-玉佛苑,玉佛苑,玉佛苑,快递,2025-04-03 14:27:20,,0.5,0.2,0,6.00,0.00,2.80,6-3.2,2,1907681279854977024,极兔快递,JT0015929592159,其他,广东省,
玉佛苑_站点-玉佛苑,玉佛苑,玉佛苑,快递,2025-04-03 14:26:13,,0.5,0.2,0,6.00,0.00,2.80,6-3.2,2,1907680995699269632,极兔快递,JT0015933332661,生活用品,浙江省,
玉佛苑_站点-玉佛苑,玉佛苑,玉佛苑,快递,2025-04-03 14:24:45,,1,0.89,0,6.00,0.00,2.80,6-3.2,2,1907680626516631552,极兔快递,JT0015934078384,生活用品,浙江省,
玉佛苑_站点-玉佛苑,玉佛苑,玉佛苑,快递,2025-04-03 13:55:21,,2.5,2.78,0,10.00,0.00,5.50,55% ,2,1907673210647420928,极兔快递,JT0015918155373,服饰,河北省,
玉佛苑_站点-玉佛苑,玉佛苑,玉佛苑,快递,2025-04-03 12:51:54,,0.5,0.2,0,6.00,0.00,2.80,6-3.2,2,1907657251069042688,极兔快递,JT0015931521347,生活用品,广东省,
玉佛苑_站点-玉佛苑,玉佛苑,玉佛苑,快递,2025-04-03 12:34:02,,0.5,0.44,0,6.00,0.00,2.80,6-3.2,2,1907652762043883520,极兔快递,JT0015928962507,服饰,安徽省,
玉佛苑_站点-玉佛苑,玉佛苑,玉佛苑,快递,2025-04-03 11:43:06,,1,0.34,0,6.00,0.00,2.80,6-3.2,2,1907639943361667072,极兔快递,JT0015921369973,服饰,安徽省,
玉佛苑_站点-玉佛苑,玉佛苑,玉佛苑,快递,2025-04-03 11:42:31,,0.6,0.2,0,6.00,0.00,2.80,6-3.2,2,1907639792622575616,极兔快递,JT0015927461647,服饰,浙江省,
玉佛苑_站点-玉佛苑,玉佛苑,玉佛苑,快递,2025-04-03 11:41:37,,0.6,0.21,0,6.00,0.00,2.80,6-3.2,2,1907639574300663808,极兔快递,JT0015930364489,服饰,浙江省,
玉佛苑_站点-玉佛苑,玉佛苑,玉佛苑,快递,2025-04-03 11:16:39,,1,0.49,0,6.00,0.00,2.80,6-3.2,2,1907633291052916736,极兔快递,JT0015928936416,服饰,山东省,
玉佛苑_站点-玉佛苑,玉佛苑,玉佛苑,快递,2025-04-03 10:38:23,2025-04-03 02:44:06,0.4,,,6.00,,0.00,,2,1907623659362263040,极兔快递,JT0015927386240,文件,湖南省,已全额退款
玉佛苑_站点-玉佛苑,玉佛苑,玉佛苑,快递,2025-04-03 10:39:35,,0.4,,,6.00,,2.52,42% ,2,1907623958009290752,申通快递,772039551779265,文件,湖南省,
玉佛苑_站点-玉佛苑,玉佛苑,玉佛苑,快递,2025-04-03 09:59:34,,1,0.54,0,6.00,0.00,2.80,6-3.2,2,1907613894527623168,极兔快递,JT0015921250927,服饰,福建省,
玉佛苑_站点-玉佛苑,玉佛苑,玉佛苑,快递,2025-04-03 09:20:45,,1,0.59,0,6.00,0.00,2.80,6-3.2,2,1907604124454297600,极兔快递,JT0015928176996,服饰,浙江省,
玉佛苑_站点-玉佛苑,玉佛苑,玉佛苑,干洗,2025-04-03 09:18:23,,,,,39.60,,11.88,30%,,1907603526132637696,干洗,,"西装外套   *   1
西装外套   *   1",,
玉佛苑_站点-玉佛苑,玉佛苑,玉佛苑,快递,2025-04-03 09:14:28,,1,0.31,0,6.00,0.00,2.80,6-3.2,2,1907602541184229376,极兔快递,JT0015927380218,服饰,浙江省,
玉佛苑_站点-玉佛苑,玉佛苑,玉佛苑,快递,2025-04-03 09:12:55,,1,0.28,0,6.00,0.00,2.80,6-3.2,2,1907602153727008768,极兔快递,JT0015927999842,服饰,浙江省,
玉佛苑_站点-玉佛苑,玉佛苑,玉佛苑,快递,2025-04-03 09:02:23,,1,0.84,0,6.00,0.00,2.80,6-3.2,2,1907599495897227264,极兔快递,JT0015922397973,服饰,江苏省,
玉佛苑_站点-玉佛苑,玉佛苑,玉佛苑,快递,2025-04-03 08:48:20,,0.4,0.2,0,6.00,0.00,2.80,6-3.2,2,1907595964108709888,极兔快递,JT0015927880224,饰品,山东省,
玉佛苑_站点-玉佛苑,玉佛苑,玉佛苑,快递,2025-04-03 08:26:28,,1,0.44,0,6.00,0.00,2.80,6-3.2,2,1907590455276281856,极兔快递,JT0015921977208,服饰,江苏省,
玉佛苑_站点-玉佛苑,玉佛苑,玉佛苑,快递,2025-04-03 08:25:33,,1,0.4,0,6.00,0.00,2.80,6-3.2,2,1907590231019429888,极兔快递,JT0015926183940,服饰,江苏省,
玉佛苑_站点-玉佛苑,玉佛苑,玉佛苑,快递,2025-04-03 08:23:58,,1,0.95,0,6.00,0.00,2.80,6-3.2,2,1907589832443109376,极兔快递,JT0015926591761,服饰,河南省,
玉佛苑_站点-玉佛苑,玉佛苑,玉佛苑,快递,2025-04-03 08:21:39,,2,1.24,0,8.00,0.00,4.08,51% ,2,1907589249871060992,极兔快递,JT0015927293756,包,广东省,
玉佛苑_站点-玉佛苑,玉佛苑,玉佛苑,快递,2025-04-03 08:18:08,,1,0.24,0,6.00,0.00,2.80,6-3.2,2,1907588366689050624,极兔快递,JT0015927459104,服饰,广东省,
玉佛苑_站点-玉佛苑,玉佛苑,玉佛苑,快递,2025-04-03 08:13:14,,1,0.56,0,6.00,0.00,2.80,6-3.2,2,1907587133941161984,极兔快递,JT0015927781529,服饰,安徽省,
玉佛苑_站点-玉佛苑,玉佛苑,玉佛苑,快递,2025-04-03 08:10:29,,1,0.88,0,6.00,0.00,2.80,6-3.2,2,1907586439674798080,极兔快递,JT0015925989163,服饰,福建省,
玉佛苑_站点-玉佛苑,玉佛苑,玉佛苑,快递,2025-04-03 08:08:40,,1,0.29,0,6.00,0.00,2.80,6-3.2,2,1907585985159045120,极兔快递,JT0015928011785,帽子,福建省,
玉佛苑_站点-玉佛苑,玉佛苑,玉佛苑,快递,2025-04-03 08:05:15,,0.5,0.2,0,6.00,0.00,2.80,6-3.2,2,1907585125481914368,极兔快递,JT0015925531226,手机壳,广东省,
玉佛苑_站点-玉佛苑,玉佛苑,玉佛苑,快递,2025-04-03 08:03:31,,1.5,1.43,0,8.00,0.00,4.08,51% ,2,1907584688695484416,极兔快递,JT0015922458144,生活用品,安徽省,
玉佛苑_站点-玉佛苑,玉佛苑,玉佛苑,快递,2025-04-03 07:59:22,,1,0.41,0,6.00,0.00,2.80,6-3.2,2,1907583642795450368,极兔快递,JT0015925943293,服饰,江苏省,
玉佛苑_站点-玉佛苑,玉佛苑,玉佛苑,快递,2025-04-03 07:54:55,,2,1.24,0,8.00,0.00,4.08,51% ,2,1907582525453836288,极兔快递,JT0015924262465,鞋,广东省,
玉佛苑_站点-玉佛苑,玉佛苑,玉佛苑,快递,2025-04-03 07:51:55,,1,0.61,0,6.00,0.00,2.80,6-3.2,2,1907581769493454848,极兔快递,JT0015926380841,服饰,广东省,
玉佛苑_站点-玉佛苑,玉佛苑,玉佛苑,快递,2025-04-03 07:50:06,,1,0.46,0,6.00,0.00,2.80,6-3.2,2,1907581314306613248,极兔快递,JT0015925374829,服饰,浙江省,
玉佛苑_站点-玉佛苑,玉佛苑,玉佛苑,快递,2025-04-03 07:47:22,,1.2,1.07,0,8.00,0.00,4.08,51% ,2,1907580624901447680,极兔快递,JT0015914995057,服饰,浙江省,
玉佛苑_站点-玉佛苑,玉佛苑,玉佛苑,快递,2025-04-03 07:42:56,,1,0.21,0,6.00,0.00,2.80,6-3.2,2,1907579511338901504,极兔快递,JT0015920980539,服饰,广东省,
玉佛苑_站点-玉佛苑,玉佛苑,玉佛苑,快递,2025-04-03 07:40:21,,0.5,0.2,0,6.00,0.00,2.80,6-3.2,2,1907578857178472448,极兔快递,JT0015925373970,服饰,广东省,
玉佛苑_站点-玉佛苑,玉佛苑,玉佛苑,快递,2025-04-03 07:37:15,,1,0.93,0,6.00,0.00,2.80,6-3.2,2,1907578078346551296,极兔快递,JT0015925905703,鞋,广东省,
玉佛苑_站点-玉佛苑,玉佛苑,玉佛苑,快递,2025-04-03 07:35:49,,1,0.81,0,6.00,0.00,2.80,6-3.2,2,1907577719465123840,极兔快递,JT0015923363163,鞋,湖北省,
玉佛苑_站点-玉佛苑,玉佛苑,玉佛苑,快递,2025-04-03 07:32:42,,1,0.39,0,6.00,0.00,2.80,6-3.2,2,1907576920957722624,极兔快递,JT0015922535249,服饰,广东省,
玉佛苑_站点-玉佛苑,玉佛苑,玉佛苑,快递,2025-04-02 09:54:41,,1,1.07,-1,6.00,0.00,2.80,6-3.2,2,1907250274203541504,极兔快递,JT0015912713397,其他,湖北省,
玉佛苑_站点-玉佛苑,玉佛苑,玉佛苑,快递,2025-04-02 07:04:30,,0.5,0.2,0,6.00,0.00,2.80,6-3.2,2,1907207448216412160,极兔快递,JT0015912110480,其他,广东省,
玉佛苑_站点-玉佛苑,玉佛苑,玉佛苑,快递,2025-04-02 06:55:02,,0.5,0.2,0,6.00,0.00,2.80,6-3.2,2,1907205015905968128,极兔快递,JT0015912316626,服饰,四川省,
玉佛苑_站点-玉佛苑,玉佛苑,玉佛苑,快递,2025-04-02 06:53:52,,1,0.55,0,6.00,0.00,2.80,6-3.2,2,1907204767997435904,极兔快递,JT0015912766761,服饰,广东省,
玉佛苑_站点-玉佛苑,玉佛苑,玉佛苑,快递,2025-04-01 22:33:54,,0.4,0.2,0,6.00,0.00,2.80,6-3.2,2,1907078943428255744,极兔快递,JT0015911661489,生活用品,浙江省,
玉佛苑_站点-玉佛苑,玉佛苑,玉佛苑,快递,2025-04-01 22:33:05,,0.4,0.2,0,6.00,0.00,2.80,6-3.2,2,1907078743569670144,极兔快递,JT0015909190011,生活用品,河北省,
玉佛苑_站点-玉佛苑,玉佛苑,玉佛苑,快递,2025-04-01 22:30:56,,1,0.48,0,6.00,0.00,2.80,6-3.2,2,1907078189200121856,极兔快递,JT0015910142997,其他,甘肃省,
玉佛苑_站点-玉佛苑,玉佛苑,玉佛苑,快递,2025-04-01 21:13:06,,1,0.85,0,6.00,0.00,2.80,6-3.2,2,1907058620452511744,极兔快递,JT0015909628200,鞋,四川省,
玉佛苑_站点-玉佛苑,玉佛苑,玉佛苑,快递,2025-04-01 21:11:57,,1,0.67,0,6.00,0.00,2.80,6-3.2,2,1907058332324798464,极兔快递,JT0015910654924,服饰,广东省,
玉佛苑_站点-玉佛苑,玉佛苑,玉佛苑,快递,2025-04-01 21:08:47,,1,0.73,0,6.00,0.00,2.80,6-3.2,2,1907057522815737856,极兔快递,JT0015911081737,眼镜,陕西省,
玉佛苑_站点-玉佛苑,玉佛苑,玉佛苑,快递,2025-04-01 21:07:44,,1,0.2,0,6.00,0.00,2.80,6-3.2,2,1907057268422811648,极兔快递,JT0015902354366,眼镜,江苏省,
玉佛苑_站点-玉佛苑,玉佛苑,玉佛苑,快递,2025-04-01 20:53:38,2025-04-01 13:01:24,1,,,6.00,,0.00,,2,1907053703084056576,极兔快递,JT0015909593708,台灯,广东省,已全额退款
玉佛苑_站点-玉佛苑,玉佛苑,玉佛苑,快递,2025-04-01 20:57:00,,0.4,0.2,0,6.00,0.00,2.80,6-3.2,2,1907054560500457472,极兔快递,JT0015909723009,生活用品,广东省,
玉佛苑_站点-玉佛苑,玉佛苑,玉佛苑,快递,2025-04-01 20:55:55,,1,0.38,0,6.00,0.00,2.80,6-3.2,2,1907054293734334464,极兔快递,JT0015911855254,台灯,广东省,
玉佛苑_站点-玉佛苑,玉佛苑,玉佛苑,快递,2025-04-01 20:35:25,,0.4,0.2,0,6.00,0.00,2.80,6-3.2,2,1907049132983001088,极兔快递,JT0015905443387,其他,陕西省,
玉佛苑_站点-玉佛苑,玉佛苑,玉佛苑,快递,2025-04-01 20:26:44,,0.5,0.2,0,6.00,0.00,2.80,6-3.2,2,1907046951089283072,极兔快递,JT0015911273798,服饰,广东省,
玉佛苑_站点-玉佛苑,玉佛苑,玉佛苑,快递,2025-04-01 20:09:28,,2,1.23,0,8.00,0.00,4.08,51% ,2,1907042600891392000,极兔快递,JT0015910990496,服饰,浙江省,
玉佛苑_站点-玉佛苑,玉佛苑,玉佛苑,快递,2025-04-01 20:04:26,,1,0.6,0,6.00,0.00,2.80,6-3.2,2,1907041337046933504,极兔快递,JT0015910439063,服饰,山东省,
玉佛苑_站点-玉佛苑,玉佛苑,玉佛苑,快递,2025-04-01 20:03:21,,1,0.2,0,6.00,0.00,2.80,6-3.2,2,1907041063762862080,极兔快递,JT0015911998909,服饰,浙江省,
玉佛苑_站点-玉佛苑,玉佛苑,玉佛苑,快递,2025-04-01 19:30:03,,1,0.38,0,6.00,0.00,2.80,6-3.2,2,1907032685493821440,极兔快递,JT0015909333998,服饰,江苏省,
玉佛苑_站点-玉佛苑,玉佛苑,玉佛苑,快递,2025-04-01 19:08:56,,1,0.42,0,6.00,0.00,2.80,6-3.2,2,1907027368693407744,极兔快递,JT0015906647086,服饰,浙江省,
玉佛苑_站点-玉佛苑,玉佛苑,玉佛苑,快递,2025-04-01 18:54:55,,1,0.84,0,6.00,0.00,2.80,6-3.2,2,1907023838993653760,极兔快递,JT0015908052666,鞋,浙江省,
玉佛苑_站点-玉佛苑,玉佛苑,玉佛苑,快递,2025-04-01 18:50:55,,1,0.43,0,6.00,0.00,2.80,6-3.2,2,1907022772377952256,极兔快递,JT0015909908322,服饰,广东省,
玉佛苑_站点-玉佛苑,玉佛苑,玉佛苑,快递,2025-04-01 18:48:52,,1,0.2,0,6.00,0.00,2.80,6-3.2,2,1907022316251586560,极兔快递,JT0015909170297,内衣,广东省,
玉佛苑_站点-玉佛苑,玉佛苑,玉佛苑,快递,2025-04-01 18:45:19,,1,0.2,0,6.00,0.00,2.80,6-3.2,2,1907021422265049088,极兔快递,JT0015911022402,内衣,广东省,
玉佛苑_站点-玉佛苑,玉佛苑,玉佛苑,快递,2025-04-01 18:29:23,,1,0.5,0,6.00,0.00,2.80,6-3.2,2,1907017407804416000,极兔快递,JT0015910140049,服饰,山东省,
玉佛苑_站点-玉佛苑,玉佛苑,玉佛苑,快递,2025-04-01 18:28:10,,1,0.25,0,6.00,0.00,2.80,6-3.2,2,1907017110445039616,极兔快递,JT0015900336262,服饰,广东省,
玉佛苑_站点-玉佛苑,玉佛苑,玉佛苑,快递,2025-04-01 18:27:01,,1,0.63,0,6.00,0.00,2.80,6-3.2,2,1907016821285527552,极兔快递,JT0015905305493,服饰,山东省,
玉佛苑_站点-玉佛苑,玉佛苑,玉佛苑,快递,2025-04-01 18:05:44,,1,0.27,0,6.00,0.00,2.80,6-3.2,2,1907011465566167040,极兔快递,JT0015907606150,服饰,浙江省,
玉佛苑_站点-玉佛苑,玉佛苑,玉佛苑,快递,2025-04-01 17:57:59,,4,1.31,2,12.00,0.00,6.00,50% ,2,1907009506679398400,极兔快递,JT0015907968012,抽纸,河北省,
玉佛苑_站点-玉佛苑,玉佛苑,玉佛苑,快递,2025-04-01 17:13:06,,1,0.7,0,6.00,0.00,2.80,6-3.2,2,1906998217932480512,极兔快递,JT0015909083129,服饰,广东省,
玉佛苑_站点-玉佛苑,玉佛苑,玉佛苑,快递,2025-04-01 17:10:06,,1,0.2,0,6.00,0.00,2.80,6-3.2,2,1906997460705419264,极兔快递,JT0015904285020,书,山东省,
玉佛苑_站点-玉佛苑,玉佛苑,玉佛苑,快递,2025-04-01 16:41:36,,1,0.94,0,6.00,0.00,2.80,6-3.2,2,1906990292094623744,极兔快递,JT0015902934646,服饰,广东省,
玉佛苑_站点-玉佛苑,玉佛苑,玉佛苑,干洗,2025-04-01 16:25:22,,,,,18.00,,5.40,30%,,1906986204695044096,干洗,,"休闲裤_牛仔裤_运动裤   *   1",,
玉佛苑_站点-玉佛苑,玉佛苑,玉佛苑,干洗,2025-04-01 16:16:47,,,,,24.90,,7.47,30%,,1906984046637555712,干洗,,"清洗鞋19.8元两双   *   1
衬衣长袖   *   1",,
玉佛苑_站点-玉佛苑,玉佛苑,玉佛苑,快递,2025-04-01 15:46:24,,1,0.24,0,6.00,0.00,2.80,6-3.2,2,1906976403671949312,极兔快递,JT0015901980740,化妆品,湖北省,
玉佛苑_站点-玉佛苑,玉佛苑,玉佛苑,快递,2025-04-01 15:24:27,,0.5,0.24,0,6.00,0.00,2.80,6-3.2,2,1906970875856101376,极兔快递,JT0015899425876,内衣,广东省,
玉佛苑_站点-玉佛苑,玉佛苑,玉佛苑,快递,2025-04-01 14:58:27,,1,0.2,0,6.00,0.00,2.80,6-3.2,2,1906964328845352960,极兔快递,JT0015902908633,服饰,广东省,
玉佛苑_站点-玉佛苑,玉佛苑,玉佛苑,快递,2025-04-01 14:45:25,,0.5,0.2,0,6.00,0.00,2.80,6-3.2,2,1906961044831150080,极兔快递,JT0015905713714,生活用品,浙江省,
玉佛苑_站点-玉佛苑,玉佛苑,玉佛苑,快递,2025-04-01 14:44:39,,0.5,0.2,0,6.00,0.00,2.80,6-3.2,2,1906960860650872832,极兔快递,JT0015904720463,假睫毛,山东省,
玉佛苑_站点-玉佛苑,玉佛苑,玉佛苑,快递,2025-04-01 14:33:29,,1,0.32,0,6.00,0.00,2.80,6-3.2,2,1906958049997430784,极兔快递,JT0015905776539,服饰,广东省,
玉佛苑_站点-玉佛苑,玉佛苑,玉佛苑,快递,2025-04-01 14:32:08,,1,0.23,0,6.00,0.00,2.80,6-3.2,2,1906957711693258752,极兔快递,JT0015905040578,服饰,江苏省,
玉佛苑_站点-玉佛苑,玉佛苑,玉佛苑,快递,2025-04-01 14:30:57,,1,0.98,0,6.00,0.00,2.80,6-3.2,2,1906957413780234240,极兔快递,JT0015905893894,服饰,山东省,
玉佛苑_站点-玉佛苑,玉佛苑,玉佛苑,快递,2025-04-01 14:28:59,,1,0.69,0,6.00,0.00,2.80,6-3.2,2,1906956911885623296,极兔快递,JT0015903230719,床品,江苏省,
玉佛苑_站点-玉佛苑,玉佛苑,玉佛苑,快递,2025-04-01 14:25:14,,1,0.7,0,6.00,0.00,2.80,6-3.2,2,1906955964761448448,极兔快递,JT0015903093942,鞋,浙江省,
玉佛苑_站点-玉佛苑,玉佛苑,玉佛苑,快递,2025-04-01 14:24:29,,1,0.38,0,6.00,0.00,2.80,6-3.2,2,1906955783005478912,极兔快递,JT0015905859072,服饰,浙江省,
玉佛苑_站点-玉佛苑,玉佛苑,玉佛苑,快递,2025-04-01 13:09:14,,1,0.51,0,6.00,0.00,2.80,6-3.2,2,1906936845727113216,极兔快递,JT0015902619031,鞋,福建省,
玉佛苑_站点-玉佛苑,玉佛苑,玉佛苑,快递,2025-04-01 12:27:34,,1,0.93,0,6.00,0.00,2.80,6-3.2,2,1906926364555681792,极兔快递,JT0015899722065,床品,江苏省,
玉佛苑_站点-玉佛苑,玉佛苑,玉佛苑,快递,2025-04-01 11:54:54,,1,0.57,0,6.00,0.00,2.80,6-3.2,2,1906918139693309952,极兔快递,JT0015902104485,服饰,江苏省,
玉佛苑_站点-玉佛苑,玉佛苑,玉佛苑,快递,2025-04-01 11:30:58,,1,0.2,0,6.00,0.00,2.80,6-3.2,2,1906912108674228224,极兔快递,JT0015896329439,服饰,浙江省,
玉佛苑_站点-玉佛苑,玉佛苑,玉佛苑,快递,2025-04-01 11:30:04,,1,0.73,0,6.00,0.00,2.80,6-3.2,2,1906911892537548800,极兔快递,JT0015903101311,服饰,广东省,
玉佛苑_站点-玉佛苑,玉佛苑,玉佛苑,快递,2025-04-01 11:14:34,,4.8,4.71,0,16.00,3.00,7.00,50%,2,1906907987506307072,极兔快递,JT0015900081182,山药,北京市,
玉佛苑_站点-玉佛苑,玉佛苑,玉佛苑,快递,2025-04-01 11:13:37,,4.5,4.48,0,16.00,3.00,7.00,50%,2,1906907750549102592,极兔快递,JT0015900165746,生活用品,北京市,
玉佛苑_站点-玉佛苑,玉佛苑,玉佛苑,快递,2025-04-01 11:12:54,,10.9,10.87,0,34.00,12.00,16.00,50%,2,1906907554264064000,极兔快递,JT0015901569993,米面,北京市,
玉佛苑_站点-玉佛苑,玉佛苑,玉佛苑,快递,2025-04-01 11:11:52,,17.6,17.71,0,55.00,22.50,26.50,50%,2,1906907314794471424,极兔快递,JT0015892964182,易碎品,北京市,
玉佛苑_站点-玉佛苑,玉佛苑,玉佛苑,快递,2025-04-01 11:10:24,,4,4.02,-1,13.00,3.00,5.50,50%,2,1906906945234345984,极兔快递,JT0015899772398,食品,北京市,
玉佛苑_站点-玉佛苑,玉佛苑,玉佛苑,快递,2025-04-01 10:45:19,,1,1.02,-1,6.00,0.00,2.80,6-3.2,2,1906900630021808128,极兔快递,JT0015887379317,洗发，,广东省,
玉佛苑_站点-玉佛苑,玉佛苑,玉佛苑,快递,2025-04-01 10:20:00,,1,0.31,0,6.00,0.00,2.80,6-3.2,2,1906894260253958144,极兔快递,JT0015899921092,服饰,江苏省,
玉佛苑_站点-玉佛苑,玉佛苑,玉佛苑,快递,2025-04-01 10:18:27,,1,0.35,0,6.00,0.00,2.80,6-3.2,2,1906893864722702336,极兔快递,JT0015898906062,服饰,辽宁省,
玉佛苑_站点-玉佛苑,玉佛苑,玉佛苑,快递,2025-04-01 09:25:12,,1,0.41,0,6.00,0.00,2.80,6-3.2,2,1906880456757551104,极兔快递,JT0015899208967,服饰,江苏省,
