姓名,付款人,用户(下单人),订单类型,日期,退款日期,打单重量,结算重量,重量差,金额,超重金额,团长利润,利润公式,价格方案,订单号,快递公司,物流单号,邮寄物品,发往,说明
能源小区智慧社区服务站_站点,合计金额:,5090.18,快递金额:, 5049.20,干洗金额:, 40.98,,,,,,,,,,,,,
能源小区智慧社区服务站_站点-能源小区智慧社区服务站,能源小区智慧社区服务站,能源小区智慧社区服务站,快递,2025-04-28 10:29:51,2025-05-02 02:15:26,1,,,6.00,,0.00,,2,1916681208266022912,极兔快递,JT0016307049707,生活用品,江西省,已全额退款
能源小区智慧社区服务站_站点-能源小区智慧社区服务站,能源小区智慧社区服务站,能源小区智慧社区服务站,快递,2025-04-30 20:31:13,,1,,,6.00,,2.80,6-3.2,2,1917557272949350400,极兔快递,JT0016360671113,服饰,浙江省,
能源小区智慧社区服务站_站点-能源小区智慧社区服务站,能源小区智慧社区服务站,能源小区智慧社区服务站,快递,2025-04-30 20:27:51,,1,,,6.00,,2.80,6-3.2,2,1917556478778859520,极兔快递,JT0016363235686,服饰,广东省,
能源小区智慧社区服务站_站点-能源小区智慧社区服务站,能源小区智慧社区服务站,能源小区智慧社区服务站,快递,2025-04-30 20:27:13,,1,,,6.00,,2.80,6-3.2,2,1917556324751433728,极兔快递,JT0016363459198,服饰,广东省,
能源小区智慧社区服务站_站点-能源小区智慧社区服务站,能源小区智慧社区服务站,能源小区智慧社区服务站,快递,2025-04-30 20:22:53,,1,,,6.00,,2.80,6-3.2,2,1917555215626461184,极兔快递,JT0016352299583,服饰,广东省,
能源小区智慧社区服务站_站点-能源小区智慧社区服务站,能源小区智慧社区服务站,能源小区智慧社区服务站,快递,2025-04-30 20:22:08,,1,,,6.00,,2.80,6-3.2,2,1917555038115127296,极兔快递,JT0016355570415,生活用品,浙江省,
能源小区智慧社区服务站_站点-能源小区智慧社区服务站,能源小区智慧社区服务站,能源小区智慧社区服务站,快递,2025-04-30 20:21:27,,1,,,6.00,,2.80,6-3.2,2,1917554869705433088,极兔快递,JT0016363595190,服饰,福建省,
能源小区智慧社区服务站_站点-能源小区智慧社区服务站,能源小区智慧社区服务站,能源小区智慧社区服务站,快递,2025-04-30 20:20:48,,1,,,6.00,,2.80,6-3.2,2,1917554701874552832,极兔快递,JT0016363810699,服饰,广东省,
能源小区智慧社区服务站_站点-能源小区智慧社区服务站,能源小区智慧社区服务站,能源小区智慧社区服务站,快递,2025-04-30 20:20:18,,1,,,6.00,,2.80,6-3.2,2,1917554583368687616,极兔快递,JT0016361773548,服饰,广东省,
能源小区智慧社区服务站_站点-能源小区智慧社区服务站,能源小区智慧社区服务站,能源小区智慧社区服务站,快递,2025-04-30 20:15:57,,1,,,6.00,,2.80,6-3.2,2,1917553482988838912,极兔快递,JT0016360511813,服饰,黑龙江省,
能源小区智慧社区服务站_站点-能源小区智慧社区服务站,能源小区智慧社区服务站,能源小区智慧社区服务站,快递,2025-04-30 20:15:14,,1,,,6.00,,2.80,6-3.2,2,1917553299613868032,极兔快递,JT0016357490291,生活用品,广东省,
能源小区智慧社区服务站_站点-能源小区智慧社区服务站,能源小区智慧社区服务站,能源小区智慧社区服务站,快递,2025-04-30 20:14:15,,1,,,6.00,,2.80,6-3.2,2,1917553058865012736,极兔快递,JT0016361339558,服饰,广东省,
能源小区智慧社区服务站_站点-能源小区智慧社区服务站,能源小区智慧社区服务站,能源小区智慧社区服务站,快递,2025-04-30 20:06:23,,1,,,6.00,,2.80,6-3.2,2,1917551078864117760,极兔快递,JT0016363646998,服饰,浙江省,
能源小区智慧社区服务站_站点-能源小区智慧社区服务站,能源小区智慧社区服务站,能源小区智慧社区服务站,快递,2025-04-30 19:20:37,,1,,,6.00,,2.80,6-3.2,2,1917539561540214784,极兔快递,JT0016360296120,服饰,四川省,
能源小区智慧社区服务站_站点-能源小区智慧社区服务站,能源小区智慧社区服务站,能源小区智慧社区服务站,快递,2025-04-30 18:47:25,,2,,,8.00,,4.08,51% ,2,1917531209066143744,极兔快递,JT0016362668115,生活用品,浙江省,
能源小区智慧社区服务站_站点-能源小区智慧社区服务站,能源小区智慧社区服务站,能源小区智慧社区服务站,快递,2025-04-30 18:46:01,,1,,,6.00,,2.80,6-3.2,2,1917530857050791936,极兔快递,JT0016361357718,生活用品,广东省,
能源小区智慧社区服务站_站点-能源小区智慧社区服务站,能源小区智慧社区服务站,能源小区智慧社区服务站,快递,2025-04-30 18:41:47,,1,,,6.00,,2.80,6-3.2,2,1917529792532242432,极兔快递,JT0016355606294,服饰,辽宁省,
能源小区智慧社区服务站_站点-能源小区智慧社区服务站,能源小区智慧社区服务站,能源小区智慧社区服务站,快递,2025-04-30 18:21:05,,1,,,6.00,,2.80,6-3.2,2,1917524580501348352,极兔快递,JT0016361666428,服饰,福建省,
能源小区智慧社区服务站_站点-能源小区智慧社区服务站,能源小区智慧社区服务站,能源小区智慧社区服务站,快递,2025-04-30 17:33:17,,1,,,6.00,,2.80,6-3.2,2,1917512553573703680,极兔快递,JT0016355593870,服饰,广东省,
能源小区智慧社区服务站_站点-能源小区智慧社区服务站,能源小区智慧社区服务站,能源小区智慧社区服务站,快递,2025-04-30 17:31:45,,1,,,6.00,,2.80,6-3.2,2,1917512163994165248,极兔快递,JT0016358409210,服饰,浙江省,
能源小区智慧社区服务站_站点-能源小区智慧社区服务站,能源小区智慧社区服务站,能源小区智慧社区服务站,快递,2025-04-30 17:30:29,,1,,,6.00,,2.80,6-3.2,2,1917511843608059904,极兔快递,JT0016358246997,服饰,江苏省,
能源小区智慧社区服务站_站点-能源小区智慧社区服务站,能源小区智慧社区服务站,能源小区智慧社区服务站,快递,2025-04-30 17:29:15,,1,,,6.00,,2.80,6-3.2,2,1917511537759412224,极兔快递,JT0016360953627,服饰,河北省,
能源小区智慧社区服务站_站点-能源小区智慧社区服务站,能源小区智慧社区服务站,能源小区智慧社区服务站,快递,2025-04-30 17:18:56,,1,,,6.00,,2.80,6-3.2,2,1917508932610088960,极兔快递,JT0016359343911,服饰,河南省,
能源小区智慧社区服务站_站点-能源小区智慧社区服务站,能源小区智慧社区服务站,能源小区智慧社区服务站,快递,2025-04-30 17:18:31,,1,,,6.00,,2.80,6-3.2,2,1917508833649680384,极兔快递,JT0016350988453,服饰,河南省,
能源小区智慧社区服务站_站点-能源小区智慧社区服务站,能源小区智慧社区服务站,能源小区智慧社区服务站,快递,2025-04-30 17:13:10,,1,,,6.00,,2.80,6-3.2,2,1917507482400120832,极兔快递,JT0016360909660,服饰,广东省,
能源小区智慧社区服务站_站点-能源小区智慧社区服务站,能源小区智慧社区服务站,能源小区智慧社区服务站,快递,2025-04-30 17:12:10,,1,,,6.00,,2.80,6-3.2,2,1917507238337765376,极兔快递,JT0016344476532,生活用品,广东省,
能源小区智慧社区服务站_站点-能源小区智慧社区服务站,能源小区智慧社区服务站,能源小区智慧社区服务站,快递,2025-04-30 17:10:51,,1,,,6.00,,2.80,6-3.2,2,1917506907365236736,极兔快递,JT0016353226378,生活用品,广东省,
能源小区智慧社区服务站_站点-能源小区智慧社区服务站,能源小区智慧社区服务站,能源小区智慧社区服务站,快递,2025-04-30 16:59:12,,1,,,6.00,,2.80,6-3.2,2,1917503973948710912,极兔快递,JT0016356884175,生活用品,浙江省,
能源小区智慧社区服务站_站点-能源小区智慧社区服务站,能源小区智慧社区服务站,能源小区智慧社区服务站,快递,2025-04-30 16:13:43,,1,,,6.00,,2.80,6-3.2,2,1917492527751815168,极兔快递,JT0016357418339,生活用品,安徽省,
能源小区智慧社区服务站_站点-能源小区智慧社区服务站,能源小区智慧社区服务站,能源小区智慧社区服务站,快递,2025-04-30 16:10:52,,1,,,6.00,,2.80,6-3.2,2,1917491813034024960,极兔快递,JT0016353190749,生活用品,陕西省,
能源小区智慧社区服务站_站点-能源小区智慧社区服务站,能源小区智慧社区服务站,能源小区智慧社区服务站,快递,2025-04-30 15:49:19,,1,,,6.00,,2.80,6-3.2,2,1917486385814364160,极兔快递,JT0016354257903,服饰,福建省,
能源小区智慧社区服务站_站点-能源小区智慧社区服务站,能源小区智慧社区服务站,能源小区智慧社区服务站,快递,2025-04-30 15:46:36,,1,,,6.00,,2.80,6-3.2,2,1917485701492695040,极兔快递,JT0016356092898,生活用品,浙江省,
能源小区智慧社区服务站_站点-能源小区智慧社区服务站,能源小区智慧社区服务站,能源小区智慧社区服务站,快递,2025-04-30 15:43:44,,1,,,6.00,,2.80,6-3.2,2,1917484971834793984,极兔快递,JT0016354669342,服饰,广东省,
能源小区智慧社区服务站_站点-能源小区智慧社区服务站,能源小区智慧社区服务站,能源小区智慧社区服务站,快递,2025-04-30 15:31:39,,1,,,6.00,,2.80,6-3.2,2,1917481936890945536,极兔快递,JT0016357159880,服饰,广东省,
能源小区智慧社区服务站_站点-能源小区智慧社区服务站,能源小区智慧社区服务站,能源小区智慧社区服务站,快递,2025-04-30 14:37:30,,1,,,6.00,,2.80,6-3.2,2,1917468314500390912,极兔快递,JT0016354801970,服饰,江苏省,
能源小区智慧社区服务站_站点-能源小区智慧社区服务站,能源小区智慧社区服务站,能源小区智慧社区服务站,快递,2025-04-30 14:33:21,,1,,,6.00,,2.80,6-3.2,2,1917467269883813888,极兔快递,JT0016354960237,服饰,浙江省,
能源小区智慧社区服务站_站点-能源小区智慧社区服务站,能源小区智慧社区服务站,能源小区智慧社区服务站,快递,2025-04-30 13:38:38,,1,,,6.00,,2.80,6-3.2,2,1917453495999193088,极兔快递,JT0016352939457,服饰,广东省,
能源小区智慧社区服务站_站点-能源小区智慧社区服务站,能源小区智慧社区服务站,能源小区智慧社区服务站,快递,2025-04-30 13:37:41,,1,,,6.00,,2.80,6-3.2,2,1917453245771210752,极兔快递,JT0016352271301,服饰,广东省,
能源小区智慧社区服务站_站点-能源小区智慧社区服务站,能源小区智慧社区服务站,能源小区智慧社区服务站,快递,2025-04-30 13:36:33,,1,,,6.00,,2.80,6-3.2,2,1917452966149545984,极兔快递,JT0016353053376,服饰,广东省,
能源小区智慧社区服务站_站点-能源小区智慧社区服务站,能源小区智慧社区服务站,能源小区智慧社区服务站,快递,2025-04-30 13:35:37,,1,,,6.00,,2.80,6-3.2,2,1917452741150302208,极兔快递,JT0016354812870,服饰,广东省,
能源小区智慧社区服务站_站点-能源小区智慧社区服务站,能源小区智慧社区服务站,能源小区智慧社区服务站,快递,2025-04-30 11:51:40,,2,,,8.00,,4.08,51% ,2,1917426577841119232,极兔快递,JT0016352357541,生活用品,浙江省,
能源小区智慧社区服务站_站点-能源小区智慧社区服务站,能源小区智慧社区服务站,能源小区智慧社区服务站,快递,2025-04-30 11:23:39,,1,,,6.00,,2.80,6-3.2,2,1917419501240770560,极兔快递,JT0016351215378,服饰,浙江省,
能源小区智慧社区服务站_站点-能源小区智慧社区服务站,能源小区智慧社区服务站,能源小区智慧社区服务站,快递,2025-04-30 11:01:42,,1,,,6.00,,2.80,6-3.2,2,1917414009718235136,极兔快递,JT0016343886406,服饰,浙江省,
能源小区智慧社区服务站_站点-能源小区智慧社区服务站,能源小区智慧社区服务站,能源小区智慧社区服务站,快递,2025-04-30 11:00:36,,1,,,6.00,,2.80,6-3.2,2,1917413728821501952,极兔快递,JT0016351603253,服饰,广东省,
能源小区智慧社区服务站_站点-能源小区智慧社区服务站,能源小区智慧社区服务站,能源小区智慧社区服务站,快递,2025-04-30 10:59:23,,1,,,6.00,,2.80,6-3.2,2,1917413425489436672,极兔快递,JT0016350900381,服饰,湖南省,
能源小区智慧社区服务站_站点-能源小区智慧社区服务站,能源小区智慧社区服务站,能源小区智慧社区服务站,快递,2025-04-30 10:54:46,,1,,,6.00,,2.80,6-3.2,2,1917412258130747392,极兔快递,JT0016351907417,服饰,广东省,
能源小区智慧社区服务站_站点-能源小区智慧社区服务站,能源小区智慧社区服务站,能源小区智慧社区服务站,快递,2025-04-30 10:53:58,,1,,,6.00,,2.80,6-3.2,2,1917412055470366720,极兔快递,JT0016351201965,服饰,广东省,
能源小区智慧社区服务站_站点-能源小区智慧社区服务站,能源小区智慧社区服务站,能源小区智慧社区服务站,快递,2025-04-30 10:52:57,,1,,,6.00,,2.52,42% ,2,1917411777853579264,韵达快递,312730039597770,服饰,广东省,
能源小区智慧社区服务站_站点-能源小区智慧社区服务站,能源小区智慧社区服务站,能源小区智慧社区服务站,快递,2025-04-30 10:51:44,,1,,,6.00,,2.80,6-3.2,2,1917411422147239936,极兔快递,JT0016350927864,服饰,广东省,
能源小区智慧社区服务站_站点-能源小区智慧社区服务站,能源小区智慧社区服务站,能源小区智慧社区服务站,快递,2025-04-30 10:50:17,,1,,,6.00,,2.80,6-3.2,2,1917411133218414592,极兔快递,JT0016347949797,生活用品,甘肃省,
能源小区智慧社区服务站_站点-能源小区智慧社区服务站,能源小区智慧社区服务站,能源小区智慧社区服务站,快递,2025-04-29 20:52:48,,1,0.42,0,7.00,0.00,2.80,6-3.2,2,1917200374987284480,极兔快递,JT0016344462491,服饰,上海市,
能源小区智慧社区服务站_站点-能源小区智慧社区服务站,能源小区智慧社区服务站,能源小区智慧社区服务站,快递,2025-04-29 20:34:35,,1,0.2,0,6.00,0.00,2.80,6-3.2,2,1917195776528539648,极兔快递,JT0016342001634,服饰,广东省,
能源小区智慧社区服务站_站点-能源小区智慧社区服务站,能源小区智慧社区服务站,能源小区智慧社区服务站,快递,2025-04-29 20:33:59,,1,0.48,0,6.00,0.00,2.80,6-3.2,2,1917195631615336448,极兔快递,JT0016345595178,服饰,广东省,
能源小区智慧社区服务站_站点-能源小区智慧社区服务站,能源小区智慧社区服务站,能源小区智慧社区服务站,快递,2025-04-29 20:33:27,,1,0.36,0,6.00,0.00,2.80,6-3.2,2,1917195498232274944,极兔快递,JT0016345027307,服饰,河北省,
能源小区智慧社区服务站_站点-能源小区智慧社区服务站,能源小区智慧社区服务站,能源小区智慧社区服务站,快递,2025-04-29 20:32:50,,1,0.27,0,6.00,0.00,2.80,6-3.2,2,1917195329235378176,极兔快递,JT0016341698113,服饰,湖北省,
能源小区智慧社区服务站_站点-能源小区智慧社区服务站,能源小区智慧社区服务站,能源小区智慧社区服务站,快递,2025-04-29 20:24:55,,2,0.89,1,8.00,0.00,4.08,51% ,2,1917193352074027008,极兔快递,JT0016344171907,生活用品,福建省,
能源小区智慧社区服务站_站点-能源小区智慧社区服务站,能源小区智慧社区服务站,能源小区智慧社区服务站,快递,2025-04-29 20:24:09,2025-04-29 12:24:31,1,,,6.00,,0.00,,2,1917193150177009664,极兔快递,JT0016342944531,生活用品,福建省,已全额退款
能源小区智慧社区服务站_站点-能源小区智慧社区服务站,能源小区智慧社区服务站,能源小区智慧社区服务站,快递,2025-04-29 20:23:26,,1,0.26,0,6.00,0.00,2.80,6-3.2,2,1917192975794626560,极兔快递,JT0016338872060,服饰,黑龙江省,
能源小区智慧社区服务站_站点-能源小区智慧社区服务站,能源小区智慧社区服务站,能源小区智慧社区服务站,快递,2025-04-29 20:22:38,,1,0.28,0,6.00,0.00,2.80,6-3.2,2,1917192749826498560,极兔快递,JT0016344999197,服饰,江西省,
能源小区智慧社区服务站_站点-能源小区智慧社区服务站,能源小区智慧社区服务站,能源小区智慧社区服务站,快递,2025-04-29 20:21:51,,1,0.33,0,6.00,0.00,2.80,6-3.2,2,1917192576056483840,极兔快递,JT0016338710940,服饰,黑龙江省,
能源小区智慧社区服务站_站点-能源小区智慧社区服务站,能源小区智慧社区服务站,能源小区智慧社区服务站,快递,2025-04-29 20:21:12,,1,0.72,0,6.00,0.00,2.80,6-3.2,2,1917192412063391744,极兔快递,JT0016343856053,服饰,广东省,
能源小区智慧社区服务站_站点-能源小区智慧社区服务站,能源小区智慧社区服务站,能源小区智慧社区服务站,快递,2025-04-29 20:20:28,,1,0.23,0,6.00,0.00,2.80,6-3.2,2,1917192230621995008,极兔快递,JT0016341729531,服饰,福建省,
能源小区智慧社区服务站_站点-能源小区智慧社区服务站,能源小区智慧社区服务站,能源小区智慧社区服务站,快递,2025-04-29 20:19:32,,1,0.93,0,6.00,0.00,2.80,6-3.2,2,1917192000614752256,极兔快递,JT0016345000296,服饰,山东省,
能源小区智慧社区服务站_站点-能源小区智慧社区服务站,能源小区智慧社区服务站,能源小区智慧社区服务站,快递,2025-04-29 20:17:35,,2,1.2,0,8.00,0.00,4.08,51% ,2,1917191510107676672,极兔快递,JT0016331819628,服饰,陕西省,
能源小区智慧社区服务站_站点-能源小区智慧社区服务站,能源小区智慧社区服务站,能源小区智慧社区服务站,快递,2025-04-29 20:08:22,,1,0.4,0,6.00,0.00,2.80,6-3.2,2,1917189183879569408,极兔快递,JT0016340892812,服饰,广东省,
能源小区智慧社区服务站_站点-能源小区智慧社区服务站,能源小区智慧社区服务站,能源小区智慧社区服务站,快递,2025-04-29 19:43:36,,1,0.23,0,6.00,0.00,2.80,6-3.2,2,1917182961143046144,极兔快递,JT0016343274481,服饰,陕西省,
能源小区智慧社区服务站_站点-能源小区智慧社区服务站,能源小区智慧社区服务站,能源小区智慧社区服务站,快递,2025-04-29 19:21:54,,1,0.4,0,6.00,0.00,2.80,6-3.2,2,1917177491846127616,极兔快递,JT0016344864539,服饰,广东省,
能源小区智慧社区服务站_站点-能源小区智慧社区服务站,能源小区智慧社区服务站,能源小区智慧社区服务站,快递,2025-04-29 19:21:20,,1,0.68,0,6.00,0.00,2.80,6-3.2,2,1917177325122543616,极兔快递,JT0016343173016,服饰,广东省,
能源小区智慧社区服务站_站点-能源小区智慧社区服务站,能源小区智慧社区服务站,能源小区智慧社区服务站,快递,2025-04-29 19:19:53,,1,0.32,0,6.00,0.00,2.80,6-3.2,2,1917176982238191616,极兔快递,JT0016343762810,服饰,广东省,
能源小区智慧社区服务站_站点-能源小区智慧社区服务站,能源小区智慧社区服务站,能源小区智慧社区服务站,快递,2025-04-29 19:10:07,,1,0.54,0,7.00,0.00,2.80,6-3.2,2,1917174532307476480,极兔快递,JT0016343311432,服饰,上海市,
能源小区智慧社区服务站_站点-能源小区智慧社区服务站,能源小区智慧社区服务站,能源小区智慧社区服务站,快递,2025-04-29 19:08:12,,1,0.2,0,6.00,0.00,2.80,6-3.2,2,1917174051816398848,极兔快递,JT0016336181108,生活用品,浙江省,
能源小区智慧社区服务站_站点-能源小区智慧社区服务站,能源小区智慧社区服务站,能源小区智慧社区服务站,快递,2025-04-29 19:06:55,,1,0.47,0,6.00,0.00,2.80,6-3.2,2,1917173728527835136,极兔快递,JT0016341205699,服饰,广东省,
能源小区智慧社区服务站_站点-能源小区智慧社区服务站,能源小区智慧社区服务站,能源小区智慧社区服务站,快递,2025-04-29 19:05:38,,3,4.77,-2,10.00,3.00,5.50,55% ,2,1917173404379439104,极兔快递,JT0016343694823,生活用品,陕西省,
能源小区智慧社区服务站_站点-能源小区智慧社区服务站,能源小区智慧社区服务站,能源小区智慧社区服务站,快递,2025-04-29 19:03:39,,1,0.41,0,6.00,0.00,2.80,6-3.2,2,1917172903952834560,极兔快递,JT0016344543770,服饰,浙江省,
能源小区智慧社区服务站_站点-能源小区智慧社区服务站,能源小区智慧社区服务站,能源小区智慧社区服务站,快递,2025-04-29 18:43:28,,1,0.22,0,6.00,0.00,2.80,6-3.2,2,1917167757302751232,极兔快递,JT0016342602215,服饰,广东省,
能源小区智慧社区服务站_站点-能源小区智慧社区服务站,能源小区智慧社区服务站,能源小区智慧社区服务站,快递,2025-04-29 18:37:46,,1,0.79,0,6.00,0.00,2.80,6-3.2,2,1917166389703794688,极兔快递,JT0016338635165,生活用品,广东省,
能源小区智慧社区服务站_站点-能源小区智慧社区服务站,能源小区智慧社区服务站,能源小区智慧社区服务站,快递,2025-04-29 18:19:52,,1,0.29,0,6.00,0.00,2.80,6-3.2,2,1917161886162149376,极兔快递,JT0016341622006,服饰,山东省,
能源小区智慧社区服务站_站点-能源小区智慧社区服务站,能源小区智慧社区服务站,能源小区智慧社区服务站,快递,2025-04-29 17:39:57,,1,0.46,0,6.00,0.00,2.80,6-3.2,2,1917151843119325184,极兔快递,JT0016342646671,服饰,广东省,
能源小区智慧社区服务站_站点-能源小区智慧社区服务站,能源小区智慧社区服务站,能源小区智慧社区服务站,快递,2025-04-29 17:34:12,,21,19.34,1,63.00,19.00,31.50,50% ,2,1917150394402529280,韵达快递,312729367932729,生活用品,陕西省,
能源小区智慧社区服务站_站点-能源小区智慧社区服务站,能源小区智慧社区服务站,能源小区智慧社区服务站,快递,2025-04-29 17:17:14,,1,0.2,0,6.00,0.00,2.80,6-3.2,2,1917146126383636480,极兔快递,JT0016338493265,生活用品,山东省,
能源小区智慧社区服务站_站点-能源小区智慧社区服务站,能源小区智慧社区服务站,能源小区智慧社区服务站,快递,2025-04-29 17:13:54,,1,0.5,0,6.00,0.00,2.80,6-3.2,2,1917145253544779776,极兔快递,JT0016341795610,服饰,广东省,
能源小区智慧社区服务站_站点-能源小区智慧社区服务站,能源小区智慧社区服务站,能源小区智慧社区服务站,快递,2025-04-29 17:12:49,,1,0.27,0,6.00,0.00,2.80,6-3.2,2,1917145008702283776,极兔快递,JT0016341900414,服饰,广东省,
能源小区智慧社区服务站_站点-能源小区智慧社区服务站,能源小区智慧社区服务站,能源小区智慧社区服务站,快递,2025-04-29 17:11:45,,1,0.2,0,6.00,0.00,2.80,6-3.2,2,1917144739339886592,极兔快递,JT0016340617011,服饰,广东省,
能源小区智慧社区服务站_站点-能源小区智慧社区服务站,能源小区智慧社区服务站,能源小区智慧社区服务站,快递,2025-04-29 16:26:44,,1,1.03,-1,6.00,0.00,2.80,6-3.2,2,1917133414677143552,极兔快递,JT0016337880852,服饰,浙江省,
能源小区智慧社区服务站_站点-能源小区智慧社区服务站,能源小区智慧社区服务站,能源小区智慧社区服务站,快递,2025-04-29 16:09:56,,1,0.2,0,6.00,0.00,2.80,6-3.2,2,1917129188588707840,极兔快递,JT0016336726051,服饰,广东省,
能源小区智慧社区服务站_站点-能源小区智慧社区服务站,能源小区智慧社区服务站,能源小区智慧社区服务站,快递,2025-04-29 16:07:13,,2,0.75,1,8.00,0.00,4.08,51% ,2,1917128505881845760,极兔快递,JT0016337151222,生活用品,福建省,
能源小区智慧社区服务站_站点-能源小区智慧社区服务站,能源小区智慧社区服务站,能源小区智慧社区服务站,快递,2025-04-29 16:05:52,,1,0.55,0,6.00,0.00,2.80,6-3.2,2,1917128164788461568,极兔快递,JT0016340330252,服饰,广东省,
能源小区智慧社区服务站_站点-能源小区智慧社区服务站,能源小区智慧社区服务站,能源小区智慧社区服务站,快递,2025-04-29 15:44:28,,2,1.74,0,8.00,0.00,4.08,51% ,2,1917122779549589504,极兔快递,JT0016335551912,服饰,陕西省,
能源小区智慧社区服务站_站点-能源小区智慧社区服务站,能源小区智慧社区服务站,能源小区智慧社区服务站,快递,2025-04-29 15:43:14,2025-04-29 07:44:09,1,,,6.00,,0.00,,2,1917122469510832128,极兔快递,JT0016336092048,服饰,陕西省,已全额退款
能源小区智慧社区服务站_站点-能源小区智慧社区服务站,能源小区智慧社区服务站,能源小区智慧社区服务站,快递,2025-04-29 15:29:32,,1,0.72,0,6.00,0.00,2.80,6-3.2,2,1917119022514364416,极兔快递,JT0016330921060,服饰,河南省,
能源小区智慧社区服务站_站点-能源小区智慧社区服务站,能源小区智慧社区服务站,能源小区智慧社区服务站,快递,2025-04-29 15:26:45,,2,1.24,0,8.00,0.00,4.08,51% ,2,1917118309499461632,极兔快递,JT0016336151449,服饰,广东省,
能源小区智慧社区服务站_站点-能源小区智慧社区服务站,能源小区智慧社区服务站,能源小区智慧社区服务站,快递,2025-04-29 15:25:13,,1,0.2,0,6.00,0.00,2.80,6-3.2,2,1917117935963136000,极兔快递,JT0016339651738,服饰,广东省,
能源小区智慧社区服务站_站点-能源小区智慧社区服务站,能源小区智慧社区服务站,能源小区智慧社区服务站,快递,2025-04-29 15:24:07,,1,0.58,0,6.00,0.00,2.80,6-3.2,2,1917117658899996672,极兔快递,JT0016338930406,服饰,浙江省,
能源小区智慧社区服务站_站点-能源小区智慧社区服务站,能源小区智慧社区服务站,能源小区智慧社区服务站,快递,2025-04-29 15:22:39,,1,0.25,0,6.00,0.00,2.80,6-3.2,2,1917117289453117440,极兔快递,JT0016339035522,服饰,湖北省,
能源小区智慧社区服务站_站点-能源小区智慧社区服务站,能源小区智慧社区服务站,能源小区智慧社区服务站,快递,2025-04-29 14:15:01,,1,0.38,0,6.00,0.00,2.52,42% ,2,1917100266878722048,韵达快递,312729081116308,服饰,广东省,
能源小区智慧社区服务站_站点-能源小区智慧社区服务站,能源小区智慧社区服务站,能源小区智慧社区服务站,快递,2025-04-29 13:39:44,,2,1.01,0,8.00,0.00,4.08,51% ,2,1917091384726970368,极兔快递,JT0016335910587,生活用品,广东省,
能源小区智慧社区服务站_站点-能源小区智慧社区服务站,能源小区智慧社区服务站,能源小区智慧社区服务站,快递,2025-04-29 12:59:05,,1,0.33,0,6.00,0.00,2.80,6-3.2,2,1917081161249382400,极兔快递,JT0016330519693,服饰,广东省,
能源小区智慧社区服务站_站点-能源小区智慧社区服务站,能源小区智慧社区服务站,能源小区智慧社区服务站,快递,2025-04-29 12:06:12,,1,0.33,0,6.00,0.00,2.80,6-3.2,2,1917067839561064448,极兔快递,JT0016332552938,生活用品,江苏省,
能源小区智慧社区服务站_站点-能源小区智慧社区服务站,能源小区智慧社区服务站,能源小区智慧社区服务站,快递,2025-04-29 11:17:42,,1,0.56,0,6.00,0.00,2.80,6-3.2,2,1917055645591068672,极兔快递,JT0016333616995,服饰,辽宁省,
能源小区智慧社区服务站_站点-能源小区智慧社区服务站,能源小区智慧社区服务站,能源小区智慧社区服务站,快递,2025-04-29 09:59:35,,1,0.38,0,6.00,0.00,2.80,6-3.2,2,1917035986686894080,极兔快递,JT0016330253435,服饰,辽宁省,
能源小区智慧社区服务站_站点-能源小区智慧社区服务站,能源小区智慧社区服务站,能源小区智慧社区服务站,快递,2025-04-29 09:58:44,,9,8.13,0,27.00,9.00,13.50,50% ,2,1917035731039870976,极兔快递,JT0016329824018,服饰,广东省,
能源小区智慧社区服务站_站点-能源小区智慧社区服务站,能源小区智慧社区服务站,能源小区智慧社区服务站,快递,2025-04-29 09:50:48,,1,0.61,0,6.00,0.00,2.80,6-3.2,2,1917033776540344320,极兔快递,JT0016325327087,服饰,江苏省,
能源小区智慧社区服务站_站点-能源小区智慧社区服务站,能源小区智慧社区服务站,能源小区智慧社区服务站,快递,2025-04-28 19:56:50,,1,0.81,0,6.00,0.00,2.80,6-3.2,2,1916823896600666112,极兔快递,JT0016310739659,服饰,浙江省,
能源小区智慧社区服务站_站点-能源小区智慧社区服务站,能源小区智慧社区服务站,能源小区智慧社区服务站,快递,2025-04-28 19:55:54,,1,0.2,0,6.00,0.00,2.80,6-3.2,2,1916823669286166528,极兔快递,JT0016317592593,服饰,广东省,
能源小区智慧社区服务站_站点-能源小区智慧社区服务站,能源小区智慧社区服务站,能源小区智慧社区服务站,快递,2025-04-28 19:37:22,,1,0.83,0,6.00,0.00,2.80,6-3.2,2,1916818998031081472,极兔快递,JT0016325469949,生活用品,广东省,
能源小区智慧社区服务站_站点-能源小区智慧社区服务站,能源小区智慧社区服务站,能源小区智慧社区服务站,快递,2025-04-28 19:36:53,,1,0.2,0,6.00,0.00,2.80,6-3.2,2,1916818875788091392,极兔快递,JT0016323867753,生活用品,山东省,
能源小区智慧社区服务站_站点-能源小区智慧社区服务站,能源小区智慧社区服务站,能源小区智慧社区服务站,快递,2025-04-28 19:36:04,,1,0.24,0,6.00,0.00,2.80,6-3.2,2,1916818668035825664,极兔快递,JT0016323368368,生活用品,四川省,
能源小区智慧社区服务站_站点-能源小区智慧社区服务站,能源小区智慧社区服务站,能源小区智慧社区服务站,快递,2025-04-28 19:35:32,,1,0.45,0,6.00,0.00,2.80,6-3.2,2,1916818537769132032,极兔快递,JT0016321949669,生活用品,浙江省,
能源小区智慧社区服务站_站点-能源小区智慧社区服务站,能源小区智慧社区服务站,能源小区智慧社区服务站,快递,2025-04-28 19:35:04,,1,0.41,0,6.00,0.00,2.80,6-3.2,2,1916818417619099648,极兔快递,JT0016321054697,生活用品,浙江省,
能源小区智慧社区服务站_站点-能源小区智慧社区服务站,能源小区智慧社区服务站,能源小区智慧社区服务站,快递,2025-04-28 19:34:12,,1,0.2,0,6.00,0.00,2.80,6-3.2,2,1916818200769388544,极兔快递,JT0016325395820,服饰,湖北省,
能源小区智慧社区服务站_站点-能源小区智慧社区服务站,能源小区智慧社区服务站,能源小区智慧社区服务站,快递,2025-04-28 19:33:11,,1,0.49,0,6.00,0.00,2.80,6-3.2,2,1916817946607149056,极兔快递,JT0016324851769,生活用品,江西省,
能源小区智慧社区服务站_站点-能源小区智慧社区服务站,能源小区智慧社区服务站,能源小区智慧社区服务站,快递,2025-04-28 19:30:56,,1,0.2,0,6.00,0.00,2.80,6-3.2,2,1916817383446339584,极兔快递,JT0016326931149,服饰,河北省,
能源小区智慧社区服务站_站点-能源小区智慧社区服务站,能源小区智慧社区服务站,能源小区智慧社区服务站,快递,2025-04-28 19:28:27,,1,0.41,0,6.00,0.00,2.80,6-3.2,2,1916816758423740416,极兔快递,JT0016317481961,服饰,福建省,
能源小区智慧社区服务站_站点-能源小区智慧社区服务站,能源小区智慧社区服务站,能源小区智慧社区服务站,快递,2025-04-28 19:26:08,,1,0.27,0,6.00,0.00,2.80,6-3.2,2,1916815896519434240,极兔快递,JT0016325946056,服饰,湖北省,
能源小区智慧社区服务站_站点-能源小区智慧社区服务站,能源小区智慧社区服务站,能源小区智慧社区服务站,快递,2025-04-28 19:24:27,,1,0.22,0,6.00,0.00,2.80,6-3.2,2,1916815750280830976,极兔快递,JT0016320228621,生活用品,江苏省,
能源小区智慧社区服务站_站点-能源小区智慧社区服务站,能源小区智慧社区服务站,能源小区智慧社区服务站,快递,2025-04-28 19:08:23,,1,0.2,0,6.00,0.00,2.80,6-3.2,2,1916811709433831424,极兔快递,JT0016325362036,服饰,江苏省,
能源小区智慧社区服务站_站点-能源小区智慧社区服务站,能源小区智慧社区服务站,能源小区智慧社区服务站,干洗,2025-04-28 18:55:28,,,,,24.80,,7.44,30%,,1916808444545654784,干洗,,"棉服_毛呢_羽绒服   *   1",,
能源小区智慧社区服务站_站点-能源小区智慧社区服务站,能源小区智慧社区服务站,能源小区智慧社区服务站,快递,2025-04-28 18:41:05,,1,0.58,0,6.00,0.00,2.80,6-3.2,2,1916804833300242432,极兔快递,JT0016325749977,服饰,重庆市,
能源小区智慧社区服务站_站点-能源小区智慧社区服务站,能源小区智慧社区服务站,能源小区智慧社区服务站,快递,2025-04-28 18:40:25,,1,0.31,0,6.00,0.00,2.80,6-3.2,2,1916804665968484352,极兔快递,JT0016321559292,生活用品,浙江省,
能源小区智慧社区服务站_站点-能源小区智慧社区服务站,能源小区智慧社区服务站,能源小区智慧社区服务站,快递,2025-04-28 18:10:02,,1,0.45,0,6.00,0.00,2.80,6-3.2,2,1916797025200693248,极兔快递,JT0016323553932,服饰,河南省,
能源小区智慧社区服务站_站点-能源小区智慧社区服务站,能源小区智慧社区服务站,能源小区智慧社区服务站,快递,2025-04-28 18:05:27,,1,0.41,0,6.00,0.00,2.80,6-3.2,2,1916795864615804928,极兔快递,JT0016317818507,服饰,广东省,
能源小区智慧社区服务站_站点-能源小区智慧社区服务站,能源小区智慧社区服务站,能源小区智慧社区服务站,快递,2025-04-28 18:04:30,,1,0.71,0,6.00,0.00,2.80,6-3.2,2,1916795627889287168,极兔快递,JT0016323423357,服饰,广东省,
能源小区智慧社区服务站_站点-能源小区智慧社区服务站,能源小区智慧社区服务站,能源小区智慧社区服务站,快递,2025-04-28 18:03:54,,1,0.43,0,6.00,0.00,2.80,6-3.2,2,1916795475271147520,极兔快递,JT0016315093670,服饰,江西省,
能源小区智慧社区服务站_站点-能源小区智慧社区服务站,能源小区智慧社区服务站,能源小区智慧社区服务站,快递,2025-04-28 18:03:18,,1,0.68,0,6.00,0.00,2.80,6-3.2,2,1916795325647740928,极兔快递,JT0016321496823,服饰,四川省,
能源小区智慧社区服务站_站点-能源小区智慧社区服务站,能源小区智慧社区服务站,能源小区智慧社区服务站,快递,2025-04-28 18:02:47,,1,0.58,0,6.00,0.00,2.80,6-3.2,2,1916795195850809344,极兔快递,JT0016324419105,服饰,重庆市,
能源小区智慧社区服务站_站点-能源小区智慧社区服务站,能源小区智慧社区服务站,能源小区智慧社区服务站,快递,2025-04-28 18:02:00,2025-04-28 10:02:21,1,,,6.00,,0.00,,2,1916795005714620416,极兔快递,JT0016321942994,服饰,重庆市,已全额退款
能源小区智慧社区服务站_站点-能源小区智慧社区服务站,能源小区智慧社区服务站,能源小区智慧社区服务站,快递,2025-04-28 18:00:43,,1,0.24,0,6.00,0.00,2.80,6-3.2,2,1916794655678980096,极兔快递,JT0016320659863,服饰,广东省,
能源小区智慧社区服务站_站点-能源小区智慧社区服务站,能源小区智慧社区服务站,能源小区智慧社区服务站,快递,2025-04-28 17:59:41,,1,1.22,-1,6.00,0.00,2.80,6-3.2,2,1916794415139840000,极兔快递,JT0016317983553,服饰,广东省,
能源小区智慧社区服务站_站点-能源小区智慧社区服务站,能源小区智慧社区服务站,能源小区智慧社区服务站,快递,2025-04-28 17:59:03,,1,0.98,0,6.00,0.00,2.80,6-3.2,2,1916794262576226304,极兔快递,JT0016324050418,服饰,河北省,
能源小区智慧社区服务站_站点-能源小区智慧社区服务站,能源小区智慧社区服务站,能源小区智慧社区服务站,快递,2025-04-28 17:58:24,,1,0.44,0,7.00,0.00,2.80,6-3.2,2,1916794099178725376,极兔快递,JT0016323501273,服饰,北京市,
能源小区智慧社区服务站_站点-能源小区智慧社区服务站,能源小区智慧社区服务站,能源小区智慧社区服务站,快递,2025-04-28 17:57:46,,1,1.01,-1,6.00,0.00,2.80,6-3.2,2,1916793901647978496,极兔快递,JT0016319431116,服饰,山西省,
能源小区智慧社区服务站_站点-能源小区智慧社区服务站,能源小区智慧社区服务站,能源小区智慧社区服务站,快递,2025-04-28 17:56:58,,1,0.69,0,6.00,0.00,2.80,6-3.2,2,1916793717652250624,极兔快递,JT0016323603731,服饰,湖南省,
能源小区智慧社区服务站_站点-能源小区智慧社区服务站,能源小区智慧社区服务站,能源小区智慧社区服务站,快递,2025-04-28 17:55:19,,1,0.53,0,6.00,0.00,2.80,6-3.2,2,1916793321990971392,极兔快递,JT0016322784593,服饰,广东省,
能源小区智慧社区服务站_站点-能源小区智慧社区服务站,能源小区智慧社区服务站,能源小区智慧社区服务站,快递,2025-04-28 17:18:30,,1,0.2,0,6.00,0.00,2.80,6-3.2,2,1916784052797235200,极兔快递,JT0016316332244,生活用品,山东省,
能源小区智慧社区服务站_站点-能源小区智慧社区服务站,能源小区智慧社区服务站,能源小区智慧社区服务站,快递,2025-04-28 17:17:48,,1,0.29,0,6.00,0.00,2.80,6-3.2,2,1916783873348132864,极兔快递,JT0016318421704,服饰,浙江省,
能源小区智慧社区服务站_站点-能源小区智慧社区服务站,能源小区智慧社区服务站,能源小区智慧社区服务站,快递,2025-04-28 17:17:12,,2,1.04,0,8.00,0.00,4.08,51% ,2,1916783731907813376,极兔快递,JT0016322714218,生活用品,湖南省,
能源小区智慧社区服务站_站点-能源小区智慧社区服务站,能源小区智慧社区服务站,能源小区智慧社区服务站,快递,2025-04-28 17:16:35,2025-04-28 09:16:55,1,,,6.00,,0.00,,2,1916783568359317504,极兔快递,JT0016323418701,生活用品,湖南省,已全额退款
能源小区智慧社区服务站_站点-能源小区智慧社区服务站,能源小区智慧社区服务站,能源小区智慧社区服务站,快递,2025-04-28 17:16:00,,1,0.2,0,6.00,0.00,2.80,6-3.2,2,1916783422074576896,极兔快递,JT0016323117772,服饰,安徽省,
能源小区智慧社区服务站_站点-能源小区智慧社区服务站,能源小区智慧社区服务站,能源小区智慧社区服务站,快递,2025-04-28 17:15:25,,1,0.32,0,6.00,0.00,2.80,6-3.2,2,1916783273034178560,极兔快递,JT0016321226384,服饰,江苏省,
能源小区智慧社区服务站_站点-能源小区智慧社区服务站,能源小区智慧社区服务站,能源小区智慧社区服务站,快递,2025-04-28 17:14:48,,1,0.35,0,6.00,0.00,2.80,6-3.2,2,1916783117677158400,极兔快递,JT0016322828375,服饰,浙江省,
能源小区智慧社区服务站_站点-能源小区智慧社区服务站,能源小区智慧社区服务站,能源小区智慧社区服务站,快递,2025-04-28 17:13:04,,1,0.32,0,6.00,0.00,2.80,6-3.2,2,1916782689564549120,极兔快递,JT0016322260601,服饰,江苏省,
能源小区智慧社区服务站_站点-能源小区智慧社区服务站,能源小区智慧社区服务站,能源小区智慧社区服务站,快递,2025-04-28 17:03:30,,1,0.32,0,6.00,0.00,2.80,6-3.2,2,1916780283162320896,极兔快递,JT0016323103481,生活用品,河南省,
能源小区智慧社区服务站_站点-能源小区智慧社区服务站,能源小区智慧社区服务站,能源小区智慧社区服务站,快递,2025-04-28 17:02:27,,1,0.47,0,6.00,0.00,2.80,6-3.2,2,1916780018807922688,极兔快递,JT0016323244900,服饰,河北省,
能源小区智慧社区服务站_站点-能源小区智慧社区服务站,能源小区智慧社区服务站,能源小区智慧社区服务站,快递,2025-04-28 16:59:45,,1,0.2,0,6.00,0.00,2.80,6-3.2,2,1916779331315359744,极兔快递,JT0016323417096,服饰,广东省,
能源小区智慧社区服务站_站点-能源小区智慧社区服务站,能源小区智慧社区服务站,能源小区智慧社区服务站,快递,2025-04-28 16:59:10,,1,0.2,0,6.00,0.00,2.80,6-3.2,2,1916779183130599424,极兔快递,JT0016323145083,服饰,广东省,
能源小区智慧社区服务站_站点-能源小区智慧社区服务站,能源小区智慧社区服务站,能源小区智慧社区服务站,快递,2025-04-28 16:58:36,,1,0.2,0,6.00,0.00,2.80,6-3.2,2,1916779050544455680,极兔快递,JT0016320744283,服饰,广东省,
能源小区智慧社区服务站_站点-能源小区智慧社区服务站,能源小区智慧社区服务站,能源小区智慧社区服务站,快递,2025-04-28 16:41:35,,2,1.39,0,8.00,0.00,4.08,51% ,2,1916774764959817728,极兔快递,JT0016318841474,生活用品,浙江省,
能源小区智慧社区服务站_站点-能源小区智慧社区服务站,能源小区智慧社区服务站,能源小区智慧社区服务站,快递,2025-04-28 16:19:40,,1,0.69,0,6.00,0.00,2.80,6-3.2,2,1916769246388215808,极兔快递,JT0016322470400,服饰,广东省,
能源小区智慧社区服务站_站点-能源小区智慧社区服务站,能源小区智慧社区服务站,能源小区智慧社区服务站,快递,2025-04-28 16:19:00,,1,0.33,0,6.00,0.00,2.80,6-3.2,2,1916769054679162880,极兔快递,JT0016322764979,生活用品,河南省,
能源小区智慧社区服务站_站点-能源小区智慧社区服务站,能源小区智慧社区服务站,能源小区智慧社区服务站,快递,2025-04-28 15:15:24,,2,1.32,0,8.00,0.00,4.08,51% ,2,1916753077488902144,极兔快递,JT0016319896879,生活用品,浙江省,
能源小区智慧社区服务站_站点-能源小区智慧社区服务站,能源小区智慧社区服务站,能源小区智慧社区服务站,快递,2025-04-28 15:13:53,,1,0.65,0,6.00,0.00,2.80,6-3.2,2,1916752694205014016,极兔快递,JT0016320362681,服饰,重庆市,
能源小区智慧社区服务站_站点-能源小区智慧社区服务站,能源小区智慧社区服务站,能源小区智慧社区服务站,快递,2025-04-28 13:53:06,,1,0.33,0,6.00,0.00,2.80,6-3.2,2,1916732365399187456,极兔快递,JT0016318488181,服饰,辽宁省,
能源小区智慧社区服务站_站点-能源小区智慧社区服务站,能源小区智慧社区服务站,能源小区智慧社区服务站,快递,2025-04-28 13:37:36,,1,0.2,0,6.00,0.00,2.80,6-3.2,2,1916728320001368064,极兔快递,JT0016318845758,服饰,浙江省,
能源小区智慧社区服务站_站点-能源小区智慧社区服务站,能源小区智慧社区服务站,能源小区智慧社区服务站,快递,2025-04-28 12:36:43,,1,0.34,0,6.00,0.00,2.80,6-3.2,2,1916713142719406080,极兔快递,JT0016316754256,生活用品,陕西省,
能源小区智慧社区服务站_站点-能源小区智慧社区服务站,能源小区智慧社区服务站,能源小区智慧社区服务站,快递,2025-04-28 12:31:33,,1,0.57,0,6.00,0.00,2.80,6-3.2,2,1916711799212531712,极兔快递,JT0016316651155,服饰,湖北省,
能源小区智慧社区服务站_站点-能源小区智慧社区服务站,能源小区智慧社区服务站,能源小区智慧社区服务站,快递,2025-04-28 12:30:51,,1,0.71,0,6.00,0.00,2.80,6-3.2,2,1916711669881167872,极兔快递,JT0016314782201,生活用品,福建省,
能源小区智慧社区服务站_站点-能源小区智慧社区服务站,能源小区智慧社区服务站,能源小区智慧社区服务站,快递,2025-04-28 12:26:33,,1,0.2,0,6.00,0.00,2.80,6-3.2,2,1916710576547749888,极兔快递,JT0016310452612,服饰,广东省,
能源小区智慧社区服务站_站点-能源小区智慧社区服务站,能源小区智慧社区服务站,能源小区智慧社区服务站,快递,2025-04-28 12:25:59,,1,0.33,0,6.00,0.00,2.80,6-3.2,2,1916710436025982976,极兔快递,JT0016311760384,服饰,湖北省,
能源小区智慧社区服务站_站点-能源小区智慧社区服务站,能源小区智慧社区服务站,能源小区智慧社区服务站,快递,2025-04-28 12:25:29,,1,0.24,0,6.00,0.00,2.80,6-3.2,2,1916710308301037568,极兔快递,JT0016311184244,服饰,广东省,
能源小区智慧社区服务站_站点-能源小区智慧社区服务站,能源小区智慧社区服务站,能源小区智慧社区服务站,快递,2025-04-28 12:24:51,,1,0.34,0,6.00,0.00,2.80,6-3.2,2,1916710153115983872,极兔快递,JT0016311276673,服饰,广东省,
能源小区智慧社区服务站_站点-能源小区智慧社区服务站,能源小区智慧社区服务站,能源小区智慧社区服务站,快递,2025-04-28 12:24:20,,1,0.2,0,6.00,0.00,2.80,6-3.2,2,1916710025072271360,极兔快递,JT0016315015164,生活用品,河南省,
能源小区智慧社区服务站_站点-能源小区智慧社区服务站,能源小区智慧社区服务站,能源小区智慧社区服务站,快递,2025-04-28 11:21:07,,1,0.2,0,6.00,0.00,2.80,6-3.2,2,1916694108095438848,极兔快递,JT0016315488958,服饰,广东省,
能源小区智慧社区服务站_站点-能源小区智慧社区服务站,能源小区智慧社区服务站,能源小区智慧社区服务站,快递,2025-04-28 11:20:25,,1,1.0,0,6.00,0.00,2.80,6-3.2,2,1916693940621074432,极兔快递,JT0016315610679,服饰,广东省,
能源小区智慧社区服务站_站点-能源小区智慧社区服务站,能源小区智慧社区服务站,能源小区智慧社区服务站,快递,2025-04-28 11:15:47,,1,0.39,0,6.00,0.00,2.80,6-3.2,2,1916692767281307648,极兔快递,JT0016309081065,服饰,山东省,
能源小区智慧社区服务站_站点-能源小区智慧社区服务站,能源小区智慧社区服务站,能源小区智慧社区服务站,快递,2025-04-28 11:14:59,,1,0.8,0,6.00,0.00,2.80,6-3.2,2,1916692572879511552,极兔快递,JT0016315517028,生活用品,山东省,
能源小区智慧社区服务站_站点-能源小区智慧社区服务站,能源小区智慧社区服务站,能源小区智慧社区服务站,快递,2025-04-28 11:07:43,,1,0.49,0,6.00,0.00,2.80,6-3.2,2,1916690744607563776,极兔快递,JT0016313299466,服饰,福建省,
能源小区智慧社区服务站_站点-能源小区智慧社区服务站,能源小区智慧社区服务站,能源小区智慧社区服务站,快递,2025-04-28 10:58:02,,1,0.29,0,6.00,0.00,2.80,6-3.2,2,1916688308102815744,极兔快递,JT0016314452662,服饰,广东省,
能源小区智慧社区服务站_站点-能源小区智慧社区服务站,能源小区智慧社区服务站,能源小区智慧社区服务站,快递,2025-04-28 10:56:28,,1,0.25,0,6.00,0.00,2.80,6-3.2,2,1916687915142668288,极兔快递,JT0016312375823,服饰,湖北省,
能源小区智慧社区服务站_站点-能源小区智慧社区服务站,能源小区智慧社区服务站,能源小区智慧社区服务站,快递,2025-04-28 10:54:35,,1,0.24,0,6.00,0.00,2.80,6-3.2,2,1916687440506839040,极兔快递,JT0016313421865,服饰,广东省,
能源小区智慧社区服务站_站点-能源小区智慧社区服务站,能源小区智慧社区服务站,能源小区智慧社区服务站,快递,2025-04-28 10:53:00,,1,0.23,0,6.00,0.00,2.80,6-3.2,2,1916687041238458368,极兔快递,JT0016312726523,服饰,福建省,
能源小区智慧社区服务站_站点-能源小区智慧社区服务站,能源小区智慧社区服务站,能源小区智慧社区服务站,快递,2025-04-28 10:51:13,,1,0.28,0,6.00,0.00,2.80,6-3.2,2,1916686593156767744,极兔快递,JT0016313805137,服饰,黑龙江省,
能源小区智慧社区服务站_站点-能源小区智慧社区服务站,能源小区智慧社区服务站,能源小区智慧社区服务站,快递,2025-04-28 10:49:08,,1,0.22,0,6.00,0.00,2.80,6-3.2,2,1916686070387105792,极兔快递,JT0016314925066,服饰,广东省,
能源小区智慧社区服务站_站点-能源小区智慧社区服务站,能源小区智慧社区服务站,能源小区智慧社区服务站,快递,2025-04-28 10:46:28,,1,0.26,0,6.00,0.00,2.80,6-3.2,2,1916685395892690944,极兔快递,JT0016314342895,服饰,福建省,
能源小区智慧社区服务站_站点-能源小区智慧社区服务站,能源小区智慧社区服务站,能源小区智慧社区服务站,快递,2025-04-28 10:44:42,,1,0.29,0,6.00,0.00,2.80,6-3.2,2,1916684944476528640,极兔快递,JT0016310477947,服饰,广东省,
能源小区智慧社区服务站_站点-能源小区智慧社区服务站,能源小区智慧社区服务站,能源小区智慧社区服务站,快递,2025-04-28 10:42:51,,1,0.26,0,6.00,0.00,2.80,6-3.2,2,1916684478082506752,极兔快递,JT0016313898355,服饰,浙江省,
能源小区智慧社区服务站_站点-能源小区智慧社区服务站,能源小区智慧社区服务站,能源小区智慧社区服务站,快递,2025-04-28 10:38:02,,1,0.51,0,6.00,0.00,2.80,6-3.2,2,1916683274627637248,极兔快递,JT0016314375573,服饰,河南省,
能源小区智慧社区服务站_站点-能源小区智慧社区服务站,能源小区智慧社区服务站,能源小区智慧社区服务站,快递,2025-04-28 10:36:53,,1,0.46,0,6.00,0.00,2.80,6-3.2,2,1916682985489096704,极兔快递,JT0016311812219,服饰,江苏省,
能源小区智慧社区服务站_站点-能源小区智慧社区服务站,能源小区智慧社区服务站,能源小区智慧社区服务站,快递,2025-04-28 10:34:11,,2,1.57,0,8.00,0.00,4.08,51% ,2,1916682306645188608,极兔快递,JT0016310249488,生活用品,河南省,
能源小区智慧社区服务站_站点-能源小区智慧社区服务站,能源小区智慧社区服务站,能源小区智慧社区服务站,快递,2025-04-28 10:32:10,,1,0.2,0,6.00,0.00,2.80,6-3.2,2,1916681771095482368,极兔快递,JT0016313895286,服饰,河南省,
能源小区智慧社区服务站_站点-能源小区智慧社区服务站,能源小区智慧社区服务站,能源小区智慧社区服务站,快递,2025-04-28 10:10:42,,2,1.12,0,8.00,0.00,4.08,51% ,2,1916676397881679872,极兔快递,JT0016313212771,服饰,浙江省,
能源小区智慧社区服务站_站点-能源小区智慧社区服务站,能源小区智慧社区服务站,能源小区智慧社区服务站,快递,2025-04-28 10:09:16,,3,2.63,0,10.00,0.00,5.50,55% ,2,1916676019270246400,极兔快递,JT0016309808106,服饰,广东省,
能源小区智慧社区服务站_站点-能源小区智慧社区服务站,能源小区智慧社区服务站,能源小区智慧社区服务站,快递,2025-04-27 20:57:56,,2,1.0,1,8.00,0.00,4.08,51% ,2,1916476882121711616,极兔快递,JT0016304033991,服饰,福建省,
能源小区智慧社区服务站_站点-能源小区智慧社区服务站,能源小区智慧社区服务站,能源小区智慧社区服务站,快递,2025-04-27 20:57:10,,1,0.2,0,6.00,0.00,2.80,6-3.2,2,1916476698151149568,极兔快递,JT0016302780325,服饰,浙江省,
能源小区智慧社区服务站_站点-能源小区智慧社区服务站,能源小区智慧社区服务站,能源小区智慧社区服务站,快递,2025-04-27 20:51:40,,1,0.77,0,6.00,0.00,2.80,6-3.2,2,1916475308536291328,极兔快递,JT0016309460476,服饰,福建省,
能源小区智慧社区服务站_站点-能源小区智慧社区服务站,能源小区智慧社区服务站,能源小区智慧社区服务站,快递,2025-04-27 20:51:10,,1,0.31,0,6.00,0.00,2.80,6-3.2,2,1916475183218876416,极兔快递,JT0016309930117,服饰,辽宁省,
能源小区智慧社区服务站_站点-能源小区智慧社区服务站,能源小区智慧社区服务站,能源小区智慧社区服务站,快递,2025-04-27 20:50:33,,1,0.2,0,6.00,0.00,2.80,6-3.2,2,1916475026221883392,极兔快递,JT0016306339947,服饰,广东省,
能源小区智慧社区服务站_站点-能源小区智慧社区服务站,能源小区智慧社区服务站,能源小区智慧社区服务站,快递,2025-04-27 20:49:54,,1,0.56,0,6.00,0.00,2.80,6-3.2,2,1916474862514003968,极兔快递,JT0016308319651,服饰,浙江省,
能源小区智慧社区服务站_站点-能源小区智慧社区服务站,能源小区智慧社区服务站,能源小区智慧社区服务站,快递,2025-04-27 20:49:19,,1,0.32,0,6.00,0.00,2.80,6-3.2,2,1916474716996820992,极兔快递,JT0016309167327,服饰,河北省,
能源小区智慧社区服务站_站点-能源小区智慧社区服务站,能源小区智慧社区服务站,能源小区智慧社区服务站,快递,2025-04-27 20:48:44,,1,0.6,0,6.00,0.00,2.80,6-3.2,2,1916474554702422016,极兔快递,JT0016308491239,服饰,广东省,
能源小区智慧社区服务站_站点-能源小区智慧社区服务站,能源小区智慧社区服务站,能源小区智慧社区服务站,快递,2025-04-27 20:47:56,,1,0.89,0,6.00,0.00,2.80,6-3.2,2,1916474372396998656,极兔快递,JT0016309432543,服饰,浙江省,
能源小区智慧社区服务站_站点-能源小区智慧社区服务站,能源小区智慧社区服务站,能源小区智慧社区服务站,快递,2025-04-27 20:25:35,,1,0.33,0,6.00,0.00,2.80,6-3.2,2,1916468751211749376,极兔快递,JT0016307611778,服饰,湖北省,
能源小区智慧社区服务站_站点-能源小区智慧社区服务站,能源小区智慧社区服务站,能源小区智慧社区服务站,快递,2025-04-27 20:17:14,,1,0.47,0,6.00,0.00,2.80,6-3.2,2,1916466640419872768,极兔快递,JT0016309688934,服饰,浙江省,
能源小区智慧社区服务站_站点-能源小区智慧社区服务站,能源小区智慧社区服务站,能源小区智慧社区服务站,快递,2025-04-27 20:16:43,,1,0.2,0,6.00,0.00,2.80,6-3.2,2,1916466514863382528,极兔快递,JT0016308475977,生活用品,浙江省,
能源小区智慧社区服务站_站点-能源小区智慧社区服务站,能源小区智慧社区服务站,能源小区智慧社区服务站,快递,2025-04-27 20:13:03,,1,0.24,0,6.00,0.00,2.80,6-3.2,2,1916465593634840576,极兔快递,JT0016308598786,服饰,广东省,
能源小区智慧社区服务站_站点-能源小区智慧社区服务站,能源小区智慧社区服务站,能源小区智慧社区服务站,快递,2025-04-27 20:04:04,,1,0.2,0,6.00,0.00,2.80,6-3.2,2,1916463331105628160,极兔快递,JT0016308828547,服饰,辽宁省,
能源小区智慧社区服务站_站点-能源小区智慧社区服务站,能源小区智慧社区服务站,能源小区智慧社区服务站,快递,2025-04-27 20:00:53,,1,0.38,0,6.00,0.00,2.80,6-3.2,2,1916462535483908096,极兔快递,JT0016307914799,生活用品,云南省,
能源小区智慧社区服务站_站点-能源小区智慧社区服务站,能源小区智慧社区服务站,能源小区智慧社区服务站,快递,2025-04-27 19:53:51,,2,1.28,0,8.00,0.00,4.08,51% ,2,1916460762455138304,极兔快递,JT0016308900519,服饰,山东省,
能源小区智慧社区服务站_站点-能源小区智慧社区服务站,能源小区智慧社区服务站,能源小区智慧社区服务站,快递,2025-04-27 19:51:29,,1,0.27,0,6.00,0.00,2.80,6-3.2,2,1916460164057980928,极兔快递,JT0016308529850,服饰,安徽省,
能源小区智慧社区服务站_站点-能源小区智慧社区服务站,能源小区智慧社区服务站,能源小区智慧社区服务站,快递,2025-04-27 19:50:34,2025-04-27 11:51:02,1,,,6.00,,0.00,,2,1916459936093364224,极兔快递,JT0016308187380,服饰,安徽省,已全额退款
能源小区智慧社区服务站_站点-能源小区智慧社区服务站,能源小区智慧社区服务站,能源小区智慧社区服务站,快递,2025-04-27 19:47:32,,1,0.38,0,6.00,0.00,2.80,6-3.2,2,1916459174902685696,极兔快递,JT0016308146693,服饰,浙江省,
能源小区智慧社区服务站_站点-能源小区智慧社区服务站,能源小区智慧社区服务站,能源小区智慧社区服务站,快递,2025-04-27 19:46:17,,1,0.42,0,6.00,0.00,2.80,6-3.2,2,1916458859071594496,极兔快递,JT0016308370756,服饰,浙江省,
能源小区智慧社区服务站_站点-能源小区智慧社区服务站,能源小区智慧社区服务站,能源小区智慧社区服务站,快递,2025-04-27 19:45:34,,2,2.32,-1,8.00,0.00,4.08,51% ,2,1916458682579476480,极兔快递,JT0016307521331,服饰,江苏省,
能源小区智慧社区服务站_站点-能源小区智慧社区服务站,能源小区智慧社区服务站,能源小区智慧社区服务站,快递,2025-04-27 19:44:10,,1,0.4,0,6.00,0.00,2.80,6-3.2,2,1916458327980433408,极兔快递,JT0016304292668,服饰,河北省,
能源小区智慧社区服务站_站点-能源小区智慧社区服务站,能源小区智慧社区服务站,能源小区智慧社区服务站,快递,2025-04-27 19:42:49,,1,0.4,0,6.00,0.00,2.80,6-3.2,2,1916457944826568704,极兔快递,JT0016297007810,服饰,江苏省,
能源小区智慧社区服务站_站点-能源小区智慧社区服务站,能源小区智慧社区服务站,能源小区智慧社区服务站,快递,2025-04-27 19:41:19,,1,0.26,0,6.00,0.00,2.80,6-3.2,2,1916457601996742656,极兔快递,JT0016307383471,服饰,浙江省,
能源小区智慧社区服务站_站点-能源小区智慧社区服务站,能源小区智慧社区服务站,能源小区智慧社区服务站,快递,2025-04-27 19:40:15,,1,0.2,0,6.00,0.00,2.80,6-3.2,2,1916457343136882688,极兔快递,JT0016308154302,服饰,广东省,
能源小区智慧社区服务站_站点-能源小区智慧社区服务站,能源小区智慧社区服务站,能源小区智慧社区服务站,快递,2025-04-27 19:39:10,,1,0.2,0,6.00,0.00,2.80,6-3.2,2,1916457062210789376,极兔快递,JT0016306562701,生活用品,浙江省,
能源小区智慧社区服务站_站点-能源小区智慧社区服务站,能源小区智慧社区服务站,能源小区智慧社区服务站,快递,2025-04-27 19:38:10,,1,0.2,0,6.00,0.00,2.80,6-3.2,2,1916456816495878144,极兔快递,JT0016308566991,服饰,浙江省,
能源小区智慧社区服务站_站点-能源小区智慧社区服务站,能源小区智慧社区服务站,能源小区智慧社区服务站,快递,2025-04-27 19:31:03,,1,0.8,0,6.00,0.00,2.80,6-3.2,2,1916455023871320064,极兔快递,JT0016308006639,生活用品,四川省,
能源小区智慧社区服务站_站点-能源小区智慧社区服务站,能源小区智慧社区服务站,能源小区智慧社区服务站,快递,2025-04-27 19:14:59,,1,0.2,0,6.00,0.00,2.80,6-3.2,2,1916450982437117952,极兔快递,JT0016303123933,服饰,浙江省,
能源小区智慧社区服务站_站点-能源小区智慧社区服务站,能源小区智慧社区服务站,能源小区智慧社区服务站,快递,2025-04-27 19:13:50,,1,0.2,0,6.00,0.00,2.80,6-3.2,2,1916450671882461184,极兔快递,JT0016307729169,服饰,广东省,
能源小区智慧社区服务站_站点-能源小区智慧社区服务站,能源小区智慧社区服务站,能源小区智慧社区服务站,快递,2025-04-27 19:12:49,,1,0.33,0,6.00,0.00,2.80,6-3.2,2,1916450427677499392,极兔快递,JT0016308570932,服饰,江苏省,
能源小区智慧社区服务站_站点-能源小区智慧社区服务站,能源小区智慧社区服务站,能源小区智慧社区服务站,快递,2025-04-27 19:11:52,,1,0.38,0,6.00,0.00,2.80,6-3.2,2,1916450195518578688,极兔快递,JT0016307462968,生活用品,广东省,
能源小区智慧社区服务站_站点-能源小区智慧社区服务站,能源小区智慧社区服务站,能源小区智慧社区服务站,快递,2025-04-27 19:06:36,,1,0.2,0,6.00,0.00,2.80,6-3.2,2,1916448854599589888,极兔快递,JT0016308399265,服饰,山东省,
能源小区智慧社区服务站_站点-能源小区智慧社区服务站,能源小区智慧社区服务站,能源小区智慧社区服务站,快递,2025-04-27 18:20:55,,1,0.46,0,6.00,0.00,2.80,6-3.2,2,1916437375842312192,极兔快递,JT0016307986900,服饰,江苏省,
能源小区智慧社区服务站_站点-能源小区智慧社区服务站,能源小区智慧社区服务站,能源小区智慧社区服务站,快递,2025-04-27 17:21:14,,2,1.45,0,8.00,0.00,4.08,51% ,2,1916422352566804480,极兔快递,JT0016297134326,生活用品,浙江省,
能源小区智慧社区服务站_站点-能源小区智慧社区服务站,能源小区智慧社区服务站,能源小区智慧社区服务站,快递,2025-04-27 17:04:13,,1,0.2,0,6.00,0.00,2.80,6-3.2,2,1916418069335171072,极兔快递,JT0016302641454,生活用品,广东省,
能源小区智慧社区服务站_站点-能源小区智慧社区服务站,能源小区智慧社区服务站,能源小区智慧社区服务站,快递,2025-04-27 17:03:30,,1,0.36,0,6.00,0.00,2.80,6-3.2,2,1916417891563790336,极兔快递,JT0016305003737,服饰,广东省,
能源小区智慧社区服务站_站点-能源小区智慧社区服务站,能源小区智慧社区服务站,能源小区智慧社区服务站,快递,2025-04-27 17:00:24,,1,0.2,0,6.00,0.00,2.80,6-3.2,2,1916417115248451584,极兔快递,JT0016291306929,生活用品,江苏省,
能源小区智慧社区服务站_站点-能源小区智慧社区服务站,能源小区智慧社区服务站,能源小区智慧社区服务站,快递,2025-04-27 16:59:56,,2,1.28,0,8.00,0.00,4.08,51% ,2,1916416992757997568,极兔快递,JT0016290716259,生活用品,福建省,
能源小区智慧社区服务站_站点-能源小区智慧社区服务站,能源小区智慧社区服务站,能源小区智慧社区服务站,快递,2025-04-27 16:59:19,,1,0.7,0,6.00,0.00,2.80,6-3.2,2,1916416839657512960,极兔快递,JT0016305807785,生活用品,浙江省,
能源小区智慧社区服务站_站点-能源小区智慧社区服务站,能源小区智慧社区服务站,能源小区智慧社区服务站,快递,2025-04-27 16:53:38,,1,0.68,0,6.00,0.00,2.80,6-3.2,2,1916415412541382656,极兔快递,JT0016306054608,服饰,广东省,
能源小区智慧社区服务站_站点-能源小区智慧社区服务站,能源小区智慧社区服务站,能源小区智慧社区服务站,快递,2025-04-27 16:48:25,,1,0.48,0,6.00,0.00,2.80,6-3.2,2,1916414091327234048,极兔快递,JT0016304711483,服饰,广东省,
能源小区智慧社区服务站_站点-能源小区智慧社区服务站,能源小区智慧社区服务站,能源小区智慧社区服务站,快递,2025-04-27 16:47:30,,1,0.27,0,6.00,0.00,2.80,6-3.2,2,1916413819150458880,极兔快递,JT0016296374717,服饰,辽宁省,
能源小区智慧社区服务站_站点-能源小区智慧社区服务站,能源小区智慧社区服务站,能源小区智慧社区服务站,快递,2025-04-27 16:24:34,,1,0.2,0,6.00,0.00,2.80,6-3.2,2,1916408096945397760,极兔快递,JT0016301006356,生活用品,陕西省,
能源小区智慧社区服务站_站点-能源小区智慧社区服务站,能源小区智慧社区服务站,能源小区智慧社区服务站,快递,2025-04-27 16:09:51,,1,0.36,0,6.00,0.00,2.80,6-3.2,2,1916404391005184000,极兔快递,JT0016292961641,生活用品,福建省,
能源小区智慧社区服务站_站点-能源小区智慧社区服务站,能源小区智慧社区服务站,能源小区智慧社区服务站,快递,2025-04-27 16:07:41,,1,0.26,0,6.00,0.00,2.80,6-3.2,2,1916403845716303872,极兔快递,JT0016302719285,服饰,浙江省,
能源小区智慧社区服务站_站点-能源小区智慧社区服务站,能源小区智慧社区服务站,能源小区智慧社区服务站,快递,2025-04-27 15:58:36,,1,0.2,0,6.00,0.00,2.80,6-3.2,2,1916401559011123200,极兔快递,JT0016291784925,服饰,河北省,
能源小区智慧社区服务站_站点-能源小区智慧社区服务站,能源小区智慧社区服务站,能源小区智慧社区服务站,快递,2025-04-27 15:44:25,,1,0.2,0,6.00,0.00,2.80,6-3.2,2,1916397989897494528,极兔快递,JT0016302286541,生活用品,陕西省,
能源小区智慧社区服务站_站点-能源小区智慧社区服务站,能源小区智慧社区服务站,能源小区智慧社区服务站,快递,2025-04-27 15:20:55,,2,1.21,0,8.00,0.00,4.08,51% ,2,1916392074733477888,极兔快递,JT0016300210606,服饰,江苏省,
能源小区智慧社区服务站_站点-能源小区智慧社区服务站,能源小区智慧社区服务站,能源小区智慧社区服务站,快递,2025-04-27 15:20:12,2025-04-27 07:20:35,1,,,6.00,,0.00,,2,1916391898711121920,极兔快递,JT0016303510181,服饰,江苏省,已全额退款
能源小区智慧社区服务站_站点-能源小区智慧社区服务站,能源小区智慧社区服务站,能源小区智慧社区服务站,快递,2025-04-27 15:15:40,,1,0.24,0,6.00,0.00,2.80,6-3.2,2,1916390748511330304,极兔快递,JT0016299251269,生活用品,河南省,
能源小区智慧社区服务站_站点-能源小区智慧社区服务站,能源小区智慧社区服务站,能源小区智慧社区服务站,快递,2025-04-27 15:14:47,,1,0.2,0,6.00,0.00,2.80,6-3.2,2,1916390516591484928,极兔快递,JT0016303702808,生活用品,陕西省,
能源小区智慧社区服务站_站点-能源小区智慧社区服务站,能源小区智慧社区服务站,能源小区智慧社区服务站,快递,2025-04-27 14:35:03,,1,0.43,0,6.00,0.00,2.80,6-3.2,2,1916380535276232704,极兔快递,JT0016300935795,生活用品,浙江省,
能源小区智慧社区服务站_站点-能源小区智慧社区服务站,能源小区智慧社区服务站,能源小区智慧社区服务站,快递,2025-04-27 12:01:07,,1,0.2,0,6.00,0.00,2.80,6-3.2,2,1916341768888836096,极兔快递,JT0016299175029,生活用品,浙江省,
能源小区智慧社区服务站_站点-能源小区智慧社区服务站,能源小区智慧社区服务站,能源小区智慧社区服务站,快递,2025-04-27 10:55:43,,1,0.38,0,6.00,0.00,2.80,6-3.2,2,1916325009175666688,极兔快递,JT0016294518359,服饰,浙江省,
能源小区智慧社区服务站_站点-能源小区智慧社区服务站,能源小区智慧社区服务站,能源小区智慧社区服务站,快递,2025-04-27 10:52:35,,1,0.21,0,6.00,0.00,2.80,6-3.2,2,1916324523852750848,极兔快递,JT0016298012249,生活用品,江苏省,
能源小区智慧社区服务站_站点-能源小区智慧社区服务站,能源小区智慧社区服务站,能源小区智慧社区服务站,快递,2025-04-27 10:09:23,,1,0.57,0,6.00,0.00,2.80,6-3.2,2,1916313608264671232,极兔快递,JT0016296770095,服饰,湖南省,
能源小区智慧社区服务站_站点-能源小区智慧社区服务站,能源小区智慧社区服务站,能源小区智慧社区服务站,快递,2025-04-27 10:07:19,,2,0.2,1,8.00,0.00,4.08,51% ,2,1916313156252917760,极兔快递,JT0016296728492,生活用品,天津市,
能源小区智慧社区服务站_站点-能源小区智慧社区服务站,能源小区智慧社区服务站,能源小区智慧社区服务站,快递,2025-04-27 10:05:25,,1,0.24,0,6.00,0.00,2.80,6-3.2,2,1916312677305344000,极兔快递,JT0016296107319,服饰,广东省,
能源小区智慧社区服务站_站点-能源小区智慧社区服务站,能源小区智慧社区服务站,能源小区智慧社区服务站,快递,2025-04-26 20:45:19,,1,0.43,0,6.00,0.00,2.80,6-3.2,2,1916111330027036672,极兔快递,JT0016292851630,服饰,福建省,
能源小区智慧社区服务站_站点-能源小区智慧社区服务站,能源小区智慧社区服务站,能源小区智慧社区服务站,快递,2025-04-26 20:28:28,,1,0.21,0,6.00,0.00,2.80,6-3.2,2,1916107082983858176,极兔快递,JT0016292398921,生活用品,广东省,
能源小区智慧社区服务站_站点-能源小区智慧社区服务站,能源小区智慧社区服务站,能源小区智慧社区服务站,快递,2025-04-26 20:27:32,,1,0.3,0,6.00,0.00,2.80,6-3.2,2,1916106852242612224,极兔快递,JT0016289144049,服饰,浙江省,
能源小区智慧社区服务站_站点-能源小区智慧社区服务站,能源小区智慧社区服务站,能源小区智慧社区服务站,快递,2025-04-26 20:25:35,,1,0.2,0,6.00,0.00,2.80,6-3.2,2,1916106341925838848,极兔快递,JT0016289463816,服饰,广东省,
能源小区智慧社区服务站_站点-能源小区智慧社区服务站,能源小区智慧社区服务站,能源小区智慧社区服务站,快递,2025-04-26 20:24:52,,1,0.26,0,6.00,0.00,2.80,6-3.2,2,1916106178700304384,极兔快递,JT0016286250537,服饰,广东省,
能源小区智慧社区服务站_站点-能源小区智慧社区服务站,能源小区智慧社区服务站,能源小区智慧社区服务站,快递,2025-04-26 19:32:06,,1,0.78,0,6.00,0.00,2.80,6-3.2,2,1916092904206295040,极兔快递,JT0016285350842,服饰,广东省,
能源小区智慧社区服务站_站点-能源小区智慧社区服务站,能源小区智慧社区服务站,能源小区智慧社区服务站,快递,2025-04-26 19:29:24,,1,1.05,-1,6.00,0.00,2.80,6-3.2,2,1916092221981777920,极兔快递,JT0016289649550,生活用品,浙江省,
能源小区智慧社区服务站_站点-能源小区智慧社区服务站,能源小区智慧社区服务站,能源小区智慧社区服务站,快递,2025-04-26 19:22:30,,2,1.76,0,8.00,0.00,4.08,51% ,2,1916090469211496448,极兔快递,JT0016289617371,服饰,黑龙江省,
能源小区智慧社区服务站_站点-能源小区智慧社区服务站,能源小区智慧社区服务站,能源小区智慧社区服务站,快递,2025-04-26 19:21:30,,1,0.2,0,6.00,0.00,2.80,6-3.2,2,1916090212150992896,极兔快递,JT0016291739497,服饰,浙江省,
能源小区智慧社区服务站_站点-能源小区智慧社区服务站,能源小区智慧社区服务站,能源小区智慧社区服务站,快递,2025-04-26 19:20:43,,1,0.2,0,6.00,0.00,2.80,6-3.2,2,1916090028599861248,极兔快递,JT0016289010124,服饰,浙江省,
能源小区智慧社区服务站_站点-能源小区智慧社区服务站,能源小区智慧社区服务站,能源小区智慧社区服务站,快递,2025-04-26 19:20:03,,1,0.22,0,6.00,0.00,2.80,6-3.2,2,1916089863973429248,极兔快递,JT0016291178898,服饰,浙江省,
能源小区智慧社区服务站_站点-能源小区智慧社区服务站,能源小区智慧社区服务站,能源小区智慧社区服务站,快递,2025-04-26 19:19:21,,1,0.45,0,6.00,0.00,2.80,6-3.2,2,1916089686483066880,极兔快递,JT0016291457755,生活用品,浙江省,
能源小区智慧社区服务站_站点-能源小区智慧社区服务站,能源小区智慧社区服务站,能源小区智慧社区服务站,快递,2025-04-26 19:18:45,,1,0.57,0,6.00,0.00,2.80,6-3.2,2,1916089534036893696,极兔快递,JT0016291395691,生活用品,河南省,
能源小区智慧社区服务站_站点-能源小区智慧社区服务站,能源小区智慧社区服务站,能源小区智慧社区服务站,快递,2025-04-26 19:18:01,,1,0.49,0,6.00,0.00,2.80,6-3.2,2,1916089342202011648,极兔快递,JT0016286809371,服饰,河北省,
能源小区智慧社区服务站_站点-能源小区智慧社区服务站,能源小区智慧社区服务站,能源小区智慧社区服务站,快递,2025-04-26 19:17:18,,1,0.28,0,6.00,0.00,2.80,6-3.2,2,1916089171527393280,极兔快递,JT0016278469187,服饰,河北省,
能源小区智慧社区服务站_站点-能源小区智慧社区服务站,能源小区智慧社区服务站,能源小区智慧社区服务站,快递,2025-04-26 19:16:32,,1,0.41,0,6.00,0.00,2.80,6-3.2,2,1916088982603358208,极兔快递,JT0016291735963,服饰,河北省,
能源小区智慧社区服务站_站点-能源小区智慧社区服务站,能源小区智慧社区服务站,能源小区智慧社区服务站,快递,2025-04-26 19:00:44,,1,0.28,0,6.00,0.00,2.80,6-3.2,2,1916085006512218112,极兔快递,JT0016286649127,生活用品,广东省,
能源小区智慧社区服务站_站点-能源小区智慧社区服务站,能源小区智慧社区服务站,能源小区智慧社区服务站,快递,2025-04-26 18:52:37,,1,0.38,0,6.00,0.00,2.80,6-3.2,2,1916082961109540864,极兔快递,JT0016288733948,生活用品,吉林省,
能源小区智慧社区服务站_站点-能源小区智慧社区服务站,能源小区智慧社区服务站,能源小区智慧社区服务站,快递,2025-04-26 18:10:41,,2,0.65,1,8.00,0.00,4.08,51% ,2,1916072408970485760,极兔快递,JT0016291109306,服饰,江苏省,
能源小区智慧社区服务站_站点-能源小区智慧社区服务站,能源小区智慧社区服务站,能源小区智慧社区服务站,快递,2025-04-26 17:37:20,,1,0.86,0,6.00,0.00,2.80,6-3.2,2,1916064013383163904,极兔快递,JT0016289479177,服饰,广东省,
能源小区智慧社区服务站_站点-能源小区智慧社区服务站,能源小区智慧社区服务站,能源小区智慧社区服务站,快递,2025-04-26 17:36:51,,1,0.71,0,6.00,0.00,2.80,6-3.2,2,1916063883917582336,极兔快递,JT0016285196808,服饰,广东省,
能源小区智慧社区服务站_站点-能源小区智慧社区服务站,能源小区智慧社区服务站,能源小区智慧社区服务站,快递,2025-04-26 17:36:10,,1,0.87,0,6.00,0.00,2.80,6-3.2,2,1916063695815630848,极兔快递,JT0016289376798,服饰,广东省,
能源小区智慧社区服务站_站点-能源小区智慧社区服务站,能源小区智慧社区服务站,能源小区智慧社区服务站,快递,2025-04-26 17:18:35,,2,0.71,1,8.00,0.00,4.08,51% ,2,1916059297882365952,极兔快递,JT0016286474699,生活用品,福建省,
能源小区智慧社区服务站_站点-能源小区智慧社区服务站,能源小区智慧社区服务站,能源小区智慧社区服务站,快递,2025-04-26 16:56:11,,1,0.57,0,6.00,0.00,2.80,6-3.2,2,1916053620912873472,极兔快递,JT0016284374439,服饰,湖南省,
能源小区智慧社区服务站_站点-能源小区智慧社区服务站,能源小区智慧社区服务站,能源小区智慧社区服务站,快递,2025-04-26 15:59:44,,2,0.85,1,8.00,0.00,4.08,51% ,2,1916039461856927744,极兔快递,JT0016281597831,生活用品,辽宁省,
能源小区智慧社区服务站_站点-能源小区智慧社区服务站,能源小区智慧社区服务站,能源小区智慧社区服务站,快递,2025-04-26 15:58:02,,3,1.76,1,10.00,0.00,5.50,55% ,2,1916039029545820160,极兔快递,JT0016287448431,生活用品,浙江省,
能源小区智慧社区服务站_站点-能源小区智慧社区服务站,能源小区智慧社区服务站,能源小区智慧社区服务站,快递,2025-04-26 15:52:04,,1,0.23,0,6.00,0.00,2.80,6-3.2,2,1916037526449872896,极兔快递,JT0016287114130,服饰,广东省,
能源小区智慧社区服务站_站点-能源小区智慧社区服务站,能源小区智慧社区服务站,能源小区智慧社区服务站,快递,2025-04-26 15:43:26,,1,0.84,0,6.00,0.00,2.80,6-3.2,2,1916035354404380672,极兔快递,JT0016287051333,生活用品,浙江省,
能源小区智慧社区服务站_站点-能源小区智慧社区服务站,能源小区智慧社区服务站,能源小区智慧社区服务站,快递,2025-04-26 15:40:46,,2,1.18,0,8.00,0.00,4.08,51% ,2,1916034686536966144,极兔快递,JT0016287277009,服饰,广东省,
能源小区智慧社区服务站_站点-能源小区智慧社区服务站,能源小区智慧社区服务站,能源小区智慧社区服务站,快递,2025-04-26 15:37:12,,2,1.03,0,8.00,0.00,4.08,51% ,2,1916033780860903424,极兔快递,JT0016287551449,生活用品,江苏省,
能源小区智慧社区服务站_站点-能源小区智慧社区服务站,能源小区智慧社区服务站,能源小区智慧社区服务站,快递,2025-04-26 15:26:29,2025-04-26 07:36:50,2,,,8.00,,0.00,,2,1916031090760146944,极兔快递,JT0016283602069,生活用品,江苏省,已全额退款
能源小区智慧社区服务站_站点-能源小区智慧社区服务站,能源小区智慧社区服务站,能源小区智慧社区服务站,快递,2025-04-26 15:25:48,,1,1.34,-1,6.00,0.00,2.80,6-3.2,2,1916030916700725248,极兔快递,JT0016286601943,服饰,广东省,
能源小区智慧社区服务站_站点-能源小区智慧社区服务站,能源小区智慧社区服务站,能源小区智慧社区服务站,快递,2025-04-26 15:23:39,,1,0.36,0,6.00,0.00,2.80,6-3.2,2,1916030373068595200,极兔快递,JT0016286706636,服饰,湖南省,
能源小区智慧社区服务站_站点-能源小区智慧社区服务站,能源小区智慧社区服务站,能源小区智慧社区服务站,快递,2025-04-26 15:22:44,,1,0.2,0,6.00,0.00,2.80,6-3.2,2,1916030138867048448,极兔快递,JT0016287211487,服饰,福建省,
能源小区智慧社区服务站_站点-能源小区智慧社区服务站,能源小区智慧社区服务站,能源小区智慧社区服务站,快递,2025-04-26 15:21:46,,1,0.34,0,6.00,0.00,2.80,6-3.2,2,1916029899896578048,极兔快递,JT0016284150227,服饰,辽宁省,
能源小区智慧社区服务站_站点-能源小区智慧社区服务站,能源小区智慧社区服务站,能源小区智慧社区服务站,快递,2025-04-26 15:20:47,,1,0.2,0,6.00,0.00,2.80,6-3.2,2,1916029652558471168,极兔快递,JT0016274980644,服饰,浙江省,
能源小区智慧社区服务站_站点-能源小区智慧社区服务站,能源小区智慧社区服务站,能源小区智慧社区服务站,快递,2025-04-26 15:17:50,,1,0.67,0,6.00,0.00,2.80,6-3.2,2,1916028914637791232,极兔快递,JT0016285675157,生活用品,浙江省,
能源小区智慧社区服务站_站点-能源小区智慧社区服务站,能源小区智慧社区服务站,能源小区智慧社区服务站,快递,2025-04-26 15:15:08,,1,0.51,0,6.00,0.00,2.80,6-3.2,2,1916028233650593792,极兔快递,JT0016287760683,服饰,广东省,
能源小区智慧社区服务站_站点-能源小区智慧社区服务站,能源小区智慧社区服务站,能源小区智慧社区服务站,快递,2025-04-26 15:12:47,,1,0.46,0,6.00,0.00,2.80,6-3.2,2,1916027643738513408,极兔快递,JT0016285330340,服饰,河南省,
能源小区智慧社区服务站_站点-能源小区智慧社区服务站,能源小区智慧社区服务站,能源小区智慧社区服务站,快递,2025-04-26 14:06:53,,1,0.27,0,6.00,0.00,2.80,6-3.2,2,1916011053886267392,极兔快递,JT0016285794198,服饰,广东省,
能源小区智慧社区服务站_站点-能源小区智慧社区服务站,能源小区智慧社区服务站,能源小区智慧社区服务站,快递,2025-04-26 14:06:07,,1,0.2,0,6.00,0.00,2.80,6-3.2,2,1916010855923507200,极兔快递,JT0016275022773,服饰,浙江省,
能源小区智慧社区服务站_站点-能源小区智慧社区服务站,能源小区智慧社区服务站,能源小区智慧社区服务站,快递,2025-04-26 14:05:32,,1,0.2,0,6.00,0.00,2.80,6-3.2,2,1916010714625794048,极兔快递,JT0016281962017,服饰,广东省,
能源小区智慧社区服务站_站点-能源小区智慧社区服务站,能源小区智慧社区服务站,能源小区智慧社区服务站,快递,2025-04-26 13:45:39,,1,0.55,0,6.00,0.00,2.80,6-3.2,2,1916005691963531264,极兔快递,JT0016278812879,服饰,浙江省,
能源小区智慧社区服务站_站点-能源小区智慧社区服务站,能源小区智慧社区服务站,能源小区智慧社区服务站,快递,2025-04-26 13:08:36,,1,0.23,0,6.00,0.00,2.80,6-3.2,2,1915996384035397632,极兔快递,JT0016282484528,服饰,江苏省,
能源小区智慧社区服务站_站点-能源小区智慧社区服务站,能源小区智慧社区服务站,能源小区智慧社区服务站,快递,2025-04-26 13:08:04,,1,0.2,0,6.00,0.00,2.80,6-3.2,2,1915996251809964032,极兔快递,JT0016275459081,服饰,广东省,
能源小区智慧社区服务站_站点-能源小区智慧社区服务站,能源小区智慧社区服务站,能源小区智慧社区服务站,快递,2025-04-26 13:07:28,,1,0.3,0,6.00,0.00,2.80,6-3.2,2,1915996105751715840,极兔快递,JT0016284725345,服饰,广东省,
能源小区智慧社区服务站_站点-能源小区智慧社区服务站,能源小区智慧社区服务站,能源小区智慧社区服务站,快递,2025-04-26 13:05:27,,1,0.2,0,6.00,0.00,2.80,6-3.2,2,1915995596412215296,极兔快递,JT0016284800558,生活用品,浙江省,
能源小区智慧社区服务站_站点-能源小区智慧社区服务站,能源小区智慧社区服务站,能源小区智慧社区服务站,快递,2025-04-26 12:08:02,,1,0.29,0,6.00,0.00,2.80,6-3.2,2,1915981145436905472,极兔快递,JT0016282928428,服饰,广东省,
能源小区智慧社区服务站_站点-能源小区智慧社区服务站,能源小区智慧社区服务站,能源小区智慧社区服务站,快递,2025-04-26 11:33:25,,1,0.2,0,6.00,0.00,2.80,6-3.2,2,1915972434937044992,极兔快递,JT0016280647579,生活用品,广东省,
能源小区智慧社区服务站_站点-能源小区智慧社区服务站,能源小区智慧社区服务站,能源小区智慧社区服务站,快递,2025-04-26 10:55:30,,1,0.2,0,7.00,0.00,2.80,6-3.2,2,1915962894422171648,极兔快递,JT0016277819299,服饰,上海市,
能源小区智慧社区服务站_站点-能源小区智慧社区服务站,能源小区智慧社区服务站,能源小区智慧社区服务站,快递,2025-04-26 10:42:46,,2,0.75,1,8.00,0.00,4.08,51% ,2,1915959685959966720,极兔快递,JT0016275104039,生活用品,河北省,
能源小区智慧社区服务站_站点-能源小区智慧社区服务站,能源小区智慧社区服务站,能源小区智慧社区服务站,快递,2025-04-26 10:34:32,,1,0.22,0,6.00,0.00,2.80,6-3.2,2,1915957618965012480,极兔快递,JT0016280387359,服饰,安徽省,
能源小区智慧社区服务站_站点-能源小区智慧社区服务站,能源小区智慧社区服务站,能源小区智慧社区服务站,快递,2025-04-26 10:31:41,,1,0.38,0,6.00,0.00,2.80,6-3.2,2,1915956892574474240,极兔快递,JT0016280722548,服饰,广东省,
能源小区智慧社区服务站_站点-能源小区智慧社区服务站,能源小区智慧社区服务站,能源小区智慧社区服务站,快递,2025-04-26 10:31:10,,1,0.61,0,6.00,0.00,2.80,6-3.2,2,1915956768985112576,极兔快递,JT0016279872464,服饰,广西壮族自治区,
能源小区智慧社区服务站_站点-能源小区智慧社区服务站,能源小区智慧社区服务站,能源小区智慧社区服务站,快递,2025-04-26 10:30:18,,2,0.99,1,8.00,0.00,4.08,51% ,2,1915956551267180544,极兔快递,JT0016281687734,生活用品,浙江省,
能源小区智慧社区服务站_站点-能源小区智慧社区服务站,能源小区智慧社区服务站,能源小区智慧社区服务站,快递,2025-04-26 10:20:48,,1,0.44,0,6.00,0.00,2.80,6-3.2,2,1915954162267119616,极兔快递,JT0016281331955,生活用品,广东省,
能源小区智慧社区服务站_站点-能源小区智慧社区服务站,能源小区智慧社区服务站,能源小区智慧社区服务站,快递,2025-04-26 10:11:03,,1,0.39,0,6.00,0.00,2.80,6-3.2,2,1915951709299728384,极兔快递,JT0016278916985,服饰,广东省,
能源小区智慧社区服务站_站点-能源小区智慧社区服务站,能源小区智慧社区服务站,能源小区智慧社区服务站,快递,2025-04-25 20:06:48,,3,0.69,2,10.00,0.00,5.50,55% ,2,1915739245907861504,极兔快递,JT0016276773820,生活用品,广东省,
能源小区智慧社区服务站_站点-能源小区智慧社区服务站,能源小区智慧社区服务站,能源小区智慧社区服务站,快递,2025-04-25 20:06:17,,4,0.7,3,12.00,0.00,6.00,50% ,2,1915739107382583296,极兔快递,JT0016275305386,生活用品,广东省,
能源小区智慧社区服务站_站点-能源小区智慧社区服务站,能源小区智慧社区服务站,能源小区智慧社区服务站,快递,2025-04-25 20:05:23,2025-04-25 12:05:54,4,,,12.00,,0.00,,2,1915738877203374080,极兔快递,JT0016268578411,生活用品,广东省,已全额退款
能源小区智慧社区服务站_站点-能源小区智慧社区服务站,能源小区智慧社区服务站,能源小区智慧社区服务站,快递,2025-04-25 19:55:59,,3,2.91,0,11.00,0.00,5.05,55%,2,1915736525201268736,极兔快递,JT0016275143378,服饰,上海市,
能源小区智慧社区服务站_站点-能源小区智慧社区服务站,能源小区智慧社区服务站,能源小区智慧社区服务站,快递,2025-04-25 19:46:50,2025-04-25 11:52:20,3,,,10.00,,0.00,,2,1915734220355723264,极兔快递,JT0016276488068,生活用品,广东省,已全额退款
能源小区智慧社区服务站_站点-能源小区智慧社区服务站,能源小区智慧社区服务站,能源小区智慧社区服务站,快递,2025-04-25 19:48:16,2025-04-25 11:52:12,4,,,12.00,,0.00,,2,1915734562116001792,极兔快递,JT0016272288648,生活用品,广东省,已全额退款
能源小区智慧社区服务站_站点-能源小区智慧社区服务站,能源小区智慧社区服务站,能源小区智慧社区服务站,快递,2025-04-25 19:51:30,,1,0.2,0,6.00,0.00,2.80,6-3.2,2,1915735395297714176,极兔快递,JT0016275227810,服饰,湖北省,
能源小区智慧社区服务站_站点-能源小区智慧社区服务站,能源小区智慧社区服务站,能源小区智慧社区服务站,快递,2025-04-25 19:50:26,,1,0.27,0,6.00,0.00,2.80,6-3.2,2,1915735098609426432,极兔快递,JT0016273317991,服饰,浙江省,
能源小区智慧社区服务站_站点-能源小区智慧社区服务站,能源小区智慧社区服务站,能源小区智慧社区服务站,快递,2025-04-25 19:44:07,,2,1.06,0,8.00,0.00,4.08,51% ,2,1915733539058147328,极兔快递,JT0016268110973,生活用品,河南省,
能源小区智慧社区服务站_站点-能源小区智慧社区服务站,能源小区智慧社区服务站,能源小区智慧社区服务站,快递,2025-04-25 19:43:04,,1,0.39,0,6.00,0.00,2.80,6-3.2,2,1915733273554509824,极兔快递,JT0016275690682,生活用品,四川省,
能源小区智慧社区服务站_站点-能源小区智慧社区服务站,能源小区智慧社区服务站,能源小区智慧社区服务站,快递,2025-04-25 19:41:07,,1,0.2,0,6.00,0.00,2.80,6-3.2,2,1915732781692674048,极兔快递,JT0016275293155,服饰,广东省,
能源小区智慧社区服务站_站点-能源小区智慧社区服务站,能源小区智慧社区服务站,能源小区智慧社区服务站,快递,2025-04-25 19:19:57,,1,0.25,0,6.00,0.00,2.80,6-3.2,2,1915727459489996800,极兔快递,JT0016276116127,服饰,江苏省,
能源小区智慧社区服务站_站点-能源小区智慧社区服务站,能源小区智慧社区服务站,能源小区智慧社区服务站,快递,2025-04-25 19:18:51,,1,0.2,0,6.00,0.00,2.80,6-3.2,2,1915727176353505280,极兔快递,JT0016275239419,服饰,河北省,
能源小区智慧社区服务站_站点-能源小区智慧社区服务站,能源小区智慧社区服务站,能源小区智慧社区服务站,快递,2025-04-25 18:47:31,,1,0.27,0,6.00,0.00,2.80,6-3.2,2,1915719285009604608,极兔快递,JT0016274208112,服饰,江苏省,
能源小区智慧社区服务站_站点-能源小区智慧社区服务站,能源小区智慧社区服务站,能源小区智慧社区服务站,快递,2025-04-25 18:46:58,,1,0.2,0,6.00,0.00,2.80,6-3.2,2,1915719156034756608,极兔快递,JT0016275439951,服饰,江苏省,
能源小区智慧社区服务站_站点-能源小区智慧社区服务站,能源小区智慧社区服务站,能源小区智慧社区服务站,快递,2025-04-25 18:43:56,,1,0.37,0,6.00,0.00,2.80,6-3.2,2,1915718387197861888,极兔快递,JT0016275696592,服饰,河北省,
能源小区智慧社区服务站_站点-能源小区智慧社区服务站,能源小区智慧社区服务站,能源小区智慧社区服务站,快递,2025-04-25 17:05:31,,1,0.62,0,6.00,0.00,2.80,6-3.2,2,1915693626312941568,极兔快递,JT0016273688783,服饰,湖南省,
能源小区智慧社区服务站_站点-能源小区智慧社区服务站,能源小区智慧社区服务站,能源小区智慧社区服务站,快递,2025-04-25 16:55:57,,2,0.84,1,8.00,0.00,4.08,51% ,2,1915691219424174080,极兔快递,JT0016272114335,生活用品,四川省,
能源小区智慧社区服务站_站点-能源小区智慧社区服务站,能源小区智慧社区服务站,能源小区智慧社区服务站,快递,2025-04-25 16:45:05,,1,0.2,0,6.00,0.00,2.80,6-3.2,2,1915688482229772288,极兔快递,JT0016262534505,服饰,广东省,
能源小区智慧社区服务站_站点-能源小区智慧社区服务站,能源小区智慧社区服务站,能源小区智慧社区服务站,快递,2025-04-25 16:38:18,,1,0.2,0,6.00,0.00,2.80,6-3.2,2,1915686775907213312,极兔快递,JT0016269050740,服饰,广东省,
能源小区智慧社区服务站_站点-能源小区智慧社区服务站,能源小区智慧社区服务站,能源小区智慧社区服务站,快递,2025-04-25 16:22:36,,1,0.38,0,6.00,0.00,2.80,6-3.2,2,1915682747425021952,极兔快递,JT0016273127200,服饰,湖南省,
能源小区智慧社区服务站_站点-能源小区智慧社区服务站,能源小区智慧社区服务站,能源小区智慧社区服务站,快递,2025-04-25 16:19:13,,3,0.72,2,10.00,0.00,5.50,55% ,2,1915681975626948608,极兔快递,JT0016270536197,生活用品,浙江省,
能源小区智慧社区服务站_站点-能源小区智慧社区服务站,能源小区智慧社区服务站,能源小区智慧社区服务站,快递,2025-04-25 16:16:32,,1,0.38,0,6.00,0.00,2.80,6-3.2,2,1915681299077324800,极兔快递,JT0016264569981,服饰,河北省,
能源小区智慧社区服务站_站点-能源小区智慧社区服务站,能源小区智慧社区服务站,能源小区智慧社区服务站,快递,2025-04-25 15:59:52,,1,0.57,0,6.00,0.00,2.80,6-3.2,2,1915677101191389184,极兔快递,JT0016271152292,服饰,浙江省,
能源小区智慧社区服务站_站点-能源小区智慧社区服务站,能源小区智慧社区服务站,能源小区智慧社区服务站,快递,2025-04-25 14:26:39,,1,0.71,0,6.00,0.00,2.80,6-3.2,2,1915653646681169920,极兔快递,JT0016260591482,服饰,广东省,
能源小区智慧社区服务站_站点-能源小区智慧社区服务站,能源小区智慧社区服务站,能源小区智慧社区服务站,快递,2025-04-25 14:25:19,,1,0.32,0,6.00,0.00,2.80,6-3.2,2,1915653310935523328,极兔快递,JT0016267224907,服饰,浙江省,
能源小区智慧社区服务站_站点-能源小区智慧社区服务站,能源小区智慧社区服务站,能源小区智慧社区服务站,快递,2025-04-25 14:24:06,,1,0.46,0,6.00,0.00,2.80,6-3.2,2,1915652995712606208,极兔快递,JT0016269854504,服饰,广东省,
能源小区智慧社区服务站_站点-能源小区智慧社区服务站,能源小区智慧社区服务站,能源小区智慧社区服务站,快递,2025-04-25 14:23:08,,1,0.33,0,6.00,0.00,2.80,6-3.2,2,1915652745887277056,极兔快递,JT0016268327447,服饰,湖北省,
能源小区智慧社区服务站_站点-能源小区智慧社区服务站,能源小区智慧社区服务站,能源小区智慧社区服务站,快递,2025-04-25 14:13:42,,1,0.2,0,6.00,0.00,2.80,6-3.2,2,1915650387384000512,极兔快递,JT0016269522801,服饰,安徽省,
能源小区智慧社区服务站_站点-能源小区智慧社区服务站,能源小区智慧社区服务站,能源小区智慧社区服务站,快递,2025-04-25 14:09:22,,1,0.2,0,6.00,0.00,2.80,6-3.2,2,1915649291466891264,极兔快递,JT0016255626645,服饰,江西省,
能源小区智慧社区服务站_站点-能源小区智慧社区服务站,能源小区智慧社区服务站,能源小区智慧社区服务站,快递,2025-04-25 14:08:33,,1,0.37,0,6.00,0.00,2.80,6-3.2,2,1915649080669560832,极兔快递,JT0016269486515,服饰,浙江省,
能源小区智慧社区服务站_站点-能源小区智慧社区服务站,能源小区智慧社区服务站,能源小区智慧社区服务站,快递,2025-04-25 14:07:56,,1,0.2,0,6.00,0.00,2.80,6-3.2,2,1915648927782985728,极兔快递,JT0016269530860,生活用品,广东省,
能源小区智慧社区服务站_站点-能源小区智慧社区服务站,能源小区智慧社区服务站,能源小区智慧社区服务站,快递,2025-04-25 14:07:14,,1,0.52,0,6.00,0.00,2.80,6-3.2,2,1915648752372998144,极兔快递,JT0016264947721,服饰,浙江省,
能源小区智慧社区服务站_站点-能源小区智慧社区服务站,能源小区智慧社区服务站,能源小区智慧社区服务站,快递,2025-04-25 14:06:36,,1,0.28,0,6.00,0.00,2.80,6-3.2,2,1915648595845767168,极兔快递,JT0016266493858,服饰,安徽省,
能源小区智慧社区服务站_站点-能源小区智慧社区服务站,能源小区智慧社区服务站,能源小区智慧社区服务站,快递,2025-04-25 12:41:54,,3,2.29,0,10.00,0.00,5.50,55% ,2,1915627282276081664,极兔快递,JT0016266988696,生活用品,江西省,
能源小区智慧社区服务站_站点-能源小区智慧社区服务站,能源小区智慧社区服务站,能源小区智慧社区服务站,快递,2025-04-25 12:25:45,,1,0.23,0,6.00,0.00,2.80,6-3.2,2,1915623214510039040,极兔快递,JT0016267494168,服饰,广东省,
能源小区智慧社区服务站_站点-能源小区智慧社区服务站,能源小区智慧社区服务站,能源小区智慧社区服务站,快递,2025-04-25 12:24:45,,1,0.25,0,6.00,0.00,2.80,6-3.2,2,1915622965720702976,极兔快递,JT0016266242190,服饰,安徽省,
能源小区智慧社区服务站_站点-能源小区智慧社区服务站,能源小区智慧社区服务站,能源小区智慧社区服务站,快递,2025-04-25 11:50:05,,1,0.2,0,6.00,0.00,2.80,6-3.2,2,1915614243103498240,极兔快递,JT0016265862335,生活用品,浙江省,
能源小区智慧社区服务站_站点-能源小区智慧社区服务站,能源小区智慧社区服务站,能源小区智慧社区服务站,快递,2025-04-25 11:14:29,,1,0.21,0,6.00,0.00,2.80,6-3.2,2,1915605284044988416,极兔快递,JT0016264302278,生活用品,广东省,
能源小区智慧社区服务站_站点-能源小区智慧社区服务站,能源小区智慧社区服务站,能源小区智慧社区服务站,快递,2025-04-25 10:49:51,,1,0.3,0,6.00,0.00,2.80,6-3.2,2,1915599079310417920,极兔快递,JT0016265394108,服饰,广东省,
能源小区智慧社区服务站_站点-能源小区智慧社区服务站,能源小区智慧社区服务站,能源小区智慧社区服务站,快递,2025-04-25 10:49:06,,1,0.32,0,6.00,0.00,2.80,6-3.2,2,1915598896266797056,极兔快递,JT0016261206481,服饰,广东省,
能源小区智慧社区服务站_站点-能源小区智慧社区服务站,能源小区智慧社区服务站,能源小区智慧社区服务站,快递,2025-04-25 10:31:20,,1,0.33,0,6.00,0.00,2.80,6-3.2,2,1915594416867565568,极兔快递,JT0016258203373,服饰,湖南省,
能源小区智慧社区服务站_站点-能源小区智慧社区服务站,能源小区智慧社区服务站,能源小区智慧社区服务站,快递,2025-04-24 21:20:22,,1,0.53,0,6.00,0.00,2.80,6-3.2,2,1915395369032540160,极兔快递,JT0016249174520,服饰,广东省,
能源小区智慧社区服务站_站点-能源小区智慧社区服务站,能源小区智慧社区服务站,能源小区智慧社区服务站,快递,2025-04-24 21:18:59,,1,0.24,0,6.00,0.00,2.80,6-3.2,2,1915395025514848256,极兔快递,JT0016257529248,服饰,广东省,
能源小区智慧社区服务站_站点-能源小区智慧社区服务站,能源小区智慧社区服务站,能源小区智慧社区服务站,快递,2025-04-24 21:17:29,,1,1.43,-1,6.00,0.00,2.80,6-3.2,2,1915394642721693696,极兔快递,JT0016260763091,生活用品,福建省,
能源小区智慧社区服务站_站点-能源小区智慧社区服务站,能源小区智慧社区服务站,能源小区智慧社区服务站,快递,2025-04-24 20:47:05,,5,4.96,0,15.00,3.00,7.50,50% ,2,1915386996396449792,极兔快递,JT0016258874739,生活用品,湖北省,
能源小区智慧社区服务站_站点-能源小区智慧社区服务站,能源小区智慧社区服务站,能源小区智慧社区服务站,快递,2025-04-24 20:37:02,,1,0.26,0,6.00,0.00,2.80,6-3.2,2,1915384463359795200,极兔快递,JT0016259964821,生活用品,辽宁省,
能源小区智慧社区服务站_站点-能源小区智慧社区服务站,能源小区智慧社区服务站,能源小区智慧社区服务站,快递,2025-04-24 20:36:25,,1,0.68,0,6.00,0.00,2.80,6-3.2,2,1915384305863680000,极兔快递,JT0016257544889,服饰,广东省,
能源小区智慧社区服务站_站点-能源小区智慧社区服务站,能源小区智慧社区服务站,能源小区智慧社区服务站,快递,2025-04-24 20:35:33,,1,0.77,0,6.00,0.00,2.80,6-3.2,2,1915384091786403840,极兔快递,JT0016258853472,服饰,辽宁省,
能源小区智慧社区服务站_站点-能源小区智慧社区服务站,能源小区智慧社区服务站,能源小区智慧社区服务站,快递,2025-04-24 20:34:58,,1,0.42,0,6.00,0.00,2.80,6-3.2,2,1915383936978837504,极兔快递,JT0016259624981,服饰,四川省,
能源小区智慧社区服务站_站点-能源小区智慧社区服务站,能源小区智慧社区服务站,能源小区智慧社区服务站,快递,2025-04-24 20:34:17,,1,0.2,0,6.00,0.00,2.80,6-3.2,2,1915383773694582784,极兔快递,JT0016259312346,服饰,广东省,
能源小区智慧社区服务站_站点-能源小区智慧社区服务站,能源小区智慧社区服务站,能源小区智慧社区服务站,快递,2025-04-24 20:10:27,,1,0.62,0,6.00,0.00,2.80,6-3.2,2,1915377781435064320,极兔快递,JT0016258361969,服饰,广东省,
能源小区智慧社区服务站_站点-能源小区智慧社区服务站,能源小区智慧社区服务站,能源小区智慧社区服务站,快递,2025-04-24 20:02:14,,1,0.3,0,6.00,0.00,2.80,6-3.2,2,1915375703723663360,极兔快递,JT0016260063515,服饰,吉林省,
能源小区智慧社区服务站_站点-能源小区智慧社区服务站,能源小区智慧社区服务站,能源小区智慧社区服务站,快递,2025-04-24 20:01:22,,1,0.37,0,6.00,0.00,2.80,6-3.2,2,1915375490468470784,极兔快递,JT0016257164785,服饰,浙江省,
能源小区智慧社区服务站_站点-能源小区智慧社区服务站,能源小区智慧社区服务站,能源小区智慧社区服务站,快递,2025-04-24 19:58:41,,1,0.2,0,6.00,0.00,2.80,6-3.2,2,1915374817169432576,极兔快递,JT0016257182501,生活用品,广东省,
能源小区智慧社区服务站_站点-能源小区智慧社区服务站,能源小区智慧社区服务站,能源小区智慧社区服务站,快递,2025-04-24 19:57:25,,1,1.03,-1,6.00,0.00,2.80,6-3.2,2,1915374498813370368,极兔快递,JT0016258742990,服饰,山东省,
能源小区智慧社区服务站_站点-能源小区智慧社区服务站,能源小区智慧社区服务站,能源小区智慧社区服务站,快递,2025-04-24 19:55:55,,1,0.2,0,6.00,0.00,2.80,6-3.2,2,1915374116431257600,极兔快递,JT0016258270195,服饰,山东省,
能源小区智慧社区服务站_站点-能源小区智慧社区服务站,能源小区智慧社区服务站,能源小区智慧社区服务站,快递,2025-04-24 19:55:28,,1,0.2,0,6.00,0.00,2.80,6-3.2,2,1915374001763180544,极兔快递,JT0016255563632,服饰,山东省,
能源小区智慧社区服务站_站点-能源小区智慧社区服务站,能源小区智慧社区服务站,能源小区智慧社区服务站,快递,2025-04-24 19:55:08,,1,0.2,0,6.00,0.00,2.80,6-3.2,2,1915373918346862592,极兔快递,JT0016256652203,服饰,山东省,
能源小区智慧社区服务站_站点-能源小区智慧社区服务站,能源小区智慧社区服务站,能源小区智慧社区服务站,快递,2025-04-24 19:54:04,,1,0.2,0,6.00,0.00,2.80,6-3.2,2,1915373639564058624,极兔快递,JT0016236580660,服饰,广东省,
能源小区智慧社区服务站_站点-能源小区智慧社区服务站,能源小区智慧社区服务站,能源小区智慧社区服务站,快递,2025-04-24 19:53:37,,1,0.2,0,6.00,0.00,2.80,6-3.2,2,1915373543808098304,极兔快递,JT0016257715705,服饰,广东省,
能源小区智慧社区服务站_站点-能源小区智慧社区服务站,能源小区智慧社区服务站,能源小区智慧社区服务站,快递,2025-04-24 19:38:34,,1,0.3,0,6.00,0.00,2.80,6-3.2,2,1915369678777933824,极兔快递,JT0016259526013,服饰,浙江省,
能源小区智慧社区服务站_站点-能源小区智慧社区服务站,能源小区智慧社区服务站,能源小区智慧社区服务站,快递,2025-04-24 19:33:35,,2,0.82,1,8.00,0.00,4.08,51% ,2,1915368497632567296,极兔快递,JT0016256509979,生活用品,福建省,
能源小区智慧社区服务站_站点-能源小区智慧社区服务站,能源小区智慧社区服务站,能源小区智慧社区服务站,快递,2025-04-24 19:30:31,,1,0.24,0,6.00,0.00,2.80,6-3.2,2,1915367713293524992,极兔快递,JT0016253999357,服饰,广东省,
能源小区智慧社区服务站_站点-能源小区智慧社区服务站,能源小区智慧社区服务站,能源小区智慧社区服务站,快递,2025-04-24 19:29:52,,1,0.2,0,6.00,0.00,2.80,6-3.2,2,1915367555747078144,极兔快递,JT0016256250937,生活用品,广东省,
能源小区智慧社区服务站_站点-能源小区智慧社区服务站,能源小区智慧社区服务站,能源小区智慧社区服务站,快递,2025-04-24 19:29:12,,1,0.57,0,6.00,0.00,2.80,6-3.2,2,1915367262082883584,极兔快递,JT0016259299521,生活用品,安徽省,
能源小区智慧社区服务站_站点-能源小区智慧社区服务站,能源小区智慧社区服务站,能源小区智慧社区服务站,快递,2025-04-24 19:16:55,,1,0.36,0,6.00,0.00,2.80,6-3.2,2,1915364305689960448,极兔快递,JT0016254347411,服饰,广东省,
能源小区智慧社区服务站_站点-能源小区智慧社区服务站,能源小区智慧社区服务站,能源小区智慧社区服务站,快递,2025-04-24 19:00:32,,1,0.25,0,6.00,0.00,2.80,6-3.2,2,1915360179530817536,极兔快递,JT0016258823413,服饰,广东省,
能源小区智慧社区服务站_站点-能源小区智慧社区服务站,能源小区智慧社区服务站,能源小区智慧社区服务站,快递,2025-04-24 18:52:01,,1,0.59,0,6.00,0.00,2.80,6-3.2,2,1915358039861157888,极兔快递,JT0016258433430,服饰,江苏省,
能源小区智慧社区服务站_站点-能源小区智慧社区服务站,能源小区智慧社区服务站,能源小区智慧社区服务站,快递,2025-04-24 18:37:23,,1,0.2,0,6.00,0.00,2.80,6-3.2,2,1915354355869736960,极兔快递,JT0016258816475,生活用品,福建省,
能源小区智慧社区服务站_站点-能源小区智慧社区服务站,能源小区智慧社区服务站,能源小区智慧社区服务站,快递,2025-04-24 18:29:00,,1,0.2,0,6.00,0.00,2.80,6-3.2,2,1915352243911843840,极兔快递,JT0016258215444,生活用品,广东省,
能源小区智慧社区服务站_站点-能源小区智慧社区服务站,能源小区智慧社区服务站,能源小区智慧社区服务站,快递,2025-04-24 17:50:47,,2,1.31,0,8.00,0.00,4.08,51% ,2,1915342629187149824,极兔快递,JT0016244693628,生活用品,福建省,
能源小区智慧社区服务站_站点-能源小区智慧社区服务站,能源小区智慧社区服务站,能源小区智慧社区服务站,快递,2025-04-24 17:00:46,,1,0.29,0,6.00,0.00,2.80,6-3.2,2,1915330037517443072,极兔快递,JT0016251579093,服饰,湖南省,
能源小区智慧社区服务站_站点-能源小区智慧社区服务站,能源小区智慧社区服务站,能源小区智慧社区服务站,快递,2025-04-24 16:59:50,,1,0.44,0,6.00,0.00,2.80,6-3.2,2,1915329804058288128,极兔快递,JT0016255246391,服饰,浙江省,
能源小区智慧社区服务站_站点-能源小区智慧社区服务站,能源小区智慧社区服务站,能源小区智慧社区服务站,快递,2025-04-24 16:59:08,,1,0.21,0,6.00,0.00,2.80,6-3.2,2,1915329630481211392,极兔快递,JT0016254896473,服饰,浙江省,
能源小区智慧社区服务站_站点-能源小区智慧社区服务站,能源小区智慧社区服务站,能源小区智慧社区服务站,快递,2025-04-24 16:49:45,,1,0.78,0,6.00,0.00,2.80,6-3.2,2,1915327267636830208,极兔快递,JT0016252507921,服饰,辽宁省,
能源小区智慧社区服务站_站点-能源小区智慧社区服务站,能源小区智慧社区服务站,能源小区智慧社区服务站,快递,2025-04-24 16:48:17,,1,0.38,0,6.00,0.00,2.80,6-3.2,2,1915326863905710080,极兔快递,JT0016256307045,服饰,浙江省,
能源小区智慧社区服务站_站点-能源小区智慧社区服务站,能源小区智慧社区服务站,能源小区智慧社区服务站,快递,2025-04-24 16:39:53,,1,0.91,0,6.00,0.00,2.80,6-3.2,2,1915324771073843200,极兔快递,JT0016256791780,服饰,浙江省,
能源小区智慧社区服务站_站点-能源小区智慧社区服务站,能源小区智慧社区服务站,能源小区智慧社区服务站,快递,2025-04-24 16:12:39,,1,0.2,0,6.00,0.00,2.80,6-3.2,2,1915317930491174912,极兔快递,JT0016251516834,服饰,河南省,
能源小区智慧社区服务站_站点-能源小区智慧社区服务站,能源小区智慧社区服务站,能源小区智慧社区服务站,快递,2025-04-24 16:11:41,,1,0.37,0,6.00,0.00,2.80,6-3.2,2,1915317690249830400,极兔快递,JT0016255266215,服饰,广东省,
能源小区智慧社区服务站_站点-能源小区智慧社区服务站,能源小区智慧社区服务站,能源小区智慧社区服务站,快递,2025-04-24 16:10:32,,1,0.49,0,6.00,0.00,2.80,6-3.2,2,1915317397311250432,极兔快递,JT0016255055301,服饰,广东省,
能源小区智慧社区服务站_站点-能源小区智慧社区服务站,能源小区智慧社区服务站,能源小区智慧社区服务站,快递,2025-04-24 15:54:18,,1,0.2,0,6.00,0.00,2.80,6-3.2,2,1915313315158745088,极兔快递,JT0016253599001,服饰,浙江省,
能源小区智慧社区服务站_站点-能源小区智慧社区服务站,能源小区智慧社区服务站,能源小区智慧社区服务站,快递,2025-04-24 15:12:38,,1,0.2,0,6.00,0.00,2.80,6-3.2,2,1915302824055201792,极兔快递,JT0016252050945,生活用品,江西省,
能源小区智慧社区服务站_站点-能源小区智慧社区服务站,能源小区智慧社区服务站,能源小区智慧社区服务站,快递,2025-04-24 14:36:04,,2,0.65,1,8.00,0.00,4.08,51% ,2,1915293622490423296,极兔快递,JT0016253221216,生活用品,福建省,
能源小区智慧社区服务站_站点-能源小区智慧社区服务站,能源小区智慧社区服务站,能源小区智慧社区服务站,快递,2025-04-24 14:00:13,,1,0.2,0,6.00,0.00,2.80,6-3.2,2,1915284596725702656,极兔快递,JT0016247654978,生活用品,浙江省,
能源小区智慧社区服务站_站点-能源小区智慧社区服务站,能源小区智慧社区服务站,能源小区智慧社区服务站,快递,2025-04-24 13:59:32,,1,0.52,0,6.00,0.00,2.80,6-3.2,2,1915284429238755328,极兔快递,JT0016252692285,服饰,广东省,
能源小区智慧社区服务站_站点-能源小区智慧社区服务站,能源小区智慧社区服务站,能源小区智慧社区服务站,快递,2025-04-24 13:35:45,,1,0.44,0,6.00,0.00,2.80,6-3.2,2,1915278445405593600,极兔快递,JT0016250569581,服饰,湖北省,
能源小区智慧社区服务站_站点-能源小区智慧社区服务站,能源小区智慧社区服务站,能源小区智慧社区服务站,快递,2025-04-24 13:23:16,,10,9.8,0,30.00,10.50,15.00,50% ,2,1915275302227730432,极兔快递,JT0016245080609,生活用品,浙江省,
能源小区智慧社区服务站_站点-能源小区智慧社区服务站,能源小区智慧社区服务站,能源小区智慧社区服务站,快递,2025-04-24 12:29:43,,1,0.32,0,6.00,0.00,2.80,6-3.2,2,1915261828713996288,极兔快递,JT0016249376348,服饰,江苏省,
能源小区智慧社区服务站_站点-能源小区智慧社区服务站,能源小区智慧社区服务站,能源小区智慧社区服务站,快递,2025-04-24 12:29:11,,3,2.52,0,10.00,0.00,5.50,55% ,2,1915261697486807040,极兔快递,JT0016248763363,服饰,广东省,
能源小区智慧社区服务站_站点-能源小区智慧社区服务站,能源小区智慧社区服务站,能源小区智慧社区服务站,快递,2025-04-24 11:13:26,,1,0.2,0,6.00,0.00,2.80,6-3.2,2,1915242628901560320,极兔快递,JT0016249640765,生活用品,陕西省,
能源小区智慧社区服务站_站点-能源小区智慧社区服务站,能源小区智慧社区服务站,能源小区智慧社区服务站,快递,2025-04-23 20:29:48,,1,0.4,0,6.00,0.00,2.80,6-3.2,2,1915020259134197760,极兔快递,JT0016242456145,服饰,浙江省,
能源小区智慧社区服务站_站点-能源小区智慧社区服务站,能源小区智慧社区服务站,能源小区智慧社区服务站,快递,2025-04-23 20:25:24,,1,0.26,0,6.00,0.00,2.80,6-3.2,2,1915019147668803584,极兔快递,JT0016242701469,服饰,浙江省,
能源小区智慧社区服务站_站点-能源小区智慧社区服务站,能源小区智慧社区服务站,能源小区智慧社区服务站,快递,2025-04-23 20:24:53,,1,0.27,0,6.00,0.00,2.80,6-3.2,2,1915019016303202304,极兔快递,JT0016242188066,服饰,湖北省,
能源小区智慧社区服务站_站点-能源小区智慧社区服务站,能源小区智慧社区服务站,能源小区智慧社区服务站,快递,2025-04-23 20:24:24,,1,0.52,0,6.00,0.00,2.80,6-3.2,2,1915018894760660992,极兔快递,JT0016236462362,服饰,山东省,
能源小区智慧社区服务站_站点-能源小区智慧社区服务站,能源小区智慧社区服务站,能源小区智慧社区服务站,快递,2025-04-23 20:23:54,,1,0.81,0,6.00,0.00,2.80,6-3.2,2,1915018770206609408,极兔快递,JT0016243331577,服饰,浙江省,
能源小区智慧社区服务站_站点-能源小区智慧社区服务站,能源小区智慧社区服务站,能源小区智慧社区服务站,快递,2025-04-23 20:02:05,,1,0.38,0,6.00,0.00,2.80,6-3.2,2,1915013278654713856,极兔快递,JT0016242930283,服饰,江苏省,
能源小区智慧社区服务站_站点-能源小区智慧社区服务站,能源小区智慧社区服务站,能源小区智慧社区服务站,快递,2025-04-23 19:46:42,,2,0.94,1,8.00,0.00,4.08,51% ,2,1915009252894625792,极兔快递,JT0016225744771,生活用品,浙江省,
能源小区智慧社区服务站_站点-能源小区智慧社区服务站,能源小区智慧社区服务站,能源小区智慧社区服务站,快递,2025-04-23 19:37:58,,1,0.34,0,6.00,0.00,2.80,6-3.2,2,1915007213502386176,极兔快递,JT0016242081547,服饰,浙江省,
能源小区智慧社区服务站_站点-能源小区智慧社区服务站,能源小区智慧社区服务站,能源小区智慧社区服务站,快递,2025-04-23 19:34:48,,1,0.2,0,6.00,0.00,2.80,6-3.2,2,1915006406941921280,极兔快递,JT0016215359915,服饰,浙江省,
能源小区智慧社区服务站_站点-能源小区智慧社区服务站,能源小区智慧社区服务站,能源小区智慧社区服务站,快递,2025-04-23 19:34:13,,1,0.2,0,6.00,0.00,2.80,6-3.2,2,1915006272229265408,极兔快递,JT0016242059024,服饰,江苏省,
能源小区智慧社区服务站_站点-能源小区智慧社区服务站,能源小区智慧社区服务站,能源小区智慧社区服务站,快递,2025-04-23 19:32:32,,1,0.24,0,6.00,0.00,2.80,6-3.2,2,1915005844439617536,极兔快递,JT0016242728820,服饰,浙江省,
能源小区智慧社区服务站_站点-能源小区智慧社区服务站,能源小区智慧社区服务站,能源小区智慧社区服务站,快递,2025-04-23 19:21:50,,1,0.2,0,6.00,0.00,2.80,6-3.2,2,1915003151897776128,极兔快递,JT0016242925087,生活用品,广东省,
能源小区智慧社区服务站_站点-能源小区智慧社区服务站,能源小区智慧社区服务站,能源小区智慧社区服务站,快递,2025-04-23 19:17:13,,1,0.27,0,6.00,0.00,2.80,6-3.2,2,1915001990620827648,极兔快递,JT0016238513504,服饰,江苏省,
能源小区智慧社区服务站_站点-能源小区智慧社区服务站,能源小区智慧社区服务站,能源小区智慧社区服务站,快递,2025-04-23 19:16:10,,1,0.94,0,6.00,0.00,2.80,6-3.2,2,1915001722101485568,极兔快递,JT0016242793138,服饰,安徽省,
能源小区智慧社区服务站_站点-能源小区智慧社区服务站,能源小区智慧社区服务站,能源小区智慧社区服务站,快递,2025-04-23 19:15:38,,1,0.71,0,6.00,0.00,2.80,6-3.2,2,1915001595827769344,极兔快递,JT0016242038695,服饰,江苏省,
能源小区智慧社区服务站_站点-能源小区智慧社区服务站,能源小区智慧社区服务站,能源小区智慧社区服务站,快递,2025-04-23 19:14:59,,1,0.3,0,7.00,0.00,2.80,6-3.2,2,1915001425765519360,极兔快递,JT0016241930672,服饰,上海市,
能源小区智慧社区服务站_站点-能源小区智慧社区服务站,能源小区智慧社区服务站,能源小区智慧社区服务站,快递,2025-04-23 19:14:23,,1,0.74,0,6.00,0.00,2.80,6-3.2,2,1915001278591586304,极兔快递,JT0016231257641,服饰,福建省,
能源小区智慧社区服务站_站点-能源小区智慧社区服务站,能源小区智慧社区服务站,能源小区智慧社区服务站,快递,2025-04-23 19:08:46,,1,0.76,0,6.00,0.00,2.80,6-3.2,2,1914999858937122816,极兔快递,JT0016242145409,生活用品,福建省,
能源小区智慧社区服务站_站点-能源小区智慧社区服务站,能源小区智慧社区服务站,能源小区智慧社区服务站,快递,2025-04-23 19:08:09,,1,0.2,0,6.00,0.00,2.80,6-3.2,2,1914999703831760896,极兔快递,JT0016239535021,生活用品,广东省,
能源小区智慧社区服务站_站点-能源小区智慧社区服务站,能源小区智慧社区服务站,能源小区智慧社区服务站,快递,2025-04-23 19:07:36,,1,0.36,0,6.00,0.00,2.80,6-3.2,2,1914999573971914752,极兔快递,JT0016243057337,服饰,广东省,
能源小区智慧社区服务站_站点-能源小区智慧社区服务站,能源小区智慧社区服务站,能源小区智慧社区服务站,快递,2025-04-23 18:58:22,,1,0.2,0,6.00,0.00,2.80,6-3.2,2,1914997249090179072,极兔快递,JT0016239692224,服饰,广东省,
能源小区智慧社区服务站_站点-能源小区智慧社区服务站,能源小区智慧社区服务站,能源小区智慧社区服务站,快递,2025-04-23 18:56:27,2025-04-23 10:57:13,1,,,6.00,,0.00,,2,1914996766191570944,极兔快递,JT0016241521724,服饰,陕西省,已全额退款
能源小区智慧社区服务站_站点-能源小区智慧社区服务站,能源小区智慧社区服务站,能源小区智慧社区服务站,快递,2025-04-23 18:53:24,,1,0.72,0,6.00,0.00,2.80,6-3.2,2,1914995996389986304,极兔快递,JT0016234639248,服饰,广东省,
能源小区智慧社区服务站_站点-能源小区智慧社区服务站,能源小区智慧社区服务站,能源小区智慧社区服务站,快递,2025-04-23 18:12:20,,1,0.52,0,6.00,0.00,2.80,6-3.2,2,1914985641991393280,极兔快递,JT0016239278308,服饰,四川省,
能源小区智慧社区服务站_站点-能源小区智慧社区服务站,能源小区智慧社区服务站,能源小区智慧社区服务站,快递,2025-04-23 17:28:46,,1,0.44,0,6.00,0.00,2.80,6-3.2,2,1914974700650287104,极兔快递,JT0016240032041,服饰,广东省,
能源小区智慧社区服务站_站点-能源小区智慧社区服务站,能源小区智慧社区服务站,能源小区智慧社区服务站,快递,2025-04-23 17:24:05,,1,0.83,0,6.00,0.00,2.80,6-3.2,2,1914973521111339008,极兔快递,JT0016239273519,服饰,浙江省,
能源小区智慧社区服务站_站点-能源小区智慧社区服务站,能源小区智慧社区服务站,能源小区智慧社区服务站,快递,2025-04-23 17:22:22,,1,0.8,0,6.00,0.00,2.80,6-3.2,2,1914973089651675136,极兔快递,JT0016230623721,服饰,浙江省,
能源小区智慧社区服务站_站点-能源小区智慧社区服务站,能源小区智慧社区服务站,能源小区智慧社区服务站,快递,2025-04-23 17:00:39,,1,0.28,0,6.00,0.00,2.80,6-3.2,2,1914967626797207552,极兔快递,JT0016241083190,服饰,广东省,
能源小区智慧社区服务站_站点-能源小区智慧社区服务站,能源小区智慧社区服务站,能源小区智慧社区服务站,快递,2025-04-23 16:59:08,,1,0.39,0,6.00,0.00,2.80,6-3.2,2,1914967244629004288,极兔快递,JT0016238501533,服饰,广东省,
能源小区智慧社区服务站_站点-能源小区智慧社区服务站,能源小区智慧社区服务站,能源小区智慧社区服务站,快递,2025-04-23 16:52:36,,1,0.2,0,6.00,0.00,2.80,6-3.2,2,1914965594174574592,极兔快递,JT0016240824740,生活用品,浙江省,
能源小区智慧社区服务站_站点-能源小区智慧社区服务站,能源小区智慧社区服务站,能源小区智慧社区服务站,快递,2025-04-23 16:51:56,,1,0.2,0,6.00,0.00,2.80,6-3.2,2,1914965424280096768,极兔快递,JT0016239369650,服饰,浙江省,
能源小区智慧社区服务站_站点-能源小区智慧社区服务站,能源小区智慧社区服务站,能源小区智慧社区服务站,快递,2025-04-23 16:51:02,,1,0.2,0,6.00,0.00,2.80,6-3.2,2,1914965200547532800,极兔快递,JT0016235579987,服饰,广东省,
能源小区智慧社区服务站_站点-能源小区智慧社区服务站,能源小区智慧社区服务站,能源小区智慧社区服务站,快递,2025-04-23 16:50:13,,1,0.2,0,6.00,0.00,2.80,6-3.2,2,1914964994183581696,极兔快递,JT0016233885112,服饰,广东省,
能源小区智慧社区服务站_站点-能源小区智慧社区服务站,能源小区智慧社区服务站,能源小区智慧社区服务站,快递,2025-04-23 16:49:16,,1,0.2,0,6.00,0.00,2.80,6-3.2,2,1914964758346256384,极兔快递,JT0016236810587,服饰,广东省,
能源小区智慧社区服务站_站点-能源小区智慧社区服务站,能源小区智慧社区服务站,能源小区智慧社区服务站,快递,2025-04-23 16:06:43,,1,0.2,0,6.00,0.00,2.80,6-3.2,2,1914954044156071936,极兔快递,JT0016238216465,生活用品,福建省,
能源小区智慧社区服务站_站点-能源小区智慧社区服务站,能源小区智慧社区服务站,能源小区智慧社区服务站,快递,2025-04-23 15:56:23,,3,2.87,0,10.00,0.00,5.50,55% ,2,1914951450851463168,极兔快递,JT0016238366936,生活用品,山东省,
能源小区智慧社区服务站_站点-能源小区智慧社区服务站,能源小区智慧社区服务站,能源小区智慧社区服务站,快递,2025-04-23 15:45:47,,1,0.2,0,6.00,0.00,2.80,6-3.2,2,1914948778769436672,极兔快递,JT0016239074776,服饰,广东省,
能源小区智慧社区服务站_站点-能源小区智慧社区服务站,能源小区智慧社区服务站,能源小区智慧社区服务站,快递,2025-04-23 15:44:55,,1,0.85,0,6.00,0.00,2.80,6-3.2,2,1914948562976690176,极兔快递,JT0016238607619,服饰,广东省,
能源小区智慧社区服务站_站点-能源小区智慧社区服务站,能源小区智慧社区服务站,能源小区智慧社区服务站,快递,2025-04-23 15:07:23,,1,0.2,0,6.00,0.00,2.80,6-3.2,2,1914939116305174528,极兔快递,JT0016236804732,服饰,山东省,
能源小区智慧社区服务站_站点-能源小区智慧社区服务站,能源小区智慧社区服务站,能源小区智慧社区服务站,快递,2025-04-23 13:40:55,,1,0.93,0,6.00,0.00,2.80,6-3.2,2,1914917360509046784,极兔快递,JT0016230623965,生活用品,广东省,
能源小区智慧社区服务站_站点-能源小区智慧社区服务站,能源小区智慧社区服务站,能源小区智慧社区服务站,快递,2025-04-23 11:28:34,,1,0.2,0,6.00,0.00,2.80,6-3.2,2,1914884045601165312,极兔快递,JT0016232514453,服饰,广东省,
能源小区智慧社区服务站_站点-能源小区智慧社区服务站,能源小区智慧社区服务站,能源小区智慧社区服务站,快递,2025-04-23 11:28:01,,1,0.48,0,6.00,0.00,2.80,6-3.2,2,1914883914151677952,极兔快递,JT0016232686846,服饰,山东省,
能源小区智慧社区服务站_站点-能源小区智慧社区服务站,能源小区智慧社区服务站,能源小区智慧社区服务站,快递,2025-04-23 11:16:31,,1,0.32,0,6.00,0.00,2.80,6-3.2,2,1914881014948089856,极兔快递,JT0016231143034,生活用品,浙江省,
能源小区智慧社区服务站_站点-能源小区智慧社区服务站,能源小区智慧社区服务站,能源小区智慧社区服务站,快递,2025-04-23 11:11:41,,2,1.42,0,8.00,0.00,4.08,51% ,2,1914879799992438784,极兔快递,JT0016231661500,生活用品,陕西省,
能源小区智慧社区服务站_站点-能源小区智慧社区服务站,能源小区智慧社区服务站,能源小区智慧社区服务站,快递,2025-04-23 10:45:21,,1,0.48,0,6.00,0.00,2.80,6-3.2,2,1914873028011806720,极兔快递,JT0016231907388,服饰,广东省,
能源小区智慧社区服务站_站点-能源小区智慧社区服务站,能源小区智慧社区服务站,能源小区智慧社区服务站,快递,2025-04-23 10:43:33,,1,0.41,0,6.00,0.00,2.80,6-3.2,2,1914872719004848128,极兔快递,JT0016230639448,服饰,江苏省,
能源小区智慧社区服务站_站点-能源小区智慧社区服务站,能源小区智慧社区服务站,能源小区智慧社区服务站,快递,2025-04-23 10:15:34,,1,0.2,0,6.00,0.00,2.80,6-3.2,2,1914865679134019584,极兔快递,JT0016227420859,生活用品,贵州省,
能源小区智慧社区服务站_站点-能源小区智慧社区服务站,能源小区智慧社区服务站,能源小区智慧社区服务站,快递,2025-04-22 21:09:05,,1,0.73,0,6.00,0.00,2.80,6-3.2,2,1914667584165171200,极兔快递,JT0016212155294,生活用品,福建省,
能源小区智慧社区服务站_站点-能源小区智慧社区服务站,能源小区智慧社区服务站,能源小区智慧社区服务站,快递,2025-04-22 21:06:38,,1,0.99,0,6.00,0.00,2.80,6-3.2,2,1914667138289684480,极兔快递,JT0016225810732,生活用品,浙江省,
能源小区智慧社区服务站_站点-能源小区智慧社区服务站,能源小区智慧社区服务站,能源小区智慧社区服务站,快递,2025-04-22 20:50:32,,1,0.2,0,6.00,0.00,2.80,6-3.2,2,1914663078446682112,极兔快递,JT0016220273536,服饰,福建省,
能源小区智慧社区服务站_站点-能源小区智慧社区服务站,能源小区智慧社区服务站,能源小区智慧社区服务站,快递,2025-04-22 20:49:58,,1,0.26,0,6.00,0.00,2.80,6-3.2,2,1914662940596686848,极兔快递,JT0016218457800,服饰,福建省,
能源小区智慧社区服务站_站点-能源小区智慧社区服务站,能源小区智慧社区服务站,能源小区智慧社区服务站,快递,2025-04-22 20:48:57,,1,0.35,0,6.00,0.00,2.80,6-3.2,2,1914662680751165440,极兔快递,JT0016220613908,服饰,浙江省,
能源小区智慧社区服务站_站点-能源小区智慧社区服务站,能源小区智慧社区服务站,能源小区智慧社区服务站,快递,2025-04-22 20:48:21,,1,0.22,0,6.00,0.00,2.80,6-3.2,2,1914662517756317696,极兔快递,JT0016224139398,服饰,河北省,
能源小区智慧社区服务站_站点-能源小区智慧社区服务站,能源小区智慧社区服务站,能源小区智慧社区服务站,快递,2025-04-22 20:47:31,,4,1.46,2,12.00,0.00,6.00,50% ,2,1914662330824577024,极兔快递,JT0016225153585,生活用品,福建省,
能源小区智慧社区服务站_站点-能源小区智慧社区服务站,能源小区智慧社区服务站,能源小区智慧社区服务站,快递,2025-04-22 20:46:36,,1,0.2,0,6.00,0.00,2.80,6-3.2,2,1914662082643415040,极兔快递,JT0016221484973,服饰,广东省,
能源小区智慧社区服务站_站点-能源小区智慧社区服务站,能源小区智慧社区服务站,能源小区智慧社区服务站,快递,2025-04-22 20:45:53,,6,4.95,1,18.00,3.00,9.00,50% ,2,1914661917220065280,极兔快递,JT0016225102803,服饰,浙江省,
能源小区智慧社区服务站_站点-能源小区智慧社区服务站,能源小区智慧社区服务站,能源小区智慧社区服务站,快递,2025-04-22 20:44:24,,2,0.68,1,8.00,0.00,4.08,51% ,2,1914661547978706944,极兔快递,JT0016226720278,服饰,浙江省,
能源小区智慧社区服务站_站点-能源小区智慧社区服务站,能源小区智慧社区服务站,能源小区智慧社区服务站,快递,2025-04-22 20:37:29,,1,0.36,0,6.00,0.00,2.80,6-3.2,2,1914659796940673024,极兔快递,JT0016222590983,服饰,辽宁省,
能源小区智慧社区服务站_站点-能源小区智慧社区服务站,能源小区智慧社区服务站,能源小区智慧社区服务站,快递,2025-04-22 20:36:50,,1,0.85,0,6.00,0.00,2.80,6-3.2,2,1914659635367694336,极兔快递,JT0016225699005,服饰,浙江省,
能源小区智慧社区服务站_站点-能源小区智慧社区服务站,能源小区智慧社区服务站,能源小区智慧社区服务站,快递,2025-04-22 20:36:15,,1,0.32,0,6.00,0.00,2.80,6-3.2,2,1914659441209167872,极兔快递,JT0016224594073,服饰,湖北省,
能源小区智慧社区服务站_站点-能源小区智慧社区服务站,能源小区智慧社区服务站,能源小区智慧社区服务站,快递,2025-04-22 20:22:23,,1,0.24,0,6.00,0.00,2.80,6-3.2,2,1914656005226942464,极兔快递,JT0016223485338,服饰,浙江省,
能源小区智慧社区服务站_站点-能源小区智慧社区服务站,能源小区智慧社区服务站,能源小区智慧社区服务站,快递,2025-04-22 20:20:56,,1,0.69,0,6.00,0.00,2.80,6-3.2,2,1914655640989388800,极兔快递,JT0016226180414,服饰,广东省,
能源小区智慧社区服务站_站点-能源小区智慧社区服务站,能源小区智慧社区服务站,能源小区智慧社区服务站,快递,2025-04-22 20:16:44,,1,0.57,0,6.00,0.00,2.80,6-3.2,2,1914654585522147328,极兔快递,JT0016226768124,服饰,湖南省,
能源小区智慧社区服务站_站点-能源小区智慧社区服务站,能源小区智慧社区服务站,能源小区智慧社区服务站,快递,2025-04-22 20:05:54,,1,0.42,0,7.00,0.00,2.80,6-3.2,2,1914651857102229504,极兔快递,JT0016224069969,服饰,上海市,
能源小区智慧社区服务站_站点-能源小区智慧社区服务站,能源小区智慧社区服务站,能源小区智慧社区服务站,快递,2025-04-22 19:56:50,,1,0.48,0,6.00,0.00,2.80,6-3.2,2,1914649574335500288,极兔快递,JT0016217970382,服饰,安徽省,
能源小区智慧社区服务站_站点-能源小区智慧社区服务站,能源小区智慧社区服务站,能源小区智慧社区服务站,快递,2025-04-22 19:54:51,,1,0.25,0,6.00,0.00,2.80,6-3.2,2,1914649075410456576,极兔快递,JT0016226506788,服饰,广东省,
能源小区智慧社区服务站_站点-能源小区智慧社区服务站,能源小区智慧社区服务站,能源小区智慧社区服务站,快递,2025-04-22 19:53:26,,1,0.2,0,6.00,0.00,2.80,6-3.2,2,1914648694970306560,极兔快递,JT0016226509329,生活用品,广东省,
能源小区智慧社区服务站_站点-能源小区智慧社区服务站,能源小区智慧社区服务站,能源小区智慧社区服务站,快递,2025-04-22 19:52:03,,1,0.32,0,6.00,0.00,2.52,42% ,2,1914648334566346752,韵达快递,312720390203242,服饰,广东省,
能源小区智慧社区服务站_站点-能源小区智慧社区服务站,能源小区智慧社区服务站,能源小区智慧社区服务站,快递,2025-04-22 19:50:42,,1,0.61,0,6.00,0.00,2.80,6-3.2,2,1914648025043488768,极兔快递,JT0016225326865,服饰,河南省,
能源小区智慧社区服务站_站点-能源小区智慧社区服务站,能源小区智慧社区服务站,能源小区智慧社区服务站,快递,2025-04-22 19:49:46,,1,0.25,0,6.00,0.00,2.80,6-3.2,2,1914647795531173888,极兔快递,JT0016226737550,服饰,福建省,
能源小区智慧社区服务站_站点-能源小区智慧社区服务站,能源小区智慧社区服务站,能源小区智慧社区服务站,快递,2025-04-22 19:48:32,,1,0.33,0,6.00,0.00,2.80,6-3.2,2,1914647484997488640,极兔快递,JT0016225166383,服饰,浙江省,
能源小区智慧社区服务站_站点-能源小区智慧社区服务站,能源小区智慧社区服务站,能源小区智慧社区服务站,快递,2025-04-22 19:38:20,,1,0.36,0,6.00,0.00,2.80,6-3.2,2,1914644917898891264,极兔快递,JT0016225718224,服饰,湖南省,
能源小区智慧社区服务站_站点-能源小区智慧社区服务站,能源小区智慧社区服务站,能源小区智慧社区服务站,快递,2025-04-22 19:37:05,,2,0.47,1,8.00,0.00,4.08,51% ,2,1914644604810874880,极兔快递,JT0016227135369,生活用品,河北省,
能源小区智慧社区服务站_站点-能源小区智慧社区服务站,能源小区智慧社区服务站,能源小区智慧社区服务站,快递,2025-04-22 19:33:10,,1,0.2,0,6.00,0.00,2.80,6-3.2,2,1914643620122513408,极兔快递,JT0016226061173,生活用品,吉林省,
能源小区智慧社区服务站_站点-能源小区智慧社区服务站,能源小区智慧社区服务站,能源小区智慧社区服务站,快递,2025-04-22 19:30:44,,1,0.25,0,6.00,0.00,2.80,6-3.2,2,1914643007133372416,极兔快递,JT0016226886316,生活用品,广东省,
能源小区智慧社区服务站_站点-能源小区智慧社区服务站,能源小区智慧社区服务站,能源小区智慧社区服务站,快递,2025-04-22 19:28:06,,1,0.2,0,6.00,0.00,2.80,6-3.2,2,1914642345364475904,极兔快递,JT0016227043852,生活用品,浙江省,
能源小区智慧社区服务站_站点-能源小区智慧社区服务站,能源小区智慧社区服务站,能源小区智慧社区服务站,快递,2025-04-22 19:25:27,,1,0.57,0,6.00,0.00,2.80,6-3.2,2,1914641679791345664,极兔快递,JT0016221207252,服饰,山东省,
能源小区智慧社区服务站_站点-能源小区智慧社区服务站,能源小区智慧社区服务站,能源小区智慧社区服务站,快递,2025-04-22 19:13:48,,1,0.39,0,6.00,0.00,2.80,6-3.2,2,1914638590321545216,极兔快递,JT0016220021291,服饰,湖南省,
能源小区智慧社区服务站_站点-能源小区智慧社区服务站,能源小区智慧社区服务站,能源小区智慧社区服务站,快递,2025-04-22 19:07:39,,1,0.52,0,7.00,0.00,2.80,6-3.2,2,1914637195296034816,极兔快递,JT0016225673943,服饰,上海市,
能源小区智慧社区服务站_站点-能源小区智慧社区服务站,能源小区智慧社区服务站,能源小区智慧社区服务站,快递,2025-04-22 18:50:33,,1,0.29,0,6.00,0.00,2.80,6-3.2,2,1914632891671695360,极兔快递,JT0016225269540,服饰,浙江省,
能源小区智慧社区服务站_站点-能源小区智慧社区服务站,能源小区智慧社区服务站,能源小区智慧社区服务站,快递,2025-04-22 18:34:23,,2,1.07,0,8.00,0.00,4.08,51% ,2,1914628823419113472,极兔快递,JT0016222410669,服饰,江苏省,
能源小区智慧社区服务站_站点-能源小区智慧社区服务站,能源小区智慧社区服务站,能源小区智慧社区服务站,快递,2025-04-22 18:33:46,,1,0.6,0,6.00,0.00,2.80,6-3.2,2,1914628660839501824,极兔快递,JT0016216072501,服饰,广东省,
能源小区智慧社区服务站_站点-能源小区智慧社区服务站,能源小区智慧社区服务站,能源小区智慧社区服务站,快递,2025-04-22 18:25:18,,1,0.2,0,6.00,0.00,2.80,6-3.2,2,1914626540463640576,极兔快递,JT0016213128215,生活用品,福建省,
能源小区智慧社区服务站_站点-能源小区智慧社区服务站,能源小区智慧社区服务站,能源小区智慧社区服务站,快递,2025-04-22 18:22:39,,4,2.69,1,12.00,0.00,6.00,50% ,2,1914625871887388672,极兔快递,JT0016224977530,生活用品,浙江省,
能源小区智慧社区服务站_站点-能源小区智慧社区服务站,能源小区智慧社区服务站,能源小区智慧社区服务站,快递,2025-04-22 18:17:48,,1,0.2,0,6.00,0.00,2.80,6-3.2,2,1914624648543129600,极兔快递,JT0016223961996,生活用品,浙江省,
能源小区智慧社区服务站_站点-能源小区智慧社区服务站,能源小区智慧社区服务站,能源小区智慧社区服务站,快递,2025-04-22 18:00:29,,1,0.28,0,6.00,0.00,2.80,6-3.2,2,1914620289893715968,极兔快递,JT0016224557482,服饰,山东省,
能源小区智慧社区服务站_站点-能源小区智慧社区服务站,能源小区智慧社区服务站,能源小区智慧社区服务站,快递,2025-04-22 17:59:26,,1,0.2,0,6.00,0.00,2.80,6-3.2,2,1914620023786098688,极兔快递,JT0016208025719,服饰,湖北省,
能源小区智慧社区服务站_站点-能源小区智慧社区服务站,能源小区智慧社区服务站,能源小区智慧社区服务站,快递,2025-04-22 17:58:33,,1,0.42,0,6.00,0.00,2.80,6-3.2,2,1914619800011591680,极兔快递,JT0016219464843,服饰,山东省,
能源小区智慧社区服务站_站点-能源小区智慧社区服务站,能源小区智慧社区服务站,能源小区智慧社区服务站,快递,2025-04-22 17:57:36,,1,0.44,0,6.00,0.00,2.80,6-3.2,2,1914619564258152448,极兔快递,JT0016225123060,服饰,山东省,
能源小区智慧社区服务站_站点-能源小区智慧社区服务站,能源小区智慧社区服务站,能源小区智慧社区服务站,快递,2025-04-22 17:56:36,,1,0.45,0,6.00,0.00,2.80,6-3.2,2,1914619315166826496,极兔快递,JT0016223488157,服饰,浙江省,
能源小区智慧社区服务站_站点-能源小区智慧社区服务站,能源小区智慧社区服务站,能源小区智慧社区服务站,快递,2025-04-22 17:53:30,,1,0.2,0,6.00,0.00,2.80,6-3.2,2,1914618537932935168,极兔快递,JT0016224277976,服饰,陕西省,
能源小区智慧社区服务站_站点-能源小区智慧社区服务站,能源小区智慧社区服务站,能源小区智慧社区服务站,快递,2025-04-22 17:31:34,,1,0.26,0,6.00,0.00,2.80,6-3.2,2,1914613017440342016,极兔快递,JT0016208763163,服饰,广东省,
能源小区智慧社区服务站_站点-能源小区智慧社区服务站,能源小区智慧社区服务站,能源小区智慧社区服务站,快递,2025-04-22 17:11:53,,1,0.2,0,6.00,0.00,2.80,6-3.2,2,1914608049954148352,极兔快递,JT0016220307501,服饰,广东省,
能源小区智慧社区服务站_站点-能源小区智慧社区服务站,能源小区智慧社区服务站,能源小区智慧社区服务站,快递,2025-04-22 17:11:19,,1,0.2,0,6.00,0.00,2.80,6-3.2,2,1914607913878343680,极兔快递,JT0016220330189,生活用品,广东省,
能源小区智慧社区服务站_站点-能源小区智慧社区服务站,能源小区智慧社区服务站,能源小区智慧社区服务站,快递,2025-04-22 17:10:37,,1,0.59,0,6.00,0.00,2.80,6-3.2,2,1914607721758248960,极兔快递,JT0016223880889,服饰,广东省,
能源小区智慧社区服务站_站点-能源小区智慧社区服务站,能源小区智慧社区服务站,能源小区智慧社区服务站,快递,2025-04-22 17:08:29,,1,0.46,0,6.00,0.00,2.80,6-3.2,2,1914607207406555136,极兔快递,JT0016222794543,服饰,广东省,
能源小区智慧社区服务站_站点-能源小区智慧社区服务站,能源小区智慧社区服务站,能源小区智慧社区服务站,快递,2025-04-22 16:53:49,,1,0.2,0,6.00,0.00,2.80,6-3.2,2,1914603511612362752,极兔快递,JT0016219332182,生活用品,河南省,
能源小区智慧社区服务站_站点-能源小区智慧社区服务站,能源小区智慧社区服务站,能源小区智慧社区服务站,快递,2025-04-22 16:53:15,,1,0.23,0,6.00,0.00,2.80,6-3.2,2,1914603369748418560,极兔快递,JT0016224001199,生活用品,浙江省,
能源小区智慧社区服务站_站点-能源小区智慧社区服务站,能源小区智慧社区服务站,能源小区智慧社区服务站,快递,2025-04-22 16:52:33,,1,0.37,0,6.00,0.00,2.80,6-3.2,2,1914603198729867264,极兔快递,JT0016186075235,服饰,河南省,
能源小区智慧社区服务站_站点-能源小区智慧社区服务站,能源小区智慧社区服务站,能源小区智慧社区服务站,快递,2025-04-22 16:43:28,,6,4.21,1,18.00,3.00,9.00,50% ,2,1914600892663779328,极兔快递,JT0016222721211,生活用品,山西省,
能源小区智慧社区服务站_站点-能源小区智慧社区服务站,能源小区智慧社区服务站,能源小区智慧社区服务站,快递,2025-04-22 16:39:30,,1,0.2,0,6.00,0.00,2.80,6-3.2,2,1914599910647189504,极兔快递,JT0016223878474,服饰,河北省,
能源小区智慧社区服务站_站点-能源小区智慧社区服务站,能源小区智慧社区服务站,能源小区智慧社区服务站,快递,2025-04-22 16:38:18,,1,0.34,0,6.00,0.00,2.80,6-3.2,2,1914599614520938496,极兔快递,JT0016223842727,服饰,湖北省,
能源小区智慧社区服务站_站点-能源小区智慧社区服务站,能源小区智慧社区服务站,能源小区智慧社区服务站,快递,2025-04-22 16:37:11,,1,0.2,0,6.00,0.00,2.80,6-3.2,2,1914599326456139776,极兔快递,JT0016221965486,服饰,湖北省,
能源小区智慧社区服务站_站点-能源小区智慧社区服务站,能源小区智慧社区服务站,能源小区智慧社区服务站,快递,2025-04-22 15:53:36,,1,0.2,0,6.00,0.00,2.80,6-3.2,2,1914588356312748032,极兔快递,JT0016220291896,生活用品,浙江省,
能源小区智慧社区服务站_站点-能源小区智慧社区服务站,能源小区智慧社区服务站,能源小区智慧社区服务站,快递,2025-04-22 15:52:59,,1,0.4,0,6.00,0.00,2.80,6-3.2,2,1914588201970749440,极兔快递,JT0016221328135,生活用品,辽宁省,
能源小区智慧社区服务站_站点-能源小区智慧社区服务站,能源小区智慧社区服务站,能源小区智慧社区服务站,快递,2025-04-22 15:10:23,,1,0.56,0,6.00,0.00,2.80,6-3.2,2,1914577484668391424,极兔快递,JT0016220585671,服饰,河南省,
能源小区智慧社区服务站_站点-能源小区智慧社区服务站,能源小区智慧社区服务站,能源小区智慧社区服务站,快递,2025-04-22 14:59:18,,1,0.2,0,6.00,0.00,2.80,6-3.2,2,1914574691853324288,极兔快递,JT0016216843971,服饰,广东省,
能源小区智慧社区服务站_站点-能源小区智慧社区服务站,能源小区智慧社区服务站,能源小区智慧社区服务站,快递,2025-04-22 14:58:18,,1,0.24,0,6.00,0.00,2.80,6-3.2,2,1914574444871733248,极兔快递,JT0016220404770,服饰,广东省,
能源小区智慧社区服务站_站点-能源小区智慧社区服务站,能源小区智慧社区服务站,能源小区智慧社区服务站,快递,2025-04-22 14:57:08,,1,0.2,0,6.00,0.00,2.80,6-3.2,2,1914574151668912128,极兔快递,JT0016220132123,服饰,吉林省,
能源小区智慧社区服务站_站点-能源小区智慧社区服务站,能源小区智慧社区服务站,能源小区智慧社区服务站,快递,2025-04-22 14:56:01,,1,0.92,0,6.00,0.00,2.80,6-3.2,2,1914573871279689728,极兔快递,JT0016215330012,服饰,广东省,
能源小区智慧社区服务站_站点-能源小区智慧社区服务站,能源小区智慧社区服务站,能源小区智慧社区服务站,快递,2025-04-22 14:54:53,,1,0.48,0,6.00,0.00,2.80,6-3.2,2,1914573583432994816,极兔快递,JT0016219438518,服饰,广东省,
能源小区智慧社区服务站_站点-能源小区智慧社区服务站,能源小区智慧社区服务站,能源小区智慧社区服务站,快递,2025-04-22 14:54:04,,1,0.2,0,6.00,0.00,2.80,6-3.2,2,1914573375588454400,极兔快递,JT0016216459908,服饰,浙江省,
能源小区智慧社区服务站_站点-能源小区智慧社区服务站,能源小区智慧社区服务站,能源小区智慧社区服务站,快递,2025-04-22 14:53:07,,1,0.2,0,6.00,0.00,2.80,6-3.2,2,1914573140657098752,极兔快递,JT0016218991650,服饰,广东省,
能源小区智慧社区服务站_站点-能源小区智慧社区服务站,能源小区智慧社区服务站,能源小区智慧社区服务站,快递,2025-04-22 13:29:57,,1,0.2,0,6.00,0.00,2.80,6-3.2,2,1914552212497813504,极兔快递,JT0016218867285,服饰,浙江省,
能源小区智慧社区服务站_站点-能源小区智慧社区服务站,能源小区智慧社区服务站,能源小区智慧社区服务站,快递,2025-04-22 12:45:14,,2,1.13,0,8.00,0.00,4.08,51% ,2,1914540953794695168,极兔快递,JT0016216928428,生活用品,浙江省,
能源小区智慧社区服务站_站点-能源小区智慧社区服务站,能源小区智慧社区服务站,能源小区智慧社区服务站,快递,2025-04-22 12:44:46,,2,0.89,1,8.00,0.00,4.08,51% ,2,1914540840829505536,极兔快递,JT0016215698390,生活用品,河南省,
能源小区智慧社区服务站_站点-能源小区智慧社区服务站,能源小区智慧社区服务站,能源小区智慧社区服务站,快递,2025-04-22 11:41:39,,2,2.18,-1,8.00,0.00,4.08,51% ,2,1914524948179636224,极兔快递,JT0016216294271,服饰,陕西省,
能源小区智慧社区服务站_站点-能源小区智慧社区服务站,能源小区智慧社区服务站,能源小区智慧社区服务站,快递,2025-04-22 11:39:52,,1,0.22,0,6.00,0.00,2.80,6-3.2,2,1914524506611699712,极兔快递,JT0016214798683,服饰,浙江省,
能源小区智慧社区服务站_站点-能源小区智慧社区服务站,能源小区智慧社区服务站,能源小区智慧社区服务站,快递,2025-04-22 11:38:42,,1,0.2,0,6.00,0.00,2.80,6-3.2,2,1914524208019197952,极兔快递,JT0016211473973,服饰,浙江省,
能源小区智慧社区服务站_站点-能源小区智慧社区服务站,能源小区智慧社区服务站,能源小区智慧社区服务站,快递,2025-04-22 11:37:44,,1,0.2,0,6.00,0.00,2.80,6-3.2,2,1914523973649879040,极兔快递,JT0016212931582,生活用品,浙江省,
能源小区智慧社区服务站_站点-能源小区智慧社区服务站,能源小区智慧社区服务站,能源小区智慧社区服务站,快递,2025-04-22 11:36:29,,1,0.28,0,6.00,0.00,2.80,6-3.2,2,1914523650180960256,极兔快递,JT0016210931554,服饰,河北省,
能源小区智慧社区服务站_站点-能源小区智慧社区服务站,能源小区智慧社区服务站,能源小区智慧社区服务站,快递,2025-04-22 11:33:34,,1,0.29,0,6.00,0.00,2.80,6-3.2,2,1914522922607628288,极兔快递,JT0016216290781,服饰,浙江省,
能源小区智慧社区服务站_站点-能源小区智慧社区服务站,能源小区智慧社区服务站,能源小区智慧社区服务站,快递,2025-04-22 11:30:56,,1,0.2,0,6.00,0.00,2.80,6-3.2,2,1914522261383991296,极兔快递,JT0016214297484,服饰,山东省,
能源小区智慧社区服务站_站点-能源小区智慧社区服务站,能源小区智慧社区服务站,能源小区智慧社区服务站,快递,2025-04-22 11:29:29,,1,0.2,0,6.00,0.00,2.80,6-3.2,2,1914521893333815296,极兔快递,JT0016217086203,服饰,广东省,
能源小区智慧社区服务站_站点-能源小区智慧社区服务站,能源小区智慧社区服务站,能源小区智慧社区服务站,快递,2025-04-22 11:28:17,,1,0.2,0,6.00,0.00,2.80,6-3.2,2,1914521587178983424,极兔快递,JT0016215206531,服饰,湖南省,
能源小区智慧社区服务站_站点-能源小区智慧社区服务站,能源小区智慧社区服务站,能源小区智慧社区服务站,快递,2025-04-22 11:27:22,,1,0.2,0,6.00,0.00,2.80,6-3.2,2,1914521357113020416,极兔快递,JT0016217118142,服饰,广东省,
能源小区智慧社区服务站_站点-能源小区智慧社区服务站,能源小区智慧社区服务站,能源小区智慧社区服务站,快递,2025-04-22 11:26:26,,1,0.22,0,6.00,0.00,2.80,6-3.2,2,1914521123586756608,极兔快递,JT0016216284986,服饰,广东省,
能源小区智慧社区服务站_站点-能源小区智慧社区服务站,能源小区智慧社区服务站,能源小区智慧社区服务站,快递,2025-04-22 11:25:24,,1,0.2,0,6.00,0.00,2.80,6-3.2,2,1914520868061368320,极兔快递,JT0016216979816,服饰,广东省,
能源小区智慧社区服务站_站点-能源小区智慧社区服务站,能源小区智慧社区服务站,能源小区智慧社区服务站,快递,2025-04-22 11:24:03,,1,0.2,0,6.00,0.00,2.80,6-3.2,2,1914520520903020544,极兔快递,JT0016213211587,服饰,广东省,
能源小区智慧社区服务站_站点-能源小区智慧社区服务站,能源小区智慧社区服务站,能源小区智慧社区服务站,快递,2025-04-22 11:23:06,,1,0.36,0,6.00,0.00,2.80,6-3.2,2,1914520281383096320,极兔快递,JT0016212267903,服饰,浙江省,
能源小区智慧社区服务站_站点-能源小区智慧社区服务站,能源小区智慧社区服务站,能源小区智慧社区服务站,快递,2025-04-22 11:22:12,,1,0.2,0,6.00,0.00,2.80,6-3.2,2,1914520058770411520,极兔快递,JT0016207413527,服饰,广东省,
能源小区智慧社区服务站_站点-能源小区智慧社区服务站,能源小区智慧社区服务站,能源小区智慧社区服务站,快递,2025-04-22 11:21:20,,1,0.36,0,6.00,0.00,2.80,6-3.2,2,1914519839123099648,极兔快递,JT0016214148956,服饰,广东省,
能源小区智慧社区服务站_站点-能源小区智慧社区服务站,能源小区智慧社区服务站,能源小区智慧社区服务站,快递,2025-04-22 11:20:24,,1,0.39,0,6.00,0.00,2.80,6-3.2,2,1914519606179844096,极兔快递,JT0016208210577,服饰,广东省,
能源小区智慧社区服务站_站点-能源小区智慧社区服务站,能源小区智慧社区服务站,能源小区智慧社区服务站,快递,2025-04-22 10:47:27,,1,0.27,0,6.00,0.00,2.80,6-3.2,2,1914511318679736320,极兔快递,JT0016200248200,服饰,湖北省,
能源小区智慧社区服务站_站点-能源小区智慧社区服务站,能源小区智慧社区服务站,能源小区智慧社区服务站,快递,2025-04-22 10:26:36,,1,0.28,0,6.00,0.00,2.80,6-3.2,2,1914506071999696896,极兔快递,JT0016211030310,服饰,广东省,
能源小区智慧社区服务站_站点-能源小区智慧社区服务站,能源小区智慧社区服务站,能源小区智慧社区服务站,快递,2025-04-22 10:23:12,,1,0.67,0,6.00,0.00,2.80,6-3.2,2,1914505214063202304,极兔快递,JT0016213303450,服饰,广东省,
能源小区智慧社区服务站_站点-能源小区智慧社区服务站,能源小区智慧社区服务站,能源小区智慧社区服务站,快递,2025-04-22 10:21:36,,1,0.59,0,6.00,0.00,2.80,6-3.2,2,1914504812617977856,极兔快递,JT0016214793266,服饰,广东省,
能源小区智慧社区服务站_站点-能源小区智慧社区服务站,能源小区智慧社区服务站,能源小区智慧社区服务站,快递,2025-04-22 10:19:34,,1,0.2,0,6.00,0.00,2.80,6-3.2,2,1914504299801399296,极兔快递,JT0016205343826,生活用品,浙江省,
能源小区智慧社区服务站_站点-能源小区智慧社区服务站,能源小区智慧社区服务站,能源小区智慧社区服务站,快递,2025-04-22 10:09:16,,1,0.54,0,6.00,0.00,2.80,6-3.2,2,1914501711278297088,极兔快递,JT0016211991955,生活用品,广东省,
能源小区智慧社区服务站_站点-能源小区智慧社区服务站,能源小区智慧社区服务站,能源小区智慧社区服务站,快递,2025-04-22 09:58:46,,3,2.77,0,10.00,0.00,5.50,55% ,2,1914499049623310336,极兔快递,JT0016213265366,服饰,吉林省,
能源小区智慧社区服务站_站点-能源小区智慧社区服务站,能源小区智慧社区服务站,能源小区智慧社区服务站,快递,2025-04-21 20:34:19,,2,1.77,0,8.00,0.00,4.08,51% ,2,1914296558310838272,极兔快递,JT0016202099962,服饰,广东省,
能源小区智慧社区服务站_站点-能源小区智慧社区服务站,能源小区智慧社区服务站,能源小区智慧社区服务站,快递,2025-04-21 20:33:27,,1,0.41,0,6.00,0.00,2.80,6-3.2,2,1914296396465229824,极兔快递,JT0016208990117,服饰,重庆市,
能源小区智慧社区服务站_站点-能源小区智慧社区服务站,能源小区智慧社区服务站,能源小区智慧社区服务站,快递,2025-04-21 20:32:34,,1,0.3,0,6.00,0.00,2.80,6-3.2,2,1914296161689063424,极兔快递,JT0016199490499,服饰,浙江省,
能源小区智慧社区服务站_站点-能源小区智慧社区服务站,能源小区智慧社区服务站,能源小区智慧社区服务站,快递,2025-04-21 20:31:49,,1,0.2,0,6.00,0.00,2.80,6-3.2,2,1914295982659391488,极兔快递,JT0016191373212,服饰,广东省,
能源小区智慧社区服务站_站点-能源小区智慧社区服务站,能源小区智慧社区服务站,能源小区智慧社区服务站,快递,2025-04-21 20:30:54,,1,0.85,0,6.00,0.00,2.80,6-3.2,2,1914295761980280832,极兔快递,JT0016209419565,服饰,湖南省,
能源小区智慧社区服务站_站点-能源小区智慧社区服务站,能源小区智慧社区服务站,能源小区智慧社区服务站,快递,2025-04-21 20:29:48,,1,0.82,0,6.00,0.00,2.80,6-3.2,2,1914295482920652800,极兔快递,JT0016209194172,服饰,江西省,
能源小区智慧社区服务站_站点-能源小区智慧社区服务站,能源小区智慧社区服务站,能源小区智慧社区服务站,快递,2025-04-21 20:05:23,,5,3.63,1,15.00,1.50,7.50,50% ,2,1914289340265975808,极兔快递,JT0016209783254,生活用品,河北省,
能源小区智慧社区服务站_站点-能源小区智慧社区服务站,能源小区智慧社区服务站,能源小区智慧社区服务站,快递,2025-04-21 20:03:46,,2,1.11,0,8.00,0.00,4.08,51% ,2,1914288930012712960,极兔快递,JT0016207519675,生活用品,湖北省,
能源小区智慧社区服务站_站点-能源小区智慧社区服务站,能源小区智慧社区服务站,能源小区智慧社区服务站,快递,2025-04-21 20:02:11,,1,0.62,0,6.00,0.00,2.80,6-3.2,2,1914288532904398848,极兔快递,JT0016207280607,生活用品,陕西省,
能源小区智慧社区服务站_站点-能源小区智慧社区服务站,能源小区智慧社区服务站,能源小区智慧社区服务站,快递,2025-04-21 20:00:37,,1,0.2,0,6.00,0.00,2.80,6-3.2,2,1914288142456639488,极兔快递,JT0016204853216,服饰,广东省,
能源小区智慧社区服务站_站点-能源小区智慧社区服务站,能源小区智慧社区服务站,能源小区智慧社区服务站,快递,2025-04-21 19:57:09,,1,0.2,0,6.00,0.00,2.80,6-3.2,2,1914287269122854912,极兔快递,JT0016209646325,服饰,广东省,
能源小区智慧社区服务站_站点-能源小区智慧社区服务站,能源小区智慧社区服务站,能源小区智慧社区服务站,快递,2025-04-21 19:56:19,,2,0.89,1,8.00,0.00,4.08,51% ,2,1914287057536995328,极兔快递,JT0016208049551,服饰,河北省,
能源小区智慧社区服务站_站点-能源小区智慧社区服务站,能源小区智慧社区服务站,能源小区智慧社区服务站,快递,2025-04-21 19:53:30,,2,2.29,-1,8.00,0.00,4.08,51% ,2,1914286330831884288,极兔快递,JT0016209897077,生活用品,河南省,
能源小区智慧社区服务站_站点-能源小区智慧社区服务站,能源小区智慧社区服务站,能源小区智慧社区服务站,快递,2025-04-21 19:52:49,,1,0.22,0,6.00,0.00,2.80,6-3.2,2,1914286174594060288,极兔快递,JT0016197461923,服饰,广东省,
能源小区智慧社区服务站_站点-能源小区智慧社区服务站,能源小区智慧社区服务站,能源小区智慧社区服务站,快递,2025-04-21 19:37:50,,1,0.28,0,6.00,0.00,2.80,6-3.2,2,1914282404099313664,极兔快递,JT0016206888714,服饰,广东省,
能源小区智慧社区服务站_站点-能源小区智慧社区服务站,能源小区智慧社区服务站,能源小区智慧社区服务站,快递,2025-04-21 19:34:37,,1,0.4,0,6.00,0.00,2.52,42% ,2,1914281590391754752,韵达快递,312719352305974,生活用品,广东省,
能源小区智慧社区服务站_站点-能源小区智慧社区服务站,能源小区智慧社区服务站,能源小区智慧社区服务站,快递,2025-04-21 19:33:18,2025-04-21 11:34:11,1,,,6.00,,0.00,,2,1914281264578220032,极兔快递,JT0016209271877,生活用品,广东省,已全额退款
能源小区智慧社区服务站_站点-能源小区智慧社区服务站,能源小区智慧社区服务站,能源小区智慧社区服务站,快递,2025-04-21 19:33:42,2025-04-21 11:34:00,1,,,6.00,,0.00,,2,1914281358178308096,极兔快递,JT0016209643934,生活用品,广东省,已全额退款
能源小区智慧社区服务站_站点-能源小区智慧社区服务站,能源小区智慧社区服务站,能源小区智慧社区服务站,快递,2025-04-21 19:31:15,,1,0.44,0,6.00,0.00,2.80,6-3.2,2,1914280751002472448,极兔快递,JT0016207677561,生活用品,河北省,
能源小区智慧社区服务站_站点-能源小区智慧社区服务站,能源小区智慧社区服务站,能源小区智慧社区服务站,快递,2025-04-21 19:24:13,2025-04-21 11:30:44,1,,,6.00,,0.00,,2,1914278977340362752,极兔快递,JT0016203514614,服饰,陕西省,已全额退款
能源小区智慧社区服务站_站点-能源小区智慧社区服务站,能源小区智慧社区服务站,能源小区智慧社区服务站,快递,2025-04-21 19:25:18,,1,0.29,0,6.00,0.00,2.80,6-3.2,2,1914279247763918848,极兔快递,JT0016206821615,生活用品,陕西省,
能源小区智慧社区服务站_站点-能源小区智慧社区服务站,能源小区智慧社区服务站,能源小区智慧社区服务站,快递,2025-04-21 19:14:45,,1,0.2,0,6.00,0.00,2.80,6-3.2,2,1914276596028461056,极兔快递,JT0016209422835,服饰,广东省,
能源小区智慧社区服务站_站点-能源小区智慧社区服务站,能源小区智慧社区服务站,能源小区智慧社区服务站,快递,2025-04-21 19:11:14,,2,0.99,1,8.00,0.00,4.08,51% ,2,1914275707259637760,极兔快递,JT0016209843698,食品,湖南省,
能源小区智慧社区服务站_站点-能源小区智慧社区服务站,能源小区智慧社区服务站,能源小区智慧社区服务站,快递,2025-04-21 19:10:36,,1,0.2,0,6.00,0.00,2.80,6-3.2,2,1914275553035079680,极兔快递,JT0016209359371,服饰,福建省,
能源小区智慧社区服务站_站点-能源小区智慧社区服务站,能源小区智慧社区服务站,能源小区智慧社区服务站,快递,2025-04-21 19:05:17,,1,0.27,0,6.00,0.00,2.80,6-3.2,2,1914274215039520768,极兔快递,JT0016198041386,服饰,广东省,
能源小区智慧社区服务站_站点-能源小区智慧社区服务站,能源小区智慧社区服务站,能源小区智慧社区服务站,快递,2025-04-21 18:47:45,,1,0.4,0,6.00,0.00,2.80,6-3.2,2,1914269798953308160,极兔快递,JT0016204420276,服饰,陕西省,
能源小区智慧社区服务站_站点-能源小区智慧社区服务站,能源小区智慧社区服务站,能源小区智慧社区服务站,快递,2025-04-21 18:45:50,,1,0.2,0,6.00,0.00,2.80,6-3.2,2,1914269312812503040,极兔快递,JT0016197089365,生活用品,浙江省,
能源小区智慧社区服务站_站点-能源小区智慧社区服务站,能源小区智慧社区服务站,能源小区智慧社区服务站,快递,2025-04-21 18:44:46,,1,0.2,0,6.00,0.00,2.80,6-3.2,2,1914269051427672064,极兔快递,JT0016208516701,生活用品,广东省,
能源小区智慧社区服务站_站点-能源小区智慧社区服务站,能源小区智慧社区服务站,能源小区智慧社区服务站,快递,2025-04-21 18:42:51,,1,0.2,0,6.00,0.00,2.80,6-3.2,2,1914268567283355648,极兔快递,JT0016206869527,生活用品,江西省,
能源小区智慧社区服务站_站点-能源小区智慧社区服务站,能源小区智慧社区服务站,能源小区智慧社区服务站,快递,2025-04-21 18:40:18,,1,0.36,0,6.00,0.00,2.80,6-3.2,2,1914267921071132672,极兔快递,JT0016208418205,服饰,河南省,
能源小区智慧社区服务站_站点-能源小区智慧社区服务站,能源小区智慧社区服务站,能源小区智慧社区服务站,快递,2025-04-21 18:39:43,,1,0.25,0,6.00,0.00,2.80,6-3.2,2,1914267781824434176,极兔快递,JT0016207988279,服饰,福建省,
能源小区智慧社区服务站_站点-能源小区智慧社区服务站,能源小区智慧社区服务站,能源小区智慧社区服务站,快递,2025-04-21 18:38:27,,1,0.33,0,6.00,0.00,2.80,6-3.2,2,1914267463204130816,极兔快递,JT0016208591810,服饰,广东省,
能源小区智慧社区服务站_站点-能源小区智慧社区服务站,能源小区智慧社区服务站,能源小区智慧社区服务站,快递,2025-04-21 18:35:39,,1,0.2,0,6.00,0.00,2.80,6-3.2,2,1914266737933471744,极兔快递,JT0016204658079,服饰,浙江省,
能源小区智慧社区服务站_站点-能源小区智慧社区服务站,能源小区智慧社区服务站,能源小区智慧社区服务站,快递,2025-04-21 18:33:59,,1,0.2,0,6.00,0.00,2.80,6-3.2,2,1914266331656409088,极兔快递,JT0016205906873,服饰,广东省,
能源小区智慧社区服务站_站点-能源小区智慧社区服务站,能源小区智慧社区服务站,能源小区智慧社区服务站,快递,2025-04-21 18:32:57,,1,0.22,0,6.00,0.00,2.80,6-3.2,2,1914266069822787584,极兔快递,JT0016203688855,服饰,江苏省,
能源小区智慧社区服务站_站点-能源小区智慧社区服务站,能源小区智慧社区服务站,能源小区智慧社区服务站,快递,2025-04-21 18:32:00,,1,0.22,0,6.00,0.00,2.80,6-3.2,2,1914265837739364352,极兔快递,JT0016200265949,服饰,广东省,
能源小区智慧社区服务站_站点-能源小区智慧社区服务站,能源小区智慧社区服务站,能源小区智慧社区服务站,快递,2025-04-21 18:23:53,,1,0.2,0,6.00,0.00,2.80,6-3.2,2,1914263793423011840,极兔快递,JT0016209084033,服饰,浙江省,
能源小区智慧社区服务站_站点-能源小区智慧社区服务站,能源小区智慧社区服务站,能源小区智慧社区服务站,快递,2025-04-21 17:55:14,,1,0.2,0,6.00,0.00,2.80,6-3.2,2,1914256586006515712,极兔快递,JT0016207835539,生活用品,浙江省,
能源小区智慧社区服务站_站点-能源小区智慧社区服务站,能源小区智慧社区服务站,能源小区智慧社区服务站,快递,2025-04-21 17:22:10,,1,0.2,0,6.00,0.00,2.80,6-3.2,2,1914248254785789952,极兔快递,JT0016200314349,生活用品,天津市,
能源小区智慧社区服务站_站点-能源小区智慧社区服务站,能源小区智慧社区服务站,能源小区智慧社区服务站,快递,2025-04-21 17:21:01,,1,0.21,0,6.00,0.00,2.80,6-3.2,2,1914247972609794048,极兔快递,JT0016206831538,生活用品,江苏省,
能源小区智慧社区服务站_站点-能源小区智慧社区服务站,能源小区智慧社区服务站,能源小区智慧社区服务站,快递,2025-04-21 17:01:55,,1,0.25,0,6.00,0.00,2.80,6-3.2,2,1914243165396344832,极兔快递,JT0016206825905,服饰,广东省,
能源小区智慧社区服务站_站点-能源小区智慧社区服务站,能源小区智慧社区服务站,能源小区智慧社区服务站,快递,2025-04-21 17:00:49,,1,0.3,0,6.00,0.00,2.80,6-3.2,2,1914242890694598656,极兔快递,JT0016206612143,服饰,江苏省,
能源小区智慧社区服务站_站点-能源小区智慧社区服务站,能源小区智慧社区服务站,能源小区智慧社区服务站,快递,2025-04-21 16:56:38,,1,0.2,0,6.00,0.00,2.80,6-3.2,2,1914241836267544576,极兔快递,JT0016203736406,服饰,浙江省,
能源小区智慧社区服务站_站点-能源小区智慧社区服务站,能源小区智慧社区服务站,能源小区智慧社区服务站,快递,2025-04-21 16:53:42,,1,0.3,0,6.00,0.00,2.80,6-3.2,2,1914241093812822016,极兔快递,JT0016204112009,服饰,广东省,
能源小区智慧社区服务站_站点-能源小区智慧社区服务站,能源小区智慧社区服务站,能源小区智慧社区服务站,快递,2025-04-21 16:52:42,,1,0.2,0,6.00,0.00,2.80,6-3.2,2,1914240842372685824,极兔快递,JT0016196578748,服饰,广东省,
能源小区智慧社区服务站_站点-能源小区智慧社区服务站,能源小区智慧社区服务站,能源小区智慧社区服务站,快递,2025-04-21 16:51:45,,1,0.57,0,6.00,0.00,2.80,6-3.2,2,1914240611182649344,极兔快递,JT0016200508392,服饰,河南省,
能源小区智慧社区服务站_站点-能源小区智慧社区服务站,能源小区智慧社区服务站,能源小区智慧社区服务站,快递,2025-04-21 16:37:49,,1,0.4,0,6.00,0.00,2.80,6-3.2,2,1914237100537618432,极兔快递,JT0016206459958,生活用品,山东省,
能源小区智慧社区服务站_站点-能源小区智慧社区服务站,能源小区智慧社区服务站,能源小区智慧社区服务站,快递,2025-04-21 16:30:00,,1,0.54,0,6.00,0.00,2.80,6-3.2,2,1914235132675039232,极兔快递,JT0016203421236,服饰,河南省,
能源小区智慧社区服务站_站点-能源小区智慧社区服务站,能源小区智慧社区服务站,能源小区智慧社区服务站,快递,2025-04-21 16:28:49,,1,0.2,0,6.00,0.00,2.80,6-3.2,2,1914234823034740736,极兔快递,JT0016206151448,服饰,广东省,
能源小区智慧社区服务站_站点-能源小区智慧社区服务站,能源小区智慧社区服务站,能源小区智慧社区服务站,快递,2025-04-21 16:27:00,,1,0.21,0,6.00,0.00,2.80,6-3.2,2,1914234381236117504,极兔快递,JT0016199766208,生活用品,广东省,
能源小区智慧社区服务站_站点-能源小区智慧社区服务站,能源小区智慧社区服务站,能源小区智慧社区服务站,快递,2025-04-21 16:25:09,,1,0.68,0,6.00,0.00,2.80,6-3.2,2,1914233918222704640,极兔快递,JT0016202052021,服饰,广东省,
能源小区智慧社区服务站_站点-能源小区智慧社区服务站,能源小区智慧社区服务站,能源小区智慧社区服务站,快递,2025-04-21 16:21:39,,1,0.25,0,6.00,0.00,2.80,6-3.2,2,1914233033979535360,极兔快递,JT0016197958853,服饰,福建省,
能源小区智慧社区服务站_站点-能源小区智慧社区服务站,能源小区智慧社区服务站,能源小区智慧社区服务站,快递,2025-04-21 16:20:29,,1,0.23,0,6.00,0.00,2.80,6-3.2,2,1914232742974529536,极兔快递,JT0016192896350,服饰,浙江省,
能源小区智慧社区服务站_站点-能源小区智慧社区服务站,能源小区智慧社区服务站,能源小区智慧社区服务站,快递,2025-04-21 16:19:11,,1,0.2,0,6.00,0.00,2.80,6-3.2,2,1914232408462008320,极兔快递,JT0016200754333,服饰,江苏省,
能源小区智慧社区服务站_站点-能源小区智慧社区服务站,能源小区智慧社区服务站,能源小区智慧社区服务站,快递,2025-04-21 14:56:13,,1,0.52,0,6.00,0.00,2.80,6-3.2,2,1914211533536829440,极兔快递,JT0016202023827,服饰,江苏省,
能源小区智慧社区服务站_站点-能源小区智慧社区服务站,能源小区智慧社区服务站,能源小区智慧社区服务站,快递,2025-04-21 14:25:33,,1,0.2,0,6.00,0.00,2.80,6-3.2,2,1914203807318482944,极兔快递,JT0016202256497,生活用品,山东省,
能源小区智慧社区服务站_站点-能源小区智慧社区服务站,能源小区智慧社区服务站,能源小区智慧社区服务站,快递,2025-04-21 13:28:39,,2,0.67,1,8.00,0.00,4.08,51% ,2,1914189495430488064,极兔快递,JT0016187221865,生活用品,山东省,
能源小区智慧社区服务站_站点-能源小区智慧社区服务站,能源小区智慧社区服务站,能源小区智慧社区服务站,快递,2025-04-21 12:19:11,,2,0.2,1,8.00,0.00,4.08,51% ,2,1914172016612286464,极兔快递,JT0016198785256,生活用品,浙江省,
能源小区智慧社区服务站_站点-能源小区智慧社区服务站,能源小区智慧社区服务站,能源小区智慧社区服务站,快递,2025-04-21 12:18:34,,1,0.43,0,6.00,0.00,2.80,6-3.2,2,1914171861293015040,极兔快递,JT0016198769100,生活用品,浙江省,
能源小区智慧社区服务站_站点-能源小区智慧社区服务站,能源小区智慧社区服务站,能源小区智慧社区服务站,快递,2025-04-21 11:54:35,,1,0.23,0,6.00,0.00,2.80,6-3.2,2,1914165824133472256,极兔快递,JT0016194976296,服饰,广东省,
能源小区智慧社区服务站_站点-能源小区智慧社区服务站,能源小区智慧社区服务站,能源小区智慧社区服务站,快递,2025-04-21 11:48:11,,8,6.69,1,24.00,6.00,12.00,50% ,2,1914164209666170880,极兔快递,JT0016197743337,生活用品,浙江省,
能源小区智慧社区服务站_站点-能源小区智慧社区服务站,能源小区智慧社区服务站,能源小区智慧社区服务站,快递,2025-04-21 10:45:34,,1,2.66,-2,6.00,0.00,2.80,6-3.2,2,1914148456657264640,极兔快递,JT0016198513653,服饰,浙江省,
能源小区智慧社区服务站_站点-能源小区智慧社区服务站,能源小区智慧社区服务站,能源小区智慧社区服务站,快递,2025-04-21 10:43:02,,1,0.2,0,6.00,0.00,2.80,6-3.2,2,1914147812244398080,极兔快递,JT0016196155659,服饰,湖北省,
能源小区智慧社区服务站_站点-能源小区智慧社区服务站,能源小区智慧社区服务站,能源小区智慧社区服务站,快递,2025-04-21 10:41:59,,1,0.37,0,6.00,0.00,2.80,6-3.2,2,1914147543662141440,极兔快递,JT0016192902659,服饰,广东省,
能源小区智慧社区服务站_站点-能源小区智慧社区服务站,能源小区智慧社区服务站,能源小区智慧社区服务站,快递,2025-04-21 10:12:37,,6,5.56,0,18.00,4.50,9.00,50% ,2,1914140164648280064,极兔快递,JT0016195197728,生鲜类,江苏省,
能源小区智慧社区服务站_站点-能源小区智慧社区服务站,能源小区智慧社区服务站,能源小区智慧社区服务站,快递,2025-04-21 10:11:46,,9,8.7,0,27.00,9.00,13.50,50% ,2,1914139800796602368,极兔快递,JT0016197006804,生鲜类,江苏省,
能源小区智慧社区服务站_站点-能源小区智慧社区服务站,能源小区智慧社区服务站,能源小区智慧社区服务站,快递,2025-04-20 20:25:52,,1,0.23,0,6.00,0.00,2.80,6-3.2,2,1913932102532538368,极兔快递,JT0016190227564,服饰,山东省,
能源小区智慧社区服务站_站点-能源小区智慧社区服务站,能源小区智慧社区服务站,能源小区智慧社区服务站,快递,2025-04-20 20:00:18,,1,0.46,0,6.00,0.00,2.80,6-3.2,2,1913925662191329280,极兔快递,JT0016192460813,服饰,浙江省,
能源小区智慧社区服务站_站点-能源小区智慧社区服务站,能源小区智慧社区服务站,能源小区智慧社区服务站,快递,2025-04-20 19:59:45,,1,0.21,0,6.00,0.00,2.80,6-3.2,2,1913925525406687232,极兔快递,JT0016192266969,服饰,湖南省,
能源小区智慧社区服务站_站点-能源小区智慧社区服务站,能源小区智慧社区服务站,能源小区智慧社区服务站,快递,2025-04-20 19:59:04,,1,0.36,0,6.00,0.00,2.80,6-3.2,2,1913925337220849664,极兔快递,JT0016186097041,服饰,浙江省,
能源小区智慧社区服务站_站点-能源小区智慧社区服务站,能源小区智慧社区服务站,能源小区智慧社区服务站,快递,2025-04-20 19:55:47,,1,0.32,0,6.00,0.00,2.80,6-3.2,2,1913924531381805056,极兔快递,JT0016179202356,服饰,广东省,
能源小区智慧社区服务站_站点-能源小区智慧社区服务站,能源小区智慧社区服务站,能源小区智慧社区服务站,快递,2025-04-20 19:54:52,,2,0.68,1,8.00,0.00,4.08,51% ,2,1913924306508390400,极兔快递,JT0016189910207,生活用品,浙江省,
能源小区智慧社区服务站_站点-能源小区智慧社区服务站,能源小区智慧社区服务站,能源小区智慧社区服务站,快递,2025-04-20 19:54:22,,1,0.44,0,6.00,0.00,2.80,6-3.2,2,1913924181664931840,极兔快递,JT0016191577516,服饰,浙江省,
能源小区智慧社区服务站_站点-能源小区智慧社区服务站,能源小区智慧社区服务站,能源小区智慧社区服务站,快递,2025-04-20 19:49:44,,5,4.36,0,15.00,3.00,7.50,50% ,2,1913923011554779136,极兔快递,JT0016191269227,服饰,山东省,
能源小区智慧社区服务站_站点-能源小区智慧社区服务站,能源小区智慧社区服务站,能源小区智慧社区服务站,快递,2025-04-20 18:16:16,,1,0.2,0,6.00,0.00,2.80,6-3.2,2,1913899492691353600,极兔快递,JT0016188364787,服饰,江西省,
能源小区智慧社区服务站_站点-能源小区智慧社区服务站,能源小区智慧社区服务站,能源小区智慧社区服务站,快递,2025-04-20 17:14:57,,1,0.43,0,6.00,0.00,2.80,6-3.2,2,1913884054246858752,极兔快递,JT0016191132177,服饰,福建省,
能源小区智慧社区服务站_站点-能源小区智慧社区服务站,能源小区智慧社区服务站,能源小区智慧社区服务站,快递,2025-04-20 15:55:53,,1,0.28,0,6.00,0.00,2.80,6-3.2,2,1913864162235850752,极兔快递,JT0016186473661,生活用品,浙江省,
能源小区智慧社区服务站_站点-能源小区智慧社区服务站,能源小区智慧社区服务站,能源小区智慧社区服务站,快递,2025-04-20 15:51:36,,1,0.2,0,6.00,0.00,2.80,6-3.2,2,1913863056806060032,极兔快递,JT0016188945744,服饰,山东省,
能源小区智慧社区服务站_站点-能源小区智慧社区服务站,能源小区智慧社区服务站,能源小区智慧社区服务站,快递,2025-04-20 15:43:11,,1,0.61,0,6.00,0.00,2.80,6-3.2,2,1913860964506869760,极兔快递,JT0016187870609,服饰,湖南省,
能源小区智慧社区服务站_站点-能源小区智慧社区服务站,能源小区智慧社区服务站,能源小区智慧社区服务站,快递,2025-04-20 14:32:40,,3,1.31,1,10.00,0.00,5.50,55% ,2,1913843215911034880,极兔快递,JT0016182741228,生活用品,河南省,
能源小区智慧社区服务站_站点-能源小区智慧社区服务站,能源小区智慧社区服务站,能源小区智慧社区服务站,快递,2025-04-20 14:09:34,,1,0.2,0,6.00,0.00,2.80,6-3.2,2,1913837399757758464,极兔快递,JT0016183229851,生活用品,浙江省,
能源小区智慧社区服务站_站点-能源小区智慧社区服务站,能源小区智慧社区服务站,能源小区智慧社区服务站,快递,2025-04-20 14:07:13,,1,0.72,0,6.00,0.00,2.80,6-3.2,2,1913836777906053120,极兔快递,JT0016185826164,服饰,浙江省,
能源小区智慧社区服务站_站点-能源小区智慧社区服务站,能源小区智慧社区服务站,能源小区智慧社区服务站,快递,2025-04-20 14:04:15,,1,0.61,0,6.00,0.00,2.80,6-3.2,2,1913836061137248256,极兔快递,JT0016186847560,服饰,河南省,
能源小区智慧社区服务站_站点-能源小区智慧社区服务站,能源小区智慧社区服务站,能源小区智慧社区服务站,快递,2025-04-20 14:03:40,,1,0.31,0,6.00,0.00,2.80,6-3.2,2,1913835921232044032,极兔快递,JT0016186182299,服饰,广东省,
能源小区智慧社区服务站_站点-能源小区智慧社区服务站,能源小区智慧社区服务站,能源小区智慧社区服务站,快递,2025-04-20 13:56:47,,1,0.29,0,6.00,0.00,2.80,6-3.2,2,1913834175877292032,极兔快递,JT0016186369304,服饰,广东省,
能源小区智慧社区服务站_站点-能源小区智慧社区服务站,能源小区智慧社区服务站,能源小区智慧社区服务站,快递,2025-04-20 13:24:51,,2,0.88,1,8.00,0.00,4.08,51% ,2,1913826150521184256,极兔快递,JT0016185869865,生活用品,福建省,
能源小区智慧社区服务站_站点-能源小区智慧社区服务站,能源小区智慧社区服务站,能源小区智慧社区服务站,快递,2025-04-20 13:06:55,,1,0.2,0,6.00,0.00,2.80,6-3.2,2,1913821638561570816,极兔快递,JT0016184633071,服饰,广东省,
能源小区智慧社区服务站_站点-能源小区智慧社区服务站,能源小区智慧社区服务站,能源小区智慧社区服务站,快递,2025-04-20 13:05:44,,1,0.2,0,6.00,0.00,2.80,6-3.2,2,1913821343177711616,极兔快递,JT0016184979015,服饰,浙江省,
能源小区智慧社区服务站_站点-能源小区智慧社区服务站,能源小区智慧社区服务站,能源小区智慧社区服务站,快递,2025-04-20 12:42:24,,2,0.53,1,8.00,0.00,4.08,51% ,2,1913815457981997056,极兔快递,JT0016181298987,生活用品,福建省,
能源小区智慧社区服务站_站点-能源小区智慧社区服务站,能源小区智慧社区服务站,能源小区智慧社区服务站,快递,2025-04-20 12:20:23,,1,0.64,0,6.00,0.00,2.80,6-3.2,2,1913809931562852352,极兔快递,JT0016176215465,食品,河南省,
能源小区智慧社区服务站_站点-能源小区智慧社区服务站,能源小区智慧社区服务站,能源小区智慧社区服务站,快递,2025-04-20 12:17:54,,1,0.45,0,6.00,0.00,2.80,6-3.2,2,1913809300085219328,极兔快递,JT0016184859025,服饰,浙江省,
能源小区智慧社区服务站_站点-能源小区智慧社区服务站,能源小区智慧社区服务站,能源小区智慧社区服务站,快递,2025-04-20 12:16:52,,1,0.2,0,6.00,0.00,2.80,6-3.2,2,1913808863047131136,极兔快递,JT0016182935993,服饰,广东省,
能源小区智慧社区服务站_站点-能源小区智慧社区服务站,能源小区智慧社区服务站,能源小区智慧社区服务站,快递,2025-04-20 12:14:56,,1,0.39,0,6.00,0.00,2.80,6-3.2,2,1913808542136737792,极兔快递,JT0016178681906,服饰,广东省,
能源小区智慧社区服务站_站点-能源小区智慧社区服务站,能源小区智慧社区服务站,能源小区智慧社区服务站,快递,2025-04-20 11:59:55,,1,0.36,0,6.00,0.00,2.80,6-3.2,2,1913804770744410112,极兔快递,JT0016181463043,生活用品,云南省,
能源小区智慧社区服务站_站点-能源小区智慧社区服务站,能源小区智慧社区服务站,能源小区智慧社区服务站,快递,2025-04-20 11:46:46,,1,0.91,0,6.00,0.00,2.80,6-3.2,2,1913801468879249408,极兔快递,JT0016178403486,生活用品,浙江省,
能源小区智慧社区服务站_站点-能源小区智慧社区服务站,能源小区智慧社区服务站,能源小区智慧社区服务站,快递,2025-04-20 11:45:29,,2,1.37,0,8.00,0.00,4.08,51% ,2,1913801144873459712,极兔快递,JT0016154941948,服饰,广东省,
能源小区智慧社区服务站_站点-能源小区智慧社区服务站,能源小区智慧社区服务站,能源小区智慧社区服务站,快递,2025-04-20 11:44:17,,2,0.2,1,8.00,0.00,4.08,51% ,2,1913800842816462848,极兔快递,JT0016169382486,食品,陕西省,
能源小区智慧社区服务站_站点-能源小区智慧社区服务站,能源小区智慧社区服务站,能源小区智慧社区服务站,快递,2025-04-20 11:42:59,,1,0.73,0,6.00,0.00,2.80,6-3.2,2,1913800513358077952,极兔快递,JT0016181438589,服饰,福建省,
能源小区智慧社区服务站_站点-能源小区智慧社区服务站,能源小区智慧社区服务站,能源小区智慧社区服务站,快递,2025-04-20 11:31:34,,1,0.38,0,6.00,0.00,2.80,6-3.2,2,1913797631158198272,极兔快递,JT0016179846294,服饰,江苏省,
能源小区智慧社区服务站_站点-能源小区智慧社区服务站,能源小区智慧社区服务站,能源小区智慧社区服务站,快递,2025-04-20 10:33:11,,1,0.5,0,6.00,0.00,2.80,6-3.2,2,1913782952818057216,极兔快递,JT0016182903142,服饰,福建省,
能源小区智慧社区服务站_站点-能源小区智慧社区服务站,能源小区智慧社区服务站,能源小区智慧社区服务站,快递,2025-04-20 10:17:34,,1,0.2,0,6.00,0.00,2.80,6-3.2,2,1913779018313441280,极兔快递,JT0016181191646,服饰,浙江省,
能源小区智慧社区服务站_站点-能源小区智慧社区服务站,能源小区智慧社区服务站,能源小区智慧社区服务站,快递,2025-04-19 20:50:05,,1,0.3,0,6.00,0.00,2.80,6-3.2,2,1913575803391254528,极兔快递,JT0016176550972,服饰,河南省,
能源小区智慧社区服务站_站点-能源小区智慧社区服务站,能源小区智慧社区服务站,能源小区智慧社区服务站,快递,2025-04-19 20:49:31,,1,0.37,0,6.00,0.00,2.80,6-3.2,2,1913575661896409088,极兔快递,JT0016174348619,服饰,江苏省,
能源小区智慧社区服务站_站点-能源小区智慧社区服务站,能源小区智慧社区服务站,能源小区智慧社区服务站,快递,2025-04-19 20:48:55,,1,0.2,0,6.00,0.00,2.80,6-3.2,2,1913575516047876096,极兔快递,JT0016176140047,服饰,安徽省,
能源小区智慧社区服务站_站点-能源小区智慧社区服务站,能源小区智慧社区服务站,能源小区智慧社区服务站,快递,2025-04-19 20:48:20,,1,0.38,0,6.00,0.00,2.80,6-3.2,2,1913575365199732736,极兔快递,JT0016177356273,服饰,浙江省,
能源小区智慧社区服务站_站点-能源小区智慧社区服务站,能源小区智慧社区服务站,能源小区智慧社区服务站,快递,2025-04-19 20:47:29,,1,0.42,0,6.00,0.00,2.80,6-3.2,2,1913575156898013184,极兔快递,JT0016175547491,服饰,湖北省,
能源小区智慧社区服务站_站点-能源小区智慧社区服务站,能源小区智慧社区服务站,能源小区智慧社区服务站,快递,2025-04-19 20:46:06,,1,0.34,0,6.00,0.00,2.80,6-3.2,2,1913574788751368192,极兔快递,JT0016174920053,生活用品,福建省,
能源小区智慧社区服务站_站点-能源小区智慧社区服务站,能源小区智慧社区服务站,能源小区智慧社区服务站,快递,2025-04-19 20:45:24,,1,0.31,0,6.00,0.00,2.80,6-3.2,2,1913574633507594240,极兔快递,JT0016171935982,生活用品,山东省,
能源小区智慧社区服务站_站点-能源小区智慧社区服务站,能源小区智慧社区服务站,能源小区智慧社区服务站,快递,2025-04-19 20:37:50,,1,0.2,0,6.00,0.00,2.80,6-3.2,2,1913572722624634880,极兔快递,JT0016151239318,服饰,广东省,
能源小区智慧社区服务站_站点-能源小区智慧社区服务站,能源小区智慧社区服务站,能源小区智慧社区服务站,快递,2025-04-19 20:36:59,,1,0.29,0,6.00,0.00,2.80,6-3.2,2,1913572509344276480,极兔快递,JT0016166930760,服饰,江苏省,
能源小区智慧社区服务站_站点-能源小区智慧社区服务站,能源小区智慧社区服务站,能源小区智慧社区服务站,快递,2025-04-19 20:35:56,,1,0.57,0,6.00,0.00,2.80,6-3.2,2,1913572251381997568,极兔快递,JT0016177571256,服饰,辽宁省,
能源小区智慧社区服务站_站点-能源小区智慧社区服务站,能源小区智慧社区服务站,能源小区智慧社区服务站,快递,2025-04-19 20:21:48,,1,0.2,0,6.00,0.00,2.80,6-3.2,2,1913568696076017664,极兔快递,JT0016177599572,服饰,陕西省,
能源小区智慧社区服务站_站点-能源小区智慧社区服务站,能源小区智慧社区服务站,能源小区智慧社区服务站,快递,2025-04-19 20:17:17,,1,0.57,0,6.00,0.00,2.80,6-3.2,2,1913567553174315008,极兔快递,JT0016170048639,生活用品,陕西省,
能源小区智慧社区服务站_站点-能源小区智慧社区服务站,能源小区智慧社区服务站,能源小区智慧社区服务站,快递,2025-04-19 20:03:54,,1,0.47,0,7.00,0.00,2.80,6-3.2,2,1913564191892643840,极兔快递,JT0016176216392,服饰,上海市,
能源小区智慧社区服务站_站点-能源小区智慧社区服务站,能源小区智慧社区服务站,能源小区智慧社区服务站,快递,2025-04-19 20:03:24,,1,0.58,0,6.00,0.00,2.80,6-3.2,2,1913564050620096512,极兔快递,JT0016168177209,服饰,广西壮族自治区,
能源小区智慧社区服务站_站点-能源小区智慧社区服务站,能源小区智慧社区服务站,能源小区智慧社区服务站,快递,2025-04-19 20:02:26,,1,0.34,0,6.00,0.00,2.80,6-3.2,2,1913563812870168576,极兔快递,JT0016175394557,服饰,湖北省,
能源小区智慧社区服务站_站点-能源小区智慧社区服务站,能源小区智慧社区服务站,能源小区智慧社区服务站,快递,2025-04-19 20:01:46,,1,0.33,0,6.00,0.00,2.80,6-3.2,2,1913563651267829760,极兔快递,JT0016173730523,服饰,河南省,
能源小区智慧社区服务站_站点-能源小区智慧社区服务站,能源小区智慧社区服务站,能源小区智慧社区服务站,快递,2025-04-19 19:58:21,,2,0.37,1,8.00,0.00,4.08,51% ,2,1913562783122399232,极兔快递,JT0016177797822,生活用品,福建省,
能源小区智慧社区服务站_站点-能源小区智慧社区服务站,能源小区智慧社区服务站,能源小区智慧社区服务站,快递,2025-04-19 19:40:57,,2,1.23,0,8.00,0.00,4.08,51% ,2,1913558408991809536,极兔快递,JT0016170867412,生活用品,福建省,
能源小区智慧社区服务站_站点-能源小区智慧社区服务站,能源小区智慧社区服务站,能源小区智慧社区服务站,快递,2025-04-19 19:27:37,,1,0.42,0,6.00,0.00,2.80,6-3.2,2,1913555058971844608,极兔快递,JT0016167279790,生活用品,河北省,
能源小区智慧社区服务站_站点-能源小区智慧社区服务站,能源小区智慧社区服务站,能源小区智慧社区服务站,快递,2025-04-19 19:18:17,,1,0.2,0,6.00,0.00,2.80,6-3.2,2,1913552711218569216,极兔快递,JT0016176955123,服饰,江苏省,
能源小区智慧社区服务站_站点-能源小区智慧社区服务站,能源小区智慧社区服务站,能源小区智慧社区服务站,快递,2025-04-19 19:17:00,,1,0.45,0,6.00,0.00,2.80,6-3.2,2,1913552383614066688,极兔快递,JT0016177893508,服饰,浙江省,
能源小区智慧社区服务站_站点-能源小区智慧社区服务站,能源小区智慧社区服务站,能源小区智慧社区服务站,快递,2025-04-19 19:07:07,,1,0.56,0,6.00,0.00,2.80,6-3.2,2,1913549898035961856,极兔快递,JT0016173445505,服饰,陕西省,
能源小区智慧社区服务站_站点-能源小区智慧社区服务站,能源小区智慧社区服务站,能源小区智慧社区服务站,快递,2025-04-19 18:52:07,,1,0.55,0,6.00,0.00,2.80,6-3.2,2,1913546124282241024,极兔快递,JT0016172447336,生活用品,山东省,
能源小区智慧社区服务站_站点-能源小区智慧社区服务站,能源小区智慧社区服务站,能源小区智慧社区服务站,快递,2025-04-19 18:41:11,,1,0.2,0,6.00,0.00,2.80,6-3.2,2,1913543366464446464,极兔快递,JT0016176294258,服饰,广东省,
能源小区智慧社区服务站_站点-能源小区智慧社区服务站,能源小区智慧社区服务站,能源小区智慧社区服务站,快递,2025-04-19 18:40:41,,1,0.26,0,6.00,0.00,2.80,6-3.2,2,1913543239158931456,极兔快递,JT0016175601397,服饰,广东省,
能源小区智慧社区服务站_站点-能源小区智慧社区服务站,能源小区智慧社区服务站,能源小区智慧社区服务站,快递,2025-04-19 18:39:47,,1,1.04,-1,6.00,0.00,2.80,6-3.2,2,1913543011613745152,极兔快递,JT0016174957193,服饰,黑龙江省,
能源小区智慧社区服务站_站点-能源小区智慧社区服务站,能源小区智慧社区服务站,能源小区智慧社区服务站,快递,2025-04-19 18:39:08,,1,0.36,0,6.00,0.00,2.80,6-3.2,2,1913542850418253824,极兔快递,JT0016176206107,服饰,湖北省,
能源小区智慧社区服务站_站点-能源小区智慧社区服务站,能源小区智慧社区服务站,能源小区智慧社区服务站,快递,2025-04-19 18:38:31,,1,0.2,0,6.00,0.00,2.80,6-3.2,2,1913542696436965376,极兔快递,JT0016175224412,服饰,浙江省,
能源小区智慧社区服务站_站点-能源小区智慧社区服务站,能源小区智慧社区服务站,能源小区智慧社区服务站,快递,2025-04-19 18:37:47,,1,0.2,0,6.00,0.00,2.80,6-3.2,2,1913542504677580800,极兔快递,JT0016172042463,服饰,广东省,
能源小区智慧社区服务站_站点-能源小区智慧社区服务站,能源小区智慧社区服务站,能源小区智慧社区服务站,快递,2025-04-19 18:37:09,,1,0.22,0,6.00,0.00,2.80,6-3.2,2,1913542357717557248,极兔快递,JT0016166556082,服饰,广东省,
能源小区智慧社区服务站_站点-能源小区智慧社区服务站,能源小区智慧社区服务站,能源小区智慧社区服务站,快递,2025-04-19 18:36:37,,2,1.64,0,8.00,0.00,4.08,51% ,2,1913542133615894528,极兔快递,JT0016176705686,生活用品,山东省,
能源小区智慧社区服务站_站点-能源小区智慧社区服务站,能源小区智慧社区服务站,能源小区智慧社区服务站,快递,2025-04-19 18:35:49,,2,1.87,0,8.00,0.00,4.08,51% ,2,1913542020138999808,极兔快递,JT0016174513919,生活用品,山东省,
能源小区智慧社区服务站_站点-能源小区智慧社区服务站,能源小区智慧社区服务站,能源小区智慧社区服务站,快递,2025-04-19 18:22:36,,1,0.64,0,6.00,0.00,2.80,6-3.2,2,1913538695951753216,极兔快递,JT0016170517037,生活用品,浙江省,
能源小区智慧社区服务站_站点-能源小区智慧社区服务站,能源小区智慧社区服务站,能源小区智慧社区服务站,快递,2025-04-19 17:52:00,,2,1.26,0,8.00,0.00,4.08,51% ,2,1913530996870553600,极兔快递,JT0016174267668,服饰,湖北省,
能源小区智慧社区服务站_站点-能源小区智慧社区服务站,能源小区智慧社区服务站,能源小区智慧社区服务站,快递,2025-04-19 17:50:00,,1,0.2,0,6.00,0.00,2.80,6-3.2,2,1913530493361135616,极兔快递,JT0016147863961,生活用品,浙江省,
能源小区智慧社区服务站_站点-能源小区智慧社区服务站,能源小区智慧社区服务站,能源小区智慧社区服务站,快递,2025-04-19 17:45:43,,1,0.2,0,6.00,0.00,2.80,6-3.2,2,1913529407732654080,极兔快递,JT0016173292433,服饰,广东省,
能源小区智慧社区服务站_站点-能源小区智慧社区服务站,能源小区智慧社区服务站,能源小区智慧社区服务站,快递,2025-04-19 17:45:06,,1,0.25,0,6.00,0.00,2.80,6-3.2,2,1913529229101441024,极兔快递,JT0016175447075,服饰,广东省,
能源小区智慧社区服务站_站点-能源小区智慧社区服务站,能源小区智慧社区服务站,能源小区智慧社区服务站,快递,2025-04-19 17:43:49,,1,0.21,0,6.00,0.00,2.80,6-3.2,2,1913528927233187840,极兔快递,JT0016175910735,服饰,广东省,
能源小区智慧社区服务站_站点-能源小区智慧社区服务站,能源小区智慧社区服务站,能源小区智慧社区服务站,快递,2025-04-19 17:43:09,,1,0.26,0,6.00,0.00,2.80,6-3.2,2,1913528749788962816,极兔快递,JT0016161824966,服饰,广东省,
能源小区智慧社区服务站_站点-能源小区智慧社区服务站,能源小区智慧社区服务站,能源小区智慧社区服务站,快递,2025-04-19 17:42:38,,1,0.2,0,6.00,0.00,2.80,6-3.2,2,1913528628577771520,极兔快递,JT0016170935909,服饰,广东省,
能源小区智慧社区服务站_站点-能源小区智慧社区服务站,能源小区智慧社区服务站,能源小区智慧社区服务站,快递,2025-04-19 17:42:02,,1,0.29,0,6.00,0.00,2.80,6-3.2,2,1913528486663495680,极兔快递,JT0016165707895,服饰,广东省,
能源小区智慧社区服务站_站点-能源小区智慧社区服务站,能源小区智慧社区服务站,能源小区智慧社区服务站,快递,2025-04-19 17:37:27,,3,2.56,0,10.00,0.00,5.50,55% ,2,1913527331531202560,极兔快递,JT0016174384401,生活用品,山西省,
能源小区智慧社区服务站_站点-能源小区智慧社区服务站,能源小区智慧社区服务站,能源小区智慧社区服务站,快递,2025-04-19 16:43:52,,1,0.31,0,6.00,0.00,2.80,6-3.2,2,1913513847275855872,极兔快递,JT0016165881337,服饰,广西壮族自治区,
能源小区智慧社区服务站_站点-能源小区智慧社区服务站,能源小区智慧社区服务站,能源小区智慧社区服务站,快递,2025-04-19 16:08:12,,1,0.42,0,6.00,0.00,2.80,6-3.2,2,1913504871951835136,极兔快递,JT0016172477673,服饰,浙江省,
能源小区智慧社区服务站_站点-能源小区智慧社区服务站,能源小区智慧社区服务站,能源小区智慧社区服务站,快递,2025-04-19 15:40:42,,5,4.0,1,15.00,3.00,7.50,50% ,2,1913497950540734464,极兔快递,JT0016169224578,生活用品,山东省,
能源小区智慧社区服务站_站点-能源小区智慧社区服务站,能源小区智慧社区服务站,能源小区智慧社区服务站,快递,2025-04-19 14:51:47,,1,0.79,0,6.00,0.00,2.80,6-3.2,2,1913485603927433216,极兔快递,JT0016169634081,生活用品,福建省,
能源小区智慧社区服务站_站点-能源小区智慧社区服务站,能源小区智慧社区服务站,能源小区智慧社区服务站,快递,2025-04-19 14:51:03,,1,0.26,0,6.00,0.00,2.80,6-3.2,2,1913485454421467136,极兔快递,JT0016170658584,服饰,广东省,
能源小区智慧社区服务站_站点-能源小区智慧社区服务站,能源小区智慧社区服务站,能源小区智慧社区服务站,快递,2025-04-19 14:27:46,,1,0.29,0,6.00,0.00,2.80,6-3.2,2,1913479590532816896,极兔快递,JT0016157427317,生活用品,浙江省,
能源小区智慧社区服务站_站点-能源小区智慧社区服务站,能源小区智慧社区服务站,能源小区智慧社区服务站,快递,2025-04-19 14:23:33,,1,0.62,0,6.00,0.00,2.80,6-3.2,2,1913478539675115520,极兔快递,JT0016170957259,服饰,浙江省,
能源小区智慧社区服务站_站点-能源小区智慧社区服务站,能源小区智慧社区服务站,能源小区智慧社区服务站,快递,2025-04-19 14:22:01,,1,0.69,0,6.00,0.00,2.80,6-3.2,2,1913478150322069504,极兔快递,JT0016170241306,服饰,福建省,
能源小区智慧社区服务站_站点-能源小区智慧社区服务站,能源小区智慧社区服务站,能源小区智慧社区服务站,快递,2025-04-19 14:20:34,,1,0.79,0,6.00,0.00,2.80,6-3.2,2,1913477740395962368,极兔快递,JT0016168920631,生活用品,四川省,
能源小区智慧社区服务站_站点-能源小区智慧社区服务站,能源小区智慧社区服务站,能源小区智慧社区服务站,快递,2025-04-19 14:19:28,,1,0.48,0,6.00,0.00,2.80,6-3.2,2,1913477496962752512,极兔快递,JT0016163191902,服饰,湖南省,
能源小区智慧社区服务站_站点-能源小区智慧社区服务站,能源小区智慧社区服务站,能源小区智慧社区服务站,快递,2025-04-19 14:18:33,,1,0.47,0,6.00,0.00,2.80,6-3.2,2,1913477280872210432,极兔快递,JT0016170068269,服饰,湖南省,
能源小区智慧社区服务站_站点-能源小区智慧社区服务站,能源小区智慧社区服务站,能源小区智慧社区服务站,快递,2025-04-19 14:17:19,,1,0.38,0,6.00,0.00,2.80,6-3.2,2,1913476947588620288,极兔快递,JT0016167944484,生活用品,江苏省,
能源小区智慧社区服务站_站点-能源小区智慧社区服务站,能源小区智慧社区服务站,能源小区智慧社区服务站,快递,2025-04-19 14:16:41,,1,0.51,0,6.00,0.00,2.80,6-3.2,2,1913476810808172544,极兔快递,JT0016171067609,生活用品,江苏省,
能源小区智慧社区服务站_站点-能源小区智慧社区服务站,能源小区智慧社区服务站,能源小区智慧社区服务站,快递,2025-04-19 14:15:12,,1,0.2,0,6.00,0.00,2.80,6-3.2,2,1913476419114704896,极兔快递,JT0016170834206,生活用品,浙江省,
能源小区智慧社区服务站_站点-能源小区智慧社区服务站,能源小区智慧社区服务站,能源小区智慧社区服务站,快递,2025-04-19 13:35:47,,1,0.61,0,6.00,0.00,2.80,6-3.2,2,1913466514773319680,极兔快递,JT0016166637155,服饰,山东省,
能源小区智慧社区服务站_站点-能源小区智慧社区服务站,能源小区智慧社区服务站,能源小区智慧社区服务站,快递,2025-04-19 13:28:13,,1,0.23,0,6.00,0.00,2.80,6-3.2,2,1913464605131874304,极兔快递,JT0016166289924,服饰,广东省,
能源小区智慧社区服务站_站点-能源小区智慧社区服务站,能源小区智慧社区服务站,能源小区智慧社区服务站,快递,2025-04-19 13:27:33,,1,0.29,0,6.00,0.00,2.80,6-3.2,2,1913464442002808832,极兔快递,JT0016168607402,服饰,江苏省,
能源小区智慧社区服务站_站点-能源小区智慧社区服务站,能源小区智慧社区服务站,能源小区智慧社区服务站,快递,2025-04-19 12:46:37,,1,0.2,0,6.00,0.00,2.80,6-3.2,2,1913454125730439168,极兔快递,JT0016157151742,生活用品,广东省,
能源小区智慧社区服务站_站点-能源小区智慧社区服务站,能源小区智慧社区服务站,能源小区智慧社区服务站,干洗,2025-04-19 12:43:11,,,,,43.00,,12.90,30%,,1913453270046285824,干洗,,"休闲裤_牛仔裤_运动裤   *   1
风衣   *   1",,
能源小区智慧社区服务站_站点-能源小区智慧社区服务站,能源小区智慧社区服务站,能源小区智慧社区服务站,快递,2025-04-19 12:11:10,,1,0.63,0,6.00,0.00,2.80,6-3.2,2,1913445221818638336,极兔快递,JT0016166625390,生活用品,四川省,
能源小区智慧社区服务站_站点-能源小区智慧社区服务站,能源小区智慧社区服务站,能源小区智慧社区服务站,快递,2025-04-19 12:01:04,,2,1.42,0,9.00,0.00,3.59,51%,2,1913442680288518144,极兔快递,JT0016165008196,生活用品,北京市,
能源小区智慧社区服务站_站点-能源小区智慧社区服务站,能源小区智慧社区服务站,能源小区智慧社区服务站,快递,2025-04-19 11:46:30,,1,0.4,0,6.00,0.00,2.80,6-3.2,2,1913439007491694592,极兔快递,JT0016167734235,生活用品,广东省,
能源小区智慧社区服务站_站点-能源小区智慧社区服务站,能源小区智慧社区服务站,能源小区智慧社区服务站,快递,2025-04-19 11:45:28,,1,0.22,0,6.00,0.00,2.80,6-3.2,2,1913438753333649408,极兔快递,JT0016166130946,生活用品,四川省,
能源小区智慧社区服务站_站点-能源小区智慧社区服务站,能源小区智慧社区服务站,能源小区智慧社区服务站,快递,2025-04-19 10:49:30,,1,0.87,0,6.00,0.00,2.80,6-3.2,2,1913424668533661696,极兔快递,JT0016165622454,服饰,广东省,
能源小区智慧社区服务站_站点-能源小区智慧社区服务站,能源小区智慧社区服务站,能源小区智慧社区服务站,快递,2025-04-19 10:48:17,,1,0.2,0,6.00,0.00,2.80,6-3.2,2,1913424363658092544,极兔快递,JT0016167667825,服饰,广东省,
能源小区智慧社区服务站_站点-能源小区智慧社区服务站,能源小区智慧社区服务站,能源小区智慧社区服务站,快递,2025-04-19 10:47:10,,2,1.01,0,8.00,0.00,4.08,51% ,2,1913424082299985920,极兔快递,JT0016157900456,服饰,浙江省,
能源小区智慧社区服务站_站点-能源小区智慧社区服务站,能源小区智慧社区服务站,能源小区智慧社区服务站,快递,2025-04-19 10:46:01,,4,2.88,1,12.00,0.00,6.00,50% ,2,1913423792037371904,极兔快递,JT0016163282348,服饰,浙江省,
能源小区智慧社区服务站_站点-能源小区智慧社区服务站,能源小区智慧社区服务站,能源小区智慧社区服务站,快递,2025-04-19 10:44:04,,1,0.88,0,6.00,0.00,2.80,6-3.2,2,1913423295217868800,极兔快递,JT0016167548412,生活用品,河南省,
能源小区智慧社区服务站_站点-能源小区智慧社区服务站,能源小区智慧社区服务站,能源小区智慧社区服务站,快递,2025-04-19 10:43:41,,1,0.23,0,6.00,0.00,2.80,6-3.2,2,1913423196316180480,极兔快递,JT0016167246306,生活用品,河南省,
能源小区智慧社区服务站_站点-能源小区智慧社区服务站,能源小区智慧社区服务站,能源小区智慧社区服务站,快递,2025-04-19 10:42:47,,1,0.53,0,6.00,0.00,2.80,6-3.2,2,1913422972306792448,极兔快递,JT0016163517798,生活用品,广东省,
能源小区智慧社区服务站_站点-能源小区智慧社区服务站,能源小区智慧社区服务站,能源小区智慧社区服务站,快递,2025-04-19 10:26:40,,1,1.03,-1,6.00,0.00,2.80,6-3.2,2,1913418922844692480,极兔快递,JT0016163566494,服饰,广东省,
能源小区智慧社区服务站_站点-能源小区智慧社区服务站,能源小区智慧社区服务站,能源小区智慧社区服务站,快递,2025-04-19 10:16:38,,3,1.48,1,10.00,0.00,5.50,55% ,2,1913416399584960512,极兔快递,JT0016165157018,生活用品,广东省,
能源小区智慧社区服务站_站点-能源小区智慧社区服务站,能源小区智慧社区服务站,能源小区智慧社区服务站,快递,2025-04-19 10:14:04,,2,1.33,0,8.00,0.00,4.08,51% ,2,1913415750357032960,极兔快递,JT0016164444589,生活用品,江苏省,
能源小区智慧社区服务站_站点-能源小区智慧社区服务站,能源小区智慧社区服务站,能源小区智慧社区服务站,快递,2025-04-19 10:04:56,,1,0.61,0,6.00,0.00,2.80,6-3.2,2,1913413457385562112,极兔快递,JT0016162573187,服饰,广东省,
能源小区智慧社区服务站_站点-能源小区智慧社区服务站,能源小区智慧社区服务站,能源小区智慧社区服务站,快递,2025-04-19 10:03:19,,1,0.2,0,6.00,0.00,2.80,6-3.2,2,1913413047199408128,极兔快递,JT0016164093073,生活用品,广东省,
能源小区智慧社区服务站_站点-能源小区智慧社区服务站,能源小区智慧社区服务站,能源小区智慧社区服务站,快递,2025-04-19 09:58:24,,1,0.51,0,6.00,0.00,2.80,6-3.2,2,1913411804322275328,极兔快递,JT0016163348886,食品,河北省,
能源小区智慧社区服务站_站点-能源小区智慧社区服务站,能源小区智慧社区服务站,能源小区智慧社区服务站,快递,2025-04-19 09:57:29,,1,0.74,0,6.00,0.00,2.80,6-3.2,2,1913411572947689472,极兔快递,JT0016163915030,生活用品,广东省,
能源小区智慧社区服务站_站点-能源小区智慧社区服务站,能源小区智慧社区服务站,能源小区智慧社区服务站,快递,2025-04-18 20:27:49,,1,1.23,-1,6.00,0.00,2.80,6-3.2,2,1913207820202483712,极兔快递,JT0016155465635,服饰,湖南省,
能源小区智慧社区服务站_站点-能源小区智慧社区服务站,能源小区智慧社区服务站,能源小区智慧社区服务站,快递,2025-04-18 19:42:50,,1,0.74,0,6.00,0.00,2.80,6-3.2,2,1913196497649475584,极兔快递,JT0016159909807,生活用品,广东省,
能源小区智慧社区服务站_站点-能源小区智慧社区服务站,能源小区智慧社区服务站,能源小区智慧社区服务站,快递,2025-04-18 19:37:41,,2,1.04,0,8.00,0.00,4.08,51% ,2,1913195188884021248,极兔快递,JT0016161958803,生活用品,浙江省,
能源小区智慧社区服务站_站点-能源小区智慧社区服务站,能源小区智慧社区服务站,能源小区智慧社区服务站,快递,2025-04-18 19:19:29,,1,0.2,0,6.00,0.00,2.80,6-3.2,2,1913190624420110336,极兔快递,JT0016160658678,生活用品,广东省,
能源小区智慧社区服务站_站点-能源小区智慧社区服务站,能源小区智慧社区服务站,能源小区智慧社区服务站,快递,2025-04-18 18:17:50,,1,0.58,0,6.00,0.00,2.80,6-3.2,2,1913175106225119232,极兔快递,JT0016161565251,生活用品,广东省,
能源小区智慧社区服务站_站点-能源小区智慧社区服务站,能源小区智慧社区服务站,能源小区智慧社区服务站,快递,2025-04-18 18:10:13,,1,0.16,0,6.00,0.00,2.80,6-3.2,2,1913173190686482432,极兔快递,JT0016160049216,生活用品,广东省,
能源小区智慧社区服务站_站点-能源小区智慧社区服务站,能源小区智慧社区服务站,能源小区智慧社区服务站,快递,2025-04-18 17:13:23,,1,0.43,0,6.00,0.00,2.80,6-3.2,2,1913158887845601280,极兔快递,JT0016159979060,服饰,广东省,
能源小区智慧社区服务站_站点-能源小区智慧社区服务站,能源小区智慧社区服务站,能源小区智慧社区服务站,快递,2025-04-18 16:47:05,,1,0.21,0,6.00,0.00,2.80,6-3.2,2,1913152240049922048,极兔快递,JT0016159528298,生活用品,河南省,
能源小区智慧社区服务站_站点-能源小区智慧社区服务站,能源小区智慧社区服务站,能源小区智慧社区服务站,快递,2025-04-18 16:16:53,,1,0.69,0,6.00,0.00,2.80,6-3.2,2,1913144667997413376,极兔快递,JT0016157761281,生活用品,陕西省,
能源小区智慧社区服务站_站点-能源小区智慧社区服务站,能源小区智慧社区服务站,能源小区智慧社区服务站,快递,2025-04-18 15:54:56,,1,0.69,0,6.00,0.00,2.80,6-3.2,2,1913139143344070656,极兔快递,JT0016155187755,服饰,陕西省,
能源小区智慧社区服务站_站点-能源小区智慧社区服务站,能源小区智慧社区服务站,能源小区智慧社区服务站,快递,2025-04-18 15:53:43,,1,0.2,0,6.00,0.00,2.80,6-3.2,2,1913138837994545152,极兔快递,JT0016139117092,生活用品,浙江省,
能源小区智慧社区服务站_站点-能源小区智慧社区服务站,能源小区智慧社区服务站,能源小区智慧社区服务站,快递,2025-04-18 15:28:09,,1,0.5,0,6.00,0.00,2.80,6-3.2,2,1913132406260047872,极兔快递,JT0016156845928,服饰,广西壮族自治区,
能源小区智慧社区服务站_站点-能源小区智慧社区服务站,能源小区智慧社区服务站,能源小区智慧社区服务站,快递,2025-04-18 15:26:35,,2,0.64,1,9.00,0.00,3.59,51%,2,1913132013513809920,极兔快递,JT0016154461790,食品,北京市,
能源小区智慧社区服务站_站点-能源小区智慧社区服务站,能源小区智慧社区服务站,能源小区智慧社区服务站,快递,2025-04-18 15:07:14,,8,7.37,0,24.00,7.50,12.00,50% ,2,1913127140139409408,极兔快递,JT0016156408325,生活用品,陕西省,
能源小区智慧社区服务站_站点-能源小区智慧社区服务站,能源小区智慧社区服务站,能源小区智慧社区服务站,快递,2025-04-18 14:43:37,,1,0.85,0,6.00,0.00,2.80,6-3.2,2,1913121192620531712,极兔快递,JT0016153652879,生活用品,广东省,
能源小区智慧社区服务站_站点-能源小区智慧社区服务站,能源小区智慧社区服务站,能源小区智慧社区服务站,快递,2025-04-18 14:42:33,,1,0.2,0,6.00,0.00,2.80,6-3.2,2,1913120933563539456,极兔快递,JT0016152317023,服饰,安徽省,
能源小区智慧社区服务站_站点-能源小区智慧社区服务站,能源小区智慧社区服务站,能源小区智慧社区服务站,快递,2025-04-18 14:40:54,,1,0.62,0,6.00,0.00,2.80,6-3.2,2,1913120515181715456,极兔快递,JT0016156109650,生活用品,浙江省,
能源小区智慧社区服务站_站点-能源小区智慧社区服务站,能源小区智慧社区服务站,能源小区智慧社区服务站,快递,2025-04-18 14:39:38,,2,0.78,1,8.00,0.00,4.08,51% ,2,1913120197538684928,极兔快递,JT0016156351701,生活用品,安徽省,
能源小区智慧社区服务站_站点-能源小区智慧社区服务站,能源小区智慧社区服务站,能源小区智慧社区服务站,快递,2025-04-18 14:37:58,,1,0.2,0,6.00,0.00,2.80,6-3.2,2,1913119770428514304,极兔快递,JT0016150388157,服饰,浙江省,
能源小区智慧社区服务站_站点-能源小区智慧社区服务站,能源小区智慧社区服务站,能源小区智慧社区服务站,快递,2025-04-18 14:37:06,,1,0.2,0,6.00,0.00,2.80,6-3.2,2,1913119555168444416,极兔快递,JT0016155726398,服饰,广东省,
能源小区智慧社区服务站_站点-能源小区智慧社区服务站,能源小区智慧社区服务站,能源小区智慧社区服务站,快递,2025-04-18 14:36:11,,1,0.55,0,6.00,0.00,2.80,6-3.2,2,1913119331733676032,极兔快递,JT0016156659977,服饰,广东省,
能源小区智慧社区服务站_站点-能源小区智慧社区服务站,能源小区智慧社区服务站,能源小区智慧社区服务站,快递,2025-04-18 14:34:29,,1,0.37,0,7.00,0.00,2.80,6-3.2,2,1913118902429884416,极兔快递,JT0016156904507,服饰,上海市,
能源小区智慧社区服务站_站点-能源小区智慧社区服务站,能源小区智慧社区服务站,能源小区智慧社区服务站,快递,2025-04-18 14:33:32,,1,0.2,0,6.00,0.00,2.80,6-3.2,2,1913118658434637824,极兔快递,JT0016156989050,服饰,浙江省,
能源小区智慧社区服务站_站点-能源小区智慧社区服务站,能源小区智慧社区服务站,能源小区智慧社区服务站,快递,2025-04-18 14:23:36,,2,1.08,0,8.00,0.00,4.08,51% ,2,1913116156259672064,极兔快递,JT0016156391233,生活用品,福建省,
能源小区智慧社区服务站_站点-能源小区智慧社区服务站,能源小区智慧社区服务站,能源小区智慧社区服务站,快递,2025-04-18 14:20:44,,10,9.2,0,30.00,10.50,15.00,50% ,2,1913115436747792384,极兔快递,JT0016154452782,生活用品,浙江省,
能源小区智慧社区服务站_站点-能源小区智慧社区服务站,能源小区智慧社区服务站,能源小区智慧社区服务站,快递,2025-04-18 14:11:36,,1,0.23,0,6.00,0.00,2.80,6-3.2,2,1913113135727452160,极兔快递,JT0016155504806,服饰,广东省,
能源小区智慧社区服务站_站点-能源小区智慧社区服务站,能源小区智慧社区服务站,能源小区智慧社区服务站,快递,2025-04-18 13:27:27,,1,0.53,0,6.00,0.00,2.80,6-3.2,2,1913102033979383808,极兔快递,JT0016148814110,服饰,辽宁省,
能源小区智慧社区服务站_站点-能源小区智慧社区服务站,能源小区智慧社区服务站,能源小区智慧社区服务站,快递,2025-04-18 13:17:19,,1,0.34,0,6.00,0.00,2.80,6-3.2,2,1913099478201212928,极兔快递,JT0016153937196,服饰,河北省,
能源小区智慧社区服务站_站点-能源小区智慧社区服务站,能源小区智慧社区服务站,能源小区智慧社区服务站,快递,2025-04-18 10:16:13,,1,0.23,0,6.00,0.00,2.80,6-3.2,2,1913053489532706816,极兔快递,JT0016145292283,服饰,福建省,
能源小区智慧社区服务站_站点-能源小区智慧社区服务站,能源小区智慧社区服务站,能源小区智慧社区服务站,快递,2025-04-18 10:13:46,,1,0.2,0,6.00,0.00,2.80,6-3.2,2,1913053160820908032,极兔快递,JT0016151665183,服饰,山东省,
能源小区智慧社区服务站_站点-能源小区智慧社区服务站,能源小区智慧社区服务站,能源小区智慧社区服务站,快递,2025-04-18 10:10:44,,1,0.92,0,12.00,0.00,2.80,6-3.2,2,1913052522586251264,极兔快递,JT0016152096520,服饰,海南省,
能源小区智慧社区服务站_站点-能源小区智慧社区服务站,能源小区智慧社区服务站,能源小区智慧社区服务站,快递,2025-04-17 20:26:40,,1,0.56,0,6.00,0.00,2.80,6-3.2,2,1912845139770281984,极兔快递,JT0016146299547,服饰,广东省,
能源小区智慧社区服务站_站点-能源小区智慧社区服务站,能源小区智慧社区服务站,能源小区智慧社区服务站,快递,2025-04-17 20:25:47,,1,0.2,0,6.00,0.00,2.80,6-3.2,2,1912844912527085568,极兔快递,JT0016142127510,服饰,福建省,
能源小区智慧社区服务站_站点-能源小区智慧社区服务站,能源小区智慧社区服务站,能源小区智慧社区服务站,快递,2025-04-17 20:25:03,,1,0.2,0,6.00,0.00,2.80,6-3.2,2,1912844733455470592,极兔快递,JT0016139794981,生活用品,浙江省,
能源小区智慧社区服务站_站点-能源小区智慧社区服务站,能源小区智慧社区服务站,能源小区智慧社区服务站,快递,2025-04-17 20:21:42,,1,0.22,0,6.00,0.00,2.80,6-3.2,2,1912843888856862720,极兔快递,JT0016141935032,服饰,广东省,
能源小区智慧社区服务站_站点-能源小区智慧社区服务站,能源小区智慧社区服务站,能源小区智慧社区服务站,快递,2025-04-17 20:20:43,,1,0.2,0,6.00,0.00,2.80,6-3.2,2,1912843647017488384,极兔快递,JT0016145342648,服饰,湖北省,
能源小区智慧社区服务站_站点-能源小区智慧社区服务站,能源小区智慧社区服务站,能源小区智慧社区服务站,快递,2025-04-17 20:19:26,,1,0.2,0,6.00,0.00,2.80,6-3.2,2,1912843320725803008,极兔快递,JT0016144080697,服饰,湖北省,
能源小区智慧社区服务站_站点-能源小区智慧社区服务站,能源小区智慧社区服务站,能源小区智慧社区服务站,快递,2025-04-17 20:08:33,,1,0.67,0,6.00,0.00,2.80,6-3.2,2,1912840581488775168,极兔快递,JT0016146272914,服饰,广东省,
能源小区智慧社区服务站_站点-能源小区智慧社区服务站,能源小区智慧社区服务站,能源小区智慧社区服务站,快递,2025-04-17 19:56:17,,1,0.73,0,6.00,0.00,2.80,6-3.2,2,1912837494065795072,极兔快递,JT0016145808476,服饰,江苏省,
能源小区智慧社区服务站_站点-能源小区智慧社区服务站,能源小区智慧社区服务站,能源小区智慧社区服务站,快递,2025-04-17 19:46:31,,1,0.2,0,6.00,0.00,2.80,6-3.2,2,1912835028876201984,极兔快递,JT0016145919920,服饰,湖北省,
能源小区智慧社区服务站_站点-能源小区智慧社区服务站,能源小区智慧社区服务站,能源小区智慧社区服务站,快递,2025-04-17 19:45:58,,1,0.2,0,6.00,0.00,2.80,6-3.2,2,1912834897657401344,极兔快递,JT0016144609116,服饰,江苏省,
能源小区智慧社区服务站_站点-能源小区智慧社区服务站,能源小区智慧社区服务站,能源小区智慧社区服务站,快递,2025-04-17 19:45:24,,1,0.34,0,6.00,0.00,2.80,6-3.2,2,1912834756003172352,极兔快递,JT0016145878517,服饰,山东省,
能源小区智慧社区服务站_站点-能源小区智慧社区服务站,能源小区智慧社区服务站,能源小区智慧社区服务站,快递,2025-04-17 19:39:56,,1,0.2,0,6.00,0.00,2.80,6-3.2,2,1912833382112759808,极兔快递,JT0016136713023,生活用品,广东省,
能源小区智慧社区服务站_站点-能源小区智慧社区服务站,能源小区智慧社区服务站,能源小区智慧社区服务站,快递,2025-04-17 19:33:48,,1,0.2,0,6.00,0.00,2.80,6-3.2,2,1912831836817920000,极兔快递,JT0016137579708,生活用品,福建省,
能源小区智慧社区服务站_站点-能源小区智慧社区服务站,能源小区智慧社区服务站,能源小区智慧社区服务站,快递,2025-04-17 19:32:34,,1,0.2,0,6.00,0.00,2.80,6-3.2,2,1912831526338760704,极兔快递,JT0016144763312,服饰,江苏省,
能源小区智慧社区服务站_站点-能源小区智慧社区服务站,能源小区智慧社区服务站,能源小区智慧社区服务站,快递,2025-04-17 19:23:21,,1,0.2,0,6.00,0.00,2.80,6-3.2,2,1912829203289935872,极兔快递,JT0016145706930,服饰,四川省,
能源小区智慧社区服务站_站点-能源小区智慧社区服务站,能源小区智慧社区服务站,能源小区智慧社区服务站,快递,2025-04-17 19:00:36,,1,0.42,0,6.00,0.00,2.80,6-3.2,2,1912823477066731520,极兔快递,JT0016144736416,服饰,河南省,
能源小区智慧社区服务站_站点-能源小区智慧社区服务站,能源小区智慧社区服务站,能源小区智慧社区服务站,快递,2025-04-17 18:59:49,,1,0.28,0,6.00,0.00,2.80,6-3.2,2,1912823285126991872,极兔快递,JT0016144206957,服饰,浙江省,
能源小区智慧社区服务站_站点-能源小区智慧社区服务站,能源小区智慧社区服务站,能源小区智慧社区服务站,快递,2025-04-17 18:57:16,,2,0.31,1,8.00,0.00,4.08,51% ,2,1912822645470466048,极兔快递,JT0016140657063,生活用品,江苏省,
能源小区智慧社区服务站_站点-能源小区智慧社区服务站,能源小区智慧社区服务站,能源小区智慧社区服务站,快递,2025-04-17 18:54:18,,1,0.23,0,6.00,0.00,2.80,6-3.2,2,1912821899710631936,极兔快递,JT0016145502208,服饰,江苏省,
能源小区智慧社区服务站_站点-能源小区智慧社区服务站,能源小区智慧社区服务站,能源小区智慧社区服务站,快递,2025-04-17 18:53:12,,1,0.73,0,6.00,0.00,2.80,6-3.2,2,1912821618612572160,极兔快递,JT0016125513720,服饰,江苏省,
能源小区智慧社区服务站_站点-能源小区智慧社区服务站,能源小区智慧社区服务站,能源小区智慧社区服务站,快递,2025-04-17 18:47:34,,1,0.32,0,6.00,0.00,2.80,6-3.2,2,1912820191160897536,极兔快递,JT0016143446298,服饰,广东省,
能源小区智慧社区服务站_站点-能源小区智慧社区服务站,能源小区智慧社区服务站,能源小区智慧社区服务站,快递,2025-04-17 18:46:49,,1,0.46,0,6.00,0.00,2.80,6-3.2,2,1912820008033390592,极兔快递,JT0016144372630,服饰,广东省,
能源小区智慧社区服务站_站点-能源小区智慧社区服务站,能源小区智慧社区服务站,能源小区智慧社区服务站,快递,2025-04-17 18:25:54,,1,0.2,0,6.00,0.00,2.80,6-3.2,2,1912814749512830976,极兔快递,JT0016135169651,生活用品,浙江省,
能源小区智慧社区服务站_站点-能源小区智慧社区服务站,能源小区智慧社区服务站,能源小区智慧社区服务站,快递,2025-04-17 18:05:37,,2,0.95,1,8.00,0.00,4.08,51% ,2,1912809642637332480,极兔快递,JT0016144852750,服饰,广东省,
能源小区智慧社区服务站_站点-能源小区智慧社区服务站,能源小区智慧社区服务站,能源小区智慧社区服务站,快递,2025-04-17 17:05:44,,3,2.55,0,10.00,0.00,5.50,55% ,2,1912794577888546816,极兔快递,JT0016144603240,服饰,江苏省,
能源小区智慧社区服务站_站点-能源小区智慧社区服务站,能源小区智慧社区服务站,能源小区智慧社区服务站,快递,2025-04-17 17:03:58,,2,2.03,-1,8.00,0.00,4.08,51% ,2,1912794130113040384,韵达快递,312714506527352,服饰,广东省,
能源小区智慧社区服务站_站点-能源小区智慧社区服务站,能源小区智慧社区服务站,能源小区智慧社区服务站,快递,2025-04-17 17:01:40,,2,2.02,-1,8.00,0.00,4.08,51% ,2,1912793551986954240,极兔快递,JT0016142771015,服饰,江苏省,
能源小区智慧社区服务站_站点-能源小区智慧社区服务站,能源小区智慧社区服务站,能源小区智慧社区服务站,快递,2025-04-17 16:59:36,,1,0.58,0,6.00,0.00,2.80,6-3.2,2,1912793032073613312,极兔快递,JT0016137125845,服饰,广东省,
能源小区智慧社区服务站_站点-能源小区智慧社区服务站,能源小区智慧社区服务站,能源小区智慧社区服务站,快递,2025-04-17 16:53:40,,1,0.2,0,6.00,0.00,2.80,6-3.2,2,1912791539547312128,极兔快递,JT0016143493302,服饰,广东省,
能源小区智慧社区服务站_站点-能源小区智慧社区服务站,能源小区智慧社区服务站,能源小区智慧社区服务站,快递,2025-04-17 16:51:40,,1,0.22,0,6.00,0.00,2.80,6-3.2,2,1912791038197960704,极兔快递,JT0016144102479,服饰,广东省,
能源小区智慧社区服务站_站点-能源小区智慧社区服务站,能源小区智慧社区服务站,能源小区智慧社区服务站,快递,2025-04-17 16:37:49,,1,0.25,0,6.00,0.00,2.80,6-3.2,2,1912787531940171776,极兔快递,JT0016124319671,服饰,广东省,
能源小区智慧社区服务站_站点-能源小区智慧社区服务站,能源小区智慧社区服务站,能源小区智慧社区服务站,快递,2025-04-17 16:32:41,,1,0.47,0,6.00,0.00,2.80,6-3.2,2,1912786260453691392,极兔快递,JT0016143668774,服饰,广东省,
能源小区智慧社区服务站_站点-能源小区智慧社区服务站,能源小区智慧社区服务站,能源小区智慧社区服务站,快递,2025-04-17 16:28:20,,1,0.25,0,6.00,0.00,2.80,6-3.2,2,1912785165224448000,极兔快递,JT0016142852944,服饰,湖南省,
能源小区智慧社区服务站_站点-能源小区智慧社区服务站,能源小区智慧社区服务站,能源小区智慧社区服务站,快递,2025-04-17 16:25:40,,1,0.2,0,6.00,0.00,2.80,6-3.2,2,1912784491384344576,极兔快递,JT0016137310331,服饰,湖北省,
能源小区智慧社区服务站_站点-能源小区智慧社区服务站,能源小区智慧社区服务站,能源小区智慧社区服务站,快递,2025-04-17 15:24:32,,1,0.29,0,6.00,0.00,2.80,6-3.2,2,1912769111714631680,极兔快递,JT0016141613046,服饰,江苏省,
能源小区智慧社区服务站_站点-能源小区智慧社区服务站,能源小区智慧社区服务站,能源小区智慧社区服务站,快递,2025-04-17 15:07:40,,1,0.75,0,6.00,0.00,2.80,6-3.2,2,1912764860774944768,极兔快递,JT0016136182477,服饰,浙江省,
能源小区智慧社区服务站_站点-能源小区智慧社区服务站,能源小区智慧社区服务站,能源小区智慧社区服务站,快递,2025-04-17 14:59:07,,1,0.2,0,6.00,0.00,2.80,6-3.2,2,1912762702935560192,极兔快递,JT0016122234574,生活用品,江苏省,
能源小区智慧社区服务站_站点-能源小区智慧社区服务站,能源小区智慧社区服务站,能源小区智慧社区服务站,快递,2025-04-17 14:58:30,,1,0.21,0,6.00,0.00,2.80,6-3.2,2,1912762556281720832,极兔快递,JT0016141793982,服饰,浙江省,
能源小区智慧社区服务站_站点-能源小区智慧社区服务站,能源小区智慧社区服务站,能源小区智慧社区服务站,快递,2025-04-17 14:57:57,,2,0.93,1,8.00,0.00,4.08,51% ,2,1912762412240932864,极兔快递,JT0016129943141,生活用品,江苏省,
能源小区智慧社区服务站_站点-能源小区智慧社区服务站,能源小区智慧社区服务站,能源小区智慧社区服务站,快递,2025-04-17 14:57:36,,2,1.1,0,8.00,0.00,4.08,51% ,2,1912762290190880768,极兔快递,JT0016141241167,生活用品,江苏省,
能源小区智慧社区服务站_站点-能源小区智慧社区服务站,能源小区智慧社区服务站,能源小区智慧社区服务站,快递,2025-04-17 14:56:45,,2,0.97,1,8.00,0.00,4.08,51% ,2,1912762110238461952,极兔快递,JT0016136369554,生活用品,福建省,
能源小区智慧社区服务站_站点-能源小区智慧社区服务站,能源小区智慧社区服务站,能源小区智慧社区服务站,快递,2025-04-17 14:56:21,,2,0.98,1,8.00,0.00,4.08,51% ,2,1912762013555560448,极兔快递,JT0016140393497,生活用品,福建省,
能源小区智慧社区服务站_站点-能源小区智慧社区服务站,能源小区智慧社区服务站,能源小区智慧社区服务站,快递,2025-04-17 14:16:45,,1,0.23,0,6.00,0.00,2.80,6-3.2,2,1912752043783032832,极兔快递,JT0016138826453,服饰,江苏省,
能源小区智慧社区服务站_站点-能源小区智慧社区服务站,能源小区智慧社区服务站,能源小区智慧社区服务站,快递,2025-04-17 14:15:58,,1,0.8,0,6.00,0.00,2.80,6-3.2,2,1912751849364459520,极兔快递,JT0016140463660,生活用品,湖北省,
能源小区智慧社区服务站_站点-能源小区智慧社区服务站,能源小区智慧社区服务站,能源小区智慧社区服务站,快递,2025-04-17 14:00:10,,1,0.66,0,6.00,0.00,2.80,6-3.2,2,1912747872224743424,极兔快递,JT0016138237587,服饰,江苏省,
能源小区智慧社区服务站_站点-能源小区智慧社区服务站,能源小区智慧社区服务站,能源小区智慧社区服务站,快递,2025-04-17 13:59:34,,1,0.66,0,6.00,0.00,2.80,6-3.2,2,1912747728662106112,极兔快递,JT0016139554395,服饰,江苏省,
能源小区智慧社区服务站_站点-能源小区智慧社区服务站,能源小区智慧社区服务站,能源小区智慧社区服务站,快递,2025-04-17 13:57:25,,1,0.63,0,6.00,0.00,2.80,6-3.2,2,1912747180525293568,极兔快递,JT0016139290713,服饰,江苏省,
能源小区智慧社区服务站_站点-能源小区智慧社区服务站,能源小区智慧社区服务站,能源小区智慧社区服务站,快递,2025-04-17 10:21:31,,1,0.37,0,6.00,0.00,2.80,6-3.2,2,1912692810874032128,极兔快递,JT0016135522816,服饰,江苏省,
能源小区智慧社区服务站_站点-能源小区智慧社区服务站,能源小区智慧社区服务站,能源小区智慧社区服务站,快递,2025-04-17 10:13:48,,1,0.5,0,6.00,0.00,2.80,6-3.2,2,1912690902285357056,极兔快递,JT0016119165105,服饰,广东省,
能源小区智慧社区服务站_站点-能源小区智慧社区服务站,能源小区智慧社区服务站,能源小区智慧社区服务站,快递,2025-04-17 10:12:45,2025-04-17 02:13:20,1,,,6.00,,0.00,,2,1912690646114045952,极兔快递,JT0016119414781,服饰,广东省,已全额退款
能源小区智慧社区服务站_站点-能源小区智慧社区服务站,能源小区智慧社区服务站,能源小区智慧社区服务站,快递,2025-04-17 10:08:10,,1,0.28,0,6.00,0.00,2.80,6-3.2,2,1912689488133820416,极兔快递,JT0016133158301,生活用品,湖南省,
能源小区智慧社区服务站_站点-能源小区智慧社区服务站,能源小区智慧社区服务站,能源小区智慧社区服务站,快递,2025-04-17 10:07:15,,1,0.67,0,6.00,0.00,2.80,6-3.2,2,1912689260047568896,极兔快递,JT0016130275383,服饰,四川省,
能源小区智慧社区服务站_站点-能源小区智慧社区服务站,能源小区智慧社区服务站,能源小区智慧社区服务站,快递,2025-04-17 10:06:41,,2,1.07,0,8.00,0.00,4.08,51% ,2,1912689120284971008,极兔快递,JT0016135878295,服饰,湖北省,
能源小区智慧社区服务站_站点-能源小区智慧社区服务站,能源小区智慧社区服务站,能源小区智慧社区服务站,快递,2025-04-17 10:05:48,,2,1.19,0,9.00,0.00,3.59,51%,2,1912688889153654784,极兔快递,JT0016127478033,服饰,上海市,
能源小区智慧社区服务站_站点-能源小区智慧社区服务站,能源小区智慧社区服务站,能源小区智慧社区服务站,快递,2025-04-16 20:44:10,,1,0.33,0,6.00,0.00,2.80,6-3.2,2,1912487156846628864,极兔快递,JT0016127035958,服饰,湖南省,
能源小区智慧社区服务站_站点-能源小区智慧社区服务站,能源小区智慧社区服务站,能源小区智慧社区服务站,快递,2025-04-16 20:43:23,,1,0.23,0,6.00,0.00,2.80,6-3.2,2,1912486954228191232,极兔快递,JT0016131977384,服饰,湖南省,
能源小区智慧社区服务站_站点-能源小区智慧社区服务站,能源小区智慧社区服务站,能源小区智慧社区服务站,快递,2025-04-16 20:42:32,,1,0.2,0,6.00,0.00,2.80,6-3.2,2,1912486738536108032,极兔快递,JT0016130247600,服饰,吉林省,
能源小区智慧社区服务站_站点-能源小区智慧社区服务站,能源小区智慧社区服务站,能源小区智慧社区服务站,快递,2025-04-16 20:41:44,,1,0.49,0,6.00,0.00,2.80,6-3.2,2,1912486536655867904,极兔快递,JT0016131763495,服饰,湖南省,
能源小区智慧社区服务站_站点-能源小区智慧社区服务站,能源小区智慧社区服务站,能源小区智慧社区服务站,快递,2025-04-16 20:40:55,,1,0.27,0,6.00,0.00,2.80,6-3.2,2,1912486336818253824,极兔快递,JT0016128607524,服饰,安徽省,
能源小区智慧社区服务站_站点-能源小区智慧社区服务站,能源小区智慧社区服务站,能源小区智慧社区服务站,快递,2025-04-16 20:40:16,,1,0.65,0,6.00,0.00,2.80,6-3.2,2,1912486165665484800,极兔快递,JT0016128239329,服饰,广东省,
能源小区智慧社区服务站_站点-能源小区智慧社区服务站,能源小区智慧社区服务站,能源小区智慧社区服务站,快递,2025-04-16 20:39:19,,1,0.25,0,6.00,0.00,2.80,6-3.2,2,1912485935557578752,极兔快递,JT0016128545376,服饰,山西省,
能源小区智慧社区服务站_站点-能源小区智慧社区服务站,能源小区智慧社区服务站,能源小区智慧社区服务站,快递,2025-04-16 20:38:31,,1,0.29,0,7.00,0.00,2.80,6-3.2,2,1912485734612668416,极兔快递,JT0016123307677,服饰,北京市,
能源小区智慧社区服务站_站点-能源小区智慧社区服务站,能源小区智慧社区服务站,能源小区智慧社区服务站,快递,2025-04-16 20:21:40,,1,0.39,0,6.00,0.00,2.80,6-3.2,2,1912481495584804864,极兔快递,JT0016128987518,服饰,湖北省,
能源小区智慧社区服务站_站点-能源小区智慧社区服务站,能源小区智慧社区服务站,能源小区智慧社区服务站,快递,2025-04-16 20:13:38,,1,0.33,0,6.00,0.00,2.80,6-3.2,2,1912479476627214336,极兔快递,JT0016130334684,服饰,山东省,
能源小区智慧社区服务站_站点-能源小区智慧社区服务站,能源小区智慧社区服务站,能源小区智慧社区服务站,快递,2025-04-16 19:48:20,2025-04-16 12:08:06,1,,,6.00,,0.00,,2,1912473106389602304,极兔快递,JT0016129468026,服饰,四川省,已全额退款
能源小区智慧社区服务站_站点-能源小区智慧社区服务站,能源小区智慧社区服务站,能源小区智慧社区服务站,快递,2025-04-16 20:07:29,,1,0.2,0,6.00,0.00,2.80,6-3.2,2,1912477924483076096,极兔快递,JT0016130999289,生活用品,广东省,
能源小区智慧社区服务站_站点-能源小区智慧社区服务站,能源小区智慧社区服务站,能源小区智慧社区服务站,快递,2025-04-16 19:46:58,,1,0.2,0,6.00,0.00,2.80,6-3.2,2,1912472755598987264,极兔快递,JT0016123161987,服饰,广东省,
能源小区智慧社区服务站_站点-能源小区智慧社区服务站,能源小区智慧社区服务站,能源小区智慧社区服务站,快递,2025-04-16 19:46:02,,1,0.2,0,6.00,0.00,2.80,6-3.2,2,1912472521649098752,极兔快递,JT0016129165033,服饰,湖北省,
能源小区智慧社区服务站_站点-能源小区智慧社区服务站,能源小区智慧社区服务站,能源小区智慧社区服务站,快递,2025-04-16 19:45:10,,1,0.2,0,6.00,0.00,2.80,6-3.2,2,1912472312747593728,极兔快递,JT0016127390901,服饰,广东省,
能源小区智慧社区服务站_站点-能源小区智慧社区服务站,能源小区智慧社区服务站,能源小区智慧社区服务站,快递,2025-04-16 19:43:49,,1,0.2,0,6.00,0.00,2.80,6-3.2,2,1912471962841976832,极兔快递,JT0016131740630,服饰,广东省,
能源小区智慧社区服务站_站点-能源小区智慧社区服务站,能源小区智慧社区服务站,能源小区智慧社区服务站,快递,2025-04-16 19:42:47,,1,0.2,0,6.00,0.00,2.80,6-3.2,2,1912471700920274944,极兔快递,JT0016125386010,服饰,广东省,
能源小区智慧社区服务站_站点-能源小区智慧社区服务站,能源小区智慧社区服务站,能源小区智慧社区服务站,快递,2025-04-16 19:41:45,,1,0.2,0,6.00,0.00,2.80,6-3.2,2,1912471450700681216,极兔快递,JT0016116065412,服饰,广东省,
能源小区智慧社区服务站_站点-能源小区智慧社区服务站,能源小区智慧社区服务站,能源小区智慧社区服务站,快递,2025-04-16 19:40:38,,1,0.2,0,6.00,0.00,2.80,6-3.2,2,1912471172190507008,极兔快递,JT0016129490249,服饰,湖南省,
能源小区智慧社区服务站_站点-能源小区智慧社区服务站,能源小区智慧社区服务站,能源小区智慧社区服务站,快递,2025-04-16 19:39:30,,1,0.2,0,6.00,0.00,2.80,6-3.2,2,1912470884897460224,极兔快递,JT0016131132699,服饰,广东省,
能源小区智慧社区服务站_站点-能源小区智慧社区服务站,能源小区智慧社区服务站,能源小区智慧社区服务站,快递,2025-04-16 19:37:36,,1,0.2,0,6.00,0.00,2.80,6-3.2,2,1912470405471735808,极兔快递,JT0016124125306,服饰,江苏省,
能源小区智慧社区服务站_站点-能源小区智慧社区服务站,能源小区智慧社区服务站,能源小区智慧社区服务站,快递,2025-04-16 19:15:51,,1,0.56,0,6.00,0.00,2.52,42% ,2,1912464929128386560,韵达快递,312713718020512,生活用品,福建省,
能源小区智慧社区服务站_站点-能源小区智慧社区服务站,能源小区智慧社区服务站,能源小区智慧社区服务站,快递,2025-04-16 18:42:26,,1,0.3,0,6.00,0.00,2.80,6-3.2,2,1912456524774969344,极兔快递,JT0016130871297,服饰,广东省,
能源小区智慧社区服务站_站点-能源小区智慧社区服务站,能源小区智慧社区服务站,能源小区智慧社区服务站,快递,2025-04-16 18:36:55,,1,0.54,0,6.00,0.00,2.80,6-3.2,2,1912455134480633856,极兔快递,JT0016129520602,服饰,山东省,
能源小区智慧社区服务站_站点-能源小区智慧社区服务站,能源小区智慧社区服务站,能源小区智慧社区服务站,快递,2025-04-16 18:27:51,,1,0.32,0,6.00,0.00,2.80,6-3.2,2,1912452846743654400,极兔快递,JT0016130996910,服饰,福建省,
能源小区智慧社区服务站_站点-能源小区智慧社区服务站,能源小区智慧社区服务站,能源小区智慧社区服务站,快递,2025-04-16 18:09:30,,1,0.84,0,6.00,0.00,2.80,6-3.2,2,1912448235274178560,极兔快递,JT0016129583249,服饰,浙江省,
能源小区智慧社区服务站_站点-能源小区智慧社区服务站,能源小区智慧社区服务站,能源小区智慧社区服务站,快递,2025-04-16 17:45:17,,1,0.48,0,6.00,0.00,2.80,6-3.2,2,1912442142028402688,极兔快递,JT0016129699010,生活用品,浙江省,
能源小区智慧社区服务站_站点-能源小区智慧社区服务站,能源小区智慧社区服务站,能源小区智慧社区服务站,快递,2025-04-16 17:28:50,,1,0.28,0,6.00,0.00,2.80,6-3.2,2,1912437999213678592,极兔快递,JT0016125631678,生活用品,广东省,
能源小区智慧社区服务站_站点-能源小区智慧社区服务站,能源小区智慧社区服务站,能源小区智慧社区服务站,快递,2025-04-16 17:28:00,,1,0.44,0,6.00,0.00,2.80,6-3.2,2,1912437789800468480,极兔快递,JT0016129900628,服饰,浙江省,
能源小区智慧社区服务站_站点-能源小区智慧社区服务站,能源小区智慧社区服务站,能源小区智慧社区服务站,快递,2025-04-16 17:27:12,,1,0.2,0,6.00,0.00,2.80,6-3.2,2,1912437590646525952,极兔快递,JT0016125632849,服饰,广东省,
能源小区智慧社区服务站_站点-能源小区智慧社区服务站,能源小区智慧社区服务站,能源小区智慧社区服务站,快递,2025-04-16 17:25:45,,2,0.99,1,8.00,0.00,4.08,51% ,2,1912437220960571392,极兔快递,JT0016129049799,生活用品,福建省,
能源小区智慧社区服务站_站点-能源小区智慧社区服务站,能源小区智慧社区服务站,能源小区智慧社区服务站,快递,2025-04-16 16:16:16,,1,0.45,0,6.00,0.00,2.80,6-3.2,2,1912419718805262336,极兔快递,JT0016127945177,生活用品,辽宁省,
能源小区智慧社区服务站_站点-能源小区智慧社区服务站,能源小区智慧社区服务站,能源小区智慧社区服务站,快递,2025-04-16 15:29:26,,1,0.2,0,6.00,0.00,2.80,6-3.2,2,1912407955393155072,极兔快递,JT0016126208705,服饰,广东省,
能源小区智慧社区服务站_站点-能源小区智慧社区服务站,能源小区智慧社区服务站,能源小区智慧社区服务站,快递,2025-04-16 15:28:02,,1,0.33,0,6.00,0.00,2.80,6-3.2,2,1912407603411357696,极兔快递,JT0016122142417,服饰,广东省,
能源小区智慧社区服务站_站点-能源小区智慧社区服务站,能源小区智慧社区服务站,能源小区智慧社区服务站,快递,2025-04-16 15:26:58,,1,0.2,0,6.00,0.00,2.80,6-3.2,2,1912407332203466752,极兔快递,JT0016126068325,生活用品,浙江省,
能源小区智慧社区服务站_站点-能源小区智慧社区服务站,能源小区智慧社区服务站,能源小区智慧社区服务站,快递,2025-04-16 15:08:07,,2,0.61,1,8.00,0.00,4.08,51% ,2,1912402588953153536,极兔快递,JT0016116307122,生活用品,陕西省,
能源小区智慧社区服务站_站点-能源小区智慧社区服务站,能源小区智慧社区服务站,能源小区智慧社区服务站,快递,2025-04-16 15:07:19,2025-04-16 07:07:48,1,,,6.00,,0.00,,2,1912402388314427392,极兔快递,JT0016125024186,生活用品,陕西省,已全额退款
能源小区智慧社区服务站_站点-能源小区智慧社区服务站,能源小区智慧社区服务站,能源小区智慧社区服务站,快递,2025-04-16 14:55:55,,1,0.67,0,6.00,0.00,2.80,6-3.2,2,1912399515182632960,极兔快递,JT0016125938723,服饰,浙江省,
能源小区智慧社区服务站_站点-能源小区智慧社区服务站,能源小区智慧社区服务站,能源小区智慧社区服务站,快递,2025-04-16 14:26:29,,2,1.62,0,8.00,0.00,4.08,51% ,2,1912392112928133120,极兔快递,JT0016120658578,生活用品,江苏省,
能源小区智慧社区服务站_站点-能源小区智慧社区服务站,能源小区智慧社区服务站,能源小区智慧社区服务站,快递,2025-04-16 13:29:20,,1,0.2,0,6.00,0.00,2.80,6-3.2,2,1912377729585975296,极兔快递,JT0016121391716,生活用品,天津市,
能源小区智慧社区服务站_站点-能源小区智慧社区服务站,能源小区智慧社区服务站,能源小区智慧社区服务站,快递,2025-04-16 12:51:32,,1,0.23,0,6.00,0.00,2.80,6-3.2,2,1912368213725220864,极兔快递,JT0016121508368,服饰,江苏省,
能源小区智慧社区服务站_站点-能源小区智慧社区服务站,能源小区智慧社区服务站,能源小区智慧社区服务站,快递,2025-04-16 11:36:39,,1,0.2,0,6.00,0.00,2.80,6-3.2,2,1912349371397509120,极兔快递,JT0016118100971,服饰,广东省,
能源小区智慧社区服务站_站点-能源小区智慧社区服务站,能源小区智慧社区服务站,能源小区智慧社区服务站,快递,2025-04-16 10:31:40,,1,0.28,0,6.00,0.00,2.80,6-3.2,2,1912333012684967936,极兔快递,JT0016116405328,服饰,福建省,
能源小区智慧社区服务站_站点-能源小区智慧社区服务站,能源小区智慧社区服务站,能源小区智慧社区服务站,快递,2025-04-16 10:05:46,,1,0.24,0,6.00,0.00,2.80,6-3.2,2,1912326500809904128,极兔快递,JT0016118846299,服饰,浙江省,
能源小区智慧社区服务站_站点-能源小区智慧社区服务站,能源小区智慧社区服务站,能源小区智慧社区服务站,快递,2025-04-16 10:03:15,,1,0.71,0,6.00,0.00,2.80,6-3.2,2,1912325868623433728,极兔快递,JT0016118465252,服饰,湖南省,
能源小区智慧社区服务站_站点-能源小区智慧社区服务站,能源小区智慧社区服务站,能源小区智慧社区服务站,快递,2025-04-16 10:02:31,,2,1.11,0,8.00,0.00,4.08,51% ,2,1912325682417307648,极兔快递,JT0016117973316,服饰,广东省,
能源小区智慧社区服务站_站点-能源小区智慧社区服务站,能源小区智慧社区服务站,能源小区智慧社区服务站,快递,2025-04-16 09:59:36,,1,0.62,0,6.00,0.00,2.80,6-3.2,2,1912324943020232704,极兔快递,JT0016116766981,服饰,山东省,
能源小区智慧社区服务站_站点-能源小区智慧社区服务站,能源小区智慧社区服务站,能源小区智慧社区服务站,快递,2025-04-15 20:52:54,,1,0.72,0,6.00,0.00,2.80,6-3.2,2,1912126967358361600,极兔快递,JT0016115308354,服饰,广东省,
能源小区智慧社区服务站_站点-能源小区智慧社区服务站,能源小区智慧社区服务站,能源小区智慧社区服务站,快递,2025-04-15 20:41:57,,1,0.43,0,6.00,0.00,2.80,6-3.2,2,1912124216213704704,极兔快递,JT0016115788020,服饰,陕西省,
能源小区智慧社区服务站_站点-能源小区智慧社区服务站,能源小区智慧社区服务站,能源小区智慧社区服务站,快递,2025-04-15 20:40:45,,1,0.45,0,6.00,0.00,2.80,6-3.2,2,1912123906808287232,极兔快递,JT0016111607457,服饰,广东省,
能源小区智慧社区服务站_站点-能源小区智慧社区服务站,能源小区智慧社区服务站,能源小区智慧社区服务站,快递,2025-04-15 20:39:55,,1,0.23,0,6.00,0.00,2.80,6-3.2,2,1912123648426577920,极兔快递,JT0016114910424,服饰,湖北省,
能源小区智慧社区服务站_站点-能源小区智慧社区服务站,能源小区智慧社区服务站,能源小区智慧社区服务站,快递,2025-04-15 20:39:02,,1,0.45,0,6.00,0.00,2.80,6-3.2,2,1912123472953675776,极兔快递,JT0016116070796,服饰,湖北省,
能源小区智慧社区服务站_站点-能源小区智慧社区服务站,能源小区智慧社区服务站,能源小区智慧社区服务站,快递,2025-04-15 20:38:22,,1,0.25,0,6.00,0.00,2.80,6-3.2,2,1912123313079390208,极兔快递,JT0016114207812,服饰,湖北省,
能源小区智慧社区服务站_站点-能源小区智慧社区服务站,能源小区智慧社区服务站,能源小区智慧社区服务站,快递,2025-04-15 20:36:57,,1,0.61,0,7.00,0.00,2.80,6-3.2,2,1912122953392656384,极兔快递,JT0016115548178,服饰,北京市,
能源小区智慧社区服务站_站点-能源小区智慧社区服务站,能源小区智慧社区服务站,能源小区智慧社区服务站,快递,2025-04-15 20:36:09,,2,1.09,0,8.00,0.00,4.08,51% ,2,1912122753177554944,极兔快递,JT0016115264400,服饰,湖南省,
能源小区智慧社区服务站_站点-能源小区智慧社区服务站,能源小区智慧社区服务站,能源小区智慧社区服务站,快递,2025-04-15 20:35:12,,1,0.21,0,6.00,0.00,2.80,6-3.2,2,1912122511610810368,极兔快递,JT0016114150060,服饰,湖南省,
能源小区智慧社区服务站_站点-能源小区智慧社区服务站,能源小区智慧社区服务站,能源小区智慧社区服务站,快递,2025-04-15 20:34:15,,1,0.3,0,6.00,0.00,2.80,6-3.2,2,1912122276809478144,极兔快递,JT0016115772919,服饰,四川省,
能源小区智慧社区服务站_站点-能源小区智慧社区服务站,能源小区智慧社区服务站,能源小区智慧社区服务站,快递,2025-04-15 20:32:53,,1,0.39,0,6.00,0.00,2.80,6-3.2,2,1912121906938974208,极兔快递,JT0016113783325,服饰,浙江省,
能源小区智慧社区服务站_站点-能源小区智慧社区服务站,能源小区智慧社区服务站,能源小区智慧社区服务站,快递,2025-04-15 20:31:52,,1,0.42,0,6.00,0.00,2.80,6-3.2,2,1912121676344528896,极兔快递,JT0016115843875,服饰,河南省,
能源小区智慧社区服务站_站点-能源小区智慧社区服务站,能源小区智慧社区服务站,能源小区智慧社区服务站,快递,2025-04-15 20:28:36,,1,0.2,0,6.00,0.00,2.80,6-3.2,2,1912120848762212352,极兔快递,JT0016113897898,服饰,广东省,
能源小区智慧社区服务站_站点-能源小区智慧社区服务站,能源小区智慧社区服务站,能源小区智慧社区服务站,快递,2025-04-15 20:21:33,,1,0.41,0,6.00,0.00,2.80,6-3.2,2,1912119063469297664,极兔快递,JT0016113462216,服饰,广东省,
能源小区智慧社区服务站_站点-能源小区智慧社区服务站,能源小区智慧社区服务站,能源小区智慧社区服务站,快递,2025-04-15 20:19:59,,1,0.33,0,6.00,0.00,2.80,6-3.2,2,1912118685096939520,极兔快递,JT0016115197456,服饰,广东省,
能源小区智慧社区服务站_站点-能源小区智慧社区服务站,能源小区智慧社区服务站,能源小区智慧社区服务站,快递,2025-04-15 20:17:30,,1,0.25,0,6.00,0.00,2.80,6-3.2,2,1912118038511423488,极兔快递,JT0016116123164,服饰,广东省,
能源小区智慧社区服务站_站点-能源小区智慧社区服务站,能源小区智慧社区服务站,能源小区智慧社区服务站,快递,2025-04-15 20:15:18,,1,0.39,0,6.00,0.00,2.80,6-3.2,2,1912117499887292416,极兔快递,JT0016115454641,服饰,福建省,
能源小区智慧社区服务站_站点-能源小区智慧社区服务站,能源小区智慧社区服务站,能源小区智慧社区服务站,快递,2025-04-15 20:14:23,,1,0.22,0,6.00,0.00,2.80,6-3.2,2,1912116976077443072,极兔快递,JT0016115210043,服饰,广东省,
能源小区智慧社区服务站_站点-能源小区智慧社区服务站,能源小区智慧社区服务站,能源小区智慧社区服务站,快递,2025-04-15 20:10:56,,1,0.31,0,6.00,0.00,2.80,6-3.2,2,1912116356973006848,极兔快递,JT0016115385533,服饰,河北省,
能源小区智慧社区服务站_站点-能源小区智慧社区服务站,能源小区智慧社区服务站,能源小区智慧社区服务站,快递,2025-04-15 20:10:23,,1,0.25,0,6.00,0.00,2.80,6-3.2,2,1912116272390672384,极兔快递,JT0016109702112,服饰,河北省,
能源小区智慧社区服务站_站点-能源小区智慧社区服务站,能源小区智慧社区服务站,能源小区智慧社区服务站,快递,2025-04-15 20:08:25,,1,0.2,0,6.00,0.00,2.80,6-3.2,2,1912115775877353472,极兔快递,JT0016113541875,服饰,广东省,
能源小区智慧社区服务站_站点-能源小区智慧社区服务站,能源小区智慧社区服务站,能源小区智慧社区服务站,快递,2025-04-15 20:06:25,,1,0.2,0,6.00,0.00,2.80,6-3.2,2,1912115272766394368,极兔快递,JT0016114227342,服饰,江苏省,
能源小区智慧社区服务站_站点-能源小区智慧社区服务站,能源小区智慧社区服务站,能源小区智慧社区服务站,快递,2025-04-15 20:04:39,,1,0.3,0,6.00,0.00,2.80,6-3.2,2,1912114828052729856,极兔快递,JT0016111442364,服饰,广东省,
能源小区智慧社区服务站_站点-能源小区智慧社区服务站,能源小区智慧社区服务站,能源小区智慧社区服务站,快递,2025-04-15 20:02:22,,1,0.2,0,6.00,0.00,2.80,6-3.2,2,1912114208742772736,极兔快递,JT0016113633748,服饰,广东省,
能源小区智慧社区服务站_站点-能源小区智慧社区服务站,能源小区智慧社区服务站,能源小区智慧社区服务站,快递,2025-04-15 19:56:07,,1,0.2,0,6.00,0.00,2.80,6-3.2,2,1912112677414965248,极兔快递,JT0016114155143,服饰,江苏省,
能源小区智慧社区服务站_站点-能源小区智慧社区服务站,能源小区智慧社区服务站,能源小区智慧社区服务站,快递,2025-04-15 19:43:31,,2,1.37,0,8.00,0.00,4.08,51% ,2,1912109496232513536,极兔快递,JT0016113205097,服饰,山东省,
能源小区智慧社区服务站_站点-能源小区智慧社区服务站,能源小区智慧社区服务站,能源小区智慧社区服务站,快递,2025-04-15 19:30:57,,1,0.83,0,7.00,0.00,2.80,6-3.2,2,1912106347576889344,极兔快递,JT0016114854508,生活用品,上海市,
能源小区智慧社区服务站_站点-能源小区智慧社区服务站,能源小区智慧社区服务站,能源小区智慧社区服务站,快递,2025-04-15 19:24:57,,1,0.23,0,6.00,0.00,2.80,6-3.2,2,1912104832065802240,极兔快递,JT0016114209426,服饰,天津市,
能源小区智慧社区服务站_站点-能源小区智慧社区服务站,能源小区智慧社区服务站,能源小区智慧社区服务站,快递,2025-04-15 19:22:41,,1,0.28,0,6.00,0.00,2.80,6-3.2,2,1912104260872900608,极兔快递,JT0016111247711,服饰,浙江省,
能源小区智慧社区服务站_站点-能源小区智慧社区服务站,能源小区智慧社区服务站,能源小区智慧社区服务站,快递,2025-04-15 19:09:02,,1,0.2,0,6.00,0.00,2.80,6-3.2,2,1912100820931252224,极兔快递,JT0016111732809,生活用品,广东省,
能源小区智慧社区服务站_站点-能源小区智慧社区服务站,能源小区智慧社区服务站,能源小区智慧社区服务站,快递,2025-04-15 19:08:23,,1,0.2,0,6.00,0.00,2.80,6-3.2,2,1912100668925480960,极兔快递,JT0016102750520,生活用品,广东省,
能源小区智慧社区服务站_站点-能源小区智慧社区服务站,能源小区智慧社区服务站,能源小区智慧社区服务站,快递,2025-04-15 18:56:37,,1,0.2,0,6.00,0.00,2.80,6-3.2,2,1912097698506805248,极兔快递,JT0016111185041,服饰,浙江省,
能源小区智慧社区服务站_站点-能源小区智慧社区服务站,能源小区智慧社区服务站,能源小区智慧社区服务站,快递,2025-04-15 18:55:38,,1,0.24,0,6.00,0.00,2.80,6-3.2,2,1912097452523458560,极兔快递,JT0016111884340,服饰,广东省,
能源小区智慧社区服务站_站点-能源小区智慧社区服务站,能源小区智慧社区服务站,能源小区智慧社区服务站,快递,2025-04-15 18:54:35,,1,0.53,0,6.00,0.00,2.80,6-3.2,2,1912097190941495296,极兔快递,JT0016110379461,服饰,江苏省,
能源小区智慧社区服务站_站点-能源小区智慧社区服务站,能源小区智慧社区服务站,能源小区智慧社区服务站,快递,2025-04-15 18:41:30,,1,0.34,0,6.00,0.00,2.80,6-3.2,2,1912093901709578240,极兔快递,JT0016114089254,服饰,广东省,
能源小区智慧社区服务站_站点-能源小区智慧社区服务站,能源小区智慧社区服务站,能源小区智慧社区服务站,快递,2025-04-15 18:26:33,,1,0.2,0,6.00,0.00,2.80,6-3.2,2,1912090141667037184,极兔快递,JT0016111644882,服饰,广东省,
能源小区智慧社区服务站_站点-能源小区智慧社区服务站,能源小区智慧社区服务站,能源小区智慧社区服务站,快递,2025-04-15 18:24:25,,1,0.53,0,6.00,0.00,2.80,6-3.2,2,1912089596990525440,极兔快递,JT0016111209843,服饰,浙江省,
能源小区智慧社区服务站_站点-能源小区智慧社区服务站,能源小区智慧社区服务站,能源小区智慧社区服务站,快递,2025-04-15 18:23:50,,1,0.32,0,6.00,0.00,2.80,6-3.2,2,1912089457718661120,极兔快递,JT0016107890795,服饰,湖南省,
能源小区智慧社区服务站_站点-能源小区智慧社区服务站,能源小区智慧社区服务站,能源小区智慧社区服务站,快递,2025-04-15 18:22:22,,1,0.36,0,6.00,0.00,2.80,6-3.2,2,1912089085885222912,极兔快递,JT0016111063231,服饰,浙江省,
能源小区智慧社区服务站_站点-能源小区智慧社区服务站,能源小区智慧社区服务站,能源小区智慧社区服务站,快递,2025-04-15 18:12:16,,1,0.2,0,6.00,0.00,2.80,6-3.2,2,1912086541645582336,极兔快递,JT0016110567754,生活用品,广东省,
能源小区智慧社区服务站_站点-能源小区智慧社区服务站,能源小区智慧社区服务站,能源小区智慧社区服务站,快递,2025-04-15 17:55:22,,1,0.23,0,6.00,0.00,2.80,6-3.2,2,1912082290617815040,极兔快递,JT0016105966106,服饰,广东省,
能源小区智慧社区服务站_站点-能源小区智慧社区服务站,能源小区智慧社区服务站,能源小区智慧社区服务站,快递,2025-04-15 17:43:44,,1,0.31,0,6.00,0.00,2.80,6-3.2,2,1912079361391398912,极兔快递,JT0016111849207,生活用品,福建省,
能源小区智慧社区服务站_站点-能源小区智慧社区服务站,能源小区智慧社区服务站,能源小区智慧社区服务站,快递,2025-04-15 16:49:35,,1,0.2,0,6.00,0.00,2.80,6-3.2,2,1912065736022888448,极兔快递,JT0016111161309,生活用品,陕西省,
能源小区智慧社区服务站_站点-能源小区智慧社区服务站,能源小区智慧社区服务站,能源小区智慧社区服务站,快递,2025-04-15 16:46:34,,1,0.4,0,6.00,0.00,2.80,6-3.2,2,1912064970897952768,极兔快递,JT0016112125556,服饰,江苏省,
能源小区智慧社区服务站_站点-能源小区智慧社区服务站,能源小区智慧社区服务站,能源小区智慧社区服务站,快递,2025-04-15 16:30:31,,1,0.61,0,6.00,0.00,2.80,6-3.2,2,1912060936606650368,极兔快递,JT0016110032606,生活用品,湖北省,
能源小区智慧社区服务站_站点-能源小区智慧社区服务站,能源小区智慧社区服务站,能源小区智慧社区服务站,快递,2025-04-15 16:28:53,,1,0.24,0,6.00,0.00,2.80,6-3.2,2,1912060521899036672,极兔快递,JT0016111550061,服饰,河北省,
能源小区智慧社区服务站_站点-能源小区智慧社区服务站,能源小区智慧社区服务站,能源小区智慧社区服务站,快递,2025-04-15 16:28:20,,1,0.38,0,6.00,0.00,2.80,6-3.2,2,1912060389258366976,极兔快递,JT0016109331360,服饰,浙江省,
能源小区智慧社区服务站_站点-能源小区智慧社区服务站,能源小区智慧社区服务站,能源小区智慧社区服务站,快递,2025-04-15 15:22:00,,1,0.33,0,6.00,0.00,2.80,6-3.2,2,1912043694686932992,极兔快递,JT0016110804531,服饰,浙江省,
能源小区智慧社区服务站_站点-能源小区智慧社区服务站,能源小区智慧社区服务站,能源小区智慧社区服务站,快递,2025-04-15 13:57:13,,1,0.52,0,6.00,0.00,2.80,6-3.2,2,1912022357218103296,极兔快递,JT0016100162103,服饰,四川省,
能源小区智慧社区服务站_站点-能源小区智慧社区服务站,能源小区智慧社区服务站,能源小区智慧社区服务站,快递,2025-04-15 13:36:30,,1,0.2,0,6.00,0.00,2.80,6-3.2,2,1912017135318011904,极兔快递,JT0016105323495,生活用品,河南省,
能源小区智慧社区服务站_站点-能源小区智慧社区服务站,能源小区智慧社区服务站,能源小区智慧社区服务站,快递,2025-04-15 13:35:56,,1,0.2,0,6.00,0.00,2.80,6-3.2,2,1912017001695875072,极兔快递,JT0016104061166,生活用品,山东省,
能源小区智慧社区服务站_站点-能源小区智慧社区服务站,能源小区智慧社区服务站,能源小区智慧社区服务站,快递,2025-04-15 13:34:44,,1,0.2,0,6.00,0.00,2.80,6-3.2,2,1912016700716814336,极兔快递,JT0016108081730,生活用品,山东省,
能源小区智慧社区服务站_站点-能源小区智慧社区服务站,能源小区智慧社区服务站,能源小区智慧社区服务站,快递,2025-04-15 13:32:38,,1,0.2,0,6.00,0.00,2.80,6-3.2,2,1912016172477779968,极兔快递,JT0016106382425,生活用品,山东省,
能源小区智慧社区服务站_站点-能源小区智慧社区服务站,能源小区智慧社区服务站,能源小区智慧社区服务站,快递,2025-04-15 13:11:20,,1,0.2,0,6.00,0.00,2.80,6-3.2,2,1912010810806702080,极兔快递,JT0016106100171,生活用品,吉林省,
能源小区智慧社区服务站_站点-能源小区智慧社区服务站,能源小区智慧社区服务站,能源小区智慧社区服务站,快递,2025-04-15 13:07:28,,1,0.2,0,6.00,0.00,2.80,6-3.2,2,1912009840173453312,极兔快递,JT0016100477267,生活用品,广东省,
能源小区智慧社区服务站_站点-能源小区智慧社区服务站,能源小区智慧社区服务站,能源小区智慧社区服务站,快递,2025-04-15 12:24:00,,2,1.24,0,8.00,0.00,4.08,51% ,2,1911998899708956672,极兔快递,JT0016100071517,生活用品,天津市,
能源小区智慧社区服务站_站点-能源小区智慧社区服务站,能源小区智慧社区服务站,能源小区智慧社区服务站,快递,2025-04-15 11:00:44,,1,0.64,0,6.00,0.00,2.80,6-3.2,2,1911977940965314560,极兔快递,JT0016105032045,服饰,浙江省,
能源小区智慧社区服务站_站点-能源小区智慧社区服务站,能源小区智慧社区服务站,能源小区智慧社区服务站,快递,2025-04-15 10:48:16,,1,0.76,0,6.00,0.00,2.80,6-3.2,2,1911974807367241728,极兔快递,JT0016104590248,服饰,江苏省,
能源小区智慧社区服务站_站点-能源小区智慧社区服务站,能源小区智慧社区服务站,能源小区智慧社区服务站,快递,2025-04-15 10:34:17,,1,0.35,0,6.00,0.00,2.80,6-3.2,2,1911971288740958208,极兔快递,JT0016103302750,生活用品,江苏省,
能源小区智慧社区服务站_站点-能源小区智慧社区服务站,能源小区智慧社区服务站,能源小区智慧社区服务站,快递,2025-04-15 10:33:06,,2,0.72,1,8.00,0.00,4.08,51% ,2,1911970977171279872,极兔快递,JT0016102411123,生活用品,河南省,
能源小区智慧社区服务站_站点-能源小区智慧社区服务站,能源小区智慧社区服务站,能源小区智慧社区服务站,快递,2025-04-15 10:32:16,,2,0.95,1,8.00,0.00,4.08,51% ,2,1911970776461250560,极兔快递,JT0016093511065,生活用品,河南省,
能源小区智慧社区服务站_站点-能源小区智慧社区服务站,能源小区智慧社区服务站,能源小区智慧社区服务站,快递,2025-04-15 10:31:42,,2,0.89,1,8.00,0.00,4.08,51% ,2,1911970617010589696,极兔快递,JT0016102700753,生活用品,浙江省,
能源小区智慧社区服务站_站点-能源小区智慧社区服务站,能源小区智慧社区服务站,能源小区智慧社区服务站,快递,2025-04-15 10:29:46,,1,0.49,0,6.00,0.00,2.80,6-3.2,2,1911970153573552128,极兔快递,JT0016100208461,服饰,福建省,
能源小区智慧社区服务站_站点-能源小区智慧社区服务站,能源小区智慧社区服务站,能源小区智慧社区服务站,快递,2025-04-15 10:23:27,,1,0.2,0,6.00,0.00,2.80,6-3.2,2,1911968565580697600,极兔快递,JT0016103457798,服饰,广东省,
能源小区智慧社区服务站_站点-能源小区智慧社区服务站,能源小区智慧社区服务站,能源小区智慧社区服务站,快递,2025-04-15 10:13:23,,1,0.35,0,6.00,0.00,2.80,6-3.2,2,1911966023522095104,极兔快递,JT0016103825165,服饰,四川省,
能源小区智慧社区服务站_站点-能源小区智慧社区服务站,能源小区智慧社区服务站,能源小区智慧社区服务站,快递,2025-04-15 10:12:58,,1,0.46,0,6.00,0.00,2.80,6-3.2,2,1911965875677073408,极兔快递,JT0016102160377,服饰,四川省,
能源小区智慧社区服务站_站点-能源小区智慧社区服务站,能源小区智慧社区服务站,能源小区智慧社区服务站,快递,2025-04-15 10:11:51,,1,0.27,0,6.00,0.00,2.80,6-3.2,2,1911965643258105856,极兔快递,JT0016103761153,服饰,四川省,
能源小区智慧社区服务站_站点-能源小区智慧社区服务站,能源小区智慧社区服务站,能源小区智慧社区服务站,快递,2025-04-15 10:11:16,,6,4.82,1,18.00,3.00,9.00,50% ,2,1911965486516965376,极兔快递,JT0016101818355,服饰,四川省,
能源小区智慧社区服务站_站点-能源小区智慧社区服务站,能源小区智慧社区服务站,能源小区智慧社区服务站,快递,2025-04-14 20:13:31,,1,0.38,0,6.00,0.00,2.80,6-3.2,2,1911754670203113472,极兔快递,JT0016097904067,服饰,江苏省,
能源小区智慧社区服务站_站点-能源小区智慧社区服务站,能源小区智慧社区服务站,能源小区智慧社区服务站,快递,2025-04-14 19:54:27,,1,0.32,0,6.00,0.00,2.80,6-3.2,2,1911749871525072896,极兔快递,JT0016098615510,生活用品,江苏省,
能源小区智慧社区服务站_站点-能源小区智慧社区服务站,能源小区智慧社区服务站,能源小区智慧社区服务站,快递,2025-04-14 19:52:33,,1,0.33,0,6.00,0.00,2.80,6-3.2,2,1911749395211522048,极兔快递,JT0016096862472,服饰,江苏省,
能源小区智慧社区服务站_站点-能源小区智慧社区服务站,能源小区智慧社区服务站,能源小区智慧社区服务站,快递,2025-04-14 19:45:29,,1,0.41,0,6.00,0.00,2.80,6-3.2,2,1911747610287706112,极兔快递,JT0016097807310,服饰,河北省,
能源小区智慧社区服务站_站点-能源小区智慧社区服务站,能源小区智慧社区服务站,能源小区智慧社区服务站,快递,2025-04-14 19:44:31,,1,0.2,0,6.00,0.00,2.80,6-3.2,2,1911747372210622464,极兔快递,JT0016098916277,服饰,浙江省,
能源小区智慧社区服务站_站点-能源小区智慧社区服务站,能源小区智慧社区服务站,能源小区智慧社区服务站,快递,2025-04-14 19:34:00,,1,0.45,0,6.00,0.00,2.80,6-3.2,2,1911744713785249792,极兔快递,JT0016096795478,服饰,辽宁省,
能源小区智慧社区服务站_站点-能源小区智慧社区服务站,能源小区智慧社区服务站,能源小区智慧社区服务站,快递,2025-04-14 19:31:46,,1,0.2,0,6.00,0.00,2.80,6-3.2,2,1911744134354735104,极兔快递,JT0016097485308,服饰,浙江省,
能源小区智慧社区服务站_站点-能源小区智慧社区服务站,能源小区智慧社区服务站,能源小区智慧社区服务站,快递,2025-04-14 19:30:22,,2,0.78,1,8.00,0.00,4.08,51% ,2,1911743812882305024,极兔快递,JT0016098465295,生活用品,河南省,
能源小区智慧社区服务站_站点-能源小区智慧社区服务站,能源小区智慧社区服务站,能源小区智慧社区服务站,快递,2025-04-14 19:16:18,,1,0.94,0,6.00,0.00,2.80,6-3.2,2,1911740254187327488,极兔快递,JT0016088995832,服饰,江苏省,
能源小区智慧社区服务站_站点-能源小区智慧社区服务站,能源小区智慧社区服务站,能源小区智慧社区服务站,快递,2025-04-14 19:15:35,,1,0.49,0,6.00,0.00,2.80,6-3.2,2,1911740082669654016,极兔快递,JT0016094738813,服饰,福建省,
能源小区智慧社区服务站_站点-能源小区智慧社区服务站,能源小区智慧社区服务站,能源小区智慧社区服务站,快递,2025-04-14 19:14:50,,1,0.55,0,6.00,0.00,2.80,6-3.2,2,1911739893993082880,极兔快递,JT0016094790039,服饰,广东省,
能源小区智慧社区服务站_站点-能源小区智慧社区服务站,能源小区智慧社区服务站,能源小区智慧社区服务站,快递,2025-04-14 19:14:09,,1,0.6,0,6.00,0.00,2.80,6-3.2,2,1911739727739260928,极兔快递,JT0016096073170,服饰,福建省,
能源小区智慧社区服务站_站点-能源小区智慧社区服务站,能源小区智慧社区服务站,能源小区智慧社区服务站,快递,2025-04-14 19:05:56,,1,0.2,0,6.00,0.00,2.80,6-3.2,2,1911737664401739776,极兔快递,JT0016098983111,服饰,辽宁省,
能源小区智慧社区服务站_站点-能源小区智慧社区服务站,能源小区智慧社区服务站,能源小区智慧社区服务站,快递,2025-04-14 19:04:29,,1,0.2,0,6.00,0.00,2.80,6-3.2,2,1911737299660869632,极兔快递,JT0016093539447,服饰,浙江省,
能源小区智慧社区服务站_站点-能源小区智慧社区服务站,能源小区智慧社区服务站,能源小区智慧社区服务站,快递,2025-04-14 19:00:19,,2,1.42,0,8.00,0.00,4.08,51% ,2,1911736246303363072,极兔快递,JT0016097401660,生活用品,福建省,
能源小区智慧社区服务站_站点-能源小区智慧社区服务站,能源小区智慧社区服务站,能源小区智慧社区服务站,快递,2025-04-14 18:49:49,,1,0.2,0,6.00,0.00,2.80,6-3.2,2,1911733605909303296,极兔快递,JT0016094718399,服饰,四川省,
能源小区智慧社区服务站_站点-能源小区智慧社区服务站,能源小区智慧社区服务站,能源小区智慧社区服务站,快递,2025-04-14 18:48:26,,1,0.34,0,6.00,0.00,2.80,6-3.2,2,1911733261766660096,极兔快递,JT0016099052730,服饰,浙江省,
能源小区智慧社区服务站_站点-能源小区智慧社区服务站,能源小区智慧社区服务站,能源小区智慧社区服务站,快递,2025-04-14 18:44:44,,1,0.87,0,6.00,0.00,2.80,6-3.2,2,1911732328777289728,极兔快递,JT0016098855212,服饰,浙江省,
能源小区智慧社区服务站_站点-能源小区智慧社区服务站,能源小区智慧社区服务站,能源小区智慧社区服务站,快递,2025-04-14 18:39:09,,2,1.01,0,8.00,0.00,4.08,51% ,2,1911730924234903552,极兔快递,JT0016090907931,生活用品,福建省,
能源小区智慧社区服务站_站点-能源小区智慧社区服务站,能源小区智慧社区服务站,能源小区智慧社区服务站,快递,2025-04-14 18:38:22,,1,0.21,0,6.00,0.00,2.80,6-3.2,2,1911730717115977728,极兔快递,JT0016097003712,服饰,江苏省,
能源小区智慧社区服务站_站点-能源小区智慧社区服务站,能源小区智慧社区服务站,能源小区智慧社区服务站,快递,2025-04-14 18:37:49,,1,0.36,0,6.00,0.00,2.80,6-3.2,2,1911730589302951936,极兔快递,JT0016090807421,服饰,广东省,
能源小区智慧社区服务站_站点-能源小区智慧社区服务站,能源小区智慧社区服务站,能源小区智慧社区服务站,快递,2025-04-14 18:35:40,,1,0.51,0,6.00,0.00,2.80,6-3.2,2,1911730045586935808,极兔快递,JT0016087866639,生活用品,福建省,
能源小区智慧社区服务站_站点-能源小区智慧社区服务站,能源小区智慧社区服务站,能源小区智慧社区服务站,快递,2025-04-14 18:33:52,,1,0.36,0,6.00,0.00,2.80,6-3.2,2,1911729565687255040,极兔快递,JT0016097354280,服饰,河南省,
能源小区智慧社区服务站_站点-能源小区智慧社区服务站,能源小区智慧社区服务站,能源小区智慧社区服务站,快递,2025-04-14 18:32:46,,1,0.41,0,6.00,0.00,2.80,6-3.2,2,1911729309956345856,极兔快递,JT0016097509966,服饰,福建省,
能源小区智慧社区服务站_站点-能源小区智慧社区服务站,能源小区智慧社区服务站,能源小区智慧社区服务站,快递,2025-04-14 18:31:55,,1,0.61,0,6.00,0.00,2.80,6-3.2,2,1911729102229245952,极兔快递,JT0016080742226,服饰,江苏省,
能源小区智慧社区服务站_站点-能源小区智慧社区服务站,能源小区智慧社区服务站,能源小区智慧社区服务站,快递,2025-04-14 18:29:45,,2,1.64,0,8.00,0.00,4.08,51% ,2,1911728556458020864,极兔快递,JT0016096409073,服饰,广东省,
能源小区智慧社区服务站_站点-能源小区智慧社区服务站,能源小区智慧社区服务站,能源小区智慧社区服务站,快递,2025-04-14 18:27:56,2025-04-14 10:29:10,2,,,8.00,,0.00,,2,1911728099002060800,极兔快递,JT0016093224127,服饰,广东省,已全额退款
能源小区智慧社区服务站_站点-能源小区智慧社区服务站,能源小区智慧社区服务站,能源小区智慧社区服务站,快递,2025-04-14 18:28:47,,1,0.25,0,6.00,0.00,2.80,6-3.2,2,1911728299233939456,极兔快递,JT0016096447463,服饰,吉林省,
能源小区智慧社区服务站_站点-能源小区智慧社区服务站,能源小区智慧社区服务站,能源小区智慧社区服务站,快递,2025-04-14 18:21:52,,1,0.4,0,6.00,0.00,2.80,6-3.2,2,1911726567540035584,极兔快递,JT0016096932845,生活用品,福建省,
能源小区智慧社区服务站_站点-能源小区智慧社区服务站,能源小区智慧社区服务站,能源小区智慧社区服务站,快递,2025-04-14 18:19:52,,1,0.2,0,6.00,0.00,2.80,6-3.2,2,1911726065720922112,极兔快递,JT0016097665504,生活用品,浙江省,
能源小区智慧社区服务站_站点-能源小区智慧社区服务站,能源小区智慧社区服务站,能源小区智慧社区服务站,快递,2025-04-14 18:09:03,,1,0.22,0,6.00,0.00,2.80,6-3.2,2,1911723348554321920,极兔快递,JT0016095895227,生活用品,广东省,
能源小区智慧社区服务站_站点-能源小区智慧社区服务站,能源小区智慧社区服务站,能源小区智慧社区服务站,快递,2025-04-14 18:07:57,,1,0.2,0,6.00,0.00,2.80,6-3.2,2,1911723070966894592,极兔快递,JT0016087727874,服饰,广东省,
能源小区智慧社区服务站_站点-能源小区智慧社区服务站,能源小区智慧社区服务站,能源小区智慧社区服务站,快递,2025-04-14 16:50:46,,1,0.32,0,7.00,0.00,2.80,6-3.2,2,1911703646394290176,极兔快递,JT0016091516010,生活用品,上海市,
能源小区智慧社区服务站_站点-能源小区智慧社区服务站,能源小区智慧社区服务站,能源小区智慧社区服务站,快递,2025-04-14 16:50:09,,1,0.39,0,6.00,0.00,2.80,6-3.2,2,1911703491557363712,极兔快递,JT0016082463469,服饰,浙江省,
能源小区智慧社区服务站_站点-能源小区智慧社区服务站,能源小区智慧社区服务站,能源小区智慧社区服务站,快递,2025-04-14 16:49:31,,2,0.73,1,8.00,0.00,4.08,51% ,2,1911703313836314624,极兔快递,JT0016083861028,服饰,福建省,
能源小区智慧社区服务站_站点-能源小区智慧社区服务站,能源小区智慧社区服务站,能源小区智慧社区服务站,快递,2025-04-14 16:48:49,,1,0.6,0,6.00,0.00,2.80,6-3.2,2,1911703153899114496,极兔快递,JT0016095438866,服饰,江西省,
能源小区智慧社区服务站_站点-能源小区智慧社区服务站,能源小区智慧社区服务站,能源小区智慧社区服务站,快递,2025-04-14 16:48:02,,1,0.2,0,6.00,0.00,2.80,6-3.2,2,1911702948332081152,极兔快递,JT0016089119349,服饰,广东省,
能源小区智慧社区服务站_站点-能源小区智慧社区服务站,能源小区智慧社区服务站,能源小区智慧社区服务站,快递,2025-04-14 16:47:02,,1,0.34,0,6.00,0.00,2.80,6-3.2,2,1911702705251192832,极兔快递,JT0016081834966,服饰,广东省,
能源小区智慧社区服务站_站点-能源小区智慧社区服务站,能源小区智慧社区服务站,能源小区智慧社区服务站,快递,2025-04-14 16:33:03,,1,0.54,0,6.00,0.00,2.80,6-3.2,2,1911699189170343936,极兔快递,JT0016090060088,服饰,浙江省,
能源小区智慧社区服务站_站点-能源小区智慧社区服务站,能源小区智慧社区服务站,能源小区智慧社区服务站,快递,2025-04-14 16:31:50,,1,0.2,0,6.00,0.00,2.80,6-3.2,2,1911698881467813888,极兔快递,JT0016089239823,服饰,广东省,
能源小区智慧社区服务站_站点-能源小区智慧社区服务站,能源小区智慧社区服务站,能源小区智慧社区服务站,快递,2025-04-14 16:30:46,,1,0.5,0,6.00,0.00,2.80,6-3.2,2,1911698611623071744,极兔快递,JT0016094510877,服饰,河南省,
能源小区智慧社区服务站_站点-能源小区智慧社区服务站,能源小区智慧社区服务站,能源小区智慧社区服务站,快递,2025-04-14 15:57:18,,1,0.62,0,6.00,0.00,2.80,6-3.2,2,1911690190026870784,极兔快递,JT0016092477322,服饰,江苏省,
能源小区智慧社区服务站_站点-能源小区智慧社区服务站,能源小区智慧社区服务站,能源小区智慧社区服务站,快递,2025-04-14 15:16:49,,1,0.2,0,6.00,0.00,2.80,6-3.2,2,1911680001479446528,极兔快递,JT0016076277830,生活用品,河南省,
能源小区智慧社区服务站_站点-能源小区智慧社区服务站,能源小区智慧社区服务站,能源小区智慧社区服务站,快递,2025-04-14 15:02:20,,1,0.84,0,6.00,0.00,2.80,6-3.2,2,1911676360790020096,极兔快递,JT0016092442418,生活用品,浙江省,
能源小区智慧社区服务站_站点-能源小区智慧社区服务站,能源小区智慧社区服务站,能源小区智慧社区服务站,快递,2025-04-14 14:58:51,,1,0.47,0,6.00,0.00,2.80,6-3.2,2,1911675483006078976,极兔快递,JT0016093138258,生活用品,河南省,
能源小区智慧社区服务站_站点-能源小区智慧社区服务站,能源小区智慧社区服务站,能源小区智慧社区服务站,快递,2025-04-14 14:08:32,,1,0.23,0,6.00,0.00,2.80,6-3.2,2,1911662812428931072,极兔快递,JT0016086393802,服饰,江苏省,
能源小区智慧社区服务站_站点-能源小区智慧社区服务站,能源小区智慧社区服务站,能源小区智慧社区服务站,快递,2025-04-14 14:08:10,,1,0.27,0,6.00,0.00,2.80,6-3.2,2,1911662725791387648,极兔快递,JT0016082207927,服饰,江苏省,
能源小区智慧社区服务站_站点-能源小区智慧社区服务站,能源小区智慧社区服务站,能源小区智慧社区服务站,快递,2025-04-14 13:55:26,,2,1.02,0,8.00,0.00,4.08,51% ,2,1911659523532558336,极兔快递,JT0016089082749,服饰,浙江省,
能源小区智慧社区服务站_站点-能源小区智慧社区服务站,能源小区智慧社区服务站,能源小区智慧社区服务站,快递,2025-04-14 13:32:29,,2,1.21,0,8.00,0.00,4.08,51% ,2,1911653748349243392,极兔快递,JT0016089327106,服饰,辽宁省,
能源小区智慧社区服务站_站点-能源小区智慧社区服务站,能源小区智慧社区服务站,能源小区智慧社区服务站,快递,2025-04-14 13:30:52,,1,0.51,0,6.00,0.00,2.80,6-3.2,2,1911653337152262144,极兔快递,JT0016087548205,服饰,广西壮族自治区,
能源小区智慧社区服务站_站点-能源小区智慧社区服务站,能源小区智慧社区服务站,能源小区智慧社区服务站,快递,2025-04-14 13:30:02,,1,0.58,0,6.00,0.00,2.80,6-3.2,2,1911653125050503168,极兔快递,JT0016089563080,服饰,广东省,
能源小区智慧社区服务站_站点-能源小区智慧社区服务站,能源小区智慧社区服务站,能源小区智慧社区服务站,快递,2025-04-14 13:29:25,,1,0.6,0,6.00,0.00,2.80,6-3.2,2,1911652971614474240,极兔快递,JT0016090396937,服饰,广东省,
能源小区智慧社区服务站_站点-能源小区智慧社区服务站,能源小区智慧社区服务站,能源小区智慧社区服务站,快递,2025-04-14 13:27:42,,1,0.51,0,6.00,0.00,2.80,6-3.2,2,1911652539857014784,极兔快递,JT0016087967626,服饰,广东省,
能源小区智慧社区服务站_站点-能源小区智慧社区服务站,能源小区智慧社区服务站,能源小区智慧社区服务站,快递,2025-04-14 13:27:00,,1,0.54,0,6.00,0.00,2.80,6-3.2,2,1911652357769695232,极兔快递,JT0016089483500,生活用品,浙江省,
能源小区智慧社区服务站_站点-能源小区智慧社区服务站,能源小区智慧社区服务站,能源小区智慧社区服务站,快递,2025-04-14 13:25:57,,1,0.23,0,6.00,0.00,2.80,6-3.2,2,1911652099996160000,极兔快递,JT0016090932151,服饰,浙江省,
能源小区智慧社区服务站_站点-能源小区智慧社区服务站,能源小区智慧社区服务站,能源小区智慧社区服务站,快递,2025-04-14 13:23:59,,1,0.93,0,6.00,0.00,2.80,6-3.2,2,1911651575108374528,极兔快递,JT0016080969685,生活用品,陕西省,
能源小区智慧社区服务站_站点-能源小区智慧社区服务站,能源小区智慧社区服务站,能源小区智慧社区服务站,快递,2025-04-14 13:02:54,,1,0.31,0,6.00,0.00,2.80,6-3.2,2,1911646297533091840,极兔快递,JT0016090866756,生活用品,浙江省,
能源小区智慧社区服务站_站点-能源小区智慧社区服务站,能源小区智慧社区服务站,能源小区智慧社区服务站,快递,2025-04-14 13:01:10,,1,0.64,0,6.00,0.00,2.80,6-3.2,2,1911645863464570880,极兔快递,JT0016090394645,服饰,广东省,
能源小区智慧社区服务站_站点-能源小区智慧社区服务站,能源小区智慧社区服务站,能源小区智慧社区服务站,快递,2025-04-14 12:43:38,,2,1.2,0,8.00,0.00,4.08,51% ,2,1911641453472681984,极兔快递,JT0016090610687,服饰,广东省,
能源小区智慧社区服务站_站点-能源小区智慧社区服务站,能源小区智慧社区服务站,能源小区智慧社区服务站,快递,2025-04-14 12:37:32,,1,0.2,0,6.00,0.00,2.80,6-3.2,2,1911639908819570688,极兔快递,JT0016085440737,服饰,广东省,
能源小区智慧社区服务站_站点-能源小区智慧社区服务站,能源小区智慧社区服务站,能源小区智慧社区服务站,快递,2025-04-14 12:36:57,,1,0.34,0,6.00,0.00,2.80,6-3.2,2,1911639768394272768,极兔快递,JT0016084315518,服饰,广东省,
能源小区智慧社区服务站_站点-能源小区智慧社区服务站,能源小区智慧社区服务站,能源小区智慧社区服务站,快递,2025-04-14 11:33:16,,2,1.82,0,8.00,0.00,4.08,51% ,2,1911623746102661120,极兔快递,JT0016087272502,服饰,浙江省,
能源小区智慧社区服务站_站点-能源小区智慧社区服务站,能源小区智慧社区服务站,能源小区智慧社区服务站,快递,2025-04-14 11:27:12,,1,0.82,0,6.00,0.00,2.80,6-3.2,2,1911622220235837440,极兔快递,JT0016089113673,服饰,广东省,
能源小区智慧社区服务站_站点-能源小区智慧社区服务站,能源小区智慧社区服务站,能源小区智慧社区服务站,快递,2025-04-14 11:25:10,,1,0.45,0,7.00,0.00,2.80,6-3.2,2,1911621706890776576,极兔快递,JT0016087730272,服饰,上海市,
能源小区智慧社区服务站_站点-能源小区智慧社区服务站,能源小区智慧社区服务站,能源小区智慧社区服务站,快递,2025-04-14 11:13:55,,1,0.28,0,6.00,0.00,2.80,6-3.2,2,1911618864498528256,极兔快递,JT0016087503140,食品,广西壮族自治区,
能源小区智慧社区服务站_站点-能源小区智慧社区服务站,能源小区智慧社区服务站,能源小区智慧社区服务站,快递,2025-04-14 11:13:02,2025-04-14 03:13:32,1,,,6.00,,0.00,,2,1911618651922812928,极兔快递,JT0016083026811,食品,广东省,已全额退款
能源小区智慧社区服务站_站点-能源小区智慧社区服务站,能源小区智慧社区服务站,能源小区智慧社区服务站,快递,2025-04-14 11:11:49,,1,0.82,0,6.00,0.00,2.80,6-3.2,2,1911618338289537024,极兔快递,JT0016085103572,服饰,广东省,
能源小区智慧社区服务站_站点-能源小区智慧社区服务站,能源小区智慧社区服务站,能源小区智慧社区服务站,快递,2025-04-14 11:11:09,,1,0.72,0,6.00,0.00,2.80,6-3.2,2,1911618180118138880,极兔快递,JT0016088679528,服饰,广东省,
能源小区智慧社区服务站_站点-能源小区智慧社区服务站,能源小区智慧社区服务站,能源小区智慧社区服务站,快递,2025-04-14 11:09:33,,1,0.23,0,6.00,0.00,2.80,6-3.2,2,1911617774604439552,极兔快递,JT0016088176337,服饰,江苏省,
能源小区智慧社区服务站_站点-能源小区智慧社区服务站,能源小区智慧社区服务站,能源小区智慧社区服务站,快递,2025-04-14 10:11:10,,1,0.61,0,6.00,0.00,2.80,6-3.2,2,1911603081722646528,极兔快递,JT0016067383412,服饰,浙江省,
能源小区智慧社区服务站_站点-能源小区智慧社区服务站,能源小区智慧社区服务站,能源小区智慧社区服务站,快递,2025-04-13 19:54:49,,1,0.38,0,6.00,0.00,2.80,6-3.2,2,1911387573798752256,极兔快递,JT0016079661342,服饰,湖南省,
能源小区智慧社区服务站_站点-能源小区智慧社区服务站,能源小区智慧社区服务站,能源小区智慧社区服务站,快递,2025-04-13 19:54:09,,1,0.2,0,6.00,0.00,2.80,6-3.2,2,1911387399839993856,极兔快递,JT0016082477672,服饰,山西省,
能源小区智慧社区服务站_站点-能源小区智慧社区服务站,能源小区智慧社区服务站,能源小区智慧社区服务站,快递,2025-04-13 19:53:17,,1,0.69,0,6.00,0.00,2.80,6-3.2,2,1911387189986381824,极兔快递,JT0016082408846,服饰,广东省,
能源小区智慧社区服务站_站点-能源小区智慧社区服务站,能源小区智慧社区服务站,能源小区智慧社区服务站,快递,2025-04-13 19:52:36,,2,1.26,0,8.00,0.00,4.08,51% ,2,1911387016870678528,极兔快递,JT0016082453446,服饰,浙江省,
能源小区智慧社区服务站_站点-能源小区智慧社区服务站,能源小区智慧社区服务站,能源小区智慧社区服务站,快递,2025-04-13 19:51:54,,1,0.52,0,6.00,0.00,2.80,6-3.2,2,1911386836536578048,极兔快递,JT0016076677014,服饰,吉林省,
能源小区智慧社区服务站_站点-能源小区智慧社区服务站,能源小区智慧社区服务站,能源小区智慧社区服务站,快递,2025-04-13 19:51:15,,1,0.56,0,6.00,0.00,2.80,6-3.2,2,1911386678667169792,极兔快递,JT0016080439982,服饰,湖南省,
能源小区智慧社区服务站_站点-能源小区智慧社区服务站,能源小区智慧社区服务站,能源小区智慧社区服务站,快递,2025-04-13 19:43:48,,2,1.11,0,8.00,0.00,4.08,51% ,2,1911384797526020096,极兔快递,JT0016078141939,生活用品,福建省,
能源小区智慧社区服务站_站点-能源小区智慧社区服务站,能源小区智慧社区服务站,能源小区智慧社区服务站,快递,2025-04-13 19:43:11,,2,0.86,1,8.00,0.00,4.08,51% ,2,1911384649135738880,极兔快递,JT0016079781248,生活用品,福建省,
能源小区智慧社区服务站_站点-能源小区智慧社区服务站,能源小区智慧社区服务站,能源小区智慧社区服务站,快递,2025-04-13 19:29:28,,1,0.34,0,6.00,0.00,2.52,42% ,2,1911381196367908864,韵达快递,312710739299673,生活用品,陕西省,
能源小区智慧社区服务站_站点-能源小区智慧社区服务站,能源小区智慧社区服务站,能源小区智慧社区服务站,快递,2025-04-13 19:24:00,,1,0.13,0,6.00,0.00,2.80,6-3.2,2,1911379822196477952,极兔快递,JT0016081520173,生活用品,浙江省,
能源小区智慧社区服务站_站点-能源小区智慧社区服务站,能源小区智慧社区服务站,能源小区智慧社区服务站,快递,2025-04-13 19:20:29,,1,0.68,0,6.00,0.00,2.80,6-3.2,2,1911378935252176896,极兔快递,JT0016079717317,生活用品,河北省,
能源小区智慧社区服务站_站点-能源小区智慧社区服务站,能源小区智慧社区服务站,能源小区智慧社区服务站,快递,2025-04-12 10:13:03,2025-04-13 11:04:52,2,,,8.00,,0.00,,2,1910878781843623936,极兔快递,JT0016057238146,服饰,福建省,已全额退款
能源小区智慧社区服务站_站点-能源小区智慧社区服务站,能源小区智慧社区服务站,能源小区智慧社区服务站,快递,2025-04-13 19:02:51,,1,0.2,0,6.00,0.00,2.80,6-3.2,2,1911374500442591232,极兔快递,JT0016077291083,服饰,河北省,
能源小区智慧社区服务站_站点-能源小区智慧社区服务站,能源小区智慧社区服务站,能源小区智慧社区服务站,快递,2025-04-13 19:01:39,,1,0.2,0,6.00,0.00,2.80,6-3.2,2,1911374192891056128,极兔快递,JT0016074911100,服饰,河南省,
能源小区智慧社区服务站_站点-能源小区智慧社区服务站,能源小区智慧社区服务站,能源小区智慧社区服务站,快递,2025-04-13 18:57:16,,1,0.22,0,6.00,0.00,2.80,6-3.2,2,1911373094969069568,极兔快递,JT0016080720960,服饰,福建省,
能源小区智慧社区服务站_站点-能源小区智慧社区服务站,能源小区智慧社区服务站,能源小区智慧社区服务站,快递,2025-04-13 18:56:06,,1,0.43,0,6.00,0.00,2.80,6-3.2,2,1911372799996252160,极兔快递,JT0016079639829,服饰,河北省,
能源小区智慧社区服务站_站点-能源小区智慧社区服务站,能源小区智慧社区服务站,能源小区智慧社区服务站,快递,2025-04-13 18:55:20,,2,1.45,0,8.00,0.00,4.08,51% ,2,1911372608790515712,极兔快递,JT0016075670266,服饰,浙江省,
能源小区智慧社区服务站_站点-能源小区智慧社区服务站,能源小区智慧社区服务站,能源小区智慧社区服务站,快递,2025-04-13 18:52:52,,2,1.25,0,8.00,0.00,4.08,51% ,2,1911371985470803968,极兔快递,JT0016077585952,服饰,浙江省,
能源小区智慧社区服务站_站点-能源小区智慧社区服务站,能源小区智慧社区服务站,能源小区智慧社区服务站,快递,2025-04-13 18:49:05,2025-04-13 10:52:33,1,,,6.00,,0.00,,2,1911371035242844160,极兔快递,JT0016081969352,服饰,浙江省,已全额退款
能源小区智慧社区服务站_站点-能源小区智慧社区服务站,能源小区智慧社区服务站,能源小区智慧社区服务站,快递,2025-04-13 18:51:33,,1,0.35,0,7.00,0.00,2.80,6-3.2,2,1911371654989008896,极兔快递,JT0016080240756,服饰,上海市,
能源小区智慧社区服务站_站点-能源小区智慧社区服务站,能源小区智慧社区服务站,能源小区智慧社区服务站,快递,2025-04-13 18:43:20,,1,0.8,0,6.00,0.00,2.80,6-3.2,2,1911369587163582464,极兔快递,JT0016080405477,服饰,江苏省,
能源小区智慧社区服务站_站点-能源小区智慧社区服务站,能源小区智慧社区服务站,能源小区智慧社区服务站,快递,2025-04-13 18:36:06,,1,0.36,0,6.00,0.00,2.80,6-3.2,2,1911367763211767808,极兔快递,JT0016073123618,服饰,浙江省,
能源小区智慧社区服务站_站点-能源小区智慧社区服务站,能源小区智慧社区服务站,能源小区智慧社区服务站,快递,2025-04-13 18:35:31,,1,0.42,0,6.00,0.00,2.80,6-3.2,2,1911367621549150208,极兔快递,JT0016075766107,服饰,浙江省,
能源小区智慧社区服务站_站点-能源小区智慧社区服务站,能源小区智慧社区服务站,能源小区智慧社区服务站,快递,2025-04-13 18:34:25,,1,0.32,0,6.00,0.00,2.80,6-3.2,2,1911367332272197632,极兔快递,JT0016077357187,服饰,浙江省,
能源小区智慧社区服务站_站点-能源小区智慧社区服务站,能源小区智慧社区服务站,能源小区智慧社区服务站,快递,2025-04-13 18:33:41,,1,0.63,0,6.00,0.00,2.80,6-3.2,2,1911367155901714432,极兔快递,JT0016081713933,服饰,广东省,
能源小区智慧社区服务站_站点-能源小区智慧社区服务站,能源小区智慧社区服务站,能源小区智慧社区服务站,快递,2025-04-13 18:32:56,,1,0.97,0,6.00,0.00,2.80,6-3.2,2,1911366968370188288,极兔快递,JT0016080117352,服饰,广东省,
能源小区智慧社区服务站_站点-能源小区智慧社区服务站,能源小区智慧社区服务站,能源小区智慧社区服务站,快递,2025-04-13 18:30:42,,1,0.63,0,6.00,0.00,2.80,6-3.2,2,1911366408669679616,极兔快递,JT0016080222074,服饰,安徽省,
能源小区智慧社区服务站_站点-能源小区智慧社区服务站,能源小区智慧社区服务站,能源小区智慧社区服务站,快递,2025-04-13 18:21:06,,1,0.2,0,6.00,0.00,2.80,6-3.2,2,1911363989944586240,极兔快递,JT0016078278101,服饰,湖北省,
能源小区智慧社区服务站_站点-能源小区智慧社区服务站,能源小区智慧社区服务站,能源小区智慧社区服务站,快递,2025-04-13 18:11:58,,1,0.2,0,6.00,0.00,2.80,6-3.2,2,1911361684771885056,极兔快递,JT0016075636272,生活用品,浙江省,
能源小区智慧社区服务站_站点-能源小区智慧社区服务站,能源小区智慧社区服务站,能源小区智慧社区服务站,快递,2025-04-13 18:11:23,,1,0.62,0,6.00,0.00,2.80,6-3.2,2,1911361547093856256,极兔快递,JT0016081817027,生活用品,浙江省,
能源小区智慧社区服务站_站点-能源小区智慧社区服务站,能源小区智慧社区服务站,能源小区智慧社区服务站,快递,2025-04-13 18:06:54,,1,0.2,0,6.00,0.00,2.80,6-3.2,2,1911360407442739200,极兔快递,JT0016081316490,生活用品,浙江省,
能源小区智慧社区服务站_站点-能源小区智慧社区服务站,能源小区智慧社区服务站,能源小区智慧社区服务站,快递,2025-04-13 18:06:04,,1,0.2,0,6.00,0.00,2.80,6-3.2,2,1911360203444375552,极兔快递,JT0016081367116,服饰,广东省,
能源小区智慧社区服务站_站点-能源小区智慧社区服务站,能源小区智慧社区服务站,能源小区智慧社区服务站,快递,2025-04-13 18:05:06,,1,0.2,0,6.00,0.00,2.80,6-3.2,2,1911359966197764096,极兔快递,JT0016080876085,生活用品,浙江省,
能源小区智慧社区服务站_站点-能源小区智慧社区服务站,能源小区智慧社区服务站,能源小区智慧社区服务站,快递,2025-04-13 18:02:40,,1,0.56,0,6.00,0.00,2.80,6-3.2,2,1911359325593325568,极兔快递,JT0016072689091,生活用品,广东省,
能源小区智慧社区服务站_站点-能源小区智慧社区服务站,能源小区智慧社区服务站,能源小区智慧社区服务站,快递,2025-04-13 18:01:32,,1,0.2,0,6.00,0.00,2.80,6-3.2,2,1911359062962786304,极兔快递,JT0016081613517,服饰,湖北省,
能源小区智慧社区服务站_站点-能源小区智慧社区服务站,能源小区智慧社区服务站,能源小区智慧社区服务站,快递,2025-04-13 18:00:31,,1,0.2,0,6.00,0.00,2.80,6-3.2,2,1911358778798690304,极兔快递,JT0016079393679,服饰,山东省,
能源小区智慧社区服务站_站点-能源小区智慧社区服务站,能源小区智慧社区服务站,能源小区智慧社区服务站,快递,2025-04-13 17:30:07,,1,0.8,0,6.00,0.00,2.80,6-3.2,2,1911351162903121920,极兔快递,JT0016079514434,服饰,广东省,
能源小区智慧社区服务站_站点-能源小区智慧社区服务站,能源小区智慧社区服务站,能源小区智慧社区服务站,快递,2025-04-13 17:29:04,,1,0.2,0,6.00,0.00,2.80,6-3.2,2,1911350898133487616,极兔快递,JT0016079418636,生活用品,广东省,
能源小区智慧社区服务站_站点-能源小区智慧社区服务站,能源小区智慧社区服务站,能源小区智慧社区服务站,快递,2025-04-13 17:11:05,,3,0.87,2,10.00,0.00,5.50,55% ,2,1911346371527364608,极兔快递,JT0016080219354,生活用品,四川省,
能源小区智慧社区服务站_站点-能源小区智慧社区服务站,能源小区智慧社区服务站,能源小区智慧社区服务站,快递,2025-04-13 16:54:14,,1,0.53,0,6.00,0.00,2.80,6-3.2,2,1911342126023495680,极兔快递,JT0016077967354,服饰,浙江省,
能源小区智慧社区服务站_站点-能源小区智慧社区服务站,能源小区智慧社区服务站,能源小区智慧社区服务站,快递,2025-04-13 16:31:07,,1,0.58,0,6.00,0.00,2.80,6-3.2,2,1911336309886996480,极兔快递,JT0016079931341,服饰,河南省,
能源小区智慧社区服务站_站点-能源小区智慧社区服务站,能源小区智慧社区服务站,能源小区智慧社区服务站,快递,2025-04-13 16:08:59,,2,1.08,0,8.00,0.00,4.08,51% ,2,1911330743567437824,极兔快递,JT0016078979786,服饰,江苏省,
能源小区智慧社区服务站_站点-能源小区智慧社区服务站,能源小区智慧社区服务站,能源小区智慧社区服务站,快递,2025-04-13 16:07:15,,1,0.51,0,6.00,0.00,2.80,6-3.2,2,1911330308420980736,极兔快递,JT0016077045392,服饰,广东省,
能源小区智慧社区服务站_站点-能源小区智慧社区服务站,能源小区智慧社区服务站,能源小区智慧社区服务站,快递,2025-04-13 16:05:59,,1,0.58,0,6.00,0.00,2.80,6-3.2,2,1911329987414118400,极兔快递,JT0016066556319,服饰,广东省,
能源小区智慧社区服务站_站点-能源小区智慧社区服务站,能源小区智慧社区服务站,能源小区智慧社区服务站,快递,2025-04-13 16:04:21,,1,0.68,0,6.00,0.00,2.80,6-3.2,2,1911329575936118784,极兔快递,JT0016078853892,生活用品,江西省,
能源小区智慧社区服务站_站点-能源小区智慧社区服务站,能源小区智慧社区服务站,能源小区智慧社区服务站,快递,2025-04-13 15:25:38,,2,0.76,1,8.00,0.00,4.08,51% ,2,1911319834216288256,极兔快递,JT0016077096724,生活用品,河北省,
能源小区智慧社区服务站_站点-能源小区智慧社区服务站,能源小区智慧社区服务站,能源小区智慧社区服务站,快递,2025-04-13 15:24:05,,1,0.54,0,6.00,0.00,2.80,6-3.2,2,1911319444288622592,极兔快递,JT0016076335582,服饰,湖南省,
能源小区智慧社区服务站_站点-能源小区智慧社区服务站,能源小区智慧社区服务站,能源小区智慧社区服务站,快递,2025-04-13 15:22:15,,1,0.55,0,6.00,0.00,2.80,6-3.2,2,1911318982080516096,极兔快递,JT0016071276386,服饰,湖南省,
能源小区智慧社区服务站_站点-能源小区智慧社区服务站,能源小区智慧社区服务站,能源小区智慧社区服务站,快递,2025-04-13 15:07:23,,1,0.2,0,6.00,0.00,2.80,6-3.2,2,1911315242703310848,极兔快递,JT0016077195207,服饰,广东省,
能源小区智慧社区服务站_站点-能源小区智慧社区服务站,能源小区智慧社区服务站,能源小区智慧社区服务站,快递,2025-04-13 13:54:07,,1,0.2,0,6.00,0.00,2.80,6-3.2,2,1911296801640468480,极兔快递,JT0016059307760,生活用品,福建省,
能源小区智慧社区服务站_站点-能源小区智慧社区服务站,能源小区智慧社区服务站,能源小区智慧社区服务站,快递,2025-04-13 13:38:54,,2,1.54,0,8.00,0.00,4.08,51% ,2,1911292974828802048,极兔快递,JT0016072594993,生活用品,浙江省,
能源小区智慧社区服务站_站点-能源小区智慧社区服务站,能源小区智慧社区服务站,能源小区智慧社区服务站,快递,2025-04-13 13:38:11,,4,1.71,2,12.00,0.00,6.00,50% ,2,1911292788459098112,极兔快递,JT0016075294796,生活用品,福建省,
能源小区智慧社区服务站_站点-能源小区智慧社区服务站,能源小区智慧社区服务站,能源小区智慧社区服务站,快递,2025-04-13 13:28:04,,1,0.47,0,6.00,0.00,2.80,6-3.2,2,1911290250653519872,极兔快递,JT0016075229438,服饰,河北省,
能源小区智慧社区服务站_站点-能源小区智慧社区服务站,能源小区智慧社区服务站,能源小区智慧社区服务站,快递,2025-04-13 13:25:17,,1,0.2,0,6.00,0.00,2.80,6-3.2,2,1911289544651493376,极兔快递,JT0016074604782,服饰,广东省,
能源小区智慧社区服务站_站点-能源小区智慧社区服务站,能源小区智慧社区服务站,能源小区智慧社区服务站,快递,2025-04-13 11:05:46,,1,0.2,0,6.00,0.00,2.80,6-3.2,2,1911254427967082496,极兔快递,JT0016072781693,服饰,广东省,
能源小区智慧社区服务站_站点-能源小区智慧社区服务站,能源小区智慧社区服务站,能源小区智慧社区服务站,快递,2025-04-13 11:05:22,,1,0.2,0,6.00,0.00,2.80,6-3.2,2,1911254319087144960,极兔快递,JT0016073100003,服饰,广东省,
能源小区智慧社区服务站_站点-能源小区智慧社区服务站,能源小区智慧社区服务站,能源小区智慧社区服务站,快递,2025-04-13 11:04:57,,1,0.2,0,6.00,0.00,2.80,6-3.2,2,1911254229933019136,极兔快递,JT0016071342575,服饰,广东省,
能源小区智慧社区服务站_站点-能源小区智慧社区服务站,能源小区智慧社区服务站,能源小区智慧社区服务站,快递,2025-04-13 11:03:45,,1,0.29,0,6.00,0.00,2.80,6-3.2,2,1911253921811058688,极兔快递,JT0016066663017,服饰,福建省,
能源小区智慧社区服务站_站点-能源小区智慧社区服务站,能源小区智慧社区服务站,能源小区智慧社区服务站,快递,2025-04-13 11:03:07,,1,0.36,0,6.00,0.00,2.80,6-3.2,2,1911253755045531648,极兔快递,JT0016074001497,服饰,福建省,
能源小区智慧社区服务站_站点-能源小区智慧社区服务站,能源小区智慧社区服务站,能源小区智慧社区服务站,快递,2025-04-13 11:02:05,,1,0.27,0,6.00,0.00,2.80,6-3.2,2,1911253510039457792,极兔快递,JT0016071828205,服饰,山东省,
能源小区智慧社区服务站_站点-能源小区智慧社区服务站,能源小区智慧社区服务站,能源小区智慧社区服务站,快递,2025-04-13 11:00:35,,1,0.47,0,6.00,0.00,2.80,6-3.2,2,1911253111324725248,极兔快递,JT0016074081367,服饰,山东省,
能源小区智慧社区服务站_站点-能源小区智慧社区服务站,能源小区智慧社区服务站,能源小区智慧社区服务站,快递,2025-04-13 11:00:06,,1,0.54,0,6.00,0.00,2.80,6-3.2,2,1911253010367827968,极兔快递,JT0016071813771,服饰,山东省,
能源小区智慧社区服务站_站点-能源小区智慧社区服务站,能源小区智慧社区服务站,能源小区智慧社区服务站,快递,2025-04-13 10:57:18,,1,0.66,0,6.00,0.00,2.80,6-3.2,2,1911252307196956672,极兔快递,JT0016071646673,服饰,广西壮族自治区,
能源小区智慧社区服务站_站点-能源小区智慧社区服务站,能源小区智慧社区服务站,能源小区智慧社区服务站,快递,2025-04-13 10:55:52,,1,0.2,0,6.00,0.00,2.80,6-3.2,2,1911251947787046912,极兔快递,JT0016073646145,服饰,江苏省,
能源小区智慧社区服务站_站点-能源小区智慧社区服务站,能源小区智慧社区服务站,能源小区智慧社区服务站,快递,2025-04-13 10:54:34,,1,0.2,0,6.00,0.00,2.80,6-3.2,2,1911251619163328512,极兔快递,JT0016069439815,服饰,河南省,
能源小区智慧社区服务站_站点-能源小区智慧社区服务站,能源小区智慧社区服务站,能源小区智慧社区服务站,快递,2025-04-13 10:53:29,,1,0.42,0,6.00,0.00,2.80,6-3.2,2,1911251341403934720,极兔快递,JT0016073849490,服饰,江苏省,
能源小区智慧社区服务站_站点-能源小区智慧社区服务站,能源小区智慧社区服务站,能源小区智慧社区服务站,快递,2025-04-13 10:19:48,,1,0.64,0,6.00,0.00,2.80,6-3.2,2,1911242865248227328,极兔快递,JT0016072861617,生活用品,河北省,
能源小区智慧社区服务站_站点-能源小区智慧社区服务站,能源小区智慧社区服务站,能源小区智慧社区服务站,快递,2025-04-13 10:17:52,,1,0.32,0,6.00,0.00,2.80,6-3.2,2,1911242375789727744,极兔快递,JT0016072957892,生活用品,广东省,
能源小区智慧社区服务站_站点-能源小区智慧社区服务站,能源小区智慧社区服务站,能源小区智慧社区服务站,快递,2025-04-13 10:17:01,,1,0.36,0,6.00,0.00,2.80,6-3.2,2,1911242165449576448,极兔快递,JT0016070526700,生活用品,广东省,
能源小区智慧社区服务站_站点-能源小区智慧社区服务站,能源小区智慧社区服务站,能源小区智慧社区服务站,快递,2025-04-13 10:16:09,,1,0.2,0,6.00,0.00,2.80,6-3.2,2,1911241945898733568,极兔快递,JT0016067731509,服饰,浙江省,
能源小区智慧社区服务站_站点-能源小区智慧社区服务站,能源小区智慧社区服务站,能源小区智慧社区服务站,快递,2025-04-13 10:15:09,,1,0.2,0,6.00,0.00,2.80,6-3.2,2,1911241672258146304,极兔快递,JT0016073081628,服饰,广东省,
能源小区智慧社区服务站_站点-能源小区智慧社区服务站,能源小区智慧社区服务站,能源小区智慧社区服务站,快递,2025-04-13 10:14:06,,1,0.2,0,6.00,0.00,2.80,6-3.2,2,1911241426803281920,极兔快递,JT0016072247109,服饰,安徽省,
能源小区智慧社区服务站_站点-能源小区智慧社区服务站,能源小区智慧社区服务站,能源小区智慧社区服务站,快递,2025-04-13 10:13:10,,1,0.2,0,6.00,0.00,2.80,6-3.2,2,1911241198100467712,极兔快递,JT0016071040525,服饰,广东省,
能源小区智慧社区服务站_站点-能源小区智慧社区服务站,能源小区智慧社区服务站,能源小区智慧社区服务站,快递,2025-04-13 10:11:48,,1,0.28,0,6.00,0.00,2.80,6-3.2,2,1911240846932365312,极兔快递,JT0016072234095,服饰,浙江省,
能源小区智慧社区服务站_站点-能源小区智慧社区服务站,能源小区智慧社区服务站,能源小区智慧社区服务站,快递,2025-04-13 10:10:53,,1,0.2,0,6.00,0.00,2.80,6-3.2,2,1911240625863184384,极兔快递,JT0016072075006,服饰,江苏省,
能源小区智慧社区服务站_站点-能源小区智慧社区服务站,能源小区智慧社区服务站,能源小区智慧社区服务站,快递,2025-04-13 10:07:51,,1,0.38,0,6.00,0.00,2.80,6-3.2,2,1911239824755314688,极兔快递,JT0016071930264,服饰,山东省,
能源小区智慧社区服务站_站点-能源小区智慧社区服务站,能源小区智慧社区服务站,能源小区智慧社区服务站,快递,2025-04-12 19:10:12,,1,0.31,0,6.00,0.00,2.80,6-3.2,2,1911013956720185344,极兔快递,JT0016067333245,服饰,广西壮族自治区,
能源小区智慧社区服务站_站点-能源小区智慧社区服务站,能源小区智慧社区服务站,能源小区智慧社区服务站,快递,2025-04-12 18:50:18,,1,0.78,0,6.00,0.00,2.80,6-3.2,2,1911008950390542336,极兔快递,JT0016067727068,服饰,广东省,
能源小区智慧社区服务站_站点-能源小区智慧社区服务站,能源小区智慧社区服务站,能源小区智慧社区服务站,快递,2025-04-12 18:29:03,,2,0.74,1,8.00,0.00,4.08,51% ,2,1911003606557839360,极兔快递,JT0016064087055,生活用品,浙江省,
能源小区智慧社区服务站_站点-能源小区智慧社区服务站,能源小区智慧社区服务站,能源小区智慧社区服务站,快递,2025-04-12 18:24:38,,1,0.2,0,7.00,0.00,2.80,6-3.2,2,1911002492387119104,极兔快递,JT0016065947718,生活用品,北京市,
能源小区智慧社区服务站_站点-能源小区智慧社区服务站,能源小区智慧社区服务站,能源小区智慧社区服务站,快递,2025-04-12 18:15:23,,1,0.22,0,6.00,0.00,2.80,6-3.2,2,1911000164623896576,极兔快递,JT0016061668951,服饰,河南省,
能源小区智慧社区服务站_站点-能源小区智慧社区服务站,能源小区智慧社区服务站,能源小区智慧社区服务站,快递,2025-04-12 18:12:10,,1,0.28,0,6.00,0.00,2.80,6-3.2,2,1910999354657656832,极兔快递,JT0016065698710,服饰,安徽省,
能源小区智慧社区服务站_站点-能源小区智慧社区服务站,能源小区智慧社区服务站,能源小区智慧社区服务站,快递,2025-04-12 18:04:03,,2,1.06,0,8.00,0.00,4.08,51% ,2,1910997316230107136,极兔快递,JT0016066203421,服饰,湖北省,
能源小区智慧社区服务站_站点-能源小区智慧社区服务站,能源小区智慧社区服务站,能源小区智慧社区服务站,快递,2025-04-12 18:02:32,,1,0.35,0,6.00,0.00,2.80,6-3.2,2,1910996931172028416,极兔快递,JT0016047626765,服饰,浙江省,
能源小区智慧社区服务站_站点-能源小区智慧社区服务站,能源小区智慧社区服务站,能源小区智慧社区服务站,快递,2025-04-12 17:35:18,,1,0.2,0,6.00,0.00,2.80,6-3.2,2,1910990077159198720,极兔快递,JT0016064910095,服饰,广东省,
能源小区智慧社区服务站_站点-能源小区智慧社区服务站,能源小区智慧社区服务站,能源小区智慧社区服务站,快递,2025-04-12 17:30:05,,2,0.99,1,8.00,0.00,4.08,51% ,2,1910988765780692992,极兔快递,JT0016063084253,生活用品,浙江省,
能源小区智慧社区服务站_站点-能源小区智慧社区服务站,能源小区智慧社区服务站,能源小区智慧社区服务站,快递,2025-04-12 17:29:32,,1,0.51,0,6.00,0.00,2.80,6-3.2,2,1910988609479954432,极兔快递,JT0016059237969,生活用品,广东省,
能源小区智慧社区服务站_站点-能源小区智慧社区服务站,能源小区智慧社区服务站,能源小区智慧社区服务站,快递,2025-04-12 17:21:10,,1,0.2,0,6.00,0.00,2.80,6-3.2,2,1910986511489093632,极兔快递,JT0016064415712,服饰,浙江省,
能源小区智慧社区服务站_站点-能源小区智慧社区服务站,能源小区智慧社区服务站,能源小区智慧社区服务站,快递,2025-04-12 17:20:33,,1,0.21,0,6.00,0.00,2.80,6-3.2,2,1910986366957572096,极兔快递,JT0016065643776,服饰,浙江省,
能源小区智慧社区服务站_站点-能源小区智慧社区服务站,能源小区智慧社区服务站,能源小区智慧社区服务站,快递,2025-04-12 17:19:02,,1,0.2,0,6.00,0.00,2.80,6-3.2,2,1910985983900176384,极兔快递,JT0016064571794,服饰,广东省,
能源小区智慧社区服务站_站点-能源小区智慧社区服务站,能源小区智慧社区服务站,能源小区智慧社区服务站,快递,2025-04-12 17:03:07,,1,0.41,0,6.00,0.00,2.80,6-3.2,2,1910981975068299264,极兔快递,JT0016025277813,生活用品,广东省,
能源小区智慧社区服务站_站点-能源小区智慧社区服务站,能源小区智慧社区服务站,能源小区智慧社区服务站,快递,2025-04-12 16:35:52,,1,0.2,0,6.00,0.00,2.80,6-3.2,2,1910975121709780992,极兔快递,JT0016062427477,生活用品,浙江省,
能源小区智慧社区服务站_站点-能源小区智慧社区服务站,能源小区智慧社区服务站,能源小区智慧社区服务站,快递,2025-04-12 16:12:33,,1,0.37,0,6.00,0.00,2.80,6-3.2,2,1910969252297232384,极兔快递,JT0016063409562,服饰,江苏省,
能源小区智慧社区服务站_站点-能源小区智慧社区服务站,能源小区智慧社区服务站,能源小区智慧社区服务站,快递,2025-04-12 15:24:59,,1,0.35,0,6.00,0.00,2.80,6-3.2,2,1910957276485570560,极兔快递,JT0016058775560,服饰,江苏省,
能源小区智慧社区服务站_站点-能源小区智慧社区服务站,能源小区智慧社区服务站,能源小区智慧社区服务站,快递,2025-04-12 15:11:36,,1,0.21,0,6.00,0.00,2.80,6-3.2,2,1910953914235015168,极兔快递,JT0016058997852,服饰,浙江省,
能源小区智慧社区服务站_站点-能源小区智慧社区服务站,能源小区智慧社区服务站,能源小区智慧社区服务站,快递,2025-04-12 15:07:54,,1,0.27,0,6.00,0.00,2.80,6-3.2,2,1910952977932144640,极兔快递,JT0016061354852,服饰,福建省,
能源小区智慧社区服务站_站点-能源小区智慧社区服务站,能源小区智慧社区服务站,能源小区智慧社区服务站,快递,2025-04-12 15:07:09,,1,0.47,0,6.00,0.00,2.80,6-3.2,2,1910952794565562368,极兔快递,JT0016062908902,服饰,河南省,
能源小区智慧社区服务站_站点-能源小区智慧社区服务站,能源小区智慧社区服务站,能源小区智慧社区服务站,快递,2025-04-12 15:02:21,,1,0.2,0,6.00,0.00,2.80,6-3.2,2,1910951586161414144,极兔快递,JT0016063596696,生活用品,广东省,
能源小区智慧社区服务站_站点-能源小区智慧社区服务站,能源小区智慧社区服务站,能源小区智慧社区服务站,快递,2025-04-12 13:49:32,,1,0.6,0,6.00,0.00,2.80,6-3.2,2,1910933255442321408,极兔快递,JT0016058370331,生活用品,浙江省,
能源小区智慧社区服务站_站点-能源小区智慧社区服务站,能源小区智慧社区服务站,能源小区智慧社区服务站,快递,2025-04-12 13:48:54,,1,0.56,0,6.00,0.00,2.80,6-3.2,2,1910933095492538368,极兔快递,JT0016061567242,生活用品,浙江省,
能源小区智慧社区服务站_站点-能源小区智慧社区服务站,能源小区智慧社区服务站,能源小区智慧社区服务站,快递,2025-04-12 13:48:05,,1,0.34,0,6.00,0.00,2.80,6-3.2,2,1910932887215984640,极兔快递,JT0016056337224,生活用品,广东省,
能源小区智慧社区服务站_站点-能源小区智慧社区服务站,能源小区智慧社区服务站,能源小区智慧社区服务站,快递,2025-04-12 13:47:26,,1,0.2,0,6.00,0.00,2.80,6-3.2,2,1910932729954750464,极兔快递,JT0016060984026,服饰,广东省,
能源小区智慧社区服务站_站点-能源小区智慧社区服务站,能源小区智慧社区服务站,能源小区智慧社区服务站,快递,2025-04-12 13:33:40,,1,0.66,0,6.00,0.00,2.80,6-3.2,2,1910929269616201728,极兔快递,JT0016057891637,服饰,浙江省,
能源小区智慧社区服务站_站点-能源小区智慧社区服务站,能源小区智慧社区服务站,能源小区智慧社区服务站,快递,2025-04-12 13:26:06,,1,0.53,0,6.00,0.00,2.80,6-3.2,2,1910927367050547200,极兔快递,JT0016056887213,生活用品,陕西省,
能源小区智慧社区服务站_站点-能源小区智慧社区服务站,能源小区智慧社区服务站,能源小区智慧社区服务站,快递,2025-04-12 13:20:00,,1,0.64,0,6.00,0.00,2.80,6-3.2,2,1910925820161871872,极兔快递,JT0016057216980,服饰,辽宁省,
能源小区智慧社区服务站_站点-能源小区智慧社区服务站,能源小区智慧社区服务站,能源小区智慧社区服务站,快递,2025-04-12 13:04:36,,1,0.72,0,6.00,0.00,2.80,6-3.2,2,1910921953953107968,极兔快递,JT0016059419791,生活用品,河南省,
能源小区智慧社区服务站_站点-能源小区智慧社区服务站,能源小区智慧社区服务站,能源小区智慧社区服务站,快递,2025-04-12 13:00:09,,1,0.48,0,6.00,0.00,2.80,6-3.2,2,1910920835361591296,极兔快递,JT0016061442557,服饰,福建省,
能源小区智慧社区服务站_站点-能源小区智慧社区服务站,能源小区智慧社区服务站,能源小区智慧社区服务站,快递,2025-04-12 12:45:24,,3,0.82,2,10.00,0.00,5.50,55% ,2,1910917107757797376,极兔快递,JT0016053138908,生活用品,福建省,
能源小区智慧社区服务站_站点-能源小区智慧社区服务站,能源小区智慧社区服务站,能源小区智慧社区服务站,快递,2025-04-12 12:07:57,,1,0.47,0,6.00,0.00,2.80,6-3.2,2,1910907701334822912,极兔快递,JT0016058027265,生活用品,广东省,
能源小区智慧社区服务站_站点-能源小区智慧社区服务站,能源小区智慧社区服务站,能源小区智慧社区服务站,快递,2025-04-12 12:06:39,,1,0.56,0,6.00,0.00,2.52,42% ,2,1910907369896726528,韵达快递,312709189232683,服饰,广东省,
能源小区智慧社区服务站_站点-能源小区智慧社区服务站,能源小区智慧社区服务站,能源小区智慧社区服务站,快递,2025-04-12 11:38:00,,1,0.23,0,6.00,0.00,2.80,6-3.2,2,1910900158059433984,极兔快递,JT0016059487434,服饰,河北省,
能源小区智慧社区服务站_站点-能源小区智慧社区服务站,能源小区智慧社区服务站,能源小区智慧社区服务站,快递,2025-04-12 10:20:15,,2,1.65,0,8.00,0.00,4.08,51% ,2,1910880537042407424,极兔快递,JT0016058264126,服饰,湖南省,
能源小区智慧社区服务站_站点-能源小区智慧社区服务站,能源小区智慧社区服务站,能源小区智慧社区服务站,快递,2025-04-12 10:18:29,,1,0.41,0,6.00,0.00,2.80,6-3.2,2,1910880149576798208,极兔快递,JT0016054268166,服饰,天津市,
能源小区智慧社区服务站_站点-能源小区智慧社区服务站,能源小区智慧社区服务站,能源小区智慧社区服务站,快递,2025-04-12 10:16:48,,2,0.2,1,8.00,0.00,4.08,51% ,2,1910879722428878848,极兔快递,JT0016059134596,服饰,广东省,
能源小区智慧社区服务站_站点-能源小区智慧社区服务站,能源小区智慧社区服务站,能源小区智慧社区服务站,快递,2025-04-12 10:14:51,,1,1.16,-1,6.00,0.00,2.80,6-3.2,2,1910879236485206016,极兔快递,JT0016055444399,服饰,重庆市,
能源小区智慧社区服务站_站点-能源小区智慧社区服务站,能源小区智慧社区服务站,能源小区智慧社区服务站,快递,2025-04-12 10:11:21,,1,0.39,0,6.00,0.00,2.80,6-3.2,2,1910878352334311424,极兔快递,JT0016056109087,服饰,广东省,
能源小区智慧社区服务站_站点-能源小区智慧社区服务站,能源小区智慧社区服务站,能源小区智慧社区服务站,快递,2025-04-12 10:08:22,,1,0.8,0,6.00,0.00,2.80,6-3.2,2,1910877557828276224,极兔快递,JT0016049580235,服饰,江苏省,
能源小区智慧社区服务站_站点-能源小区智慧社区服务站,能源小区智慧社区服务站,能源小区智慧社区服务站,快递,2025-04-11 19:09:40,,1,0.53,0,6.00,0.00,2.80,6-3.2,2,1910651438558531584,极兔快递,JT0016049180517,服饰,广东省,
能源小区智慧社区服务站_站点-能源小区智慧社区服务站,能源小区智慧社区服务站,能源小区智慧社区服务站,快递,2025-04-11 19:07:47,,1,0.43,0,6.00,0.00,2.80,6-3.2,2,1910650963297751040,极兔快递,JT0016052411488,服饰,湖北省,
能源小区智慧社区服务站_站点-能源小区智慧社区服务站,能源小区智慧社区服务站,能源小区智慧社区服务站,快递,2025-04-11 18:19:43,,1,0.3,0,6.00,0.00,2.80,6-3.2,2,1910638862948814848,极兔快递,JT0016053384655,服饰,湖北省,
能源小区智慧社区服务站_站点-能源小区智慧社区服务站,能源小区智慧社区服务站,能源小区智慧社区服务站,快递,2025-04-11 18:18:30,,1,0.79,0,6.00,0.00,2.80,6-3.2,2,1910638561445466112,极兔快递,JT0016049546913,服饰,浙江省,
能源小区智慧社区服务站_站点-能源小区智慧社区服务站,能源小区智慧社区服务站,能源小区智慧社区服务站,快递,2025-04-11 14:49:28,2025-04-11 10:05:30,1,,,6.00,,0.00,,2,1910585958032396288,极兔快递,JT0016046537622,服饰,福建省,已全额退款
能源小区智慧社区服务站_站点-能源小区智慧社区服务站,能源小区智慧社区服务站,能源小区智慧社区服务站,快递,2025-04-11 18:02:42,,1,0.6,0,6.00,0.00,2.80,6-3.2,2,1910634584486105088,极兔快递,JT0016052457042,服饰,山西省,
能源小区智慧社区服务站_站点-能源小区智慧社区服务站,能源小区智慧社区服务站,能源小区智慧社区服务站,快递,2025-04-11 17:36:26,,1,0.41,0,6.00,0.00,2.80,6-3.2,2,1910627960396632064,极兔快递,JT0016052090769,生活用品,浙江省,
能源小区智慧社区服务站_站点-能源小区智慧社区服务站,能源小区智慧社区服务站,能源小区智慧社区服务站,快递,2025-04-11 17:11:31,,1,0.34,0,6.00,0.00,2.80,6-3.2,2,1910621692239990784,极兔快递,JT0016044969485,服饰,广东省,
能源小区智慧社区服务站_站点-能源小区智慧社区服务站,能源小区智慧社区服务站,能源小区智慧社区服务站,快递,2025-04-11 17:09:35,,1,0.3,0,6.00,0.00,2.80,6-3.2,2,1910621218577240064,极兔快递,JT0016049026533,数码产品,广东省,
能源小区智慧社区服务站_站点-能源小区智慧社区服务站,能源小区智慧社区服务站,能源小区智慧社区服务站,快递,2025-04-11 17:04:54,,3,1.52,1,10.00,0.00,5.50,55% ,2,1910619991487467520,韵达快递,312708410827489,生活用品,广东省,
能源小区智慧社区服务站_站点-能源小区智慧社区服务站,能源小区智慧社区服务站,能源小区智慧社区服务站,快递,2025-04-11 17:01:39,,1,0.41,0,7.00,0.00,2.80,6-3.2,2,1910619219722948608,极兔快递,JT0016045471117,服饰,上海市,
能源小区智慧社区服务站_站点-能源小区智慧社区服务站,能源小区智慧社区服务站,能源小区智慧社区服务站,快递,2025-04-11 17:00:48,,1,0.54,0,6.00,0.00,2.80,6-3.2,2,1910619002801934336,极兔快递,JT0016040934015,生活用品,福建省,
能源小区智慧社区服务站_站点-能源小区智慧社区服务站,能源小区智慧社区服务站,能源小区智慧社区服务站,快递,2025-04-11 16:27:40,,1,0.3,0,7.00,0.00,2.80,6-3.2,2,1910610669860737024,极兔快递,JT0016039158866,服饰,上海市,
能源小区智慧社区服务站_站点-能源小区智慧社区服务站,能源小区智慧社区服务站,能源小区智慧社区服务站,快递,2025-04-11 16:27:08,,1,0.3,0,6.00,0.00,2.80,6-3.2,2,1910610526646226944,极兔快递,JT0016050053140,生活用品,浙江省,
能源小区智慧社区服务站_站点-能源小区智慧社区服务站,能源小区智慧社区服务站,能源小区智慧社区服务站,快递,2025-04-11 16:26:32,,1,0.78,0,6.00,0.00,2.80,6-3.2,2,1910610379115778048,极兔快递,JT0016045914496,服饰,广东省,
能源小区智慧社区服务站_站点-能源小区智慧社区服务站,能源小区智慧社区服务站,能源小区智慧社区服务站,快递,2025-04-11 16:26:01,,1,0.39,0,6.00,0.00,2.80,6-3.2,2,1910610253542510592,极兔快递,JT0016049283318,服饰,江苏省,
能源小区智慧社区服务站_站点-能源小区智慧社区服务站,能源小区智慧社区服务站,能源小区智慧社区服务站,快递,2025-04-11 15:37:07,,1,0.21,0,6.00,0.00,2.80,6-3.2,2,1910597950210232320,极兔快递,JT0016048386836,服饰,广东省,
能源小区智慧社区服务站_站点-能源小区智慧社区服务站,能源小区智慧社区服务站,能源小区智慧社区服务站,快递,2025-04-11 15:36:02,,1,0.5,0,6.00,0.00,2.80,6-3.2,2,1910597631266967552,极兔快递,JT0016044811040,服饰,福建省,
能源小区智慧社区服务站_站点-能源小区智慧社区服务站,能源小区智慧社区服务站,能源小区智慧社区服务站,快递,2025-04-11 15:34:31,,1,0.48,0,6.00,0.00,2.80,6-3.2,2,1910597286939774976,极兔快递,JT0016049728417,服饰,湖南省,
能源小区智慧社区服务站_站点-能源小区智慧社区服务站,能源小区智慧社区服务站,能源小区智慧社区服务站,快递,2025-04-11 15:33:36,,1,0.58,0,6.00,0.00,2.80,6-3.2,2,1910597061588209664,极兔快递,JT0016045800401,服饰,湖南省,
能源小区智慧社区服务站_站点-能源小区智慧社区服务站,能源小区智慧社区服务站,能源小区智慧社区服务站,快递,2025-04-11 14:45:46,,1,0.92,0,6.00,0.00,2.80,6-3.2,2,1910585012338479104,极兔快递,JT0016046163573,生活用品,广东省,
能源小区智慧社区服务站_站点-能源小区智慧社区服务站,能源小区智慧社区服务站,能源小区智慧社区服务站,快递,2025-04-11 14:45:11,,1,0.59,0,6.00,0.00,2.80,6-3.2,2,1910584871246286848,极兔快递,JT0016042758909,生活用品,浙江省,
能源小区智慧社区服务站_站点-能源小区智慧社区服务站,能源小区智慧社区服务站,能源小区智慧社区服务站,快递,2025-04-11 14:00:10,,1,0.69,0,6.00,0.00,2.80,6-3.2,2,1910573546029895680,极兔快递,JT0016047562197,生活用品,广东省,
能源小区智慧社区服务站_站点-能源小区智慧社区服务站,能源小区智慧社区服务站,能源小区智慧社区服务站,快递,2025-04-11 13:31:28,,1,0.37,0,6.00,0.00,2.80,6-3.2,2,1910566315989323776,极兔快递,JT0016047741900,生活用品,江西省,
能源小区智慧社区服务站_站点-能源小区智慧社区服务站,能源小区智慧社区服务站,能源小区智慧社区服务站,快递,2025-04-11 13:21:19,,1,0.3,0,6.00,0.00,2.80,6-3.2,2,1910563761440083968,极兔快递,JT0016045738368,服饰,广东省,
能源小区智慧社区服务站_站点-能源小区智慧社区服务站,能源小区智慧社区服务站,能源小区智慧社区服务站,快递,2025-04-11 12:13:42,,1,0.3,0,6.00,0.00,2.80,6-3.2,2,1910546756733423616,极兔快递,JT0016043714504,服饰,湖北省,
能源小区智慧社区服务站_站点-能源小区智慧社区服务站,能源小区智慧社区服务站,能源小区智慧社区服务站,快递,2025-04-11 12:08:55,,1,0.3,0,6.00,0.00,2.80,6-3.2,2,1910545554390044672,极兔快递,JT0016045821524,生活用品,江苏省,
能源小区智慧社区服务站_站点-能源小区智慧社区服务站,能源小区智慧社区服务站,能源小区智慧社区服务站,快递,2025-04-11 11:40:41,,1,0.45,0,6.00,0.00,2.80,6-3.2,2,1910538448479899648,极兔快递,JT0016045674212,服饰,广东省,
能源小区智慧社区服务站_站点-能源小区智慧社区服务站,能源小区智慧社区服务站,能源小区智慧社区服务站,快递,2025-04-11 10:28:21,,1,0.34,0,6.00,0.00,2.80,6-3.2,2,1910520062198861824,极兔快递,JT0016037860035,服饰,广东省,
能源小区智慧社区服务站_站点-能源小区智慧社区服务站,能源小区智慧社区服务站,能源小区智慧社区服务站,快递,2025-04-10 20:25:27,,1,0.51,0,6.00,0.00,2.80,6-3.2,2,1910308115763351552,极兔快递,JT0016039564501,服饰,安徽省,
能源小区智慧社区服务站_站点-能源小区智慧社区服务站,能源小区智慧社区服务站,能源小区智慧社区服务站,快递,2025-04-10 20:24:40,,1,0.38,0,6.00,0.00,2.80,6-3.2,2,1910307918488457216,极兔快递,JT0016030247621,服饰,湖北省,
能源小区智慧社区服务站_站点-能源小区智慧社区服务站,能源小区智慧社区服务站,能源小区智慧社区服务站,快递,2025-04-10 20:18:02,,1,0.24,0,6.00,0.00,2.80,6-3.2,2,1910306258559094784,极兔快递,JT0016034809129,服饰,广东省,
能源小区智慧社区服务站_站点-能源小区智慧社区服务站,能源小区智慧社区服务站,能源小区智慧社区服务站,快递,2025-04-10 20:16:55,,1,0.55,0,6.00,0.00,2.80,6-3.2,2,1910305938613391360,极兔快递,JT0016038378811,服饰,广东省,
能源小区智慧社区服务站_站点-能源小区智慧社区服务站,能源小区智慧社区服务站,能源小区智慧社区服务站,快递,2025-04-10 20:14:10,,1,0.31,0,6.00,0.00,2.80,6-3.2,2,1910305282913652736,极兔快递,JT0016039484771,服饰,广东省,
能源小区智慧社区服务站_站点-能源小区智慧社区服务站,能源小区智慧社区服务站,能源小区智慧社区服务站,快递,2025-04-10 20:10:59,,1,0.2,0,6.00,0.00,2.80,6-3.2,2,1910304462574899200,极兔快递,JT0016032332291,生活用品,湖南省,
能源小区智慧社区服务站_站点-能源小区智慧社区服务站,能源小区智慧社区服务站,能源小区智慧社区服务站,快递,2025-04-10 20:10:04,,1,0.31,0,6.00,0.00,2.80,6-3.2,2,1910304249760108544,极兔快递,JT0016039073153,服饰,四川省,
能源小区智慧社区服务站_站点-能源小区智慧社区服务站,能源小区智慧社区服务站,能源小区智慧社区服务站,快递,2025-04-10 19:58:16,,1,0.94,0,6.00,0.00,2.80,6-3.2,2,1910301282537492480,极兔快递,JT0016038813004,服饰,广东省,
能源小区智慧社区服务站_站点-能源小区智慧社区服务站,能源小区智慧社区服务站,能源小区智慧社区服务站,快递,2025-04-10 19:51:41,,1,0.2,0,6.00,0.00,2.80,6-3.2,2,1910299615280680960,极兔快递,JT0016030475746,服饰,广东省,
能源小区智慧社区服务站_站点-能源小区智慧社区服务站,能源小区智慧社区服务站,能源小区智慧社区服务站,快递,2025-04-10 19:50:56,,1,0.26,0,6.00,0.00,2.80,6-3.2,2,1910299433482768384,极兔快递,JT0016037427350,服饰,湖北省,
能源小区智慧社区服务站_站点-能源小区智慧社区服务站,能源小区智慧社区服务站,能源小区智慧社区服务站,快递,2025-04-10 19:50:06,,1,0.2,0,7.00,0.00,2.80,6-3.2,2,1910299221183877120,极兔快递,JT0016038370081,服饰,上海市,
能源小区智慧社区服务站_站点-能源小区智慧社区服务站,能源小区智慧社区服务站,能源小区智慧社区服务站,快递,2025-04-10 19:27:00,,1,0.2,0,6.00,0.00,2.80,6-3.2,2,1910293408696422400,极兔快递,JT0016038974819,服饰,江苏省,
能源小区智慧社区服务站_站点-能源小区智慧社区服务站,能源小区智慧社区服务站,能源小区智慧社区服务站,快递,2025-04-10 18:55:03,,2,0.74,1,8.00,0.00,4.08,51% ,2,1910285375832510464,极兔快递,JT0016036245239,生活用品,河北省,
能源小区智慧社区服务站_站点-能源小区智慧社区服务站,能源小区智慧社区服务站,能源小区智慧社区服务站,快递,2025-04-10 18:54:10,,1,1.91,-1,6.00,0.00,2.80,6-3.2,2,1910285138279714816,极兔快递,JT0016034028636,生活用品,广东省,
能源小区智慧社区服务站_站点-能源小区智慧社区服务站,能源小区智慧社区服务站,能源小区智慧社区服务站,快递,2025-04-10 18:36:09,,1,0.35,0,7.00,0.00,2.80,6-3.2,2,1910280613317758976,极兔快递,JT0016035440559,服饰,上海市,
能源小区智慧社区服务站_站点-能源小区智慧社区服务站,能源小区智慧社区服务站,能源小区智慧社区服务站,快递,2025-04-10 18:35:12,,1,0.36,0,7.00,0.00,2.80,6-3.2,2,1910280351702241280,极兔快递,JT0016036635790,服饰,上海市,
能源小区智慧社区服务站_站点-能源小区智慧社区服务站,能源小区智慧社区服务站,能源小区智慧社区服务站,快递,2025-04-10 18:33:54,,1,0.44,0,6.00,0.00,2.80,6-3.2,2,1910280048995127296,极兔快递,JT0016037643610,服饰,安徽省,
能源小区智慧社区服务站_站点-能源小区智慧社区服务站,能源小区智慧社区服务站,能源小区智慧社区服务站,快递,2025-04-10 18:32:39,,1,0.77,0,6.00,0.00,2.80,6-3.2,2,1910279728613216256,极兔快递,JT0016035753459,服饰,安徽省,
能源小区智慧社区服务站_站点-能源小区智慧社区服务站,能源小区智慧社区服务站,能源小区智慧社区服务站,快递,2025-04-10 18:31:40,,1,0.51,0,6.00,0.00,2.80,6-3.2,2,1910279489655328768,极兔快递,JT0016037012808,服饰,安徽省,
能源小区智慧社区服务站_站点-能源小区智慧社区服务站,能源小区智慧社区服务站,能源小区智慧社区服务站,快递,2025-04-10 18:30:11,,1,0.75,0,6.00,0.00,2.80,6-3.2,2,1910279114000879616,极兔快递,JT0016034424342,服饰,安徽省,
能源小区智慧社区服务站_站点-能源小区智慧社区服务站,能源小区智慧社区服务站,能源小区智慧社区服务站,快递,2025-04-10 18:28:56,,1,0.63,0,6.00,0.00,2.80,6-3.2,2,1910278800636039168,极兔快递,JT0016036181449,服饰,安徽省,
能源小区智慧社区服务站_站点-能源小区智慧社区服务站,能源小区智慧社区服务站,能源小区智慧社区服务站,快递,2025-04-10 18:21:24,,1,0.53,0,6.00,0.00,2.80,6-3.2,2,1910276883973328896,极兔快递,JT0016029530374,生活用品,浙江省,
能源小区智慧社区服务站_站点-能源小区智慧社区服务站,能源小区智慧社区服务站,能源小区智慧社区服务站,快递,2025-04-10 18:20:19,,1,0.51,0,6.00,0.00,2.80,6-3.2,2,1910276622382977024,极兔快递,JT0016027503190,服饰,广东省,
能源小区智慧社区服务站_站点-能源小区智慧社区服务站,能源小区智慧社区服务站,能源小区智慧社区服务站,快递,2025-04-10 18:17:54,,1,0.43,0,6.00,0.00,2.80,6-3.2,2,1910276023872573440,极兔快递,JT0016030337252,服饰,浙江省,
能源小区智慧社区服务站_站点-能源小区智慧社区服务站,能源小区智慧社区服务站,能源小区智慧社区服务站,快递,2025-04-10 17:46:18,,1,1.37,-1,6.00,0.00,2.80,6-3.2,2,1910268034478428160,极兔快递,JT0016032433244,生活用品,河南省,
能源小区智慧社区服务站_站点-能源小区智慧社区服务站,能源小区智慧社区服务站,能源小区智慧社区服务站,快递,2025-04-10 17:45:18,,1,0.2,0,6.00,0.00,2.80,6-3.2,2,1910267819298050048,极兔快递,JT0016036765081,生活用品,广东省,
能源小区智慧社区服务站_站点-能源小区智慧社区服务站,能源小区智慧社区服务站,能源小区智慧社区服务站,快递,2025-04-10 17:43:59,,1,0.2,0,6.00,0.00,2.80,6-3.2,2,1910267464858390528,极兔快递,JT0016036644336,生活用品,广东省,
能源小区智慧社区服务站_站点-能源小区智慧社区服务站,能源小区智慧社区服务站,能源小区智慧社区服务站,快递,2025-04-10 17:15:12,,1,0.55,0,6.00,0.00,2.80,6-3.2,2,1910260245853032448,极兔快递,JT0016031555065,服饰,广东省,
能源小区智慧社区服务站_站点-能源小区智慧社区服务站,能源小区智慧社区服务站,能源小区智慧社区服务站,快递,2025-04-10 17:13:34,,1,0.63,0,6.00,0.00,2.80,6-3.2,2,1910259834903515136,极兔快递,JT0016022059766,服饰,山西省,
能源小区智慧社区服务站_站点-能源小区智慧社区服务站,能源小区智慧社区服务站,能源小区智慧社区服务站,快递,2025-04-10 16:59:50,,1,0.2,0,6.00,0.00,2.80,6-3.2,2,1910256374409777152,极兔快递,JT0016034498489,生活用品,浙江省,
能源小区智慧社区服务站_站点-能源小区智慧社区服务站,能源小区智慧社区服务站,能源小区智慧社区服务站,快递,2025-04-10 16:54:48,,2,0.64,1,8.00,0.00,4.08,51% ,2,1910255069536636928,韵达快递,312707434026001,生活用品,内蒙古自治区,
能源小区智慧社区服务站_站点-能源小区智慧社区服务站,能源小区智慧社区服务站,能源小区智慧社区服务站,快递,2025-04-10 16:53:20,2025-04-10 08:53:43,2,,,16.00,,0.00,,2,1910254725180084224,极兔快递,,生活用品,内蒙古自治区,已全额退款
能源小区智慧社区服务站_站点-能源小区智慧社区服务站,能源小区智慧社区服务站,能源小区智慧社区服务站,快递,2025-04-10 16:51:27,,1,0.28,0,6.00,0.00,2.80,6-3.2,2,1910254266398724096,极兔快递,JT0016036278451,服饰,河南省,
能源小区智慧社区服务站_站点-能源小区智慧社区服务站,能源小区智慧社区服务站,能源小区智慧社区服务站,快递,2025-04-10 16:42:25,,1,0.41,0,6.00,0.00,2.80,6-3.2,2,1910251983753629696,极兔快递,JT0016024421367,生活用品,广东省,
能源小区智慧社区服务站_站点-能源小区智慧社区服务站,能源小区智慧社区服务站,能源小区智慧社区服务站,快递,2025-04-10 16:41:40,,1,0.36,0,6.00,0.00,2.80,6-3.2,2,1910251805579595776,极兔快递,JT0016035298170,生活用品,河北省,
能源小区智慧社区服务站_站点-能源小区智慧社区服务站,能源小区智慧社区服务站,能源小区智慧社区服务站,快递,2025-04-10 16:34:45,,1,0.41,0,6.00,0.00,2.80,6-3.2,2,1910250062686900224,极兔快递,JT0016035368059,服饰,湖北省,
能源小区智慧社区服务站_站点-能源小区智慧社区服务站,能源小区智慧社区服务站,能源小区智慧社区服务站,快递,2025-04-10 16:31:32,,1,0.98,0,6.00,0.00,2.80,6-3.2,2,1910249247922376704,极兔快递,JT0016030756123,服饰,广东省,
能源小区智慧社区服务站_站点-能源小区智慧社区服务站,能源小区智慧社区服务站,能源小区智慧社区服务站,快递,2025-04-10 16:26:42,,1,0.63,0,6.00,0.00,2.80,6-3.2,2,1910248037622403072,极兔快递,JT0016034346754,生活用品,江西省,
能源小区智慧社区服务站_站点-能源小区智慧社区服务站,能源小区智慧社区服务站,能源小区智慧社区服务站,快递,2025-04-10 16:25:06,,1,0.63,0,6.00,0.00,2.80,6-3.2,2,1910247632909815808,极兔快递,JT0016035212890,生活用品,浙江省,
能源小区智慧社区服务站_站点-能源小区智慧社区服务站,能源小区智慧社区服务站,能源小区智慧社区服务站,快递,2025-04-10 15:55:43,,1,0.44,0,6.00,0.00,2.80,6-3.2,2,1910240238209257472,极兔快递,JT0016034346426,服饰,浙江省,
能源小区智慧社区服务站_站点-能源小区智慧社区服务站,能源小区智慧社区服务站,能源小区智慧社区服务站,快递,2025-04-10 14:40:42,,1,0.35,0,6.00,0.00,2.80,6-3.2,2,1910221358904561664,极兔快递,JT0016030286310,生活用品,广东省,
能源小区智慧社区服务站_站点-能源小区智慧社区服务站,能源小区智慧社区服务站,能源小区智慧社区服务站,快递,2025-04-10 11:54:15,,1,0.3,0,6.00,0.00,2.80,6-3.2,2,1910179472814821376,极兔快递,JT0016029636622,服饰,浙江省,
能源小区智慧社区服务站_站点-能源小区智慧社区服务站,能源小区智慧社区服务站,能源小区智慧社区服务站,快递,2025-04-10 11:53:01,,1,0.61,0,6.00,0.00,2.80,6-3.2,2,1910179163308740608,极兔快递,JT0016026988972,服饰,广东省,
能源小区智慧社区服务站_站点-能源小区智慧社区服务站,能源小区智慧社区服务站,能源小区智慧社区服务站,快递,2025-04-10 11:51:47,,1,0.26,0,6.00,0.00,2.80,6-3.2,2,1910178842922635264,极兔快递,JT0016030880260,生活用品,广东省,
能源小区智慧社区服务站_站点-能源小区智慧社区服务站,能源小区智慧社区服务站,能源小区智慧社区服务站,快递,2025-04-10 11:50:04,,1,0.65,0,6.00,0.00,2.80,6-3.2,2,1910178418547150848,极兔快递,JT0016028522060,服饰,广东省,
能源小区智慧社区服务站_站点-能源小区智慧社区服务站,能源小区智慧社区服务站,能源小区智慧社区服务站,快递,2025-04-10 11:48:48,,1,0.73,0,6.00,0.00,2.80,6-3.2,2,1910178104410558464,极兔快递,JT0016024295040,服饰,浙江省,
能源小区智慧社区服务站_站点-能源小区智慧社区服务站,能源小区智慧社区服务站,能源小区智慧社区服务站,快递,2025-04-10 11:47:35,,1,0.52,0,6.00,0.00,2.80,6-3.2,2,1910177796087271424,极兔快递,JT0016028991858,服饰,江苏省,
能源小区智慧社区服务站_站点-能源小区智慧社区服务站,能源小区智慧社区服务站,能源小区智慧社区服务站,快递,2025-04-10 11:45:48,,1,0.36,0,6.00,0.00,2.80,6-3.2,2,1910177345761628160,极兔快递,JT0016019337685,生活用品,广东省,
能源小区智慧社区服务站_站点-能源小区智慧社区服务站,能源小区智慧社区服务站,能源小区智慧社区服务站,快递,2025-04-10 11:38:07,,2,0.45,1,8.00,0.00,4.08,51% ,2,1910175412137152512,极兔快递,JT0016028092723,生活用品,广西壮族自治区,
能源小区智慧社区服务站_站点-能源小区智慧社区服务站,能源小区智慧社区服务站,能源小区智慧社区服务站,快递,2025-04-10 11:33:55,,1,0.33,0,6.00,0.00,2.80,6-3.2,2,1910174352106508288,极兔快递,JT0016026917310,服饰,辽宁省,
能源小区智慧社区服务站_站点-能源小区智慧社区服务站,能源小区智慧社区服务站,能源小区智慧社区服务站,快递,2025-04-10 11:20:51,,1,0.63,0,6.00,0.00,2.52,42% ,2,1910170993169453056,韵达快递,312707050579296,服饰,广东省,
能源小区智慧社区服务站_站点-能源小区智慧社区服务站,能源小区智慧社区服务站,能源小区智慧社区服务站,快递,2025-04-10 11:17:28,,1,0.2,0,6.00,0.00,2.80,6-3.2,2,1910170214903762944,极兔快递,JT0016028381625,生活用品,陕西省,
能源小区智慧社区服务站_站点-能源小区智慧社区服务站,能源小区智慧社区服务站,能源小区智慧社区服务站,快递,2025-04-10 10:46:21,,1,0.2,0,12.00,0.00,2.80,6-3.2,2,1910161176379969536,极兔快递,JT0016027773823,生活用品,海南省,
能源小区智慧社区服务站_站点-能源小区智慧社区服务站,能源小区智慧社区服务站,能源小区智慧社区服务站,快递,2025-04-10 10:21:55,,1,0.53,0,6.00,0.00,2.80,6-3.2,2,1910156231765315584,极兔快递,JT0016024008612,服饰,陕西省,
能源小区智慧社区服务站_站点-能源小区智慧社区服务站,能源小区智慧社区服务站,能源小区智慧社区服务站,快递,2025-04-09 20:04:25,,1,0.33,0,6.00,0.00,2.80,6-3.2,2,1909940438762967040,极兔快递,JT0016018871568,服饰,江苏省,
能源小区智慧社区服务站_站点-能源小区智慧社区服务站,能源小区智慧社区服务站,能源小区智慧社区服务站,快递,2025-04-09 20:02:59,,1,0.9,0,6.00,0.00,2.80,6-3.2,2,1909940076584816640,极兔快递,JT0016023305928,服饰,广东省,
能源小区智慧社区服务站_站点-能源小区智慧社区服务站,能源小区智慧社区服务站,能源小区智慧社区服务站,快递,2025-04-06 11:07:58,2025-04-09 11:42:05,1,,,6.00,,0.00,,2,1908718270642069504,极兔快递,JT0015967902262,服饰,河北省,已全额退款
能源小区智慧社区服务站_站点-能源小区智慧社区服务站,能源小区智慧社区服务站,能源小区智慧社区服务站,快递,2025-04-09 19:41:01,,1,0.4,0,6.00,0.00,2.80,6-3.2,2,1909934547166744576,极兔快递,JT0016023210664,服饰,湖北省,
能源小区智慧社区服务站_站点-能源小区智慧社区服务站,能源小区智慧社区服务站,能源小区智慧社区服务站,快递,2025-04-09 19:40:00,,1,0.4,0,6.00,0.00,2.80,6-3.2,2,1909934291037376512,极兔快递,JT0016022300134,服饰,湖北省,
能源小区智慧社区服务站_站点-能源小区智慧社区服务站,能源小区智慧社区服务站,能源小区智慧社区服务站,快递,2025-04-09 19:38:49,,1,0.3,0,6.00,0.00,2.80,6-3.2,2,1909933989999595520,极兔快递,JT0016022276125,服饰,湖北省,
能源小区智慧社区服务站_站点-能源小区智慧社区服务站,能源小区智慧社区服务站,能源小区智慧社区服务站,快递,2025-04-09 19:37:45,,1,0.2,0,6.00,0.00,2.80,6-3.2,2,1909933731047460864,极兔快递,JT0016022495210,服饰,江苏省,
能源小区智慧社区服务站_站点-能源小区智慧社区服务站,能源小区智慧社区服务站,能源小区智慧社区服务站,快递,2025-04-09 19:09:07,,2,0.94,1,8.00,0.00,4.08,51% ,2,1909926504261668864,极兔快递,JT0016020229527,生活用品,福建省,
能源小区智慧社区服务站_站点-能源小区智慧社区服务站,能源小区智慧社区服务站,能源小区智慧社区服务站,快递,2025-04-09 19:06:15,,1,0.82,0,6.00,0.00,2.80,6-3.2,2,1909925777577529344,极兔快递,JT0016023979897,服饰,广东省,
能源小区智慧社区服务站_站点-能源小区智慧社区服务站,能源小区智慧社区服务站,能源小区智慧社区服务站,快递,2025-04-09 19:04:23,,1,0.21,0,6.00,0.00,2.80,6-3.2,2,1909925331815288832,极兔快递,JT0016022746516,服饰,湖北省,
能源小区智慧社区服务站_站点-能源小区智慧社区服务站,能源小区智慧社区服务站,能源小区智慧社区服务站,快递,2025-04-09 18:58:56,,1,0.25,0,6.00,0.00,2.80,6-3.2,2,1909923956888883200,极兔快递,JT0016013613767,服饰,湖北省,
能源小区智慧社区服务站_站点-能源小区智慧社区服务站,能源小区智慧社区服务站,能源小区智慧社区服务站,快递,2025-04-09 18:58:16,,1,0.2,0,6.00,0.00,2.80,6-3.2,2,1909923783169200128,极兔快递,JT0016022536139,服饰,湖北省,
能源小区智慧社区服务站_站点-能源小区智慧社区服务站,能源小区智慧社区服务站,能源小区智慧社区服务站,快递,2025-04-09 18:55:02,,1,0.51,0,6.00,0.00,2.80,6-3.2,2,1909922971000950784,极兔快递,JT0016022614277,服饰,湖北省,
能源小区智慧社区服务站_站点-能源小区智慧社区服务站,能源小区智慧社区服务站,能源小区智慧社区服务站,快递,2025-04-09 18:54:22,,1,0.85,0,6.00,0.00,2.80,6-3.2,2,1909922815220305920,极兔快递,JT0016022789273,服饰,湖南省,
能源小区智慧社区服务站_站点-能源小区智慧社区服务站,能源小区智慧社区服务站,能源小区智慧社区服务站,快递,2025-04-09 18:51:43,,1,0.42,0,6.00,0.00,2.80,6-3.2,2,1909922143603183616,极兔快递,JT0016016500882,服饰,山东省,
能源小区智慧社区服务站_站点-能源小区智慧社区服务站,能源小区智慧社区服务站,能源小区智慧社区服务站,快递,2025-04-09 18:32:13,,1,0.31,0,6.00,0.00,2.80,6-3.2,2,1909917235768381440,极兔快递,JT0016020163823,服饰,广东省,
能源小区智慧社区服务站_站点-能源小区智慧社区服务站,能源小区智慧社区服务站,能源小区智慧社区服务站,快递,2025-04-09 18:12:33,,1,0.22,0,6.00,0.00,2.80,6-3.2,2,1909912287949279232,极兔快递,JT0016022308636,生活用品,浙江省,
能源小区智慧社区服务站_站点-能源小区智慧社区服务站,能源小区智慧社区服务站,能源小区智慧社区服务站,快递,2025-04-09 18:11:29,,1,0.29,0,6.00,0.00,2.80,6-3.2,2,1909912013998313472,极兔快递,JT0016019415367,服饰,云南省,
能源小区智慧社区服务站_站点-能源小区智慧社区服务站,能源小区智慧社区服务站,能源小区智慧社区服务站,快递,2025-04-09 18:10:47,,1,0.2,0,6.00,0.00,2.80,6-3.2,2,1909911821119049728,极兔快递,JT0016022751162,服饰,福建省,
能源小区智慧社区服务站_站点-能源小区智慧社区服务站,能源小区智慧社区服务站,能源小区智慧社区服务站,快递,2025-04-09 18:10:20,,1,0.2,0,6.00,0.00,2.80,6-3.2,2,1909911731298029568,极兔快递,JT0016021685140,服饰,福建省,
能源小区智慧社区服务站_站点-能源小区智慧社区服务站,能源小区智慧社区服务站,能源小区智慧社区服务站,快递,2025-04-09 18:04:05,,1,0.22,0,7.00,0.00,2.80,6-3.2,2,1909910157561614336,极兔快递,JT0016018730049,服饰,上海市,
能源小区智慧社区服务站_站点-能源小区智慧社区服务站,能源小区智慧社区服务站,能源小区智慧社区服务站,快递,2025-04-09 18:00:16,,1,0.2,0,6.00,0.00,2.80,6-3.2,2,1909909201155317760,极兔快递,JT0016022978637,服饰,安徽省,
能源小区智慧社区服务站_站点-能源小区智慧社区服务站,能源小区智慧社区服务站,能源小区智慧社区服务站,快递,2025-04-09 17:57:42,,1,0.26,0,6.00,0.00,2.80,6-3.2,2,1909908529856962560,极兔快递,JT0016021253593,生活用品,广东省,
能源小区智慧社区服务站_站点-能源小区智慧社区服务站,能源小区智慧社区服务站,能源小区智慧社区服务站,快递,2025-04-09 17:56:40,,1,0.22,0,6.00,0.00,2.80,6-3.2,2,1909908284586647552,极兔快递,JT0016021272902,服饰,广东省,
能源小区智慧社区服务站_站点-能源小区智慧社区服务站,能源小区智慧社区服务站,能源小区智慧社区服务站,快递,2025-04-09 17:30:39,,3,2.67,0,10.00,0.00,5.50,55% ,2,1909901744887758848,极兔快递,JT0016019208659,服饰,四川省,
能源小区智慧社区服务站_站点-能源小区智慧社区服务站,能源小区智慧社区服务站,能源小区智慧社区服务站,快递,2025-04-09 17:25:24,,1,0.46,0,6.00,0.00,2.80,6-3.2,2,1909900425154199552,极兔快递,JT0016019202461,生活用品,江苏省,
能源小区智慧社区服务站_站点-能源小区智慧社区服务站,能源小区智慧社区服务站,能源小区智慧社区服务站,快递,2025-04-09 17:24:15,,1,0.48,0,6.00,0.00,2.80,6-3.2,2,1909900132475666432,极兔快递,JT0016016514773,生活用品,四川省,
能源小区智慧社区服务站_站点-能源小区智慧社区服务站,能源小区智慧社区服务站,能源小区智慧社区服务站,快递,2025-04-09 16:45:14,,1,0.45,0,6.00,0.00,2.80,6-3.2,2,1909890313782476800,极兔快递,JT0016020789467,服饰,河南省,
能源小区智慧社区服务站_站点-能源小区智慧社区服务站,能源小区智慧社区服务站,能源小区智慧社区服务站,快递,2025-04-09 16:42:53,,2,1.39,0,8.00,0.00,4.08,51% ,2,1909889726240178176,极兔快递,JT0016020118289,服饰,浙江省,
能源小区智慧社区服务站_站点-能源小区智慧社区服务站,能源小区智慧社区服务站,能源小区智慧社区服务站,快递,2025-04-09 16:31:15,,1,0.4,0,6.00,0.00,2.80,6-3.2,2,1909886794904027136,极兔快递,JT0016014436413,服饰,四川省,
能源小区智慧社区服务站_站点-能源小区智慧社区服务站,能源小区智慧社区服务站,能源小区智慧社区服务站,快递,2025-04-09 15:50:01,,1,0.55,0,6.00,0.00,2.80,6-3.2,2,1909876408662278144,极兔快递,JT0016015923548,服饰,河北省,
能源小区智慧社区服务站_站点-能源小区智慧社区服务站,能源小区智慧社区服务站,能源小区智慧社区服务站,快递,2025-04-09 15:33:41,,1,0.81,0,6.00,0.00,2.80,6-3.2,2,1909872300876812288,极兔快递,JT0016019475141,服饰,安徽省,
能源小区智慧社区服务站_站点-能源小区智慧社区服务站,能源小区智慧社区服务站,能源小区智慧社区服务站,快递,2025-04-09 15:10:34,,1,0.26,0,6.00,0.00,2.80,6-3.2,2,1909866483855314944,极兔快递,JT0016018374415,服饰,湖北省,
能源小区智慧社区服务站_站点-能源小区智慧社区服务站,能源小区智慧社区服务站,能源小区智慧社区服务站,快递,2025-04-09 15:10:02,,1,0.2,0,6.00,0.00,2.80,6-3.2,2,1909866352812675072,极兔快递,JT0016018973482,服饰,广东省,
能源小区智慧社区服务站_站点-能源小区智慧社区服务站,能源小区智慧社区服务站,能源小区智慧社区服务站,快递,2025-04-09 15:09:30,,1,0.23,0,6.00,0.00,2.80,6-3.2,2,1909866210344751104,极兔快递,JT0016018359868,生活用品,江苏省,
能源小区智慧社区服务站_站点-能源小区智慧社区服务站,能源小区智慧社区服务站,能源小区智慧社区服务站,快递,2025-04-09 15:08:55,,1,0.2,0,6.00,0.00,2.80,6-3.2,2,1909866075288162304,极兔快递,JT0016017336792,生活用品,安徽省,
能源小区智慧社区服务站_站点-能源小区智慧社区服务站,能源小区智慧社区服务站,能源小区智慧社区服务站,快递,2025-04-09 14:32:57,,1,0.21,0,6.00,0.00,2.80,6-3.2,2,1909857017290215424,极兔快递,JT0015997769757,生活用品,浙江省,
能源小区智慧社区服务站_站点-能源小区智慧社区服务站,能源小区智慧社区服务站,能源小区智慧社区服务站,快递,2025-04-09 14:32:21,,1,0.25,0,6.00,0.00,2.80,6-3.2,2,1909856871043223552,极兔快递,JT0016015313909,服饰,广东省,
能源小区智慧社区服务站_站点-能源小区智慧社区服务站,能源小区智慧社区服务站,能源小区智慧社区服务站,快递,2025-04-09 14:04:05,,1,1.01,-1,6.00,0.00,2.80,6-3.2,2,1909849760561287168,极兔快递,JT0016016690191,食品,陕西省,
能源小区智慧社区服务站_站点-能源小区智慧社区服务站,能源小区智慧社区服务站,能源小区智慧社区服务站,快递,2025-04-09 14:01:38,,1,0.65,0,6.00,0.00,2.80,6-3.2,2,1909849139288395776,极兔快递,JT0016017069678,生活用品,广东省,
能源小区智慧社区服务站_站点-能源小区智慧社区服务站,能源小区智慧社区服务站,能源小区智慧社区服务站,快递,2025-04-09 13:53:41,,1,0.2,0,6.00,0.00,2.80,6-3.2,2,1909847138685079552,极兔快递,JT0016008396937,生活用品,广东省,
能源小区智慧社区服务站_站点-能源小区智慧社区服务站,能源小区智慧社区服务站,能源小区智慧社区服务站,快递,2025-04-09 13:34:39,,1,0.26,0,6.00,0.00,2.80,6-3.2,2,1909842352225046528,极兔快递,JT0016015589636,生活用品,广东省,
能源小区智慧社区服务站_站点-能源小区智慧社区服务站,能源小区智慧社区服务站,能源小区智慧社区服务站,快递,2025-04-09 11:02:28,,1,0.32,0,7.00,0.00,2.80,6-3.2,2,1909804052869206016,极兔快递,JT0016015100497,生活用品,上海市,
能源小区智慧社区服务站_站点-能源小区智慧社区服务站,能源小区智慧社区服务站,能源小区智慧社区服务站,快递,2025-04-08 20:30:29,,1,0.52,0,6.00,0.00,2.80,6-3.2,2,1909584611724152832,极兔快递,JT0016006141789,服饰,广东省,
能源小区智慧社区服务站_站点-能源小区智慧社区服务站,能源小区智慧社区服务站,能源小区智慧社区服务站,快递,2025-04-08 20:12:47,,1,0.32,0,6.00,0.00,2.80,6-3.2,2,1909580150888910848,极兔快递,JT0015998631853,服饰,浙江省,
能源小区智慧社区服务站_站点-能源小区智慧社区服务站,能源小区智慧社区服务站,能源小区智慧社区服务站,快递,2025-04-08 20:12:10,,1,0.2,0,6.00,0.00,2.80,6-3.2,2,1909580003819835392,极兔快递,JT0016005043244,生活用品,浙江省,
能源小区智慧社区服务站_站点-能源小区智慧社区服务站,能源小区智慧社区服务站,能源小区智慧社区服务站,快递,2025-04-08 20:11:33,,2,0.55,1,8.00,0.00,4.08,51% ,2,1909579846629904384,极兔快递,JT0016009000421,服饰,广东省,
能源小区智慧社区服务站_站点-能源小区智慧社区服务站,能源小区智慧社区服务站,能源小区智慧社区服务站,快递,2025-04-08 19:51:15,,1,0.2,0,6.00,0.00,2.80,6-3.2,2,1909574738475143168,极兔快递,JT0015993336639,生活用品,广东省,
能源小区智慧社区服务站_站点-能源小区智慧社区服务站,能源小区智慧社区服务站,能源小区智慧社区服务站,快递,2025-04-08 19:49:42,,2,1.13,0,8.00,0.00,4.08,51% ,2,1909574347133997056,极兔快递,JT0016008001103,服饰,天津市,
能源小区智慧社区服务站_站点-能源小区智慧社区服务站,能源小区智慧社区服务站,能源小区智慧社区服务站,快递,2025-04-08 19:48:22,,1,0.82,0,6.00,0.00,2.80,6-3.2,2,1909574013682634752,极兔快递,JT0016006686938,服饰,湖北省,
能源小区智慧社区服务站_站点-能源小区智慧社区服务站,能源小区智慧社区服务站,能源小区智慧社区服务站,快递,2025-04-08 19:46:56,,2,1.46,0,8.00,0.00,4.08,51% ,2,1909573647742193664,极兔快递,JT0016003355645,服饰,四川省,
能源小区智慧社区服务站_站点-能源小区智慧社区服务站,能源小区智慧社区服务站,能源小区智慧社区服务站,快递,2025-04-08 19:45:57,,1,0.49,0,6.00,0.00,2.80,6-3.2,2,1909573398399209472,极兔快递,JT0016006967971,服饰,四川省,
能源小区智慧社区服务站_站点-能源小区智慧社区服务站,能源小区智慧社区服务站,能源小区智慧社区服务站,快递,2025-04-08 19:44:52,,1,0.37,0,6.00,0.00,2.80,6-3.2,2,1909573113362698240,极兔快递,JT0016007605320,服饰,广东省,
能源小区智慧社区服务站_站点-能源小区智慧社区服务站,能源小区智慧社区服务站,能源小区智慧社区服务站,快递,2025-04-08 19:43:49,,1,0.36,0,6.00,0.00,2.80,6-3.2,2,1909572869619109888,极兔快递,JT0016007390138,服饰,广西壮族自治区,
能源小区智慧社区服务站_站点-能源小区智慧社区服务站,能源小区智慧社区服务站,能源小区智慧社区服务站,快递,2025-04-08 19:41:43,2025-04-08 11:43:05,1,,,6.00,,0.00,,2,1909572342516731904,极兔快递,JT0016006960934,服饰,四川省,已全额退款
能源小区智慧社区服务站_站点-能源小区智慧社区服务站,能源小区智慧社区服务站,能源小区智慧社区服务站,快递,2025-04-08 19:40:40,2025-04-08 11:43:00,1,,,6.00,,0.00,,2,1909572075800940544,极兔快递,JT0016005799963,服饰,广东省,已全额退款
能源小区智慧社区服务站_站点-能源小区智慧社区服务站,能源小区智慧社区服务站,能源小区智慧社区服务站,快递,2025-04-08 19:39:29,2025-04-08 11:42:55,1,,,6.00,,0.00,,2,1909571776751259648,极兔快递,JT0016008796105,服饰,广西壮族自治区,已全额退款
能源小区智慧社区服务站_站点-能源小区智慧社区服务站,能源小区智慧社区服务站,能源小区智慧社区服务站,快递,2025-04-08 19:27:41,,4,3.78,0,12.00,1.50,6.00,50% ,2,1909568806575853568,极兔快递,JT0016006435092,服饰,浙江省,
能源小区智慧社区服务站_站点-能源小区智慧社区服务站,能源小区智慧社区服务站,能源小区智慧社区服务站,快递,2025-04-08 19:25:43,,1,0.2,0,6.00,0.00,2.80,6-3.2,2,1909568314483331072,极兔快递,JT0016009129484,服饰,广东省,
能源小区智慧社区服务站_站点-能源小区智慧社区服务站,能源小区智慧社区服务站,能源小区智慧社区服务站,快递,2025-04-08 19:20:17,,1,0.25,0,6.00,0.00,2.80,6-3.2,2,1909566945424756736,极兔快递,JT0016006846782,服饰,浙江省,
能源小区智慧社区服务站_站点-能源小区智慧社区服务站,能源小区智慧社区服务站,能源小区智慧社区服务站,快递,2025-04-08 19:02:31,,1,0.61,0,6.00,0.00,2.80,6-3.2,2,1909562472325369856,极兔快递,JT0015991527657,服饰,广东省,
能源小区智慧社区服务站_站点-能源小区智慧社区服务站,能源小区智慧社区服务站,能源小区智慧社区服务站,快递,2025-04-08 18:57:53,,1,0.3,0,6.00,0.00,2.80,6-3.2,2,1909561303762915328,极兔快递,JT0016001824609,服饰,广东省,
能源小区智慧社区服务站_站点-能源小区智慧社区服务站,能源小区智慧社区服务站,能源小区智慧社区服务站,快递,2025-04-08 18:56:56,,1,0.28,0,6.00,0.00,2.80,6-3.2,2,1909561062879842304,极兔快递,JT0016003802287,生活用品,广东省,
能源小区智慧社区服务站_站点-能源小区智慧社区服务站,能源小区智慧社区服务站,能源小区智慧社区服务站,快递,2025-04-08 18:55:55,,1,0.97,0,6.00,0.00,2.80,6-3.2,2,1909560795392299008,极兔快递,JT0016006103761,服饰,浙江省,
能源小区智慧社区服务站_站点-能源小区智慧社区服务站,能源小区智慧社区服务站,能源小区智慧社区服务站,快递,2025-04-08 18:55:09,,2,1.4,0,8.00,0.00,4.08,51% ,2,1909560617734164480,极兔快递,JT0016005408257,服饰,浙江省,
能源小区智慧社区服务站_站点-能源小区智慧社区服务站,能源小区智慧社区服务站,能源小区智慧社区服务站,快递,2025-04-08 18:36:58,,2,1.26,0,8.00,0.00,4.08,51% ,2,1909556043073900544,极兔快递,JT0015988288427,生活用品,陕西省,
能源小区智慧社区服务站_站点-能源小区智慧社区服务站,能源小区智慧社区服务站,能源小区智慧社区服务站,快递,2025-04-08 18:24:38,,1,0.2,0,6.00,0.00,2.80,6-3.2,2,1909552940358488064,极兔快递,JT0016006914129,生活用品,陕西省,
能源小区智慧社区服务站_站点-能源小区智慧社区服务站,能源小区智慧社区服务站,能源小区智慧社区服务站,快递,2025-04-08 18:23:28,,1,0.76,0,6.00,0.00,2.80,6-3.2,2,1909552644970434560,极兔快递,JT0016002855212,服饰,广东省,
能源小区智慧社区服务站_站点-能源小区智慧社区服务站,能源小区智慧社区服务站,能源小区智慧社区服务站,快递,2025-04-08 17:52:58,,1,0.33,0,6.00,0.00,2.80,6-3.2,2,1909544970778234880,极兔快递,JT0016005023586,服饰,浙江省,
能源小区智慧社区服务站_站点-能源小区智慧社区服务站,能源小区智慧社区服务站,能源小区智慧社区服务站,快递,2025-04-08 17:51:47,,1,0.2,0,6.00,0.00,2.80,6-3.2,2,1909544669656567808,极兔快递,JT0016003122525,服饰,广东省,
能源小区智慧社区服务站_站点-能源小区智慧社区服务站,能源小区智慧社区服务站,能源小区智慧社区服务站,快递,2025-04-08 17:50:24,,1,0.29,0,6.00,0.00,2.80,6-3.2,2,1909544325186768896,极兔快递,JT0016002475402,服饰,广东省,
能源小区智慧社区服务站_站点-能源小区智慧社区服务站,能源小区智慧社区服务站,能源小区智慧社区服务站,快递,2025-04-08 17:36:52,,1,0.2,0,6.00,0.00,2.80,6-3.2,2,1909540919810379776,极兔快递,JT0016006106152,生活用品,广东省,
能源小区智慧社区服务站_站点-能源小区智慧社区服务站,能源小区智慧社区服务站,能源小区智慧社区服务站,快递,2025-04-08 17:27:37,,1,0.21,0,6.00,0.00,2.80,6-3.2,2,1909538584543547392,极兔快递,JT0016003842331,服饰,浙江省,
能源小区智慧社区服务站_站点-能源小区智慧社区服务站,能源小区智慧社区服务站,能源小区智慧社区服务站,快递,2025-04-08 17:26:50,,1,0.32,0,6.00,0.00,2.80,6-3.2,2,1909538393186816000,极兔快递,JT0016006130467,生活用品,浙江省,
能源小区智慧社区服务站_站点-能源小区智慧社区服务站,能源小区智慧社区服务站,能源小区智慧社区服务站,快递,2025-04-08 15:07:49,,1,0.4,0,6.00,0.00,2.80,6-3.2,2,1909503401173897216,极兔快递,JT0016002817650,服饰,湖北省,
能源小区智慧社区服务站_站点-能源小区智慧社区服务站,能源小区智慧社区服务站,能源小区智慧社区服务站,快递,2025-04-08 15:07:17,,1,0.26,0,6.00,0.00,2.80,6-3.2,2,1909503277450317824,极兔快递,JT0016002743619,服饰,广东省,
能源小区智慧社区服务站_站点-能源小区智慧社区服务站,能源小区智慧社区服务站,能源小区智慧社区服务站,快递,2025-04-08 15:03:49,,2,1.51,0,8.00,0.00,4.08,51% ,2,1909502391529426944,极兔快递,JT0016002508184,生活用品,江西省,
能源小区智慧社区服务站_站点-能源小区智慧社区服务站,能源小区智慧社区服务站,能源小区智慧社区服务站,快递,2025-04-08 14:44:34,,1,0.61,0,6.00,0.00,2.80,6-3.2,2,1909497554045685760,极兔快递,JT0016003118362,服饰,江苏省,
能源小区智慧社区服务站_站点-能源小区智慧社区服务站,能源小区智慧社区服务站,能源小区智慧社区服务站,快递,2025-04-08 14:43:41,,1,0.54,0,6.00,0.00,2.80,6-3.2,2,1909497330011131904,极兔快递,JT0016002089131,服饰,福建省,
能源小区智慧社区服务站_站点-能源小区智慧社区服务站,能源小区智慧社区服务站,能源小区智慧社区服务站,快递,2025-04-08 14:42:41,,1,0.44,0,6.00,0.00,2.80,6-3.2,2,1909497077870546944,极兔快递,JT0016001746105,生活用品,安徽省,
能源小区智慧社区服务站_站点-能源小区智慧社区服务站,能源小区智慧社区服务站,能源小区智慧社区服务站,快递,2025-04-01 19:35:59,2025-04-08 05:56:13,1,,,6.00,,0.00,,2,1907034182411558912,极兔快递,JT0015902898816,服饰,山东省,已全额退款
能源小区智慧社区服务站_站点-能源小区智慧社区服务站,能源小区智慧社区服务站,能源小区智慧社区服务站,快递,2025-04-08 13:54:59,,1,0.47,0,6.00,0.00,2.80,6-3.2,2,1909485079107653632,极兔快递,JT0015997538713,服饰,山东省,
能源小区智慧社区服务站_站点-能源小区智慧社区服务站,能源小区智慧社区服务站,能源小区智慧社区服务站,快递,2025-04-08 13:53:19,,1,0.57,0,6.00,0.00,2.80,6-3.2,2,1909484661413695488,极兔快递,JT0015999481555,生活用品,山东省,
能源小区智慧社区服务站_站点-能源小区智慧社区服务站,能源小区智慧社区服务站,能源小区智慧社区服务站,快递,2025-04-08 12:32:04,,1,0.45,0,6.00,0.00,2.80,6-3.2,2,1909464198700519424,极兔快递,JT0016000821113,服饰,广东省,
能源小区智慧社区服务站_站点-能源小区智慧社区服务站,能源小区智慧社区服务站,能源小区智慧社区服务站,快递,2025-04-08 12:31:31,,1,0.24,0,6.00,0.00,2.80,6-3.2,2,1909464073152417792,极兔快递,JT0015989147969,服饰,浙江省,
能源小区智慧社区服务站_站点-能源小区智慧社区服务站,能源小区智慧社区服务站,能源小区智慧社区服务站,快递,2025-04-08 12:28:53,,1,0.82,0,6.00,0.00,2.80,6-3.2,2,1909463414260813824,极兔快递,JT0015999103581,服饰,广东省,
能源小区智慧社区服务站_站点-能源小区智慧社区服务站,能源小区智慧社区服务站,能源小区智慧社区服务站,快递,2025-04-08 12:18:32,,1,0.47,0,7.00,0.00,2.80,6-3.2,2,1909460789532479488,极兔快递,JT0016000164166,服饰,上海市,
能源小区智慧社区服务站_站点-能源小区智慧社区服务站,能源小区智慧社区服务站,能源小区智慧社区服务站,快递,2025-04-08 12:17:08,,1,0.5,0,6.00,0.00,2.80,6-3.2,2,1909460450729185280,极兔快递,JT0016001018830,服饰,广东省,
能源小区智慧社区服务站_站点-能源小区智慧社区服务站,能源小区智慧社区服务站,能源小区智慧社区服务站,快递,2025-04-08 11:33:12,,1,0.2,0,6.00,0.00,2.80,6-3.2,2,1909449397995753472,极兔快递,JT0015994456830,服饰,广东省,
能源小区智慧社区服务站_站点-能源小区智慧社区服务站,能源小区智慧社区服务站,能源小区智慧社区服务站,快递,2025-04-08 10:53:33,,2,1.4,0,8.00,0.00,4.08,51% ,2,1909439419007471616,极兔快递,JT0015995642808,生活用品,浙江省,
能源小区智慧社区服务站_站点-能源小区智慧社区服务站,能源小区智慧社区服务站,能源小区智慧社区服务站,快递,2025-04-08 10:30:57,,1,0.31,0,6.00,0.00,2.80,6-3.2,2,1909433734471454720,极兔快递,JT0015993742518,生活用品,福建省,
能源小区智慧社区服务站_站点-能源小区智慧社区服务站,能源小区智慧社区服务站,能源小区智慧社区服务站,快递,2025-04-08 09:59:43,,2,0.97,1,8.00,0.00,4.08,51% ,2,1909425872684814336,极兔快递,JT0015993453516,生活用品,江苏省,
能源小区智慧社区服务站_站点-能源小区智慧社区服务站,能源小区智慧社区服务站,能源小区智慧社区服务站,快递,2025-04-08 09:55:54,,1,0.53,0,6.00,0.00,2.80,6-3.2,2,1909424915037130752,极兔快递,JT0015996976276,生活用品,浙江省,
能源小区智慧社区服务站_站点-能源小区智慧社区服务站,能源小区智慧社区服务站,能源小区智慧社区服务站,快递,2025-04-07 17:33:32,2025-04-08 01:55:16,1,,,6.00,,0.00,,2,1909177696830300160,极兔快递,JT0015990952856,生活用品,浙江省,已全额退款
能源小区智慧社区服务站_站点-能源小区智慧社区服务站,能源小区智慧社区服务站,能源小区智慧社区服务站,快递,2025-04-08 09:52:38,,1,0.37,0,6.00,0.00,2.80,6-3.2,2,1909424089065426944,极兔快递,JT0015996367336,服饰,山东省,
能源小区智慧社区服务站_站点-能源小区智慧社区服务站,能源小区智慧社区服务站,能源小区智慧社区服务站,快递,2025-04-07 19:55:13,2025-04-08 01:51:46,1,,,6.00,,0.00,,2,1909213342546468864,极兔快递,JT0015992737117,服饰,河北省,已全额退款
能源小区智慧社区服务站_站点-能源小区智慧社区服务站,能源小区智慧社区服务站,能源小区智慧社区服务站,快递,2025-04-07 20:09:19,,1,0.5,0,6.00,0.00,2.80,6-3.2,2,1909216898196381696,极兔快递,JT0015986003776,服饰,陕西省,
能源小区智慧社区服务站_站点-能源小区智慧社区服务站,能源小区智慧社区服务站,能源小区智慧社区服务站,快递,2025-04-07 19:59:39,,1,0.29,0,6.00,0.00,2.80,6-3.2,2,1909214464828973056,极兔快递,JT0015992792452,食品,广东省,
能源小区智慧社区服务站_站点-能源小区智慧社区服务站,能源小区智慧社区服务站,能源小区智慧社区服务站,快递,2025-04-07 19:56:04,,1,0.49,0,6.00,0.00,2.80,6-3.2,2,1909213551779323904,极兔快递,JT0015991809783,服饰,广东省,
能源小区智慧社区服务站_站点-能源小区智慧社区服务站,能源小区智慧社区服务站,能源小区智慧社区服务站,快递,2025-04-07 19:52:01,,2,1.02,0,8.00,0.00,4.08,51% ,2,1909212545414799360,极兔快递,JT0015991712715,生活用品,河北省,
能源小区智慧社区服务站_站点-能源小区智慧社区服务站,能源小区智慧社区服务站,能源小区智慧社区服务站,快递,2025-04-07 19:51:26,,1,0.29,0,6.00,0.00,2.80,6-3.2,2,1909212400417710080,极兔快递,JT0015991625231,生活用品,江西省,
能源小区智慧社区服务站_站点-能源小区智慧社区服务站,能源小区智慧社区服务站,能源小区智慧社区服务站,快递,2025-04-07 19:50:15,,1,0.33,0,6.00,0.00,2.80,6-3.2,2,1909212101078622208,极兔快递,JT0015983068544,服饰,浙江省,
能源小区智慧社区服务站_站点-能源小区智慧社区服务站,能源小区智慧社区服务站,能源小区智慧社区服务站,快递,2025-04-07 19:49:05,,1,0.82,0,6.00,0.00,2.80,6-3.2,2,1909211808299425792,极兔快递,JT0015992412280,服饰,河南省,
能源小区智慧社区服务站_站点-能源小区智慧社区服务站,能源小区智慧社区服务站,能源小区智慧社区服务站,快递,2025-04-07 19:47:45,,1,0.57,0,6.00,0.00,2.80,6-3.2,2,1909211467478671360,极兔快递,JT0015983862442,生活用品,浙江省,
能源小区智慧社区服务站_站点-能源小区智慧社区服务站,能源小区智慧社区服务站,能源小区智慧社区服务站,快递,2025-04-07 19:46:35,,1,0.2,0,6.00,0.00,2.80,6-3.2,2,1909211178650509312,极兔快递,JT0015990867592,服饰,浙江省,
能源小区智慧社区服务站_站点-能源小区智慧社区服务站,能源小区智慧社区服务站,能源小区智慧社区服务站,快递,2025-04-07 19:45:26,,1,0.36,0,6.00,0.00,2.80,6-3.2,2,1909210882146770944,极兔快递,JT0015990356792,服饰,湖南省,
能源小区智慧社区服务站_站点-能源小区智慧社区服务站,能源小区智慧社区服务站,能源小区智慧社区服务站,快递,2025-04-07 19:44:25,,1,0.53,0,6.00,0.00,2.80,6-3.2,2,1909210629783887872,极兔快递,JT0015992983408,服饰,河南省,
能源小区智慧社区服务站_站点-能源小区智慧社区服务站,能源小区智慧社区服务站,能源小区智慧社区服务站,快递,2025-04-07 19:43:20,,2,1.15,0,8.00,0.00,4.08,51% ,2,1909210345699483648,极兔快递,JT0015988416892,生活用品,福建省,
能源小区智慧社区服务站_站点-能源小区智慧社区服务站,能源小区智慧社区服务站,能源小区智慧社区服务站,快递,2025-04-07 19:41:55,,2,0.92,1,8.00,0.00,4.08,51% ,2,1909210001355513856,极兔快递,JT0015992438486,生活用品,福建省,
能源小区智慧社区服务站_站点-能源小区智慧社区服务站,能源小区智慧社区服务站,能源小区智慧社区服务站,快递,2025-04-07 19:40:41,,2,0.66,1,8.00,0.00,4.08,51% ,2,1909209693636206592,极兔快递,JT0015971477370,生活用品,福建省,
能源小区智慧社区服务站_站点-能源小区智慧社区服务站,能源小区智慧社区服务站,能源小区智慧社区服务站,快递,2025-04-07 19:39:08,,1,0.5,0,6.00,0.00,2.80,6-3.2,2,1909209301514919936,极兔快递,JT0015989025143,服饰,浙江省,
能源小区智慧社区服务站_站点-能源小区智慧社区服务站,能源小区智慧社区服务站,能源小区智慧社区服务站,快递,2025-04-07 19:12:16,,1,0.75,0,7.00,0.00,2.80,6-3.2,2,1909202539667726336,极兔快递,JT0015991690599,服饰,上海市,
能源小区智慧社区服务站_站点-能源小区智慧社区服务站,能源小区智慧社区服务站,能源小区智慧社区服务站,快递,2025-04-07 19:09:44,,1,0.41,0,6.00,0.00,2.80,6-3.2,2,1909201903022710784,极兔快递,JT0015991241803,服饰,广东省,
能源小区智慧社区服务站_站点-能源小区智慧社区服务站,能源小区智慧社区服务站,能源小区智慧社区服务站,快递,2025-04-07 19:07:02,,1,0.2,0,6.00,0.00,2.80,6-3.2,2,1909201205862277120,极兔快递,JT0015991207119,生活用品,广东省,
能源小区智慧社区服务站_站点-能源小区智慧社区服务站,能源小区智慧社区服务站,能源小区智慧社区服务站,快递,2025-04-07 19:04:28,,1,0.52,0,6.00,0.00,2.80,6-3.2,2,1909200568927854592,极兔快递,JT0015984267926,服饰,广东省,
能源小区智慧社区服务站_站点-能源小区智慧社区服务站,能源小区智慧社区服务站,能源小区智慧社区服务站,快递,2025-04-07 19:03:53,,1,0.52,0,6.00,0.00,2.80,6-3.2,2,1909200431585370112,极兔快递,JT0015991169381,服饰,湖北省,
能源小区智慧社区服务站_站点-能源小区智慧社区服务站,能源小区智慧社区服务站,能源小区智慧社区服务站,快递,2025-04-07 18:52:11,,2,1.09,0,8.00,0.00,4.08,51% ,2,1909197463976878080,极兔快递,JT0015992426521,生活用品,河北省,
能源小区智慧社区服务站_站点-能源小区智慧社区服务站,能源小区智慧社区服务站,能源小区智慧社区服务站,快递,2025-04-07 18:51:23,,1,0.2,0,6.00,0.00,2.80,6-3.2,2,1909197271529627648,极兔快递,JT0015988621824,生活用品,广东省,
能源小区智慧社区服务站_站点-能源小区智慧社区服务站,能源小区智慧社区服务站,能源小区智慧社区服务站,快递,2025-04-07 18:50:36,,1,0.51,0,6.00,0.00,2.80,6-3.2,2,1909197086959280128,极兔快递,JT0015989770007,生活用品,浙江省,
能源小区智慧社区服务站_站点-能源小区智慧社区服务站,能源小区智慧社区服务站,能源小区智慧社区服务站,快递,2025-04-07 18:47:53,,1,0.89,0,6.00,0.00,2.80,6-3.2,2,1909196401534509056,极兔快递,JT0015992949164,生活用品,浙江省,
能源小区智慧社区服务站_站点-能源小区智慧社区服务站,能源小区智慧社区服务站,能源小区智慧社区服务站,快递,2025-04-07 18:42:42,,1,0.39,0,6.00,0.00,2.80,6-3.2,2,1909195095080116224,极兔快递,JT0015991129993,服饰,湖北省,
能源小区智慧社区服务站_站点-能源小区智慧社区服务站,能源小区智慧社区服务站,能源小区智慧社区服务站,快递,2025-04-07 18:40:52,,1,0.47,0,6.00,0.00,2.80,6-3.2,2,1909194630640640000,极兔快递,JT0015990733255,服饰,四川省,
能源小区智慧社区服务站_站点-能源小区智慧社区服务站,能源小区智慧社区服务站,能源小区智慧社区服务站,快递,2025-04-07 18:39:53,,1,0.79,0,6.00,0.00,2.80,6-3.2,2,1909194382862131200,极兔快递,JT0015990264291,服饰,重庆市,
能源小区智慧社区服务站_站点-能源小区智慧社区服务站,能源小区智慧社区服务站,能源小区智慧社区服务站,快递,2025-04-07 18:38:51,,1,0.2,0,6.00,0.00,2.80,6-3.2,2,1909194129752662016,极兔快递,JT0015992911397,服饰,广东省,
能源小区智慧社区服务站_站点-能源小区智慧社区服务站,能源小区智慧社区服务站,能源小区智慧社区服务站,快递,2025-04-07 18:37:43,,2,1.05,0,8.00,0.00,4.08,51% ,2,1909193845198495744,极兔快递,JT0015989675864,服饰,广东省,
能源小区智慧社区服务站_站点-能源小区智慧社区服务站,能源小区智慧社区服务站,能源小区智慧社区服务站,快递,2025-04-07 18:36:19,,1,0.72,0,6.00,0.00,2.80,6-3.2,2,1909193492717576192,极兔快递,JT0015992886439,服饰,重庆市,
能源小区智慧社区服务站_站点-能源小区智慧社区服务站,能源小区智慧社区服务站,能源小区智慧社区服务站,快递,2025-04-07 18:35:01,,1,0.24,0,6.00,0.00,2.80,6-3.2,2,1909193156506361856,极兔快递,JT0015992416558,服饰,江苏省,
能源小区智慧社区服务站_站点-能源小区智慧社区服务站,能源小区智慧社区服务站,能源小区智慧社区服务站,快递,2025-04-07 18:34:00,,1,0.33,0,6.00,0.00,2.80,6-3.2,2,1909192910745313280,极兔快递,JT0015968233427,服饰,湖北省,
能源小区智慧社区服务站_站点-能源小区智慧社区服务站,能源小区智慧社区服务站,能源小区智慧社区服务站,快递,2025-04-07 18:32:48,,1,0.63,0,6.00,0.00,2.80,6-3.2,2,1909192604397543424,极兔快递,JT0015990141654,服饰,福建省,
能源小区智慧社区服务站_站点-能源小区智慧社区服务站,能源小区智慧社区服务站,能源小区智慧社区服务站,快递,2025-04-07 18:31:47,,1,0.59,0,6.00,0.00,2.80,6-3.2,2,1909192352428924928,极兔快递,JT0015977861909,服饰,福建省,
能源小区智慧社区服务站_站点-能源小区智慧社区服务站,能源小区智慧社区服务站,能源小区智慧社区服务站,快递,2025-04-07 18:28:44,,1,0.34,0,6.00,0.00,2.80,6-3.2,2,1909191584904847360,极兔快递,JT0015991844032,生活用品,陕西省,
能源小区智慧社区服务站_站点-能源小区智慧社区服务站,能源小区智慧社区服务站,能源小区智慧社区服务站,快递,2025-04-07 18:25:48,,1,0.2,0,6.00,0.00,2.80,6-3.2,2,1909190847391014912,极兔快递,JT0015978465782,生活用品,山西省,
能源小区智慧社区服务站_站点-能源小区智慧社区服务站,能源小区智慧社区服务站,能源小区智慧社区服务站,快递,2025-04-07 18:25:04,,5,4.14,0,15.00,3.00,7.50,50% ,2,1909190658571837440,极兔快递,JT0015986675031,服饰,陕西省,
能源小区智慧社区服务站_站点-能源小区智慧社区服务站,能源小区智慧社区服务站,能源小区智慧社区服务站,快递,2025-04-07 18:19:16,,1,0.2,0,6.00,0.00,2.80,6-3.2,2,1909189202120744960,极兔快递,JT0015990346535,服饰,广东省,
能源小区智慧社区服务站_站点-能源小区智慧社区服务站,能源小区智慧社区服务站,能源小区智慧社区服务站,快递,2025-04-07 18:01:24,,1,0.32,0,7.00,0.00,2.80,6-3.2,2,1909184692581244928,极兔快递,JT0015984333865,生活用品,北京市,
能源小区智慧社区服务站_站点-能源小区智慧社区服务站,能源小区智慧社区服务站,能源小区智慧社区服务站,快递,2025-04-07 17:54:45,,1,0.2,0,6.00,0.00,2.80,6-3.2,2,1909183029036392448,极兔快递,JT0015989368702,生活用品,浙江省,
能源小区智慧社区服务站_站点-能源小区智慧社区服务站,能源小区智慧社区服务站,能源小区智慧社区服务站,快递,2025-04-07 17:39:55,,1,0.37,0,6.00,0.00,2.80,6-3.2,2,1909179291693424640,极兔快递,JT0015991941873,服饰,陕西省,
能源小区智慧社区服务站_站点-能源小区智慧社区服务站,能源小区智慧社区服务站,能源小区智慧社区服务站,快递,2025-04-07 17:39:16,,1,0.2,0,6.00,0.00,2.80,6-3.2,2,1909179128316895232,极兔快递,JT0015991326844,生活用品,广东省,
能源小区智慧社区服务站_站点-能源小区智慧社区服务站,能源小区智慧社区服务站,能源小区智慧社区服务站,快递,2025-04-07 17:38:16,2025-04-07 09:38:49,1,,,6.00,,0.00,,2,1909178882211913728,极兔快递,JT0015983583957,生活用品,广东省,已全额退款
能源小区智慧社区服务站_站点-能源小区智慧社区服务站,能源小区智慧社区服务站,能源小区智慧社区服务站,快递,2025-04-07 17:36:51,,1,0.2,0,6.00,0.00,2.80,6-3.2,2,1909178531526156288,极兔快递,JT0015989746664,生活用品,河南省,
能源小区智慧社区服务站_站点-能源小区智慧社区服务站,能源小区智慧社区服务站,能源小区智慧社区服务站,快递,2025-04-07 17:31:31,,1,0.24,0,6.00,0.00,2.80,6-3.2,2,1909177182164033536,极兔快递,JT0015987304416,生活用品,浙江省,
能源小区智慧社区服务站_站点-能源小区智慧社区服务站,能源小区智慧社区服务站,能源小区智慧社区服务站,快递,2025-04-07 17:30:04,,1,0.2,0,6.00,0.00,2.80,6-3.2,2,1909176819524509696,极兔快递,JT0015983593392,生活用品,广东省,
能源小区智慧社区服务站_站点-能源小区智慧社区服务站,能源小区智慧社区服务站,能源小区智慧社区服务站,快递,2025-04-07 17:04:37,,1,0.56,0,6.00,0.00,2.80,6-3.2,2,1909170417200472064,极兔快递,JT0015985993360,服饰,福建省,
能源小区智慧社区服务站_站点-能源小区智慧社区服务站,能源小区智慧社区服务站,能源小区智慧社区服务站,快递,2025-04-07 16:49:35,,7,6.72,0,21.00,6.00,10.50,50% ,2,1909166633875349504,极兔快递,JT0015988046455,服饰,广东省,
能源小区智慧社区服务站_站点-能源小区智慧社区服务站,能源小区智慧社区服务站,能源小区智慧社区服务站,快递,2025-04-07 14:14:17,,5,4.44,0,15.00,3.00,7.50,50% ,2,1909127272622399488,极兔快递,JT0015969553110,生鲜类,陕西省,
能源小区智慧社区服务站_站点-能源小区智慧社区服务站,能源小区智慧社区服务站,能源小区智慧社区服务站,快递,2025-04-07 14:12:49,,5,4.29,0,15.00,3.00,7.50,50% ,2,1909127183787040768,极兔快递,JT0015985494031,生鲜类,陕西省,
能源小区智慧社区服务站_站点-能源小区智慧社区服务站,能源小区智慧社区服务站,能源小区智慧社区服务站,快递,2025-04-07 14:00:54,,6,5.57,0,18.00,4.50,9.00,50% ,2,1909124181235802112,极兔快递,JT0015985867903,生鲜类,吉林省,
能源小区智慧社区服务站_站点-能源小区智慧社区服务站,能源小区智慧社区服务站,能源小区智慧社区服务站,快递,2025-04-07 13:56:19,,1,0.35,0,6.00,0.00,2.80,6-3.2,2,1909123030683688960,极兔快递,JT0015985377382,服饰,山东省,
能源小区智慧社区服务站_站点-能源小区智慧社区服务站,能源小区智慧社区服务站,能源小区智慧社区服务站,快递,2025-04-07 13:54:59,,1,0.23,0,6.00,0.00,2.80,6-3.2,2,1909122691297386496,极兔快递,JT0015984507922,服饰,浙江省,
能源小区智慧社区服务站_站点-能源小区智慧社区服务站,能源小区智慧社区服务站,能源小区智慧社区服务站,快递,2025-04-07 13:32:00,,1,0.2,0,6.00,0.00,2.80,6-3.2,2,1909116899324272640,极兔快递,JT0015969008504,服饰,广东省,
能源小区智慧社区服务站_站点-能源小区智慧社区服务站,能源小区智慧社区服务站,能源小区智慧社区服务站,快递,2025-04-07 13:31:10,,1,0.28,0,6.00,0.00,2.80,6-3.2,2,1909116682059325440,极兔快递,JT0015985720168,服饰,广东省,
能源小区智慧社区服务站_站点-能源小区智慧社区服务站,能源小区智慧社区服务站,能源小区智慧社区服务站,快递,2025-04-07 13:28:30,,1,0.34,0,6.00,0.00,2.80,6-3.2,2,1909116029920550912,极兔快递,JT0015982740493,服饰,河北省,
能源小区智慧社区服务站_站点-能源小区智慧社区服务站,能源小区智慧社区服务站,能源小区智慧社区服务站,快递,2025-04-07 11:50:25,,2,1.84,0,8.00,0.00,4.08,51% ,2,1909091342469505024,极兔快递,JT0015984090034,服饰,浙江省,
能源小区智慧社区服务站_站点-能源小区智慧社区服务站,能源小区智慧社区服务站,能源小区智慧社区服务站,快递,2025-04-07 11:48:27,,1,0.2,0,6.00,0.00,2.80,6-3.2,2,1909090847424192512,极兔快递,JT0015982875423,服饰,广东省,
能源小区智慧社区服务站_站点-能源小区智慧社区服务站,能源小区智慧社区服务站,能源小区智慧社区服务站,快递,2025-04-07 10:39:35,,1,0.27,0,6.00,0.00,2.80,6-3.2,2,1909073515222081536,极兔快递,JT0015980823364,服饰,浙江省,
能源小区智慧社区服务站_站点-能源小区智慧社区服务站,能源小区智慧社区服务站,能源小区智慧社区服务站,快递,2025-04-07 10:38:33,,1,0.2,0,6.00,0.00,2.80,6-3.2,2,1909073261730930688,极兔快递,JT0015982971615,服饰,广东省,
能源小区智慧社区服务站_站点-能源小区智慧社区服务站,能源小区智慧社区服务站,能源小区智慧社区服务站,快递,2025-04-07 10:37:27,,1,0.51,0,6.00,0.00,2.80,6-3.2,2,1909072961041276928,极兔快递,JT0015981704184,服饰,广东省,
能源小区智慧社区服务站_站点-能源小区智慧社区服务站,能源小区智慧社区服务站,能源小区智慧社区服务站,快递,2025-04-07 10:36:14,,1,0.2,0,6.00,0.00,2.80,6-3.2,2,1909072676470333440,极兔快递,JT0015982955703,服饰,湖南省,
能源小区智慧社区服务站_站点-能源小区智慧社区服务站,能源小区智慧社区服务站,能源小区智慧社区服务站,快递,2025-04-07 10:21:52,,1,0.34,0,6.00,0.00,2.80,6-3.2,2,1909069058295930880,极兔快递,JT0015980296758,生活用品,河南省,
能源小区智慧社区服务站_站点-能源小区智慧社区服务站,能源小区智慧社区服务站,能源小区智慧社区服务站,快递,2025-04-07 10:19:17,,1,0.61,0,6.00,0.00,2.80,6-3.2,2,1909068410976411648,极兔快递,JT0015980916242,服饰,广东省,
能源小区智慧社区服务站_站点-能源小区智慧社区服务站,能源小区智慧社区服务站,能源小区智慧社区服务站,快递,2025-04-06 20:20:33,,2,1.03,0,8.00,0.00,4.08,51% ,2,1908857336306016256,极兔快递,JT0015977475416,生活用品,福建省,
能源小区智慧社区服务站_站点-能源小区智慧社区服务站,能源小区智慧社区服务站,能源小区智慧社区服务站,快递,2025-04-06 20:07:15,,1,0.52,0,6.00,0.00,2.80,6-3.2,2,1908853979076042752,极兔快递,JT0015977643163,服饰,广东省,
能源小区智慧社区服务站_站点-能源小区智慧社区服务站,能源小区智慧社区服务站,能源小区智慧社区服务站,快递,2025-04-06 20:06:21,,1,0.6,0,6.00,0.00,2.80,6-3.2,2,1908853756681461760,极兔快递,JT0015978130926,服饰,广东省,
能源小区智慧社区服务站_站点-能源小区智慧社区服务站,能源小区智慧社区服务站,能源小区智慧社区服务站,快递,2025-04-06 20:05:29,,1,0.27,0,6.00,0.00,2.80,6-3.2,2,1908852497215856640,极兔快递,JT0015965927097,服饰,广东省,
能源小区智慧社区服务站_站点-能源小区智慧社区服务站,能源小区智慧社区服务站,能源小区智慧社区服务站,快递,2025-04-06 19:45:49,,3,2.18,0,10.00,0.00,5.50,55% ,2,1908848593086390272,极兔快递,JT0015977787051,生活用品,山东省,
能源小区智慧社区服务站_站点-能源小区智慧社区服务站,能源小区智慧社区服务站,能源小区智慧社区服务站,快递,2025-04-06 19:33:48,,1,0.35,0,6.00,0.00,2.80,6-3.2,2,1908845570465406976,极兔快递,JT0015974318580,服饰,江苏省,
能源小区智慧社区服务站_站点-能源小区智慧社区服务站,能源小区智慧社区服务站,能源小区智慧社区服务站,快递,2025-04-06 19:11:45,,1,0.79,0,6.00,0.00,2.80,6-3.2,2,1908840022965690368,极兔快递,JT0015975716655,生活用品,广东省,
能源小区智慧社区服务站_站点-能源小区智慧社区服务站,能源小区智慧社区服务站,能源小区智慧社区服务站,快递,2025-04-06 19:00:56,,1,0.2,0,6.00,0.00,2.80,6-3.2,2,1908837298874294272,极兔快递,JT0015976125858,生活用品,广东省,
能源小区智慧社区服务站_站点-能源小区智慧社区服务站,能源小区智慧社区服务站,能源小区智慧社区服务站,快递,2025-04-06 18:59:08,,1,0.2,0,6.00,0.00,2.80,6-3.2,2,1908836846208229376,极兔快递,JT0015977071564,生活用品,广东省,
能源小区智慧社区服务站_站点-能源小区智慧社区服务站,能源小区智慧社区服务站,能源小区智慧社区服务站,快递,2025-04-06 18:57:38,,1,0.2,0,6.00,0.00,2.80,6-3.2,2,1908836471073873920,极兔快递,JT0015973306592,生活用品,浙江省,
能源小区智慧社区服务站_站点-能源小区智慧社区服务站,能源小区智慧社区服务站,能源小区智慧社区服务站,快递,2025-04-06 18:55:56,,1,0.2,0,6.00,0.00,2.80,6-3.2,2,1908836041518424064,极兔快递,JT0015976964033,生活用品,四川省,
能源小区智慧社区服务站_站点-能源小区智慧社区服务站,能源小区智慧社区服务站,能源小区智慧社区服务站,快递,2025-04-06 18:53:56,,1,0.2,0,6.00,0.00,2.80,6-3.2,2,1908835531008712704,极兔快递,JT0015975587719,生活用品,四川省,
能源小区智慧社区服务站_站点-能源小区智慧社区服务站,能源小区智慧社区服务站,能源小区智慧社区服务站,快递,2025-04-06 18:52:52,,1,0.38,0,6.00,0.00,2.80,6-3.2,2,1908835272048189440,极兔快递,JT0015975649595,生活用品,安徽省,
能源小区智慧社区服务站_站点-能源小区智慧社区服务站,能源小区智慧社区服务站,能源小区智慧社区服务站,快递,2025-04-06 18:50:58,,1,0.26,0,6.00,0.00,2.80,6-3.2,2,1908834793343885312,极兔快递,JT0015975495474,服饰,安徽省,
能源小区智慧社区服务站_站点-能源小区智慧社区服务站,能源小区智慧社区服务站,能源小区智慧社区服务站,快递,2025-04-06 18:44:13,,1,0.57,0,6.00,0.00,2.80,6-3.2,2,1908833094210363392,极兔快递,JT0015968247696,服饰,广东省,
能源小区智慧社区服务站_站点-能源小区智慧社区服务站,能源小区智慧社区服务站,能源小区智慧社区服务站,快递,2025-04-06 18:26:15,,1,0.63,0,6.00,0.00,2.80,6-3.2,2,1908828572230557696,极兔快递,JT0015975447555,服饰,广东省,
能源小区智慧社区服务站_站点-能源小区智慧社区服务站,能源小区智慧社区服务站,能源小区智慧社区服务站,快递,2025-04-06 18:13:24,,1,0.82,0,6.00,0.00,2.80,6-3.2,2,1908825320533467136,极兔快递,JT0015969655734,服饰,云南省,
能源小区智慧社区服务站_站点-能源小区智慧社区服务站,能源小区智慧社区服务站,能源小区智慧社区服务站,快递,2025-04-06 18:11:32,,1,0.29,0,6.00,0.00,2.80,6-3.2,2,1908824867427000320,极兔快递,JT0015974059319,生活用品,浙江省,
能源小区智慧社区服务站_站点-能源小区智慧社区服务站,能源小区智慧社区服务站,能源小区智慧社区服务站,快递,2025-04-06 17:57:05,,2,0.78,1,8.00,0.00,4.08,51% ,2,1908821234077605888,极兔快递,JT0015973855304,生活用品,江西省,
能源小区智慧社区服务站_站点-能源小区智慧社区服务站,能源小区智慧社区服务站,能源小区智慧社区服务站,快递,2025-04-06 17:55:16,,1,0.36,0,6.00,0.00,2.80,6-3.2,2,1908820778228064256,极兔快递,JT0015974771301,服饰,天津市,
能源小区智慧社区服务站_站点-能源小区智慧社区服务站,能源小区智慧社区服务站,能源小区智慧社区服务站,快递,2025-04-06 17:52:11,,1,0.23,0,6.00,0.00,2.80,6-3.2,2,1908819997206716416,极兔快递,JT0015975366004,服饰,广东省,
能源小区智慧社区服务站_站点-能源小区智慧社区服务站,能源小区智慧社区服务站,能源小区智慧社区服务站,快递,2025-04-06 17:46:26,,2,1.37,0,8.00,0.00,4.08,51% ,2,1908818551753089024,极兔快递,JT0015974173749,服饰,广东省,
能源小区智慧社区服务站_站点-能源小区智慧社区服务站,能源小区智慧社区服务站,能源小区智慧社区服务站,快递,2025-04-06 17:45:51,,1,0.37,0,6.00,0.00,2.80,6-3.2,2,1908818404306526208,极兔快递,JT0015974827254,服饰,湖北省,
能源小区智慧社区服务站_站点-能源小区智慧社区服务站,能源小区智慧社区服务站,能源小区智慧社区服务站,快递,2025-04-06 17:41:39,,1,0.47,0,6.00,0.00,2.80,6-3.2,2,1908817347199311872,极兔快递,JT0015973068166,服饰,江苏省,
能源小区智慧社区服务站_站点-能源小区智慧社区服务站,能源小区智慧社区服务站,能源小区智慧社区服务站,快递,2025-04-06 17:34:24,,1,0.3,0,7.00,0.00,2.80,6-3.2,2,1908815523608207360,极兔快递,JT0015975934007,服饰,上海市,
能源小区智慧社区服务站_站点-能源小区智慧社区服务站,能源小区智慧社区服务站,能源小区智慧社区服务站,快递,2025-04-06 17:30:26,,1,0.2,0,6.00,0.00,2.80,6-3.2,2,1908814523916820480,极兔快递,JT0015976025304,生活用品,浙江省,
能源小区智慧社区服务站_站点-能源小区智慧社区服务站,能源小区智慧社区服务站,能源小区智慧社区服务站,快递,2025-04-06 17:28:55,,1,0.26,0,6.00,0.00,2.80,6-3.2,2,1908814121972473856,极兔快递,JT0015975735186,生活用品,浙江省,
能源小区智慧社区服务站_站点-能源小区智慧社区服务站,能源小区智慧社区服务站,能源小区智慧社区服务站,快递,2025-04-06 17:25:56,,1,0.73,0,6.00,0.00,2.80,6-3.2,2,1908813384894849024,极兔快递,JT0015966764057,服饰,广东省,
能源小区智慧社区服务站_站点-能源小区智慧社区服务站,能源小区智慧社区服务站,能源小区智慧社区服务站,快递,2025-04-06 17:25:21,,1,0.2,0,6.00,0.00,2.80,6-3.2,2,1908813243869765632,极兔快递,JT0015973897834,服饰,浙江省,
能源小区智慧社区服务站_站点-能源小区智慧社区服务站,能源小区智慧社区服务站,能源小区智慧社区服务站,快递,2025-04-06 17:23:19,,1,0.24,0,6.00,0.00,2.80,6-3.2,2,1908812732479250432,极兔快递,JT0015972414772,服饰,浙江省,
能源小区智慧社区服务站_站点-能源小区智慧社区服务站,能源小区智慧社区服务站,能源小区智慧社区服务站,快递,2025-04-06 16:52:52,,1,0.65,0,6.00,0.00,2.80,6-3.2,2,1908805072539295744,极兔快递,JT0015962625408,服饰,湖北省,
能源小区智慧社区服务站_站点-能源小区智慧社区服务站,能源小区智慧社区服务站,能源小区智慧社区服务站,快递,2025-04-06 16:38:28,,2,0.91,1,8.00,0.00,4.08,51% ,2,1908801445334556672,极兔快递,JT0015973920116,生活用品,浙江省,
能源小区智慧社区服务站_站点-能源小区智慧社区服务站,能源小区智慧社区服务站,能源小区智慧社区服务站,快递,2025-04-06 16:07:34,,1,0.24,0,6.00,0.00,2.80,6-3.2,2,1908793663529099264,极兔快递,JT0015957296319,服饰,广东省,
能源小区智慧社区服务站_站点-能源小区智慧社区服务站,能源小区智慧社区服务站,能源小区智慧社区服务站,快递,2025-04-06 16:07:02,,1,0.42,0,6.00,0.00,2.80,6-3.2,2,1908793533535035392,极兔快递,JT0015973844360,服饰,浙江省,
能源小区智慧社区服务站_站点-能源小区智慧社区服务站,能源小区智慧社区服务站,能源小区智慧社区服务站,快递,2025-04-06 16:06:32,,1,0.51,0,6.00,0.00,2.80,6-3.2,2,1908793406867054592,极兔快递,JT0015973145761,服饰,广东省,
能源小区智慧社区服务站_站点-能源小区智慧社区服务站,能源小区智慧社区服务站,能源小区智慧社区服务站,快递,2025-04-06 16:05:59,,1,0.34,0,6.00,0.00,2.80,6-3.2,2,1908793268673126400,极兔快递,JT0015968704845,服饰,河北省,
能源小区智慧社区服务站_站点-能源小区智慧社区服务站,能源小区智慧社区服务站,能源小区智慧社区服务站,快递,2025-04-06 15:41:52,,2,1.8,0,8.00,0.00,4.08,51% ,2,1908787201264263168,极兔快递,JT0015957817020,生活用品,广东省,
能源小区智慧社区服务站_站点-能源小区智慧社区服务站,能源小区智慧社区服务站,能源小区智慧社区服务站,快递,2025-04-06 15:35:50,,1,0.57,0,6.00,0.00,2.80,6-3.2,2,1908785673421922304,极兔快递,JT0015973684566,服饰,广东省,
能源小区智慧社区服务站_站点-能源小区智慧社区服务站,能源小区智慧社区服务站,能源小区智慧社区服务站,快递,2025-04-06 15:35:13,,1,0.22,0,6.00,0.00,2.80,6-3.2,2,1908785523689463808,极兔快递,JT0015971452851,服饰,广东省,
能源小区智慧社区服务站_站点-能源小区智慧社区服务站,能源小区智慧社区服务站,能源小区智慧社区服务站,快递,2025-04-06 15:34:38,,1,0.2,0,6.00,0.00,2.80,6-3.2,2,1908785012579966976,极兔快递,JT0015970610680,服饰,浙江省,
能源小区智慧社区服务站_站点-能源小区智慧社区服务站,能源小区智慧社区服务站,能源小区智慧社区服务站,快递,2025-04-06 15:16:35,,1,0.2,0,6.00,0.00,2.80,6-3.2,2,1908780836982562816,极兔快递,JT0015972621946,服饰,广东省,
能源小区智慧社区服务站_站点-能源小区智慧社区服务站,能源小区智慧社区服务站,能源小区智慧社区服务站,快递,2025-04-06 15:09:34,,1,0.29,0,6.00,0.00,2.80,6-3.2,2,1908779062779387904,极兔快递,JT0015972899387,生活用品,广东省,
能源小区智慧社区服务站_站点-能源小区智慧社区服务站,能源小区智慧社区服务站,能源小区智慧社区服务站,快递,2025-04-06 15:08:37,,1,0.58,0,6.00,0.00,2.80,6-3.2,2,1908778836920311808,极兔快递,JT0015972987132,服饰,辽宁省,
能源小区智慧社区服务站_站点-能源小区智慧社区服务站,能源小区智慧社区服务站,能源小区智慧社区服务站,快递,2025-04-06 15:07:50,,2,1.31,0,8.00,0.00,4.08,51% ,2,1908778636319334400,极兔快递,JT0015971545501,服饰,湖北省,
能源小区智慧社区服务站_站点-能源小区智慧社区服务站,能源小区智慧社区服务站,能源小区智慧社区服务站,快递,2025-04-06 14:59:52,2025-04-06 07:01:16,2,,,8.00,,0.00,,2,1908776631714652160,极兔快递,JT0015966709840,生活用品,陕西省,已全额退款
能源小区智慧社区服务站_站点-能源小区智慧社区服务站,能源小区智慧社区服务站,能源小区智慧社区服务站,快递,2025-04-06 13:57:04,,1,0.2,0,6.00,0.00,2.80,6-3.2,2,1908760825333227520,极兔快递,JT0015968775579,生活用品,江苏省,
能源小区智慧社区服务站_站点-能源小区智慧社区服务站,能源小区智慧社区服务站,能源小区智慧社区服务站,快递,2025-04-06 13:21:14,,1,0.48,0,6.00,0.00,2.80,6-3.2,2,1908751810658246656,极兔快递,JT0015970432348,生活用品,河南省,
能源小区智慧社区服务站_站点-能源小区智慧社区服务站,能源小区智慧社区服务站,能源小区智慧社区服务站,快递,2025-04-06 13:19:32,,1,0.2,0,6.00,0.00,2.80,6-3.2,2,1908751383384498176,极兔快递,JT0015970288827,生活用品,江苏省,
能源小区智慧社区服务站_站点-能源小区智慧社区服务站,能源小区智慧社区服务站,能源小区智慧社区服务站,快递,2025-04-06 12:12:15,,1,0.1,0,6.00,0.00,2.52,42% ,2,1908734381743874048,韵达快递,312702858019494,服饰,广西壮族自治区,
能源小区智慧社区服务站_站点-能源小区智慧社区服务站,能源小区智慧社区服务站,能源小区智慧社区服务站,快递,2025-04-06 12:07:52,,1,0.25,0,6.00,0.00,2.80,6-3.2,2,1908733344949673984,极兔快递,JT0015966608947,服饰,浙江省,
能源小区智慧社区服务站_站点-能源小区智慧社区服务站,能源小区智慧社区服务站,能源小区智慧社区服务站,快递,2025-04-06 11:58:20,,1,0.6,0,6.00,0.00,2.52,42% ,2,1908730947007356928,韵达快递,312702846286639,服饰,吉林省,
能源小区智慧社区服务站_站点-能源小区智慧社区服务站,能源小区智慧社区服务站,能源小区智慧社区服务站,快递,2025-04-06 11:33:19,,1,0.32,0,6.00,0.00,2.80,6-3.2,2,1908724651998781440,极兔快递,JT0015968113609,服饰,浙江省,
能源小区智慧社区服务站_站点-能源小区智慧社区服务站,能源小区智慧社区服务站,能源小区智慧社区服务站,快递,2025-04-06 11:31:51,,1,0.62,0,6.00,0.00,2.80,6-3.2,2,1908724282308632576,极兔快递,JT0015962931727,服饰,福建省,
能源小区智慧社区服务站_站点-能源小区智慧社区服务站,能源小区智慧社区服务站,能源小区智慧社区服务站,快递,2025-04-06 10:30:32,,1,0.4,0,6.00,0.00,2.80,6-3.2,2,1908708833198022656,极兔快递,JT0015965722844,服饰,浙江省,
能源小区智慧社区服务站_站点-能源小区智慧社区服务站,能源小区智慧社区服务站,能源小区智慧社区服务站,快递,2025-04-06 10:29:35,,1,0.28,0,7.00,0.00,2.80,6-3.2,2,1908708596484087808,极兔快递,JT0015962442349,服饰,上海市,
能源小区智慧社区服务站_站点-能源小区智慧社区服务站,能源小区智慧社区服务站,能源小区智慧社区服务站,快递,2025-04-06 10:28:48,,1,0.57,0,6.00,0.00,2.80,6-3.2,2,1908708414359019520,极兔快递,JT0015963370595,服饰,浙江省,
能源小区智慧社区服务站_站点-能源小区智慧社区服务站,能源小区智慧社区服务站,能源小区智慧社区服务站,快递,2025-04-06 10:28:15,,1,0.5,0,6.00,0.00,2.80,6-3.2,2,1908708256263118848,极兔快递,JT0015966605056,服饰,广东省,
能源小区智慧社区服务站_站点-能源小区智慧社区服务站,能源小区智慧社区服务站,能源小区智慧社区服务站,快递,2025-04-04 17:54:02,2025-04-06 02:05:00,1,,,6.00,,0.00,,2,1908095531010957312,韵达快递,312700252470706,服饰,广西壮族自治区,已全额退款
能源小区智慧社区服务站_站点-能源小区智慧社区服务站,能源小区智慧社区服务站,能源小区智慧社区服务站,快递,2025-04-05 20:08:15,,3,2.65,0,10.00,0.00,5.50,55% ,2,1908491854117806080,极兔快递,JT0015963969283,生鲜类,广东省,
能源小区智慧社区服务站_站点-能源小区智慧社区服务站,能源小区智慧社区服务站,能源小区智慧社区服务站,快递,2025-04-05 20:05:00,2025-04-05 12:07:15,3,,,10.00,,0.00,,2,1908491029861572608,极兔快递,JT0015963849943,生鲜类,广东省,已全额退款
能源小区智慧社区服务站_站点-能源小区智慧社区服务站,能源小区智慧社区服务站,能源小区智慧社区服务站,快递,2025-04-05 19:25:31,,1,0.47,0,6.00,0.00,2.80,6-3.2,2,1908481097552568320,极兔快递,JT0015963567589,服饰,河北省,
能源小区智慧社区服务站_站点-能源小区智慧社区服务站,能源小区智慧社区服务站,能源小区智慧社区服务站,快递,2025-04-05 19:02:41,,3,2.36,0,10.00,0.00,5.50,55% ,2,1908475353004449792,极兔快递,JT0015962945480,食品,陕西省,
能源小区智慧社区服务站_站点-能源小区智慧社区服务站,能源小区智慧社区服务站,能源小区智慧社区服务站,快递,2025-04-05 18:55:26,,1,0.61,0,6.00,0.00,2.80,6-3.2,2,1908473528347992064,极兔快递,JT0015957938803,服饰,湖南省,
能源小区智慧社区服务站_站点-能源小区智慧社区服务站,能源小区智慧社区服务站,能源小区智慧社区服务站,快递,2025-04-05 18:44:29,,1,0.5,0,6.00,0.00,2.80,6-3.2,2,1908470765924851712,极兔快递,JT0015962557783,生活用品,广东省,
能源小区智慧社区服务站_站点-能源小区智慧社区服务站,能源小区智慧社区服务站,能源小区智慧社区服务站,快递,2025-04-05 18:43:58,,1,0.73,0,6.00,0.00,2.80,6-3.2,2,1908470634479558656,极兔快递,JT0015962981038,生活用品,浙江省,
能源小区智慧社区服务站_站点-能源小区智慧社区服务站,能源小区智慧社区服务站,能源小区智慧社区服务站,快递,2025-04-05 18:43:27,,1,0.56,0,6.00,0.00,2.80,6-3.2,2,1908470475486076928,极兔快递,JT0015962935173,生活用品,浙江省,
能源小区智慧社区服务站_站点-能源小区智慧社区服务站,能源小区智慧社区服务站,能源小区智慧社区服务站,快递,2025-04-05 18:31:19,,3,1.35,1,10.00,0.00,5.50,55% ,2,1908467459437568000,极兔快递,JT0015960708691,生活用品,河北省,
能源小区智慧社区服务站_站点-能源小区智慧社区服务站,能源小区智慧社区服务站,能源小区智慧社区服务站,快递,2025-04-05 18:27:19,,1,0.2,0,6.00,0.00,2.80,6-3.2,2,1908466435930923008,极兔快递,JT0015959736229,服饰,浙江省,
能源小区智慧社区服务站_站点-能源小区智慧社区服务站,能源小区智慧社区服务站,能源小区智慧社区服务站,快递,2025-04-05 18:26:51,,1,0.22,0,6.00,0.00,2.80,6-3.2,2,1908466330083467264,极兔快递,JT0015962281446,服饰,浙江省,
能源小区智慧社区服务站_站点-能源小区智慧社区服务站,能源小区智慧社区服务站,能源小区智慧社区服务站,快递,2025-04-05 18:26:16,,1,0.59,0,6.00,0.00,2.80,6-3.2,2,1908466185795215360,极兔快递,JT0015961737478,服饰,山东省,
能源小区智慧社区服务站_站点-能源小区智慧社区服务站,能源小区智慧社区服务站,能源小区智慧社区服务站,快递,2025-04-05 18:13:50,,1,0.48,0,6.00,0.00,2.80,6-3.2,2,1908463059310682112,极兔快递,JT0015961139644,服饰,湖北省,
能源小区智慧社区服务站_站点-能源小区智慧社区服务站,能源小区智慧社区服务站,能源小区智慧社区服务站,快递,2025-04-05 18:10:44,,1,0.2,0,6.00,0.00,2.80,6-3.2,2,1908462277635022848,极兔快递,JT0015959110385,服饰,浙江省,
能源小区智慧社区服务站_站点-能源小区智慧社区服务站,能源小区智慧社区服务站,能源小区智慧社区服务站,快递,2025-04-05 17:58:29,,1,0.45,0,6.00,0.00,2.80,6-3.2,2,1908459192749596672,极兔快递,JT0015963010225,服饰,广东省,
能源小区智慧社区服务站_站点-能源小区智慧社区服务站,能源小区智慧社区服务站,能源小区智慧社区服务站,快递,2025-04-05 16:52:28,,1,0.2,0,6.00,0.00,2.80,6-3.2,2,1908442585188999168,极兔快递,JT0015959603919,服饰,浙江省,
能源小区智慧社区服务站_站点-能源小区智慧社区服务站,能源小区智慧社区服务站,能源小区智慧社区服务站,快递,2025-04-05 16:50:41,,1,0.33,0,6.00,0.00,2.80,6-3.2,2,1908442131692462080,极兔快递,JT0015961052705,服饰,四川省,
能源小区智慧社区服务站_站点-能源小区智慧社区服务站,能源小区智慧社区服务站,能源小区智慧社区服务站,快递,2025-04-05 16:15:56,,3,3.07,-1,10.00,1.50,5.50,55% ,2,1908433386837057536,极兔快递,JT0015960671491,服饰,甘肃省,
能源小区智慧社区服务站_站点-能源小区智慧社区服务站,能源小区智慧社区服务站,能源小区智慧社区服务站,快递,2025-04-05 10:11:15,2025-04-05 08:14:31,3,,,10.00,,0.00,,2,1908341615234850816,极兔快递,JT0015953604502,服饰,甘肃省,已全额退款
能源小区智慧社区服务站_站点-能源小区智慧社区服务站,能源小区智慧社区服务站,能源小区智慧社区服务站,快递,2025-04-05 16:11:55,,1,0.5,0,6.00,0.00,2.80,6-3.2,2,1908432374663421952,极兔快递,JT0015960626185,生活用品,广东省,
能源小区智慧社区服务站_站点-能源小区智慧社区服务站,能源小区智慧社区服务站,能源小区智慧社区服务站,快递,2025-04-05 15:59:58,2025-04-05 08:11:14,1,,,6.00,,0.00,,2,1908429369989865472,极兔快递,JT0015959625153,生活用品,广东省,已全额退款
能源小区智慧社区服务站_站点-能源小区智慧社区服务站,能源小区智慧社区服务站,能源小区智慧社区服务站,快递,2025-04-05 16:06:16,,6,5.24,0,18.00,4.50,9.00,50% ,2,1908430955923316736,极兔快递,JT0015958275713,服饰,安徽省,
能源小区智慧社区服务站_站点-能源小区智慧社区服务站,能源小区智慧社区服务站,能源小区智慧社区服务站,快递,2025-04-05 16:01:08,,1,0.28,0,6.00,0.00,2.80,6-3.2,2,1908429655697465344,极兔快递,JT0015955606572,服饰,浙江省,
能源小区智慧社区服务站_站点-能源小区智慧社区服务站,能源小区智慧社区服务站,能源小区智慧社区服务站,快递,2025-04-05 16:00:30,,1,0.27,0,6.00,0.00,2.80,6-3.2,2,1908429498566254592,极兔快递,JT0015958230242,生活用品,广东省,
能源小区智慧社区服务站_站点-能源小区智慧社区服务站,能源小区智慧社区服务站,能源小区智慧社区服务站,快递,2025-04-05 15:55:36,,1,0.2,0,6.00,0.00,2.80,6-3.2,2,1908428254653128704,极兔快递,JT0015961001889,生活用品,广东省,
能源小区智慧社区服务站_站点-能源小区智慧社区服务站,能源小区智慧社区服务站,能源小区智慧社区服务站,快递,2025-04-05 15:54:58,,1,0.2,0,6.00,0.00,2.80,6-3.2,2,1908428109773479936,极兔快递,JT0015960831667,生活用品,浙江省,
能源小区智慧社区服务站_站点-能源小区智慧社区服务站,能源小区智慧社区服务站,能源小区智慧社区服务站,快递,2025-04-05 15:21:31,,1,0.2,0,6.00,0.00,2.80,6-3.2,2,1908419692824567808,极兔快递,JT0015957536209,服饰,湖北省,
能源小区智慧社区服务站_站点-能源小区智慧社区服务站,能源小区智慧社区服务站,能源小区智慧社区服务站,快递,2025-04-05 13:09:16,,1,0.25,0,6.00,0.00,2.80,6-3.2,2,1908386406748332032,极兔快递,JT0015957704956,服饰,福建省,
能源小区智慧社区服务站_站点-能源小区智慧社区服务站,能源小区智慧社区服务站,能源小区智慧社区服务站,快递,2025-04-05 13:08:44,,1,0.2,0,6.00,0.00,2.80,6-3.2,2,1908386276909457408,极兔快递,JT0015942824641,服饰,江西省,
能源小区智慧社区服务站_站点-能源小区智慧社区服务站,能源小区智慧社区服务站,能源小区智慧社区服务站,快递,2025-04-05 12:58:57,,2,1.61,0,8.00,0.00,4.08,51% ,2,1908383817566724096,极兔快递,JT0015957781735,生活用品,安徽省,
能源小区智慧社区服务站_站点-能源小区智慧社区服务站,能源小区智慧社区服务站,能源小区智慧社区服务站,快递,2025-04-05 12:20:28,,1,0.2,0,6.00,0.00,2.80,6-3.2,2,1908374115801833472,极兔快递,JT0015955943659,服饰,河北省,
能源小区智慧社区服务站_站点-能源小区智慧社区服务站,能源小区智慧社区服务站,能源小区智慧社区服务站,快递,2025-04-05 12:18:06,,1,0.24,0,6.00,0.00,2.80,6-3.2,2,1908373533263339520,极兔快递,JT0015955980856,服饰,湖南省,
能源小区智慧社区服务站_站点-能源小区智慧社区服务站,能源小区智慧社区服务站,能源小区智慧社区服务站,快递,2025-04-05 12:13:01,,2,1.69,0,8.00,0.00,4.08,51% ,2,1908372257632886784,极兔快递,JT0015957060192,生活用品,四川省,
能源小区智慧社区服务站_站点-能源小区智慧社区服务站,能源小区智慧社区服务站,能源小区智慧社区服务站,快递,2025-04-05 12:01:38,,1,0.2,0,7.00,0.00,2.80,6-3.2,2,1908369391199395840,极兔快递,JT0015956711033,生活用品,上海市,
能源小区智慧社区服务站_站点-能源小区智慧社区服务站,能源小区智慧社区服务站,能源小区智慧社区服务站,快递,2025-04-05 12:00:25,,1,0.81,0,6.00,0.00,2.80,6-3.2,2,1908369051863425024,极兔快递,JT0015956149462,生活用品,湖北省,
能源小区智慧社区服务站_站点-能源小区智慧社区服务站,能源小区智慧社区服务站,能源小区智慧社区服务站,快递,2025-04-05 11:41:34,,1,0.22,0,6.00,0.00,2.80,6-3.2,2,1908364336958218240,极兔快递,JT0015947437860,服饰,江苏省,
能源小区智慧社区服务站_站点-能源小区智慧社区服务站,能源小区智慧社区服务站,能源小区智慧社区服务站,快递,2025-04-05 10:44:44,,1,0.2,0,6.00,0.00,2.80,6-3.2,2,1908350027582611456,极兔快递,JT0015946953655,生活用品,浙江省,
能源小区智慧社区服务站_站点-能源小区智慧社区服务站,能源小区智慧社区服务站,能源小区智慧社区服务站,快递,2025-04-05 10:44:01,,1,0.56,0,6.00,0.00,2.80,6-3.2,2,1908349853481246720,极兔快递,JT0015947681447,服饰,广东省,
能源小区智慧社区服务站_站点-能源小区智慧社区服务站,能源小区智慧社区服务站,能源小区智慧社区服务站,快递,2025-04-05 10:42:16,,1,0.2,0,6.00,0.00,2.80,6-3.2,2,1908349421287579648,极兔快递,JT0015952661228,生活用品,福建省,
能源小区智慧社区服务站_站点-能源小区智慧社区服务站,能源小区智慧社区服务站,能源小区智慧社区服务站,快递,2025-04-05 10:32:46,,1,0.96,0,6.00,0.00,2.80,6-3.2,2,1908347025723432960,极兔快递,JT0015953974323,生活用品,广东省,
能源小区智慧社区服务站_站点-能源小区智慧社区服务站,能源小区智慧社区服务站,能源小区智慧社区服务站,快递,2025-04-05 10:25:07,,1,0.52,0,6.00,0.00,2.80,6-3.2,2,1908345099405434880,极兔快递,JT0015948908361,服饰,福建省,
能源小区智慧社区服务站_站点-能源小区智慧社区服务站,能源小区智慧社区服务站,能源小区智慧社区服务站,快递,2025-04-05 10:09:02,,2,1.12,0,8.00,0.00,4.08,51% ,2,1908341020113444864,极兔快递,JT0015954222527,生活用品,河南省,
能源小区智慧社区服务站_站点-能源小区智慧社区服务站,能源小区智慧社区服务站,能源小区智慧社区服务站,快递,2025-04-04 19:30:49,,1,0.69,0,6.00,0.00,2.80,6-3.2,2,1908120047233736704,极兔快递,JT0015950027030,生活用品,广东省,
能源小区智慧社区服务站_站点-能源小区智慧社区服务站,能源小区智慧社区服务站,能源小区智慧社区服务站,快递,2025-04-04 19:29:40,,1,0.2,0,6.00,0.00,2.80,6-3.2,2,1908119754366459904,极兔快递,JT0015949674343,服饰,福建省,
能源小区智慧社区服务站_站点-能源小区智慧社区服务站,能源小区智慧社区服务站,能源小区智慧社区服务站,快递,2025-04-04 19:00:27,,1,0.33,0,6.00,0.00,2.80,6-3.2,2,1908112404821778432,极兔快递,JT0015945699762,服饰,广东省,
能源小区智慧社区服务站_站点-能源小区智慧社区服务站,能源小区智慧社区服务站,能源小区智慧社区服务站,快递,2025-04-04 18:58:11,,1,0.44,0,6.00,0.00,2.80,6-3.2,2,1908111836304842752,极兔快递,JT0015944110802,服饰,湖南省,
能源小区智慧社区服务站_站点-能源小区智慧社区服务站,能源小区智慧社区服务站,能源小区智慧社区服务站,快递,2025-04-04 18:55:01,,1,0.34,0,6.00,0.00,2.80,6-3.2,2,1908110923854979072,极兔快递,JT0015947639622,服饰,福建省,
能源小区智慧社区服务站_站点-能源小区智慧社区服务站,能源小区智慧社区服务站,能源小区智慧社区服务站,快递,2025-04-04 18:46:11,,1,0.89,0,6.00,0.00,2.80,6-3.2,2,1908108807144939520,极兔快递,JT0015944795265,服饰,山东省,
能源小区智慧社区服务站_站点-能源小区智慧社区服务站,能源小区智慧社区服务站,能源小区智慧社区服务站,快递,2025-04-04 18:17:36,,1,0.2,0,6.00,0.00,2.80,6-3.2,2,1908101618204352512,极兔快递,JT0015949578739,生活用品,广东省,
能源小区智慧社区服务站_站点-能源小区智慧社区服务站,能源小区智慧社区服务站,能源小区智慧社区服务站,快递,2025-04-04 17:16:08,,1,0.2,0,6.00,0.00,2.80,6-3.2,2,1908086143298772992,极兔快递,JT0015949922086,服饰,广东省,
能源小区智慧社区服务站_站点-能源小区智慧社区服务站,能源小区智慧社区服务站,能源小区智慧社区服务站,快递,2025-04-04 17:15:24,,1,0.2,0,6.00,0.00,2.80,6-3.2,2,1908085963539292160,极兔快递,JT0015949862386,服饰,浙江省,
能源小区智慧社区服务站_站点-能源小区智慧社区服务站,能源小区智慧社区服务站,能源小区智慧社区服务站,快递,2025-04-04 15:28:37,,1,0.21,0,6.00,0.00,2.80,6-3.2,2,1908059088930676736,极兔快递,JT0015930087570,服饰,广东省,
能源小区智慧社区服务站_站点-能源小区智慧社区服务站,能源小区智慧社区服务站,能源小区智慧社区服务站,快递,2025-04-04 14:30:26,,2,0.2,1,8.00,0.00,4.08,51% ,2,1908044452135116800,极兔快递,JT0015943856447,生活用品,广东省,
能源小区智慧社区服务站_站点-能源小区智慧社区服务站,能源小区智慧社区服务站,能源小区智慧社区服务站,快递,2025-04-04 14:26:10,,1,0.49,0,6.00,0.00,2.80,6-3.2,2,1908043373167190016,极兔快递,JT0015946535461,服饰,浙江省,
能源小区智慧社区服务站_站点-能源小区智慧社区服务站,能源小区智慧社区服务站,能源小区智慧社区服务站,快递,2025-04-04 13:24:33,,2,1.09,0,8.00,0.00,4.08,51% ,2,1908027869253804032,极兔快递,JT0015940443360,服饰,河北省,
能源小区智慧社区服务站_站点-能源小区智慧社区服务站,能源小区智慧社区服务站,能源小区智慧社区服务站,快递,2025-04-04 13:12:53,,18,17.95,0,54.00,22.50,27.00,50% ,2,1908024926446231552,极兔快递,JT0015945996001,生活用品,浙江省,
能源小区智慧社区服务站_站点-能源小区智慧社区服务站,能源小区智慧社区服务站,能源小区智慧社区服务站,快递,2025-04-04 13:12:22,,18,17.89,0,54.00,22.50,27.00,50% ,2,1908024803175636992,极兔快递,JT0015945350243,生活用品,浙江省,
能源小区智慧社区服务站_站点-能源小区智慧社区服务站,能源小区智慧社区服务站,能源小区智慧社区服务站,快递,2025-04-04 12:35:52,,1,0.57,0,6.00,0.00,2.80,6-3.2,2,1908015619818332160,极兔快递,JT0015943347589,生活用品,陕西省,
能源小区智慧社区服务站_站点-能源小区智慧社区服务站,能源小区智慧社区服务站,能源小区智慧社区服务站,快递,2025-04-04 12:20:25,,1,0.39,0,7.00,0.00,2.80,6-3.2,2,1908011678330200064,极兔快递,JT0015943773776,服饰,上海市,
能源小区智慧社区服务站_站点-能源小区智慧社区服务站,能源小区智慧社区服务站,能源小区智慧社区服务站,快递,2025-04-04 12:19:49,,1,0.2,0,7.00,0.00,2.80,6-3.2,2,1908011578660954112,极兔快递,JT0015943706460,服饰,上海市,
能源小区智慧社区服务站_站点-能源小区智慧社区服务站,能源小区智慧社区服务站,能源小区智慧社区服务站,快递,2025-04-04 10:34:58,,1,0.36,0,6.00,0.00,2.80,6-3.2,2,1907985193460506624,极兔快递,JT0015944132802,生活用品,浙江省,
能源小区智慧社区服务站_站点-能源小区智慧社区服务站,能源小区智慧社区服务站,能源小区智慧社区服务站,快递,2025-04-04 10:33:20,,1,0.26,0,6.00,0.00,2.80,6-3.2,2,1907984670426603520,极兔快递,JT0015943397656,服饰,广东省,
能源小区智慧社区服务站_站点-能源小区智慧社区服务站,能源小区智慧社区服务站,能源小区智慧社区服务站,快递,2025-04-04 10:32:04,,1,0.35,0,6.00,0.00,2.80,6-3.2,2,1907984456181555200,极兔快递,JT0015927576903,服饰,浙江省,
能源小区智慧社区服务站_站点-能源小区智慧社区服务站,能源小区智慧社区服务站,能源小区智慧社区服务站,快递,2025-04-04 10:08:21,,1,0.37,0,6.00,0.00,2.80,6-3.2,2,1907978489813475328,极兔快递,JT0015940993815,生活用品,江西省,
能源小区智慧社区服务站_站点-能源小区智慧社区服务站,能源小区智慧社区服务站,能源小区智慧社区服务站,快递,2025-04-04 10:07:42,,1,0.42,0,6.00,0.00,2.80,6-3.2,2,1907978329263906816,极兔快递,JT0015938239837,生活用品,辽宁省,
能源小区智慧社区服务站_站点-能源小区智慧社区服务站,能源小区智慧社区服务站,能源小区智慧社区服务站,快递,2025-04-03 20:00:48,,1,0.48,0,6.00,0.00,2.80,6-3.2,2,1907765183332950016,极兔快递,JT0015939384120,服饰,广东省,
能源小区智慧社区服务站_站点-能源小区智慧社区服务站,能源小区智慧社区服务站,能源小区智慧社区服务站,快递,2025-04-02 20:11:58,2025-04-03 11:59:52,1,,,6.00,,0.00,,2,1907405624718336000,极兔快递,JT0015924260139,服饰,浙江省,已全额退款
能源小区智慧社区服务站_站点-能源小区智慧社区服务站,能源小区智慧社区服务站,能源小区智慧社区服务站,快递,2025-04-03 19:46:55,,1,0.55,0,6.00,0.00,2.80,6-3.2,2,1907761699443384320,极兔快递,JT0015938065992,服饰,江苏省,
能源小区智慧社区服务站_站点-能源小区智慧社区服务站,能源小区智慧社区服务站,能源小区智慧社区服务站,快递,2025-04-03 19:46:20,,1,0.2,0,6.00,0.00,2.80,6-3.2,2,1907761554676981760,极兔快递,JT0015939488342,服饰,江苏省,
能源小区智慧社区服务站_站点-能源小区智慧社区服务站,能源小区智慧社区服务站,能源小区智慧社区服务站,快递,2025-04-03 19:45:34,,1,0.69,0,6.00,0.00,2.80,6-3.2,2,1907761361202126848,极兔快递,JT0015933790921,服饰,浙江省,
能源小区智慧社区服务站_站点-能源小区智慧社区服务站,能源小区智慧社区服务站,能源小区智慧社区服务站,快递,2025-04-03 19:44:51,,1,0.54,0,6.00,0.00,2.80,6-3.2,2,1907761187184648192,极兔快递,JT0015937298745,服饰,广东省,
能源小区智慧社区服务站_站点-能源小区智慧社区服务站,能源小区智慧社区服务站,能源小区智慧社区服务站,快递,2025-04-03 19:28:27,,1,0.34,0,6.00,0.00,2.80,6-3.2,2,1907757059737853952,极兔快递,JT0015936118948,生活用品,广东省,
能源小区智慧社区服务站_站点-能源小区智慧社区服务站,能源小区智慧社区服务站,能源小区智慧社区服务站,快递,2025-04-03 19:25:01,,1,0.22,0,6.00,0.00,2.80,6-3.2,2,1907756197514780672,极兔快递,JT0015937960810,服饰,广东省,
能源小区智慧社区服务站_站点-能源小区智慧社区服务站,能源小区智慧社区服务站,能源小区智慧社区服务站,快递,2025-04-03 19:23:37,,1,0.55,0,6.00,0.00,2.80,6-3.2,2,1907755839820341248,极兔快递,JT0015927887427,生活用品,河南省,
能源小区智慧社区服务站_站点-能源小区智慧社区服务站,能源小区智慧社区服务站,能源小区智慧社区服务站,快递,2025-04-03 19:22:52,2025-04-03 11:23:11,1,,,6.00,,0.00,,2,1907755639894646784,极兔快递,JT0015938488397,生活用品,河南省,已全额退款
能源小区智慧社区服务站_站点-能源小区智慧社区服务站,能源小区智慧社区服务站,能源小区智慧社区服务站,快递,2025-04-03 19:20:21,,1,0.54,0,6.00,0.00,2.80,6-3.2,2,1907755021608099840,极兔快递,JT0015938654524,服饰,浙江省,
能源小区智慧社区服务站_站点-能源小区智慧社区服务站,能源小区智慧社区服务站,能源小区智慧社区服务站,快递,2025-04-03 19:18:17,,1,0.2,0,6.00,0.00,2.80,6-3.2,2,1907754498234458112,极兔快递,JT0015938555035,生活用品,浙江省,
能源小区智慧社区服务站_站点-能源小区智慧社区服务站,能源小区智慧社区服务站,能源小区智慧社区服务站,快递,2025-04-03 19:17:13,,1,0.2,0,6.00,0.00,2.80,6-3.2,2,1907754235020910592,极兔快递,JT0015938403316,服饰,浙江省,
能源小区智慧社区服务站_站点-能源小区智慧社区服务站,能源小区智慧社区服务站,能源小区智慧社区服务站,快递,2025-04-03 19:08:01,,1,0.88,0,6.00,0.00,2.80,6-3.2,2,1907751919861571584,极兔快递,JT0015939731424,服饰,浙江省,
能源小区智慧社区服务站_站点-能源小区智慧社区服务站,能源小区智慧社区服务站,能源小区智慧社区服务站,快递,2025-04-03 18:56:54,,1,0.31,0,6.00,0.00,2.80,6-3.2,2,1907749122793480192,极兔快递,JT0015936635143,服饰,广东省,
能源小区智慧社区服务站_站点-能源小区智慧社区服务站,能源小区智慧社区服务站,能源小区智慧社区服务站,快递,2025-04-03 18:53:15,,1,0.33,0,6.00,0.00,2.80,6-3.2,2,1907748200075960320,极兔快递,JT0015938017439,服饰,浙江省,
能源小区智慧社区服务站_站点-能源小区智慧社区服务站,能源小区智慧社区服务站,能源小区智慧社区服务站,快递,2025-04-03 18:45:47,,1,0.73,0,6.00,0.00,2.80,6-3.2,2,1907746318259527680,极兔快递,JT0015939118915,服饰,广东省,
能源小区智慧社区服务站_站点-能源小区智慧社区服务站,能源小区智慧社区服务站,能源小区智慧社区服务站,快递,2025-04-03 18:45:15,,1,0.87,0,6.00,0.00,2.80,6-3.2,2,1907746187581792256,极兔快递,JT0015936692614,服饰,浙江省,
能源小区智慧社区服务站_站点-能源小区智慧社区服务站,能源小区智慧社区服务站,能源小区智慧社区服务站,快递,2025-04-03 18:31:41,,1,0.73,0,6.00,0.00,2.80,6-3.2,2,1907742775205109760,极兔快递,JT0015934341746,服饰,安徽省,
能源小区智慧社区服务站_站点-能源小区智慧社区服务站,能源小区智慧社区服务站,能源小区智慧社区服务站,快递,2025-04-03 18:30:58,,2,0.65,1,8.00,0.00,4.08,51% ,2,1907742595898613760,极兔快递,JT0015938901018,生活用品,山东省,
能源小区智慧社区服务站_站点-能源小区智慧社区服务站,能源小区智慧社区服务站,能源小区智慧社区服务站,快递,2025-04-03 18:27:09,,1,0.26,0,6.00,0.00,2.80,6-3.2,2,1907741635633684480,极兔快递,JT0015934806769,服饰,黑龙江省,
能源小区智慧社区服务站_站点-能源小区智慧社区服务站,能源小区智慧社区服务站,能源小区智慧社区服务站,快递,2025-04-03 18:25:51,,1,0.2,0,6.00,0.00,2.80,6-3.2,2,1907741302396231680,极兔快递,JT0015936643002,服饰,广东省,
能源小区智慧社区服务站_站点-能源小区智慧社区服务站,能源小区智慧社区服务站,能源小区智慧社区服务站,快递,2025-04-03 18:23:03,,1,0.6,0,6.00,0.00,2.80,6-3.2,2,1907740593315586048,极兔快递,JT0015938094996,服饰,广东省,
能源小区智慧社区服务站_站点-能源小区智慧社区服务站,能源小区智慧社区服务站,能源小区智慧社区服务站,快递,2025-04-03 18:21:49,,1,0.26,0,6.00,0.00,2.80,6-3.2,2,1907740295331258368,极兔快递,JT0015938182035,服饰,湖南省,
能源小区智慧社区服务站_站点-能源小区智慧社区服务站,能源小区智慧社区服务站,能源小区智慧社区服务站,快递,2025-04-03 18:20:43,,1,0.75,0,6.00,0.00,2.80,6-3.2,2,1907740014237392896,极兔快递,JT0015938737489,服饰,湖南省,
能源小区智慧社区服务站_站点-能源小区智慧社区服务站,能源小区智慧社区服务站,能源小区智慧社区服务站,快递,2025-04-03 18:19:28,,2,1.29,0,8.00,0.00,4.08,51% ,2,1907739704521596928,极兔快递,JT0015938662483,服饰,重庆市,
能源小区智慧社区服务站_站点-能源小区智慧社区服务站,能源小区智慧社区服务站,能源小区智慧社区服务站,快递,2025-04-03 18:18:19,,1,0.52,0,6.00,0.00,2.80,6-3.2,2,1907739413948604416,极兔快递,JT0015923236741,服饰,浙江省,
能源小区智慧社区服务站_站点-能源小区智慧社区服务站,能源小区智慧社区服务站,能源小区智慧社区服务站,快递,2025-04-03 18:16:50,,1,0.73,0,6.00,0.00,2.80,6-3.2,2,1907739036205391872,极兔快递,JT0015933717698,服饰,广西壮族自治区,
能源小区智慧社区服务站_站点-能源小区智慧社区服务站,能源小区智慧社区服务站,能源小区智慧社区服务站,快递,2025-04-03 18:15:11,,1,0.35,0,6.00,0.00,2.80,6-3.2,2,1907738624819666944,极兔快递,JT0015929930567,服饰,重庆市,
能源小区智慧社区服务站_站点-能源小区智慧社区服务站,能源小区智慧社区服务站,能源小区智慧社区服务站,快递,2025-04-03 18:13:50,,1,0.2,0,6.00,0.00,2.80,6-3.2,2,1907738286184144896,极兔快递,JT0015936775079,服饰,广东省,
能源小区智慧社区服务站_站点-能源小区智慧社区服务站,能源小区智慧社区服务站,能源小区智慧社区服务站,快递,2025-04-03 18:12:44,,1,0.31,0,6.00,0.00,2.80,6-3.2,2,1907738004696014848,极兔快递,JT0015938812136,服饰,河南省,
能源小区智慧社区服务站_站点-能源小区智慧社区服务站,能源小区智慧社区服务站,能源小区智慧社区服务站,快递,2025-04-03 18:11:51,,1,0.28,0,6.00,0.00,2.80,6-3.2,2,1907737785220669440,极兔快递,JT0015934204017,服饰,广东省,
能源小区智慧社区服务站_站点-能源小区智慧社区服务站,能源小区智慧社区服务站,能源小区智慧社区服务站,快递,2025-04-03 18:10:48,,1,1.03,-1,6.00,0.00,2.80,6-3.2,2,1907737520073547776,极兔快递,JT0015938317003,服饰,浙江省,
能源小区智慧社区服务站_站点-能源小区智慧社区服务站,能源小区智慧社区服务站,能源小区智慧社区服务站,快递,2025-04-03 18:09:36,,1,0.64,0,6.00,0.00,2.80,6-3.2,2,1907737215722266624,极兔快递,JT0015937288800,服饰,重庆市,
能源小区智慧社区服务站_站点-能源小区智慧社区服务站,能源小区智慧社区服务站,能源小区智慧社区服务站,快递,2025-04-03 18:08:20,,2,1.43,0,8.00,0.00,4.08,51% ,2,1907736900860059648,极兔快递,JT0015936040373,服饰,广西壮族自治区,
能源小区智慧社区服务站_站点-能源小区智慧社区服务站,能源小区智慧社区服务站,能源小区智慧社区服务站,快递,2025-04-03 18:07:16,,1,0.2,0,6.00,0.00,2.80,6-3.2,2,1907736632021950464,极兔快递,JT0015937049235,服饰,广西壮族自治区,
能源小区智慧社区服务站_站点-能源小区智慧社区服务站,能源小区智慧社区服务站,能源小区智慧社区服务站,快递,2025-04-03 18:06:01,,2,1.38,0,8.00,0.00,4.08,51% ,2,1907736314664132608,极兔快递,JT0015938259001,服饰,重庆市,
能源小区智慧社区服务站_站点-能源小区智慧社区服务站,能源小区智慧社区服务站,能源小区智慧社区服务站,快递,2025-04-03 17:50:57,,1,0.28,0,6.00,0.00,2.80,6-3.2,2,1907732523311112192,极兔快递,JT0015939098669,服饰,浙江省,
能源小区智慧社区服务站_站点-能源小区智慧社区服务站,能源小区智慧社区服务站,能源小区智慧社区服务站,干洗,2025-04-03 17:31:12,,,,,19.80,,5.94,30%,,1907727552184262656,干洗,,"高跟鞋   *   1",,
能源小区智慧社区服务站_站点-能源小区智慧社区服务站,能源小区智慧社区服务站,能源小区智慧社区服务站,快递,2025-04-03 16:57:41,,1,0.26,0,6.00,0.00,2.80,6-3.2,2,1907719116688138240,极兔快递,JT0015932970866,服饰,广东省,
能源小区智慧社区服务站_站点-能源小区智慧社区服务站,能源小区智慧社区服务站,能源小区智慧社区服务站,快递,2025-04-03 16:41:23,,1,0.27,0,6.00,0.00,2.80,6-3.2,2,1907715020652486656,极兔快递,JT0015936213131,服饰,辽宁省,
能源小区智慧社区服务站_站点-能源小区智慧社区服务站,能源小区智慧社区服务站,能源小区智慧社区服务站,快递,2025-04-03 16:32:14,,1,0.58,0,6.00,0.00,2.80,6-3.2,2,1907712709280604160,极兔快递,JT0015930550046,服饰,广东省,
能源小区智慧社区服务站_站点-能源小区智慧社区服务站,能源小区智慧社区服务站,能源小区智慧社区服务站,快递,2025-04-03 16:31:16,,1,0.21,0,6.00,0.00,2.80,6-3.2,2,1907712463871877120,极兔快递,JT0015933863079,服饰,湖北省,
能源小区智慧社区服务站_站点-能源小区智慧社区服务站,能源小区智慧社区服务站,能源小区智慧社区服务站,快递,2025-04-03 16:30:26,,1,0.2,0,6.00,0.00,2.80,6-3.2,2,1907712255440134144,极兔快递,JT0015935699084,服饰,浙江省,
能源小区智慧社区服务站_站点-能源小区智慧社区服务站,能源小区智慧社区服务站,能源小区智慧社区服务站,快递,2025-04-03 16:29:29,,1,0.2,0,6.00,0.00,2.80,6-3.2,2,1907712018428403712,极兔快递,JT0015936636236,服饰,广东省,
能源小区智慧社区服务站_站点-能源小区智慧社区服务站,能源小区智慧社区服务站,能源小区智慧社区服务站,快递,2025-04-03 16:28:38,,1,0.22,0,6.00,0.00,2.80,6-3.2,2,1907711811506610176,极兔快递,JT0015930255177,服饰,广东省,
能源小区智慧社区服务站_站点-能源小区智慧社区服务站,能源小区智慧社区服务站,能源小区智慧社区服务站,快递,2025-04-03 16:27:06,,1,0.2,0,6.00,0.00,2.80,6-3.2,2,1907711423831285760,极兔快递,JT0015935641443,服饰,广东省,
能源小区智慧社区服务站_站点-能源小区智慧社区服务站,能源小区智慧社区服务站,能源小区智慧社区服务站,快递,2025-04-03 16:24:51,,1,0.25,0,6.00,0.00,2.80,6-3.2,2,1907710853393358848,极兔快递,JT0015933150595,服饰,广东省,
能源小区智慧社区服务站_站点-能源小区智慧社区服务站,能源小区智慧社区服务站,能源小区智慧社区服务站,快递,2025-04-03 15:07:56,,1,0.2,0,6.00,0.00,2.80,6-3.2,2,1907691499779989504,极兔快递,JT0015934556134,生活用品,广东省,
能源小区智慧社区服务站_站点-能源小区智慧社区服务站,能源小区智慧社区服务站,能源小区智慧社区服务站,快递,2025-04-03 15:04:49,,1,0.39,0,6.00,0.00,2.80,6-3.2,2,1907690710571360256,极兔快递,JT0015934389370,服饰,江苏省,
能源小区智慧社区服务站_站点-能源小区智慧社区服务站,能源小区智慧社区服务站,能源小区智慧社区服务站,快递,2025-04-03 15:00:50,,1,0.6,0,6.00,0.00,2.80,6-3.2,2,1907689712050184192,极兔快递,JT0015934714768,服饰,河北省,
能源小区智慧社区服务站_站点-能源小区智慧社区服务站,能源小区智慧社区服务站,能源小区智慧社区服务站,快递,2025-04-03 14:45:44,,1,0.41,0,7.00,0.00,2.80,6-3.2,2,1907685909695504384,极兔快递,JT0015931114253,服饰,上海市,
能源小区智慧社区服务站_站点-能源小区智慧社区服务站,能源小区智慧社区服务站,能源小区智慧社区服务站,快递,2025-04-03 14:03:42,,1,0.44,0,7.00,0.00,2.80,6-3.2,2,1907675332117995520,极兔快递,JT0015932905470,生活用品,上海市,
能源小区智慧社区服务站_站点-能源小区智慧社区服务站,能源小区智慧社区服务站,能源小区智慧社区服务站,快递,2025-04-03 14:02:39,,1,0.74,0,6.00,0.00,2.80,6-3.2,2,1907675055302320128,极兔快递,JT0015932447538,生活用品,江西省,
能源小区智慧社区服务站_站点-能源小区智慧社区服务站,能源小区智慧社区服务站,能源小区智慧社区服务站,快递,2025-04-03 13:42:26,,4,2.28,1,12.00,0.00,6.00,50% ,2,1907669980622299136,极兔快递,JT0015932345136,生活用品,广东省,
能源小区智慧社区服务站_站点-能源小区智慧社区服务站,能源小区智慧社区服务站,能源小区智慧社区服务站,快递,2025-04-03 13:37:19,,1,0.92,0,6.00,0.00,2.80,6-3.2,2,1907668677246525440,极兔快递,JT0015927154157,服饰,广东省,
能源小区智慧社区服务站_站点-能源小区智慧社区服务站,能源小区智慧社区服务站,能源小区智慧社区服务站,快递,2025-04-03 13:35:52,,1,0.2,0,6.00,0.00,2.80,6-3.2,2,1907668328817303552,极兔快递,JT0015932613265,服饰,广东省,
能源小区智慧社区服务站_站点-能源小区智慧社区服务站,能源小区智慧社区服务站,能源小区智慧社区服务站,快递,2025-04-03 13:12:17,,1,0.62,0,6.00,0.00,2.80,6-3.2,2,1907662366890991616,极兔快递,JT0015928811221,生活用品,广东省,
能源小区智慧社区服务站_站点-能源小区智慧社区服务站,能源小区智慧社区服务站,能源小区智慧社区服务站,快递,2025-04-03 13:11:13,,1,0.33,0,6.00,0.00,2.80,6-3.2,2,1907662119473192960,极兔快递,JT0015925524200,服饰,浙江省,
能源小区智慧社区服务站_站点-能源小区智慧社区服务站,能源小区智慧社区服务站,能源小区智慧社区服务站,快递,2025-04-03 13:10:25,,1,0.2,0,6.00,0.00,2.80,6-3.2,2,1907661904154402816,极兔快递,JT0015928209434,服饰,广东省,
能源小区智慧社区服务站_站点-能源小区智慧社区服务站,能源小区智慧社区服务站,能源小区智慧社区服务站,快递,2025-04-03 12:52:11,,1,0.2,0,6.00,0.00,2.80,6-3.2,2,1907657333373870080,极兔快递,JT0015932713453,生活用品,浙江省,
能源小区智慧社区服务站_站点-能源小区智慧社区服务站,能源小区智慧社区服务站,能源小区智慧社区服务站,快递,2025-04-03 12:51:42,,1,0.2,0,6.00,0.00,2.80,6-3.2,2,1907657205174968320,极兔快递,JT0015928417229,生活用品,浙江省,
能源小区智慧社区服务站_站点-能源小区智慧社区服务站,能源小区智慧社区服务站,能源小区智慧社区服务站,快递,2025-04-03 12:50:42,,1,0.49,0,6.00,0.00,2.80,6-3.2,2,1907656898948833280,极兔快递,JT0015931165385,生活用品,浙江省,
能源小区智慧社区服务站_站点-能源小区智慧社区服务站,能源小区智慧社区服务站,能源小区智慧社区服务站,快递,2025-04-03 12:49:47,,1,0.58,0,6.00,0.00,2.80,6-3.2,2,1907656713191497728,极兔快递,JT0015931107493,生活用品,广东省,
能源小区智慧社区服务站_站点-能源小区智慧社区服务站,能源小区智慧社区服务站,能源小区智慧社区服务站,快递,2025-04-03 12:48:58,,1,0.55,0,6.00,0.00,2.80,6-3.2,2,1907656527857786880,极兔快递,JT0015932151633,生活用品,广东省,
能源小区智慧社区服务站_站点-能源小区智慧社区服务站,能源小区智慧社区服务站,能源小区智慧社区服务站,快递,2025-04-03 12:46:26,,1,0.26,0,6.00,0.00,2.80,6-3.2,2,1907655864222425088,极兔快递,JT0015930874846,生活用品,福建省,
能源小区智慧社区服务站_站点-能源小区智慧社区服务站,能源小区智慧社区服务站,能源小区智慧社区服务站,快递,2025-04-03 12:45:41,,1,0.2,0,6.00,0.00,2.80,6-3.2,2,1907655685977088000,极兔快递,JT0015916174926,生活用品,福建省,
能源小区智慧社区服务站_站点-能源小区智慧社区服务站,能源小区智慧社区服务站,能源小区智慧社区服务站,快递,2025-04-02 10:06:29,2025-04-03 04:43:52,1,,,6.00,,0.00,,2,1907253198069637120,韵达快递,312696684374398,生活用品,广东省,已全额退款
能源小区智慧社区服务站_站点-能源小区智慧社区服务站,能源小区智慧社区服务站,能源小区智慧社区服务站,快递,2025-04-03 12:41:54,,2,1.1,0,8.00,0.00,4.08,51% ,2,1907654749821018112,极兔快递,JT0015932842951,服饰,福建省,
能源小区智慧社区服务站_站点-能源小区智慧社区服务站,能源小区智慧社区服务站,能源小区智慧社区服务站,快递,2025-04-03 12:41:09,,1,0.2,0,6.00,0.00,2.80,6-3.2,2,1907654560901177344,极兔快递,JT0015929680148,服饰,广东省,
能源小区智慧社区服务站_站点-能源小区智慧社区服务站,能源小区智慧社区服务站,能源小区智慧社区服务站,快递,2025-04-02 20:21:11,,1,0.34,0,6.00,0.00,2.80,6-3.2,2,1907407945477070848,极兔快递,JT0015917623061,服饰,浙江省,
能源小区智慧社区服务站_站点-能源小区智慧社区服务站,能源小区智慧社区服务站,能源小区智慧社区服务站,快递,2025-04-02 20:06:50,,1,0.2,0,7.00,0.00,2.80,6-3.2,2,1907404334915330048,极兔快递,JT0015924597671,生活用品,上海市,
能源小区智慧社区服务站_站点-能源小区智慧社区服务站,能源小区智慧社区服务站,能源小区智慧社区服务站,快递,2025-04-02 20:05:19,,1,0.29,0,6.00,0.00,2.80,6-3.2,2,1907403955561504768,极兔快递,JT0015923189183,服饰,河北省,
能源小区智慧社区服务站_站点-能源小区智慧社区服务站,能源小区智慧社区服务站,能源小区智慧社区服务站,快递,2025-04-02 20:03:05,,1,0.35,0,6.00,0.00,2.52,42% ,2,1907403386956488704,韵达快递,312697399692721,服饰,广东省,
能源小区智慧社区服务站_站点-能源小区智慧社区服务站,能源小区智慧社区服务站,能源小区智慧社区服务站,快递,2025-04-02 20:01:28,,1,0.2,0,6.00,0.00,2.80,6-3.2,2,1907402984173281280,极兔快递,JT0015924610452,服饰,浙江省,
能源小区智慧社区服务站_站点-能源小区智慧社区服务站,能源小区智慧社区服务站,能源小区智慧社区服务站,快递,2025-04-02 19:59:29,,1,0.29,0,6.00,0.00,2.80,6-3.2,2,1907402478386356224,极兔快递,JT0015925982154,服饰,广东省,
能源小区智慧社区服务站_站点-能源小区智慧社区服务站,能源小区智慧社区服务站,能源小区智慧社区服务站,快递,2025-04-02 19:58:38,,1,0.47,0,6.00,0.00,2.80,6-3.2,2,1907402265034694656,极兔快递,JT0015923223565,服饰,广东省,
能源小区智慧社区服务站_站点-能源小区智慧社区服务站,能源小区智慧社区服务站,能源小区智慧社区服务站,快递,2025-04-02 19:57:48,,1,0.34,0,6.00,0.00,2.80,6-3.2,2,1907402052454785024,极兔快递,JT0015925025787,服饰,陕西省,
能源小区智慧社区服务站_站点-能源小区智慧社区服务站,能源小区智慧社区服务站,能源小区智慧社区服务站,快递,2025-04-02 19:57:02,,1,0.7,0,6.00,0.00,2.80,6-3.2,2,1907401859076399104,极兔快递,JT0015925349637,服饰,湖南省,
能源小区智慧社区服务站_站点-能源小区智慧社区服务站,能源小区智慧社区服务站,能源小区智慧社区服务站,快递,2025-04-02 19:56:13,,1,0.35,0,6.00,0.00,2.80,6-3.2,2,1907401662195769344,极兔快递,JT0015925702470,服饰,湖南省,
能源小区智慧社区服务站_站点-能源小区智慧社区服务站,能源小区智慧社区服务站,能源小区智慧社区服务站,快递,2025-04-02 19:55:08,,1,0.28,0,6.00,0.00,2.80,6-3.2,2,1907401390929158144,极兔快递,JT0015925369989,服饰,湖北省,
能源小区智慧社区服务站_站点-能源小区智慧社区服务站,能源小区智慧社区服务站,能源小区智慧社区服务站,快递,2025-04-02 19:54:25,,2,1.1,0,8.00,0.00,4.08,51% ,2,1907401208032337920,极兔快递,JT0015924605162,服饰,广西壮族自治区,
能源小区智慧社区服务站_站点-能源小区智慧社区服务站,能源小区智慧社区服务站,能源小区智慧社区服务站,快递,2025-04-02 19:52:39,,2,1.41,0,8.00,0.00,4.08,51% ,2,1907400748089155584,极兔快递,JT0015924952006,服饰,湖南省,
能源小区智慧社区服务站_站点-能源小区智慧社区服务站,能源小区智慧社区服务站,能源小区智慧社区服务站,快递,2025-04-02 19:51:49,,2,1.1,0,8.00,0.00,4.08,51% ,2,1907400551833477120,极兔快递,JT0015912962907,服饰,江苏省,
能源小区智慧社区服务站_站点-能源小区智慧社区服务站,能源小区智慧社区服务站,能源小区智慧社区服务站,快递,2025-04-02 19:50:44,,1,0.43,0,6.00,0.00,2.80,6-3.2,2,1907400282856955904,极兔快递,JT0015923210067,服饰,湖南省,
能源小区智慧社区服务站_站点-能源小区智慧社区服务站,能源小区智慧社区服务站,能源小区智慧社区服务站,快递,2025-04-02 19:49:18,,2,,,8.00,,4.08,51% ,2,1907399799715078144,极兔快递,JT0015924292074,服饰,浙江省,
能源小区智慧社区服务站_站点-能源小区智慧社区服务站,能源小区智慧社区服务站,能源小区智慧社区服务站,快递,2025-04-02 19:48:06,,2,1.12,0,8.00,0.00,4.08,51% ,2,1907399615245393920,极兔快递,JT0015923851108,服饰,浙江省,
能源小区智慧社区服务站_站点-能源小区智慧社区服务站,能源小区智慧社区服务站,能源小区智慧社区服务站,快递,2025-04-02 19:47:05,,1,0.5,0,6.00,0.00,2.80,6-3.2,2,1907399364144996352,极兔快递,JT0015922898394,服饰,广东省,
能源小区智慧社区服务站_站点-能源小区智慧社区服务站,能源小区智慧社区服务站,能源小区智慧社区服务站,快递,2025-04-02 19:24:25,,1,0.7,0,6.00,0.00,2.80,6-3.2,2,1907393649439350784,极兔快递,JT0015922830524,服饰,浙江省,
能源小区智慧社区服务站_站点-能源小区智慧社区服务站,能源小区智慧社区服务站,能源小区智慧社区服务站,快递,2025-04-02 19:23:49,,1,0.61,0,6.00,0.00,2.80,6-3.2,2,1907393506455527424,极兔快递,JT0015907731674,服饰,山东省,
能源小区智慧社区服务站_站点-能源小区智慧社区服务站,能源小区智慧社区服务站,能源小区智慧社区服务站,快递,2025-04-02 19:18:35,,1,0.41,0,6.00,0.00,2.80,6-3.2,2,1907392179562291200,极兔快递,JT0015923253574,服饰,广东省,
能源小区智慧社区服务站_站点-能源小区智慧社区服务站,能源小区智慧社区服务站,能源小区智慧社区服务站,快递,2025-04-02 19:17:59,,1,0.33,0,6.00,0.00,2.80,6-3.2,2,1907392035928350720,极兔快递,JT0015922313513,服饰,广东省,
能源小区智慧社区服务站_站点-能源小区智慧社区服务站,能源小区智慧社区服务站,能源小区智慧社区服务站,快递,2025-04-02 19:13:00,,1,0.26,0,6.00,0.00,2.80,6-3.2,2,1907390783353987072,极兔快递,JT0015896078061,服饰,湖北省,
能源小区智慧社区服务站_站点-能源小区智慧社区服务站,能源小区智慧社区服务站,能源小区智慧社区服务站,快递,2025-04-02 19:04:55,,1,0.9,0,6.00,0.00,2.52,42% ,2,1907388750492278784,韵达快递,312697355999810,服饰,江苏省,
能源小区智慧社区服务站_站点-能源小区智慧社区服务站,能源小区智慧社区服务站,能源小区智慧社区服务站,快递,2025-04-02 18:56:21,,1,0.2,0,6.00,0.00,2.80,6-3.2,2,1907386589112901632,极兔快递,JT0015918723860,生活用品,山西省,
能源小区智慧社区服务站_站点-能源小区智慧社区服务站,能源小区智慧社区服务站,能源小区智慧社区服务站,快递,2025-04-02 18:55:36,,1,0.2,0,6.00,0.00,2.80,6-3.2,2,1907386406887170048,极兔快递,JT0015923838315,生活用品,浙江省,
能源小区智慧社区服务站_站点-能源小区智慧社区服务站,能源小区智慧社区服务站,能源小区智慧社区服务站,快递,2025-04-02 18:27:07,,1,0.21,0,6.00,0.00,2.80,6-3.2,2,1907379232928636928,极兔快递,JT0015909409287,服饰,湖北省,
能源小区智慧社区服务站_站点-能源小区智慧社区服务站,能源小区智慧社区服务站,能源小区智慧社区服务站,快递,2025-04-02 18:26:29,,1,0.35,0,6.00,0.00,2.80,6-3.2,2,1907379073775771648,极兔快递,JT0015923819940,服饰,广东省,
能源小区智慧社区服务站_站点-能源小区智慧社区服务站,能源小区智慧社区服务站,能源小区智慧社区服务站,快递,2025-04-02 18:25:57,,1,0.31,0,6.00,0.00,2.80,6-3.2,2,1907378945778196480,极兔快递,JT0015918006451,服饰,广东省,
能源小区智慧社区服务站_站点-能源小区智慧社区服务站,能源小区智慧社区服务站,能源小区智慧社区服务站,快递,2025-04-02 17:49:45,,1,0.75,0,6.00,0.00,2.80,6-3.2,2,1907369829697527808,极兔快递,JT0015913966336,服饰,湖北省,
能源小区智慧社区服务站_站点-能源小区智慧社区服务站,能源小区智慧社区服务站,能源小区智慧社区服务站,快递,2025-04-02 17:49:09,,1,0.2,0,6.00,0.00,2.80,6-3.2,2,1907369680132841472,极兔快递,JT0015921339064,服饰,广东省,
能源小区智慧社区服务站_站点-能源小区智慧社区服务站,能源小区智慧社区服务站,能源小区智慧社区服务站,快递,2025-04-02 17:48:32,,1,0.63,0,6.00,0.00,2.80,6-3.2,2,1907369524301864960,极兔快递,JT0015921493998,服饰,广东省,
能源小区智慧社区服务站_站点-能源小区智慧社区服务站,能源小区智慧社区服务站,能源小区智慧社区服务站,快递,2025-04-02 17:47:42,,1,0.2,0,6.00,0.00,2.80,6-3.2,2,1907369317703032832,极兔快递,JT0015917295304,服饰,浙江省,
能源小区智慧社区服务站_站点-能源小区智慧社区服务站,能源小区智慧社区服务站,能源小区智慧社区服务站,快递,2025-04-02 17:47:01,,1,0.2,0,6.00,0.00,2.80,6-3.2,2,1907369138023243776,极兔快递,JT0015919209145,服饰,广东省,
能源小区智慧社区服务站_站点-能源小区智慧社区服务站,能源小区智慧社区服务站,能源小区智慧社区服务站,快递,2025-04-02 17:46:27,,1,0.46,0,6.00,0.00,2.80,6-3.2,2,1907369003658715136,极兔快递,JT0015916925772,服饰,浙江省,
能源小区智慧社区服务站_站点-能源小区智慧社区服务站,能源小区智慧社区服务站,能源小区智慧社区服务站,快递,2025-04-02 17:05:07,,1,0.2,0,6.00,0.00,2.80,6-3.2,2,1907358601201786880,极兔快递,JT0015921748678,服饰,广东省,
能源小区智慧社区服务站_站点-能源小区智慧社区服务站,能源小区智慧社区服务站,能源小区智慧社区服务站,快递,2025-04-02 16:51:03,,1,0.42,0,7.00,0.00,2.80,6-3.2,2,1907355058327724032,极兔快递,JT0015919424778,服饰,上海市,
能源小区智慧社区服务站_站点-能源小区智慧社区服务站,能源小区智慧社区服务站,能源小区智慧社区服务站,快递,2025-04-02 16:42:02,,1,0.45,0,6.00,0.00,2.80,6-3.2,2,1907352796326993920,极兔快递,JT0015922886445,服饰,浙江省,
能源小区智慧社区服务站_站点-能源小区智慧社区服务站,能源小区智慧社区服务站,能源小区智慧社区服务站,快递,2025-04-02 16:37:59,,1,0.32,0,6.00,0.00,2.80,6-3.2,2,1907351765849415680,极兔快递,JT0015920648591,服饰,湖北省,
能源小区智慧社区服务站_站点-能源小区智慧社区服务站,能源小区智慧社区服务站,能源小区智慧社区服务站,快递,2025-04-02 16:37:08,,1,0.62,0,6.00,0.00,2.80,6-3.2,2,1907351554372608000,极兔快递,JT0015922114486,生活用品,广东省,
能源小区智慧社区服务站_站点-能源小区智慧社区服务站,能源小区智慧社区服务站,能源小区智慧社区服务站,快递,2025-04-02 16:36:13,,1,0.43,0,6.00,0.00,2.80,6-3.2,2,1907351324772212736,极兔快递,JT0015916831389,服饰,广东省,
能源小区智慧社区服务站_站点-能源小区智慧社区服务站,能源小区智慧社区服务站,能源小区智慧社区服务站,快递,2025-04-02 16:35:18,,1,0.56,0,6.00,0.00,2.80,6-3.2,2,1907351096123924480,极兔快递,JT0015922506739,生活用品,浙江省,
能源小区智慧社区服务站_站点-能源小区智慧社区服务站,能源小区智慧社区服务站,能源小区智慧社区服务站,快递,2025-04-02 16:34:20,,1,0.2,0,6.00,0.00,2.80,6-3.2,2,1907350834625847296,极兔快递,JT0015922995163,生活用品,江西省,
能源小区智慧社区服务站_站点-能源小区智慧社区服务站,能源小区智慧社区服务站,能源小区智慧社区服务站,快递,2025-04-02 16:33:14,,1,0.5,0,6.00,0.00,2.80,6-3.2,2,1907350581285691392,极兔快递,JT0015922998276,生活用品,安徽省,
能源小区智慧社区服务站_站点-能源小区智慧社区服务站,能源小区智慧社区服务站,能源小区智慧社区服务站,快递,2025-04-02 15:57:11,,1,0.2,0,6.00,0.00,2.80,6-3.2,2,1907341481512476672,极兔快递,JT0015920306197,服饰,广东省,
能源小区智慧社区服务站_站点-能源小区智慧社区服务站,能源小区智慧社区服务站,能源小区智慧社区服务站,快递,2025-04-02 15:56:09,,1,0.64,0,6.00,0.00,2.80,6-3.2,2,1907341248435003392,极兔快递,JT0015921695844,服饰,广东省,
能源小区智慧社区服务站_站点-能源小区智慧社区服务站,能源小区智慧社区服务站,能源小区智慧社区服务站,快递,2025-04-02 15:55:05,,1,0.24,0,6.00,0.00,2.80,6-3.2,2,1907340971485110272,极兔快递,JT0015921858301,服饰,山东省,
能源小区智慧社区服务站_站点-能源小区智慧社区服务站,能源小区智慧社区服务站,能源小区智慧社区服务站,快递,2025-04-02 15:53:59,,1,0.2,0,6.00,0.00,2.80,6-3.2,2,1907340696506540032,极兔快递,JT0015919752669,服饰,广东省,
能源小区智慧社区服务站_站点-能源小区智慧社区服务站,能源小区智慧社区服务站,能源小区智慧社区服务站,快递,2025-04-02 14:59:18,,3,0.82,2,10.00,0.00,5.50,55% ,2,1907326940544180224,极兔快递,JT0015919603897,生活用品,湖南省,
能源小区智慧社区服务站_站点-能源小区智慧社区服务站,能源小区智慧社区服务站,能源小区智慧社区服务站,快递,2025-04-02 14:58:47,,2,0.8,1,8.00,0.00,4.08,51% ,2,1907326806603276288,极兔快递,JT0015920946251,生活用品,福建省,
能源小区智慧社区服务站_站点-能源小区智慧社区服务站,能源小区智慧社区服务站,能源小区智慧社区服务站,快递,2025-04-02 14:05:46,,9,8.4,0,27.00,9.00,13.50,50% ,2,1907313469685440512,极兔快递,JT0015917864034,服饰,陕西省,
能源小区智慧社区服务站_站点-能源小区智慧社区服务站,能源小区智慧社区服务站,能源小区智慧社区服务站,快递,2025-04-02 13:53:57,,1,0.3,0,6.00,0.00,2.80,6-3.2,2,1907310492572655616,极兔快递,JT0015918513233,服饰,浙江省,
能源小区智慧社区服务站_站点-能源小区智慧社区服务站,能源小区智慧社区服务站,能源小区智慧社区服务站,快递,2025-04-02 13:43:44,,2,2.03,-1,16.00,0.00,3.00,51% ,2,1907307922282192896,极兔快递,JT0015917355276,生活用品,内蒙古自治区,
能源小区智慧社区服务站_站点-能源小区智慧社区服务站,能源小区智慧社区服务站,能源小区智慧社区服务站,快递,2025-04-02 13:28:09,,1,0.2,0,6.00,0.00,2.80,6-3.2,2,1907303998934425600,极兔快递,JT0015916260373,服饰,广东省,
能源小区智慧社区服务站_站点-能源小区智慧社区服务站,能源小区智慧社区服务站,能源小区智慧社区服务站,干洗,2025-04-02 13:01:03,,,,,49.00,,14.70,30%,,1907297173388337152,干洗,,"清洗普通羽绒服2件不分长短49元   *   1
清洗普通羽绒服2件不分长短49元   *   1",,
能源小区智慧社区服务站_站点-能源小区智慧社区服务站,能源小区智慧社区服务站,能源小区智慧社区服务站,快递,2025-04-02 12:39:23,,2,1.69,0,8.00,0.00,4.08,51% ,2,1907291708440911872,极兔快递,JT0015918086887,生活用品,辽宁省,
能源小区智慧社区服务站_站点-能源小区智慧社区服务站,能源小区智慧社区服务站,能源小区智慧社区服务站,快递,2025-04-02 12:32:32,,1,0.48,0,6.00,0.00,2.80,6-3.2,2,1907289971533488128,极兔快递,JT0015917395408,生活用品,陕西省,
能源小区智慧社区服务站_站点-能源小区智慧社区服务站,能源小区智慧社区服务站,能源小区智慧社区服务站,快递,2025-04-02 12:31:48,,1,0.2,0,6.00,0.00,2.80,6-3.2,2,1907289818936320000,极兔快递,JT0015918081226,生活用品,浙江省,
能源小区智慧社区服务站_站点-能源小区智慧社区服务站,能源小区智慧社区服务站,能源小区智慧社区服务站,快递,2025-04-02 11:11:38,,1,0.64,0,6.00,0.00,2.80,6-3.2,2,1907269645726588928,极兔快递,JT0015916137441,生活用品,安徽省,
能源小区智慧社区服务站_站点-能源小区智慧社区服务站,能源小区智慧社区服务站,能源小区智慧社区服务站,快递,2025-04-02 11:08:49,,1,0.39,0,6.00,0.00,2.80,6-3.2,2,1907268936713052160,极兔快递,JT0015917093486,服饰,山东省,
能源小区智慧社区服务站_站点-能源小区智慧社区服务站,能源小区智慧社区服务站,能源小区智慧社区服务站,快递,2025-04-02 11:04:38,,1,0.42,0,10.00,0.00,2.80,6-3.2,2,1907267871183675392,极兔快递,JT0015916757631,服饰,内蒙古自治区,
能源小区智慧社区服务站_站点-能源小区智慧社区服务站,能源小区智慧社区服务站,能源小区智慧社区服务站,快递,2025-04-02 10:59:59,,1,0.2,0,6.00,0.00,2.80,6-3.2,2,1907266712066793472,极兔快递,JT0015915793684,服饰,陕西省,
能源小区智慧社区服务站_站点-能源小区智慧社区服务站,能源小区智慧社区服务站,能源小区智慧社区服务站,快递,2025-04-02 10:55:02,,1,0.49,0,6.00,0.00,2.80,6-3.2,2,1907265464622063616,极兔快递,JT0015909915098,服饰,湖南省,
能源小区智慧社区服务站_站点-能源小区智慧社区服务站,能源小区智慧社区服务站,能源小区智慧社区服务站,快递,2025-04-02 10:47:33,,1,0.42,0,6.00,0.00,2.80,6-3.2,2,1907263585578065920,极兔快递,JT0015911774275,服饰,江苏省,
能源小区智慧社区服务站_站点-能源小区智慧社区服务站,能源小区智慧社区服务站,能源小区智慧社区服务站,快递,2025-04-02 10:38:06,,1,0.2,0,6.00,0.00,2.80,6-3.2,2,1907261207550304256,极兔快递,JT0015914590828,服饰,广东省,
能源小区智慧社区服务站_站点-能源小区智慧社区服务站,能源小区智慧社区服务站,能源小区智慧社区服务站,快递,2025-04-02 10:37:19,,2,1.96,0,8.00,0.00,4.08,51% ,2,1907261005632315392,极兔快递,JT0015911636203,服饰,河南省,
能源小区智慧社区服务站_站点-能源小区智慧社区服务站,能源小区智慧社区服务站,能源小区智慧社区服务站,快递,2025-04-02 10:09:01,,1,0.54,0,6.00,0.00,2.52,42% ,2,1907253881544056832,韵达快递,312696685734787,生活用品,浙江省,
能源小区智慧社区服务站_站点-能源小区智慧社区服务站,能源小区智慧社区服务站,能源小区智慧社区服务站,快递,2025-04-02 10:08:14,2025-04-02 02:08:43,1,,,6.00,,0.00,,2,1907253684860559360,极兔快递,JT0015913209373,生活用品,浙江省,已全额退款
能源小区智慧社区服务站_站点-能源小区智慧社区服务站,能源小区智慧社区服务站,能源小区智慧社区服务站,快递,2025-04-01 20:20:43,,1,0.65,0,7.00,0.00,2.80,6-3.2,2,1907045441768988672,极兔快递,JT0015894741907,生活用品,上海市,
能源小区智慧社区服务站_站点-能源小区智慧社区服务站,能源小区智慧社区服务站,能源小区智慧社区服务站,快递,2025-04-01 20:19:18,,1,0.37,0,6.00,0.00,2.80,6-3.2,2,1907045055553282048,极兔快递,JT0015906687080,服饰,广东省,
能源小区智慧社区服务站_站点-能源小区智慧社区服务站,能源小区智慧社区服务站,能源小区智慧社区服务站,快递,2025-04-01 20:18:32,,1,0.2,0,6.00,0.00,2.80,6-3.2,2,1907044881661632512,极兔快递,JT0015910367620,服饰,浙江省,
能源小区智慧社区服务站_站点-能源小区智慧社区服务站,能源小区智慧社区服务站,能源小区智慧社区服务站,快递,2025-04-01 20:17:58,,1,0.71,0,6.00,0.00,2.80,6-3.2,2,1907044741924200448,极兔快递,JT0015910228521,服饰,浙江省,
能源小区智慧社区服务站_站点-能源小区智慧社区服务站,能源小区智慧社区服务站,能源小区智慧社区服务站,快递,2025-04-01 20:17:23,,1,0.65,0,6.00,0.00,2.80,6-3.2,2,1907044568833662976,极兔快递,JT0015911383043,服饰,浙江省,
能源小区智慧社区服务站_站点-能源小区智慧社区服务站,能源小区智慧社区服务站,能源小区智慧社区服务站,快递,2025-04-01 20:08:16,,1,0.22,0,6.00,0.00,2.80,6-3.2,2,1907042278634627072,极兔快递,JT0015906600289,生活用品,安徽省,
能源小区智慧社区服务站_站点-能源小区智慧社区服务站,能源小区智慧社区服务站,能源小区智慧社区服务站,快递,2025-04-01 20:02:45,,1,0.47,0,6.00,0.00,2.80,6-3.2,2,1907040921102000128,极兔快递,JT0015907948182,服饰,浙江省,
能源小区智慧社区服务站_站点-能源小区智慧社区服务站,能源小区智慧社区服务站,能源小区智慧社区服务站,快递,2025-04-01 20:00:02,,2,0.94,1,8.00,0.00,4.08,51% ,2,1907040233756237824,极兔快递,JT0015908271495,生活用品,陕西省,
能源小区智慧社区服务站_站点-能源小区智慧社区服务站,能源小区智慧社区服务站,能源小区智慧社区服务站,快递,2025-04-01 19:51:27,,2,1.4,0,8.00,0.00,4.08,51% ,2,1907038076382420992,极兔快递,JT0015909100362,生活用品,浙江省,
能源小区智慧社区服务站_站点-能源小区智慧社区服务站,能源小区智慧社区服务站,能源小区智慧社区服务站,快递,2025-04-01 19:50:57,,1,0.41,0,6.00,0.00,2.80,6-3.2,2,1907037950893039616,极兔快递,JT0015907576669,生活用品,江苏省,
能源小区智慧社区服务站_站点-能源小区智慧社区服务站,能源小区智慧社区服务站,能源小区智慧社区服务站,快递,2025-04-01 19:50:07,,3,1.85,1,10.00,0.00,5.50,55% ,2,1907037741106536448,极兔快递,JT0015909881395,生活用品,浙江省,
能源小区智慧社区服务站_站点-能源小区智慧社区服务站,能源小区智慧社区服务站,能源小区智慧社区服务站,快递,2025-04-01 19:49:37,,2,1.08,0,8.00,0.00,4.08,51% ,2,1907037612169437184,极兔快递,JT0015907841379,生活用品,广东省,
能源小区智慧社区服务站_站点-能源小区智慧社区服务站,能源小区智慧社区服务站,能源小区智慧社区服务站,快递,2025-04-01 19:49:06,,1,0.45,0,6.00,0.00,2.80,6-3.2,2,1907037481974046720,极兔快递,JT0015903459960,生活用品,广东省,
能源小区智慧社区服务站_站点-能源小区智慧社区服务站,能源小区智慧社区服务站,能源小区智慧社区服务站,快递,2025-04-01 19:44:22,,1,0.2,0,6.00,0.00,2.80,6-3.2,2,1907036289663442944,极兔快递,JT0015881762769,生活用品,河南省,
能源小区智慧社区服务站_站点-能源小区智慧社区服务站,能源小区智慧社区服务站,能源小区智慧社区服务站,快递,2025-04-01 19:42:49,,2,1.32,0,8.00,0.00,4.08,51% ,2,1907035902243971072,极兔快递,JT0015908922803,服饰,重庆市,
能源小区智慧社区服务站_站点-能源小区智慧社区服务站,能源小区智慧社区服务站,能源小区智慧社区服务站,快递,2025-04-01 19:41:13,,1,0.52,0,6.00,0.00,2.80,6-3.2,2,1907035490333958144,极兔快递,JT0015906990930,服饰,湖南省,
能源小区智慧社区服务站_站点-能源小区智慧社区服务站,能源小区智慧社区服务站,能源小区智慧社区服务站,快递,2025-04-01 19:40:25,,1,0.2,0,6.00,0.00,2.80,6-3.2,2,1907035299077890048,极兔快递,JT0015910308151,服饰,江苏省,
能源小区智慧社区服务站_站点-能源小区智慧社区服务站,能源小区智慧社区服务站,能源小区智慧社区服务站,快递,2025-04-01 19:39:18,,1,0.32,0,6.00,0.00,2.80,6-3.2,2,1907035017291964416,极兔快递,JT0015903156205,服饰,山西省,
能源小区智慧社区服务站_站点-能源小区智慧社区服务站,能源小区智慧社区服务站,能源小区智慧社区服务站,快递,2025-04-01 19:37:41,,1,0.95,0,6.00,0.00,2.80,6-3.2,2,1907034594384486400,极兔快递,JT0015902858334,服饰,湖南省,
能源小区智慧社区服务站_站点-能源小区智慧社区服务站,能源小区智慧社区服务站,能源小区智慧社区服务站,快递,2025-04-01 19:36:47,,1,0.2,0,6.00,0.00,2.80,6-3.2,2,1907034372149288960,极兔快递,JT0015909410843,服饰,浙江省,
能源小区智慧社区服务站_站点-能源小区智慧社区服务站,能源小区智慧社区服务站,能源小区智慧社区服务站,快递,2025-04-01 19:35:13,,1,0.38,0,7.00,0.00,2.80,6-3.2,2,1907033971601645568,极兔快递,JT0015910619175,服饰,北京市,
能源小区智慧社区服务站_站点-能源小区智慧社区服务站,能源小区智慧社区服务站,能源小区智慧社区服务站,快递,2025-04-01 19:32:39,,2,2.17,-1,8.00,0.00,4.08,51% ,2,1907033343034859520,极兔快递,JT0015910381728,服饰,安徽省,
能源小区智慧社区服务站_站点-能源小区智慧社区服务站,能源小区智慧社区服务站,能源小区智慧社区服务站,快递,2025-04-01 19:31:16,,3,2.83,0,10.00,0.00,5.50,55% ,2,1907032995977175040,极兔快递,JT0015910356814,服饰,广东省,
能源小区智慧社区服务站_站点-能源小区智慧社区服务站,能源小区智慧社区服务站,能源小区智慧社区服务站,快递,2025-04-01 19:29:55,,1,0.29,0,7.00,0.00,2.80,6-3.2,2,1907032652329459712,极兔快递,JT0015899526457,服饰,北京市,
能源小区智慧社区服务站_站点-能源小区智慧社区服务站,能源小区智慧社区服务站,能源小区智慧社区服务站,快递,2025-04-01 19:28:56,,1,0.79,0,6.00,0.00,2.80,6-3.2,2,1907032407801536512,极兔快递,JT0015910372382,服饰,贵州省,
能源小区智慧社区服务站_站点-能源小区智慧社区服务站,能源小区智慧社区服务站,能源小区智慧社区服务站,快递,2025-04-01 19:16:51,,1,0.24,0,6.00,0.00,2.80,6-3.2,2,1907029362476785664,极兔快递,JT0015910944753,服饰,浙江省,
能源小区智慧社区服务站_站点-能源小区智慧社区服务站,能源小区智慧社区服务站,能源小区智慧社区服务站,快递,2025-04-01 19:16:08,,1,0.42,0,6.00,0.00,2.80,6-3.2,2,1907029178892099584,极兔快递,JT0015903161951,服饰,广东省,
能源小区智慧社区服务站_站点-能源小区智慧社区服务站,能源小区智慧社区服务站,能源小区智慧社区服务站,快递,2025-04-01 19:15:31,,1,0.2,0,6.00,0.00,2.80,6-3.2,2,1907029007546392576,极兔快递,JT0015908865300,服饰,辽宁省,
能源小区智慧社区服务站_站点-能源小区智慧社区服务站,能源小区智慧社区服务站,能源小区智慧社区服务站,快递,2025-04-01 19:14:42,,1,0.35,0,6.00,0.00,2.80,6-3.2,2,1907028823785545728,极兔快递,JT0015910640755,服饰,河南省,
能源小区智慧社区服务站_站点-能源小区智慧社区服务站,能源小区智慧社区服务站,能源小区智慧社区服务站,快递,2025-04-01 19:07:41,,1,0.24,0,6.00,0.00,2.80,6-3.2,2,1907027062379192320,极兔快递,JT0015910710356,服饰,福建省,
能源小区智慧社区服务站_站点-能源小区智慧社区服务站,能源小区智慧社区服务站,能源小区智慧社区服务站,快递,2025-04-01 18:53:17,,1,0.2,0,6.00,0.00,2.80,6-3.2,2,1907023435962982400,极兔快递,JT0015910500485,生活用品,浙江省,
能源小区智慧社区服务站_站点-能源小区智慧社区服务站,能源小区智慧社区服务站,能源小区智慧社区服务站,快递,2025-04-01 18:51:31,,1,0.29,0,7.00,0.00,2.80,6-3.2,2,1907022991450644480,极兔快递,JT0015906045206,生活用品,北京市,
能源小区智慧社区服务站_站点-能源小区智慧社区服务站,能源小区智慧社区服务站,能源小区智慧社区服务站,快递,2025-04-01 18:50:42,,1,0.35,0,6.00,0.00,2.80,6-3.2,2,1907022604324773888,极兔快递,JT0015898227637,服饰,福建省,
能源小区智慧社区服务站_站点-能源小区智慧社区服务站,能源小区智慧社区服务站,能源小区智慧社区服务站,快递,2025-04-01 18:36:01,,1,0.2,0,6.00,0.00,2.80,6-3.2,2,1907019087333761024,极兔快递,JT0015909527757,生活用品,广东省,
能源小区智慧社区服务站_站点-能源小区智慧社区服务站,能源小区智慧社区服务站,能源小区智慧社区服务站,快递,2025-04-01 18:16:02,,1,0.28,0,6.00,0.00,2.80,6-3.2,2,1907014059793522688,极兔快递,JT0015909113698,服饰,江苏省,
能源小区智慧社区服务站_站点-能源小区智慧社区服务站,能源小区智慧社区服务站,能源小区智慧社区服务站,快递,2025-04-01 17:43:03,,1,0.5,0,6.00,0.00,2.80,6-3.2,2,1907005752659877888,极兔快递,JT0015908744977,生活用品,江西省,
能源小区智慧社区服务站_站点-能源小区智慧社区服务站,能源小区智慧社区服务站,能源小区智慧社区服务站,快递,2025-04-01 17:42:24,,1,0.42,0,6.00,0.00,2.80,6-3.2,2,1907005580412395520,极兔快递,JT0015908500563,服饰,广东省,
能源小区智慧社区服务站_站点-能源小区智慧社区服务站,能源小区智慧社区服务站,能源小区智慧社区服务站,快递,2025-04-01 17:21:42,,2,2.01,-1,8.00,0.00,4.08,51% ,2,1907000387020988416,极兔快递,JT0015907076103,服饰,陕西省,
能源小区智慧社区服务站_站点-能源小区智慧社区服务站,能源小区智慧社区服务站,能源小区智慧社区服务站,快递,2025-04-01 16:56:48,,1,0.45,0,6.00,0.00,2.80,6-3.2,2,1906994115215302656,极兔快递,JT0015905389675,服饰,江苏省,
能源小区智慧社区服务站_站点-能源小区智慧社区服务站,能源小区智慧社区服务站,能源小区智慧社区服务站,快递,2025-04-01 16:53:13,,1,0.82,0,6.00,0.00,2.80,6-3.2,2,1906993212575916032,极兔快递,JT0015906929312,生活用品,安徽省,
能源小区智慧社区服务站_站点-能源小区智慧社区服务站,能源小区智慧社区服务站,能源小区智慧社区服务站,快递,2025-04-01 16:52:32,,1,0.5,0,6.00,0.00,2.80,6-3.2,2,1906993041087602688,极兔快递,JT0015906666667,服饰,浙江省,
能源小区智慧社区服务站_站点-能源小区智慧社区服务站,能源小区智慧社区服务站,能源小区智慧社区服务站,快递,2025-04-01 16:51:52,,1,0.93,0,6.00,0.00,2.80,6-3.2,2,1906992864842948608,极兔快递,JT0015907233050,服饰,福建省,
能源小区智慧社区服务站_站点-能源小区智慧社区服务站,能源小区智慧社区服务站,能源小区智慧社区服务站,快递,2025-04-01 16:49:02,,1,0.25,0,6.00,0.00,2.80,6-3.2,2,1906992169402179584,极兔快递,JT0015906188289,服饰,广东省,
能源小区智慧社区服务站_站点-能源小区智慧社区服务站,能源小区智慧社区服务站,能源小区智慧社区服务站,快递,2025-04-01 16:47:48,,1,0.48,0,6.00,0.00,2.80,6-3.2,2,1906991851629125632,极兔快递,JT0015908929534,服饰,浙江省,
能源小区智慧社区服务站_站点-能源小区智慧社区服务站,能源小区智慧社区服务站,能源小区智慧社区服务站,快递,2025-04-01 16:46:37,,1,0.2,0,6.00,0.00,2.80,6-3.2,2,1906991558606659584,极兔快递,JT0015907400986,服饰,广东省,
能源小区智慧社区服务站_站点-能源小区智慧社区服务站,能源小区智慧社区服务站,能源小区智慧社区服务站,快递,2025-04-01 16:45:27,,1,0.57,0,6.00,0.00,2.80,6-3.2,2,1906991233560682496,极兔快递,JT0015906295643,服饰,广东省,
能源小区智慧社区服务站_站点-能源小区智慧社区服务站,能源小区智慧社区服务站,能源小区智慧社区服务站,快递,2025-04-01 16:44:08,,1,0.2,0,6.00,0.00,2.80,6-3.2,2,1906990930887122944,极兔快递,JT0015905172389,服饰,广东省,
能源小区智慧社区服务站_站点-能源小区智慧社区服务站,能源小区智慧社区服务站,能源小区智慧社区服务站,快递,2025-04-01 16:05:04,,2,1.23,0,8.00,0.00,4.08,51% ,2,1906981096435425280,极兔快递,JT0015907417002,服饰,广东省,
能源小区智慧社区服务站_站点-能源小区智慧社区服务站,能源小区智慧社区服务站,能源小区智慧社区服务站,快递,2025-04-01 16:04:28,,2,1.05,0,8.00,0.00,4.08,51% ,2,1906980947017539584,极兔快递,JT0015905749705,服饰,广东省,
能源小区智慧社区服务站_站点-能源小区智慧社区服务站,能源小区智慧社区服务站,能源小区智慧社区服务站,快递,2025-04-01 14:15:31,,1,0.72,0,6.00,0.00,2.80,6-3.2,2,1906953531461148672,极兔快递,JT0015904059981,服饰,江苏省,
能源小区智慧社区服务站_站点-能源小区智慧社区服务站,能源小区智慧社区服务站,能源小区智慧社区服务站,快递,2025-04-01 14:02:13,,1,0.22,0,6.00,0.00,2.80,6-3.2,2,1906950187153825792,极兔快递,JT0015903876583,服饰,浙江省,
能源小区智慧社区服务站_站点-能源小区智慧社区服务站,能源小区智慧社区服务站,能源小区智慧社区服务站,快递,2025-04-01 13:58:54,,1,0.45,0,6.00,0.00,2.80,6-3.2,2,1906949351208067072,极兔快递,JT0015903175408,服饰,广东省,
能源小区智慧社区服务站_站点-能源小区智慧社区服务站,能源小区智慧社区服务站,能源小区智慧社区服务站,快递,2025-04-01 13:56:23,,1,0.47,0,6.00,0.00,2.80,6-3.2,2,1906948713875185664,极兔快递,JT0015904815355,服饰,浙江省,
能源小区智慧社区服务站_站点-能源小区智慧社区服务站,能源小区智慧社区服务站,能源小区智慧社区服务站,快递,2025-04-01 13:55:50,,1,0.2,0,6.00,0.00,2.80,6-3.2,2,1906948568425111552,极兔快递,JT0015904391079,生活用品,浙江省,
能源小区智慧社区服务站_站点-能源小区智慧社区服务站,能源小区智慧社区服务站,能源小区智慧社区服务站,快递,2025-04-01 13:53:03,,2,1.5,0,8.00,0.00,4.08,51% ,2,1906947855850610688,极兔快递,JT0015899707024,服饰,浙江省,
能源小区智慧社区服务站_站点-能源小区智慧社区服务站,能源小区智慧社区服务站,能源小区智慧社区服务站,快递,2025-04-01 13:52:23,,2,1.2,0,8.00,0.00,4.08,51% ,2,1906947708504711168,极兔快递,JT0015904290698,服饰,浙江省,
能源小区智慧社区服务站_站点-能源小区智慧社区服务站,能源小区智慧社区服务站,能源小区智慧社区服务站,快递,2025-04-01 10:53:51,,1,0.68,0,6.00,0.00,2.80,6-3.2,2,1906902783008382976,极兔快递,JT0015898258995,服饰,广东省,
能源小区智慧社区服务站_站点-能源小区智慧社区服务站,能源小区智慧社区服务站,能源小区智慧社区服务站,快递,2025-04-01 10:51:36,,1,0.2,0,6.00,0.00,2.80,6-3.2,2,1906902215334502400,极兔快递,JT0015890239270,服饰,广东省,
能源小区智慧社区服务站_站点-能源小区智慧社区服务站,能源小区智慧社区服务站,能源小区智慧社区服务站,快递,2025-04-01 10:43:40,,1,0.47,0,6.00,0.00,2.80,6-3.2,2,1906900212990550016,极兔快递,JT0015889870344,服饰,广东省,
能源小区智慧社区服务站_站点-能源小区智慧社区服务站,能源小区智慧社区服务站,能源小区智慧社区服务站,快递,2025-04-01 10:37:10,,1,0.2,0,6.00,0.00,2.80,6-3.2,2,1906898581532123136,极兔快递,JT0015900324285,数码产品,广东省,
能源小区智慧社区服务站_站点-能源小区智慧社区服务站,能源小区智慧社区服务站,能源小区智慧社区服务站,快递,2025-04-01 10:16:49,,2,1.97,0,8.00,0.00,4.08,51% ,2,1906893463701102592,极兔快递,JT0015900621646,生活用品,山东省,
能源小区智慧社区服务站_站点-能源小区智慧社区服务站,能源小区智慧社区服务站,能源小区智慧社区服务站,快递,2025-04-01 10:08:37,,1,0.47,0,6.00,0.00,2.80,6-3.2,2,1906891391433908224,极兔快递,JT0015899553453,生活用品,河北省,
