姓名,付款人,用户(下单人),订单类型,日期,退款日期,打单重量,结算重量,重量差,金额,超重金额,团长利润,利润公式,价格方案,订单号,快递公司,物流单号,邮寄物品,发往,说明
郝悦_站点,合计金额:,4282.03,快递金额:, 3743.80,干洗金额:, 538.23,,,,,,,,,,,,,
郝悦_站点-兴延小区,兴延小区,兴延小区,快递,2025-04-30 19:56:31,,1,,,6.00,,2.80,6-3.2,1,1917548592757530624,极兔快递,JT0016361403805,服饰,广东省,
郝悦_站点-兴延小区,兴延小区,兴延小区,快递,2025-04-30 19:55:06,,1,,,6.00,,2.80,6-3.2,1,1917548233565724672,极兔快递,JT0016360914444,服饰,江苏省,
郝悦_站点-兴延小区,兴延小区,兴延小区,快递,2025-04-30 19:31:36,,1,,,6.00,,2.80,6-3.2,1,1917542321241251840,极兔快递,JT0016362126229,服饰2件,吉林省,
郝悦_站点-兴延小区,兴延小区,兴延小区,快递,2025-04-30 19:20:12,,1,,,6.00,,2.52,42% ,1,1917539390622326784,韵达快递,312730734319097,生活用品,湖南省,
郝悦_站点-兴延小区,兴延小区,兴延小区,快递,2025-04-30 19:19:04,,1,,,6.00,,2.52,42% ,1,1917539170673025024,韵达快递,312730733889844,生活用品,湖南省,
郝悦_站点-兴延小区,兴延小区,兴延小区,快递,2025-04-30 19:17:57,,1,,,6.00,,2.52,42% ,1,1917538768816758784,韵达快递,312730733765334,生活用品,湖南省,
郝悦_站点-兴延小区,兴延小区,兴延小区,快递,2025-04-30 19:15:59,,1,,,6.00,,2.80,6-3.2,1,1917538397507608576,极兔快递,JT0016357832549,生活用品,湖南省,
郝悦_站点-兴延小区,兴延小区,兴延小区,快递,2025-04-30 19:11:35,,1,,,6.00,,2.80,6-3.2,1,1917537282669993984,极兔快递,JT0016362013605,生活用品,湖南省,
郝悦_站点-兴延小区,兴延小区,兴延小区,快递,2025-04-30 18:52:25,,1,,,7.00,,2.80,6-3.2,1,1917532459472052224,极兔快递,JT0016358454254,生活用品,上海市,
郝悦_站点-兴延小区,兴延小区,兴延小区,快递,2025-04-30 18:39:59,,1,,,6.00,,2.80,6-3.2,1,1917529328923238400,极兔快递,JT0016361976365,服饰,广东省,
郝悦_站点-兴延小区,兴延小区,兴延小区,快递,2025-04-30 18:38:56,,1,,,6.00,,2.80,6-3.2,1,1917529074500952064,极兔快递,JT0016361375878,生活用品,广东省,
郝悦_站点-兴延小区,兴延小区,兴延小区,快递,2025-04-30 18:37:41,,1,,,6.00,,2.80,6-3.2,1,1917528756623040512,极兔快递,JT0016352350576,生活用品,广东省,
郝悦_站点-兴延小区,兴延小区,兴延小区,快递,2025-04-30 18:18:25,,1,,,6.00,,2.80,6-3.2,1,1917523904949968896,极兔快递,JT0016359056917,生活用品,江苏省,
郝悦_站点-兴延小区,兴延小区,兴延小区,快递,2025-04-30 18:05:17,,1,,,6.00,,2.80,6-3.2,1,1917520597175033856,极兔快递,JT0016358950442,服饰,湖北省,
郝悦_站点-兴延小区,兴延小区,兴延小区,快递,2025-04-30 17:21:59,,2,,,7.00,,3.01,43% ,1,1917509706362707968,极兔快递,JT0016359661945,服饰包包,广东省,
郝悦_站点-兴延小区,兴延小区,兴延小区,快递,2025-04-30 15:40:15,,1,,,6.00,,2.80,6-3.2,1,1917484104767299584,极兔快递,JT0016355034273,生活用品,山东省,
郝悦_站点-兴延小区,兴延小区,兴延小区,快递,2025-04-30 15:23:03,2025-04-30 07:36:36,1,,,6.00,,0.00,,1,1917479776673390592,极兔快递,,文件,陕西省,已全额退款
郝悦_站点-兴延小区,兴延小区,兴延小区,快递,2025-04-30 15:16:19,,2,,,7.00,,3.01,43% ,1,1917478077690863616,极兔快递,JT0016356586865,服饰鞋,福建省,
郝悦_站点-兴延小区,兴延小区,兴延小区,快递,2025-04-30 14:35:26,,1,,,6.00,,2.80,6-3.2,1,1917467786127138816,极兔快递,JT0016355291820,生活用品,浙江省,
郝悦_站点-兴延小区,兴延小区,兴延小区,快递,2025-04-30 14:34:47,,1,,,6.00,,2.80,6-3.2,1,1917467629033676800,极兔快递,JT0016349424028,服饰2件,浙江省,
郝悦_站点-兴延小区,兴延小区,兴延小区,快递,2025-04-30 14:33:33,,1,,,6.00,,2.80,6-3.2,1,1917467319028473856,极兔快递,JT0016353207531,服饰,广东省,
郝悦_站点-兴延小区,兴延小区,兴延小区,快递,2025-04-30 14:31:26,,1,,,6.00,,2.80,6-3.2,1,1917466782094647296,极兔快递,JT0016354374652,生活用品,浙江省,
郝悦_站点-兴延小区,兴延小区,兴延小区,快递,2025-04-30 14:26:35,,1,,,6.00,,2.80,6-3.2,1,1917465560197423104,极兔快递,JT0016355254823,服饰,河南省,
郝悦_站点-兴延小区,兴延小区,兴延小区,快递,2025-04-30 14:25:32,,1,,,6.00,,2.80,6-3.2,1,1917465304571371520,极兔快递,JT0016355179710,服饰,安徽省,
郝悦_站点-兴延小区,兴延小区,兴延小区,快递,2025-04-30 14:23:50,,1,,,6.00,,2.80,6-3.2,1,1917464875234025472,极兔快递,JT0016353157782,服饰3件,河北省,
郝悦_站点-兴延小区,兴延小区,兴延小区,快递,2025-04-30 12:00:47,,1,,,6.00,,2.80,6-3.2,1,1917428860150669312,极兔快递,JT0016352230064,服饰,广东省,
郝悦_站点-兴延小区,兴延小区,兴延小区,快递,2025-04-30 11:59:17,,1,,,6.00,,2.80,6-3.2,1,1917428483497975808,极兔快递,JT0016352135443,生活用品,广东省,
郝悦_站点-兴延小区,兴延小区,兴延小区,快递,2025-04-30 11:58:13,,1,,,6.00,,2.80,6-3.2,1,1917428225443422208,极兔快递,JT0016349262282,生活用品,安徽省,
郝悦_站点-兴延小区,兴延小区,兴延小区,快递,2025-04-30 10:17:08,,1,0.2,0,6.00,0.00,2.80,6-3.2,1,1917402788843544576,极兔快递,JT0016349304722,服饰,广东省,
郝悦_站点-兴延小区,兴延小区,兴延小区,快递,2025-04-30 10:15:05,,1,0.54,0,6.00,0.00,2.80,6-3.2,1,1917402270565982208,极兔快递,JT0016346952228,服饰,广东省,
郝悦_站点-兴延小区,兴延小区,兴延小区,快递,2025-04-29 21:34:19,,1,0.49,0,6.00,0.00,2.80,6-3.2,1,1917210818670026752,极兔快递,JT0016345624632,服饰,浙江省,
郝悦_站点-兴延小区,兴延小区,兴延小区,快递,2025-04-29 21:27:24,,1,0.39,0,6.00,0.00,2.80,6-3.2,1,1917209082031038464,极兔快递,JT0016341230797,文件,江苏省,
郝悦_站点-兴延小区,兴延小区,兴延小区,快递,2025-04-29 21:25:19,,1,0.69,0,6.00,0.00,2.80,6-3.2,1,1917208556996452352,极兔快递,JT0016344949442,文件,江苏省,
郝悦_站点-兴延小区,兴延小区,兴延小区,快递,2025-04-29 21:23:25,,2,2.06,-1,7.00,0.00,3.01,43% ,1,1917208073967820800,极兔快递,JT0016343232801,文件,浙江省,
郝悦_站点-兴延小区,兴延小区,兴延小区,快递,2025-04-29 21:06:18,,1,0.25,0,6.00,0.00,2.80,6-3.2,1,1917203766023348224,极兔快递,JT0016345767059,服饰,浙江省,
郝悦_站点-兴延小区,兴延小区,兴延小区,快递,2025-04-29 21:05:32,,1,0.2,0,6.00,0.00,2.80,6-3.2,1,1917203575635501056,极兔快递,JT0016342864045,服饰,湖北省,
郝悦_站点-兴延小区,兴延小区,兴延小区,快递,2025-04-29 21:04:20,,1,0.35,0,6.00,0.00,2.80,6-3.2,1,1917203265701601280,极兔快递,JT0016346109546,服饰,广东省,
郝悦_站点-兴延小区,兴延小区,兴延小区,快递,2025-04-29 20:52:27,,1,0.25,0,6.00,0.00,2.80,6-3.2,1,1917200274365931520,极兔快递,JT0016342579399,服饰,河北省,
郝悦_站点-兴延小区,兴延小区,兴延小区,快递,2025-04-29 20:45:39,,1,0.49,0,6.00,0.00,2.80,6-3.2,1,1917198561089216512,极兔快递,JT0016345520376,服饰,广东省,
郝悦_站点-兴延小区,兴延小区,兴延小区,快递,2025-04-29 20:44:48,,1,0.24,0,6.00,0.00,2.80,6-3.2,1,1917198350870700032,极兔快递,JT0016338729692,服饰,广东省,
郝悦_站点-兴延小区,兴延小区,兴延小区,快递,2025-04-29 20:44:07,,1,0.29,0,6.00,0.00,2.80,6-3.2,1,1917198177041965056,极兔快递,JT0016342332838,服饰,广东省,
郝悦_站点-兴延小区,兴延小区,兴延小区,快递,2025-04-29 20:43:10,,1,0.69,0,6.00,0.00,2.80,6-3.2,1,1917197941976391680,极兔快递,JT0016344444819,服饰,广东省,
郝悦_站点-兴延小区,兴延小区,兴延小区,快递,2025-04-29 20:41:47,,1,0.61,0,6.00,0.00,2.80,6-3.2,1,1917197600740401152,极兔快递,JT0016338546349,服饰3件,广东省,
郝悦_站点-兴延小区,兴延小区,兴延小区,快递,2025-04-29 20:37:49,,1,0.33,0,6.00,0.00,2.80,6-3.2,1,1917196600205959168,极兔快递,JT0016344868379,服饰,广东省,
郝悦_站点-兴延小区,兴延小区,兴延小区,快递,2025-04-29 20:34:04,,1,,,6.00,,2.80,6-3.2,1,1917195656311398400,极兔快递,JT0016343525743,生活用品,湖北省,
郝悦_站点-兴延小区,兴延小区,兴延小区,快递,2025-04-29 20:14:31,,1,0.56,0,6.00,0.00,2.80,6-3.2,1,1917190727517659136,极兔快递,JT0016344302713,服饰,广东省,
郝悦_站点-兴延小区,兴延小区,兴延小区,快递,2025-04-29 20:09:36,,1,0.61,0,6.00,0.00,2.80,6-3.2,1,1917189496640430080,极兔快递,JT0016344056240,服饰,广东省,
郝悦_站点-兴延小区,兴延小区,兴延小区,快递,2025-04-29 20:05:18,,1,0.38,0,6.00,0.00,2.80,6-3.2,1,1917188420398800896,极兔快递,JT0016344487204,服饰,广东省,
郝悦_站点-兴延小区,兴延小区,兴延小区,快递,2025-04-29 19:56:35,,1,0.51,0,6.00,0.00,2.80,6-3.2,1,1917186211607011328,极兔快递,JT0016344377665,服饰,江西省,
郝悦_站点-兴延小区,兴延小区,兴延小区,快递,2025-04-29 19:47:21,,1,0.65,0,6.00,0.00,2.80,6-3.2,1,1917183891322232832,极兔快递,JT0016340705988,服饰鞋,江苏省,
郝悦_站点-兴延小区,兴延小区,兴延小区,快递,2025-04-29 19:44:41,,1,0.77,0,6.00,0.00,2.80,6-3.2,1,1917183206484664320,极兔快递,JT0016345015442,服饰鞋,辽宁省,
郝悦_站点-兴延小区,兴延小区,兴延小区,快递,2025-04-29 19:42:20,,1,0.2,0,6.00,0.00,2.80,6-3.2,1,1917182637216948224,极兔快递,JT0016337730775,服饰,广东省,
郝悦_站点-兴延小区,兴延小区,兴延小区,快递,2025-04-29 19:40:29,,1,0.28,0,6.00,0.00,2.80,6-3.2,1,1917182169212313600,极兔快递,JT0016337715212,服饰,浙江省,
郝悦_站点-兴延小区,兴延小区,兴延小区,快递,2025-04-29 19:34:11,,1,0.2,0,6.00,0.00,2.80,6-3.2,1,1917180589197025280,极兔快递,JT0016338854066,服饰,广东省,
郝悦_站点-兴延小区,兴延小区,兴延小区,快递,2025-04-29 19:30:43,,1,0.33,0,6.00,0.00,2.80,6-3.2,1,1917179713090805760,极兔快递,JT0016345070787,服饰,山东省,
郝悦_站点-兴延小区,兴延小区,兴延小区,快递,2025-04-29 19:28:17,,1,0.32,0,6.00,0.00,2.80,6-3.2,1,1917179101376733184,极兔快递,JT0016343557316,服饰,广东省,
郝悦_站点-兴延小区,兴延小区,兴延小区,快递,2025-04-29 19:25:48,,1,0.42,0,6.00,0.00,2.80,6-3.2,1,1917178474185678848,极兔快递,JT0016344392778,生活用品,浙江省,
郝悦_站点-兴延小区,兴延小区,兴延小区,快递,2025-04-29 19:15:52,,1,0.2,0,6.00,0.00,2.80,6-3.2,1,1917175969301192704,极兔快递,JT0016342799705,服饰,广东省,
郝悦_站点-兴延小区,兴延小区,兴延小区,快递,2025-04-29 19:11:34,,1,0.2,0,6.00,0.00,2.80,6-3.2,1,1917174891012743168,极兔快递,JT0016342340431,服饰,广东省,
郝悦_站点-兴延小区,兴延小区,兴延小区,快递,2025-04-29 19:09:10,,1,0.2,0,6.00,0.00,2.80,6-3.2,1,1917174283425865728,极兔快递,JT0016343310605,服饰,广东省,
郝悦_站点-兴延小区,兴延小区,兴延小区,快递,2025-04-29 18:28:41,,7,6.25,0,17.50,6.00,7.00,40% ,1,1917164105594888192,极兔快递,JT0016335006456,生活用品,浙江省,
郝悦_站点-兴延小区,兴延小区,兴延小区,快递,2025-04-29 17:48:21,,1,0.29,0,6.00,0.00,2.80,6-3.2,1,1917153933535272960,极兔快递,JT0016341050963,服饰3件,广东省,
郝悦_站点-兴延小区,兴延小区,兴延小区,快递,2025-04-29 17:47:16,,1,0.35,0,6.00,0.00,2.80,6-3.2,1,1917153681755398144,极兔快递,JT0016342144773,服饰,江苏省,
郝悦_站点-兴延小区,兴延小区,兴延小区,快递,2025-04-29 17:27:38,,2,1.34,0,7.00,0.00,3.01,43% ,1,1917148741737701376,极兔快递,JT0016342945152,生活用品,广东省,
郝悦_站点-兴延小区,兴延小区,兴延小区,快递,2025-04-29 16:15:28,2025-04-29 09:19:42,1,,,6.00,,0.00,,1,1917130579218587648,极兔快递,JT0016339346318,服饰包包,河北省,已全额退款
郝悦_站点-兴延小区,兴延小区,兴延小区,快递,2025-04-29 17:11:58,,1,0.57,0,6.00,0.00,2.80,6-3.2,1,1917144798693482496,极兔快递,JT0016332152160,生活用品,浙江省,
郝悦_站点-兴延小区,兴延小区,兴延小区,快递,2025-04-29 17:10:33,,3,2.73,0,8.00,0.00,3.60,45% ,1,1917144440567029760,极兔快递,JT0016342006039,生活用品,贵州省,
郝悦_站点-兴延小区,兴延小区,兴延小区,快递,2025-04-29 16:59:27,,2,2.01,-1,7.00,0.00,3.01,43% ,1,1917141644857892864,极兔快递,JT0016341612327,服饰鞋,四川省,
郝悦_站点-兴延小区,兴延小区,兴延小区,快递,2025-04-29 16:58:23,,2,1.44,0,7.00,0.00,3.01,43% ,1,1917141383133323264,极兔快递,JT0016340743790,服饰鞋,广东省,
郝悦_站点-兴延小区,兴延小区,兴延小区,快递,2025-04-29 16:57:02,,3,2.12,0,8.00,0.00,3.60,45% ,1,1917141038780964864,极兔快递,JT0016338675347,服饰鞋,四川省,
郝悦_站点-兴延小区,兴延小区,兴延小区,快递,2025-04-29 16:55:42,,1,0.7,0,6.00,0.00,2.80,6-3.2,1,1917140706294292480,极兔快递,JT0016340589984,服饰3件,广东省,
郝悦_站点-兴延小区,兴延小区,兴延小区,快递,2025-04-29 16:54:43,,2,1.79,0,7.00,0.00,3.01,43% ,1,1917140454959013888,极兔快递,JT0016333261111,服饰鞋,四川省,
郝悦_站点-兴延小区,兴延小区,兴延小区,快递,2025-04-29 16:34:41,,1,0.96,0,6.00,0.00,2.80,6-3.2,1,1917135413057478656,极兔快递,JT0016338520787,生活用品,湖北省,
郝悦_站点-兴延小区,兴延小区,兴延小区,快递,2025-04-29 16:24:23,,1,0.22,0,6.00,0.00,2.80,6-3.2,1,1917132818855288832,极兔快递,JT0016340888665,生活用品,浙江省,
郝悦_站点-兴延小区,兴延小区,兴延小区,快递,2025-04-29 16:23:46,,1,0.63,0,6.00,0.00,2.80,6-3.2,1,1917132657961787392,极兔快递,JT0016339526386,服饰,广东省,
郝悦_站点-兴延小区,兴延小区,兴延小区,快递,2025-04-29 16:23:04,,1,0.67,0,6.00,0.00,2.80,6-3.2,1,1917132491535998976,极兔快递,JT0016338482271,服饰,广东省,
郝悦_站点-兴延小区,兴延小区,兴延小区,快递,2025-04-29 15:54:10,,1,0.47,0,6.00,0.00,2.80,6-3.2,1,1917125218008883200,极兔快递,JT0016337680460,服饰,广东省,
郝悦_站点-兴延小区,兴延小区,兴延小区,快递,2025-04-29 15:49:34,,1,0.21,0,6.00,0.00,2.80,6-3.2,1,1917124007503388672,极兔快递,JT0016337598297,服饰,湖南省,
郝悦_站点-兴延小区,兴延小区,兴延小区,快递,2025-04-29 15:42:40,,1,0.48,0,6.00,0.00,2.80,6-3.2,1,1917122323087679488,极兔快递,JT0016334087214,服饰一套,山东省,
郝悦_站点-兴延小区,兴延小区,兴延小区,快递,2025-04-29 15:30:03,,1,0.92,0,6.00,0.00,2.80,6-3.2,1,1917119140659519488,极兔快递,JT0016339789559,服饰,江苏省,
郝悦_站点-兴延小区,兴延小区,兴延小区,快递,2025-04-29 15:16:04,,1,0.52,0,6.00,0.00,2.80,6-3.2,1,1917115626935869440,极兔快递,JT0016333326550,服饰,广东省,
郝悦_站点-兴延小区,兴延小区,兴延小区,快递,2025-04-29 14:51:57,,1,1.27,-1,6.00,0.00,2.80,6-3.2,1,1917109561297002496,极兔快递,JT0016332433147,生活用品,浙江省,
郝悦_站点-兴延小区,兴延小区,兴延小区,快递,2025-04-29 14:45:13,,1,0.26,0,6.00,0.00,2.80,6-3.2,1,1917107865875439616,极兔快递,JT0016339045223,生活用品,广东省,
郝悦_站点-兴延小区,兴延小区,兴延小区,快递,2025-04-29 14:41:59,,1,0.33,0,6.00,0.00,2.80,6-3.2,1,1917107052134326272,极兔快递,JT0016338569876,服饰帽子,浙江省,
郝悦_站点-兴延小区,兴延小区,兴延小区,快递,2025-04-29 14:40:51,,1,0.2,0,6.00,0.00,2.80,6-3.2,1,1917106766112153600,极兔快递,JT0016336832388,服饰帽子,福建省,
郝悦_站点-兴延小区,兴延小区,兴延小区,快递,2025-04-29 14:32:18,,1,0.58,0,6.00,0.00,2.52,42% ,1,1917104617244385280,韵达快递,312729092789659,文件,内蒙古自治区,
郝悦_站点-兴延小区,兴延小区,兴延小区,快递,2025-04-29 14:28:00,,1,0.2,0,6.00,0.00,2.80,6-3.2,1,1917103528033968128,极兔快递,JT0016330284365,服饰,湖北省,
郝悦_站点-兴延小区,兴延小区,兴延小区,快递,2025-04-29 14:17:32,,1,0.2,0,6.00,0.00,2.80,6-3.2,1,1917100893251887104,极兔快递,JT0016333895264,服饰,广东省,
郝悦_站点-兴延小区,兴延小区,兴延小区,快递,2025-04-29 14:16:46,,1,0.2,0,6.00,0.00,2.80,6-3.2,1,1917100703136669696,极兔快递,JT0016323087969,服饰,广东省,
郝悦_站点-兴延小区,兴延小区,兴延小区,干洗,2025-04-29 08:31:34,,,,,49.00,,14.70,30%,,1917013831039377408,干洗,,"清洗普通羽绒服2件不分长短49元   *   1
清洗普通羽绒服2件不分长短49元   *   1",,
郝悦_站点-兴延小区,兴延小区,兴延小区,快递,2025-04-29 08:20:06,,1,1.01,-1,6.00,0.00,2.80,6-3.2,1,1917010940765462528,极兔快递,JT0016326424239,生活用品,广东省,
郝悦_站点-兴延小区,兴延小区,兴延小区,快递,2025-04-29 08:08:37,,1,0.21,0,6.00,0.00,2.80,6-3.2,1,1917008045424828416,极兔快递,JT0016327828358,服饰,广东省,
郝悦_站点-兴延小区,兴延小区,兴延小区,快递,2025-04-29 08:07:33,,1,0.22,0,6.00,0.00,2.80,6-3.2,1,1917007786053263360,极兔快递,JT0016329558509,服饰,辽宁省,
郝悦_站点-兴延小区,兴延小区,兴延小区,快递,2025-04-29 08:06:55,,1,0.2,0,6.00,0.00,2.80,6-3.2,1,1917007631694487552,极兔快递,JT0016327306908,服饰,广东省,
郝悦_站点-兴延小区,兴延小区,兴延小区,快递,2025-04-29 08:06:08,,2,1.34,0,7.00,0.00,3.01,43% ,1,1917007435573026816,极兔快递,JT0016324088157,服饰2件,广东省,
郝悦_站点-兴延小区,兴延小区,兴延小区,快递,2025-04-29 08:04:48,,1,0.56,0,6.00,0.00,2.80,6-3.2,1,1917007098158047232,极兔快递,JT0016318365200,服饰,广东省,
郝悦_站点-兴延小区,兴延小区,兴延小区,快递,2025-04-28 22:02:12,,1,0.2,0,6.00,0.00,2.80,6-3.2,1,1916855449670180864,极兔快递,JT0016313539656,服饰2件,广东省,
郝悦_站点-兴延小区,兴延小区,兴延小区,快递,2025-04-28 22:01:05,,1,0.2,0,6.00,0.00,2.80,6-3.2,1,1916855166999257088,极兔快递,JT0016326467474,服饰2件,广东省,
郝悦_站点-兴延小区,兴延小区,兴延小区,快递,2025-04-28 21:58:08,,1.6,1.1,0,7.00,0.00,3.01,43% ,1,1916854426394222592,极兔快递,JT0016327950769,服饰鞋,云南省,
郝悦_站点-兴延小区,兴延小区,兴延小区,快递,2025-04-28 21:55:05,,1,0.33,0,6.00,0.00,2.80,6-3.2,1,1916853658417160192,极兔快递,JT0016323959148,服饰,江苏省,
郝悦_站点-兴延小区,兴延小区,兴延小区,快递,2025-04-28 21:51:37,,1,0.51,0,6.00,0.00,2.80,6-3.2,1,1916852775973347328,极兔快递,JT0016323891396,服饰2件,山东省,
郝悦_站点-兴延小区,兴延小区,兴延小区,快递,2025-04-28 21:42:17,,1,0.23,0,6.00,0.00,2.80,6-3.2,1,1916850434222120960,极兔快递,JT0016326116990,服饰2件,福建省,
郝悦_站点-兴延小区,兴延小区,兴延小区,快递,2025-04-28 21:40:12,,1,0.2,0,6.00,0.00,2.80,6-3.2,1,1916849912211628032,极兔快递,JT0016326570832,服饰,福建省,
郝悦_站点-兴延小区,兴延小区,兴延小区,快递,2025-04-28 21:32:03,,1,0.83,0,7.00,0.00,2.80,6-3.2,1,1916847859338895360,极兔快递,JT0016325959154,服饰3件,上海市,
郝悦_站点-兴延小区,兴延小区,兴延小区,快递,2025-04-28 21:29:06,,1,0.41,0,6.00,0.00,2.80,6-3.2,1,1916847112824086528,极兔快递,JT0016324104191,服饰,河北省,
郝悦_站点-兴延小区,兴延小区,兴延小区,快递,2025-04-28 21:28:23,,1,0.2,0,6.00,0.00,2.80,6-3.2,1,1916846927557484544,极兔快递,JT0016327932109,服饰,广东省,
郝悦_站点-兴延小区,兴延小区,兴延小区,快递,2025-04-28 21:24:09,,1,0.38,0,6.00,0.00,2.80,6-3.2,1,1916845863739383808,极兔快递,JT0016326192858,服饰,浙江省,
郝悦_站点-兴延小区,兴延小区,兴延小区,快递,2025-04-28 21:22:02,,1,0.2,0,6.00,0.00,2.80,6-3.2,1,1916845337450700800,极兔快递,JT0016320322771,生活用品,河北省,
郝悦_站点-兴延小区,兴延小区,兴延小区,快递,2025-04-28 17:38:40,,1,0.2,0,6.00,0.00,2.80,6-3.2,1,1916789120531488768,极兔快递,JT0016323829429,服饰,广东省,
郝悦_站点-兴延小区,兴延小区,兴延小区,快递,2025-04-28 17:37:34,,1,0.8,0,6.00,0.00,2.80,6-3.2,1,1916788843501903872,极兔快递,JT0016320773593,服饰,广东省,
郝悦_站点-兴延小区,兴延小区,兴延小区,快递,2025-04-28 17:36:46,,1,0.22,0,6.00,0.00,2.80,6-3.2,1,1916788634013196288,极兔快递,JT0016323899676,服饰,浙江省,
郝悦_站点-兴延小区,兴延小区,兴延小区,快递,2025-04-28 17:29:00,,1,0.57,0,6.00,0.00,2.80,6-3.2,1,1916786691303858176,极兔快递,JT0016321855376,生活用品,广东省,
郝悦_站点-兴延小区,兴延小区,兴延小区,快递,2025-04-28 17:20:28,,1,0.51,0,6.00,0.00,2.80,6-3.2,1,1916784549016952832,极兔快递,JT0016321173850,服饰,天津市,
郝悦_站点-兴延小区,兴延小区,兴延小区,快递,2025-04-28 17:16:09,,1,0.27,0,6.00,0.00,2.80,6-3.2,1,1916783196823674880,极兔快递,JT0016319552405,服饰,广东省,
郝悦_站点-兴延小区,兴延小区,兴延小区,快递,2025-04-28 17:11:08,,1,0.2,0,6.00,0.00,2.80,6-3.2,1,1916782199422377984,极兔快递,JT0016319855776,生活用品,河北省,
郝悦_站点-兴延小区,兴延小区,兴延小区,快递,2025-04-28 17:09:48,,1,0.87,0,6.00,0.00,2.80,6-3.2,1,1916781833930727424,极兔快递,JT0016317628422,服饰,河南省,
郝悦_站点-兴延小区,兴延小区,兴延小区,快递,2025-04-28 17:05:58,,1,1.03,-1,6.00,0.00,2.80,6-3.2,1,1916780864736124928,极兔快递,JT0016323620664,生活用品,湖北省,
郝悦_站点-兴延小区,兴延小区,兴延小区,快递,2025-04-28 16:45:15,,1,0.65,0,6.00,0.00,2.52,42% ,1,1916775681926946816,韵达快递,312728004431902,服饰,江苏省,
郝悦_站点-兴延小区,兴延小区,兴延小区,快递,2025-04-28 16:38:05,,1,0.52,0,6.00,0.00,2.80,6-3.2,1,1916773879705821184,极兔快递,JT0016317173416,服饰,安徽省,
郝悦_站点-兴延小区,兴延小区,兴延小区,快递,2025-04-28 16:36:55,,1,0.4,0,6.00,0.00,2.80,6-3.2,1,1916773566630387712,极兔快递,JT0016318554008,服饰,山东省,
郝悦_站点-兴延小区,兴延小区,兴延小区,快递,2025-04-28 16:23:00,,1,0.77,0,6.00,0.00,2.80,6-3.2,1,1916770085878161408,极兔快递,JT0016319639688,服饰,浙江省,
郝悦_站点-兴延小区,兴延小区,兴延小区,快递,2025-04-28 16:21:44,,1,0.48,0,6.00,0.00,2.80,6-3.2,1,1916769769581502464,极兔快递,JT0016317527585,服饰,江苏省,
郝悦_站点-兴延小区,兴延小区,兴延小区,快递,2025-04-28 16:20:27,,1,0.32,0,6.00,0.00,2.80,6-3.2,1,1916769445558935552,极兔快递,JT0016322390892,服饰,福建省,
郝悦_站点-兴延小区,兴延小区,兴延小区,快递,2025-04-28 16:18:58,,1,0.29,0,6.00,0.00,2.80,6-3.2,1,1916769068696526848,极兔快递,JT0016322178916,服饰,广东省,
郝悦_站点-兴延小区,兴延小区,兴延小区,快递,2025-04-28 16:14:14,,1,0.21,0,6.00,0.00,2.80,6-3.2,1,1916767884724199424,极兔快递,JT0016322189188,生活用品,广东省,
郝悦_站点-兴延小区,兴延小区,兴延小区,快递,2025-04-28 15:59:49,,3,2.16,0,8.00,0.00,3.60,45% ,1,1916764253773946880,极兔快递,JT0016321305465,服饰,山西省,
郝悦_站点-兴延小区,兴延小区,兴延小区,快递,2025-04-28 15:13:49,,1,1.2,-1,6.00,0.00,2.80,6-3.2,1,1916752679956963328,极兔快递,JT0016316665730,服饰,广东省,
郝悦_站点-兴延小区,兴延小区,兴延小区,快递,2025-04-28 15:06:07,,1,0.27,0,6.00,0.00,2.80,6-3.2,1,1916750739374137344,极兔快递,JT0016314265556,服饰,江苏省,
郝悦_站点-兴延小区,兴延小区,兴延小区,快递,2025-04-28 15:04:20,,1,0.32,0,6.00,0.00,2.80,6-3.2,1,1916750274569756672,极兔快递,JT0016308504219,服饰,广东省,
郝悦_站点-兴延小区,兴延小区,兴延小区,快递,2025-04-28 15:01:32,,1,0.36,0,6.00,0.00,2.80,6-3.2,1,1916749586011840512,极兔快递,JT0016310315449,服饰,浙江省,
郝悦_站点-兴延小区,兴延小区,兴延小区,快递,2025-04-28 14:59:15,,1,0.28,0,6.00,0.00,2.80,6-3.2,1,1916749006442913792,极兔快递,JT0016318848955,服饰,浙江省,
郝悦_站点-兴延小区,兴延小区,兴延小区,快递,2025-04-28 13:47:52,,1,0.34,0,6.00,0.00,2.80,6-3.2,1,1916731040909287424,极兔快递,JT0016316416408,服饰,浙江省,
郝悦_站点-兴延小区,兴延小区,兴延小区,快递,2025-04-28 13:47:11,,1,0.2,0,6.00,0.00,2.80,6-3.2,1,1916730865742569472,极兔快递,JT0016309763281,服饰,河南省,
郝悦_站点-兴延小区,兴延小区,兴延小区,快递,2025-04-28 13:44:04,,1,0.27,0,6.00,0.00,2.80,6-3.2,1,1916730087162306560,极兔快递,JT0016318465926,服饰2件,广东省,
郝悦_站点-兴延小区,兴延小区,兴延小区,快递,2025-04-28 12:39:12,,1,0.24,0,6.00,0.00,2.80,6-3.2,1,1916713765246394368,极兔快递,JT0016317335474,服饰,湖北省,
郝悦_站点-兴延小区,兴延小区,兴延小区,快递,2025-04-28 12:21:22,,1,0.41,0,6.00,0.00,2.80,6-3.2,1,1916709280843358208,极兔快递,JT0016299263830,服饰,浙江省,
郝悦_站点-兴延小区,兴延小区,兴延小区,快递,2025-04-28 11:39:43,,1,1.13,-1,6.00,0.00,2.80,6-3.2,1,1916698796400369664,极兔快递,JT0016314504625,服饰,广东省,
郝悦_站点-兴延小区,兴延小区,兴延小区,快递,2025-04-28 11:28:50,,1,0.31,0,6.00,0.00,2.80,6-3.2,1,1916696002423480320,极兔快递,JT0016315068950,服饰,广东省,
郝悦_站点-兴延小区,兴延小区,兴延小区,快递,2025-04-28 10:52:19,,1,0.72,0,6.00,0.00,2.80,6-3.2,1,1916686869792088064,极兔快递,JT0016314534862,服饰,广东省,
郝悦_站点-兴延小区,兴延小区,兴延小区,快递,2025-04-28 10:43:23,,3,3.24,-1,8.00,1.50,3.60,45% ,1,1916684619661238272,极兔快递,JT0016303565069,生活用品,河南省,
郝悦_站点-兴延小区,兴延小区,兴延小区,快递,2025-04-28 10:41:30,,3,3.39,-1,8.00,1.50,3.60,45% ,1,1916684143716786176,极兔快递,JT0016313360666,生活用品,江苏省,
郝悦_站点-兴延小区,兴延小区,兴延小区,快递,2025-04-28 10:16:33,,1,0.39,0,6.00,0.00,2.80,6-3.2,1,1916677866613694464,极兔快递,JT0016305508854,生活用品,陕西省,
郝悦_站点-兴延小区,兴延小区,兴延小区,快递,2025-04-28 10:09:09,,1,0.32,0,6.00,0.00,2.80,6-3.2,1,1916675993496248320,极兔快递,JT0016312413451,服饰,广东省,
郝悦_站点-兴延小区,兴延小区,兴延小区,快递,2025-04-28 10:08:29,,1,0.5,0,6.00,0.00,2.80,6-3.2,1,1916675838692876288,极兔快递,JT0016313361037,服饰,广东省,
郝悦_站点-兴延小区,兴延小区,兴延小区,快递,2025-04-28 09:55:18,,1,0.68,0,6.00,0.00,2.80,6-3.2,1,1916672520872583168,极兔快递,JT0016311464044,服饰2件,湖北省,
郝悦_站点-兴延小区,兴延小区,兴延小区,快递,2025-04-28 09:53:40,,1,0.33,0,6.00,0.00,2.80,6-3.2,1,1916672110719983616,极兔快递,JT0016311463639,生活用品,山东省,
郝悦_站点-兴延小区,兴延小区,兴延小区,快递,2025-04-28 09:52:17,,1,0.33,0,6.00,0.00,2.80,6-3.2,1,1916671760407519232,极兔快递,JT0016311773232,生活用品,广东省,
郝悦_站点-兴延小区,兴延小区,兴延小区,快递,2025-04-28 09:46:19,,1,0.2,0,6.00,0.00,2.80,6-3.2,1,1916670259131899904,极兔快递,JT0016309025059,服饰,广东省,
郝悦_站点-兴延小区,兴延小区,兴延小区,快递,2025-04-28 09:38:41,,2,1.7,0,8.00,0.00,2.44,43%,1,1916668337893203968,极兔快递,JT0016312756804,服饰鞋,上海市,
郝悦_站点-兴延小区,兴延小区,兴延小区,快递,2025-04-28 09:15:09,,1,0.2,0,6.00,0.00,2.80,6-3.2,1,1916662414718066688,极兔快递,JT0016309944936,生活用品,浙江省,
郝悦_站点-兴延小区,兴延小区,兴延小区,快递,2025-04-28 09:11:10,,1,0.46,0,6.00,0.00,2.80,6-3.2,1,1916661410668797952,极兔快递,JT0016312683390,服饰,山东省,
郝悦_站点-兴延小区,兴延小区,兴延小区,快递,2025-04-27 21:07:30,,1,0.39,0,6.00,0.00,2.80,6-3.2,1,1916479299081003008,极兔快递,JT0016309066774,生活用品,江苏省,
郝悦_站点-兴延小区,兴延小区,兴延小区,快递,2025-04-27 21:06:00,,1,0.45,0,6.00,0.00,2.80,6-3.2,1,1916478844972097536,极兔快递,JT0016309910437,服饰,广东省,
郝悦_站点-兴延小区,兴延小区,兴延小区,快递,2025-04-27 21:03:44,,3,2.28,0,8.00,0.00,3.60,45% ,1,1916478333665468416,极兔快递,JT0016308850598,生活用品,江苏省,
郝悦_站点-兴延小区,兴延小区,兴延小区,干洗,2025-04-27 20:58:02,,,,,19.80,,5.94,30%,,1916476481343381504,干洗,,"清洗鞋19.8元两双   *   1
清洗鞋19.8元两双   *   1",,
郝悦_站点-兴延小区,兴延小区,兴延小区,快递,2025-04-27 20:47:20,,1,0.2,0,6.00,0.00,2.80,6-3.2,1,1916474221049733120,极兔快递,JT0016301925249,服饰,福建省,
郝悦_站点-兴延小区,兴延小区,兴延小区,快递,2025-04-27 20:45:27,,1,0.38,0,6.00,0.00,2.80,6-3.2,1,1916473740827090944,极兔快递,JT0016309256287,服饰2件,福建省,
郝悦_站点-兴延小区,兴延小区,兴延小区,快递,2025-04-27 20:44:25,,1,0.35,0,6.00,0.00,2.80,6-3.2,1,1916473489449869312,极兔快递,JT0016308166389,服饰2件,广东省,
郝悦_站点-兴延小区,兴延小区,兴延小区,快递,2025-04-27 20:31:26,,1,0.77,0,6.00,0.00,2.80,6-3.2,1,1916470217112608768,极兔快递,JT0016307446006,服饰,广东省,
郝悦_站点-兴延小区,兴延小区,兴延小区,快递,2025-04-27 20:30:07,,1,0.51,0,6.00,0.00,2.80,6-3.2,1,1916469879940898816,极兔快递,JT0016308161456,服饰,广东省,
郝悦_站点-兴延小区,兴延小区,兴延小区,快递,2025-04-27 20:29:15,,1,0.56,0,6.00,0.00,2.80,6-3.2,1,1916469668715749376,极兔快递,JT0016309205483,服饰鞋,福建省,
郝悦_站点-兴延小区,兴延小区,兴延小区,快递,2025-04-27 20:25:12,,1,0.2,0,6.00,0.00,2.80,6-3.2,1,1916468654050697216,极兔快递,JT0016306875023,生活用品,浙江省,
郝悦_站点-兴延小区,兴延小区,兴延小区,快递,2025-04-27 20:17:47,,1,0.54,0,6.00,0.00,2.80,6-3.2,1,1916466770548154368,极兔快递,JT0016302402245,服饰3件,河北省,
郝悦_站点-兴延小区,兴延小区,兴延小区,快递,2025-04-27 20:17:06,,1,0.34,0,6.00,0.00,2.80,6-3.2,1,1916466572732194816,极兔快递,JT0016303090789,服饰,广东省,
郝悦_站点-兴延小区,兴延小区,兴延小区,快递,2025-04-27 19:56:33,,2,1.14,0,7.00,0.00,3.01,43% ,1,1916461441324212224,极兔快递,JT0016300594296,食品,陕西省,
郝悦_站点-兴延小区,兴延小区,兴延小区,快递,2025-04-27 19:27:21,,1,0.56,0,6.00,0.00,2.80,6-3.2,1,1916454089783042048,极兔快递,JT0016308126941,服饰,广东省,
郝悦_站点-兴延小区,兴延小区,兴延小区,快递,2025-04-27 18:46:10,,1,0.22,0,6.00,0.00,2.80,6-3.2,1,1916443716690436096,极兔快递,JT0016307980706,服饰,河北省,
郝悦_站点-兴延小区,兴延小区,兴延小区,快递,2025-04-27 18:45:15,,1,0.23,0,6.00,0.00,2.80,6-3.2,1,1916443490390958080,极兔快递,JT0016304519137,服饰,河北省,
郝悦_站点-兴延小区,兴延小区,兴延小区,快递,2025-04-27 17:26:35,,1,0.22,0,6.00,0.00,2.80,6-3.2,1,1916423686997204992,极兔快递,JT0016300221178,服饰,山东省,
郝悦_站点-兴延小区,兴延小区,兴延小区,快递,2025-04-27 17:25:38,,1,0.46,0,6.00,0.00,2.80,6-3.2,1,1916423460219576320,极兔快递,JT0016292145965,服饰,浙江省,
郝悦_站点-兴延小区,兴延小区,兴延小区,快递,2025-04-27 17:24:00,,1,0.42,0,6.00,0.00,2.80,6-3.2,1,1916423045046394880,极兔快递,JT0016304831845,服饰,湖南省,
郝悦_站点-兴延小区,兴延小区,兴延小区,快递,2025-04-27 17:23:03,,1,0.2,0,6.00,0.00,2.80,6-3.2,1,1916422813529202688,极兔快递,JT0016306344537,服饰,广东省,
郝悦_站点-兴延小区,兴延小区,兴延小区,快递,2025-04-27 17:20:36,,1,0.76,0,6.00,0.00,2.80,6-3.2,1,1916422196266065920,极兔快递,JT0016305899448,服饰鞋,福建省,
郝悦_站点-兴延小区,兴延小区,兴延小区,快递,2025-04-27 17:18:07,,1,0.24,0,6.00,0.00,2.80,6-3.2,1,1916421571625148416,极兔快递,JT0016296363089,服饰,湖北省,
郝悦_站点-兴延小区,兴延小区,兴延小区,快递,2025-04-27 17:15:35,,1,0.3,0,6.00,0.00,2.80,6-3.2,1,1916420931108790272,极兔快递,JT0016305664642,服饰,山东省,
郝悦_站点-兴延小区,兴延小区,兴延小区,快递,2025-04-27 17:14:30,,1,0.21,0,6.00,0.00,2.80,6-3.2,1,1916420635414552576,极兔快递,JT0016296865065,服饰,湖南省,
郝悦_站点-兴延小区,兴延小区,兴延小区,快递,2025-04-27 17:12:04,,1,1.0,0,6.00,0.00,2.80,6-3.2,1,1916420045510860800,极兔快递,JT0016295538212,服饰鞋,浙江省,
郝悦_站点-兴延小区,兴延小区,兴延小区,快递,2025-04-27 17:10:33,,1,0.2,0,6.00,0.00,2.80,6-3.2,1,1916419664181518336,极兔快递,JT0016304904493,服饰2件,江西省,
郝悦_站点-兴延小区,兴延小区,兴延小区,快递,2025-04-27 16:55:22,,1,0.2,0,6.00,0.00,2.80,6-3.2,1,1916415838317764608,极兔快递,JT0016303291108,服饰,广东省,
郝悦_站点-兴延小区,兴延小区,兴延小区,快递,2025-04-27 16:54:29,,1,0.7,0,6.00,0.00,2.52,42% ,1,1916415622101393408,韵达快递,312726472641934,服饰,广东省,
郝悦_站点-兴延小区,兴延小区,兴延小区,快递,2025-04-27 16:35:20,,1,0.56,0,6.00,0.00,2.80,6-3.2,1,1916410804884529152,极兔快递,JT0016300472014,服饰,江苏省,
郝悦_站点-兴延小区,兴延小区,兴延小区,快递,2025-04-27 15:59:16,,1.3,0.99,1,7.00,0.00,3.01,43% ,1,1916400886542557184,极兔快递,JT0016303799288,服饰鞋,山东省,
郝悦_站点-兴延小区,兴延小区,兴延小区,快递,2025-04-27 15:38:09,,3,2.55,0,8.00,0.00,3.60,45% ,1,1916396416068804608,极兔快递,JT0016293008803,生活用品,甘肃省,
郝悦_站点-兴延小区,兴延小区,兴延小区,快递,2025-04-27 14:47:14,,1,0.4,0,6.00,0.00,2.80,6-3.2,1,1916383599714426880,极兔快递,JT0016296843165,服饰,江苏省,
郝悦_站点-兴延小区,兴延小区,兴延小区,快递,2025-04-27 13:25:06,,1,0.31,0,6.00,0.00,2.80,6-3.2,1,1916362930071068672,极兔快递,JT0016300836228,服饰,广东省,
郝悦_站点-兴延小区,兴延小区,兴延小区,快递,2025-04-27 13:22:14,,1,0.51,0,6.00,0.00,2.80,6-3.2,1,1916362208692723712,极兔快递,JT0016300647608,服饰鞋,浙江省,
郝悦_站点-兴延小区,兴延小区,兴延小区,快递,2025-04-27 13:08:17,,1,1.0,0,6.00,0.00,2.80,6-3.2,1,1916358699683471360,极兔快递,JT0016298157642,生活用品,安徽省,
郝悦_站点-兴延小区,兴延小区,兴延小区,快递,2025-04-27 13:05:48,,1.5,1.51,0,7.00,0.00,3.01,43% ,1,1916358073348055040,极兔快递,JT0016300743112,服饰鞋,浙江省,
郝悦_站点-兴延小区,兴延小区,兴延小区,快递,2025-04-27 11:49:05,,1,0.91,0,6.00,0.00,2.80,6-3.2,1,1916338754086035456,极兔快递,JT0016298553408,生活用品包包,江苏省,
郝悦_站点-兴延小区,兴延小区,兴延小区,快递,2025-04-27 11:41:20,,2,1.14,0,7.00,0.00,3.01,43% ,1,1916336814555979776,极兔快递,JT0016298644816,服饰2件,广东省,
郝悦_站点-兴延小区,兴延小区,兴延小区,快递,2025-04-27 11:40:24,,1,0.2,0,6.00,0.00,2.80,6-3.2,1,1916336577699438592,极兔快递,JT0016298929011,服饰,广东省,
郝悦_站点-兴延小区,兴延小区,兴延小区,快递,2025-04-27 11:05:34,,1,0.2,0,6.00,0.00,2.80,6-3.2,1,1916327815328620544,极兔快递,JT0016298863723,文件,陕西省,
郝悦_站点-兴延小区,兴延小区,兴延小区,快递,2025-04-27 10:49:52,,1,0.25,0,6.00,0.00,2.80,6-3.2,1,1916323859433054208,极兔快递,JT0016296015952,服饰,江西省,
郝悦_站点-兴延小区,兴延小区,兴延小区,快递,2025-04-27 10:49:16,,1,0.29,0,6.00,0.00,2.80,6-3.2,1,1916323703828570112,极兔快递,JT0016293233821,生活用品,浙江省,
郝悦_站点-兴延小区,兴延小区,兴延小区,快递,2025-04-26 20:54:55,,1,1.02,-1,6.00,0.00,2.80,6-3.2,1,1916113739717599232,极兔快递,JT0016291126623,生活用品,湖北省,
郝悦_站点-兴延小区,兴延小区,兴延小区,快递,2025-04-26 20:47:43,,3,2.1,0,8.00,0.00,3.60,45% ,1,1916111931003691008,极兔快递,JT0016283639287,服饰4件,福建省,
郝悦_站点-兴延小区,兴延小区,兴延小区,快递,2025-04-26 20:44:59,,3,2.55,0,8.00,0.00,3.60,45% ,1,1916111242722598912,极兔快递,JT0016292638627,服饰5件,福建省,
郝悦_站点-兴延小区,兴延小区,兴延小区,快递,2025-04-26 20:41:33,,1,0.32,0,6.00,0.00,2.80,6-3.2,1,1916110379375452160,极兔快递,JT0016285177649,服饰,福建省,
郝悦_站点-兴延小区,兴延小区,兴延小区,干洗,2025-04-26 20:23:48,,,,,42.60,,12.78,30%,,1916105908037672960,干洗,,"靴子   *   1
磨砂鞋   *   1",,
郝悦_站点-兴延小区,兴延小区,兴延小区,干洗,2025-04-26 20:19:21,,,,,19.80,,5.94,30%,,1916104789215469568,干洗,,"清洗鞋19.8元两双   *   1
清洗鞋19.8元两双   *   1",,
郝悦_站点-兴延小区,兴延小区,兴延小区,快递,2025-04-26 20:04:41,,2,1.44,0,7.00,0.00,3.01,43% ,1,1916101101419814912,极兔快递,JT0016292202518,服饰鞋,江苏省,
郝悦_站点-兴延小区,兴延小区,兴延小区,快递,2025-04-26 20:02:48,,1,0.2,0,6.00,0.00,2.80,6-3.2,1,1916100403194028032,极兔快递,JT0016291978862,服饰,广西壮族自治区,
郝悦_站点-兴延小区,兴延小区,兴延小区,快递,2025-04-26 19:56:50,,1,0.66,0,6.00,0.00,2.80,6-3.2,1,1916099125592252416,极兔快递,JT0016288912673,服饰,广东省,
郝悦_站点-兴延小区,兴延小区,兴延小区,快递,2025-04-26 19:53:39,,1,0.2,0,6.00,0.00,2.80,6-3.2,1,1916098317060464640,极兔快递,JT0016292763441,服饰,浙江省,
郝悦_站点-兴延小区,兴延小区,兴延小区,快递,2025-04-26 19:49:35,,1.2,0.94,1,7.00,0.00,3.01,43% ,1,1916097300038213632,极兔快递,JT0016292643845,服饰,广东省,
郝悦_站点-兴延小区,兴延小区,兴延小区,快递,2025-04-26 19:47:58,,1,0.26,0,6.00,0.00,2.80,6-3.2,1,1916096890950967296,极兔快递,JT0016284454775,服饰,广东省,
郝悦_站点-兴延小区,兴延小区,兴延小区,快递,2025-04-26 19:43:06,,1,0.36,0,6.00,0.00,2.80,6-3.2,1,1916095664507117568,极兔快递,JT0016291812396,服饰2件,河北省,
郝悦_站点-兴延小区,兴延小区,兴延小区,快递,2025-04-26 19:42:24,,1,0.2,0,6.00,0.00,2.80,6-3.2,1,1916095488581230592,极兔快递,JT0016292697474,服饰,浙江省,
郝悦_站点-兴延小区,兴延小区,兴延小区,快递,2025-04-26 19:24:15,,1,0.24,0,6.00,0.00,2.80,6-3.2,1,1916090924079570944,极兔快递,JT0016278975248,服饰,广东省,
郝悦_站点-兴延小区,兴延小区,兴延小区,快递,2025-04-26 19:22:53,,1,0.21,0,6.00,0.00,2.80,6-3.2,1,1916090580377329664,极兔快递,JT0016270566778,服饰,广东省,
郝悦_站点-兴延小区,兴延小区,兴延小区,快递,2025-04-26 19:21:20,,1,0.2,0,6.00,0.00,2.80,6-3.2,1,1916090189795352576,极兔快递,JT0016291341378,服饰,广东省,
郝悦_站点-兴延小区,兴延小区,兴延小区,快递,2025-04-26 19:19:39,,1,0.26,0,6.00,0.00,2.80,6-3.2,1,1916089765071740928,极兔快递,JT0016291635231,服饰帽子,浙江省,
郝悦_站点-兴延小区,兴延小区,兴延小区,快递,2025-04-26 19:14:52,,1,0.39,0,6.00,0.00,2.52,42% ,1,1916088563034546176,韵达快递,312725241115197,服饰,浙江省,
郝悦_站点-兴延小区,兴延小区,兴延小区,快递,2025-04-26 19:13:28,,1,0.2,0,6.00,0.00,2.80,6-3.2,1,1916088207080742912,极兔快递,JT0016288804160,服饰,广东省,
郝悦_站点-兴延小区,兴延小区,兴延小区,快递,2025-04-26 19:03:06,,1,0.43,0,6.00,0.00,2.80,6-3.2,1,1916085603143573504,极兔快递,JT0016292041037,服饰,福建省,
郝悦_站点-兴延小区,兴延小区,兴延小区,快递,2025-04-26 18:58:43,,1,0.25,0,6.00,0.00,2.80,6-3.2,1,1916084500326834176,极兔快递,JT0016289356024,服饰,江苏省,
郝悦_站点-兴延小区,兴延小区,兴延小区,快递,2025-04-26 18:56:58,,1,0.2,0,6.00,0.00,2.80,6-3.2,1,1916084057194422272,极兔快递,JT0016286644800,服饰,广东省,
郝悦_站点-兴延小区,兴延小区,兴延小区,快递,2025-04-26 18:53:26,,1,0.5,0,6.00,0.00,2.80,6-3.2,1,1916082952158896128,极兔快递,JT0016277000251,服饰,浙江省,
郝悦_站点-兴延小区,兴延小区,兴延小区,快递,2025-04-26 18:50:00,,1,0.58,0,6.00,0.00,2.80,6-3.2,1,1916082305778900992,极兔快递,JT0016290485077,服饰,天津市,
郝悦_站点-兴延小区,兴延小区,兴延小区,快递,2025-04-26 18:36:27,,1,0.64,0,6.00,0.00,2.80,6-3.2,1,1916078894002003968,极兔快递,JT0016280576963,服饰2件,河北省,
郝悦_站点-兴延小区,兴延小区,兴延小区,快递,2025-04-26 18:35:13,2025-04-26 10:35:36,1,,,6.00,,0.00,,1,1916078580016406528,极兔快递,JT0016290707935,服饰,河北省,已全额退款
郝悦_站点-兴延小区,兴延小区,兴延小区,快递,2025-04-26 18:34:34,,1,0.48,0,6.00,0.00,2.80,6-3.2,1,1916078413754195968,极兔快递,JT0016288947715,服饰,广东省,
郝悦_站点-兴延小区,兴延小区,兴延小区,快递,2025-04-26 18:33:54,,1,0.21,0,6.00,0.00,2.80,6-3.2,1,1916078244253982720,极兔快递,JT0016281910692,服饰,福建省,
郝悦_站点-兴延小区,兴延小区,兴延小区,快递,2025-04-26 18:33:16,,1,0.2,0,6.00,0.00,2.80,6-3.2,1,1916078086472654848,极兔快递,JT0016292103157,服饰,福建省,
郝悦_站点-兴延小区,兴延小区,兴延小区,快递,2025-04-26 18:32:40,,1,0.28,0,6.00,0.00,2.80,6-3.2,1,1916076316795133952,极兔快递,JT0016290811364,服饰,福建省,
郝悦_站点-兴延小区,兴延小区,兴延小区,快递,2025-04-26 17:50:22,,1,0.36,0,6.00,0.00,2.80,6-3.2,1,1916067285221302272,极兔快递,JT0016290288054,服饰,浙江省,
郝悦_站点-兴延小区,兴延小区,兴延小区,快递,2025-04-26 16:07:03,,1,1.07,-1,6.00,0.00,2.80,6-3.2,1,1916041281643798528,极兔快递,JT0016287143956,服饰鞋,浙江省,
郝悦_站点-兴延小区,兴延小区,兴延小区,快递,2025-04-26 16:06:02,,1,0.57,0,6.00,0.00,2.80,6-3.2,1,1916041039888310272,极兔快递,JT0016288028572,服饰鞋,江西省,
郝悦_站点-兴延小区,兴延小区,兴延小区,快递,2025-04-26 15:56:39,,1,0.27,0,6.00,0.00,2.80,6-3.2,1,1916038680957214720,极兔快递,JT0016286037402,服饰鞋,浙江省,
郝悦_站点-兴延小区,兴延小区,兴延小区,快递,2025-04-26 15:53:51,,1,0.2,0,6.00,0.00,2.80,6-3.2,1,1916037976586772480,极兔快递,JT0016287068143,服饰,福建省,
郝悦_站点-兴延小区,兴延小区,兴延小区,快递,2025-04-26 15:49:28,,1,0.31,0,6.00,0.00,2.80,6-3.2,1,1916036842526662656,极兔快递,JT0016279162487,服饰,江西省,
郝悦_站点-兴延小区,兴延小区,兴延小区,快递,2025-04-26 15:48:37,,1,0.2,0,6.00,0.00,2.80,6-3.2,1,1916036627769909248,极兔快递,JT0016282081881,服饰,广东省,
郝悦_站点-兴延小区,兴延小区,兴延小区,快递,2025-04-26 11:19:38,,1,0.37,0,6.00,0.00,2.80,6-3.2,1,1915968963005440000,极兔快递,JT0016277682723,服饰,湖北省,
郝悦_站点-兴延小区,兴延小区,兴延小区,快递,2025-04-26 11:14:09,,1,0.73,0,6.00,0.00,2.80,6-3.2,1,1915967561965297664,极兔快递,JT0016281682245,液体,山东省,
郝悦_站点-兴延小区,兴延小区,兴延小区,快递,2025-04-26 11:11:49,,1,0.67,0,6.00,0.00,2.80,6-3.2,1,1915966998133399552,极兔快递,JT0016281865726,服饰,广东省,
郝悦_站点-兴延小区,兴延小区,兴延小区,快递,2025-04-26 10:58:45,,1,0.2,0,6.00,0.00,2.80,6-3.2,1,1915963709954252800,极兔快递,JT0016279629520,服饰,宁夏回族自治区,
郝悦_站点-兴延小区,兴延小区,兴延小区,快递,2025-04-26 10:57:19,,1,0.26,0,6.00,0.00,2.80,6-3.2,1,1915963325516931072,极兔快递,JT0016278053220,文件,河北省,
郝悦_站点-兴延小区,兴延小区,兴延小区,快递,2025-04-26 10:41:46,,1,0.95,0,6.00,0.00,2.80,6-3.2,1,1915959435954282496,极兔快递,JT0016281735307,服饰鞋,浙江省,
郝悦_站点-兴延小区,兴延小区,兴延小区,干洗,2025-04-26 10:38:23,,,,,29.80,,8.94,30%,,1915958579456434176,干洗,,"棉服_毛呢_羽绒服   *   1",,
郝悦_站点-兴延小区,兴延小区,兴延小区,快递,2025-04-25 20:01:20,,1,0.2,0,6.00,0.00,2.80,6-3.2,1,1915737869790273536,极兔快递,JT0016276279802,服饰,广东省,
郝悦_站点-兴延小区,兴延小区,兴延小区,快递,2025-04-25 19:51:17,,2,0.85,1,7.00,0.00,3.01,43% ,1,1915734991012945920,极兔快递,JT0016277113397,服饰鞋,辽宁省,
郝悦_站点-兴延小区,兴延小区,兴延小区,快递,2025-04-25 19:45:19,,1,0.71,0,6.00,0.00,2.80,6-3.2,1,1915733836987949056,极兔快递,JT0016275143834,服饰,河北省,
郝悦_站点-兴延小区,兴延小区,兴延小区,快递,2025-04-25 19:22:55,,3,0.87,2,8.00,0.00,3.60,45% ,1,1915728200036311040,极兔快递,JT0016273041998,生活用品,河北省,
郝悦_站点-兴延小区,兴延小区,兴延小区,快递,2025-04-25 19:05:43,,1,0.55,0,6.00,0.00,2.80,6-3.2,1,1915723873355882496,极兔快递,JT0016275716476,服饰,浙江省,
郝悦_站点-兴延小区,兴延小区,兴延小区,快递,2025-04-25 19:02:50,,1,0.53,0,6.00,0.00,2.80,6-3.2,1,1915723149301571584,极兔快递,JT0016273464109,服饰,安徽省,
郝悦_站点-兴延小区,兴延小区,兴延小区,快递,2025-04-25 19:01:39,,1,0.87,0,6.00,0.00,2.80,6-3.2,1,1915722850537103360,极兔快递,JT0016274249937,服饰,安徽省,
郝悦_站点-兴延小区,兴延小区,兴延小区,快递,2025-04-25 18:55:25,,1,0.22,0,6.00,0.00,2.80,6-3.2,1,1915721279245967360,极兔快递,JT0016273949430,服饰2件,广东省,
郝悦_站点-兴延小区,兴延小区,兴延小区,快递,2025-04-25 18:48:20,,1,0.49,0,6.00,0.00,2.80,6-3.2,1,1915719492543766528,极兔快递,JT0016275857623,服饰,广东省,
郝悦_站点-兴延小区,兴延小区,兴延小区,快递,2025-04-25 18:47:08,,1,0.25,0,6.00,0.00,2.80,6-3.2,1,1915719199139618816,极兔快递,JT0016270297762,服饰,广东省,
郝悦_站点-兴延小区,兴延小区,兴延小区,快递,2025-04-25 18:42:23,,1,0.24,0,6.00,0.00,2.80,6-3.2,1,1915717992618713088,极兔快递,JT0016275996200,服饰,广东省,
郝悦_站点-兴延小区,兴延小区,兴延小区,快递,2025-04-25 18:33:49,,1,0.48,0,6.00,0.00,2.80,6-3.2,1,1915715818044055552,极兔快递,JT0016275052882,服饰,福建省,
郝悦_站点-兴延小区,兴延小区,兴延小区,快递,2025-04-25 18:28:26,,1,0.25,0,6.00,0.00,2.80,6-3.2,1,1915714484599316480,极兔快递,JT0016271171923,服饰,河北省,
郝悦_站点-兴延小区,兴延小区,兴延小区,快递,2025-04-25 17:59:37,,1,0.2,0,6.00,0.00,2.80,6-3.2,1,1915707239425695744,极兔快递,JT0016271164885,生活用品,广西壮族自治区,
郝悦_站点-兴延小区,兴延小区,兴延小区,快递,2025-04-25 17:40:25,,1,0.85,0,6.00,0.00,2.80,6-3.2,1,1915702405905571840,极兔快递,JT0016271505090,服饰,浙江省,
郝悦_站点-兴延小区,兴延小区,兴延小区,快递,2025-04-25 16:21:55,,1,0.27,0,6.00,0.00,2.80,6-3.2,1,1915682650117169152,极兔快递,JT0016271829078,生活用品,河南省,
郝悦_站点-兴延小区,兴延小区,兴延小区,快递,2025-04-25 14:30:01,,1,0.22,0,6.00,0.00,2.80,6-3.2,1,1915654472057282560,极兔快递,JT0016266460670,服饰,河南省,
郝悦_站点-兴延小区,兴延小区,兴延小区,快递,2025-04-25 14:29:29,,1,0.31,0,6.00,0.00,2.80,6-3.2,1,1915654355984113664,极兔快递,JT0016259611561,服饰,河南省,
郝悦_站点-兴延小区,兴延小区,兴延小区,快递,2025-04-25 14:28:04,,1,0.2,0,6.00,0.00,2.80,6-3.2,1,1915653997727637504,极兔快递,JT0016266921569,服饰2件,广东省,
郝悦_站点-兴延小区,兴延小区,兴延小区,快递,2025-04-25 13:59:39,,1,0.68,0,6.00,0.00,2.80,6-3.2,1,1915646837799051264,极兔快递,JT0016269370350,服饰,广东省,
郝悦_站点-兴延小区,兴延小区,兴延小区,快递,2025-04-25 13:58:38,,1,0.27,0,6.00,0.00,2.80,6-3.2,1,1915646594730745856,极兔快递,JT0016267866419,服饰,广东省,
郝悦_站点-兴延小区,兴延小区,兴延小区,快递,2025-04-25 13:57:26,,1,0.2,0,6.00,0.00,2.80,6-3.2,1,1915646287489589248,极兔快递,JT0016268031592,服饰,广东省,
郝悦_站点-兴延小区,兴延小区,兴延小区,快递,2025-04-25 13:55:58,,1,0.2,0,6.00,0.00,2.80,6-3.2,1,1915645917367427072,极兔快递,JT0016269402805,服饰,广东省,
郝悦_站点-兴延小区,兴延小区,兴延小区,快递,2025-04-25 13:55:00,,1,0.22,0,6.00,0.00,2.80,6-3.2,1,1915645676706652160,极兔快递,JT0016265179503,服饰,广东省,
郝悦_站点-兴延小区,兴延小区,兴延小区,快递,2025-04-25 13:05:24,,2,0.9,1,7.00,0.00,3.01,43% ,1,1915633196446048256,极兔快递,JT0016255383342,服饰鞋,湖南省,
郝悦_站点-兴延小区,兴延小区,兴延小区,快递,2025-04-25 11:36:07,,1,0.2,0,6.00,0.00,2.80,6-3.2,1,1915610728314494976,极兔快递,JT0016260035260,服饰,广东省,
郝悦_站点-兴延小区,兴延小区,兴延小区,快递,2025-04-25 11:19:08,,1,0.22,0,6.00,0.00,2.80,6-3.2,1,1915606451277848576,极兔快递,JT0016255811047,服饰2件,广东省,
郝悦_站点-兴延小区,兴延小区,兴延小区,快递,2025-04-25 10:47:18,,1,0.88,0,6.00,0.00,2.80,6-3.2,1,1915598440010407936,极兔快递,JT0016259479211,生活用品,安徽省,
郝悦_站点-兴延小区,兴延小区,兴延小区,快递,2025-04-25 10:41:37,,1,1.04,-1,6.00,0.00,2.80,6-3.2,1,1915597013204656128,极兔快递,JT0016262606732,生活用品,湖北省,
郝悦_站点-兴延小区,兴延小区,兴延小区,快递,2025-04-25 10:25:00,,1,0.2,0,6.00,0.00,2.80,6-3.2,1,1915592809144705024,极兔快递,JT0016259153913,服饰,湖北省,
郝悦_站点-兴延小区,兴延小区,兴延小区,快递,2025-04-25 10:16:06,,1,0.67,0,6.00,0.00,2.80,6-3.2,1,1915590589774880768,极兔快递,JT0016265025986,服饰,广东省,
郝悦_站点-兴延小区,兴延小区,兴延小区,快递,2025-04-25 10:14:48,,1,0.23,0,6.00,0.00,2.80,6-3.2,1,1915590263801962496,极兔快递,JT0016261235213,服饰,浙江省,
郝悦_站点-兴延小区,兴延小区,兴延小区,快递,2025-04-25 10:13:29,,1,0.35,0,6.00,0.00,2.80,6-3.2,1,1915589931181072384,极兔快递,JT0016263572934,服饰,广东省,
郝悦_站点-兴延小区,兴延小区,兴延小区,干洗,2025-04-25 10:06:56,,,,,15.00,,4.50,30%,,1915588280286240768,干洗,,"皮鞋   *   1",,
郝悦_站点-兴延小区,兴延小区,兴延小区,快递,2025-04-25 10:01:53,,1,0.2,0,6.00,0.00,2.80,6-3.2,1,1915587009990942720,极兔快递,JT0016246742590,生活用品,广东省,
郝悦_站点-兴延小区,兴延小区,兴延小区,快递,2025-04-25 09:54:35,,1,0.81,0,6.00,0.00,2.80,6-3.2,1,1915585174693535744,极兔快递,JT0016261322153,服饰,江苏省,
郝悦_站点-兴延小区,兴延小区,兴延小区,快递,2025-04-24 21:26:36,,1,0.06,0,6.00,0.00,2.52,42% ,1,1915396939514175488,韵达快递,312722716058367,生活用品,辽宁省,
郝悦_站点-兴延小区,兴延小区,兴延小区,快递,2025-04-24 21:23:32,,1,0.36,0,6.00,0.00,2.52,42% ,1,1915396169033113600,韵达快递,312722712439091,服饰,广东省,
郝悦_站点-兴延小区,兴延小区,兴延小区,快递,2025-04-24 21:22:24,,1,0.46,0,6.00,0.00,2.52,42% ,1,1915395822784929792,韵达快递,312722711766952,服饰,广东省,
郝悦_站点-兴延小区,兴延小区,兴延小区,快递,2025-04-24 21:09:25,,1,0.46,0,6.00,0.00,2.80,6-3.2,1,1915392603912462336,极兔快递,JT0016259069492,服饰,浙江省,
郝悦_站点-兴延小区,兴延小区,兴延小区,快递,2025-04-24 20:47:23,,1,0.2,0,6.00,0.00,2.80,6-3.2,1,1915387069025017856,极兔快递,JT0016257437225,生活用品,湖北省,
郝悦_站点-兴延小区,兴延小区,兴延小区,快递,2025-04-24 20:39:56,,1,0.23,0,6.00,0.00,2.80,6-3.2,1,1915385195928543232,极兔快递,JT0016257550334,服饰,广东省,
郝悦_站点-兴延小区,兴延小区,兴延小区,快递,2025-04-24 20:38:46,,1,0.56,0,6.00,0.00,2.80,6-3.2,1,1915384902281125888,极兔快递,JT0016257747784,服饰,广东省,
郝悦_站点-兴延小区,兴延小区,兴延小区,快递,2025-04-24 20:37:05,,1,0.2,0,6.00,0.00,2.80,6-3.2,1,1915384478077607936,极兔快递,JT0016259879301,服饰,广东省,
郝悦_站点-兴延小区,兴延小区,兴延小区,快递,2025-04-24 20:28:12,,1,0.48,0,6.00,0.00,2.80,6-3.2,1,1915382239346876416,极兔快递,JT0016256183611,服饰,广东省,
郝悦_站点-兴延小区,兴延小区,兴延小区,快递,2025-04-24 20:25:11,,2,1.65,0,7.00,0.00,3.01,43% ,1,1915381484032417792,极兔快递,JT0016250685597,服饰,河北省,
郝悦_站点-兴延小区,兴延小区,兴延小区,快递,2025-04-24 20:18:21,,1,1.04,-1,6.00,0.00,2.80,6-3.2,1,1915379759909232640,极兔快递,JT0016260099156,服饰鞋,浙江省,
郝悦_站点-兴延小区,兴延小区,兴延小区,快递,2025-04-24 20:17:45,,1,0.36,0,6.00,0.00,2.80,6-3.2,1,1915379615537094656,极兔快递,JT0016258183783,服饰,广东省,
郝悦_站点-兴延小区,兴延小区,兴延小区,快递,2025-04-24 20:10:10,,1,0.54,0,6.00,0.00,2.80,6-3.2,1,1915377704108875776,极兔快递,JT0016243860671,服饰,辽宁省,
郝悦_站点-兴延小区,兴延小区,兴延小区,快递,2025-04-24 20:03:15,,1,1.08,-1,6.00,0.00,2.80,6-3.2,1,1915375964949110784,极兔快递,JT0016253527640,生活用品,湖南省,
郝悦_站点-兴延小区,兴延小区,兴延小区,快递,2025-04-24 19:59:59,,1,0.2,0,6.00,0.00,2.80,6-3.2,1,1915375141284274176,极兔快递,JT0016254675724,服饰,湖北省,
郝悦_站点-兴延小区,兴延小区,兴延小区,快递,2025-04-24 19:47:23,,1,0.23,0,6.00,0.00,2.80,6-3.2,1,1915371964493258752,极兔快递,JT0016259967362,服饰鞋,浙江省,
郝悦_站点-兴延小区,兴延小区,兴延小区,快递,2025-04-24 19:40:29,,1,0.24,0,6.00,0.00,2.80,6-3.2,1,1915370234640654336,极兔快递,JT0016255314644,服饰,广东省,
郝悦_站点-兴延小区,兴延小区,兴延小区,快递,2025-04-24 19:38:48,,1,0.43,0,6.00,0.00,2.80,6-3.2,1,1915369810420359168,极兔快递,JT0016250681113,服饰鞋,福建省,
郝悦_站点-兴延小区,兴延小区,兴延小区,快递,2025-04-24 19:36:28,,1,0.4,0,6.00,0.00,2.80,6-3.2,1,1915369213151469568,极兔快递,JT0016259742995,服饰,湖南省,
郝悦_站点-兴延小区,兴延小区,兴延小区,快递,2025-04-24 19:32:11,,1,0.98,0,6.00,0.00,2.80,6-3.2,1,1915368142995775488,极兔快递,JT0016248576641,服饰,浙江省,
郝悦_站点-兴延小区,兴延小区,兴延小区,快递,2025-04-24 19:30:41,,1,0.2,0,6.00,0.00,2.80,6-3.2,1,1915367764988321792,极兔快递,JT0016259238198,生活用品,湖南省,
郝悦_站点-兴延小区,兴延小区,兴延小区,快递,2025-04-24 19:19:19,,1,0.91,0,6.00,0.00,2.80,6-3.2,1,1915364903810293760,极兔快递,JT0016257542697,服饰,广东省,
郝悦_站点-兴延小区,兴延小区,兴延小区,快递,2025-04-24 19:15:56,,1,1.0,0,6.00,0.00,2.80,6-3.2,1,1915364056535719936,极兔快递,JT0016254869805,服饰鞋,浙江省,
郝悦_站点-兴延小区,兴延小区,兴延小区,快递,2025-04-24 19:13:52,,1,0.28,0,6.00,0.00,2.80,6-3.2,1,1915363533933830144,极兔快递,JT0016258651176,生活用品,山东省,
郝悦_站点-兴延小区,兴延小区,兴延小区,快递,2025-04-24 19:11:35,,1,0.46,0,6.00,0.00,2.80,6-3.2,1,1915362958802477056,极兔快递,JT0016258307773,生活用品,广东省,
郝悦_站点-兴延小区,兴延小区,兴延小区,快递,2025-04-24 19:10:00,,1,0.95,0,6.00,0.00,2.80,6-3.2,1,1915362554861641728,极兔快递,JT0016258881511,生活用品,安徽省,
郝悦_站点-兴延小区,兴延小区,兴延小区,快递,2025-04-24 19:08:10,,1,0.29,0,6.00,0.00,2.80,6-3.2,1,1915362094729715712,极兔快递,JT0016256557332,服饰,广东省,
郝悦_站点-兴延小区,兴延小区,兴延小区,快递,2025-04-24 18:39:46,,3,1.78,1,8.00,0.00,3.60,45% ,1,1915354951150526464,极兔快递,JT0016257993453,生活用品,福建省,
郝悦_站点-兴延小区,兴延小区,兴延小区,快递,2025-04-24 18:10:50,,1,0.49,0,6.00,0.00,2.80,6-3.2,1,1915347675928911872,极兔快递,JT0016253706353,服饰,浙江省,
郝悦_站点-兴延小区,兴延小区,兴延小区,快递,2025-04-24 18:08:57,,1,0.47,0,6.00,0.00,2.80,6-3.2,1,1915347192912863232,极兔快递,JT0016257099773,服饰,浙江省,
郝悦_站点-兴延小区,兴延小区,兴延小区,快递,2025-04-24 18:06:52,,1,0.51,0,6.00,0.00,2.80,6-3.2,1,1915346673590919168,极兔快递,JT0016251057493,生活用品,广东省,
郝悦_站点-兴延小区,兴延小区,兴延小区,快递,2025-04-24 18:04:42,,1,0.67,0,6.00,0.00,2.80,6-3.2,1,1915346127144411136,极兔快递,JT0016254008336,生活用品,广东省,
郝悦_站点-兴延小区,兴延小区,兴延小区,快递,2025-04-24 16:07:49,,1,0.76,0,6.00,0.00,2.80,6-3.2,1,1915316712398184448,极兔快递,JT0016250671590,服饰,广东省,
郝悦_站点-兴延小区,兴延小区,兴延小区,快递,2025-04-24 16:04:06,,1,0.65,0,6.00,0.00,2.52,42% ,1,1915315720692752384,韵达快递,312722393868151,服饰2件,湖北省,
郝悦_站点-兴延小区,兴延小区,兴延小区,快递,2025-04-24 14:38:26,,1,0.24,0,6.00,0.00,2.80,6-3.2,1,1915294217519554560,极兔快递,JT0016245054868,服饰,广东省,
郝悦_站点-兴延小区,兴延小区,兴延小区,快递,2025-04-24 14:30:23,,1,0.34,0,6.00,0.00,2.80,6-3.2,1,1915292193352638464,极兔快递,JT0016253919509,服饰,广东省,
郝悦_站点-兴延小区,兴延小区,兴延小区,快递,2025-04-24 12:52:17,,1,0.36,0,6.00,0.00,2.80,6-3.2,1,1915267510238502912,极兔快递,JT0016247828057,服饰,山东省,
郝悦_站点-兴延小区,兴延小区,兴延小区,快递,2025-04-24 12:46:25,,1,0.2,0,6.00,0.00,2.80,6-3.2,1,1915266030286725120,极兔快递,JT0016245851057,服饰,河北省,
郝悦_站点-兴延小区,兴延小区,兴延小区,快递,2025-04-24 11:45:34,,1,0.2,0,6.00,0.00,2.80,6-3.2,1,1915250719277768704,极兔快递,JT0016234524032,服饰,广东省,
郝悦_站点-兴延小区,兴延小区,兴延小区,快递,2025-04-24 11:20:53,,1,0.24,0,6.00,0.00,2.80,6-3.2,1,1915244506334945280,极兔快递,JT0016249733071,服饰,广东省,
郝悦_站点-兴延小区,兴延小区,兴延小区,快递,2025-04-24 11:19:43,,1,0.54,0,6.00,0.00,2.80,6-3.2,1,1915244210535849984,极兔快递,JT0016249416252,服饰,广东省,
郝悦_站点-兴延小区,兴延小区,兴延小区,快递,2025-04-24 11:18:22,,1,0.37,0,6.00,0.00,2.80,6-3.2,1,1915243873540300800,极兔快递,JT0016246170913,服饰,广东省,
郝悦_站点-兴延小区,兴延小区,兴延小区,快递,2025-04-24 11:14:09,,1,0.39,0,6.00,0.00,2.80,6-3.2,1,1915242809151774720,极兔快递,JT0016247324223,服饰,河北省,
郝悦_站点-兴延小区,兴延小区,兴延小区,快递,2025-04-24 11:12:38,,1,0.2,0,6.00,0.00,2.80,6-3.2,1,1915242427776294912,极兔快递,JT0016247424055,服饰,广东省,
郝悦_站点-兴延小区,兴延小区,兴延小区,快递,2025-04-24 11:11:31,,1,0.2,0,6.00,0.00,2.80,6-3.2,1,1915242148804747264,极兔快递,JT0016248495028,服饰,福建省,
郝悦_站点-兴延小区,兴延小区,兴延小区,快递,2025-04-24 11:09:59,,1,0.2,0,6.00,0.00,2.80,6-3.2,1,1915241765403418624,极兔快递,JT0016249481304,服饰,广东省,
郝悦_站点-兴延小区,兴延小区,兴延小区,快递,2025-04-24 11:06:17,,1,0.25,0,6.00,0.00,2.80,6-3.2,1,1915240834284707840,极兔快递,JT0016248346178,服饰,黑龙江省,
郝悦_站点-兴延小区,兴延小区,兴延小区,快递,2025-04-24 11:03:30,,1,0.2,0,6.00,0.00,2.80,6-3.2,1,1915240125946454016,极兔快递,JT0016248889435,服饰,广东省,
郝悦_站点-兴延小区,兴延小区,兴延小区,快递,2025-04-24 10:54:58,,1,0.48,0,6.00,0.00,2.80,6-3.2,1,1915237984053813248,极兔快递,JT0016246343693,服饰,河南省,
郝悦_站点-兴延小区,兴延小区,兴延小区,快递,2025-04-24 10:47:50,,1,0.76,0,6.00,0.00,2.80,6-3.2,1,1915236181740412928,极兔快递,JT0016247045672,服饰2件,广东省,
郝悦_站点-兴延小区,兴延小区,兴延小区,快递,2025-04-24 10:37:15,,1,0.2,0,6.00,0.00,2.80,6-3.2,1,1915233519263342592,极兔快递,JT0016247094356,服饰,河南省,
郝悦_站点-兴延小区,兴延小区,兴延小区,快递,2025-04-24 10:36:38,,1,0.2,0,6.00,0.00,2.80,6-3.2,1,1915233371397349376,极兔快递,JT0016247126489,服饰,河北省,
郝悦_站点-兴延小区,兴延小区,兴延小区,快递,2025-04-24 10:34:07,,1,0.2,0,6.00,0.00,2.80,6-3.2,1,1915232736488775680,极兔快递,JT0016242190859,服饰,广东省,
郝悦_站点-兴延小区,兴延小区,兴延小区,快递,2025-04-24 10:27:47,,1,0.2,0,6.00,0.00,2.80,6-3.2,1,1915231143018160128,极兔快递,JT0016240475748,服饰2件,广东省,
郝悦_站点-兴延小区,兴延小区,兴延小区,快递,2025-04-23 19:42:52,,1,0.27,0,6.00,0.00,2.80,6-3.2,1,1915008446904586240,极兔快递,JT0016241148689,服饰,福建省,
郝悦_站点-兴延小区,兴延小区,兴延小区,快递,2025-04-23 19:23:50,,1,0.49,0,6.00,0.00,2.80,6-3.2,1,1915003651556823040,极兔快递,JT0016241871859,服饰,广东省,
郝悦_站点-兴延小区,兴延小区,兴延小区,快递,2025-04-23 19:17:11,,2.3,2.25,0,8.00,0.00,3.60,45% ,1,1915001984908185600,极兔快递,JT0016233012822,生活用品,四川省,
郝悦_站点-兴延小区,兴延小区,兴延小区,快递,2025-04-23 18:58:36,,1,0.46,0,6.00,0.00,2.80,6-3.2,1,1914997305172217856,极兔快递,JT0016242907461,服饰,广东省,
郝悦_站点-兴延小区,兴延小区,兴延小区,快递,2025-04-23 18:57:18,,1,0.75,0,6.00,0.00,2.80,6-3.2,1,1914996980906381312,极兔快递,JT0016242708256,服饰,广东省,
郝悦_站点-兴延小区,兴延小区,兴延小区,快递,2025-04-23 18:55:41,,1,0.26,0,6.00,0.00,2.80,6-3.2,1,1914996561962520576,极兔快递,JT0016242687623,生活用品,浙江省,
郝悦_站点-兴延小区,兴延小区,兴延小区,快递,2025-04-23 17:44:26,,1,0.3,0,6.00,0.00,2.80,6-3.2,1,1914978642822090752,极兔快递,JT0016238555490,服饰,四川省,
郝悦_站点-兴延小区,兴延小区,兴延小区,快递,2025-04-23 17:42:28,,1,0.89,0,6.00,0.00,2.80,6-3.2,1,1914978145180504064,极兔快递,JT0016239684721,服饰,浙江省,
郝悦_站点-兴延小区,兴延小区,兴延小区,快递,2025-04-23 17:28:24,,1,0.28,0,6.00,0.00,2.80,6-3.2,1,1914974601832484864,极兔快递,JT0016240818001,服饰,广东省,
郝悦_站点-兴延小区,兴延小区,兴延小区,快递,2025-04-23 17:27:49,,1,0.25,0,6.00,0.00,2.80,6-3.2,1,1914974452234244096,极兔快递,JT0016241071941,服饰,广东省,
郝悦_站点-兴延小区,兴延小区,兴延小区,快递,2025-04-23 16:34:23,,2,1.68,0,7.00,0.00,3.01,43% ,1,1914961013889748992,极兔快递,JT0016237627588,生活用品,广东省,
郝悦_站点-兴延小区,兴延小区,兴延小区,快递,2025-04-23 15:43:12,,1,0.43,0,6.00,0.00,2.80,6-3.2,1,1914948131957428224,极兔快递,JT0016237976736,服饰,广东省,
郝悦_站点-兴延小区,兴延小区,兴延小区,快递,2025-04-23 15:39:38,,1,0.2,0,6.00,0.00,2.80,6-3.2,1,1914947214981910528,极兔快递,JT0016237909736,服饰2件,广东省,
郝悦_站点-兴延小区,兴延小区,兴延小区,快递,2025-04-23 15:27:18,,1,0.55,0,6.00,0.00,2.80,6-3.2,1,1914944131585462272,极兔快递,JT0016237243922,生活用品,江苏省,
郝悦_站点-兴延小区,兴延小区,兴延小区,快递,2025-04-23 15:23:40,,1,0.26,0,6.00,0.00,2.80,6-3.2,1,1914943210163982336,极兔快递,JT0016230396995,服饰2件,山东省,
郝悦_站点-兴延小区,兴延小区,兴延小区,快递,2025-04-23 15:21:46,,1,0.5,0,6.00,0.00,2.80,6-3.2,1,1914942739193974784,极兔快递,JT0016236909647,服饰,安徽省,
郝悦_站点-兴延小区,兴延小区,兴延小区,快递,2025-04-23 15:06:53,,15,15.08,-1,37.50,19.50,15.00,40% ,1,1914938990073401344,极兔快递,JT0016232609973,生鲜类,陕西省,
郝悦_站点-兴延小区,兴延小区,兴延小区,快递,2025-04-23 13:32:57,,1,0.2,0,6.00,0.00,2.80,6-3.2,1,1914915355182944256,极兔快递,JT0016232444774,服饰,河北省,
郝悦_站点-兴延小区,兴延小区,兴延小区,快递,2025-04-23 13:10:58,,1,0.2,0,6.00,0.00,2.80,6-3.2,1,1914909818143821824,极兔快递,JT0016230249215,服饰,广东省,
郝悦_站点-兴延小区,兴延小区,兴延小区,快递,2025-04-23 13:10:22,,1,0.2,0,6.00,0.00,2.80,6-3.2,1,1914909664451940352,极兔快递,JT0016232444852,服饰帽子,浙江省,
郝悦_站点-兴延小区,兴延小区,兴延小区,快递,2025-04-23 12:59:28,,1,0.2,0,6.00,0.00,2.80,6-3.2,1,1914906919653265408,极兔快递,JT0016232496727,服饰,广东省,
郝悦_站点-兴延小区,兴延小区,兴延小区,快递,2025-04-23 12:58:38,,1,0.27,0,6.00,0.00,2.80,6-3.2,1,1914906715965280256,极兔快递,JT0016234158791,服饰,浙江省,
郝悦_站点-兴延小区,兴延小区,兴延小区,快递,2025-04-23 12:44:35,,1,0.21,0,6.00,0.00,2.80,6-3.2,1,1914903179823075328,极兔快递,JT0016234561739,服饰,广东省,
郝悦_站点-兴延小区,兴延小区,兴延小区,快递,2025-04-23 12:35:54,,1,0.84,0,6.00,0.00,2.80,6-3.2,1,1914900996046114816,极兔快递,JT0016222046226,服饰鞋,广东省,
郝悦_站点-兴延小区,兴延小区,兴延小区,快递,2025-04-23 12:33:56,,1,0.79,0,6.00,0.00,2.80,6-3.2,1,1914900500497485824,极兔快递,JT0016234354815,服饰鞋,广东省,
郝悦_站点-兴延小区,兴延小区,兴延小区,快递,2025-04-23 12:32:21,,1,0.2,0,6.00,0.00,2.80,6-3.2,1,1914900101573038080,极兔快递,JT0016234707479,服饰,广东省,
郝悦_站点-兴延小区,兴延小区,兴延小区,快递,2025-04-23 12:26:35,,1,0.69,0,6.00,0.00,2.80,6-3.2,1,1914898644908036096,极兔快递,JT0016230817180,服饰,广东省,
郝悦_站点-兴延小区,兴延小区,兴延小区,快递,2025-04-23 12:22:45,,1,0.37,0,6.00,0.00,2.80,6-3.2,1,1914897684336922624,极兔快递,JT0016233221694,服饰,辽宁省,
郝悦_站点-兴延小区,兴延小区,兴延小区,快递,2025-04-23 12:15:04,,1,0.26,0,6.00,0.00,2.80,6-3.2,1,1914895753589739520,极兔快递,JT0016231721016,服饰,江苏省,
郝悦_站点-兴延小区,兴延小区,兴延小区,快递,2025-04-23 12:12:38,,1,0.2,0,6.00,0.00,2.80,6-3.2,1,1914895143716966400,极兔快递,JT0016232731406,服饰2件,广东省,
郝悦_站点-兴延小区,兴延小区,兴延小区,快递,2025-04-23 12:09:49,,1,0.37,0,6.00,0.00,2.80,6-3.2,1,1914894432346230784,极兔快递,JT0016230676595,服饰,湖南省,
郝悦_站点-兴延小区,兴延小区,兴延小区,快递,2025-04-23 11:58:13,,1,0.25,0,6.00,0.00,2.80,6-3.2,1,1914891503308558336,极兔快递,JT0016232162254,生活用品,浙江省,
郝悦_站点-兴延小区,兴延小区,兴延小区,快递,2025-04-23 11:57:20,,1,0.2,0,6.00,0.00,2.80,6-3.2,1,1914891285217333248,极兔快递,JT0016230351730,服饰,河北省,
郝悦_站点-兴延小区,兴延小区,兴延小区,快递,2025-04-23 11:56:34,,1,0.2,0,6.00,0.00,2.80,6-3.2,1,1914891054526418944,极兔快递,JT0016233644611,生活用品2件,浙江省,
郝悦_站点-兴延小区,兴延小区,兴延小区,快递,2025-04-23 11:51:36,,1,0.36,0,6.00,0.00,2.80,6-3.2,1,1914889844557795328,极兔快递,JT0016233388631,生活用品,四川省,
郝悦_站点-兴延小区,兴延小区,兴延小区,快递,2025-04-23 11:50:14,,1,0.2,0,6.00,0.00,2.80,6-3.2,1,1914889504122916864,极兔快递,JT0016230630703,服饰,河南省,
郝悦_站点-兴延小区,兴延小区,兴延小区,快递,2025-04-23 11:48:15,,1,0.34,0,6.00,0.00,2.80,6-3.2,1,1914888989431484416,极兔快递,JT0016226270995,服饰,河南省,
郝悦_站点-兴延小区,兴延小区,兴延小区,快递,2025-04-23 11:39:50,,4,3.56,0,10.00,1.50,4.00,40% ,1,1914886883920236544,极兔快递,JT0016233048535,生活用品,重庆市,
郝悦_站点-兴延小区,兴延小区,兴延小区,快递,2025-04-23 11:31:08,,1,0.39,0,6.00,0.00,2.80,6-3.2,1,1914884697207263232,极兔快递,JT0016231198462,服饰,浙江省,
郝悦_站点-兴延小区,兴延小区,兴延小区,快递,2025-04-23 11:29:36,,1,0.3,0,6.00,0.00,2.80,6-3.2,1,1914884289487360000,极兔快递,JT0016227267308,服饰,安徽省,
郝悦_站点-兴延小区,兴延小区,兴延小区,快递,2025-04-23 11:15:08,,1,0.3,0,6.00,0.00,2.80,6-3.2,1,1914880671371677696,极兔快递,JT0016215830328,服饰,广东省,
郝悦_站点-兴延小区,兴延小区,兴延小区,快递,2025-04-23 11:11:48,,2,1.13,0,7.00,0.00,3.01,43% ,1,1914879831328083968,韵达快递,312720990312324,服饰鞋,江苏省,
郝悦_站点-兴延小区,兴延小区,兴延小区,干洗,2025-04-23 11:06:11,,,,,29.70,,8.91,30%,,1914878373039886336,干洗,,"清洗鞋19.8元两双   *   1
清洗鞋19.8元两双   *   1
清洗鞋19.8元两双   *   1",,
郝悦_站点-兴延小区,兴延小区,兴延小区,干洗,2025-04-23 10:54:33,,,,,15.00,,4.50,30%,,1914875483076349952,干洗,,"T恤_卫衣_   *   1",,
郝悦_站点-兴延小区,兴延小区,兴延小区,快递,2025-04-23 10:39:47,,1,0.75,0,6.00,0.00,2.80,6-3.2,1,1914871778256015360,极兔快递,JT0016215906017,服饰鞋,广东省,
郝悦_站点-兴延小区,兴延小区,兴延小区,干洗,2025-04-23 10:33:24,,,,,39.60,,11.88,30%,,1914870123489841152,干洗,,"西装外套   *   1
棉裤_羽绒裤_西裤   *   1",,
郝悦_站点-兴延小区,兴延小区,兴延小区,干洗,2025-04-23 10:26:49,,,,,24.80,,7.44,30%,,1914868505889394688,干洗,,"棉服_毛呢_羽绒服   *   1",,
郝悦_站点-兴延小区,兴延小区,兴延小区,快递,2025-04-22 20:09:17,,1,0.2,0,6.00,0.00,2.80,6-3.2,1,1914652702741024768,极兔快递,JT0016225195587,服饰,福建省,
郝悦_站点-兴延小区,兴延小区,兴延小区,快递,2025-04-22 19:38:28,,1,0.2,0,6.00,0.00,2.80,6-3.2,1,1914644919450783744,极兔快递,JT0016227119807,生活用品,广东省,
郝悦_站点-兴延小区,兴延小区,兴延小区,快递,2025-04-22 19:37:25,,1,0.49,0,6.00,0.00,2.80,6-3.2,1,1914644686398476288,极兔快递,JT0016221433785,生活用品,河南省,
郝悦_站点-兴延小区,兴延小区,兴延小区,快递,2025-04-22 19:34:33,,2,1.3,0,7.00,0.00,3.01,43% ,1,1914643961094262784,极兔快递,JT0016212378157,服饰鞋,浙江省,
郝悦_站点-兴延小区,兴延小区,兴延小区,快递,2025-04-22 19:32:47,,2,1.25,0,7.00,0.00,3.01,43% ,1,1914643518674882560,极兔快递,JT0016226851768,服饰鞋,浙江省,
郝悦_站点-兴延小区,兴延小区,兴延小区,快递,2025-04-22 19:29:14,,1,0.35,0,6.00,0.00,2.80,6-3.2,1,1914642631386648576,极兔快递,JT0016220993108,服饰2件,浙江省,
郝悦_站点-兴延小区,兴延小区,兴延小区,快递,2025-04-22 19:24:45,,1,0.23,0,6.00,0.00,2.80,6-3.2,1,1914641500774256640,极兔快递,JT0016225665590,服饰,山东省,
郝悦_站点-兴延小区,兴延小区,兴延小区,快递,2025-04-22 19:21:59,,1,0.63,0,6.00,0.00,2.80,6-3.2,1,1914640795644645376,极兔快递,JT0016225177633,服饰,广东省,
郝悦_站点-兴延小区,兴延小区,兴延小区,快递,2025-04-22 19:20:37,,1,0.68,0,6.00,0.00,2.80,6-3.2,1,1914640448448548864,极兔快递,JT0016223547370,服饰鞋,广东省,
郝悦_站点-兴延小区,兴延小区,兴延小区,快递,2025-04-22 19:19:35,,1,0.91,0,6.00,0.00,2.80,6-3.2,1,1914640201152385024,极兔快递,JT0016217704777,服饰鞋,广东省,
郝悦_站点-兴延小区,兴延小区,兴延小区,快递,2025-04-22 19:18:20,,1,0.56,0,6.00,0.00,2.80,6-3.2,1,1914639886416007168,极兔快递,JT0016221914348,服饰,浙江省,
郝悦_站点-兴延小区,兴延小区,兴延小区,快递,2025-04-22 19:09:15,,1,1.08,-1,7.00,0.00,2.80,6-3.2,1,1914637593431953408,极兔快递,JT0016225318778,生活用品,北京市,
郝悦_站点-兴延小区,兴延小区,兴延小区,快递,2025-04-22 18:45:37,,1,0.2,0,6.00,0.00,2.80,6-3.2,1,1914631647670489088,极兔快递,JT0016225510246,服饰,重庆市,
郝悦_站点-兴延小区,兴延小区,兴延小区,快递,2025-04-22 18:23:28,,3,2.44,0,8.00,0.00,3.60,45% ,1,1914626059821568000,极兔快递,JT0016223008131,生活用品,山西省,
郝悦_站点-兴延小区,兴延小区,兴延小区,快递,2025-04-22 17:52:12,,1,0.2,0,6.00,0.00,2.80,6-3.2,1,1914617978999984128,极兔快递,JT0016224928256,服饰,广东省,
郝悦_站点-兴延小区,兴延小区,兴延小区,快递,2025-04-22 17:34:56,,1,0.6,0,6.00,0.00,2.80,6-3.2,1,1914613862655512576,极兔快递,JT0016224319088,服饰2件,浙江省,
郝悦_站点-兴延小区,兴延小区,兴延小区,快递,2025-04-22 17:23:29,,1,0.48,0,6.00,0.00,2.80,6-3.2,1,1914610977519620096,极兔快递,JT0016223208889,服饰,四川省,
郝悦_站点-兴延小区,兴延小区,兴延小区,快递,2025-04-22 17:09:13,,2,1.06,0,7.00,0.00,3.01,43% ,1,1914607383416328192,极兔快递,JT0016210218185,服饰鞋,浙江省,
郝悦_站点-兴延小区,兴延小区,兴延小区,快递,2025-04-22 17:03:49,,1,0.56,0,6.00,0.00,2.80,6-3.2,1,1914606029474025472,极兔快递,JT0016211150266,服饰,广东省,
郝悦_站点-兴延小区,兴延小区,兴延小区,快递,2025-04-22 16:52:46,,1,0.51,0,6.00,0.00,2.80,6-3.2,1,1914603250047176704,极兔快递,JT0016223661050,服饰,广东省,
郝悦_站点-兴延小区,兴延小区,兴延小区,快递,2025-04-22 16:15:46,,1,0.36,0,6.00,0.00,2.80,6-3.2,1,1914593934367969280,极兔快递,JT0016203942015,服饰,广东省,
郝悦_站点-兴延小区,兴延小区,兴延小区,快递,2025-04-22 15:37:42,,1,0.32,0,6.00,0.00,2.80,6-3.2,1,1914584359031984128,极兔快递,JT0016210174531,服饰,广东省,
郝悦_站点-兴延小区,兴延小区,兴延小区,快递,2025-04-22 15:13:59,,1,0.29,0,6.00,0.00,2.80,6-3.2,1,1914578391367864320,极兔快递,JT0016220334413,服饰,浙江省,
郝悦_站点-兴延小区,兴延小区,兴延小区,快递,2025-04-22 14:34:41,,1,0.8,0,6.00,0.00,2.80,6-3.2,1,1914568498590175232,极兔快递,JT0016220928928,生活用品,广东省,
郝悦_站点-兴延小区,兴延小区,兴延小区,快递,2025-04-22 13:43:18,,1,0.61,0,6.00,0.00,2.80,6-3.2,1,1914555553986564096,极兔快递,JT0016218397294,服饰鞋,浙江省,
郝悦_站点-兴延小区,兴延小区,兴延小区,快递,2025-04-22 13:42:29,,1,0.63,0,6.00,0.00,2.80,6-3.2,1,1914555362785021952,极兔快递,JT0016215788259,服饰鞋,福建省,
郝悦_站点-兴延小区,兴延小区,兴延小区,快递,2025-04-22 13:31:35,,1,0.45,0,6.00,0.00,2.80,6-3.2,1,1914552623971618816,极兔快递,JT0016215618114,生活用品,湖北省,
郝悦_站点-兴延小区,兴延小区,兴延小区,快递,2025-04-22 12:10:17,,1,0.2,0,6.00,0.00,2.80,6-3.2,1,1914532162743226368,极兔快递,JT0016214461579,服饰,浙江省,
郝悦_站点-兴延小区,兴延小区,兴延小区,快递,2025-04-22 12:09:07,,1,0.36,0,6.00,0.00,2.80,6-3.2,1,1914531864352051200,极兔快递,JT0016212973440,服饰,广东省,
郝悦_站点-兴延小区,兴延小区,兴延小区,快递,2025-04-22 12:08:17,,1,0.2,0,6.00,0.00,2.80,6-3.2,1,1914531648202788864,极兔快递,JT0016215952066,服饰,河北省,
郝悦_站点-兴延小区,兴延小区,兴延小区,快递,2025-04-22 12:07:13,,1,0.2,0,6.00,0.00,2.80,6-3.2,1,1914531364420374528,极兔快递,JT0016214211604,服饰,广东省,
郝悦_站点-兴延小区,兴延小区,兴延小区,快递,2025-04-22 11:52:51,,1,0.53,0,6.00,0.00,2.80,6-3.2,1,1914527777644531712,极兔快递,JT0016215760027,服饰鞋,广东省,
郝悦_站点-兴延小区,兴延小区,兴延小区,快递,2025-04-22 11:31:19,,1,0.27,0,6.00,0.00,2.80,6-3.2,1,1914522356192038912,极兔快递,JT0016211531019,生活用品,河北省,
郝悦_站点-兴延小区,兴延小区,兴延小区,快递,2025-04-22 11:14:57,,1,0.4,0,6.00,0.00,2.80,6-3.2,1,1914518228489392128,极兔快递,JT0016216078961,服饰,辽宁省,
郝悦_站点-兴延小区,兴延小区,兴延小区,快递,2025-04-22 11:14:08,,1,0.2,0,6.00,0.00,2.80,6-3.2,1,1914518031185137664,极兔快递,JT0016215374312,服饰,安徽省,
郝悦_站点-兴延小区,兴延小区,兴延小区,快递,2025-04-22 11:00:40,,1,0.2,0,6.00,0.00,2.80,6-3.2,1,1914514630430871552,极兔快递,JT0016213470554,易碎品,浙江省,
郝悦_站点-兴延小区,兴延小区,兴延小区,快递,2025-04-22 10:21:52,,1,0.33,0,6.00,0.00,2.80,6-3.2,1,1914504863708794880,极兔快递,JT0016208446172,服饰,广东省,
郝悦_站点-兴延小区,兴延小区,兴延小区,快递,2025-04-22 10:20:55,,1,1.0,0,6.00,0.00,2.80,6-3.2,1,1914504640328552448,极兔快递,JT0016214584838,服饰鞋,浙江省,
郝悦_站点-兴延小区,兴延小区,兴延小区,快递,2025-04-22 10:19:29,,1,0.21,0,6.00,0.00,2.80,6-3.2,1,1914504278288814080,极兔快递,JT0016215019175,服饰,浙江省,
郝悦_站点-兴延小区,兴延小区,兴延小区,快递,2025-04-22 10:13:45,,1,0.2,0,6.00,0.00,2.80,6-3.2,1,1914502832197652480,极兔快递,JT0016214385251,服饰,湖北省,
郝悦_站点-兴延小区,兴延小区,兴延小区,快递,2025-04-22 10:08:26,,1,0.2,0,6.00,0.00,2.80,6-3.2,1,1914501485767348224,极兔快递,JT0016214348282,服饰,湖北省,
郝悦_站点-兴延小区,兴延小区,兴延小区,快递,2025-04-21 20:20:37,,1,0.94,0,6.00,0.00,2.80,6-3.2,1,1914293137985949696,极兔快递,JT0016208720878,服饰鞋,广东省,
郝悦_站点-兴延小区,兴延小区,兴延小区,快递,2025-04-21 20:16:45,,1,0.88,0,6.00,0.00,2.80,6-3.2,1,1914292191709024256,极兔快递,JT0016209540755,服饰鞋,湖南省,
郝悦_站点-兴延小区,兴延小区,兴延小区,快递,2025-04-21 20:12:49,,1,0.2,0,6.00,0.00,2.80,6-3.2,1,1914291197881274368,极兔快递,JT0016199061111,服饰,浙江省,
郝悦_站点-兴延小区,兴延小区,兴延小区,快递,2025-04-21 20:11:16,,1,0.25,0,6.00,0.00,2.80,6-3.2,1,1914290813007745024,极兔快递,JT0016192355535,服饰,湖北省,
郝悦_站点-兴延小区,兴延小区,兴延小区,快递,2025-04-21 20:09:25,,1,0.2,0,6.00,0.00,2.80,6-3.2,1,1914290352821293056,极兔快递,JT0016208823729,服饰,湖北省,
郝悦_站点-兴延小区,兴延小区,兴延小区,快递,2025-04-21 20:07:58,,1,0.2,0,6.00,0.00,2.80,6-3.2,1,1914289963510190080,极兔快递,JT0016207630242,服饰,广东省,
郝悦_站点-兴延小区,兴延小区,兴延小区,快递,2025-04-21 19:58:40,,1,0.43,0,6.00,0.00,2.80,6-3.2,1,1914287645393866752,极兔快递,JT0016195423027,服饰,广东省,
郝悦_站点-兴延小区,兴延小区,兴延小区,快递,2025-04-21 19:57:13,,1,0.52,0,6.00,0.00,2.80,6-3.2,1,1914287278908166144,极兔快递,JT0016209382165,服饰,江苏省,
郝悦_站点-兴延小区,兴延小区,兴延小区,快递,2025-04-21 19:37:56,,1,0.54,0,6.00,0.00,2.80,6-3.2,1,1914282430544400384,极兔快递,JT0016209136552,服饰,广东省,
郝悦_站点-兴延小区,兴延小区,兴延小区,快递,2025-04-21 19:35:29,,1,0.53,0,6.00,0.00,2.80,6-3.2,1,1914281809569304576,极兔快递,JT0016209307456,服饰,广东省,
郝悦_站点-兴延小区,兴延小区,兴延小区,快递,2025-04-21 19:27:19,,1,0.48,0,6.00,0.00,2.80,6-3.2,1,1914279757556404224,极兔快递,JT0016202827119,服饰,辽宁省,
郝悦_站点-兴延小区,兴延小区,兴延小区,快递,2025-04-21 19:24:51,,2,0.66,1,7.00,0.00,3.01,43% ,1,1914279137533415424,极兔快递,JT0016201126445,服饰鞋,福建省,
郝悦_站点-兴延小区,兴延小区,兴延小区,快递,2025-04-21 19:15:45,,1,0.49,0,6.00,0.00,2.80,6-3.2,1,1914276842007613440,极兔快递,JT0016209462645,服饰,浙江省,
郝悦_站点-兴延小区,兴延小区,兴延小区,快递,2025-04-21 18:53:55,,1,0.46,0,6.00,0.00,2.80,6-3.2,1,1914271345468690432,极兔快递,JT0016204147691,服饰,安徽省,
郝悦_站点-兴延小区,兴延小区,兴延小区,快递,2025-04-21 18:11:17,,1,0.7,0,6.00,0.00,2.80,6-3.2,1,1914260613989584896,极兔快递,JT0016205793611,服饰,广东省,
郝悦_站点-兴延小区,兴延小区,兴延小区,快递,2025-04-21 18:10:37,,1,0.2,0,6.00,0.00,2.80,6-3.2,1,1914260451179286528,极兔快递,JT0016199000816,服饰,广东省,
郝悦_站点-兴延小区,兴延小区,兴延小区,快递,2025-04-21 18:10:02,,1,0.2,0,6.00,0.00,2.80,6-3.2,1,1914260300201119744,极兔快递,JT0016207926975,服饰帽子,浙江省,
郝悦_站点-兴延小区,兴延小区,兴延小区,快递,2025-04-21 18:09:03,,1,0.2,0,6.00,0.00,2.80,6-3.2,1,1914260057749377024,极兔快递,JT0016208197246,服饰,广东省,
郝悦_站点-兴延小区,兴延小区,兴延小区,快递,2025-04-21 17:14:04,,1,0.2,0,6.00,0.00,2.80,6-3.2,1,1914246225560543232,极兔快递,JT0016203369944,生活用品,河北省,
郝悦_站点-兴延小区,兴延小区,兴延小区,快递,2025-04-21 17:08:46,,2,1.68,0,7.00,0.00,3.01,43% ,1,1914244868195688448,极兔快递,JT0016204045399,服饰2件,浙江省,
郝悦_站点-兴延小区,兴延小区,兴延小区,快递,2025-04-21 17:03:50,,1,0.2,0,6.00,0.00,2.80,6-3.2,1,1914243629806460928,极兔快递,JT0016206094523,服饰,广西壮族自治区,
郝悦_站点-兴延小区,兴延小区,兴延小区,快递,2025-04-21 16:58:50,,1,0.2,0,6.00,0.00,2.80,6-3.2,1,1914242391438204928,极兔快递,JT0016206303027,服饰,广东省,
郝悦_站点-兴延小区,兴延小区,兴延小区,快递,2025-04-21 16:55:43,,1,0.34,0,6.00,0.00,2.80,6-3.2,1,1914241596076531712,极兔快递,JT0016194377113,服饰2件,浙江省,
郝悦_站点-兴延小区,兴延小区,兴延小区,快递,2025-04-21 16:53:34,,1,0.2,0,6.00,0.00,2.80,6-3.2,1,1914241058966544384,极兔快递,JT0016199767441,服饰,浙江省,
郝悦_站点-兴延小区,兴延小区,兴延小区,快递,2025-04-21 16:52:07,,1,0.42,0,6.00,0.00,2.80,6-3.2,1,1914240696868085760,极兔快递,JT0016205592836,服饰,广东省,
郝悦_站点-兴延小区,兴延小区,兴延小区,快递,2025-04-21 16:32:12,,1,0.52,0,6.00,0.00,2.80,6-3.2,1,1914235673857695744,极兔快递,JT0016204303983,生活用品,陕西省,
郝悦_站点-兴延小区,兴延小区,兴延小区,快递,2025-04-21 16:27:57,,2,1.16,0,7.00,0.00,3.01,43% ,1,1914234618444980224,极兔快递,JT0016205606509,服饰,广东省,
郝悦_站点-兴延小区,兴延小区,兴延小区,快递,2025-04-21 15:41:37,,1,0.25,0,6.00,0.00,2.80,6-3.2,1,1914222958665736192,极兔快递,JT0016204966618,服饰,广东省,
郝悦_站点-兴延小区,兴延小区,兴延小区,快递,2025-04-21 15:39:52,,1,0.2,0,6.00,0.00,2.80,6-3.2,1,1914222511175442432,极兔快递,JT0016199348208,服饰,广东省,
郝悦_站点-兴延小区,兴延小区,兴延小区,快递,2025-04-21 15:31:10,,1,0.26,0,6.00,0.00,2.80,6-3.2,1,1914220327683694592,极兔快递,JT0016200190159,服饰,天津市,
郝悦_站点-兴延小区,兴延小区,兴延小区,快递,2025-04-21 14:46:53,,1,0.21,0,6.00,0.00,2.80,6-3.2,1,1914209184969859072,极兔快递,JT0016204071680,服饰,湖北省,
郝悦_站点-兴延小区,兴延小区,兴延小区,快递,2025-04-21 14:33:32,,1,0.57,0,6.00,0.00,2.80,6-3.2,1,1914205822564114432,极兔快递,JT0016202760494,服饰,广东省,
郝悦_站点-兴延小区,兴延小区,兴延小区,快递,2025-04-21 14:30:41,,1,0.32,0,6.00,0.00,2.80,6-3.2,1,1914205106667724800,极兔快递,JT0016203766315,服饰鞋,福建省,
郝悦_站点-兴延小区,兴延小区,兴延小区,快递,2025-04-21 14:29:35,,1,0.41,0,6.00,0.00,2.80,6-3.2,1,1914204831177449472,极兔快递,JT0016202540122,生活用品,河北省,
郝悦_站点-兴延小区,兴延小区,兴延小区,快递,2025-04-21 14:26:41,,1,0.24,0,7.00,0.00,2.80,6-3.2,1,1914204101355970560,极兔快递,JT0016192045010,生活用品,北京市,
郝悦_站点-兴延小区,兴延小区,兴延小区,快递,2025-04-21 14:26:06,,1,0.2,0,6.00,0.00,2.80,6-3.2,1,1914203943356538880,极兔快递,JT0016202758567,服饰,广东省,
郝悦_站点-兴延小区,兴延小区,兴延小区,快递,2025-04-21 14:07:32,,1,0.22,0,6.00,0.00,2.80,6-3.2,1,1914199280246792192,极兔快递,JT0016192503930,服饰,山东省,
郝悦_站点-兴延小区,兴延小区,兴延小区,快递,2025-04-21 14:02:59,,1,0.2,0,6.00,0.00,2.80,6-3.2,1,1914198137361866752,极兔快递,JT0016199305513,生活用品,浙江省,
郝悦_站点-兴延小区,兴延小区,兴延小区,快递,2025-04-21 14:00:59,,1,0.2,0,6.00,0.00,2.80,6-3.2,1,1914197633403658240,极兔快递,JT0016202310459,生活用品,山东省,
郝悦_站点-兴延小区,兴延小区,兴延小区,快递,2025-04-21 13:40:17,,2,1.22,0,7.00,0.00,3.01,43% ,1,1914192425059557376,极兔快递,JT0016198240107,服饰鞋,广东省,
郝悦_站点-兴延小区,兴延小区,兴延小区,快递,2025-04-21 13:28:37,,1,0.37,0,6.00,0.00,2.80,6-3.2,1,1914189481383763968,极兔快递,JT0016199491948,服饰,江苏省,
郝悦_站点-兴延小区,兴延小区,兴延小区,快递,2025-04-21 13:27:34,,1,0.37,0,6.00,0.00,2.80,6-3.2,1,1914189224558141440,极兔快递,JT0016200566106,服饰,浙江省,
郝悦_站点-兴延小区,兴延小区,兴延小区,快递,2025-04-21 13:25:52,,1,0.92,0,6.00,0.00,2.80,6-3.2,1,1914188787331309568,极兔快递,JT0016201767186,生活用品,广东省,
郝悦_站点-兴延小区,兴延小区,兴延小区,快递,2025-04-21 12:26:08,,1,0.23,0,6.00,0.00,2.80,6-3.2,1,1914173762008981504,极兔快递,JT0016197237026,服饰,江苏省,
郝悦_站点-兴延小区,兴延小区,兴延小区,快递,2025-04-21 12:15:17,,3,2.57,0,8.00,0.00,3.60,45% ,1,1914171028933386240,极兔快递,JT0016199565851,食品,吉林省,
郝悦_站点-兴延小区,兴延小区,兴延小区,快递,2025-04-21 12:12:09,,1,0.42,0,6.00,0.00,2.80,6-3.2,1,1914170243755483136,极兔快递,JT0016198884623,服饰2件,广东省,
郝悦_站点-兴延小区,兴延小区,兴延小区,快递,2025-04-21 12:00:00,,2,1.14,0,7.00,0.00,3.01,43% ,1,1914167180261007360,极兔快递,JT0016196676088,服饰鞋,江苏省,
郝悦_站点-兴延小区,兴延小区,兴延小区,快递,2025-04-21 11:37:54,,1,0.21,0,6.00,0.00,2.80,6-3.2,1,1914161625035382784,极兔快递,JT0016199965685,服饰,湖北省,
郝悦_站点-兴延小区,兴延小区,兴延小区,快递,2025-04-21 11:36:51,,1,0.75,0,6.00,0.00,2.80,6-3.2,1,1914161362060910592,极兔快递,JT0016194481420,服饰2件,湖北省,
郝悦_站点-兴延小区,兴延小区,兴延小区,快递,2025-04-21 11:35:20,,1,0.39,0,6.00,0.00,2.80,6-3.2,1,1914160969033654272,极兔快递,JT0016195659794,服饰,广东省,
郝悦_站点-兴延小区,兴延小区,兴延小区,快递,2025-04-21 11:34:20,,1,0.66,0,6.00,0.00,2.80,6-3.2,1,1914160726703546368,极兔快递,JT0016197139358,服饰,吉林省,
郝悦_站点-兴延小区,兴延小区,兴延小区,快递,2025-04-21 11:33:14,,1,0.63,0,6.00,0.00,2.80,6-3.2,1,1914160449795596288,极兔快递,JT0016196420797,服饰,江苏省,
郝悦_站点-兴延小区,兴延小区,兴延小区,快递,2025-04-21 11:32:01,,1,0.22,0,6.00,0.00,2.80,6-3.2,1,1914160146849406976,极兔快递,JT0016190377135,服饰,福建省,
郝悦_站点-兴延小区,兴延小区,兴延小区,快递,2025-04-21 11:30:57,,1,0.21,0,6.00,0.00,2.80,6-3.2,1,1914159876773978112,极兔快递,JT0016197392643,服饰,福建省,
郝悦_站点-兴延小区,兴延小区,兴延小区,快递,2025-04-21 11:29:28,,1,0.46,0,6.00,0.00,2.80,6-3.2,1,1914159502214242304,极兔快递,JT0016195591592,服饰,福建省,
郝悦_站点-兴延小区,兴延小区,兴延小区,快递,2025-04-21 11:24:01,,1,0.2,0,6.00,0.00,2.80,6-3.2,1,1914158129477263360,极兔快递,JT0016198660349,服饰,浙江省,
郝悦_站点-兴延小区,兴延小区,兴延小区,干洗,2025-04-21 11:10:53,,,,,24.80,,7.44,30%,,1914154824382488576,干洗,,"棉服_毛呢_羽绒服   *   1",,
郝悦_站点-兴延小区,兴延小区,兴延小区,快递,2025-04-21 10:54:30,,1,0.29,0,6.00,0.00,2.80,6-3.2,1,1914150697275432960,极兔快递,JT0016196884145,服饰,广东省,
郝悦_站点-兴延小区,兴延小区,兴延小区,快递,2025-04-21 10:53:37,,1,0.26,0,6.00,0.00,2.80,6-3.2,1,1914150479217762304,极兔快递,JT0016194057547,服饰2件,广东省,
郝悦_站点-兴延小区,兴延小区,兴延小区,干洗,2025-04-21 10:41:44,,,,,97.00,,29.10,30%,,1914147489031331840,干洗,,"羊剪绒   *   1
清洗普通羽绒服2件不分长短49元   *   1
清洗普通羽绒服2件不分长短49元   *   1",,
郝悦_站点-兴延小区,兴延小区,兴延小区,快递,2025-04-21 10:24:36,,1,0.32,0,6.00,0.00,2.80,6-3.2,1,1914143145061982208,极兔快递,JT0016192046769,服饰,湖北省,
郝悦_站点-兴延小区,兴延小区,兴延小区,快递,2025-04-20 21:06:44,,1,0.23,0,6.00,0.00,2.80,6-3.2,1,1913942388949852160,极兔快递,JT0016192957943,服饰,广东省,
郝悦_站点-兴延小区,兴延小区,兴延小区,快递,2025-04-20 21:04:43,,1,0.74,0,6.00,0.00,2.80,6-3.2,1,1913941870026366976,极兔快递,JT0016189856945,服饰,广东省,
郝悦_站点-兴延小区,兴延小区,兴延小区,快递,2025-04-20 21:03:38,,1,0.57,0,6.00,0.00,2.80,6-3.2,1,1913941607173529600,极兔快递,JT0016194111637,生活用品,四川省,
郝悦_站点-兴延小区,兴延小区,兴延小区,干洗,2025-04-20 20:58:38,,,,,73.50,,22.05,30%,,1913940346109894656,干洗,,"清洗普通羽绒服2件不分长短49元   *   1
清洗普通羽绒服2件不分长短49元   *   1
清洗普通羽绒服2件不分长短49元   *   1",,
郝悦_站点-兴延小区,兴延小区,兴延小区,快递,2025-04-20 20:48:08,,1,0.25,0,6.00,0.00,2.80,6-3.2,1,1913937704860196864,极兔快递,JT0016186441882,服饰3件,广东省,
郝悦_站点-兴延小区,兴延小区,兴延小区,快递,2025-04-20 20:26:44,,1,0.2,0,6.00,0.00,2.80,6-3.2,1,1913932322230181888,极兔快递,JT0016183275888,生活用品,河南省,
郝悦_站点-兴延小区,兴延小区,兴延小区,快递,2025-04-20 20:23:30,,1,0.32,0,6.00,0.00,2.80,6-3.2,1,1913931511693516800,极兔快递,JT0016192116460,服饰,湖北省,
郝悦_站点-兴延小区,兴延小区,兴延小区,快递,2025-04-20 20:19:34,,1,0.53,0,6.00,0.00,2.80,6-3.2,1,1913930516443897856,极兔快递,JT0016191619728,服饰2件,山东省,
郝悦_站点-兴延小区,兴延小区,兴延小区,快递,2025-04-20 20:12:51,,1,0.38,0,6.00,0.00,2.80,6-3.2,1,1913928731159371776,极兔快递,JT0016193121883,服饰,浙江省,
郝悦_站点-兴延小区,兴延小区,兴延小区,快递,2025-04-20 20:11:28,,1,0.2,0,6.00,0.00,2.80,6-3.2,1,1913928473327116288,极兔快递,JT0016192921396,服饰,广东省,
郝悦_站点-兴延小区,兴延小区,兴延小区,快递,2025-04-20 20:10:28,,1,0.2,0,6.00,0.00,2.80,6-3.2,1,1913928220016320512,极兔快递,JT0016188459441,服饰,广东省,
郝悦_站点-兴延小区,兴延小区,兴延小区,快递,2025-04-20 20:07:00,,1,0.61,0,6.00,0.00,2.80,6-3.2,1,1913927348150542336,极兔快递,JT0016189093006,生活用品,河北省,
郝悦_站点-兴延小区,兴延小区,兴延小区,快递,2025-04-20 19:51:58,,1,0.2,0,6.00,0.00,2.80,6-3.2,1,1913923572551327744,极兔快递,JT0016192583438,食品,安徽省,
郝悦_站点-兴延小区,兴延小区,兴延小区,快递,2025-04-20 19:30:15,,1,0.53,0,6.00,0.00,2.80,6-3.2,1,1913918104017772544,极兔快递,JT0016187824900,服饰,广东省,
郝悦_站点-兴延小区,兴延小区,兴延小区,快递,2025-04-20 19:20:57,,2,0.84,1,7.00,0.00,3.01,43% ,1,1913915764581801984,极兔快递,JT0016189305007,服饰鞋,福建省,
郝悦_站点-兴延小区,兴延小区,兴延小区,快递,2025-04-20 19:12:11,,2,0.61,1,7.00,0.00,3.01,43% ,1,1913913557354487808,极兔快递,JT0016191992375,服饰鞋,广东省,
郝悦_站点-兴延小区,兴延小区,兴延小区,快递,2025-04-20 19:08:19,,1,0.26,0,6.00,0.00,2.80,6-3.2,1,1913912586528301056,极兔快递,JT0016189027811,服饰,广东省,
郝悦_站点-兴延小区,兴延小区,兴延小区,快递,2025-04-20 19:06:09,,1,0.29,0,6.00,0.00,2.80,6-3.2,1,1913912039557505024,极兔快递,JT0016191498541,服饰,广东省,
郝悦_站点-兴延小区,兴延小区,兴延小区,快递,2025-04-20 18:58:11,,3,2.07,0,8.00,0.00,3.60,45% ,1,1913910035292561408,极兔快递,JT0016184144837,生活用品,浙江省,
郝悦_站点-兴延小区,兴延小区,兴延小区,快递,2025-04-20 18:46:50,,1,0.34,0,6.00,0.00,2.80,6-3.2,1,1913907179038646272,极兔快递,JT0016191919420,服饰,安徽省,
郝悦_站点-兴延小区,兴延小区,兴延小区,快递,2025-04-20 18:42:04,,1,0.46,0,6.00,0.00,2.80,6-3.2,1,1913905979065049088,极兔快递,JT0016190441804,服饰,黑龙江省,
郝悦_站点-兴延小区,兴延小区,兴延小区,快递,2025-04-20 18:39:55,,1,0.38,0,6.00,0.00,2.80,6-3.2,1,1913905437823672320,极兔快递,JT0016190486147,服饰,广东省,
郝悦_站点-兴延小区,兴延小区,兴延小区,快递,2025-04-20 18:25:51,,1,0.34,0,6.00,0.00,2.80,6-3.2,1,1913901900381233152,极兔快递,JT0016188249820,服饰,四川省,
郝悦_站点-兴延小区,兴延小区,兴延小区,快递,2025-04-20 18:14:50,,2,1.24,0,7.00,0.00,3.01,43% ,1,1913899126520225792,极兔快递,JT0016191539482,服饰2件,广东省,
郝悦_站点-兴延小区,兴延小区,兴延小区,快递,2025-04-20 18:10:55,,1,0.2,0,6.00,0.00,2.80,6-3.2,1,1913898137163603968,极兔快递,JT0016191362112,服饰,湖南省,
郝悦_站点-兴延小区,兴延小区,兴延小区,快递,2025-04-20 18:02:24,,1,0.2,0,6.00,0.00,2.80,6-3.2,1,1913895999033253888,极兔快递,JT0016191609711,服饰,广东省,
郝悦_站点-兴延小区,兴延小区,兴延小区,快递,2025-04-20 17:54:22,,1,0.25,0,6.00,0.00,2.80,6-3.2,1,1913893972001628160,极兔快递,JT0016190847582,生活用品,浙江省,
郝悦_站点-兴延小区,兴延小区,兴延小区,快递,2025-04-20 17:37:55,,1,0.6,0,6.00,0.00,2.80,6-3.2,1,1913889837458071552,极兔快递,JT0016190732376,服饰,辽宁省,
郝悦_站点-兴延小区,兴延小区,兴延小区,快递,2025-04-20 17:08:05,,1,0.43,0,6.00,0.00,2.80,6-3.2,1,1913882332438929408,极兔快递,JT0016187491076,服饰2件,山东省,
郝悦_站点-兴延小区,兴延小区,兴延小区,快递,2025-04-20 16:20:06,,1,0.25,0,6.00,0.00,2.80,6-3.2,1,1913870254391107584,极兔快递,JT0016185986642,服饰,广东省,
郝悦_站点-兴延小区,兴延小区,兴延小区,快递,2025-04-20 15:40:19,,1,0.63,0,6.00,0.00,2.80,6-3.2,1,1913860230247817216,极兔快递,JT0016186402359,服饰2件,河北省,
郝悦_站点-兴延小区,兴延小区,兴延小区,快递,2025-04-20 15:22:38,,1,0.81,0,6.00,0.00,2.80,6-3.2,1,1913855789243244544,极兔快递,JT0016187353482,服饰,河南省,
郝悦_站点-兴延小区,兴延小区,兴延小区,快递,2025-04-20 15:20:23,,1,0.48,0,6.00,0.00,2.80,6-3.2,1,1913855220139106304,极兔快递,JT0016184934722,服饰,浙江省,
郝悦_站点-兴延小区,兴延小区,兴延小区,快递,2025-04-20 15:18:09,,1,0.2,0,6.00,0.00,2.80,6-3.2,1,1913854662770630656,极兔快递,JT0016175601769,服饰,广东省,
郝悦_站点-兴延小区,兴延小区,兴延小区,快递,2025-04-20 15:16:43,,1,0.2,0,6.00,0.00,2.80,6-3.2,1,1913854302471528448,极兔快递,JT0016180186889,服饰,广东省,
郝悦_站点-兴延小区,兴延小区,兴延小区,快递,2025-04-20 15:14:36,,1,0.69,0,6.00,0.00,2.80,6-3.2,1,1913853767890706432,极兔快递,JT0016185423061,服饰,湖南省,
郝悦_站点-兴延小区,兴延小区,兴延小区,快递,2025-04-20 15:05:10,,1,0.52,0,6.00,0.00,2.80,6-3.2,1,1913851389749698560,极兔快递,JT0016177802544,生活用品,广东省,
郝悦_站点-兴延小区,兴延小区,兴延小区,快递,2025-04-20 14:27:45,,1,0.49,0,6.00,0.00,2.80,6-3.2,1,1913841973172314112,极兔快递,JT0016184573959,服饰,山东省,
郝悦_站点-兴延小区,兴延小区,兴延小区,快递,2025-04-20 14:16:57,,1,0.55,0,6.00,0.00,2.80,6-3.2,1,1913839259017224192,极兔快递,JT0016182659005,服饰鞋,浙江省,
郝悦_站点-兴延小区,兴延小区,兴延小区,快递,2025-04-20 14:15:37,,1,0.81,0,6.00,0.00,2.80,6-3.2,1,1913838926924816384,极兔快递,JT0016186878806,服饰鞋,广东省,
郝悦_站点-兴延小区,兴延小区,兴延小区,快递,2025-04-20 14:14:07,,1,0.38,0,6.00,0.00,2.80,6-3.2,1,1913838547545825280,极兔快递,JT0016186879961,服饰,辽宁省,
郝悦_站点-兴延小区,兴延小区,兴延小区,快递,2025-04-20 14:12:35,,1,0.71,0,6.00,0.00,2.80,6-3.2,1,1913838161372061696,极兔快递,JT0016186679641,服饰,河北省,
郝悦_站点-兴延小区,兴延小区,兴延小区,快递,2025-04-20 13:57:35,,1,0.43,0,6.00,0.00,2.80,6-3.2,1,1913834386674622464,极兔快递,JT0016181771154,服饰,广东省,
郝悦_站点-兴延小区,兴延小区,兴延小区,快递,2025-04-20 13:47:36,,1,0.2,0,6.00,0.00,2.80,6-3.2,1,1913831865918889984,极兔快递,JT0016184263556,服饰,广东省,
郝悦_站点-兴延小区,兴延小区,兴延小区,快递,2025-04-20 12:59:25,,1,0.42,0,6.00,0.00,2.80,6-3.2,1,1913819697781612544,极兔快递,JT0016182150804,服饰,广东省,
郝悦_站点-兴延小区,兴延小区,兴延小区,快递,2025-04-20 11:45:59,,1,0.4,0,6.00,0.00,2.80,6-3.2,1,1913801273009446912,极兔快递,JT0016182108067,文件,湖北省,
郝悦_站点-兴延小区,兴延小区,兴延小区,快递,2025-04-20 11:25:52,,1,0.54,0,6.00,0.00,2.80,6-3.2,1,1913796203110932480,极兔快递,JT0016181724778,服饰,云南省,
郝悦_站点-兴延小区,兴延小区,兴延小区,快递,2025-04-20 10:52:07,,2,1.24,0,7.00,0.00,3.01,43% ,1,1913787706491215872,极兔快递,JT0016183126144,生活用品,河北省,
郝悦_站点-兴延小区,兴延小区,兴延小区,快递,2025-04-20 10:35:51,2025-04-20 02:41:42,1,,,6.00,,0.00,,1,1913783618269552640,极兔快递,JT0016181918637,服饰鞋,浙江省,已全额退款
郝悦_站点-兴延小区,兴延小区,兴延小区,快递,2025-04-20 10:40:59,,1,0.41,0,6.00,0.00,2.52,42% ,1,1913784901713993728,韵达快递,312717342438340,服饰鞋,浙江省,
郝悦_站点-兴延小区,兴延小区,兴延小区,快递,2025-04-20 10:33:56,2025-04-20 02:40:14,1,,,6.00,,0.00,,1,1913783138629918720,极兔快递,JT0016181915152,服饰帽子,浙江省,已全额退款
郝悦_站点-兴延小区,兴延小区,兴延小区,快递,2025-04-20 10:39:01,,1,0.35,0,6.00,0.00,2.52,42% ,1,1913784420958674944,韵达快递,312717337176155,服饰帽子,浙江省,
郝悦_站点-兴延小区,兴延小区,兴延小区,干洗,2025-04-20 10:29:27,,,,,35.00,,10.50,30%,,1913782001436663808,干洗,,"棉服_毛呢_羽绒服   *   1",,
郝悦_站点-兴延小区,兴延小区,兴延小区,快递,2025-04-19 20:21:59,,1,0.2,0,6.00,0.00,2.80,6-3.2,1,1913568732193169408,极兔快递,JT0016177368550,服饰,江苏省,
郝悦_站点-兴延小区,兴延小区,兴延小区,快递,2025-04-19 20:10:39,,1,0.36,0,6.00,0.00,2.80,6-3.2,1,1913565883753242624,极兔快递,JT0016175611276,其他小树苗,江苏省,
郝悦_站点-兴延小区,兴延小区,兴延小区,快递,2025-04-19 19:10:58,,3,2.32,0,8.00,0.00,3.60,45% ,1,1913550868451106816,极兔快递,JT0016176648483,服饰鞋2双，衣服1件,安徽省,
郝悦_站点-兴延小区,兴延小区,兴延小区,快递,2025-04-19 19:07:04,,2,1.16,0,7.00,0.00,3.01,43% ,1,1913549883515281408,极兔快递,JT0016176791901,生活用品,广东省,
郝悦_站点-兴延小区,兴延小区,兴延小区,快递,2025-04-19 19:03:31,,1,0.87,0,6.00,0.00,2.80,6-3.2,1,1913548976387989504,极兔快递,JT0016176595015,服饰鞋,浙江省,
郝悦_站点-兴延小区,兴延小区,兴延小区,干洗,2025-04-19 18:57:27,,,,,29.70,,8.91,30%,,1913547462240051200,干洗,,"清洗鞋19.8元两双   *   1
清洗鞋19.8元两双   *   1
清洗鞋19.8元两双   *   1",,
郝悦_站点-兴延小区,兴延小区,兴延小区,快递,2025-04-19 18:16:04,,1,0.2,0,6.00,0.00,2.80,6-3.2,1,1913537049926508544,极兔快递,JT0016176316674,服饰,湖北省,
郝悦_站点-兴延小区,兴延小区,兴延小区,快递,2025-04-19 18:14:39,,2,1.52,0,7.00,0.00,3.01,43% ,1,1913536676524400640,极兔快递,JT0016175488384,生活用品,浙江省,
郝悦_站点-兴延小区,兴延小区,兴延小区,快递,2025-04-19 17:55:37,,14,13.38,0,36.00,16.50,13.40,40%,1,1913531747248316416,极兔快递,JT0016173067865,食品,上海市,
郝悦_站点-兴延小区,兴延小区,兴延小区,快递,2025-04-19 17:32:12,,1,0.57,0,6.00,0.00,2.80,6-3.2,1,1913526011269160960,极兔快递,JT0016175816013,生活用品,辽宁省,
郝悦_站点-兴延小区,兴延小区,兴延小区,快递,2025-04-19 17:27:45,,1,0.72,0,6.00,0.00,2.80,6-3.2,1,1913524890752458752,极兔快递,JT0016175357650,服饰,浙江省,
郝悦_站点-兴延小区,兴延小区,兴延小区,快递,2025-04-19 17:26:24,,1,0.77,0,6.00,0.00,2.80,6-3.2,1,1913524550279831552,极兔快递,JT0016171443863,服饰,广东省,
郝悦_站点-兴延小区,兴延小区,兴延小区,快递,2025-04-19 17:24:28,,1,0.96,0,6.00,0.00,2.80,6-3.2,1,1913524059403657216,极兔快递,JT0016175882814,服饰,湖南省,
郝悦_站点-兴延小区,兴延小区,兴延小区,快递,2025-04-19 16:34:17,,1,0.2,0,6.00,0.00,2.80,6-3.2,1,1913511423324659712,极兔快递,JT0016175111404,服饰,陕西省,
郝悦_站点-兴延小区,兴延小区,兴延小区,快递,2025-04-19 15:21:24,,3,3.06,-1,8.00,1.50,3.60,45% ,1,1913493090881708032,极兔快递,JT0016171650971,食品,浙江省,
郝悦_站点-兴延小区,兴延小区,兴延小区,快递,2025-04-19 13:34:59,,1,0.47,0,6.00,0.00,2.80,6-3.2,1,1913466312075190272,极兔快递,JT0016171035764,服饰,河南省,
郝悦_站点-兴延小区,兴延小区,兴延小区,快递,2025-04-19 13:33:25,,1,0.43,0,6.00,0.00,2.80,6-3.2,1,1913465916820758528,极兔快递,JT0016166337519,服饰,河南省,
郝悦_站点-兴延小区,兴延小区,兴延小区,快递,2025-04-19 13:30:13,,2,1.0,1,7.00,0.00,3.01,43% ,1,1913465115574476800,极兔快递,JT0016160497947,服饰鞋,福建省,
郝悦_站点-兴延小区,兴延小区,兴延小区,快递,2025-04-19 13:28:59,,1,1.57,-1,6.00,0.00,2.80,6-3.2,1,1913464804407451648,极兔快递,JT0016166352950,生活用品,广东省,
郝悦_站点-兴延小区,兴延小区,兴延小区,快递,2025-04-19 12:20:37,,1,0.5,0,6.00,0.00,2.80,6-3.2,1,1913447595387854848,极兔快递,JT0016169989233,服饰,浙江省,
郝悦_站点-兴延小区,兴延小区,兴延小区,快递,2025-04-19 12:15:12,,1,0.28,0,6.00,0.00,2.80,6-3.2,1,1913446231882539008,极兔快递,JT0016166977251,生活用品,浙江省,
郝悦_站点-兴延小区,兴延小区,兴延小区,快递,2025-04-19 11:42:51,,1,0.2,0,6.00,0.00,2.80,6-3.2,1,1913438092202287104,极兔快递,JT0016168212352,生活用品,河北省,
郝悦_站点-兴延小区,兴延小区,兴延小区,快递,2025-04-19 11:24:39,,1,0.32,0,6.00,0.00,2.80,6-3.2,1,1913433510873079808,极兔快递,JT0016163658851,服饰,江苏省,
郝悦_站点-兴延小区,兴延小区,兴延小区,快递,2025-04-19 11:16:57,,1,0.2,0,6.00,0.00,2.80,6-3.2,1,1913431575998701568,极兔快递,JT0016162409902,生活用品,浙江省,
郝悦_站点-兴延小区,兴延小区,兴延小区,快递,2025-04-19 11:12:45,,2,0.89,1,7.00,0.00,3.01,43% ,1,1913430378239696896,极兔快递,JT0016163394307,服饰鞋,福建省,
郝悦_站点-兴延小区,兴延小区,兴延小区,快递,2025-04-19 10:48:23,,1,0.27,0,6.00,0.00,2.80,6-3.2,1,1913424384285679616,极兔快递,JT0016165951266,服饰,广东省,
郝悦_站点-兴延小区,兴延小区,兴延小区,快递,2025-04-19 10:38:47,,2,0.92,1,7.00,0.00,3.01,43% ,1,1913421959919247360,极兔快递,JT0016155177804,服饰鞋,福建省,
郝悦_站点-兴延小区,兴延小区,兴延小区,快递,2025-04-19 10:36:37,,2,0.94,1,7.00,0.00,3.01,43% ,1,1913421423937527808,极兔快递,JT0016166355941,服饰鞋,福建省,
郝悦_站点-兴延小区,兴延小区,兴延小区,快递,2025-04-19 10:17:34,,1,0.24,0,6.00,0.00,2.80,6-3.2,1,1913416633597763584,极兔快递,JT0016166384467,服饰,河北省,
郝悦_站点-兴延小区,兴延小区,兴延小区,快递,2025-04-19 10:16:00,,1,0.2,0,6.00,0.00,2.80,6-3.2,1,1913416237848403968,极兔快递,JT0016161859564,服饰,河南省,
郝悦_站点-兴延小区,兴延小区,兴延小区,快递,2025-04-19 10:14:39,,1,0.21,0,6.00,0.00,2.80,6-3.2,1,1913415896914403328,极兔快递,JT0016154783486,服饰,广东省,
郝悦_站点-兴延小区,兴延小区,兴延小区,快递,2025-04-19 10:08:59,,1,0.29,0,6.00,0.00,2.80,6-3.2,1,1913414458192633856,极兔快递,JT0016160719749,服饰包,广东省,
郝悦_站点-兴延小区,兴延小区,兴延小区,快递,2025-04-19 10:07:54,,1,0.8,0,6.00,0.00,2.80,6-3.2,1,1913414197076238336,极兔快递,JT0016162599955,服饰包,浙江省,
郝悦_站点-兴延小区,兴延小区,兴延小区,快递,2025-04-18 19:42:46,,1,0.56,0,6.00,0.00,2.80,6-3.2,1,1913196478749941760,极兔快递,JT0016158645314,服饰,河北省,
郝悦_站点-兴延小区,兴延小区,兴延小区,干洗,2025-04-18 19:13:05,,,,,98.00,,29.40,30%,,1913189005829808128,干洗,,"清洗普通羽绒服2件不分长短49元   *   1
清洗普通羽绒服2件不分长短49元   *   1
清洗普通羽绒服2件不分长短49元   *   1
清洗普通羽绒服2件不分长短49元   *   1",,
郝悦_站点-兴延小区,兴延小区,兴延小区,快递,2025-04-18 18:38:32,,1,0.35,0,6.00,0.00,2.80,6-3.2,1,1913180317626867712,极兔快递,JT0016159502064,服饰,浙江省,
郝悦_站点-兴延小区,兴延小区,兴延小区,快递,2025-04-18 18:27:04,,1,0.23,0,6.00,0.00,2.80,6-3.2,1,1913177415013310464,极兔快递,JT0016158668779,生活用品,广东省,
郝悦_站点-兴延小区,兴延小区,兴延小区,快递,2025-04-18 18:24:29,,1,0.66,0,6.00,0.00,2.80,6-3.2,1,1913176777453936640,极兔快递,JT0016156846899,服饰,吉林省,
郝悦_站点-兴延小区,兴延小区,兴延小区,快递,2025-04-18 18:21:49,,1,0.51,0,6.00,0.00,2.80,6-3.2,1,1913176105513852928,极兔快递,JT0016156471441,服饰,河北省,
郝悦_站点-兴延小区,兴延小区,兴延小区,快递,2025-04-18 18:20:09,,1,0.31,0,6.00,0.00,2.80,6-3.2,1,1913175688927191040,极兔快递,JT0016161745385,服饰,河北省,
郝悦_站点-兴延小区,兴延小区,兴延小区,快递,2025-04-18 18:13:56,,1,0.82,0,6.00,0.00,2.80,6-3.2,1,1913174124485353472,极兔快递,JT0016159365825,生活用品,河南省,
郝悦_站点-兴延小区,兴延小区,兴延小区,快递,2025-04-18 17:30:40,,1,0.43,0,6.00,0.00,2.80,6-3.2,1,1913163239935123456,极兔快递,JT0016149837542,服饰,广东省,
郝悦_站点-兴延小区,兴延小区,兴延小区,快递,2025-04-18 17:23:10,,1,0.43,0,6.00,0.00,2.80,6-3.2,1,1913161348484374528,极兔快递,JT0016161108790,服饰,湖北省,
郝悦_站点-兴延小区,兴延小区,兴延小区,快递,2025-04-18 16:56:23,,1,0.2,0,6.00,0.00,2.80,6-3.2,1,1913154604559441920,极兔快递,JT0016156193199,服饰,广东省,
郝悦_站点-兴延小区,兴延小区,兴延小区,快递,2025-04-18 16:03:51,,1,0.42,0,6.00,0.00,2.80,6-3.2,1,1913141389444194304,极兔快递,JT0016150031879,服饰鞋,浙江省,
郝悦_站点-兴延小区,兴延小区,兴延小区,快递,2025-04-18 15:50:11,,2,1.12,0,7.00,0.00,3.01,43% ,1,1913137952153346048,极兔快递,JT0016159021601,服饰鞋,浙江省,
郝悦_站点-兴延小区,兴延小区,兴延小区,快递,2025-04-18 15:49:07,,1,0.22,0,6.00,0.00,2.80,6-3.2,1,1913137682749005824,极兔快递,JT0016159078821,服饰,广东省,
郝悦_站点-兴延小区,兴延小区,兴延小区,快递,2025-04-18 15:47:19,,1,0.2,0,6.00,0.00,2.80,6-3.2,1,1913137226140295168,极兔快递,JT0016157252023,服饰,广东省,
郝悦_站点-兴延小区,兴延小区,兴延小区,快递,2025-04-18 15:42:50,,1,0.2,0,6.00,0.00,2.80,6-3.2,1,1913136099806093312,极兔快递,JT0016156878190,生活用品,江西省,
郝悦_站点-兴延小区,兴延小区,兴延小区,快递,2025-04-18 14:44:12,,1,0.62,0,6.00,0.00,2.80,6-3.2,1,1913121341019201536,极兔快递,JT0016149912927,服饰,江苏省,
郝悦_站点-兴延小区,兴延小区,兴延小区,快递,2025-04-18 13:16:02,,2,1.64,0,7.00,0.00,3.01,43% ,1,1913099136973611008,极兔快递,JT0016154568403,生活用品,河北省,
郝悦_站点-兴延小区,兴延小区,兴延小区,快递,2025-04-18 13:15:07,,2,1.27,0,7.00,0.00,3.01,43% ,1,1913098822136569856,极兔快递,JT0016152385550,生活用品,河北省,
郝悦_站点-兴延小区,兴延小区,兴延小区,快递,2025-04-18 12:38:03,,1,0.32,0,6.00,0.00,2.80,6-3.2,1,1913089596261605376,极兔快递,JT0016150616948,服饰,黑龙江省,
郝悦_站点-兴延小区,兴延小区,兴延小区,快递,2025-04-18 11:59:55,,1,0.58,0,6.00,0.00,2.80,6-3.2,1,1913080001069785088,极兔快递,JT0016150417733,服饰,广东省,
郝悦_站点-兴延小区,兴延小区,兴延小区,快递,2025-04-18 11:56:48,,1,0.52,0,6.00,0.00,2.80,6-3.2,1,1913079217296973824,极兔快递,JT0016147023271,服饰,广东省,
郝悦_站点-兴延小区,兴延小区,兴延小区,快递,2025-04-18 11:41:59,,1,0.2,0,6.00,0.00,2.80,6-3.2,1,1913075485461127168,极兔快递,JT0016153823851,生活用品,湖南省,
郝悦_站点-兴延小区,兴延小区,兴延小区,快递,2025-04-18 11:31:39,,1,0.5,0,6.00,0.00,2.80,6-3.2,1,1913072885193973760,极兔快递,JT0016149361485,生活用品,江苏省,
郝悦_站点-兴延小区,兴延小区,兴延小区,快递,2025-04-18 10:38:08,,1,0.2,0,6.00,0.00,2.80,6-3.2,1,1913059407041339392,极兔快递,JT0016149557342,服饰包包,浙江省,
郝悦_站点-兴延小区,兴延小区,兴延小区,快递,2025-04-18 10:37:04,,1,0.76,0,6.00,0.00,2.80,6-3.2,1,1913059155676700672,极兔快递,JT0016144219927,服饰2套,广东省,
郝悦_站点-兴延小区,兴延小区,兴延小区,快递,2025-04-18 10:35:40,,1,0.87,0,6.00,0.00,2.80,6-3.2,1,1913058761466650624,极兔快递,JT0016146548317,服饰,广东省,
郝悦_站点-兴延小区,兴延小区,兴延小区,快递,2025-04-18 10:21:30,,1,0.5,0,6.00,0.00,2.80,6-3.2,1,1913055234048598016,极兔快递,JT0016143458697,服饰3件,广东省,
郝悦_站点-兴延小区,兴延小区,兴延小区,快递,2025-04-18 10:18:28,,1,0.73,0,6.00,0.00,2.80,6-3.2,1,1913054469930295296,极兔快递,JT0016151749375,服饰,广东省,
郝悦_站点-兴延小区,兴延小区,兴延小区,快递,2025-04-17 22:43:09,,1,0.2,0,6.00,0.00,2.80,6-3.2,1,1912879488171446272,极兔快递,JT0016147219366,生活用品,山东省,
郝悦_站点-兴延小区,兴延小区,兴延小区,快递,2025-04-17 22:41:21,,1,0.34,0,6.00,0.00,2.80,6-3.2,1,1912879032837804032,极兔快递,JT0016146005694,生活用品,山东省,
郝悦_站点-兴延小区,兴延小区,兴延小区,快递,2025-04-17 21:44:32,,1,0.04,0,6.00,0.00,2.52,42% ,1,1912864733461417984,韵达快递,312714688072853,生活用品,天津市,
郝悦_站点-兴延小区,兴延小区,兴延小区,快递,2025-04-17 20:14:31,,1,0.28,0,6.00,0.00,2.80,6-3.2,1,1912842082483376128,极兔快递,JT0016143459896,服饰,江苏省,
郝悦_站点-兴延小区,兴延小区,兴延小区,快递,2025-04-17 20:03:03,,1,0.2,0,6.00,0.00,2.80,6-3.2,1,1912839194155618304,极兔快递,JT0016146383174,生活用品,广东省,
郝悦_站点-兴延小区,兴延小区,兴延小区,快递,2025-04-17 20:02:15,,1,0.31,0,6.00,0.00,2.80,6-3.2,1,1912838995886673920,极兔快递,JT0016145279184,服饰,广东省,
郝悦_站点-兴延小区,兴延小区,兴延小区,快递,2025-04-17 19:21:50,,1,0.22,0,6.00,0.00,2.80,6-3.2,1,1912828824191963136,极兔快递,JT0016120322235,服饰,湖北省,
郝悦_站点-兴延小区,兴延小区,兴延小区,快递,2025-04-17 19:19:55,,1,0.2,0,6.00,0.00,2.80,6-3.2,1,1912828339426889728,极兔快递,JT0016146482991,服饰,广东省,
郝悦_站点-兴延小区,兴延小区,兴延小区,快递,2025-04-17 18:36:25,,1,0.2,0,6.00,0.00,2.80,6-3.2,1,1912817395229462528,极兔快递,JT0016145933884,服饰,广东省,
郝悦_站点-兴延小区,兴延小区,兴延小区,快递,2025-04-17 18:24:59,,2,0.83,1,7.00,0.00,3.01,43% ,1,1912814520520609792,极兔快递,JT0016142400295,生活用品,浙江省,
郝悦_站点-兴延小区,兴延小区,兴延小区,快递,2025-04-17 18:24:20,,1,0.25,0,6.00,0.00,2.80,6-3.2,1,1912814350290587648,极兔快递,JT0016145944734,服饰,河北省,
郝悦_站点-兴延小区,兴延小区,兴延小区,快递,2025-04-17 18:23:34,,1,0.4,0,6.00,0.00,2.80,6-3.2,1,1912814150054514688,极兔快递,JT0016144784291,服饰,广东省,
郝悦_站点-兴延小区,兴延小区,兴延小区,快递,2025-04-17 18:22:40,,1,0.32,0,6.00,0.00,2.80,6-3.2,1,1912813936325365760,极兔快递,JT0016143578765,服饰,广东省,
郝悦_站点-兴延小区,兴延小区,兴延小区,快递,2025-04-17 18:21:40,,2,0.2,1,7.00,0.00,3.01,43% ,1,1912813679935950848,极兔快递,JT0016142665816,服饰鞋,福建省,
郝悦_站点-兴延小区,兴延小区,兴延小区,快递,2025-04-17 18:20:26,,1,0.2,0,6.00,0.00,2.80,6-3.2,1,1912813348422356992,极兔快递,JT0016145610233,服饰,广东省,
郝悦_站点-兴延小区,兴延小区,兴延小区,快递,2025-04-17 18:19:33,,1,0.43,0,6.00,0.00,2.80,6-3.2,1,1912813127005048832,极兔快递,JT0016145200120,服饰,广东省,
郝悦_站点-兴延小区,兴延小区,兴延小区,快递,2025-04-17 18:18:40,,1,0.23,0,6.00,0.00,2.80,6-3.2,1,1912812922079744000,极兔快递,JT0016143852555,生活用品,广东省,
郝悦_站点-兴延小区,兴延小区,兴延小区,快递,2025-04-17 18:17:40,,1,0.47,0,6.00,0.00,2.80,6-3.2,1,1912812681993588736,极兔快递,JT0016144874244,服饰,湖南省,
郝悦_站点-兴延小区,兴延小区,兴延小区,快递,2025-04-17 18:14:12,2025-04-17 10:16:41,1,,,6.00,,0.00,,1,1912811804612300800,极兔快递,JT0016137319210,服饰,广东省,已全额退款
郝悦_站点-兴延小区,兴延小区,兴延小区,快递,2025-04-17 18:15:55,,1,0.4,0,6.00,0.00,2.80,6-3.2,1,1912812240593424384,极兔快递,JT0016144432852,生活用品,广东省,
郝悦_站点-兴延小区,兴延小区,兴延小区,快递,2025-04-17 18:09:26,,1,0.56,0,6.00,0.00,2.80,6-3.2,1,1912810602331836416,极兔快递,JT0016145208366,服饰,广东省,
郝悦_站点-兴延小区,兴延小区,兴延小区,快递,2025-04-17 17:40:31,,3,4.14,-2,8.00,3.00,3.60,45% ,1,1912803321070424064,极兔快递,JT0016141777236,生活用品,江苏省,
郝悦_站点-兴延小区,兴延小区,兴延小区,快递,2025-04-17 17:36:19,,1,0.23,0,6.00,0.00,2.80,6-3.2,1,1912802272888688640,极兔快递,JT0016141339356,生活用品,湖北省,
郝悦_站点-兴延小区,兴延小区,兴延小区,快递,2025-04-17 17:27:52,,1,0.36,0,6.00,0.00,2.80,6-3.2,1,1912800145135046656,极兔快递,JT0016144157435,服饰,江苏省,
郝悦_站点-兴延小区,兴延小区,兴延小区,快递,2025-04-17 17:22:40,,1,0.2,0,6.00,0.00,2.80,6-3.2,1,1912798832364032000,极兔快递,JT0016140032090,服饰,广东省,
郝悦_站点-兴延小区,兴延小区,兴延小区,快递,2025-04-17 15:43:14,,1,0.31,0,6.00,0.00,2.80,6-3.2,1,1912773808118763520,极兔快递,JT0016139548662,服饰,广东省,
郝悦_站点-兴延小区,兴延小区,兴延小区,快递,2025-04-17 13:47:31,,1,0.54,0,6.00,0.00,2.80,6-3.2,1,1912744693022003200,极兔快递,JT0016138006293,服饰,湖南省,
郝悦_站点-兴延小区,兴延小区,兴延小区,快递,2025-04-17 13:36:40,,1,0.2,0,6.00,0.00,2.80,6-3.2,1,1912741958159634432,极兔快递,JT0016140044755,服饰,广东省,
郝悦_站点-兴延小区,兴延小区,兴延小区,快递,2025-04-17 13:35:08,,1,0.82,0,6.00,0.00,2.80,6-3.2,1,1912741566193537024,极兔快递,JT0016127549155,服饰,浙江省,
郝悦_站点-兴延小区,兴延小区,兴延小区,快递,2025-04-17 13:34:28,,1,0.47,0,6.00,0.00,2.80,6-3.2,1,1912741386555691008,极兔快递,JT0016139991104,服饰,广东省,
郝悦_站点-兴延小区,兴延小区,兴延小区,快递,2025-04-17 13:33:24,,1,0.69,0,6.00,0.00,2.80,6-3.2,1,1912741136856190976,极兔快递,JT0016137852255,服饰2件,广东省,
郝悦_站点-兴延小区,兴延小区,兴延小区,快递,2025-04-17 13:31:21,,1,0.62,0,6.00,0.00,2.80,6-3.2,1,1912740622705823744,极兔快递,JT0016139225999,服饰2件,广东省,
郝悦_站点-兴延小区,兴延小区,兴延小区,快递,2025-04-17 12:29:27,,8,6.9,1,20.00,6.00,8.00,40% ,1,1912725041751461888,韵达快递,312714297463831,生活用品,浙江省,
郝悦_站点-兴延小区,兴延小区,兴延小区,快递,2025-04-17 11:47:45,,1,0.25,0,6.00,0.00,2.80,6-3.2,1,1912714553458102272,极兔快递,JT0016131784274,生活用品,广东省,
郝悦_站点-兴延小区,兴延小区,兴延小区,干洗,2025-04-17 11:38:40,,,,,49.00,,14.70,30%,,1912712254463610880,干洗,,"清洗普通羽绒服2件不分长短49元   *   1
清洗普通羽绒服2件不分长短49元   *   1",,
郝悦_站点-兴延小区,兴延小区,兴延小区,快递,2025-04-17 11:33:56,,1,0.82,0,6.00,0.00,2.80,6-3.2,1,1912711077395107840,极兔快递,JT0016137360808,服饰鞋,河北省,
郝悦_站点-兴延小区,兴延小区,兴延小区,快递,2025-04-17 11:18:44,,1,0.54,0,6.00,0.00,2.80,6-3.2,1,1912707124456525824,极兔快递,JT0016136415407,服饰,广东省,
郝悦_站点-兴延小区,兴延小区,兴延小区,快递,2025-04-17 11:16:18,,1,0.3,0,6.00,0.00,2.80,6-3.2,1,1912706639678869504,极兔快递,JT0016135550855,服饰2件,山东省,
郝悦_站点-兴延小区,兴延小区,兴延小区,快递,2025-04-17 11:14:55,,1,0.2,0,6.00,0.00,2.80,6-3.2,1,1912706287751598080,极兔快递,JT0016136657363,服饰,河南省,
郝悦_站点-兴延小区,兴延小区,兴延小区,快递,2025-04-17 11:13:46,,1,0.2,0,6.00,0.00,2.80,6-3.2,1,1912705998248153088,极兔快递,JT0016137259298,服饰,广东省,
郝悦_站点-兴延小区,兴延小区,兴延小区,快递,2025-04-17 10:39:54,,1,0.2,0,6.00,0.00,2.80,6-3.2,1,1912697475443396608,极兔快递,JT0016135842332,服饰,江苏省,
郝悦_站点-兴延小区,兴延小区,兴延小区,快递,2025-04-17 10:37:09,,1,0.55,0,6.00,0.00,2.52,42% ,1,1912696672536170496,韵达快递,312714147045368,服饰,福建省,
郝悦_站点-兴延小区,兴延小区,兴延小区,快递,2025-04-17 10:28:08,,1,0.34,0,6.00,0.00,2.80,6-3.2,1,1912694516403867648,极兔快递,JT0016125886460,服饰鞋,福建省,
郝悦_站点-兴延小区,兴延小区,兴延小区,快递,2025-04-17 10:24:03,,1,0.2,0,6.00,0.00,2.80,6-3.2,1,1912693488535146496,极兔快递,JT0016132840339,服饰,广东省,
郝悦_站点-兴延小区,兴延小区,兴延小区,快递,2025-04-17 10:16:02,,1,0.36,0,6.00,0.00,2.80,6-3.2,1,1912691468793221120,极兔快递,JT0016134314732,服饰,湖北省,
郝悦_站点-兴延小区,兴延小区,兴延小区,快递,2025-04-16 21:09:06,,1,0.54,0,6.00,0.00,2.80,6-3.2,1,1912493416715325440,极兔快递,JT0016122643594,服饰,山西省,
郝悦_站点-兴延小区,兴延小区,兴延小区,快递,2025-04-16 20:29:39,,1,0.66,0,6.00,0.00,2.80,6-3.2,1,1912483494057414656,极兔快递,JT0016129445233,服饰鞋,广东省,
郝悦_站点-兴延小区,兴延小区,兴延小区,快递,2025-04-16 20:28:39,,1,0.55,0,6.00,0.00,2.80,6-3.2,1,1912483245138055168,极兔快递,JT0016125861613,服饰鞋,福建省,
郝悦_站点-兴延小区,兴延小区,兴延小区,快递,2025-04-16 20:11:50,,1,0.77,0,6.00,0.00,2.80,6-3.2,1,1912479019024453632,极兔快递,JT0016131802866,服饰鞋,福建省,
郝悦_站点-兴延小区,兴延小区,兴延小区,快递,2025-04-16 20:08:47,,1,0.2,0,6.00,0.00,2.80,6-3.2,1,1912478251127083008,极兔快递,JT0016130418210,服饰,广东省,
郝悦_站点-兴延小区,兴延小区,兴延小区,快递,2025-04-16 20:06:58,,1,0.64,0,6.00,0.00,2.80,6-3.2,1,1912477792991645696,极兔快递,JT0016131943963,服饰鞋,福建省,
郝悦_站点-兴延小区,兴延小区,兴延小区,快递,2025-04-16 20:04:00,,1,0.95,0,6.00,0.00,2.80,6-3.2,1,1912477043742150656,极兔快递,JT0016130490894,服饰鞋,安徽省,
郝悦_站点-兴延小区,兴延小区,兴延小区,快递,2025-04-16 19:58:06,,3,3.01,-1,8.00,1.50,3.60,45% ,1,1912475558211948544,极兔快递,JT0016128912438,食品,陕西省,
郝悦_站点-兴延小区,兴延小区,兴延小区,快递,2025-04-16 19:55:17,,2,1.2,0,7.00,0.00,3.01,43% ,1,1912474853946363904,极兔快递,JT0016129188904,服饰,天津市,
郝悦_站点-兴延小区,兴延小区,兴延小区,快递,2025-04-16 19:53:11,,1,0.71,0,6.00,0.00,2.80,6-3.2,1,1912474319508148224,极兔快递,JT0016131636589,服饰,广东省,
郝悦_站点-兴延小区,兴延小区,兴延小区,快递,2025-04-16 19:41:43,,2,1.29,0,7.00,0.00,3.01,43% ,1,1912471439514472448,极兔快递,JT0016130210760,生活用品,浙江省,
郝悦_站点-兴延小区,兴延小区,兴延小区,快递,2025-04-16 19:39:51,,1,0.36,0,6.00,0.00,2.80,6-3.2,1,1912470968263446528,极兔快递,JT0016130588661,服饰,广东省,
郝悦_站点-兴延小区,兴延小区,兴延小区,快递,2025-04-16 19:30:02,,1,0.41,0,6.00,0.00,2.80,6-3.2,1,1912468500645351424,极兔快递,JT0016131118735,服饰,浙江省,
郝悦_站点-兴延小区,兴延小区,兴延小区,快递,2025-04-16 19:27:58,,1,0.25,0,6.00,0.00,2.80,6-3.2,1,1912467978911682560,极兔快递,JT0016127805657,服饰,江苏省,
郝悦_站点-兴延小区,兴延小区,兴延小区,快递,2025-04-16 19:26:49,,1,0.22,0,6.00,0.00,2.80,6-3.2,1,1912467693275385856,极兔快递,JT0016129678331,服饰,广东省,
郝悦_站点-兴延小区,兴延小区,兴延小区,快递,2025-04-16 19:18:27,,1,1.1,-1,6.00,0.00,2.80,6-3.2,1,1912465585289498624,极兔快递,JT0016123994951,服饰鞋,浙江省,
郝悦_站点-兴延小区,兴延小区,兴延小区,快递,2025-04-16 19:14:29,,2,1.75,0,7.00,0.00,3.01,43% ,1,1912464590006325248,极兔快递,JT0016124877941,生活用品,浙江省,
郝悦_站点-兴延小区,兴延小区,兴延小区,快递,2025-04-16 19:01:18,,1,0.29,0,6.00,0.00,2.80,6-3.2,1,1912461262316834816,极兔快递,JT0016130551793,服饰,广东省,
郝悦_站点-兴延小区,兴延小区,兴延小区,快递,2025-04-16 18:59:36,,1,0.41,0,6.00,0.00,2.80,6-3.2,1,1912460838784405504,极兔快递,JT0016131050349,服饰,广东省,
郝悦_站点-兴延小区,兴延小区,兴延小区,快递,2025-04-16 17:47:23,,1,0.2,0,6.00,0.00,2.80,6-3.2,1,1912442636696227840,极兔快递,JT0016127794831,服饰,湖北省,
郝悦_站点-兴延小区,兴延小区,兴延小区,快递,2025-04-16 17:43:13,,1,0.67,0,6.00,0.00,2.52,42% ,1,1912441621242646528,韵达快递,312713659133547,服饰,河南省,
郝悦_站点-兴延小区,兴延小区,兴延小区,快递,2025-04-16 17:40:37,,1,0.52,0,6.00,0.00,2.80,6-3.2,1,1912440957858942976,极兔快递,JT0016118938628,服饰,广东省,
郝悦_站点-兴延小区,兴延小区,兴延小区,快递,2025-04-16 17:26:51,,1,0.2,0,6.00,0.00,2.80,6-3.2,1,1912437501295267840,极兔快递,JT0016129671972,生活用品,浙江省,
郝悦_站点-兴延小区,兴延小区,兴延小区,快递,2025-04-16 17:13:31,,1,0.47,0,6.00,0.00,2.80,6-3.2,1,1912434143931076608,极兔快递,JT0016124989100,服饰,福建省,
郝悦_站点-兴延小区,兴延小区,兴延小区,快递,2025-04-16 16:20:56,,1,0.52,0,6.00,0.00,2.80,6-3.2,1,1912420865821577216,极兔快递,JT0016124255053,服饰,辽宁省,
郝悦_站点-兴延小区,兴延小区,兴延小区,快递,2025-04-16 15:50:48,,1,0.61,0,6.00,0.00,2.80,6-3.2,1,1912413330146267136,极兔快递,JT0016120128381,服饰鞋,广东省,
郝悦_站点-兴延小区,兴延小区,兴延小区,快递,2025-04-16 15:48:59,,1,0.7,0,6.00,0.00,2.80,6-3.2,1,1912412856445767680,极兔快递,JT0016125858943,服饰鞋,广东省,
郝悦_站点-兴延小区,兴延小区,兴延小区,快递,2025-04-16 15:47:28,,1,0.72,0,6.00,0.00,2.80,6-3.2,1,1912412478375399424,极兔快递,JT0016124143100,服饰,广东省,
郝悦_站点-兴延小区,兴延小区,兴延小区,快递,2025-04-16 15:09:43,,1,0.29,0,6.00,0.00,2.80,6-3.2,1,1912402982454366208,极兔快递,JT0016123776771,服饰,广东省,
郝悦_站点-兴延小区,兴延小区,兴延小区,快递,2025-04-16 15:08:45,,1,0.29,0,6.00,0.00,2.80,6-3.2,1,1912402638152339456,极兔快递,JT0016123185813,服饰,广东省,
郝悦_站点-兴延小区,兴延小区,兴延小区,快递,2025-04-16 15:07:26,,1,0.2,0,6.00,0.00,2.80,6-3.2,1,1912402409130758144,极兔快递,JT0016124017009,服饰,广东省,
郝悦_站点-兴延小区,兴延小区,兴延小区,快递,2025-04-16 14:01:26,,1,0.2,0,6.00,0.00,2.80,6-3.2,1,1912385807689650176,极兔快递,JT0016122876492,服饰,广东省,
郝悦_站点-兴延小区,兴延小区,兴延小区,快递,2025-04-16 12:25:43,,1,1.07,-1,6.00,0.00,2.80,6-3.2,1,1912361715406147584,极兔快递,JT0016122342315,服饰,浙江省,
郝悦_站点-兴延小区,兴延小区,兴延小区,快递,2025-04-16 12:19:43,,1,0.48,0,6.00,0.00,2.80,6-3.2,1,1912360207281229824,极兔快递,JT0016117195220,服饰2件,江苏省,
郝悦_站点-兴延小区,兴延小区,兴延小区,快递,2025-04-16 12:17:23,,1,0.2,0,6.00,0.00,2.80,6-3.2,1,1912359621848666112,极兔快递,JT0016120628053,生活用品,福建省,
郝悦_站点-兴延小区,兴延小区,兴延小区,快递,2025-04-16 12:13:11,,1,0.95,0,6.00,0.00,2.80,6-3.2,1,1912358553282613248,极兔快递,JT0016121576389,服饰4件,江苏省,
郝悦_站点-兴延小区,兴延小区,兴延小区,快递,2025-04-16 12:03:41,,1,0.2,0,6.00,0.00,2.80,6-3.2,1,1912356173598101504,极兔快递,JT0016121195736,服饰,广东省,
郝悦_站点-兴延小区,兴延小区,兴延小区,快递,2025-04-16 12:03:05,,1,0.34,0,7.00,0.00,2.80,6-3.2,1,1912356024352182272,极兔快递,JT0016110563592,服饰,上海市,
郝悦_站点-兴延小区,兴延小区,兴延小区,快递,2025-04-16 12:02:17,,1,0.22,0,6.00,0.00,2.80,6-3.2,1,1912355819334602752,极兔快递,JT0016122508341,生活用品,浙江省,
郝悦_站点-兴延小区,兴延小区,兴延小区,快递,2025-04-16 11:50:19,,1,0.2,0,6.00,0.00,2.80,6-3.2,1,1912352809711767552,极兔快递,JT0016112694032,生活用品,广东省,
郝悦_站点-兴延小区,兴延小区,兴延小区,快递,2025-04-16 11:14:33,,2,1.56,0,7.00,0.00,3.01,43% ,1,1912343811906277376,韵达快递,312713351209790,生活用品,内蒙古自治区,
郝悦_站点-兴延小区,兴延小区,兴延小区,快递,2025-04-16 10:47:05,,1,0.28,0,6.00,0.00,2.80,6-3.2,1,1912336895784194048,极兔快递,JT0016115547157,服饰,浙江省,
郝悦_站点-兴延小区,兴延小区,兴延小区,快递,2025-04-16 10:37:20,,1,0.86,0,6.00,0.00,2.80,6-3.2,1,1912334441713700864,极兔快递,JT0016120533505,服饰,广东省,
郝悦_站点-兴延小区,兴延小区,兴延小区,快递,2025-04-16 10:24:16,,1,0.25,0,6.00,0.00,2.80,6-3.2,1,1912331149784846336,极兔快递,JT0016118827046,服饰,广东省,
郝悦_站点-兴延小区,兴延小区,兴延小区,快递,2025-04-16 10:23:00,,1,0.27,0,6.00,0.00,2.80,6-3.2,1,1912330825934245888,极兔快递,JT0016119790363,服饰,广东省,
郝悦_站点-兴延小区,兴延小区,兴延小区,快递,2025-04-16 10:22:04,,1,0.2,0,6.00,0.00,2.80,6-3.2,1,1912330599492161536,极兔快递,JT0016116257773,服饰,湖北省,
郝悦_站点-兴延小区,兴延小区,兴延小区,干洗,2025-04-15 20:51:13,,,,,73.50,,22.05,30%,,1912126539908452352,干洗,,"清洗普通羽绒服2件不分长短49元   *   1
清洗普通羽绒服2件不分长短49元   *   1
清洗普通羽绒服2件不分长短49元   *   1",,
郝悦_站点-兴延小区,兴延小区,兴延小区,快递,2025-04-15 19:56:08,,2,,,8.00,,2.44,43%,1,1912112682360049664,申通快递,772040088159442,服饰鞋,上海市,
郝悦_站点-兴延小区,兴延小区,兴延小区,快递,2025-04-15 19:49:27,2025-04-15 11:54:03,1,,,6.00,,0.00,,1,1912110998678343680,极兔快递,,服饰鞋,浙江省,已全额退款
郝悦_站点-兴延小区,兴延小区,兴延小区,快递,2025-04-15 19:52:51,,1,,,6.00,,2.52,42% ,1,1912111856249933824,申通快递,772040099295737,服饰鞋,四川省,
郝悦_站点-兴延小区,兴延小区,兴延小区,快递,2025-04-15 19:50:22,,1,,,6.00,,2.52,42% ,1,1912111147915874304,申通快递,772040086879242,服饰鞋,浙江省,
郝悦_站点-兴延小区,兴延小区,兴延小区,快递,2025-04-15 19:40:50,,1,0.2,0,6.00,0.00,2.80,6-3.2,1,1912108805858463744,极兔快递,JT0016114894530,服饰,安徽省,
郝悦_站点-兴延小区,兴延小区,兴延小区,快递,2025-04-15 19:39:30,,1,0.52,0,6.00,0.00,2.80,6-3.2,1,1912108489561804800,极兔快递,JT0016114989850,服饰,江苏省,
郝悦_站点-兴延小区,兴延小区,兴延小区,快递,2025-04-15 18:23:34,2025-04-15 10:25:03,2,,,7.00,,0.00,,1,1912089382338629632,极兔快递,JT0016109347015,易碎品,江西省,已全额退款
郝悦_站点-兴延小区,兴延小区,兴延小区,快递,2025-04-15 18:24:20,,2,0.61,1,7.00,0.00,3.01,43% ,1,1912089571086503936,极兔快递,JT0016099951793,易碎品,江西省,
郝悦_站点-兴延小区,兴延小区,兴延小区,快递,2025-04-15 18:17:55,,1,0.68,0,6.00,0.00,2.80,6-3.2,1,1912087960150806528,极兔快递,JT0016112233869,服饰,浙江省,
郝悦_站点-兴延小区,兴延小区,兴延小区,快递,2025-04-15 18:15:50,,1,0.6,0,6.00,0.00,2.80,6-3.2,1,1912087431907577856,极兔快递,JT0016112519735,服饰,黑龙江省,
郝悦_站点-兴延小区,兴延小区,兴延小区,快递,2025-04-15 18:13:18,,1,0.2,0,6.00,0.00,2.80,6-3.2,1,1912086793798750208,极兔快递,JT0016109329033,服饰,福建省,
郝悦_站点-兴延小区,兴延小区,兴延小区,快递,2025-04-15 18:12:23,,1,0.61,0,6.00,0.00,2.80,6-3.2,1,1912086569147633664,极兔快递,JT0016113985871,服饰,吉林省,
郝悦_站点-兴延小区,兴延小区,兴延小区,快递,2025-04-15 18:05:16,,1,0.2,0,6.00,0.00,2.80,6-3.2,1,1912084782109888512,极兔快递,JT0016111963865,生活用品,山东省,
郝悦_站点-兴延小区,兴延小区,兴延小区,快递,2025-04-15 17:50:59,,1,0.2,0,6.00,0.00,2.80,6-3.2,1,1912081188707045376,极兔快递,JT0016109615072,生活用品,浙江省,
郝悦_站点-兴延小区,兴延小区,兴延小区,快递,2025-04-15 17:49:05,,1,0.85,0,6.00,0.00,2.80,6-3.2,1,1912080708094332928,极兔快递,JT0016113385761,生活用品,黑龙江省,
郝悦_站点-兴延小区,兴延小区,兴延小区,快递,2025-04-15 17:42:12,,1,0.22,0,6.00,0.00,2.80,6-3.2,1,1912078973950955520,极兔快递,JT0016110895595,生活用品,陕西省,
郝悦_站点-兴延小区,兴延小区,兴延小区,快递,2025-04-15 17:38:37,,1,0.27,0,6.00,0.00,2.80,6-3.2,1,1912078065355657216,极兔快递,JT0016112843720,生活用品,河南省,
郝悦_站点-兴延小区,兴延小区,兴延小区,快递,2025-04-15 17:37:43,,1,0.2,0,6.00,0.00,2.80,6-3.2,1,1912077845792231424,极兔快递,JT0016113970469,生活用品,湖南省,
郝悦_站点-兴延小区,兴延小区,兴延小区,快递,2025-04-15 17:32:47,,1,0.43,0,6.00,0.00,2.80,6-3.2,1,1912076603871399936,极兔快递,JT0016112814660,生活用品,江苏省,
郝悦_站点-兴延小区,兴延小区,兴延小区,快递,2025-04-15 16:29:35,,1,0.2,0,6.00,0.00,2.80,6-3.2,1,1912060698298880000,极兔快递,JT0016105599100,服饰,广东省,
郝悦_站点-兴延小区,兴延小区,兴延小区,快递,2025-04-15 16:28:14,,1,0.23,0,6.00,0.00,2.80,6-3.2,1,1912060360137314304,极兔快递,JT0016110540109,服饰,陕西省,
郝悦_站点-兴延小区,兴延小区,兴延小区,快递,2025-04-15 16:16:48,,1,0.21,0,6.00,0.00,2.80,6-3.2,1,1912057481653587968,极兔快递,JT0016107510589,服饰,河北省,
郝悦_站点-兴延小区,兴延小区,兴延小区,快递,2025-04-15 14:21:29,,1,0.46,0,6.00,0.00,2.80,6-3.2,1,1912028462996459520,极兔快递,JT0016107152557,服饰,湖北省,
郝悦_站点-兴延小区,兴延小区,兴延小区,快递,2025-04-15 14:18:11,,1,0.2,0,6.00,0.00,2.80,6-3.2,1,1912027633061138432,极兔快递,JT0016106927362,服饰,辽宁省,
郝悦_站点-兴延小区,兴延小区,兴延小区,快递,2025-04-15 14:16:56,,1,0.54,0,6.00,0.00,2.80,6-3.2,1,1912027314772185088,极兔快递,JT0016108225722,服饰鞋,浙江省,
郝悦_站点-兴延小区,兴延小区,兴延小区,快递,2025-04-15 13:49:03,,1,0.56,0,6.00,0.00,2.80,6-3.2,1,1912020299404480512,极兔快递,JT0016103865881,服饰,浙江省,
郝悦_站点-兴延小区,兴延小区,兴延小区,快递,2025-04-15 13:45:11,,1,0.2,0,6.00,0.00,2.80,6-3.2,1,1912019305144717312,极兔快递,JT0016106591897,生活用品2件,广东省,
郝悦_站点-兴延小区,兴延小区,兴延小区,快递,2025-04-15 13:43:03,,11,11.98,-1,27.50,13.50,11.00,40% ,1,1912018788737814528,极兔快递,JT0016107730967,生活用品,河南省,
郝悦_站点-兴延小区,兴延小区,兴延小区,快递,2025-04-15 13:22:24,,1,0.32,0,6.00,0.00,2.80,6-3.2,1,1912013594843090944,极兔快递,JT0016108124691,服饰,江苏省,
郝悦_站点-兴延小区,兴延小区,兴延小区,快递,2025-04-15 12:25:28,,1,0.3,0,6.00,0.00,2.80,6-3.2,1,1911999269445242880,极兔快递,JT0016107063119,服饰,湖北省,
郝悦_站点-兴延小区,兴延小区,兴延小区,快递,2025-04-15 11:37:17,,1,0.41,0,6.00,0.00,2.80,6-3.2,1,1911987132941406208,极兔快递,JT0016100500077,服饰,广东省,
郝悦_站点-兴延小区,兴延小区,兴延小区,快递,2025-04-15 11:36:15,,1,0.2,0,6.00,0.00,2.80,6-3.2,1,1911986883543896064,极兔快递,JT0016101621011,生活用品,江苏省,
郝悦_站点-兴延小区,兴延小区,兴延小区,快递,2025-04-15 11:33:23,,1,0.25,0,6.00,0.00,2.80,6-3.2,1,1911986159137263616,极兔快递,JT0016106098178,服饰2件,河北省,
郝悦_站点-兴延小区,兴延小区,兴延小区,快递,2025-04-15 11:29:11,,1,0.21,0,6.00,0.00,2.80,6-3.2,1,1911985105830088704,极兔快递,JT0016102776598,服饰,江苏省,
郝悦_站点-兴延小区,兴延小区,兴延小区,快递,2025-04-15 11:26:27,,1,0.2,0,6.00,0.00,2.80,6-3.2,1,1911984414566846464,极兔快递,JT0016103207101,服饰鞋,浙江省,
郝悦_站点-兴延小区,兴延小区,兴延小区,快递,2025-04-15 11:23:08,,1,0.32,0,7.00,0.00,2.80,6-3.2,1,1911983579053101056,极兔快递,JT0016100272942,生活用品,上海市,
郝悦_站点-兴延小区,兴延小区,兴延小区,快递,2025-04-15 11:20:39,,1,0.2,0,6.00,0.00,2.80,6-3.2,1,1911982942408085504,极兔快递,JT0016106127498,生活用品,河北省,
郝悦_站点-兴延小区,兴延小区,兴延小区,快递,2025-04-15 10:59:10,,1,0.2,0,6.00,0.00,2.80,6-3.2,1,1911977548785307648,极兔快递,JT0016103476629,文件,陕西省,
郝悦_站点-兴延小区,兴延小区,兴延小区,快递,2025-04-15 10:38:24,,3,2.87,0,8.00,0.00,3.60,45% ,1,1911972322607534080,极兔快递,JT0016105015728,生活用品,陕西省,
郝悦_站点-兴延小区,兴延小区,兴延小区,快递,2025-04-15 10:32:50,,1,0.2,0,6.00,0.00,2.80,6-3.2,1,1911970921760329728,极兔快递,JT0016103755786,生活用品,广东省,
郝悦_站点-兴延小区,兴延小区,兴延小区,快递,2025-04-15 10:31:08,,1,0.83,0,6.00,0.00,2.80,6-3.2,1,1911970494817931264,极兔快递,JT0016104708855,液体,福建省,
郝悦_站点-兴延小区,兴延小区,兴延小区,快递,2025-04-15 10:25:35,,1,0.2,0,6.00,0.00,2.80,6-3.2,1,1911969096852213760,极兔快递,JT0016103774573,生活用品,安徽省,
郝悦_站点-兴延小区,兴延小区,兴延小区,快递,2025-04-15 10:21:26,,1,1.08,-1,6.00,0.00,2.80,6-3.2,1,1911968049299623936,极兔快递,JT0016074412715,生活用品,安徽省,
郝悦_站点-兴延小区,兴延小区,兴延小区,快递,2025-04-15 10:13:41,,1,1.03,-1,6.00,0.00,2.80,6-3.2,1,1911966091461431296,极兔快递,JT0016102352888,服饰,湖北省,
郝悦_站点-兴延小区,兴延小区,兴延小区,快递,2025-04-15 10:11:56,,1,0.88,0,6.00,0.00,2.80,6-3.2,1,1911965638841503744,极兔快递,JT0016101027583,服饰2件,福建省,
郝悦_站点-兴延小区,兴延小区,兴延小区,快递,2025-04-15 10:08:21,,1,0.2,0,6.00,0.00,2.80,6-3.2,1,1911964757345603584,极兔快递,JT0016097120133,生活用品,浙江省,
郝悦_站点-兴延小区,兴延小区,兴延小区,快递,2025-04-15 09:48:55,,1,0.41,0,6.00,0.00,2.80,6-3.2,1,1911959871673503744,极兔快递,JT0016103924748,服饰多件,湖北省,
郝悦_站点-兴延小区,兴延小区,兴延小区,快递,2025-04-15 09:47:24,,1,0.22,0,6.00,0.00,2.80,6-3.2,1,1911959486024028160,极兔快递,JT0016103994689,服饰2件,广东省,
郝悦_站点-兴延小区,兴延小区,兴延小区,快递,2025-04-15 09:45:53,,1,0.2,0,6.00,0.00,2.80,6-3.2,1,1911959108226289664,极兔快递,JT0016100986031,服饰,广东省,
郝悦_站点-兴延小区,兴延小区,兴延小区,快递,2025-04-15 09:44:11,,1,0.2,0,6.00,0.00,2.80,6-3.2,1,1911958676607242240,极兔快递,JT0016100989900,服饰2件,广东省,
郝悦_站点-兴延小区,兴延小区,兴延小区,快递,2025-04-14 20:43:14,,2,1.22,0,7.00,0.00,3.01,43% ,1,1911762143764975616,极兔快递,JT0016098999900,服饰,贵州省,
郝悦_站点-兴延小区,兴延小区,兴延小区,快递,2025-04-14 20:40:43,,1,1.01,-1,6.00,0.00,2.80,6-3.2,1,1911761514871033856,极兔快递,JT0016099401132,服饰,浙江省,
郝悦_站点-兴延小区,兴延小区,兴延小区,快递,2025-04-14 20:38:49,,1,0.94,0,6.00,0.00,2.80,6-3.2,1,1911761035084599296,极兔快递,JT0016098304730,服饰,广东省,
郝悦_站点-兴延小区,兴延小区,兴延小区,快递,2025-04-14 20:34:28,,1,1.12,-1,6.00,0.00,2.80,6-3.2,1,1911759939855355904,极兔快递,JT0016098844162,生活用品,广东省,
郝悦_站点-兴延小区,兴延小区,兴延小区,快递,2025-04-14 20:32:58,,1,0.2,0,6.00,0.00,2.80,6-3.2,1,1911759544600924160,极兔快递,JT0016095721608,服饰,河南省,
郝悦_站点-兴延小区,兴延小区,兴延小区,快递,2025-04-14 20:32:02,,1,0.72,0,6.00,0.00,2.80,6-3.2,1,1911759328082563072,极兔快递,JT0016097881070,服饰鞋,福建省,
郝悦_站点-兴延小区,兴延小区,兴延小区,快递,2025-04-14 20:30:48,,1,1.0,0,6.00,0.00,2.80,6-3.2,1,1911759018316435456,极兔快递,JT0016099908229,服饰鞋,广东省,
郝悦_站点-兴延小区,兴延小区,兴延小区,快递,2025-04-14 20:28:28,,1,0.65,0,6.00,0.00,2.80,6-3.2,1,1911758431898210304,极兔快递,JT0016098659032,服饰2件,广东省,
郝悦_站点-兴延小区,兴延小区,兴延小区,快递,2025-04-14 20:23:59,,1,0.37,0,6.00,0.00,2.80,6-3.2,1,1911757299767480320,极兔快递,JT0016097796194,生活用品,福建省,
郝悦_站点-兴延小区,兴延小区,兴延小区,快递,2025-04-14 20:18:23,,1,0.35,0,6.00,0.00,2.80,6-3.2,1,1911755893341851648,极兔快递,JT0016098582716,生活用品,福建省,
郝悦_站点-兴延小区,兴延小区,兴延小区,快递,2025-04-14 20:12:33,,1.2,1.09,0,7.00,0.00,3.01,43% ,1,1911754427352911872,极兔快递,JT0016095822167,生活用品,福建省,
郝悦_站点-兴延小区,兴延小区,兴延小区,快递,2025-04-14 20:07:37,,1,0.22,0,7.00,0.00,2.80,6-3.2,1,1911753184370921472,极兔快递,JT0016098869797,服饰,上海市,
郝悦_站点-兴延小区,兴延小区,兴延小区,快递,2025-04-14 20:05:07,,1,0.21,0,6.00,0.00,2.80,6-3.2,1,1911752549110026240,极兔快递,JT0016096159310,服饰,浙江省,
郝悦_站点-兴延小区,兴延小区,兴延小区,快递,2025-04-14 20:04:30,,1,0.4,0,6.00,0.00,2.80,6-3.2,1,1911752400765882368,极兔快递,JT0016096490759,服饰2件,江苏省,
郝悦_站点-兴延小区,兴延小区,兴延小区,快递,2025-04-14 20:01:57,,1,0.29,0,6.00,0.00,2.80,6-3.2,1,1911751760144666624,极兔快递,JT0016097250368,服饰鞋,山东省,
郝悦_站点-兴延小区,兴延小区,兴延小区,快递,2025-04-14 19:45:34,,1,0.74,0,6.00,0.00,2.80,6-3.2,1,1911747632689483776,极兔快递,JT0016097050882,服饰鞋,浙江省,
郝悦_站点-兴延小区,兴延小区,兴延小区,快递,2025-04-14 19:43:25,,1,0.67,0,6.00,0.00,2.80,6-3.2,1,1911747090378559488,极兔快递,JT0016097627736,服饰鞋,浙江省,
郝悦_站点-兴延小区,兴延小区,兴延小区,快递,2025-04-14 19:41:30,,1,0.76,0,6.00,0.00,2.80,6-3.2,1,1911746597480730624,极兔快递,JT0016098338239,服饰,湖北省,
郝悦_站点-兴延小区,兴延小区,兴延小区,快递,2025-04-14 19:29:41,,1,0.26,0,6.00,0.00,2.80,6-3.2,1,1911743638051131392,极兔快递,JT0016098150075,服饰,浙江省,
郝悦_站点-兴延小区,兴延小区,兴延小区,快递,2025-04-14 19:26:47,,1,0.32,0,6.00,0.00,2.80,6-3.2,1,1911742906505793536,极兔快递,JT0016097829198,服饰,福建省,
郝悦_站点-兴延小区,兴延小区,兴延小区,快递,2025-04-14 18:59:13,,1,0.33,0,6.00,0.00,2.80,6-3.2,1,1911735969223446528,极兔快递,JT0016093672770,生活用品,重庆市,
郝悦_站点-兴延小区,兴延小区,兴延小区,快递,2025-04-14 18:56:45,,1,0.2,0,6.00,0.00,2.80,6-3.2,1,1911735336449773568,极兔快递,JT0016094852187,生活用品,山东省,
郝悦_站点-兴延小区,兴延小区,兴延小区,快递,2025-04-14 18:42:06,,1,0.4,0,6.00,0.00,2.80,6-3.2,1,1911731658825306112,极兔快递,JT0016098052279,服饰,广东省,
郝悦_站点-兴延小区,兴延小区,兴延小区,快递,2025-04-14 18:39:06,,1,0.21,0,6.00,0.00,2.80,6-3.2,1,1911730902361608192,极兔快递,JT0016095400027,服饰,广东省,
郝悦_站点-兴延小区,兴延小区,兴延小区,快递,2025-04-14 18:34:22,,1,0.48,0,6.00,0.00,2.80,6-3.2,1,1911729716698976256,极兔快递,JT0016094308308,服饰,湖北省,
郝悦_站点-兴延小区,兴延小区,兴延小区,快递,2025-04-14 18:31:59,,1,0.72,0,6.00,0.00,2.80,6-3.2,1,1911729113453203456,极兔快递,JT0016094422394,服饰,浙江省,
郝悦_站点-兴延小区,兴延小区,兴延小区,快递,2025-04-14 18:14:03,,1,0.2,0,6.00,0.00,2.80,6-3.2,1,1911724602030460928,极兔快递,JT0016095688781,服饰,广东省,
郝悦_站点-兴延小区,兴延小区,兴延小区,快递,2025-04-14 18:12:04,,1,0.2,0,6.00,0.00,2.80,6-3.2,1,1911724103319326720,极兔快递,JT0016097565838,服饰,广东省,
郝悦_站点-兴延小区,兴延小区,兴延小区,快递,2025-04-14 18:10:03,,1,0.58,0,6.00,0.00,2.80,6-3.2,1,1911723594067906560,极兔快递,JT0016097993795,服饰,广东省,
郝悦_站点-兴延小区,兴延小区,兴延小区,快递,2025-04-14 18:08:17,,1,0.27,0,6.00,0.00,2.80,6-3.2,1,1911723149446516736,极兔快递,JT0016096940332,服饰,广东省,
郝悦_站点-兴延小区,兴延小区,兴延小区,快递,2025-04-14 18:04:30,,1,0.2,0,6.00,0.00,2.80,6-3.2,1,1911722196026691584,极兔快递,JT0016096974803,服饰,浙江省,
郝悦_站点-兴延小区,兴延小区,兴延小区,快递,2025-04-14 17:57:54,,1,0.2,0,6.00,0.00,2.80,6-3.2,1,1911720539452772352,极兔快递,JT0016080248370,服饰,江苏省,
郝悦_站点-兴延小区,兴延小区,兴延小区,快递,2025-04-14 17:34:34,,1,,,12.00,,1.00,,,1911714634661269504,京东快递,JDVG03666523904,生活用品,陕西省,
郝悦_站点-兴延小区,兴延小区,兴延小区,快递,2025-04-14 17:20:03,,2,1.16,0,7.00,0.00,3.01,43% ,1,1911711013940924416,极兔快递,JT0016095435669,生活用品,河北省,
郝悦_站点-兴延小区,兴延小区,兴延小区,快递,2025-04-14 16:55:06,,1,0.25,0,6.00,0.00,2.80,6-3.2,1,1911704736665866240,极兔快递,JT0016093527660,生活用品,河北省,
郝悦_站点-兴延小区,兴延小区,兴延小区,快递,2025-04-14 16:52:54,,1,0.21,0,6.00,0.00,2.80,6-3.2,1,1911704184343138304,极兔快递,JT0016093132210,生活用品,山东省,
郝悦_站点-兴延小区,兴延小区,兴延小区,快递,2025-04-14 16:29:16,,1,0.53,0,6.00,0.00,2.80,6-3.2,1,1911698229249347584,极兔快递,JT0016091693265,食品,河南省,
郝悦_站点-兴延小区,兴延小区,兴延小区,快递,2025-04-14 14:26:41,,1,0.23,0,6.00,0.00,2.80,6-3.2,1,1911667377769451520,极兔快递,JT0016092283313,服饰,广东省,
郝悦_站点-兴延小区,兴延小区,兴延小区,快递,2025-04-14 14:20:32,,1,0.2,0,6.00,0.00,2.80,6-3.2,1,1911665822722854912,极兔快递,JT0016087639929,服饰帽,福建省,
郝悦_站点-兴延小区,兴延小区,兴延小区,快递,2025-04-14 14:19:33,,1,0.2,0,6.00,0.00,2.80,6-3.2,1,1911665586835197952,极兔快递,JT0016076326802,服饰帽,福建省,
郝悦_站点-兴延小区,兴延小区,兴延小区,快递,2025-04-14 13:12:02,,1,0.39,0,6.00,0.00,2.80,6-3.2,1,1911648600218570752,极兔快递,JT0016085981024,服饰,广东省,
郝悦_站点-兴延小区,兴延小区,兴延小区,快递,2025-04-14 13:01:04,,1,0.2,0,6.00,0.00,2.80,6-3.2,1,1911645834578399232,极兔快递,JT0016085594676,服饰,广东省,
郝悦_站点-兴延小区,兴延小区,兴延小区,干洗,2025-04-14 12:57:05,,,,,49.00,,14.70,30%,,1911644795263422464,干洗,,"清洗普通羽绒服2件不分长短49元   *   1
清洗普通羽绒服2件不分长短49元   *   1",,
郝悦_站点-兴延小区,兴延小区,兴延小区,快递,2025-04-14 12:42:55,,1,0.27,0,6.00,0.00,2.80,6-3.2,1,1911641269917356032,极兔快递,JT0016079491519,服饰2件,广东省,
郝悦_站点-兴延小区,兴延小区,兴延小区,快递,2025-04-14 12:35:35,,1,0.61,0,6.00,0.00,2.52,42% ,1,1911639285093011456,韵达快递,312711643804767,服饰,河北省,
郝悦_站点-兴延小区,兴延小区,兴延小区,快递,2025-04-14 12:33:35,,1,0.35,0,6.00,0.00,2.80,6-3.2,1,1911638908759085056,极兔快递,JT0016080829693,服饰,浙江省,
郝悦_站点-兴延小区,兴延小区,兴延小区,快递,2025-04-14 12:32:30,,1,0.54,0,6.00,0.00,2.80,6-3.2,1,1911638644345966592,极兔快递,JT0016088076105,服饰,江苏省,
郝悦_站点-兴延小区,兴延小区,兴延小区,快递,2025-04-14 12:24:40,,3,2.5,0,8.00,0.00,3.60,45% ,1,1911636675803910144,极兔快递,JT0016088069439,生活用品,湖南省,
郝悦_站点-兴延小区,兴延小区,兴延小区,快递,2025-04-14 12:18:16,,1,,,13.00,,1.00,,,1911635067992969216,京东快递,JDVG03665459787,文件,陕西省,
郝悦_站点-兴延小区,兴延小区,兴延小区,快递,2025-04-14 12:16:23,,2,1.15,0,7.00,0.00,3.01,43% ,1,1911634594120503296,极兔快递,JT0016088910317,服饰鞋,福建省,
郝悦_站点-兴延小区,兴延小区,兴延小区,快递,2025-04-14 12:13:47,,1,0.2,0,6.00,0.00,2.80,6-3.2,1,1911633937246359552,极兔快递,JT0016088449255,服饰,广东省,
郝悦_站点-兴延小区,兴延小区,兴延小区,快递,2025-04-14 12:01:03,,1,0.2,0,6.00,0.00,2.80,6-3.2,1,1911630710849310720,极兔快递,JT0016088839844,服饰,广东省,
郝悦_站点-兴延小区,兴延小区,兴延小区,快递,2025-04-14 11:59:55,,1,0.34,0,6.00,0.00,2.80,6-3.2,1,1911630443944775680,极兔快递,JT0016089405344,服饰,广东省,
郝悦_站点-兴延小区,兴延小区,兴延小区,快递,2025-04-14 11:43:26,,6,5.0,1,15.00,4.50,6.00,40% ,1,1911626302161850368,极兔快递,JT0016084977350,生活用品,陕西省,
郝悦_站点-兴延小区,兴延小区,兴延小区,快递,2025-04-14 11:21:28,,1,0.2,0,6.00,0.00,2.80,6-3.2,1,1911620774731878400,极兔快递,JT0016086388028,生活用品,广东省,
郝悦_站点-兴延小区,兴延小区,兴延小区,快递,2025-04-14 11:18:59,,1,0.22,0,6.00,0.00,2.80,6-3.2,1,1911620144835497984,极兔快递,JT0016088325631,服饰,河北省,
郝悦_站点-兴延小区,兴延小区,兴延小区,快递,2025-04-14 11:18:14,,1,0.2,0,6.00,0.00,2.80,6-3.2,1,1911619961624104960,极兔快递,JT0016083956148,服饰,广东省,
郝悦_站点-兴延小区,兴延小区,兴延小区,快递,2025-04-14 11:15:08,2025-04-14 03:17:34,1,,,6.00,,0.00,,1,1911619180237344768,极兔快递,JT0016088952075,服饰,广东省,已全额退款
郝悦_站点-兴延小区,兴延小区,兴延小区,快递,2025-04-14 11:17:02,,2,1.04,0,7.00,0.00,3.01,43% ,1,1911619655783845888,极兔快递,JT0016086927283,服饰2件,广东省,
郝悦_站点-兴延小区,兴延小区,兴延小区,快递,2025-04-14 11:00:24,,1,0.63,0,6.00,0.00,2.80,6-3.2,1,1911615466533474304,极兔快递,JT0016088651524,服饰,辽宁省,
郝悦_站点-兴延小区,兴延小区,兴延小区,快递,2025-04-14 10:55:08,,1,0.2,0,6.00,0.00,2.80,6-3.2,1,1911614127774552064,极兔快递,JT0016087148265,服饰,广东省,
郝悦_站点-兴延小区,兴延小区,兴延小区,快递,2025-04-14 10:54:01,,1,0.2,0,6.00,0.00,2.80,6-3.2,1,1911613850132598784,极兔快递,JT0016084451760,生活用品,浙江省,
郝悦_站点-兴延小区,兴延小区,兴延小区,快递,2025-04-14 10:49:43,,1,0.2,0,6.00,0.00,2.80,6-3.2,1,1911612763849805824,极兔快递,JT0016086147027,服饰,福建省,
郝悦_站点-兴延小区,兴延小区,兴延小区,快递,2025-04-14 10:48:44,,1,0.22,0,6.00,0.00,2.80,6-3.2,1,1911612535075688448,极兔快递,JT0016085156596,服饰,福建省,
郝悦_站点-兴延小区,兴延小区,兴延小区,快递,2025-04-14 10:44:51,,1,0.5,0,6.00,0.00,2.80,6-3.2,1,1911611550882254848,极兔快递,JT0016088019878,服饰,河南省,
郝悦_站点-兴延小区,兴延小区,兴延小区,快递,2025-04-14 10:37:09,,1,0.21,0,6.00,0.00,2.80,6-3.2,1,1911609615018020864,极兔快递,JT0016083470580,生活用品,浙江省,
郝悦_站点-兴延小区,兴延小区,兴延小区,快递,2025-04-14 10:30:58,,1,0.27,0,6.00,0.00,2.80,6-3.2,1,1911608055248637952,极兔快递,JT0016084176587,服饰,广东省,
郝悦_站点-兴延小区,兴延小区,兴延小区,快递,2025-04-13 19:54:23,,1,0.2,0,6.00,0.00,2.80,6-3.2,1,1911387465422131200,极兔快递,JT0016081205552,服饰,浙江省,
郝悦_站点-兴延小区,兴延小区,兴延小区,快递,2025-04-13 19:53:00,,1,0.2,0,6.00,0.00,2.80,6-3.2,1,1911387112391757824,极兔快递,JT0016082446442,服饰,浙江省,
郝悦_站点-兴延小区,兴延小区,兴延小区,快递,2025-04-13 19:49:23,,1,0.55,0,6.00,0.00,2.80,6-3.2,1,1911386206585671680,极兔快递,JT0016082414213,服饰鞋,山东省,
郝悦_站点-兴延小区,兴延小区,兴延小区,快递,2025-04-13 19:47:32,,1,0.66,0,6.00,0.00,2.80,6-3.2,1,1911385738513928192,极兔快递,JT0016078301299,服饰,福建省,
郝悦_站点-兴延小区,兴延小区,兴延小区,快递,2025-04-13 19:00:56,,1,0.29,0,6.00,0.00,2.80,6-3.2,1,1911374007129526272,极兔快递,JT0016079057335,服饰,安徽省,
郝悦_站点-兴延小区,兴延小区,兴延小区,快递,2025-04-13 18:37:17,,1,0.48,0,6.00,0.00,2.80,6-3.2,1,1911368061032517632,极兔快递,JT0016079818132,生活用品,安徽省,
郝悦_站点-兴延小区,兴延小区,兴延小区,快递,2025-04-13 18:11:06,,1,0.2,0,6.00,0.00,2.80,6-3.2,1,1911361475992014848,极兔快递,JT0016082074091,服饰,浙江省,
郝悦_站点-兴延小区,兴延小区,兴延小区,快递,2025-04-13 18:07:33,,1,0.3,0,6.00,0.00,2.80,6-3.2,1,1911360578020888576,极兔快递,JT0016081757049,服饰2件,广东省,
郝悦_站点-兴延小区,兴延小区,兴延小区,快递,2025-04-13 17:58:05,,1,0.26,0,6.00,0.00,2.80,6-3.2,1,1911358196927090688,极兔快递,JT0016080231698,服饰帽子,广东省,
郝悦_站点-兴延小区,兴延小区,兴延小区,快递,2025-04-13 17:57:19,,1,0.66,0,6.00,0.00,2.80,6-3.2,1,1911358005444530176,极兔快递,JT0016080678729,服饰,广东省,
郝悦_站点-兴延小区,兴延小区,兴延小区,快递,2025-04-13 17:56:33,,2,1.7,0,7.00,0.00,3.01,43% ,1,1911357810824630272,极兔快递,JT0016071452964,服饰2件,广东省,
郝悦_站点-兴延小区,兴延小区,兴延小区,快递,2025-04-13 17:47:21,,1,0.3,0,6.00,0.00,2.80,6-3.2,1,1911355498865545216,极兔快递,JT0016075629978,服饰,湖北省,
郝悦_站点-兴延小区,兴延小区,兴延小区,快递,2025-04-13 17:37:09,,1,0.2,0,6.00,0.00,2.80,6-3.2,1,1911352925337079808,极兔快递,JT0016080660048,服饰,广东省,
郝悦_站点-兴延小区,兴延小区,兴延小区,快递,2025-04-13 17:30:38,,1,0.36,0,6.00,0.00,2.80,6-3.2,1,1911351291936690176,极兔快递,JT0016080358475,服饰,黑龙江省,
郝悦_站点-兴延小区,兴延小区,兴延小区,快递,2025-04-13 17:26:04,,1,0.66,0,6.00,0.00,2.80,6-3.2,1,1911350139023183872,极兔快递,JT0016077492146,生活用品,广东省,
郝悦_站点-兴延小区,兴延小区,兴延小区,快递,2025-04-13 16:43:41,,1,0.43,0,6.00,0.00,2.80,6-3.2,1,1911339472190885888,极兔快递,JT0016071944505,服饰,广东省,
郝悦_站点-兴延小区,兴延小区,兴延小区,快递,2025-04-13 16:31:37,,1,0.5,0,6.00,0.00,2.80,6-3.2,1,1911336439071559680,极兔快递,JT0016054548188,服饰,广东省,
郝悦_站点-兴延小区,兴延小区,兴延小区,快递,2025-04-13 16:20:55,,2,1.65,0,7.00,0.00,3.01,43% ,1,1911333743102971904,极兔快递,JT0016079070234,生活用品,陕西省,
郝悦_站点-兴延小区,兴延小区,兴延小区,快递,2025-04-13 15:40:12,,1,0.77,0,6.00,0.00,2.80,6-3.2,1,1911323484242235392,极兔快递,JT0016076505487,服饰鞋,广东省,
郝悦_站点-兴延小区,兴延小区,兴延小区,快递,2025-04-13 15:23:14,,1,0.67,0,6.00,0.00,2.80,6-3.2,1,1911319229095661568,极兔快递,JT0016076374859,生活用品,陕西省,
郝悦_站点-兴延小区,兴延小区,兴延小区,快递,2025-04-13 14:53:44,,2,0.92,1,7.00,0.00,3.01,43% ,1,1911311798970011648,极兔快递,JT0016072560566,生活用品花,江苏省,
郝悦_站点-兴延小区,兴延小区,兴延小区,快递,2025-04-13 14:45:05,,1,0.39,0,6.00,0.00,2.80,6-3.2,1,1911309624403742720,极兔快递,JT0016072685101,服饰,辽宁省,
郝悦_站点-兴延小区,兴延小区,兴延小区,快递,2025-04-13 11:39:54,,1,0.34,0,6.00,0.00,2.52,42% ,1,1911262989858557952,韵达快递,312710249392487,数码产品,广东省,
郝悦_站点-兴延小区,兴延小区,兴延小区,快递,2025-04-13 11:27:04,,1,0.3,0,6.00,0.00,2.80,6-3.2,1,1911259795661180928,极兔快递,JT0016070179290,服饰,湖南省,
郝悦_站点-兴延小区,兴延小区,兴延小区,快递,2025-04-13 11:25:48,,1,0.44,0,6.00,0.00,2.80,6-3.2,1,1911259455234691072,极兔快递,JT0016074035602,服饰,河南省,
郝悦_站点-兴延小区,兴延小区,兴延小区,快递,2025-04-13 11:20:38,,1,0.41,0,6.00,0.00,2.52,42% ,1,1911258173790932992,韵达快递,312710235913114,服饰,湖北省,
郝悦_站点-兴延小区,兴延小区,兴延小区,快递,2025-04-13 11:16:05,,4.8,4.8,0,12.50,3.00,5.00,40% ,1,1911257020361527296,极兔快递,JT0016072931152,生活用品,陕西省,
郝悦_站点-兴延小区,兴延小区,兴延小区,快递,2025-04-13 11:04:53,,1.1,0.71,1,7.00,0.00,3.01,43% ,1,1911254213843668992,极兔快递,JT0016068375842,服饰,广东省,
郝悦_站点-兴延小区,兴延小区,兴延小区,快递,2025-04-13 11:03:23,,1,0.36,0,6.00,0.00,2.80,6-3.2,1,1911253828949168128,极兔快递,JT0016069465584,服饰,福建省,
郝悦_站点-兴延小区,兴延小区,兴延小区,快递,2025-04-13 11:02:38,,1,0.2,0,6.00,0.00,2.80,6-3.2,1,1911253636946513920,极兔快递,JT0016049203948,服饰,山东省,
郝悦_站点-兴延小区,兴延小区,兴延小区,快递,2025-04-13 11:01:50,,1,0.43,0,6.00,0.00,2.80,6-3.2,1,1911253441152208896,极兔快递,JT0016071688069,服饰,广东省,
郝悦_站点-兴延小区,兴延小区,兴延小区,快递,2025-04-13 11:01:07,,1,0.2,0,6.00,0.00,2.80,6-3.2,1,1911253261187207168,极兔快递,JT0016072183075,生活用品,浙江省,
郝悦_站点-兴延小区,兴延小区,兴延小区,快递,2025-04-13 11:00:06,,1,0.23,0,6.00,0.00,2.80,6-3.2,1,1911253006785892352,极兔快递,JT0016058112991,液体,四川省,
郝悦_站点-兴延小区,兴延小区,兴延小区,快递,2025-04-13 10:58:21,,1,0.23,0,6.00,0.00,2.80,6-3.2,1,1911252568569204736,极兔快递,JT0016068415412,服饰,广东省,
郝悦_站点-兴延小区,兴延小区,兴延小区,快递,2025-04-13 10:54:59,,1,0.1,0,6.00,0.00,2.52,42% ,1,1911251624079052800,韵达快递,312710200640852,服饰,浙江省,
郝悦_站点-兴延小区,兴延小区,兴延小区,快递,2025-04-13 10:53:51,,1,0.69,0,6.00,0.00,2.80,6-3.2,1,1911251431950569472,极兔快递,JT0016073398902,服饰2件,广东省,
郝悦_站点-兴延小区,兴延小区,兴延小区,快递,2025-04-13 10:19:43,,1,0.44,0,6.00,0.00,2.80,6-3.2,1,1911242823942721536,极兔快递,JT0016069549526,服饰2件,广东省,
郝悦_站点-兴延小区,兴延小区,兴延小区,快递,2025-04-13 10:17:58,,1,0.4,0,6.00,0.00,2.80,6-3.2,1,1911242394303385600,极兔快递,JT0016072214043,服饰2件,广东省,
郝悦_站点-兴延小区,兴延小区,兴延小区,快递,2025-04-12 20:40:25,,1,0.5,0,6.00,0.00,2.80,6-3.2,1,1911036661079134208,极兔快递,JT0016066625005,服饰,河南省,
郝悦_站点-兴延小区,兴延小区,兴延小区,快递,2025-04-12 20:38:32,,1,0.67,0,6.00,0.00,2.80,6-3.2,1,1911036187684818944,极兔快递,JT0016067637371,服饰,江苏省,
郝悦_站点-兴延小区,兴延小区,兴延小区,快递,2025-04-12 20:37:17,,1,0.2,0,6.00,0.00,2.80,6-3.2,1,1911035869098070016,极兔快递,JT0016068504222,服饰,江苏省,
郝悦_站点-兴延小区,兴延小区,兴延小区,快递,2025-04-12 20:36:12,,1,0.47,0,6.00,0.00,2.80,6-3.2,1,1911035603284054016,极兔快递,JT0016068340066,服饰,福建省,
郝悦_站点-兴延小区,兴延小区,兴延小区,快递,2025-04-12 20:23:13,,1,0.41,0,6.00,0.00,2.80,6-3.2,1,1911032271266041856,极兔快递,JT0016068494855,服饰,安徽省,
郝悦_站点-兴延小区,兴延小区,兴延小区,快递,2025-04-12 20:19:42,,1,0.47,0,6.00,0.00,2.80,6-3.2,1,1911031444094767104,极兔快递,JT0016067773023,生活用品,福建省,
郝悦_站点-兴延小区,兴延小区,兴延小区,快递,2025-04-12 20:18:49,,1,0.69,0,6.00,0.00,2.80,6-3.2,1,1911031216016904192,极兔快递,JT0016064960390,服饰鞋,福建省,
郝悦_站点-兴延小区,兴延小区,兴延小区,快递,2025-04-12 20:17:47,,1,0.31,0,6.00,0.00,2.80,6-3.2,1,1911030955886170112,极兔快递,JT0016066549287,服饰,江苏省,
郝悦_站点-兴延小区,兴延小区,兴延小区,快递,2025-04-12 20:16:53,,1,0.29,0,6.00,0.00,2.80,6-3.2,1,1911030738029826048,极兔快递,JT0016067421340,服饰,河北省,
郝悦_站点-兴延小区,兴延小区,兴延小区,快递,2025-04-12 20:08:19,,1,0.57,0,6.00,0.00,2.80,6-3.2,1,1911028580018475008,极兔快递,JT0016060457636,服饰,浙江省,
郝悦_站点-兴延小区,兴延小区,兴延小区,快递,2025-04-12 20:06:30,,3,1.75,1,8.00,0.00,3.60,45% ,1,1911028127834755072,极兔快递,JT0016065459201,生活用品,浙江省,
郝悦_站点-兴延小区,兴延小区,兴延小区,快递,2025-04-12 20:04:53,,1,0.2,0,6.00,0.00,2.80,6-3.2,1,1911027719762530304,极兔快递,JT0016067209908,服饰,安徽省,
郝悦_站点-兴延小区,兴延小区,兴延小区,快递,2025-04-12 20:04:01,,2,0.9,1,7.00,0.00,3.01,43% ,1,1911027501587419136,极兔快递,JT0016068344490,服饰包包,江西省,
郝悦_站点-兴延小区,兴延小区,兴延小区,快递,2025-04-12 20:00:22,,1,0.24,0,6.00,0.00,2.80,6-3.2,1,1911026579645845504,极兔快递,JT0016058470979,生活用品,广东省,
郝悦_站点-兴延小区,兴延小区,兴延小区,快递,2025-04-12 19:57:16,,1,0.61,0,6.00,0.00,2.80,6-3.2,1,1911025792085577728,极兔快递,JT0016068505671,服饰鞋,浙江省,
郝悦_站点-兴延小区,兴延小区,兴延小区,快递,2025-04-12 19:56:21,,1,0.56,0,6.00,0.00,2.80,6-3.2,1,1911025561218502656,极兔快递,JT0016060820470,服饰,广东省,
郝悦_站点-兴延小区,兴延小区,兴延小区,快递,2025-04-12 19:52:03,,1,0.38,0,6.00,0.00,2.52,42% ,1,1911024491314466816,韵达快递,312709628529959,服饰,河北省,
郝悦_站点-兴延小区,兴延小区,兴延小区,快递,2025-04-12 19:51:00,,1,0.81,0,6.00,0.00,2.80,6-3.2,1,1911024221117403136,极兔快递,JT0016066582150,服饰鞋,浙江省,
郝悦_站点-兴延小区,兴延小区,兴延小区,快递,2025-04-12 19:50:17,,1,0.76,0,6.00,0.00,2.80,6-3.2,1,1911024045485117440,极兔快递,JT0016068580402,服饰,广东省,
郝悦_站点-兴延小区,兴延小区,兴延小区,快递,2025-04-12 19:49:08,,1,0.38,0,6.00,0.00,2.80,6-3.2,1,1911023749132374016,极兔快递,JT0016067690580,生活用品,浙江省,
郝悦_站点-兴延小区,兴延小区,兴延小区,快递,2025-04-12 19:20:55,,1,0.33,0,6.00,0.00,2.80,6-3.2,1,1911016651992518656,极兔快递,JT0016064829987,服饰,广东省,
郝悦_站点-兴延小区,兴延小区,兴延小区,快递,2025-04-12 19:11:34,,4.2,1.93,3,12.50,0.00,5.00,40% ,1,1911014283515187200,极兔快递,JT0016054506142,生活用品包包,广东省,
郝悦_站点-兴延小区,兴延小区,兴延小区,快递,2025-04-12 18:42:45,,1,0.92,0,6.00,0.00,2.80,6-3.2,1,1911007051528458240,极兔快递,JT0016065531323,服饰2件,广东省,
郝悦_站点-兴延小区,兴延小区,兴延小区,快递,2025-04-12 18:41:23,,1,0.53,0,6.00,0.00,2.80,6-3.2,1,1911006710162444288,极兔快递,JT0016066115432,服饰,广东省,
郝悦_站点-兴延小区,兴延小区,兴延小区,快递,2025-04-12 18:40:03,,1,0.28,0,6.00,0.00,2.80,6-3.2,1,1911006369152946176,极兔快递,JT0016067763372,服饰,浙江省,
郝悦_站点-兴延小区,兴延小区,兴延小区,快递,2025-04-12 18:33:14,,1,0.47,0,6.00,0.00,2.80,6-3.2,1,1911004650973089792,极兔快递,JT0016066002824,服饰,河南省,
郝悦_站点-兴延小区,兴延小区,兴延小区,快递,2025-04-12 18:27:15,,1,0.2,0,6.00,0.00,2.80,6-3.2,1,1911003130021990400,极兔快递,JT0016067784623,服饰,湖南省,
郝悦_站点-兴延小区,兴延小区,兴延小区,快递,2025-04-12 18:02:24,,1,1.04,-1,6.00,0.00,2.52,42% ,1,1910996890139152384,韵达快递,312709541835749,生活用品,湖南省,
郝悦_站点-兴延小区,兴延小区,兴延小区,快递,2025-04-12 18:01:29,,1,1.06,-1,6.00,0.00,2.52,42% ,1,1910996589386584064,韵达快递,312709539801892,生活用品,湖南省,
郝悦_站点-兴延小区,兴延小区,兴延小区,快递,2025-04-12 16:41:52,,1,0.42,0,6.00,0.00,2.80,6-3.2,1,1910976623232864256,极兔快递,JT0016061537127,服饰鞋,福建省,
郝悦_站点-兴延小区,兴延小区,兴延小区,快递,2025-04-12 16:37:24,,1,0.48,0,6.00,0.00,2.80,6-3.2,1,1910975502212845568,极兔快递,JT0016064542634,服饰鞋,福建省,
郝悦_站点-兴延小区,兴延小区,兴延小区,快递,2025-04-12 16:35:57,,1,0.38,0,6.00,0.00,2.80,6-3.2,1,1910975138138869760,极兔快递,JT0016065419635,服饰,江苏省,
郝悦_站点-兴延小区,兴延小区,兴延小区,快递,2025-04-12 16:30:12,,1,0.22,0,6.00,0.00,2.80,6-3.2,1,1910973690109939712,极兔快递,JT0016061555093,服饰,江苏省,
郝悦_站点-兴延小区,兴延小区,兴延小区,快递,2025-04-12 16:22:01,,1,0.53,0,6.00,0.00,2.80,6-3.2,1,1910971627506421760,极兔快递,JT0016064919924,服饰,河北省,
郝悦_站点-兴延小区,兴延小区,兴延小区,快递,2025-04-12 15:31:12,,1,0.63,0,6.00,0.00,2.80,6-3.2,1,1910958843855032320,极兔快递,JT0016053647638,服饰,江苏省,
郝悦_站点-兴延小区,兴延小区,兴延小区,快递,2025-04-12 15:26:49,,1,0.25,0,6.00,0.00,2.52,42% ,1,1910957738932752384,韵达快递,312709387207980,生活用品,广东省,
郝悦_站点-兴延小区,兴延小区,兴延小区,快递,2025-04-12 15:15:01,2025-04-12 07:24:23,1,,,6.00,,0.00,,1,1910954770342793216,极兔快递,,药品,湖北省,已全额退款
郝悦_站点-兴延小区,兴延小区,兴延小区,快递,2025-04-12 15:19:41,,1,0.18,0,6.00,0.00,2.52,42% ,1,1910955947822338048,韵达快递,312709384183863,生活用品,湖北省,
郝悦_站点-兴延小区,兴延小区,兴延小区,快递,2025-04-12 14:17:06,,1,0.23,0,6.00,0.00,2.80,6-3.2,1,1910940190036119552,极兔快递,JT0016061254314,服饰,广东省,
郝悦_站点-兴延小区,兴延小区,兴延小区,快递,2025-04-12 12:25:31,,1,0.2,0,6.00,0.00,2.80,6-3.2,1,1910912113331589120,极兔快递,JT0016058939054,服饰,湖南省,
郝悦_站点-兴延小区,兴延小区,兴延小区,快递,2025-04-12 12:00:33,,1,0.42,0,6.00,0.00,2.80,6-3.2,1,1910905621794705408,极兔快递,JT0016059810430,服饰2件,吉林省,
郝悦_站点-兴延小区,兴延小区,兴延小区,快递,2025-04-12 11:58:29,,1,0.2,0,6.00,0.00,2.80,6-3.2,1,1910905315686010880,极兔快递,JT0016060810057,服饰,江苏省,
郝悦_站点-兴延小区,兴延小区,兴延小区,快递,2025-04-12 11:57:14,,1,0.39,0,6.00,0.00,2.80,6-3.2,1,1910904998776983552,极兔快递,JT0016056251784,服饰,浙江省,
郝悦_站点-兴延小区,兴延小区,兴延小区,快递,2025-04-12 11:29:56,,1,0.4,0,6.00,0.00,2.80,6-3.2,1,1910898122500788224,极兔快递,JT0016057486379,服饰,广东省,
郝悦_站点-兴延小区,兴延小区,兴延小区,快递,2025-04-12 11:28:15,,1,0.48,0,6.00,0.00,2.80,6-3.2,1,1910897703200411648,极兔快递,JT0016033776736,服饰,辽宁省,
郝悦_站点-兴延小区,兴延小区,兴延小区,快递,2025-04-12 10:40:05,,1,0.3,0,6.00,0.00,2.80,6-3.2,1,1910885530831081472,极兔快递,JT0016058162052,服饰,河南省,
郝悦_站点-兴延小区,兴延小区,兴延小区,快递,2025-04-12 10:39:13,,1,0.73,0,6.00,0.00,2.80,6-3.2,1,1910885366707965952,极兔快递,JT0016057518746,服饰,广东省,
郝悦_站点-兴延小区,兴延小区,兴延小区,快递,2025-04-12 10:13:32,,1,0.51,0,6.00,0.00,2.80,6-3.2,1,1910878903046426624,极兔快递,JT0016056950827,服饰鞋,四川省,
郝悦_站点-兴延小区,兴延小区,兴延小区,快递,2025-04-12 10:10:48,,1,0.58,0,6.00,0.00,2.80,6-3.2,1,1910878207710515200,极兔快递,JT0016058019078,服饰2件,福建省,
郝悦_站点-兴延小区,兴延小区,兴延小区,干洗,2025-04-12 10:06:15,,,,,35.00,,10.50,30%,,1910877064771063808,干洗,,"棉服_毛呢_羽绒服   *   1",,
郝悦_站点-兴延小区,兴延小区,兴延小区,快递,2025-04-11 19:17:53,,1,0.44,0,6.00,0.00,2.80,6-3.2,1,1910653504232280064,极兔快递,JT0016054120250,服饰,广东省,
郝悦_站点-兴延小区,兴延小区,兴延小区,快递,2025-04-11 18:04:34,,1,0.3,0,6.00,0.00,2.80,6-3.2,1,1910635026544775168,极兔快递,JT0016052688636,服饰,湖北省,
郝悦_站点-兴延小区,兴延小区,兴延小区,快递,2025-04-11 18:02:31,,2,1.21,0,7.00,0.00,3.01,43% ,1,1910634528940937216,极兔快递,JT0016052537322,服饰鞋,浙江省,
郝悦_站点-兴延小区,兴延小区,兴延小区,快递,2025-04-11 17:27:46,,1,0.76,0,6.00,0.00,2.80,6-3.2,1,1910625760589041664,极兔快递,JT0016052772357,生活用品,广西壮族自治区,
郝悦_站点-兴延小区,兴延小区,兴延小区,快递,2025-04-11 17:23:05,,1,0.67,0,7.00,0.00,2.80,6-3.2,1,1910624612889055232,极兔快递,JT0016050009249,服饰鞋,上海市,
郝悦_站点-兴延小区,兴延小区,兴延小区,快递,2025-04-11 16:40:57,,1,0.3,0,6.00,0.00,2.80,6-3.2,1,1910613992030523392,极兔快递,JT0016050686638,生活用品,陕西省,
郝悦_站点-兴延小区,兴延小区,兴延小区,快递,2025-04-11 16:30:13,,1,0.3,0,6.00,0.00,2.80,6-3.2,1,1910611305406844928,极兔快递,JT0016047764865,服饰,河北省,
郝悦_站点-兴延小区,兴延小区,兴延小区,快递,2025-04-11 16:16:11,,1,0.69,0,6.00,0.00,2.80,6-3.2,1,1910607777355452416,极兔快递,JT0016049965706,服饰,湖北省,
郝悦_站点-兴延小区,兴延小区,兴延小区,快递,2025-04-11 15:43:31,,2,1.37,0,7.00,0.00,3.01,43% ,1,1910599552103010304,极兔快递,JT0016049015361,服饰,陕西省,
郝悦_站点-兴延小区,兴延小区,兴延小区,快递,2025-04-11 15:36:44,,1,0.39,0,6.00,0.00,2.80,6-3.2,1,1910597846715781120,极兔快递,JT0016044507835,服饰,广东省,
郝悦_站点-兴延小区,兴延小区,兴延小区,快递,2025-04-11 15:34:35,,1,0.3,0,6.00,0.00,2.80,6-3.2,1,1910597307311509504,极兔快递,JT0016049905572,服饰,江苏省,
郝悦_站点-兴延小区,兴延小区,兴延小区,快递,2025-04-11 14:16:27,,2,1.67,0,7.00,0.00,3.01,43% ,1,1910577645228052480,极兔快递,JT0016038058101,生活用品,陕西省,
郝悦_站点-兴延小区,兴延小区,兴延小区,快递,2025-04-11 10:59:18,,1,0.28,0,6.00,0.00,2.80,6-3.2,1,1910528020949422080,极兔快递,JT0016039899723,服饰,浙江省,
郝悦_站点-兴延小区,兴延小区,兴延小区,快递,2025-04-11 10:58:14,,1,0.5,0,6.00,0.00,2.80,6-3.2,1,1910527762651598848,极兔快递,JT0016045134696,服饰,浙江省,
郝悦_站点-兴延小区,兴延小区,兴延小区,快递,2025-04-11 10:57:08,,1,0.74,0,6.00,0.00,2.80,6-3.2,1,1910527432526319616,极兔快递,JT0016041549454,服饰,江苏省,
郝悦_站点-兴延小区,兴延小区,兴延小区,快递,2025-04-11 10:49:50,,1,0.2,0,6.00,0.00,2.80,6-3.2,1,1910525640191168512,极兔快递,JT0016039446119,生活用品,广东省,
郝悦_站点-兴延小区,兴延小区,兴延小区,快递,2025-04-11 10:07:59,,1,0.2,0,6.00,0.00,2.80,6-3.2,1,1910515113909997568,极兔快递,JT0016043098794,服饰,广东省,
郝悦_站点-兴延小区,兴延小区,兴延小区,快递,2025-04-11 09:54:43,,2,1.18,0,7.00,0.00,3.01,43% ,1,1910511772433829888,极兔快递,JT0016043250996,生活用品2件,江西省,
郝悦_站点-兴延小区,兴延小区,兴延小区,快递,2025-04-11 09:51:43,,2,1.4,0,7.00,0.00,3.01,43% ,1,1910511020780998656,极兔快递,JT0016041179773,生活用品,江苏省,
郝悦_站点-兴延小区,兴延小区,兴延小区,快递,2025-04-10 20:34:46,,1,0.56,0,6.00,0.00,2.80,6-3.2,1,1910310461482389504,极兔快递,JT0016033824937,服饰,广东省,
郝悦_站点-兴延小区,兴延小区,兴延小区,快递,2025-04-10 20:29:08,,2,1.56,0,7.00,0.00,3.01,43% ,1,1910309047637037056,极兔快递,JT0016036766896,生活用品,广东省,
郝悦_站点-兴延小区,兴延小区,兴延小区,快递,2025-04-10 20:28:00,,1,0.73,0,6.00,0.00,2.80,6-3.2,1,1910308762709577728,极兔快递,JT0016039377323,服饰2件,广东省,
郝悦_站点-兴延小区,兴延小区,兴延小区,快递,2025-04-10 19:58:25,,1,0.85,0,6.00,0.00,2.80,6-3.2,1,1910301317761257472,极兔快递,JT0016031200829,服饰鞋,浙江省,
郝悦_站点-兴延小区,兴延小区,兴延小区,快递,2025-04-10 19:34:49,,1,0.2,0,7.00,0.00,2.80,6-3.2,1,1910295373111283712,极兔快递,JT0016037694408,生活用品,上海市,
郝悦_站点-兴延小区,兴延小区,兴延小区,快递,2025-04-10 19:28:32,,1,0.2,0,6.00,0.00,2.80,6-3.2,1,1910293793490259968,极兔快递,JT0016038696267,服饰,广东省,
郝悦_站点-兴延小区,兴延小区,兴延小区,快递,2025-04-10 19:23:59,,1,0.96,0,6.00,0.00,2.80,6-3.2,1,1910292648990527488,极兔快递,JT0016031722491,服饰,陕西省,
郝悦_站点-兴延小区,兴延小区,兴延小区,快递,2025-04-10 19:18:41,,1,0.2,0,7.00,0.00,2.80,6-3.2,1,1910291315742920704,极兔快递,JT0016039048461,服饰,上海市,
郝悦_站点-兴延小区,兴延小区,兴延小区,快递,2025-04-10 19:16:15,,1,0.41,0,6.00,0.00,2.80,6-3.2,1,1910290704460861440,极兔快递,JT0016023052652,服饰,广东省,
郝悦_站点-兴延小区,兴延小区,兴延小区,快递,2025-04-10 19:09:20,,1,0.79,0,6.00,0.00,2.80,6-3.2,1,1910288959320018944,极兔快递,JT0016032810185,服饰,广东省,
郝悦_站点-兴延小区,兴延小区,兴延小区,快递,2025-04-10 19:07:48,,1,0.41,0,6.00,0.00,2.80,6-3.2,1,1910288578120699904,极兔快递,JT0016038598061,服饰,湖北省,
郝悦_站点-兴延小区,兴延小区,兴延小区,快递,2025-04-10 19:06:20,,1,0.69,0,6.00,0.00,2.80,6-3.2,1,1910288208304721920,极兔快递,JT0016037251873,服饰,广东省,
郝悦_站点-兴延小区,兴延小区,兴延小区,快递,2025-04-10 19:04:29,,1,0.96,0,6.00,0.00,2.80,6-3.2,1,1910287742720200704,极兔快递,JT0016036943301,服饰,浙江省,
郝悦_站点-兴延小区,兴延小区,兴延小区,快递,2025-04-10 18:56:30,,1,0.2,0,6.00,0.00,2.80,6-3.2,1,1910285734160289792,极兔快递,JT0016037307326,服饰,江苏省,
郝悦_站点-兴延小区,兴延小区,兴延小区,快递,2025-04-10 18:28:15,,5,4.84,0,12.50,3.00,5.00,40% ,1,1910278578983849984,极兔快递,JT0016037866267,生活用品,陕西省,
郝悦_站点-兴延小区,兴延小区,兴延小区,快递,2025-04-10 18:27:03,,5.4,5.42,0,15.00,4.50,6.00,40% ,1,1910278322657349632,极兔快递,JT0016035874410,生活用品,四川省,
郝悦_站点-兴延小区,兴延小区,兴延小区,快递,2025-04-10 18:16:20,,1,0.29,0,6.00,0.00,2.80,6-3.2,1,1910275622246993920,极兔快递,JT0016036585763,文件,湖北省,
郝悦_站点-兴延小区,兴延小区,兴延小区,快递,2025-04-10 18:12:10,,2,1.07,0,7.00,0.00,3.01,43% ,1,1910274580235079680,极兔快递,JT0016037166875,服饰鞋,陕西省,
郝悦_站点-兴延小区,兴延小区,兴延小区,快递,2025-04-10 17:35:52,,1,0.2,0,7.00,0.00,2.80,6-3.2,1,1910265445435232256,极兔快递,JT0016037636538,服饰,上海市,
郝悦_站点-兴延小区,兴延小区,兴延小区,快递,2025-04-10 17:13:59,,1,0.32,0,6.00,0.00,2.80,6-3.2,1,1910259915266379776,极兔快递,JT0016030892197,服饰,四川省,
郝悦_站点-兴延小区,兴延小区,兴延小区,快递,2025-04-10 17:07:06,,2,1.91,0,7.00,0.00,3.01,43% ,1,1910258200894951424,极兔快递,JT0016033477905,生活用品,河北省,
郝悦_站点-兴延小区,兴延小区,兴延小区,快递,2025-04-10 17:04:56,,1,0.32,0,6.00,0.00,2.80,6-3.2,1,1910257657069883392,极兔快递,JT0016036559072,生活用品,浙江省,
郝悦_站点-兴延小区,兴延小区,兴延小区,快递,2025-04-10 15:30:41,,1,0.42,0,6.00,0.00,2.80,6-3.2,1,1910233941984333824,极兔快递,JT0016035087500,服饰,广东省,
郝悦_站点-兴延小区,兴延小区,兴延小区,快递,2025-04-10 15:28:39,,1,0.33,0,6.00,0.00,2.80,6-3.2,1,1910233432166682624,极兔快递,JT0016034473598,服饰,广东省,
郝悦_站点-兴延小区,兴延小区,兴延小区,快递,2025-04-10 14:21:41,,1,0.71,0,6.00,0.00,2.80,6-3.2,1,1910216574596206592,极兔快递,JT0016032488316,服饰,浙江省,
郝悦_站点-兴延小区,兴延小区,兴延小区,快递,2025-04-10 12:31:52,,1,0.54,0,6.00,0.00,2.52,42% ,1,1910188932274769920,韵达快递,312707155533543,生活用品,云南省,
郝悦_站点-兴延小区,兴延小区,兴延小区,快递,2025-04-10 12:28:58,,1,,,6.00,,2.52,42% ,1,1910188203459923968,申通快递,772039836215464,生活用品,云南省,
郝悦_站点-兴延小区,兴延小区,兴延小区,快递,2025-04-10 12:27:55,,1,,,6.00,,2.52,42% ,1,1910187940330262528,申通快递,772039837531368,生活用品,云南省,
郝悦_站点-兴延小区,兴延小区,兴延小区,快递,2025-04-10 11:50:33,,3,1.34,1,8.00,0.00,3.60,45% ,1,1910178531558477824,极兔快递,JT0016028765981,生活用品,广东省,
郝悦_站点-兴延小区,兴延小区,兴延小区,快递,2025-04-10 11:33:31,,1,0.67,0,6.00,0.00,2.80,6-3.2,1,1910174253003493376,极兔快递,JT0016028174089,服饰,江西省,
郝悦_站点-兴延小区,兴延小区,兴延小区,快递,2025-04-10 11:01:42,,1,0.2,0,6.00,0.00,2.80,6-3.2,1,1910166203517554688,极兔快递,JT0016027038076,生活用品,浙江省,
郝悦_站点-兴延小区,兴延小区,兴延小区,快递,2025-04-10 11:00:50,,1,0.27,0,6.00,0.00,2.80,6-3.2,1,1910166029982420992,极兔快递,JT0016027739017,生活用品,浙江省,
郝悦_站点-兴延小区,兴延小区,兴延小区,快递,2025-04-10 10:55:59,,1,0.54,0,6.00,0.00,2.80,6-3.2,1,1910164803811201024,极兔快递,JT0016021340355,服饰,广东省,
郝悦_站点-兴延小区,兴延小区,兴延小区,快递,2025-04-10 10:50:06,,1,0.2,0,6.00,0.00,2.80,6-3.2,1,1910163288514023424,极兔快递,JT0016026580546,服饰,浙江省,
郝悦_站点-兴延小区,兴延小区,兴延小区,快递,2025-04-10 10:21:35,,1,0.2,0,6.00,0.00,2.80,6-3.2,1,1910156140836999168,极兔快递,JT0016022316417,易碎品,浙江省,
郝悦_站点-兴延小区,兴延小区,兴延小区,快递,2025-04-10 10:14:38,,1,1.51,-1,6.00,0.00,2.80,6-3.2,1,1910154398028189696,极兔快递,JT0016028215558,生活用品,贵州省,
郝悦_站点-兴延小区,兴延小区,兴延小区,快递,2025-04-10 10:11:51,,1,0.26,0,6.00,0.00,2.80,6-3.2,1,1910153700582543360,极兔快递,JT0016013212578,服饰,湖南省,
郝悦_站点-兴延小区,兴延小区,兴延小区,快递,2025-04-10 10:10:34,,1,0.2,0,6.00,0.00,2.80,6-3.2,1,1910153369417076736,极兔快递,JT0016026501919,生活用品,广东省,
郝悦_站点-兴延小区,兴延小区,兴延小区,快递,2025-04-10 10:09:04,,1,0.48,0,6.00,0.00,2.80,6-3.2,1,1910152999248777216,极兔快递,JT0016026445743,数码产品,广东省,
郝悦_站点-兴延小区,兴延小区,兴延小区,快递,2025-04-09 21:50:34,,1,,,6.00,,2.52,42% ,1,1909967153656680448,申通快递,772039730138789,生活用品,云南省,
郝悦_站点-兴延小区,兴延小区,兴延小区,快递,2025-04-09 21:36:30,2025-04-09 13:47:01,1,,,6.00,,0.00,,1,1909963611629867008,申通快递,772039815896824,生活用品,云南省,已全额退款
郝悦_站点-兴延小区,兴延小区,兴延小区,快递,2025-04-09 21:33:38,2025-04-09 13:47:07,1,,,6.00,,0.00,,1,1909962890264104960,申通快递,772039795197725,生活用品,云南省,已全额退款
郝悦_站点-兴延小区,兴延小区,兴延小区,快递,2025-04-09 21:30:07,,1,0.68,0,6.00,0.00,2.52,42% ,1,1909962002585800704,韵达快递,312706662342444,生活用品,云南省,
郝悦_站点-兴延小区,兴延小区,兴延小区,快递,2025-04-09 21:28:13,,1,0.52,0,6.00,0.00,2.52,42% ,1,1909961444667871232,韵达快递,312706661269849,生活用品,云南省,
郝悦_站点-兴延小区,兴延小区,兴延小区,快递,2025-04-09 21:23:38,,1,0.65,0,6.00,0.00,2.80,6-3.2,1,1909960370464673792,极兔快递,JT0016024687921,服饰,江苏省,
郝悦_站点-兴延小区,兴延小区,兴延小区,快递,2025-04-09 21:22:47,,1,0.58,0,6.00,0.00,2.80,6-3.2,1,1909960026011652096,极兔快递,JT0016022086340,服饰鞋,浙江省,
郝悦_站点-兴延小区,兴延小区,兴延小区,快递,2025-04-09 21:20:44,,1,0.49,0,6.00,0.00,2.80,6-3.2,1,1909959642610323456,极兔快递,JT0016023384461,服饰,江苏省,
郝悦_站点-兴延小区,兴延小区,兴延小区,快递,2025-04-09 21:17:37,,1,0.28,0,6.00,0.00,2.80,6-3.2,1,1909958858946564096,极兔快递,JT0016021017975,服饰鞋,湖北省,
郝悦_站点-兴延小区,兴延小区,兴延小区,快递,2025-04-09 21:16:37,,2,1.45,0,7.00,0.00,3.01,43% ,1,1909958611038031872,极兔快递,JT0016017979747,服饰4件,江苏省,
郝悦_站点-兴延小区,兴延小区,兴延小区,快递,2025-04-09 21:13:20,,1,0.24,0,6.00,0.00,2.80,6-3.2,1,1909957778653237248,极兔快递,JT0016016299480,服饰,广东省,
郝悦_站点-兴延小区,兴延小区,兴延小区,快递,2025-04-09 21:12:26,,1,0.56,0,6.00,0.00,2.80,6-3.2,1,1909957555218468864,极兔快递,JT0016025106629,服饰,广东省,
郝悦_站点-兴延小区,兴延小区,兴延小区,快递,2025-04-09 21:10:16,,1,0.23,0,6.00,0.00,2.80,6-3.2,1,1909957013826097152,极兔快递,JT0016017143132,服饰,湖北省,
郝悦_站点-兴延小区,兴延小区,兴延小区,快递,2025-04-09 21:08:37,,1,0.56,0,6.00,0.00,2.80,6-3.2,1,1909956595209392128,极兔快递,JT0016015174340,服饰,广东省,
郝悦_站点-兴延小区,兴延小区,兴延小区,快递,2025-04-09 20:58:32,,1,0.37,0,6.00,0.00,2.80,6-3.2,1,1909954049799540736,极兔快递,JT0016023645452,服饰,广东省,
郝悦_站点-兴延小区,兴延小区,兴延小区,快递,2025-04-09 20:57:48,,1,0.51,0,6.00,0.00,2.80,6-3.2,1,1909953866470707200,极兔快递,JT0016024428154,服饰,湖北省,
郝悦_站点-兴延小区,兴延小区,兴延小区,快递,2025-04-09 20:56:52,,1,0.22,0,6.00,0.00,2.80,6-3.2,1,1909953614304956416,极兔快递,JT0016022690257,服饰,江苏省,
郝悦_站点-兴延小区,兴延小区,兴延小区,快递,2025-04-09 20:55:58,,1,0.91,0,6.00,0.00,2.80,6-3.2,1,1909953406682714112,极兔快递,JT0016024281115,服饰鞋,浙江省,
郝悦_站点-兴延小区,兴延小区,兴延小区,快递,2025-04-09 20:39:25,,1,0.2,0,6.00,0.00,2.80,6-3.2,1,1909949245283028992,极兔快递,JT0016023198260,服饰,湖北省,
郝悦_站点-兴延小区,兴延小区,兴延小区,快递,2025-04-09 20:23:43,,1,0.57,0,6.00,0.00,2.80,6-3.2,1,1909945292080205824,极兔快递,JT0016022212573,生活用品,四川省,
郝悦_站点-兴延小区,兴延小区,兴延小区,快递,2025-04-09 20:20:03,,1,0.55,0,6.00,0.00,2.80,6-3.2,1,1909944373150142464,极兔快递,JT0016023631877,服饰鞋,浙江省,
郝悦_站点-兴延小区,兴延小区,兴延小区,快递,2025-04-09 20:18:00,,1,0.29,0,6.00,0.00,2.80,6-3.2,1,1909943851991093248,极兔快递,JT0016020429125,服饰鞋,福建省,
郝悦_站点-兴延小区,兴延小区,兴延小区,快递,2025-04-09 20:13:07,,1,0.54,0,6.00,0.00,2.80,6-3.2,1,1909942626256080896,极兔快递,JT0016024052529,服饰鞋,福建省,
郝悦_站点-兴延小区,兴延小区,兴延小区,快递,2025-04-09 20:10:59,,1,0.53,0,6.00,0.00,2.80,6-3.2,1,1909942085866147840,极兔快递,JT0016024033698,生活用品,江西省,
郝悦_站点-兴延小区,兴延小区,兴延小区,快递,2025-04-09 20:08:47,,1,0.2,0,6.00,0.00,2.80,6-3.2,1,1909941534730407936,极兔快递,JT0016023745534,服饰,广东省,
郝悦_站点-兴延小区,兴延小区,兴延小区,快递,2025-04-09 20:01:15,,1,0.67,0,6.00,0.00,2.80,6-3.2,1,1909939637579599872,极兔快递,JT0016022268594,服饰,湖南省,
郝悦_站点-兴延小区,兴延小区,兴延小区,快递,2025-04-09 19:49:15,,5,4.58,0,12.50,3.00,5.00,40% ,1,1909936612932767744,极兔快递,JT0016021578070,生活用品,陕西省,
郝悦_站点-兴延小区,兴延小区,兴延小区,快递,2025-04-09 19:42:35,,1,0.2,0,6.00,0.00,2.80,6-3.2,1,1909934939493552128,极兔快递,JT0016018306094,服饰,湖南省,
郝悦_站点-兴延小区,兴延小区,兴延小区,快递,2025-04-09 19:36:45,,1,0.7,0,6.00,0.00,2.80,6-3.2,1,1909933472640585728,极兔快递,JT0016021782647,服饰,广东省,
郝悦_站点-兴延小区,兴延小区,兴延小区,快递,2025-04-09 18:45:31,,1,0.29,0,6.00,0.00,2.80,6-3.2,1,1909920585758986240,极兔快递,JT0016016565233,服饰,江苏省,
郝悦_站点-兴延小区,兴延小区,兴延小区,快递,2025-04-09 18:36:09,,1,0.33,0,6.00,0.00,2.80,6-3.2,1,1909918225510879232,极兔快递,JT0016014677908,服饰,四川省,
郝悦_站点-兴延小区,兴延小区,兴延小区,快递,2025-04-09 18:30:35,,2,1.1,0,7.00,0.00,3.01,43% ,1,1909916823187279872,极兔快递,JT0016020873850,服饰鞋,福建省,
郝悦_站点-兴延小区,兴延小区,兴延小区,快递,2025-04-09 17:10:17,,1,0.2,0,6.00,0.00,2.80,6-3.2,1,1909896618454220800,极兔快递,JT0016020404412,生活用品,广东省,
郝悦_站点-兴延小区,兴延小区,兴延小区,快递,2025-04-09 17:02:14,,1,0.2,0,6.00,0.00,2.80,6-3.2,1,1909894593075277824,极兔快递,JT0016016915112,服饰,福建省,
郝悦_站点-兴延小区,兴延小区,兴延小区,快递,2025-04-09 17:00:46,,1,0.27,0,6.00,0.00,2.80,6-3.2,1,1909894206167511040,极兔快递,JT0016018611964,服饰,湖南省,
郝悦_站点-兴延小区,兴延小区,兴延小区,快递,2025-04-09 16:04:38,,1,0.48,0,6.00,0.00,2.80,6-3.2,1,1909880094838931456,极兔快递,JT0016019476584,生活用品,四川省,
郝悦_站点-兴延小区,兴延小区,兴延小区,快递,2025-04-09 15:50:38,,1,0.35,0,6.00,0.00,2.80,6-3.2,1,1909876570860208128,极兔快递,JT0016019085468,服饰,广东省,
郝悦_站点-兴延小区,兴延小区,兴延小区,快递,2025-04-09 14:28:40,,1,0.2,0,6.00,0.00,2.80,6-3.2,1,1909855940864036864,极兔快递,JT0016000868276,服饰,广东省,
郝悦_站点-兴延小区,兴延小区,兴延小区,快递,2025-04-09 12:56:56,,1,0.32,0,6.00,0.00,2.80,6-3.2,1,1909832862016655360,极兔快递,JT0016013942729,服饰2件,浙江省,
郝悦_站点-兴延小区,兴延小区,兴延小区,快递,2025-04-09 12:55:43,,1,0.2,0,6.00,0.00,2.80,6-3.2,1,1909832521472724992,极兔快递,JT0016015394962,服饰2件,浙江省,
郝悦_站点-兴延小区,兴延小区,兴延小区,快递,2025-04-09 11:23:52,,19,18.77,0,48.50,19.00,18.40,40%,1,1909809350619090944,韵达快递,312706130439788,生活用品,北京市,
郝悦_站点-兴延小区,兴延小区,兴延小区,快递,2025-04-09 11:16:41,,1,0.2,0,6.00,0.00,2.80,6-3.2,1,1909807623568281600,极兔快递,JT0016000360880,生活用品,广东省,
郝悦_站点-兴延小区,兴延小区,兴延小区,快递,2025-04-09 11:04:58,,1,0.41,0,6.00,0.00,2.80,6-3.2,1,1909804679145902080,极兔快递,JT0016011470818,服饰,吉林省,
郝悦_站点-兴延小区,兴延小区,兴延小区,快递,2025-04-09 10:59:34,2025-04-09 03:02:26,1,,,6.00,,0.00,,1,1909803323815284736,极兔快递,JT0016010592189,服饰,广东省,已全额退款
郝悦_站点-兴延小区,兴延小区,兴延小区,快递,2025-04-09 11:01:42,,1,,,6.00,,2.52,42% ,1,1909803857469165568,申通快递,772039794959655,服饰,广东省,
郝悦_站点-兴延小区,兴延小区,兴延小区,快递,2025-04-09 10:51:27,,1,0.2,0,6.00,0.00,2.80,6-3.2,1,1909801281029853184,极兔快递,JT0016014043961,服饰,广东省,
郝悦_站点-兴延小区,兴延小区,兴延小区,快递,2025-04-09 10:37:07,,23,23.03,-1,57.50,31.50,23.00,40% ,1,1909797666491912192,极兔快递,JT0016012149169,生活用品,陕西省,
郝悦_站点-兴延小区,兴延小区,兴延小区,干洗,2025-04-09 10:17:57,,,,,19.80,,5.94,30%,,1909792839191941120,干洗,,"清洗鞋19.8元两双   *   1
清洗鞋19.8元两双   *   1",,
郝悦_站点-兴延小区,兴延小区,兴延小区,快递,2025-04-09 10:06:44,,1,0.57,0,6.00,0.00,2.80,6-3.2,1,1909789998574391296,极兔快递,JT0015999870051,服饰,江苏省,
郝悦_站点-兴延小区,兴延小区,兴延小区,快递,2025-04-09 10:00:55,,1,0.29,0,6.00,0.00,2.80,6-3.2,1,1909788563585552384,极兔快递,JT0016012890083,服饰,广东省,
郝悦_站点-兴延小区,兴延小区,兴延小区,快递,2025-04-09 09:59:20,,1,0.22,0,6.00,0.00,2.80,6-3.2,1,1909788160869453824,极兔快递,JT0016006324654,服饰,山东省,
郝悦_站点-兴延小区,兴延小区,兴延小区,快递,2025-04-08 20:43:59,,1.1,1.23,0,7.00,0.00,3.01,43% ,1,1909588006916771840,极兔快递,JT0016008327373,服饰鞋,浙江省,
郝悦_站点-兴延小区,兴延小区,兴延小区,快递,2025-04-08 20:26:09,,1,0.2,0,6.00,0.00,2.80,6-3.2,1,1909583519208624128,极兔快递,JT0016003499983,服饰,浙江省,
郝悦_站点-兴延小区,兴延小区,兴延小区,干洗,2025-04-08 20:23:39,,,,,127.10,,38.13,30%,,1909582886632083456,干洗,,"清洗普通羽绒服2件不分长短49元   *   1
清洗普通羽绒服2件不分长短49元   *   1
清洗普通羽绒服2件不分长短49元   *   1
外套   *   1
外套   *   1",,
郝悦_站点-兴延小区,兴延小区,兴延小区,干洗,2025-04-08 20:09:01,,,,,137.50,,41.25,30%,,1909578986701115392,干洗,,"清洗普通羽绒服2件不分长短49元   *   1
清洗普通羽绒服2件不分长短49元   *   1
清洗毛呢2件59元   *   1
清洗毛呢2件59元   *   1
清洗毛呢2件59元   *   1",,
郝悦_站点-兴延小区,兴延小区,兴延小区,快递,2025-04-08 19:37:00,,1,0.2,0,6.00,0.00,2.80,6-3.2,1,1909571150407454720,极兔快递,JT0016008429831,服饰,湖北省,
郝悦_站点-兴延小区,兴延小区,兴延小区,快递,2025-04-08 19:32:15,,1,0.49,0,6.00,0.00,2.80,6-3.2,1,1909569955261501440,极兔快递,JT0016006259708,服饰,江苏省,
郝悦_站点-兴延小区,兴延小区,兴延小区,快递,2025-04-08 18:54:22,,1,0.44,0,6.00,0.00,2.80,6-3.2,1,1909560422879383552,极兔快递,JT0016002777702,服饰,江苏省,
郝悦_站点-兴延小区,兴延小区,兴延小区,快递,2025-04-08 18:52:17,,1,0.39,0,6.00,0.00,2.80,6-3.2,1,1909559893998620672,极兔快递,JT0016006336219,服饰,湖北省,
郝悦_站点-兴延小区,兴延小区,兴延小区,快递,2025-04-08 18:48:38,,1,0.79,0,6.00,0.00,2.80,6-3.2,1,1909558980252717056,极兔快递,JT0016007196884,服饰,广东省,
郝悦_站点-兴延小区,兴延小区,兴延小区,快递,2025-04-08 18:44:38,,1,0.34,0,6.00,0.00,2.80,6-3.2,1,1909557972952862720,极兔快递,JT0015995790765,服饰,湖北省,
郝悦_站点-兴延小区,兴延小区,兴延小区,快递,2025-04-08 17:49:08,,1,0.27,0,6.00,0.00,2.80,6-3.2,1,1909544003840167936,极兔快递,JT0016002153322,服饰,河北省,
郝悦_站点-兴延小区,兴延小区,兴延小区,快递,2025-04-08 17:33:20,,2,1.33,0,7.00,0.00,3.01,43% ,1,1909540023491809280,极兔快递,JT0016006337618,生活用品,陕西省,
郝悦_站点-兴延小区,兴延小区,兴延小区,快递,2025-04-08 15:14:22,,1,0.59,0,6.00,0.00,2.80,6-3.2,1,1909505056804098048,极兔快递,JT0015992483620,服饰鞋,山东省,
郝悦_站点-兴延小区,兴延小区,兴延小区,快递,2025-04-08 14:53:00,,1,0.77,0,6.00,0.00,2.80,6-3.2,1,1909499680255823872,极兔快递,JT0016001620427,生活用品,陕西省,
郝悦_站点-兴延小区,兴延小区,兴延小区,快递,2025-04-08 14:35:41,,1,0.2,0,6.00,0.00,2.80,6-3.2,1,1909495322143281152,极兔快递,JT0015999356369,服饰鞋,山东省,
郝悦_站点-兴延小区,兴延小区,兴延小区,快递,2025-04-08 14:16:25,,1,0.24,0,6.00,0.00,2.80,6-3.2,1,1909490462161293312,极兔快递,JT0015999335968,服饰,广东省,
郝悦_站点-兴延小区,兴延小区,兴延小区,快递,2025-04-08 14:15:30,,1,0.45,0,6.00,0.00,2.80,6-3.2,1,1909490233131323392,极兔快递,JT0015993817570,服饰,浙江省,
郝悦_站点-兴延小区,兴延小区,兴延小区,快递,2025-04-08 14:14:45,,1,0.2,0,6.00,0.00,2.80,6-3.2,1,1909490034652663808,极兔快递,JT0015998794494,服饰,广东省,
郝悦_站点-兴延小区,兴延小区,兴延小区,快递,2025-04-08 14:08:53,,1,0.4,0,6.00,0.00,2.80,6-3.2,1,1909488578918797312,极兔快递,JT0016003113845,生活用品,吉林省,
郝悦_站点-兴延小区,兴延小区,兴延小区,快递,2025-04-08 14:06:55,,1,0.25,0,6.00,0.00,2.80,6-3.2,1,1909488081285599232,极兔快递,JT0016003004605,服饰,江苏省,
郝悦_站点-兴延小区,兴延小区,兴延小区,快递,2025-04-08 14:01:23,,1,0.75,0,6.00,0.00,2.80,6-3.2,1,1909486683823198208,极兔快递,JT0016001171459,服饰,广东省,
郝悦_站点-兴延小区,兴延小区,兴延小区,快递,2025-04-08 14:00:26,,1,0.58,0,6.00,0.00,2.80,6-3.2,1,1909486453111312384,极兔快递,JT0016000166264,服饰,浙江省,
郝悦_站点-兴延小区,兴延小区,兴延小区,快递,2025-04-08 13:59:12,,1,0.2,0,6.00,0.00,2.80,6-3.2,1,1909486144930631680,极兔快递,JT0016000134791,服饰,浙江省,
郝悦_站点-兴延小区,兴延小区,兴延小区,快递,2025-04-08 13:56:41,,1,0.2,0,6.00,0.00,2.80,6-3.2,1,1909485508298199040,极兔快递,JT0015999131486,生活用品,浙江省,
郝悦_站点-兴延小区,兴延小区,兴延小区,快递,2025-04-08 13:44:09,,2,1.02,0,7.00,0.00,3.01,43% ,1,1909482343746162688,极兔快递,JT0016001319253,服饰2件,云南省,
郝悦_站点-兴延小区,兴延小区,兴延小区,快递,2025-04-08 13:26:57,,2,1.37,0,7.00,0.00,3.01,43% ,1,1909478012284227584,极兔快递,JT0016001885054,服饰鞋,河北省,
郝悦_站点-兴延小区,兴延小区,兴延小区,干洗,2025-04-08 13:17:32,,,,,24.80,,7.44,30%,,1909475644641562624,干洗,,"棉服_毛呢_羽绒服   *   1",,
郝悦_站点-兴延小区,兴延小区,兴延小区,快递,2025-04-08 12:33:52,,1,0.2,0,6.00,0.00,2.80,6-3.2,1,1909464661516800000,极兔快递,JT0015995790321,服饰,广东省,
郝悦_站点-兴延小区,兴延小区,兴延小区,快递,2025-04-08 12:32:59,,1,0.6,0,6.00,0.00,2.80,6-3.2,1,1909464442943229952,极兔快递,JT0015998520537,服饰,江苏省,
郝悦_站点-兴延小区,兴延小区,兴延小区,快递,2025-04-08 12:16:52,,1,0.29,0,6.00,0.00,2.80,6-3.2,1,1909460383427383296,极兔快递,JT0016000244352,服饰,吉林省,
郝悦_站点-兴延小区,兴延小区,兴延小区,快递,2025-04-08 12:02:31,,1,0.2,0,6.00,0.00,2.80,6-3.2,1,1909456776938311680,极兔快递,JT0015999374041,服饰,广东省,
郝悦_站点-兴延小区,兴延小区,兴延小区,快递,2025-04-08 11:42:27,,1,0.8,0,6.00,0.00,2.80,6-3.2,1,1909451609610309632,极兔快递,JT0015994614986,服饰鞋,浙江省,
郝悦_站点-兴延小区,兴延小区,兴延小区,快递,2025-04-08 11:36:44,,1,0.2,0,6.00,0.00,2.80,6-3.2,1,1909450284709367808,极兔快递,JT0015994727588,生活用品,福建省,
郝悦_站点-兴延小区,兴延小区,兴延小区,快递,2025-04-08 11:34:44,,1,0.59,0,6.00,0.00,2.80,6-3.2,1,1909449772870062080,极兔快递,JT0015999792635,服饰,广东省,
郝悦_站点-兴延小区,兴延小区,兴延小区,快递,2025-04-08 11:33:44,,1,0.4,0,6.00,0.00,2.80,6-3.2,1,1909449530875498496,极兔快递,JT0015996145650,服饰,广东省,
郝悦_站点-兴延小区,兴延小区,兴延小区,快递,2025-04-08 11:24:09,,1,0.3,0,6.00,0.00,2.80,6-3.2,1,1909447114587295744,极兔快递,JT0015997525793,服饰,江苏省,
郝悦_站点-兴延小区,兴延小区,兴延小区,快递,2025-04-08 11:17:40,,1,0.32,0,6.00,0.00,2.80,6-3.2,1,1909445482109652992,极兔快递,JT0015998775413,服饰,广东省,
郝悦_站点-兴延小区,兴延小区,兴延小区,快递,2025-04-08 11:16:56,,1,0.77,0,6.00,0.00,2.80,6-3.2,1,1909445303763652608,极兔快递,JT0015999556295,服饰鞋,浙江省,
郝悦_站点-兴延小区,兴延小区,兴延小区,快递,2025-04-08 11:14:56,,1,0.81,0,6.00,0.00,2.80,6-3.2,1,1909444772429221888,极兔快递,JT0015998303212,服饰,广东省,
郝悦_站点-兴延小区,兴延小区,兴延小区,快递,2025-04-08 11:14:04,,1,0.81,0,6.00,0.00,2.80,6-3.2,1,1909444581722607616,极兔快递,JT0015999040506,服饰,广东省,
郝悦_站点-兴延小区,兴延小区,兴延小区,快递,2025-04-08 11:12:47,,3,2.1,0,8.00,0.00,3.60,45% ,1,1909444259591671808,极兔快递,JT0015992272288,服饰2件,广东省,
郝悦_站点-兴延小区,兴延小区,兴延小区,干洗,2025-04-08 11:06:31,,,,,29.70,,8.91,30%,,1909442680138420224,干洗,,"清洗鞋19.8元两双   *   1
清洗鞋19.8元两双   *   1
清洗鞋19.8元两双   *   1",,
郝悦_站点-兴延小区,兴延小区,兴延小区,快递,2025-04-08 10:49:49,,1,0.2,0,6.00,0.00,2.80,6-3.2,1,1909438482650075136,极兔快递,JT0015997883415,生活用品,广东省,
郝悦_站点-兴延小区,兴延小区,兴延小区,快递,2025-04-08 10:47:47,,1,0.2,0,6.00,0.00,2.80,6-3.2,1,1909437970018045952,极兔快递,JT0015999119120,服饰,福建省,
郝悦_站点-兴延小区,兴延小区,兴延小区,快递,2025-04-08 10:30:53,,1,0.83,0,6.00,0.00,2.80,6-3.2,1,1909433714322018304,极兔快递,JT0015995341741,服饰,陕西省,
郝悦_站点-兴延小区,兴延小区,兴延小区,快递,2025-04-08 10:23:01,,1,0.22,0,6.00,0.00,2.80,6-3.2,1,1909431724451926016,极兔快递,JT0015994916658,服饰,湖北省,
郝悦_站点-兴延小区,兴延小区,兴延小区,快递,2025-04-08 10:22:01,,1,0.25,0,6.00,0.00,2.80,6-3.2,1,1909431486672637952,极兔快递,JT0015992103920,服饰,广东省,
郝悦_站点-兴延小区,兴延小区,兴延小区,快递,2025-04-08 10:10:32,,1,0.2,0,6.00,0.00,2.80,6-3.2,1,1909428564903694336,极兔快递,JT0015996394604,生活用品,浙江省,
郝悦_站点-兴延小区,兴延小区,兴延小区,快递,2025-04-08 10:08:48,,1,0.97,0,6.00,0.00,2.80,6-3.2,1,1909428113542057984,极兔快递,JT0015993356075,服饰鞋,浙江省,
郝悦_站点-兴延小区,兴延小区,兴延小区,快递,2025-04-08 09:56:40,,1,0.6,0,6.00,0.00,2.80,6-3.2,1,1909425099930439680,极兔快递,JT0015996388493,生活用品,河南省,
郝悦_站点-兴延小区,兴延小区,兴延小区,快递,2025-04-07 20:36:48,2025-04-07 12:49:41,1,0.98,0,6.00,0.00,0.00,,1,1909223810300321792,极兔快递,JT0015986619925,服饰5件,陕西省,已全额退款
郝悦_站点-兴延小区,兴延小区,兴延小区,快递,2025-04-07 20:17:31,,1,0.2,0,6.00,0.00,2.80,6-3.2,1,1909218960980254720,极兔快递,JT0015976959115,生活用品,黑龙江省,
郝悦_站点-兴延小区,兴延小区,兴延小区,快递,2025-04-07 19:59:40,,1,0.51,0,6.00,0.00,2.80,6-3.2,1,1909214451470114816,极兔快递,JT0015994026869,服饰,广东省,
郝悦_站点-兴延小区,兴延小区,兴延小区,快递,2025-04-07 19:54:47,,3,2.12,0,8.00,0.00,3.60,45% ,1,1909213230994759680,极兔快递,JT0015980160785,生活用品,河北省,
郝悦_站点-兴延小区,兴延小区,兴延小区,快递,2025-04-07 19:54:04,,3,2.58,0,8.00,0.00,3.60,45% ,1,1909213045082234880,极兔快递,JT0015991038407,生活用品,福建省,
郝悦_站点-兴延小区,兴延小区,兴延小区,快递,2025-04-07 19:12:59,,1,0.36,0,6.00,0.00,2.80,6-3.2,1,1909202718747729920,极兔快递,JT0015991718575,服饰,福建省,
郝悦_站点-兴延小区,兴延小区,兴延小区,快递,2025-04-07 18:56:24,,1,0.2,0,6.00,0.00,2.80,6-3.2,1,1909198546501574656,极兔快递,JT0015983406374,生活用品,重庆市,
郝悦_站点-兴延小区,兴延小区,兴延小区,快递,2025-04-07 18:41:44,,1,0.32,0,6.00,0.00,2.80,6-3.2,1,1909194850640273408,极兔快递,JT0015988712448,服饰,广东省,
郝悦_站点-兴延小区,兴延小区,兴延小区,快递,2025-04-07 18:39:46,,1,0.2,0,6.00,0.00,2.80,6-3.2,1,1909194354642853888,极兔快递,JT0015991277194,生活用品,广东省,
郝悦_站点-兴延小区,兴延小区,兴延小区,快递,2025-04-07 18:33:50,,1,0.25,0,6.00,0.00,2.80,6-3.2,1,1909192863362260992,极兔快递,JT0015979512089,生活用品,江苏省,
郝悦_站点-兴延小区,兴延小区,兴延小区,快递,2025-04-07 18:18:06,,1,0.87,0,6.00,0.00,2.80,6-3.2,1,1909188908473327616,极兔快递,JT0015987431688,服饰鞋,四川省,
郝悦_站点-兴延小区,兴延小区,兴延小区,快递,2025-04-07 18:15:21,,1,0.51,0,6.00,0.00,2.80,6-3.2,1,1909188213963694080,极兔快递,JT0015989693802,服饰,江苏省,
郝悦_站点-兴延小区,兴延小区,兴延小区,快递,2025-04-07 17:53:33,,1,0.21,0,6.00,0.00,2.80,6-3.2,1,1909182722084642816,极兔快递,JT0015988607676,生活用品,浙江省,
郝悦_站点-兴延小区,兴延小区,兴延小区,快递,2025-04-07 17:15:41,,1,0.42,0,6.00,0.00,2.80,6-3.2,1,1909173200846790656,极兔快递,JT0015989948726,服饰包包,江西省,
郝悦_站点-兴延小区,兴延小区,兴延小区,快递,2025-04-07 17:11:58,,2,1.2,0,7.00,0.00,3.01,43% ,1,1909172263407263744,极兔快递,JT0015989877632,生活用品,湖南省,
郝悦_站点-兴延小区,兴延小区,兴延小区,快递,2025-04-07 17:07:40,,1,0.21,0,6.00,0.00,2.80,6-3.2,1,1909171182291853312,极兔快递,JT0015990539201,服饰,山东省,
郝悦_站点-兴延小区,兴延小区,兴延小区,快递,2025-04-07 16:25:35,,1,0.51,0,6.00,0.00,2.80,6-3.2,1,1909160588549496832,极兔快递,JT0015981454315,服饰,江苏省,
郝悦_站点-兴延小区,兴延小区,兴延小区,快递,2025-04-07 15:32:44,,1,0.2,0,6.00,0.00,2.80,6-3.2,1,1909147285605523456,极兔快递,JT0015973850487,服饰2件,广东省,
郝悦_站点-兴延小区,兴延小区,兴延小区,干洗,2025-04-07 15:17:14,,,,,49.00,,14.70,30%,,1909143376262537216,干洗,,"清洗普通羽绒服2件不分长短49元   *   1
清洗普通羽绒服2件不分长短49元   *   1",,
郝悦_站点-兴延小区,兴延小区,兴延小区,快递,2025-04-07 14:57:51,,1,0.92,0,6.00,0.00,2.80,6-3.2,1,1909138508638527488,极兔快递,JT0015986607498,服饰,广东省,
郝悦_站点-兴延小区,兴延小区,兴延小区,干洗,2025-04-07 14:40:25,,,,,19.80,,5.94,30%,,1909134121606258688,干洗,,"清洗鞋19.8元两双   *   1
清洗鞋19.8元两双   *   1",,
郝悦_站点-兴延小区,兴延小区,兴延小区,快递,2025-04-07 13:47:52,,1,0.24,0,6.00,0.00,2.80,6-3.2,1,1909120891144052736,极兔快递,JT0015985725313,服饰,广东省,
郝悦_站点-兴延小区,兴延小区,兴延小区,快递,2025-04-07 13:36:29,,1,0.46,0,6.00,0.00,2.80,6-3.2,1,1909118036035182592,极兔快递,JT0015985997166,服饰2件,浙江省,
郝悦_站点-兴延小区,兴延小区,兴延小区,快递,2025-04-07 13:14:08,,1,0.93,0,6.00,0.00,2.80,6-3.2,1,1909112409560915968,极兔快递,JT0015983201809,生活用品,河南省,
郝悦_站点-兴延小区,兴延小区,兴延小区,快递,2025-04-07 11:45:06,,1,0.39,0,6.00,0.00,2.80,6-3.2,1,1909090001449852928,极兔快递,JT0015981804750,服饰,浙江省,
郝悦_站点-兴延小区,兴延小区,兴延小区,快递,2025-04-07 10:41:36,,1,0.53,0,6.00,0.00,2.80,6-3.2,1,1909074024104402944,极兔快递,JT0015981720946,服饰,辽宁省,
郝悦_站点-兴延小区,兴延小区,兴延小区,快递,2025-04-07 10:39:59,,2,1.39,0,7.00,0.00,3.01,43% ,1,1909073617948975104,极兔快递,JT0015968484563,服饰鞋,广东省,
郝悦_站点-兴延小区,兴延小区,兴延小区,快递,2025-04-07 10:33:57,,1,0.74,0,6.00,0.00,2.80,6-3.2,1,1909072090400235520,极兔快递,JT0015977579972,服饰鞋,山东省,
郝悦_站点-兴延小区,兴延小区,兴延小区,快递,2025-04-06 20:40:27,,2,1.43,0,7.00,0.00,3.01,43% ,1,1908862334838448128,极兔快递,JT0015974611167,生活用品,宁夏回族自治区,
郝悦_站点-兴延小区,兴延小区,兴延小区,快递,2025-04-06 20:21:31,,1,0.36,0,6.00,0.00,2.80,6-3.2,1,1908857577684017152,极兔快递,JT0015971101733,服饰,浙江省,
郝悦_站点-兴延小区,兴延小区,兴延小区,干洗,2025-04-06 20:18:20,,,,,19.80,,5.94,30%,,1908856738101796864,干洗,,"清洗鞋19.8元两双   *   1
清洗鞋19.8元两双   *   1",,
郝悦_站点-兴延小区,兴延小区,兴延小区,干洗,2025-04-06 20:11:04,,,,,35.00,,10.50,30%,,1908854946949439488,干洗,,"棉服_毛呢_羽绒服   *   1",,
郝悦_站点-兴延小区,兴延小区,兴延小区,干洗,2025-04-06 20:04:46,,,,,49.00,,14.70,30%,,1908853360927907840,干洗,,"清洗普通羽绒服2件不分长短49元   *   1
清洗普通羽绒服2件不分长短49元   *   1",,
郝悦_站点-兴延小区,兴延小区,兴延小区,快递,2025-04-06 19:44:08,,1,0.38,0,6.00,0.00,2.80,6-3.2,1,1908848163690323968,极兔快递,JT0015977664370,服饰,安徽省,
郝悦_站点-兴延小区,兴延小区,兴延小区,快递,2025-04-06 19:43:08,,1,0.36,0,6.00,0.00,2.80,6-3.2,1,1908847917639868416,极兔快递,JT0015964849832,服饰,福建省,
郝悦_站点-兴延小区,兴延小区,兴延小区,快递,2025-04-06 19:15:14,,1,0.55,0,6.00,0.00,2.80,6-3.2,1,1908840882974171136,极兔快递,JT0015975903283,服饰,山东省,
郝悦_站点-兴延小区,兴延小区,兴延小区,快递,2025-04-06 19:14:19,,1,0.74,0,6.00,0.00,2.80,6-3.2,1,1908840667198201856,极兔快递,JT0015960017023,服饰,浙江省,
郝悦_站点-兴延小区,兴延小区,兴延小区,快递,2025-04-06 18:56:48,,1,0.71,0,6.00,0.00,2.80,6-3.2,1,1908836257982259200,极兔快递,JT0015974334364,服饰,安徽省,
郝悦_站点-兴延小区,兴延小区,兴延小区,快递,2025-04-06 18:54:53,,1,0.66,0,6.00,0.00,2.80,6-3.2,1,1908835778690752512,极兔快递,JT0015965538063,服饰,江苏省,
郝悦_站点-兴延小区,兴延小区,兴延小区,快递,2025-04-06 18:53:05,,1,0.5,0,6.00,0.00,2.80,6-3.2,1,1908835325445873664,极兔快递,JT0015976924567,服饰,广东省,
郝悦_站点-兴延小区,兴延小区,兴延小区,快递,2025-04-06 18:50:38,,1,0.2,0,6.00,0.00,2.80,6-3.2,1,1908834709671714816,极兔快递,JT0015970138128,服饰,江苏省,
郝悦_站点-兴延小区,兴延小区,兴延小区,快递,2025-04-06 18:48:54,,1,0.49,0,6.00,0.00,2.80,6-3.2,1,1908834270188347392,极兔快递,JT0015975850459,服饰,广东省,
郝悦_站点-兴延小区,兴延小区,兴延小区,快递,2025-04-06 18:47:39,,2,1.17,0,7.00,0.00,3.01,43% ,1,1908833943267516416,极兔快递,JT0015968762465,服饰鞋,福建省,
郝悦_站点-兴延小区,兴延小区,兴延小区,快递,2025-04-06 18:47:04,,2,1.22,0,7.00,0.00,3.01,43% ,1,1908833798324953088,极兔快递,JT0015974867836,服饰鞋,福建省,
郝悦_站点-兴延小区,兴延小区,兴延小区,快递,2025-04-06 18:42:37,,1,0.56,0,6.00,0.00,2.80,6-3.2,1,1908832688872824832,极兔快递,JT0015967439774,服饰,广东省,
郝悦_站点-兴延小区,兴延小区,兴延小区,快递,2025-04-06 18:39:22,,2,0.7,1,7.00,0.00,3.01,43% ,1,1908831870677360640,极兔快递,JT0015968825090,服饰鞋,河北省,
郝悦_站点-兴延小区,兴延小区,兴延小区,快递,2025-04-06 18:10:33,,1,0.91,0,6.00,0.00,2.80,6-3.2,1,1908824618276954112,极兔快递,JT0015975490185,服饰鞋,浙江省,
郝悦_站点-兴延小区,兴延小区,兴延小区,快递,2025-04-06 18:09:17,,1,0.97,0,6.00,0.00,2.80,6-3.2,1,1908824300675866624,极兔快递,JT0015975611462,服饰,广东省,
郝悦_站点-兴延小区,兴延小区,兴延小区,快递,2025-04-06 18:08:05,,1,0.98,0,6.00,0.00,2.80,6-3.2,1,1908823996924370944,极兔快递,JT0015973850543,服饰鞋,山东省,
郝悦_站点-兴延小区,兴延小区,兴延小区,快递,2025-04-06 17:59:45,,2,1.29,0,7.00,0.00,3.01,43% ,1,1908821900581871616,极兔快递,JT0015976062267,服饰,浙江省,
郝悦_站点-兴延小区,兴延小区,兴延小区,快递,2025-04-06 17:53:37,,1,0.5,0,6.00,0.00,2.80,6-3.2,1,1908820358986407936,极兔快递,JT0015975854549,服饰,黑龙江省,
郝悦_站点-兴延小区,兴延小区,兴延小区,快递,2025-04-06 17:48:51,,1,0.21,0,6.00,0.00,2.80,6-3.2,1,1908819155175022592,极兔快递,JT0015974876038,服饰,浙江省,
郝悦_站点-兴延小区,兴延小区,兴延小区,快递,2025-04-06 17:41:21,,1,0.2,0,6.00,0.00,2.80,6-3.2,1,1908817219541475328,极兔快递,JT0015975307329,生活用品,广东省,
郝悦_站点-兴延小区,兴延小区,兴延小区,快递,2025-04-06 17:40:08,,1,0.43,0,6.00,0.00,2.80,6-3.2,1,1908816963152060416,极兔快递,JT0015972866293,服饰鞋,山东省,
郝悦_站点-兴延小区,兴延小区,兴延小区,快递,2025-04-06 16:46:44,,1,0.43,0,6.00,0.00,2.80,6-3.2,1,1908803524740456448,极兔快递,JT0015974275613,服饰,广东省,
郝悦_站点-兴延小区,兴延小区,兴延小区,快递,2025-04-06 15:45:36,,1,0.77,0,6.00,0.00,2.80,6-3.2,1,1908788115232464896,极兔快递,JT0015971327709,服饰,河南省,
郝悦_站点-兴延小区,兴延小区,兴延小区,快递,2025-04-06 13:26:53,,1,0.23,0,6.00,0.00,2.80,6-3.2,1,1908753229012475904,极兔快递,JT0015970984807,服饰,广东省,
郝悦_站点-兴延小区,兴延小区,兴延小区,快递,2025-04-06 13:24:53,,1,0.2,0,6.00,0.00,2.80,6-3.2,1,1908752725494669312,极兔快递,JT0015969620064,生活用品,安徽省,
郝悦_站点-兴延小区,兴延小区,兴延小区,快递,2025-04-06 13:06:55,,1,0.26,0,6.00,0.00,2.80,6-3.2,1,1908748204093677568,极兔快递,JT0015967991206,服饰,河南省,
郝悦_站点-兴延小区,兴延小区,兴延小区,快递,2025-04-06 13:04:40,,2,0.74,1,7.00,0.00,3.01,43% ,1,1908747639632633856,极兔快递,JT0015968727844,服饰,河北省,
郝悦_站点-兴延小区,兴延小区,兴延小区,快递,2025-04-06 12:44:06,,1,0.76,0,6.00,0.00,2.80,6-3.2,1,1908742454176849920,极兔快递,JT0015969866548,服饰,广东省,
郝悦_站点-兴延小区,兴延小区,兴延小区,快递,2025-04-06 12:42:06,,1,0.2,0,6.00,0.00,2.80,6-3.2,1,1908741955868368896,极兔快递,JT0015964728293,服饰,安徽省,
郝悦_站点-兴延小区,兴延小区,兴延小区,快递,2025-04-06 11:54:53,,4,0.2,3,10.00,0.00,4.00,40% ,1,1908730074508238848,极兔快递,JT0015964168793,食品,陕西省,
郝悦_站点-兴延小区,兴延小区,兴延小区,快递,2025-04-06 11:13:08,,1,0.29,0,6.00,0.00,2.80,6-3.2,1,1908719568309395456,极兔快递,JT0015961880724,服饰,江西省,
郝悦_站点-兴延小区,兴延小区,兴延小区,快递,2025-04-06 10:51:17,,2,1.28,0,7.00,0.00,3.01,43% ,1,1908714065919418368,极兔快递,JT0015947134099,服饰鞋,浙江省,
郝悦_站点-兴延小区,兴延小区,兴延小区,快递,2025-04-06 10:46:27,,3,2.67,0,8.00,0.00,3.60,45% ,1,1908712851815211008,极兔快递,JT0015968223854,生活用品,陕西省,
郝悦_站点-兴延小区,兴延小区,兴延小区,快递,2025-04-06 10:38:09,,1,0.2,0,6.00,0.00,2.80,6-3.2,1,1908710769863368704,极兔快递,JT0015965013950,生活用品,陕西省,
郝悦_站点-兴延小区,兴延小区,兴延小区,干洗,2025-04-06 10:36:16,,,,,34.80,,10.44,30%,,1908710272616046592,干洗,,"磨砂鞋   *   1
皮鞋   *   1",,
郝悦_站点-兴延小区,兴延小区,兴延小区,快递,2025-04-06 10:27:24,,1,0.63,0,6.00,0.00,2.80,6-3.2,1,1908708060804358144,极兔快递,JT0015954480139,生活用品,辽宁省,
郝悦_站点-兴延小区,兴延小区,兴延小区,快递,2025-04-06 10:25:22,,1,0.67,0,6.00,0.00,2.80,6-3.2,1,1908707532057812992,极兔快递,JT0015965023001,服饰,河南省,
郝悦_站点-兴延小区,兴延小区,兴延小区,快递,2025-04-06 10:24:30,,1,0.68,0,6.00,0.00,2.80,6-3.2,1,1908707318244777984,极兔快递,JT0015964278654,服饰,河南省,
郝悦_站点-兴延小区,兴延小区,兴延小区,快递,2025-04-06 10:04:24,,2,0.2,1,7.00,0.00,3.01,43% ,1,1908702264901181440,极兔快递,JT0015949674765,生活用品,江苏省,
郝悦_站点-兴延小区,兴延小区,兴延小区,快递,2025-04-06 10:03:11,,1,0.2,0,6.00,0.00,2.80,6-3.2,1,1908701965943775232,极兔快递,JT0015967488608,服饰,广东省,
郝悦_站点-兴延小区,兴延小区,兴延小区,快递,2025-04-06 10:01:53,,1,0.42,0,6.00,0.00,2.80,6-3.2,1,1908701627438276608,极兔快递,JT0015964442755,服饰,辽宁省,
郝悦_站点-兴延小区,兴延小区,兴延小区,快递,2025-04-06 10:00:52,,1,0.28,0,6.00,0.00,2.80,6-3.2,1,1908701366690979840,极兔快递,JT0015967125219,服饰,福建省,
郝悦_站点-兴延小区,兴延小区,兴延小区,快递,2025-04-05 20:03:23,,1,0.71,0,6.00,0.00,2.80,6-3.2,1,1908490558535049216,极兔快递,JT0015959241903,生活用品,安徽省,
郝悦_站点-兴延小区,兴延小区,兴延小区,快递,2025-04-05 19:29:05,,1,0.44,0,6.00,0.00,2.80,6-3.2,1,1908481988464680960,极兔快递,JT0015964017373,服饰鞋,浙江省,
郝悦_站点-兴延小区,兴延小区,兴延小区,快递,2025-04-05 18:32:02,,3,1.48,1,8.00,0.00,3.60,45% ,1,1908467630271569920,极兔快递,JT0015961596505,生活用品,河北省,
郝悦_站点-兴延小区,兴延小区,兴延小区,快递,2025-04-05 18:31:07,,3,1.82,1,8.00,0.00,3.60,45% ,1,1908467402348896256,极兔快递,JT0015956854694,生活用品,广西壮族自治区,
郝悦_站点-兴延小区,兴延小区,兴延小区,快递,2025-04-05 18:29:49,,1,0.26,0,6.00,0.00,2.80,6-3.2,1,1908467066582278144,极兔快递,JT0015953844204,服饰,广东省,
郝悦_站点-兴延小区,兴延小区,兴延小区,快递,2025-04-05 18:28:55,,1,0.68,0,6.00,0.00,2.80,6-3.2,1,1908466851796164608,极兔快递,JT0015962056112,服饰,江苏省,
郝悦_站点-兴延小区,兴延小区,兴延小区,快递,2025-04-05 18:25:12,,1,0.23,0,6.00,0.00,2.80,6-3.2,1,1908465917363953664,极兔快递,JT0015951765139,生活用品,广东省,
郝悦_站点-兴延小区,兴延小区,兴延小区,快递,2025-04-05 18:13:07,,1,0.39,0,6.00,0.00,2.80,6-3.2,1,1908462876485165056,极兔快递,JT0015962921282,生活用品,浙江省,
郝悦_站点-兴延小区,兴延小区,兴延小区,快递,2025-04-05 17:36:28,2025-04-05 09:44:21,2,,,7.00,,0.00,,1,1908453653625905152,极兔快递,,服饰,河南省,已全额退款
郝悦_站点-兴延小区,兴延小区,兴延小区,快递,2025-04-05 17:39:25,,1,0.56,0,6.00,0.00,2.52,42% ,1,1908454293148213248,韵达快递,312701910658031,服饰,广东省,
郝悦_站点-兴延小区,兴延小区,兴延小区,快递,2025-04-05 17:37:25,,2,1.27,0,7.00,0.00,3.01,43% ,1,1908453880458059776,韵达快递,312701908186698,服饰,河南省,
郝悦_站点-兴延小区,兴延小区,兴延小区,快递,2025-04-05 17:34:44,,1,0.26,0,6.00,0.00,2.80,6-3.2,1,1908453219997786112,极兔快递,JT0015959890031,服饰,广东省,
郝悦_站点-兴延小区,兴延小区,兴延小区,快递,2025-04-05 17:32:22,,1,0.25,0,6.00,0.00,2.80,6-3.2,1,1908452620220702720,极兔快递,JT0015956910810,服饰,广东省,
郝悦_站点-兴延小区,兴延小区,兴延小区,快递,2025-04-05 17:30:57,,1,0.63,0,6.00,0.00,2.80,6-3.2,1,1908452235342979072,极兔快递,JT0015961901591,服饰,广东省,
郝悦_站点-兴延小区,兴延小区,兴延小区,快递,2025-04-05 17:27:56,,1,0.46,0,6.00,0.00,2.80,6-3.2,1,1908451505555054592,极兔快递,JT0015960400075,生活用品,广东省,
郝悦_站点-兴延小区,兴延小区,兴延小区,快递,2025-04-05 17:26:37,,1,0.26,0,6.00,0.00,2.80,6-3.2,1,1908451170723766272,极兔快递,JT0015948299911,生活用品,广东省,
郝悦_站点-兴延小区,兴延小区,兴延小区,快递,2025-04-05 17:25:04,,1,0.2,0,6.00,0.00,2.80,6-3.2,1,1908450784113795072,极兔快递,JT0015960885374,生活用品,江西省,
郝悦_站点-兴延小区,兴延小区,兴延小区,快递,2025-04-05 17:17:38,,1,0.33,0,6.00,0.00,2.80,6-3.2,1,1908448914418900992,极兔快递,JT0015959220874,服饰,河南省,
郝悦_站点-兴延小区,兴延小区,兴延小区,快递,2025-04-05 17:10:28,,1,0.23,0,6.00,0.00,2.80,6-3.2,1,1908447101544243200,极兔快递,JT0015957551656,服饰2件,广东省,
郝悦_站点-兴延小区,兴延小区,兴延小区,快递,2025-04-05 17:05:37,,1,0.2,0,6.00,0.00,2.80,6-3.2,1,1908445890447351808,极兔快递,JT0015961640638,生活用品,湖北省,
郝悦_站点-兴延小区,兴延小区,兴延小区,快递,2025-04-05 16:57:47,,1,0.82,0,6.00,0.00,2.80,6-3.2,1,1908443920214990848,极兔快递,JT0015958428985,生活用品,浙江省,
郝悦_站点-兴延小区,兴延小区,兴延小区,快递,2025-04-05 16:28:55,,1,0.23,0,6.00,0.00,2.80,6-3.2,1,1908436655202312192,极兔快递,JT0015960927064,服饰,安徽省,
郝悦_站点-兴延小区,兴延小区,兴延小区,快递,2025-04-05 15:44:12,,1,0.2,0,6.00,0.00,2.80,6-3.2,1,1908425388156723200,极兔快递,JT0015959064648,服饰,江苏省,
郝悦_站点-兴延小区,兴延小区,兴延小区,快递,2025-04-05 15:42:52,,1,0.64,0,6.00,0.00,2.80,6-3.2,1,1908425057523933184,极兔快递,JT0015958843494,服饰,广东省,
郝悦_站点-兴延小区,兴延小区,兴延小区,快递,2025-04-05 14:15:52,,3,0.89,2,8.00,0.00,3.60,45% ,1,1908403170760663040,极兔快递,JT0015959011852,服饰,广东省,
郝悦_站点-兴延小区,兴延小区,兴延小区,快递,2025-04-05 14:08:59,,1,0.2,0,6.00,0.00,2.80,6-3.2,1,1908401244564299776,极兔快递,JT0015958821950,生活用品,湖北省,
郝悦_站点-兴延小区,兴延小区,兴延小区,快递,2025-04-05 14:02:52,,1,0.57,0,6.00,0.00,2.80,6-3.2,1,1908399895722270720,极兔快递,JT0015958668487,服饰,湖北省,
郝悦_站点-兴延小区,兴延小区,兴延小区,快递,2025-04-05 14:01:23,,1,0.2,0,6.00,0.00,2.80,6-3.2,1,1908399520202039296,极兔快递,JT0015950992466,生活用品,浙江省,
郝悦_站点-兴延小区,兴延小区,兴延小区,快递,2025-04-05 13:30:39,,1,0.44,0,6.00,0.00,2.80,6-3.2,1,1908391785242763264,极兔快递,JT0015957079094,生活用品,山东省,
郝悦_站点-兴延小区,兴延小区,兴延小区,快递,2025-04-05 13:28:24,,1,0.66,0,6.00,0.00,2.80,6-3.2,1,1908391220387454976,极兔快递,JT0015955118009,生活用品,山东省,
郝悦_站点-兴延小区,兴延小区,兴延小区,快递,2025-04-05 12:47:05,,1,0.31,0,6.00,0.00,2.80,6-3.2,1,1908380822191939584,极兔快递,JT0015956704795,服饰,广东省,
郝悦_站点-兴延小区,兴延小区,兴延小区,快递,2025-04-05 12:41:15,,2,1.42,0,7.00,0.00,3.01,43% ,1,1908379353497673728,极兔快递,JT0015955311910,生活用品,河北省,
郝悦_站点-兴延小区,兴延小区,兴延小区,快递,2025-04-05 12:31:41,,1,0.2,0,6.00,0.00,2.80,6-3.2,1,1908376951113588736,极兔快递,JT0015954730536,服饰,福建省,
郝悦_站点-兴延小区,兴延小区,兴延小区,快递,2025-04-05 11:26:08,,1,0.2,0,6.00,0.00,2.80,6-3.2,1,1908360454223896576,极兔快递,JT0015953468256,服饰,浙江省,
郝悦_站点-兴延小区,兴延小区,兴延小区,快递,2025-04-05 10:52:50,,8,7.55,0,20.00,7.50,8.00,40% ,1,1908352076269428736,极兔快递,JT0015948517145,食品,山东省,
郝悦_站点-兴延小区,兴延小区,兴延小区,干洗,2025-04-05 10:42:55,,,,,39.60,,11.88,30%,,1908349574593585152,干洗,,"清洗鞋19.8元两双   *   1
清洗鞋19.8元两双   *   1
磨砂鞋   *   1",,
郝悦_站点-兴延小区,兴延小区,兴延小区,干洗,2025-04-05 10:35:20,,,,,49.00,,14.70,30%,,1908347672225062912,干洗,,"清洗普通羽绒服2件不分长短49元   *   1
清洗普通羽绒服2件不分长短49元   *   1",,
郝悦_站点-兴延小区,兴延小区,兴延小区,快递,2025-04-05 09:59:37,,1,0.49,0,6.00,0.00,2.80,6-3.2,1,1908338679557595136,极兔快递,JT0015951255166,服饰,广东省,
郝悦_站点-兴延小区,兴延小区,兴延小区,快递,2025-04-05 09:57:38,,1,0.25,0,6.00,0.00,2.80,6-3.2,1,1908338180422836224,极兔快递,JT0015953940780,服饰,河北省,
郝悦_站点-兴延小区,兴延小区,兴延小区,快递,2025-04-05 09:55:59,,1,0.2,0,6.00,0.00,2.80,6-3.2,1,1908337763173474304,极兔快递,JT0015953538191,服饰,山东省,
郝悦_站点-兴延小区,兴延小区,兴延小区,快递,2025-04-05 09:53:05,,1,0.22,0,6.00,0.00,2.80,6-3.2,1,1908337036795518976,极兔快递,JT0015950991439,服饰,广东省,
郝悦_站点-兴延小区,兴延小区,兴延小区,快递,2025-04-04 18:59:03,,1,0.33,0,6.00,0.00,2.80,6-3.2,1,1908112048180109312,极兔快递,JT0015948864117,服饰,辽宁省,
郝悦_站点-兴延小区,兴延小区,兴延小区,快递,2025-04-04 18:34:46,,1,0.5,0,6.00,0.00,2.80,6-3.2,1,1908105934155751424,极兔快递,JT0015950803812,食品,河北省,
郝悦_站点-兴延小区,兴延小区,兴延小区,快递,2025-04-04 18:27:35,,1,0.41,0,6.00,0.00,2.80,6-3.2,1,1908104123520851968,极兔快递,JT0015949997150,服饰,广东省,
郝悦_站点-兴延小区,兴延小区,兴延小区,快递,2025-04-04 18:25:49,,1,0.31,0,6.00,0.00,2.80,6-3.2,1,1908103682577866752,极兔快递,JT0015950315299,服饰,辽宁省,
郝悦_站点-兴延小区,兴延小区,兴延小区,快递,2025-04-04 18:20:27,,1,1.02,-1,6.00,0.00,2.80,6-3.2,1,1908102337561042944,极兔快递,JT0015949788638,服饰2件,广东省,
郝悦_站点-兴延小区,兴延小区,兴延小区,快递,2025-04-04 18:16:55,,1,0.62,0,6.00,0.00,2.80,6-3.2,1,1908101447030611968,极兔快递,JT0015948207492,服饰,浙江省,
郝悦_站点-兴延小区,兴延小区,兴延小区,快递,2025-04-04 18:06:38,,1,0.38,0,6.00,0.00,2.80,6-3.2,1,1908098857228247040,极兔快递,JT0015947587703,生活用品,浙江省,
郝悦_站点-兴延小区,兴延小区,兴延小区,快递,2025-04-04 18:05:12,,1,0.97,0,6.00,0.00,2.80,6-3.2,1,1908098478654562304,极兔快递,JT0015943704040,生活用品,广东省,
郝悦_站点-兴延小区,兴延小区,兴延小区,快递,2025-04-04 17:42:55,,2,0.69,1,7.00,0.00,3.01,43% ,1,1908092889778036736,极兔快递,JT0015949844848,生活用品,河南省,
郝悦_站点-兴延小区,兴延小区,兴延小区,快递,2025-04-04 17:40:06,,1,0.2,0,6.00,0.00,2.80,6-3.2,1,1908092183230750720,极兔快递,JT0015949341885,服饰,安徽省,
郝悦_站点-兴延小区,兴延小区,兴延小区,快递,2025-04-04 17:17:54,,1,0.21,0,6.00,0.00,2.80,6-3.2,1,1908086592827498496,极兔快递,JT0015940694634,服饰,广东省,
郝悦_站点-兴延小区,兴延小区,兴延小区,快递,2025-04-04 16:44:49,,4,1.02,2,10.00,0.00,4.00,40% ,1,1908078266936926208,极兔快递,JT0015939626480,生活用品,浙江省,
郝悦_站点-兴延小区,兴延小区,兴延小区,快递,2025-04-04 16:21:37,,1.1,1.07,0,7.00,0.00,3.01,43% ,1,1908072380197707776,极兔快递,JT0015945843933,文件,江西省,
郝悦_站点-兴延小区,兴延小区,兴延小区,快递,2025-04-04 16:13:27,,1,0.4,0,6.00,0.00,2.80,6-3.2,1,1908070367812591616,极兔快递,JT0015948539539,服饰,江苏省,
郝悦_站点-兴延小区,兴延小区,兴延小区,快递,2025-04-04 15:18:50,,1,0.87,0,6.00,0.00,2.80,6-3.2,1,1908056631102087168,极兔快递,JT0015941423329,服饰,山东省,
郝悦_站点-兴延小区,兴延小区,兴延小区,快递,2025-04-04 15:17:33,,1,0.23,0,6.00,0.00,2.80,6-3.2,1,1908056302776164352,极兔快递,JT0015946339953,服饰,广东省,
郝悦_站点-兴延小区,兴延小区,兴延小区,快递,2025-04-04 14:39:09,,1,0.44,0,6.00,0.00,2.80,6-3.2,1,1908046638369939456,极兔快递,JT0015945758913,服饰,浙江省,
郝悦_站点-兴延小区,兴延小区,兴延小区,快递,2025-04-04 14:03:54,,1,0.2,0,7.00,0.00,2.80,6-3.2,1,1908037767488282624,极兔快递,JT0015944238122,服饰,上海市,
郝悦_站点-兴延小区,兴延小区,兴延小区,快递,2025-04-04 12:58:22,,1,0.61,0,6.00,0.00,2.80,6-3.2,1,1908021267519971328,极兔快递,JT0015945563711,服饰,广东省,
郝悦_站点-兴延小区,兴延小区,兴延小区,快递,2025-04-04 12:57:16,,1,0.2,0,6.00,0.00,2.80,6-3.2,1,1908020993199906816,极兔快递,JT0015945855060,服饰,江苏省,
郝悦_站点-兴延小区,兴延小区,兴延小区,快递,2025-04-04 12:56:20,,1,0.28,0,6.00,0.00,2.80,6-3.2,1,1908020760030158848,极兔快递,JT0015939192753,服饰,广东省,
郝悦_站点-兴延小区,兴延小区,兴延小区,快递,2025-04-04 12:55:07,,1,0.31,0,6.00,0.00,2.80,6-3.2,1,1908020453606891520,极兔快递,JT0015945732901,服饰,广东省,
郝悦_站点-兴延小区,兴延小区,兴延小区,快递,2025-04-04 12:53:35,,1,0.28,0,6.00,0.00,2.80,6-3.2,1,1908020066363580416,极兔快递,JT0015941093292,服饰,广东省,
郝悦_站点-兴延小区,兴延小区,兴延小区,快递,2025-04-04 12:16:48,,1,0.5,0,6.00,0.00,2.80,6-3.2,1,1908010820272070656,极兔快递,JT0015943641893,服饰,广东省,
郝悦_站点-兴延小区,兴延小区,兴延小区,快递,2025-04-04 12:11:23,,1,0.73,0,6.00,0.00,2.80,6-3.2,1,1908009457739833344,极兔快递,JT0015944268819,服饰2件,江西省,
郝悦_站点-兴延小区,兴延小区,兴延小区,快递,2025-04-04 12:08:27,,1,0.2,0,6.00,0.00,2.80,6-3.2,1,1908008712940494848,极兔快递,JT0015943428130,生活用品,广东省,
郝悦_站点-兴延小区,兴延小区,兴延小区,快递,2025-04-04 11:19:35,,2,1.18,0,7.00,0.00,3.01,43% ,1,1907996426444152832,极兔快递,JT0015939826044,生活用品,广东省,
郝悦_站点-兴延小区,兴延小区,兴延小区,快递,2025-04-04 11:18:35,,1,0.85,0,6.00,0.00,2.80,6-3.2,1,1907996166929981440,极兔快递,JT0015941847195,生活用品,广东省,
郝悦_站点-兴延小区,兴延小区,兴延小区,快递,2025-04-04 11:12:07,,1,0.51,0,6.00,0.00,2.80,6-3.2,1,1907994542094360576,极兔快递,JT0015943110091,服饰,湖北省,
郝悦_站点-兴延小区,兴延小区,兴延小区,快递,2025-04-04 11:09:56,,1,0.2,0,6.00,0.00,2.80,6-3.2,1,1907993993001246720,极兔快递,JT0015940445296,服饰,广东省,
郝悦_站点-兴延小区,兴延小区,兴延小区,快递,2025-04-04 10:57:42,,1,0.7,0,6.00,0.00,2.80,6-3.2,1,1907990914394693632,极兔快递,JT0015928465426,服饰,广东省,
郝悦_站点-兴延小区,兴延小区,兴延小区,快递,2025-04-04 10:53:00,,1,0.25,0,6.00,0.00,2.80,6-3.2,1,1907989719475232768,极兔快递,JT0015941147719,服饰,广东省,
郝悦_站点-兴延小区,兴延小区,兴延小区,快递,2025-04-04 10:52:12,,1,0.63,0,6.00,0.00,2.80,6-3.2,1,1907989528093335552,极兔快递,JT0015941043903,服饰,广东省,
郝悦_站点-兴延小区,兴延小区,兴延小区,快递,2025-04-04 10:45:39,,1,0.2,0,6.00,0.00,2.80,6-3.2,1,1907987882508492800,极兔快递,JT0015940028817,服饰,河北省,
郝悦_站点-兴延小区,兴延小区,兴延小区,快递,2025-04-04 10:42:24,,1,0.71,0,6.00,0.00,2.80,6-3.2,1,1907987050044006400,极兔快递,JT0015943970961,服饰2件,江苏省,
郝悦_站点-兴延小区,兴延小区,兴延小区,快递,2025-04-04 10:34:52,,1,0.2,0,6.00,0.00,2.80,6-3.2,1,1907985165262200832,极兔快递,JT0015943353734,生活用品,广东省,
郝悦_站点-兴延小区,兴延小区,兴延小区,快递,2025-04-04 10:29:02,,1,0.68,0,6.00,0.00,2.80,6-3.2,1,1907983695540330496,极兔快递,JT0015942706015,文件,河北省,
郝悦_站点-兴延小区,兴延小区,兴延小区,快递,2025-04-03 20:14:21,,1,0.44,0,6.00,0.00,2.80,6-3.2,1,1907768610897207296,极兔快递,JT0015936790026,服饰,广东省,
郝悦_站点-兴延小区,兴延小区,兴延小区,快递,2025-04-03 20:11:18,,1,0.29,0,6.00,0.00,2.80,6-3.2,1,1907767831255785472,极兔快递,JT0015939512873,服饰,浙江省,
郝悦_站点-兴延小区,兴延小区,兴延小区,干洗,2025-04-03 19:57:15,,,,,83.80,,25.14,30%,,1907764305704198144,干洗,,"清洗毛呢2件59元   *   1
清洗毛呢2件59元   *   1
棉服_毛呢_羽绒服   *   1",,
郝悦_站点-兴延小区,兴延小区,兴延小区,快递,2025-04-03 19:54:45,,1,0.06,0,6.00,0.00,2.52,42% ,1,1907763680958423040,韵达快递,312698872621342,生活用品,山东省,
郝悦_站点-兴延小区,兴延小区,兴延小区,快递,2025-04-03 19:51:19,,1,0.29,0,6.00,0.00,2.80,6-3.2,1,1907762817531584512,极兔快递,JT0015939450031,文件,陕西省,
郝悦_站点-兴延小区,兴延小区,兴延小区,快递,2025-04-03 19:34:09,,1,0.29,0,6.00,0.00,2.80,6-3.2,1,1907758488401682432,极兔快递,JT0015938909076,服饰,江西省,
郝悦_站点-兴延小区,兴延小区,兴延小区,快递,2025-04-03 19:26:32,,1,0.26,0,6.00,0.00,2.80,6-3.2,1,1907756570979803136,极兔快递,JT0015937062978,服饰,江苏省,
郝悦_站点-兴延小区,兴延小区,兴延小区,快递,2025-04-03 19:21:19,,1,0.53,0,6.00,0.00,2.80,6-3.2,1,1907755259383193600,极兔快递,JT0015939789609,服饰,浙江省,
郝悦_站点-兴延小区,兴延小区,兴延小区,快递,2025-04-03 19:20:45,,1,0.72,0,6.00,0.00,2.80,6-3.2,1,1907755117909319680,极兔快递,JT0015939417980,服饰,浙江省,
郝悦_站点-兴延小区,兴延小区,兴延小区,快递,2025-04-03 19:20:04,,1,0.55,0,6.00,0.00,2.80,6-3.2,1,1907754941895352320,极兔快递,JT0015939777044,服饰,浙江省,
郝悦_站点-兴延小区,兴延小区,兴延小区,快递,2025-04-03 19:19:26,,1,0.55,0,6.00,0.00,2.80,6-3.2,1,1907754758012870656,极兔快递,JT0015939293240,服饰,浙江省,
郝悦_站点-兴延小区,兴延小区,兴延小区,快递,2025-04-03 19:02:52,,1,0.57,0,6.00,0.00,2.80,6-3.2,1,1907750615277838336,极兔快递,JT0015936429712,服饰,浙江省,
郝悦_站点-兴延小区,兴延小区,兴延小区,快递,2025-04-03 19:01:26,,1,0.54,0,6.00,0.00,2.80,6-3.2,1,1907750262281019392,极兔快递,JT0015931225063,服饰,浙江省,
郝悦_站点-兴延小区,兴延小区,兴延小区,快递,2025-04-03 19:00:30,,2,1.28,0,7.00,0.00,3.01,43% ,1,1907750025005047808,极兔快递,JT0015936711677,服饰鞋,广东省,
郝悦_站点-兴延小区,兴延小区,兴延小区,快递,2025-04-03 18:45:32,,1,0.26,0,6.00,0.00,2.80,6-3.2,1,1907746259887398912,极兔快递,JT0015938228559,服饰,浙江省,
郝悦_站点-兴延小区,兴延小区,兴延小区,快递,2025-04-03 18:40:00,,1,0.2,0,6.00,0.00,2.80,6-3.2,1,1907744843441577984,极兔快递,JT0015933127895,服饰,广东省,
郝悦_站点-兴延小区,兴延小区,兴延小区,快递,2025-04-03 18:39:06,,1,0.3,0,6.00,0.00,2.80,6-3.2,1,1907744634795925504,极兔快递,JT0015919411842,服饰,安徽省,
郝悦_站点-兴延小区,兴延小区,兴延小区,快递,2025-04-03 18:20:37,,1,0.96,0,6.00,0.00,2.80,6-3.2,1,1907739977247825920,极兔快递,JT0015936859883,生活用品,安徽省,
郝悦_站点-兴延小区,兴延小区,兴延小区,快递,2025-04-03 18:18:10,,3,2.22,0,8.00,0.00,3.60,45% ,1,1907738498755665920,极兔快递,JT0015938479273,生活用品,江苏省,
郝悦_站点-兴延小区,兴延小区,兴延小区,快递,2025-04-03 18:00:13,,3,1.97,1,8.00,0.00,3.60,45% ,1,1907734854006153216,极兔快递,JT0015938542093,易碎品,陕西省,
郝悦_站点-兴延小区,兴延小区,兴延小区,快递,2025-04-03 17:53:11,,1,0.57,0,6.00,0.00,2.80,6-3.2,1,1907733083103895552,极兔快递,JT0015937507361,服饰,浙江省,
郝悦_站点-兴延小区,兴延小区,兴延小区,快递,2025-04-03 17:35:01,,1,0.54,0,6.00,0.00,2.80,6-3.2,1,1907728509601259520,极兔快递,JT0015932067778,食品,河南省,
郝悦_站点-兴延小区,兴延小区,兴延小区,快递,2025-04-03 17:29:08,,1,0.56,0,6.00,0.00,2.80,6-3.2,1,1907727025929134080,极兔快递,JT0015931485973,服饰,广东省,
郝悦_站点-兴延小区,兴延小区,兴延小区,快递,2025-04-03 17:20:14,,1,0.2,0,6.00,0.00,2.80,6-3.2,1,1907724749403529216,极兔快递,JT0015938028145,服饰,湖北省,
郝悦_站点-兴延小区,兴延小区,兴延小区,快递,2025-04-03 17:19:23,,1,0.73,0,6.00,0.00,2.80,6-3.2,1,1907724578800214016,极兔快递,JT0015932371955,服饰,广东省,
郝悦_站点-兴延小区,兴延小区,兴延小区,快递,2025-04-03 17:15:31,,1,0.55,0,6.00,0.00,2.80,6-3.2,1,1907723597848977408,极兔快递,JT0015933009969,服饰,湖北省,
郝悦_站点-兴延小区,兴延小区,兴延小区,快递,2025-04-03 17:14:15,,1,0.39,0,6.00,0.00,2.80,6-3.2,1,1907723282022080512,极兔快递,JT0015935563461,服饰,江苏省,
郝悦_站点-兴延小区,兴延小区,兴延小区,快递,2025-04-03 17:09:02,,1,0.2,0,6.00,0.00,2.80,6-3.2,1,1907721923247939584,极兔快递,JT0015937087303,服饰,广东省,
郝悦_站点-兴延小区,兴延小区,兴延小区,快递,2025-04-03 16:39:32,,1,0.94,0,6.00,0.00,2.80,6-3.2,1,1907714549623758848,极兔快递,JT0015935825145,服饰鞋,浙江省,
郝悦_站点-兴延小区,兴延小区,兴延小区,快递,2025-04-03 16:32:08,,1,0.53,0,6.00,0.00,2.80,6-3.2,1,1907712689374437376,极兔快递,JT0015936880463,服饰,湖南省,
郝悦_站点-兴延小区,兴延小区,兴延小区,快递,2025-04-03 15:41:54,,1,0.2,0,6.00,0.00,2.80,6-3.2,1,1907700046668439552,极兔快递,JT0015928707242,生活用品,广东省,
郝悦_站点-兴延小区,兴延小区,兴延小区,快递,2025-04-03 15:40:44,,1,0.24,0,6.00,0.00,2.80,6-3.2,1,1907699744556916736,极兔快递,JT0015935401807,服饰,浙江省,
郝悦_站点-兴延小区,兴延小区,兴延小区,快递,2025-04-03 15:40:03,,1,0.51,0,6.00,0.00,2.80,6-3.2,1,1907699571755786240,极兔快递,JT0015932702997,服饰,广东省,
郝悦_站点-兴延小区,兴延小区,兴延小区,快递,2025-04-03 15:20:21,,1,0.69,0,6.00,0.00,2.80,6-3.2,1,1907694616089141248,极兔快递,JT0015932439263,生活用品,江西省,
郝悦_站点-兴延小区,兴延小区,兴延小区,快递,2025-04-03 14:20:59,,1,0.21,0,6.00,0.00,2.80,6-3.2,1,1907679682961809408,极兔快递,JT0015922951729,服饰,湖北省,
郝悦_站点-兴延小区,兴延小区,兴延小区,快递,2025-04-03 13:07:47,,1,0.2,0,6.00,0.00,2.80,6-3.2,1,1907661259011727360,极兔快递,JT0015932180221,服饰,浙江省,
郝悦_站点-兴延小区,兴延小区,兴延小区,快递,2025-04-03 11:25:17,,1,0.2,0,6.00,0.00,2.80,6-3.2,1,1907635465724043264,极兔快递,JT0015930116140,生活用品,云南省,
郝悦_站点-兴延小区,兴延小区,兴延小区,快递,2025-04-03 11:20:08,,1,0.21,0,6.00,0.00,2.80,6-3.2,1,1907634171215028224,极兔快递,JT0015930470888,服饰,江苏省,
郝悦_站点-兴延小区,兴延小区,兴延小区,快递,2025-04-03 11:00:56,,1,0.66,0,6.00,0.00,2.80,6-3.2,1,1907629339271962624,极兔快递,JT0015929760962,服饰鞋,广东省,
郝悦_站点-兴延小区,兴延小区,兴延小区,快递,2025-04-03 10:56:26,,6,5.91,0,15.00,4.50,6.00,40% ,1,1907628204805005312,极兔快递,JT0015925184022,生活用品,广东省,
郝悦_站点-兴延小区,兴延小区,兴延小区,快递,2025-04-03 10:39:05,,1,0.21,0,6.00,0.00,2.80,6-3.2,1,1907623838744256512,极兔快递,JT0015929796425,服饰2件,广东省,
郝悦_站点-兴延小区,兴延小区,兴延小区,快递,2025-04-03 10:28:08,,1,0.2,0,6.00,0.00,2.80,6-3.2,1,1907621083292049408,极兔快递,JT0015922136492,生活用品,江苏省,
郝悦_站点-兴延小区,兴延小区,兴延小区,快递,2025-04-03 10:25:31,,2,1.2,0,7.00,0.00,3.01,43% ,1,1907620427428732928,极兔快递,JT0015929046644,文件,河南省,
郝悦_站点-兴延小区,兴延小区,兴延小区,快递,2025-04-03 10:22:58,,1,0.8,0,6.00,0.00,2.80,6-3.2,1,1907619783645011968,极兔快递,JT0015923532425,文件,广东省,
郝悦_站点-兴延小区,兴延小区,兴延小区,快递,2025-04-03 10:21:20,,1,0.82,0,6.00,0.00,2.80,6-3.2,1,1907619376273235968,极兔快递,JT0015929977608,文件,湖南省,
郝悦_站点-兴延小区,兴延小区,兴延小区,快递,2025-04-03 10:19:44,,1,0.45,0,6.00,0.00,2.80,6-3.2,1,1907618972848300032,极兔快递,JT0015927904682,文件,河北省,
郝悦_站点-兴延小区,兴延小区,兴延小区,快递,2025-04-03 10:17:23,,1,0.46,0,6.00,0.00,2.80,6-3.2,1,1907618380360916992,极兔快递,JT0015929432309,文件,山东省,
郝悦_站点-兴延小区,兴延小区,兴延小区,快递,2025-04-03 10:15:57,,1,0.89,0,6.00,0.00,2.80,6-3.2,1,1907618019092930560,极兔快递,JT0015906489024,文件,江西省,
郝悦_站点-兴延小区,兴延小区,兴延小区,快递,2025-04-03 10:13:51,,1,0.78,0,6.00,0.00,2.80,6-3.2,1,1907617486659592192,极兔快递,JT0015903836767,生活用品,河北省,
郝悦_站点-兴延小区,兴延小区,兴延小区,快递,2025-04-03 10:03:33,,1,0.2,0,6.00,0.00,2.80,6-3.2,1,1907614901424824320,极兔快递,JT0015918815027,服饰,广东省,
郝悦_站点-兴延小区,兴延小区,兴延小区,快递,2025-04-03 10:00:51,,1,0.77,0,6.00,0.00,2.80,6-3.2,1,1907614218034290688,极兔快递,JT0015922079961,服饰2件,广东省,
郝悦_站点-兴延小区,兴延小区,兴延小区,快递,2025-04-03 09:54:47,,1,0.8,0,6.00,0.00,2.80,6-3.2,1,1907612685838262272,极兔快递,JT0015927848050,服饰鞋,山东省,
郝悦_站点-兴延小区,兴延小区,兴延小区,快递,2025-04-03 09:53:49,,1,0.86,0,6.00,0.00,2.80,6-3.2,1,1907612449996742656,极兔快递,JT0015927495118,服饰鞋,山东省,
郝悦_站点-兴延小区,兴延小区,兴延小区,快递,2025-04-03 09:51:34,,3,2.8,0,8.00,0.00,3.60,45% ,1,1907611874013945856,韵达快递,312698012566453,食品,内蒙古自治区,
郝悦_站点-兴延小区,兴延小区,兴延小区,快递,2025-04-02 20:04:15,,1,0.53,0,6.00,0.00,2.80,6-3.2,1,1907403679400140800,极兔快递,JT0015922801286,服饰,湖北省,
郝悦_站点-兴延小区,兴延小区,兴延小区,快递,2025-04-02 19:45:55,,1,0.36,0,6.00,0.00,2.80,6-3.2,1,1907399058212462592,极兔快递,JT0015925574655,服饰鞋,福建省,
郝悦_站点-兴延小区,兴延小区,兴延小区,快递,2025-04-02 19:41:58,,1,0.38,0,6.00,0.00,2.80,6-3.2,1,1907398070239961088,极兔快递,JT0015925228004,服饰鞋,浙江省,
郝悦_站点-兴延小区,兴延小区,兴延小区,快递,2025-04-02 19:39:17,,1,0.23,0,6.00,0.00,2.80,6-3.2,1,1907397399977598976,极兔快递,JT0015922837383,服饰,安徽省,
郝悦_站点-兴延小区,兴延小区,兴延小区,快递,2025-04-02 19:36:12,,2,1.16,0,7.00,0.00,3.01,43% ,1,1907396617240780800,极兔快递,JT0015924569982,服饰,山东省,
郝悦_站点-兴延小区,兴延小区,兴延小区,快递,2025-04-02 19:32:06,,1,0.46,0,6.00,0.00,2.80,6-3.2,1,1907395588457701376,极兔快递,JT0015922073701,服饰,河北省,
郝悦_站点-兴延小区,兴延小区,兴延小区,快递,2025-04-02 18:34:48,,1,0.2,0,6.00,0.00,2.80,6-3.2,1,1907381162425917440,极兔快递,JT0015925097448,生活用品,黑龙江省,
郝悦_站点-兴延小区,兴延小区,兴延小区,快递,2025-04-02 18:31:25,,1,0.42,0,6.00,0.00,2.80,6-3.2,1,1907380320251617280,极兔快递,JT0015920535033,服饰,湖北省,
郝悦_站点-兴延小区,兴延小区,兴延小区,快递,2025-04-02 18:30:11,,1,0.59,0,6.00,0.00,2.80,6-3.2,1,1907380006681255936,极兔快递,JT0015921954137,服饰,河北省,
郝悦_站点-兴延小区,兴延小区,兴延小区,快递,2025-04-02 18:20:31,,1,0.5,0,6.00,0.00,2.80,6-3.2,1,1907377575587160064,极兔快递,JT0015920379613,服饰,浙江省,
郝悦_站点-兴延小区,兴延小区,兴延小区,快递,2025-04-02 16:32:03,,1,0.84,0,6.00,0.00,2.80,6-3.2,1,1907350275097305088,极兔快递,JT0015922137685,生活用品,江苏省,
郝悦_站点-兴延小区,兴延小区,兴延小区,快递,2025-04-02 16:20:19,,1,0.35,0,6.00,0.00,2.80,6-3.2,1,1907347327692775424,极兔快递,JT0015918206687,服饰,广东省,
郝悦_站点-兴延小区,兴延小区,兴延小区,快递,2025-04-02 16:17:21,,1,0.2,0,6.00,0.00,2.80,6-3.2,1,1907346580204888064,极兔快递,JT0015918255955,生活用品,江苏省,
郝悦_站点-兴延小区,兴延小区,兴延小区,快递,2025-04-02 16:11:36,,1,0.8,0,6.00,0.00,2.80,6-3.2,1,1907345110327828480,极兔快递,JT0015921625019,服饰,河北省,
郝悦_站点-兴延小区,兴延小区,兴延小区,快递,2025-04-02 15:34:59,,1,0.2,0,6.00,0.00,2.80,6-3.2,1,1907335913083183104,极兔快递,JT0015917213264,生活用品,浙江省,
郝悦_站点-兴延小区,兴延小区,兴延小区,快递,2025-04-02 13:05:28,,1,0.69,0,6.00,0.00,2.80,6-3.2,1,1907298283918401536,极兔快递,JT0015917279536,服饰,河北省,
郝悦_站点-兴延小区,兴延小区,兴延小区,快递,2025-04-02 12:56:01,,1,0.72,0,6.00,0.00,2.80,6-3.2,1,1907295910806364160,极兔快递,JT0015916025826,生活用品,浙江省,
郝悦_站点-兴延小区,兴延小区,兴延小区,快递,2025-04-02 12:48:10,,1,0.28,0,6.00,0.00,2.80,6-3.2,1,1907293935826051072,极兔快递,JT0015916750144,生活用品,安徽省,
郝悦_站点-兴延小区,兴延小区,兴延小区,快递,2025-04-02 12:07:22,,2,1.71,0,7.00,0.00,3.01,43% ,1,1907283660532031488,极兔快递,JT0015917555674,服饰鞋,广东省,
郝悦_站点-兴延小区,兴延小区,兴延小区,快递,2025-04-02 11:25:25,,1,0.88,0,6.00,0.00,2.80,6-3.2,1,1907273107923214336,极兔快递,JT0015916432876,服饰,广东省,
郝悦_站点-兴延小区,兴延小区,兴延小区,快递,2025-04-02 11:23:19,,1,0.2,0,6.00,0.00,2.80,6-3.2,1,1907272584595709952,极兔快递,JT0015917120670,服饰,广东省,
郝悦_站点-兴延小区,兴延小区,兴延小区,快递,2025-04-02 11:22:03,,1,0.47,0,6.00,0.00,2.80,6-3.2,1,1907272264465457152,极兔快递,JT0015914561030,服饰,广东省,
郝悦_站点-兴延小区,兴延小区,兴延小区,快递,2025-04-02 11:20:28,,1,0.39,0,6.00,0.00,2.80,6-3.2,1,1907271867029987328,极兔快递,JT0015916243012,服饰,浙江省,
郝悦_站点-兴延小区,兴延小区,兴延小区,快递,2025-04-02 11:18:49,,2,1.16,0,7.00,0.00,3.01,43% ,1,1907271432424595456,极兔快递,JT0015914126385,服饰鞋,吉林省,
郝悦_站点-兴延小区,兴延小区,兴延小区,快递,2025-04-02 11:10:24,,1,0.2,0,6.00,0.00,2.80,6-3.2,1,1907269333154471936,极兔快递,JT0015914466403,服饰,辽宁省,
郝悦_站点-兴延小区,兴延小区,兴延小区,快递,2025-04-02 11:08:44,,1,0.54,0,6.00,0.00,2.80,6-3.2,1,1907268911232655360,极兔快递,JT0015916442161,服饰,江苏省,
郝悦_站点-兴延小区,兴延小区,兴延小区,快递,2025-04-02 11:07:28,,1,0.51,0,6.00,0.00,2.80,6-3.2,1,1907268589324017664,极兔快递,JT0015914867286,服饰,广东省,
郝悦_站点-兴延小区,兴延小区,兴延小区,快递,2025-04-01 21:19:18,,1,0.2,0,6.00,0.00,2.80,6-3.2,1,1907060163348209664,极兔快递,JT0015908888171,生活用品,广东省,
郝悦_站点-兴延小区,兴延小区,兴延小区,干洗,2025-04-01 20:37:38,,,,,49.00,,14.70,30%,,1907049687830700032,干洗,,"清洗普通羽绒服2件不分长短49元   *   1
清洗普通羽绒服2件不分长短49元   *   1",,
郝悦_站点-兴延小区,兴延小区,兴延小区,快递,2025-04-01 20:25:02,,1,0.46,0,6.00,0.00,2.80,6-3.2,1,1907046515745693696,极兔快递,JT0015907856181,服饰,广东省,
郝悦_站点-兴延小区,兴延小区,兴延小区,快递,2025-04-01 20:24:22,,1,0.63,0,6.00,0.00,2.80,6-3.2,1,1907046349265379328,极兔快递,JT0015911290787,服饰,广东省,
郝悦_站点-兴延小区,兴延小区,兴延小区,快递,2025-04-01 20:23:45,,1,0.49,0,6.00,0.00,2.80,6-3.2,1,1907046194801745920,极兔快递,JT0015907544346,服饰2件,广东省,
郝悦_站点-兴延小区,兴延小区,兴延小区,快递,2025-04-01 20:23:04,,1,0.2,0,6.00,0.00,2.80,6-3.2,1,1907046023615422464,极兔快递,JT0015908972792,服饰,广东省,
郝悦_站点-兴延小区,兴延小区,兴延小区,快递,2025-04-01 20:22:35,,1,0.32,0,6.00,0.00,2.80,6-3.2,1,1907045903402475520,极兔快递,JT0015907343977,服饰,广东省,
郝悦_站点-兴延小区,兴延小区,兴延小区,快递,2025-04-01 20:21:36,,1,0.53,0,6.00,0.00,2.80,6-3.2,1,1907045441005625344,极兔快递,JT0015909776717,服饰,河南省,
郝悦_站点-兴延小区,兴延小区,兴延小区,快递,2025-04-01 20:20:13,,1,0.46,0,6.00,0.00,2.80,6-3.2,1,1907045297099055104,极兔快递,JT0015909063905,服饰,广东省,
郝悦_站点-兴延小区,兴延小区,兴延小区,快递,2025-04-01 20:19:37,,1,0.41,0,6.00,0.00,2.80,6-3.2,1,1907045161048416256,极兔快递,JT0015911109235,服饰,山东省,
郝悦_站点-兴延小区,兴延小区,兴延小区,快递,2025-04-01 19:48:22,,1,0.2,0,6.00,0.00,2.80,6-3.2,1,1907037293855318016,极兔快递,JT0015907847401,服饰,江苏省,
郝悦_站点-兴延小区,兴延小区,兴延小区,快递,2025-04-01 19:46:56,,1,0.56,0,6.00,0.00,2.80,6-3.2,1,1907036931136102400,极兔快递,JT0015897944929,服饰,辽宁省,
郝悦_站点-兴延小区,兴延小区,兴延小区,快递,2025-04-01 19:45:16,,2,1.29,0,7.00,0.00,3.01,43% ,1,1907036506462822400,极兔快递,JT0015909172689,食品,河南省,
郝悦_站点-兴延小区,兴延小区,兴延小区,快递,2025-04-01 19:34:59,,1,0.24,0,6.00,0.00,2.80,6-3.2,1,1907033915133730816,极兔快递,JT0015905606600,服饰,广东省,
郝悦_站点-兴延小区,兴延小区,兴延小区,快递,2025-04-01 19:34:00,,1,0.2,0,6.00,0.00,2.80,6-3.2,1,1907033670165405696,极兔快递,JT0015906181320,服饰,广东省,
郝悦_站点-兴延小区,兴延小区,兴延小区,快递,2025-04-01 19:32:56,,1,0.91,0,6.00,0.00,2.80,6-3.2,1,1907033408872849408,极兔快递,JT0015910686447,服饰,广东省,
郝悦_站点-兴延小区,兴延小区,兴延小区,快递,2025-04-01 19:29:25,,1,0.99,0,6.00,0.00,2.80,6-3.2,1,1907032503645577216,极兔快递,JT0015910650312,服饰,广东省,
郝悦_站点-兴延小区,兴延小区,兴延小区,快递,2025-04-01 19:28:04,,1,0.2,0,6.00,0.00,2.80,6-3.2,1,1907032186027712512,极兔快递,JT0015900146715,生活用品,浙江省,
郝悦_站点-兴延小区,兴延小区,兴延小区,快递,2025-04-01 19:26:00,,1,0.2,0,6.00,0.00,2.80,6-3.2,1,1907031659365736448,极兔快递,JT0015910205066,生活用品,江苏省,
郝悦_站点-兴延小区,兴延小区,兴延小区,快递,2025-04-01 18:54:37,,1,0.24,0,6.00,0.00,2.80,6-3.2,1,1907023755103379456,极兔快递,JT0015905904998,数码产品,广东省,
郝悦_站点-兴延小区,兴延小区,兴延小区,快递,2025-04-01 17:38:40,,2,1.01,0,7.00,0.00,3.01,43% ,1,1907004654737891328,极兔快递,JT0015909715140,生活用品,贵州省,
郝悦_站点-兴延小区,兴延小区,兴延小区,快递,2025-04-01 17:33:30,,1,0.26,0,6.00,0.00,2.80,6-3.2,1,1907003352033206272,极兔快递,JT0015898859548,服饰,广东省,
郝悦_站点-兴延小区,兴延小区,兴延小区,快递,2025-04-01 17:31:35,,1,0.48,0,6.00,0.00,2.80,6-3.2,1,1907002835735355392,极兔快递,JT0015896493986,服饰,江西省,
郝悦_站点-兴延小区,兴延小区,兴延小区,快递,2025-04-01 17:25:15,,1,0.2,0,6.00,0.00,2.80,6-3.2,1,1907001281586339840,极兔快递,JT0015908286741,服饰,广东省,
郝悦_站点-兴延小区,兴延小区,兴延小区,快递,2025-04-01 17:23:53,,1,0.57,0,6.00,0.00,2.80,6-3.2,1,1907000936348983296,极兔快递,JT0015906584295,服饰,浙江省,
郝悦_站点-兴延小区,兴延小区,兴延小区,快递,2025-04-01 17:21:42,,1,0.57,0,6.00,0.00,2.80,6-3.2,1,1907000377952903168,极兔快递,JT0015907251854,服饰,广东省,
郝悦_站点-兴延小区,兴延小区,兴延小区,快递,2025-04-01 17:18:35,,1,,,6.00,,2.80,6-3.2,1,1906999581584596992,极兔快递,,服饰,江西省,
郝悦_站点-兴延小区,兴延小区,兴延小区,快递,2025-04-01 17:17:30,,1,0.76,0,6.00,0.00,2.80,6-3.2,1,1906999324406652928,极兔快递,JT0015901504270,服饰鞋,湖北省,
郝悦_站点-兴延小区,兴延小区,兴延小区,快递,2025-04-01 17:15:31,,1,0.49,0,6.00,0.00,2.80,6-3.2,1,1906998780380258304,极兔快递,JT0015894028972,服饰,广东省,
郝悦_站点-兴延小区,兴延小区,兴延小区,快递,2025-04-01 16:53:05,,1,0.92,0,6.00,0.00,2.80,6-3.2,1,1906993183102541824,极兔快递,JT0015908897573,服饰鞋,江西省,
郝悦_站点-兴延小区,兴延小区,兴延小区,快递,2025-04-01 15:25:27,,2,0.86,1,7.00,0.00,3.01,43% ,1,1906971129473081344,极兔快递,JT0015905732945,服饰鞋,福建省,
郝悦_站点-兴延小区,兴延小区,兴延小区,快递,2025-04-01 15:22:30,,2,0.82,1,7.00,0.00,3.01,43% ,1,1906970363102437376,极兔快递,JT0015904678744,服饰,四川省,
郝悦_站点-兴延小区,兴延小区,兴延小区,快递,2025-04-01 15:21:49,,2,1.12,0,7.00,0.00,3.01,43% ,1,1906970207607005184,极兔快递,JT0015906750544,服饰,广东省,
郝悦_站点-兴延小区,兴延小区,兴延小区,快递,2025-04-01 15:16:49,,11,10.43,0,27.50,12.00,11.00,40% ,1,1906968948829265920,极兔快递,JT0015905544768,生活用品,陕西省,
郝悦_站点-兴延小区,兴延小区,兴延小区,快递,2025-04-01 14:39:01,,2,1.03,0,7.00,0.00,3.01,43% ,1,1906959443848536064,极兔快递,JT0015897916830,生活用品,四川省,
郝悦_站点-兴延小区,兴延小区,兴延小区,快递,2025-04-01 14:15:45,,1,0.27,0,6.00,0.00,2.80,6-3.2,1,1906953584028360704,极兔快递,JT0015904882761,服饰,江苏省,
郝悦_站点-兴延小区,兴延小区,兴延小区,快递,2025-04-01 14:10:46,,1,0.58,0,6.00,0.00,2.80,6-3.2,1,1906952334838800384,极兔快递,JT0015899043596,服饰,广东省,
郝悦_站点-兴延小区,兴延小区,兴延小区,快递,2025-04-01 14:09:05,,1,0.34,0,6.00,0.00,2.80,6-3.2,1,1906951912241700864,极兔快递,JT0015901755400,服饰,山东省,
郝悦_站点-兴延小区,兴延小区,兴延小区,快递,2025-04-01 13:43:07,,1,1.0,0,6.00,0.00,2.80,6-3.2,1,1906945371350441984,极兔快递,JT0015904377443,服饰鞋2双,浙江省,
郝悦_站点-兴延小区,兴延小区,兴延小区,快递,2025-04-01 13:35:12,,1,0.2,0,6.00,0.00,2.80,6-3.2,1,1906943383514587136,极兔快递,JT0015892620368,生活用品,河北省,
郝悦_站点-兴延小区,兴延小区,兴延小区,快递,2025-04-01 11:09:18,,2,0.53,1,7.00,0.00,3.01,43% ,1,1906906665348440064,极兔快递,JT0015893578688,服饰鞋,广东省,
郝悦_站点-兴延小区,兴延小区,兴延小区,快递,2025-04-01 11:08:36,,1,0.77,0,6.00,0.00,2.80,6-3.2,1,1906906484469080064,极兔快递,JT0015896217792,服饰,广东省,
郝悦_站点-兴延小区,兴延小区,兴延小区,快递,2025-04-01 11:07:45,,1,0.32,0,6.00,0.00,2.80,6-3.2,1,1906906077323796480,极兔快递,JT0015901549179,服饰,广东省,
郝悦_站点-兴延小区,兴延小区,兴延小区,快递,2025-04-01 10:51:30,,1,0.55,0,6.00,0.00,2.80,6-3.2,1,1906902136867463168,极兔快递,JT0015902000257,服饰,广东省,
郝悦_站点-兴延小区,兴延小区,兴延小区,快递,2025-04-01 10:49:52,,1,0.65,0,6.00,0.00,2.80,6-3.2,1,1906901764094500864,极兔快递,JT0015900556178,服饰,广东省,
郝悦_站点-兴延小区,兴延小区,兴延小区,快递,2025-04-01 10:48:52,,1,0.2,0,6.00,0.00,2.80,6-3.2,1,1906901520598376448,极兔快递,JT0015901210251,服饰,河南省,
郝悦_站点-兴延小区,兴延小区,兴延小区,快递,2025-04-01 10:47:42,,1,0.49,0,6.00,0.00,2.80,6-3.2,1,1906901234702032896,极兔快递,JT0015899027412,服饰,广东省,
郝悦_站点-兴延小区,兴延小区,兴延小区,快递,2025-04-01 10:45:54,,1,0.48,0,6.00,0.00,2.80,6-3.2,1,1906900761689399296,极兔快递,JT0015895260555,服饰,广东省,
郝悦_站点-兴延小区,兴延小区,兴延小区,快递,2025-04-01 10:44:58,,1,0.2,0,6.00,0.00,2.80,6-3.2,1,1906900522316275712,极兔快递,JT0015899267564,服饰,广东省,
郝悦_站点-兴延小区,兴延小区,兴延小区,快递,2025-04-01 10:43:51,,1,0.2,0,6.00,0.00,2.80,6-3.2,1,1906900230988308480,极兔快递,JT0015901574355,服饰,福建省,
郝悦_站点-兴延小区,兴延小区,兴延小区,快递,2025-04-01 10:40:01,,2,,,7.00,,3.01,43% ,1,1906899231867346944,申通快递,772039466628818,生活用品,辽宁省,
郝悦_站点-兴延小区,兴延小区,兴延小区,快递,2025-04-01 10:34:05,,4,3.35,0,10.00,1.50,4.00,40% ,1,1906897805988536320,极兔快递,JT0015892422030,生活用品,山西省,
郝悦_站点-兴延小区,兴延小区,兴延小区,干洗,2025-04-01 10:26:25,,,,,49.00,,14.70,30%,,1906895871575531520,干洗,,"清洗普通羽绒服2件不分长短49元   *   1
清洗普通羽绒服2件不分长短49元   *   1",,
郝悦_站点-兴延小区,兴延小区,兴延小区,干洗,2025-04-01 10:16:09,,,,,127.80,,38.34,30%,,1906893290124025856,干洗,,"清洗普通羽绒服2件不分长短49元   *   1
清洗普通羽绒服2件不分长短49元   *   1
清洗毛呢2件59元   *   1
清洗毛呢2件59元   *   1
清洗鞋19.8元两双   *   1
清洗鞋19.8元两双   *   1",,
