姓名,订单类型,日期,退款日期,打单重量,结算重量,金额,超重金额,团长利润,利润公式,价格方案,订单号,快递公司,物流单号,邮寄物品,发往,说明
农科所智慧社区服务_站点,总计:,2710.16,,,,,,,,,,,,,,
农科所智慧社区服务_站点-农科所智慧社区服务站点,干洗,2025-01-15 12:17:40,2025-02-07 09:14:21,,,24.50,,7.35,30%,,1879382384759328768,干洗,,"清洗普通羽绒服2件不分长短49元   *   1",,已全额退款
农科所智慧社区服务_站点-农科所智慧社区服务站点,快递,2025-01-23 12:31:34,,1,,6.00,,2.32,42% - 0.2,2,1882285000071913472,极兔快递,JT0015140005626,服饰,江苏省,
农科所智慧社区服务_站点-农科所智慧社区服务站点,快递,2025-01-23 12:23:54,,1,,6.00,,2.32,42% - 0.2,2,1882282988185919488,极兔快递,JT0015148037455,服饰,福建省,
农科所智慧社区服务_站点-农科所智慧社区服务站点,快递,2025-01-23 12:04:38,,1,,6.00,,2.32,42% - 0.2,2,1882278220994519040,极兔快递,JT0015148475635,服饰,江苏省,
农科所智慧社区服务_站点-农科所智慧社区服务站点,快递,2025-01-23 11:34:26,,2,,8.00,,3.88,51% - 0.2,2,1882270611604316160,极兔快递,JT0015146831825,服饰,浙江省,
农科所智慧社区服务_站点-农科所智慧社区服务站点,快递,2025-01-23 10:38:03,,6,,18.00,,8.80,50% - 0.2,2,1882256430712823808,极兔快递,JT0015141273234,生鲜类,陕西省,
农科所智慧社区服务_站点-农科所智慧社区服务站点,快递,2025-01-23 10:34:32,,1,,6.00,,2.32,42% - 0.2,2,1882255539590995968,极兔快递,JT0015146632548,易碎品,广西壮族自治区,
农科所智慧社区服务_站点-农科所智慧社区服务站点,快递,2025-01-23 10:07:04,,1,,6.00,,2.32,42% - 0.2,2,1882248625670922240,极兔快递,JT0015145802576,其他,广东省,
农科所智慧社区服务_站点-农科所智慧社区服务站点,快递,2025-01-22 18:53:08,,1,,6.00,,2.32,42% - 0.2,2,1882018637695238144,极兔快递,JT0015144766307,其他,广东省,
农科所智慧社区服务_站点-农科所智慧社区服务站点,快递,2025-01-22 18:40:34,,6,,18.00,,8.80,50% - 0.2,2,1882015473709432832,极兔快递,JT0015143897436,生鲜类,山西省,
农科所智慧社区服务_站点-农科所智慧社区服务站点,快递,2025-01-22 17:23:34,,1,,6.00,,2.32,42% - 0.2,2,1881996093411901440,极兔快递,JT0015140458918,数码产品,广东省,
农科所智慧社区服务_站点-农科所智慧社区服务站点,快递,2025-01-22 17:22:28,,1,,6.00,,2.32,42% - 0.2,2,1881995810145386496,极兔快递,JT0015142843530,数码产品,广东省,
农科所智慧社区服务_站点-农科所智慧社区服务站点,快递,2025-01-22 15:55:10,,1,,6.00,,2.32,42% - 0.2,2,1881973847612014592,极兔快递,JT0015137796833,生活用品,山东省,
农科所智慧社区服务_站点-农科所智慧社区服务站点,快递,2025-01-22 15:46:42,,3,,10.00,,5.30,55% - 0.2,2,1881971718281314304,极兔快递,JT0015140487334,服饰,河北省,
农科所智慧社区服务_站点-农科所智慧社区服务站点,快递,2025-01-22 15:44:54,,1,,6.00,,2.32,42% - 0.2,2,1881971257658654720,极兔快递,JT0015139647833,服饰,黑龙江省,
农科所智慧社区服务_站点-农科所智慧社区服务站点,快递,2025-01-22 14:25:18,,1,,6.00,,2.32,42% - 0.2,2,1881951209464348672,极兔快递,JT0015139793792,服饰,广东省,
农科所智慧社区服务_站点-农科所智慧社区服务站点,快递,2025-01-22 14:13:50,,1,,6.00,,2.32,42% - 0.2,2,1881948345329336320,极兔快递,JT0015132291199,服饰,广东省,
农科所智慧社区服务_站点-农科所智慧社区服务站点,快递,2025-01-22 13:55:53,,5,,15.00,,7.30,50% - 0.2,2,1881943830630842368,极兔快递,JT0015139539320,生活用品,河北省,
农科所智慧社区服务_站点-农科所智慧社区服务站点,快递,2025-01-22 13:44:31,,1,,6.00,,2.32,42% - 0.2,2,1881940962951643136,极兔快递,JT0015134925024,服饰,江苏省,
农科所智慧社区服务_站点-农科所智慧社区服务站点,快递,2025-01-22 13:36:54,,1,,6.00,,2.32,42% - 0.2,2,1881939049455632384,极兔快递,JT0015135410189,服饰,广西壮族自治区,
农科所智慧社区服务_站点-农科所智慧社区服务站点,快递,2025-01-22 13:30:55,,1,,6.00,,2.32,42% - 0.2,2,1881937545197862912,极兔快递,JT0015132393613,其他,湖北省,
农科所智慧社区服务_站点-农科所智慧社区服务站点,快递,2025-01-22 12:58:17,,1,,6.00,,2.32,42% - 0.2,2,1881929334986194944,极兔快递,JT0015133145913,生活用品,广东省,
农科所智慧社区服务_站点-农科所智慧社区服务站点,快递,2025-01-22 12:56:19,,1,,6.00,,2.32,42% - 0.2,2,1881928836941955072,极兔快递,JT0015112626187,服饰,浙江省,
农科所智慧社区服务_站点-农科所智慧社区服务站点,快递,2025-01-22 12:40:07,,1,,6.00,,2.32,42% - 0.2,2,1881924761097682944,极兔快递,JT0015130581862,服饰,辽宁省,
农科所智慧社区服务_站点-农科所智慧社区服务站点,快递,2025-01-22 11:45:42,,1,,6.00,,2.32,42% - 0.2,2,1881910907382874112,极兔快递,JT0015136251173,服饰,广东省,
农科所智慧社区服务_站点-农科所智慧社区服务站点,快递,2025-01-22 11:43:44,,1,,6.00,,2.32,42% - 0.2,2,1881910567547781120,极兔快递,JT0015135961055,服饰,江苏省,
农科所智慧社区服务_站点-农科所智慧社区服务站点,快递,2025-01-22 10:29:32,,5,,16.00,,7.00,50%,2,1881891898000228352,极兔快递,JT0015131173118,生鲜类,北京市,
农科所智慧社区服务_站点-农科所智慧社区服务站点,快递,2025-01-22 10:11:50,,1,,6.00,,2.32,42% - 0.2,2,1881887436187713536,极兔快递,JT0015135135990,服饰,浙江省,
农科所智慧社区服务_站点-农科所智慧社区服务站点,快递,2025-01-22 09:52:29,,8,,24.00,,11.80,50% - 0.2,2,1881882567094509568,极兔快递,JT0015120152256,生鲜类,广东省,
农科所智慧社区服务_站点-农科所智慧社区服务站点,快递,2025-01-21 19:55:21,,1,,6.00,,2.32,42% - 0.2,2,1881671811350601728,极兔快递,JT0015133127397,服饰,福建省,
农科所智慧社区服务_站点-农科所智慧社区服务站点,快递,2025-01-21 19:54:08,,1,,6.00,,2.32,42% - 0.2,2,1881671597587898368,极兔快递,JT0015129168706,其他,浙江省,
农科所智慧社区服务_站点-农科所智慧社区服务站点,快递,2025-01-21 19:52:11,,1,,6.00,,2.32,42% - 0.2,2,1881671061115445248,极兔快递,JT0015130142805,其他,广东省,
农科所智慧社区服务_站点-农科所智慧社区服务站点,快递,2025-01-21 19:51:02,,1,,6.00,,2.32,42% - 0.2,2,1881670816428138496,极兔快递,JT0015131268600,其他,广东省,
农科所智慧社区服务_站点-农科所智慧社区服务站点,快递,2025-01-21 19:49:43,,1,,6.00,,2.32,42% - 0.2,2,1881670480086900736,极兔快递,JT0015126841954,其他,浙江省,
农科所智慧社区服务_站点-农科所智慧社区服务站点,快递,2025-01-21 19:47:30,,1,,6.00,,2.32,42% - 0.2,2,1881669927407656960,极兔快递,JT0015133106730,服饰,江苏省,
农科所智慧社区服务_站点-农科所智慧社区服务站点,快递,2025-01-21 19:46:36,,1,,6.00,,2.32,42% - 0.2,2,1881669613019406336,极兔快递,JT0015128665560,服饰,浙江省,
农科所智慧社区服务_站点-农科所智慧社区服务站点,快递,2025-01-21 19:45:02,,1,,6.00,,2.32,42% - 0.2,2,1881669253030682624,极兔快递,JT0015117673780,其他,广东省,
农科所智慧社区服务_站点-农科所智慧社区服务站点,快递,2025-01-21 19:43:36,,1,,6.00,,2.32,42% - 0.2,2,1881668884087119872,极兔快递,JT0015132569778,其他,安徽省,
农科所智慧社区服务_站点-农科所智慧社区服务站点,快递,2025-01-21 19:41:44,,1,,6.00,,2.32,42% - 0.2,2,1881668419207241728,极兔快递,JT0015132010844,其他,广东省,
农科所智慧社区服务_站点-农科所智慧社区服务站点,快递,2025-01-21 19:40:22,,1,,6.00,,2.32,42% - 0.2,2,1881668099177652224,极兔快递,JT0015129224716,其他,河南省,
农科所智慧社区服务_站点-农科所智慧社区服务站点,快递,2025-01-21 19:38:36,,1,,6.00,,2.32,42% - 0.2,2,1881667691277393920,极兔快递,JT0015130233591,服饰,浙江省,
农科所智慧社区服务_站点-农科所智慧社区服务站点,快递,2025-01-21 19:37:23,,1,,6.00,,2.32,42% - 0.2,2,1881667306793934848,极兔快递,JT0015132467010,其他,湖北省,
农科所智慧社区服务_站点-农科所智慧社区服务站点,快递,2025-01-21 19:36:07,,1,,6.00,,2.32,42% - 0.2,2,1881666965511806976,极兔快递,JT0015132321830,服饰,广东省,
农科所智慧社区服务_站点-农科所智慧社区服务站点,快递,2025-01-21 19:34:02,,1,,7.00,,1.94,42%,2,1881666540670754816,极兔快递,JT0015131794035,服饰,上海市,
农科所智慧社区服务_站点-农科所智慧社区服务站点,快递,2025-01-21 18:38:12,,2,,8.00,,3.88,51% - 0.2,2,1881652480461971456,极兔快递,JT0015131432023,服饰,江苏省,
农科所智慧社区服务_站点-农科所智慧社区服务站点,快递,2025-01-21 17:50:23,2025-01-21 17:50:44,1,,18.00,,0.00,,2,1881640454129917952,顺丰速运,SF3153618363553,服饰,浙江省,已全额退款
农科所智慧社区服务_站点-农科所智慧社区服务站点,快递,2025-01-21 17:33:23,,1,,6.00,,2.32,42% - 0.2,2,1881636175931449344,极兔快递,JT0015130640629,其他,浙江省,
农科所智慧社区服务_站点-农科所智慧社区服务站点,快递,2025-01-21 17:31:02,,1,,6.00,,2.32,42% - 0.2,2,1881635584165486592,极兔快递,JT0015127303031,服饰,浙江省,
农科所智慧社区服务_站点-农科所智慧社区服务站点,快递,2025-01-21 17:28:06,,1,,6.00,,2.32,42% - 0.2,2,1881634838493732864,极兔快递,JT0015126405344,服饰,浙江省,
农科所智慧社区服务_站点-农科所智慧社区服务站点,快递,2025-01-21 17:13:27,2025-01-21 17:17:39,4,,28.00,,0.00,,2,1881631159439007744,极兔快递,JT0015126788479,其他,内蒙古自治区,已全额退款
农科所智慧社区服务_站点-农科所智慧社区服务站点,快递,2025-01-21 17:14:56,,4,,28.00,,4.80,50% - 0.2,2,1881631521470357504,极兔快递,JT0015128226381,其他,内蒙古自治区,
农科所智慧社区服务_站点-农科所智慧社区服务站点,快递,2025-01-21 17:03:54,,1,,6.00,,2.32,42% - 0.2,2,1881628748964110336,极兔快递,JT0015126853153,其他,广东省,
农科所智慧社区服务_站点-农科所智慧社区服务站点,快递,2025-01-21 16:40:06,,1,,6.00,,2.32,42% - 0.2,2,1881622766015946752,极兔快递,JT0015128799785,其他,广东省,
农科所智慧社区服务_站点-农科所智慧社区服务站点,快递,2025-01-21 16:38:33,,2,,8.00,,3.88,51% - 0.2,2,1881622367796142080,极兔快递,JT0015130026633,数码产品,广东省,
农科所智慧社区服务_站点-农科所智慧社区服务站点,快递,2025-01-21 15:04:13,,1,,6.00,,2.32,42% - 0.2,2,1881598635463614464,极兔快递,JT0015126201462,服饰,江苏省,
农科所智慧社区服务_站点-农科所智慧社区服务站点,快递,2025-01-21 14:52:01,,1,,6.00,,2.32,42% - 0.2,2,1881595567141494784,极兔快递,JT0015127324354,服饰,河北省,
农科所智慧社区服务_站点-农科所智慧社区服务站点,快递,2025-01-21 14:18:50,,1,,6.00,,2.32,42% - 0.2,2,1881587215497895936,极兔快递,JT0015121066398,服饰,广东省,
农科所智慧社区服务_站点-农科所智慧社区服务站点,快递,2025-01-21 14:18:09,,1,,6.00,,2.32,42% - 0.2,2,1881587044319961088,极兔快递,JT0015127121993,服饰,广东省,
农科所智慧社区服务_站点-农科所智慧社区服务站点,干洗,2025-01-21 14:10:02,,,,24.50,,7.35,30%,,1881584999567400960,干洗,,"清洗普通羽绒服2件不分长短49元   *   1",,
农科所智慧社区服务_站点-农科所智慧社区服务站点,快递,2025-01-21 14:07:55,,1,,6.00,,2.32,42% - 0.2,2,1881584467196977152,极兔快递,JT0015124419085,其他,河北省,
农科所智慧社区服务_站点-农科所智慧社区服务站点,快递,2025-01-21 14:07:24,,1,,6.00,,2.32,42% - 0.2,2,1881584340298309632,极兔快递,JT0015126360307,服饰,浙江省,
农科所智慧社区服务_站点-农科所智慧社区服务站点,快递,2025-01-21 14:06:40,,10,,30.00,,14.80,50% - 0.2,2,1881584156352913408,极兔快递,JT0015124545736,生鲜类,陕西省,
农科所智慧社区服务_站点-农科所智慧社区服务站点,快递,2025-01-21 13:22:17,,1,,6.00,,2.32,42% - 0.2,2,1881572976968278016,极兔快递,JT0015124537705,服饰,浙江省,
农科所智慧社区服务_站点-农科所智慧社区服务站点,快递,2025-01-21 11:56:05,,1,,6.00,,2.32,42% - 0.2,2,1881551288880799744,极兔快递,JT0015123324560,其他,四川省,
农科所智慧社区服务_站点-农科所智慧社区服务站点,快递,2025-01-21 11:55:06,,1,,6.00,,2.32,42% - 0.2,2,1881551047112728576,极兔快递,JT0015122620727,其他,陕西省,
农科所智慧社区服务_站点-农科所智慧社区服务站点,快递,2025-01-21 11:53:25,,1,,6.00,,2.32,42% - 0.2,2,1881550621214711808,极兔快递,JT0015122008173,其他,四川省,
农科所智慧社区服务_站点-农科所智慧社区服务站点,快递,2025-01-21 11:22:22,,1,,6.00,,2.32,42% - 0.2,2,1881542790721773568,极兔快递,JT0015123212895,其他,陕西省,
农科所智慧社区服务_站点-农科所智慧社区服务站点,快递,2025-01-21 11:01:10,,6,,18.00,,8.80,50% - 0.2,2,1881537465142681600,极兔快递,JT0015116828461,食品,山东省,
农科所智慧社区服务_站点-农科所智慧社区服务站点,快递,2025-01-21 10:52:07,,1,,6.00,,2.32,42% - 0.2,2,1881535196569477120,极兔快递,JT0015119545003,其他,湖北省,
农科所智慧社区服务_站点-农科所智慧社区服务站点,快递,2025-01-21 10:50:47,,1,,6.00,,2.32,42% - 0.2,2,1881534860018524160,极兔快递,JT0015121499616,其他,湖北省,
农科所智慧社区服务_站点-农科所智慧社区服务站点,快递,2025-01-21 10:49:12,,1,,6.00,,2.32,42% - 0.2,2,1881534460578177024,极兔快递,JT0015118961050,其他,湖北省,
农科所智慧社区服务_站点-农科所智慧社区服务站点,快递,2025-01-21 10:48:03,,1,,6.00,,2.32,42% - 0.2,2,1881534168918859776,极兔快递,JT0015119624984,其他,湖北省,
农科所智慧社区服务_站点-农科所智慧社区服务站点,快递,2025-01-21 10:47:05,,1,,6.00,,2.32,42% - 0.2,2,1881533920116940800,极兔快递,JT0015121924414,其他,湖北省,
农科所智慧社区服务_站点-农科所智慧社区服务站点,快递,2025-01-21 10:32:49,,9,,27.00,,13.30,50% - 0.2,2,1881530289057636352,极兔快递,JT0015115287781,生鲜类,山东省,
农科所智慧社区服务_站点-农科所智慧社区服务站点,快递,2025-01-21 10:06:45,,1,,6.00,,2.32,42% - 0.2,2,1881523775685206016,极兔快递,JT0015121760164,其他,安徽省,
农科所智慧社区服务_站点-农科所智慧社区服务站点,快递,2025-01-21 10:06:01,,2,,8.00,,3.88,51% - 0.2,2,1881523584227811328,极兔快递,JT0015114741238,其他,江苏省,
农科所智慧社区服务_站点-农科所智慧社区服务站点,快递,2025-01-20 18:07:28,,3,,10.00,,5.30,55% - 0.2,2,1881282365946773504,极兔快递,JT0015116721758,生活用品,广东省,
农科所智慧社区服务_站点-农科所智慧社区服务站点,快递,2025-01-20 18:00:38,,1,,6.00,,2.32,42% - 0.2,2,1881280592938975232,极兔快递,JT0015113631544,服饰,河南省,
农科所智慧社区服务_站点-农科所智慧社区服务站点,快递,2025-01-20 17:45:44,,1,,6.00,,2.32,42% - 0.2,2,1881276895903268864,极兔快递,JT0015113550437,食品,陕西省,
农科所智慧社区服务_站点-农科所智慧社区服务站点,快递,2025-01-20 17:39:28,,1,,6.00,,2.32,42% - 0.2,2,1881275322787610624,极兔快递,JT0015113397264,其他,陕西省,
农科所智慧社区服务_站点-农科所智慧社区服务站点,快递,2025-01-20 16:56:06,,7,,21.00,,10.30,50% - 0.2,2,1881264405911879680,极兔快递,JT0015109407125,生鲜类,重庆市,
农科所智慧社区服务_站点-农科所智慧社区服务站点,快递,2025-01-20 16:53:15,,5,,15.00,,7.30,50% - 0.2,2,1881263682176335872,极兔快递,JT0015112337863,生鲜类,重庆市,
农科所智慧社区服务_站点-农科所智慧社区服务站点,快递,2025-01-20 15:57:52,,1,,6.00,,2.32,42% - 0.2,2,1881249557526265856,极兔快递,JT0015113705135,服饰,广东省,
农科所智慧社区服务_站点-农科所智慧社区服务站点,快递,2025-01-20 15:56:15,,1,,6.00,,2.32,42% - 0.2,2,1881249336381587456,极兔快递,JT0015112142999,生活用品,安徽省,
农科所智慧社区服务_站点-农科所智慧社区服务站点,快递,2025-01-20 15:33:08,,2,,8.00,,3.88,51% - 0.2,2,1881243528260403200,极兔快递,JT0015105939848,服饰,福建省,
农科所智慧社区服务_站点-农科所智慧社区服务站点,快递,2025-01-20 15:28:05,,2,,8.00,,3.88,51% - 0.2,2,1881242241653456896,极兔快递,JT0015112665232,服饰,江苏省,
农科所智慧社区服务_站点-农科所智慧社区服务站点,快递,2025-01-20 15:25:02,,1,,6.00,,2.32,42% - 0.2,2,1881241487219802112,极兔快递,JT0015113345149,其他,山西省,
农科所智慧社区服务_站点-农科所智慧社区服务站点,快递,2025-01-20 15:22:09,,1,,6.00,,2.32,42% - 0.2,2,1881240691359006720,极兔快递,JT0015112088121,其他,重庆市,
农科所智慧社区服务_站点-农科所智慧社区服务站点,快递,2025-01-20 15:20:38,,1,,6.00,,2.32,42% - 0.2,2,1881240383010553856,极兔快递,JT0015111141939,其他,广东省,
农科所智慧社区服务_站点-农科所智慧社区服务站点,快递,2025-01-20 15:19:11,,1,,15.00,,2.80,18.67% - 0.2,2,1881239929719537664,极兔快递,JT0015113145207,其他,新疆维吾尔自治区,
农科所智慧社区服务_站点-农科所智慧社区服务站点,快递,2025-01-20 15:17:24,,1,,6.00,,2.32,42% - 0.2,2,1881239566736080896,极兔快递,JT0015107041013,其他,云南省,
农科所智慧社区服务_站点-农科所智慧社区服务站点,快递,2025-01-20 15:15:04,,1,,6.00,,2.32,42% - 0.2,2,1881238926223917056,极兔快递,JT0015110513363,其他,河北省,
农科所智慧社区服务_站点-农科所智慧社区服务站点,快递,2025-01-20 15:14:00,,1,,6.00,,2.32,42% - 0.2,2,1881238711005790208,极兔快递,JT0015112031517,其他,广东省,
农科所智慧社区服务_站点-农科所智慧社区服务站点,快递,2025-01-20 15:12:56,,1,,6.00,,2.32,42% - 0.2,2,1881238410404216832,极兔快递,JT0015112707944,其他,河南省,
农科所智慧社区服务_站点-农科所智慧社区服务站点,快递,2025-01-20 14:30:12,,1,,6.00,,2.32,42% - 0.2,2,1881227688550912000,极兔快递,JT0015111594565,食品,陕西省,
农科所智慧社区服务_站点-农科所智慧社区服务站点,快递,2025-01-20 14:29:38,,2,,8.00,,3.88,51% - 0.2,2,1881227549203550208,极兔快递,JT0015110747726,食品,陕西省,
农科所智慧社区服务_站点-农科所智慧社区服务站点,快递,2025-01-20 14:28:21,,1,,6.00,,2.32,42% - 0.2,2,1881227226577686528,极兔快递,JT0015107744452,服饰,广东省,
农科所智慧社区服务_站点-农科所智慧社区服务站点,快递,2025-01-20 14:20:08,,1,,6.00,,2.32,42% - 0.2,2,1881225156009185280,极兔快递,JT0015108680945,服饰,浙江省,
农科所智慧社区服务_站点-农科所智慧社区服务站点,快递,2025-01-20 14:07:07,,1,,6.00,,2.32,42% - 0.2,2,1881221863795118080,极兔快递,JT0015111336497,服饰,广东省,
农科所智慧社区服务_站点-农科所智慧社区服务站点,干洗,2025-01-20 13:57:03,,,,24.50,,7.35,30%,,1881219334168432640,干洗,,"清洗普通羽绒服2件不分长短49元   *   1",,
农科所智慧社区服务_站点-农科所智慧社区服务站点,快递,2025-01-20 11:37:33,,1,,6.00,,2.32,42% - 0.2,2,1881184240456224768,极兔快递,JT0015102197683,服饰,广东省,
农科所智慧社区服务_站点-农科所智慧社区服务站点,快递,2025-01-20 10:59:09,,2,,8.00,,3.88,51% - 0.2,2,1881174571947970560,极兔快递,JT0015103583509,服饰,山东省,
农科所智慧社区服务_站点-农科所智慧社区服务站点,快递,2025-01-20 10:56:36,,1,,6.00,,2.32,42% - 0.2,2,1881173934124355584,极兔快递,JT0015107632509,服饰,广东省,
农科所智慧社区服务_站点-农科所智慧社区服务站点,快递,2025-01-20 10:34:04,,7,,21.00,,10.30,50% - 0.2,2,1881168265665105920,极兔快递,JT0015106573019,生鲜类,陕西省,
农科所智慧社区服务_站点-农科所智慧社区服务站点,快递,2025-01-20 10:31:25,,1,,6.00,,2.32,42% - 0.2,2,1881167592886161408,极兔快递,JT0015103296549,食品,吉林省,
农科所智慧社区服务_站点-农科所智慧社区服务站点,快递,2025-01-19 19:55:03,,1,,6.00,,2.32,42% - 0.2,2,1880947046198071296,极兔快递,JT0015099454850,服饰,广东省,
农科所智慧社区服务_站点-农科所智慧社区服务站点,快递,2025-01-19 19:41:40,,5,,15.00,,7.30,50% - 0.2,2,1880943684366946304,极兔快递,JT0015096395882,生鲜类,浙江省,
农科所智慧社区服务_站点-农科所智慧社区服务站点,快递,2025-01-19 19:39:03,,1,,6.00,,2.32,42% - 0.2,2,1880943018298888192,极兔快递,JT0015097401314,服饰,江苏省,
农科所智慧社区服务_站点-农科所智慧社区服务站点,快递,2025-01-19 19:15:46,,1,,6.00,,2.32,42% - 0.2,2,1880937168628928512,极兔快递,JT0015095513851,服饰,河南省,
农科所智慧社区服务_站点-农科所智慧社区服务站点,快递,2025-01-19 19:14:21,,1,,6.00,,2.32,42% - 0.2,2,1880936803623817216,极兔快递,JT0015101261791,服饰,福建省,
农科所智慧社区服务_站点-农科所智慧社区服务站点,快递,2025-01-19 19:13:16,,1,,6.00,,2.32,42% - 0.2,2,1880936341256327168,极兔快递,JT0015096679988,服饰,浙江省,
农科所智慧社区服务_站点-农科所智慧社区服务站点,快递,2025-01-19 19:11:45,,1,,6.00,,2.32,42% - 0.2,2,1880936062586769408,极兔快递,JT0015100015761,服饰,广东省,
农科所智慧社区服务_站点-农科所智慧社区服务站点,快递,2025-01-19 19:10:20,,1,,6.00,,2.32,42% - 0.2,2,1880935790619709440,极兔快递,JT0015098587015,服饰,江苏省,
农科所智慧社区服务_站点-农科所智慧社区服务站点,快递,2025-01-19 19:09:20,,1,,6.00,,2.32,42% - 0.2,2,1880935477703659520,极兔快递,JT0015100793881,服饰,福建省,
农科所智慧社区服务_站点-农科所智慧社区服务站点,快递,2025-01-19 19:04:49,,6,,18.00,,8.80,50% - 0.2,2,1880934409087275008,极兔快递,JT0015099261862,生鲜类,陕西省,
农科所智慧社区服务_站点-农科所智慧社区服务站点,快递,2025-01-19 19:04:15,,5,,15.00,,7.30,50% - 0.2,2,1880934268544536576,极兔快递,JT0015098498899,生鲜类,陕西省,
农科所智慧社区服务_站点-农科所智慧社区服务站点,快递,2025-01-19 19:03:25,,4,,12.00,,5.80,50% - 0.2,2,1880934059601088512,极兔快递,JT0015098383705,生鲜类,陕西省,
农科所智慧社区服务_站点-农科所智慧社区服务站点,快递,2025-01-19 19:02:48,,4,,12.00,,5.80,50% - 0.2,2,1880933906626433024,极兔快递,JT0015096752559,生鲜类,陕西省,
农科所智慧社区服务_站点-农科所智慧社区服务站点,快递,2025-01-19 19:02:03,,4,,12.00,,5.80,50% - 0.2,2,1880933716326666240,极兔快递,JT0015097264403,生鲜类,陕西省,
农科所智慧社区服务_站点-农科所智慧社区服务站点,快递,2025-01-19 18:05:31,,1,,6.00,,2.32,42% - 0.2,2,1880919479923560448,极兔快递,JT0015096482850,服饰,浙江省,
农科所智慧社区服务_站点-农科所智慧社区服务站点,干洗,2025-01-19 17:33:56,,,,29.50,,8.85,30%,,1880911528177487872,干洗,,"清洗毛呢2件59元   *   1",,
农科所智慧社区服务_站点-农科所智慧社区服务站点,快递,2025-01-19 16:08:23,,1,,6.00,,2.32,42% - 0.2,2,1880890011033063424,极兔快递,JT0015098669493,服饰,江西省,
农科所智慧社区服务_站点-农科所智慧社区服务站点,快递,2025-01-19 16:05:36,,1,,6.00,,2.32,42% - 0.2,2,1880889309372141568,极兔快递,JT0015099080323,服饰,黑龙江省,
农科所智慧社区服务_站点-农科所智慧社区服务站点,快递,2025-01-19 16:02:52,,2,,8.00,,3.88,51% - 0.2,2,1880888626065494016,极兔快递,JT0015098518451,服饰,江苏省,
农科所智慧社区服务_站点-农科所智慧社区服务站点,快递,2025-01-19 15:30:12,,1,,6.00,,2.32,42% - 0.2,2,1880880398267109376,极兔快递,JT0015097346997,服饰,广东省,
农科所智慧社区服务_站点-农科所智慧社区服务站点,快递,2025-01-19 15:29:04,,1,,6.00,,2.32,42% - 0.2,2,1880880114824433664,极兔快递,JT0015093242419,服饰,广东省,
农科所智慧社区服务_站点-农科所智慧社区服务站点,快递,2025-01-19 15:18:38,,9,,27.00,,13.30,50% - 0.2,2,1880877488321908736,极兔快递,JT0015093676692,食品,湖南省,
农科所智慧社区服务_站点-农科所智慧社区服务站点,快递,2025-01-19 14:53:44,,1,,6.00,,2.32,42% - 0.2,2,1880871224091136000,极兔快递,JT0015094037948,其他,江苏省,
农科所智慧社区服务_站点-农科所智慧社区服务站点,快递,2025-01-19 14:25:49,,1,,6.00,,2.32,42% - 0.2,2,1880864198053122048,极兔快递,JT0015097020755,服饰,广东省,
农科所智慧社区服务_站点-农科所智慧社区服务站点,快递,2025-01-19 14:24:38,,1,,6.00,,2.32,42% - 0.2,2,1880863901754904576,极兔快递,JT0015095951331,服饰,浙江省,
农科所智慧社区服务_站点-农科所智慧社区服务站点,快递,2025-01-19 14:20:09,,2,,8.00,,3.88,51% - 0.2,2,1880862773751369728,极兔快递,JT0015091942717,服饰,浙江省,
农科所智慧社区服务_站点-农科所智慧社区服务站点,快递,2025-01-19 14:11:52,,5,,15.00,,7.30,50% - 0.2,2,1880860691023581184,极兔快递,JT0015094805505,生鲜类,陕西省,
农科所智慧社区服务_站点-农科所智慧社区服务站点,快递,2025-01-19 14:11:20,,5,,15.00,,7.30,50% - 0.2,2,1880860553844674560,极兔快递,JT0015094907179,生鲜类,陕西省,
农科所智慧社区服务_站点-农科所智慧社区服务站点,快递,2025-01-19 13:54:01,,5,,15.00,,7.30,50% - 0.2,2,1880856196285779968,极兔快递,JT0015087233573,服饰,陕西省,
农科所智慧社区服务_站点-农科所智慧社区服务站点,快递,2025-01-19 13:50:50,,4,,12.00,,5.80,50% - 0.2,2,1880855392657133568,极兔快递,JT0015090848956,生鲜类,陕西省,
农科所智慧社区服务_站点-农科所智慧社区服务站点,快递,2025-01-19 13:44:57,,1,,6.00,,2.32,42% - 0.2,2,1880853916568309760,极兔快递,JT0015093315995,服饰,福建省,
农科所智慧社区服务_站点-农科所智慧社区服务站点,快递,2025-01-19 13:44:13,,1,,6.00,,2.32,42% - 0.2,2,1880853722858573824,极兔快递,JT0015082187781,服饰,浙江省,
农科所智慧社区服务_站点-农科所智慧社区服务站点,快递,2025-01-19 13:19:34,,2,,8.00,,3.88,51% - 0.2,2,1880847525023633408,极兔快递,JT0015090631298,生活用品,河北省,
农科所智慧社区服务_站点-农科所智慧社区服务站点,快递,2025-01-19 13:17:42,,1,,6.00,,2.32,42% - 0.2,2,1880847056700231680,极兔快递,JT0015092618833,其他,广东省,
农科所智慧社区服务_站点-农科所智慧社区服务站点,快递,2025-01-19 13:16:32,,1,,6.00,,2.32,42% - 0.2,2,1880846764709564416,极兔快递,JT0015087790238,其他,广东省,
农科所智慧社区服务_站点-农科所智慧社区服务站点,快递,2025-01-19 13:15:35,,1,,6.00,,2.32,42% - 0.2,2,1880846522148769792,极兔快递,JT0015088945097,其他,广东省,
农科所智慧社区服务_站点-农科所智慧社区服务站点,快递,2025-01-19 13:14:36,,1,,6.00,,2.32,42% - 0.2,2,1880846277893476352,极兔快递,JT0015095103382,其他,广东省,
农科所智慧社区服务_站点-农科所智慧社区服务站点,快递,2025-01-19 13:13:05,,1,,6.00,,2.32,42% - 0.2,2,1880845895041601536,极兔快递,JT0015089473153,其他,广东省,
农科所智慧社区服务_站点-农科所智慧社区服务站点,快递,2025-01-19 13:11:50,,1,,6.00,,2.32,42% - 0.2,2,1880845582414958592,极兔快递,JT0015092489003,其他,广东省,
农科所智慧社区服务_站点-农科所智慧社区服务站点,快递,2025-01-19 13:10:12,,1,,6.00,,2.32,42% - 0.2,2,1880845168852389888,极兔快递,JT0015092766790,其他,四川省,
农科所智慧社区服务_站点-农科所智慧社区服务站点,快递,2025-01-19 13:09:05,,1,,6.00,,2.32,42% - 0.2,2,1880844890363187200,极兔快递,JT0015093713743,其他,四川省,
农科所智慧社区服务_站点-农科所智慧社区服务站点,快递,2025-01-19 13:07:46,,1,,6.00,,2.32,42% - 0.2,2,1880844557633245184,极兔快递,JT0015091463924,其他,四川省,
农科所智慧社区服务_站点-农科所智慧社区服务站点,快递,2025-01-19 13:06:28,,1,,6.00,,2.32,42% - 0.2,2,1880844229517037568,极兔快递,JT0015083414756,其他,四川省,
农科所智慧社区服务_站点-农科所智慧社区服务站点,快递,2025-01-19 13:05:28,,1,,6.00,,2.32,42% - 0.2,2,1880843979247112192,极兔快递,JT0015095002273,其他,四川省,
农科所智慧社区服务_站点-农科所智慧社区服务站点,快递,2025-01-19 13:04:13,,1,,6.00,,2.32,42% - 0.2,2,1880843664766586880,极兔快递,JT0015092013490,其他,四川省,
农科所智慧社区服务_站点-农科所智慧社区服务站点,快递,2025-01-19 11:40:27,2025-01-19 12:56:50,4,,33.00,,0.00,,2,1880822582399520768,顺丰速运,,其他,贵州省,已全额退款
农科所智慧社区服务_站点-农科所智慧社区服务站点,快递,2025-01-19 12:49:00,,2,,8.00,,3.88,51% - 0.2,2,1880839834100355072,极兔快递,JT0015094495586,服饰,浙江省,
农科所智慧社区服务_站点-农科所智慧社区服务站点,快递,2025-01-19 12:39:48,,1,,6.00,,2.32,42% - 0.2,2,1880837517598838784,极兔快递,JT0015094374497,服饰,河北省,
农科所智慧社区服务_站点-农科所智慧社区服务站点,快递,2025-01-19 12:38:57,,2,,8.00,,3.88,51% - 0.2,2,1880837297964109824,极兔快递,JT0015089448861,服饰,浙江省,
农科所智慧社区服务_站点-农科所智慧社区服务站点,快递,2025-01-19 11:39:20,,2,,9.00,,3.59,51%,2,1880822301762834432,极兔快递,JT0015093872850,其他,上海市,
农科所智慧社区服务_站点-农科所智慧社区服务站点,快递,2025-01-19 11:34:07,,1,,6.00,,2.32,42% - 0.2,2,1880820989667102720,极兔快递,JT0015089855599,其他,江苏省,
农科所智慧社区服务_站点-农科所智慧社区服务站点,快递,2025-01-19 11:22:36,2025-01-19 11:24:39,4,,33.00,,0.00,,2,1880818085300326400,顺丰速运,,其他,贵州省,已全额退款
农科所智慧社区服务_站点-农科所智慧社区服务站点,快递,2025-01-19 11:23:10,2025-01-19 11:23:23,4,,33.00,,0.00,,2,1880818234466553856,顺丰速运,,其他,贵州省,已全额退款
农科所智慧社区服务_站点-农科所智慧社区服务站点,快递,2025-01-19 11:12:21,,1,,6.00,,2.32,42% - 0.2,2,1880815464258785280,极兔快递,JT0015091462003,其他,山东省,
农科所智慧社区服务_站点-农科所智慧社区服务站点,快递,2025-01-19 10:53:10,,1,,6.00,,2.32,42% - 0.2,2,1880810671880589312,极兔快递,JT0015090244356,服饰,广东省,
农科所智慧社区服务_站点-农科所智慧社区服务站点,快递,2025-01-19 10:16:57,,3,,10.00,,5.30,55% - 0.2,2,1880801560086499328,韵达快递,312617452416943,生活用品,浙江省,
农科所智慧社区服务_站点-农科所智慧社区服务站点,快递,2025-01-18 19:16:24,,5,,16.00,,7.00,50%,2,1880574771833655296,极兔快递,JT0015088002606,服饰,上海市,
农科所智慧社区服务_站点-农科所智慧社区服务站点,干洗,2025-01-18 19:09:43,,,,9.90,,2.97,30%,,1880573253793402880,干洗,,"清洗鞋19.8元两双   *   1",,
农科所智慧社区服务_站点-农科所智慧社区服务站点,干洗,2025-01-18 19:07:19,,,,9.90,,2.97,30%,,1880572620558356480,干洗,,"清洗鞋19.8元两双   *   1",,
农科所智慧社区服务_站点-农科所智慧社区服务站点,快递,2025-01-18 18:57:09,,1,,6.00,,2.32,42% - 0.2,2,1880570085831397376,极兔快递,JT0015086552545,生活用品,浙江省,
农科所智慧社区服务_站点-农科所智慧社区服务站点,快递,2025-01-18 18:11:18,,1,,6.00,,2.32,42% - 0.2,2,1880558554213306368,极兔快递,JT0015083500575,其他,浙江省,
农科所智慧社区服务_站点-农科所智慧社区服务站点,快递,2025-01-18 18:01:52,,2,,8.00,,3.88,51% - 0.2,2,1880556180228853760,极兔快递,JT0015083427154,服饰,辽宁省,
农科所智慧社区服务_站点-农科所智慧社区服务站点,快递,2025-01-18 17:58:54,,1,,6.00,,2.32,42% - 0.2,2,1880555430358601728,极兔快递,JT0015085054432,服饰,浙江省,
农科所智慧社区服务_站点-农科所智慧社区服务站点,快递,2025-01-18 17:58:02,,1,,6.00,,2.32,42% - 0.2,2,1880555203350286336,极兔快递,JT0015086549631,服饰,河北省,
农科所智慧社区服务_站点-农科所智慧社区服务站点,快递,2025-01-18 17:31:59,,1,,6.00,,2.32,42% - 0.2,2,1880548661708247040,极兔快递,JT0015086084574,服饰,山西省,
农科所智慧社区服务_站点-农科所智慧社区服务站点,快递,2025-01-18 17:31:15,,2,,8.00,,3.88,51% - 0.2,2,1880548467629412352,极兔快递,JT0015082854273,生鲜类,山西省,
农科所智慧社区服务_站点-农科所智慧社区服务站点,干洗,2025-01-18 16:45:36,,,,9.90,,2.97,30%,,1880536951748349952,干洗,,"清洗鞋19.8元两双   *   1",,
农科所智慧社区服务_站点-农科所智慧社区服务站点,快递,2025-01-18 16:36:37,,1,,6.00,,2.32,42% - 0.2,2,1880534725004939264,极兔快递,JT0015084431778,服饰,浙江省,
农科所智慧社区服务_站点-农科所智慧社区服务站点,快递,2025-01-18 16:32:29,,1,,6.00,,2.32,42% - 0.2,2,1880533684679135232,极兔快递,JT0015078754991,服饰,浙江省,
农科所智慧社区服务_站点-农科所智慧社区服务站点,快递,2025-01-18 16:24:48,,1,,6.00,,2.32,42% - 0.2,2,1880531749825728512,极兔快递,JT0015078717188,其他,广东省,
农科所智慧社区服务_站点-农科所智慧社区服务站点,快递,2025-01-18 16:23:28,,1,,6.00,,2.32,42% - 0.2,2,1880531368601243648,极兔快递,JT0015077743080,服饰,广东省,
农科所智慧社区服务_站点-农科所智慧社区服务站点,快递,2025-01-18 16:22:38,,1,,6.00,,2.32,42% - 0.2,2,1880531142654087168,极兔快递,JT0015075439447,服饰,浙江省,
农科所智慧社区服务_站点-农科所智慧社区服务站点,快递,2025-01-18 16:20:36,,1,,6.00,,2.32,42% - 0.2,2,1880530691615412224,极兔快递,JT0015079538364,服饰,浙江省,
农科所智慧社区服务_站点-农科所智慧社区服务站点,快递,2025-01-18 15:45:41,,5,,15.00,,7.30,50% - 0.2,2,1880521891491663872,极兔快递,JT0015081556180,食品,陕西省,
农科所智慧社区服务_站点-农科所智慧社区服务站点,干洗,2025-01-18 14:57:28,,,,9.90,,2.97,30%,,1880509773757337600,干洗,,"清洗鞋19.8元两双   *   1",,
农科所智慧社区服务_站点-农科所智慧社区服务站点,干洗,2025-01-18 14:55:18,,,,15.00,,4.50,30%,,1880509226346139648,干洗,,"布鞋_网鞋   *   1",,
农科所智慧社区服务_站点-农科所智慧社区服务站点,干洗,2025-01-18 14:53:25,,,,9.90,,2.97,30%,,1880508753899737088,干洗,,"清洗鞋19.8元两双   *   1",,
农科所智慧社区服务_站点-农科所智慧社区服务站点,快递,2025-01-18 14:30:49,,1,,6.00,,2.32,42% - 0.2,2,1880503072039686144,极兔快递,JT0015081136304,其他,河北省,
农科所智慧社区服务_站点-农科所智慧社区服务站点,快递,2025-01-18 14:28:21,,1,,6.00,,2.32,42% - 0.2,2,1880502450741628928,极兔快递,JT0015078559882,服饰,江苏省,
农科所智慧社区服务_站点-农科所智慧社区服务站点,快递,2025-01-18 14:04:36,,1,,6.00,,2.32,42% - 0.2,2,1880496472231038976,极兔快递,JT0015080695084,生活用品,河北省,
农科所智慧社区服务_站点-农科所智慧社区服务站点,快递,2025-01-18 14:03:35,,2,,8.00,,3.88,51% - 0.2,2,1880496205125177344,极兔快递,JT0015079466293,服饰,浙江省,
农科所智慧社区服务_站点-农科所智慧社区服务站点,快递,2025-01-18 13:37:44,,1,,6.00,,2.32,42% - 0.2,2,1880489711398866944,极兔快递,JT0015079796010,服饰,河南省,
农科所智慧社区服务_站点-农科所智慧社区服务站点,快递,2025-01-18 13:36:43,,1,,6.00,,2.32,42% - 0.2,2,1880489453960876032,极兔快递,JT0015076592633,其他,陕西省,
农科所智慧社区服务_站点-农科所智慧社区服务站点,快递,2025-01-18 13:35:32,,1,,6.00,,2.32,42% - 0.2,2,1880489140369543168,极兔快递,JT0015051711701,服饰,广东省,
农科所智慧社区服务_站点-农科所智慧社区服务站点,快递,2025-01-18 13:34:33,,1,,6.00,,2.32,42% - 0.2,2,1880488906981691392,极兔快递,JT0015079842963,其他,湖南省,
农科所智慧社区服务_站点-农科所智慧社区服务站点,快递,2025-01-18 13:33:56,,1,,6.00,,2.32,42% - 0.2,2,1880488754892034048,极兔快递,JT0015079336546,服饰,广东省,
农科所智慧社区服务_站点-农科所智慧社区服务站点,快递,2025-01-18 13:28:07,,2,,8.00,,3.88,51% - 0.2,2,1880487155306123264,极兔快递,JT0015079102033,其他,湖南省,
农科所智慧社区服务_站点-农科所智慧社区服务站点,快递,2025-01-18 12:15:10,,2,,8.00,,3.88,51% - 0.2,2,1880468915066556416,极兔快递,JT0015070315884,其他,湖北省,
农科所智慧社区服务_站点-农科所智慧社区服务站点,快递,2025-01-18 12:08:29,2025-01-18 12:13:17,6,,18.00,,0.00,,2,1880467251060330496,极兔快递,JT0015078687097,生鲜类,陕西省,已全额退款
农科所智慧社区服务_站点-农科所智慧社区服务站点,快递,2025-01-18 12:07:43,2025-01-18 12:13:12,8,,24.00,,0.00,,2,1880467055136002048,极兔快递,JT0015079067596,生鲜类,陕西省,已全额退款
农科所智慧社区服务_站点-农科所智慧社区服务站点,快递,2025-01-18 12:10:52,,6,,18.00,,8.80,50% - 0.2,2,1880467850011136000,韵达快递,312616109236987,生鲜类,陕西省,
农科所智慧社区服务_站点-农科所智慧社区服务站点,快递,2025-01-18 12:09:57,,8,,24.00,,11.80,50% - 0.2,2,1880467620238774272,韵达快递,312616108648557,生鲜类,陕西省,
农科所智慧社区服务_站点-农科所智慧社区服务站点,快递,2025-01-18 11:38:55,2025-01-18 12:02:09,1,,6.00,,0.00,,2,1880459806141370368,韵达快递,312616021004072,其他,四川省,已全额退款
农科所智慧社区服务_站点-农科所智慧社区服务站点,快递,2025-01-18 12:00:21,,1,,6.00,,2.32,42% - 0.2,2,1880465202251878400,韵达快递,312616088918190,其他,四川省,
农科所智慧社区服务_站点-农科所智慧社区服务站点,快递,2025-01-18 10:11:40,2025-01-18 11:48:18,1,,6.00,,0.00,,2,1880437840848146432,极兔快递,JT0015075676208,其他,四川省,已全额退款
农科所智慧社区服务_站点-农科所智慧社区服务站点,快递,2025-01-18 11:47:44,,1,,6.00,,2.32,42% - 0.2,2,1880461992946618368,韵达快递,312616067485065,其他,四川省,
农科所智慧社区服务_站点-农科所智慧社区服务站点,快递,2025-01-18 10:07:53,2025-01-18 11:46:45,1,,6.00,,0.00,,2,1880436856327557120,极兔快递,JT0015070586738,其他,四川省,已全额退款
农科所智慧社区服务_站点-农科所智慧社区服务站点,快递,2025-01-18 11:46:25,,1,,6.00,,2.32,42% - 0.2,2,1880461694601580544,韵达快递,312616066826948,其他,四川省,
农科所智慧社区服务_站点-农科所智慧社区服务站点,快递,2025-01-18 11:43:51,,1,,6.00,,2.32,42% - 0.2,2,1880461052097122304,极兔快递,JT0015077457457,其他,广东省,
农科所智慧社区服务_站点-农科所智慧社区服务站点,快递,2025-01-18 11:19:37,,1,,6.00,,2.32,42% - 0.2,2,1880454952207568896,极兔快递,JT0015077644329,其他,四川省,
农科所智慧社区服务_站点-农科所智慧社区服务站点,快递,2025-01-18 11:18:23,,1,,6.00,,2.32,42% - 0.2,2,1880454640969240576,极兔快递,JT0015075846153,其他,四川省,
农科所智慧社区服务_站点-农科所智慧社区服务站点,快递,2025-01-18 11:17:17,,1,,6.00,,2.32,42% - 0.2,2,1880454366116499456,极兔快递,JT0015062800066,其他,四川省,
农科所智慧社区服务_站点-农科所智慧社区服务站点,快递,2025-01-18 11:15:50,,1,,6.00,,2.32,42% - 0.2,2,1880453997932105728,极兔快递,JT0015076672379,其他,四川省,
农科所智慧社区服务_站点-农科所智慧社区服务站点,快递,2025-01-18 11:13:44,,1,,6.00,,2.32,42% - 0.2,2,1880453468728381440,极兔快递,JT0015077706355,其他,四川省,
农科所智慧社区服务_站点-农科所智慧社区服务站点,快递,2025-01-18 11:12:25,,1,,6.00,,2.32,42% - 0.2,2,1880453113688936448,极兔快递,JT0015075475201,其他,四川省,
农科所智慧社区服务_站点-农科所智慧社区服务站点,快递,2025-01-18 11:09:05,,1,,6.00,,2.32,42% - 0.2,2,1880452297720647680,极兔快递,JT0015077278388,其他,四川省,
农科所智慧社区服务_站点-农科所智慧社区服务站点,快递,2025-01-18 11:07:26,,1,,6.00,,2.32,42% - 0.2,2,1880451886095847424,极兔快递,JT0015075276196,其他,四川省,
农科所智慧社区服务_站点-农科所智慧社区服务站点,快递,2025-01-18 11:05:32,,1,,6.00,,2.32,42% - 0.2,2,1880451404589748224,极兔快递,JT0015073201050,其他,四川省,
农科所智慧社区服务_站点-农科所智慧社区服务站点,快递,2025-01-18 11:04:02,,1,,6.00,,2.32,42% - 0.2,2,1880451023721779200,极兔快递,JT0015077477337,其他,四川省,
农科所智慧社区服务_站点-农科所智慧社区服务站点,快递,2025-01-18 11:01:37,,1,,6.00,,2.32,42% - 0.2,2,1880450418215276544,极兔快递,JT0015077603382,其他,四川省,
农科所智慧社区服务_站点-农科所智慧社区服务站点,快递,2025-01-18 10:59:21,,1,,6.00,,2.32,42% - 0.2,2,1880449850423955456,极兔快递,JT0015075648125,其他,四川省,
农科所智慧社区服务_站点-农科所智慧社区服务站点,快递,2025-01-18 10:55:27,,1,,6.00,,2.32,42% - 0.2,2,1880448867056799744,极兔快递,JT0015074906214,其他,四川省,
农科所智慧社区服务_站点-农科所智慧社区服务站点,快递,2025-01-18 10:51:27,,1,,6.00,,2.32,42% - 0.2,2,1880447864383262720,极兔快递,JT0015073819713,其他,四川省,
农科所智慧社区服务_站点-农科所智慧社区服务站点,快递,2025-01-18 10:48:31,,1,,6.00,,2.32,42% - 0.2,2,1880447120670248960,极兔快递,JT0015073102605,其他,四川省,
农科所智慧社区服务_站点-农科所智慧社区服务站点,快递,2025-01-18 10:42:49,,1,,6.00,,2.32,42% - 0.2,2,1880445691859619840,韵达快递,312615862735140,其他,四川省,
农科所智慧社区服务_站点-农科所智慧社区服务站点,快递,2025-01-18 10:40:03,,1,,6.00,,2.32,42% - 0.2,2,1880444992966938624,韵达快递,312615860659343,其他,四川省,
农科所智慧社区服务_站点-农科所智慧社区服务站点,快递,2025-01-18 10:37:13,,1,,6.00,,2.32,42% - 0.2,2,1880444271445987328,韵达快递,312615790598745,其他,四川省,
农科所智慧社区服务_站点-农科所智慧社区服务站点,快递,2025-01-18 10:21:07,2025-01-18 10:21:45,1,,6.00,,0.00,,2,1880440219307921408,极兔快递,JT0015070157194,其他,江西省,已全额退款
农科所智慧社区服务_站点-农科所智慧社区服务站点,快递,2025-01-17 19:57:20,,1,,6.00,,2.32,42% - 0.2,2,1880222850924990464,极兔快递,JT0015072034007,其他,浙江省,
农科所智慧社区服务_站点-农科所智慧社区服务站点,快递,2025-01-17 19:56:25,,1,,6.00,,2.32,42% - 0.2,2,1880222613661601792,极兔快递,JT0015071075699,服饰,山东省,
农科所智慧社区服务_站点-农科所智慧社区服务站点,快递,2025-01-17 19:09:27,,1,,6.00,,2.32,42% - 0.2,2,1880210755072348160,极兔快递,JT0015071561286,其他,湖北省,
农科所智慧社区服务_站点-农科所智慧社区服务站点,快递,2025-01-17 18:44:20,,8,,24.00,,11.80,50% - 0.2,2,1880204479605035008,韵达快递,312614934601670,生活用品,内蒙古自治区,
农科所智慧社区服务_站点-农科所智慧社区服务站点,快递,2025-01-17 18:39:20,,3,,10.00,,5.30,55% - 0.2,2,1880203223679422464,极兔快递,JT0015071010860,其他,湖北省,
农科所智慧社区服务_站点-农科所智慧社区服务站点,快递,2025-01-17 18:24:22,,7,,21.00,,10.30,50% - 0.2,2,1880199455311187968,极兔快递,JT0015069860395,生鲜类,山西省,
农科所智慧社区服务_站点-农科所智慧社区服务站点,快递,2025-01-17 18:23:27,,8,,24.00,,11.80,50% - 0.2,2,1880199218580475904,极兔快递,JT0015069723988,生鲜类,山西省,
农科所智慧社区服务_站点-农科所智慧社区服务站点,快递,2025-01-17 17:04:56,,11,,33.00,,16.30,50% - 0.2,2,1880179466902491136,极兔快递,JT0015066315184,生鲜类,陕西省,
农科所智慧社区服务_站点-农科所智慧社区服务站点,快递,2025-01-17 16:54:16,,1,,6.00,,2.32,42% - 0.2,2,1880176779603529728,极兔快递,JT0015067415599,其他,福建省,
农科所智慧社区服务_站点-农科所智慧社区服务站点,快递,2025-01-17 16:53:26,,1,,7.00,,1.94,42%,2,1880176566843265024,极兔快递,JT0015063677379,数码产品,上海市,
农科所智慧社区服务_站点-农科所智慧社区服务站点,快递,2025-01-17 15:14:07,,1,,6.00,,2.32,42% - 0.2,2,1880151575066103808,韵达快递,312614567372516,服饰,广东省,
农科所智慧社区服务_站点-农科所智慧社区服务站点,快递,2025-01-17 15:07:15,,1,,6.00,,2.32,42% - 0.2,2,1880149842977935360,极兔快递,JT0015066989125,服饰,广东省,
农科所智慧社区服务_站点-农科所智慧社区服务站点,快递,2025-01-17 13:40:27,,1,,6.00,,2.32,42% - 0.2,2,1880127993514610688,极兔快递,JT0015059594342,其他,浙江省,
农科所智慧社区服务_站点-农科所智慧社区服务站点,快递,2025-01-17 13:39:20,,1,,6.00,,2.32,42% - 0.2,2,1880127725636997120,极兔快递,JT0015062609903,服饰,广东省,
农科所智慧社区服务_站点-农科所智慧社区服务站点,快递,2025-01-17 13:38:10,,1,,6.00,,2.32,42% - 0.2,2,1880127303815843840,极兔快递,JT0015065027420,服饰,浙江省,
农科所智慧社区服务_站点-农科所智慧社区服务站点,快递,2025-01-17 13:35:23,,1,,6.00,,2.32,42% - 0.2,2,1880126729552711680,极兔快递,JT0015059821006,服饰,浙江省,
农科所智慧社区服务_站点-农科所智慧社区服务站点,快递,2025-01-17 13:33:40,,2,,8.00,,3.88,51% - 0.2,2,1880126297900109824,极兔快递,JT0015063802919,服饰,福建省,
农科所智慧社区服务_站点-农科所智慧社区服务站点,快递,2025-01-17 13:31:06,,1,,6.00,,2.32,42% - 0.2,2,1880125650148577280,极兔快递,JT0015063143020,服饰,河南省,
农科所智慧社区服务_站点-农科所智慧社区服务站点,快递,2025-01-17 13:29:35,,1,,6.00,,2.32,42% - 0.2,2,1880125270593425408,极兔快递,JT0015048735510,服饰,广东省,
农科所智慧社区服务_站点-农科所智慧社区服务站点,快递,2025-01-17 13:27:44,,2,,8.00,,3.88,51% - 0.2,2,1880124585395146752,极兔快递,JT0015063338022,服饰,辽宁省,
农科所智慧社区服务_站点-农科所智慧社区服务站点,快递,2025-01-17 13:07:48,,8,,27.00,,0.00,0%,2,1880119760716615680,顺丰速运,SF3158492416077,生鲜类,陕西省,
农科所智慧社区服务_站点-农科所智慧社区服务站点,快递,2025-01-17 12:55:24,,2,,8.00,,3.88,51% - 0.2,2,1880116668633763840,极兔快递,JT0015060458651,生活用品,天津市,
农科所智慧社区服务_站点-农科所智慧社区服务站点,快递,2025-01-17 12:25:33,,1,,6.00,,2.32,42% - 0.2,2,1880109155309899776,极兔快递,JT0015051349450,其他,广东省,
农科所智慧社区服务_站点-农科所智慧社区服务站点,快递,2025-01-17 12:20:24,,1,,6.00,,2.32,42% - 0.2,2,1880107863132917760,极兔快递,JT0015062779360,其他,广东省,
农科所智慧社区服务_站点-农科所智慧社区服务站点,快递,2025-01-17 12:17:38,,1,,6.00,,2.32,42% - 0.2,2,1880107162193416192,极兔快递,JT0015060573780,其他,广东省,
农科所智慧社区服务_站点-农科所智慧社区服务站点,快递,2025-01-17 12:14:34,,1,,6.00,,2.32,42% - 0.2,2,1880106393138417664,极兔快递,JT0015060412747,其他,广东省,
农科所智慧社区服务_站点-农科所智慧社区服务站点,快递,2025-01-17 12:12:41,,1,,6.00,,2.32,42% - 0.2,2,1880105919265951744,极兔快递,JT0015054539252,其他,广东省,
农科所智慧社区服务_站点-农科所智慧社区服务站点,快递,2025-01-17 12:11:03,,1,,6.00,,2.32,42% - 0.2,2,1880105509096574976,极兔快递,JT0015061058016,其他,广东省,
农科所智慧社区服务_站点-农科所智慧社区服务站点,快递,2025-01-17 12:03:18,,3,,10.00,,5.30,55% - 0.2,2,1880103554643185664,极兔快递,JT0015060493944,食品,陕西省,
农科所智慧社区服务_站点-农科所智慧社区服务站点,快递,2025-01-17 12:02:34,,3,,10.00,,5.30,55% - 0.2,2,1880103372979490816,极兔快递,JT0015059905948,食品,陕西省,
农科所智慧社区服务_站点-农科所智慧社区服务站点,快递,2025-01-17 11:59:11,,1,,6.00,,2.32,42% - 0.2,2,1880102520768221184,极兔快递,JT0015061295405,其他,江西省,
农科所智慧社区服务_站点-农科所智慧社区服务站点,快递,2025-01-17 11:56:54,,1,,6.00,,2.32,42% - 0.2,2,1880101949143306240,极兔快递,JT0015061703720,其他,江西省,
农科所智慧社区服务_站点-农科所智慧社区服务站点,快递,2025-01-17 11:54:54,,1,,6.00,,2.32,42% - 0.2,2,1880101427720015872,极兔快递,JT0015060161429,其他,江西省,
农科所智慧社区服务_站点-农科所智慧社区服务站点,干洗,2025-01-17 11:10:24,,,,29.80,,8.94,30%,,1880090179670429696,干洗,,"棉服_毛呢_羽绒服   *   1",,
农科所智慧社区服务_站点-农科所智慧社区服务站点,快递,2025-01-17 10:37:39,,10,,30.00,,14.80,50% - 0.2,2,1880081994121269248,极兔快递,JT0015058968118,生鲜类,浙江省,
农科所智慧社区服务_站点-农科所智慧社区服务站点,快递,2025-01-16 19:53:54,,6,,18.00,,8.80,50% - 0.2,2,1879859598881771520,极兔快递,JT0015055192932,生鲜类,宁夏回族自治区,
农科所智慧社区服务_站点-农科所智慧社区服务站点,快递,2025-01-16 19:53:10,,12,,36.00,,17.80,50% - 0.2,2,1879859408061911040,极兔快递,JT0015051986767,生鲜类,宁夏回族自治区,
农科所智慧社区服务_站点-农科所智慧社区服务站点,快递,2025-01-16 17:29:48,,1,,6.00,,2.32,42% - 0.2,2,1879823337332723712,极兔快递,JT0015052953290,其他,广东省,
农科所智慧社区服务_站点-农科所智慧社区服务站点,快递,2025-01-16 17:05:54,,1,,6.00,,2.32,42% - 0.2,2,1879817317231415296,极兔快递,JT0015048355144,服饰,广东省,
农科所智慧社区服务_站点-农科所智慧社区服务站点,快递,2025-01-16 17:03:25,,1,,6.00,,2.32,42% - 0.2,2,1879816692259147776,极兔快递,JT0015050578213,生活用品,广东省,
农科所智慧社区服务_站点-农科所智慧社区服务站点,快递,2025-01-16 16:37:29,,2,,8.00,,3.88,51% - 0.2,2,1879810163938217984,极兔快递,JT0015046910561,食品,山东省,
农科所智慧社区服务_站点-农科所智慧社区服务站点,快递,2025-01-16 16:01:27,,1,,6.00,,2.32,42% - 0.2,2,1879801104535179264,极兔快递,JT0015051575961,生活用品,广东省,
农科所智慧社区服务_站点-农科所智慧社区服务站点,快递,2025-01-16 15:59:54,,1,,6.00,,2.32,42% - 0.2,2,1879800687113850880,极兔快递,JT0015050600430,服饰,浙江省,
农科所智慧社区服务_站点-农科所智慧社区服务站点,快递,2025-01-16 15:58:06,,1,,6.00,,2.32,42% - 0.2,2,1879800260322447360,极兔快递,JT0015043612290,生活用品,浙江省,
农科所智慧社区服务_站点-农科所智慧社区服务站点,快递,2025-01-16 15:44:04,,3,,10.00,,5.30,55% - 0.2,2,1879796728676536320,极兔快递,JT0015046068728,生活用品,浙江省,
农科所智慧社区服务_站点-农科所智慧社区服务站点,快递,2025-01-16 15:40:31,,1,,6.00,,2.32,42% - 0.2,2,1879795832668344320,极兔快递,JT0015051100785,服饰,广东省,
农科所智慧社区服务_站点-农科所智慧社区服务站点,快递,2025-01-16 15:39:06,,1,,6.00,,2.32,42% - 0.2,2,1879795477029113856,极兔快递,JT0015050960222,服饰,广东省,
农科所智慧社区服务_站点-农科所智慧社区服务站点,快递,2025-01-16 15:37:44,,1,,6.00,,2.32,42% - 0.2,2,1879795068726202368,极兔快递,JT0015048529867,服饰,江苏省,
农科所智慧社区服务_站点-农科所智慧社区服务站点,快递,2025-01-16 15:36:19,,1,,6.00,,2.32,42% - 0.2,2,1879794715062489088,极兔快递,JT0015048406142,服饰,河北省,
农科所智慧社区服务_站点-农科所智慧社区服务站点,快递,2025-01-16 15:34:01,,1,,6.00,,2.32,42% - 0.2,2,1879794188786388992,极兔快递,JT0015047582459,服饰,江苏省,
农科所智慧社区服务_站点-农科所智慧社区服务站点,快递,2025-01-16 15:31:52,,1,,6.00,,2.32,42% - 0.2,2,1879793656600514560,极兔快递,JT0015049719569,服饰,广东省,
农科所智慧社区服务_站点-农科所智慧社区服务站点,快递,2025-01-16 15:30:23,,1,,6.00,,2.32,42% - 0.2,2,1879792018338926592,极兔快递,JT0015048724848,服饰,江苏省,
农科所智慧社区服务_站点-农科所智慧社区服务站点,快递,2025-01-16 14:51:11,,1,,6.00,,2.32,42% - 0.2,2,1879783416362487808,极兔快递,JT0015050084930,服饰,广东省,
农科所智慧社区服务_站点-农科所智慧社区服务站点,快递,2025-01-16 13:54:52,,1,,6.00,,2.32,42% - 0.2,2,1879769229741576192,极兔快递,JT0015046374281,服饰,河北省,
农科所智慧社区服务_站点-农科所智慧社区服务站点,快递,2025-01-16 13:50:41,,7,,21.00,,10.30,50% - 0.2,2,1879768193362612224,极兔快递,JT0015048935168,生鲜类,陕西省,
农科所智慧社区服务_站点-农科所智慧社区服务站点,快递,2025-01-16 13:26:46,,7,,21.00,,10.30,50% - 0.2,2,1879762166210678784,极兔快递,JT0015046877144,食品,江苏省,
农科所智慧社区服务_站点-农科所智慧社区服务站点,快递,2025-01-16 12:13:26,,1,,6.00,,2.32,42% - 0.2,2,1879743713764495360,极兔快递,JT0015045184145,服饰,福建省,
农科所智慧社区服务_站点-农科所智慧社区服务站点,快递,2025-01-16 11:48:27,,1,,6.00,,2.32,42% - 0.2,2,1879737428117606400,极兔快递,JT0015042443949,服饰,江苏省,
农科所智慧社区服务_站点-农科所智慧社区服务站点,快递,2025-01-16 11:46:48,,1,,6.00,,2.32,42% - 0.2,2,1879737008699789312,极兔快递,JT0015031251483,服饰,江苏省,
农科所智慧社区服务_站点-农科所智慧社区服务站点,快递,2025-01-16 10:37:02,,1,,6.00,,2.32,42% - 0.2,2,1879719421219753984,极兔快递,JT0015044292253,服饰,河北省,
农科所智慧社区服务_站点-农科所智慧社区服务站点,快递,2025-01-15 19:48:45,,1,,6.00,,2.32,42% - 0.2,2,1879495915034955776,极兔快递,JT0015036949371,服饰,黑龙江省,
农科所智慧社区服务_站点-农科所智慧社区服务站点,快递,2025-01-15 19:42:18,,1,,6.00,,2.32,42% - 0.2,2,1879494290778148864,极兔快递,JT0015036030001,其他,陕西省,
农科所智慧社区服务_站点-农科所智慧社区服务站点,快递,2025-01-15 19:41:22,,1,,6.00,,2.32,42% - 0.2,2,1879494056954089472,极兔快递,JT0015039554032,其他,陕西省,
农科所智慧社区服务_站点-农科所智慧社区服务站点,快递,2025-01-15 19:40:33,,1,,6.00,,2.32,42% - 0.2,2,1879493851567411200,极兔快递,JT0015035369180,其他,河南省,
农科所智慧社区服务_站点-农科所智慧社区服务站点,快递,2025-01-15 19:39:16,,1,,6.00,,2.32,42% - 0.2,2,1879493526005534720,极兔快递,JT0015037503994,其他,重庆市,
农科所智慧社区服务_站点-农科所智慧社区服务站点,快递,2025-01-15 19:38:10,,1,,6.00,,2.32,42% - 0.2,2,1879493246279012352,极兔快递,JT0015035634956,其他,辽宁省,
农科所智慧社区服务_站点-农科所智慧社区服务站点,快递,2025-01-15 17:42:43,2025-01-15 17:46:12,1,,6.00,,0.00,,2,1879464171384655872,极兔快递,JT0015025816294,生活用品,山东省,已全额退款
农科所智慧社区服务_站点-农科所智慧社区服务站点,快递,2025-01-15 17:45:45,,1,,6.00,,2.32,42% - 0.2,2,1879464960907857920,极兔快递,JT0015037787418,生活用品,山东省,
农科所智慧社区服务_站点-农科所智慧社区服务站点,快递,2025-01-15 17:39:48,,1,,6.00,,2.32,42% - 0.2,2,1879463460836003840,极兔快递,JT0015038041317,生活用品,浙江省,
农科所智慧社区服务_站点-农科所智慧社区服务站点,快递,2025-01-15 17:38:07,,1,,6.00,,2.32,42% - 0.2,2,1879463040159895552,极兔快递,JT0015037812532,生活用品,广东省,
农科所智慧社区服务_站点-农科所智慧社区服务站点,快递,2025-01-15 17:36:51,,1,,6.00,,2.32,42% - 0.2,2,1879462718196731904,极兔快递,JT0015016543459,服饰,广东省,
农科所智慧社区服务_站点-农科所智慧社区服务站点,快递,2025-01-15 17:35:21,,1,,6.00,,2.32,42% - 0.2,2,1879462343884460032,极兔快递,JT0015033404061,生活用品,浙江省,
农科所智慧社区服务_站点-农科所智慧社区服务站点,快递,2025-01-15 17:33:45,,1,,6.00,,2.32,42% - 0.2,2,1879461932909776896,极兔快递,JT0015037122429,服饰,广东省,
农科所智慧社区服务_站点-农科所智慧社区服务站点,快递,2025-01-15 17:29:03,,2,,8.00,,3.88,51% - 0.2,2,1879460754528456704,极兔快递,JT0015036157650,易碎品,湖南省,
农科所智慧社区服务_站点-农科所智慧社区服务站点,快递,2025-01-15 17:26:19,,1,,6.00,,2.32,42% - 0.2,2,1879460068763947008,极兔快递,JT0015038033114,生活用品,广东省,
农科所智慧社区服务_站点-农科所智慧社区服务站点,快递,2025-01-15 17:24:13,2025-01-15 17:25:26,1,,6.00,,0.00,,2,1879459543637086208,极兔快递,JT0015036517868,服饰,广东省,已全额退款
农科所智慧社区服务_站点-农科所智慧社区服务站点,快递,2025-01-15 17:24:41,,2,,8.00,,3.88,51% - 0.2,2,1879459658850422784,极兔快递,JT0015035369702,服饰,广东省,
农科所智慧社区服务_站点-农科所智慧社区服务站点,快递,2025-01-15 16:52:14,,1,,6.00,,2.32,42% - 0.2,2,1879451463339790336,极兔快递,JT0015036010337,服饰,广东省,
农科所智慧社区服务_站点-农科所智慧社区服务站点,快递,2025-01-15 16:23:07,,1,,6.00,,2.32,42% - 0.2,2,1879444166823694336,极兔快递,JT0015035169082,服饰,浙江省,
农科所智慧社区服务_站点-农科所智慧社区服务站点,快递,2025-01-15 16:21:46,,1,,6.00,,2.32,42% - 0.2,2,1879443824472018944,极兔快递,JT0015035691761,服饰,浙江省,
农科所智慧社区服务_站点-农科所智慧社区服务站点,快递,2025-01-15 16:17:42,,1,,6.00,,2.32,42% - 0.2,2,1879442766165233664,极兔快递,JT0015035322761,服饰,浙江省,
农科所智慧社区服务_站点-农科所智慧社区服务站点,快递,2025-01-15 15:40:23,,1,,6.00,,2.32,42% - 0.2,2,1879433411214757888,极兔快递,JT0015030792225,服饰,广东省,
农科所智慧社区服务_站点-农科所智慧社区服务站点,快递,2025-01-15 14:38:42,,1,,6.00,,2.32,42% - 0.2,2,1879417889773375488,极兔快递,JT0015033694246,服饰,河南省,
农科所智慧社区服务_站点-农科所智慧社区服务站点,快递,2025-01-15 14:29:55,,3,,10.00,,5.30,55% - 0.2,2,1879415678230122496,极兔快递,JT0015019772884,生活用品,四川省,
农科所智慧社区服务_站点-农科所智慧社区服务站点,快递,2025-01-15 14:14:06,,1,,6.00,,2.32,42% - 0.2,2,1879411630122782720,极兔快递,JT0015031835047,服饰,浙江省,
农科所智慧社区服务_站点-农科所智慧社区服务站点,快递,2025-01-15 14:11:39,,2,,8.00,,3.88,51% - 0.2,2,1879411083378479104,极兔快递,JT0015032989047,生活用品,山东省,
农科所智慧社区服务_站点-农科所智慧社区服务站点,快递,2025-01-15 14:00:06,,1,,6.00,,2.32,42% - 0.2,2,1879408164163866624,极兔快递,JT0015026078535,其他,山东省,
农科所智慧社区服务_站点-农科所智慧社区服务站点,快递,2025-01-15 13:26:04,,1,,6.00,,2.32,42% - 0.2,2,1879399611978010624,极兔快递,JT0015029086911,服饰,浙江省,
农科所智慧社区服务_站点-农科所智慧社区服务站点,快递,2025-01-15 12:58:24,,1,,6.00,,2.32,42% - 0.2,2,1879392645335535616,极兔快递,JT0015028299106,服饰,广东省,
农科所智慧社区服务_站点-农科所智慧社区服务站点,干洗,2025-01-15 12:45:01,,,,24.50,,7.35,30%,,1879389276487340032,干洗,,"清洗普通羽绒服2件不分长短49元   *   1",,
农科所智慧社区服务_站点-农科所智慧社区服务站点,快递,2025-01-15 11:10:31,,1,,6.00,,2.32,42% - 0.2,2,1879365489855352832,极兔快递,JT0015024536705,其他,广东省,
农科所智慧社区服务_站点-农科所智慧社区服务站点,快递,2025-01-14 19:47:13,,6,,18.00,,8.80,50% - 0.2,2,1879133140622299136,极兔快递,JT0015022582882,食品,陕西省,
农科所智慧社区服务_站点-农科所智慧社区服务站点,快递,2025-01-14 19:29:56,,1,,6.00,,2.32,42% - 0.2,2,1879128790596374528,极兔快递,JT0015022235626,其他,广东省,
农科所智慧社区服务_站点-农科所智慧社区服务站点,快递,2025-01-14 19:28:49,,1,,6.00,,2.32,42% - 0.2,2,1879128511222173696,极兔快递,JT0015022009637,其他,湖南省,
农科所智慧社区服务_站点-农科所智慧社区服务站点,快递,2025-01-14 19:27:26,,1,,6.00,,2.32,42% - 0.2,2,1879128162058948608,极兔快递,JT0015017953701,服饰,浙江省,
农科所智慧社区服务_站点-农科所智慧社区服务站点,快递,2025-01-14 19:26:06,,2,,8.00,,3.88,51% - 0.2,2,1879127828142018560,极兔快递,JT0015023856098,服饰,浙江省,
农科所智慧社区服务_站点-农科所智慧社区服务站点,快递,2025-01-14 19:23:54,,2,,8.00,,3.88,51% - 0.2,2,1879127273491451904,极兔快递,JT0015018954511,服饰,四川省,
农科所智慧社区服务_站点-农科所智慧社区服务站点,快递,2025-01-14 19:07:48,,1,,6.00,,2.32,42% - 0.2,2,1879123215254867968,极兔快递,JT0015019467442,服饰,黑龙江省,
农科所智慧社区服务_站点-农科所智慧社区服务站点,快递,2025-01-14 18:59:46,,2,,8.00,,3.88,51% - 0.2,2,1879121201888284672,极兔快递,JT0015023134484,服饰,河北省,
农科所智慧社区服务_站点-农科所智慧社区服务站点,快递,2025-01-14 18:56:19,,2,,8.00,,3.88,51% - 0.2,2,1879120323512946688,极兔快递,JT0015018502384,服饰,河北省,
农科所智慧社区服务_站点-农科所智慧社区服务站点,快递,2025-01-14 17:45:43,,1,,6.00,,2.32,42% - 0.2,2,1879102563055620096,极兔快递,JT0015020863603,服饰,湖北省,
农科所智慧社区服务_站点-农科所智慧社区服务站点,快递,2025-01-14 17:05:49,,2,,8.00,,3.88,51% - 0.2,2,1879092523393404928,极兔快递,JT0015020212411,服饰,浙江省,
农科所智慧社区服务_站点-农科所智慧社区服务站点,快递,2025-01-14 17:04:35,,1,,6.00,,2.32,42% - 0.2,2,1879092185718378496,极兔快递,JT0015019859351,服饰,广东省,
农科所智慧社区服务_站点-农科所智慧社区服务站点,快递,2025-01-14 17:03:44,,4,,12.00,,5.80,50% - 0.2,2,1879091986258251776,极兔快递,JT0015019433443,生鲜类,陕西省,
农科所智慧社区服务_站点-农科所智慧社区服务站点,快递,2025-01-14 16:36:06,,1,,6.00,,2.32,42% - 0.2,2,1879085045171671040,极兔快递,JT0015015379875,服饰,广东省,
农科所智慧社区服务_站点-农科所智慧社区服务站点,快递,2025-01-14 16:35:36,,1,,6.00,,2.32,42% - 0.2,2,1879084916167462912,极兔快递,JT0015021004321,服饰,浙江省,
农科所智慧社区服务_站点-农科所智慧社区服务站点,快递,2025-01-14 15:41:27,,2,,8.00,,3.88,51% - 0.2,2,1879071288886349824,极兔快递,JT0015017991135,服饰,陕西省,
农科所智慧社区服务_站点-农科所智慧社区服务站点,快递,2025-01-14 15:09:11,,3,,10.00,,5.30,55% - 0.2,2,1879063170748043264,极兔快递,JT0015017490392,生活用品,浙江省,
农科所智慧社区服务_站点-农科所智慧社区服务站点,快递,2025-01-14 14:49:39,,7,,21.00,,10.30,50% - 0.2,2,1879058256495955968,极兔快递,JT0015017288739,生活用品,河北省,
农科所智慧社区服务_站点-农科所智慧社区服务站点,快递,2025-01-14 14:45:42,,1,,6.00,,2.32,42% - 0.2,2,1879057261045010432,极兔快递,JT0015016582704,其他,广东省,
农科所智慧社区服务_站点-农科所智慧社区服务站点,快递,2025-01-14 14:33:59,,1,,6.00,,2.32,42% - 0.2,2,1879054309609754624,极兔快递,JT0015017472232,其他,陕西省,
农科所智慧社区服务_站点-农科所智慧社区服务站点,快递,2025-01-14 14:33:09,,1,,6.00,,2.32,42% - 0.2,2,1879054103610707968,极兔快递,JT0015016902246,其他,陕西省,
农科所智慧社区服务_站点-农科所智慧社区服务站点,快递,2025-01-14 14:32:32,,1,,6.00,,2.32,42% - 0.2,2,1879053949331623936,极兔快递,JT0015017779909,其他,陕西省,
农科所智慧社区服务_站点-农科所智慧社区服务站点,快递,2025-01-14 14:31:18,,1,,6.00,,2.32,42% - 0.2,2,1879053636965027840,极兔快递,JT0015012684206,其他,陕西省,
农科所智慧社区服务_站点-农科所智慧社区服务站点,快递,2025-01-14 14:30:47,,1,,6.00,,2.32,42% - 0.2,2,1879053509529489408,极兔快递,JT0015016742020,其他,陕西省,
农科所智慧社区服务_站点-农科所智慧社区服务站点,快递,2025-01-14 14:30:10,,1,,6.00,,2.32,42% - 0.2,2,1879053353304248320,极兔快递,JT0015013285948,其他,陕西省,
农科所智慧社区服务_站点-农科所智慧社区服务站点,快递,2025-01-14 14:29:31,,1,,6.00,,2.32,42% - 0.2,2,1879053185754386432,极兔快递,JT0015017511047,其他,陕西省,
农科所智慧社区服务_站点-农科所智慧社区服务站点,快递,2025-01-14 14:28:59,,1,,6.00,,2.32,42% - 0.2,2,1879053052648148992,极兔快递,JT0015015608293,其他,陕西省,
农科所智慧社区服务_站点-农科所智慧社区服务站点,快递,2025-01-14 14:28:25,,1,,6.00,,2.32,42% - 0.2,2,1879052913250455552,极兔快递,JT0015016992189,其他,陕西省,
农科所智慧社区服务_站点-农科所智慧社区服务站点,干洗,2025-01-14 14:19:44,,,,24.50,,7.35,30%,,1879050726218715136,干洗,,"清洗普通羽绒服2件不分长短49元   *   1",,
农科所智慧社区服务_站点-农科所智慧社区服务站点,快递,2025-01-14 14:16:48,,1,,6.00,,2.32,42% - 0.2,2,1879049990231609344,极兔快递,JT0015016049603,服饰,湖北省,
农科所智慧社区服务_站点-农科所智慧社区服务站点,快递,2025-01-14 14:15:09,,1,,6.00,,2.32,42% - 0.2,2,1879049487913373696,极兔快递,JT0015015353179,服饰,广东省,
农科所智慧社区服务_站点-农科所智慧社区服务站点,快递,2025-01-14 14:02:55,,1,,6.00,,2.32,42% - 0.2,2,1879046497039077376,极兔快递,JT0015016384810,其他,河北省,
农科所智慧社区服务_站点-农科所智慧社区服务站点,快递,2025-01-14 13:42:05,,1,,6.00,,2.32,42% - 0.2,2,1879041247318167552,极兔快递,JT0015016916193,生活用品,浙江省,
农科所智慧社区服务_站点-农科所智慧社区服务站点,快递,2025-01-14 13:40:41,,1,,6.00,,2.32,42% - 0.2,2,1879040899828469760,极兔快递,JT0015016411326,数码产品,广东省,
农科所智慧社区服务_站点-农科所智慧社区服务站点,快递,2025-01-14 13:29:18,,1,,6.00,,2.32,42% - 0.2,2,1879038033826992128,极兔快递,JT0015015553733,生活用品,广东省,
农科所智慧社区服务_站点-农科所智慧社区服务站点,快递,2025-01-14 13:20:36,,1,,6.00,,2.32,42% - 0.2,2,1879035846132551680,极兔快递,JT0015014260580,服饰,辽宁省,
农科所智慧社区服务_站点-农科所智慧社区服务站点,快递,2025-01-14 13:19:52,,1,,6.00,,2.32,42% - 0.2,2,1879035659662184448,极兔快递,JT0015011186143,服饰,广东省,
农科所智慧社区服务_站点-农科所智慧社区服务站点,快递,2025-01-14 13:17:32,,1,,6.00,,2.32,42% - 0.2,2,1879035072090525696,极兔快递,JT0014985391856,服饰,广东省,
农科所智慧社区服务_站点-农科所智慧社区服务站点,快递,2025-01-14 13:16:27,,1,,6.00,,2.32,42% - 0.2,2,1879034801973153792,极兔快递,JT0015009103298,服饰,广东省,
农科所智慧社区服务_站点-农科所智慧社区服务站点,快递,2025-01-14 13:14:00,,1,,6.00,,2.32,42% - 0.2,2,1879034185053949952,极兔快递,JT0015015948561,服饰,山东省,
农科所智慧社区服务_站点-农科所智慧社区服务站点,干洗,2025-01-14 12:37:25,,,,24.50,,7.35,30%,,1879024976870559744,干洗,,"清洗普通羽绒服2件不分长短49元   *   1",,
农科所智慧社区服务_站点-农科所智慧社区服务站点,干洗,2025-01-14 12:33:13,,,,24.50,,7.35,30%,,1879023903225204736,干洗,,"清洗普通羽绒服2件不分长短49元   *   1",,
农科所智慧社区服务_站点-农科所智慧社区服务站点,快递,2025-01-14 12:00:07,,4,,12.00,,5.80,50% - 0.2,2,1879015575803711488,极兔快递,JT0015013988943,其他,贵州省,
农科所智慧社区服务_站点-农科所智慧社区服务站点,快递,2025-01-14 11:38:03,,1,,6.00,,2.32,42% - 0.2,2,1879010039569895424,极兔快递,JT0015012279132,服饰,湖南省,
农科所智慧社区服务_站点-农科所智慧社区服务站点,快递,2025-01-14 11:36:18,,1,,6.00,,2.32,42% - 0.2,2,1879009540170895360,极兔快递,JT0015005927204,服饰,山东省,
农科所智慧社区服务_站点-农科所智慧社区服务站点,快递,2025-01-14 11:34:50,,1,,6.00,,2.32,42% - 0.2,2,1879009186544930816,极兔快递,JT0015004168272,服饰,山东省,
农科所智慧社区服务_站点-农科所智慧社区服务站点,快递,2025-01-13 20:12:27,,1,,6.00,,2.32,42% - 0.2,2,1878777103645986816,极兔快递,JT0015003344411,其他,陕西省,
农科所智慧社区服务_站点-农科所智慧社区服务站点,快递,2025-01-13 19:55:35,,1,,6.00,,2.32,42% - 0.2,2,1878772857542332416,极兔快递,JT0015004195712,服饰,安徽省,
农科所智慧社区服务_站点-农科所智慧社区服务站点,快递,2025-01-13 19:51:54,,1,,6.00,,2.32,42% - 0.2,2,1878771915992387584,极兔快递,JT0015007359945,服饰,湖南省,
农科所智慧社区服务_站点-农科所智慧社区服务站点,快递,2025-01-13 19:46:28,,1,,6.00,,2.32,42% - 0.2,2,1878770566181474304,极兔快递,JT0015007718748,生活用品,浙江省,
农科所智慧社区服务_站点-农科所智慧社区服务站点,快递,2025-01-13 19:44:46,,1,,6.00,,2.32,42% - 0.2,2,1878770134621147136,极兔快递,JT0015003841242,服饰,湖北省,
农科所智慧社区服务_站点-农科所智慧社区服务站点,快递,2025-01-13 19:42:51,,1,,6.00,,2.32,42% - 0.2,2,1878769657410015232,极兔快递,JT0015007365084,服饰,浙江省,
农科所智慧社区服务_站点-农科所智慧社区服务站点,快递,2025-01-13 19:29:03,,1,,6.00,,2.32,42% - 0.2,2,1878766175659544576,极兔快递,JT0015006382840,服饰,浙江省,
农科所智慧社区服务_站点-农科所智慧社区服务站点,快递,2025-01-13 18:40:49,,1,,6.00,,2.32,42% - 0.2,2,1878754046294413312,极兔快递,JT0015004912853,服饰,河北省,
农科所智慧社区服务_站点-农科所智慧社区服务站点,快递,2025-01-13 18:39:42,,1,,6.00,,2.32,42% - 0.2,2,1878753755482345472,极兔快递,JT0015004967619,服饰,浙江省,
农科所智慧社区服务_站点-农科所智慧社区服务站点,快递,2025-01-13 18:07:29,,1,,6.00,,2.32,42% - 0.2,2,1878745650166026240,极兔快递,JT0015004519238,其他,浙江省,
农科所智慧社区服务_站点-农科所智慧社区服务站点,快递,2025-01-13 17:16:32,,1,,6.00,,2.32,42% - 0.2,2,1878732829713813504,极兔快递,JT0015005339715,服饰,河北省,
农科所智慧社区服务_站点-农科所智慧社区服务站点,快递,2025-01-13 17:15:45,,7,,21.00,,10.30,50% - 0.2,2,1878732618530607104,极兔快递,JT0015004931490,生鲜类,安徽省,
农科所智慧社区服务_站点-农科所智慧社区服务站点,干洗,2025-01-13 17:02:52,,,,12.80,,3.84,30%,,1878729388631314432,干洗,,"凉鞋   *   1",,
农科所智慧社区服务_站点-农科所智慧社区服务站点,干洗,2025-01-13 16:59:33,,,,9.90,,2.97,30%,,1878728558326894592,干洗,,"清洗鞋19.8元两双   *   1",,
农科所智慧社区服务_站点-农科所智慧社区服务站点,干洗,2025-01-13 16:57:56,,,,9.90,,2.97,30%,,1878728148992184320,干洗,,"清洗鞋19.8元两双   *   1",,
农科所智慧社区服务_站点-农科所智慧社区服务站点,干洗,2025-01-13 16:56:35,,,,9.90,,2.97,30%,,1878727811036139520,干洗,,"清洗鞋19.8元两双   *   1",,
农科所智慧社区服务_站点-农科所智慧社区服务站点,快递,2025-01-13 16:23:02,,4,,12.00,,5.80,50% - 0.2,2,1878719366060888064,极兔快递,JT0014997205359,生鲜类,陕西省,
农科所智慧社区服务_站点-农科所智慧社区服务站点,快递,2025-01-13 15:41:38,,1,,6.00,,2.32,42% - 0.2,2,1878708950740029440,极兔快递,JT0014993844436,其他,陕西省,
农科所智慧社区服务_站点-农科所智慧社区服务站点,快递,2025-01-13 15:38:44,,1,,6.00,,2.32,42% - 0.2,2,1878708218632654848,极兔快递,JT0014990326487,其他,陕西省,
农科所智慧社区服务_站点-农科所智慧社区服务站点,快递,2025-01-13 15:37:59,,1,,6.00,,2.32,42% - 0.2,2,1878708029456961536,极兔快递,JT0014997977202,其他,陕西省,
农科所智慧社区服务_站点-农科所智慧社区服务站点,快递,2025-01-13 15:37:18,,1,,6.00,,2.32,42% - 0.2,2,1878707862209089536,极兔快递,JT0015000022086,其他,陕西省,
农科所智慧社区服务_站点-农科所智慧社区服务站点,快递,2025-01-13 15:36:47,,1,,6.00,,2.32,42% - 0.2,2,1878707728498872320,极兔快递,JT0014995364716,其他,陕西省,
农科所智慧社区服务_站点-农科所智慧社区服务站点,快递,2025-01-13 15:35:46,,1,,6.00,,2.32,42% - 0.2,2,1878707471635501056,极兔快递,JT0015000040752,其他,陕西省,
农科所智慧社区服务_站点-农科所智慧社区服务站点,快递,2025-01-13 15:34:52,,1,,6.00,,2.32,42% - 0.2,2,1878707248288813056,极兔快递,JT0015002322788,其他,陕西省,
农科所智慧社区服务_站点-农科所智慧社区服务站点,快递,2025-01-13 15:34:18,,1,,6.00,,2.32,42% - 0.2,2,1878707102859710464,极兔快递,JT0014999764606,其他,陕西省,
农科所智慧社区服务_站点-农科所智慧社区服务站点,快递,2025-01-13 14:45:01,,1,,6.00,,2.32,42% - 0.2,2,1878694702458654720,极兔快递,JT0014996672666,其他,吉林省,
农科所智慧社区服务_站点-农科所智慧社区服务站点,干洗,2025-01-13 14:32:20,,,,29.50,,8.85,30%,,1878691512455581696,干洗,,"清洗毛呢2件59元   *   1",,
农科所智慧社区服务_站点-农科所智慧社区服务站点,干洗,2025-01-13 14:26:48,,,,24.50,,7.35,30%,,1878690114187874304,干洗,,"清洗普通羽绒服2件不分长短49元   *   1",,
农科所智慧社区服务_站点-农科所智慧社区服务站点,干洗,2025-01-13 14:24:44,,,,24.50,,7.35,30%,,1878689592349347840,干洗,,"清洗普通羽绒服2件不分长短49元   *   1",,
农科所智慧社区服务_站点-农科所智慧社区服务站点,快递,2025-01-13 14:19:09,,1,,6.00,,2.32,42% - 0.2,2,1878688194916306944,极兔快递,JT0015001105352,服饰,浙江省,
农科所智慧社区服务_站点-农科所智慧社区服务站点,快递,2025-01-13 14:17:58,,1,,6.00,,2.32,42% - 0.2,2,1878687828938117120,极兔快递,JT0015000081649,服饰,安徽省,
农科所智慧社区服务_站点-农科所智慧社区服务站点,快递,2025-01-13 14:10:29,,1,,6.00,,2.32,42% - 0.2,2,1878686012317945856,极兔快递,JT0014994545094,服饰,广东省,
农科所智慧社区服务_站点-农科所智慧社区服务站点,快递,2025-01-13 14:08:15,,6,,18.00,,8.80,50% - 0.2,2,1878685439107584000,极兔快递,JT0014997339630,食品,湖北省,
农科所智慧社区服务_站点-农科所智慧社区服务站点,快递,2025-01-13 13:32:15,,2,,8.00,,3.88,51% - 0.2,2,1878676393252147200,极兔快递,JT0014991654017,生活用品,吉林省,
农科所智慧社区服务_站点-农科所智慧社区服务站点,快递,2025-01-13 12:40:13,,1,,6.00,,2.32,42% - 0.2,2,1878663295271227392,极兔快递,JT0014997078249,服饰,湖北省,
农科所智慧社区服务_站点-农科所智慧社区服务站点,快递,2025-01-13 11:17:37,2025-01-13 11:22:26,1,,6.00,,0.00,,2,1878642506920677376,极兔快递,JT0014994125496,其他,河南省,已全额退款
农科所智慧社区服务_站点-农科所智慧社区服务站点,快递,2025-01-13 11:19:11,,1,,6.00,,2.32,42% - 0.2,2,1878642900338003968,申通快递,772036748696434,其他,河南省,
农科所智慧社区服务_站点-农科所智慧社区服务站点,快递,2025-01-13 11:01:19,,1,,6.00,,2.32,42% - 0.2,2,1878638407919652864,极兔快递,JT0014995961763,服饰,浙江省,
农科所智慧社区服务_站点-农科所智慧社区服务站点,快递,2025-01-13 11:00:25,,1,,6.00,,2.32,42% - 0.2,2,1878638179862761472,极兔快递,JT0014995587479,服饰,广东省,
农科所智慧社区服务_站点-农科所智慧社区服务站点,快递,2025-01-13 10:59:10,,1,,6.00,,2.32,42% - 0.2,2,1878637863981338624,极兔快递,JT0014996744587,服饰,浙江省,
农科所智慧社区服务_站点-农科所智慧社区服务站点,快递,2025-01-13 10:58:08,,1,,6.00,,2.32,42% - 0.2,2,1878637561882398720,极兔快递,JT0014990487208,服饰,广东省,
农科所智慧社区服务_站点-农科所智慧社区服务站点,快递,2025-01-13 10:30:08,,5,,16.00,,7.00,50%,2,1878630560011964416,极兔快递,JT0014997108802,生鲜类,北京市,
农科所智慧社区服务_站点-农科所智慧社区服务站点,快递,2025-01-13 10:27:05,,1,,6.00,,2.32,42% - 0.2,2,1878629791175069696,极兔快递,JT0014994407200,服饰,福建省,
农科所智慧社区服务_站点-农科所智慧社区服务站点,快递,2025-01-13 10:25:10,,2,,8.00,,3.88,51% - 0.2,2,1878629308255490048,极兔快递,JT0014993168658,服饰,安徽省,
农科所智慧社区服务_站点-农科所智慧社区服务站点,快递,2025-01-13 10:23:25,,1,,6.00,,2.32,42% - 0.2,2,1878628868025536512,极兔快递,JT0014979776027,食品,江苏省,
农科所智慧社区服务_站点-农科所智慧社区服务站点,快递,2025-01-13 10:01:30,,1,,6.00,,2.32,42% - 0.2,2,1878623167827988480,极兔快递,JT0014992373163,服饰,辽宁省,
农科所智慧社区服务_站点-农科所智慧社区服务站点,快递,2025-01-12 19:54:50,,1,,6.00,,2.32,42% - 0.2,2,1878410282233286656,极兔快递,JT0014981332743,服饰,浙江省,
农科所智慧社区服务_站点-农科所智慧社区服务站点,快递,2025-01-12 19:27:04,,1,,6.00,,2.32,42% - 0.2,2,1878403292471808000,极兔快递,JT0014988823174,其他,陕西省,
农科所智慧社区服务_站点-农科所智慧社区服务站点,快递,2025-01-12 19:25:59,,1,,6.00,,2.32,42% - 0.2,2,1878403021834342400,极兔快递,JT0014986268913,其他,陕西省,
农科所智慧社区服务_站点-农科所智慧社区服务站点,快递,2025-01-12 19:24:56,,1,,6.00,,2.32,42% - 0.2,2,1878402758050369536,极兔快递,JT0014974566251,其他,陕西省,
农科所智慧社区服务_站点-农科所智慧社区服务站点,快递,2025-01-12 19:24:10,,1,,6.00,,2.32,42% - 0.2,2,1878402559324246016,极兔快递,JT0014984359371,其他,陕西省,
农科所智慧社区服务_站点-农科所智慧社区服务站点,快递,2025-01-12 19:23:07,,1,,6.00,,2.32,42% - 0.2,2,1878402300179173376,极兔快递,JT0014991251114,其他,陕西省,
农科所智慧社区服务_站点-农科所智慧社区服务站点,快递,2025-01-12 19:22:29,,1,,6.00,,2.32,42% - 0.2,2,1878402142053912576,极兔快递,JT0014990700393,其他,陕西省,
农科所智慧社区服务_站点-农科所智慧社区服务站点,快递,2025-01-12 19:21:59,,1,,6.00,,2.32,42% - 0.2,2,1878402015482400768,极兔快递,JT0014989181535,其他,陕西省,
农科所智慧社区服务_站点-农科所智慧社区服务站点,快递,2025-01-12 19:21:01,,1,,6.00,,2.32,42% - 0.2,2,1878401768660193280,极兔快递,JT0014990619035,其他,陕西省,
农科所智慧社区服务_站点-农科所智慧社区服务站点,快递,2025-01-12 19:20:29,,1,,6.00,,2.32,42% - 0.2,2,1878401634488602624,极兔快递,JT0014986592070,其他,陕西省,
农科所智慧社区服务_站点-农科所智慧社区服务站点,快递,2025-01-12 19:19:54,,1,,6.00,,2.32,42% - 0.2,2,1878401488094810112,极兔快递,JT0014987925887,其他,陕西省,
农科所智慧社区服务_站点-农科所智慧社区服务站点,快递,2025-01-12 19:19:08,,1,,6.00,,2.32,42% - 0.2,2,1878401298046701568,极兔快递,JT0014991533228,其他,陕西省,
农科所智慧社区服务_站点-农科所智慧社区服务站点,快递,2025-01-12 19:18:17,,1,,6.00,,2.32,42% - 0.2,2,1878401083239616512,极兔快递,JT0014991013260,其他,陕西省,
农科所智慧社区服务_站点-农科所智慧社区服务站点,快递,2025-01-12 19:17:37,,1,,6.00,,2.32,42% - 0.2,2,1878400915123523584,极兔快递,JT0014984742817,其他,陕西省,
农科所智慧社区服务_站点-农科所智慧社区服务站点,快递,2025-01-12 19:16:56,,1,,6.00,,2.32,42% - 0.2,2,1878400743723290624,极兔快递,JT0014990381916,其他,陕西省,
农科所智慧社区服务_站点-农科所智慧社区服务站点,快递,2025-01-12 19:16:18,,1,,6.00,,2.32,42% - 0.2,2,1878400582196449280,极兔快递,JT0014966377325,其他,陕西省,
农科所智慧社区服务_站点-农科所智慧社区服务站点,快递,2025-01-12 19:15:37,,1,,6.00,,2.32,42% - 0.2,2,1878400412616544256,极兔快递,JT0014989141603,其他,陕西省,
农科所智慧社区服务_站点-农科所智慧社区服务站点,快递,2025-01-12 19:14:55,,1,,6.00,,2.32,42% - 0.2,2,1878400235348480000,极兔快递,JT0014990727660,其他,陕西省,
农科所智慧社区服务_站点-农科所智慧社区服务站点,快递,2025-01-12 19:14:20,,1,,6.00,,2.32,42% - 0.2,2,1878400089504141312,极兔快递,JT0014990203278,其他,陕西省,
农科所智慧社区服务_站点-农科所智慧社区服务站点,快递,2025-01-12 19:13:44,,1,,6.00,,2.32,42% - 0.2,2,1878399937712279552,极兔快递,JT0014991662976,其他,陕西省,
农科所智慧社区服务_站点-农科所智慧社区服务站点,快递,2025-01-12 19:13:06,,1,,6.00,,2.32,42% - 0.2,2,1878399766463041536,极兔快递,JT0014990843348,其他,陕西省,
农科所智慧社区服务_站点-农科所智慧社区服务站点,快递,2025-01-12 19:12:26,,1,,6.00,,2.32,42% - 0.2,2,1878399614658596864,极兔快递,JT0014990398882,其他,陕西省,
农科所智慧社区服务_站点-农科所智慧社区服务站点,快递,2025-01-12 19:11:58,,1,,6.00,,2.32,42% - 0.2,2,1878399494542118912,极兔快递,JT0014989656859,其他,陕西省,
农科所智慧社区服务_站点-农科所智慧社区服务站点,快递,2025-01-12 19:11:28,,1,,6.00,,2.32,42% - 0.2,2,1878399368402620416,极兔快递,JT0014989337060,其他,陕西省,
农科所智慧社区服务_站点-农科所智慧社区服务站点,快递,2025-01-12 19:10:52,,1,,6.00,,2.32,42% - 0.2,2,1878399216350711808,极兔快递,JT0014989920610,其他,陕西省,
农科所智慧社区服务_站点-农科所智慧社区服务站点,快递,2025-01-12 19:10:16,,1,,6.00,,2.32,42% - 0.2,2,1878399069336162304,极兔快递,JT0014990059507,其他,陕西省,
农科所智慧社区服务_站点-农科所智慧社区服务站点,快递,2025-01-12 19:09:37,,1,,6.00,,2.32,42% - 0.2,2,1878398905087217664,极兔快递,JT0014988116244,其他,陕西省,
农科所智慧社区服务_站点-农科所智慧社区服务站点,快递,2025-01-12 19:09:01,,1,,6.00,,2.32,42% - 0.2,2,1878398751286284288,极兔快递,JT0014990984989,其他,陕西省,
农科所智慧社区服务_站点-农科所智慧社区服务站点,快递,2025-01-12 19:08:25,,1,,6.00,,2.32,42% - 0.2,2,1878398557639462912,极兔快递,JT0014983082696,其他,陕西省,
农科所智慧社区服务_站点-农科所智慧社区服务站点,快递,2025-01-12 19:04:56,,1,,6.00,,2.32,42% - 0.2,2,1878397681172533248,极兔快递,JT0014991298433,其他,陕西省,
农科所智慧社区服务_站点-农科所智慧社区服务站点,快递,2025-01-12 18:43:22,,1,,6.00,,2.32,42% - 0.2,2,1878392298550906880,极兔快递,JT0014991165351,其他,陕西省,
农科所智慧社区服务_站点-农科所智慧社区服务站点,快递,2025-01-12 18:42:22,,1,,6.00,,2.32,42% - 0.2,2,1878392046871695360,极兔快递,JT0014990507326,其他,陕西省,
农科所智慧社区服务_站点-农科所智慧社区服务站点,快递,2025-01-12 18:41:29,,1,,6.00,,2.32,42% - 0.2,2,1878391821994086400,极兔快递,JT0014987385167,其他,陕西省,
农科所智慧社区服务_站点-农科所智慧社区服务站点,快递,2025-01-12 18:40:35,,1,,6.00,,2.32,42% - 0.2,2,1878391596529274880,极兔快递,JT0014987797490,其他,陕西省,
农科所智慧社区服务_站点-农科所智慧社区服务站点,快递,2025-01-12 18:39:45,,1,,6.00,,2.32,42% - 0.2,2,1878391388349190144,极兔快递,JT0014987496799,其他,陕西省,
农科所智慧社区服务_站点-农科所智慧社区服务站点,快递,2025-01-12 18:38:44,,1,,6.00,,2.32,42% - 0.2,2,1878391105476939776,极兔快递,JT0014990849336,其他,陕西省,
农科所智慧社区服务_站点-农科所智慧社区服务站点,快递,2025-01-12 18:37:57,,1,,6.00,,2.32,42% - 0.2,2,1878390920000622592,极兔快递,JT0014992097225,其他,陕西省,
农科所智慧社区服务_站点-农科所智慧社区服务站点,快递,2025-01-12 18:37:24,,1,,6.00,,2.32,42% - 0.2,2,1878390796843274240,极兔快递,JT0014990223970,其他,陕西省,
农科所智慧社区服务_站点-农科所智慧社区服务站点,快递,2025-01-12 18:35:54,,1,,6.00,,2.32,42% - 0.2,2,1878390419133616128,极兔快递,JT0014991678109,其他,陕西省,
农科所智慧社区服务_站点-农科所智慧社区服务站点,快递,2025-01-12 18:35:24,,1,,6.00,,2.32,42% - 0.2,2,1878390295082881024,极兔快递,JT0014977413972,其他,陕西省,
农科所智慧社区服务_站点-农科所智慧社区服务站点,快递,2025-01-12 18:34:48,,1,,6.00,,2.32,42% - 0.2,2,1878390143727226880,极兔快递,JT0014989717592,其他,陕西省,
农科所智慧社区服务_站点-农科所智慧社区服务站点,快递,2025-01-12 18:34:10,,1,,6.00,,2.32,42% - 0.2,2,1878389980904345600,极兔快递,JT0014989483507,其他,陕西省,
农科所智慧社区服务_站点-农科所智慧社区服务站点,快递,2025-01-12 18:33:26,,1,,6.00,,2.32,42% - 0.2,2,1878389795138621440,极兔快递,JT0014990308433,其他,陕西省,
农科所智慧社区服务_站点-农科所智慧社区服务站点,快递,2025-01-12 18:32:56,,1,,6.00,,2.32,42% - 0.2,2,1878389674116173824,极兔快递,JT0014991856913,其他,陕西省,
农科所智慧社区服务_站点-农科所智慧社区服务站点,快递,2025-01-12 18:32:22,,1,,6.00,,2.32,42% - 0.2,2,1878389529077141504,极兔快递,JT0014991242162,其他,陕西省,
农科所智慧社区服务_站点-农科所智慧社区服务站点,快递,2025-01-12 18:30:54,,1,,6.00,,2.32,42% - 0.2,2,1878389158753652736,极兔快递,JT0014987645009,其他,陕西省,
农科所智慧社区服务_站点-农科所智慧社区服务站点,快递,2025-01-12 18:30:16,,1,,6.00,,2.32,42% - 0.2,2,1878388999789531136,极兔快递,JT0014990831527,其他,陕西省,
农科所智慧社区服务_站点-农科所智慧社区服务站点,快递,2025-01-12 18:28:33,2025-01-12 18:29:41,1,,6.00,,0.00,,2,1878388563212816384,极兔快递,JT0014990254994,其他,陕西省,已全额退款
农科所智慧社区服务_站点-农科所智慧社区服务站点,快递,2025-01-12 18:29:18,,1,,6.00,,2.32,42% - 0.2,2,1878388738534723584,极兔快递,JT0014990560685,其他,陕西省,
农科所智慧社区服务_站点-农科所智慧社区服务站点,快递,2025-01-12 18:27:53,,1,,6.00,,2.32,42% - 0.2,2,1878388396061413376,极兔快递,JT0014989855642,其他,陕西省,
农科所智慧社区服务_站点-农科所智慧社区服务站点,快递,2025-01-12 18:27:09,,1,,6.00,,2.32,42% - 0.2,2,1878388213034569728,极兔快递,JT0014990052948,其他,陕西省,
农科所智慧社区服务_站点-农科所智慧社区服务站点,快递,2025-01-12 18:26:39,,1,,6.00,,2.32,42% - 0.2,2,1878388088178528256,极兔快递,JT0014989557976,其他,陕西省,
农科所智慧社区服务_站点-农科所智慧社区服务站点,快递,2025-01-12 18:25:54,,1,,6.00,,2.32,42% - 0.2,2,1878387902836428800,极兔快递,JT0014988848371,其他,陕西省,
农科所智慧社区服务_站点-农科所智慧社区服务站点,快递,2025-01-12 18:25:14,,1,,6.00,,2.32,42% - 0.2,2,1878387719817973760,极兔快递,JT0014981025347,其他,陕西省,
农科所智慧社区服务_站点-农科所智慧社区服务站点,快递,2025-01-12 18:24:18,,1,,6.00,,2.32,42% - 0.2,2,1878387491102576640,极兔快递,JT0014989597114,其他,陕西省,
农科所智慧社区服务_站点-农科所智慧社区服务站点,快递,2025-01-12 18:21:44,,1,,6.00,,2.32,42% - 0.2,2,1878386786207846400,极兔快递,JT0014986893921,其他,山西省,
农科所智慧社区服务_站点-农科所智慧社区服务站点,快递,2025-01-12 18:19:41,,1,,6.00,,2.32,42% - 0.2,2,1878386333122351104,极兔快递,JT0014988425404,其他,陕西省,
农科所智慧社区服务_站点-农科所智慧社区服务站点,快递,2025-01-12 18:19:01,,1,,6.00,,2.32,42% - 0.2,2,1878386166553956352,极兔快递,JT0014987883875,其他,陕西省,
农科所智慧社区服务_站点-农科所智慧社区服务站点,快递,2025-01-12 18:18:10,,1,,6.00,,2.32,42% - 0.2,2,1878385951214194688,极兔快递,JT0014983825055,其他,陕西省,
农科所智慧社区服务_站点-农科所智慧社区服务站点,快递,2025-01-12 18:17:33,,1,,6.00,,2.32,42% - 0.2,2,1878385797748805632,极兔快递,JT0014988747456,其他,陕西省,
农科所智慧社区服务_站点-农科所智慧社区服务站点,快递,2025-01-12 18:16:54,,1,,6.00,,2.32,42% - 0.2,2,1878385631264296960,极兔快递,JT0014989125229,其他,陕西省,
农科所智慧社区服务_站点-农科所智慧社区服务站点,快递,2025-01-12 18:16:21,,1,,6.00,,2.32,42% - 0.2,2,1878385495519842304,极兔快递,JT0014985841723,其他,陕西省,
农科所智慧社区服务_站点-农科所智慧社区服务站点,快递,2025-01-12 18:15:18,,1,,6.00,,2.32,42% - 0.2,2,1878385231303856128,极兔快递,JT0014979313362,其他,陕西省,
农科所智慧社区服务_站点-农科所智慧社区服务站点,快递,2025-01-12 18:14:34,,1,,6.00,,2.32,42% - 0.2,2,1878385039691272192,极兔快递,JT0014988815293,其他,陕西省,
农科所智慧社区服务_站点-农科所智慧社区服务站点,快递,2025-01-12 18:13:41,,1,,6.00,,2.32,42% - 0.2,2,1878384824120823808,极兔快递,JT0014988780179,其他,陕西省,
农科所智慧社区服务_站点-农科所智慧社区服务站点,快递,2025-01-12 18:12:54,,1,,6.00,,2.32,42% - 0.2,2,1878384623339491328,极兔快递,JT0014985667959,其他,甘肃省,
农科所智慧社区服务_站点-农科所智慧社区服务站点,快递,2025-01-12 18:12:00,,1,,6.00,,2.32,42% - 0.2,2,1878384400114438144,极兔快递,JT0014984512850,其他,陕西省,
农科所智慧社区服务_站点-农科所智慧社区服务站点,快递,2025-01-12 18:11:55,,1,,6.00,,2.32,42% - 0.2,2,1878384369126920192,极兔快递,JT0014989755582,服饰,黑龙江省,
农科所智慧社区服务_站点-农科所智慧社区服务站点,快递,2025-01-12 18:11:09,,1,,6.00,,2.32,42% - 0.2,2,1878384174909673472,极兔快递,JT0014990780307,服饰,广东省,
农科所智慧社区服务_站点-农科所智慧社区服务站点,快递,2025-01-12 18:10:57,,1,,6.00,,2.32,42% - 0.2,2,1878384137748140032,极兔快递,JT0014985732805,其他,陕西省,
农科所智慧社区服务_站点-农科所智慧社区服务站点,快递,2025-01-12 18:10:20,,1,,6.00,,2.32,42% - 0.2,2,1878383978184232960,极兔快递,JT0014990401206,其他,陕西省,
农科所智慧社区服务_站点-农科所智慧社区服务站点,快递,2025-01-12 18:09:45,,1,,6.00,,2.32,42% - 0.2,2,1878383839482793984,极兔快递,JT0014989375344,其他,宁夏回族自治区,
农科所智慧社区服务_站点-农科所智慧社区服务站点,快递,2025-01-12 18:08:59,,1,,6.00,,2.32,42% - 0.2,2,1878383611530760192,极兔快递,JT0014987169013,其他,陕西省,
农科所智慧社区服务_站点-农科所智慧社区服务站点,快递,2025-01-12 18:04:49,,1,,6.00,,2.32,42% - 0.2,2,1878382472059998208,极兔快递,JT0014985544734,其他,陕西省,
农科所智慧社区服务_站点-农科所智慧社区服务站点,快递,2025-01-12 18:03:34,,1,,6.00,,2.32,42% - 0.2,2,1878382258318266368,极兔快递,JT0014981873924,其他,陕西省,
农科所智慧社区服务_站点-农科所智慧社区服务站点,快递,2025-01-12 18:02:44,,1,,6.00,,2.32,42% - 0.2,2,1878382067024449536,极兔快递,JT0014987604084,其他,陕西省,
农科所智慧社区服务_站点-农科所智慧社区服务站点,快递,2025-01-12 18:01:50,,1,,6.00,,2.32,42% - 0.2,2,1878381824438489088,极兔快递,JT0014988250154,其他,陕西省,
农科所智慧社区服务_站点-农科所智慧社区服务站点,快递,2025-01-12 18:01:08,,1,,6.00,,2.32,42% - 0.2,2,1878381669198909440,极兔快递,JT0014985093946,其他,陕西省,
农科所智慧社区服务_站点-农科所智慧社区服务站点,快递,2025-01-12 18:00:28,,1,,6.00,,2.32,42% - 0.2,2,1878381501879734272,极兔快递,JT0014975325961,其他,陕西省,
农科所智慧社区服务_站点-农科所智慧社区服务站点,快递,2025-01-12 17:59:58,,1,,6.00,,2.32,42% - 0.2,2,1878381372829388800,极兔快递,JT0014979439678,其他,陕西省,
农科所智慧社区服务_站点-农科所智慧社区服务站点,快递,2025-01-12 17:58:59,,1,,6.00,,2.32,42% - 0.2,2,1878381124052635648,极兔快递,JT0014986547470,其他,陕西省,
农科所智慧社区服务_站点-农科所智慧社区服务站点,快递,2025-01-12 17:58:23,,1,,6.00,,2.32,42% - 0.2,2,1878380955852656640,极兔快递,JT0014989683427,其他,陕西省,
农科所智慧社区服务_站点-农科所智慧社区服务站点,快递,2025-01-12 17:57:44,,1,,6.00,,2.32,42% - 0.2,2,1878380809509195776,极兔快递,JT0014987269923,其他,山西省,
农科所智慧社区服务_站点-农科所智慧社区服务站点,快递,2025-01-12 17:56:54,,1,,6.00,,2.32,42% - 0.2,2,1878380602411241472,极兔快递,JT0014980102519,其他,陕西省,
农科所智慧社区服务_站点-农科所智慧社区服务站点,快递,2025-01-12 17:56:12,,1,,6.00,,2.32,42% - 0.2,2,1878380426254667776,极兔快递,JT0014990459425,其他,陕西省,
农科所智慧社区服务_站点-农科所智慧社区服务站点,快递,2025-01-12 17:55:35,,1,,6.00,,2.32,42% - 0.2,2,1878380270058786816,极兔快递,JT0014989384730,其他,陕西省,
农科所智慧社区服务_站点-农科所智慧社区服务站点,快递,2025-01-12 17:54:45,,1,,6.00,,2.32,42% - 0.2,2,1878380063078273024,极兔快递,JT0014991045161,其他,陕西省,
农科所智慧社区服务_站点-农科所智慧社区服务站点,快递,2025-01-12 17:54:10,,1,,6.00,,2.32,42% - 0.2,2,1878379914180481024,极兔快递,JT0014989617660,其他,陕西省,
农科所智慧社区服务_站点-农科所智慧社区服务站点,快递,2025-01-12 17:51:30,,1,,6.00,,2.32,42% - 0.2,2,1878379241955184640,极兔快递,JT0014988278508,其他,陕西省,
农科所智慧社区服务_站点-农科所智慧社区服务站点,快递,2025-01-12 17:50:54,,1,,6.00,,2.32,42% - 0.2,2,1878379094282129408,极兔快递,JT0014976913627,其他,陕西省,
农科所智慧社区服务_站点-农科所智慧社区服务站点,快递,2025-01-12 17:50:16,,1,,6.00,,2.32,42% - 0.2,2,1878378930502946816,极兔快递,JT0014985754277,其他,陕西省,
农科所智慧社区服务_站点-农科所智慧社区服务站点,快递,2025-01-12 17:49:43,,1,,6.00,,2.32,42% - 0.2,2,1878378786579599360,极兔快递,JT0014990463688,其他,陕西省,
农科所智慧社区服务_站点-农科所智慧社区服务站点,快递,2025-01-12 17:48:52,,1,,6.00,,2.32,42% - 0.2,2,1878378579016077312,极兔快递,JT0014982928867,其他,陕西省,
农科所智慧社区服务_站点-农科所智慧社区服务站点,快递,2025-01-12 17:48:02,,1,,6.00,,2.32,42% - 0.2,2,1878378371737767936,极兔快递,JT0014990350114,其他,陕西省,
农科所智慧社区服务_站点-农科所智慧社区服务站点,快递,2025-01-12 17:47:25,,1,,6.00,,2.32,42% - 0.2,2,1878378213381820416,极兔快递,JT0014982143012,其他,陕西省,
农科所智慧社区服务_站点-农科所智慧社区服务站点,快递,2025-01-12 17:46:23,,1,,6.00,,2.32,42% - 0.2,2,1878377955146911744,极兔快递,JT0014990097825,其他,陕西省,
农科所智慧社区服务_站点-农科所智慧社区服务站点,快递,2025-01-12 17:45:43,,1,,6.00,,2.32,42% - 0.2,2,1878377786074517504,极兔快递,JT0014988758040,其他,陕西省,
农科所智慧社区服务_站点-农科所智慧社区服务站点,快递,2025-01-12 17:45:04,,1,,6.00,,2.32,42% - 0.2,2,1878377625428480000,极兔快递,JT0014990479411,其他,陕西省,
农科所智慧社区服务_站点-农科所智慧社区服务站点,快递,2025-01-12 17:44:21,,1,,6.00,,2.32,42% - 0.2,2,1878377441441140736,极兔快递,JT0014990412834,其他,陕西省,
农科所智慧社区服务_站点-农科所智慧社区服务站点,快递,2025-01-12 17:43:50,,1,,6.00,,2.32,42% - 0.2,2,1878377313548423168,极兔快递,JT0014975096365,其他,陕西省,
农科所智慧社区服务_站点-农科所智慧社区服务站点,快递,2025-01-12 17:43:12,,1,,6.00,,2.32,42% - 0.2,2,1878377137286991872,极兔快递,JT0014984795897,其他,陕西省,
农科所智慧社区服务_站点-农科所智慧社区服务站点,快递,2025-01-12 17:42:32,,1,,6.00,,2.32,42% - 0.2,2,1878376985633542144,极兔快递,JT0014986010102,其他,陕西省,
农科所智慧社区服务_站点-农科所智慧社区服务站点,快递,2025-01-12 17:41:55,,1,,6.00,,2.32,42% - 0.2,2,1878376834642792448,极兔快递,JT0014984981932,其他,陕西省,
农科所智慧社区服务_站点-农科所智慧社区服务站点,快递,2025-01-12 17:41:11,,1,,6.00,,2.32,42% - 0.2,2,1878376647782354944,极兔快递,JT0014990904303,其他,陕西省,
农科所智慧社区服务_站点-农科所智慧社区服务站点,快递,2025-01-12 17:36:45,,1,,6.00,,2.32,42% - 0.2,2,1878375516373045248,极兔快递,JT0014977999780,其他,陕西省,
农科所智慧社区服务_站点-农科所智慧社区服务站点,快递,2025-01-12 17:36:09,,1,,6.00,,2.32,42% - 0.2,2,1878375384629956608,极兔快递,JT0014987571402,其他,江苏省,
农科所智慧社区服务_站点-农科所智慧社区服务站点,快递,2025-01-12 17:35:15,,1,,6.00,,2.32,42% - 0.2,2,1878375155541266432,极兔快递,JT0014986189782,其他,陕西省,
农科所智慧社区服务_站点-农科所智慧社区服务站点,快递,2025-01-12 17:34:33,,1,,6.00,,2.32,42% - 0.2,2,1878374979908980736,极兔快递,JT0014990780035,其他,陕西省,
农科所智慧社区服务_站点-农科所智慧社区服务站点,快递,2025-01-12 17:34:00,,1,,6.00,,2.32,42% - 0.2,2,1878374842633605120,极兔快递,JT0014985904770,其他,陕西省,
农科所智慧社区服务_站点-农科所智慧社区服务站点,快递,2025-01-12 17:33:32,,1,,6.00,,2.32,42% - 0.2,2,1878374721678266368,极兔快递,JT0014985622738,其他,陕西省,
农科所智慧社区服务_站点-农科所智慧社区服务站点,快递,2025-01-12 17:33:00,,1,,6.00,,2.32,42% - 0.2,2,1878374589880651776,极兔快递,JT0014986474450,其他,陕西省,
农科所智慧社区服务_站点-农科所智慧社区服务站点,快递,2025-01-12 17:32:11,,1,,6.00,,2.32,42% - 0.2,2,1878374384699494400,极兔快递,JT0014989199694,其他,陕西省,
农科所智慧社区服务_站点-农科所智慧社区服务站点,快递,2025-01-12 17:31:35,,1,,6.00,,2.32,42% - 0.2,2,1878374234870566912,极兔快递,JT0014990257579,其他,陕西省,
农科所智慧社区服务_站点-农科所智慧社区服务站点,快递,2025-01-12 17:31:02,,1,,6.00,,2.32,42% - 0.2,2,1878374095644839936,极兔快递,JT0014990925254,其他,陕西省,
农科所智慧社区服务_站点-农科所智慧社区服务站点,快递,2025-01-12 17:30:24,,1,,6.00,,2.32,42% - 0.2,2,1878373934164135936,极兔快递,JT0014984581586,其他,陕西省,
农科所智慧社区服务_站点-农科所智慧社区服务站点,快递,2025-01-12 17:25:33,,1,,6.00,,2.32,42% - 0.2,2,1878372715752378368,极兔快递,JT0014989577512,其他,广东省,
农科所智慧社区服务_站点-农科所智慧社区服务站点,快递,2025-01-12 17:24:04,,1,,6.00,,2.32,42% - 0.2,2,1878372336205615104,极兔快递,JT0014985415164,其他,河北省,
农科所智慧社区服务_站点-农科所智慧社区服务站点,快递,2025-01-12 17:22:40,,2,,8.00,,3.88,51% - 0.2,2,1878371989072433152,极兔快递,JT0014989269873,服饰,湖北省,
农科所智慧社区服务_站点-农科所智慧社区服务站点,快递,2025-01-12 17:21:20,,1,,6.00,,2.32,42% - 0.2,2,1878371654366973952,极兔快递,JT0014989017288,其他,陕西省,
农科所智慧社区服务_站点-农科所智慧社区服务站点,快递,2025-01-12 17:20:35,,1,,6.00,,2.32,42% - 0.2,2,1878371465619099648,极兔快递,JT0014985522390,其他,陕西省,
农科所智慧社区服务_站点-农科所智慧社区服务站点,快递,2025-01-12 17:19:51,,1,,6.00,,2.32,42% - 0.2,2,1878371279333281792,极兔快递,JT0014983479450,其他,陕西省,
农科所智慧社区服务_站点-农科所智慧社区服务站点,快递,2025-01-12 17:19:20,,1,,6.00,,2.32,42% - 0.2,2,1878371151780302848,极兔快递,JT0014985428190,其他,陕西省,
农科所智慧社区服务_站点-农科所智慧社区服务站点,快递,2025-01-12 17:18:40,,1,,6.00,,2.32,42% - 0.2,2,1878370981797744640,极兔快递,JT0014988703406,其他,陕西省,
农科所智慧社区服务_站点-农科所智慧社区服务站点,快递,2025-01-12 17:16:05,,1,,6.00,,2.32,42% - 0.2,2,1878370204916174848,极兔快递,JT0014985315504,其他,陕西省,
农科所智慧社区服务_站点-农科所智慧社区服务站点,快递,2025-01-12 17:15:00,,1,,6.00,,2.32,42% - 0.2,2,1878370060787306496,极兔快递,JT0014987717142,其他,陕西省,
农科所智慧社区服务_站点-农科所智慧社区服务站点,快递,2025-01-12 17:14:25,,1,,6.00,,2.32,42% - 0.2,2,1878369908747980800,极兔快递,JT0014987785113,其他,陕西省,
农科所智慧社区服务_站点-农科所智慧社区服务站点,快递,2025-01-12 17:13:46,,1,,6.00,,2.32,42% - 0.2,2,1878369751625158656,极兔快递,JT0014989171912,其他,陕西省,
农科所智慧社区服务_站点-农科所智慧社区服务站点,快递,2025-01-12 17:13:04,,1,,6.00,,2.32,42% - 0.2,2,1878369574705221632,极兔快递,JT0014984829184,其他,陕西省,
农科所智慧社区服务_站点-农科所智慧社区服务站点,快递,2025-01-12 17:12:28,,1,,6.00,,2.32,42% - 0.2,2,1878369422888194048,极兔快递,JT0014987779080,其他,陕西省,
农科所智慧社区服务_站点-农科所智慧社区服务站点,快递,2025-01-12 17:11:31,,1,,6.00,,2.32,42% - 0.2,2,1878369186153287680,极兔快递,JT0014989033756,其他,陕西省,
农科所智慧社区服务_站点-农科所智慧社区服务站点,快递,2025-01-12 17:10:37,,1,,6.00,,2.32,42% - 0.2,2,1878368947514167296,极兔快递,JT0014988484373,其他,陕西省,
农科所智慧社区服务_站点-农科所智慧社区服务站点,快递,2025-01-12 17:05:36,,1,,6.00,,2.32,42% - 0.2,2,1878367693245304832,极兔快递,JT0014988647702,服饰,河南省,
农科所智慧社区服务_站点-农科所智慧社区服务站点,快递,2025-01-12 17:03:47,,1,,6.00,,2.32,42% - 0.2,2,1878367235302805504,极兔快递,JT0014984900079,服饰,浙江省,
农科所智慧社区服务_站点-农科所智慧社区服务站点,快递,2025-01-12 17:02:27,,1,,6.00,,2.32,42% - 0.2,2,1878366900337299456,极兔快递,JT0014987586270,其他,陕西省,
农科所智慧社区服务_站点-农科所智慧社区服务站点,快递,2025-01-12 17:00:47,,1,,6.00,,2.32,42% - 0.2,2,1878366452452741120,极兔快递,JT0014989969565,其他,陕西省,
农科所智慧社区服务_站点-农科所智慧社区服务站点,快递,2025-01-12 16:59:54,,1,,6.00,,2.32,42% - 0.2,2,1878366259590254592,极兔快递,JT0014989989889,其他,陕西省,
农科所智慧社区服务_站点-农科所智慧社区服务站点,快递,2025-01-12 16:59:15,,1,,6.00,,2.32,42% - 0.2,2,1878366097857892352,极兔快递,JT0014984032696,其他,陕西省,
农科所智慧社区服务_站点-农科所智慧社区服务站点,快递,2025-01-12 16:55:57,,1,,6.00,,2.32,42% - 0.2,2,1878365265141747712,极兔快递,JT0014985691742,其他,陕西省,
农科所智慧社区服务_站点-农科所智慧社区服务站点,快递,2025-01-12 16:55:13,,1,,6.00,,2.32,42% - 0.2,2,1878365001231945728,极兔快递,JT0014987372247,其他,陕西省,
农科所智慧社区服务_站点-农科所智慧社区服务站点,快递,2025-01-12 16:53:56,,1,,6.00,,2.32,42% - 0.2,2,1878364757949730816,极兔快递,JT0014989784436,其他,陕西省,
农科所智慧社区服务_站点-农科所智慧社区服务站点,快递,2025-01-12 16:53:13,,1,,6.00,,2.32,42% - 0.2,2,1878364573756870656,极兔快递,JT0014988997237,其他,陕西省,
农科所智慧社区服务_站点-农科所智慧社区服务站点,快递,2025-01-12 16:52:38,,1,,6.00,,2.32,42% - 0.2,2,1878364429342789632,极兔快递,JT0014978831777,其他,陕西省,
农科所智慧社区服务_站点-农科所智慧社区服务站点,快递,2025-01-12 16:47:15,,2,,8.00,,3.88,51% - 0.2,2,1878363073584353280,极兔快递,JT0014989821387,服饰,广东省,
农科所智慧社区服务_站点-农科所智慧社区服务站点,快递,2025-01-12 16:45:20,,2,,8.00,,3.88,51% - 0.2,2,1878362595299479552,极兔快递,JT0014981902638,服饰,广东省,
农科所智慧社区服务_站点-农科所智慧社区服务站点,快递,2025-01-12 16:43:02,,1,,6.00,,2.32,42% - 0.2,2,1878361956121104384,极兔快递,JT0014987325211,其他,陕西省,
农科所智慧社区服务_站点-农科所智慧社区服务站点,快递,2025-01-12 16:41:20,,1,,6.00,,2.32,42% - 0.2,2,1878361579162226688,极兔快递,JT0014979429199,其他,陕西省,
农科所智慧社区服务_站点-农科所智慧社区服务站点,快递,2025-01-12 16:40:30,,1,,6.00,,2.32,42% - 0.2,2,1878361366263549952,极兔快递,JT0014989657036,其他,陕西省,
农科所智慧社区服务_站点-农科所智慧社区服务站点,快递,2025-01-12 16:39:37,,1,,6.00,,2.32,42% - 0.2,2,1878361154027573248,极兔快递,JT0014989520742,其他,陕西省,
农科所智慧社区服务_站点-农科所智慧社区服务站点,快递,2025-01-12 16:38:52,,1,,6.00,,2.32,42% - 0.2,2,1878360961567739904,极兔快递,JT0014989904286,其他,陕西省,
农科所智慧社区服务_站点-农科所智慧社区服务站点,快递,2025-01-12 16:38:09,,1,,6.00,,2.32,42% - 0.2,2,1878360782227689472,极兔快递,JT0014989222654,其他,陕西省,
农科所智慧社区服务_站点-农科所智慧社区服务站点,快递,2025-01-12 16:35:41,,1,,6.00,,2.32,42% - 0.2,2,1878360162464747520,极兔快递,JT0014986583212,其他,陕西省,
农科所智慧社区服务_站点-农科所智慧社区服务站点,快递,2025-01-12 16:35:04,,1,,6.00,,2.32,42% - 0.2,2,1878360001948733440,极兔快递,JT0014986972124,其他,陕西省,
农科所智慧社区服务_站点-农科所智慧社区服务站点,快递,2025-01-12 16:34:00,,1,,6.00,,2.32,42% - 0.2,2,1878359742526836736,极兔快递,JT0014988536442,其他,陕西省,
农科所智慧社区服务_站点-农科所智慧社区服务站点,快递,2025-01-12 16:33:16,,1,,6.00,,2.32,42% - 0.2,2,1878359555209220096,极兔快递,JT0014976232250,其他,陕西省,
农科所智慧社区服务_站点-农科所智慧社区服务站点,快递,2025-01-12 16:32:41,,1,,6.00,,2.32,42% - 0.2,2,1878359410862247936,极兔快递,JT0014975867557,其他,陕西省,
农科所智慧社区服务_站点-农科所智慧社区服务站点,快递,2025-01-12 16:32:04,,1,,6.00,,2.32,42% - 0.2,2,1878359252481134592,极兔快递,JT0014987193490,其他,陕西省,
农科所智慧社区服务_站点-农科所智慧社区服务站点,快递,2025-01-12 16:31:20,,1,,6.00,,2.32,42% - 0.2,2,1878359070549004288,极兔快递,JT0014988341362,其他,陕西省,
农科所智慧社区服务_站点-农科所智慧社区服务站点,快递,2025-01-12 16:30:27,,1,,6.00,,2.32,42% - 0.2,2,1878358842819268608,极兔快递,JT0014988314638,其他,陕西省,
农科所智慧社区服务_站点-农科所智慧社区服务站点,快递,2025-01-12 16:29:47,,1,,6.00,,2.32,42% - 0.2,2,1878358679136555008,极兔快递,JT0014989055978,其他,陕西省,
农科所智慧社区服务_站点-农科所智慧社区服务站点,快递,2025-01-12 16:27:38,,1,,6.00,,2.32,42% - 0.2,2,1878358137052123136,极兔快递,JT0014985900496,其他,陕西省,
农科所智慧社区服务_站点-农科所智慧社区服务站点,快递,2025-01-12 16:26:57,,1,,6.00,,2.32,42% - 0.2,2,1878357956093071360,极兔快递,JT0014984602769,其他,陕西省,
农科所智慧社区服务_站点-农科所智慧社区服务站点,快递,2025-01-12 16:04:29,,2,,8.00,,3.88,51% - 0.2,2,1878352100609806336,极兔快递,JT0014987589533,服饰,广东省,
农科所智慧社区服务_站点-农科所智慧社区服务站点,快递,2025-01-12 16:02:13,,2,,8.00,,3.88,51% - 0.2,2,1878351453286092800,极兔快递,JT0014988296974,服饰,山东省,
农科所智慧社区服务_站点-农科所智慧社区服务站点,快递,2025-01-12 15:59:34,,1,,6.00,,2.32,42% - 0.2,2,1878350986166456320,极兔快递,JT0014988331899,服饰,浙江省,
农科所智慧社区服务_站点-农科所智慧社区服务站点,快递,2025-01-12 15:57:28,,1,,6.00,,2.32,42% - 0.2,2,1878350404647178240,极兔快递,JT0014988961930,服饰,广东省,
农科所智慧社区服务_站点-农科所智慧社区服务站点,快递,2025-01-12 14:15:32,,1,,6.00,,2.32,42% - 0.2,2,1878324892742766592,极兔快递,JT0014980926919,服饰,河北省,
农科所智慧社区服务_站点-农科所智慧社区服务站点,快递,2025-01-12 14:11:57,,1,,6.00,,2.32,42% - 0.2,2,1878323990774468608,极兔快递,JT0014986428751,其他,福建省,
农科所智慧社区服务_站点-农科所智慧社区服务站点,快递,2025-01-12 12:39:40,,2,,8.00,,3.88,51% - 0.2,2,1878300767487840256,极兔快递,JT0014981602670,服饰,河北省,
农科所智慧社区服务_站点-农科所智慧社区服务站点,快递,2025-01-12 12:35:59,,1,,6.00,,2.32,42% - 0.2,2,1878299843893710848,极兔快递,JT0014984530510,服饰,浙江省,
农科所智慧社区服务_站点-农科所智慧社区服务站点,快递,2025-01-12 12:33:44,,1,,6.00,,2.32,42% - 0.2,2,1878299125988249600,极兔快递,JT0014984262853,数码产品,广东省,
农科所智慧社区服务_站点-农科所智慧社区服务站点,快递,2025-01-12 12:32:23,,1,,6.00,,2.32,42% - 0.2,2,1878298837990559744,极兔快递,JT0014984499507,服饰,湖南省,
农科所智慧社区服务_站点-农科所智慧社区服务站点,快递,2025-01-12 12:29:37,,1,,6.00,,2.32,42% - 0.2,2,1878298234518294528,极兔快递,JT0014956804309,其他,浙江省,
农科所智慧社区服务_站点-农科所智慧社区服务站点,快递,2025-01-12 12:28:01,,1,,6.00,,2.32,42% - 0.2,2,1878297837711970304,极兔快递,JT0014981083151,服饰,浙江省,
农科所智慧社区服务_站点-农科所智慧社区服务站点,快递,2025-01-12 12:27:00,,1,,6.00,,2.32,42% - 0.2,2,1878297572694872064,极兔快递,JT0014977358727,服饰,浙江省,
农科所智慧社区服务_站点-农科所智慧社区服务站点,快递,2025-01-12 12:23:14,,3,,10.00,,5.30,55% - 0.2,2,1878296631203647488,极兔快递,JT0014980817457,服饰,广东省,
农科所智慧社区服务_站点-农科所智慧社区服务站点,快递,2025-01-12 12:21:43,,2,,8.00,,3.88,51% - 0.2,2,1878296249324851200,极兔快递,JT0014983697518,服饰,浙江省,
农科所智慧社区服务_站点-农科所智慧社区服务站点,快递,2025-01-12 12:16:02,,1,,6.00,,2.32,42% - 0.2,2,1878294812704428032,极兔快递,JT0014983316431,服饰,广东省,
农科所智慧社区服务_站点-农科所智慧社区服务站点,快递,2025-01-12 11:15:40,,1,,6.00,,2.32,42% - 0.2,2,1878279489729122304,极兔快递,JT0014979744626,服饰,广东省,
农科所智慧社区服务_站点-农科所智慧社区服务站点,快递,2025-01-11 18:47:55,,1,,6.00,,2.32,42% - 0.2,2,1878031047945670656,极兔快递,JT0014976853799,服饰,浙江省,
农科所智慧社区服务_站点-农科所智慧社区服务站点,快递,2025-01-11 18:03:10,,1,,6.00,,2.32,42% - 0.2,2,1878019773677490176,极兔快递,JT0014967185519,服饰,江西省,
农科所智慧社区服务_站点-农科所智慧社区服务站点,快递,2025-01-11 15:51:14,,1,,6.00,,2.32,42% - 0.2,2,1877986587463438336,极兔快递,JT0014973005417,服饰,浙江省,
农科所智慧社区服务_站点-农科所智慧社区服务站点,快递,2025-01-11 15:49:04,,1,,6.00,,2.32,42% - 0.2,2,1877986046138175488,极兔快递,JT0014972719523,服饰,浙江省,
农科所智慧社区服务_站点-农科所智慧社区服务站点,快递,2025-01-11 15:47:33,,1,,6.00,,2.32,42% - 0.2,2,1877985662514548736,极兔快递,JT0014973359876,服饰,浙江省,
农科所智慧社区服务_站点-农科所智慧社区服务站点,快递,2025-01-11 15:45:37,,1,,6.00,,2.32,42% - 0.2,2,1877985177103552512,极兔快递,JT0014972622349,服饰,广东省,
农科所智慧社区服务_站点-农科所智慧社区服务站点,快递,2025-01-11 15:36:26,,1,,6.00,,2.32,42% - 0.2,2,1877982867984011264,极兔快递,JT0014965402722,服饰,福建省,
农科所智慧社区服务_站点-农科所智慧社区服务站点,快递,2025-01-11 15:33:29,,2,,8.00,,3.88,51% - 0.2,2,1877982124354883584,极兔快递,JT0014972086269,服饰,浙江省,
农科所智慧社区服务_站点-农科所智慧社区服务站点,快递,2025-01-11 15:30:23,,1,,6.00,,2.32,42% - 0.2,2,1877981337214046208,极兔快递,JT0014972784481,其他,浙江省,
农科所智慧社区服务_站点-农科所智慧社区服务站点,快递,2025-01-11 15:29:23,,1,,6.00,,2.32,42% - 0.2,2,1877981093206216704,极兔快递,JT0014972509102,其他,浙江省,
农科所智慧社区服务_站点-农科所智慧社区服务站点,快递,2025-01-11 15:06:24,,1,,6.00,,2.32,42% - 0.2,2,1877975307193208832,极兔快递,JT0014970573233,服饰,浙江省,
农科所智慧社区服务_站点-农科所智慧社区服务站点,快递,2025-01-11 15:04:27,,1,,6.00,,2.32,42% - 0.2,2,1877974814802890752,极兔快递,JT0014968386055,其他,山东省,
农科所智慧社区服务_站点-农科所智慧社区服务站点,快递,2025-01-11 15:02:28,,2,,8.00,,3.88,51% - 0.2,2,1877974319141015552,极兔快递,JT0014973001405,其他,湖北省,
农科所智慧社区服务_站点-农科所智慧社区服务站点,快递,2025-01-11 15:00:16,,1,,6.00,,2.32,42% - 0.2,2,1877973650766090240,极兔快递,JT0014972331155,其他,山西省,
农科所智慧社区服务_站点-农科所智慧社区服务站点,快递,2025-01-11 14:58:51,,1,,6.00,,2.32,42% - 0.2,2,1877973406993141760,极兔快递,JT0014968262231,其他,福建省,
农科所智慧社区服务_站点-农科所智慧社区服务站点,快递,2025-01-11 14:57:02,,2,,8.00,,3.88,51% - 0.2,2,1877972948136284160,极兔快递,JT0014972458348,食品,陕西省,
农科所智慧社区服务_站点-农科所智慧社区服务站点,快递,2025-01-11 14:48:37,,2,,8.00,,3.88,51% - 0.2,2,1877970830033735680,极兔快递,JT0014966180931,生活用品,河北省,
农科所智慧社区服务_站点-农科所智慧社区服务站点,快递,2025-01-11 13:55:53,,6,,18.00,,8.80,50% - 0.2,2,1877957546102542336,极兔快递,JT0014969148812,生活用品,重庆市,
农科所智慧社区服务_站点-农科所智慧社区服务站点,快递,2025-01-11 13:01:04,,13,,39.00,,19.30,50% - 0.2,2,1877943764592676864,极兔快递,JT0014962531153,服饰,陕西省,
农科所智慧社区服务_站点-农科所智慧社区服务站点,快递,2025-01-11 12:40:49,,1,,6.00,,2.32,42% - 0.2,2,1877938670342033408,极兔快递,JT0014962240925,服饰,广东省,
农科所智慧社区服务_站点-农科所智慧社区服务站点,快递,2025-01-11 12:38:50,,1,,6.00,,2.32,42% - 0.2,2,1877938174160064512,极兔快递,JT0014967060824,服饰,湖北省,
农科所智慧社区服务_站点-农科所智慧社区服务站点,快递,2025-01-11 12:36:53,,1,,6.00,,2.32,42% - 0.2,2,1877937680679227392,极兔快递,JT0014947014269,服饰,浙江省,
农科所智慧社区服务_站点-农科所智慧社区服务站点,快递,2025-01-11 12:35:30,,1,,6.00,,2.32,42% - 0.2,2,1877937335039217664,极兔快递,JT0014964471653,服饰,湖北省,
农科所智慧社区服务_站点-农科所智慧社区服务站点,快递,2025-01-11 12:31:38,,2,,8.00,,3.88,51% - 0.2,2,1877936342272626688,极兔快递,JT0014968917895,服饰,浙江省,
农科所智慧社区服务_站点-农科所智慧社区服务站点,干洗,2025-01-11 12:17:41,,,,24.50,,7.35,30%,,1877932843753328640,干洗,,"清洗普通羽绒服2件不分长短49元   *   1",,
农科所智慧社区服务_站点-农科所智慧社区服务站点,快递,2025-01-11 11:38:49,,2,,8.00,,3.88,51% - 0.2,2,1877923066495160320,极兔快递,JT0014968555173,服饰,广东省,
农科所智慧社区服务_站点-农科所智慧社区服务站点,快递,2025-01-11 11:35:55,,1,,6.00,,2.32,42% - 0.2,2,1877922336149393408,极兔快递,JT0014968318440,服饰,江苏省,
农科所智慧社区服务_站点-农科所智慧社区服务站点,快递,2025-01-11 11:00:44,,1,,6.00,,2.32,42% - 0.2,2,1877913485903712256,韵达快递,312605681278954,服饰,河南省,
农科所智慧社区服务_站点-农科所智慧社区服务站点,快递,2025-01-11 10:57:40,,1,,6.00,,2.32,42% - 0.2,2,1877912498740711424,极兔快递,JT0014958498070,服饰,广东省,
农科所智慧社区服务_站点-农科所智慧社区服务站点,快递,2025-01-11 10:54:00,,1,,6.00,,2.32,42% - 0.2,2,1877911789764923392,极兔快递,JT0014963146186,服饰,江苏省,
农科所智慧社区服务_站点-农科所智慧社区服务站点,快递,2025-01-11 10:52:49,,1,,6.00,,2.32,42% - 0.2,2,1877911477553516544,极兔快递,JT0014935033312,服饰,广东省,
农科所智慧社区服务_站点-农科所智慧社区服务站点,快递,2025-01-11 10:50:01,2025-01-11 10:50:55,1,,6.00,,0.00,,2,1877910787204632576,极兔快递,JT0014967218857,服饰,陕西省,已全额退款
农科所智慧社区服务_站点-农科所智慧社区服务站点,快递,2025-01-11 10:50:28,,2,,8.00,,3.88,51% - 0.2,2,1877910888878755840,极兔快递,JT0014967945945,服饰,陕西省,
农科所智慧社区服务_站点-农科所智慧社区服务站点,快递,2025-01-11 10:47:48,,1,,6.00,,2.32,42% - 0.2,2,1877910194964713472,极兔快递,JT0014964159751,服饰,江苏省,
农科所智慧社区服务_站点-农科所智慧社区服务站点,快递,2025-01-11 10:45:41,,1,,6.00,,2.32,42% - 0.2,2,1877909649017327616,极兔快递,JT0014962065346,服饰,浙江省,
农科所智慧社区服务_站点-农科所智慧社区服务站点,快递,2025-01-10 17:49:56,,1,,6.00,,2.32,42% - 0.2,2,1877654058936094720,极兔快递,JT0014960712470,生活用品,浙江省,
农科所智慧社区服务_站点-农科所智慧社区服务站点,快递,2025-01-10 17:48:53,,1,,6.00,,2.32,42% - 0.2,2,1877653790924263424,极兔快递,JT0014961400468,生活用品,浙江省,
农科所智慧社区服务_站点-农科所智慧社区服务站点,快递,2025-01-10 16:59:10,,1,,6.00,,2.32,42% - 0.2,2,1877641120921735168,极兔快递,JT0014958008131,服饰,广东省,
农科所智慧社区服务_站点-农科所智慧社区服务站点,快递,2025-01-10 16:57:22,,1,,6.00,,2.32,42% - 0.2,2,1877640845473402880,极兔快递,JT0014957506016,服饰,山东省,
农科所智慧社区服务_站点-农科所智慧社区服务站点,快递,2025-01-10 16:55:38,,1,,6.00,,2.32,42% - 0.2,2,1877640338306551808,极兔快递,JT0014953392033,其他,广东省,
农科所智慧社区服务_站点-农科所智慧社区服务站点,快递,2025-01-10 13:42:58,,1,,6.00,,2.32,42% - 0.2,2,1877591912235716608,极兔快递,JT0014942845802,服饰,浙江省,
农科所智慧社区服务_站点-农科所智慧社区服务站点,快递,2025-01-10 11:47:51,,2,,8.00,,3.88,51% - 0.2,2,1877562951145410560,极兔快递,JT0014951531792,服饰,广东省,
农科所智慧社区服务_站点-农科所智慧社区服务站点,快递,2025-01-10 11:09:51,,1,,6.00,,2.32,42% - 0.2,2,1877553391965884416,极兔快递,JT0014952620107,其他,陕西省,
农科所智慧社区服务_站点-农科所智慧社区服务站点,快递,2025-01-10 10:37:14,,1,,6.00,,2.32,42% - 0.2,2,1877545176523919360,极兔快递,JT0014951672711,数码产品,广东省,
农科所智慧社区服务_站点-农科所智慧社区服务站点,快递,2025-01-10 10:07:46,,2,,8.00,,3.88,51% - 0.2,2,1877537757534146560,极兔快递,JT0014949054035,服饰,浙江省,
农科所智慧社区服务_站点-农科所智慧社区服务站点,快递,2025-01-10 09:39:50,,1,,6.00,,2.32,42% - 0.2,2,1877530728681754624,韵达快递,312604624328083,服饰,福建省,
农科所智慧社区服务_站点-农科所智慧社区服务站点,快递,2025-01-10 09:31:44,,1,,6.00,,2.32,42% - 0.2,2,1877528667953090560,极兔快递,JT0014947793494,服饰,广西壮族自治区,
农科所智慧社区服务_站点-农科所智慧社区服务站点,快递,2025-01-10 09:29:56,,1,,6.00,,2.32,42% - 0.2,2,1877528243426611200,极兔快递,JT0014951649077,服饰,浙江省,
农科所智慧社区服务_站点-农科所智慧社区服务站点,快递,2025-01-10 09:28:18,,2,,8.00,,3.88,51% - 0.2,2,1877527829293617152,极兔快递,JT0014951910575,生活用品,山东省,
农科所智慧社区服务_站点-农科所智慧社区服务站点,快递,2025-01-10 09:26:33,,8,,24.00,,11.80,50% - 0.2,2,1877527375402815488,极兔快递,JT0014950099295,食品,甘肃省,
农科所智慧社区服务_站点-农科所智慧社区服务站点,快递,2025-01-09 17:26:18,,1,,6.00,,2.32,42% - 0.2,2,1877285737829027840,极兔快递,JT0014944154462,其他,广东省,
农科所智慧社区服务_站点-农科所智慧社区服务站点,快递,2025-01-09 17:22:47,,1,,6.00,,2.32,42% - 0.2,2,1877284855540404224,极兔快递,JT0014945563409,生活用品,广东省,
农科所智慧社区服务_站点-农科所智慧社区服务站点,快递,2025-01-09 17:22:16,,1,,6.00,,2.32,42% - 0.2,2,1877284716708941824,极兔快递,JT0014947135320,生活用品,广东省,
农科所智慧社区服务_站点-农科所智慧社区服务站点,快递,2025-01-09 14:45:39,,1,,6.00,,2.32,42% - 0.2,2,1877245285239148544,极兔快递,JT0014939084450,服饰,安徽省,
农科所智慧社区服务_站点-农科所智慧社区服务站点,快递,2025-01-09 14:44:08,,1,,6.00,,2.32,42% - 0.2,2,1877244929310511104,极兔快递,JT0014942389924,服饰,浙江省,
农科所智慧社区服务_站点-农科所智慧社区服务站点,快递,2025-01-09 14:39:31,,1,,6.00,,2.32,42% - 0.2,2,1877243766083211264,极兔快递,JT0014939292989,服饰,广东省,
农科所智慧社区服务_站点-农科所智慧社区服务站点,快递,2025-01-09 14:38:29,,1,,6.00,,2.32,42% - 0.2,2,1877243500013342720,极兔快递,JT0014936833431,其他,浙江省,
农科所智慧社区服务_站点-农科所智慧社区服务站点,快递,2025-01-09 13:38:25,,2,,8.00,,3.88,51% - 0.2,2,1877228376145842176,极兔快递,JT0014940259983,其他,吉林省,
农科所智慧社区服务_站点-农科所智慧社区服务站点,快递,2025-01-09 13:31:55,2025-01-09 13:35:52,2,,8.00,,0.00,,2,1877226752685953024,极兔快递,JT0014941006138,服饰,广东省,已全额退款
农科所智慧社区服务_站点-农科所智慧社区服务站点,快递,2025-01-09 13:35:27,,2,,8.00,,3.88,51% - 0.2,2,1877227646764765184,极兔快递,JT0014941515930,服饰,浙江省,
农科所智慧社区服务_站点-农科所智慧社区服务站点,快递,2025-01-09 13:29:05,,2,,8.00,,3.88,51% - 0.2,2,1877226031332773888,极兔快递,JT0014935623437,服饰,天津市,
农科所智慧社区服务_站点-农科所智慧社区服务站点,快递,2025-01-09 13:26:12,,1,,6.00,,2.32,42% - 0.2,2,1877225267113807872,极兔快递,JT0014939874373,服饰,浙江省,
农科所智慧社区服务_站点-农科所智慧社区服务站点,快递,2025-01-09 13:24:46,,2,,8.00,,3.88,51% - 0.2,2,1877224939349921792,极兔快递,JT0014938365448,服饰,广东省,
农科所智慧社区服务_站点-农科所智慧社区服务站点,快递,2025-01-09 12:54:46,,1,,6.00,,2.32,42% - 0.2,2,1877217407713726464,极兔快递,JT0014940969604,服饰,广东省,
农科所智慧社区服务_站点-农科所智慧社区服务站点,快递,2025-01-09 12:54:10,,3,,10.00,,5.30,55% - 0.2,2,1877217253698883584,极兔快递,JT0014940404203,其他,浙江省,
农科所智慧社区服务_站点-农科所智慧社区服务站点,快递,2025-01-09 12:50:38,,2,,8.00,,3.88,51% - 0.2,2,1877216361973075968,极兔快递,JT0014939239458,食品,陕西省,
农科所智慧社区服务_站点-农科所智慧社区服务站点,快递,2025-01-09 12:44:56,,1,,6.00,,2.32,42% - 0.2,2,1877214930624892928,极兔快递,JT0014940362763,服饰,广东省,
农科所智慧社区服务_站点-农科所智慧社区服务站点,快递,2025-01-09 12:43:28,,4,,12.00,,5.80,50% - 0.2,2,1877214554597150720,极兔快递,JT0014941036803,生鲜类,陕西省,
农科所智慧社区服务_站点-农科所智慧社区服务站点,快递,2025-01-09 10:36:35,,5,,16.00,,7.00,50%,2,1877182628595290112,极兔快递,JT0014938861420,生鲜类,北京市,
农科所智慧社区服务_站点-农科所智慧社区服务站点,快递,2025-01-09 10:27:03,,1,,6.00,,2.32,42% - 0.2,2,1877180220779581440,极兔快递,JT0014937707007,服饰,河北省,
农科所智慧社区服务_站点-农科所智慧社区服务站点,快递,2025-01-09 10:25:42,,1,,6.00,,2.32,42% - 0.2,2,1877179888431321088,极兔快递,JT0014936354148,服饰,陕西省,
农科所智慧社区服务_站点-农科所智慧社区服务站点,快递,2025-01-09 10:24:35,,1,,6.00,,2.32,42% - 0.2,2,1877179530833350656,极兔快递,JT0014936376254,服饰,湖南省,
农科所智慧社区服务_站点-农科所智慧社区服务站点,快递,2025-01-08 20:14:04,,1,,6.00,,2.32,42% - 0.2,2,1876965510654251008,极兔快递,JT0014932317207,服饰,湖北省,
农科所智慧社区服务_站点-农科所智慧社区服务站点,快递,2025-01-08 20:12:40,,1,,6.00,,2.32,42% - 0.2,2,1876965220165144576,极兔快递,JT0014934110640,其他,广东省,
农科所智慧社区服务_站点-农科所智慧社区服务站点,快递,2025-01-08 20:10:53,,1,,6.00,,2.32,42% - 0.2,2,1876964729897144320,极兔快递,JT0014929597492,服饰,山东省,
农科所智慧社区服务_站点-农科所智慧社区服务站点,快递,2025-01-08 20:10:01,,1,,7.00,,1.94,42%,2,1876964543011540992,极兔快递,JT0014931514553,其他,上海市,
农科所智慧社区服务_站点-农科所智慧社区服务站点,快递,2025-01-08 18:59:40,,1,,6.00,,2.32,42% - 0.2,2,1876946848253792256,极兔快递,JT0014930086031,其他,浙江省,
农科所智慧社区服务_站点-农科所智慧社区服务站点,快递,2025-01-08 18:47:20,,2,,8.00,,3.88,51% - 0.2,2,1876943739750240256,极兔快递,JT0014930408809,生活用品,浙江省,
农科所智慧社区服务_站点-农科所智慧社区服务站点,快递,2025-01-08 18:41:21,,1,,7.00,,1.94,42%,2,1876941897901330432,极兔快递,JT0014932112476,其他,上海市,
农科所智慧社区服务_站点-农科所智慧社区服务站点,快递,2025-01-08 18:38:17,,1,,6.00,,2.32,42% - 0.2,2,1876941400746283008,极兔快递,JT0014932602103,服饰,广东省,
农科所智慧社区服务_站点-农科所智慧社区服务站点,快递,2025-01-08 18:34:53,,1,,6.00,,2.32,42% - 0.2,2,1876940602146607104,极兔快递,JT0014926316070,服饰,浙江省,
农科所智慧社区服务_站点-农科所智慧社区服务站点,快递,2025-01-08 18:15:32,,1,,6.00,,2.32,42% - 0.2,2,1876935738993725440,极兔快递,JT0014931774635,生活用品,河北省,
农科所智慧社区服务_站点-农科所智慧社区服务站点,快递,2025-01-08 17:57:59,,1,,6.00,,2.32,42% - 0.2,2,1876931322186092544,极兔快递,JT0014928609056,服饰,浙江省,
农科所智慧社区服务_站点-农科所智慧社区服务站点,快递,2025-01-08 17:27:13,,1,,6.00,,2.32,42% - 0.2,2,1876923568151121920,极兔快递,JT0014930258478,服饰,广东省,
农科所智慧社区服务_站点-农科所智慧社区服务站点,快递,2025-01-08 16:44:21,,1,,6.00,,2.32,42% - 0.2,2,1876912795123240960,极兔快递,JT0014925839524,服饰,湖北省,
农科所智慧社区服务_站点-农科所智慧社区服务站点,快递,2025-01-08 15:52:32,,10,,30.00,,14.80,50% - 0.2,2,1876899740775665664,极兔快递,JT0014929700998,生活用品,广东省,
农科所智慧社区服务_站点-农科所智慧社区服务站点,快递,2025-01-08 14:46:57,,1,,6.00,,2.32,42% - 0.2,2,1876883247660847104,极兔快递,JT0014925841823,服饰,广东省,
农科所智慧社区服务_站点-农科所智慧社区服务站点,快递,2025-01-08 14:15:51,,3,,10.00,,5.30,55% - 0.2,2,1876875419554467840,极兔快递,JT0014927637978,生鲜类,山东省,
农科所智慧社区服务_站点-农科所智慧社区服务站点,快递,2025-01-08 14:14:54,,2,,8.00,,3.88,51% - 0.2,2,1876875181393498112,极兔快递,JT0014927859926,生鲜类,宁夏回族自治区,
农科所智慧社区服务_站点-农科所智慧社区服务站点,快递,2025-01-08 13:53:17,,1,,6.00,,2.32,42% - 0.2,2,1876869715548491776,极兔快递,JT0014924464587,服饰,广东省,
农科所智慧社区服务_站点-农科所智慧社区服务站点,快递,2025-01-08 13:40:34,,1,,6.00,,2.32,42% - 0.2,2,1876866538912665600,极兔快递,JT0014924390274,服饰,浙江省,
农科所智慧社区服务_站点-农科所智慧社区服务站点,快递,2025-01-08 13:17:39,,1,,6.00,,2.32,42% - 0.2,2,1876860774156390400,极兔快递,JT0014926117287,服饰,广西壮族自治区,
农科所智慧社区服务_站点-农科所智慧社区服务站点,快递,2025-01-08 13:16:42,,1,,6.00,,2.32,42% - 0.2,2,1876860536087695360,极兔快递,JT0014919054979,服饰,广东省,
农科所智慧社区服务_站点-农科所智慧社区服务站点,快递,2025-01-08 13:15:19,,1,,6.00,,2.32,42% - 0.2,2,1876860186819612672,极兔快递,JT0014922601726,服饰,广东省,
农科所智慧社区服务_站点-农科所智慧社区服务站点,快递,2025-01-08 13:13:49,,1,,6.00,,2.32,42% - 0.2,2,1876859811454570496,极兔快递,JT0014923634209,服饰,河南省,
农科所智慧社区服务_站点-农科所智慧社区服务站点,快递,2025-01-08 13:12:45,,1,,6.00,,2.32,42% - 0.2,2,1876859523985362944,极兔快递,JT0014925713352,服饰,辽宁省,
农科所智慧社区服务_站点-农科所智慧社区服务站点,快递,2025-01-08 12:41:22,,2,,8.00,,3.88,51% - 0.2,2,1876851635925602304,极兔快递,JT0014925657892,服饰,湖北省,
农科所智慧社区服务_站点-农科所智慧社区服务站点,快递,2025-01-08 12:38:54,,2,,8.00,,3.88,51% - 0.2,2,1876850964371394560,极兔快递,JT0014925837904,服饰,湖北省,
农科所智慧社区服务_站点-农科所智慧社区服务站点,快递,2025-01-08 12:27:29,,6,,18.00,,8.80,50% - 0.2,2,1876848150471561216,极兔快递,JT0014912692502,服饰,广东省,
农科所智慧社区服务_站点-农科所智慧社区服务站点,快递,2025-01-08 12:04:50,,2,,8.00,,3.88,51% - 0.2,2,1876842452257918976,极兔快递,JT0014919203295,数码产品,江苏省,
农科所智慧社区服务_站点-农科所智慧社区服务站点,快递,2025-01-08 10:49:47,,1,,6.00,,2.32,42% - 0.2,2,1876823566431080448,极兔快递,JT0014923730691,其他,河南省,
农科所智慧社区服务_站点-农科所智慧社区服务站点,快递,2025-01-08 10:41:35,,1,,6.00,,2.32,42% - 0.2,2,1876821492192563200,极兔快递,JT0014920973039,生活用品,陕西省,
农科所智慧社区服务_站点-农科所智慧社区服务站点,快递,2025-01-07 20:05:45,,1,,6.00,,2.32,42% - 0.2,2,1876601088974835712,极兔快递,JT0014918672366,服饰,江苏省,
农科所智慧社区服务_站点-农科所智慧社区服务站点,快递,2025-01-07 20:04:54,,1,,6.00,,2.32,42% - 0.2,2,1876600869432381440,极兔快递,JT0014919133288,服饰,江苏省,
农科所智慧社区服务_站点-农科所智慧社区服务站点,快递,2025-01-07 18:42:24,,1,,6.00,,2.32,42% - 0.2,2,1876580108390944768,极兔快递,JT0014916438374,服饰,河南省,
农科所智慧社区服务_站点-农科所智慧社区服务站点,快递,2025-01-07 17:41:23,,1,,6.00,,2.32,42% - 0.2,2,1876564759712944128,极兔快递,JT0014916036986,服饰,辽宁省,
农科所智慧社区服务_站点-农科所智慧社区服务站点,快递,2025-01-07 17:32:03,,2,,8.00,,3.88,51% - 0.2,2,1876562412811112448,极兔快递,JT0014913999824,服饰,安徽省,
农科所智慧社区服务_站点-农科所智慧社区服务站点,快递,2025-01-07 17:30:41,,1,,6.00,,2.32,42% - 0.2,2,1876562065111699456,极兔快递,JT0014914496622,服饰,浙江省,
农科所智慧社区服务_站点-农科所智慧社区服务站点,快递,2025-01-07 17:28:14,,1,,6.00,,2.32,42% - 0.2,2,1876561450562277376,极兔快递,JT0014917105983,其他,广东省,
农科所智慧社区服务_站点-农科所智慧社区服务站点,快递,2025-01-07 17:25:28,,1,,6.00,,2.32,42% - 0.2,2,1876560753615753216,极兔快递,JT0014916044373,其他,江苏省,
农科所智慧社区服务_站点-农科所智慧社区服务站点,快递,2025-01-07 17:24:23,,1,,7.00,,1.94,42%,2,1876560477550858240,极兔快递,JT0014917119924,其他,上海市,
农科所智慧社区服务_站点-农科所智慧社区服务站点,快递,2025-01-07 16:03:57,,1,,6.00,,2.32,42% - 0.2,2,1876540233386086400,极兔快递,JT0014914065646,服饰,河北省,
农科所智慧社区服务_站点-农科所智慧社区服务站点,快递,2025-01-07 16:01:15,,1,,6.00,,2.32,42% - 0.2,2,1876539525366599680,极兔快递,JT0014911661377,服饰,浙江省,
农科所智慧社区服务_站点-农科所智慧社区服务站点,快递,2025-01-07 15:22:58,,1,,6.00,,2.32,42% - 0.2,2,1876529922700529664,极兔快递,JT0014910938574,其他,江西省,
农科所智慧社区服务_站点-农科所智慧社区服务站点,快递,2025-01-07 14:21:03,,4,,12.00,,5.80,50% - 0.2,2,1876514341083467776,极兔快递,JT0014912535721,服饰,湖南省,
农科所智慧社区服务_站点-农科所智慧社区服务站点,快递,2025-01-07 13:53:25,,1,,6.00,,2.32,42% - 0.2,2,1876507388135395328,极兔快递,JT0014909981043,服饰,浙江省,
农科所智慧社区服务_站点-农科所智慧社区服务站点,快递,2025-01-07 13:50:11,,1,,6.00,,2.32,42% - 0.2,2,1876506577988800512,极兔快递,JT0014909070203,服饰,广东省,
农科所智慧社区服务_站点-农科所智慧社区服务站点,快递,2025-01-07 13:49:14,,1,,6.00,,2.32,42% - 0.2,2,1876506337223168000,极兔快递,JT0014908220667,服饰,广东省,
农科所智慧社区服务_站点-农科所智慧社区服务站点,快递,2025-01-07 13:48:14,,1,,6.00,,2.32,42% - 0.2,2,1876506084860284928,极兔快递,JT0014906888903,服饰,江苏省,
农科所智慧社区服务_站点-农科所智慧社区服务站点,快递,2025-01-07 13:35:19,,2,,8.00,,3.88,51% - 0.2,2,1876502834975133696,极兔快递,JT0014911569203,服饰,陕西省,
农科所智慧社区服务_站点-农科所智慧社区服务站点,快递,2025-01-07 12:56:47,,6,,18.00,,8.80,50% - 0.2,2,1876493130504916992,极兔快递,JT0014910242839,食品,山东省,
农科所智慧社区服务_站点-农科所智慧社区服务站点,快递,2025-01-07 12:38:47,,2,,8.00,,3.88,51% - 0.2,2,1876488555219701760,极兔快递,JT0014908954742,食品,黑龙江省,
农科所智慧社区服务_站点-农科所智慧社区服务站点,快递,2025-01-07 11:59:52,,2,,8.00,,3.88,51% - 0.2,2,1876478800514306048,极兔快递,JT0014909414715,生活用品,浙江省,
农科所智慧社区服务_站点-农科所智慧社区服务站点,快递,2025-01-06 19:13:36,,1,,6.00,,2.32,42% - 0.2,2,1876225567363485696,极兔快递,JT0014896914631,服饰,湖北省,
农科所智慧社区服务_站点-农科所智慧社区服务站点,快递,2025-01-06 17:44:16,,2,,8.00,,3.88,51% - 0.2,2,1876203096858083328,极兔快递,JT0014894115922,服饰,湖南省,
农科所智慧社区服务_站点-农科所智慧社区服务站点,快递,2025-01-06 17:43:26,,2,,8.00,,3.88,51% - 0.2,2,1876202886438240256,极兔快递,JT0014899147084,服饰,广东省,
农科所智慧社区服务_站点-农科所智慧社区服务站点,快递,2025-01-06 17:41:43,,1,,6.00,,2.32,42% - 0.2,2,1876202452579434496,极兔快递,JT0014899532384,服饰,广东省,
农科所智慧社区服务_站点-农科所智慧社区服务站点,快递,2025-01-06 17:34:37,,1,,6.00,,2.32,42% - 0.2,2,1876200657287299072,极兔快递,JT0014901822092,服饰,辽宁省,
农科所智慧社区服务_站点-农科所智慧社区服务站点,快递,2025-01-06 17:26:45,,1,,6.00,,2.32,42% - 0.2,2,1876198685024894976,极兔快递,JT0014893758416,服饰,广东省,
农科所智慧社区服务_站点-农科所智慧社区服务站点,快递,2025-01-06 15:04:43,,2,,8.00,,3.88,51% - 0.2,2,1876162942767116288,极兔快递,JT0014896407109,食品,广东省,
农科所智慧社区服务_站点-农科所智慧社区服务站点,快递,2025-01-06 15:02:39,,1,,6.00,,2.32,42% - 0.2,2,1876162323134197760,极兔快递,JT0014890494823,食品,陕西省,
农科所智慧社区服务_站点-农科所智慧社区服务站点,快递,2025-01-06 15:01:31,,1,,6.00,,2.32,42% - 0.2,2,1876162139729866752,极兔快递,JT0014898422312,食品,陕西省,
农科所智慧社区服务_站点-农科所智慧社区服务站点,快递,2025-01-06 15:00:22,2025-01-06 15:01:01,1,,6.00,,0.00,,2,1876161848930381824,极兔快递,JT0014897220411,食品,陕西省,已全额退款
农科所智慧社区服务_站点-农科所智慧社区服务站点,快递,2025-01-06 14:58:54,,1,,6.00,,2.32,42% - 0.2,2,1876161481635180544,极兔快递,JT0014887949606,服饰,陕西省,
农科所智慧社区服务_站点-农科所智慧社区服务站点,快递,2025-01-06 14:58:16,,1,,6.00,,2.32,42% - 0.2,2,1876161302450319360,极兔快递,JT0014893961034,食品,陕西省,
农科所智慧社区服务_站点-农科所智慧社区服务站点,快递,2025-01-06 14:42:42,,2,,8.00,,3.88,51% - 0.2,2,1876157402825535488,极兔快递,JT0014893855807,服饰,广东省,
农科所智慧社区服务_站点-农科所智慧社区服务站点,快递,2025-01-06 14:42:13,,1,,6.00,,2.32,42% - 0.2,2,1876157281832448000,极兔快递,JT0014897298704,服饰,江苏省,
农科所智慧社区服务_站点-农科所智慧社区服务站点,快递,2025-01-06 14:29:12,,3,,10.00,,5.30,55% - 0.2,2,1876153998371893248,极兔快递,JT0014892253594,服饰,湖南省,
农科所智慧社区服务_站点-农科所智慧社区服务站点,快递,2025-01-06 14:25:25,,1,,6.00,,2.32,42% - 0.2,2,1876153058742939648,极兔快递,JT0014896487379,服饰,广东省,
农科所智慧社区服务_站点-农科所智慧社区服务站点,快递,2025-01-06 14:18:43,,3,,10.00,,5.30,55% - 0.2,2,1876151369944182784,极兔快递,JT0014896139792,服饰,江苏省,
农科所智慧社区服务_站点-农科所智慧社区服务站点,快递,2025-01-06 12:59:37,,2,,8.00,,3.88,51% - 0.2,2,1876131463244722176,极兔快递,JT0014895185230,服饰,江苏省,
农科所智慧社区服务_站点-农科所智慧社区服务站点,快递,2025-01-06 12:48:45,,2,,8.00,,3.88,51% - 0.2,2,1876128727891619840,极兔快递,JT0014896060184,服饰,浙江省,
农科所智慧社区服务_站点-农科所智慧社区服务站点,快递,2025-01-06 12:36:17,,5,,15.00,,7.30,50% - 0.2,2,1876125587544911872,极兔快递,JT0014891489422,食品,甘肃省,
农科所智慧社区服务_站点-农科所智慧社区服务站点,快递,2025-01-06 12:21:32,,1,,6.00,,2.32,42% - 0.2,2,1876121876256960512,极兔快递,JT0014894865269,其他,广东省,
农科所智慧社区服务_站点-农科所智慧社区服务站点,快递,2025-01-06 11:32:57,,1,,6.00,,2.32,42% - 0.2,2,1876109651286863872,极兔快递,JT0014890124280,服饰,广东省,
农科所智慧社区服务_站点-农科所智慧社区服务站点,快递,2025-01-06 11:20:29,,1,,6.00,,2.32,42% - 0.2,2,1876106512047452160,极兔快递,JT0014891166159,服饰,浙江省,
农科所智慧社区服务_站点-农科所智慧社区服务站点,快递,2025-01-06 11:17:06,,1,,6.00,,2.32,42% - 0.2,2,1876105657332183040,极兔快递,JT0014893781088,服饰,广东省,
农科所智慧社区服务_站点-农科所智慧社区服务站点,快递,2025-01-06 10:55:41,,1,,6.00,,2.32,42% - 0.2,2,1876100269526396928,极兔快递,JT0014892203399,服饰,广东省,
农科所智慧社区服务_站点-农科所智慧社区服务站点,快递,2025-01-05 19:35:22,,1,,6.00,,2.32,42% - 0.2,2,1875868670029377536,极兔快递,JT0014886213428,服饰,浙江省,
农科所智慧社区服务_站点-农科所智慧社区服务站点,快递,2025-01-05 19:34:14,,1,,6.00,,2.32,42% - 0.2,2,1875868377086603264,极兔快递,JT0014885939099,服饰,四川省,
农科所智慧社区服务_站点-农科所智慧社区服务站点,快递,2025-01-05 19:07:59,,1,,6.00,,2.32,42% - 0.2,2,1875861730142367744,极兔快递,JT0014884278891,其他,广东省,
农科所智慧社区服务_站点-农科所智慧社区服务站点,快递,2025-01-05 19:07:01,,1,,6.00,,2.32,42% - 0.2,2,1875861535644102656,极兔快递,JT0014888919386,食品,黑龙江省,
农科所智慧社区服务_站点-农科所智慧社区服务站点,快递,2025-01-05 19:05:47,,2,,8.00,,3.88,51% - 0.2,2,1875861223256535040,极兔快递,JT0014886233992,服饰,广西壮族自治区,
农科所智慧社区服务_站点-农科所智慧社区服务站点,快递,2025-01-05 19:02:35,,4,,12.00,,5.80,50% - 0.2,2,1875860410589163520,极兔快递,JT0014885985832,服饰,浙江省,
农科所智慧社区服务_站点-农科所智慧社区服务站点,快递,2025-01-05 19:00:16,,2,,8.00,,3.88,51% - 0.2,2,1875859835898212352,极兔快递,JT0014888452093,服饰,江苏省,
农科所智慧社区服务_站点-农科所智慧社区服务站点,快递,2025-01-05 18:56:23,,2,,8.00,,3.88,51% - 0.2,2,1875858848210923520,极兔快递,JT0014883976918,服饰,安徽省,
农科所智慧社区服务_站点-农科所智慧社区服务站点,快递,2025-01-05 18:26:27,,1,,6.00,,2.32,42% - 0.2,2,1875851322006351872,极兔快递,JT0014886808504,服饰,河南省,
农科所智慧社区服务_站点-农科所智慧社区服务站点,快递,2025-01-05 18:03:40,,1,,6.00,,2.32,42% - 0.2,2,1875845591626592256,极兔快递,JT0014878051976,服饰,陕西省,
农科所智慧社区服务_站点-农科所智慧社区服务站点,干洗,2025-01-05 17:35:46,,,,24.50,,7.35,30%,,1875838501776437248,干洗,,"清洗普通羽绒服2件不分长短49元   *   1",,
农科所智慧社区服务_站点-农科所智慧社区服务站点,快递,2025-01-05 17:22:08,,1,,6.00,,2.32,42% - 0.2,2,1875835140612206592,极兔快递,JT0014884507997,服饰,广东省,
农科所智慧社区服务_站点-农科所智慧社区服务站点,快递,2025-01-05 17:11:13,,1,,6.00,,2.32,42% - 0.2,2,1875832392432922624,极兔快递,JT0014885279895,服饰,浙江省,
农科所智慧社区服务_站点-农科所智慧社区服务站点,快递,2025-01-05 16:50:50,,3,,10.00,,5.30,55% - 0.2,2,1875827254947393536,极兔快递,JT0014886152441,生活用品,陕西省,
农科所智慧社区服务_站点-农科所智慧社区服务站点,快递,2025-01-05 15:46:37,,1,,6.00,,2.32,42% - 0.2,2,1875811104582709248,极兔快递,JT0014874954857,服饰,广东省,
农科所智慧社区服务_站点-农科所智慧社区服务站点,快递,2025-01-05 15:45:28,,1,,6.00,,2.32,42% - 0.2,2,1875810813711921152,极兔快递,JT0014885695753,服饰,河北省,
农科所智慧社区服务_站点-农科所智慧社区服务站点,快递,2025-01-05 15:40:50,,1,,6.00,,2.32,42% - 0.2,2,1875809625889222656,极兔快递,JT0014884239174,服饰,江苏省,
农科所智慧社区服务_站点-农科所智慧社区服务站点,快递,2025-01-05 15:31:57,,1,,6.00,,2.32,42% - 0.2,2,1875807412584361984,极兔快递,JT0014881227570,服饰,广东省,
农科所智慧社区服务_站点-农科所智慧社区服务站点,快递,2025-01-05 15:13:24,,12,,36.00,,17.80,50% - 0.2,2,1875802735117512704,极兔快递,JT0014884512365,生活用品,山东省,
农科所智慧社区服务_站点-农科所智慧社区服务站点,快递,2025-01-05 14:50:49,,1,,6.00,,2.32,42% - 0.2,2,1875797060643631104,极兔快递,JT0014884161259,服饰,广东省,
农科所智慧社区服务_站点-农科所智慧社区服务站点,快递,2025-01-05 14:46:16,,2,,8.00,,3.88,51% - 0.2,2,1875795913677647872,极兔快递,JT0014876432541,服饰,福建省,
农科所智慧社区服务_站点-农科所智慧社区服务站点,快递,2025-01-05 14:36:11,,2,,8.00,,3.88,51% - 0.2,2,1875793372772478976,极兔快递,JT0014884088888,服饰,黑龙江省,
农科所智慧社区服务_站点-农科所智慧社区服务站点,快递,2025-01-05 14:19:12,,1,,6.00,,2.32,42% - 0.2,2,1875789101045821440,极兔快递,JT0014883061338,生活用品,广西壮族自治区,
农科所智慧社区服务_站点-农科所智慧社区服务站点,快递,2025-01-05 14:17:42,,1,,6.00,,2.32,42% - 0.2,2,1875788649067622400,极兔快递,JT0014883832386,生活用品,河北省,
农科所智慧社区服务_站点-农科所智慧社区服务站点,快递,2025-01-05 14:15:42,,1,,6.00,,2.32,42% - 0.2,2,1875788220816601088,极兔快递,JT0014880128120,生活用品,广西壮族自治区,
农科所智慧社区服务_站点-农科所智慧社区服务站点,快递,2025-01-05 14:14:04,,1,,6.00,,2.32,42% - 0.2,2,1875787789751201792,极兔快递,JT0014881162269,生活用品,广东省,
农科所智慧社区服务_站点-农科所智慧社区服务站点,快递,2025-01-05 13:36:31,,6,,65.00,,12.80,19.69% - 0.2,2,1875778294861967360,极兔快递,JT0014879734702,食品,新疆维吾尔自治区,
农科所智慧社区服务_站点-农科所智慧社区服务站点,快递,2025-01-05 13:01:18,,1,,6.00,,2.32,42% - 0.2,2,1875769502296354816,极兔快递,JT0014881614828,服饰,福建省,
农科所智慧社区服务_站点-农科所智慧社区服务站点,快递,2025-01-05 12:59:11,,1,,6.00,,2.32,42% - 0.2,2,1875768967329656832,极兔快递,JT0014879839017,服饰,福建省,
农科所智慧社区服务_站点-农科所智慧社区服务站点,快递,2025-01-05 12:57:50,,2,,8.00,,3.88,51% - 0.2,2,1875768629289725952,极兔快递,JT0014874116271,服饰,浙江省,
农科所智慧社区服务_站点-农科所智慧社区服务站点,快递,2025-01-05 12:41:31,,2,,8.00,,3.88,51% - 0.2,2,1875764511582105600,极兔快递,JT0014878311974,服饰,广东省,
农科所智慧社区服务_站点-农科所智慧社区服务站点,快递,2025-01-05 12:18:37,,1,,6.00,,2.32,42% - 0.2,2,1875758759748481024,极兔快递,JT0014876188248,服饰,山东省,
农科所智慧社区服务_站点-农科所智慧社区服务站点,快递,2025-01-05 12:17:12,,1,,6.00,,2.32,42% - 0.2,2,1875758403933089792,极兔快递,JT0014876708994,服饰,浙江省,
农科所智慧社区服务_站点-农科所智慧社区服务站点,快递,2025-01-05 11:35:53,,2,,8.00,,3.88,51% - 0.2,2,1875748004370231296,极兔快递,JT0014880208422,服饰,河北省,
农科所智慧社区服务_站点-农科所智慧社区服务站点,快递,2025-01-05 11:28:45,,1,,6.00,,2.32,42% - 0.2,2,1875746203159932928,极兔快递,JT0014880982546,服饰,四川省,
农科所智慧社区服务_站点-农科所智慧社区服务站点,快递,2025-01-05 11:06:26,,1,,6.00,,2.32,42% - 0.2,2,1875740593248972800,极兔快递,JT0014880114851,服饰,江西省,
农科所智慧社区服务_站点-农科所智慧社区服务站点,快递,2025-01-05 11:05:01,,1,,6.00,,2.32,42% - 0.2,2,1875740223093256192,极兔快递,JT0014877925308,服饰,江西省,
农科所智慧社区服务_站点-农科所智慧社区服务站点,快递,2025-01-05 11:03:33,,1,,6.00,,2.32,42% - 0.2,2,1875739866455781376,极兔快递,JT0014879311157,服饰,浙江省,
农科所智慧社区服务_站点-农科所智慧社区服务站点,快递,2025-01-05 11:02:06,,1,,6.00,,2.32,42% - 0.2,2,1875739500142047232,极兔快递,JT0014876608284,服饰,浙江省,
农科所智慧社区服务_站点-农科所智慧社区服务站点,快递,2025-01-05 10:59:24,,1,,6.00,,2.32,42% - 0.2,2,1875738821377830912,极兔快递,JT0014876778163,服饰,浙江省,
农科所智慧社区服务_站点-农科所智慧社区服务站点,快递,2025-01-05 10:58:21,,1,,6.00,,2.32,42% - 0.2,2,1875738550014750720,极兔快递,JT0014878590865,服饰,浙江省,
农科所智慧社区服务_站点-农科所智慧社区服务站点,快递,2025-01-05 10:00:05,,2,,8.00,,3.88,51% - 0.2,2,1875723894651006976,极兔快递,JT0014877188021,其他,湖北省,
农科所智慧社区服务_站点-农科所智慧社区服务站点,快递,2025-01-04 19:51:43,,1,,6.00,,2.32,42% - 0.2,2,1875510396570480640,极兔快递,JT0014875053341,生活用品,天津市,
农科所智慧社区服务_站点-农科所智慧社区服务站点,快递,2025-01-04 19:50:10,,1,,6.00,,2.32,42% - 0.2,2,1875509991040004096,极兔快递,JT0014870622182,生活用品,河南省,
农科所智慧社区服务_站点-农科所智慧社区服务站点,快递,2025-01-04 19:49:04,,1,,6.00,,2.32,42% - 0.2,2,1875509728719843328,极兔快递,JT0014873271621,生活用品,江苏省,
农科所智慧社区服务_站点-农科所智慧社区服务站点,快递,2025-01-04 18:38:40,,1,,6.00,,2.32,42% - 0.2,2,1875492010356551680,极兔快递,JT0014875966489,服饰,广东省,
农科所智慧社区服务_站点-农科所智慧社区服务站点,快递,2025-01-04 18:37:27,,1,,6.00,,2.32,42% - 0.2,2,1875491705967521792,极兔快递,JT0014875908781,服饰,广东省,
农科所智慧社区服务_站点-农科所智慧社区服务站点,快递,2025-01-04 18:36:11,,1,,6.00,,2.32,42% - 0.2,2,1875491376152621056,极兔快递,JT0014862756613,服饰,广东省,
农科所智慧社区服务_站点-农科所智慧社区服务站点,快递,2025-01-04 18:35:10,,1,,6.00,,2.32,42% - 0.2,2,1875491128495747072,极兔快递,JT0014875626383,服饰,广东省,
农科所智慧社区服务_站点-农科所智慧社区服务站点,快递,2025-01-04 18:34:02,,1,,6.00,,2.32,42% - 0.2,2,1875490835624275968,极兔快递,JT0014865266331,服饰,广东省,
农科所智慧社区服务_站点-农科所智慧社区服务站点,快递,2025-01-04 18:32:59,,1,,6.00,,2.32,42% - 0.2,2,1875490580493152256,极兔快递,JT0014873787376,生活用品,浙江省,
农科所智慧社区服务_站点-农科所智慧社区服务站点,快递,2025-01-04 18:02:12,,1,,6.00,,2.32,42% - 0.2,2,1875482835186528256,极兔快递,JT0014874499584,服饰,河南省,
农科所智慧社区服务_站点-农科所智慧社区服务站点,快递,2025-01-04 17:40:09,,1,,6.00,,2.32,42% - 0.2,2,1875477283303763968,极兔快递,JT0014874730873,生活用品,广东省,
农科所智慧社区服务_站点-农科所智慧社区服务站点,快递,2025-01-04 17:38:09,,1,,6.00,,2.32,42% - 0.2,2,1875476780096335872,极兔快递,JT0014874083755,服饰,广东省,
农科所智慧社区服务_站点-农科所智慧社区服务站点,快递,2025-01-04 17:35:43,,1,,6.00,,2.32,42% - 0.2,2,1875476170894651392,极兔快递,JT0014868986708,服饰,浙江省,
农科所智慧社区服务_站点-农科所智慧社区服务站点,快递,2025-01-04 17:34:31,,1,,6.00,,2.32,42% - 0.2,2,1875475868384669696,极兔快递,JT0014873620267,服饰,山东省,
农科所智慧社区服务_站点-农科所智慧社区服务站点,快递,2025-01-04 17:14:15,,2,,8.00,,3.88,51% - 0.2,2,1875470765632172032,极兔快递,JT0014873280195,服饰,广东省,
农科所智慧社区服务_站点-农科所智慧社区服务站点,快递,2025-01-04 17:11:37,,1,,6.00,,2.32,42% - 0.2,2,1875470104676970496,极兔快递,JT0014870350079,服饰,广东省,
农科所智慧社区服务_站点-农科所智慧社区服务站点,快递,2025-01-04 17:09:35,,1,,6.00,,2.32,42% - 0.2,2,1875469592980271104,极兔快递,JT0014871828373,服饰,浙江省,
农科所智慧社区服务_站点-农科所智慧社区服务站点,快递,2025-01-04 15:49:48,,1,,6.00,,2.32,42% - 0.2,2,1875449516034011136,极兔快递,JT0014871113029,服饰,河北省,
农科所智慧社区服务_站点-农科所智慧社区服务站点,快递,2025-01-04 15:48:54,,1,,6.00,,2.32,42% - 0.2,2,1875449288979558400,极兔快递,JT0014872968410,服饰,河北省,
农科所智慧社区服务_站点-农科所智慧社区服务站点,快递,2025-01-04 15:41:21,,1,,6.00,,2.32,42% - 0.2,2,1875447384782319616,极兔快递,JT0014872056765,食品,陕西省,
农科所智慧社区服务_站点-农科所智慧社区服务站点,快递,2025-01-04 14:24:43,,2,,8.00,,3.88,51% - 0.2,2,1875428102438563840,极兔快递,JT0014869242299,服饰,浙江省,
农科所智慧社区服务_站点-农科所智慧社区服务站点,快递,2025-01-04 14:01:04,,1,,6.00,,2.32,42% - 0.2,2,1875422145386033152,极兔快递,JT0014868472167,服饰,广东省,
农科所智慧社区服务_站点-农科所智慧社区服务站点,快递,2025-01-04 12:03:02,,2,,8.00,,3.88,51% - 0.2,2,1875392403396014080,极兔快递,JT0014859699643,服饰,浙江省,
农科所智慧社区服务_站点-农科所智慧社区服务站点,快递,2025-01-03 19:50:04,,1,,6.00,,2.32,42% - 0.2,2,1875147592683200512,极兔快递,JT0014862760776,服饰,天津市,
农科所智慧社区服务_站点-农科所智慧社区服务站点,快递,2025-01-03 19:48:19,,1,,6.00,,2.32,42% - 0.2,2,1875147140503674880,极兔快递,JT0014857940777,服饰,广东省,
农科所智慧社区服务_站点-农科所智慧社区服务站点,快递,2025-01-03 19:47:21,,1,,6.00,,2.32,42% - 0.2,2,1875146890418298880,极兔快递,JT0014862107763,服饰,广东省,
农科所智慧社区服务_站点-农科所智慧社区服务站点,快递,2025-01-03 19:16:23,,1,,6.00,,2.32,42% - 0.2,2,1875139114791051264,极兔快递,JT0014860948618,生活用品,江苏省,
农科所智慧社区服务_站点-农科所智慧社区服务站点,快递,2025-01-03 19:15:14,,1,,6.00,,2.32,42% - 0.2,2,1875138716554469376,极兔快递,JT0014863048101,生活用品,广西壮族自治区,
农科所智慧社区服务_站点-农科所智慧社区服务站点,快递,2025-01-03 19:13:55,,1,,6.00,,2.32,42% - 0.2,2,1875138480763281408,极兔快递,JT0014860275600,生活用品,广东省,
农科所智慧社区服务_站点-农科所智慧社区服务站点,快递,2025-01-03 19:13:07,,1,,6.00,,2.32,42% - 0.2,2,1875138290773893120,极兔快递,JT0014859861230,生活用品,湖南省,
农科所智慧社区服务_站点-农科所智慧社区服务站点,快递,2025-01-03 18:11:29,,2,,8.00,,3.88,51% - 0.2,2,1875122782112555008,极兔快递,JT0014849980415,服饰,浙江省,
农科所智慧社区服务_站点-农科所智慧社区服务站点,快递,2025-01-03 18:08:55,,1,,6.00,,2.32,42% - 0.2,2,1875122134059032576,极兔快递,JT0014860487463,服饰,浙江省,
农科所智慧社区服务_站点-农科所智慧社区服务站点,快递,2025-01-03 17:39:48,,1,,6.00,,2.32,42% - 0.2,2,1875114806530252800,极兔快递,JT0014860863849,生活用品,江西省,
农科所智慧社区服务_站点-农科所智慧社区服务站点,快递,2025-01-03 17:28:25,,1,,6.00,,2.32,42% - 0.2,2,1875111942676258816,极兔快递,JT0014856110299,生活用品,广东省,
农科所智慧社区服务_站点-农科所智慧社区服务站点,快递,2025-01-03 17:27:19,,1,,6.00,,2.32,42% - 0.2,2,1875111668364582912,极兔快递,JT0014859761892,服饰,浙江省,
农科所智慧社区服务_站点-农科所智慧社区服务站点,快递,2025-01-03 17:17:17,,1,,6.00,,2.32,42% - 0.2,2,1875109137945174016,极兔快递,JT0014857979171,服饰,广东省,
农科所智慧社区服务_站点-农科所智慧社区服务站点,快递,2025-01-03 16:48:26,,1,,6.00,,2.32,42% - 0.2,2,1875101883330174976,极兔快递,JT0014844750869,服饰,广东省,
农科所智慧社区服务_站点-农科所智慧社区服务站点,快递,2025-01-03 16:16:00,,2,,8.00,,3.88,51% - 0.2,2,1875093722397384704,极兔快递,JT0014857674996,服饰,江苏省,
农科所智慧社区服务_站点-农科所智慧社区服务站点,快递,2025-01-03 16:04:41,,1,,6.00,,2.32,42% - 0.2,2,1875090873936486400,极兔快递,JT0014850296251,服饰,安徽省,
农科所智慧社区服务_站点-农科所智慧社区服务站点,快递,2025-01-03 16:03:17,,1,,6.00,,2.32,42% - 0.2,2,1875090520243412992,极兔快递,JT0014858992053,服饰,广东省,
农科所智慧社区服务_站点-农科所智慧社区服务站点,快递,2025-01-03 16:01:53,,1,,6.00,,2.32,42% - 0.2,2,1875090168102232064,极兔快递,JT0014858135918,服饰,安徽省,
农科所智慧社区服务_站点-农科所智慧社区服务站点,快递,2025-01-03 15:08:42,,1,,6.00,,2.32,42% - 0.2,2,1875076784732479488,极兔快递,JT0014854730117,服饰,浙江省,
农科所智慧社区服务_站点-农科所智慧社区服务站点,快递,2025-01-03 13:38:45,,1,,6.00,,2.32,42% - 0.2,2,1875054151181770752,极兔快递,JT0014852644526,服饰,河北省,
农科所智慧社区服务_站点-农科所智慧社区服务站点,快递,2025-01-03 13:36:43,,1,,6.00,,2.32,42% - 0.2,2,1875053634640650240,极兔快递,JT0014849573259,服饰,广东省,
农科所智慧社区服务_站点-农科所智慧社区服务站点,快递,2025-01-03 12:27:27,,1,,6.00,,2.32,42% - 0.2,2,1875036193298554880,韵达快递,312598861038959,服饰,内蒙古自治区,
农科所智慧社区服务_站点-农科所智慧社区服务站点,快递,2025-01-03 12:24:25,,2,,8.00,,3.88,51% - 0.2,2,1875035432690884608,极兔快递,JT0014847922039,服饰,福建省,
农科所智慧社区服务_站点-农科所智慧社区服务站点,快递,2025-01-03 09:37:10,,2,,8.00,,3.88,51% - 0.2,2,1874993347178766336,极兔快递,JT0014823268351,服饰,浙江省,
农科所智慧社区服务_站点-农科所智慧社区服务站点,快递,2025-01-02 19:53:46,,2,,8.00,,3.88,51% - 0.2,2,1874786138163486720,极兔快递,JT0014842422640,服饰,河北省,
农科所智慧社区服务_站点-农科所智慧社区服务站点,快递,2025-01-02 19:45:02,,1,,6.00,,2.32,42% - 0.2,2,1874783939018596352,极兔快递,JT0014847162475,其他,黑龙江省,
农科所智慧社区服务_站点-农科所智慧社区服务站点,快递,2025-01-02 19:43:12,,1,,6.00,,2.32,42% - 0.2,2,1874783475682222080,极兔快递,JT0014849012704,其他,广东省,
农科所智慧社区服务_站点-农科所智慧社区服务站点,快递,2025-01-02 19:06:23,,1,,6.00,,2.32,42% - 0.2,2,1874774212071104512,极兔快递,JT0014847484033,生活用品,福建省,
农科所智慧社区服务_站点-农科所智慧社区服务站点,快递,2025-01-02 19:05:08,,1,,6.00,,2.32,42% - 0.2,2,1874773894113501184,极兔快递,JT0014847267268,服饰,浙江省,
农科所智慧社区服务_站点-农科所智慧社区服务站点,快递,2025-01-02 19:03:18,,1,,6.00,,2.32,42% - 0.2,2,1874773434447142912,韵达快递,312598156873921,服饰,浙江省,
农科所智慧社区服务_站点-农科所智慧社区服务站点,快递,2025-01-02 19:01:46,,1,,7.00,,1.94,42%,2,1874772995924271104,极兔快递,JT0014844715254,其他,上海市,
农科所智慧社区服务_站点-农科所智慧社区服务站点,快递,2025-01-02 18:52:11,,1,,6.00,,2.32,42% - 0.2,2,1874770633071501312,极兔快递,JT0014844026484,其他,山东省,
农科所智慧社区服务_站点-农科所智慧社区服务站点,快递,2025-01-02 18:27:30,,2,,8.00,,3.88,51% - 0.2,2,1874764421508603904,极兔快递,JT0014829516416,服饰,河北省,
农科所智慧社区服务_站点-农科所智慧社区服务站点,快递,2025-01-02 18:26:33,,2,,8.00,,3.88,51% - 0.2,2,1874764188053643264,极兔快递,JT0014832780134,服饰,浙江省,
农科所智慧社区服务_站点-农科所智慧社区服务站点,快递,2025-01-02 18:03:40,,1,,6.00,,2.32,42% - 0.2,2,1874758430759034880,极兔快递,JT0014845669362,服饰,浙江省,
农科所智慧社区服务_站点-农科所智慧社区服务站点,快递,2025-01-02 17:46:39,,1,,6.00,,2.32,42% - 0.2,2,1874754050764808192,极兔快递,JT0014845320143,服饰,广东省,
农科所智慧社区服务_站点-农科所智慧社区服务站点,快递,2025-01-02 17:44:38,,1,,6.00,,2.32,42% - 0.2,2,1874753635956531200,极兔快递,JT0014845182477,生活用品,广东省,
农科所智慧社区服务_站点-农科所智慧社区服务站点,快递,2025-01-02 17:40:04,,2,,8.00,,3.88,51% - 0.2,2,1874752488638226432,极兔快递,JT0014845050294,服饰,陕西省,
农科所智慧社区服务_站点-农科所智慧社区服务站点,快递,2025-01-02 17:38:44,,1,,6.00,,2.32,42% - 0.2,2,1874752154918428672,极兔快递,JT0014843793265,服饰,山东省,
农科所智慧社区服务_站点-农科所智慧社区服务站点,快递,2025-01-02 17:36:44,,1,,6.00,,2.32,42% - 0.2,2,1874751572317020160,极兔快递,JT0014843366929,服饰,广西壮族自治区,
农科所智慧社区服务_站点-农科所智慧社区服务站点,快递,2025-01-02 17:27:21,,1,,6.00,,2.32,42% - 0.2,2,1874749275591647232,极兔快递,JT0014846687233,服饰,浙江省,
农科所智慧社区服务_站点-农科所智慧社区服务站点,快递,2025-01-02 16:58:32,,1,,6.00,,2.32,42% - 0.2,2,1874742038194266112,极兔快递,JT0014845232604,服饰,河北省,
农科所智慧社区服务_站点-农科所智慧社区服务站点,快递,2025-01-02 16:52:31,,1,,6.00,,2.32,42% - 0.2,2,1874740523069054976,极兔快递,JT0014845306439,服饰,江苏省,
农科所智慧社区服务_站点-农科所智慧社区服务站点,快递,2025-01-02 16:48:06,2025-01-02 16:52:08,2,,8.00,,0.00,,2,1874739409019969536,极兔快递,,服饰,浙江省,已全额退款
农科所智慧社区服务_站点-农科所智慧社区服务站点,快递,2025-01-02 16:48:49,2025-01-02 16:52:00,1,,6.00,,0.00,,2,1874739593749700608,极兔快递,,服饰,浙江省,已全额退款
农科所智慧社区服务_站点-农科所智慧社区服务站点,快递,2025-01-02 16:49:19,,2,,8.00,,3.88,51% - 0.2,2,1874739717712355328,极兔快递,JT0014844396761,服饰,浙江省,
农科所智慧社区服务_站点-农科所智慧社区服务站点,快递,2025-01-02 16:45:48,,1,,6.00,,2.32,42% - 0.2,2,1874738828939337728,极兔快递,JT0014845010006,服饰,辽宁省,
农科所智慧社区服务_站点-农科所智慧社区服务站点,快递,2025-01-02 16:43:13,,1,,6.00,,2.32,42% - 0.2,2,1874738181535932416,极兔快递,JT0014843677521,服饰,广东省,
农科所智慧社区服务_站点-农科所智慧社区服务站点,快递,2025-01-02 16:42:20,,2,,8.00,,3.88,51% - 0.2,2,1874737960064098304,极兔快递,JT0014845828295,服饰,安徽省,
农科所智慧社区服务_站点-农科所智慧社区服务站点,快递,2025-01-02 16:38:56,,1,,6.00,,2.32,42% - 0.2,2,1874737042740453376,极兔快递,JT0014845344035,服饰,广东省,
农科所智慧社区服务_站点-农科所智慧社区服务站点,快递,2025-01-02 16:37:03,,2,,8.00,,3.88,51% - 0.2,2,1874736629882527744,极兔快递,JT0014845275033,服饰,浙江省,
农科所智慧社区服务_站点-农科所智慧社区服务站点,快递,2025-01-02 16:35:43,,2,,8.00,,3.88,51% - 0.2,2,1874736294073966592,极兔快递,JT0014839678142,服饰,浙江省,
农科所智慧社区服务_站点-农科所智慧社区服务站点,快递,2025-01-02 16:33:23,,1,,6.00,,2.32,42% - 0.2,2,1874735417074360320,极兔快递,JT0014844254343,服饰,湖北省,
农科所智慧社区服务_站点-农科所智慧社区服务站点,快递,2025-01-02 16:31:17,,2,,8.00,,3.88,51% - 0.2,2,1874735178594623488,极兔快递,JT0014844715810,服饰,江西省,
农科所智慧社区服务_站点-农科所智慧社区服务站点,快递,2025-01-02 16:30:37,,1,,6.00,,2.32,42% - 0.2,2,1874735007567683584,极兔快递,JT0014842775600,服饰,浙江省,
农科所智慧社区服务_站点-农科所智慧社区服务站点,快递,2025-01-02 16:02:32,,1,,6.00,,2.32,42% - 0.2,2,1874727926794002432,极兔快递,JT0014841449912,服饰,江苏省,
农科所智慧社区服务_站点-农科所智慧社区服务站点,快递,2025-01-02 16:01:07,,1,,6.00,,2.32,42% - 0.2,2,1874727579593711616,极兔快递,JT0014844252451,服饰,广东省,
农科所智慧社区服务_站点-农科所智慧社区服务站点,快递,2025-01-02 15:47:46,,1,,6.00,,2.32,42% - 0.2,2,1874724162662014976,极兔快递,JT0014837976974,服饰,浙江省,
农科所智慧社区服务_站点-农科所智慧社区服务站点,干洗,2025-01-02 15:12:56,,,,24.50,,7.35,30%,,1874715442569781248,干洗,,"清洗普通羽绒服2件不分长短49元   *   1",,
农科所智慧社区服务_站点-农科所智慧社区服务站点,快递,2025-01-02 15:04:30,,1,,6.00,,2.32,42% - 0.2,2,1874713321648660480,极兔快递,JT0014820405517,服饰,浙江省,
农科所智慧社区服务_站点-农科所智慧社区服务站点,快递,2025-01-02 15:00:17,,1,,6.00,,2.32,42% - 0.2,2,1874712277979996160,极兔快递,JT0014839235667,服饰,江苏省,
农科所智慧社区服务_站点-农科所智慧社区服务站点,快递,2025-01-02 14:58:57,,1,,6.00,,2.32,42% - 0.2,2,1874711938153291776,极兔快递,JT0014841736416,服饰,江苏省,
农科所智慧社区服务_站点-农科所智慧社区服务站点,快递,2025-01-02 13:30:38,,1,,6.00,,2.32,42% - 0.2,2,1874689701455044608,极兔快递,JT0014840901033,其他,湖北省,
农科所智慧社区服务_站点-农科所智慧社区服务站点,快递,2025-01-02 13:00:41,,1,,6.00,,2.32,42% - 0.2,2,1874682172087967744,极兔快递,JT0014838552603,服饰,浙江省,
农科所智慧社区服务_站点-农科所智慧社区服务站点,快递,2025-01-02 12:14:19,,2,,8.00,,3.88,51% - 0.2,2,1874670512338083840,极兔快递,JT0014837680213,其他,青海省,
农科所智慧社区服务_站点-农科所智慧社区服务站点,快递,2025-01-02 11:41:33,,5,,15.00,,7.30,50% - 0.2,2,1874662263903723520,极兔快递,JT0014836543939,食品,陕西省,
农科所智慧社区服务_站点-农科所智慧社区服务站点,快递,2025-01-02 11:40:36,,8,,24.00,,11.80,50% - 0.2,2,1874661985359994880,极兔快递,JT0014839367040,食品,宁夏回族自治区,
农科所智慧社区服务_站点-农科所智慧社区服务站点,快递,2025-01-01 19:49:56,,2,,8.00,,3.88,51% - 0.2,2,1874422775793655808,极兔快递,JT0014833467088,食品,吉林省,
农科所智慧社区服务_站点-农科所智慧社区服务站点,快递,2025-01-01 18:53:22,,1,,6.00,,2.32,42% - 0.2,2,1874408542938931200,极兔快递,JT0014831510206,服饰,广东省,
农科所智慧社区服务_站点-农科所智慧社区服务站点,快递,2025-01-01 18:44:59,,1,,6.00,,2.32,42% - 0.2,2,1874406439117987840,极兔快递,JT0014828677910,服饰,浙江省,
农科所智慧社区服务_站点-农科所智慧社区服务站点,快递,2025-01-01 18:42:54,,1,,6.00,,2.32,42% - 0.2,2,1874405915421384704,极兔快递,JT0014833368161,服饰,山东省,
农科所智慧社区服务_站点-农科所智慧社区服务站点,快递,2025-01-01 18:40:31,,1,,6.00,,2.32,42% - 0.2,2,1874405309340262400,极兔快递,JT0014831434416,服饰,浙江省,
农科所智慧社区服务_站点-农科所智慧社区服务站点,快递,2025-01-01 16:03:28,,1,,6.00,,2.32,42% - 0.2,2,1874365792533159936,极兔快递,JT0014831483962,服饰,浙江省,
农科所智慧社区服务_站点-农科所智慧社区服务站点,快递,2025-01-01 16:01:24,,1,,6.00,,2.32,42% - 0.2,2,1874365272959557632,极兔快递,JT0014825034360,其他,广东省,
农科所智慧社区服务_站点-农科所智慧社区服务站点,快递,2025-01-01 16:00:15,,1,,6.00,,2.32,42% - 0.2,2,1874364859854168064,极兔快递,JT0014824806184,其他,四川省,
农科所智慧社区服务_站点-农科所智慧社区服务站点,快递,2025-01-01 15:58:24,,1,,6.00,,2.32,42% - 0.2,2,1874364516642660352,极兔快递,JT0014830746562,其他,陕西省,
农科所智慧社区服务_站点-农科所智慧社区服务站点,快递,2025-01-01 15:44:00,,1,,6.00,,2.32,42% - 0.2,2,1874360891774148608,极兔快递,JT0014828681445,生活用品,河北省,
农科所智慧社区服务_站点-农科所智慧社区服务站点,快递,2025-01-01 15:28:57,,1,,6.00,,2.32,42% - 0.2,2,1874357101041885184,极兔快递,JT0014831014830,服饰,安徽省,
农科所智慧社区服务_站点-农科所智慧社区服务站点,快递,2025-01-01 15:25:36,,1,,6.00,,2.32,42% - 0.2,2,1874356258284576768,极兔快递,JT0014820967633,服饰,江苏省,
农科所智慧社区服务_站点-农科所智慧社区服务站点,快递,2025-01-01 15:24:08,,1,,6.00,,2.32,42% - 0.2,2,1874355893879250944,极兔快递,JT0014828001209,服饰,江苏省,
农科所智慧社区服务_站点-农科所智慧社区服务站点,快递,2025-01-01 15:22:45,,1,,6.00,,2.32,42% - 0.2,2,1874355543721975808,极兔快递,JT0014825515273,生活用品,浙江省,
农科所智慧社区服务_站点-农科所智慧社区服务站点,快递,2025-01-01 15:21:24,,1,,6.00,,2.32,42% - 0.2,2,1874355187029975040,极兔快递,JT0014830304758,生活用品,浙江省,
农科所智慧社区服务_站点-农科所智慧社区服务站点,快递,2025-01-01 14:39:46,,1,,6.00,,2.32,42% - 0.2,2,1874344718420484096,极兔快递,JT0014821389656,食品,陕西省,
农科所智慧社区服务_站点-农科所智慧社区服务站点,快递,2025-01-01 12:11:06,,2,,8.00,,3.88,51% - 0.2,2,1874307307615363072,极兔快递,JT0014826841483,服饰,浙江省,
农科所智慧社区服务_站点-农科所智慧社区服务站点,快递,2025-01-01 11:06:50,,1,,6.00,,2.32,42% - 0.2,2,1874291132235849728,极兔快递,JT0014821700803,服饰,河北省,
农科所智慧社区服务_站点-农科所智慧社区服务站点,快递,2025-01-01 11:02:39,,1,,6.00,,2.32,42% - 0.2,2,1874290040865366016,极兔快递,JT0014820646680,服饰,广东省,
农科所智慧社区服务_站点-农科所智慧社区服务站点,快递,2025-01-01 11:00:03,,4,,12.00,,5.80,50% - 0.2,2,1874289436260638720,极兔快递,JT0014823867562,服饰,浙江省,
农科所智慧社区服务_站点-农科所智慧社区服务站点,快递,2025-01-01 10:48:21,,1,,7.00,,1.94,42%,2,1874286489778855936,极兔快递,JT0014820408014,服饰,上海市,
农科所智慧社区服务_站点-农科所智慧社区服务站点,快递,2025-01-01 10:44:34,,1,,6.00,,2.32,42% - 0.2,2,1874285532273778688,极兔快递,JT0014824372963,服饰,浙江省,
