姓名,订单类型,日期,退款日期,打单重量,结算重量,金额,超重金额,团长利润,利润公式,价格方案,订单号,快递公司,物流单号,邮寄物品,发往,说明
凯泽智慧社区团寄快递_站点,总计:,2882.81,,,,,,,,,,,,,,
凯泽智慧社区团寄快递_站点-凯泽智慧社区团寄快递,快递,2025-01-25 22:06:08,2025-02-09 17:35:18,1,,6.00,,0.00,,1,1883154365529006080,极兔快递,JT0015166973393,服饰,河南省,已全额退款
凯泽智慧社区团寄快递_站点-凯泽智慧社区团寄快递,快递,2025-01-28 13:16:26,,1,,6.00,,2.32,42% - 0.2,1,1884108211101179904,极兔快递,JT0015169360824,服饰,浙江省,
凯泽智慧社区团寄快递_站点-凯泽智慧社区团寄快递,快递,2025-01-27 14:18:23,,2,,7.00,,2.81,43% - 0.2,1,1883761424763002880,极兔快递,JT0015169183747,生活用品,广东省,
凯泽智慧社区团寄快递_站点-凯泽智慧社区团寄快递,快递,2025-01-27 14:14:01,,1,,6.00,,2.32,42% - 0.2,1,1883760331991621632,极兔快递,JT0015167293442,生活用品,安徽省,
凯泽智慧社区团寄快递_站点-凯泽智慧社区团寄快递,快递,2025-01-27 14:06:54,,1,,6.00,,2.32,42% - 0.2,1,1883758537433489408,极兔快递,JT0015167616897,服饰,广东省,
凯泽智慧社区团寄快递_站点-凯泽智慧社区团寄快递,快递,2025-01-26 19:42:50,,1,,6.00,,2.32,42% - 0.2,1,1883480686499012608,极兔快递,JT0015168171121,服饰,广东省,
凯泽智慧社区团寄快递_站点-凯泽智慧社区团寄快递,快递,2025-01-26 19:37:10,,1,,6.00,,2.32,42% - 0.2,1,1883479255641563136,极兔快递,JT0015169546224,生活用品,浙江省,
凯泽智慧社区团寄快递_站点-凯泽智慧社区团寄快递,快递,2025-01-26 19:36:25,,1,,6.00,,2.32,42% - 0.2,1,1883479075731087360,极兔快递,JT0015168422077,生活用品,浙江省,
凯泽智慧社区团寄快递_站点-凯泽智慧社区团寄快递,快递,2025-01-26 19:28:40,,1,,6.00,,2.32,42% - 0.2,1,1883477126310862848,极兔快递,JT0015168400227,服饰,福建省,
凯泽智慧社区团寄快递_站点-凯泽智慧社区团寄快递,快递,2025-01-12 14:33:43,2025-01-26 18:13:28,1,,6.00,,0.00,,1,1878329467780517888,极兔快递,JT0014987133044,服饰,浙江省,已全额退款
凯泽智慧社区团寄快递_站点-凯泽智慧社区团寄快递,快递,2025-01-26 18:11:54,,1,,6.00,,2.32,42% - 0.2,1,1883457778200420352,极兔快递,JT0015169473376,服饰,江西省,
凯泽智慧社区团寄快递_站点-凯泽智慧社区团寄快递,快递,2025-01-26 18:11:12,,1,,6.00,,2.32,42% - 0.2,1,1883457632553213952,极兔快递,JT0015163160398,服饰,江西省,
凯泽智慧社区团寄快递_站点-凯泽智慧社区团寄快递,快递,2025-01-26 18:02:32,,1,,6.00,,2.32,42% - 0.2,1,1883455452391743488,极兔快递,JT0015169215458,生活用品,广东省,
凯泽智慧社区团寄快递_站点-凯泽智慧社区团寄快递,快递,2025-01-26 17:59:29,,1,,10.00,,1.80,42% - 0.2,1,1883454677192089600,极兔快递,JT0015167609443,服饰,内蒙古自治区,
凯泽智慧社区团寄快递_站点-凯泽智慧社区团寄快递,快递,2025-01-26 12:05:32,,1.3,,20.00,,0.00,0%,1,1883365604188299264,顺丰速运,SF3147873839278,服饰,福建省,
凯泽智慧社区团寄快递_站点-凯泽智慧社区团寄快递,快递,2025-01-26 11:55:18,,1,,6.00,,2.32,42% - 0.2,1,1883363026276786176,极兔快递,JT0015142242065,生活用品,浙江省,
凯泽智慧社区团寄快递_站点-凯泽智慧社区团寄快递,快递,2025-01-26 11:54:14,,1,,6.00,,2.32,42% - 0.2,1,1883362765651124224,极兔快递,JT0015157572609,服饰,四川省,
凯泽智慧社区团寄快递_站点-凯泽智慧社区团寄快递,快递,2025-01-26 11:52:13,,1,,6.00,,2.32,42% - 0.2,1,1883362258027094016,极兔快递,JT0015167123529,服饰,广东省,
凯泽智慧社区团寄快递_站点-凯泽智慧社区团寄快递,快递,2025-01-26 10:59:32,,1,,6.00,,2.32,42% - 0.2,1,1883348998804545536,极兔快递,JT0015164412004,服饰,广东省,
凯泽智慧社区团寄快递_站点-凯泽智慧社区团寄快递,快递,2025-01-26 10:10:06,,2,,7.00,,2.81,43% - 0.2,1,1883336558230446080,极兔快递,JT0015165569773,服饰,湖北省,
凯泽智慧社区团寄快递_站点-凯泽智慧社区团寄快递,快递,2025-01-26 09:23:29,,1,,6.00,,2.32,42% - 0.2,1,1883324826640523264,极兔快递,JT0015138934132,服饰,辽宁省,
凯泽智慧社区团寄快递_站点-凯泽智慧社区团寄快递,快递,2025-01-25 21:47:43,,1,,6.00,,2.32,42% - 0.2,1,1883149732521779200,极兔快递,JT0015162839555,服饰,河北省,
凯泽智慧社区团寄快递_站点-凯泽智慧社区团寄快递,快递,2025-01-25 21:21:15,,1,,6.00,,2.32,42% - 0.2,1,1883143061586124800,极兔快递,JT0015165618217,生活用品,浙江省,
凯泽智慧社区团寄快递_站点-凯泽智慧社区团寄快递,快递,2025-01-25 21:20:28,,1,,6.00,,2.32,42% - 0.2,1,1883142858044940288,极兔快递,JT0015163892853,生活用品,浙江省,
凯泽智慧社区团寄快递_站点-凯泽智慧社区团寄快递,快递,2025-01-25 21:19:42,,1,,6.00,,2.32,42% - 0.2,1,1883142669829742592,极兔快递,JT0015163479870,生活用品,浙江省,
凯泽智慧社区团寄快递_站点-凯泽智慧社区团寄快递,快递,2025-01-25 21:18:40,,1,,6.00,,2.32,42% - 0.2,1,1883142407442472960,极兔快递,JT0015145147205,生活用品,吉林省,
凯泽智慧社区团寄快递_站点-凯泽智慧社区团寄快递,快递,2025-01-25 21:17:16,,1,,6.00,,2.32,42% - 0.2,1,1883142066684633088,极兔快递,JT0015162199475,生活用品,广东省,
凯泽智慧社区团寄快递_站点-凯泽智慧社区团寄快递,快递,2025-01-25 20:52:22,,1,,6.00,,2.32,42% - 0.2,1,1883135801694691328,极兔快递,JT0015166081990,服饰,河北省,
凯泽智慧社区团寄快递_站点-凯泽智慧社区团寄快递,快递,2025-01-25 20:49:58,,3,,8.00,,3.40,45% - 0.2,1,1883135197027049472,极兔快递,JT0015161398541,生活用品,陕西省,
凯泽智慧社区团寄快递_站点-凯泽智慧社区团寄快递,快递,2025-01-25 20:11:20,,2,,7.00,,2.81,43% - 0.2,1,1883125474085117952,极兔快递,JT0015163814175,服饰,江苏省,
凯泽智慧社区团寄快递_站点-凯泽智慧社区团寄快递,快递,2025-01-25 20:09:17,,1,,6.00,,2.32,42% - 0.2,1,1883124959007809536,极兔快递,JT0015164188403,服饰,广东省,
凯泽智慧社区团寄快递_站点-凯泽智慧社区团寄快递,快递,2025-01-25 18:26:31,,2,,7.00,,2.81,43% - 0.2,1,1883099095104823296,极兔快递,JT0015163744330,生活用品,江苏省,
凯泽智慧社区团寄快递_站点-凯泽智慧社区团寄快递,快递,2025-01-25 17:15:50,,2,,7.00,,2.81,43% - 0.2,1,1883081305769713664,极兔快递,JT0015165645079,服饰,四川省,
凯泽智慧社区团寄快递_站点-凯泽智慧社区团寄快递,快递,2025-01-25 17:12:26,,1,,6.00,,2.32,42% - 0.2,1,1883080450525962240,极兔快递,JT0015161600458,食品,山东省,
凯泽智慧社区团寄快递_站点-凯泽智慧社区团寄快递,快递,2025-01-25 17:10:27,,1,,6.00,,2.32,42% - 0.2,1,1883079945263325184,极兔快递,JT0015163998889,食品,安徽省,
凯泽智慧社区团寄快递_站点-凯泽智慧社区团寄快递,快递,2025-01-25 15:12:45,,1,,6.00,,2.32,42% - 0.2,1,1883050329630908416,极兔快递,JT0015158839027,服饰,广东省,
凯泽智慧社区团寄快递_站点-凯泽智慧社区团寄快递,快递,2025-01-25 14:33:38,,1,,6.00,,2.32,42% - 0.2,1,1883040488623513600,极兔快递,JT0015164833745,服饰,广东省,
凯泽智慧社区团寄快递_站点-凯泽智慧社区团寄快递,快递,2025-01-25 13:56:04,,3,,8.00,,3.40,45% - 0.2,1,1883031037828997120,极兔快递,JT0015164639607,生活用品,浙江省,
凯泽智慧社区团寄快递_站点-凯泽智慧社区团寄快递,快递,2025-01-25 13:53:58,,1,,6.00,,2.32,42% - 0.2,1,1883030509141172224,极兔快递,JT0015165030941,生活用品,浙江省,
凯泽智慧社区团寄快递_站点-凯泽智慧社区团寄快递,快递,2025-01-25 13:49:55,,1,,6.00,,2.32,42% - 0.2,1,1883029491011624960,极兔快递,JT0015162529268,服饰,山东省,
凯泽智慧社区团寄快递_站点-凯泽智慧社区团寄快递,快递,2025-01-25 13:48:46,,1,,6.00,,2.32,42% - 0.2,1,1883029202032467968,极兔快递,JT0015163209519,服饰,浙江省,
凯泽智慧社区团寄快递_站点-凯泽智慧社区团寄快递,快递,2025-01-25 13:47:58,,2,,7.00,,2.81,43% - 0.2,1,1883028999850237952,极兔快递,JT0015164241700,服饰,广东省,
凯泽智慧社区团寄快递_站点-凯泽智慧社区团寄快递,快递,2025-01-25 13:42:43,,4,,10.00,,3.80,40% - 0.2,1,1883027670163595264,极兔快递,JT0015164787942,生活用品,福建省,
凯泽智慧社区团寄快递_站点-凯泽智慧社区团寄快递,快递,2025-01-25 13:33:22,,1,,6.00,,2.32,42% - 0.2,1,1883025327099551744,极兔快递,JT0015161362722,服饰,河南省,
凯泽智慧社区团寄快递_站点-凯泽智慧社区团寄快递,快递,2025-01-25 13:32:14,,1,,6.00,,2.32,42% - 0.2,1,1883025036065185792,极兔快递,JT0015164910634,服饰,辽宁省,
凯泽智慧社区团寄快递_站点-凯泽智慧社区团寄快递,快递,2025-01-25 13:27:19,,1,,6.00,,2.32,42% - 0.2,1,1883023801459220480,极兔快递,JT0015159735500,生活用品,湖北省,
凯泽智慧社区团寄快递_站点-凯泽智慧社区团寄快递,快递,2025-01-25 13:21:49,,2,,7.00,,2.81,43% - 0.2,1,1883022416890109952,极兔快递,JT0015162399339,生活用品,江苏省,
凯泽智慧社区团寄快递_站点-凯泽智慧社区团寄快递,快递,2025-01-25 12:37:48,,1,,6.00,,2.32,42% - 0.2,1,1883011338244268032,极兔快递,JT0015163493862,服饰,河北省,
凯泽智慧社区团寄快递_站点-凯泽智慧社区团寄快递,快递,2025-01-24 19:15:29,,3,,8.00,,3.40,45% - 0.2,1,1882749032356716544,极兔快递,JT0015161493306,生活用品,陕西省,
凯泽智慧社区团寄快递_站点-凯泽智慧社区团寄快递,快递,2025-01-24 18:56:59,,1,,6.00,,2.32,42% - 0.2,1,1882744380907134976,极兔快递,JT0015162085052,服饰,广东省,
凯泽智慧社区团寄快递_站点-凯泽智慧社区团寄快递,快递,2025-01-24 17:45:53,,1,,6.00,,2.32,42% - 0.2,1,1882726482683699200,极兔快递,JT0015159736271,文件,河南省,
凯泽智慧社区团寄快递_站点-凯泽智慧社区团寄快递,快递,2025-01-24 17:23:49,,1,,6.00,,2.32,42% - 0.2,1,1882720921456025600,极兔快递,JT0015159889949,服饰,浙江省,
凯泽智慧社区团寄快递_站点-凯泽智慧社区团寄快递,快递,2025-01-24 17:23:07,,1,,6.00,,2.32,42% - 0.2,1,1882720753834860544,极兔快递,JT0015156831031,服饰,广东省,
凯泽智慧社区团寄快递_站点-凯泽智慧社区团寄快递,快递,2025-01-24 17:18:49,,1,,6.00,,2.32,42% - 0.2,1,1882719673294069760,极兔快递,JT0015159746222,服饰,浙江省,
凯泽智慧社区团寄快递_站点-凯泽智慧社区团寄快递,快递,2025-01-24 16:36:38,,1,,6.00,,2.32,42% - 0.2,1,1882709057900716032,极兔快递,JT0015159375686,食品,重庆市,
凯泽智慧社区团寄快递_站点-凯泽智慧社区团寄快递,快递,2025-01-24 15:59:43,,1,,6.00,,2.32,42% - 0.2,1,1882699769241214976,极兔快递,JT0015159603105,服饰,浙江省,
凯泽智慧社区团寄快递_站点-凯泽智慧社区团寄快递,快递,2025-01-24 15:52:53,,1,,6.00,,2.32,42% - 0.2,1,1882698033357201408,极兔快递,JT0015159750585,服饰,江苏省,
凯泽智慧社区团寄快递_站点-凯泽智慧社区团寄快递,快递,2025-01-24 14:48:52,,1,,6.00,,2.32,42% - 0.2,1,1882681938298609664,极兔快递,JT0015156151913,服饰,浙江省,
凯泽智慧社区团寄快递_站点-凯泽智慧社区团寄快递,快递,2025-01-24 14:23:47,,1,,6.00,,2.32,42% - 0.2,1,1882675626395377664,极兔快递,JT0015157913036,服饰,广东省,
凯泽智慧社区团寄快递_站点-凯泽智慧社区团寄快递,快递,2025-01-24 14:22:30,,1,,6.00,,2.32,42% - 0.2,1,1882675296903438336,极兔快递,JT0015156868237,服饰,浙江省,
凯泽智慧社区团寄快递_站点-凯泽智慧社区团寄快递,快递,2025-01-24 14:13:56,,1,,6.00,,2.32,42% - 0.2,1,1882673146978705408,极兔快递,JT0015158072648,服饰,广东省,
凯泽智慧社区团寄快递_站点-凯泽智慧社区团寄快递,快递,2025-01-24 12:54:32,,1,,6.00,,2.32,42% - 0.2,1,1882653161308889088,极兔快递,JT0015149656991,服饰,福建省,
凯泽智慧社区团寄快递_站点-凯泽智慧社区团寄快递,快递,2025-01-24 11:57:56,,1,,6.00,,2.32,42% - 0.2,1,1882638918945677312,极兔快递,JT0015156604115,生活用品,陕西省,
凯泽智慧社区团寄快递_站点-凯泽智慧社区团寄快递,快递,2025-01-24 11:41:43,,1,,6.00,,2.32,42% - 0.2,1,1882634839808876544,极兔快递,JT0015157280066,服饰,福建省,
凯泽智慧社区团寄快递_站点-凯泽智慧社区团寄快递,快递,2025-01-24 11:28:33,,1,,6.00,,2.32,42% - 0.2,1,1882631523146211328,极兔快递,JT0015154386819,服饰,广东省,
凯泽智慧社区团寄快递_站点-凯泽智慧社区团寄快递,快递,2025-01-24 10:27:45,,1,,6.00,,2.32,42% - 0.2,1,1882616225638719488,极兔快递,JT0015155899312,服饰,浙江省,
凯泽智慧社区团寄快递_站点-凯泽智慧社区团寄快递,快递,2025-01-24 10:26:50,,4,,10.00,,3.80,40% - 0.2,1,1882615989134499840,极兔快递,JT0015155525973,食品,河南省,
凯泽智慧社区团寄快递_站点-凯泽智慧社区团寄快递,快递,2025-01-24 10:22:12,,2,,7.00,,2.81,43% - 0.2,1,1882614830067949568,极兔快递,JT0015153662902,服饰,广东省,
凯泽智慧社区团寄快递_站点-凯泽智慧社区团寄快递,快递,2025-01-24 10:20:16,,2,,7.00,,2.81,43% - 0.2,1,1882614341863546880,极兔快递,JT0015152990482,服饰,广东省,
凯泽智慧社区团寄快递_站点-凯泽智慧社区团寄快递,快递,2025-01-24 10:18:11,,2,,7.00,,2.81,43% - 0.2,1,1882613819735613440,极兔快递,JT0015155565161,服饰,广东省,
凯泽智慧社区团寄快递_站点-凯泽智慧社区团寄快递,快递,2025-01-24 10:14:23,,1,,6.00,,2.32,42% - 0.2,1,1882612829141671936,极兔快递,JT0015146570262,服饰,广东省,
凯泽智慧社区团寄快递_站点-凯泽智慧社区团寄快递,快递,2025-01-24 10:13:02,,1,,6.00,,2.32,42% - 0.2,1,1882612522085064704,极兔快递,JT0015153336169,服饰,广东省,
凯泽智慧社区团寄快递_站点-凯泽智慧社区团寄快递,快递,2025-01-24 10:10:34,,2,,7.00,,2.81,43% - 0.2,1,1882611898954096640,极兔快递,JT0015153299496,服饰,湖南省,
凯泽智慧社区团寄快递_站点-凯泽智慧社区团寄快递,快递,2025-01-24 09:45:14,,1,,6.00,,2.32,42% - 0.2,1,1882605520566951936,极兔快递,JT0015151860718,文件,陕西省,
凯泽智慧社区团寄快递_站点-凯泽智慧社区团寄快递,快递,2025-01-23 21:46:03,,1,,6.00,,2.32,42% - 0.2,1,1882424538039656448,极兔快递,JT0015154287758,生活用品,湖南省,
凯泽智慧社区团寄快递_站点-凯泽智慧社区团寄快递,快递,2025-01-23 20:23:21,,1,,6.00,,2.32,42% - 0.2,1,1882403721180422144,极兔快递,JT0015153718555,服饰,广东省,
凯泽智慧社区团寄快递_站点-凯泽智慧社区团寄快递,快递,2025-01-23 19:23:40,,1,,6.00,,2.32,42% - 0.2,1,1882388703328149504,极兔快递,JT0015153793520,服饰,浙江省,
凯泽智慧社区团寄快递_站点-凯泽智慧社区团寄快递,快递,2025-01-23 18:53:15,,1,,6.00,,2.32,42% - 0.2,1,1882381051147657216,极兔快递,JT0015151661431,服饰,广东省,
凯泽智慧社区团寄快递_站点-凯泽智慧社区团寄快递,快递,2025-01-23 18:51:16,,1,,6.00,,2.32,42% - 0.2,1,1882380550523920384,极兔快递,JT0015150927722,服饰,广东省,
凯泽智慧社区团寄快递_站点-凯泽智慧社区团寄快递,快递,2025-01-23 18:49:39,,1,,6.00,,2.32,42% - 0.2,1,1882380141826744320,极兔快递,JT0015147787481,服饰,广东省,
凯泽智慧社区团寄快递_站点-凯泽智慧社区团寄快递,快递,2025-01-23 18:09:40,,1,,6.00,,2.32,42% - 0.2,1,1882370077313277952,极兔快递,JT0015153638275,服饰,四川省,
凯泽智慧社区团寄快递_站点-凯泽智慧社区团寄快递,快递,2025-01-23 18:00:30,,1,,6.00,,2.32,42% - 0.2,1,1882367763928129536,极兔快递,JT0015152976828,生活用品,广东省,
凯泽智慧社区团寄快递_站点-凯泽智慧社区团寄快递,快递,2025-01-23 17:45:15,,1,,6.00,,2.32,42% - 0.2,1,1882363937112268800,极兔快递,JT0015152113995,服饰,浙江省,
凯泽智慧社区团寄快递_站点-凯泽智慧社区团寄快递,快递,2025-01-23 17:20:38,,1,,6.00,,2.32,42% - 0.2,1,1882357743039619072,极兔快递,JT0015150243814,服饰,广东省,
凯泽智慧社区团寄快递_站点-凯泽智慧社区团寄快递,快递,2025-01-23 16:35:09,,3,,8.00,,3.40,45% - 0.2,1,1882346291255910400,极兔快递,JT0015140156174,生活用品,浙江省,
凯泽智慧社区团寄快递_站点-凯泽智慧社区团寄快递,快递,2025-01-23 16:33:04,,1,,6.00,,2.32,42% - 0.2,1,1882345769799065600,极兔快递,JT0015151949661,生活用品,河北省,
凯泽智慧社区团寄快递_站点-凯泽智慧社区团寄快递,快递,2025-01-23 15:58:40,,1,,6.00,,2.32,42% - 0.2,1,1882337115389632512,极兔快递,JT0015150063902,服饰,湖南省,
凯泽智慧社区团寄快递_站点-凯泽智慧社区团寄快递,快递,2025-01-23 15:44:36,,1,,6.00,,2.32,42% - 0.2,1,1882333573270544384,极兔快递,JT0015150906087,服饰,广东省,
凯泽智慧社区团寄快递_站点-凯泽智慧社区团寄快递,快递,2025-01-23 15:22:35,,1,,6.00,,2.32,42% - 0.2,1,1882328035631636480,极兔快递,JT0015151413736,服饰,河北省,
凯泽智慧社区团寄快递_站点-凯泽智慧社区团寄快递,快递,2025-01-23 15:21:31,,1,,6.00,,2.32,42% - 0.2,1,1882327764012703744,极兔快递,JT0015151265503,服饰,广东省,
凯泽智慧社区团寄快递_站点-凯泽智慧社区团寄快递,快递,2025-01-23 15:07:26,,1.2,,7.00,,2.81,43% - 0.2,1,1882324220375277568,极兔快递,JT0015150884649,服饰,江苏省,
凯泽智慧社区团寄快递_站点-凯泽智慧社区团寄快递,快递,2025-01-23 14:44:35,,1,,6.00,,2.32,42% - 0.2,1,1882318470382952448,极兔快递,JT0015148469368,服饰,浙江省,
凯泽智慧社区团寄快递_站点-凯泽智慧社区团寄快递,快递,2025-01-23 14:42:33,,1,,6.00,,2.32,42% - 0.2,1,1882317955511164928,极兔快递,JT0015147964968,服饰,江西省,
凯泽智慧社区团寄快递_站点-凯泽智慧社区团寄快递,快递,2025-01-23 13:58:06,,3,,8.00,,3.40,45% - 0.2,1,1882306762461487104,极兔快递,JT0015147725087,生活用品,广东省,
凯泽智慧社区团寄快递_站点-凯泽智慧社区团寄快递,快递,2025-01-23 13:57:16,,3,,8.00,,3.40,45% - 0.2,1,1882306552159084544,极兔快递,JT0015149449427,生活用品,广东省,
凯泽智慧社区团寄快递_站点-凯泽智慧社区团寄快递,快递,2025-01-23 13:56:24,,3,,8.00,,3.40,45% - 0.2,1,1882306290795225088,极兔快递,JT0015144835921,生活用品,广东省,
凯泽智慧社区团寄快递_站点-凯泽智慧社区团寄快递,快递,2025-01-23 13:47:57,,1,,6.00,,2.32,42% - 0.2,1,1882304217315876864,极兔快递,JT0015149653716,服饰,广东省,
凯泽智慧社区团寄快递_站点-凯泽智慧社区团寄快递,快递,2025-01-23 11:06:46,2025-01-23 12:58:28,5,,12.50,,0.00,,1,1882263652025049088,极兔快递,JT0015145470479,食品,陕西省,已全额退款
凯泽智慧社区团寄快递_站点-凯泽智慧社区团寄快递,快递,2025-01-23 11:39:17,,1,,6.00,,2.32,42% - 0.2,1,1882271839394537472,极兔快递,JT0015142952520,服饰,广东省,
凯泽智慧社区团寄快递_站点-凯泽智慧社区团寄快递,快递,2025-01-23 11:24:08,,2,,7.00,,2.81,43% - 0.2,1,1882268024251424768,极兔快递,JT0015148338312,服饰,河北省,
凯泽智慧社区团寄快递_站点-凯泽智慧社区团寄快递,快递,2025-01-23 11:13:36,,1,,6.00,,2.32,42% - 0.2,1,1882265375984656384,极兔快递,JT0015148081112,服饰,广东省,
凯泽智慧社区团寄快递_站点-凯泽智慧社区团寄快递,快递,2025-01-23 11:11:49,,1,,6.00,,2.32,42% - 0.2,1,1882264929383555072,极兔快递,JT0015147486796,服饰,广东省,
凯泽智慧社区团寄快递_站点-凯泽智慧社区团寄快递,快递,2025-01-23 10:20:45,,1,,6.00,,2.32,42% - 0.2,1,1882252071555899392,极兔快递,JT0015146700841,服饰,江苏省,
凯泽智慧社区团寄快递_站点-凯泽智慧社区团寄快递,快递,2025-01-22 21:16:27,,1,,6.00,,2.32,42% - 0.2,1,1882054693446565888,极兔快递,JT0015144463542,服饰,浙江省,
凯泽智慧社区团寄快递_站点-凯泽智慧社区团寄快递,快递,2025-01-22 20:09:27,,2,,7.00,,2.81,43% - 0.2,1,1882037837927104512,极兔快递,JT0015140444383,生活用品,河北省,
凯泽智慧社区团寄快递_站点-凯泽智慧社区团寄快递,快递,2025-01-22 19:55:30,,1,,6.00,,2.32,42% - 0.2,1,1882034328536170496,极兔快递,JT0015143734145,服饰,福建省,
凯泽智慧社区团寄快递_站点-凯泽智慧社区团寄快递,快递,2025-01-22 19:30:41,,1,,6.00,,2.32,42% - 0.2,1,1882028081409769472,极兔快递,JT0015143939260,服饰,广东省,
凯泽智慧社区团寄快递_站点-凯泽智慧社区团寄快递,快递,2025-01-22 19:29:58,,2,,7.00,,2.81,43% - 0.2,1,1882027578718240768,极兔快递,JT0015142742637,服饰,浙江省,
凯泽智慧社区团寄快递_站点-凯泽智慧社区团寄快递,快递,2025-01-22 19:27:58,,1,,6.00,,2.32,42% - 0.2,1,1882027399407550464,极兔快递,JT0015134487084,生活用品,浙江省,
凯泽智慧社区团寄快递_站点-凯泽智慧社区团寄快递,快递,2025-01-22 19:18:31,,1,,6.00,,2.32,42% - 0.2,1,1882025020436070400,极兔快递,JT0015135081239,生活用品,甘肃省,
凯泽智慧社区团寄快递_站点-凯泽智慧社区团寄快递,快递,2025-01-22 18:44:05,,1,,6.00,,2.32,42% - 0.2,1,1882016356979523584,极兔快递,JT0015140409284,生活用品,山东省,
凯泽智慧社区团寄快递_站点-凯泽智慧社区团寄快递,快递,2025-01-22 18:43:09,,6,,15.00,,5.80,40% - 0.2,1,1882016121695846400,极兔快递,JT0015144079835,食品,陕西省,
凯泽智慧社区团寄快递_站点-凯泽智慧社区团寄快递,快递,2025-01-22 17:23:41,,1,,6.00,,2.32,42% - 0.2,1,1881996119634690048,极兔快递,JT0015142442707,服饰,广东省,
凯泽智慧社区团寄快递_站点-凯泽智慧社区团寄快递,快递,2025-01-22 17:11:54,,1,,6.00,,2.32,42% - 0.2,1,1881993149698359296,极兔快递,JT0015141135262,服饰,浙江省,
凯泽智慧社区团寄快递_站点-凯泽智慧社区团寄快递,快递,2025-01-22 17:11:15,,1,,6.00,,2.32,42% - 0.2,1,1881992992651034624,极兔快递,JT0015142762839,服饰,广东省,
凯泽智慧社区团寄快递_站点-凯泽智慧社区团寄快递,快递,2025-01-22 17:07:34,,1,,6.00,,2.32,42% - 0.2,1,1881992065793736704,极兔快递,JT0015142169244,生活用品,天津市,
凯泽智慧社区团寄快递_站点-凯泽智慧社区团寄快递,快递,2025-01-22 17:04:28,,1.2,,7.00,,2.81,43% - 0.2,1,1881991287632904192,极兔快递,JT0015143046002,服饰,浙江省,
凯泽智慧社区团寄快递_站点-凯泽智慧社区团寄快递,快递,2025-01-22 17:03:32,,1,,6.00,,2.32,42% - 0.2,1,1881991053401997312,极兔快递,JT0015143059616,服饰,浙江省,
凯泽智慧社区团寄快递_站点-凯泽智慧社区团寄快递,快递,2025-01-22 16:55:46,,1,,6.00,,2.32,42% - 0.2,1,1881989087905005568,极兔快递,JT0015134639657,服饰,山东省,
凯泽智慧社区团寄快递_站点-凯泽智慧社区团寄快递,快递,2025-01-22 16:54:57,,1,,6.00,,2.32,42% - 0.2,1,1881988891259256832,极兔快递,JT0015142142677,服饰,四川省,
凯泽智慧社区团寄快递_站点-凯泽智慧社区团寄快递,快递,2025-01-22 16:48:45,,1,,6.00,,2.32,42% - 0.2,1,1881987328335757312,极兔快递,JT0015142590864,生活用品,河南省,
凯泽智慧社区团寄快递_站点-凯泽智慧社区团寄快递,快递,2025-01-22 16:36:57,,3,,8.00,,3.40,45% - 0.2,1,1881984360928591872,极兔快递,JT0015139018729,食品,吉林省,
凯泽智慧社区团寄快递_站点-凯泽智慧社区团寄快递,快递,2025-01-22 16:08:48,,1,,6.00,,2.32,42% - 0.2,1,1881977276333899776,极兔快递,JT0015141267773,服饰,江苏省,
凯泽智慧社区团寄快递_站点-凯泽智慧社区团寄快递,快递,2025-01-22 15:40:09,,1,,6.00,,2.32,42% - 0.2,1,1881970065046061056,极兔快递,JT0015139657656,服饰,浙江省,
凯泽智慧社区团寄快递_站点-凯泽智慧社区团寄快递,快递,2025-01-22 13:46:22,,1,,6.00,,2.32,42% - 0.2,1,1881941435867807744,极兔快递,JT0015139187415,服饰,广东省,
凯泽智慧社区团寄快递_站点-凯泽智慧社区团寄快递,快递,2025-01-22 13:26:43,,2,,7.00,,2.81,43% - 0.2,1,1881936489005006848,极兔快递,JT0015120529496,服饰,河南省,
凯泽智慧社区团寄快递_站点-凯泽智慧社区团寄快递,快递,2025-01-22 13:18:27,,1,,6.00,,2.32,42% - 0.2,1,1881934401361494016,极兔快递,JT0015128233579,服饰,浙江省,
凯泽智慧社区团寄快递_站点-凯泽智慧社区团寄快递,快递,2025-01-22 12:50:02,,1,,6.00,,2.32,42% - 0.2,1,1881927255387357184,极兔快递,JT0015127561493,服饰,陕西省,
凯泽智慧社区团寄快递_站点-凯泽智慧社区团寄快递,快递,2025-01-22 12:11:28,,1,,6.00,,2.32,42% - 0.2,1,1881917526011363328,极兔快递,JT0015137164100,服饰,浙江省,
凯泽智慧社区团寄快递_站点-凯泽智慧社区团寄快递,快递,2025-01-22 12:05:08,,1,,6.00,,2.32,42% - 0.2,1,1881915936772800512,极兔快递,JT0015136697161,服饰,广东省,
凯泽智慧社区团寄快递_站点-凯泽智慧社区团寄快递,快递,2025-01-22 12:01:22,,2,,7.00,,2.81,43% - 0.2,1,1881915000834834432,极兔快递,JT0015135934571,服饰,吉林省,
凯泽智慧社区团寄快递_站点-凯泽智慧社区团寄快递,快递,2025-01-22 12:00:52,,2,,7.00,,2.81,43% - 0.2,1,1881914880949043200,极兔快递,JT0015135544110,服饰,吉林省,
凯泽智慧社区团寄快递_站点-凯泽智慧社区团寄快递,快递,2025-01-22 11:53:55,,1,,6.00,,2.32,42% - 0.2,1,1881913133614579712,极兔快递,JT0015135255268,服饰,江苏省,
凯泽智慧社区团寄快递_站点-凯泽智慧社区团寄快递,快递,2025-01-22 10:45:33,,7.5,,26.00,,0.00,0%,1,1881895930731249664,顺丰速运,SF3152711183412,生鲜类,陕西省,
凯泽智慧社区团寄快递_站点-凯泽智慧社区团寄快递,快递,2025-01-22 10:35:07,,1,,6.00,,2.32,42% - 0.2,1,1881893292967018496,极兔快递,JT0015128414674,服饰,广东省,
凯泽智慧社区团寄快递_站点-凯泽智慧社区团寄快递,快递,2025-01-22 10:33:54,,1,,6.00,,2.32,42% - 0.2,1,1881892997398609920,极兔快递,JT0015134374682,服饰,广东省,
凯泽智慧社区团寄快递_站点-凯泽智慧社区团寄快递,快递,2025-01-22 10:33:09,,3,,8.00,,3.40,45% - 0.2,1,1881892809149857792,极兔快递,JT0015134812066,生活用品,福建省,
凯泽智慧社区团寄快递_站点-凯泽智慧社区团寄快递,快递,2025-01-22 10:31:52,,3,,8.00,,3.40,45% - 0.2,1,1881892480857489408,极兔快递,JT0015131056847,服饰,福建省,
凯泽智慧社区团寄快递_站点-凯泽智慧社区团寄快递,快递,2025-01-22 10:13:53,,3,,8.00,,3.40,45% - 0.2,1,1881887954578522112,韵达快递,312622117847751,食品,内蒙古自治区,
凯泽智慧社区团寄快递_站点-凯泽智慧社区团寄快递,快递,2025-01-22 09:39:44,,1,,6.00,,2.32,42% - 0.2,1,1881650621131202560,极兔快递,JT0015132348785,服饰,河南省,
凯泽智慧社区团寄快递_站点-凯泽智慧社区团寄快递,快递,2025-01-22 09:36:02,,1,,6.00,,2.32,42% - 0.2,1,1881878436707508224,极兔快递,JT0015132453129,服饰,福建省,
凯泽智慧社区团寄快递_站点-凯泽智慧社区团寄快递,快递,2025-01-22 09:26:06,,1,,6.00,,2.32,42% - 0.2,1,1881875909723234304,极兔快递,JT0015133452375,服饰,江苏省,
凯泽智慧社区团寄快递_站点-凯泽智慧社区团寄快递,快递,2025-01-22 09:24:57,,1,,6.00,,2.32,42% - 0.2,1,1881875646715207680,极兔快递,JT0015116090258,服饰,广东省,
凯泽智慧社区团寄快递_站点-凯泽智慧社区团寄快递,快递,2025-01-22 09:23:30,,1,,6.00,,2.32,42% - 0.2,1,1881875281458438144,极兔快递,JT0015134667152,生活用品,宁夏回族自治区,
凯泽智慧社区团寄快递_站点-凯泽智慧社区团寄快递,快递,2025-01-22 09:22:21,,1,,6.00,,2.32,42% - 0.2,1,1881874992055656448,极兔快递,JT0015131606118,生活用品,宁夏回族自治区,
凯泽智慧社区团寄快递_站点-凯泽智慧社区团寄快递,快递,2025-01-22 09:20:55,,1,,6.00,,2.32,42% - 0.2,1,1881874626513674240,极兔快递,JT0015133887491,服饰,宁夏回族自治区,
凯泽智慧社区团寄快递_站点-凯泽智慧社区团寄快递,快递,2025-01-22 09:19:19,,1,,6.00,,2.32,42% - 0.2,1,1881874229468274688,极兔快递,JT0015134256656,服饰,宁夏回族自治区,
凯泽智慧社区团寄快递_站点-凯泽智慧社区团寄快递,快递,2025-01-21 21:12:32,,1,,6.00,,2.32,42% - 0.2,1,1881691327765880832,极兔快递,JT0015132498634,服饰,安徽省,
凯泽智慧社区团寄快递_站点-凯泽智慧社区团寄快递,快递,2025-01-21 21:08:34,,1,,6.00,,2.32,42% - 0.2,1,1881690330003873792,极兔快递,JT0015131844578,服饰,浙江省,
凯泽智慧社区团寄快递_站点-凯泽智慧社区团寄快递,快递,2025-01-21 20:56:50,,3,,8.00,,3.40,45% - 0.2,1,1881687374537891840,极兔快递,JT0015121246538,生活用品,陕西省,
凯泽智慧社区团寄快递_站点-凯泽智慧社区团寄快递,快递,2025-01-21 20:51:21,,1,,6.00,,2.32,42% - 0.2,1,1881685994637041664,极兔快递,JT0015132356644,服饰,浙江省,
凯泽智慧社区团寄快递_站点-凯泽智慧社区团寄快递,快递,2025-01-21 20:41:39,,1,,6.00,,2.32,42% - 0.2,1,1881683553329815552,极兔快递,JT0015130339577,服饰,福建省,
凯泽智慧社区团寄快递_站点-凯泽智慧社区团寄快递,快递,2025-01-21 20:37:59,,1,,6.00,,2.32,42% - 0.2,1,1881682631040114688,极兔快递,JT0015113280822,服饰,四川省,
凯泽智慧社区团寄快递_站点-凯泽智慧社区团寄快递,快递,2025-01-21 20:35:53,,2,,7.00,,2.81,43% - 0.2,1,1881682073914908672,极兔快递,JT0015127525145,生活用品,四川省,
凯泽智慧社区团寄快递_站点-凯泽智慧社区团寄快递,快递,2025-01-21 20:14:13,,3,,8.00,,3.40,45% - 0.2,1,1881676650570784768,极兔快递,JT0015132790490,生活用品,广东省,
凯泽智慧社区团寄快递_站点-凯泽智慧社区团寄快递,快递,2025-01-21 20:12:21,,2,,7.00,,2.81,43% - 0.2,1,1881676182742310912,极兔快递,JT0015131177258,服饰,江苏省,
凯泽智慧社区团寄快递_站点-凯泽智慧社区团寄快递,快递,2025-01-21 19:58:37,,1,,6.00,,2.32,42% - 0.2,1,1881672723666247680,极兔快递,JT0015127989365,服饰,广东省,
凯泽智慧社区团寄快递_站点-凯泽智慧社区团寄快递,快递,2025-01-21 19:47:29,,1.2,,7.00,,2.81,43% - 0.2,1,1881669915978178560,极兔快递,JT0015132005354,服饰,广东省,
凯泽智慧社区团寄快递_站点-凯泽智慧社区团寄快递,快递,2025-01-21 19:46:51,,1,,6.00,,2.32,42% - 0.2,1,1881669763792052224,极兔快递,JT0015132684207,服饰,江苏省,
凯泽智慧社区团寄快递_站点-凯泽智慧社区团寄快递,快递,2025-01-21 19:41:34,,1,,6.00,,2.32,42% - 0.2,1,1881668371010494464,极兔快递,JT0015132610532,服饰,广东省,
凯泽智慧社区团寄快递_站点-凯泽智慧社区团寄快递,快递,2025-01-21 19:39:19,,2,,7.00,,2.81,43% - 0.2,1,1881667869149437952,极兔快递,JT0015132049982,服饰,浙江省,
凯泽智慧社区团寄快递_站点-凯泽智慧社区团寄快递,快递,2025-01-21 19:00:19,,1,,6.00,,2.32,42% - 0.2,1,1881658053223981056,极兔快递,JT0015131740912,服饰,福建省,
凯泽智慧社区团寄快递_站点-凯泽智慧社区团寄快递,快递,2025-01-21 18:46:55,,1,,6.00,,2.32,42% - 0.2,1,1881654675555164160,极兔快递,JT0015130417371,服饰,江西省,
凯泽智慧社区团寄快递_站点-凯泽智慧社区团寄快递,快递,2025-01-21 18:45:58,,1,,6.00,,2.32,42% - 0.2,1,1881654443060699136,极兔快递,JT0015130328911,生活用品,山东省,
凯泽智慧社区团寄快递_站点-凯泽智慧社区团寄快递,快递,2025-01-21 18:27:39,,1,,6.00,,2.32,42% - 0.2,1,1881649831536697344,极兔快递,JT0015130004933,服饰,广东省,
凯泽智慧社区团寄快递_站点-凯泽智慧社区团寄快递,快递,2025-01-21 18:08:23,,6,,15.00,,5.80,40% - 0.2,1,1881644984934539264,极兔快递,JT0015128393335,食品,江西省,
凯泽智慧社区团寄快递_站点-凯泽智慧社区团寄快递,快递,2025-01-21 17:31:01,,1,,6.00,,2.32,42% - 0.2,1,1881635581296582656,极兔快递,JT0015129782992,生活用品,浙江省,
凯泽智慧社区团寄快递_站点-凯泽智慧社区团寄快递,快递,2025-01-21 17:23:30,,3,,8.00,,3.40,45% - 0.2,1,1881633690294624256,极兔快递,JT0015124450600,服饰,浙江省,
凯泽智慧社区团寄快递_站点-凯泽智慧社区团寄快递,快递,2025-01-21 17:00:18,,1,,6.00,,2.32,42% - 0.2,1,1881627830218596352,极兔快递,JT0015121853370,服饰,浙江省,
凯泽智慧社区团寄快递_站点-凯泽智慧社区团寄快递,快递,2025-01-21 16:59:21,,1,,6.00,,2.32,42% - 0.2,1,1881627614769782784,极兔快递,JT0015128084375,数码产品,广东省,
凯泽智慧社区团寄快递_站点-凯泽智慧社区团寄快递,快递,2025-01-21 16:46:38,,1,,6.00,,2.32,42% - 0.2,1,1881624413005881344,极兔快递,JT0015126113617,服饰,江苏省,
凯泽智慧社区团寄快递_站点-凯泽智慧社区团寄快递,快递,2025-01-21 16:41:15,,1,,6.00,,2.32,42% - 0.2,1,1881623057289388032,极兔快递,JT0015129963369,服饰,浙江省,
凯泽智慧社区团寄快递_站点-凯泽智慧社区团寄快递,快递,2025-01-21 16:37:56,,2,,7.00,,2.81,43% - 0.2,1,1881622189588553728,极兔快递,JT0015120749068,服饰,江苏省,
凯泽智慧社区团寄快递_站点-凯泽智慧社区团寄快递,快递,2025-01-21 16:28:05,,1,,6.00,,2.32,42% - 0.2,1,1881619742426079232,极兔快递,JT0015129184474,服饰,浙江省,
凯泽智慧社区团寄快递_站点-凯泽智慧社区团寄快递,快递,2025-01-21 16:16:56,,1,,6.00,,2.32,42% - 0.2,1,1881616938286391296,极兔快递,JT0015129688592,生活用品,浙江省,
凯泽智慧社区团寄快递_站点-凯泽智慧社区团寄快递,快递,2025-01-21 16:12:08,,1,,6.00,,2.32,42% - 0.2,1,1881615728774946816,极兔快递,JT0015114752922,生活用品,河北省,
凯泽智慧社区团寄快递_站点-凯泽智慧社区团寄快递,快递,2025-01-21 15:45:53,,1,,6.00,,2.32,42% - 0.2,1,1881609124071546880,极兔快递,JT0015128063474,食品,陕西省,
凯泽智慧社区团寄快递_站点-凯泽智慧社区团寄快递,快递,2025-01-21 15:34:20,,1,,6.00,,2.32,42% - 0.2,1,1881606214600302592,极兔快递,JT0015127981779,服饰,陕西省,
凯泽智慧社区团寄快递_站点-凯泽智慧社区团寄快递,快递,2025-01-21 15:15:44,,2,,7.00,,2.81,43% - 0.2,1,1881601533014646784,极兔快递,JT0015121749013,服饰,浙江省,
凯泽智慧社区团寄快递_站点-凯泽智慧社区团寄快递,快递,2025-01-21 15:06:44,,3,,8.00,,3.40,45% - 0.2,1,1881599271169105920,极兔快递,JT0015127865857,生活用品,湖南省,
凯泽智慧社区团寄快递_站点-凯泽智慧社区团寄快递,快递,2025-01-21 14:23:27,,1,,6.00,,2.32,42% - 0.2,1,1881588376674181120,极兔快递,JT0015126096596,服饰,江苏省,
凯泽智慧社区团寄快递_站点-凯泽智慧社区团寄快递,快递,2025-01-21 14:08:47,,1,,6.00,,2.32,42% - 0.2,1,1881584688446513152,极兔快递,JT0015126827262,食品,浙江省,
凯泽智慧社区团寄快递_站点-凯泽智慧社区团寄快递,快递,2025-01-21 14:03:24,,1,,6.00,,2.32,42% - 0.2,1,1881583331555614720,极兔快递,JT0015121196539,服饰,广东省,
凯泽智慧社区团寄快递_站点-凯泽智慧社区团寄快递,快递,2025-01-21 13:03:56,,1,,6.00,,2.32,42% - 0.2,1,1881568365192617984,极兔快递,JT0015124777135,生活用品,浙江省,
凯泽智慧社区团寄快递_站点-凯泽智慧社区团寄快递,快递,2025-01-21 12:36:27,,5,,12.50,,2.00,,,1881561441587896320,邮政快递,9466913100787,生鲜类,内蒙古自治区,
凯泽智慧社区团寄快递_站点-凯泽智慧社区团寄快递,快递,2025-01-21 12:19:45,,1,,6.00,,2.32,42% - 0.2,1,1881557247611052032,极兔快递,JT0015124405622,服饰,河北省,
凯泽智慧社区团寄快递_站点-凯泽智慧社区团寄快递,快递,2025-01-21 12:04:29,,1,,6.00,,2.32,42% - 0.2,1,1881553404072501248,极兔快递,JT0015121586878,服饰,江苏省,
凯泽智慧社区团寄快递_站点-凯泽智慧社区团寄快递,快递,2025-01-21 12:02:32,,1,,6.00,,2.32,42% - 0.2,1,1881552915608051712,极兔快递,JT0015121393046,服饰,江苏省,
凯泽智慧社区团寄快递_站点-凯泽智慧社区团寄快递,快递,2025-01-21 11:48:39,,2,,7.00,,2.81,43% - 0.2,1,1881549418955218944,极兔快递,JT0015122132332,服饰,浙江省,
凯泽智慧社区团寄快递_站点-凯泽智慧社区团寄快递,快递,2025-01-21 11:38:40,,7,,17.50,,6.80,40% - 0.2,1,1881546909473775616,极兔快递,JT0015120988883,生鲜类,黑龙江省,
凯泽智慧社区团寄快递_站点-凯泽智慧社区团寄快递,快递,2025-01-21 11:24:48,,1,,6.00,,2.32,42% - 0.2,1,1881543419842207744,极兔快递,JT0015120644475,服饰,广东省,
凯泽智慧社区团寄快递_站点-凯泽智慧社区团寄快递,快递,2025-01-21 10:04:31,,1,,6.00,,2.32,42% - 0.2,1,1881523202529370112,极兔快递,JT0015120238924,服饰,广西壮族自治区,
凯泽智慧社区团寄快递_站点-凯泽智慧社区团寄快递,快递,2025-01-21 09:17:53,,5.8,,42.00,,0.00,0%,1,1881511479185448960,顺丰速运,SF3149072406194,生鲜类,北京市,
凯泽智慧社区团寄快递_站点-凯泽智慧社区团寄快递,快递,2025-01-21 08:56:19,,1,,6.00,,2.32,42% - 0.2,1,1881506051328253952,极兔快递,JT0015113902914,服饰,江苏省,
凯泽智慧社区团寄快递_站点-凯泽智慧社区团寄快递,干洗,2025-01-20 22:16:29,,,,49.00,,14.70,30%,,1881345028453507072,干洗,,"清洗普通羽绒服2件不分长短49元   *   1
清洗普通羽绒服2件不分长短49元   *   1",,
凯泽智慧社区团寄快递_站点-凯泽智慧社区团寄快递,干洗,2025-01-20 21:56:46,,,,19.80,,5.94,30%,,1881340068370259968,干洗,,"清洗鞋19.8元两双   *   1
清洗鞋19.8元两双   *   1",,
凯泽智慧社区团寄快递_站点-凯泽智慧社区团寄快递,快递,2025-01-20 21:34:18,,1,,6.00,,2.32,42% - 0.2,1,1881334412170960896,极兔快递,JT0015115388084,生活用品,广东省,
凯泽智慧社区团寄快递_站点-凯泽智慧社区团寄快递,快递,2025-01-20 21:33:26,,1,,6.00,,2.32,42% - 0.2,1,1881334192053886976,极兔快递,JT0015112570156,生活用品,湖南省,
凯泽智慧社区团寄快递_站点-凯泽智慧社区团寄快递,快递,2025-01-20 21:32:52,,1,,6.00,,2.32,42% - 0.2,1,1881334054015148032,极兔快递,JT0015116407820,生活用品,广东省,
凯泽智慧社区团寄快递_站点-凯泽智慧社区团寄快递,快递,2025-01-20 21:16:24,,1,,6.00,,2.32,42% - 0.2,1,1881329910009241600,极兔快递,JT0015115912971,生鲜类,甘肃省,
凯泽智慧社区团寄快递_站点-凯泽智慧社区团寄快递,快递,2025-01-20 21:15:34,,6,,15.00,,5.80,40% - 0.2,1,1881329692874317824,极兔快递,JT0015116905488,生鲜类,浙江省,
凯泽智慧社区团寄快递_站点-凯泽智慧社区团寄快递,快递,2025-01-20 21:14:54,,6,,15.00,,5.80,40% - 0.2,1,1881329529460039680,极兔快递,JT0015118981730,生鲜类,浙江省,
凯泽智慧社区团寄快递_站点-凯泽智慧社区团寄快递,快递,2025-01-20 21:14:19,,6,,15.00,,5.80,40% - 0.2,1,1881329389181542400,极兔快递,JT0015115656357,生鲜类,浙江省,
凯泽智慧社区团寄快递_站点-凯泽智慧社区团寄快递,快递,2025-01-20 20:46:31,2025-01-20 21:11:53,3,,8.00,,0.00,,1,1881322387579543552,极兔快递,JT0015117231632,生鲜类,浙江省,已全额退款
凯泽智慧社区团寄快递_站点-凯泽智慧社区团寄快递,快递,2025-01-20 20:45:02,2025-01-20 21:11:48,3,,8.00,,0.00,,1,1881322017855840256,极兔快递,JT0015118248353,生鲜类,浙江省,已全额退款
凯泽智慧社区团寄快递_站点-凯泽智慧社区团寄快递,快递,2025-01-20 20:43:30,2025-01-20 21:11:43,3,,8.00,,0.00,,1,1881321632298639360,极兔快递,JT0015119005571,生鲜类,浙江省,已全额退款
凯泽智慧社区团寄快递_站点-凯泽智慧社区团寄快递,快递,2025-01-20 20:42:11,2025-01-20 21:11:37,3,,8.00,,0.00,,1,1881321301179310080,极兔快递,JT0015119039342,生鲜类,浙江省,已全额退款
凯泽智慧社区团寄快递_站点-凯泽智慧社区团寄快递,快递,2025-01-20 20:33:38,,1,,6.00,,2.32,42% - 0.2,1,1881319144740823040,极兔快递,JT0015115395638,服饰,江苏省,
凯泽智慧社区团寄快递_站点-凯泽智慧社区团寄快递,快递,2025-01-20 20:32:50,,1,,6.00,,2.32,42% - 0.2,1,1881318928465731584,极兔快递,JT0015117923693,服饰,广东省,
凯泽智慧社区团寄快递_站点-凯泽智慧社区团寄快递,快递,2025-01-20 20:31:17,,1,,6.00,,2.32,42% - 0.2,1,1881318555566940160,极兔快递,JT0015118019317,服饰,安徽省,
凯泽智慧社区团寄快递_站点-凯泽智慧社区团寄快递,快递,2025-01-20 20:30:08,,1,,6.00,,2.32,42% - 0.2,1,1881318269003702272,极兔快递,JT0015117851072,服饰,安徽省,
凯泽智慧社区团寄快递_站点-凯泽智慧社区团寄快递,快递,2025-01-20 19:56:40,,2,,7.00,,2.81,43% - 0.2,1,1881309845570396160,极兔快递,JT0015115933400,服饰,浙江省,
凯泽智慧社区团寄快递_站点-凯泽智慧社区团寄快递,快递,2025-01-20 19:26:07,,1,,6.00,,2.32,42% - 0.2,1,1881302151782408192,韵达快递,312620073018057,服饰,广东省,
凯泽智慧社区团寄快递_站点-凯泽智慧社区团寄快递,快递,2025-01-20 19:25:31,2025-01-20 19:25:47,1,,6.00,,0.00,,1,1881302006974062592,极兔快递,,服饰,广东省,已全额退款
凯泽智慧社区团寄快递_站点-凯泽智慧社区团寄快递,快递,2025-01-20 19:07:15,,1,,6.00,,2.32,42% - 0.2,1,1881297406695751680,极兔快递,JT0015117553612,生活用品,浙江省,
凯泽智慧社区团寄快递_站点-凯泽智慧社区团寄快递,快递,2025-01-20 18:47:31,,3,,8.00,,3.40,45% - 0.2,1,1881292446000136192,极兔快递,JT0015115342314,食品,重庆市,
凯泽智慧社区团寄快递_站点-凯泽智慧社区团寄快递,快递,2025-01-20 18:45:44,,3,,8.00,,3.40,45% - 0.2,1,1881291974942048256,极兔快递,JT0015117874593,服饰,江苏省,
凯泽智慧社区团寄快递_站点-凯泽智慧社区团寄快递,快递,2025-01-20 18:36:38,,1,,6.00,,2.32,42% - 0.2,1,1881289705978773504,极兔快递,JT0015116385482,服饰,广东省,
凯泽智慧社区团寄快递_站点-凯泽智慧社区团寄快递,快递,2025-01-20 18:29:10,,1,,6.00,,2.32,42% - 0.2,1,1881287826641174528,极兔快递,JT0015115300290,服饰,广东省,
凯泽智慧社区团寄快递_站点-凯泽智慧社区团寄快递,快递,2025-01-20 18:28:04,,1,,6.00,,2.32,42% - 0.2,1,1881287552576962560,极兔快递,JT0015115400450,生活用品,广东省,
凯泽智慧社区团寄快递_站点-凯泽智慧社区团寄快递,快递,2025-01-20 18:27:02,,2,,7.00,,2.81,43% - 0.2,1,1881287285974417408,极兔快递,JT0015111723973,服饰,广东省,
凯泽智慧社区团寄快递_站点-凯泽智慧社区团寄快递,快递,2025-01-20 18:09:23,,1,,6.00,,2.32,42% - 0.2,1,1881282847679365120,极兔快递,JT0015116024857,服饰,浙江省,
凯泽智慧社区团寄快递_站点-凯泽智慧社区团寄快递,快递,2025-01-20 17:32:15,,1,,6.00,,2.32,42% - 0.2,1,1881273500471574528,极兔快递,JT0015115904912,服饰,福建省,
凯泽智慧社区团寄快递_站点-凯泽智慧社区团寄快递,快递,2025-01-20 17:04:25,,2,,7.00,,2.81,43% - 0.2,1,1881266497477066752,极兔快递,JT0015112667968,生活用品,浙江省,
凯泽智慧社区团寄快递_站点-凯泽智慧社区团寄快递,快递,2025-01-20 12:38:52,2025-01-20 16:26:19,5.5,,68.00,,0.00,,1,1881199667047616512,顺丰速运,SF3155950653411,生鲜类,青海省,已全额退款
凯泽智慧社区团寄快递_站点-凯泽智慧社区团寄快递,快递,2025-01-20 15:52:30,,4.6,,73.00,,0.00,0%,1,1881248390549258240,顺丰速运,SF3152268763309,生鲜类,海南省,
凯泽智慧社区团寄快递_站点-凯泽智慧社区团寄快递,快递,2025-01-20 15:10:05,,1,,6.00,,2.32,42% - 0.2,1,1881237724136390656,极兔快递,JT0015107529963,服饰,广东省,
凯泽智慧社区团寄快递_站点-凯泽智慧社区团寄快递,快递,2025-01-20 15:08:28,,1,,6.00,,2.32,42% - 0.2,1,1881237315799924736,极兔快递,JT0015112914218,服饰,浙江省,
凯泽智慧社区团寄快递_站点-凯泽智慧社区团寄快递,快递,2025-01-20 15:07:13,,1,,6.00,,2.32,42% - 0.2,1,1881237002250534912,极兔快递,JT0015108402903,服饰,广东省,
凯泽智慧社区团寄快递_站点-凯泽智慧社区团寄快递,快递,2025-01-20 13:57:28,,2,,7.00,,2.81,43% - 0.2,1,1881219449184636928,极兔快递,JT0015109755130,服饰,浙江省,
凯泽智慧社区团寄快递_站点-凯泽智慧社区团寄快递,快递,2025-01-20 13:17:16,,1,,6.00,,2.32,42% - 0.2,1,1881209334180139008,极兔快递,JT0015110347170,服饰,辽宁省,
凯泽智慧社区团寄快递_站点-凯泽智慧社区团寄快递,快递,2025-01-20 13:05:35,,1,,6.00,,2.32,42% - 0.2,1,1881206391510978560,极兔快递,JT0015103803531,生活用品,广东省,
凯泽智慧社区团寄快递_站点-凯泽智慧社区团寄快递,快递,2025-01-20 12:57:42,,1,,6.00,,2.32,42% - 0.2,1,1881204402383278080,极兔快递,JT0015102885854,服饰,河北省,
凯泽智慧社区团寄快递_站点-凯泽智慧社区团寄快递,快递,2025-01-20 12:56:54,,1,,6.00,,2.32,42% - 0.2,1,1881204208488992768,极兔快递,JT0015106596880,生鲜类,陕西省,
凯泽智慧社区团寄快递_站点-凯泽智慧社区团寄快递,快递,2025-01-20 12:55:42,,1,,13.00,,0.00,0%,1,1881203906981449728,顺丰速运,SF3159358213465,数码产品,陕西省,
凯泽智慧社区团寄快递_站点-凯泽智慧社区团寄快递,快递,2025-01-20 12:53:48,,2,,7.00,,2.81,43% - 0.2,1,1881203421247492096,极兔快递,JT0015109022698,生鲜类,陕西省,
凯泽智慧社区团寄快递_站点-凯泽智慧社区团寄快递,快递,2025-01-20 12:53:13,,2,,7.00,,2.81,43% - 0.2,1,1881203282692853760,极兔快递,JT0015108844045,生鲜类,陕西省,
凯泽智慧社区团寄快递_站点-凯泽智慧社区团寄快递,快递,2025-01-20 12:52:26,,6,,15.00,,5.80,40% - 0.2,1,1881203080825196544,极兔快递,JT0015107106868,生鲜类,陕西省,
凯泽智慧社区团寄快递_站点-凯泽智慧社区团寄快递,快递,2025-01-20 12:51:11,,5,,12.50,,4.80,40% - 0.2,1,1881202770983571456,极兔快递,JT0015106855151,生鲜类,陕西省,
凯泽智慧社区团寄快递_站点-凯泽智慧社区团寄快递,快递,2025-01-20 12:37:30,,5.5,,41.00,,0.00,0%,1,1881199316848398336,顺丰速运,SF3152151753462,生鲜类,青海省,
凯泽智慧社区团寄快递_站点-凯泽智慧社区团寄快递,快递,2025-01-20 12:05:38,,1,,6.00,,2.32,42% - 0.2,1,1881191308441473024,极兔快递,JT0015107080496,生活用品,浙江省,
凯泽智慧社区团寄快递_站点-凯泽智慧社区团寄快递,快递,2025-01-20 12:00:39,,1,,6.00,,2.32,42% - 0.2,1,1881190051177877504,极兔快递,JT0015099815345,生活用品,广东省,
凯泽智慧社区团寄快递_站点-凯泽智慧社区团寄快递,快递,2025-01-20 11:14:35,,2,,15.00,,0.00,0%,1,1881178456192241664,顺丰速运,SF3157950193713,食品,陕西省,
凯泽智慧社区团寄快递_站点-凯泽智慧社区团寄快递,快递,2025-01-20 10:04:13,,1,,6.00,,2.32,42% - 0.2,1,1881160748553785344,极兔快递,JT0015097213709,服饰,浙江省,
凯泽智慧社区团寄快递_站点-凯泽智慧社区团寄快递,快递,2025-01-20 09:37:00,,1,,6.00,,2.32,42% - 0.2,1,1881153902229114880,极兔快递,JT0015106044643,服饰,广东省,
凯泽智慧社区团寄快递_站点-凯泽智慧社区团寄快递,快递,2025-01-19 22:43:31,,1,,6.00,,2.32,42% - 0.2,1,1880989449093173248,极兔快递,JT0015098977332,生活用品,广东省,
凯泽智慧社区团寄快递_站点-凯泽智慧社区团寄快递,快递,2025-01-19 22:36:06,,1,,6.00,,2.32,42% - 0.2,1,1880987579964510208,极兔快递,JT0015100992130,服饰,浙江省,
凯泽智慧社区团寄快递_站点-凯泽智慧社区团寄快递,快递,2025-01-19 21:55:12,,1,,6.00,,2.32,42% - 0.2,1,1880977282809778176,极兔快递,JT0015098273422,服饰,浙江省,
凯泽智慧社区团寄快递_站点-凯泽智慧社区团寄快递,快递,2025-01-19 21:54:22,,1,,6.00,,2.32,42% - 0.2,1,1880977077557317632,极兔快递,JT0015098780810,服饰,广东省,
凯泽智慧社区团寄快递_站点-凯泽智慧社区团寄快递,快递,2025-01-19 21:52:41,,1,,6.00,,2.32,42% - 0.2,1,1880976649063026688,极兔快递,JT0015101200602,服饰,广东省,
凯泽智慧社区团寄快递_站点-凯泽智慧社区团寄快递,快递,2025-01-19 21:18:39,,1,,6.00,,2.32,42% - 0.2,1,1880968090212421632,极兔快递,JT0015102858358,生活用品,浙江省,
凯泽智慧社区团寄快递_站点-凯泽智慧社区团寄快递,快递,2025-01-19 20:57:29,,1,,6.00,,2.32,42% - 0.2,1,1880962764847239168,极兔快递,JT0015100408107,服饰,浙江省,
凯泽智慧社区团寄快递_站点-凯泽智慧社区团寄快递,快递,2025-01-19 20:12:05,,1,,6.00,,2.32,42% - 0.2,1,1880951314133078016,极兔快递,JT0015102495365,生活用品,浙江省,
凯泽智慧社区团寄快递_站点-凯泽智慧社区团寄快递,快递,2025-01-19 20:11:31,,1,,6.00,,2.32,42% - 0.2,1,1880951198160572416,极兔快递,JT0015099072808,生活用品,浙江省,
凯泽智慧社区团寄快递_站点-凯泽智慧社区团寄快递,干洗,2025-01-19 19:41:08,,,,24.50,,7.35,30%,,1880943546382733312,干洗,,"清洗普通羽绒服2件不分长短49元   *   1",,
凯泽智慧社区团寄快递_站点-凯泽智慧社区团寄快递,快递,2025-01-19 19:25:07,,1,,6.00,,2.32,42% - 0.2,1,1880939517338505216,极兔快递,JT0015103062092,生活用品,湖南省,
凯泽智慧社区团寄快递_站点-凯泽智慧社区团寄快递,快递,2025-01-19 19:23:02,,1,,6.00,,2.32,42% - 0.2,1,1880938996103958528,极兔快递,JT0015102731471,生活用品,安徽省,
凯泽智慧社区团寄快递_站点-凯泽智慧社区团寄快递,快递,2025-01-19 19:21:41,,1,,6.00,,2.32,42% - 0.2,1,1880938654696001536,极兔快递,JT0015097361138,生活用品,江苏省,
凯泽智慧社区团寄快递_站点-凯泽智慧社区团寄快递,快递,2025-01-19 19:20:37,,1,,6.00,,2.32,42% - 0.2,1,1880938384578629632,极兔快递,JT0015102358570,生活用品,安徽省,
凯泽智慧社区团寄快递_站点-凯泽智慧社区团寄快递,快递,2025-01-19 18:46:49,,3,,8.00,,3.40,45% - 0.2,1,1880929877229883392,极兔快递,JT0015101279400,食品,江西省,
凯泽智慧社区团寄快递_站点-凯泽智慧社区团寄快递,快递,2025-01-19 17:41:19,,1,,6.00,,2.32,42% - 0.2,1,1880913395099947008,极兔快递,JT0015099097255,服饰,河北省,
凯泽智慧社区团寄快递_站点-凯泽智慧社区团寄快递,快递,2025-01-19 17:32:09,,1,,6.00,,2.32,42% - 0.2,1,1880911080091602944,极兔快递,JT0015089359723,服饰,广东省,
凯泽智慧社区团寄快递_站点-凯泽智慧社区团寄快递,快递,2025-01-19 17:31:21,,1,,6.00,,2.32,42% - 0.2,1,1880910880186880000,极兔快递,JT0015100085952,服饰,浙江省,
凯泽智慧社区团寄快递_站点-凯泽智慧社区团寄快递,快递,2025-01-19 17:27:33,,2,,7.00,,2.81,43% - 0.2,1,1880909927027101696,极兔快递,JT0015100515683,服饰,江西省,
凯泽智慧社区团寄快递_站点-凯泽智慧社区团寄快递,快递,2025-01-19 17:20:07,,2,,7.00,,2.81,43% - 0.2,1,1880908057676140544,极兔快递,JT0015099961548,生活用品,陕西省,
凯泽智慧社区团寄快递_站点-凯泽智慧社区团寄快递,快递,2025-01-19 16:57:55,,3,,8.00,,3.40,45% - 0.2,1,1880902469902716928,极兔快递,JT0015097950682,服饰,广东省,
凯泽智慧社区团寄快递_站点-凯泽智慧社区团寄快递,快递,2025-01-19 15:36:11,,5,,12.50,,4.80,40% - 0.2,1,1880881900624859136,极兔快递,JT0015097077803,生鲜类,陕西省,
凯泽智慧社区团寄快递_站点-凯泽智慧社区团寄快递,快递,2025-01-19 15:31:05,,1.2,,7.00,,2.81,43% - 0.2,1,1880880618824585216,极兔快递,JT0015094989769,服饰,浙江省,
凯泽智慧社区团寄快递_站点-凯泽智慧社区团寄快递,快递,2025-01-19 14:11:25,,1,,6.00,,2.32,42% - 0.2,1,1880860565198655488,极兔快递,JT0015084198431,服饰,广东省,
凯泽智慧社区团寄快递_站点-凯泽智慧社区团寄快递,快递,2025-01-19 14:10:45,,1,,6.00,,2.32,42% - 0.2,1,1880860399871774720,极兔快递,JT0015095430368,服饰,广东省,
凯泽智慧社区团寄快递_站点-凯泽智慧社区团寄快递,快递,2025-01-19 14:09:45,,1,,6.00,,2.32,42% - 0.2,1,1880860156379844608,极兔快递,JT0015095833533,服饰,广东省,
凯泽智慧社区团寄快递_站点-凯泽智慧社区团寄快递,快递,2025-01-19 13:30:52,,1,,6.00,,2.32,42% - 0.2,1,1880850358124990464,极兔快递,JT0015094826578,服饰,河南省,
凯泽智慧社区团寄快递_站点-凯泽智慧社区团寄快递,快递,2025-01-19 13:30:07,,1,,6.00,,2.32,42% - 0.2,1,1880850182601756672,极兔快递,JT0015095695323,服饰,广东省,
凯泽智慧社区团寄快递_站点-凯泽智慧社区团寄快递,快递,2025-01-19 13:28:18,,1,,6.00,,2.32,42% - 0.2,1,1880849720418816000,极兔快递,JT0015092717922,服饰,四川省,
凯泽智慧社区团寄快递_站点-凯泽智慧社区团寄快递,干洗,2025-01-19 12:45:33,,,,9.90,,2.97,30%,,1880838963874549760,干洗,,"清洗鞋19.8元两双   *   1",,
凯泽智慧社区团寄快递_站点-凯泽智慧社区团寄快递,快递,2025-01-19 12:41:00,,1,,6.00,,2.32,42% - 0.2,1,1880837820746354688,极兔快递,JT0015094880436,服饰,江苏省,
凯泽智慧社区团寄快递_站点-凯泽智慧社区团寄快递,快递,2025-01-19 12:39:47,,1,,6.00,,2.32,42% - 0.2,1,1880837516306993152,极兔快递,JT0015090300722,服饰,江西省,
凯泽智慧社区团寄快递_站点-凯泽智慧社区团寄快递,快递,2025-01-19 12:38:37,,1,,6.00,,2.32,42% - 0.2,1,1880837218993754112,极兔快递,JT0015093247092,服饰,河南省,
凯泽智慧社区团寄快递_站点-凯泽智慧社区团寄快递,快递,2025-01-19 12:36:04,,2,,7.00,,2.81,43% - 0.2,1,1880836579039432704,极兔快递,JT0015090534735,服饰,浙江省,
凯泽智慧社区团寄快递_站点-凯泽智慧社区团寄快递,快递,2025-01-19 12:16:58,,2,,7.00,,2.81,43% - 0.2,1,1880831769942740992,极兔快递,JT0015093712166,服饰,河南省,
凯泽智慧社区团寄快递_站点-凯泽智慧社区团寄快递,快递,2025-01-19 12:14:01,,1,,6.00,,2.32,42% - 0.2,1,1880831019787276288,极兔快递,JT0015091455143,服饰,河北省,
凯泽智慧社区团寄快递_站点-凯泽智慧社区团寄快递,快递,2025-01-19 12:13:34,,1,,6.00,,2.32,42% - 0.2,1,1880830918528389120,极兔快递,JT0015091588219,服饰,河北省,
凯泽智慧社区团寄快递_站点-凯泽智慧社区团寄快递,快递,2025-01-19 12:12:18,,1,,6.00,,2.32,42% - 0.2,1,1880830596670083072,极兔快递,JT0015090792369,服饰,广东省,
凯泽智慧社区团寄快递_站点-凯泽智慧社区团寄快递,快递,2025-01-19 12:10:58,,1,,6.00,,2.32,42% - 0.2,1,1880830261297729536,极兔快递,JT0015093083958,服饰,广东省,
凯泽智慧社区团寄快递_站点-凯泽智慧社区团寄快递,快递,2025-01-19 12:02:53,,1,,6.00,,2.32,42% - 0.2,1,1880828217480499200,极兔快递,JT0015092918257,服饰,贵州省,
凯泽智慧社区团寄快递_站点-凯泽智慧社区团寄快递,快递,2025-01-19 11:42:49,,9,,29.00,,0.00,0%,1,1880823174660411392,顺丰速运,SF3155741596215,生鲜类,陕西省,
凯泽智慧社区团寄快递_站点-凯泽智慧社区团寄快递,快递,2025-01-19 11:35:54,,8,,25.00,,0.00,0%,1,1880818911561437184,顺丰速运,SF3141295866507,生鲜类,陕西省,
凯泽智慧社区团寄快递_站点-凯泽智慧社区团寄快递,快递,2025-01-19 11:27:40,,1,,6.00,,2.32,42% - 0.2,1,1880819365934583808,极兔快递,JT0015087000675,服饰,湖南省,
凯泽智慧社区团寄快递_站点-凯泽智慧社区团寄快递,快递,2025-01-19 11:15:05,,7,,17.50,,6.80,40% - 0.2,1,1880816199008571392,极兔快递,JT0015090858613,生鲜类,陕西省,
凯泽智慧社区团寄快递_站点-凯泽智慧社区团寄快递,快递,2025-01-19 11:08:36,,1,,6.00,,2.32,42% - 0.2,1,1880814564765126656,极兔快递,JT0015092431006,服饰,陕西省,
凯泽智慧社区团寄快递_站点-凯泽智慧社区团寄快递,快递,2025-01-19 11:06:45,,1.2,,7.00,,2.81,43% - 0.2,1,1880814067744296960,极兔快递,JT0015087623184,服饰,浙江省,
凯泽智慧社区团寄快递_站点-凯泽智慧社区团寄快递,快递,2025-01-19 11:05:15,,1.1,,7.00,,2.81,43% - 0.2,1,1880813724738310144,极兔快递,JT0015080643075,服饰,山东省,
凯泽智慧社区团寄快递_站点-凯泽智慧社区团寄快递,快递,2025-01-19 10:36:04,,1,,6.00,,2.32,42% - 0.2,1,1880806380314873856,极兔快递,JT0015090328304,服饰,浙江省,
凯泽智慧社区团寄快递_站点-凯泽智慧社区团寄快递,快递,2025-01-19 10:29:36,,1,,6.00,,2.32,42% - 0.2,1,1880804754409705472,极兔快递,JT0015089186143,生活用品,安徽省,
凯泽智慧社区团寄快递_站点-凯泽智慧社区团寄快递,快递,2025-01-19 10:27:48,,1,,6.00,,2.32,42% - 0.2,1,1880804292189016064,极兔快递,JT0015088919162,服饰,福建省,
凯泽智慧社区团寄快递_站点-凯泽智慧社区团寄快递,快递,2025-01-19 10:26:46,,1,,6.00,,2.32,42% - 0.2,1,1880804038140022784,极兔快递,JT0015079476594,服饰,广西壮族自治区,
凯泽智慧社区团寄快递_站点-凯泽智慧社区团寄快递,快递,2025-01-19 10:25:23,,1,,6.00,,2.32,42% - 0.2,1,1880803688955826176,极兔快递,JT0015091699513,服饰,浙江省,
凯泽智慧社区团寄快递_站点-凯泽智慧社区团寄快递,快递,2025-01-19 10:03:37,,2,,7.00,,2.81,43% - 0.2,1,1880798211157053440,极兔快递,JT0015091194224,服饰,浙江省,
凯泽智慧社区团寄快递_站点-凯泽智慧社区团寄快递,快递,2025-01-19 09:39:21,,1,,6.00,,2.32,42% - 0.2,1,1880792101855481856,极兔快递,JT0015078180466,服饰,河南省,
凯泽智慧社区团寄快递_站点-凯泽智慧社区团寄快递,快递,2025-01-18 21:37:39,,1,,6.00,,2.32,42% - 0.2,1,1880610484285394944,极兔快递,JT0015085273211,服饰,辽宁省,
凯泽智慧社区团寄快递_站点-凯泽智慧社区团寄快递,快递,2025-01-18 21:35:18,,1,,6.00,,2.32,42% - 0.2,1,1880609856993677312,极兔快递,JT0015077557445,服饰,广东省,
凯泽智慧社区团寄快递_站点-凯泽智慧社区团寄快递,快递,2025-01-18 21:25:41,,1,,6.00,,2.32,42% - 0.2,1,1880607471470694400,极兔快递,JT0015087940025,服饰,浙江省,
凯泽智慧社区团寄快递_站点-凯泽智慧社区团寄快递,快递,2025-01-18 21:24:57,,2,,7.00,,2.81,43% - 0.2,1,1880607289656004608,极兔快递,JT0015088521337,服饰,广东省,
凯泽智慧社区团寄快递_站点-凯泽智慧社区团寄快递,快递,2025-01-18 21:22:27,,2,,7.00,,2.81,43% - 0.2,1,1880606655888281600,极兔快递,JT0015080834221,服饰,广东省,
凯泽智慧社区团寄快递_站点-凯泽智慧社区团寄快递,快递,2025-01-18 19:40:12,,1,,6.00,,2.32,42% - 0.2,1,1880580928035934208,极兔快递,JT0015087288189,服饰,浙江省,
凯泽智慧社区团寄快递_站点-凯泽智慧社区团寄快递,快递,2025-01-18 19:36:00,,1,,6.00,,2.32,42% - 0.2,1,1880579868953202688,极兔快递,JT0015074799240,食品,陕西省,
凯泽智慧社区团寄快递_站点-凯泽智慧社区团寄快递,快递,2025-01-18 19:33:22,,2,,7.00,,2.81,43% - 0.2,1,1880579201790431232,极兔快递,JT0015084475078,食品,黑龙江省,
凯泽智慧社区团寄快递_站点-凯泽智慧社区团寄快递,快递,2025-01-18 18:53:03,,1,,6.00,,2.32,42% - 0.2,1,1880569058612793344,极兔快递,JT0015088068456,服饰,广东省,
凯泽智慧社区团寄快递_站点-凯泽智慧社区团寄快递,快递,2025-01-18 18:34:38,,1,,6.00,,2.32,42% - 0.2,1,1880564425836253184,极兔快递,JT0015083880031,服饰,浙江省,
凯泽智慧社区团寄快递_站点-凯泽智慧社区团寄快递,快递,2025-01-18 18:06:30,,5.5,,41.00,,0.00,0%,1,1880557343384850432,顺丰速运,SF3152121496721,食品,重庆市,
凯泽智慧社区团寄快递_站点-凯泽智慧社区团寄快递,快递,2025-01-18 17:59:11,,2,,7.00,,2.81,43% - 0.2,1,1880555503410794496,极兔快递,JT0015066227651,服饰,浙江省,
凯泽智慧社区团寄快递_站点-凯泽智慧社区团寄快递,快递,2025-01-18 17:54:23,,1,,6.00,,2.32,42% - 0.2,1,1880554283057074176,极兔快递,JT0015086326334,生活用品,浙江省,
凯泽智慧社区团寄快递_站点-凯泽智慧社区团寄快递,快递,2025-01-18 17:36:19,,6,,23.00,,0.00,0%,1,1880549664675385344,顺丰速运,SF3158627566709,食品,陕西省,
凯泽智慧社区团寄快递_站点-凯泽智慧社区团寄快递,快递,2025-01-18 17:35:27,,6,,23.00,,0.00,0%,1,1880549522958241792,顺丰速运,SF3148892809391,食品,陕西省,
凯泽智慧社区团寄快递_站点-凯泽智慧社区团寄快递,快递,2025-01-18 17:34:50,,6,,23.00,,0.00,0%,1,1880549366657503232,顺丰速运,SF3142392579366,食品,陕西省,
凯泽智慧社区团寄快递_站点-凯泽智慧社区团寄快递,快递,2025-01-18 17:34:03,,6,,23.00,,0.00,0%,1,1880549179952254976,顺丰速运,SF3151421656703,食品,陕西省,
凯泽智慧社区团寄快递_站点-凯泽智慧社区团寄快递,快递,2025-01-18 17:20:29,,1,,6.00,,2.32,42% - 0.2,1,1880545765440671744,极兔快递,JT0015085885342,服饰,河北省,
凯泽智慧社区团寄快递_站点-凯泽智慧社区团寄快递,快递,2025-01-18 17:16:52,,3,,8.00,,3.40,45% - 0.2,1,1880544855972958208,极兔快递,JT0015085315845,生活用品,湖北省,
凯泽智慧社区团寄快递_站点-凯泽智慧社区团寄快递,快递,2025-01-18 17:11:31,,1,,6.00,,2.32,42% - 0.2,1,1880543508506660864,极兔快递,JT0015086128478,生活用品,广东省,
凯泽智慧社区团寄快递_站点-凯泽智慧社区团寄快递,快递,2025-01-18 17:07:13,,1,,6.00,,2.32,42% - 0.2,1,1880542426833408000,极兔快递,JT0015084488632,生活用品,江苏省,
凯泽智慧社区团寄快递_站点-凯泽智慧社区团寄快递,快递,2025-01-18 17:05:28,,1,,6.00,,2.32,42% - 0.2,1,1880541981591261184,极兔快递,JT0015086098993,生活用品,安徽省,
凯泽智慧社区团寄快递_站点-凯泽智慧社区团寄快递,快递,2025-01-18 16:56:46,,11,,27.50,,10.80,40% - 0.2,1,1880539793519333376,极兔快递,JT0015083001868,食品,甘肃省,
凯泽智慧社区团寄快递_站点-凯泽智慧社区团寄快递,快递,2025-01-18 16:21:24,,1,,6.00,,2.32,42% - 0.2,1,1880530896104509440,极兔快递,JT0015083525138,生活用品,河北省,
凯泽智慧社区团寄快递_站点-凯泽智慧社区团寄快递,快递,2025-01-18 16:00:14,,1,,6.00,,2.32,42% - 0.2,1,1880525570290536448,极兔快递,JT0015081829836,服饰,广东省,
凯泽智慧社区团寄快递_站点-凯泽智慧社区团寄快递,快递,2025-01-18 15:55:50,,1,,6.00,,2.32,42% - 0.2,1,1880524435198627840,极兔快递,JT0015083233101,服饰,浙江省,
凯泽智慧社区团寄快递_站点-凯泽智慧社区团寄快递,快递,2025-01-18 15:54:58,,1,,6.00,,2.32,42% - 0.2,1,1880524243892228096,极兔快递,JT0015084138129,服饰,广东省,
凯泽智慧社区团寄快递_站点-凯泽智慧社区团寄快递,快递,2025-01-18 15:44:50,,1,,6.00,,2.32,42% - 0.2,1,1880521691633078272,极兔快递,JT0015079810728,服饰,浙江省,
凯泽智慧社区团寄快递_站点-凯泽智慧社区团寄快递,快递,2025-01-18 15:33:21,,1,,6.00,,2.32,42% - 0.2,1,1880518801619210240,极兔快递,JT0015079209752,服饰,浙江省,
凯泽智慧社区团寄快递_站点-凯泽智慧社区团寄快递,快递,2025-01-18 15:24:17,,1,,6.00,,2.32,42% - 0.2,1,1880516520899301376,极兔快递,JT0015072508694,服饰,广东省,
凯泽智慧社区团寄快递_站点-凯泽智慧社区团寄快递,快递,2025-01-18 15:22:00,,1,,6.00,,2.32,42% - 0.2,1,1880515948552966144,极兔快递,JT0015082556657,服饰,广东省,
凯泽智慧社区团寄快递_站点-凯泽智慧社区团寄快递,快递,2025-01-18 15:20:25,,1,,6.00,,2.32,42% - 0.2,1,1880515545769758720,极兔快递,JT0015082438421,服饰,福建省,
凯泽智慧社区团寄快递_站点-凯泽智慧社区团寄快递,快递,2025-01-18 15:19:11,,1,,6.00,,2.32,42% - 0.2,1,1880515236045574144,极兔快递,JT0015079186465,服饰,江苏省,
凯泽智慧社区团寄快递_站点-凯泽智慧社区团寄快递,快递,2025-01-18 15:12:33,,1,,6.00,,2.32,42% - 0.2,1,1880513568373526528,极兔快递,JT0015082889465,服饰,广东省,
凯泽智慧社区团寄快递_站点-凯泽智慧社区团寄快递,快递,2025-01-18 14:25:40,,1,,6.00,,2.32,42% - 0.2,1,1880501770945613824,极兔快递,JT0015081215363,服饰,湖北省,
凯泽智慧社区团寄快递_站点-凯泽智慧社区团寄快递,快递,2025-01-18 14:24:56,,3,,8.00,,3.40,45% - 0.2,1,1880501575415549952,极兔快递,JT0015081869380,服饰,江苏省,
凯泽智慧社区团寄快递_站点-凯泽智慧社区团寄快递,快递,2025-01-18 14:24:00,,3,,8.00,,3.40,45% - 0.2,1,1880501347434156032,极兔快递,JT0015081796198,服饰,山东省,
凯泽智慧社区团寄快递_站点-凯泽智慧社区团寄快递,快递,2025-01-18 13:31:55,,1,,6.00,,2.32,42% - 0.2,1,1880488246630469632,极兔快递,JT0015079312298,服饰,广东省,
凯泽智慧社区团寄快递_站点-凯泽智慧社区团寄快递,快递,2025-01-18 13:29:01,,1,,6.00,,2.32,42% - 0.2,1,1880487515189989376,极兔快递,JT0015080828948,食品,宁夏回族自治区,
凯泽智慧社区团寄快递_站点-凯泽智慧社区团寄快递,快递,2025-01-18 12:47:47,,1,,6.00,,2.32,42% - 0.2,1,1880477138284761088,极兔快递,JT0015077233373,服饰,广东省,
凯泽智慧社区团寄快递_站点-凯泽智慧社区团寄快递,快递,2025-01-18 12:45:33,,1,,6.00,,2.32,42% - 0.2,1,1880476562880778240,极兔快递,JT0015079311277,服饰,浙江省,
凯泽智慧社区团寄快递_站点-凯泽智慧社区团寄快递,快递,2025-01-18 12:13:20,,1,,6.00,,2.32,42% - 0.2,1,1880468468943605760,极兔快递,JT0015073820091,服饰,广东省,
凯泽智慧社区团寄快递_站点-凯泽智慧社区团寄快递,快递,2025-01-18 10:55:49,,1,,6.00,,2.32,42% - 0.2,1,1880448960476532736,极兔快递,JT0015077073429,生活用品,江苏省,
凯泽智慧社区团寄快递_站点-凯泽智慧社区团寄快递,快递,2025-01-18 10:40:08,,1,,6.00,,2.32,42% - 0.2,1,1880445015721037824,极兔快递,JT0015076341447,服饰,河南省,
凯泽智慧社区团寄快递_站点-凯泽智慧社区团寄快递,快递,2025-01-18 10:14:45,,2,,7.00,,2.81,43% - 0.2,1,1880438626319650816,极兔快递,JT0015076468252,服饰,福建省,
凯泽智慧社区团寄快递_站点-凯泽智慧社区团寄快递,快递,2025-01-18 10:12:17,,2,,7.00,,2.81,43% - 0.2,1,1880438004895764480,极兔快递,JT0015072059176,服饰,四川省,
凯泽智慧社区团寄快递_站点-凯泽智慧社区团寄快递,快递,2025-01-18 09:54:32,,1,,6.00,,2.32,42% - 0.2,1,1880433535529308160,韵达快递,312615523717946,服饰,福建省,
凯泽智慧社区团寄快递_站点-凯泽智慧社区团寄快递,快递,2025-01-18 09:40:57,,1,,6.00,,2.32,42% - 0.2,1,1880430119335809024,极兔快递,JT0015075990386,服饰,广东省,
凯泽智慧社区团寄快递_站点-凯泽智慧社区团寄快递,快递,2025-01-18 09:39:06,,4,,10.00,,3.80,40% - 0.2,1,1880429652803375104,极兔快递,JT0015075669982,食品,陕西省,
凯泽智慧社区团寄快递_站点-凯泽智慧社区团寄快递,干洗,2025-01-17 21:38:43,,,,24.50,,7.35,30%,,1880248354352713728,干洗,,"清洗普通羽绒服2件不分长短49元   *   1",,
凯泽智慧社区团寄快递_站点-凯泽智慧社区团寄快递,快递,2025-01-17 21:26:42,,1,,6.00,,2.32,42% - 0.2,1,1880245337226268672,极兔快递,JT0015023745238,服饰,河北省,
凯泽智慧社区团寄快递_站点-凯泽智慧社区团寄快递,快递,2025-01-17 21:24:19,,8,,20.00,,7.80,40% - 0.2,1,1880244739797995520,极兔快递,JT0015070844638,生活用品,山东省,
凯泽智慧社区团寄快递_站点-凯泽智慧社区团寄快递,快递,2025-01-17 20:43:55,,1,,6.00,,2.32,42% - 0.2,1,1880234573635571712,极兔快递,JT0015071726129,生活用品,浙江省,
凯泽智慧社区团寄快递_站点-凯泽智慧社区团寄快递,快递,2025-01-17 20:40:23,,1,,6.00,,2.32,42% - 0.2,1,1880233678948585472,极兔快递,JT0015050284900,生活用品,广东省,
凯泽智慧社区团寄快递_站点-凯泽智慧社区团寄快递,快递,2025-01-17 20:01:01,,1,,6.00,,2.32,42% - 0.2,1,1880223777874563072,极兔快递,JT0015065084313,服饰,湖北省,
凯泽智慧社区团寄快递_站点-凯泽智慧社区团寄快递,快递,2025-01-17 19:51:26,,1,,6.00,,2.32,42% - 0.2,1,1880221365289930752,极兔快递,JT0015058941779,服饰,广东省,
凯泽智慧社区团寄快递_站点-凯泽智慧社区团寄快递,快递,2025-01-17 19:49:52,,1,,6.00,,2.32,42% - 0.2,1,1880220966038327296,极兔快递,JT0015070671992,服饰,广东省,
凯泽智慧社区团寄快递_站点-凯泽智慧社区团寄快递,快递,2025-01-17 19:47:22,,1,,6.00,,2.32,42% - 0.2,1,1880220342009778176,极兔快递,JT0015072100324,生活用品,广东省,
凯泽智慧社区团寄快递_站点-凯泽智慧社区团寄快递,快递,2025-01-17 19:07:19,,1.2,,7.00,,2.81,43% - 0.2,1,1880210261495042048,极兔快递,JT0015071329942,生活用品,广东省,
凯泽智慧社区团寄快递_站点-凯泽智慧社区团寄快递,快递,2025-01-17 18:48:03,,1,,6.00,,2.32,42% - 0.2,1,1880205398568652800,极兔快递,JT0015069206633,生活用品,河北省,
凯泽智慧社区团寄快递_站点-凯泽智慧社区团寄快递,快递,2025-01-17 18:46:58,,2,,7.00,,2.81,43% - 0.2,1,1880205141097107456,极兔快递,JT0015070509459,服饰,河南省,
凯泽智慧社区团寄快递_站点-凯泽智慧社区团寄快递,快递,2025-01-17 18:21:51,,7,,17.50,,6.80,40% - 0.2,1,1880198821547659264,极兔快递,JT0015064406842,生活用品,江苏省,
凯泽智慧社区团寄快递_站点-凯泽智慧社区团寄快递,快递,2025-01-17 18:13:36,,1,,6.00,,2.32,42% - 0.2,1,1880196744192774144,极兔快递,JT0015068248074,生活用品,福建省,
凯泽智慧社区团寄快递_站点-凯泽智慧社区团寄快递,快递,2025-01-17 17:54:21,,1,,6.00,,2.32,42% - 0.2,1,1880191903458447360,极兔快递,JT0015070408006,服饰,江苏省,
凯泽智慧社区团寄快递_站点-凯泽智慧社区团寄快递,快递,2025-01-17 17:38:49,,1,,6.00,,2.32,42% - 0.2,1,1880187929904861184,极兔快递,JT0015063825668,生活用品,广东省,
凯泽智慧社区团寄快递_站点-凯泽智慧社区团寄快递,快递,2025-01-17 17:31:47,,1,,6.00,,2.32,42% - 0.2,1,1880186223221592064,极兔快递,JT0015065448505,服饰,广西壮族自治区,
凯泽智慧社区团寄快递_站点-凯泽智慧社区团寄快递,快递,2025-01-17 14:41:53,,1,,6.00,,2.32,42% - 0.2,1,1880143465173798912,极兔快递,JT0015066087215,服饰,广东省,
凯泽智慧社区团寄快递_站点-凯泽智慧社区团寄快递,快递,2025-01-17 14:39:02,,1,,6.00,,2.32,42% - 0.2,1,1880142750502146048,极兔快递,JT0015064753736,服饰,河北省,
凯泽智慧社区团寄快递_站点-凯泽智慧社区团寄快递,快递,2025-01-17 14:36:48,,1,,6.00,,2.32,42% - 0.2,1,1880142185831387136,极兔快递,JT0015063873793,服饰,河北省,
凯泽智慧社区团寄快递_站点-凯泽智慧社区团寄快递,快递,2025-01-17 14:21:52,,1,,6.00,,2.32,42% - 0.2,1,1880138422127218688,极兔快递,JT0015062638763,服饰,广东省,
凯泽智慧社区团寄快递_站点-凯泽智慧社区团寄快递,快递,2025-01-17 14:19:50,,1,,6.00,,2.32,42% - 0.2,1,1880137916382236672,极兔快递,JT0015061138068,服饰,浙江省,
凯泽智慧社区团寄快递_站点-凯泽智慧社区团寄快递,快递,2025-01-17 14:18:59,,1,,7.00,,1.94,42%,1,1880137701017309184,极兔快递,JT0015065037693,服饰,上海市,
凯泽智慧社区团寄快递_站点-凯泽智慧社区团寄快递,快递,2025-01-17 14:17:49,,1,,6.00,,2.32,42% - 0.2,1,1880137399757230080,极兔快递,JT0015062587721,服饰,天津市,
凯泽智慧社区团寄快递_站点-凯泽智慧社区团寄快递,快递,2025-01-17 14:16:54,,1,,6.00,,2.32,42% - 0.2,1,1880137175856893952,极兔快递,JT0015062721729,服饰,天津市,
凯泽智慧社区团寄快递_站点-凯泽智慧社区团寄快递,快递,2025-01-17 13:02:06,,1,,6.00,,2.32,42% - 0.2,1,1880118356035817472,极兔快递,JT0015063732880,服饰,广东省,
凯泽智慧社区团寄快递_站点-凯泽智慧社区团寄快递,快递,2025-01-17 12:57:55,,1,,6.00,,2.32,42% - 0.2,1,1880117299545165824,极兔快递,JT0015062401619,服饰,浙江省,
凯泽智慧社区团寄快递_站点-凯泽智慧社区团寄快递,快递,2025-01-17 12:23:56,,1,,6.00,,2.32,42% - 0.2,1,1880108742997233664,极兔快递,JT0015062753158,服饰,江西省,
凯泽智慧社区团寄快递_站点-凯泽智慧社区团寄快递,快递,2025-01-17 11:35:55,,1,,6.00,,2.32,42% - 0.2,1,1880096659874304000,极兔快递,JT0015061652650,生活用品,山西省,
凯泽智慧社区团寄快递_站点-凯泽智慧社区团寄快递,快递,2025-01-17 11:20:54,,1,,6.00,,2.32,42% - 0.2,1,1880092865593659392,极兔快递,JT0015061221268,生活用品,福建省,
凯泽智慧社区团寄快递_站点-凯泽智慧社区团寄快递,快递,2025-01-17 11:20:01,,1,,6.00,,2.32,42% - 0.2,1,1880092664732635136,极兔快递,JT0015051968557,生活用品,山西省,
凯泽智慧社区团寄快递_站点-凯泽智慧社区团寄快递,快递,2025-01-17 10:13:10,,1,,6.00,,2.32,42% - 0.2,1,1880075843690352640,极兔快递,JT0015059612934,服饰,广东省,
凯泽智慧社区团寄快递_站点-凯泽智慧社区团寄快递,快递,2025-01-17 09:42:02,,2,2.0,11.00,0.00,1.00,,,1880067993396105216,京东快递,JDVG03417220648,生鲜类,海南省,
凯泽智慧社区团寄快递_站点-凯泽智慧社区团寄快递,快递,2025-01-17 09:27:17,,1,,6.00,,2.32,42% - 0.2,1,1880064293210476544,极兔快递,JT0015046921261,生活用品,浙江省,
凯泽智慧社区团寄快递_站点-凯泽智慧社区团寄快递,快递,2025-01-17 08:43:41,,1,,6.00,,2.32,42% - 0.2,1,1880053317861953536,极兔快递,JT0015051503594,生活用品,浙江省,
凯泽智慧社区团寄快递_站点-凯泽智慧社区团寄快递,快递,2025-01-17 08:25:31,,2,,8.00,,2.44,43%,1,1880048730945933312,极兔快递,JT0015057194802,生活用品,上海市,
凯泽智慧社区团寄快递_站点-凯泽智慧社区团寄快递,快递,2025-01-16 21:07:59,,2,,7.00,,2.81,43% - 0.2,1,1879878243276083200,极兔快递,JT0015051922421,服饰,江苏省,
凯泽智慧社区团寄快递_站点-凯泽智慧社区团寄快递,快递,2025-01-16 19:28:25,,2,,7.00,,2.81,43% - 0.2,1,1879853185891618816,极兔快递,JT0015055726441,服饰,福建省,
凯泽智慧社区团寄快递_站点-凯泽智慧社区团寄快递,快递,2025-01-16 19:08:17,,1,,6.00,,2.32,42% - 0.2,1,1879848107671605248,极兔快递,JT0015052675810,服饰,浙江省,
凯泽智慧社区团寄快递_站点-凯泽智慧社区团寄快递,快递,2025-01-16 19:07:33,,1,,6.00,,2.32,42% - 0.2,1,1879847935055024128,极兔快递,JT0015054635594,服饰,浙江省,
凯泽智慧社区团寄快递_站点-凯泽智慧社区团寄快递,快递,2025-01-16 19:05:04,,1,,6.00,,2.32,42% - 0.2,1,1879847300012232704,极兔快递,JT0015055419917,服饰,浙江省,
凯泽智慧社区团寄快递_站点-凯泽智慧社区团寄快递,快递,2025-01-16 19:03:51,,1,,6.00,,2.32,42% - 0.2,1,1879846978330087424,极兔快递,JT0015055604647,服饰,江苏省,
凯泽智慧社区团寄快递_站点-凯泽智慧社区团寄快递,快递,2025-01-16 19:02:58,,1,,6.00,,2.32,42% - 0.2,1,1879846777792024576,极兔快递,JT0015055198514,服饰,江苏省,
凯泽智慧社区团寄快递_站点-凯泽智慧社区团寄快递,快递,2025-01-16 19:01:38,,1,,6.00,,2.32,42% - 0.2,1,1879846443619241984,极兔快递,JT0015052519400,生活用品,浙江省,
凯泽智慧社区团寄快递_站点-凯泽智慧社区团寄快递,快递,2025-01-16 18:58:57,,1,1.0,9.00,0.00,1.00,,,1879845763424768000,京东快递,JDVG03415583051,文件,陕西省,
凯泽智慧社区团寄快递_站点-凯泽智慧社区团寄快递,快递,2025-01-16 18:44:12,,4,,10.00,,3.80,40% - 0.2,1,1879842054481432576,极兔快递,JT0015053623878,生鲜类,河北省,
凯泽智慧社区团寄快递_站点-凯泽智慧社区团寄快递,快递,2025-01-16 18:43:22,,7,,17.50,,6.80,40% - 0.2,1,1879841834301444096,极兔快递,JT0015051284561,生鲜类,河北省,
凯泽智慧社区团寄快递_站点-凯泽智慧社区团寄快递,快递,2025-01-16 18:42:38,,7,,17.50,,6.80,40% - 0.2,1,1879841662079127552,极兔快递,JT0015054307881,生鲜类,河北省,
凯泽智慧社区团寄快递_站点-凯泽智慧社区团寄快递,快递,2025-01-16 18:38:08,,1.2,,7.00,,2.81,43% - 0.2,1,1879840527813496832,极兔快递,JT0015054874681,食品,陕西省,
凯泽智慧社区团寄快递_站点-凯泽智慧社区团寄快递,快递,2025-01-16 18:32:10,,1,,6.00,,2.32,42% - 0.2,1,1879839026093281280,极兔快递,JT0015053952802,服饰,浙江省,
凯泽智慧社区团寄快递_站点-凯泽智慧社区团寄快递,快递,2025-01-16 18:31:06,,7,,17.50,,6.80,40% - 0.2,1,1879838757968203776,极兔快递,JT0015041192582,食品,陕西省,
凯泽智慧社区团寄快递_站点-凯泽智慧社区团寄快递,快递,2025-01-16 18:07:08,,1,,6.00,,2.32,42% - 0.2,1,1879832726185758720,极兔快递,JT0015034380014,生活用品,广东省,
凯泽智慧社区团寄快递_站点-凯泽智慧社区团寄快递,快递,2025-01-16 16:18:37,2025-01-16 16:24:36,1,,6.00,,0.00,,1,1879805419479945216,极兔快递,JT0015051944465,服饰,广东省,已全额退款
凯泽智慧社区团寄快递_站点-凯泽智慧社区团寄快递,快递,2025-01-16 16:23:57,,1,,6.00,,2.32,42% - 0.2,1,1879806760344408064,极兔快递,JT0015052015760,服饰,广东省,
凯泽智慧社区团寄快递_站点-凯泽智慧社区团寄快递,快递,2025-01-16 16:02:25,,1,,6.00,,2.32,42% - 0.2,1,1879801342742286336,极兔快递,JT0015051868819,服饰,浙江省,
凯泽智慧社区团寄快递_站点-凯泽智慧社区团寄快递,快递,2025-01-16 16:00:41,,1,,6.00,,2.32,42% - 0.2,1,1879800906052325376,极兔快递,JT0015051573663,服饰,广东省,
凯泽智慧社区团寄快递_站点-凯泽智慧社区团寄快递,快递,2025-01-16 15:57:58,,1,,6.00,,2.32,42% - 0.2,1,1879800218681397248,极兔快递,JT0015050373776,服饰,广东省,
凯泽智慧社区团寄快递_站点-凯泽智慧社区团寄快递,快递,2025-01-16 15:55:39,,1,,6.00,,2.32,42% - 0.2,1,1879799639905193984,极兔快递,JT0015050719142,生活用品,浙江省,
凯泽智慧社区团寄快递_站点-凯泽智慧社区团寄快递,快递,2025-01-16 15:03:26,,1,,6.00,,2.32,42% - 0.2,1,1879786500820094976,极兔快递,JT0015044634739,服饰,浙江省,
凯泽智慧社区团寄快递_站点-凯泽智慧社区团寄快递,快递,2025-01-16 15:01:35,,1,,6.00,,2.32,42% - 0.2,1,1879786031448117248,极兔快递,JT0015044220136,服饰,江苏省,
凯泽智慧社区团寄快递_站点-凯泽智慧社区团寄快递,快递,2025-01-16 14:09:36,,1.2,,7.00,,2.81,43% - 0.2,1,1879772951783723008,极兔快递,JT0015040826378,服饰,广东省,
凯泽智慧社区团寄快递_站点-凯泽智慧社区团寄快递,快递,2025-01-16 14:08:22,,1,,6.00,,2.32,42% - 0.2,1,1879772637764571136,极兔快递,JT0015048651384,服饰,广东省,
凯泽智慧社区团寄快递_站点-凯泽智慧社区团寄快递,快递,2025-01-16 13:54:53,,1,,6.00,,2.32,42% - 0.2,1,1879769249706463232,极兔快递,JT0015046363325,服饰,河北省,
凯泽智慧社区团寄快递_站点-凯泽智慧社区团寄快递,快递,2025-01-16 13:53:01,,2,,7.00,,2.81,43% - 0.2,1,1879768774365990912,极兔快递,JT0015048903595,服饰,河南省,
凯泽智慧社区团寄快递_站点-凯泽智慧社区团寄快递,快递,2025-01-16 13:27:36,,2,,7.00,,2.81,43% - 0.2,1,1879762381063901184,极兔快递,JT0015046278755,服饰,河北省,
凯泽智慧社区团寄快递_站点-凯泽智慧社区团寄快递,快递,2025-01-16 12:56:16,,1,,6.00,,2.32,42% - 0.2,1,1879754496720293888,极兔快递,JT0015047367454,服饰,湖北省,
凯泽智慧社区团寄快递_站点-凯泽智慧社区团寄快递,快递,2025-01-16 12:48:10,,1,,6.00,,2.32,42% - 0.2,1,1879752458305327104,极兔快递,JT0015034181071,服饰,广东省,
凯泽智慧社区团寄快递_站点-凯泽智慧社区团寄快递,快递,2025-01-16 12:45:45,,1,,6.00,,2.32,42% - 0.2,1,1879751838949232640,极兔快递,JT0015046422054,服饰,广东省,
凯泽智慧社区团寄快递_站点-凯泽智慧社区团寄快递,快递,2025-01-16 11:48:37,,1,,6.00,,2.32,42% - 0.2,1,1879737473747439616,极兔快递,JT0015042855422,服饰,浙江省,
凯泽智慧社区团寄快递_站点-凯泽智慧社区团寄快递,快递,2025-01-16 11:17:31,,1,,6.00,,2.32,42% - 0.2,1,1879729637889986560,极兔快递,JT0015046070955,服饰,四川省,
凯泽智慧社区团寄快递_站点-凯泽智慧社区团寄快递,快递,2025-01-16 11:11:04,,1,,6.00,,2.32,42% - 0.2,1,1879728023481405440,极兔快递,JT0015043464195,服饰,河北省,
凯泽智慧社区团寄快递_站点-凯泽智慧社区团寄快递,干洗,2025-01-16 11:07:37,,,,24.50,,7.35,30%,,1879727139179515904,干洗,,"清洗普通羽绒服2件不分长短49元   *   1",,
凯泽智慧社区团寄快递_站点-凯泽智慧社区团寄快递,快递,2025-01-16 10:50:59,,6,,15.00,,5.80,40% - 0.2,1,1879722967688335360,极兔快递,JT0015036080712,食品,陕西省,
凯泽智慧社区团寄快递_站点-凯泽智慧社区团寄快递,快递,2025-01-16 09:54:18,,1,,6.00,,2.32,42% - 0.2,1,1879708702931734528,极兔快递,JT0015042435130,服饰,广东省,
凯泽智慧社区团寄快递_站点-凯泽智慧社区团寄快递,干洗,2025-01-15 21:37:24,,,,24.50,,7.35,30%,,1879523251411275776,干洗,,"清洗普通羽绒服2件不分长短49元   *   1",,
凯泽智慧社区团寄快递_站点-凯泽智慧社区团寄快递,快递,2025-01-15 21:12:05,,2,,7.00,,2.81,43% - 0.2,1,1879516879512719360,极兔快递,JT0015039889882,数码产品,广东省,
凯泽智慧社区团寄快递_站点-凯泽智慧社区团寄快递,快递,2025-01-15 20:09:42,,1,,7.00,,1.94,42%,1,1879501184271962112,极兔快递,JT0015034804540,服饰,上海市,
凯泽智慧社区团寄快递_站点-凯泽智慧社区团寄快递,干洗,2025-01-15 19:01:46,,,,24.50,,7.35,30%,,1879484082752376832,干洗,,"清洗普通羽绒服2件不分长短49元   *   1",,
凯泽智慧社区团寄快递_站点-凯泽智慧社区团寄快递,快递,2025-01-15 18:35:34,,2,,7.00,,2.81,43% - 0.2,1,1879477485586141184,极兔快递,JT0015039092016,服饰,河北省,
凯泽智慧社区团寄快递_站点-凯泽智慧社区团寄快递,快递,2025-01-15 18:34:51,,2,,7.00,,2.81,43% - 0.2,1,1879477290236432384,极兔快递,JT0015038831680,服饰,河北省,
凯泽智慧社区团寄快递_站点-凯泽智慧社区团寄快递,快递,2025-01-15 18:26:43,,1,,6.00,,2.32,42% - 0.2,1,1879475269408182272,极兔快递,JT0015030494421,生活用品,辽宁省,
凯泽智慧社区团寄快递_站点-凯泽智慧社区团寄快递,快递,2025-01-15 18:09:55,,1,,7.00,,1.94,42%,1,1879471041000296448,极兔快递,JT0015037696644,数码产品,上海市,
凯泽智慧社区团寄快递_站点-凯泽智慧社区团寄快递,快递,2025-01-15 17:20:38,,1,,6.00,,2.32,42% - 0.2,1,1879458637461901312,极兔快递,JT0015035269608,服饰,山东省,
凯泽智慧社区团寄快递_站点-凯泽智慧社区团寄快递,快递,2025-01-15 17:18:29,,2,,7.00,,2.81,43% - 0.2,1,1879458087915802624,极兔快递,JT0015032205917,服饰,山西省,
凯泽智慧社区团寄快递_站点-凯泽智慧社区团寄快递,快递,2025-01-15 17:14:07,,1,,6.00,,2.32,42% - 0.2,1,1879457001402322944,极兔快递,JT0015032461043,服饰,江苏省,
凯泽智慧社区团寄快递_站点-凯泽智慧社区团寄快递,快递,2025-01-15 17:05:12,,9,,22.50,,8.80,40% - 0.2,1,1879454753989382144,极兔快递,JT0015034273650,食品,陕西省,
凯泽智慧社区团寄快递_站点-凯泽智慧社区团寄快递,快递,2025-01-15 16:56:58,,2,,7.00,,2.81,43% - 0.2,1,1879452683995500544,极兔快递,JT0015035996252,服饰,山东省,
凯泽智慧社区团寄快递_站点-凯泽智慧社区团寄快递,快递,2025-01-15 16:47:52,,1,,6.00,,2.32,42% - 0.2,1,1879450392777248768,极兔快递,JT0015034871112,服饰,湖北省,
凯泽智慧社区团寄快递_站点-凯泽智慧社区团寄快递,快递,2025-01-15 16:44:55,,1,,6.00,,2.32,42% - 0.2,1,1879449652046385152,极兔快递,JT0015035102805,服饰,广东省,
凯泽智慧社区团寄快递_站点-凯泽智慧社区团寄快递,快递,2025-01-15 16:43:27,,1,,6.00,,2.32,42% - 0.2,1,1879449279378280448,极兔快递,JT0015035513589,服饰,广东省,
凯泽智慧社区团寄快递_站点-凯泽智慧社区团寄快递,快递,2025-01-15 16:07:32,,1,,6.00,,2.32,42% - 0.2,1,1879440242368630784,极兔快递,JT0015035068595,生活用品,浙江省,
凯泽智慧社区团寄快递_站点-凯泽智慧社区团寄快递,快递,2025-01-15 15:50:44,,3.9,,10.00,,3.80,40% - 0.2,1,1879436010240397312,极兔快递,JT0015035176808,生活用品,山东省,
凯泽智慧社区团寄快递_站点-凯泽智慧社区团寄快递,快递,2025-01-15 15:32:50,,2,,7.00,,2.81,43% - 0.2,1,1879431506849746944,极兔快递,JT0015033503488,服饰,浙江省,
凯泽智慧社区团寄快递_站点-凯泽智慧社区团寄快递,快递,2025-01-15 15:10:54,,1,,6.00,,2.32,42% - 0.2,1,1879425990836670464,极兔快递,JT0015034883211,服饰,广东省,
凯泽智慧社区团寄快递_站点-凯泽智慧社区团寄快递,快递,2025-01-15 15:01:22,,2,,7.00,,2.81,43% - 0.2,1,1879423591929663488,极兔快递,JT0015034008322,服饰,浙江省,
凯泽智慧社区团寄快递_站点-凯泽智慧社区团寄快递,快递,2025-01-15 15:00:42,,3,,8.00,,3.40,45% - 0.2,1,1879423421242462208,极兔快递,JT0015029044053,服饰,浙江省,
凯泽智慧社区团寄快递_站点-凯泽智慧社区团寄快递,快递,2025-01-15 14:57:02,,1,,6.00,,2.32,42% - 0.2,1,1879422499518992384,极兔快递,JT0015030811138,生活用品,山东省,
凯泽智慧社区团寄快递_站点-凯泽智慧社区团寄快递,快递,2025-01-15 14:48:43,,2,,7.00,,2.81,43% - 0.2,1,1879420404589973504,极兔快递,JT0015032385375,服饰,福建省,
凯泽智慧社区团寄快递_站点-凯泽智慧社区团寄快递,快递,2025-01-15 14:04:17,,2,,7.00,,2.81,43% - 0.2,1,1879409226648178688,极兔快递,JT0015019642943,服饰,广东省,
凯泽智慧社区团寄快递_站点-凯泽智慧社区团寄快递,快递,2025-01-15 13:31:04,,2,,7.00,,2.81,43% - 0.2,1,1879400863507992576,极兔快递,JT0015026935818,服饰,浙江省,
凯泽智慧社区团寄快递_站点-凯泽智慧社区团寄快递,快递,2025-01-15 13:26:35,,2,,7.00,,2.81,43% - 0.2,1,1879399735122776064,极兔快递,JT0015031699535,服饰,福建省,
凯泽智慧社区团寄快递_站点-凯泽智慧社区团寄快递,快递,2025-01-15 13:04:52,,1,,6.00,,2.32,42% - 0.2,1,1879394274730364928,极兔快递,JT0015030046812,服饰,江苏省,
凯泽智慧社区团寄快递_站点-凯泽智慧社区团寄快递,快递,2025-01-15 13:02:54,,1,,6.00,,2.32,42% - 0.2,1,1879393776115699712,极兔快递,JT0015028856493,服饰,江苏省,
凯泽智慧社区团寄快递_站点-凯泽智慧社区团寄快递,快递,2025-01-15 12:59:09,,3,,8.00,,3.40,45% - 0.2,1,1879392832569266176,极兔快递,JT0015026857170,食品,陕西省,
凯泽智慧社区团寄快递_站点-凯泽智慧社区团寄快递,快递,2025-01-15 12:02:20,,1,,6.00,,2.32,42% - 0.2,1,1879378537278132224,极兔快递,JT0015026720708,服饰,福建省,
凯泽智慧社区团寄快递_站点-凯泽智慧社区团寄快递,快递,2025-01-15 11:56:09,,3,,8.00,,3.40,45% - 0.2,1,1879376972756602880,极兔快递,JT0015024182658,食品,四川省,
凯泽智慧社区团寄快递_站点-凯泽智慧社区团寄快递,快递,2025-01-15 11:25:47,,1,,6.00,,2.32,42% - 0.2,1,1879369339911852032,极兔快递,JT0015027901986,生活用品,云南省,
凯泽智慧社区团寄快递_站点-凯泽智慧社区团寄快递,快递,2025-01-14 21:29:31,,2,,7.00,,2.81,43% - 0.2,1,1879158869326090240,极兔快递,JT0015023826151,服饰,山东省,
凯泽智慧社区团寄快递_站点-凯泽智慧社区团寄快递,快递,2025-01-14 21:28:46,,1,,6.00,,2.32,42% - 0.2,1,1879158698286567424,极兔快递,JT0015019612634,服饰,广东省,
凯泽智慧社区团寄快递_站点-凯泽智慧社区团寄快递,快递,2025-01-14 21:14:56,,1,,6.00,,2.32,42% - 0.2,1,1879155156553355264,申通快递,772036823864607,服饰,福建省,
凯泽智慧社区团寄快递_站点-凯泽智慧社区团寄快递,快递,2025-01-14 21:13:47,,1,,6.00,,2.32,42% - 0.2,1,1879154924713201664,极兔快递,JT0015023584485,生活用品,陕西省,
凯泽智慧社区团寄快递_站点-凯泽智慧社区团寄快递,快递,2025-01-14 21:03:54,,1,,6.00,,2.32,42% - 0.2,1,1879152416573935616,极兔快递,JT0015023499465,生活用品,河南省,
凯泽智慧社区团寄快递_站点-凯泽智慧社区团寄快递,快递,2025-01-14 20:36:34,,1,,6.00,,2.32,42% - 0.2,1,1879145558601682944,极兔快递,JT0015023087026,服饰,浙江省,
凯泽智慧社区团寄快递_站点-凯泽智慧社区团寄快递,干洗,2025-01-14 19:09:31,,,,49.00,,14.70,30%,,1879123649214337024,干洗,,"清洗普通羽绒服2件不分长短49元   *   1
清洗普通羽绒服2件不分长短49元   *   1",,
凯泽智慧社区团寄快递_站点-凯泽智慧社区团寄快递,快递,2025-01-14 18:51:02,,1,,6.00,,2.32,42% - 0.2,1,1879118996229640192,极兔快递,JT0015020453356,生活用品,河北省,
凯泽智慧社区团寄快递_站点-凯泽智慧社区团寄快递,快递,2025-01-14 18:09:34,,4,,10.00,,3.80,40% - 0.2,1,1879108533777387520,极兔快递,JT0015016448222,服饰,河北省,
凯泽智慧社区团寄快递_站点-凯泽智慧社区团寄快递,快递,2025-01-14 18:04:36,,1,,6.00,,2.32,42% - 0.2,1,1879107317320175616,极兔快递,JT0015022597188,服饰,浙江省,
凯泽智慧社区团寄快递_站点-凯泽智慧社区团寄快递,快递,2025-01-14 17:39:07,,1,,6.00,,2.32,42% - 0.2,1,1879100906435563520,极兔快递,JT0015019401036,服饰,广东省,
凯泽智慧社区团寄快递_站点-凯泽智慧社区团寄快递,快递,2025-01-14 17:37:50,,1,,6.00,,2.32,42% - 0.2,1,1879100581356032000,极兔快递,JT0015021552906,服饰,广东省,
凯泽智慧社区团寄快递_站点-凯泽智慧社区团寄快递,快递,2025-01-14 17:36:01,,3,,8.00,,3.40,45% - 0.2,1,1879100126198550528,极兔快递,JT0015021189040,服饰,浙江省,
凯泽智慧社区团寄快递_站点-凯泽智慧社区团寄快递,快递,2025-01-14 17:20:21,,12,,30.00,,11.80,40% - 0.2,1,1879096177844342784,极兔快递,JT0015021773555,食品,江苏省,
凯泽智慧社区团寄快递_站点-凯泽智慧社区团寄快递,快递,2025-01-14 15:03:32,2025-01-14 17:11:21,2,,7.00,,0.00,,1,1879061747146739712,极兔快递,JT0015019027292,生活用品,河北省,已全额退款
凯泽智慧社区团寄快递_站点-凯泽智慧社区团寄快递,快递,2025-01-14 16:56:02,,2,,7.00,,2.81,43% - 0.2,1,1879090051635531776,极兔快递,JT0015018378693,生活用品,山西省,
凯泽智慧社区团寄快递_站点-凯泽智慧社区团寄快递,快递,2025-01-14 16:34:57,,1,,6.00,,2.32,42% - 0.2,1,1879084752522498048,极兔快递,JT0015013053849,生活用品,广东省,
凯泽智慧社区团寄快递_站点-凯泽智慧社区团寄快递,快递,2025-01-14 16:26:37,,1,,6.00,,2.32,42% - 0.2,1,1879082657362792448,极兔快递,JT0015016546112,服饰,四川省,
凯泽智慧社区团寄快递_站点-凯泽智慧社区团寄快递,快递,2025-01-14 16:23:59,,1,,6.00,,2.32,42% - 0.2,1,1879081992938901504,极兔快递,JT0015018238051,服饰,河南省,
凯泽智慧社区团寄快递_站点-凯泽智慧社区团寄快递,快递,2025-01-14 14:53:18,,2,,7.00,,2.81,43% - 0.2,1,1879059176281657344,极兔快递,JT0015015190256,生活用品,河北省,
凯泽智慧社区团寄快递_站点-凯泽智慧社区团寄快递,快递,2025-01-14 14:43:27,,1,,6.00,,2.32,42% - 0.2,1,1879056696118398976,极兔快递,JT0015017319435,生活用品,河北省,
凯泽智慧社区团寄快递_站点-凯泽智慧社区团寄快递,快递,2025-01-14 14:10:01,,1,,6.00,,2.32,42% - 0.2,1,1879048252275609600,极兔快递,JT0015014584252,食品,江苏省,
凯泽智慧社区团寄快递_站点-凯泽智慧社区团寄快递,快递,2025-01-14 14:04:36,,1,,6.00,,2.32,42% - 0.2,1,1879046918335942656,极兔快递,JT0015014066808,服饰,安徽省,
凯泽智慧社区团寄快递_站点-凯泽智慧社区团寄快递,快递,2025-01-14 13:50:08,,1,,6.00,,2.32,42% - 0.2,1,1879043278988693504,极兔快递,JT0015016211928,生活用品,河南省,
凯泽智慧社区团寄快递_站点-凯泽智慧社区团寄快递,快递,2025-01-14 13:45:43,,2,,7.00,,2.81,43% - 0.2,1,1879042168467017728,极兔快递,JT0015016692537,服饰,浙江省,
凯泽智慧社区团寄快递_站点-凯泽智慧社区团寄快递,快递,2025-01-14 13:42:08,,3,,8.00,,3.40,45% - 0.2,1,1879041260601528320,极兔快递,JT0015011488415,服饰,四川省,
凯泽智慧社区团寄快递_站点-凯泽智慧社区团寄快递,快递,2025-01-14 13:36:36,,1,,6.00,,2.32,42% - 0.2,1,1879039873025101824,极兔快递,JT0015016045313,服饰,福建省,
凯泽智慧社区团寄快递_站点-凯泽智慧社区团寄快递,快递,2025-01-14 13:34:42,,1,,6.00,,2.32,42% - 0.2,1,1879039393909755904,极兔快递,JT0015012381135,服饰,吉林省,
凯泽智慧社区团寄快递_站点-凯泽智慧社区团寄快递,快递,2025-01-14 13:32:50,,1,,6.00,,2.32,42% - 0.2,1,1879038925934481408,极兔快递,JT0015011223616,生活用品,江苏省,
凯泽智慧社区团寄快递_站点-凯泽智慧社区团寄快递,快递,2025-01-14 13:12:10,,1,,6.00,,2.32,42% - 0.2,1,1879033725513420800,极兔快递,JT0015008992339,服饰,浙江省,
凯泽智慧社区团寄快递_站点-凯泽智慧社区团寄快递,快递,2025-01-14 13:07:48,,1,,6.00,,2.32,42% - 0.2,1,1879032624760279040,极兔快递,JT0015009005086,服饰,江苏省,
凯泽智慧社区团寄快递_站点-凯泽智慧社区团寄快递,快递,2025-01-14 13:04:56,,1,,6.00,,2.32,42% - 0.2,1,1879031902819897344,极兔快递,JT0015014467653,服饰,山东省,
凯泽智慧社区团寄快递_站点-凯泽智慧社区团寄快递,快递,2025-01-14 12:16:46,,1,,6.00,,2.32,42% - 0.2,1,1879019784259293184,极兔快递,JT0015013522197,服饰,浙江省,
凯泽智慧社区团寄快递_站点-凯泽智慧社区团寄快递,快递,2025-01-14 12:15:01,,1,,6.00,,2.32,42% - 0.2,1,1879019336915800064,极兔快递,JT0015011851021,服饰,广东省,
凯泽智慧社区团寄快递_站点-凯泽智慧社区团寄快递,干洗,2025-01-14 12:02:16,,,,54.00,,16.20,30%,,1879016129388924928,干洗,,"清洗毛呢2件59元   *   1
清洗普通羽绒服2件不分长短49元   *   1",,
凯泽智慧社区团寄快递_站点-凯泽智慧社区团寄快递,快递,2025-01-14 11:51:24,,1,,6.00,,2.32,42% - 0.2,1,1879013397533872128,极兔快递,JT0015014053266,服饰,天津市,
凯泽智慧社区团寄快递_站点-凯泽智慧社区团寄快递,快递,2025-01-14 11:49:47,,1,,6.00,,2.32,42% - 0.2,1,1879012988190773248,极兔快递,JT0015012712927,服饰,四川省,
凯泽智慧社区团寄快递_站点-凯泽智慧社区团寄快递,快递,2025-01-14 11:27:48,,3,,8.00,,3.40,45% - 0.2,1,1879007300743909376,极兔快递,JT0015013798752,服饰,山东省,
凯泽智慧社区团寄快递_站点-凯泽智慧社区团寄快递,快递,2025-01-14 11:26:25,,1,,6.00,,2.32,42% - 0.2,1,1879007105822019584,极兔快递,JT0015013526271,服饰,安徽省,
凯泽智慧社区团寄快递_站点-凯泽智慧社区团寄快递,快递,2025-01-14 11:23:34,,2,,7.00,,2.81,43% - 0.2,1,1879006393343987712,极兔快递,JT0015002393184,食品,山东省,
凯泽智慧社区团寄快递_站点-凯泽智慧社区团寄快递,快递,2025-01-14 11:03:16,,1,,6.00,,2.32,42% - 0.2,1,1879001283968684032,极兔快递,JT0015012225997,服饰,福建省,
凯泽智慧社区团寄快递_站点-凯泽智慧社区团寄快递,快递,2025-01-14 10:56:53,,1,,6.00,,2.32,42% - 0.2,1,1878999679378968576,极兔快递,JT0015011304001,服饰,广东省,
凯泽智慧社区团寄快递_站点-凯泽智慧社区团寄快递,快递,2025-01-14 09:25:52,,1,,6.00,,2.32,42% - 0.2,1,1878976772191866880,极兔快递,JT0015010279710,服饰,广东省,
凯泽智慧社区团寄快递_站点-凯泽智慧社区团寄快递,快递,2025-01-13 21:20:37,2025-01-13 21:55:35,1,,6.00,,0.00,,1,1878794256227028992,极兔快递,JT0015008985485,服饰,湖北省,已全额退款
凯泽智慧社区团寄快递_站点-凯泽智慧社区团寄快递,快递,2025-01-13 21:02:28,,1,,6.00,,2.32,42% - 0.2,1,1878789637522378752,极兔快递,JT0015008352631,服饰,湖北省,
凯泽智慧社区团寄快递_站点-凯泽智慧社区团寄快递,快递,2025-01-13 20:56:50,,1,,6.00,,2.32,42% - 0.2,1,1878788273211756544,极兔快递,JT0015007833261,服饰,浙江省,
凯泽智慧社区团寄快递_站点-凯泽智慧社区团寄快递,快递,2025-01-13 20:54:50,,1,,6.00,,2.32,42% - 0.2,1,1878787764052611072,极兔快递,JT0015006974357,服饰,浙江省,
凯泽智慧社区团寄快递_站点-凯泽智慧社区团寄快递,快递,2025-01-13 20:52:20,,1,,6.00,,2.32,42% - 0.2,1,1878787138128236544,极兔快递,JT0014998105522,服饰,浙江省,
凯泽智慧社区团寄快递_站点-凯泽智慧社区团寄快递,快递,2025-01-13 20:46:14,,1,,6.00,,2.32,42% - 0.2,1,1878785603327545344,极兔快递,JT0014993864650,服饰,浙江省,
凯泽智慧社区团寄快递_站点-凯泽智慧社区团寄快递,快递,2025-01-13 20:43:55,,1,,6.00,,2.32,42% - 0.2,1,1878785008382300160,极兔快递,JT0014997009141,服饰,浙江省,
凯泽智慧社区团寄快递_站点-凯泽智慧社区团寄快递,快递,2025-01-13 20:42:37,,1,,6.00,,2.32,42% - 0.2,1,1878784563677024256,极兔快递,JT0014999937620,服饰,浙江省,
凯泽智慧社区团寄快递_站点-凯泽智慧社区团寄快递,快递,2025-01-13 20:41:27,,1,,6.00,,2.32,42% - 0.2,1,1878784401554591744,极兔快递,JT0015008597238,服饰,浙江省,
凯泽智慧社区团寄快递_站点-凯泽智慧社区团寄快递,快递,2025-01-13 19:35:39,,1,,6.00,,2.32,42% - 0.2,1,1878767842878607360,极兔快递,JT0015001243252,服饰,浙江省,
凯泽智慧社区团寄快递_站点-凯泽智慧社区团寄快递,快递,2025-01-13 19:34:44,,2,,7.00,,2.81,43% - 0.2,1,1878767605153845248,极兔快递,JT0015003768665,服饰,广东省,
凯泽智慧社区团寄快递_站点-凯泽智慧社区团寄快递,快递,2025-01-13 19:33:16,,1,,6.00,,2.32,42% - 0.2,1,1878767237040754688,极兔快递,JT0014994194866,服饰,广东省,
凯泽智慧社区团寄快递_站点-凯泽智慧社区团寄快递,快递,2025-01-13 19:07:07,,1,,6.00,,2.32,42% - 0.2,1,1878760660594380800,极兔快递,JT0015007331307,数码产品,广东省,
凯泽智慧社区团寄快递_站点-凯泽智慧社区团寄快递,快递,2025-01-13 18:39:14,,1,,6.00,,2.32,42% - 0.2,1,1878753643704143872,极兔快递,JT0015004536049,生活用品,广东省,
凯泽智慧社区团寄快递_站点-凯泽智慧社区团寄快递,快递,2025-01-13 18:20:07,,1,,6.00,,2.32,42% - 0.2,1,1878748825656807424,极兔快递,JT0015007047522,服饰,浙江省,
凯泽智慧社区团寄快递_站点-凯泽智慧社区团寄快递,快递,2025-01-13 17:41:42,,1,,6.00,,2.32,42% - 0.2,1,1878739156867534848,极兔快递,JT0015005360867,服饰,浙江省,
凯泽智慧社区团寄快递_站点-凯泽智慧社区团寄快递,快递,2025-01-13 17:41:09,,1,,6.00,,2.32,42% - 0.2,1,1878739028710576128,极兔快递,JT0015005834160,服饰,福建省,
凯泽智慧社区团寄快递_站点-凯泽智慧社区团寄快递,干洗,2025-01-13 17:38:11,,,,49.00,,14.70,30%,,1878738278706106368,干洗,,"清洗普通羽绒服2件不分长短49元   *   1
清洗普通羽绒服2件不分长短49元   *   1",,
凯泽智慧社区团寄快递_站点-凯泽智慧社区团寄快递,快递,2025-01-13 17:17:30,,1,,6.00,,2.32,42% - 0.2,1,1878733065848934400,韵达快递,312608027363194,服饰,浙江省,
凯泽智慧社区团寄快递_站点-凯泽智慧社区团寄快递,快递,2025-01-13 17:16:36,,1,,6.00,,2.32,42% - 0.2,1,1878732849116663808,极兔快递,JT0015004968652,服饰,河北省,
凯泽智慧社区团寄快递_站点-凯泽智慧社区团寄快递,快递,2025-01-13 17:10:50,,2,,7.00,,2.81,43% - 0.2,1,1878731399275794432,极兔快递,JT0015002730571,服饰,广东省,
凯泽智慧社区团寄快递_站点-凯泽智慧社区团寄快递,干洗,2025-01-10 11:12:25,2025-01-13 16:47:29,,,49.00,,14.70,30%,,1877554033744728064,干洗,,"清洗普通羽绒服2件不分长短49元   *   1
清洗普通羽绒服2件不分长短49元   *   1",,已全额退款
凯泽智慧社区团寄快递_站点-凯泽智慧社区团寄快递,快递,2025-01-13 16:32:42,,1,,6.00,,2.32,42% - 0.2,1,1878721799449268224,极兔快递,JT0015005019227,生活用品,广东省,
凯泽智慧社区团寄快递_站点-凯泽智慧社区团寄快递,快递,2025-01-13 16:31:14,,2,,8.00,,2.44,43%,1,1878721429159333888,极兔快递,JT0014988382737,服饰,上海市,
凯泽智慧社区团寄快递_站点-凯泽智慧社区团寄快递,快递,2025-01-13 16:02:19,,1,,6.00,,2.32,42% - 0.2,1,1878714152507461632,极兔快递,JT0015001637075,服饰,广东省,
凯泽智慧社区团寄快递_站点-凯泽智慧社区团寄快递,快递,2025-01-13 16:00:40,,1,,6.00,,2.32,42% - 0.2,1,1878713737078427648,极兔快递,JT0015001411615,服饰,浙江省,
凯泽智慧社区团寄快递_站点-凯泽智慧社区团寄快递,快递,2025-01-13 15:42:47,,1,,6.00,,2.32,42% - 0.2,1,1878709240717430784,极兔快递,JT0014999894703,生活用品,浙江省,
凯泽智慧社区团寄快递_站点-凯泽智慧社区团寄快递,快递,2025-01-13 15:26:55,,1,,6.00,,2.32,42% - 0.2,1,1878705246494314496,极兔快递,JT0015002566870,服饰,浙江省,
凯泽智慧社区团寄快递_站点-凯泽智慧社区团寄快递,快递,2025-01-13 15:24:09,,1,,6.00,,2.32,42% - 0.2,1,1878704552341196800,极兔快递,JT0014998434628,服饰,辽宁省,
凯泽智慧社区团寄快递_站点-凯泽智慧社区团寄快递,快递,2025-01-13 15:16:48,,2,,7.00,,2.81,43% - 0.2,1,1878702698039398400,极兔快递,JT0015002883255,生活用品,浙江省,
凯泽智慧社区团寄快递_站点-凯泽智慧社区团寄快递,快递,2025-01-13 14:39:40,2025-01-13 14:44:26,1,,6.00,,0.00,,1,1878693354463875072,极兔快递,JT0015001797969,生活用品,陕西省,已全额退款
凯泽智慧社区团寄快递_站点-凯泽智慧社区团寄快递,快递,2025-01-13 14:42:15,,0.1,,13.00,,0.00,0%,1,1878694000810315776,顺丰速运,SF3142667242509,生活用品,陕西省,
凯泽智慧社区团寄快递_站点-凯泽智慧社区团寄快递,快递,2025-01-13 14:26:08,,1,,6.00,,2.32,42% - 0.2,1,1878689945983700992,极兔快递,JT0014975507209,数码产品,河北省,
凯泽智慧社区团寄快递_站点-凯泽智慧社区团寄快递,快递,2025-01-13 13:38:05,,1,,6.00,,2.32,42% - 0.2,1,1878677860428075008,极兔快递,JT0014998543668,生活用品,河北省,
凯泽智慧社区团寄快递_站点-凯泽智慧社区团寄快递,快递,2025-01-13 12:57:42,,3,,8.00,,3.40,45% - 0.2,1,1878667695620411392,极兔快递,JT0014998656126,生活用品,河北省,
凯泽智慧社区团寄快递_站点-凯泽智慧社区团寄快递,快递,2025-01-13 12:51:00,,3,,8.00,,3.40,45% - 0.2,1,1878666009703141376,极兔快递,JT0014994003764,食品,湖南省,
凯泽智慧社区团寄快递_站点-凯泽智慧社区团寄快递,快递,2025-01-13 12:50:21,,9,,22.50,,8.80,40% - 0.2,1,1878665834179907584,极兔快递,JT0014994668947,食品,湖南省,
凯泽智慧社区团寄快递_站点-凯泽智慧社区团寄快递,快递,2025-01-13 12:49:32,,9,,22.50,,8.80,40% - 0.2,1,1878665641095122944,极兔快递,JT0014996760077,食品,湖南省,
凯泽智慧社区团寄快递_站点-凯泽智慧社区团寄快递,快递,2025-01-13 12:14:29,,1,,6.00,,2.32,42% - 0.2,1,1878656813754535936,极兔快递,JT0014997653446,生活用品,广东省,
凯泽智慧社区团寄快递_站点-凯泽智慧社区团寄快递,快递,2025-01-13 11:56:20,,1,,6.00,,2.32,42% - 0.2,1,1878652251832373248,极兔快递,JT0014996910664,服饰,广东省,
凯泽智慧社区团寄快递_站点-凯泽智慧社区团寄快递,快递,2025-01-13 11:33:03,,1,,6.00,,2.32,42% - 0.2,1,1878646393165631488,极兔快递,JT0014997474433,数码产品,广东省,
凯泽智慧社区团寄快递_站点-凯泽智慧社区团寄快递,快递,2025-01-13 11:11:41,,1,,6.00,,2.32,42% - 0.2,1,1878641014079803392,极兔快递,JT0014997424900,服饰,浙江省,
凯泽智慧社区团寄快递_站点-凯泽智慧社区团寄快递,快递,2025-01-13 10:22:06,,2,,7.00,,2.81,43% - 0.2,1,1878628529905913856,极兔快递,JT0014996225056,食品,陕西省,
凯泽智慧社区团寄快递_站点-凯泽智慧社区团寄快递,快递,2025-01-13 10:06:13,,1,,6.00,,2.32,42% - 0.2,1,1878624522432991232,极兔快递,JT0014990913327,服饰,广东省,
凯泽智慧社区团寄快递_站点-凯泽智慧社区团寄快递,快递,2025-01-13 10:02:59,,1,,6.00,,2.32,42% - 0.2,1,1878623715113357312,极兔快递,JT0014995775590,服饰,浙江省,
凯泽智慧社区团寄快递_站点-凯泽智慧社区团寄快递,快递,2025-01-12 21:06:56,,5.5,,15.00,,5.80,40% - 0.2,1,1878428423592136704,极兔快递,JT0014990002759,食品,陕西省,
凯泽智慧社区团寄快递_站点-凯泽智慧社区团寄快递,快递,2025-01-12 21:03:08,,1,,6.00,,2.32,42% - 0.2,1,1878427469555748864,极兔快递,JT0014991462890,服饰,广东省,
凯泽智慧社区团寄快递_站点-凯泽智慧社区团寄快递,快递,2025-01-12 20:35:31,,2,,7.00,,2.81,43% - 0.2,1,1878420522605531136,极兔快递,JT0014984148573,服饰,江苏省,
凯泽智慧社区团寄快递_站点-凯泽智慧社区团寄快递,快递,2025-01-12 19:19:31,,2,,7.00,,2.81,43% - 0.2,1,1878401396814172160,极兔快递,JT0014991083539,服饰,辽宁省,
凯泽智慧社区团寄快递_站点-凯泽智慧社区团寄快递,快递,2025-01-12 19:18:40,,1,,6.00,,2.32,42% - 0.2,1,1878401177871503360,极兔快递,JT0014985636107,服饰,广东省,
凯泽智慧社区团寄快递_站点-凯泽智慧社区团寄快递,快递,2025-01-12 19:17:35,,3,,8.00,,3.40,45% - 0.2,1,1878400905656979456,极兔快递,JT0014988025464,服饰,浙江省,
凯泽智慧社区团寄快递_站点-凯泽智慧社区团寄快递,快递,2025-01-12 19:10:43,,2,,7.00,,2.81,43% - 0.2,1,1878399105331679232,极兔快递,JT0014991868390,服饰,浙江省,
凯泽智慧社区团寄快递_站点-凯泽智慧社区团寄快递,快递,2025-01-12 19:09:28,,1,,6.00,,2.32,42% - 0.2,1,1878398805338279936,极兔快递,JT0014986561890,服饰,浙江省,
凯泽智慧社区团寄快递_站点-凯泽智慧社区团寄快递,快递,2025-01-12 19:08:10,,1,,6.00,,2.32,42% - 0.2,1,1878398528073814016,极兔快递,JT0014991561323,生活用品,广东省,
凯泽智慧社区团寄快递_站点-凯泽智慧社区团寄快递,快递,2025-01-12 19:07:13,,1,,6.00,,2.32,42% - 0.2,1,1878398299698155520,极兔快递,JT0014983065529,服饰,江西省,
凯泽智慧社区团寄快递_站点-凯泽智慧社区团寄快递,快递,2025-01-12 18:54:52,,1,,6.00,,2.32,42% - 0.2,1,1878395187239374848,极兔快递,JT0014990873413,服饰,福建省,
凯泽智慧社区团寄快递_站点-凯泽智慧社区团寄快递,快递,2025-01-12 17:46:38,,1,,6.00,,2.32,42% - 0.2,1,1878378018447347712,极兔快递,JT0014989405907,生活用品,山东省,
凯泽智慧社区团寄快递_站点-凯泽智慧社区团寄快递,快递,2025-01-12 17:33:24,,1,,6.00,,2.32,42% - 0.2,1,1878374681576525824,极兔快递,JT0014990723508,服饰,河北省,
凯泽智慧社区团寄快递_站点-凯泽智慧社区团寄快递,快递,2025-01-12 17:32:49,,1,,6.00,,2.32,42% - 0.2,1,1878374540266229760,极兔快递,JT0014990263468,服饰,浙江省,
凯泽智慧社区团寄快递_站点-凯泽智慧社区团寄快递,干洗,2025-01-12 17:18:47,,,,19.80,,5.94,30%,,1878371009224298496,干洗,,"清洗鞋19.8元两双   *   1
清洗鞋19.8元两双   *   1",,
凯泽智慧社区团寄快递_站点-凯泽智慧社区团寄快递,快递,2025-01-12 17:06:08,,1,,6.00,,2.32,42% - 0.2,1,1878367813869293568,极兔快递,JT0014989555212,服饰,广东省,
凯泽智慧社区团寄快递_站点-凯泽智慧社区团寄快递,快递,2025-01-12 17:04:45,,1,,6.00,,2.32,42% - 0.2,1,1878367464773177344,极兔快递,JT0014989959670,服饰,广东省,
凯泽智慧社区团寄快递_站点-凯泽智慧社区团寄快递,快递,2025-01-12 17:04:08,,1,,6.00,,2.32,42% - 0.2,1,1878367317926400000,极兔快递,JT0014989372769,服饰,广东省,
凯泽智慧社区团寄快递_站点-凯泽智慧社区团寄快递,快递,2025-01-12 17:03:37,,1,,6.00,,2.32,42% - 0.2,1,1878367192709648384,极兔快递,JT0014983875916,服饰,广东省,
凯泽智慧社区团寄快递_站点-凯泽智慧社区团寄快递,快递,2025-01-12 16:41:41,,1,,6.00,,2.32,42% - 0.2,1,1878361670480613376,极兔快递,JT0014973267781,生活用品,山西省,
凯泽智慧社区团寄快递_站点-凯泽智慧社区团寄快递,快递,2025-01-12 15:36:39,,1,,6.00,,2.32,42% - 0.2,1,1878345306843959296,极兔快递,JT0014987256575,生活用品,浙江省,
凯泽智慧社区团寄快递_站点-凯泽智慧社区团寄快递,快递,2025-01-12 14:52:47,,1,,6.00,,2.32,42% - 0.2,1,1878334269042249728,极兔快递,JT0014982292256,服饰,浙江省,
凯泽智慧社区团寄快递_站点-凯泽智慧社区团寄快递,快递,2025-01-12 14:51:43,,1,,6.00,,2.32,42% - 0.2,1,1878333996479598592,极兔快递,JT0014986834768,服饰,浙江省,
凯泽智慧社区团寄快递_站点-凯泽智慧社区团寄快递,快递,2025-01-12 14:42:02,,2,,7.00,,2.81,43% - 0.2,1,1878331561832927232,极兔快递,JT0014974292334,服饰,山东省,
凯泽智慧社区团寄快递_站点-凯泽智慧社区团寄快递,快递,2025-01-12 13:57:06,,1,,6.00,,2.32,42% - 0.2,1,1878320235538599936,极兔快递,JT0014982278886,生活用品,河北省,
凯泽智慧社区团寄快递_站点-凯泽智慧社区团寄快递,快递,2025-01-12 13:53:48,,1,,6.00,,2.32,42% - 0.2,1,1878319421172535296,极兔快递,JT0014984688427,服饰,湖北省,
凯泽智慧社区团寄快递_站点-凯泽智慧社区团寄快递,快递,2025-01-12 13:11:50,,1,,6.00,,2.32,42% - 0.2,1,1878308862607806464,极兔快递,JT0014977743305,服饰,江苏省,
凯泽智慧社区团寄快递_站点-凯泽智慧社区团寄快递,快递,2025-01-12 12:54:27,,1,,6.00,,2.32,42% - 0.2,1,1878304490037497856,极兔快递,JT0014984251219,食品,浙江省,
凯泽智慧社区团寄快递_站点-凯泽智慧社区团寄快递,快递,2025-01-12 12:53:39,,2,,7.00,,2.81,43% - 0.2,1,1878304278078345216,极兔快递,JT0014982258834,服饰,湖北省,
凯泽智慧社区团寄快递_站点-凯泽智慧社区团寄快递,快递,2025-01-12 12:05:01,,3,,8.00,,3.40,45% - 0.2,1,1878292047747928064,极兔快递,JT0014982988207,生活用品,浙江省,
凯泽智慧社区团寄快递_站点-凯泽智慧社区团寄快递,快递,2025-01-12 11:43:32,,1,,7.00,,1.94,42%,1,1878286641629810688,极兔快递,JT0014981412623,服饰,上海市,
凯泽智慧社区团寄快递_站点-凯泽智慧社区团寄快递,快递,2025-01-12 11:42:42,,1,,6.00,,2.32,42% - 0.2,1,1878286419814043648,极兔快递,JT0014979738109,服饰,湖北省,
凯泽智慧社区团寄快递_站点-凯泽智慧社区团寄快递,快递,2025-01-12 11:41:57,,1,,6.00,,2.32,42% - 0.2,1,1878286234044125184,极兔快递,JT0014980318128,服饰,浙江省,
凯泽智慧社区团寄快递_站点-凯泽智慧社区团寄快递,快递,2025-01-12 11:41:02,,1,,6.00,,2.32,42% - 0.2,1,1878286009086824448,极兔快递,JT0014980733387,服饰,浙江省,
凯泽智慧社区团寄快递_站点-凯泽智慧社区团寄快递,快递,2025-01-12 11:39:20,,1,,6.00,,2.32,42% - 0.2,1,1878285522107158528,极兔快递,JT0014969199238,服饰,浙江省,
凯泽智慧社区团寄快递_站点-凯泽智慧社区团寄快递,快递,2025-01-12 11:38:17,,1,,6.00,,2.32,42% - 0.2,1,1878285319618744320,极兔快递,JT0014983678193,服饰,浙江省,
凯泽智慧社区团寄快递_站点-凯泽智慧社区团寄快递,快递,2025-01-12 11:13:00,,1,,6.00,,2.32,42% - 0.2,1,1878278903705161728,极兔快递,JT0014979727009,服饰,陕西省,
凯泽智慧社区团寄快递_站点-凯泽智慧社区团寄快递,快递,2025-01-12 11:07:36,,2,,7.00,,2.81,43% - 0.2,1,1878277599318560768,极兔快递,JT0014982910864,服饰,浙江省,
凯泽智慧社区团寄快递_站点-凯泽智慧社区团寄快递,快递,2025-01-12 11:05:27,,1,,6.00,,2.32,42% - 0.2,1,1878277057733251072,极兔快递,JT0014979797234,服饰,河南省,
凯泽智慧社区团寄快递_站点-凯泽智慧社区团寄快递,快递,2025-01-12 10:38:54,,1,,6.00,,2.32,42% - 0.2,1,1878270374013358080,极兔快递,JT0014970173721,服饰,广东省,
凯泽智慧社区团寄快递_站点-凯泽智慧社区团寄快递,快递,2025-01-12 10:34:42,,2,,7.00,,2.81,43% - 0.2,1,1878269315463303168,极兔快递,JT0014977997098,服饰,福建省,
凯泽智慧社区团寄快递_站点-凯泽智慧社区团寄快递,快递,2025-01-12 10:33:04,,1,,6.00,,2.32,42% - 0.2,1,1878268906669658112,极兔快递,JT0014974664613,服饰,河北省,
凯泽智慧社区团寄快递_站点-凯泽智慧社区团寄快递,快递,2025-01-12 10:31:41,,2,,7.00,,2.81,43% - 0.2,1,1878268558450151424,极兔快递,JT0014977128276,服饰,广东省,
凯泽智慧社区团寄快递_站点-凯泽智慧社区团寄快递,快递,2025-01-12 10:29:46,,1,,6.00,,2.32,42% - 0.2,1,1878268074796568576,极兔快递,JT0014982015057,服饰,广东省,
凯泽智慧社区团寄快递_站点-凯泽智慧社区团寄快递,快递,2025-01-12 10:21:29,,2,,7.00,,2.81,43% - 0.2,1,1878265991607406592,极兔快递,JT0014978194394,服饰,浙江省,
凯泽智慧社区团寄快递_站点-凯泽智慧社区团寄快递,快递,2025-01-12 10:05:53,,1,,6.00,,2.32,42% - 0.2,1,1878262064216330240,极兔快递,JT0014974940623,服饰,江西省,
凯泽智慧社区团寄快递_站点-凯泽智慧社区团寄快递,快递,2025-01-12 09:18:00,,1,,6.00,,2.32,42% - 0.2,1,1878250015331504128,极兔快递,JT0014971469759,生活用品,广东省,
凯泽智慧社区团寄快递_站点-凯泽智慧社区团寄快递,快递,2025-01-11 21:00:49,,1,,6.00,,2.32,42% - 0.2,1,1878064499931795456,极兔快递,JT0014977530387,服饰,安徽省,
凯泽智慧社区团寄快递_站点-凯泽智慧社区团寄快递,快递,2025-01-11 20:56:15,,1,,6.00,,2.32,42% - 0.2,1,1878063347622268928,极兔快递,JT0014977223669,服饰,河北省,
凯泽智慧社区团寄快递_站点-凯泽智慧社区团寄快递,快递,2025-01-11 20:52:55,,1,,6.00,,2.32,42% - 0.2,1,1878062484367396864,极兔快递,JT0014973070075,服饰,河北省,
凯泽智慧社区团寄快递_站点-凯泽智慧社区团寄快递,快递,2025-01-11 18:46:16,,1,,6.00,,2.32,42% - 0.2,1,1878030635742056448,极兔快递,JT0014972192802,生活用品,广东省,
凯泽智慧社区团寄快递_站点-凯泽智慧社区团寄快递,快递,2025-01-11 18:13:48,,1,,6.00,,2.32,42% - 0.2,1,1878022470157783040,极兔快递,JT0014974313617,生活用品,河北省,
凯泽智慧社区团寄快递_站点-凯泽智慧社区团寄快递,快递,2025-01-11 17:55:01,,1,,7.00,,1.94,42%,1,1878017641448525824,极兔快递,JT0014970219239,服饰,上海市,
凯泽智慧社区团寄快递_站点-凯泽智慧社区团寄快递,快递,2025-01-11 17:35:47,,1,,6.00,,2.32,42% - 0.2,1,1878012900836429824,极兔快递,JT0014971669335,生活用品,山东省,
凯泽智慧社区团寄快递_站点-凯泽智慧社区团寄快递,快递,2025-01-11 17:01:16,,1,,6.00,,2.32,42% - 0.2,1,1878004216290922496,极兔快递,JT0014974536342,服饰,河南省,
凯泽智慧社区团寄快递_站点-凯泽智慧社区团寄快递,快递,2025-01-11 17:00:20,,2,,7.00,,2.81,43% - 0.2,1,1878003975990857728,极兔快递,JT0014971718041,服饰,江苏省,
凯泽智慧社区团寄快递_站点-凯泽智慧社区团寄快递,干洗,2025-01-11 16:53:58,,,,24.50,,7.35,30%,,1878002373699620864,干洗,,"清洗普通羽绒服2件不分长短49元   *   1",,
凯泽智慧社区团寄快递_站点-凯泽智慧社区团寄快递,干洗,2025-01-11 16:51:05,,,,24.50,,7.35,30%,,1878001648923889664,干洗,,"清洗普通羽绒服2件不分长短49元   *   1",,
凯泽智慧社区团寄快递_站点-凯泽智慧社区团寄快递,干洗,2025-01-11 16:47:19,,,,24.50,,7.35,30%,,1878000699538984960,干洗,,"清洗普通羽绒服2件不分长短49元   *   1",,
凯泽智慧社区团寄快递_站点-凯泽智慧社区团寄快递,快递,2025-01-11 15:56:43,,1,,7.00,,1.94,42%,1,1877987970522599424,极兔快递,JT0014973100800,服饰,上海市,
凯泽智慧社区团寄快递_站点-凯泽智慧社区团寄快递,快递,2025-01-11 15:15:41,,3,,8.00,,3.40,45% - 0.2,1,1877977646012616704,极兔快递,JT0014973446644,生活用品,浙江省,
凯泽智慧社区团寄快递_站点-凯泽智慧社区团寄快递,快递,2025-01-11 13:27:13,,1,,6.00,,2.32,42% - 0.2,1,1877950347745742848,韵达快递,312605813091407,生活用品,山东省,
凯泽智慧社区团寄快递_站点-凯泽智慧社区团寄快递,快递,2025-01-11 13:24:15,,1,,6.00,,2.32,42% - 0.2,1,1877949596281655296,极兔快递,JT0014968817141,服饰,浙江省,
凯泽智慧社区团寄快递_站点-凯泽智慧社区团寄快递,快递,2025-01-11 13:09:03,,2,,7.00,,2.81,43% - 0.2,1,1877945769302216704,极兔快递,JT0014968730280,服饰,四川省,
凯泽智慧社区团寄快递_站点-凯泽智慧社区团寄快递,快递,2025-01-11 13:08:18,,2,,7.00,,2.81,43% - 0.2,1,1877945586359259136,极兔快递,JT0014965551650,服饰,四川省,
凯泽智慧社区团寄快递_站点-凯泽智慧社区团寄快递,快递,2025-01-11 13:07:35,,1,,6.00,,2.32,42% - 0.2,1,1877945409091194880,极兔快递,JT0014970323524,服饰,浙江省,
凯泽智慧社区团寄快递_站点-凯泽智慧社区团寄快递,快递,2025-01-11 12:46:21,,3,,8.00,,3.40,45% - 0.2,1,1877940047793410048,极兔快递,JT0014968151971,生活用品,陕西省,
凯泽智慧社区团寄快递_站点-凯泽智慧社区团寄快递,快递,2025-01-11 11:48:12,,1,,6.00,,2.32,42% - 0.2,1,1877925397223755776,极兔快递,JT0014967130003,数码产品,河南省,
凯泽智慧社区团寄快递_站点-凯泽智慧社区团寄快递,快递,2025-01-11 11:05:55,,1.2,,7.00,,2.81,43% - 0.2,1,1877914786402193408,极兔快递,JT0014968644605,服饰,湖北省,
凯泽智慧社区团寄快递_站点-凯泽智慧社区团寄快递,快递,2025-01-11 11:04:59,,1,,6.00,,2.32,42% - 0.2,1,1877914551261122560,极兔快递,JT0014968993653,服饰,广东省,
凯泽智慧社区团寄快递_站点-凯泽智慧社区团寄快递,快递,2025-01-11 10:36:39,,6,,15.00,,5.80,40% - 0.2,1,1877907422647209984,极兔快递,JT0014963756025,食品,陕西省,
凯泽智慧社区团寄快递_站点-凯泽智慧社区团寄快递,快递,2025-01-11 10:28:44,,1,,6.00,,2.32,42% - 0.2,1,1877905419581837312,极兔快递,JT0014966191697,服饰,广东省,
凯泽智慧社区团寄快递_站点-凯泽智慧社区团寄快递,快递,2025-01-11 10:27:36,,1,,6.00,,2.32,42% - 0.2,1,1877905137393258496,极兔快递,JT0014962113431,服饰,浙江省,
凯泽智慧社区团寄快递_站点-凯泽智慧社区团寄快递,快递,2025-01-11 10:26:59,,1,,6.00,,2.32,42% - 0.2,1,1877904987430113280,极兔快递,JT0014967424322,服饰,浙江省,
凯泽智慧社区团寄快递_站点-凯泽智慧社区团寄快递,快递,2025-01-11 10:16:57,,1,,6.00,,2.32,42% - 0.2,1,1877902461284700160,极兔快递,JT0014961174797,生活用品,广东省,
凯泽智慧社区团寄快递_站点-凯泽智慧社区团寄快递,快递,2025-01-10 20:06:05,,1,,6.00,,2.32,42% - 0.2,1,1877688336084422656,极兔快递,JT0014958046321,服饰,山东省,
凯泽智慧社区团寄快递_站点-凯泽智慧社区团寄快递,快递,2025-01-10 20:05:07,,2,,7.00,,2.81,43% - 0.2,1,1877688092907065344,极兔快递,JT0014959610451,服饰,浙江省,
凯泽智慧社区团寄快递_站点-凯泽智慧社区团寄快递,快递,2025-01-10 20:03:55,,2,,7.00,,2.81,43% - 0.2,1,1877687789491113984,极兔快递,JT0014963693490,服饰,湖北省,
凯泽智慧社区团寄快递_站点-凯泽智慧社区团寄快递,快递,2025-01-10 19:33:29,,1,,6.00,,2.32,42% - 0.2,1,1877680135402213376,极兔快递,JT0014959422318,服饰,广东省,
凯泽智慧社区团寄快递_站点-凯泽智慧社区团寄快递,快递,2025-01-10 19:17:49,,1,,6.00,,2.32,42% - 0.2,1,1877676171730407424,极兔快递,JT0014959430955,服饰,福建省,
凯泽智慧社区团寄快递_站点-凯泽智慧社区团寄快递,干洗,2025-01-10 18:13:05,,,,54.00,,16.20,30%,,1877659894651604992,干洗,,"清洗毛呢2件59元   *   1
清洗普通羽绒服2件不分长短49元   *   1",,
凯泽智慧社区团寄快递_站点-凯泽智慧社区团寄快递,快递,2025-01-10 17:39:24,,1,,6.00,,2.32,42% - 0.2,1,1877651424212733952,极兔快递,JT0014960446599,服饰,江苏省,
凯泽智慧社区团寄快递_站点-凯泽智慧社区团寄快递,快递,2025-01-10 17:37:47,,1,,7.00,,1.94,42%,1,1877651017650458624,极兔快递,JT0014956630992,服饰,上海市,
凯泽智慧社区团寄快递_站点-凯泽智慧社区团寄快递,快递,2025-01-10 17:36:17,,1,,6.00,,2.32,42% - 0.2,1,1877650635205431296,极兔快递,JT0014960803638,服饰,江苏省,
凯泽智慧社区团寄快递_站点-凯泽智慧社区团寄快递,快递,2025-01-10 17:25:51,,1,,6.00,,2.32,42% - 0.2,1,1877647994979143680,极兔快递,JT0014957139826,生活用品,黑龙江省,
凯泽智慧社区团寄快递_站点-凯泽智慧社区团寄快递,快递,2025-01-10 17:24:59,,2,,7.00,,2.81,43% - 0.2,1,1877647796794085376,极兔快递,JT0014959887743,服饰,山东省,
凯泽智慧社区团寄快递_站点-凯泽智慧社区团寄快递,快递,2025-01-10 17:23:59,,1,,6.00,,2.32,42% - 0.2,1,1877647533521817600,极兔快递,JT0014959970793,服饰,黑龙江省,
凯泽智慧社区团寄快递_站点-凯泽智慧社区团寄快递,快递,2025-01-10 17:22:58,,1,,6.00,,2.32,42% - 0.2,1,1877647287219703808,极兔快递,JT0014956991505,服饰,广东省,
凯泽智慧社区团寄快递_站点-凯泽智慧社区团寄快递,快递,2025-01-10 16:29:32,,1,,6.00,,2.32,42% - 0.2,1,1877633841321267200,极兔快递,JT0014952760411,服饰,浙江省,
凯泽智慧社区团寄快递_站点-凯泽智慧社区团寄快递,快递,2025-01-10 16:10:01,,1,,6.00,,2.32,42% - 0.2,1,1877628930357514240,极兔快递,JT0014958995351,服饰,辽宁省,
凯泽智慧社区团寄快递_站点-凯泽智慧社区团寄快递,快递,2025-01-10 15:53:00,,7,,17.50,,6.80,40% - 0.2,1,1877624644751904768,极兔快递,JT0014959963749,生鲜类,湖南省,
凯泽智慧社区团寄快递_站点-凯泽智慧社区团寄快递,快递,2025-01-10 15:44:21,,2,,7.00,,2.81,43% - 0.2,1,1877622466054246400,极兔快递,JT0014958138550,生活用品,甘肃省,
凯泽智慧社区团寄快递_站点-凯泽智慧社区团寄快递,快递,2025-01-10 15:24:05,,1,,6.00,,2.32,42% - 0.2,1,1877617278337732608,极兔快递,JT0014956529110,服饰,江苏省,
凯泽智慧社区团寄快递_站点-凯泽智慧社区团寄快递,快递,2025-01-10 14:11:20,,1,,6.00,,2.32,42% - 0.2,1,1877599039348068352,极兔快递,JT0014951348404,服饰,广东省,
凯泽智慧社区团寄快递_站点-凯泽智慧社区团寄快递,快递,2025-01-10 14:02:03,,1,,6.00,,2.32,42% - 0.2,1,1877596721407905792,极兔快递,JT0014956637745,服饰,广东省,
凯泽智慧社区团寄快递_站点-凯泽智慧社区团寄快递,快递,2025-01-10 13:22:46,,1,,6.00,,2.32,42% - 0.2,1,1877586841427038208,极兔快递,JT0014955327631,服饰,广东省,
凯泽智慧社区团寄快递_站点-凯泽智慧社区团寄快递,快递,2025-01-10 13:21:58,,2,,7.00,,2.81,43% - 0.2,1,1877586638041042944,极兔快递,JT0014954387510,服饰,广东省,
凯泽智慧社区团寄快递_站点-凯泽智慧社区团寄快递,快递,2025-01-10 13:17:50,,1,,6.00,,2.32,42% - 0.2,1,1877585599908859904,极兔快递,JT0014955643889,服饰,浙江省,
凯泽智慧社区团寄快递_站点-凯泽智慧社区团寄快递,快递,2025-01-10 11:53:12,,1,,6.00,,2.32,42% - 0.2,1,1877564296078348288,极兔快递,JT0014950955013,服饰,广东省,
凯泽智慧社区团寄快递_站点-凯泽智慧社区团寄快递,干洗,2025-01-10 11:43:25,,,,24.50,,7.35,30%,,1877561834592325632,干洗,,"清洗普通羽绒服2件不分长短49元   *   1",,
凯泽智慧社区团寄快递_站点-凯泽智慧社区团寄快递,快递,2025-01-10 11:21:41,,10,,25.00,,9.80,40% - 0.2,1,1877556367451279360,极兔快递,JT0014951483757,生活用品,云南省,
凯泽智慧社区团寄快递_站点-凯泽智慧社区团寄快递,快递,2025-01-10 11:19:23,,3,,8.00,,3.40,45% - 0.2,1,1877555791120355328,极兔快递,JT0014954035509,服饰,江苏省,
凯泽智慧社区团寄快递_站点-凯泽智慧社区团寄快递,快递,2025-01-10 11:16:44,,2,,7.00,,2.81,43% - 0.2,1,1877555124242796544,极兔快递,JT0014949229657,服饰,江苏省,
凯泽智慧社区团寄快递_站点-凯泽智慧社区团寄快递,快递,2025-01-10 11:14:42,,1,,6.00,,2.32,42% - 0.2,1,1877554592786731008,极兔快递,JT0014951602214,生活用品,广东省,
凯泽智慧社区团寄快递_站点-凯泽智慧社区团寄快递,快递,2025-01-10 09:59:13,,1,,6.00,,2.32,42% - 0.2,1,1877535614215442432,极兔快递,JT0014938891723,服饰,浙江省,
凯泽智慧社区团寄快递_站点-凯泽智慧社区团寄快递,快递,2025-01-10 09:57:50,,3,,8.00,,3.40,45% - 0.2,1,1877535265391955968,极兔快递,JT0014951443353,服饰,安徽省,
凯泽智慧社区团寄快递_站点-凯泽智慧社区团寄快递,快递,2025-01-10 09:55:32,,2,,7.00,,2.81,43% - 0.2,1,1877534687433641984,极兔快递,JT0014945374301,生活用品,浙江省,
凯泽智慧社区团寄快递_站点-凯泽智慧社区团寄快递,快递,2025-01-10 09:43:44,,2,,7.00,,2.81,43% - 0.2,1,1877531697691807744,极兔快递,JT0014950839063,服饰,浙江省,
凯泽智慧社区团寄快递_站点-凯泽智慧社区团寄快递,快递,2025-01-09 21:22:54,,2,,7.00,,2.81,43% - 0.2,1,1877345271775809536,极兔快递,JT0014947953526,服饰,浙江省,
凯泽智慧社区团寄快递_站点-凯泽智慧社区团寄快递,快递,2025-01-09 21:19:47,,1,,6.00,,2.32,42% - 0.2,1,1877344495779237888,极兔快递,JT0014946609412,服饰,江苏省,
凯泽智慧社区团寄快递_站点-凯泽智慧社区团寄快递,快递,2025-01-09 21:14:49,,1,,6.00,,2.32,42% - 0.2,1,1877343233201459200,极兔快递,JT0014923051172,数码产品,浙江省,
凯泽智慧社区团寄快递_站点-凯泽智慧社区团寄快递,快递,2025-01-09 20:23:28,,2,,7.00,,2.81,43% - 0.2,1,1877330317823758336,韵达快递,312604423843080,服饰,浙江省,
凯泽智慧社区团寄快递_站点-凯泽智慧社区团寄快递,快递,2025-01-09 19:46:01,,2,,7.00,,2.81,43% - 0.2,1,1877320900986327040,极兔快递,JT0014947494485,服饰,安徽省,
凯泽智慧社区团寄快递_站点-凯泽智慧社区团寄快递,快递,2025-01-09 19:43:25,,1,,6.00,,2.32,42% - 0.2,1,1877320245437583360,韵达快递,312604408227479,服饰,广东省,
凯泽智慧社区团寄快递_站点-凯泽智慧社区团寄快递,快递,2025-01-09 19:38:10,,1,,6.00,,2.32,42% - 0.2,1,1877318924894523392,极兔快递,JT0014947384702,服饰,广东省,
凯泽智慧社区团寄快递_站点-凯泽智慧社区团寄快递,快递,2025-01-09 19:36:05,,1,,6.00,,2.32,42% - 0.2,1,1877318400619106304,极兔快递,JT0014938260255,服饰,吉林省,
凯泽智慧社区团寄快递_站点-凯泽智慧社区团寄快递,快递,2025-01-09 19:34:31,,2,,7.00,,2.81,43% - 0.2,1,1877317999308099584,极兔快递,JT0014945891440,服饰,湖北省,
凯泽智慧社区团寄快递_站点-凯泽智慧社区团寄快递,快递,2025-01-09 18:14:49,,1,,6.00,,2.32,42% - 0.2,1,1877297932730159104,极兔快递,JT0014945327625,生活用品,浙江省,
凯泽智慧社区团寄快递_站点-凯泽智慧社区团寄快递,快递,2025-01-09 18:13:21,,1,,6.00,,2.32,42% - 0.2,1,1877297557411254272,极兔快递,JT0014947938357,服饰,广东省,
凯泽智慧社区团寄快递_站点-凯泽智慧社区团寄快递,快递,2025-01-09 18:10:51,,1,,6.00,,2.32,42% - 0.2,1,1877296940894703616,极兔快递,JT0014945851230,生活用品,广东省,
凯泽智慧社区团寄快递_站点-凯泽智慧社区团寄快递,快递,2025-01-09 18:05:51,,1,,6.00,,2.32,42% - 0.2,1,1877295693579997184,极兔快递,JT0014942734570,服饰,广东省,
凯泽智慧社区团寄快递_站点-凯泽智慧社区团寄快递,快递,2025-01-09 18:01:36,,1,,6.00,,2.32,42% - 0.2,1,1877294596987604992,极兔快递,JT0014945893498,服饰,福建省,
凯泽智慧社区团寄快递_站点-凯泽智慧社区团寄快递,快递,2025-01-09 18:00:43,,1,,6.00,,2.32,42% - 0.2,1,1877294400232804352,极兔快递,JT0014938016134,服饰,山东省,
凯泽智慧社区团寄快递_站点-凯泽智慧社区团寄快递,快递,2025-01-09 17:50:57,,1,,6.00,,2.32,42% - 0.2,1,1877291933847834624,极兔快递,JT0014944682545,服饰,广东省,
凯泽智慧社区团寄快递_站点-凯泽智慧社区团寄快递,快递,2025-01-09 17:50:20,,1,,6.00,,2.32,42% - 0.2,1,1877291782647369728,极兔快递,JT0014936897633,服饰,广东省,
凯泽智慧社区团寄快递_站点-凯泽智慧社区团寄快递,快递,2025-01-09 17:47:09,,3,,8.00,,3.40,45% - 0.2,1,1877290988451713024,极兔快递,JT0014946197991,生活用品,陕西省,
凯泽智慧社区团寄快递_站点-凯泽智慧社区团寄快递,快递,2025-01-09 17:44:00,,1,,6.00,,2.32,42% - 0.2,1,1877290192909684736,极兔快递,JT0014932459147,服饰,广东省,
凯泽智慧社区团寄快递_站点-凯泽智慧社区团寄快递,快递,2025-01-09 17:42:09,,1,,6.00,,2.32,42% - 0.2,1,1877289729179045888,极兔快递,JT0014940015641,服饰,广东省,
凯泽智慧社区团寄快递_站点-凯泽智慧社区团寄快递,快递,2025-01-09 17:41:38,,2,,7.00,,2.81,43% - 0.2,1,1877289597784084480,极兔快递,JT0014943551622,服饰,河南省,
凯泽智慧社区团寄快递_站点-凯泽智慧社区团寄快递,快递,2025-01-09 17:34:15,,1.2,,7.00,,2.81,43% - 0.2,1,1877287737366990848,极兔快递,JT0014946512566,生活用品,山东省,
凯泽智慧社区团寄快递_站点-凯泽智慧社区团寄快递,快递,2025-01-09 17:33:34,,1,,6.00,,2.32,42% - 0.2,1,1877287568089075712,极兔快递,JT0014946852840,生活用品,山东省,
凯泽智慧社区团寄快递_站点-凯泽智慧社区团寄快递,快递,2025-01-09 17:17:03,,2,,7.00,,2.81,43% - 0.2,1,1877283409134669824,极兔快递,JT0014938566917,服饰,河南省,
凯泽智慧社区团寄快递_站点-凯泽智慧社区团寄快递,快递,2025-01-09 17:11:34,,2,,7.00,,2.81,43% - 0.2,1,1877282010715967488,极兔快递,JT0014944188361,服饰,福建省,
凯泽智慧社区团寄快递_站点-凯泽智慧社区团寄快递,快递,2025-01-09 17:02:01,,2,,7.00,,2.81,43% - 0.2,1,1877279624417038336,极兔快递,JT0014945635042,服饰,河北省,
凯泽智慧社区团寄快递_站点-凯泽智慧社区团寄快递,快递,2025-01-09 16:36:56,,1,,6.00,,2.32,42% - 0.2,1,1877273304188112896,极兔快递,JT0014939978045,服饰,广东省,
凯泽智慧社区团寄快递_站点-凯泽智慧社区团寄快递,快递,2025-01-09 16:36:21,,1,,6.00,,2.32,42% - 0.2,1,1877273168175222784,极兔快递,JT0014945147313,服饰,广东省,
凯泽智慧社区团寄快递_站点-凯泽智慧社区团寄快递,快递,2025-01-09 16:33:38,,2,,7.00,,2.81,43% - 0.2,1,1877272481563463680,极兔快递,JT0014945882804,服饰,陕西省,
凯泽智慧社区团寄快递_站点-凯泽智慧社区团寄快递,快递,2025-01-09 16:24:40,,2,,7.00,,2.81,43% - 0.2,1,1877270223861895168,极兔快递,JT0014945215338,服饰,辽宁省,
凯泽智慧社区团寄快递_站点-凯泽智慧社区团寄快递,快递,2025-01-09 16:07:32,,1,,6.00,,2.32,42% - 0.2,1,1877265915460243456,极兔快递,JT0014944258740,生活用品,江苏省,
凯泽智慧社区团寄快递_站点-凯泽智慧社区团寄快递,快递,2025-01-09 15:49:29,,4,4.0,14.00,0.00,2.00,,,1877261376057298944,京东快递,JDVG03387133098,食品,陕西省,
凯泽智慧社区团寄快递_站点-凯泽智慧社区团寄快递,快递,2025-01-09 15:48:38,,3,3.0,11.00,0.00,1.00,,,1877261158297423872,京东快递,JDVG03387155452,食品,陕西省,
凯泽智慧社区团寄快递_站点-凯泽智慧社区团寄快递,快递,2025-01-09 15:38:33,,2,,7.00,,2.81,43% - 0.2,1,1877258621775302656,极兔快递,JT0014941792973,服饰,浙江省,
凯泽智慧社区团寄快递_站点-凯泽智慧社区团寄快递,快递,2025-01-09 15:25:39,,2,,7.00,,2.81,43% - 0.2,1,1877255369046413312,极兔快递,JT0014941764790,服饰,广东省,
凯泽智慧社区团寄快递_站点-凯泽智慧社区团寄快递,快递,2025-01-09 15:24:58,,1,,6.00,,2.32,42% - 0.2,1,1877255207620235264,极兔快递,JT0014934390168,服饰,浙江省,
凯泽智慧社区团寄快递_站点-凯泽智慧社区团寄快递,快递,2025-01-09 15:22:17,,1,,6.00,,2.32,42% - 0.2,1,1877254527727751168,极兔快递,JT0014941963383,服饰,福建省,
凯泽智慧社区团寄快递_站点-凯泽智慧社区团寄快递,快递,2025-01-09 15:15:34,,3,,8.00,,3.40,45% - 0.2,1,1877252840304726016,极兔快递,JT0014943747795,服饰,江苏省,
凯泽智慧社区团寄快递_站点-凯泽智慧社区团寄快递,快递,2025-01-09 15:14:49,,2,,7.00,,2.81,43% - 0.2,1,1877252649887518720,极兔快递,JT0014943270945,服饰,浙江省,
凯泽智慧社区团寄快递_站点-凯泽智慧社区团寄快递,快递,2025-01-09 15:13:14,,2,,7.00,,2.81,43% - 0.2,1,1877252249998381056,极兔快递,JT0014925844758,服饰,湖北省,
凯泽智慧社区团寄快递_站点-凯泽智慧社区团寄快递,快递,2025-01-09 13:52:03,,1,,6.00,,2.32,42% - 0.2,1,1877231817308033024,极兔快递,JT0014936518048,食品,陕西省,
凯泽智慧社区团寄快递_站点-凯泽智慧社区团寄快递,快递,2025-01-09 13:13:12,,2.2,,8.00,,3.40,45% - 0.2,1,1877222042331566080,极兔快递,JT0014940464159,服饰,江苏省,
凯泽智慧社区团寄快递_站点-凯泽智慧社区团寄快递,快递,2025-01-09 12:11:30,,1,,6.00,,2.32,42% - 0.2,1,1877206511247478784,极兔快递,JT0014938811525,服饰,广东省,
凯泽智慧社区团寄快递_站点-凯泽智慧社区团寄快递,快递,2025-01-09 11:40:40,,1,,6.00,,2.32,42% - 0.2,1,1877198747209093120,极兔快递,JT0014940059307,服饰,福建省,
凯泽智慧社区团寄快递_站点-凯泽智慧社区团寄快递,快递,2025-01-09 11:39:49,,1,,6.00,,2.32,42% - 0.2,1,1877198535048613888,极兔快递,JT0014925832871,服饰,山东省,
凯泽智慧社区团寄快递_站点-凯泽智慧社区团寄快递,快递,2025-01-09 11:39:01,,1,,6.00,,2.32,42% - 0.2,1,1877198342014160896,极兔快递,JT0014936494030,服饰,福建省,
凯泽智慧社区团寄快递_站点-凯泽智慧社区团寄快递,快递,2025-01-09 11:26:24,,3,,8.00,,3.40,45% - 0.2,1,1877195164283621376,极兔快递,JT0014939335490,服饰,广东省,
凯泽智慧社区团寄快递_站点-凯泽智慧社区团寄快递,快递,2025-01-09 11:15:31,,1,,6.00,,2.32,42% - 0.2,1,1877192426229387264,极兔快递,JT0014935338469,生活用品,陕西省,
凯泽智慧社区团寄快递_站点-凯泽智慧社区团寄快递,快递,2025-01-09 10:58:24,,1,,6.00,,2.32,42% - 0.2,1,1877188121619386368,极兔快递,JT0014936461368,服饰,河北省,
凯泽智慧社区团寄快递_站点-凯泽智慧社区团寄快递,快递,2025-01-09 10:56:21,,1,,6.00,,2.32,42% - 0.2,1,1877187602272276480,极兔快递,JT0014938397877,服饰,广东省,
凯泽智慧社区团寄快递_站点-凯泽智慧社区团寄快递,快递,2025-01-08 20:36:39,,1,,6.00,,2.32,42% - 0.2,1,1876971253159743488,极兔快递,JT0014933039650,生活用品,山东省,
凯泽智慧社区团寄快递_站点-凯泽智慧社区团寄快递,快递,2025-01-08 20:20:53,,1,,6.00,,2.32,42% - 0.2,1,1876967288179314688,极兔快递,JT0014927456701,生活用品,福建省,
凯泽智慧社区团寄快递_站点-凯泽智慧社区团寄快递,快递,2025-01-08 20:19:11,,1,,6.00,,2.32,42% - 0.2,1,1876966860347723776,极兔快递,JT0014931897388,服饰,广东省,
凯泽智慧社区团寄快递_站点-凯泽智慧社区团寄快递,快递,2025-01-08 19:50:55,,1,,6.00,,2.32,42% - 0.2,1,1876959743171678208,极兔快递,JT0014929862518,服饰,浙江省,
凯泽智慧社区团寄快递_站点-凯泽智慧社区团寄快递,快递,2025-01-08 19:26:36,,1,,6.00,,2.32,42% - 0.2,1,1876953621849231360,极兔快递,JT0014932649550,服饰,河北省,
凯泽智慧社区团寄快递_站点-凯泽智慧社区团寄快递,快递,2025-01-08 18:42:35,,1,,6.00,,2.32,42% - 0.2,1,1876942522106040320,极兔快递,JT0014926321504,服饰,广东省,
凯泽智慧社区团寄快递_站点-凯泽智慧社区团寄快递,干洗,2025-01-08 18:37:28,,,,24.50,,7.35,30%,,1876941259800891392,干洗,,"清洗普通羽绒服2件不分长短49元   *   1",,
凯泽智慧社区团寄快递_站点-凯泽智慧社区团寄快递,快递,2025-01-08 18:27:33,,2,,7.00,,2.81,43% - 0.2,1,1876938765909676032,极兔快递,JT0014932361464,服饰,浙江省,
凯泽智慧社区团寄快递_站点-凯泽智慧社区团寄快递,快递,2025-01-08 18:23:33,,1,,6.00,,2.32,42% - 0.2,1,1876937749990526976,极兔快递,JT0014928851635,服饰,江苏省,
凯泽智慧社区团寄快递_站点-凯泽智慧社区团寄快递,快递,2025-01-08 18:23:06,,1,,6.00,,2.32,42% - 0.2,1,1876937644839325696,极兔快递,JT0014930444785,服饰,江苏省,
凯泽智慧社区团寄快递_站点-凯泽智慧社区团寄快递,快递,2025-01-08 18:14:09,,1,,6.00,,2.32,42% - 0.2,1,1876935391210426368,极兔快递,JT0014931331466,服饰,广东省,
凯泽智慧社区团寄快递_站点-凯泽智慧社区团寄快递,快递,2025-01-08 17:51:01,,1,,6.00,,2.32,42% - 0.2,1,1876929571282276352,极兔快递,JT0014932151193,服饰,江苏省,
凯泽智慧社区团寄快递_站点-凯泽智慧社区团寄快递,快递,2025-01-08 17:43:54,,2,,7.00,,2.81,43% - 0.2,1,1876927775759454208,极兔快递,JT0014930153741,生活用品,浙江省,
凯泽智慧社区团寄快递_站点-凯泽智慧社区团寄快递,快递,2025-01-08 17:29:16,,1,,6.00,,2.32,42% - 0.2,1,1876924095895228416,极兔快递,JT0014931646164,服饰,广东省,
凯泽智慧社区团寄快递_站点-凯泽智慧社区团寄快递,快递,2025-01-08 16:54:54,,1,,6.00,,2.32,42% - 0.2,1,1876915445772374016,极兔快递,JT0014930544451,生活用品,广东省,
凯泽智慧社区团寄快递_站点-凯泽智慧社区团寄快递,快递,2025-01-08 16:36:23,,1,,6.00,,2.32,42% - 0.2,1,1876910788291383296,极兔快递,JT0014928666433,服饰,浙江省,
凯泽智慧社区团寄快递_站点-凯泽智慧社区团寄快递,快递,2025-01-08 16:34:55,,2,,7.00,,2.81,43% - 0.2,1,1876910419955994624,极兔快递,JT0014926502509,服饰,广东省,
凯泽智慧社区团寄快递_站点-凯泽智慧社区团寄快递,快递,2025-01-08 16:21:41,,20,,50.00,,19.80,40% - 0.2,1,1876907089506652160,极兔快递,JT0014919480500,生活用品,河北省,
凯泽智慧社区团寄快递_站点-凯泽智慧社区团寄快递,快递,2025-01-08 15:38:49,,2,,7.00,,2.81,43% - 0.2,1,1876896291988230144,极兔快递,JT0014925957666,服饰,江苏省,
凯泽智慧社区团寄快递_站点-凯泽智慧社区团寄快递,快递,2025-01-08 15:38:01,,2,,7.00,,2.81,43% - 0.2,1,1876896101839458304,极兔快递,JT0014929941361,服饰,浙江省,
凯泽智慧社区团寄快递_站点-凯泽智慧社区团寄快递,快递,2025-01-08 15:28:32,,1,,6.00,,2.32,42% - 0.2,1,1876893716559745024,极兔快递,JT0014921154623,数码产品,广东省,
凯泽智慧社区团寄快递_站点-凯泽智慧社区团寄快递,快递,2025-01-08 15:03:16,,1,,6.00,,2.32,42% - 0.2,1,1876887353297260544,极兔快递,JT0014920615223,服饰,辽宁省,
凯泽智慧社区团寄快递_站点-凯泽智慧社区团寄快递,快递,2025-01-08 14:49:36,,1,,6.00,,2.32,42% - 0.2,1,1876883913527578624,极兔快递,JT0014923838581,服饰,广东省,
凯泽智慧社区团寄快递_站点-凯泽智慧社区团寄快递,快递,2025-01-08 14:47:14,,2,,7.00,,2.81,43% - 0.2,1,1876883319253422080,极兔快递,JT0014923016917,服饰,江苏省,
凯泽智慧社区团寄快递_站点-凯泽智慧社区团寄快递,快递,2025-01-08 14:40:01,,1,,6.00,,2.32,42% - 0.2,1,1876881502889103360,极兔快递,JT0014924154028,生活用品,河南省,
凯泽智慧社区团寄快递_站点-凯泽智慧社区团寄快递,快递,2025-01-08 14:06:20,,1,,6.00,,2.32,42% - 0.2,1,1876873023969349632,极兔快递,JT0014925075070,服饰,浙江省,
凯泽智慧社区团寄快递_站点-凯泽智慧社区团寄快递,快递,2025-01-08 13:45:42,,1,,6.00,,2.32,42% - 0.2,1,1876867834612862976,极兔快递,JT0014926030048,服饰,山东省,
凯泽智慧社区团寄快递_站点-凯泽智慧社区团寄快递,快递,2025-01-08 13:40:10,,1.2,,7.00,,2.81,43% - 0.2,1,1876866442980544512,极兔快递,JT0014926438246,服饰,河南省,
凯泽智慧社区团寄快递_站点-凯泽智慧社区团寄快递,快递,2025-01-08 12:54:53,,1,,6.00,,2.32,42% - 0.2,1,1876855044053454848,极兔快递,JT0014922304309,文件,陕西省,
凯泽智慧社区团寄快递_站点-凯泽智慧社区团寄快递,快递,2025-01-08 12:35:55,,1,,6.00,,2.32,42% - 0.2,1,1876850273665994752,极兔快递,JT0014924868817,服饰,浙江省,
凯泽智慧社区团寄快递_站点-凯泽智慧社区团寄快递,快递,2025-01-08 12:01:58,,1,,6.00,,2.32,42% - 0.2,1,1876841720729358336,极兔快递,JT0014918791113,服饰,广东省,
凯泽智慧社区团寄快递_站点-凯泽智慧社区团寄快递,快递,2025-01-08 12:01:19,,1,,6.00,,2.32,42% - 0.2,1,1876841565137457152,极兔快递,JT0014911234847,服饰,广东省,
凯泽智慧社区团寄快递_站点-凯泽智慧社区团寄快递,快递,2025-01-08 11:58:22,,1,,6.00,,2.32,42% - 0.2,1,1876840823001501696,极兔快递,JT0014919091632,生活用品,广东省,
凯泽智慧社区团寄快递_站点-凯泽智慧社区团寄快递,快递,2025-01-08 11:51:49,,1,,6.00,,2.32,42% - 0.2,1,1876839177534099456,极兔快递,JT0014924431165,服饰,江苏省,
凯泽智慧社区团寄快递_站点-凯泽智慧社区团寄快递,快递,2025-01-08 11:50:26,,1,,6.00,,2.32,42% - 0.2,1,1876838828836442112,极兔快递,JT0014924308327,服饰,广东省,
凯泽智慧社区团寄快递_站点-凯泽智慧社区团寄快递,快递,2025-01-08 11:12:56,,1,,6.00,,2.32,42% - 0.2,1,1876829386506031104,极兔快递,JT0014923574671,服饰,福建省,
凯泽智慧社区团寄快递_站点-凯泽智慧社区团寄快递,快递,2025-01-08 10:37:20,,1,,6.00,,2.32,42% - 0.2,1,1876820429968297984,极兔快递,JT0014922990534,服饰,山东省,
凯泽智慧社区团寄快递_站点-凯泽智慧社区团寄快递,快递,2025-01-08 10:04:22,,1,,6.00,,2.32,42% - 0.2,1,1876812124940193792,极兔快递,JT0014913548552,服饰,广东省,
凯泽智慧社区团寄快递_站点-凯泽智慧社区团寄快递,快递,2025-01-08 10:03:43,,1,,6.00,,2.32,42% - 0.2,1,1876811938935394304,极兔快递,JT0014922205998,服饰,广东省,
凯泽智慧社区团寄快递_站点-凯泽智慧社区团寄快递,快递,2025-01-08 10:02:53,,1,,6.00,,2.32,42% - 0.2,1,1876811759108804608,极兔快递,JT0014915656621,服饰,浙江省,
凯泽智慧社区团寄快递_站点-凯泽智慧社区团寄快递,快递,2025-01-07 21:59:25,,1,,6.00,,2.32,42% - 0.2,1,1876629694602072064,极兔快递,JT0014916098024,生活用品,吉林省,
凯泽智慧社区团寄快递_站点-凯泽智慧社区团寄快递,快递,2025-01-07 21:49:07,,1,,6.00,,2.32,42% - 0.2,1,1876627102903881728,极兔快递,JT0014915051988,服饰,浙江省,
凯泽智慧社区团寄快递_站点-凯泽智慧社区团寄快递,快递,2025-01-07 21:40:26,,1,,6.00,,2.32,42% - 0.2,1,1876624917386285056,极兔快递,JT0014915622372,服饰,安徽省,
凯泽智慧社区团寄快递_站点-凯泽智慧社区团寄快递,快递,2025-01-07 18:50:19,,1,,6.00,,2.32,42% - 0.2,1,1876582103914958848,极兔快递,JT0014918745542,生活用品,广东省,
凯泽智慧社区团寄快递_站点-凯泽智慧社区团寄快递,快递,2025-01-07 18:34:01,,5,,12.50,,4.80,40% - 0.2,1,1876578003408179200,极兔快递,JT0014915858711,服饰,陕西省,
凯泽智慧社区团寄快递_站点-凯泽智慧社区团寄快递,快递,2025-01-07 18:29:55,,1,,6.00,,2.32,42% - 0.2,1,1876576966186160128,极兔快递,JT0014916266321,服饰,江苏省,
凯泽智慧社区团寄快递_站点-凯泽智慧社区团寄快递,快递,2025-01-07 18:28:57,,1,,6.00,,2.32,42% - 0.2,1,1876576728050356224,极兔快递,JT0014915032207,服饰,江苏省,
凯泽智慧社区团寄快递_站点-凯泽智慧社区团寄快递,快递,2025-01-07 18:21:58,,1,,6.00,,2.32,42% - 0.2,1,1876574972356644864,极兔快递,JT0014915211882,服饰,广东省,
凯泽智慧社区团寄快递_站点-凯泽智慧社区团寄快递,干洗,2025-01-07 18:17:33,,,,24.50,,7.35,30%,,1876573858848624640,干洗,,"清洗普通羽绒服2件不分长短49元   *   1",,
凯泽智慧社区团寄快递_站点-凯泽智慧社区团寄快递,快递,2025-01-07 18:05:42,,1,,6.00,,2.32,42% - 0.2,1,1876570879873568768,极兔快递,JT0014917649799,服饰,陕西省,
凯泽智慧社区团寄快递_站点-凯泽智慧社区团寄快递,快递,2025-01-07 17:41:33,,1,,6.00,,2.32,42% - 0.2,1,1876564778738307072,极兔快递,JT0014906818112,生活用品,浙江省,
凯泽智慧社区团寄快递_站点-凯泽智慧社区团寄快递,快递,2025-01-07 17:29:50,,1,,6.00,,2.32,42% - 0.2,1,1876561852666007552,极兔快递,JT0014911640232,生活用品,河北省,
凯泽智慧社区团寄快递_站点-凯泽智慧社区团寄快递,快递,2025-01-07 17:14:26,,1,,6.00,,2.32,42% - 0.2,1,1876557972154667008,极兔快递,JT0014916664341,服饰,广东省,
凯泽智慧社区团寄快递_站点-凯泽智慧社区团寄快递,快递,2025-01-07 17:07:48,,3,,8.00,,3.40,45% - 0.2,1,1876556308181995520,极兔快递,JT0014916349320,食品,河北省,
凯泽智慧社区团寄快递_站点-凯泽智慧社区团寄快递,快递,2025-01-07 17:07:03,,5,,12.50,,4.80,40% - 0.2,1,1876556122244304896,极兔快递,JT0014914392500,食品,河北省,
凯泽智慧社区团寄快递_站点-凯泽智慧社区团寄快递,快递,2025-01-07 17:06:10,,1,,6.00,,2.32,42% - 0.2,1,1876555896372645888,极兔快递,JT0014914305186,服饰,浙江省,
凯泽智慧社区团寄快递_站点-凯泽智慧社区团寄快递,快递,2025-01-07 17:04:36,2025-01-07 17:05:43,3,,8.00,,0.00,,1,1876555502137430016,极兔快递,JT0014916956456,食品,浙江省,已全额退款
凯泽智慧社区团寄快递_站点-凯泽智慧社区团寄快递,快递,2025-01-07 17:03:56,2025-01-07 17:05:39,5,,12.50,,0.00,,1,1876555332804988928,极兔快递,JT0014917013132,食品,浙江省,已全额退款
凯泽智慧社区团寄快递_站点-凯泽智慧社区团寄快递,快递,2025-01-07 16:56:56,,4,,10.00,,3.80,40% - 0.2,1,1876553569150488576,极兔快递,JT0014913653518,生活用品,江苏省,
凯泽智慧社区团寄快递_站点-凯泽智慧社区团寄快递,快递,2025-01-07 16:55:13,,3,,8.00,,3.40,45% - 0.2,1,1876553140144492544,极兔快递,JT0014913291818,食品,陕西省,
凯泽智慧社区团寄快递_站点-凯泽智慧社区团寄快递,快递,2025-01-07 16:54:16,,5,,12.50,,4.80,40% - 0.2,1,1876552901761224704,极兔快递,JT0014911013332,食品,陕西省,
凯泽智慧社区团寄快递_站点-凯泽智慧社区团寄快递,快递,2025-01-07 16:49:13,,3,,8.00,,3.40,45% - 0.2,1,1876551628655742976,极兔快递,JT0014908010846,食品,陕西省,
凯泽智慧社区团寄快递_站点-凯泽智慧社区团寄快递,快递,2025-01-07 16:48:33,,5,,12.50,,4.80,40% - 0.2,1,1876551463354028032,极兔快递,JT0014915351146,食品,陕西省,
凯泽智慧社区团寄快递_站点-凯泽智慧社区团寄快递,快递,2025-01-07 16:44:16,,1,,6.00,,2.32,42% - 0.2,1,1876550385568894976,极兔快递,JT0014911043541,服饰,浙江省,
凯泽智慧社区团寄快递_站点-凯泽智慧社区团寄快递,快递,2025-01-07 16:39:40,,1,,6.00,,2.32,42% - 0.2,1,1876549224438747136,极兔快递,JT0014914653607,服饰,江苏省,
凯泽智慧社区团寄快递_站点-凯泽智慧社区团寄快递,快递,2025-01-07 16:23:39,,1,,6.00,,2.32,42% - 0.2,1,1876545197957238784,极兔快递,JT0014915305447,服饰,浙江省,
凯泽智慧社区团寄快递_站点-凯泽智慧社区团寄快递,快递,2025-01-07 16:13:24,,1,,6.00,,2.32,42% - 0.2,1,1876542619911507968,极兔快递,JT0014913462362,服饰,江苏省,
凯泽智慧社区团寄快递_站点-凯泽智慧社区团寄快递,快递,2025-01-07 15:05:26,,1,,6.00,,2.32,42% - 0.2,1,1876525510649237504,极兔快递,JT0014913883081,服饰,江苏省,
凯泽智慧社区团寄快递_站点-凯泽智慧社区团寄快递,快递,2025-01-07 14:46:23,,1,,6.00,,2.32,42% - 0.2,1,1876520717448957952,极兔快递,JT0014906941450,服饰,河北省,
凯泽智慧社区团寄快递_站点-凯泽智慧社区团寄快递,快递,2025-01-07 14:05:50,,1,,6.00,,2.32,42% - 0.2,1,1876510512073986048,极兔快递,JT0014907437792,服饰,浙江省,
凯泽智慧社区团寄快递_站点-凯泽智慧社区团寄快递,快递,2025-01-07 13:37:21,,3,,9.00,,3.05,45%,1,1876503343500939264,极兔快递,JT0014902380351,服饰,上海市,
凯泽智慧社区团寄快递_站点-凯泽智慧社区团寄快递,快递,2025-01-07 13:07:09,,1,,6.00,,2.32,42% - 0.2,1,1876495743757635584,极兔快递,JT0014910430866,服饰,河南省,
凯泽智慧社区团寄快递_站点-凯泽智慧社区团寄快递,快递,2025-01-07 11:56:58,,1,,6.00,,2.32,42% - 0.2,1,1876478083934244864,韵达快递,312602673335740,服饰,浙江省,
凯泽智慧社区团寄快递_站点-凯泽智慧社区团寄快递,快递,2025-01-07 11:27:20,,1,,6.00,,2.32,42% - 0.2,1,1876470617305567232,极兔快递,JT0014904490912,服饰,河南省,
凯泽智慧社区团寄快递_站点-凯泽智慧社区团寄快递,快递,2025-01-07 11:26:20,,1,,6.00,,2.32,42% - 0.2,1,1876470375063539712,极兔快递,JT0014910038628,服饰,广东省,
凯泽智慧社区团寄快递_站点-凯泽智慧社区团寄快递,快递,2025-01-07 11:17:03,,1,,6.00,,2.32,42% - 0.2,1,1876468038794268672,极兔快递,JT0014908788921,食品,河北省,
凯泽智慧社区团寄快递_站点-凯泽智慧社区团寄快递,快递,2025-01-07 11:13:59,,1,,6.00,,2.32,42% - 0.2,1,1876467267298185216,极兔快递,JT0014907814777,生活用品,福建省,
凯泽智慧社区团寄快递_站点-凯泽智慧社区团寄快递,快递,2025-01-07 11:07:30,,2,,7.00,,2.81,43% - 0.2,1,1876465632140382208,极兔快递,JT0014908586181,食品,陕西省,
凯泽智慧社区团寄快递_站点-凯泽智慧社区团寄快递,快递,2025-01-07 10:54:39,,1,,6.00,,2.32,42% - 0.2,1,1876462401922322432,极兔快递,JT0014908598468,服饰,广东省,
凯泽智慧社区团寄快递_站点-凯泽智慧社区团寄快递,快递,2025-01-07 09:27:37,,1,,6.00,,2.32,42% - 0.2,1,1876440495168999424,极兔快递,JT0014903838719,生活用品,湖北省,
凯泽智慧社区团寄快递_站点-凯泽智慧社区团寄快递,快递,2025-01-07 09:11:15,,1,,6.00,,2.32,42% - 0.2,1,1876436379051020288,极兔快递,JT0014904179381,服饰,广东省,
凯泽智慧社区团寄快递_站点-凯泽智慧社区团寄快递,快递,2025-01-07 08:56:05,,1.2,,7.00,,2.81,43% - 0.2,1,1876432559780712448,极兔快递,JT0014906589044,生活用品,浙江省,
凯泽智慧社区团寄快递_站点-凯泽智慧社区团寄快递,快递,2025-01-07 08:52:31,,3,,8.00,,3.40,45% - 0.2,1,1876431665915809792,极兔快递,JT0014906765250,生活用品,山东省,
凯泽智慧社区团寄快递_站点-凯泽智慧社区团寄快递,快递,2025-01-07 08:50:37,,1,,6.00,,2.32,42% - 0.2,1,1876431180949409792,极兔快递,JT0014906610006,服饰,浙江省,
凯泽智慧社区团寄快递_站点-凯泽智慧社区团寄快递,快递,2025-01-07 08:50:00,,1,,6.00,,2.32,42% - 0.2,1,1876431017757429760,极兔快递,JT0014903607125,服饰,浙江省,
凯泽智慧社区团寄快递_站点-凯泽智慧社区团寄快递,快递,2025-01-07 08:49:13,,1,,6.00,,2.32,42% - 0.2,1,1876430817206784000,极兔快递,JT0014905810693,服饰,浙江省,
凯泽智慧社区团寄快递_站点-凯泽智慧社区团寄快递,快递,2025-01-07 08:48:09,,1,,6.00,,2.32,42% - 0.2,1,1876430562662862848,极兔快递,JT0014906128837,服饰,浙江省,
凯泽智慧社区团寄快递_站点-凯泽智慧社区团寄快递,快递,2025-01-07 08:46:18,,1,,6.00,,2.32,42% - 0.2,1,1876430099196465152,极兔快递,JT0014905732761,服饰,湖北省,
凯泽智慧社区团寄快递_站点-凯泽智慧社区团寄快递,快递,2025-01-06 20:46:22,,7,,17.50,,6.80,40% - 0.2,1,1876248920199581696,极兔快递,JT0014903288660,生活用品,河南省,
凯泽智慧社区团寄快递_站点-凯泽智慧社区团寄快递,快递,2025-01-06 20:13:35,,2,,7.00,,2.81,43% - 0.2,1,1876240670204940288,极兔快递,JT0014903730057,服饰,河北省,
凯泽智慧社区团寄快递_站点-凯泽智慧社区团寄快递,快递,2025-01-06 20:10:52,,1,,6.00,,2.32,42% - 0.2,1,1876239980694917120,极兔快递,JT0014894761353,食品,安徽省,
凯泽智慧社区团寄快递_站点-凯泽智慧社区团寄快递,快递,2025-01-06 20:00:59,,1,,6.00,,2.32,42% - 0.2,1,1876237500984643584,极兔快递,JT0014900232138,服饰,浙江省,
凯泽智慧社区团寄快递_站点-凯泽智慧社区团寄快递,快递,2025-01-06 19:23:52,,1,,6.00,,2.32,42% - 0.2,1,1876228158273146880,极兔快递,JT0014902772904,生活用品,江苏省,
凯泽智慧社区团寄快递_站点-凯泽智慧社区团寄快递,快递,2025-01-06 19:03:00,,1,,6.00,,2.32,42% - 0.2,1,1876222905825939456,极兔快递,JT0014902409008,生活用品,浙江省,
凯泽智慧社区团寄快递_站点-凯泽智慧社区团寄快递,快递,2025-01-06 19:01:49,,1,,6.00,,2.32,42% - 0.2,1,1876222608353316864,极兔快递,JT0014902146225,生活用品,广东省,
凯泽智慧社区团寄快递_站点-凯泽智慧社区团寄快递,快递,2025-01-06 18:50:46,,1,,6.00,,2.32,42% - 0.2,1,1876219829475921920,极兔快递,JT0014894306578,服饰,山东省,
凯泽智慧社区团寄快递_站点-凯泽智慧社区团寄快递,快递,2025-01-06 18:19:44,,1.2,,7.00,,2.81,43% - 0.2,1,1876212018536955904,极兔快递,JT0014902005306,服饰,湖北省,
凯泽智慧社区团寄快递_站点-凯泽智慧社区团寄快递,快递,2025-01-06 17:53:55,,2,,7.00,,2.81,43% - 0.2,1,1876205522608635904,极兔快递,JT0014902316786,生活用品,山东省,
凯泽智慧社区团寄快递_站点-凯泽智慧社区团寄快递,快递,2025-01-06 17:42:38,,1,,6.00,,2.32,42% - 0.2,1,1876202685677879296,极兔快递,JT0014900628543,服饰,江苏省,
凯泽智慧社区团寄快递_站点-凯泽智慧社区团寄快递,快递,2025-01-06 17:38:12,,2,,7.00,,2.81,43% - 0.2,1,1876201566356553728,极兔快递,JT0014898950301,服饰,湖南省,
凯泽智慧社区团寄快递_站点-凯泽智慧社区团寄快递,快递,2025-01-06 17:19:10,,1,,6.00,,2.32,42% - 0.2,1,1876196774494257152,极兔快递,JT0014902053481,服饰,福建省,
凯泽智慧社区团寄快递_站点-凯泽智慧社区团寄快递,快递,2025-01-06 16:31:26,,1,,6.00,,2.32,42% - 0.2,1,1876184766319345664,极兔快递,JT0014898149093,生活用品,福建省,
凯泽智慧社区团寄快递_站点-凯泽智慧社区团寄快递,快递,2025-01-06 16:22:08,,1,,6.00,,2.32,42% - 0.2,1,1876182425532809216,极兔快递,JT0014900740269,服饰,河南省,
凯泽智慧社区团寄快递_站点-凯泽智慧社区团寄快递,快递,2025-01-06 16:16:05,,1,,6.00,,2.32,42% - 0.2,1,1876180893072539648,极兔快递,JT0014900024165,服饰,浙江省,
凯泽智慧社区团寄快递_站点-凯泽智慧社区团寄快递,快递,2025-01-06 16:15:24,,1,,6.00,,2.32,42% - 0.2,1,1876180727884808192,极兔快递,JT0014898899268,服饰,浙江省,
凯泽智慧社区团寄快递_站点-凯泽智慧社区团寄快递,快递,2025-01-06 16:06:14,,1,,6.00,,2.32,42% - 0.2,1,1876178423571939328,极兔快递,JT0014889345878,服饰,江西省,
凯泽智慧社区团寄快递_站点-凯泽智慧社区团寄快递,快递,2025-01-06 15:28:40,,1,,6.00,,2.32,42% - 0.2,1,1876168967347941376,极兔快递,JT0014899078554,服饰,广东省,
凯泽智慧社区团寄快递_站点-凯泽智慧社区团寄快递,快递,2025-01-06 13:10:21,,2,,7.00,,2.81,43% - 0.2,1,1876134156742864896,极兔快递,JT0014889491565,食品,吉林省,
凯泽智慧社区团寄快递_站点-凯泽智慧社区团寄快递,快递,2025-01-06 13:09:08,,1,,6.00,,2.32,42% - 0.2,1,1876133856191623168,极兔快递,JT0014895533483,服饰,吉林省,
凯泽智慧社区团寄快递_站点-凯泽智慧社区团寄快递,快递,2025-01-06 11:56:03,,1,,6.00,,2.32,42% - 0.2,1,1876115463807873024,极兔快递,JT0014891077149,生活用品,浙江省,
凯泽智慧社区团寄快递_站点-凯泽智慧社区团寄快递,快递,2025-01-06 11:18:00,,1,,6.00,,2.32,42% - 0.2,1,1876105890548068352,极兔快递,JT0014894082540,服饰,江苏省,
凯泽智慧社区团寄快递_站点-凯泽智慧社区团寄快递,快递,2025-01-06 11:15:25,,1.1,,7.00,,2.81,43% - 0.2,1,1876105236693823488,极兔快递,JT0014891998146,服饰,浙江省,
凯泽智慧社区团寄快递_站点-凯泽智慧社区团寄快递,快递,2025-01-06 11:06:39,,2,,7.00,,2.81,43% - 0.2,1,1876103030259232768,极兔快递,JT0014889500661,服饰,浙江省,
凯泽智慧社区团寄快递_站点-凯泽智慧社区团寄快递,快递,2025-01-06 11:05:58,,1,,6.00,,2.32,42% - 0.2,1,1876102858431180800,极兔快递,JT0014893820643,服饰,江苏省,
凯泽智慧社区团寄快递_站点-凯泽智慧社区团寄快递,快递,2025-01-06 11:04:55,2025-01-06 11:05:32,2,,7.00,,0.00,,1,1876102595125358592,极兔快递,JT0014893800741,服饰,江苏省,已全额退款
凯泽智慧社区团寄快递_站点-凯泽智慧社区团寄快递,快递,2025-01-06 11:03:35,,3,,8.00,,3.40,45% - 0.2,1,1876102259778170880,极兔快递,JT0014893604305,生活用品,河北省,
凯泽智慧社区团寄快递_站点-凯泽智慧社区团寄快递,快递,2025-01-06 11:01:58,,1,,6.00,,2.32,42% - 0.2,1,1876101853673074688,极兔快递,JT0014893984877,服饰,浙江省,
凯泽智慧社区团寄快递_站点-凯泽智慧社区团寄快递,快递,2025-01-06 10:43:52,,5,,12.50,,4.80,40% - 0.2,1,1876097300814802944,极兔快递,JT0014893101420,食品,陕西省,
凯泽智慧社区团寄快递_站点-凯泽智慧社区团寄快递,快递,2025-01-06 10:42:45,,5,,12.50,,4.80,40% - 0.2,1,1876097017057554432,极兔快递,JT0014887057397,食品,陕西省,
凯泽智慧社区团寄快递_站点-凯泽智慧社区团寄快递,快递,2025-01-06 10:28:15,,1,,6.00,,2.32,42% - 0.2,1,1876093336044089344,极兔快递,JT0014891215865,服饰,广东省,
凯泽智慧社区团寄快递_站点-凯泽智慧社区团寄快递,快递,2025-01-06 10:27:11,,1,,6.00,,2.32,42% - 0.2,1,1876093095844687872,极兔快递,JT0014893007192,服饰,广东省,
凯泽智慧社区团寄快递_站点-凯泽智慧社区团寄快递,快递,2025-01-05 21:21:31,,1,,6.00,,2.32,42% - 0.2,1,1875895380963667968,极兔快递,JT0014876141491,服饰,湖北省,
凯泽智慧社区团寄快递_站点-凯泽智慧社区团寄快递,快递,2025-01-05 21:03:05,,2,,7.00,,2.81,43% - 0.2,1,1875890740339585024,极兔快递,JT0014884456505,服饰,浙江省,
凯泽智慧社区团寄快递_站点-凯泽智慧社区团寄快递,快递,2025-01-05 21:01:02,,5,,12.50,,4.80,40% - 0.2,1,1875890184409755648,极兔快递,JT0014887783292,服饰,广东省,
凯泽智慧社区团寄快递_站点-凯泽智慧社区团寄快递,干洗,2025-01-05 20:58:04,,,,19.80,,5.94,30%,,1875889476004392960,干洗,,"清洗鞋19.8元两双   *   1
清洗鞋19.8元两双   *   1",,
凯泽智慧社区团寄快递_站点-凯泽智慧社区团寄快递,快递,2025-01-05 20:40:59,,2,,7.00,,2.81,43% - 0.2,1,1875885155267293184,极兔快递,JT0014889868833,生活用品,河北省,
凯泽智慧社区团寄快递_站点-凯泽智慧社区团寄快递,快递,2025-01-05 20:39:38,,1,,6.00,,2.32,42% - 0.2,1,1875884830221316096,极兔快递,JT0014882324094,服饰,浙江省,
凯泽智慧社区团寄快递_站点-凯泽智慧社区团寄快递,快递,2025-01-05 20:38:44,,1,,6.00,,2.32,42% - 0.2,1,1875884606564249600,极兔快递,JT0014889264961,服饰,广东省,
凯泽智慧社区团寄快递_站点-凯泽智慧社区团寄快递,快递,2025-01-05 20:37:51,,1,,6.00,,2.32,42% - 0.2,1,1875884382898794496,极兔快递,JT0014888422240,服饰,浙江省,
凯泽智慧社区团寄快递_站点-凯泽智慧社区团寄快递,快递,2025-01-05 20:37:13,,1,,6.00,,2.32,42% - 0.2,1,1875884230880440320,极兔快递,JT0014889915863,服饰,河北省,
凯泽智慧社区团寄快递_站点-凯泽智慧社区团寄快递,快递,2025-01-05 20:35:52,,1,,6.00,,2.32,42% - 0.2,1,1875883888671371264,极兔快递,JT0014889096786,服饰,浙江省,
凯泽智慧社区团寄快递_站点-凯泽智慧社区团寄快递,快递,2025-01-05 20:30:39,,1,,6.00,,2.32,42% - 0.2,1,1875882580560228352,极兔快递,JT0014889385844,服饰,广东省,
凯泽智慧社区团寄快递_站点-凯泽智慧社区团寄快递,快递,2025-01-05 20:26:16,,2,,7.00,,2.81,43% - 0.2,1,1875881474929111040,极兔快递,JT0014887225322,服饰,广东省,
凯泽智慧社区团寄快递_站点-凯泽智慧社区团寄快递,快递,2025-01-05 20:14:26,,1,,6.00,,2.32,42% - 0.2,1,1875878490518237184,极兔快递,JT0014871287676,服饰,河南省,
凯泽智慧社区团寄快递_站点-凯泽智慧社区团寄快递,快递,2025-01-05 20:13:52,,1,,6.00,,2.32,42% - 0.2,1,1875878348767539200,极兔快递,JT0014888382270,服饰,广东省,
凯泽智慧社区团寄快递_站点-凯泽智慧社区团寄快递,快递,2025-01-05 20:12:58,,1,,6.00,,2.32,42% - 0.2,1,1875878129585795072,极兔快递,JT0014888413232,服饰,浙江省,
凯泽智慧社区团寄快递_站点-凯泽智慧社区团寄快递,快递,2025-01-05 19:55:25,,2,,7.00,,2.81,43% - 0.2,1,1875873710718758912,极兔快递,JT0014888229117,服饰,广东省,
凯泽智慧社区团寄快递_站点-凯泽智慧社区团寄快递,快递,2025-01-05 19:52:06,,1,,6.00,,2.32,42% - 0.2,1,1875872881135759360,极兔快递,JT0014885563036,服饰,广东省,
凯泽智慧社区团寄快递_站点-凯泽智慧社区团寄快递,快递,2025-01-05 19:50:16,,1,,6.00,,2.32,42% - 0.2,1,1875872416775974912,极兔快递,JT0014880529447,服饰,广东省,
凯泽智慧社区团寄快递_站点-凯泽智慧社区团寄快递,快递,2025-01-05 19:48:49,,1,,6.00,,2.32,42% - 0.2,1,1875872052894937088,极兔快递,JT0014885514280,服饰,广东省,
凯泽智慧社区团寄快递_站点-凯泽智慧社区团寄快递,快递,2025-01-05 19:47:36,,1,,7.00,,1.94,42%,1,1875871746345840640,极兔快递,JT0014888319976,服饰,上海市,
凯泽智慧社区团寄快递_站点-凯泽智慧社区团寄快递,快递,2025-01-05 19:46:20,,1,,6.00,,2.32,42% - 0.2,1,1875871420008017920,极兔快递,JT0014880583305,服饰,广东省,
凯泽智慧社区团寄快递_站点-凯泽智慧社区团寄快递,快递,2025-01-05 19:44:47,,1,,6.00,,2.32,42% - 0.2,1,1875871040058601472,极兔快递,JT0014886125145,服饰,广东省,
凯泽智慧社区团寄快递_站点-凯泽智慧社区团寄快递,快递,2025-01-05 19:43:25,,1,,6.00,,2.32,42% - 0.2,1,1875870691432247296,极兔快递,JT0014888060762,服饰,广东省,
凯泽智慧社区团寄快递_站点-凯泽智慧社区团寄快递,快递,2025-01-05 19:41:46,,1,,6.00,,2.32,42% - 0.2,1,1875870277534134272,极兔快递,JT0014883564307,生活用品,浙江省,
凯泽智慧社区团寄快递_站点-凯泽智慧社区团寄快递,快递,2025-01-05 19:40:13,,1,,6.00,,2.32,42% - 0.2,1,1875869888021704704,极兔快递,JT0014883022611,生活用品,浙江省,
凯泽智慧社区团寄快递_站点-凯泽智慧社区团寄快递,快递,2025-01-05 19:38:06,,1,,6.00,,2.32,42% - 0.2,1,1875869358004285440,极兔快递,JT0014888190847,服饰,广东省,
凯泽智慧社区团寄快递_站点-凯泽智慧社区团寄快递,快递,2025-01-05 19:35:27,,1,,6.00,,2.32,42% - 0.2,1,1875868688622727168,极兔快递,JT0014883343120,服饰,广东省,
凯泽智慧社区团寄快递_站点-凯泽智慧社区团寄快递,快递,2025-01-05 19:34:27,,3,,8.00,,3.40,45% - 0.2,1,1875868435932688384,极兔快递,JT0014888285923,服饰,河北省,
凯泽智慧社区团寄快递_站点-凯泽智慧社区团寄快递,快递,2025-01-05 19:32:42,,1,,6.00,,2.32,42% - 0.2,1,1875867982981410816,极兔快递,JT0014885288031,服饰,浙江省,
凯泽智慧社区团寄快递_站点-凯泽智慧社区团寄快递,快递,2025-01-05 19:31:45,,1,,6.00,,2.32,42% - 0.2,1,1875867757365604352,极兔快递,JT0014884891444,服饰,江苏省,
凯泽智慧社区团寄快递_站点-凯泽智慧社区团寄快递,快递,2025-01-05 19:30:36,,1,,6.00,,2.32,42% - 0.2,1,1875867469166587904,极兔快递,JT0014888154427,文件,陕西省,
凯泽智慧社区团寄快递_站点-凯泽智慧社区团寄快递,快递,2025-01-05 19:29:00,,1,,6.00,,2.32,42% - 0.2,1,1875867064491749376,极兔快递,JT0014888574869,服饰,浙江省,
凯泽智慧社区团寄快递_站点-凯泽智慧社区团寄快递,快递,2025-01-05 19:27:37,,1,,6.00,,2.32,42% - 0.2,1,1875866718847545344,极兔快递,JT0014886737154,服饰,江苏省,
凯泽智慧社区团寄快递_站点-凯泽智慧社区团寄快递,快递,2025-01-05 19:25:27,,1,,6.00,,2.32,42% - 0.2,1,1875866172405231616,极兔快递,JT0014887382703,服饰,浙江省,
凯泽智慧社区团寄快递_站点-凯泽智慧社区团寄快递,快递,2025-01-05 18:56:22,,3,,8.00,,3.40,45% - 0.2,1,1875858812546756608,极兔快递,JT0014887354820,生活用品,广东省,
凯泽智慧社区团寄快递_站点-凯泽智慧社区团寄快递,快递,2025-01-05 18:51:28,,1,,6.00,,2.32,42% - 0.2,1,1875857621016293376,极兔快递,JT0014888850657,服饰,山东省,
凯泽智慧社区团寄快递_站点-凯泽智慧社区团寄快递,干洗,2025-01-05 18:06:10,,,,35.00,,10.50,30%,,1875846211343396864,干洗,,"毛呢羽绒服   *   1",,
凯泽智慧社区团寄快递_站点-凯泽智慧社区团寄快递,干洗,2025-01-05 18:03:38,2025-01-05 18:03:54,,,26.80,,8.04,30%,,1875845573167460352,干洗,,"西装外套   *   1",,已全额退款
凯泽智慧社区团寄快递_站点-凯泽智慧社区团寄快递,快递,2025-01-05 17:18:26,,1,,6.00,,2.32,42% - 0.2,1,1875834205206917120,极兔快递,JT0014886591658,服饰,浙江省,
凯泽智慧社区团寄快递_站点-凯泽智慧社区团寄快递,快递,2025-01-05 17:13:01,,1,,6.00,,2.32,42% - 0.2,1,1875832826644049920,极兔快递,JT0014885409880,服饰,广东省,
凯泽智慧社区团寄快递_站点-凯泽智慧社区团寄快递,快递,2025-01-05 17:10:36,,1,,7.00,,1.94,42%,1,1875832227429003264,极兔快递,JT0014887130824,生活用品,北京市,
凯泽智慧社区团寄快递_站点-凯泽智慧社区团寄快递,快递,2025-01-05 17:00:50,,2,,7.00,,2.81,43% - 0.2,1,1875829753200685056,极兔快递,JT0014886582428,生活用品,浙江省,
凯泽智慧社区团寄快递_站点-凯泽智慧社区团寄快递,快递,2025-01-05 16:52:35,,1,,6.00,,2.32,42% - 0.2,1,1875827702127308800,极兔快递,JT0014886311368,生活用品,山东省,
凯泽智慧社区团寄快递_站点-凯泽智慧社区团寄快递,快递,2025-01-05 16:37:37,,1,,6.00,,2.32,42% - 0.2,1,1875823935248052224,极兔快递,JT0014886703583,服饰,广东省,
凯泽智慧社区团寄快递_站点-凯泽智慧社区团寄快递,快递,2025-01-05 16:24:49,,3,,8.00,,3.40,45% - 0.2,1,1875820715209568256,极兔快递,JT0014885695553,生活用品,江苏省,
凯泽智慧社区团寄快递_站点-凯泽智慧社区团寄快递,快递,2025-01-05 16:22:43,,1,,6.00,,2.32,42% - 0.2,1,1875820184831438848,极兔快递,JT0014885830044,生活用品,陕西省,
凯泽智慧社区团寄快递_站点-凯泽智慧社区团寄快递,快递,2025-01-05 16:08:02,,1,,6.00,,2.32,42% - 0.2,1,1875816480229208064,极兔快递,JT0014882915430,服饰,广东省,
凯泽智慧社区团寄快递_站点-凯泽智慧社区团寄快递,快递,2025-01-05 16:07:27,,1,,6.00,,2.32,42% - 0.2,1,1875816341678764032,极兔快递,JT0014885789430,服饰,广东省,
凯泽智慧社区团寄快递_站点-凯泽智慧社区团寄快递,快递,2025-01-05 15:24:42,,1,,6.00,,2.32,42% - 0.2,1,1875805583561633792,极兔快递,JT0014882070891,文件,陕西省,
凯泽智慧社区团寄快递_站点-凯泽智慧社区团寄快递,快递,2025-01-05 15:18:15,,1,,6.00,,2.32,42% - 0.2,1,1875803963872423936,极兔快递,JT0014884768262,服饰,浙江省,
凯泽智慧社区团寄快递_站点-凯泽智慧社区团寄快递,快递,2025-01-05 14:44:06,,1,,6.00,,2.32,42% - 0.2,1,1875795367071756288,极兔快递,JT0014874683965,服饰,湖北省,
凯泽智慧社区团寄快递_站点-凯泽智慧社区团寄快递,快递,2025-01-05 14:06:57,,2,,7.00,,2.81,43% - 0.2,1,1875786017078947840,极兔快递,JT0014882875626,服饰,浙江省,
凯泽智慧社区团寄快递_站点-凯泽智慧社区团寄快递,快递,2025-01-05 13:37:07,,1,,6.00,,2.32,42% - 0.2,1,1875778512437293056,极兔快递,JT0014870688776,生活用品,广东省,
凯泽智慧社区团寄快递_站点-凯泽智慧社区团寄快递,快递,2025-01-05 13:33:14,,1,,6.00,,2.32,42% - 0.2,1,1875777534027804672,极兔快递,JT0014874208238,服饰,安徽省,
凯泽智慧社区团寄快递_站点-凯泽智慧社区团寄快递,快递,2025-01-05 11:51:54,,1,,6.00,,2.32,42% - 0.2,1,1875752032445575168,极兔快递,JT0014880060134,文件,陕西省,
凯泽智慧社区团寄快递_站点-凯泽智慧社区团寄快递,快递,2025-01-05 11:46:58,,1,,6.00,,2.32,42% - 0.2,1,1875750745742159872,极兔快递,JT0014880110499,服饰,广东省,
凯泽智慧社区团寄快递_站点-凯泽智慧社区团寄快递,快递,2025-01-05 11:46:14,,1,,6.00,,2.32,42% - 0.2,1,1875750594499751936,极兔快递,JT0014880736405,服饰,浙江省,
凯泽智慧社区团寄快递_站点-凯泽智慧社区团寄快递,快递,2025-01-05 11:45:31,,1,,6.00,,2.32,42% - 0.2,1,1875750423778996224,极兔快递,JT0014877931853,服饰,广东省,
凯泽智慧社区团寄快递_站点-凯泽智慧社区团寄快递,快递,2025-01-05 11:26:12,,2,,7.00,,2.81,43% - 0.2,1,1875745564883333120,极兔快递,JT0014880982980,服饰,江苏省,
凯泽智慧社区团寄快递_站点-凯泽智慧社区团寄快递,快递,2025-01-05 11:25:05,,2,,7.00,,2.81,43% - 0.2,1,1875745278420758528,极兔快递,JT0014879477945,服饰,江苏省,
凯泽智慧社区团寄快递_站点-凯泽智慧社区团寄快递,快递,2025-01-05 11:23:11,,1,,6.00,,2.32,42% - 0.2,1,1875744802111401984,极兔快递,JT0014876040798,服饰,浙江省,
凯泽智慧社区团寄快递_站点-凯泽智慧社区团寄快递,快递,2025-01-05 11:18:07,,1,,6.00,,2.32,42% - 0.2,1,1875743528385163264,极兔快递,JT0014876963771,服饰,浙江省,
凯泽智慧社区团寄快递_站点-凯泽智慧社区团寄快递,快递,2025-01-05 10:40:26,,1,,6.00,,2.32,42% - 0.2,1,1875734041653850112,极兔快递,JT0014880054639,服饰,浙江省,
凯泽智慧社区团寄快递_站点-凯泽智慧社区团寄快递,快递,2025-01-05 10:32:10,,1,,6.00,,2.32,42% - 0.2,1,1875731967092371456,极兔快递,JT0014879884673,服饰,辽宁省,
凯泽智慧社区团寄快递_站点-凯泽智慧社区团寄快递,快递,2025-01-05 09:43:27,,1,,7.00,,1.94,42%,1,1875719699080327168,极兔快递,JT0014878436097,服饰,北京市,
凯泽智慧社区团寄快递_站点-凯泽智慧社区团寄快递,快递,2025-01-05 09:42:30,,1,,6.00,,2.32,42% - 0.2,1,1875719466803965952,极兔快递,JT0014877870754,服饰,福建省,
凯泽智慧社区团寄快递_站点-凯泽智慧社区团寄快递,快递,2025-01-05 08:46:21,,1,,6.00,,2.32,42% - 0.2,1,1875705335199739904,极兔快递,JT0014873837625,生活用品,浙江省,
凯泽智慧社区团寄快递_站点-凯泽智慧社区团寄快递,快递,2025-01-04 19:45:55,,2,,7.00,,2.81,43% - 0.2,1,1875508933458833408,极兔快递,JT0014871981492,服饰,安徽省,
凯泽智慧社区团寄快递_站点-凯泽智慧社区团寄快递,快递,2025-01-04 18:05:54,,1,,6.00,,2.32,42% - 0.2,1,1875483764048703488,极兔快递,JT0014874072327,服饰,浙江省,
凯泽智慧社区团寄快递_站点-凯泽智慧社区团寄快递,快递,2025-01-04 17:52:42,,1,,6.00,,2.32,42% - 0.2,1,1875480442185101312,极兔快递,JT0014872360220,服饰,广东省,
凯泽智慧社区团寄快递_站点-凯泽智慧社区团寄快递,快递,2025-01-04 17:37:16,,2,,7.00,,2.81,43% - 0.2,1,1875476547161468928,极兔快递,JT0014874175940,生活用品,广东省,
凯泽智慧社区团寄快递_站点-凯泽智慧社区团寄快递,干洗,2025-01-04 17:30:46,,,,29.50,,8.85,30%,,1875474905305362432,干洗,,"清洗毛呢2件59元   *   1",,
凯泽智慧社区团寄快递_站点-凯泽智慧社区团寄快递,快递,2025-01-04 17:19:50,,1,,6.00,,2.32,42% - 0.2,1,1875472160917729280,极兔快递,JT0014873761392,服饰,广东省,
凯泽智慧社区团寄快递_站点-凯泽智慧社区团寄快递,快递,2025-01-04 16:31:41,,1,,6.00,,2.32,42% - 0.2,1,1875460057372733440,极兔快递,JT0014870790863,服饰,广东省,
凯泽智慧社区团寄快递_站点-凯泽智慧社区团寄快递,快递,2025-01-04 16:27:45,,8,,27.00,,0.00,0%,1,1875459065180762112,顺丰速运,SF3127880653596,食品,陕西省,
凯泽智慧社区团寄快递_站点-凯泽智慧社区团寄快递,快递,2025-01-04 16:23:44,,1,,6.00,,2.32,42% - 0.2,1,1875457855023394816,极兔快递,JT0014870896827,生活用品,广东省,
凯泽智慧社区团寄快递_站点-凯泽智慧社区团寄快递,快递,2025-01-04 16:22:05,,1,,6.00,,2.32,42% - 0.2,1,1875457641445240832,极兔快递,JT0014872432863,生活用品,广东省,
凯泽智慧社区团寄快递_站点-凯泽智慧社区团寄快递,快递,2025-01-04 16:19:35,,2,,7.00,,2.81,43% - 0.2,1,1875457012299640832,极兔快递,JT0014868340684,生活用品,陕西省,
凯泽智慧社区团寄快递_站点-凯泽智慧社区团寄快递,快递,2025-01-04 16:19:02,,5,,12.50,,4.80,40% - 0.2,1,1875456866040066048,极兔快递,JT0014871573409,生活用品,陕西省,
凯泽智慧社区团寄快递_站点-凯泽智慧社区团寄快递,快递,2025-01-04 16:11:52,,1,,6.00,,2.32,42% - 0.2,1,1875455057217105920,极兔快递,JT0014872676249,服饰,辽宁省,
凯泽智慧社区团寄快递_站点-凯泽智慧社区团寄快递,快递,2025-01-04 16:11:06,,1,,6.00,,2.32,42% - 0.2,1,1875454872206356480,极兔快递,JT0014868462866,服饰,辽宁省,
凯泽智慧社区团寄快递_站点-凯泽智慧社区团寄快递,快递,2025-01-04 16:01:28,,2,,7.00,,2.81,43% - 0.2,1,1875452449677029376,极兔快递,JT0014872210987,服饰,河南省,
凯泽智慧社区团寄快递_站点-凯泽智慧社区团寄快递,快递,2025-01-04 15:09:43,,2,,7.00,,2.81,43% - 0.2,1,1875439423204798464,极兔快递,JT0014870125151,服饰,浙江省,
凯泽智慧社区团寄快递_站点-凯泽智慧社区团寄快递,快递,2025-01-04 15:07:50,,2,,7.00,,2.81,43% - 0.2,1,1875438950708064256,极兔快递,JT0014871825182,服饰,福建省,
凯泽智慧社区团寄快递_站点-凯泽智慧社区团寄快递,快递,2025-01-04 15:07:02,,1,,6.00,,2.32,42% - 0.2,1,1875438740808314880,极兔快递,JT0014867671749,服饰,广东省,
凯泽智慧社区团寄快递_站点-凯泽智慧社区团寄快递,快递,2025-01-04 15:06:16,,1,,6.00,,2.32,42% - 0.2,1,1875438557655642112,极兔快递,JT0014871920819,服饰,广东省,
凯泽智慧社区团寄快递_站点-凯泽智慧社区团寄快递,快递,2025-01-04 14:56:21,,2,,7.00,,2.81,43% - 0.2,1,1875436056072073216,极兔快递,JT0014869985960,服饰,浙江省,
凯泽智慧社区团寄快递_站点-凯泽智慧社区团寄快递,快递,2025-01-04 14:51:27,,1,,6.00,,2.32,42% - 0.2,1,1875434826612518912,极兔快递,JT0014837195997,服饰,安徽省,
凯泽智慧社区团寄快递_站点-凯泽智慧社区团寄快递,快递,2025-01-04 14:41:21,,1,,6.00,,2.32,42% - 0.2,1,1875432288169406464,极兔快递,JT0014870573776,服饰,广东省,
凯泽智慧社区团寄快递_站点-凯泽智慧社区团寄快递,快递,2025-01-04 14:35:38,,1,,6.00,,2.32,42% - 0.2,1,1875430829507915776,极兔快递,JT0014865061450,服饰,湖南省,
凯泽智慧社区团寄快递_站点-凯泽智慧社区团寄快递,快递,2025-01-04 14:33:25,,1,,6.00,,2.32,42% - 0.2,1,1875430289831014400,极兔快递,JT0014869727408,服饰,湖南省,
凯泽智慧社区团寄快递_站点-凯泽智慧社区团寄快递,快递,2025-01-04 14:31:57,,1,,6.00,,2.32,42% - 0.2,1,1875429920413495296,极兔快递,JT0014870094705,服饰,河北省,
凯泽智慧社区团寄快递_站点-凯泽智慧社区团寄快递,快递,2025-01-04 13:40:21,,1,,6.00,,2.32,42% - 0.2,1,1875416933032177664,极兔快递,JT0014868179202,生活用品,浙江省,
凯泽智慧社区团寄快递_站点-凯泽智慧社区团寄快递,快递,2025-01-04 12:48:26,,1,,6.00,,2.32,42% - 0.2,1,1875403848582082560,极兔快递,JT0014863050622,服饰,广东省,
凯泽智慧社区团寄快递_站点-凯泽智慧社区团寄快递,快递,2025-01-04 12:47:51,,1,,6.00,,2.32,42% - 0.2,1,1875403722761351168,极兔快递,JT0014868312323,服饰,广东省,
凯泽智慧社区团寄快递_站点-凯泽智慧社区团寄快递,快递,2025-01-04 12:14:04,,3,,8.00,,3.40,45% - 0.2,1,1875395222907826176,极兔快递,JT0014868404546,服饰,浙江省,
凯泽智慧社区团寄快递_站点-凯泽智慧社区团寄快递,快递,2025-01-04 11:29:48,,1,,6.00,,2.32,42% - 0.2,1,1875384058315251712,极兔快递,JT0014867152102,服饰,广东省,
凯泽智慧社区团寄快递_站点-凯泽智慧社区团寄快递,快递,2025-01-04 11:06:30,,1,,6.00,,2.32,42% - 0.2,1,1875378180438597632,极兔快递,JT0014864606108,生活用品,浙江省,
凯泽智慧社区团寄快递_站点-凯泽智慧社区团寄快递,快递,2025-01-04 11:03:44,,1,,6.00,,2.32,42% - 0.2,1,1875377507764510720,极兔快递,JT0014850060628,生活用品,宁夏回族自治区,
凯泽智慧社区团寄快递_站点-凯泽智慧社区团寄快递,快递,2025-01-04 11:01:04,,2,,7.00,,2.81,43% - 0.2,1,1875376849334280192,极兔快递,JT0014861388057,服饰,江苏省,
凯泽智慧社区团寄快递_站点-凯泽智慧社区团寄快递,快递,2025-01-04 10:47:19,,1,,6.00,,2.32,42% - 0.2,1,1875373392472809472,极兔快递,JT0014866911490,服饰,广东省,
凯泽智慧社区团寄快递_站点-凯泽智慧社区团寄快递,快递,2025-01-04 10:44:22,,2,,7.00,,2.81,43% - 0.2,1,1875372511757049856,极兔快递,JT0014862149815,服饰,广东省,
凯泽智慧社区团寄快递_站点-凯泽智慧社区团寄快递,快递,2025-01-04 10:39:21,,1,,6.00,,2.32,42% - 0.2,1,1875371386404315136,极兔快递,JT0014864831254,服饰,四川省,
凯泽智慧社区团寄快递_站点-凯泽智慧社区团寄快递,快递,2025-01-04 10:33:18,,1,,6.00,,2.32,42% - 0.2,1,1875369864270422016,极兔快递,JT0014866921579,服饰,四川省,
凯泽智慧社区团寄快递_站点-凯泽智慧社区团寄快递,快递,2025-01-04 10:30:44,,1,,6.00,,2.32,42% - 0.2,1,1875369219006111744,极兔快递,JT0014862212107,服饰,浙江省,
凯泽智慧社区团寄快递_站点-凯泽智慧社区团寄快递,快递,2025-01-04 10:28:08,,1,,6.00,,2.32,42% - 0.2,1,1875368564103290880,极兔快递,JT0014866981469,服饰,浙江省,
凯泽智慧社区团寄快递_站点-凯泽智慧社区团寄快递,快递,2025-01-04 10:26:35,,1,,6.00,,2.32,42% - 0.2,1,1875368174049796096,极兔快递,JT0014865308121,服饰,浙江省,
凯泽智慧社区团寄快递_站点-凯泽智慧社区团寄快递,快递,2025-01-04 10:24:43,,1,,6.00,,2.32,42% - 0.2,1,1875367705063694336,极兔快递,JT0014866423211,服饰,广东省,
凯泽智慧社区团寄快递_站点-凯泽智慧社区团寄快递,快递,2025-01-04 10:23:25,,1,,6.00,,2.32,42% - 0.2,1,1875367375546589184,极兔快递,JT0014860664856,服饰,广东省,
凯泽智慧社区团寄快递_站点-凯泽智慧社区团寄快递,快递,2025-01-04 10:15:12,,1,,6.00,,2.32,42% - 0.2,1,1875365306869719040,极兔快递,JT0014865241934,生活用品,黑龙江省,
凯泽智慧社区团寄快递_站点-凯泽智慧社区团寄快递,快递,2025-01-04 09:39:32,,2,,7.00,,2.81,43% - 0.2,1,1875356334330716160,极兔快递,JT0014863776048,服饰,浙江省,
凯泽智慧社区团寄快递_站点-凯泽智慧社区团寄快递,快递,2025-01-04 09:38:03,,1,,6.00,,2.32,42% - 0.2,1,1875355955643785216,极兔快递,JT0014863261042,生活用品,广东省,
凯泽智慧社区团寄快递_站点-凯泽智慧社区团寄快递,快递,2025-01-04 09:20:49,,1,,6.00,,2.32,42% - 0.2,1,1875351612257443840,极兔快递,JT0014862452665,服饰,浙江省,
凯泽智慧社区团寄快递_站点-凯泽智慧社区团寄快递,快递,2025-01-04 09:20:12,,1,,6.00,,2.32,42% - 0.2,1,1875351453234601984,极兔快递,JT0014865116110,服饰,广东省,
凯泽智慧社区团寄快递_站点-凯泽智慧社区团寄快递,快递,2025-01-04 09:16:56,,1,,6.00,,2.32,42% - 0.2,1,1875350647173259264,极兔快递,JT0014863384373,服饰,广东省,
凯泽智慧社区团寄快递_站点-凯泽智慧社区团寄快递,干洗,2025-01-03 21:25:54,,,,59.00,,17.70,30%,,1875171513499361280,干洗,,"清洗毛呢2件59元   *   1
清洗毛呢2件59元   *   1",,
凯泽智慧社区团寄快递_站点-凯泽智慧社区团寄快递,快递,2025-01-03 21:14:29,,1,,6.00,,2.32,42% - 0.2,1,1875168836858126336,极兔快递,JT0014859788953,服饰,浙江省,
凯泽智慧社区团寄快递_站点-凯泽智慧社区团寄快递,快递,2025-01-03 21:02:12,,2,,7.00,,2.81,43% - 0.2,1,1875165742669733888,极兔快递,JT0014848843597,服饰,江苏省,
凯泽智慧社区团寄快递_站点-凯泽智慧社区团寄快递,快递,2025-01-03 20:58:18,,1,,6.00,,2.32,42% - 0.2,1,1875164752604274688,极兔快递,JT0014860386354,服饰,浙江省,
凯泽智慧社区团寄快递_站点-凯泽智慧社区团寄快递,快递,2025-01-03 20:53:39,,2,,7.00,,2.81,43% - 0.2,1,1875163592136826880,极兔快递,JT0014862096825,服饰,江苏省,
凯泽智慧社区团寄快递_站点-凯泽智慧社区团寄快递,快递,2025-01-03 20:48:05,,1,,6.00,,2.32,42% - 0.2,1,1875162184910086144,极兔快递,JT0014860629757,服饰,广东省,
凯泽智慧社区团寄快递_站点-凯泽智慧社区团寄快递,快递,2025-01-03 20:47:26,,1,,6.00,,2.32,42% - 0.2,1,1875162020816330752,极兔快递,JT0014859627898,服饰,广东省,
凯泽智慧社区团寄快递_站点-凯泽智慧社区团寄快递,快递,2025-01-03 20:46:54,,1,,6.00,,2.32,42% - 0.2,1,1875161894257401856,极兔快递,JT0014859992970,服饰,广东省,
凯泽智慧社区团寄快递_站点-凯泽智慧社区团寄快递,快递,2025-01-03 20:45:53,2025-01-03 20:46:38,2,,7.00,,0.00,,1,1875161636089602048,极兔快递,JT0014849372196,服饰,广东省,已全额退款
凯泽智慧社区团寄快递_站点-凯泽智慧社区团寄快递,快递,2025-01-03 20:27:03,,1,,6.00,,2.32,42% - 0.2,1,1875156897448828928,极兔快递,JT0014862891766,生活用品,广东省,
凯泽智慧社区团寄快递_站点-凯泽智慧社区团寄快递,快递,2025-01-03 19:36:10,,1,,6.00,,2.32,42% - 0.2,1,1875143851535998976,极兔快递,JT0014860997236,生活用品,陕西省,
凯泽智慧社区团寄快递_站点-凯泽智慧社区团寄快递,快递,2025-01-03 19:34:33,,1,,6.00,,2.32,42% - 0.2,1,1875143686112649216,极兔快递,JT0014862712963,生活用品,陕西省,
凯泽智慧社区团寄快递_站点-凯泽智慧社区团寄快递,快递,2025-01-03 19:11:31,,1,,6.00,,2.32,42% - 0.2,1,1875137885952253952,极兔快递,JT0014854191796,服饰,重庆市,
凯泽智慧社区团寄快递_站点-凯泽智慧社区团寄快递,快递,2025-01-03 18:51:52,,1,,6.00,,2.32,42% - 0.2,1,1875132940653928448,极兔快递,JT0014861743204,服饰,广东省,
凯泽智慧社区团寄快递_站点-凯泽智慧社区团寄快递,快递,2025-01-03 18:38:10,,5,,12.50,,4.80,40% - 0.2,1,1875129494487932928,极兔快递,JT0014856736955,食品,江苏省,
凯泽智慧社区团寄快递_站点-凯泽智慧社区团寄快递,快递,2025-01-03 18:21:07,,1,,6.00,,2.32,42% - 0.2,1,1875125204671242240,极兔快递,JT0014860044366,服饰,辽宁省,
凯泽智慧社区团寄快递_站点-凯泽智慧社区团寄快递,快递,2025-01-03 18:03:27,,2,,7.00,,2.81,43% - 0.2,1,1875120757354242048,极兔快递,JT0014860906688,服饰,浙江省,
凯泽智慧社区团寄快递_站点-凯泽智慧社区团寄快递,快递,2025-01-03 17:56:56,,1,,6.00,,2.32,42% - 0.2,1,1875119116295053312,极兔快递,JT0014861105310,生活用品,湖北省,
凯泽智慧社区团寄快递_站点-凯泽智慧社区团寄快递,快递,2025-01-03 17:12:07,,1,,6.00,,2.32,42% - 0.2,1,1875107841083154432,极兔快递,JT0014851520241,服饰,浙江省,
凯泽智慧社区团寄快递_站点-凯泽智慧社区团寄快递,快递,2025-01-03 17:10:01,,1,,6.00,,2.32,42% - 0.2,1,1875107306632355840,极兔快递,JT0014856642106,服饰,江西省,
凯泽智慧社区团寄快递_站点-凯泽智慧社区团寄快递,快递,2025-01-03 16:51:05,,1,,6.00,,2.32,42% - 0.2,1,1875102528581902336,极兔快递,JT0014858499684,服饰,江苏省,
凯泽智慧社区团寄快递_站点-凯泽智慧社区团寄快递,快递,2025-01-03 16:45:29,,2,,7.00,,2.81,43% - 0.2,1,1875101137482260480,极兔快递,JT0014859816402,生活用品,山东省,
凯泽智慧社区团寄快递_站点-凯泽智慧社区团寄快递,快递,2025-01-03 16:31:43,,1,,6.00,,2.32,42% - 0.2,1,1875097669510078464,极兔快递,JT0014859844357,服饰,浙江省,
凯泽智慧社区团寄快递_站点-凯泽智慧社区团寄快递,快递,2025-01-03 16:20:47,,5,,12.50,,4.80,40% - 0.2,1,1875094921406291968,极兔快递,JT0014857696080,生鲜类,陕西省,
凯泽智慧社区团寄快递_站点-凯泽智慧社区团寄快递,快递,2025-01-03 16:19:24,,1,,6.00,,2.32,42% - 0.2,1,1875094572905766912,极兔快递,JT0014851846305,文件,陕西省,
凯泽智慧社区团寄快递_站点-凯泽智慧社区团寄快递,快递,2025-01-03 15:54:07,,1,,6.00,,2.32,42% - 0.2,1,1875088199367237632,极兔快递,JT0014857999489,服饰,广东省,
凯泽智慧社区团寄快递_站点-凯泽智慧社区团寄快递,快递,2025-01-03 15:53:19,,1,,6.00,,2.32,42% - 0.2,1,1875088005422620672,极兔快递,JT0014856857900,服饰,江苏省,
凯泽智慧社区团寄快递_站点-凯泽智慧社区团寄快递,快递,2025-01-03 15:45:21,,2,,7.00,,2.81,43% - 0.2,1,1875086006597689344,极兔快递,JT0014859127610,服饰,河北省,
凯泽智慧社区团寄快递_站点-凯泽智慧社区团寄快递,快递,2025-01-03 15:44:36,,1,,6.00,,2.32,42% - 0.2,1,1875085817044508672,极兔快递,JT0014858555894,服饰,黑龙江省,
凯泽智慧社区团寄快递_站点-凯泽智慧社区团寄快递,快递,2025-01-03 15:24:55,,1,,6.00,,2.32,42% - 0.2,1,1875080862220918784,极兔快递,JT0014854674607,服饰,广东省,
凯泽智慧社区团寄快递_站点-凯泽智慧社区团寄快递,快递,2025-01-03 15:15:56,,1,,6.00,,2.32,42% - 0.2,1,1875078606150934528,极兔快递,JT0014850911162,服饰,浙江省,
凯泽智慧社区团寄快递_站点-凯泽智慧社区团寄快递,快递,2025-01-03 15:13:59,,1,,6.00,,2.32,42% - 0.2,1,1875078110673608704,极兔快递,JT0014857947014,服饰,广东省,
凯泽智慧社区团寄快递_站点-凯泽智慧社区团寄快递,快递,2025-01-03 15:11:11,,2,,7.00,,2.81,43% - 0.2,1,1875077407838281728,极兔快递,JT0014856208566,服饰,广东省,
凯泽智慧社区团寄快递_站点-凯泽智慧社区团寄快递,快递,2025-01-03 15:10:24,,3,,8.00,,3.40,45% - 0.2,1,1875077149519486976,韵达快递,312598961515734,生活用品,天津市,
凯泽智慧社区团寄快递_站点-凯泽智慧社区团寄快递,快递,2025-01-03 14:45:27,,1,,6.00,,2.32,42% - 0.2,1,1875070930721415168,极兔快递,JT0014855212524,服饰,广西壮族自治区,
凯泽智慧社区团寄快递_站点-凯泽智慧社区团寄快递,快递,2025-01-03 14:00:35,,1,,6.00,,2.32,42% - 0.2,1,1875059642670751744,极兔快递,JT0014854168252,服饰,河北省,
凯泽智慧社区团寄快递_站点-凯泽智慧社区团寄快递,快递,2025-01-03 13:33:11,,1,,6.00,,2.32,42% - 0.2,1,1875052739479707648,极兔快递,JT0014852887181,服饰,广东省,
凯泽智慧社区团寄快递_站点-凯泽智慧社区团寄快递,快递,2025-01-03 13:32:31,,1,,6.00,,2.32,42% - 0.2,1,1875052568805089280,极兔快递,JT0014846454179,服饰,广东省,
凯泽智慧社区团寄快递_站点-凯泽智慧社区团寄快递,快递,2025-01-03 13:31:45,,1,,6.00,,2.32,42% - 0.2,1,1875052379163828224,极兔快递,JT0014854641713,服饰,河北省,
凯泽智慧社区团寄快递_站点-凯泽智慧社区团寄快递,快递,2025-01-03 13:30:51,,1,,6.00,,2.32,42% - 0.2,1,1875052159898198016,极兔快递,JT0014855666059,服饰,广东省,
凯泽智慧社区团寄快递_站点-凯泽智慧社区团寄快递,快递,2025-01-03 13:21:16,,1,,6.00,,2.32,42% - 0.2,1,1875049747854630912,极兔快递,JT0014854484788,服饰,浙江省,
凯泽智慧社区团寄快递_站点-凯泽智慧社区团寄快递,快递,2025-01-03 13:19:10,,1,,6.00,,2.32,42% - 0.2,1,1875049216482451456,极兔快递,JT0014853546397,服饰,浙江省,
凯泽智慧社区团寄快递_站点-凯泽智慧社区团寄快递,快递,2025-01-03 12:55:58,,12,,30.00,,11.80,40% - 0.2,1,1875043383761674240,极兔快递,JT0014848158295,生活用品,广东省,
凯泽智慧社区团寄快递_站点-凯泽智慧社区团寄快递,快递,2025-01-03 12:34:52,,12,,35.00,,0.00,0%,1,1875038069452677120,顺丰速运,SF3122388862478,食品,陕西省,
凯泽智慧社区团寄快递_站点-凯泽智慧社区团寄快递,快递,2025-01-03 12:11:06,,16,,40.00,,15.80,40% - 0.2,1,1875032087234322432,极兔快递,JT0014853496676,服饰,陕西省,
凯泽智慧社区团寄快递_站点-凯泽智慧社区团寄快递,快递,2025-01-03 11:55:27,,1,,6.00,,2.32,42% - 0.2,1,1875028150372507648,极兔快递,JT0014854007669,生活用品,广东省,
凯泽智慧社区团寄快递_站点-凯泽智慧社区团寄快递,快递,2025-01-03 11:33:50,,1,,6.00,,2.32,42% - 0.2,1,1875022702009360384,极兔快递,JT0014852372241,服饰,浙江省,
凯泽智慧社区团寄快递_站点-凯泽智慧社区团寄快递,快递,2025-01-03 11:32:51,,1,,6.00,,2.32,42% - 0.2,1,1875022462376189952,极兔快递,JT0014853644265,生活用品,广东省,
凯泽智慧社区团寄快递_站点-凯泽智慧社区团寄快递,快递,2025-01-03 11:29:46,,2,,7.00,,2.81,43% - 0.2,1,1875021684936777728,极兔快递,JT0014851503480,服饰,江苏省,
凯泽智慧社区团寄快递_站点-凯泽智慧社区团寄快递,快递,2025-01-03 11:27:38,,1,,6.00,,2.32,42% - 0.2,1,1875021151467446272,极兔快递,JT0014852605837,服饰,浙江省,
凯泽智慧社区团寄快递_站点-凯泽智慧社区团寄快递,快递,2025-01-03 11:26:46,,3,,8.00,,3.40,45% - 0.2,1,1875020929651679232,韵达快递,312598808935839,服饰,浙江省,
凯泽智慧社区团寄快递_站点-凯泽智慧社区团寄快递,快递,2025-01-03 10:12:37,2025-01-03 11:06:13,3,,8.00,,0.00,,1,1875002259995074560,极兔快递,JT0014844826414,生鲜类,河南省,已全额退款
凯泽智慧社区团寄快递_站点-凯泽智慧社区团寄快递,快递,2025-01-03 10:46:07,,1,,6.00,,2.32,42% - 0.2,1,1875010693775728640,极兔快递,JT0014850854369,生活用品,福建省,
凯泽智慧社区团寄快递_站点-凯泽智慧社区团寄快递,快递,2025-01-03 10:28:44,,7,,17.50,,6.80,40% - 0.2,1,1875006327266189312,极兔快递,JT0014852881959,生活用品,河南省,
凯泽智慧社区团寄快递_站点-凯泽智慧社区团寄快递,快递,2025-01-03 10:06:19,,2,,7.00,,2.81,43% - 0.2,1,1875000686933942272,极兔快递,JT0014848628542,服饰,浙江省,
凯泽智慧社区团寄快递_站点-凯泽智慧社区团寄快递,快递,2025-01-03 09:21:28,,1,,6.00,,2.32,42% - 0.2,1,1874989399021690880,极兔快递,JT0014849753549,服饰,浙江省,
凯泽智慧社区团寄快递_站点-凯泽智慧社区团寄快递,快递,2025-01-03 08:56:16,,1,,6.00,,2.32,42% - 0.2,1,1874983054872649728,极兔快递,JT0014850558057,服饰,河南省,
凯泽智慧社区团寄快递_站点-凯泽智慧社区团寄快递,快递,2025-01-02 20:06:38,,1.2,,7.00,,2.81,43% - 0.2,1,1874789371967676416,极兔快递,JT0014847797699,服饰,陕西省,
凯泽智慧社区团寄快递_站点-凯泽智慧社区团寄快递,快递,2025-01-02 19:57:31,,4,,10.00,,3.80,40% - 0.2,1,1874787074516688896,极兔快递,JT0014846137522,食品,陕西省,
凯泽智慧社区团寄快递_站点-凯泽智慧社区团寄快递,快递,2025-01-02 19:42:01,,1,,6.00,,2.32,42% - 0.2,1,1874783167698673664,极兔快递,JT0014847331543,服饰,湖南省,
凯泽智慧社区团寄快递_站点-凯泽智慧社区团寄快递,快递,2025-01-02 19:40:57,,1,,6.00,,2.32,42% - 0.2,1,1874782907135926272,极兔快递,JT0014847648855,服饰,广东省,
凯泽智慧社区团寄快递_站点-凯泽智慧社区团寄快递,快递,2025-01-02 19:39:39,,1,,6.00,,2.32,42% - 0.2,1,1874782562859065344,极兔快递,JT0014846462116,服饰,河北省,
凯泽智慧社区团寄快递_站点-凯泽智慧社区团寄快递,快递,2025-01-02 19:38:19,,1,,6.00,,2.32,42% - 0.2,1,1874782245757100032,极兔快递,JT0014848805213,服饰,浙江省,
凯泽智慧社区团寄快递_站点-凯泽智慧社区团寄快递,快递,2025-01-02 19:07:12,,2,,7.00,,2.81,43% - 0.2,1,1874774414517575680,极兔快递,JT0014847533461,服饰,福建省,
凯泽智慧社区团寄快递_站点-凯泽智慧社区团寄快递,快递,2025-01-02 18:46:29,,1,,6.00,,2.32,42% - 0.2,1,1874769203375874048,极兔快递,JT0014843224451,生活用品,广东省,
凯泽智慧社区团寄快递_站点-凯泽智慧社区团寄快递,快递,2025-01-02 18:41:56,,1,,6.00,,2.32,42% - 0.2,1,1874768020271767552,极兔快递,JT0014844192645,生活用品,安徽省,
凯泽智慧社区团寄快递_站点-凯泽智慧社区团寄快递,快递,2025-01-02 18:40:49,,1,,6.00,,2.32,42% - 0.2,1,1874767777224433664,极兔快递,JT0014844750619,生活用品,广东省,
凯泽智慧社区团寄快递_站点-凯泽智慧社区团寄快递,快递,2025-01-02 18:27:04,,1,,6.00,,2.32,42% - 0.2,1,1874764315640176640,极兔快递,JT0014847956550,服饰,广东省,
凯泽智慧社区团寄快递_站点-凯泽智慧社区团寄快递,快递,2025-01-02 18:24:40,,1,,6.00,,2.32,42% - 0.2,1,1874763710846705664,极兔快递,JT0014827732004,服饰,江苏省,
凯泽智慧社区团寄快递_站点-凯泽智慧社区团寄快递,快递,2025-01-02 18:23:09,,1,,6.00,,2.32,42% - 0.2,1,1874763325004292096,极兔快递,JT0014847336010,服饰,浙江省,
凯泽智慧社区团寄快递_站点-凯泽智慧社区团寄快递,快递,2025-01-02 18:21:23,,1,,6.00,,2.32,42% - 0.2,1,1874762879145582592,极兔快递,JT0014847286733,服饰,浙江省,
凯泽智慧社区团寄快递_站点-凯泽智慧社区团寄快递,快递,2025-01-02 18:17:08,,1,,6.00,,2.32,42% - 0.2,1,1874761813544902656,极兔快递,JT0014845038238,生活用品,江西省,
凯泽智慧社区团寄快递_站点-凯泽智慧社区团寄快递,快递,2025-01-02 18:15:38,,1,,6.00,,2.32,42% - 0.2,1,1874761437022232576,极兔快递,JT0014839298804,生活用品,河北省,
凯泽智慧社区团寄快递_站点-凯泽智慧社区团寄快递,快递,2025-01-02 18:12:44,,1,,6.00,,2.32,42% - 0.2,1,1874760707402080256,极兔快递,JT0014846478011,生活用品,广东省,
凯泽智慧社区团寄快递_站点-凯泽智慧社区团寄快递,快递,2025-01-02 17:51:28,,1,,6.00,,2.32,42% - 0.2,1,1874755355101077504,极兔快递,JT0014845483578,服饰,广东省,
凯泽智慧社区团寄快递_站点-凯泽智慧社区团寄快递,快递,2025-01-02 17:50:31,,2,,7.00,,2.81,43% - 0.2,1,1874755116457762816,极兔快递,JT0014844216231,生活用品,山东省,
凯泽智慧社区团寄快递_站点-凯泽智慧社区团寄快递,快递,2025-01-02 17:48:47,,1,,6.00,,2.32,42% - 0.2,1,1874754676907286528,极兔快递,JT0014846880688,服饰,江西省,
凯泽智慧社区团寄快递_站点-凯泽智慧社区团寄快递,快递,2025-01-02 17:15:41,,1,,6.00,,2.32,42% - 0.2,1,1874746354552512512,极兔快递,JT0014844657846,服饰,广东省,
凯泽智慧社区团寄快递_站点-凯泽智慧社区团寄快递,快递,2025-01-02 17:11:08,,1,,6.00,,2.32,42% - 0.2,1,1874745201785806848,极兔快递,JT0014846007569,服饰,浙江省,
凯泽智慧社区团寄快递_站点-凯泽智慧社区团寄快递,快递,2025-01-02 16:47:09,,10,,25.00,,9.80,40% - 0.2,1,1874739171672694784,极兔快递,JT0014833738036,食品,陕西省,
凯泽智慧社区团寄快递_站点-凯泽智慧社区团寄快递,快递,2025-01-02 16:31:19,,1,,6.00,,2.32,42% - 0.2,1,1874735185259372544,极兔快递,JT0014845097613,服饰,辽宁省,
凯泽智慧社区团寄快递_站点-凯泽智慧社区团寄快递,快递,2025-01-02 16:14:30,,1,,6.00,,2.32,42% - 0.2,1,1874730941127041024,极兔快递,JT0014843752356,服饰,浙江省,
凯泽智慧社区团寄快递_站点-凯泽智慧社区团寄快递,快递,2025-01-02 16:13:40,,1,,6.00,,2.32,42% - 0.2,1,1874730736868630528,极兔快递,JT0014843582339,服饰,浙江省,
凯泽智慧社区团寄快递_站点-凯泽智慧社区团寄快递,快递,2025-01-02 16:10:14,,1,,6.00,,2.32,42% - 0.2,1,1874729880626634752,极兔快递,JT0014844726748,服饰,河南省,
凯泽智慧社区团寄快递_站点-凯泽智慧社区团寄快递,快递,2025-01-02 15:31:40,,1,,6.00,,2.32,42% - 0.2,1,1874720162176802816,极兔快递,JT0014842312667,服饰,福建省,
凯泽智慧社区团寄快递_站点-凯泽智慧社区团寄快递,快递,2025-01-02 15:30:51,,1,,6.00,,2.32,42% - 0.2,1,1874719968521592832,极兔快递,JT0014842306378,服饰,福建省,
凯泽智慧社区团寄快递_站点-凯泽智慧社区团寄快递,快递,2025-01-02 15:20:48,,1,,6.00,,2.32,42% - 0.2,1,1874717430254641152,极兔快递,JT0014843883402,服饰,广东省,
凯泽智慧社区团寄快递_站点-凯泽智慧社区团寄快递,快递,2025-01-02 15:20:07,,1,,6.00,,2.32,42% - 0.2,1,1874717267603726336,极兔快递,JT0014841651119,服饰,广东省,
凯泽智慧社区团寄快递_站点-凯泽智慧社区团寄快递,快递,2025-01-02 15:16:14,,1,,6.00,,2.32,42% - 0.2,1,1874716287969501184,极兔快递,JT0014842628270,服饰,河南省,
凯泽智慧社区团寄快递_站点-凯泽智慧社区团寄快递,快递,2025-01-02 15:06:46,,1,,6.00,,2.32,42% - 0.2,1,1874713896423497728,极兔快递,JT0014837689092,生活用品,广东省,
凯泽智慧社区团寄快递_站点-凯泽智慧社区团寄快递,快递,2025-01-02 15:05:58,,1,,6.00,,2.32,42% - 0.2,1,1874713704550866944,极兔快递,JT0014843049066,生活用品,浙江省,
凯泽智慧社区团寄快递_站点-凯泽智慧社区团寄快递,快递,2025-01-02 14:45:09,,1,,6.00,,2.32,42% - 0.2,1,1874708468897652736,极兔快递,JT0014838723391,服饰,江西省,
凯泽智慧社区团寄快递_站点-凯泽智慧社区团寄快递,快递,2025-01-02 14:43:42,,1,,6.00,,2.32,42% - 0.2,1,1874708102747496448,极兔快递,JT0014842696879,服饰,广东省,
凯泽智慧社区团寄快递_站点-凯泽智慧社区团寄快递,快递,2025-01-02 14:42:02,,1,,6.00,,2.32,42% - 0.2,1,1874707682977357824,极兔快递,JT0014840150959,服饰,广东省,
凯泽智慧社区团寄快递_站点-凯泽智慧社区团寄快递,快递,2025-01-02 14:40:36,,1,,6.00,,2.32,42% - 0.2,1,1874707324397920256,极兔快递,JT0014840711892,生活用品,浙江省,
凯泽智慧社区团寄快递_站点-凯泽智慧社区团寄快递,快递,2025-01-02 14:20:44,,1,,6.00,,2.32,42% - 0.2,1,1874702318353489920,极兔快递,JT0014829534298,服饰,广东省,
凯泽智慧社区团寄快递_站点-凯泽智慧社区团寄快递,快递,2025-01-01 17:23:24,2025-01-02 13:41:05,1,,6.00,,0.00,,1,1874385900496297984,极兔快递,JT0014832139758,服饰,江苏省,已全额退款
凯泽智慧社区团寄快递_站点-凯泽智慧社区团寄快递,快递,2025-01-02 12:07:08,,2,,7.00,,2.81,43% - 0.2,1,1874668703699673088,极兔快递,JT0014836988656,服饰,安徽省,
凯泽智慧社区团寄快递_站点-凯泽智慧社区团寄快递,快递,2025-01-02 12:05:33,,1,,6.00,,2.32,42% - 0.2,1,1874668305781858304,极兔快递,JT0014838168946,服饰,湖北省,
凯泽智慧社区团寄快递_站点-凯泽智慧社区团寄快递,快递,2025-01-02 12:04:07,,1,,6.00,,2.32,42% - 0.2,1,1874667943008116736,极兔快递,JT0014838431736,服饰,浙江省,
凯泽智慧社区团寄快递_站点-凯泽智慧社区团寄快递,快递,2025-01-02 11:51:24,,1,,6.00,,2.32,42% - 0.2,1,1874664737700028416,极兔快递,JT0014828458153,服饰,广东省,
凯泽智慧社区团寄快递_站点-凯泽智慧社区团寄快递,快递,2025-01-02 10:17:44,,1,,6.00,,2.32,42% - 0.2,1,1874641163340263424,极兔快递,JT0014825625606,生活用品,广东省,
凯泽智慧社区团寄快递_站点-凯泽智慧社区团寄快递,快递,2025-01-02 09:36:23,,1,,6.00,,2.32,42% - 0.2,1,1874630758157037568,极兔快递,JT0014837080453,服饰,河北省,
凯泽智慧社区团寄快递_站点-凯泽智慧社区团寄快递,快递,2025-01-01 21:01:28,,2,,7.00,,2.81,43% - 0.2,1,1874440780414001152,极兔快递,JT0014827830900,服饰,河南省,
凯泽智慧社区团寄快递_站点-凯泽智慧社区团寄快递,快递,2025-01-01 20:09:31,,4,,11.00,,3.40,40%,1,1874427635989553152,极兔快递,JT0014834745063,生活用品,上海市,
凯泽智慧社区团寄快递_站点-凯泽智慧社区团寄快递,快递,2025-01-01 19:58:45,,3,,8.00,,3.40,45% - 0.2,1,1874424999156457472,极兔快递,JT0014811766975,生活用品,江苏省,
凯泽智慧社区团寄快递_站点-凯泽智慧社区团寄快递,快递,2025-01-01 19:50:31,,1,,6.00,,2.32,42% - 0.2,1,1874422919096246272,极兔快递,JT0014832648472,服饰,浙江省,
凯泽智慧社区团寄快递_站点-凯泽智慧社区团寄快递,快递,2025-01-01 19:40:20,,1,,6.00,,2.32,42% - 0.2,1,1874420365608165376,极兔快递,JT0014834107635,生活用品,浙江省,
凯泽智慧社区团寄快递_站点-凯泽智慧社区团寄快递,快递,2025-01-01 19:22:27,,1,,6.00,,2.32,42% - 0.2,1,1874415861865193472,极兔快递,JT0014829249164,服饰,浙江省,
凯泽智慧社区团寄快递_站点-凯泽智慧社区团寄快递,快递,2025-01-01 18:58:27,,1,,6.00,,2.32,42% - 0.2,1,1874409826614059008,极兔快递,JT0014833091119,服饰,辽宁省,
凯泽智慧社区团寄快递_站点-凯泽智慧社区团寄快递,快递,2025-01-01 18:49:43,,1,,6.00,,2.32,42% - 0.2,1,1874407627288813568,极兔快递,JT0014833179891,服饰,浙江省,
凯泽智慧社区团寄快递_站点-凯泽智慧社区团寄快递,快递,2025-01-01 18:19:06,,1,,6.00,,2.32,42% - 0.2,1,1874399926089490432,极兔快递,JT0014830224478,服饰,湖北省,
凯泽智慧社区团寄快递_站点-凯泽智慧社区团寄快递,快递,2025-01-01 18:15:24,,2,,7.00,,2.81,43% - 0.2,1,1874398985592315904,极兔快递,JT0014817054840,服饰,广东省,
凯泽智慧社区团寄快递_站点-凯泽智慧社区团寄快递,快递,2025-01-01 17:55:44,,1,,6.00,,2.32,42% - 0.2,1,1874394043053842432,极兔快递,JT0014832555250,生活用品,浙江省,
凯泽智慧社区团寄快递_站点-凯泽智慧社区团寄快递,快递,2025-01-01 17:48:43,,1,,6.00,,2.32,42% - 0.2,1,1874392256297115648,极兔快递,JT0014828332069,服饰,辽宁省,
凯泽智慧社区团寄快递_站点-凯泽智慧社区团寄快递,快递,2025-01-01 17:47:45,,1,,6.00,,2.32,42% - 0.2,1,1874392034623954944,极兔快递,JT0014830820510,服饰,辽宁省,
凯泽智慧社区团寄快递_站点-凯泽智慧社区团寄快递,快递,2025-01-01 17:34:54,,1,,6.00,,2.32,42% - 0.2,1,1874388798273822720,极兔快递,JT0014832839934,服饰,河北省,
凯泽智慧社区团寄快递_站点-凯泽智慧社区团寄快递,快递,2025-01-01 17:33:00,,1,,6.00,,2.32,42% - 0.2,1,1874388316969050112,极兔快递,JT0014818739452,服饰,山东省,
凯泽智慧社区团寄快递_站点-凯泽智慧社区团寄快递,快递,2025-01-01 17:32:06,,1,,6.00,,2.32,42% - 0.2,1,1874388094670938112,极兔快递,JT0014831231883,服饰,广东省,
凯泽智慧社区团寄快递_站点-凯泽智慧社区团寄快递,快递,2025-01-01 17:29:08,,1,,6.00,,2.32,42% - 0.2,1,1874387254023364608,极兔快递,JT0014831899285,服饰,浙江省,
凯泽智慧社区团寄快递_站点-凯泽智慧社区团寄快递,快递,2025-01-01 17:06:39,,1,,6.00,,2.32,42% - 0.2,1,1874381688160985088,极兔快递,JT0014823885750,服饰,广东省,
凯泽智慧社区团寄快递_站点-凯泽智慧社区团寄快递,快递,2025-01-01 16:35:17,,1,,6.00,,2.32,42% - 0.2,1,1874373799321083904,极兔快递,JT0014831281900,服饰,河南省,
凯泽智慧社区团寄快递_站点-凯泽智慧社区团寄快递,快递,2025-01-01 15:44:51,,1,,7.00,,1.94,42%,1,1874361106849669120,极兔快递,JT0014814826814,服饰,上海市,
凯泽智慧社区团寄快递_站点-凯泽智慧社区团寄快递,快递,2025-01-01 15:42:35,,1,,6.00,,2.32,42% - 0.2,1,1874360530355167232,极兔快递,JT0014828622782,服饰,辽宁省,
凯泽智慧社区团寄快递_站点-凯泽智慧社区团寄快递,快递,2025-01-01 15:28:23,,1,,6.00,,2.32,42% - 0.2,1,1874356960155213824,极兔快递,JT0014828177332,服饰,江苏省,
凯泽智慧社区团寄快递_站点-凯泽智慧社区团寄快递,快递,2025-01-01 11:34:55,,2,,7.00,,2.81,43% - 0.2,1,1874298205686276096,极兔快递,JT0014821761008,生活用品,山东省,
凯泽智慧社区团寄快递_站点-凯泽智慧社区团寄快递,快递,2025-01-01 10:27:12,,1,,6.00,,2.32,42% - 0.2,1,1874281163541258240,极兔快递,JT0014823992120,服饰,广东省,
凯泽智慧社区团寄快递_站点-凯泽智慧社区团寄快递,快递,2025-01-01 10:10:13,,1,,6.00,,2.32,42% - 0.2,1,1874276888324939776,极兔快递,JT0014823628781,生活用品,河北省,
