姓名,订单类型,日期,退款日期,打单重量,结算重量,金额,超重金额,团长利润,利润公式,价格方案,订单号,快递公司,物流单号,邮寄物品,发往,说明
玉佛苑_站点,总计:,4330.20,,,,,,,,,,,,,,
玉佛苑_站点-玉佛苑,快递,2025-01-31 11:15:26,,1.5,,8.00,,3.88,51% - 0.2,2,1885164936929783808,极兔快递,JT0015174836514,服饰,广东省,
玉佛苑_站点-玉佛苑,快递,2025-01-26 10:10:57,,1,,7.00,,1.94,42%,2,1883336774912385024,极兔快递,JT0015166015233,服饰,上海市,
玉佛苑_站点-玉佛苑,快递,2025-01-26 10:09:49,,1,,6.00,,2.32,42% - 0.2,2,1883336487816470528,极兔快递,JT0015167064690,服饰,广东省,
玉佛苑_站点-玉佛苑,快递,2025-01-26 10:08:40,,1,,6.00,,2.32,42% - 0.2,2,1883336199764254720,极兔快递,JT0015164201334,服饰,广东省,
玉佛苑_站点-玉佛苑,快递,2025-01-26 10:07:58,,1,,6.00,,2.32,42% - 0.2,2,1883336020323540992,极兔快递,JT0015162225582,服饰,广东省,
玉佛苑_站点-玉佛苑,快递,2025-01-26 09:42:38,,1,,6.00,,2.32,42% - 0.2,2,1883329645191176192,极兔快递,JT0015164161936,食品,山东省,
玉佛苑_站点-玉佛苑,快递,2025-01-26 09:41:57,,1.2,,8.00,,3.88,51% - 0.2,2,1883329475837763584,极兔快递,JT0015159015838,服饰,江苏省,
玉佛苑_站点-玉佛苑,快递,2025-01-26 09:36:14,,0.8,,6.00,,2.32,42% - 0.2,2,1883328034591023104,极兔快递,JT0015165267617,服饰,河北省,
玉佛苑_站点-玉佛苑,快递,2025-01-26 09:35:24,,1.2,,8.00,,3.88,51% - 0.2,2,1883327817800032256,极兔快递,JT0015166782475,服饰,浙江省,
玉佛苑_站点-玉佛苑,快递,2025-01-26 09:34:25,,1,,6.00,,2.32,42% - 0.2,2,1883327579907497984,极兔快递,JT0015166526877,服饰,浙江省,
玉佛苑_站点-玉佛苑,快递,2025-01-26 09:21:52,,0.5,,6.00,,2.32,42% - 0.2,2,1883324418476023808,极兔快递,JT0015162707744,生活用品,河南省,
玉佛苑_站点-玉佛苑,快递,2025-01-26 09:20:17,,2,,8.00,,3.88,51% - 0.2,2,1883324024026898432,极兔快递,JT0015162733707,化妆品,广东省,
玉佛苑_站点-玉佛苑,快递,2025-01-26 09:16:50,,0.5,,6.00,,2.32,42% - 0.2,2,1883323154765783040,极兔快递,JT0015164925418,牙刷,广东省,
玉佛苑_站点-玉佛苑,快递,2025-01-26 09:15:11,,0.8,,6.00,,2.32,42% - 0.2,2,1883322738506276864,极兔快递,JT0015160432162,沐浴露,广东省,
玉佛苑_站点-玉佛苑,快递,2025-01-26 09:13:40,,0.5,,6.00,,2.32,42% - 0.2,2,1883322353766965248,极兔快递,JT0015167043205,服饰,广东省,
玉佛苑_站点-玉佛苑,快递,2025-01-26 09:00:40,,3,,10.00,,5.30,55% - 0.2,2,1883319086949408768,极兔快递,JT0015161699214,服饰,广东省,
玉佛苑_站点-玉佛苑,快递,2025-01-26 08:57:58,,0.5,,6.00,,2.32,42% - 0.2,2,1883318406750740480,极兔快递,JT0015166420891,服饰,广东省,
玉佛苑_站点-玉佛苑,快递,2025-01-26 08:56:48,,0.8,,6.00,,2.32,42% - 0.2,2,1883318109303283712,极兔快递,JT0015166739823,服饰,浙江省,
玉佛苑_站点-玉佛苑,快递,2025-01-25 22:08:54,,2,,8.00,,3.88,51% - 0.2,2,1883155064958558208,极兔快递,JT0015161277024,服饰,山东省,
玉佛苑_站点-玉佛苑,快递,2025-01-25 22:07:33,,1,,6.00,,2.32,42% - 0.2,2,1883154722468470784,极兔快递,JT0015163835532,服饰,浙江省,
玉佛苑_站点-玉佛苑,快递,2025-01-25 22:06:26,,0.4,,6.00,,2.32,42% - 0.2,2,1883154439382310912,极兔快递,JT0015166221014,手链,福建省,
玉佛苑_站点-玉佛苑,快递,2025-01-25 22:04:26,,1,,6.00,,2.32,42% - 0.2,2,1883153937307344896,极兔快递,JT0015166135717,服饰,广东省,
玉佛苑_站点-玉佛苑,快递,2025-01-25 21:56:08,,2,,8.00,,3.88,51% - 0.2,2,1883151850406223872,极兔快递,JT0015166371785,服饰,山东省,
玉佛苑_站点-玉佛苑,快递,2025-01-25 21:55:04,,1,,6.00,,2.32,42% - 0.2,2,1883151579030560768,极兔快递,JT0015163436985,服饰,浙江省,
玉佛苑_站点-玉佛苑,快递,2025-01-25 21:54:01,,0.5,,6.00,,2.32,42% - 0.2,2,1883151319432503296,极兔快递,JT0015166301872,服饰,广东省,
玉佛苑_站点-玉佛苑,快递,2025-01-25 21:52:41,,2,,8.00,,3.88,51% - 0.2,2,1883150982621503488,极兔快递,JT0015164038626,服饰,浙江省,
玉佛苑_站点-玉佛苑,快递,2025-01-25 21:51:43,,2.9,,10.00,,5.30,55% - 0.2,2,1883150738139717632,极兔快递,JT0015166485442,生活用品,山东省,
玉佛苑_站点-玉佛苑,快递,2025-01-25 16:22:19,,0.5,,6.00,,2.32,42% - 0.2,2,1883067843987447808,极兔快递,JT0015162012036,生活用品,四川省,
玉佛苑_站点-玉佛苑,快递,2025-01-25 16:06:08,,0.8,,6.00,,2.32,42% - 0.2,2,1883063771876106240,极兔快递,JT0015163842108,服饰,浙江省,
玉佛苑_站点-玉佛苑,快递,2025-01-25 15:44:37,,1.5,,8.00,,3.88,51% - 0.2,2,1883058353628061696,极兔快递,JT0015151310441,服饰,浙江省,
玉佛苑_站点-玉佛苑,快递,2025-01-25 15:38:46,,1.5,,8.00,,3.88,51% - 0.2,2,1883056884266901504,极兔快递,JT0015153140102,服饰,浙江省,
玉佛苑_站点-玉佛苑,快递,2025-01-25 15:36:00,,2,,8.00,,3.88,51% - 0.2,2,1883056185219031040,极兔快递,JT0015164411177,鞋,浙江省,
玉佛苑_站点-玉佛苑,快递,2025-01-25 15:19:08,,2,,8.00,,3.88,51% - 0.2,2,1883051936372301824,极兔快递,JT0015160028031,服饰,广东省,
玉佛苑_站点-玉佛苑,快递,2025-01-25 15:12:41,,0.8,,6.00,,2.32,42% - 0.2,2,1883050320869007360,极兔快递,JT0015152066265,服饰,广东省,
玉佛苑_站点-玉佛苑,快递,2025-01-25 15:10:42,,0.8,,6.00,,2.32,42% - 0.2,2,1883049818487857152,极兔快递,JT0015164277841,服饰,广东省,
玉佛苑_站点-玉佛苑,快递,2025-01-25 15:07:00,,0.6,,6.00,,2.32,42% - 0.2,2,1883048884831592448,极兔快递,JT0015151413058,服饰,广东省,
玉佛苑_站点-玉佛苑,快递,2025-01-25 14:22:36,,1,,6.00,,2.32,42% - 0.2,2,1883037712715685888,极兔快递,JT0015154416600,易碎品,浙江省,
玉佛苑_站点-玉佛苑,快递,2025-01-25 14:05:03,,1,,6.00,,2.32,42% - 0.2,2,1883033295576702976,极兔快递,JT0015163814647,服饰,广东省,
玉佛苑_站点-玉佛苑,快递,2025-01-25 14:04:11,,0.5,,6.00,,2.32,42% - 0.2,2,1883033079020593152,极兔快递,JT0015163353308,服饰,浙江省,
玉佛苑_站点-玉佛苑,快递,2025-01-25 14:00:40,,1,,6.00,,2.32,42% - 0.2,2,1883032191870771200,极兔快递,JT0015159912015,服饰,湖南省,
玉佛苑_站点-玉佛苑,快递,2025-01-25 11:23:37,,0.5,,6.00,,2.32,42% - 0.2,2,1882992666607951872,极兔快递,JT0015164025884,饰品,四川省,
玉佛苑_站点-玉佛苑,快递,2025-01-25 11:04:51,,2,,8.00,,3.88,51% - 0.2,2,1882987949395877888,极兔快递,JT0015163145863,床品,河北省,
玉佛苑_站点-玉佛苑,快递,2025-01-25 11:03:26,,0.5,,6.00,,2.32,42% - 0.2,2,1882987588526350336,极兔快递,JT0015152565966,服饰,浙江省,
玉佛苑_站点-玉佛苑,快递,2025-01-25 10:50:09,,1,,6.00,,2.32,42% - 0.2,2,1882984245796085760,极兔快递,JT0015163427661,服饰,福建省,
玉佛苑_站点-玉佛苑,快递,2025-01-24 22:00:09,,1,,6.00,,2.32,42% - 0.2,2,1882790467512639488,极兔快递,JT0015158115621,服饰,浙江省,
玉佛苑_站点-玉佛苑,快递,2025-01-24 21:58:26,,1.3,,8.00,,3.88,51% - 0.2,2,1882790037420318720,极兔快递,JT0015161275932,服饰,浙江省,
玉佛苑_站点-玉佛苑,快递,2025-01-24 21:13:11,,0.5,,6.00,,2.32,42% - 0.2,2,1882778649209675776,极兔快递,JT0015150573331,书,河北省,
玉佛苑_站点-玉佛苑,快递,2025-01-24 20:49:38,,1,,6.00,,2.32,42% - 0.2,2,1882772726567215104,极兔快递,JT0015160485464,服饰,浙江省,
玉佛苑_站点-玉佛苑,快递,2025-01-24 20:48:23,,0.6,,6.00,,2.32,42% - 0.2,2,1882772409947594752,极兔快递,JT0015146121532,服饰,广东省,
玉佛苑_站点-玉佛苑,快递,2025-01-24 13:06:50,,1,,6.00,,2.32,42% - 0.2,2,1882656259226017792,极兔快递,JT0015156295589,服饰,广东省,
玉佛苑_站点-玉佛苑,快递,2025-01-24 11:02:04,,0.4,,6.00,,2.32,42% - 0.2,2,1882624858778836992,极兔快递,JT0015149602878,饰品,江苏省,
玉佛苑_站点-玉佛苑,快递,2025-01-22 10:59:27,2025-01-23 19:19:14,4.4,,15.00,,0.00,,2,1881899427010789376,极兔快递,JT0015126252888,生鲜类,陕西省,已全额退款
玉佛苑_站点-玉佛苑,快递,2025-01-22 11:00:33,2025-01-23 19:19:03,8.7,,27.00,,0.00,,2,1881899702824026112,极兔快递,JT0015136064373,生鲜类,陕西省,已全额退款
玉佛苑_站点-玉佛苑,快递,2025-01-23 16:08:07,,0.4,,6.00,,2.32,42% - 0.2,2,1882339478389202944,极兔快递,JT0015147986530,生活用品,江苏省,
玉佛苑_站点-玉佛苑,快递,2025-01-23 15:58:01,,0.5,,6.00,,2.32,42% - 0.2,2,1882336948447944704,极兔快递,JT0015149857232,服饰,浙江省,
玉佛苑_站点-玉佛苑,快递,2025-01-23 15:29:29,,1,,6.00,,2.32,42% - 0.2,2,1882329768290230272,极兔快递,JT0015150795717,服饰,浙江省,
玉佛苑_站点-玉佛苑,快递,2025-01-23 14:47:07,,0.5,,6.00,,2.32,42% - 0.2,2,1882319112233099264,极兔快递,JT0015147296861,服饰,广东省,
玉佛苑_站点-玉佛苑,快递,2025-01-23 14:45:24,,0.6,,6.00,,2.32,42% - 0.2,2,1882318678835666944,极兔快递,JT0015148989782,服饰,浙江省,
玉佛苑_站点-玉佛苑,快递,2025-01-23 14:43:40,,0.6,,6.00,,2.32,42% - 0.2,2,1882318242997149696,极兔快递,JT0015130630884,服饰,广东省,
玉佛苑_站点-玉佛苑,快递,2025-01-23 11:43:23,,0.4,,6.00,,2.32,42% - 0.2,2,1882272871793106944,极兔快递,JT0015143577432,化妆品,福建省,
玉佛苑_站点-玉佛苑,快递,2025-01-23 11:41:55,,1,,6.00,,2.32,42% - 0.2,2,1882272500236492800,极兔快递,JT0015145531634,床品,江苏省,
玉佛苑_站点-玉佛苑,快递,2025-01-23 11:35:04,,0.5,,6.00,,2.32,42% - 0.2,2,1882270764813852672,极兔快递,JT0015148885332,饰品,广东省,
玉佛苑_站点-玉佛苑,快递,2025-01-23 11:33:37,,1,,6.00,,2.32,42% - 0.2,2,1882270415122145280,极兔快递,JT0015147273884,服饰,四川省,
玉佛苑_站点-玉佛苑,快递,2025-01-23 11:30:50,,0.5,,6.00,,2.32,42% - 0.2,2,1882269711326322688,极兔快递,JT0015140247748,服饰,浙江省,
玉佛苑_站点-玉佛苑,快递,2025-01-23 11:05:02,,1,,6.00,,2.32,42% - 0.2,2,1882263221630738432,极兔快递,JT0015145939010,服饰,广东省,
玉佛苑_站点-玉佛苑,快递,2025-01-23 10:56:35,,1,,6.00,,2.32,42% - 0.2,2,1882261046183665664,极兔快递,JT0015144053023,服饰,浙江省,
玉佛苑_站点-玉佛苑,快递,2025-01-23 10:03:32,,0.7,,6.00,,2.32,42% - 0.2,2,1882247741008322560,极兔快递,JT0015144386375,地毯,天津市,
玉佛苑_站点-玉佛苑,快递,2025-01-23 10:01:35,,1,,6.00,,2.32,42% - 0.2,2,1882247253852495872,极兔快递,JT0015145835726,帽子,广东省,
玉佛苑_站点-玉佛苑,快递,2025-01-23 09:52:39,,0.5,,6.00,,2.32,42% - 0.2,2,1882245000638832640,极兔快递,JT0015145432139,服饰,广东省,
玉佛苑_站点-玉佛苑,快递,2025-01-23 09:11:01,,1,,6.00,,2.32,42% - 0.2,2,1882234518766952448,极兔快递,JT0015136699997,服饰,浙江省,
玉佛苑_站点-玉佛苑,快递,2025-01-22 22:47:30,,2,,8.00,,3.88,51% - 0.2,2,1882077615319490560,极兔快递,JT0015145318993,服饰,浙江省,
玉佛苑_站点-玉佛苑,快递,2025-01-22 22:46:48,,1,,6.00,,2.32,42% - 0.2,2,1882077437753630720,极兔快递,JT0015142773517,服饰,江苏省,
玉佛苑_站点-玉佛苑,快递,2025-01-22 22:46:03,,1.2,,8.00,,3.88,51% - 0.2,2,1882077246493368320,极兔快递,JT0015144537383,服饰,湖南省,
玉佛苑_站点-玉佛苑,快递,2025-01-22 22:45:02,,0.5,,6.00,,2.32,42% - 0.2,2,1882076993518116864,极兔快递,JT0015139147827,服饰,广东省,
玉佛苑_站点-玉佛苑,快递,2025-01-22 21:27:09,,1,,6.00,,2.32,42% - 0.2,2,1882057391059320832,极兔快递,JT0015143434937,服饰,广东省,
玉佛苑_站点-玉佛苑,快递,2025-01-22 21:26:17,,1,,6.00,,2.32,42% - 0.2,2,1882057169923031040,极兔快递,JT0015143920780,服饰,广东省,
玉佛苑_站点-玉佛苑,快递,2025-01-22 21:24:52,,1,,6.00,,2.32,42% - 0.2,2,1882056816603250688,极兔快递,JT0015142955061,服饰,广东省,
玉佛苑_站点-玉佛苑,快递,2025-01-22 21:20:30,,0.5,,6.00,,2.32,42% - 0.2,2,1882055718106644480,极兔快递,JT0015144107606,服饰,广东省,
玉佛苑_站点-玉佛苑,快递,2025-01-22 20:50:43,,2,,8.00,,3.88,51% - 0.2,2,1882048220247179264,极兔快递,JT0015140974058,服饰,福建省,
玉佛苑_站点-玉佛苑,快递,2025-01-22 19:46:22,,3,,10.00,,5.30,55% - 0.2,2,1882032025703890944,极兔快递,JT0015144167318,服饰,安徽省,
玉佛苑_站点-玉佛苑,快递,2025-01-22 19:38:15,,2,,8.00,,3.88,51% - 0.2,2,1882029864437760000,极兔快递,JT0015138693771,生活用品,浙江省,
玉佛苑_站点-玉佛苑,快递,2025-01-22 19:36:48,,0.5,,6.00,,2.32,42% - 0.2,2,1882029620434124800,极兔快递,JT0015126441864,生活用品,河北省,
玉佛苑_站点-玉佛苑,快递,2025-01-22 19:29:48,,1,,6.00,,2.32,42% - 0.2,2,1882027861418524672,极兔快递,JT0015143925063,服饰,浙江省,
玉佛苑_站点-玉佛苑,快递,2025-01-22 19:18:58,,1,,6.00,,2.32,42% - 0.2,2,1882025129773187072,极兔快递,JT0015142207938,服饰,江西省,
玉佛苑_站点-玉佛苑,快递,2025-01-22 19:18:18,,1,,6.00,,2.32,42% - 0.2,2,1882024967642365952,极兔快递,JT0015139451254,生活用品,江西省,
玉佛苑_站点-玉佛苑,快递,2025-01-22 19:16:35,,1,,6.00,,2.32,42% - 0.2,2,1882024533032779776,极兔快递,JT0015144651441,服饰,江苏省,
玉佛苑_站点-玉佛苑,快递,2025-01-22 19:15:29,,0.5,,6.00,,2.32,42% - 0.2,2,1882024257542504448,极兔快递,JT0015143641717,服饰,江苏省,
玉佛苑_站点-玉佛苑,快递,2025-01-22 19:14:11,,1,,6.00,,2.32,42% - 0.2,2,1882023932098068480,极兔快递,JT0015140998556,服饰,江苏省,
玉佛苑_站点-玉佛苑,快递,2025-01-22 18:56:37,,1,,6.00,,2.32,42% - 0.2,2,1882019507438698496,极兔快递,JT0015144822795,服饰,河北省,
玉佛苑_站点-玉佛苑,快递,2025-01-22 18:39:06,,7,,21.00,,10.30,50% - 0.2,2,1882015097320980480,极兔快递,JT0015137600742,生活用品,浙江省,
玉佛苑_站点-玉佛苑,快递,2025-01-22 18:31:07,,2,,8.00,,3.88,51% - 0.2,2,1882013092569497600,极兔快递,JT0015135650653,生活用品,浙江省,
玉佛苑_站点-玉佛苑,快递,2025-01-22 17:58:57,,2,,8.00,,3.88,51% - 0.2,2,1882004995323019264,极兔快递,JT0015143725665,易碎品,浙江省,
玉佛苑_站点-玉佛苑,快递,2025-01-22 17:53:42,,1,,6.00,,2.32,42% - 0.2,2,1882003673190318080,极兔快递,JT0015143171748,易碎品,广东省,
玉佛苑_站点-玉佛苑,快递,2025-01-22 17:40:09,,0.4,,6.00,,2.32,42% - 0.2,2,1882000263934197760,极兔快递,JT0015141474869,生活用品,浙江省,
玉佛苑_站点-玉佛苑,快递,2025-01-22 17:34:33,,2,,8.00,,3.88,51% - 0.2,2,1881998856841674752,极兔快递,JT0015137750391,生活用品,湖南省,
玉佛苑_站点-玉佛苑,快递,2025-01-22 17:29:05,,1,,6.00,,2.32,42% - 0.2,2,1881997477209260032,极兔快递,JT0015140796488,服饰,湖北省,
玉佛苑_站点-玉佛苑,快递,2025-01-22 16:56:57,,1,,6.00,,2.32,42% - 0.2,2,1881989387873239040,极兔快递,JT0015139357254,易碎品,陕西省,
玉佛苑_站点-玉佛苑,快递,2025-01-22 16:39:32,,0.5,,6.00,,2.32,42% - 0.2,2,1881985010101993472,极兔快递,JT0015142013213,服饰,江苏省,
玉佛苑_站点-玉佛苑,快递,2025-01-22 16:38:24,,1,,6.00,,2.32,42% - 0.2,2,1881984727183605760,极兔快递,JT0015141076883,服饰,广东省,
玉佛苑_站点-玉佛苑,快递,2025-01-22 16:36:37,,0.5,,6.00,,2.32,42% - 0.2,2,1881984279269687296,极兔快递,JT0015142791327,服饰,广东省,
玉佛苑_站点-玉佛苑,快递,2025-01-22 16:35:31,,1,,6.00,,2.32,42% - 0.2,2,1881983994887487488,极兔快递,JT0015139230583,服饰,广东省,
玉佛苑_站点-玉佛苑,快递,2025-01-22 16:26:38,,1,,6.00,,2.32,42% - 0.2,2,1881981764113350656,极兔快递,JT0015139555376,生活用品,广东省,
玉佛苑_站点-玉佛苑,快递,2025-01-22 16:22:20,,1,,6.00,,2.32,42% - 0.2,2,1881980639960186880,极兔快递,JT0015137339794,服饰,浙江省,
玉佛苑_站点-玉佛苑,快递,2025-01-22 16:21:20,,2,,8.00,,3.88,51% - 0.2,2,1881980424955969536,极兔快递,JT0015127204520,化妆品,安徽省,
玉佛苑_站点-玉佛苑,快递,2025-01-22 16:13:51,,1,,6.00,,2.32,42% - 0.2,2,1881978543093399552,极兔快递,JT0015139840616,服饰,广东省,
玉佛苑_站点-玉佛苑,快递,2025-01-22 16:11:24,,1,,6.00,,2.32,42% - 0.2,2,1881977930825678848,极兔快递,JT0015141908824,鞋,广东省,
玉佛苑_站点-玉佛苑,快递,2025-01-22 16:10:04,,1,,6.00,,2.32,42% - 0.2,2,1881977595671429120,极兔快递,JT0015137313782,服饰,广东省,
玉佛苑_站点-玉佛苑,快递,2025-01-22 15:34:37,,0.4,,6.00,,2.32,42% - 0.2,2,1881968676815323136,极兔快递,JT0015137779672,服饰,广东省,
玉佛苑_站点-玉佛苑,干洗,2025-01-22 15:28:11,,,,58.90,,17.67,30%,,1881967054286569472,干洗,,"清洗普通羽绒服2件不分长短49元   *   1
清洗普通羽绒服2件不分长短49元   *   1
清洗鞋19.8元两双   *   1",,
玉佛苑_站点-玉佛苑,干洗,2025-01-22 15:22:28,,,,59.00,,17.70,30%,,1881965615304753152,干洗,,"清洗毛呢2件59元   *   1
清洗毛呢2件59元   *   1",,
玉佛苑_站点-玉佛苑,快递,2025-01-22 15:06:59,,1,,6.00,,2.32,42% - 0.2,2,1881961722957086720,极兔快递,JT0015137517186,食品,浙江省,
玉佛苑_站点-玉佛苑,快递,2025-01-22 15:02:03,,1,,6.00,,2.32,42% - 0.2,2,1881960480553910272,极兔快递,JT0015138283324,服饰,湖南省,
玉佛苑_站点-玉佛苑,快递,2025-01-22 15:01:06,,1,,6.00,,2.32,42% - 0.2,2,1881960238857142272,极兔快递,JT0015140953557,服饰,浙江省,
玉佛苑_站点-玉佛苑,快递,2025-01-22 14:57:41,,1,,6.00,,2.32,42% - 0.2,2,1881959379003850752,极兔快递,JT0015134884183,生活用品,湖北省,
玉佛苑_站点-玉佛苑,快递,2025-01-22 14:48:53,,2,,8.00,,3.88,51% - 0.2,2,1881957112238391296,极兔快递,JT0015139044310,服饰,湖北省,
玉佛苑_站点-玉佛苑,快递,2025-01-22 14:44:31,,0.4,,6.00,,2.32,42% - 0.2,2,1881956065969258496,极兔快递,JT0015138215047,服饰,广东省,
玉佛苑_站点-玉佛苑,快递,2025-01-22 14:41:57,,1.5,,8.00,,3.88,51% - 0.2,2,1881955419161444352,极兔快递,JT0015129079596,包,广东省,
玉佛苑_站点-玉佛苑,快递,2025-01-22 14:39:39,,0.4,,6.00,,2.32,42% - 0.2,2,1881954841190547456,极兔快递,JT0015137932851,手机壳,广东省,
玉佛苑_站点-玉佛苑,快递,2025-01-22 14:34:10,,1,,6.00,,2.32,42% - 0.2,2,1881953440884408320,极兔快递,JT0015140510716,服饰,湖南省,
玉佛苑_站点-玉佛苑,快递,2025-01-22 11:29:00,,2,,8.00,,3.88,51% - 0.2,2,1881906856691843072,申通快递,772037130658516,水龙头,浙江省,
玉佛苑_站点-玉佛苑,快递,2025-01-22 10:41:54,,0.4,,6.00,,2.32,42% - 0.2,2,1881895008718372864,极兔快递,JT0015136669894,服饰,广东省,
玉佛苑_站点-玉佛苑,快递,2025-01-22 10:38:04,,2.4,,10.00,,5.30,55% - 0.2,2,1881894036818444288,极兔快递,JT0015131533126,服饰,湖北省,
玉佛苑_站点-玉佛苑,快递,2025-01-22 09:44:25,2025-01-22 09:46:47,17,,51.00,,0.00,,2,1881880516276985856,韵达快递,312621977444058,食品,云南省,已全额退款
玉佛苑_站点-玉佛苑,干洗,2025-01-21 23:09:50,,,,49.00,,14.70,30%,,1881720842416234496,干洗,,"清洗普通羽绒服2件不分长短49元   *   1
清洗普通羽绒服2件不分长短49元   *   1",,
玉佛苑_站点-玉佛苑,快递,2025-01-21 22:59:01,,0.5,,6.00,,2.32,42% - 0.2,2,1881718122917601280,极兔快递,JT0015123837018,生活用品,广东省,
玉佛苑_站点-玉佛苑,快递,2025-01-21 21:54:23,,17,,51.00,,25.30,50% - 0.2,2,1881701752473591808,韵达快递,312621684398629,书柜,江苏省,
玉佛苑_站点-玉佛苑,快递,2025-01-21 21:52:20,,1,,6.00,,2.32,42% - 0.2,2,1881701342132248576,极兔快递,JT0015130793025,服饰,广东省,
玉佛苑_站点-玉佛苑,快递,2025-01-21 21:47:25,,2,,8.00,,3.88,51% - 0.2,2,1881700100744093696,极兔快递,JT0015132705168,生活用品,浙江省,
玉佛苑_站点-玉佛苑,快递,2025-01-21 21:43:14,,17,,51.00,,25.30,50% - 0.2,2,1881699047109763072,极兔快递,JT0015125475980,食品,云南省,
玉佛苑_站点-玉佛苑,快递,2025-01-21 21:37:35,,1,,6.00,,2.32,42% - 0.2,2,1881697629502119936,极兔快递,JT0015133546296,服饰,浙江省,
玉佛苑_站点-玉佛苑,快递,2025-01-21 21:01:38,,1,,6.00,,2.32,42% - 0.2,2,1881688581763440640,极兔快递,JT0015131759420,服饰,江苏省,
玉佛苑_站点-玉佛苑,快递,2025-01-21 20:03:31,,2,,8.00,,3.88,51% - 0.2,2,1881673958284795904,极兔快递,JT0015128351105,鞋,浙江省,
玉佛苑_站点-玉佛苑,快递,2025-01-21 19:57:55,,1,,10.00,,1.80,42% - 0.2,2,1881672545320247296,极兔快递,JT0015132632254,食品,内蒙古自治区,
玉佛苑_站点-玉佛苑,快递,2025-01-21 19:54:20,,0.5,,6.00,,2.32,42% - 0.2,2,1881671649614045184,极兔快递,JT0015126736148,化妆品,广东省,
玉佛苑_站点-玉佛苑,快递,2025-01-21 19:50:47,,1.2,,8.00,,3.88,51% - 0.2,2,1881670750527234048,极兔快递,JT0015132972922,生活用品,山东省,
玉佛苑_站点-玉佛苑,快递,2025-01-21 19:41:45,,1,,6.00,,2.32,42% - 0.2,2,1881668479613607936,极兔快递,JT0015132638186,生活用品,河南省,
玉佛苑_站点-玉佛苑,快递,2025-01-21 19:29:18,,0.5,,6.00,,2.32,42% - 0.2,2,1881665346288164864,极兔快递,JT0015133131972,饰品,广东省,
玉佛苑_站点-玉佛苑,快递,2025-01-21 19:06:02,,1,,6.00,,2.32,42% - 0.2,2,1881659486686093312,极兔快递,JT0015129465139,服饰,浙江省,
玉佛苑_站点-玉佛苑,快递,2025-01-21 18:52:58,,0.3,,6.00,,2.32,42% - 0.2,2,1881656204211200000,极兔快递,JT0015127859668,生活用品,广东省,
玉佛苑_站点-玉佛苑,快递,2025-01-21 18:51:54,,0.5,,7.00,,1.94,42%,2,1881655932743262208,极兔快递,JT0015131248514,化妆品,上海市,
玉佛苑_站点-玉佛苑,快递,2025-01-21 18:50:49,,2,,8.00,,3.88,51% - 0.2,2,1881655661531176960,极兔快递,JT0015131034725,服饰,江苏省,
玉佛苑_站点-玉佛苑,快递,2025-01-21 18:50:06,,2.2,,10.00,,5.30,55% - 0.2,2,1881655483629772800,极兔快递,JT0015128940137,服饰,广东省,
玉佛苑_站点-玉佛苑,快递,2025-01-21 18:49:14,,1,,6.00,,2.32,42% - 0.2,2,1881655264997482496,极兔快递,JT0015131277852,服饰,河南省,
玉佛苑_站点-玉佛苑,快递,2025-01-21 18:48:25,,1,,6.00,,2.32,42% - 0.2,2,1881655059547889664,极兔快递,JT0015130505304,服饰,广东省,
玉佛苑_站点-玉佛苑,快递,2025-01-21 18:41:41,,0.3,,6.00,,2.32,42% - 0.2,2,1881653332455137280,极兔快递,JT0015124234628,生活用品,浙江省,
玉佛苑_站点-玉佛苑,快递,2025-01-21 18:36:20,,2,,8.00,,3.88,51% - 0.2,2,1881652015955386368,极兔快递,JT0015130694564,鞋,福建省,
玉佛苑_站点-玉佛苑,快递,2025-01-21 18:35:42,,2,,8.00,,3.88,51% - 0.2,2,1881651855854608384,极兔快递,JT0015131172953,鞋,浙江省,
玉佛苑_站点-玉佛苑,快递,2025-01-21 17:35:02,,1,,6.00,,2.32,42% - 0.2,2,1881636588709683200,极兔快递,JT0015125998839,服饰,浙江省,
玉佛苑_站点-玉佛苑,快递,2025-01-21 17:33:02,,1,,6.00,,2.32,42% - 0.2,2,1881636077168173056,极兔快递,JT0015121207105,其他,陕西省,
玉佛苑_站点-玉佛苑,快递,2025-01-21 17:21:18,,1,,6.00,,2.32,42% - 0.2,2,1881633132229894144,极兔快递,JT0015126170144,服饰,辽宁省,
玉佛苑_站点-玉佛苑,快递,2025-01-21 17:03:56,2025-01-21 17:05:05,10,,30.00,,0.00,,2,1881628760129347584,极兔快递,JT0015129675322,服饰,陕西省,已全额退款
玉佛苑_站点-玉佛苑,快递,2025-01-21 17:04:47,,9,,27.00,,13.30,50% - 0.2,2,1881628977872445440,极兔快递,JT0015130429186,服饰,陕西省,
玉佛苑_站点-玉佛苑,快递,2025-01-21 17:00:39,,1,,6.00,,2.32,42% - 0.2,2,1881627935113945088,极兔快递,JT0015129954617,生活用品,浙江省,
玉佛苑_站点-玉佛苑,快递,2025-01-21 16:32:47,,1,,6.00,,2.32,42% - 0.2,2,1881620926071250944,极兔快递,JT0015129274705,服饰,广东省,
玉佛苑_站点-玉佛苑,快递,2025-01-21 16:31:16,,1,,6.00,,2.32,42% - 0.2,2,1881620537930358784,极兔快递,JT0015128364703,服饰,广东省,
玉佛苑_站点-玉佛苑,快递,2025-01-21 16:30:12,,1,,6.00,,2.32,42% - 0.2,2,1881620271092932608,极兔快递,JT0015123336231,服饰,广东省,
玉佛苑_站点-玉佛苑,快递,2025-01-21 16:28:41,,1,,6.00,,2.32,42% - 0.2,2,1881619891206430720,极兔快递,JT0015122925052,服饰,湖北省,
玉佛苑_站点-玉佛苑,快递,2025-01-21 16:28:01,,1,,6.00,,2.32,42% - 0.2,2,1881619723396521984,极兔快递,JT0015129387063,服饰,天津市,
玉佛苑_站点-玉佛苑,快递,2025-01-21 16:17:20,,1,,6.00,,2.32,42% - 0.2,2,1881617034411450368,极兔快递,JT0015128677703,包,广东省,
玉佛苑_站点-玉佛苑,快递,2025-01-21 15:53:18,,1,,6.00,,2.32,42% - 0.2,2,1881610984199233536,极兔快递,JT0015116565666,服饰,广东省,
玉佛苑_站点-玉佛苑,快递,2025-01-21 15:41:43,,5,,15.00,,7.30,50% - 0.2,2,1881608069740961792,极兔快递,JT0015128158094,服饰,安徽省,
玉佛苑_站点-玉佛苑,快递,2025-01-21 15:28:32,,5,,15.00,,7.30,50% - 0.2,2,1881604751232802816,韵达快递,312621294092205,服饰,浙江省,
玉佛苑_站点-玉佛苑,快递,2025-01-21 15:09:06,,1.5,,8.00,,3.88,51% - 0.2,2,1881599857851572224,极兔快递,JT0015127583971,服饰,广东省,
玉佛苑_站点-玉佛苑,快递,2025-01-21 15:07:49,,2,,8.00,,3.88,51% - 0.2,2,1881599539101245440,极兔快递,JT0015125372839,服饰,河北省,
玉佛苑_站点-玉佛苑,快递,2025-01-21 15:06:38,,2,,8.00,,3.88,51% - 0.2,2,1881599239816683520,极兔快递,JT0015125813826,服饰,湖北省,
玉佛苑_站点-玉佛苑,快递,2025-01-21 13:19:30,,3,,10.00,,5.30,55% - 0.2,2,1881572279409385472,极兔快递,JT0015123973276,生活用品,江苏省,
玉佛苑_站点-玉佛苑,快递,2025-01-21 13:10:33,,1,,6.00,,2.32,42% - 0.2,2,1881570030352277504,极兔快递,JT0015122082377,服饰,江苏省,
玉佛苑_站点-玉佛苑,快递,2025-01-21 13:09:31,,1,,6.00,,2.32,42% - 0.2,2,1881569771127513088,极兔快递,JT0015124408379,服饰,江苏省,
玉佛苑_站点-玉佛苑,快递,2025-01-21 12:57:10,,1,,6.00,,2.32,42% - 0.2,2,1881566661449555968,极兔快递,JT0015123235244,服饰,广东省,
玉佛苑_站点-玉佛苑,快递,2025-01-21 12:55:31,,0.3,,6.00,,2.32,42% - 0.2,2,1881566245173272576,极兔快递,JT0015121540608,服饰,广东省,
玉佛苑_站点-玉佛苑,快递,2025-01-21 12:54:32,,1,,7.00,,1.94,42%,2,1881565985206116352,极兔快递,JT0015118174306,鞋,上海市,
玉佛苑_站点-玉佛苑,快递,2025-01-21 11:53:29,,1,,6.00,,2.32,42% - 0.2,2,1881550585575710720,极兔快递,JT0015120248675,鞋,广东省,
玉佛苑_站点-玉佛苑,快递,2025-01-21 11:37:06,,0.4,,6.00,,2.32,42% - 0.2,2,1881546515746070528,极兔快递,JT0015119432995,服饰,甘肃省,
玉佛苑_站点-玉佛苑,快递,2025-01-21 11:29:58,,1,,6.00,,2.32,42% - 0.2,2,1881544716788113408,极兔快递,JT0015115458385,服饰,浙江省,
玉佛苑_站点-玉佛苑,快递,2025-01-21 11:22:58,,1,,6.00,,2.32,42% - 0.2,2,1881542951191650304,极兔快递,JT0015120249952,服饰,江苏省,
玉佛苑_站点-玉佛苑,快递,2025-01-21 10:20:49,,1.3,,8.00,,3.88,51% - 0.2,2,1881527313043759104,极兔快递,JT0015120183592,服饰,浙江省,
玉佛苑_站点-玉佛苑,快递,2025-01-21 09:21:14,,1,,6.00,,2.32,42% - 0.2,2,1881512320126623744,极兔快递,JT0015119226208,服饰,辽宁省,
玉佛苑_站点-玉佛苑,快递,2025-01-21 09:03:19,,1,,6.00,,2.32,42% - 0.2,2,1881507808750018560,极兔快递,JT0015119835910,生活用品,陕西省,
玉佛苑_站点-玉佛苑,干洗,2025-01-20 21:51:33,,,,18.00,,5.40,30%,,1881338757557985280,干洗,,"羽绒马甲_儿童羽绒服   *   1",,
玉佛苑_站点-玉佛苑,干洗,2025-01-20 21:49:23,,,,68.80,,20.64,30%,,1881338210457165824,干洗,,"清洗鞋19.8元两双   *   1
清洗鞋19.8元两双   *   1
清洗普通羽绒服2件不分长短49元   *   1
清洗普通羽绒服2件不分长短49元   *   1",,
玉佛苑_站点-玉佛苑,快递,2025-01-20 21:00:26,,2,,8.00,,3.88,51% - 0.2,2,1881325892277051392,极兔快递,JT0015118912926,服饰,广东省,
玉佛苑_站点-玉佛苑,快递,2025-01-20 20:30:35,,0.5,,7.00,,1.94,42%,2,1881318377753616384,极兔快递,JT0015118238668,生活用品,上海市,
玉佛苑_站点-玉佛苑,快递,2025-01-20 20:29:08,,1.7,,8.00,,3.88,51% - 0.2,2,1881318014833074176,极兔快递,JT0015117863837,食品,陕西省,
玉佛苑_站点-玉佛苑,快递,2025-01-20 20:18:01,,2,,8.00,,3.88,51% - 0.2,2,1881315160248492032,极兔快递,JT0015118331775,服饰,浙江省,
玉佛苑_站点-玉佛苑,快递,2025-01-20 20:16:36,,0.5,,6.00,,2.32,42% - 0.2,2,1881314862176083968,极兔快递,JT0015115774405,服饰,浙江省,
玉佛苑_站点-玉佛苑,快递,2025-01-20 20:16:02,,2,,8.00,,3.88,51% - 0.2,2,1881314716927336448,极兔快递,JT0015117290839,鞋,浙江省,
玉佛苑_站点-玉佛苑,快递,2025-01-20 18:55:36,,3,,10.00,,5.30,55% - 0.2,2,1881294474948558848,极兔快递,JT0015118087650,服饰,浙江省,
玉佛苑_站点-玉佛苑,快递,2025-01-20 18:40:31,,1,,6.00,,2.32,42% - 0.2,2,1881290682442104832,极兔快递,JT0015116489882,杯子,湖北省,
玉佛苑_站点-玉佛苑,快递,2025-01-20 18:38:40,,0.5,,6.00,,2.32,42% - 0.2,2,1881290217528672256,极兔快递,JT0015114091757,生活用品,山东省,
玉佛苑_站点-玉佛苑,快递,2025-01-20 18:10:37,,0.5,,6.00,,2.32,42% - 0.2,2,1881283155973292032,极兔快递,JT0015111556131,生活用品,广东省,
玉佛苑_站点-玉佛苑,快递,2025-01-20 18:09:13,,3,,10.00,,5.30,55% - 0.2,2,1881282805350449152,极兔快递,JT0015112057191,易碎品酒,山东省,
玉佛苑_站点-玉佛苑,快递,2025-01-20 17:55:10,,2,,8.00,,3.88,51% - 0.2,2,1881279266624552960,极兔快递,JT0015113449527,服饰,山东省,
玉佛苑_站点-玉佛苑,快递,2025-01-20 17:50:52,,0.6,,6.00,,2.32,42% - 0.2,2,1881278181260312576,极兔快递,JT0015116182293,服饰,江苏省,
玉佛苑_站点-玉佛苑,快递,2025-01-20 17:29:21,,0.6,,6.00,,2.32,42% - 0.2,2,1881272766631952384,极兔快递,JT0015114739167,服饰,浙江省,
玉佛苑_站点-玉佛苑,快递,2025-01-20 17:28:47,,0.8,,6.00,,2.32,42% - 0.2,2,1881272627213287424,极兔快递,JT0015114031345,服饰,江苏省,
玉佛苑_站点-玉佛苑,快递,2025-01-20 17:27:47,,0.8,,6.00,,2.32,42% - 0.2,2,1881272378625277952,极兔快递,JT0015109349117,服饰,浙江省,
玉佛苑_站点-玉佛苑,快递,2025-01-20 17:26:59,,0.8,,6.00,,2.32,42% - 0.2,2,1881272175037956096,极兔快递,JT0015111318237,服饰,浙江省,
玉佛苑_站点-玉佛苑,快递,2025-01-20 17:26:29,,0.8,,6.00,,2.32,42% - 0.2,2,1881272051733807104,极兔快递,JT0015116026755,服饰,浙江省,
玉佛苑_站点-玉佛苑,快递,2025-01-20 17:25:47,,0.6,,6.00,,2.32,42% - 0.2,2,1881271876579672064,极兔快递,JT0015112774522,服饰,浙江省,
玉佛苑_站点-玉佛苑,快递,2025-01-20 17:23:25,,0.4,,6.00,,2.32,42% - 0.2,2,1881271276991332352,极兔快递,JT0015115933888,服饰,浙江省,
玉佛苑_站点-玉佛苑,快递,2025-01-20 17:21:46,,0.8,,6.00,,2.32,42% - 0.2,2,1881270856000651264,极兔快递,JT0015115290017,服饰,浙江省,
玉佛苑_站点-玉佛苑,快递,2025-01-20 17:21:07,,0.8,,6.00,,2.32,42% - 0.2,2,1881270698873634816,极兔快递,JT0015115344406,服饰,广东省,
玉佛苑_站点-玉佛苑,快递,2025-01-20 17:19:18,,0.8,,6.00,,2.32,42% - 0.2,2,1881270241447034880,极兔快递,JT0015109685089,服饰,浙江省,
玉佛苑_站点-玉佛苑,快递,2025-01-20 17:12:28,,0.5,,6.00,,2.32,42% - 0.2,2,1881268524206702592,极兔快递,JT0015093085540,服饰,浙江省,
玉佛苑_站点-玉佛苑,快递,2025-01-20 17:03:30,,2,,8.00,,3.88,51% - 0.2,2,1881266236343894016,极兔快递,JT0015113375286,生活用品,河北省,
玉佛苑_站点-玉佛苑,快递,2025-01-20 16:48:53,,0.8,,6.00,,2.32,42% - 0.2,2,1881262585411977216,极兔快递,JT0015107124956,服饰,广东省,
玉佛苑_站点-玉佛苑,快递,2025-01-20 16:46:50,,1.3,,8.00,,3.88,51% - 0.2,2,1881262070200451072,极兔快递,JT0015106048983,服饰,浙江省,
玉佛苑_站点-玉佛苑,快递,2025-01-20 16:45:37,,0.4,,6.00,,2.32,42% - 0.2,2,1881261766943883264,极兔快递,JT0015112557441,饰品,浙江省,
玉佛苑_站点-玉佛苑,快递,2025-01-20 16:44:16,,0.4,,6.00,,2.32,42% - 0.2,2,1881261401976520704,极兔快递,JT0015111902342,饰品,浙江省,
玉佛苑_站点-玉佛苑,快递,2025-01-20 16:42:31,,0.4,,6.00,,2.32,42% - 0.2,2,1881260984563580928,极兔快递,JT0015103388356,饰品,陕西省,
玉佛苑_站点-玉佛苑,快递,2025-01-20 16:40:54,,0.4,,6.00,,2.32,42% - 0.2,2,1881260576059342848,极兔快递,JT0015112551297,饰品,浙江省,
玉佛苑_站点-玉佛苑,快递,2025-01-20 16:34:41,,0.4,,6.00,,2.32,42% - 0.2,2,1881259013953732608,极兔快递,JT0015112532594,饰品,重庆市,
玉佛苑_站点-玉佛苑,快递,2025-01-20 16:33:39,,0.4,,6.00,,2.32,42% - 0.2,2,1881258739776274432,极兔快递,JT0015113956909,饰品,四川省,
玉佛苑_站点-玉佛苑,快递,2025-01-20 16:32:27,,1.2,,8.00,,3.88,51% - 0.2,2,1881258450671288320,极兔快递,JT0015114581706,服饰,广东省,
玉佛苑_站点-玉佛苑,快递,2025-01-20 16:18:38,,0.8,,6.00,,2.32,42% - 0.2,2,1881254972691496960,极兔快递,JT0015113858081,服饰,浙江省,
玉佛苑_站点-玉佛苑,快递,2025-01-20 16:05:29,2025-01-20 16:10:13,0.8,,6.00,,0.00,,2,1881251664987865088,极兔快递,JT0015106846587,服饰,浙江省,已全额退款
玉佛苑_站点-玉佛苑,快递,2025-01-20 16:09:21,,0.8,,6.00,,2.32,42% - 0.2,2,1881252640742359040,极兔快递,JT0015113632115,服饰,浙江省,
玉佛苑_站点-玉佛苑,快递,2025-01-20 16:08:17,,0.5,,6.00,,2.32,42% - 0.2,2,1881252371648397312,极兔快递,JT0015113518963,生活用品,福建省,
玉佛苑_站点-玉佛苑,快递,2025-01-20 16:04:35,,0.8,,6.00,,2.32,42% - 0.2,2,1881251439015542784,极兔快递,JT0015106737997,服饰,浙江省,
玉佛苑_站点-玉佛苑,快递,2025-01-20 15:51:32,,1,,6.00,,2.32,42% - 0.2,2,1881248155508850688,极兔快递,JT0015108520639,服饰,广东省,
玉佛苑_站点-玉佛苑,快递,2025-01-20 15:50:09,,1,,6.00,,2.32,42% - 0.2,2,1881247807616499712,极兔快递,JT0015107521977,服饰,浙江省,
玉佛苑_站点-玉佛苑,快递,2025-01-20 15:40:47,,0.7,,6.00,,2.32,42% - 0.2,2,1881245449071280128,极兔快递,JT0015113501297,服饰,河南省,
玉佛苑_站点-玉佛苑,快递,2025-01-20 15:39:23,,1.2,,8.00,,3.88,51% - 0.2,2,1881245092798709760,极兔快递,JT0015113653616,服饰,湖南省,
玉佛苑_站点-玉佛苑,快递,2025-01-20 15:38:08,,1,,6.00,,2.32,42% - 0.2,2,1881244779861688320,极兔快递,JT0015105348946,服饰,湖南省,
玉佛苑_站点-玉佛苑,快递,2025-01-20 15:32:02,,0.6,,6.00,,2.32,42% - 0.2,2,1881243247065874432,极兔快递,JT0015107641989,服饰,广东省,
玉佛苑_站点-玉佛苑,快递,2025-01-20 15:31:16,,1,,6.00,,2.32,42% - 0.2,2,1881243054576680960,极兔快递,JT0015112169166,服饰,广东省,
玉佛苑_站点-玉佛苑,快递,2025-01-20 15:26:39,,2,,8.00,,3.88,51% - 0.2,2,1881241890544074752,极兔快递,JT0015113913892,鞋,江西省,
玉佛苑_站点-玉佛苑,快递,2025-01-20 15:18:18,,5,,15.00,,7.30,50% - 0.2,2,1881239790682554368,极兔快递,JT0015113045069,易碎品,山东省,
玉佛苑_站点-玉佛苑,快递,2025-01-20 15:17:13,,7.7,,24.00,,11.80,50% - 0.2,2,1881239516979052544,极兔快递,JT0015113604376,食品,山东省,
玉佛苑_站点-玉佛苑,快递,2025-01-20 15:08:37,,1,,6.00,,2.32,42% - 0.2,2,1881237353833873408,极兔快递,JT0015113121259,其他,江西省,
玉佛苑_站点-玉佛苑,快递,2025-01-20 14:34:59,,5,,15.00,,7.30,50% - 0.2,2,1881228890441306112,极兔快递,JT0015109416349,红薯,陕西省,
玉佛苑_站点-玉佛苑,快递,2025-01-20 14:34:19,,5,,15.00,,7.30,50% - 0.2,2,1881228722220355584,极兔快递,JT0015111196067,红薯,陕西省,
玉佛苑_站点-玉佛苑,快递,2025-01-20 13:48:58,,0.4,,6.00,,2.32,42% - 0.2,2,1881217304645390336,极兔快递,JT0015105423043,生活用品,重庆市,
玉佛苑_站点-玉佛苑,快递,2025-01-20 12:07:24,,1.2,,8.00,,3.88,51% - 0.2,2,1881191746758823936,极兔快递,JT0015109703271,服饰,浙江省,
玉佛苑_站点-玉佛苑,快递,2025-01-20 11:48:06,,0.75,,6.00,,2.32,42% - 0.2,2,1881186895614234624,极兔快递,JT0015102626759,服饰,安徽省,
玉佛苑_站点-玉佛苑,快递,2025-01-20 11:05:42,,0.6,,6.00,,2.32,42% - 0.2,2,1881176222054273024,极兔快递,JT0015099067752,服饰,广东省,
玉佛苑_站点-玉佛苑,快递,2025-01-20 10:51:56,,0.6,,6.00,,2.32,42% - 0.2,2,1881172753041903616,极兔快递,JT0015107571200,服饰,江苏省,
玉佛苑_站点-玉佛苑,快递,2025-01-20 10:24:28,,0.4,,6.00,,2.32,42% - 0.2,2,1881165838601736192,极兔快递,JT0015106884699,服饰,山东省,
玉佛苑_站点-玉佛苑,快递,2025-01-20 10:16:22,,2,,8.00,,3.88,51% - 0.2,2,1881163803814842368,极兔快递,JT0015107049171,服饰,江西省,
玉佛苑_站点-玉佛苑,快递,2025-01-20 10:14:37,,0.6,,6.00,,2.32,42% - 0.2,2,1881163368039239680,极兔快递,JT0015105806916,服饰,广东省,
玉佛苑_站点-玉佛苑,快递,2025-01-20 10:12:55,,0.4,,6.00,,2.32,42% - 0.2,2,1881162936676044800,极兔快递,JT0015103984104,饰品,江苏省,
玉佛苑_站点-玉佛苑,快递,2025-01-20 10:11:40,,0.5,,6.00,,2.32,42% - 0.2,2,1881162617367875584,极兔快递,JT0015106063546,饰品,浙江省,
玉佛苑_站点-玉佛苑,快递,2025-01-20 10:00:45,,1.5,,9.00,,3.59,51%,2,1881159869163425792,极兔快递,JT0015097288717,服饰,上海市,
玉佛苑_站点-玉佛苑,快递,2025-01-20 09:51:28,,1.3,,8.00,,3.88,51% - 0.2,2,1881157536362844160,极兔快递,JT0015100833517,生活用品,浙江省,
玉佛苑_站点-玉佛苑,快递,2025-01-20 09:19:56,,2,,8.00,,3.88,51% - 0.2,2,1881149603453390848,极兔快递,JT0015105184668,鞋,浙江省,
玉佛苑_站点-玉佛苑,快递,2025-01-19 21:12:47,,3.6,,12.00,,5.80,50% - 0.2,2,1880966612638814208,极兔快递,JT0015099704707,红枣,陕西省,
玉佛苑_站点-玉佛苑,快递,2025-01-19 21:12:03,,6.2,,21.00,,10.30,50% - 0.2,2,1880966429465169920,极兔快递,JT0015103947963,干果,陕西省,
玉佛苑_站点-玉佛苑,快递,2025-01-19 21:11:00,,11.2,,36.00,,17.80,50% - 0.2,2,1880966163776983040,极兔快递,JT0015098360778,大米,陕西省,
玉佛苑_站点-玉佛苑,快递,2025-01-19 21:09:04,,11.2,,36.00,,17.80,50% - 0.2,2,1880965670363254784,极兔快递,JT0015100165482,大米,陕西省,
玉佛苑_站点-玉佛苑,快递,2025-01-19 20:16:38,,1.2,,8.00,,3.88,51% - 0.2,2,1880952484083847168,极兔快递,JT0015101811912,面膜,浙江省,
玉佛苑_站点-玉佛苑,快递,2025-01-19 20:14:36,,1.5,,8.00,,3.88,51% - 0.2,2,1880951969597935616,极兔快递,JT0015096834259,面膜,广东省,
玉佛苑_站点-玉佛苑,快递,2025-01-19 20:13:28,,1,,6.00,,2.32,42% - 0.2,2,1880951686151065600,极兔快递,JT0015100628363,面膜,山东省,
玉佛苑_站点-玉佛苑,快递,2025-01-19 20:12:18,,1,,6.00,,2.32,42% - 0.2,2,1880951372777836544,极兔快递,JT0015102782931,面膜,江苏省,
玉佛苑_站点-玉佛苑,快递,2025-01-19 20:07:32,,2,,8.00,,3.88,51% - 0.2,2,1880950192005763072,极兔快递,JT0015097675409,鞋,广西壮族自治区,
玉佛苑_站点-玉佛苑,快递,2025-01-19 20:00:01,,1,,6.00,,2.32,42% - 0.2,2,1880948297732247552,极兔快递,JT0015102403202,食品,贵州省,
玉佛苑_站点-玉佛苑,快递,2025-01-19 19:57:41,,0.4,,6.00,,2.32,42% - 0.2,2,1880947711876059136,极兔快递,JT0015102847814,食品,湖南省,
玉佛苑_站点-玉佛苑,快递,2025-01-19 19:56:28,,0.4,,6.00,,2.32,42% - 0.2,2,1880947406388121600,极兔快递,JT0015101329065,食品,河南省,
玉佛苑_站点-玉佛苑,快递,2025-01-19 19:51:06,,0.7,,6.00,,2.32,42% - 0.2,2,1880946056795312128,极兔快递,JT0015103013596,服饰,辽宁省,
玉佛苑_站点-玉佛苑,快递,2025-01-19 19:50:05,,0.6,,6.00,,2.32,42% - 0.2,2,1880945796647800832,极兔快递,JT0015103005537,服饰,湖南省,
玉佛苑_站点-玉佛苑,快递,2025-01-19 19:43:31,,0.8,,6.00,,2.32,42% - 0.2,2,1880944147250335744,极兔快递,JT0015100676376,服饰,广东省,
玉佛苑_站点-玉佛苑,快递,2025-01-19 19:27:56,,4.9,,15.00,,7.30,50% - 0.2,2,1880940227861991424,极兔快递,JT0015103073664,化妆品,陕西省,
玉佛苑_站点-玉佛苑,快递,2025-01-19 19:04:41,2025-01-19 19:08:58,1.2,,8.00,,0.00,,2,1880934375092441088,极兔快递,JT0015100948445,服饰,广东省,已全额退款
玉佛苑_站点-玉佛苑,快递,2025-01-19 19:07:59,,0.8,,6.00,,2.32,42% - 0.2,2,1880935210400665600,极兔快递,JT0015095337751,服饰,广东省,
玉佛苑_站点-玉佛苑,快递,2025-01-19 19:06:14,,0.8,,6.00,,2.32,42% - 0.2,2,1880934762574827520,极兔快递,JT0015101256789,服饰,广东省,
玉佛苑_站点-玉佛苑,快递,2025-01-19 18:26:05,2025-01-19 19:01:49,10,,30.00,,0.00,,2,1880924657976397824,极兔快递,JT0015100846171,面膜,陕西省,已全额退款
玉佛苑_站点-玉佛苑,快递,2025-01-19 19:00:27,,10,,30.00,,14.80,50% - 0.2,2,1880933312692015104,极兔快递,JT0015099501380,面膜30盒,陕西省,
玉佛苑_站点-玉佛苑,快递,2025-01-19 18:54:55,,0.8,,6.00,,2.32,42% - 0.2,2,1880931915888119808,极兔快递,JT0015101291916,服饰,广东省,
玉佛苑_站点-玉佛苑,快递,2025-01-19 18:38:27,,0.4,,6.00,,2.32,42% - 0.2,2,1880927775745167360,极兔快递,JT0015097724837,生活用品,河南省,
玉佛苑_站点-玉佛苑,快递,2025-01-19 18:34:03,,1.5,,8.00,,3.88,51% - 0.2,2,1880926666351759360,极兔快递,JT0015098464578,服饰,广东省,
玉佛苑_站点-玉佛苑,快递,2025-01-19 18:24:01,,1,,6.00,,2.32,42% - 0.2,2,1880924141238145024,极兔快递,JT0015101352671,化妆品,陕西省,
玉佛苑_站点-玉佛苑,快递,2025-01-19 18:21:53,,10.5,,33.00,,16.30,50% - 0.2,2,1880923601871622144,极兔快递,JT0015101370703,面膜,陕西省,
玉佛苑_站点-玉佛苑,快递,2025-01-19 18:19:39,,2,,8.00,,3.88,51% - 0.2,2,1880922868812140544,极兔快递,JT0015101014017,化妆品,陕西省,
玉佛苑_站点-玉佛苑,快递,2025-01-19 18:16:33,,1,,6.00,,2.32,42% - 0.2,2,1880922263477604352,极兔快递,JT0015101125311,易碎品,甘肃省,
玉佛苑_站点-玉佛苑,快递,2025-01-19 17:50:36,,1,,6.00,,2.32,42% - 0.2,2,1880915732019335168,极兔快递,JT0015100998328,服饰,广东省,
玉佛苑_站点-玉佛苑,快递,2025-01-19 17:42:19,,0.4,,6.00,,2.32,42% - 0.2,2,1880913625635672064,极兔快递,JT0015098363981,饰品手链,广东省,
玉佛苑_站点-玉佛苑,快递,2025-01-19 17:40:54,,0.5,,6.00,,2.32,42% - 0.2,2,1880913293031559168,极兔快递,JT0015097113455,饰品,广东省,
玉佛苑_站点-玉佛苑,快递,2025-01-19 17:37:40,,0.5,,6.00,,2.32,42% - 0.2,2,1880912478044737536,极兔快递,JT0015101059450,饰品,广东省,
玉佛苑_站点-玉佛苑,快递,2025-01-19 17:25:01,,1,,6.00,,2.32,42% - 0.2,2,1880909291233529856,极兔快递,JT0015100157745,生活用品,河北省,
玉佛苑_站点-玉佛苑,快递,2025-01-19 17:18:29,,0.4,,6.00,,2.32,42% - 0.2,2,1880907647464820736,极兔快递,JT0015095460683,服饰,浙江省,
玉佛苑_站点-玉佛苑,快递,2025-01-19 16:44:14,,0.3,,6.00,,2.32,42% - 0.2,2,1880899029919125504,极兔快递,JT0015094255912,生活用品,黑龙江省,
玉佛苑_站点-玉佛苑,快递,2025-01-19 16:08:36,,2,,8.00,,3.88,51% - 0.2,2,1880890057296236544,极兔快递,JT0015098921499,鞋,浙江省,
玉佛苑_站点-玉佛苑,快递,2025-01-19 16:06:27,,1,,6.00,,2.32,42% - 0.2,2,1880889522635722752,极兔快递,JT0015085995297,服饰,广东省,
玉佛苑_站点-玉佛苑,快递,2025-01-19 16:03:16,,0.8,,6.00,,2.32,42% - 0.2,2,1880888717253857280,极兔快递,JT0015098641455,服饰,浙江省,
玉佛苑_站点-玉佛苑,快递,2025-01-19 16:01:27,,0.5,,6.00,,2.32,42% - 0.2,2,1880888259315552256,极兔快递,JT0015098366500,服饰,广东省,
玉佛苑_站点-玉佛苑,快递,2025-01-19 15:33:11,,2,,8.00,,3.88,51% - 0.2,2,1880881150528114688,极兔快递,JT0015093491685,服饰,山东省,
玉佛苑_站点-玉佛苑,快递,2025-01-19 15:25:17,,0.3,,6.00,,2.32,42% - 0.2,2,1880879162184749056,极兔快递,JT0015097909238,手机壳,福建省,
玉佛苑_站点-玉佛苑,快递,2025-01-19 15:22:48,,2,,8.00,,3.88,51% - 0.2,2,1880878535941607424,极兔快递,JT0015094012779,鞋,浙江省,
玉佛苑_站点-玉佛苑,快递,2025-01-19 15:15:28,,1,,6.00,,2.32,42% - 0.2,2,1880876689562849280,极兔快递,JT0015095997067,服饰,陕西省,
玉佛苑_站点-玉佛苑,干洗,2025-01-19 15:06:21,,,,49.00,,14.70,30%,,1880874392610983936,干洗,,"清洗普通羽绒服2件不分长短49元   *   1
清洗普通羽绒服2件不分长短49元   *   1",,
玉佛苑_站点-玉佛苑,快递,2025-01-19 14:55:09,,6.7,,21.00,,10.30,50% - 0.2,2,1880871575280209920,极兔快递,JT0015093439975,苹果,陕西省,
玉佛苑_站点-玉佛苑,快递,2025-01-19 14:54:23,,6.7,,21.00,,10.30,50% - 0.2,2,1880871362608025600,极兔快递,JT0015096308968,苹果,陕西省,
玉佛苑_站点-玉佛苑,干洗,2025-01-19 14:46:55,,,,68.80,,20.64,30%,,1880869501922496512,干洗,,"清洗普通羽绒服2件不分长短49元   *   1
清洗普通羽绒服2件不分长短49元   *   1
清洗鞋19.8元两双   *   1
清洗鞋19.8元两双   *   1",,
玉佛苑_站点-玉佛苑,快递,2025-01-19 14:35:48,,1,,6.00,,2.32,42% - 0.2,2,1880866710218919936,极兔快递,JT0015097033075,服饰,广东省,
玉佛苑_站点-玉佛苑,快递,2025-01-19 14:29:36,,1,,6.00,,2.32,42% - 0.2,2,1880865150105604096,极兔快递,JT0015088598321,生活用品,广东省,
玉佛苑_站点-玉佛苑,快递,2025-01-19 14:18:26,,1.3,,8.00,,3.88,51% - 0.2,2,1880862342031659008,极兔快递,JT0015096251216,生活用品,浙江省,
玉佛苑_站点-玉佛苑,快递,2025-01-19 14:17:01,,1,,6.00,,2.32,42% - 0.2,2,1880861982890184704,极兔快递,JT0015096430663,服饰,安徽省,
玉佛苑_站点-玉佛苑,快递,2025-01-19 14:09:05,,1,,6.00,,2.32,42% - 0.2,2,1880859985138995200,极兔快递,JT0015096092077,服饰,广东省,
玉佛苑_站点-玉佛苑,快递,2025-01-19 13:24:09,,1,,6.00,,2.32,42% - 0.2,2,1880848678494982144,极兔快递,JT0015094478219,服饰,浙江省,
玉佛苑_站点-玉佛苑,快递,2025-01-19 12:51:25,,4,,12.00,,5.80,50% - 0.2,2,1880840438755414016,极兔快递,JT0015093990914,生活用品,山东省,
玉佛苑_站点-玉佛苑,快递,2025-01-19 12:49:28,,1,,6.00,,2.32,42% - 0.2,2,1880839946813886464,极兔快递,JT0015094710429,生活用品,湖南省,
玉佛苑_站点-玉佛苑,快递,2025-01-19 12:44:18,,0.6,,6.00,,2.32,42% - 0.2,2,1880838650279022592,极兔快递,JT0015093164093,服饰,广东省,
玉佛苑_站点-玉佛苑,快递,2025-01-19 12:40:10,,5,,15.00,,7.30,50% - 0.2,2,1880837542336843776,极兔快递,JT0015090910827,生活用品,江苏省,
玉佛苑_站点-玉佛苑,快递,2025-01-19 12:28:08,,0.6,,7.00,,1.94,42%,2,1880834582684946432,极兔快递,JT0015082855716,服饰,上海市,
玉佛苑_站点-玉佛苑,快递,2025-01-19 12:27:15,,0.6,,6.00,,2.32,42% - 0.2,2,1880834355714379776,极兔快递,JT0015084737968,服饰,浙江省,
玉佛苑_站点-玉佛苑,快递,2025-01-19 12:26:25,,4,,12.00,,5.80,50% - 0.2,2,1880834146036928512,极兔快递,JT0015089587804,服饰,广东省,
玉佛苑_站点-玉佛苑,快递,2025-01-19 12:10:21,,2.5,,10.00,,5.30,55% - 0.2,2,1880830106691489792,极兔快递,JT0015092605063,擦玻璃器,河北省,
玉佛苑_站点-玉佛苑,快递,2025-01-19 12:04:34,,2,,8.00,,3.88,51% - 0.2,2,1880828648583647232,极兔快递,JT0015093449360,服饰,浙江省,
玉佛苑_站点-玉佛苑,快递,2025-01-19 12:00:22,,2.2,,35.00,,6.80,19.43% - 0.2,2,1880827580948729856,极兔快递,JT0015092672213,生活用品,新疆维吾尔自治区,
玉佛苑_站点-玉佛苑,快递,2025-01-19 11:01:22,,0.7,,6.00,,2.32,42% - 0.2,2,1880812745125056512,极兔快递,JT0015092486128,服饰,浙江省,
玉佛苑_站点-玉佛苑,快递,2025-01-19 10:53:17,,0.2,,6.00,,2.32,42% - 0.2,2,1880810687596646400,极兔快递,JT0015089860573,生活用品,重庆市,
玉佛苑_站点-玉佛苑,快递,2025-01-19 10:52:15,,0.4,,6.00,,2.32,42% - 0.2,2,1880810448663924736,极兔快递,JT0015085254574,服饰,广东省,
玉佛苑_站点-玉佛苑,快递,2025-01-19 10:25:16,,0.8,,6.00,,2.32,42% - 0.2,2,1880803662472990720,极兔快递,JT0015088139184,服饰,浙江省,
玉佛苑_站点-玉佛苑,快递,2025-01-19 09:28:48,,5.7,,18.00,,8.80,50% - 0.2,2,1880789451248291840,极兔快递,JT0015089111679,大米,陕西省,
玉佛苑_站点-玉佛苑,快递,2025-01-19 09:27:51,,6.2,,21.00,,10.30,50% - 0.2,2,1880789208171597824,极兔快递,JT0015090586472,干果,陕西省,
玉佛苑_站点-玉佛苑,快递,2025-01-19 09:24:44,,3.6,,12.00,,5.80,50% - 0.2,2,1880788423304073216,极兔快递,JT0015087977709,红枣,陕西省,
玉佛苑_站点-玉佛苑,快递,2025-01-19 09:20:18,,3.6,,12.00,,5.80,50% - 0.2,2,1880787309796052992,极兔快递,JT0015090282802,红枣,陕西省,
玉佛苑_站点-玉佛苑,快递,2025-01-19 09:19:18,,6.2,,21.00,,10.30,50% - 0.2,2,1880787051959603200,极兔快递,JT0015090703253,干果,陕西省,
玉佛苑_站点-玉佛苑,快递,2025-01-19 09:17:46,,11.2,,36.00,,17.80,50% - 0.2,2,1880786673843097600,极兔快递,JT0015083607544,大米,陕西省,
玉佛苑_站点-玉佛苑,快递,2025-01-19 09:16:33,,11.2,,36.00,,17.80,50% - 0.2,2,1880786369647005696,极兔快递,JT0015089999815,大米,陕西省,
玉佛苑_站点-玉佛苑,快递,2025-01-19 09:10:34,,1.65,,8.00,,3.88,51% - 0.2,2,1880784778839773184,极兔快递,JT0015086352375,生鲜类,陕西省,
玉佛苑_站点-玉佛苑,干洗,2025-01-19 09:07:54,,,,49.00,,14.70,30%,,1880783997168308224,干洗,,"清洗普通羽绒服2件不分长短49元   *   1
清洗普通羽绒服2件不分长短49元   *   1",,
玉佛苑_站点-玉佛苑,快递,2025-01-18 21:08:57,,1,,6.00,,2.32,42% - 0.2,2,1880603262658596864,极兔快递,JT0015080482644,化妆品,陕西省,
玉佛苑_站点-玉佛苑,快递,2025-01-18 21:00:06,,0.6,,6.00,,2.32,42% - 0.2,2,1880601032572325888,极兔快递,JT0015043920545,服饰,江苏省,
玉佛苑_站点-玉佛苑,快递,2025-01-18 20:59:19,,0.6,,6.00,,2.32,42% - 0.2,2,1880600833586155520,极兔快递,JT0015087487488,服饰,江西省,
玉佛苑_站点-玉佛苑,快递,2025-01-18 20:58:15,,0.8,,6.00,,2.32,42% - 0.2,2,1880600566861975552,极兔快递,JT0015088394261,服饰,河南省,
玉佛苑_站点-玉佛苑,快递,2025-01-18 20:31:14,,0.8,,6.00,,2.32,42% - 0.2,2,1880593767689670656,极兔快递,JT0015075422915,服饰,广东省,
玉佛苑_站点-玉佛苑,快递,2025-01-18 20:26:39,,1,,6.00,,2.32,42% - 0.2,2,1880592573671985152,申通快递,772037004077565,生活用品,浙江省,
玉佛苑_站点-玉佛苑,快递,2025-01-18 20:02:14,,3,,10.00,,5.30,55% - 0.2,2,1880586470766727168,极兔快递,JT0015083293191,服饰,河北省,
玉佛苑_站点-玉佛苑,快递,2025-01-18 20:01:14,,0.3,,6.00,,2.32,42% - 0.2,2,1880586215446859776,极兔快递,JT0015085650130,服饰,浙江省,
玉佛苑_站点-玉佛苑,快递,2025-01-18 19:41:52,,0.4,,6.00,,2.32,42% - 0.2,2,1880581344417075200,极兔快递,JT0015084851554,手套,辽宁省,
玉佛苑_站点-玉佛苑,快递,2025-01-18 19:13:47,,0.4,,6.00,,2.32,42% - 0.2,2,1880574274741522432,极兔快递,JT0015087856854,手包,广东省,
玉佛苑_站点-玉佛苑,快递,2025-01-18 19:10:41,,6.2,,21.00,,10.30,50% - 0.2,2,1880573497448910848,极兔快递,JT0015082721385,食品,陕西省,
玉佛苑_站点-玉佛苑,快递,2025-01-18 19:09:57,,6.2,,21.00,,10.30,50% - 0.2,2,1880573315017658368,极兔快递,JT0015086888994,食品,陕西省,
玉佛苑_站点-玉佛苑,快递,2025-01-18 19:08:10,,11.2,,36.00,,17.80,50% - 0.2,2,1880572862959767552,极兔快递,JT0015087426283,大米,陕西省,
玉佛苑_站点-玉佛苑,快递,2025-01-18 19:07:35,,11.2,,36.00,,17.80,50% - 0.2,2,1880572716851187712,极兔快递,JT0015088134623,大米,陕西省,
玉佛苑_站点-玉佛苑,快递,2025-01-18 19:07:02,,11.2,,36.00,,17.80,50% - 0.2,2,1880572575708663808,极兔快递,JT0015085322227,大米,陕西省,
玉佛苑_站点-玉佛苑,快递,2025-01-18 19:03:22,,3.6,,12.00,,5.80,50% - 0.2,2,1880571655696470016,极兔快递,JT0015086404216,红枣,陕西省,
玉佛苑_站点-玉佛苑,快递,2025-01-18 19:02:42,,3.6,,12.00,,5.80,50% - 0.2,2,1880571112068534272,极兔快递,JT0015087168949,红枣,陕西省,
玉佛苑_站点-玉佛苑,快递,2025-01-18 18:38:18,,1.2,,8.00,,3.88,51% - 0.2,2,1880565346943160320,极兔快递,JT0015082404472,服饰,浙江省,
玉佛苑_站点-玉佛苑,快递,2025-01-18 18:37:13,,1,,6.00,,2.32,42% - 0.2,2,1880565076662210560,极兔快递,JT0015075290088,服饰,福建省,
玉佛苑_站点-玉佛苑,快递,2025-01-18 18:36:13,,0.6,,6.00,,2.32,42% - 0.2,2,1880564824857169920,极兔快递,JT0015080236981,服饰,广东省,
玉佛苑_站点-玉佛苑,快递,2025-01-18 18:30:56,,0.5,,6.00,,2.32,42% - 0.2,2,1880563455651794944,极兔快递,JT0015079685344,服饰,福建省,
玉佛苑_站点-玉佛苑,快递,2025-01-18 18:19:44,,1.7,,8.00,,3.88,51% - 0.2,2,1880560675520303104,极兔快递,JT0015084802286,生活用品,河北省,
玉佛苑_站点-玉佛苑,快递,2025-01-18 18:03:29,,0.4,,6.00,,2.32,42% - 0.2,2,1880556585100824576,极兔快递,JT0015086438915,生活用品,山东省,
玉佛苑_站点-玉佛苑,快递,2025-01-18 18:00:03,,10,,30.00,,14.80,50% - 0.2,2,1880555716837953536,极兔快递,JT0015086885903,生鲜类,陕西省,
玉佛苑_站点-玉佛苑,快递,2025-01-18 17:31:37,,1,,6.00,,2.32,42% - 0.2,2,1880548560587771904,极兔快递,JT0015083777123,帽子,河北省,
玉佛苑_站点-玉佛苑,快递,2025-01-18 17:08:48,,0.6,,6.00,,2.32,42% - 0.2,2,1880542825908850688,极兔快递,JT0015084326634,服饰,浙江省,
玉佛苑_站点-玉佛苑,快递,2025-01-18 17:05:09,,0.6,,6.00,,2.32,42% - 0.2,2,1880541905712107520,极兔快递,JT0015085971527,服饰,浙江省,
玉佛苑_站点-玉佛苑,快递,2025-01-18 16:58:50,,0.4,,6.00,,2.32,42% - 0.2,2,1880540311297773568,极兔快递,JT0015077489492,服饰,广东省,
玉佛苑_站点-玉佛苑,快递,2025-01-18 16:57:58,,0.4,,6.00,,2.32,42% - 0.2,2,1880540099086962688,极兔快递,JT0015084644968,服饰,广东省,
玉佛苑_站点-玉佛苑,快递,2025-01-18 16:56:44,,1,,6.00,,2.32,42% - 0.2,2,1880539787982852096,极兔快递,JT0015081839221,服饰,浙江省,
玉佛苑_站点-玉佛苑,快递,2025-01-18 16:35:23,,0.5,,6.00,,2.32,42% - 0.2,2,1880534411967254528,极兔快递,JT0015084098837,花椒,安徽省,
玉佛苑_站点-玉佛苑,快递,2025-01-18 16:34:07,,0.3,,6.00,,2.32,42% - 0.2,2,1880534097415426048,极兔快递,JT0015084799278,饰品,广东省,
玉佛苑_站点-玉佛苑,快递,2025-01-18 16:32:08,,0.5,,6.00,,2.32,42% - 0.2,2,1880533591242625024,极兔快递,JT0015081728577,饰品,广东省,
玉佛苑_站点-玉佛苑,快递,2025-01-18 16:28:31,,0.5,,6.00,,2.32,42% - 0.2,2,1880532663382888448,极兔快递,JT0015074306654,饰品,广东省,
玉佛苑_站点-玉佛苑,快递,2025-01-18 16:22:05,,0.6,,6.00,,2.32,42% - 0.2,2,1880531067748012032,极兔快递,JT0015073455943,服饰,广东省,
玉佛苑_站点-玉佛苑,快递,2025-01-18 16:12:52,,0.4,,6.00,,2.32,42% - 0.2,2,1880528750965477376,极兔快递,JT0015079526443,服饰,浙江省,
玉佛苑_站点-玉佛苑,快递,2025-01-18 16:11:07,,0.3,,6.00,,2.32,42% - 0.2,2,1880528309313654784,极兔快递,JT0015081146999,服饰,浙江省,
玉佛苑_站点-玉佛苑,快递,2025-01-18 16:06:53,,5,,15.00,,7.30,50% - 0.2,2,1880527242496626688,极兔快递,JT0015077311011,鞋，衣服,陕西省,
玉佛苑_站点-玉佛苑,快递,2025-01-18 16:00:11,,1.6,,8.00,,3.88,51% - 0.2,2,1880525554637393920,极兔快递,JT0015083080401,服饰,江苏省,
玉佛苑_站点-玉佛苑,快递,2025-01-18 15:39:05,,1,,6.00,,2.32,42% - 0.2,2,1880520245743243264,极兔快递,JT0015080146116,对联,浙江省,
玉佛苑_站点-玉佛苑,快递,2025-01-18 15:35:56,,1,,6.00,,2.32,42% - 0.2,2,1880519452357087232,极兔快递,JT0015082087259,包,河北省,
玉佛苑_站点-玉佛苑,快递,2025-01-18 15:34:52,,1,,6.00,,2.32,42% - 0.2,2,1880519173259710464,极兔快递,JT0015083034618,服饰,浙江省,
玉佛苑_站点-玉佛苑,快递,2025-01-18 14:20:58,,0.5,,6.00,,2.32,42% - 0.2,2,1880500588718116864,极兔快递,JT0015075195273,饰品,广东省,
玉佛苑_站点-玉佛苑,快递,2025-01-18 14:15:18,,1,,6.00,,2.32,42% - 0.2,2,1880499164131151872,极兔快递,JT0015076703597,服饰,广东省,
玉佛苑_站点-玉佛苑,快递,2025-01-18 14:14:15,,1,,6.00,,2.32,42% - 0.2,2,1880498899420237824,极兔快递,JT0015080984170,服饰,广东省,
玉佛苑_站点-玉佛苑,快递,2025-01-18 14:13:04,,2,,8.00,,3.88,51% - 0.2,2,1880498595509358592,极兔快递,JT0015081086127,服饰,广东省,
玉佛苑_站点-玉佛苑,快递,2025-01-18 13:40:33,,1,,6.00,,2.32,42% - 0.2,2,1880490413688934400,极兔快递,JT0015078770203,服饰,广东省,
玉佛苑_站点-玉佛苑,快递,2025-01-18 13:21:09,,1,,6.00,,2.32,42% - 0.2,2,1880485522056728576,极兔快递,JT0015062143825,化妆品,广东省,
玉佛苑_站点-玉佛苑,快递,2025-01-18 13:18:29,,1,,6.00,,2.32,42% - 0.2,2,1880484861751644160,极兔快递,JT0015076471738,鞋,江苏省,
玉佛苑_站点-玉佛苑,快递,2025-01-18 13:03:22,,1,,6.00,,2.32,42% - 0.2,2,1880481060374237184,极兔快递,JT0015078632575,生活用品,天津市,
玉佛苑_站点-玉佛苑,快递,2025-01-18 12:34:56,,0.6,,6.00,,2.32,42% - 0.2,2,1880473904979693568,极兔快递,JT0015076078985,服饰,江西省,
玉佛苑_站点-玉佛苑,快递,2025-01-18 11:26:28,,0.8,,6.00,,2.32,42% - 0.2,2,1880456674837581824,极兔快递,JT0015072792781,服饰,河南省,
玉佛苑_站点-玉佛苑,快递,2025-01-18 11:01:41,,0.9,,6.00,,2.32,42% - 0.2,2,1880450437618126848,极兔快递,JT0015076399350,服饰,山东省,
玉佛苑_站点-玉佛苑,快递,2025-01-18 10:59:06,,0.5,,6.00,,2.32,42% - 0.2,2,1880449792022466560,极兔快递,JT0015077826151,服饰,广东省,
玉佛苑_站点-玉佛苑,快递,2025-01-18 09:38:50,,0.4,,6.00,,2.32,42% - 0.2,2,1880429585119891456,极兔快递,JT0015073456736,假发,河南省,
玉佛苑_站点-玉佛苑,快递,2025-01-18 09:37:18,,0.3,,6.00,,2.32,42% - 0.2,2,1880429199910817792,极兔快递,JT0015075730148,假发,江苏省,
玉佛苑_站点-玉佛苑,快递,2025-01-18 09:35:54,,0.3,,6.00,,2.32,42% - 0.2,2,1880428844363862016,极兔快递,JT0015073162551,饰品,江苏省,
玉佛苑_站点-玉佛苑,快递,2025-01-17 21:00:24,,2.3,,10.00,,5.30,55% - 0.2,2,1880238717364654080,极兔快递,JT0015070396347,床品,山东省,
玉佛苑_站点-玉佛苑,干洗,2025-01-17 20:51:37,,,,24.80,,7.44,30%,,1880236507524288512,干洗,,"棉服_毛呢_羽绒服   *   1",,
玉佛苑_站点-玉佛苑,干洗,2025-01-17 20:47:33,,,,9.90,,2.97,30%,,1880235487092068352,干洗,,"清洗鞋19.8元两双   *   1",,
玉佛苑_站点-玉佛苑,快递,2025-01-17 20:29:03,,1,,6.00,,2.32,42% - 0.2,2,1880230822031970304,极兔快递,JT0015071584807,包,广东省,
玉佛苑_站点-玉佛苑,快递,2025-01-17 19:39:28,,1,,6.00,,2.32,42% - 0.2,2,1880218354534633472,极兔快递,JT0015069827438,木耳,河南省,
玉佛苑_站点-玉佛苑,快递,2025-01-17 19:02:53,,0.5,,6.00,,2.32,42% - 0.2,2,1880209146602901504,极兔快递,JT0015071369552,服饰,广东省,
玉佛苑_站点-玉佛苑,快递,2025-01-17 18:55:34,,1,,6.00,,2.32,42% - 0.2,2,1880207303231459328,极兔快递,JT0015070360740,服饰,浙江省,
玉佛苑_站点-玉佛苑,快递,2025-01-17 18:54:52,,1,,6.00,,2.32,42% - 0.2,2,1880207127393652736,极兔快递,JT0015067570688,服饰,广东省,
玉佛苑_站点-玉佛苑,快递,2025-01-17 18:54:06,,2,,8.00,,3.88,51% - 0.2,2,1880206932882804736,极兔快递,JT0015070279610,服饰,山东省,
玉佛苑_站点-玉佛苑,快递,2025-01-17 18:15:32,,2.6,,10.00,,5.30,55% - 0.2,2,1880197229314363392,极兔快递,JT0015070349577,生活用品,重庆市,
玉佛苑_站点-玉佛苑,快递,2025-01-17 18:11:51,,1.5,,8.00,,3.88,51% - 0.2,2,1880196301383323648,极兔快递,JT0015070434181,生活用品,河北省,
玉佛苑_站点-玉佛苑,快递,2025-01-17 18:09:27,,1.5,,8.00,,3.88,51% - 0.2,2,1880195698917691392,极兔快递,JT0015068585623,服饰,广东省,
玉佛苑_站点-玉佛苑,快递,2025-01-17 18:00:38,,2,,8.00,,3.88,51% - 0.2,2,1880193479854051328,极兔快递,JT0015069745516,食品,陕西省,
玉佛苑_站点-玉佛苑,快递,2025-01-17 17:53:40,,0.4,,6.00,,2.32,42% - 0.2,2,1880191727725498368,极兔快递,JT0015063482027,饰品,辽宁省,
玉佛苑_站点-玉佛苑,快递,2025-01-17 14:05:35,2025-01-17 17:33:38,0.6,,6.00,,0.00,,2,1880134325995098112,极兔快递,JT0015059302003,服饰,浙江省,已全额退款
玉佛苑_站点-玉佛苑,快递,2025-01-17 17:22:07,,0.8,,6.00,,2.32,42% - 0.2,2,1880183779028684800,极兔快递,JT0015065621314,服饰,广东省,
玉佛苑_站点-玉佛苑,快递,2025-01-17 16:49:44,,0.6,,6.00,,2.32,42% - 0.2,2,1880175638396325888,极兔快递,JT0015067353791,服饰,广东省,
玉佛苑_站点-玉佛苑,快递,2025-01-17 16:47:31,,1,,6.00,,2.32,42% - 0.2,2,1880175082785263616,极兔快递,JT0015069049986,假发,河南省,
玉佛苑_站点-玉佛苑,快递,2025-01-17 16:46:00,,1,,6.00,,2.32,42% - 0.2,2,1880174695885885440,极兔快递,JT0015064476199,假发,河南省,
玉佛苑_站点-玉佛苑,快递,2025-01-17 16:44:37,,1,,6.00,,2.32,42% - 0.2,2,1880174349537038336,极兔快递,JT0015068495670,假发,河南省,
玉佛苑_站点-玉佛苑,快递,2025-01-17 16:27:35,,2.6,,10.00,,5.30,55% - 0.2,2,1880170059057647616,极兔快递,JT0015068116591,眼镜,陕西省,
玉佛苑_站点-玉佛苑,快递,2025-01-17 16:21:55,,0.5,,6.00,,2.32,42% - 0.2,2,1880168465545089024,极兔快递,JT0015068987849,眼镜,陕西省,
玉佛苑_站点-玉佛苑,快递,2025-01-17 16:18:11,,0.5,,6.00,,2.32,42% - 0.2,2,1880167698788569088,极兔快递,JT0015067510404,眼镜,江苏省,
玉佛苑_站点-玉佛苑,快递,2025-01-17 16:11:25,,0.5,,6.00,,2.32,42% - 0.2,2,1880165996563845120,极兔快递,JT0015064073196,生活用品,云南省,
玉佛苑_站点-玉佛苑,快递,2025-01-17 16:06:37,,11,,33.00,,16.30,50% - 0.2,2,1880164776348536832,极兔快递,JT0015065635005,生鲜类,江苏省,
玉佛苑_站点-玉佛苑,快递,2025-01-17 15:52:24,,1,,6.00,,2.32,42% - 0.2,2,1880161207536898048,极兔快递,JT0015060776263,眼镜,陕西省,
玉佛苑_站点-玉佛苑,快递,2025-01-17 15:48:54,,0.5,,6.00,,2.32,42% - 0.2,2,1880160327685165056,极兔快递,JT0015066010415,眼镜,江苏省,
玉佛苑_站点-玉佛苑,快递,2025-01-17 15:17:15,,1,,6.00,,2.32,42% - 0.2,2,1880152364933238784,极兔快递,JT0015062158965,服饰,浙江省,
玉佛苑_站点-玉佛苑,快递,2025-01-17 15:03:27,,1,,6.00,,2.32,42% - 0.2,2,1880148884478808064,极兔快递,JT0015062999926,服饰,江苏省,
玉佛苑_站点-玉佛苑,快递,2025-01-17 14:29:22,,0.5,,6.00,,2.32,42% - 0.2,2,1880140317621276672,极兔快递,JT0015061933143,服饰,广东省,
玉佛苑_站点-玉佛苑,快递,2025-01-17 13:47:58,,0.6,,6.00,,2.32,42% - 0.2,2,1880129895560171520,极兔快递,JT0015049599853,服饰,福建省,
玉佛苑_站点-玉佛苑,快递,2025-01-17 13:44:15,,1,,6.00,,2.32,42% - 0.2,2,1880128956694581248,极兔快递,JT0015064536877,易碎品,江苏省,
玉佛苑_站点-玉佛苑,快递,2025-01-17 13:02:28,,2,,8.00,,3.88,51% - 0.2,2,1880118443130540032,极兔快递,JT0015060493000,鞋,浙江省,
玉佛苑_站点-玉佛苑,快递,2025-01-17 12:15:18,,1,,6.00,,2.32,42% - 0.2,2,1880106570653945856,极兔快递,JT0015061468129,服饰,江苏省,
玉佛苑_站点-玉佛苑,快递,2025-01-17 11:21:20,,0.5,,6.00,,2.32,42% - 0.2,2,1880092990957211648,极兔快递,JT0015059065510,生活用品,广东省,
玉佛苑_站点-玉佛苑,快递,2025-01-17 09:40:05,,0.6,,6.00,,2.32,42% - 0.2,2,1880067513462870016,极兔快递,JT0015053586411,服饰,广东省,
玉佛苑_站点-玉佛苑,快递,2025-01-17 09:02:33,,1.5,,8.00,,3.88,51% - 0.2,2,1880058066225123328,极兔快递,JT0015058589429,服饰,福建省,
玉佛苑_站点-玉佛苑,快递,2025-01-17 09:00:55,,2,,8.00,,3.88,51% - 0.2,2,1880057652377341952,极兔快递,JT0015057469428,服饰,浙江省,
玉佛苑_站点-玉佛苑,快递,2025-01-16 21:17:08,,1,,6.00,,2.32,42% - 0.2,2,1879880541054226432,极兔快递,JT0015055372372,食品,河南省,
玉佛苑_站点-玉佛苑,快递,2025-01-16 14:16:53,2025-01-16 20:55:05,0.8,,6.00,,0.00,,2,1879774785428574208,极兔快递,JT0015045986517,服饰,辽宁省,已全额退款
玉佛苑_站点-玉佛苑,快递,2025-01-16 20:26:43,2025-01-16 20:36:26,1,,6.00,,0.00,,2,1879867856380022784,极兔快递,JT0015055736008,帽子,浙江省,已全额退款
玉佛苑_站点-玉佛苑,快递,2025-01-16 20:35:05,,1,,6.00,,2.32,42% - 0.2,2,1879869960993689600,申通快递,772036912410949,帽子,浙江省,
玉佛苑_站点-玉佛苑,快递,2025-01-16 20:30:22,,1,,6.00,,2.32,42% - 0.2,2,1879868744905576448,申通快递,772036902704951,服饰,浙江省,
玉佛苑_站点-玉佛苑,快递,2025-01-16 20:28:59,,1,,6.00,,2.32,42% - 0.2,2,1879868424980844544,申通快递,772036913095728,服饰,浙江省,
玉佛苑_站点-玉佛苑,快递,2025-01-16 20:23:45,,0.8,,6.00,,2.32,42% - 0.2,2,1879867106929201152,极兔快递,JT0015055766217,服饰,广东省,
玉佛苑_站点-玉佛苑,快递,2025-01-16 20:21:51,,0.4,,6.00,,2.32,42% - 0.2,2,1879866629105700864,极兔快递,JT0015055479435,帽子,江苏省,
玉佛苑_站点-玉佛苑,快递,2025-01-16 20:11:14,,0.6,,6.00,,2.32,42% - 0.2,2,1879863958445543424,极兔快递,JT0015054770081,服饰,浙江省,
玉佛苑_站点-玉佛苑,快递,2025-01-16 19:56:15,,2.6,,11.00,,5.05,55%,2,1879860188303118336,极兔快递,JT0015053869646,服饰,上海市,
玉佛苑_站点-玉佛苑,快递,2025-01-16 19:53:42,,1,,6.00,,2.32,42% - 0.2,2,1879859545186291712,极兔快递,JT0015054232729,服饰,江西省,
玉佛苑_站点-玉佛苑,快递,2025-01-16 19:50:38,,0.7,,6.00,,2.32,42% - 0.2,2,1879858769856614400,极兔快递,JT0015055792136,服饰,广东省,
玉佛苑_站点-玉佛苑,快递,2025-01-16 19:31:21,,0.5,,6.00,,2.32,42% - 0.2,2,1879853921505431552,极兔快递,JT0015052141755,服饰,福建省,
玉佛苑_站点-玉佛苑,快递,2025-01-16 19:13:02,,0.8,,6.00,,2.32,42% - 0.2,2,1879849308442120192,极兔快递,JT0015054116185,服饰,广东省,
玉佛苑_站点-玉佛苑,快递,2025-01-16 19:11:49,,0.7,,6.00,,2.32,42% - 0.2,2,1879849007467253760,极兔快递,JT0015055555719,服饰,广东省,
玉佛苑_站点-玉佛苑,快递,2025-01-16 19:09:10,,0.6,,6.00,,2.32,42% - 0.2,2,1879848338383491072,极兔快递,JT0015055620493,服饰,浙江省,
玉佛苑_站点-玉佛苑,快递,2025-01-16 19:07:47,,1,,6.00,,2.32,42% - 0.2,2,1879847980852629504,极兔快递,JT0015047633507,生活用品,河北省,
玉佛苑_站点-玉佛苑,快递,2025-01-16 18:51:44,,0.4,,6.00,,2.32,42% - 0.2,2,1879843952408186880,极兔快递,JT0015054807225,生活用品,江苏省,
玉佛苑_站点-玉佛苑,快递,2025-01-16 18:45:31,,0.5,,6.00,,2.32,42% - 0.2,2,1879842387643387904,极兔快递,JT0015048311238,服饰,浙江省,
玉佛苑_站点-玉佛苑,快递,2025-01-16 18:42:13,,2,,8.00,,3.88,51% - 0.2,2,1879841558794391552,极兔快递,JT0015052219342,鞋,浙江省,
玉佛苑_站点-玉佛苑,快递,2025-01-16 18:38:09,,2.2,,10.00,,5.30,55% - 0.2,2,1879840531693228032,极兔快递,JT0015053509676,服饰,广东省,
玉佛苑_站点-玉佛苑,快递,2025-01-16 18:35:58,,1,,6.00,,2.32,42% - 0.2,2,1879839982704971776,极兔快递,JT0015049663900,服饰,广东省,
玉佛苑_站点-玉佛苑,快递,2025-01-16 18:19:29,,0.4,,6.00,,2.32,42% - 0.2,2,1879835837780512768,极兔快递,JT0015054263371,服饰,宁夏回族自治区,
玉佛苑_站点-玉佛苑,快递,2025-01-16 18:11:55,,2,,8.00,,3.88,51% - 0.2,2,1879833930911502336,极兔快递,JT0015053355933,鞋,浙江省,
玉佛苑_站点-玉佛苑,快递,2025-01-16 17:20:27,,2,,8.00,,3.88,51% - 0.2,2,1879820983086665728,极兔快递,JT0015053569538,鞋,广东省,
玉佛苑_站点-玉佛苑,快递,2025-01-16 16:55:02,,2,,8.00,,3.88,51% - 0.2,2,1879814585896456192,极兔快递,JT0015036309595,服饰,广东省,
玉佛苑_站点-玉佛苑,快递,2025-01-16 16:18:20,,1,,6.00,,2.32,42% - 0.2,2,1879805331923849216,极兔快递,JT0015045119771,服饰,浙江省,
玉佛苑_站点-玉佛苑,快递,2025-01-16 16:17:05,,0.4,,6.00,,2.32,42% - 0.2,2,1879805003719561216,极兔快递,JT0015050151312,服饰,浙江省,
玉佛苑_站点-玉佛苑,快递,2025-01-16 16:03:33,,0.8,,6.00,,2.32,42% - 0.2,2,1879801626008801280,极兔快递,JT0015051087304,服饰,四川省,
玉佛苑_站点-玉佛苑,快递,2025-01-16 16:00:01,,0.3,,6.00,,2.32,42% - 0.2,2,1879800739827863552,极兔快递,JT0015051031355,服饰,浙江省,
玉佛苑_站点-玉佛苑,快递,2025-01-16 15:59:18,,0.5,,6.00,,2.32,42% - 0.2,2,1879800558646513664,极兔快递,JT0015047169404,服饰,江西省,
玉佛苑_站点-玉佛苑,快递,2025-01-16 15:58:00,,1.5,,8.00,,3.88,51% - 0.2,2,1879800232451297280,极兔快递,JT0015052072575,生活用品,河北省,
玉佛苑_站点-玉佛苑,快递,2025-01-16 15:37:19,,1,,6.00,,2.32,42% - 0.2,2,1879795021611585536,极兔快递,JT0015044222540,生活用品,河北省,
玉佛苑_站点-玉佛苑,快递,2025-01-16 15:31:59,,1,,6.00,,2.32,42% - 0.2,2,1879793679191035904,极兔快递,JT0015050529089,服饰,河北省,
玉佛苑_站点-玉佛苑,快递,2025-01-16 14:34:52,,0.6,,6.00,,2.32,42% - 0.2,2,1879779308712808448,极兔快递,JT0015048909077,服饰,浙江省,
玉佛苑_站点-玉佛苑,快递,2025-01-16 14:34:03,,0.4,,6.00,,2.32,42% - 0.2,2,1879779102743121920,极兔快递,JT0015036709979,服饰,浙江省,
玉佛苑_站点-玉佛苑,快递,2025-01-16 14:33:30,,0.3,,6.00,,2.32,42% - 0.2,2,1879778962074554368,极兔快递,JT0015047163400,饰品,广东省,
玉佛苑_站点-玉佛苑,快递,2025-01-16 14:32:42,,0.2,,6.00,,2.32,42% - 0.2,2,1879778758210408448,极兔快递,JT0015047499093,生活用品,广东省,
玉佛苑_站点-玉佛苑,快递,2025-01-16 14:21:07,,1,,6.00,,2.32,42% - 0.2,2,1879775850186199040,极兔快递,JT0015049075449,鞋,广东省,
玉佛苑_站点-玉佛苑,快递,2025-01-16 14:19:57,,1.5,,8.00,,3.88,51% - 0.2,2,1879775552587747328,极兔快递,JT0015047083020,鞋,广东省,
玉佛苑_站点-玉佛苑,快递,2025-01-16 14:14:49,,0.5,,6.00,,2.32,42% - 0.2,2,1879774263975923712,极兔快递,JT0015047159547,手表,广东省,
玉佛苑_站点-玉佛苑,快递,2025-01-16 11:55:36,,2,,8.00,,3.88,51% - 0.2,2,1879739228979777536,极兔快递,JT0015045833683,生活用品,浙江省,
玉佛苑_站点-玉佛苑,快递,2025-01-16 11:53:26,,0.3,,6.00,,2.32,42% - 0.2,2,1879738684399734784,极兔快递,JT0015036719586,饰品,四川省,
玉佛苑_站点-玉佛苑,快递,2025-01-16 11:19:20,,0.7,,6.00,,2.32,42% - 0.2,2,1879729974700986368,极兔快递,JT0015043705828,饰品,广东省,
玉佛苑_站点-玉佛苑,快递,2025-01-16 10:25:34,,0.5,,6.00,,2.32,42% - 0.2,2,1879716568891707392,极兔快递,JT0015040296421,服饰,广东省,
玉佛苑_站点-玉佛苑,快递,2025-01-16 09:18:46,,3,,10.00,,5.30,55% - 0.2,2,1879699761782902784,极兔快递,JT0015040907963,生活用品,广东省,
玉佛苑_站点-玉佛苑,快递,2025-01-16 09:15:08,,0.6,,6.00,,2.32,42% - 0.2,2,1879698846975840256,极兔快递,JT0015040435780,服饰,广东省,
玉佛苑_站点-玉佛苑,快递,2025-01-16 09:13:56,,0.7,,6.00,,2.32,42% - 0.2,2,1879698543123681280,极兔快递,JT0015040443933,服饰,广东省,
玉佛苑_站点-玉佛苑,干洗,2025-01-15 21:37:18,,,,24.80,,7.44,30%,,1879523231928733696,干洗,,"棉服_毛呢_羽绒服   *   1",,
玉佛苑_站点-玉佛苑,干洗,2025-01-15 21:33:58,,,,49.00,,14.70,30%,,1879522386117971968,干洗,,"清洗普通羽绒服2件不分长短49元   *   1
清洗普通羽绒服2件不分长短49元   *   1",,
玉佛苑_站点-玉佛苑,干洗,2025-01-15 21:30:17,,,,49.00,,14.70,30%,,1879521465183031296,干洗,,"清洗普通羽绒服2件不分长短49元   *   1
清洗普通羽绒服2件不分长短49元   *   1",,
玉佛苑_站点-玉佛苑,干洗,2025-01-15 21:26:06,,,,19.80,,5.94,30%,,1879520409912922112,干洗,,"清洗鞋19.8元两双   *   1
清洗鞋19.8元两双   *   1",,
玉佛苑_站点-玉佛苑,快递,2025-01-15 20:59:02,,2,,8.00,,3.88,51% - 0.2,2,1879513597222375424,极兔快递,JT0015035732524,鞋,四川省,
玉佛苑_站点-玉佛苑,快递,2025-01-15 20:19:42,,1,,6.00,,2.32,42% - 0.2,2,1879503703001845760,极兔快递,JT0015033508877,服饰,浙江省,
玉佛苑_站点-玉佛苑,快递,2025-01-15 20:18:52,,0.4,,6.00,,2.32,42% - 0.2,2,1879503493924179968,极兔快递,JT0015036726780,服饰,浙江省,
玉佛苑_站点-玉佛苑,快递,2025-01-15 20:18:03,,0.6,,6.00,,2.32,42% - 0.2,2,1879503287711223808,极兔快递,JT0015036531544,服饰,江苏省,
玉佛苑_站点-玉佛苑,快递,2025-01-15 20:17:29,,0.3,,6.00,,2.32,42% - 0.2,2,1879503144085671936,极兔快递,JT0015039354512,手机壳,广东省,
玉佛苑_站点-玉佛苑,快递,2025-01-15 20:16:51,,0.5,,6.00,,2.32,42% - 0.2,2,1879502984316243968,极兔快递,JT0015039441174,服饰,浙江省,
玉佛苑_站点-玉佛苑,快递,2025-01-15 20:15:30,,0.5,,6.00,,2.32,42% - 0.2,2,1879502645705887744,极兔快递,JT0015036910155,服饰,浙江省,
玉佛苑_站点-玉佛苑,快递,2025-01-15 20:10:29,,1.3,,8.00,,3.88,51% - 0.2,2,1879501330032414720,极兔快递,JT0015039306015,包,陕西省,
玉佛苑_站点-玉佛苑,快递,2025-01-15 20:02:27,,0.4,,6.00,,2.32,42% - 0.2,2,1879499345497477120,极兔快递,JT0015039053327,服饰,福建省,
玉佛苑_站点-玉佛苑,快递,2025-01-15 20:00:37,,0.6,,6.00,,2.32,42% - 0.2,2,1879498898271424512,极兔快递,JT0015039824275,服饰,河北省,
玉佛苑_站点-玉佛苑,快递,2025-01-15 19:58:27,,2,,8.00,,3.88,51% - 0.2,2,1879498350931529728,极兔快递,JT0015038779382,鞋,福建省,
玉佛苑_站点-玉佛苑,快递,2025-01-15 18:26:42,2025-01-15 19:22:37,1,,6.00,,0.00,,2,1879475262797959168,极兔快递,JT0015032465161,食品,陕西省,已全额退款
玉佛苑_站点-玉佛苑,快递,2025-01-15 19:21:44,,1,,6.00,,2.00,,,1879489112960192512,邮政快递,9443523814587,食品,陕西省,
玉佛苑_站点-玉佛苑,快递,2025-01-15 19:18:05,,0.6,,6.00,,2.32,42% - 0.2,2,1879488197331046400,极兔快递,JT0015029428925,服饰,山东省,
玉佛苑_站点-玉佛苑,快递,2025-01-15 19:15:09,,0.9,,6.00,,2.32,42% - 0.2,2,1879487459024490496,极兔快递,JT0015034859306,服饰,广东省,
玉佛苑_站点-玉佛苑,快递,2025-01-15 18:59:12,,1,,6.00,,2.32,42% - 0.2,2,1879483440784789504,极兔快递,JT0015036396269,服饰,广东省,
玉佛苑_站点-玉佛苑,快递,2025-01-15 18:58:09,,1,,6.00,,2.32,42% - 0.2,2,1879483160269737984,极兔快递,JT0015035647160,服饰,广东省,
玉佛苑_站点-玉佛苑,快递,2025-01-15 18:56:54,,0.4,,6.00,,2.32,42% - 0.2,2,1879482862222495744,极兔快递,JT0015033877699,服饰,天津市,
玉佛苑_站点-玉佛苑,快递,2025-01-15 18:55:28,,1,,6.00,,2.32,42% - 0.2,2,1879482502900666368,极兔快递,JT0015036179288,帽子,浙江省,
玉佛苑_站点-玉佛苑,快递,2025-01-15 18:34:20,,0.8,,6.00,,2.32,42% - 0.2,2,1879477187278852096,极兔快递,JT0015038493922,其他,广东省,
玉佛苑_站点-玉佛苑,快递,2025-01-15 18:13:10,,2,,8.00,,3.88,51% - 0.2,2,1879471860164644864,极兔快递,JT0015037327272,服饰,福建省,
玉佛苑_站点-玉佛苑,快递,2025-01-15 18:12:12,,0.5,,6.00,,2.32,42% - 0.2,2,1879471614466510848,极兔快递,JT0015037890960,服饰,浙江省,
玉佛苑_站点-玉佛苑,快递,2025-01-15 17:26:10,,0.4,,6.00,,2.32,42% - 0.2,2,1879460033359826944,极兔快递,JT0015036217972,书,湖北省,
玉佛苑_站点-玉佛苑,快递,2025-01-15 17:25:20,,0.6,,6.00,,2.32,42% - 0.2,2,1879459815310544896,极兔快递,JT0015034074889,服饰,浙江省,
玉佛苑_站点-玉佛苑,快递,2025-01-15 17:24:02,,0.6,,6.00,,2.32,42% - 0.2,2,1879459488435851264,极兔快递,JT0015034309695,服饰,浙江省,
玉佛苑_站点-玉佛苑,快递,2025-01-15 17:23:11,,1,,6.00,,2.32,42% - 0.2,2,1879459279538540544,极兔快递,JT0015036251250,服饰,浙江省,
玉佛苑_站点-玉佛苑,快递,2025-01-15 17:19:33,,1,,6.00,,2.32,42% - 0.2,2,1879458362290393088,极兔快递,JT0015034484764,服饰,河北省,
玉佛苑_站点-玉佛苑,快递,2025-01-15 17:09:46,,0.5,,6.00,,2.32,42% - 0.2,2,1879455902557589504,极兔快递,JT0015022225969,服饰,浙江省,
玉佛苑_站点-玉佛苑,快递,2025-01-15 17:07:24,,0.4,,6.00,,2.32,42% - 0.2,2,1879455309625610240,极兔快递,JT0015036624750,围巾,浙江省,
玉佛苑_站点-玉佛苑,快递,2025-01-15 17:04:24,,0.5,,6.00,,2.32,42% - 0.2,2,1879454554235654144,极兔快递,JT0015033305922,书,湖南省,
玉佛苑_站点-玉佛苑,快递,2025-01-15 17:01:18,,0.5,,6.00,,2.32,42% - 0.2,2,1879453772253810688,极兔快递,JT0015034631582,服饰,浙江省,
玉佛苑_站点-玉佛苑,快递,2025-01-15 16:30:25,,4.3,,15.00,,7.30,50% - 0.2,2,1879445999063453696,极兔快递,JT0015033276130,服饰,陕西省,
玉佛苑_站点-玉佛苑,快递,2025-01-15 16:00:00,,5,,15.00,,7.30,50% - 0.2,2,1879438344743866368,极兔快递,JT0015032128112,服饰,天津市,
玉佛苑_站点-玉佛苑,快递,2025-01-15 14:42:19,,0.6,,6.00,,2.32,42% - 0.2,2,1879418797785665536,极兔快递,JT0015033988515,服饰,广东省,
玉佛苑_站点-玉佛苑,快递,2025-01-15 14:21:30,,2,,8.00,,3.88,51% - 0.2,2,1879413554427514880,极兔快递,JT0015032187603,生活用品,河北省,
玉佛苑_站点-玉佛苑,快递,2025-01-15 14:10:00,,0.4,,6.00,,2.32,42% - 0.2,2,1879410666724708352,极兔快递,JT0015032760168,服饰,广东省,
玉佛苑_站点-玉佛苑,快递,2025-01-15 13:53:53,,1,,6.00,,2.32,42% - 0.2,2,1879406611294113792,极兔快递,JT0015033069388,服饰,浙江省,
玉佛苑_站点-玉佛苑,快递,2025-01-15 13:51:02,,0.8,,6.00,,2.32,42% - 0.2,2,1879405892478488576,极兔快递,JT0015031875291,服饰,广东省,
玉佛苑_站点-玉佛苑,快递,2025-01-15 13:43:25,,1,,6.00,,2.32,42% - 0.2,2,1879403974905614336,申通快递,772036848144355,服饰,广东省,
玉佛苑_站点-玉佛苑,快递,2025-01-15 13:40:58,,0.4,,6.00,,2.32,42% - 0.2,2,1879403357621506048,申通快递,772036830288115,服饰,山西省,
玉佛苑_站点-玉佛苑,快递,2025-01-15 13:30:04,,1,,6.00,,2.32,42% - 0.2,2,1879400614643159040,极兔快递,JT0015032014977,服饰,广东省,
玉佛苑_站点-玉佛苑,快递,2025-01-15 13:28:48,,1,,6.00,,2.32,42% - 0.2,2,1879400280629760000,极兔快递,JT0015029313747,鞋,河南省,
玉佛苑_站点-玉佛苑,快递,2025-01-15 13:26:48,,0.6,,6.00,,2.32,42% - 0.2,2,1879399794115661824,极兔快递,JT0015029785526,服饰,浙江省,
玉佛苑_站点-玉佛苑,快递,2025-01-15 13:08:22,,0.4,,6.00,,2.32,42% - 0.2,2,1879395151214071808,极兔快递,JT0015027732880,饰品,辽宁省,
玉佛苑_站点-玉佛苑,快递,2025-01-15 12:25:07,,6,,18.00,,8.80,50% - 0.2,2,1879384262696030208,极兔快递,JT0015030709391,服饰,广东省,
玉佛苑_站点-玉佛苑,快递,2025-01-15 12:03:43,,1,,6.00,,2.32,42% - 0.2,2,1879378884151267328,极兔快递,JT0015026645089,服饰,浙江省,
玉佛苑_站点-玉佛苑,快递,2025-01-15 11:55:33,,0.7,,6.00,,2.32,42% - 0.2,2,1879376827621101568,极兔快递,JT0015027956814,服饰,浙江省,
玉佛苑_站点-玉佛苑,快递,2025-01-15 11:39:37,,1,,6.00,,2.32,42% - 0.2,2,1879372820894765056,极兔快递,JT0015019499815,食品,湖北省,
玉佛苑_站点-玉佛苑,快递,2025-01-15 11:37:33,,0.6,,6.00,,2.32,42% - 0.2,2,1879372247382413312,韵达快递,312610385055875,玩具,浙江省,
玉佛苑_站点-玉佛苑,快递,2025-01-15 11:20:14,,2.6,,10.00,,5.30,55% - 0.2,2,1879367943313477632,极兔快递,JT0015028396247,服饰,湖北省,
玉佛苑_站点-玉佛苑,快递,2025-01-15 10:06:25,,1.2,,8.00,,3.88,51% - 0.2,2,1879349364643909632,极兔快递,JT0015027230598,服饰,广东省,
玉佛苑_站点-玉佛苑,快递,2025-01-15 09:24:06,,5.5,,18.00,,8.80,50% - 0.2,2,1879338715108921344,极兔快递,JT0015026668150,食品,陕西省,
玉佛苑_站点-玉佛苑,快递,2025-01-15 09:05:49,,0.3,,6.00,,2.32,42% - 0.2,2,1879334111478599680,极兔快递,JT0015026201805,生活用品,陕西省,
玉佛苑_站点-玉佛苑,干洗,2025-01-14 22:14:40,,,,29.70,,8.91,30%,,1879170241933922304,干洗,,"清洗鞋19.8元两双   *   1
高跟鞋   *   1",,
玉佛苑_站点-玉佛苑,快递,2025-01-14 22:07:48,,3.3,,12.00,,5.80,50% - 0.2,2,1879168518385356800,极兔快递,JT0015022910361,床品,江苏省,
玉佛苑_站点-玉佛苑,快递,2025-01-14 21:16:41,,10.4,,33.00,,16.30,50% - 0.2,2,1879155654568235008,极兔快递,JT0015024610131,小米,广东省,
玉佛苑_站点-玉佛苑,快递,2025-01-14 19:43:47,,1,,6.00,,2.32,42% - 0.2,2,1879132274385276928,极兔快递,JT0015017827916,毛绒玩具,浙江省,
玉佛苑_站点-玉佛苑,快递,2025-01-14 19:36:29,,0.5,,6.00,,2.32,42% - 0.2,2,1879130434830651392,极兔快递,JT0015023040641,其他,陕西省,
玉佛苑_站点-玉佛苑,快递,2025-01-14 19:19:14,,2,,8.00,,3.88,51% - 0.2,2,1879126098486546432,极兔快递,JT0015022172291,服饰,浙江省,
玉佛苑_站点-玉佛苑,快递,2025-01-14 19:17:35,,1,,6.00,,2.32,42% - 0.2,2,1879125663797268480,极兔快递,JT0015023983260,生活用品,浙江省,
玉佛苑_站点-玉佛苑,快递,2025-01-14 19:08:23,,0.5,,6.00,,2.32,42% - 0.2,2,1879123366769905664,极兔快递,JT0015023438860,服饰,浙江省,
玉佛苑_站点-玉佛苑,快递,2025-01-14 19:06:34,,0.7,,6.00,,2.32,42% - 0.2,2,1879122912765857792,极兔快递,JT0015019611341,服饰,广东省,
玉佛苑_站点-玉佛苑,快递,2025-01-14 19:01:29,,0.5,,6.00,,2.32,42% - 0.2,2,1879121633503137792,极兔快递,JT0015022906142,服饰,广东省,
玉佛苑_站点-玉佛苑,快递,2025-01-14 19:00:45,,0.4,,6.00,,2.32,42% - 0.2,2,1879121448102318080,极兔快递,JT0015021967408,服饰,广东省,
玉佛苑_站点-玉佛苑,快递,2025-01-14 18:51:33,,0.5,,6.00,,2.32,42% - 0.2,2,1879119129444929536,极兔快递,JT0015017517179,书,湖北省,
玉佛苑_站点-玉佛苑,快递,2025-01-14 17:40:05,,0.4,,6.00,,2.32,42% - 0.2,2,1879101143292104704,极兔快递,JT0015008406058,其他,陕西省,
玉佛苑_站点-玉佛苑,快递,2025-01-14 17:34:49,,0.4,,6.00,,2.32,42% - 0.2,2,1879099819511042048,极兔快递,JT0015021970112,手套,江苏省,
玉佛苑_站点-玉佛苑,快递,2025-01-14 17:29:46,,0.8,,6.00,,2.32,42% - 0.2,2,1879098545763831808,极兔快递,JT0015016931928,服饰,陕西省,
玉佛苑_站点-玉佛苑,快递,2025-01-14 17:27:44,,1,,6.00,,2.32,42% - 0.2,2,1879098032968224768,极兔快递,JT0015022067291,其他,江西省,
玉佛苑_站点-玉佛苑,快递,2025-01-14 16:53:25,,1,,6.00,,2.32,42% - 0.2,2,1879089400016850944,极兔快递,JT0015017683380,鞋,浙江省,
玉佛苑_站点-玉佛苑,快递,2025-01-14 16:49:43,,0.3,,6.00,,2.32,42% - 0.2,2,1879088471490220032,极兔快递,JT0015020145839,帽子,浙江省,
玉佛苑_站点-玉佛苑,快递,2025-01-14 16:44:40,,0.8,,6.00,,2.32,42% - 0.2,2,1879087200448335872,极兔快递,JT0015021133307,服饰,广东省,
玉佛苑_站点-玉佛苑,快递,2025-01-14 16:44:02,,1,,6.00,,2.32,42% - 0.2,2,1879087037294104576,极兔快递,JT0015012840704,服饰,浙江省,
玉佛苑_站点-玉佛苑,快递,2025-01-14 16:42:58,,0.3,,6.00,,2.32,42% - 0.2,2,1879086774445461504,极兔快递,JT0015009093693,生活用品,广东省,
玉佛苑_站点-玉佛苑,快递,2025-01-14 16:41:47,,0.7,,6.00,,2.32,42% - 0.2,2,1879086476733763584,极兔快递,JT0014993583495,服饰,江苏省,
玉佛苑_站点-玉佛苑,快递,2025-01-14 16:41:12,,0.7,,6.00,,2.32,42% - 0.2,2,1879086330725847040,极兔快递,JT0015001615519,服饰,广东省,
玉佛苑_站点-玉佛苑,快递,2025-01-14 16:40:19,,0.5,,6.00,,2.32,42% - 0.2,2,1879086106049564672,极兔快递,JT0015018919134,服饰,山东省,
玉佛苑_站点-玉佛苑,快递,2025-01-14 16:39:46,,0.4,,6.00,,2.32,42% - 0.2,2,1879085969436889088,极兔快递,JT0015009174422,服饰,广东省,
玉佛苑_站点-玉佛苑,快递,2025-01-14 16:37:44,,0.6,,6.00,,2.32,42% - 0.2,2,1879085453059346432,极兔快递,JT0014997383519,服饰,浙江省,
玉佛苑_站点-玉佛苑,快递,2025-01-14 16:37:11,,0.6,,6.00,,2.32,42% - 0.2,2,1879085314190135296,极兔快递,JT0015017274348,服饰,广东省,
玉佛苑_站点-玉佛苑,快递,2025-01-14 16:36:30,,0.5,,6.00,,2.32,42% - 0.2,2,1879085143955918848,极兔快递,JT0015021096540,服饰,江苏省,
玉佛苑_站点-玉佛苑,快递,2025-01-14 16:25:39,,0.6,,6.00,,2.32,42% - 0.2,2,1879082415305314304,极兔快递,JT0015018507851,服饰,福建省,
玉佛苑_站点-玉佛苑,快递,2025-01-14 16:23:53,,0.8,,6.00,,2.32,42% - 0.2,2,1879081969287221248,极兔快递,JT0015014963763,服饰,河北省,
玉佛苑_站点-玉佛苑,快递,2025-01-14 16:21:27,,0.8,,6.00,,2.32,42% - 0.2,2,1879081353047494656,极兔快递,JT0015012830031,服饰,浙江省,
玉佛苑_站点-玉佛苑,快递,2025-01-14 16:19:04,,1,,6.00,,2.32,42% - 0.2,2,1879080756785238016,极兔快递,JT0015019172852,服饰,浙江省,
玉佛苑_站点-玉佛苑,快递,2025-01-14 15:28:37,,1,,6.00,,2.32,42% - 0.2,2,1879068062527049728,极兔快递,JT0015012818625,服饰,江苏省,
玉佛苑_站点-玉佛苑,快递,2025-01-14 15:27:46,,1.5,,8.00,,3.88,51% - 0.2,2,1879067848860815360,极兔快递,JT0015018519250,服饰,浙江省,
玉佛苑_站点-玉佛苑,快递,2025-01-14 15:00:03,2025-01-14 15:21:37,1,,6.00,,0.00,,2,1879060871678054400,极兔快递,JT0015017054098,生鲜类,陕西省,已全额退款
玉佛苑_站点-玉佛苑,快递,2025-01-14 15:18:49,,1,,6.00,,2.32,42% - 0.2,2,1879065596506984448,极兔快递,JT0015014372061,其他,江苏省,
玉佛苑_站点-玉佛苑,快递,2025-01-14 15:14:03,,1,,6.00,,2.32,42% - 0.2,2,1879064392859176960,极兔快递,JT0015018966476,服饰,浙江省,
玉佛苑_站点-玉佛苑,快递,2025-01-14 14:24:55,,1.8,,8.00,,3.88,51% - 0.2,2,1879052030236217344,极兔快递,JT0015015302003,生活用品,广东省,
玉佛苑_站点-玉佛苑,快递,2025-01-14 13:55:19,,2,,8.00,,3.88,51% - 0.2,2,1879044584037994496,极兔快递,JT0014999639298,床品,江苏省,
玉佛苑_站点-玉佛苑,快递,2025-01-14 13:43:45,,0.6,,6.00,,2.32,42% - 0.2,2,1879041667818115072,极兔快递,JT0015015234650,手表,陕西省,
玉佛苑_站点-玉佛苑,快递,2025-01-14 13:38:13,,2.5,,10.00,,5.30,55% - 0.2,2,1879040275334352896,极兔快递,JT0015016313020,服饰,安徽省,
玉佛苑_站点-玉佛苑,快递,2025-01-14 11:58:10,,0.5,,6.00,,2.32,42% - 0.2,2,1879015095434268672,极兔快递,JT0015014822550,服饰,广东省,
玉佛苑_站点-玉佛苑,快递,2025-01-14 11:57:19,,1.2,,8.00,,3.88,51% - 0.2,2,1879014886406934528,极兔快递,JT0015012326062,服饰,湖北省,
玉佛苑_站点-玉佛苑,快递,2025-01-14 11:54:00,,1.4,,8.00,,3.88,51% - 0.2,2,1879014049467125760,极兔快递,JT0015009894422,服饰,广东省,
玉佛苑_站点-玉佛苑,快递,2025-01-14 11:45:29,,2,,8.00,,3.88,51% - 0.2,2,1879011865677582336,极兔快递,JT0015007532076,服饰,安徽省,
玉佛苑_站点-玉佛苑,快递,2025-01-14 11:43:30,,2,,8.00,,3.88,51% - 0.2,2,1879011408964014080,极兔快递,JT0015012190295,服饰,山东省,
玉佛苑_站点-玉佛苑,快递,2025-01-14 11:38:52,,0.4,,6.00,,2.32,42% - 0.2,2,1879010242465157120,极兔快递,JT0015003850600,服饰,江苏省,
玉佛苑_站点-玉佛苑,快递,2025-01-14 11:37:48,,0.4,,6.00,,2.32,42% - 0.2,2,1879009972540723200,极兔快递,JT0015011902729,服饰,浙江省,
玉佛苑_站点-玉佛苑,快递,2025-01-14 11:36:33,,1,,6.00,,2.32,42% - 0.2,2,1879009661742796800,极兔快递,JT0015013898184,服饰,山东省,
玉佛苑_站点-玉佛苑,快递,2025-01-14 11:29:50,,0.5,,6.00,,2.32,42% - 0.2,2,1879007958003929088,极兔快递,JT0015013489336,服饰,广东省,
玉佛苑_站点-玉佛苑,快递,2025-01-14 11:28:23,,0.5,,6.00,,2.32,42% - 0.2,2,1879007604692537344,极兔快递,JT0015001707360,服饰,广东省,
玉佛苑_站点-玉佛苑,快递,2025-01-14 09:25:07,,0.4,,6.00,,2.32,42% - 0.2,2,1878976583985057792,极兔快递,JT0015009095313,服饰,浙江省,
玉佛苑_站点-玉佛苑,快递,2025-01-14 09:20:57,,0.3,,6.00,,2.32,42% - 0.2,2,1878975533903302656,极兔快递,JT0015005394916,服饰,广东省,
玉佛苑_站点-玉佛苑,快递,2025-01-14 09:17:31,,0.4,,6.00,,2.32,42% - 0.2,2,1878974672183545856,极兔快递,JT0015004544592,服饰,广东省,
玉佛苑_站点-玉佛苑,快递,2025-01-14 09:11:50,,5.6,,18.00,,8.80,50% - 0.2,2,1878973236318097408,极兔快递,JT0015003179599,服饰,广东省,
玉佛苑_站点-玉佛苑,快递,2025-01-14 09:10:41,,11.1,,36.00,,17.80,50% - 0.2,2,1878972933107666944,极兔快递,JT0015006018489,服饰,广东省,
玉佛苑_站点-玉佛苑,快递,2025-01-13 22:53:07,,1,,6.00,,2.32,42% - 0.2,2,1878817516910071808,极兔快递,JT0015004194035,生活用品,广东省,
玉佛苑_站点-玉佛苑,干洗,2025-01-13 22:41:26,,,,49.00,,14.70,30%,,1878814596294561792,干洗,,"清洗普通羽绒服2件不分长短49元   *   1
清洗普通羽绒服2件不分长短49元   *   1",,
玉佛苑_站点-玉佛苑,快递,2025-01-13 22:12:27,,1,,6.00,,2.32,42% - 0.2,2,1878807296569823232,极兔快递,JT0015007660881,服饰,湖南省,
玉佛苑_站点-玉佛苑,快递,2025-01-13 20:20:48,,0.5,,6.00,,2.32,42% - 0.2,2,1878779205684350976,极兔快递,JT0014998161800,服饰,广东省,
玉佛苑_站点-玉佛苑,快递,2025-01-13 19:29:33,,0.4,,6.00,,2.32,42% - 0.2,2,1878766304051384320,极兔快递,JT0015005682625,手套,浙江省,
玉佛苑_站点-玉佛苑,快递,2025-01-13 19:27:47,,2,,8.00,,3.88,51% - 0.2,2,1878765861275488256,极兔快递,JT0014995787577,服饰,浙江省,
玉佛苑_站点-玉佛苑,快递,2025-01-13 19:27:10,,1,,6.00,,2.32,42% - 0.2,2,1878765707482943488,极兔快递,JT0015005368247,服饰,浙江省,
玉佛苑_站点-玉佛苑,快递,2025-01-13 19:26:30,,1,,6.00,,2.32,42% - 0.2,2,1878765537970147328,极兔快递,JT0015008120254,服饰,浙江省,
玉佛苑_站点-玉佛苑,快递,2025-01-13 19:24:08,,2,,8.00,,3.88,51% - 0.2,2,1878764942517391360,极兔快递,JT0015005005986,鞋,浙江省,
玉佛苑_站点-玉佛苑,快递,2025-01-13 19:22:32,,2,,8.00,,3.88,51% - 0.2,2,1878764542326263808,极兔快递,JT0015001334854,鞋,河南省,
玉佛苑_站点-玉佛苑,快递,2025-01-13 19:18:58,,0.5,,6.00,,2.32,42% - 0.2,2,1878763641641422848,极兔快递,JT0015007478420,生活用品,广东省,
玉佛苑_站点-玉佛苑,快递,2025-01-13 19:18:10,,1,,6.00,,2.32,42% - 0.2,2,1878763434065317888,极兔快递,JT0014979416779,服饰,浙江省,
玉佛苑_站点-玉佛苑,快递,2025-01-13 18:58:04,,0.9,,6.00,,2.32,42% - 0.2,2,1878758340615786496,极兔快递,JT0015005290666,服饰,广东省,
玉佛苑_站点-玉佛苑,快递,2025-01-13 18:56:48,,0.5,,6.00,,2.32,42% - 0.2,2,1878758055826739200,极兔快递,JT0015007553027,服饰,广东省,
玉佛苑_站点-玉佛苑,快递,2025-01-13 18:54:10,,1,,6.00,,2.32,42% - 0.2,2,1878757398625439744,极兔快递,JT0015005330036,生活用品,浙江省,
玉佛苑_站点-玉佛苑,快递,2025-01-13 18:51:25,,0.7,,6.00,,2.32,42% - 0.2,2,1878756709320937472,极兔快递,JT0015005928053,服饰,广西壮族自治区,
玉佛苑_站点-玉佛苑,快递,2025-01-13 18:47:40,,1,,6.00,,2.32,42% - 0.2,2,1878755768156868608,极兔快递,JT0015002194141,服饰,河南省,
玉佛苑_站点-玉佛苑,快递,2025-01-13 18:35:43,,5.75,,18.00,,8.80,50% - 0.2,2,1878752758513061888,极兔快递,JT0015004948038,生活用品,青海省,
玉佛苑_站点-玉佛苑,快递,2025-01-13 18:21:29,,0.5,,6.00,,2.32,42% - 0.2,2,1878749172051791872,极兔快递,JT0015004720920,服饰,福建省,
玉佛苑_站点-玉佛苑,快递,2025-01-13 18:20:19,,0.6,,6.00,,2.32,42% - 0.2,2,1878748883940855808,极兔快递,JT0015005251605,服饰,江苏省,
玉佛苑_站点-玉佛苑,快递,2025-01-13 18:19:13,,1,,6.00,,2.32,42% - 0.2,2,1878748601798414336,极兔快递,JT0015005795855,服饰,浙江省,
玉佛苑_站点-玉佛苑,快递,2025-01-13 18:15:38,,0.5,,6.00,,2.32,42% - 0.2,2,1878747703726624768,极兔快递,JT0015002654081,服饰,安徽省,
玉佛苑_站点-玉佛苑,快递,2025-01-13 18:08:00,,1.2,,8.00,,3.88,51% - 0.2,2,1878745786606735360,极兔快递,JT0015004904072,服饰,河南省,
玉佛苑_站点-玉佛苑,快递,2025-01-13 18:06:52,,1,,6.00,,2.32,42% - 0.2,2,1878745499573735424,极兔快递,JT0015006073668,服饰,浙江省,
玉佛苑_站点-玉佛苑,快递,2025-01-13 17:10:23,,0.6,,6.00,,2.32,42% - 0.2,2,1878731273736081408,极兔快递,JT0015003536050,服饰,江苏省,
玉佛苑_站点-玉佛苑,快递,2025-01-13 17:05:02,,0.3,,6.00,,2.32,42% - 0.2,2,1878729934528368640,极兔快递,JT0015005401108,饰品,河南省,
玉佛苑_站点-玉佛苑,快递,2025-01-13 16:47:55,,0.6,,6.00,,2.32,42% - 0.2,2,1878725629758984192,极兔快递,JT0015001959611,服饰,浙江省,
玉佛苑_站点-玉佛苑,快递,2025-01-13 15:51:47,,1.2,,8.00,,3.88,51% - 0.2,2,1878711496833552384,极兔快递,JT0014997982558,服饰,广东省,
玉佛苑_站点-玉佛苑,快递,2025-01-13 15:45:50,,0.8,,6.00,,2.32,42% - 0.2,2,1878710007117434880,极兔快递,JT0014991274863,服饰,广东省,
玉佛苑_站点-玉佛苑,快递,2025-01-13 15:39:04,,1,,6.00,,2.32,42% - 0.2,2,1878708300685824000,极兔快递,JT0014984593963,服饰,江苏省,
玉佛苑_站点-玉佛苑,快递,2025-01-13 15:14:38,,0.6,,6.00,,2.32,42% - 0.2,2,1878702152180092928,极兔快递,JT0015002264714,服饰,广东省,
玉佛苑_站点-玉佛苑,快递,2025-01-13 15:13:45,,0.6,,7.00,,1.94,42%,2,1878701914610520064,极兔快递,JT0015001312682,服饰,上海市,
玉佛苑_站点-玉佛苑,快递,2025-01-13 15:12:42,,1.2,,8.00,,3.88,51% - 0.2,2,1878701667972861952,极兔快递,JT0015002139940,服饰,浙江省,
玉佛苑_站点-玉佛苑,快递,2025-01-13 15:11:59,,1.2,,8.00,,3.88,51% - 0.2,2,1878701484144906240,极兔快递,JT0014987878013,服饰,广东省,
玉佛苑_站点-玉佛苑,快递,2025-01-13 15:08:13,,6,,18.00,,8.80,50% - 0.2,2,1878700539159826432,极兔快递,JT0014992974338,服饰,广东省,
玉佛苑_站点-玉佛苑,快递,2025-01-13 14:42:13,,0.6,,6.00,,2.32,42% - 0.2,2,1878693996850892800,极兔快递,JT0015000692315,服饰,江苏省,
玉佛苑_站点-玉佛苑,快递,2025-01-13 14:41:15,,0.6,,6.00,,2.32,42% - 0.2,2,1878693753262493696,极兔快递,JT0015001383544,服饰,河北省,
玉佛苑_站点-玉佛苑,快递,2025-01-13 14:34:27,,0.4,,6.00,,2.32,42% - 0.2,2,1878692039084003328,极兔快递,JT0014999449629,围巾,湖北省,
玉佛苑_站点-玉佛苑,快递,2025-01-13 14:32:30,,0.4,,6.00,,2.32,42% - 0.2,2,1878691546450415616,极兔快递,JT0014996835189,服饰,广东省,
玉佛苑_站点-玉佛苑,快递,2025-01-13 13:31:17,,0.6,,6.00,,2.32,42% - 0.2,2,1878676146471882752,极兔快递,JT0014998259511,服饰,广东省,
玉佛苑_站点-玉佛苑,快递,2025-01-13 12:35:03,,1,,6.00,,2.32,42% - 0.2,2,1878661993556398080,极兔快递,JT0014998760877,服饰,江苏省,
玉佛苑_站点-玉佛苑,快递,2025-01-13 11:59:24,,0.4,,6.00,,2.32,42% - 0.2,2,1878653024318312448,极兔快递,JT0014997429411,服饰,广东省,
玉佛苑_站点-玉佛苑,快递,2025-01-13 11:24:03,,0.8,,6.00,,2.32,42% - 0.2,2,1878644123778732032,极兔快递,JT0014997344008,服饰,浙江省,
玉佛苑_站点-玉佛苑,快递,2025-01-13 10:13:56,,0.6,,6.00,,2.32,42% - 0.2,2,1878626472511721472,极兔快递,JT0014996024609,书,湖北省,
玉佛苑_站点-玉佛苑,快递,2025-01-13 10:12:55,,1,,6.00,,2.32,42% - 0.2,2,1878626220840898560,极兔快递,JT0014989563309,服饰,广东省,
玉佛苑_站点-玉佛苑,干洗,2025-01-12 21:17:44,,,,24.80,,7.44,30%,,1878431138393149440,干洗,,"棉服_毛呢_羽绒服   *   1",,
玉佛苑_站点-玉佛苑,干洗,2025-01-12 21:07:05,,,,49.00,,14.70,30%,,1878428463052148736,干洗,,"清洗普通羽绒服2件不分长短49元   *   1
清洗普通羽绒服2件不分长短49元   *   1",,
玉佛苑_站点-玉佛苑,快递,2025-01-12 20:41:30,,1,,6.00,,2.32,42% - 0.2,2,1878422026292875264,极兔快递,JT0014985450429,玩具,浙江省,
玉佛苑_站点-玉佛苑,快递,2025-01-12 20:35:13,,0.6,,6.00,,2.32,42% - 0.2,2,1878420441730961408,极兔快递,JT0014986646219,服饰,浙江省,
玉佛苑_站点-玉佛苑,快递,2025-01-12 20:34:17,,0.8,,6.00,,2.32,42% - 0.2,2,1878420206174654464,极兔快递,JT0014991204588,服饰,浙江省,
玉佛苑_站点-玉佛苑,快递,2025-01-12 20:23:58,,1,,6.00,,2.32,42% - 0.2,2,1878417613360779264,极兔快递,JT0014991620368,服饰,浙江省,
玉佛苑_站点-玉佛苑,快递,2025-01-12 20:22:51,,1,,6.00,,2.32,42% - 0.2,2,1878417331235115008,极兔快递,JT0014990158996,服饰,浙江省,
玉佛苑_站点-玉佛苑,快递,2025-01-12 20:14:48,,0.4,,6.00,,2.32,42% - 0.2,2,1878415303368822784,极兔快递,JT0014991673848,服饰,广东省,
玉佛苑_站点-玉佛苑,快递,2025-01-12 20:13:39,,1,,6.00,,2.32,42% - 0.2,2,1878415014947508224,极兔快递,JT0014990530532,服饰,浙江省,
玉佛苑_站点-玉佛苑,快递,2025-01-12 20:12:12,,0.7,,6.00,,2.32,42% - 0.2,2,1878414654216392704,极兔快递,JT0014991943353,服饰,广东省,
玉佛苑_站点-玉佛苑,快递,2025-01-12 20:08:54,,0.6,,6.00,,2.32,42% - 0.2,2,1878413824192991232,极兔快递,JT0014993136241,生活用品,河北省,
玉佛苑_站点-玉佛苑,快递,2025-01-12 20:04:58,,0.4,,6.00,,2.32,42% - 0.2,2,1878412827924156416,极兔快递,JT0014992853955,服饰,浙江省,
玉佛苑_站点-玉佛苑,快递,2025-01-12 19:47:13,,3,,10.00,,5.30,55% - 0.2,2,1878408363565699072,极兔快递,JT0014991716887,锅,浙江省,
玉佛苑_站点-玉佛苑,快递,2025-01-12 19:20:51,,1,,6.00,,2.32,42% - 0.2,2,1878401730936623104,极兔快递,JT0014989326582,生活用品,广东省,
玉佛苑_站点-玉佛苑,快递,2025-01-12 19:19:42,,0.8,,6.00,,2.32,42% - 0.2,2,1878401441219268608,极兔快递,JT0014991914221,服饰,黑龙江省,
玉佛苑_站点-玉佛苑,快递,2025-01-12 19:18:41,,0.5,,6.00,,2.32,42% - 0.2,2,1878401187065417728,极兔快递,JT0014988269534,服饰,浙江省,
玉佛苑_站点-玉佛苑,快递,2025-01-12 19:18:00,,1.1,,8.00,,3.88,51% - 0.2,2,1878401015400943616,极兔快递,JT0014977385851,服饰,浙江省,
玉佛苑_站点-玉佛苑,快递,2025-01-12 19:17:13,,0.5,,6.00,,2.32,42% - 0.2,2,1878400816452521984,极兔快递,JT0014989677738,服饰,浙江省,
玉佛苑_站点-玉佛苑,快递,2025-01-12 19:16:23,,0.5,,6.00,,2.32,42% - 0.2,2,1878400605541945344,极兔快递,JT0014991801791,服饰,广东省,
玉佛苑_站点-玉佛苑,快递,2025-01-12 18:56:20,,0.7,,6.00,,2.32,42% - 0.2,2,1878395558443667456,极兔快递,JT0014991620802,服饰,广东省,
玉佛苑_站点-玉佛苑,快递,2025-01-12 18:54:52,,0.4,,6.00,,2.32,42% - 0.2,2,1878395191752445952,极兔快递,JT0014991913494,服饰,广东省,
玉佛苑_站点-玉佛苑,快递,2025-01-12 18:52:58,,0.4,,6.00,,2.32,42% - 0.2,2,1878394713236885504,极兔快递,JT0014990709638,服饰,广东省,
玉佛苑_站点-玉佛苑,快递,2025-01-12 18:51:12,,0.3,,6.00,,2.32,42% - 0.2,2,1878394265180360704,极兔快递,JT0014990202585,服饰,广东省,
玉佛苑_站点-玉佛苑,快递,2025-01-12 18:40:17,,0.5,,6.00,,2.32,42% - 0.2,2,1878391517261123584,极兔快递,JT0014991956345,化妆品,广东省,
玉佛苑_站点-玉佛苑,快递,2025-01-12 18:34:19,,0.8,,6.00,,2.32,42% - 0.2,2,1878390014370697216,极兔快递,JT0014990446861,牙膏,重庆市,
玉佛苑_站点-玉佛苑,快递,2025-01-12 18:28:48,,2.2,,10.00,,5.30,55% - 0.2,2,1878388631294758912,极兔快递,JT0014990090866,化妆品,广东省,
玉佛苑_站点-玉佛苑,快递,2025-01-12 18:26:39,,0.4,,6.00,,2.32,42% - 0.2,2,1878388088673456128,极兔快递,JT0014989336383,电子表,广东省,
玉佛苑_站点-玉佛苑,快递,2025-01-12 18:21:11,,0.8,,6.00,,2.32,42% - 0.2,2,1878386711909945344,极兔快递,JT0014979917340,服饰,浙江省,
玉佛苑_站点-玉佛苑,快递,2025-01-12 17:51:49,,2,,8.00,,3.88,51% - 0.2,2,1878379323983187968,极兔快递,JT0014988185414,鞋,四川省,
玉佛苑_站点-玉佛苑,快递,2025-01-12 17:15:58,,1,,6.00,,2.32,42% - 0.2,2,1878370298558205952,极兔快递,JT0014989240470,服饰,广东省,
玉佛苑_站点-玉佛苑,快递,2025-01-12 17:03:02,,1,,6.00,,2.32,42% - 0.2,2,1878367043665055744,极兔快递,JT0014986383792,服饰,广东省,
玉佛苑_站点-玉佛苑,快递,2025-01-12 16:53:00,,1.2,,8.00,,3.88,51% - 0.2,2,1878364523228090368,极兔快递,JT0014988384129,生活用品,浙江省,
玉佛苑_站点-玉佛苑,干洗,2025-01-12 16:39:37,,,,49.00,,14.70,30%,,1878361152333074432,干洗,,"清洗普通羽绒服2件不分长短49元   *   1
清洗普通羽绒服2件不分长短49元   *   1",,
玉佛苑_站点-玉佛苑,快递,2025-01-12 16:03:38,,1,,6.00,,2.32,42% - 0.2,2,1878352096683937792,极兔快递,JT0014988754688,生活用品,浙江省,
玉佛苑_站点-玉佛苑,快递,2025-01-12 15:53:52,,0.4,,6.00,,2.32,42% - 0.2,2,1878349636938551296,极兔快递,JT0014985344914,食品,广东省,
玉佛苑_站点-玉佛苑,快递,2025-01-12 15:41:37,,0.5,,7.00,,1.94,42%,2,1878346554771034112,极兔快递,JT0014981507509,化妆品,上海市,
玉佛苑_站点-玉佛苑,快递,2025-01-12 15:40:31,,1,,6.00,,2.32,42% - 0.2,2,1878346279972818944,极兔快递,JT0014986365760,服饰,广东省,
玉佛苑_站点-玉佛苑,快递,2025-01-12 15:36:03,,0.5,,6.00,,2.32,42% - 0.2,2,1878345151390470144,极兔快递,JT0014987950463,服饰,广东省,
玉佛苑_站点-玉佛苑,快递,2025-01-12 15:34:43,,1,,6.00,,2.32,42% - 0.2,2,1878344810808791040,极兔快递,JT0014986441822,鞋,浙江省,
玉佛苑_站点-玉佛苑,快递,2025-01-12 15:28:32,,0.5,,6.00,,2.32,42% - 0.2,2,1878343263412604928,极兔快递,JT0014982723542,生活用品,安徽省,
玉佛苑_站点-玉佛苑,快递,2025-01-12 15:00:20,,0.5,,6.00,,2.32,42% - 0.2,2,1878336166633459712,韵达快递,312606820557178,服饰,广东省,
玉佛苑_站点-玉佛苑,快递,2025-01-12 14:59:18,,0.6,,6.00,,2.32,42% - 0.2,2,1878335906699857920,极兔快递,JT0014977222748,服饰,福建省,
玉佛苑_站点-玉佛苑,快递,2025-01-12 14:49:35,,1.3,,8.00,,3.88,51% - 0.2,2,1878333459331862528,极兔快递,JT0014980905730,服饰,河南省,
玉佛苑_站点-玉佛苑,快递,2025-01-12 14:34:40,,0.3,,6.00,,2.32,42% - 0.2,2,1878329708567121920,极兔快递,JT0014986167760,服饰,广东省,
玉佛苑_站点-玉佛苑,快递,2025-01-12 14:33:24,,0.4,,6.00,,2.32,42% - 0.2,2,1878329388252319744,极兔快递,JT0014984301980,服饰,广东省,
玉佛苑_站点-玉佛苑,快递,2025-01-12 14:31:38,,1.5,,8.00,,3.88,51% - 0.2,2,1878328943232471040,极兔快递,JT0014983139204,服饰,河北省,
玉佛苑_站点-玉佛苑,快递,2025-01-12 14:29:02,,0.4,,6.00,,2.32,42% - 0.2,2,1878328289046876160,极兔快递,JT0014985276405,生活用品,湖北省,
玉佛苑_站点-玉佛苑,快递,2025-01-12 14:28:23,,2,,8.00,,3.88,51% - 0.2,2,1878328128576999424,极兔快递,JT0014979451806,生活用品,浙江省,
玉佛苑_站点-玉佛苑,快递,2025-01-12 14:26:14,,0.8,,6.00,,2.32,42% - 0.2,2,1878327585720815616,极兔快递,JT0014985387043,服饰,广东省,
玉佛苑_站点-玉佛苑,快递,2025-01-12 14:18:28,,0.6,,6.00,,2.32,42% - 0.2,2,1878325592377839616,韵达快递,312606792601990,服饰,广东省,
玉佛苑_站点-玉佛苑,快递,2025-01-12 14:16:59,,0.4,,6.00,,2.32,42% - 0.2,2,1878325255986270208,极兔快递,JT0014985288532,服饰,广东省,
玉佛苑_站点-玉佛苑,快递,2025-01-12 14:14:12,,0.4,,6.00,,2.32,42% - 0.2,2,1878324560906211328,极兔快递,JT0014985363523,服饰,江苏省,
玉佛苑_站点-玉佛苑,快递,2025-01-12 14:06:12,,0.6,,6.00,,2.32,42% - 0.2,2,1878322541592104960,极兔快递,JT0014983999896,服饰,江苏省,
玉佛苑_站点-玉佛苑,快递,2025-01-12 13:29:25,,2.6,,10.00,,5.30,55% - 0.2,2,1878313288751960064,极兔快递,JT0014978304071,服饰,湖北省,
玉佛苑_站点-玉佛苑,快递,2025-01-12 13:28:20,,2.4,,10.00,,5.30,55% - 0.2,2,1878313013941161984,极兔快递,JT0014983857534,服饰,广东省,
玉佛苑_站点-玉佛苑,快递,2025-01-12 13:24:37,,1.2,,8.00,,3.88,51% - 0.2,2,1878312077302747136,极兔快递,JT0014986041048,服饰,河北省,
玉佛苑_站点-玉佛苑,快递,2025-01-12 12:41:00,,1.5,,9.00,,3.59,51%,2,1878301100930813952,极兔快递,JT0014982447998,服饰,上海市,
玉佛苑_站点-玉佛苑,快递,2025-01-12 12:15:50,,0.4,,6.00,,2.32,42% - 0.2,2,1878294768077033472,极兔快递,JT0014983774757,服饰,广东省,
玉佛苑_站点-玉佛苑,快递,2025-01-12 12:13:01,,0.7,,6.00,,2.32,42% - 0.2,2,1878294061022236672,极兔快递,JT0014983504430,服饰,广东省,
玉佛苑_站点-玉佛苑,快递,2025-01-12 12:12:11,,0.8,,6.00,,2.32,42% - 0.2,2,1878293845548257280,极兔快递,JT0014972241596,服饰,广东省,
玉佛苑_站点-玉佛苑,快递,2025-01-12 11:40:33,,1,,6.00,,2.32,42% - 0.2,2,1878285888001462272,极兔快递,JT0014983029343,服饰,浙江省,
玉佛苑_站点-玉佛苑,快递,2025-01-12 11:31:56,,1,,6.00,,2.32,42% - 0.2,2,1878283722255814656,极兔快递,JT0014981664824,服饰,湖北省,
玉佛苑_站点-玉佛苑,快递,2025-01-12 11:31:04,,2,,8.00,,3.88,51% - 0.2,2,1878283503141179392,极兔快递,JT0014973136307,鞋,浙江省,
玉佛苑_站点-玉佛苑,快递,2025-01-12 11:28:57,,0.3,,6.00,,2.32,42% - 0.2,2,1878282964290555904,极兔快递,JT0014983461413,服饰,浙江省,
玉佛苑_站点-玉佛苑,快递,2025-01-12 11:27:53,,0.5,,6.00,,2.32,42% - 0.2,2,1878282700842127360,极兔快递,JT0014980825494,食品,江苏省,
玉佛苑_站点-玉佛苑,快递,2025-01-12 11:26:53,,1.2,,8.00,,3.88,51% - 0.2,2,1878282448865120256,极兔快递,JT0014982816820,书,湖北省,
玉佛苑_站点-玉佛苑,快递,2025-01-12 11:25:20,,0.4,,6.00,,2.32,42% - 0.2,2,1878282017699057664,极兔快递,JT0014979422946,生活用品,陕西省,
玉佛苑_站点-玉佛苑,快递,2025-01-12 11:21:32,,1,,6.00,,2.32,42% - 0.2,2,1878281020914323456,韵达快递,312606575818339,服饰,浙江省,
玉佛苑_站点-玉佛苑,干洗,2025-01-12 09:43:40,,,,49.00,,14.70,30%,,1878256474928762880,干洗,,"清洗普通羽绒服2件不分长短49元   *   1
清洗普通羽绒服2件不分长短49元   *   1",,
玉佛苑_站点-玉佛苑,快递,2025-01-12 09:39:53,,0.4,,6.00,,2.32,42% - 0.2,2,1878255527645204480,极兔快递,JT0014957897200,服饰,广东省,
玉佛苑_站点-玉佛苑,快递,2025-01-12 09:13:42,,0.3,,6.00,,2.32,42% - 0.2,2,1878248934706827264,极兔快递,JT0014978253489,生活用品,浙江省,
玉佛苑_站点-玉佛苑,快递,2025-01-12 09:11:34,,1,,6.00,,2.32,42% - 0.2,2,1878248397915607040,极兔快递,JT0014980213657,服饰,山东省,
玉佛苑_站点-玉佛苑,干洗,2025-01-11 20:12:01,,,,63.00,,18.90,30%,,1878052214735687680,干洗,,"衬衣长袖   *   1
T恤_卫衣_   *   1
T恤_卫衣_   *   1
T恤_卫衣_   *   1",,
玉佛苑_站点-玉佛苑,快递,2025-01-11 19:38:31,,2,,8.00,,3.88,51% - 0.2,2,1878043785279361024,极兔快递,JT0014977676967,帽子,云南省,
玉佛苑_站点-玉佛苑,快递,2025-01-11 19:32:47,,1.6,,8.00,,3.88,51% - 0.2,2,1878042344187809792,极兔快递,JT0014969094923,服饰,浙江省,
玉佛苑_站点-玉佛苑,快递,2025-01-11 19:22:05,,0.4,,6.00,,2.32,42% - 0.2,2,1878039650278625280,极兔快递,JT0014977208478,服饰,浙江省,
玉佛苑_站点-玉佛苑,快递,2025-01-11 19:11:58,,0.6,,6.00,,2.32,42% - 0.2,2,1878037101874040832,极兔快递,JT0014973437914,服饰,湖北省,
玉佛苑_站点-玉佛苑,快递,2025-01-11 19:05:32,,3,,10.00,,5.30,55% - 0.2,2,1878035484747550720,极兔快递,JT0014973123443,服饰,辽宁省,
玉佛苑_站点-玉佛苑,快递,2025-01-11 18:50:43,,0.6,,6.00,,2.32,42% - 0.2,2,1878031752597131264,极兔快递,JT0014975700526,服饰,广东省,
玉佛苑_站点-玉佛苑,快递,2025-01-11 17:55:05,,1,,6.00,,2.32,42% - 0.2,2,1878017753914593280,极兔快递,JT0014975536231,服饰,浙江省,
玉佛苑_站点-玉佛苑,快递,2025-01-11 17:46:23,,1,,6.00,,2.32,42% - 0.2,2,1878015564018143232,极兔快递,JT0014976774730,服饰,河南省,
玉佛苑_站点-玉佛苑,快递,2025-01-11 17:38:07,,0.6,,6.00,,2.32,42% - 0.2,2,1878013488793964544,极兔快递,JT0014976625152,服饰,广东省,
玉佛苑_站点-玉佛苑,快递,2025-01-11 17:16:40,,0.6,,6.00,,2.32,42% - 0.2,2,1878008088929554432,极兔快递,JT0014967910175,服饰,广东省,
玉佛苑_站点-玉佛苑,快递,2025-01-11 16:04:01,,1,,6.00,,2.32,42% - 0.2,2,1877989807300595712,极兔快递,JT0014973764840,服饰,四川省,
玉佛苑_站点-玉佛苑,快递,2025-01-11 14:50:22,,1,,6.00,,2.32,42% - 0.2,2,1877971270565679104,极兔快递,JT0014967790781,生活用品,河北省,
玉佛苑_站点-玉佛苑,快递,2025-01-11 14:13:00,,0.3,,6.00,,2.32,42% - 0.2,2,1877961867372318720,极兔快递,JT0014969523983,生活用品,陕西省,
玉佛苑_站点-玉佛苑,快递,2025-01-11 14:07:18,,0.3,,6.00,,2.32,42% - 0.2,2,1877960432429617152,极兔快递,JT0014969250821,袜子,浙江省,
玉佛苑_站点-玉佛苑,快递,2025-01-11 14:03:57,,0.4,,6.00,,2.32,42% - 0.2,2,1877959590200791040,极兔快递,JT0014971597792,服饰,江西省,
玉佛苑_站点-玉佛苑,快递,2025-01-11 13:59:53,,0.6,,6.00,,2.32,42% - 0.2,2,1877958567642058752,极兔快递,JT0014971757996,服饰,广东省,
玉佛苑_站点-玉佛苑,快递,2025-01-11 13:48:25,,1,,6.00,,2.32,42% - 0.2,2,1877955685727391744,极兔快递,JT0014961191886,服饰,江苏省,
玉佛苑_站点-玉佛苑,快递,2025-01-11 13:46:49,,0.7,,6.00,,2.32,42% - 0.2,2,1877955280293384192,极兔快递,JT0014964896328,服饰,浙江省,
玉佛苑_站点-玉佛苑,快递,2025-01-11 13:26:42,,0.4,,6.00,,2.32,42% - 0.2,2,1877950214685642752,极兔快递,JT0014967760672,服饰,江苏省,
玉佛苑_站点-玉佛苑,快递,2025-01-11 13:25:14,,0.8,,6.00,,2.32,42% - 0.2,2,1877949847184920576,极兔快递,JT0014964262019,服饰,广东省,
玉佛苑_站点-玉佛苑,快递,2025-01-11 13:19:19,,0.6,,6.00,,2.32,42% - 0.2,2,1877948355208073216,极兔快递,JT0014965646258,服饰,浙江省,
玉佛苑_站点-玉佛苑,快递,2025-01-11 13:11:09,,0.8,,6.00,,2.32,42% - 0.2,2,1877946302691856384,极兔快递,JT0014964167826,服饰,湖北省,
玉佛苑_站点-玉佛苑,快递,2025-01-11 13:01:29,,1,,6.00,,2.32,42% - 0.2,2,1877943866543624192,极兔快递,JT0014969580854,服饰,河北省,
玉佛苑_站点-玉佛苑,快递,2025-01-11 13:00:03,,1,,6.00,,2.32,42% - 0.2,2,1877943501098110976,极兔快递,JT0014962851663,服饰,河北省,
玉佛苑_站点-玉佛苑,快递,2025-01-11 12:49:00,,0.4,,6.00,,2.32,42% - 0.2,2,1877940727895609344,极兔快递,JT0014960765344,饰品,广东省,
玉佛苑_站点-玉佛苑,快递,2025-01-11 12:47:38,,0.6,,6.00,,2.32,42% - 0.2,2,1877940371648204800,极兔快递,JT0014966667704,服饰,广东省,
玉佛苑_站点-玉佛苑,快递,2025-01-11 12:24:45,,1.2,,8.00,,3.88,51% - 0.2,2,1877934624969379840,极兔快递,JT0014968198190,水彩笔,浙江省,
玉佛苑_站点-玉佛苑,快递,2025-01-11 12:00:16,,2.65,,10.00,,5.30,55% - 0.2,2,1877928464971255808,极兔快递,JT0014968721600,粉条,广东省,
玉佛苑_站点-玉佛苑,快递,2025-01-11 11:47:49,,0.5,,6.00,,2.32,42% - 0.2,2,1877925332568559616,极兔快递,JT0014968207146,生活用品,江苏省,
玉佛苑_站点-玉佛苑,快递,2025-01-11 11:42:08,,0.6,,6.00,,2.32,42% - 0.2,2,1877923902117957632,极兔快递,JT0014967165289,服饰,广东省,
玉佛苑_站点-玉佛苑,快递,2025-01-11 11:16:53,,0.7,,6.00,,2.32,42% - 0.2,2,1877917547596402688,极兔快递,JT0014969110089,服饰,福建省,
玉佛苑_站点-玉佛苑,快递,2025-01-11 11:14:39,,2,,8.00,,3.88,51% - 0.2,2,1877916983953248256,极兔快递,JT0014962158902,鞋,浙江省,
玉佛苑_站点-玉佛苑,快递,2025-01-11 11:11:24,,0.6,,6.00,,2.32,42% - 0.2,2,1877916170165997568,极兔快递,JT0014964085382,服饰,湖南省,
玉佛苑_站点-玉佛苑,快递,2025-01-11 11:09:47,,0.6,,6.00,,2.32,42% - 0.2,2,1877915760118255616,极兔快递,JT0014964903504,服饰,安徽省,
玉佛苑_站点-玉佛苑,快递,2025-01-11 11:07:59,,1.2,,8.00,,3.88,51% - 0.2,2,1877915305787052032,极兔快递,JT0014962065052,服饰,山东省,
玉佛苑_站点-玉佛苑,快递,2025-01-11 10:57:37,,0.3,,6.00,,2.32,42% - 0.2,2,1877912698620268544,极兔快递,JT0014960823024,生活用品,河南省,
玉佛苑_站点-玉佛苑,快递,2025-01-11 10:56:22,,0.3,,6.00,,2.32,42% - 0.2,2,1877912384546590720,极兔快递,JT0014966532980,生活用品,重庆市,
玉佛苑_站点-玉佛苑,快递,2025-01-11 10:52:00,,0.4,,6.00,,2.32,42% - 0.2,2,1877911285752188928,极兔快递,JT0014962290870,生活用品,陕西省,
玉佛苑_站点-玉佛苑,快递,2025-01-11 10:50:22,,0.3,,6.00,,2.32,42% - 0.2,2,1877910877851930624,极兔快递,JT0014967531886,生活用品,陕西省,
玉佛苑_站点-玉佛苑,快递,2025-01-11 10:48:38,,0.4,,6.00,,2.32,42% - 0.2,2,1877910437265461248,极兔快递,JT0014949076035,生活用品,宁夏回族自治区,
玉佛苑_站点-玉佛苑,快递,2025-01-11 10:12:27,,0.9,,6.00,,2.32,42% - 0.2,2,1877901328545796096,极兔快递,JT0014958996172,服饰,河南省,
玉佛苑_站点-玉佛苑,快递,2025-01-11 09:27:01,,1.5,,8.00,,3.88,51% - 0.2,2,1877889895800033280,极兔快递,JT0014964348321,鞋,浙江省,
玉佛苑_站点-玉佛苑,快递,2025-01-11 09:18:51,,1.9,,8.00,,3.88,51% - 0.2,2,1877887810111066112,极兔快递,JT0014965179120,食品,陕西省,
玉佛苑_站点-玉佛苑,快递,2025-01-11 08:36:07,,0.4,,6.00,,2.32,42% - 0.2,2,1877877081861574656,极兔快递,JT0014962360709,服饰,广东省,
玉佛苑_站点-玉佛苑,快递,2025-01-10 21:35:43,,3,,10.00,,5.30,55% - 0.2,2,1877710896520024064,极兔快递,JT0014965078277,化妆品,广东省,
玉佛苑_站点-玉佛苑,快递,2025-01-10 21:33:44,,1,,6.00,,2.32,42% - 0.2,2,1877710396550598656,极兔快递,JT0014962879773,面膜,山东省,
玉佛苑_站点-玉佛苑,快递,2025-01-10 21:31:09,,1,,6.00,,2.32,42% - 0.2,2,1877709743107395584,极兔快递,JT0014963553792,面膜,山东省,
玉佛苑_站点-玉佛苑,快递,2025-01-10 21:28:27,,1,,6.00,,2.32,42% - 0.2,2,1877709063214911488,极兔快递,JT0014963403521,化妆品,江苏省,
玉佛苑_站点-玉佛苑,快递,2025-01-10 21:15:45,,0.3,,6.00,,2.32,42% - 0.2,2,1877705859253194752,极兔快递,JT0014964055401,奶嘴,安徽省,
玉佛苑_站点-玉佛苑,快递,2025-01-10 21:15:00,,0.5,,6.00,,2.32,42% - 0.2,2,1877705682534584320,极兔快递,JT0014956625580,服饰,浙江省,
玉佛苑_站点-玉佛苑,快递,2025-01-10 21:14:19,,1,,6.00,,2.32,42% - 0.2,2,1877705508831678464,极兔快递,JT0014960696792,服饰,广东省,
玉佛苑_站点-玉佛苑,快递,2025-01-10 21:13:41,,1,,6.00,,2.32,42% - 0.2,2,1877705349154525184,极兔快递,JT0014961746930,服饰,广东省,
玉佛苑_站点-玉佛苑,快递,2025-01-10 21:12:42,,0.8,,6.00,,2.32,42% - 0.2,2,1877705082619088896,极兔快递,JT0014958320399,服饰,浙江省,
玉佛苑_站点-玉佛苑,干洗,2025-01-10 20:55:26,,,,24.80,,7.44,30%,,1877700755892523008,干洗,,"棉服_毛呢_羽绒服   *   1",,
玉佛苑_站点-玉佛苑,快递,2025-01-10 20:48:16,,10.1,,33.00,,16.30,50% - 0.2,2,1877698952723484672,极兔快递,JT0014962231751,生鲜类,山西省,
玉佛苑_站点-玉佛苑,快递,2025-01-10 19:57:42,,0.4,,6.00,,2.32,42% - 0.2,2,1877686223941980160,极兔快递,JT0014960376576,其他,广东省,
玉佛苑_站点-玉佛苑,快递,2025-01-10 19:54:47,,1,,6.00,,2.32,42% - 0.2,2,1877685496427368448,极兔快递,JT0014960153241,服饰,广东省,
玉佛苑_站点-玉佛苑,快递,2025-01-10 19:47:34,,0.6,,6.00,,2.32,42% - 0.2,2,1877683673498963968,极兔快递,JT0014962909764,化妆品,广东省,
玉佛苑_站点-玉佛苑,快递,2025-01-10 19:21:31,,0.7,,6.00,,2.32,42% - 0.2,2,1877677119802494976,极兔快递,JT0014956369338,服饰,福建省,
玉佛苑_站点-玉佛苑,快递,2025-01-10 19:16:15,,0.5,,6.00,,2.32,42% - 0.2,2,1877675791713882112,极兔快递,JT0014959931926,服饰,广东省,
玉佛苑_站点-玉佛苑,快递,2025-01-10 18:46:08,,0.7,,6.00,,2.32,42% - 0.2,2,1877668216830218240,极兔快递,JT0014961347633,易碎品,广东省,
玉佛苑_站点-玉佛苑,快递,2025-01-10 18:42:20,,1,,6.00,,2.32,42% - 0.2,2,1877667261690728448,极兔快递,JT0014962925176,茶叶,河北省,
玉佛苑_站点-玉佛苑,快递,2025-01-10 18:40:20,,0.3,,7.00,,1.94,42%,2,1877666754230276096,极兔快递,JT0014961977002,生活用品,北京市,
玉佛苑_站点-玉佛苑,快递,2025-01-10 18:39:41,,0.3,,6.00,,2.32,42% - 0.2,2,1877666594490208256,极兔快递,JT0014961560052,生活用品,黑龙江省,
玉佛苑_站点-玉佛苑,快递,2025-01-10 18:33:04,,1.3,,8.00,,3.88,51% - 0.2,2,1877664926260318208,极兔快递,JT0014960905674,服饰,陕西省,
玉佛苑_站点-玉佛苑,快递,2025-01-10 18:18:53,,1,,6.00,,2.32,42% - 0.2,2,1877661354873376768,极兔快递,JT0014958710572,服饰,湖北省,
玉佛苑_站点-玉佛苑,快递,2025-01-10 18:14:50,,0.5,,6.00,,2.32,42% - 0.2,2,1877660333023481856,极兔快递,JT0014960970232,服饰,广东省,
玉佛苑_站点-玉佛苑,快递,2025-01-10 18:09:33,,0.4,,6.00,,2.32,42% - 0.2,2,1877659009875759104,极兔快递,JT0014955303811,服饰,河北省,
玉佛苑_站点-玉佛苑,快递,2025-01-10 18:04:26,,2.7,,10.00,,5.30,55% - 0.2,2,1877657717853966336,极兔快递,JT0014959718913,服饰,山东省,
玉佛苑_站点-玉佛苑,快递,2025-01-10 17:50:23,,0.4,,6.00,,2.32,42% - 0.2,2,1877654180285698048,极兔快递,JT0014957401873,服饰,广东省,
玉佛苑_站点-玉佛苑,快递,2025-01-10 17:47:43,,0.5,,6.00,,2.32,42% - 0.2,2,1877653517157847040,极兔快递,JT0014958240969,服饰,浙江省,
玉佛苑_站点-玉佛苑,快递,2025-01-10 17:46:01,,0.6,,6.00,,2.32,42% - 0.2,2,1877653054270263296,极兔快递,JT0014945822592,服饰,浙江省,
玉佛苑_站点-玉佛苑,快递,2025-01-10 17:39:56,,1.5,,8.00,,3.88,51% - 0.2,2,1877651558556291072,极兔快递,JT0014958395385,玩具,广东省,
玉佛苑_站点-玉佛苑,快递,2025-01-10 17:31:24,,2,,8.00,,3.88,51% - 0.2,2,1877649409365561344,极兔快递,JT0014960766637,鞋,广东省,
玉佛苑_站点-玉佛苑,快递,2025-01-10 16:32:20,,1,,6.00,,2.32,42% - 0.2,2,1877634540088119296,极兔快递,JT0014958468833,服饰,广东省,
玉佛苑_站点-玉佛苑,快递,2025-01-10 16:21:26,,0.4,,6.00,,2.32,42% - 0.2,2,1877631800180002816,极兔快递,JT0014958292828,服饰,浙江省,
玉佛苑_站点-玉佛苑,快递,2025-01-10 16:20:17,,0.4,,6.00,,2.32,42% - 0.2,2,1877631512882761728,极兔快递,JT0014959411546,服饰,浙江省,
玉佛苑_站点-玉佛苑,快递,2025-01-10 16:19:23,,0.3,,6.00,,2.32,42% - 0.2,2,1877631285429850112,极兔快递,JT0014958515357,服饰,浙江省,
玉佛苑_站点-玉佛苑,快递,2025-01-10 16:15:33,,0.7,,6.00,,2.32,42% - 0.2,2,1877630321427795968,极兔快递,JT0014959881083,服饰,浙江省,
玉佛苑_站点-玉佛苑,快递,2025-01-10 16:14:39,,0.6,,6.00,,2.32,42% - 0.2,2,1877630096705376256,极兔快递,JT0014958007132,服饰,浙江省,
玉佛苑_站点-玉佛苑,快递,2025-01-10 16:11:49,,0.4,,6.00,,2.32,42% - 0.2,2,1877629382541234176,极兔快递,JT0014958534900,书,湖北省,
玉佛苑_站点-玉佛苑,快递,2025-01-10 16:11:00,,0.4,,6.00,,2.32,42% - 0.2,2,1877629173501317120,极兔快递,JT0014947428712,书,河北省,
玉佛苑_站点-玉佛苑,快递,2025-01-10 16:09:17,,0.6,,6.00,,2.32,42% - 0.2,2,1877628745246101504,极兔快递,JT0014959759516,服饰,广东省,
玉佛苑_站点-玉佛苑,快递,2025-01-10 16:07:56,,0.6,,6.00,,2.32,42% - 0.2,2,1877628136090554368,极兔快递,JT0014958179753,服饰,浙江省,
玉佛苑_站点-玉佛苑,快递,2025-01-10 16:02:19,,0.6,,6.00,,2.32,42% - 0.2,2,1877626984464699392,极兔快递,JT0014959581653,服饰,浙江省,
玉佛苑_站点-玉佛苑,快递,2025-01-10 16:01:17,,0.7,,6.00,,2.32,42% - 0.2,2,1877626729669120000,极兔快递,JT0014953185953,服饰,浙江省,
玉佛苑_站点-玉佛苑,快递,2025-01-10 15:57:00,,0.6,,6.00,,2.32,42% - 0.2,2,1877625650608918528,极兔快递,JT0014959734897,服饰,浙江省,
玉佛苑_站点-玉佛苑,快递,2025-01-10 15:51:11,,0.5,,6.00,,2.32,42% - 0.2,2,1877624192073256960,极兔快递,JT0014958551561,服饰,广东省,
玉佛苑_站点-玉佛苑,快递,2025-01-10 15:49:09,,1,,6.00,,2.32,42% - 0.2,2,1877623676870119424,极兔快递,JT0014958996816,服饰,浙江省,
玉佛苑_站点-玉佛苑,快递,2025-01-10 15:48:19,,1,,6.00,,2.32,42% - 0.2,2,1877623465733050368,极兔快递,JT0014956134026,服饰,浙江省,
玉佛苑_站点-玉佛苑,快递,2025-01-10 15:27:02,,0.6,,6.00,,2.32,42% - 0.2,2,1877618111699800064,极兔快递,JT0014957511228,服饰,广东省,
玉佛苑_站点-玉佛苑,快递,2025-01-10 15:24:59,,0.4,,6.00,,2.32,42% - 0.2,2,1877617597016756224,极兔快递,JT0014955136463,服饰,广东省,
玉佛苑_站点-玉佛苑,快递,2025-01-10 15:24:13,,2,,8.00,,3.88,51% - 0.2,2,1877617401532829696,极兔快递,JT0014956229252,服饰,浙江省,
玉佛苑_站点-玉佛苑,快递,2025-01-10 15:13:47,,1,,6.00,,2.32,42% - 0.2,2,1877614778108923904,极兔快递,JT0014956805920,鞋,江苏省,
玉佛苑_站点-玉佛苑,快递,2025-01-10 15:09:48,,0.4,,6.00,,2.32,42% - 0.2,2,1877613774542000128,极兔快递,JT0014956749460,服饰,湖北省,
玉佛苑_站点-玉佛苑,快递,2025-01-10 14:14:04,,1,,6.00,,2.32,42% - 0.2,2,1877599748508405760,极兔快递,JT0014955690787,服饰,河北省,
玉佛苑_站点-玉佛苑,快递,2025-01-10 14:08:45,,2,,8.00,,3.88,51% - 0.2,2,1877598411494313984,极兔快递,JT0014956895063,服饰,浙江省,
玉佛苑_站点-玉佛苑,快递,2025-01-10 14:07:13,,1,,6.00,,2.32,42% - 0.2,2,1877598019314307072,极兔快递,JT0014951243561,鞋,浙江省,
玉佛苑_站点-玉佛苑,快递,2025-01-10 13:59:53,,0.3,,7.00,,1.94,42%,2,1877596180040699904,极兔快递,JT0014956659623,服饰,上海市,
玉佛苑_站点-玉佛苑,快递,2025-01-10 13:21:09,,0.4,,6.00,,2.32,42% - 0.2,2,1877586429819015168,极兔快递,JT0014955846778,服饰,山东省,
玉佛苑_站点-玉佛苑,快递,2025-01-10 12:37:58,,0.6,,6.00,,2.32,42% - 0.2,2,1877575559885934592,极兔快递,JT0014954435977,服饰,黑龙江省,
玉佛苑_站点-玉佛苑,快递,2025-01-10 08:44:10,,1,,6.00,,2.32,42% - 0.2,2,1877516723707760640,极兔快递,JT0014950909914,牙膏,江西省,
玉佛苑_站点-玉佛苑,快递,2025-01-09 21:10:22,,1,,6.00,,2.32,42% - 0.2,2,1877342091574824960,极兔快递,JT0014947170613,服饰,江苏省,
玉佛苑_站点-玉佛苑,快递,2025-01-09 21:09:32,,2,,8.00,,3.88,51% - 0.2,2,1877341918186491904,极兔快递,JT0014948356074,服饰,江苏省,
玉佛苑_站点-玉佛苑,快递,2025-01-09 21:07:19,,1,,6.00,,2.32,42% - 0.2,2,1877341352249053184,极兔快递,JT0014948709116,服饰,江苏省,
玉佛苑_站点-玉佛苑,快递,2025-01-09 21:02:35,,1,,6.00,,2.32,42% - 0.2,2,1877340164061450240,极兔快递,JT0014947488152,服饰,浙江省,
玉佛苑_站点-玉佛苑,快递,2025-01-09 20:10:18,,1,,6.00,,2.32,42% - 0.2,2,1877327005451866112,极兔快递,JT0014948871487,腰鼓,陕西省,
玉佛苑_站点-玉佛苑,快递,2025-01-09 20:08:42,,1,,6.00,,2.32,42% - 0.2,2,1877326605587894272,极兔快递,JT0014943309821,腰鼓,陕西省,
玉佛苑_站点-玉佛苑,快递,2025-01-09 19:44:16,,0.5,,6.00,,2.32,42% - 0.2,2,1877320450471940096,极兔快递,JT0014942641914,饰品,河南省,
玉佛苑_站点-玉佛苑,快递,2025-01-09 19:43:23,,0.6,,6.00,,2.32,42% - 0.2,2,1877320237304827904,极兔快递,JT0014946614230,服饰,浙江省,
玉佛苑_站点-玉佛苑,快递,2025-01-09 19:42:37,,0.6,,6.00,,2.32,42% - 0.2,2,1877320042039005184,极兔快递,JT0014949069181,服饰,浙江省,
玉佛苑_站点-玉佛苑,快递,2025-01-09 19:29:42,,0.6,,6.00,,2.32,42% - 0.2,2,1877316790522269696,极兔快递,JT0014948178454,服饰,福建省,
玉佛苑_站点-玉佛苑,快递,2025-01-09 19:28:07,,2,,8.00,,3.88,51% - 0.2,2,1877316395548856320,极兔快递,JT0014947796635,服饰,广东省,
玉佛苑_站点-玉佛苑,快递,2025-01-09 19:23:51,,1,,6.00,,2.32,42% - 0.2,2,1877315304895598592,极兔快递,JT0014947949379,生活用品,浙江省,
玉佛苑_站点-玉佛苑,快递,2025-01-09 19:21:01,,0.3,,6.00,,2.32,42% - 0.2,2,1877314596871917568,极兔快递,JT0014943362602,服饰,广东省,
玉佛苑_站点-玉佛苑,快递,2025-01-09 19:19:15,,0.8,,6.00,,2.32,42% - 0.2,2,1877314163101192192,极兔快递,JT0014946180725,服饰,湖南省,
玉佛苑_站点-玉佛苑,快递,2025-01-09 19:16:54,,0.6,,6.00,,2.32,42% - 0.2,2,1877313570118881280,极兔快递,JT0014946863862,服饰,广东省,
玉佛苑_站点-玉佛苑,快递,2025-01-09 18:57:26,,0.2,,6.00,,2.32,42% - 0.2,2,1877308668042858496,极兔快递,JT0014937537746,生活用品,广东省,
玉佛苑_站点-玉佛苑,快递,2025-01-09 17:53:14,,2,,8.00,,3.88,51% - 0.2,2,1877292512347213824,极兔快递,JT0014945722910,蛋白粉,湖南省,
玉佛苑_站点-玉佛苑,快递,2025-01-09 17:50:35,,0.3,,7.00,,1.94,42%,2,1877291851211657216,极兔快递,JT0014947031820,生活用品,上海市,
玉佛苑_站点-玉佛苑,快递,2025-01-09 17:49:33,,2,,8.00,,3.88,51% - 0.2,2,1877291585087262720,极兔快递,JT0014944844125,服饰,浙江省,
玉佛苑_站点-玉佛苑,快递,2025-01-09 17:42:07,,1,,6.00,,2.32,42% - 0.2,2,1877289713404268544,极兔快递,JT0014946762153,生活用品,浙江省,
玉佛苑_站点-玉佛苑,快递,2025-01-09 17:38:21,2025-01-09 17:40:04,1.6,,8.00,,0.00,,2,1877288772118564864,极兔快递,JT0014946497615,服饰,广东省,已全额退款
玉佛苑_站点-玉佛苑,快递,2025-01-09 17:39:14,,1.6,,8.00,,3.88,51% - 0.2,2,1877288994295042048,极兔快递,JT0014939478273,服饰,广东省,
玉佛苑_站点-玉佛苑,快递,2025-01-09 17:15:04,,0.5,,6.00,,2.32,42% - 0.2,2,1877282907462356992,极兔快递,JT0014946565630,生活用品,江苏省,
玉佛苑_站点-玉佛苑,快递,2025-01-09 17:14:13,,0.5,,6.00,,2.32,42% - 0.2,2,1877282692676243456,极兔快递,JT0014944577195,生活用品,浙江省,
玉佛苑_站点-玉佛苑,快递,2025-01-09 16:22:57,,0.5,,6.00,,2.32,42% - 0.2,2,1877269795501821952,极兔快递,JT0014941907855,服饰,河北省,
玉佛苑_站点-玉佛苑,快递,2025-01-09 16:19:38,,0.8,,6.00,,2.32,42% - 0.2,2,1877268961909067776,极兔快递,JT0014927374267,服饰,浙江省,
玉佛苑_站点-玉佛苑,快递,2025-01-09 16:18:17,,0.5,,6.00,,2.32,42% - 0.2,2,1877268620316561408,极兔快递,JT0014944487258,服饰,广东省,
玉佛苑_站点-玉佛苑,快递,2025-01-09 16:16:23,,0.6,,7.00,,1.94,42%,2,1877268137430536192,极兔快递,JT0014939591976,服饰,上海市,
玉佛苑_站点-玉佛苑,快递,2025-01-09 15:27:56,,0.3,,6.00,,2.32,42% - 0.2,2,1877255951035453440,极兔快递,JT0014943321859,服饰,广东省,
玉佛苑_站点-玉佛苑,快递,2025-01-09 15:24:06,,1,,6.00,,2.32,42% - 0.2,2,1877254984655228928,极兔快递,JT0014942437397,服饰,广东省,
玉佛苑_站点-玉佛苑,快递,2025-01-09 15:16:32,,0.8,,6.00,,2.32,42% - 0.2,2,1877253077652000768,极兔快递,JT0014942482525,服饰,浙江省,
玉佛苑_站点-玉佛苑,快递,2025-01-09 15:14:03,,0.7,,6.00,,2.32,42% - 0.2,2,1877252452998500352,极兔快递,JT0014940362307,服饰,浙江省,
玉佛苑_站点-玉佛苑,快递,2025-01-09 13:21:24,,1,,6.00,,2.32,42% - 0.2,2,1877224105471954944,极兔快递,JT0014941208578,服饰,陕西省,
玉佛苑_站点-玉佛苑,快递,2025-01-08 11:52:17,2025-01-09 13:01:02,23.2,,72.00,,0.00,,2,1876839282626580480,极兔快递,JT0014924791407,杂粮,四川省,已全额退款
玉佛苑_站点-玉佛苑,快递,2025-01-09 12:16:28,2025-01-09 13:00:36,6,,18.00,,0.00,,2,1877207762173480960,极兔快递,,服饰,江苏省,已全额退款
玉佛苑_站点-玉佛苑,快递,2025-01-09 12:59:51,,1,,6.00,,2.32,42% - 0.2,2,1877218623294328832,韵达快递,312604157111701,服饰,安徽省,
玉佛苑_站点-玉佛苑,快递,2025-01-09 12:58:30,,1.3,,8.00,,3.88,51% - 0.2,2,1877218344771571712,极兔快递,JT0014935556127,服饰,江西省,
玉佛苑_站点-玉佛苑,快递,2025-01-09 12:57:04,,0.6,,6.00,,2.32,42% - 0.2,2,1877217981712617472,极兔快递,JT0014939855920,服饰,广东省,
玉佛苑_站点-玉佛苑,快递,2025-01-09 12:54:30,,0.5,,6.00,,2.32,42% - 0.2,2,1877217336054042624,极兔快递,JT0014940283276,服饰,河北省,
玉佛苑_站点-玉佛苑,快递,2025-01-09 12:16:58,,0.6,,6.00,,2.32,42% - 0.2,2,1877207893631356928,极兔快递,JT0014939487481,服饰,江苏省,
玉佛苑_站点-玉佛苑,快递,2025-01-09 11:23:17,,1.5,,8.00,,3.88,51% - 0.2,2,1877194383165804544,极兔快递,JT0014937937520,服饰,浙江省,
玉佛苑_站点-玉佛苑,快递,2025-01-09 11:18:10,,1,,6.00,,2.32,42% - 0.2,2,1877193092473606144,极兔快递,JT0014938299493,服饰,安徽省,
玉佛苑_站点-玉佛苑,快递,2025-01-09 10:28:04,,1.5,,8.00,,3.88,51% - 0.2,2,1877180480964841472,极兔快递,JT0014937077062,服饰,广东省,
玉佛苑_站点-玉佛苑,快递,2025-01-09 09:49:10,,23.2,,72.00,,35.80,50% - 0.2,2,1877170658638876672,韵达快递,312603896712559,杂粮,四川省,
玉佛苑_站点-玉佛苑,快递,2025-01-09 09:36:44,,0.6,,6.00,,2.32,42% - 0.2,2,1877167564853137408,极兔快递,JT0014936682495,服饰,浙江省,
玉佛苑_站点-玉佛苑,快递,2025-01-09 09:35:24,,1,,6.00,,2.32,42% - 0.2,2,1877167227299745792,极兔快递,JT0014934219395,服饰,湖北省,
玉佛苑_站点-玉佛苑,干洗,2025-01-08 21:09:00,,,,24.80,,7.44,30%,,1876979390533128192,干洗,,"棉服_毛呢_羽绒服   *   1",,
玉佛苑_站点-玉佛苑,快递,2025-01-08 20:40:33,,9.2,,30.00,,14.80,50% - 0.2,2,1876972235620929536,极兔快递,JT0014934957777,被子,陕西省,
玉佛苑_站点-玉佛苑,快递,2025-01-08 20:29:08,,1,,6.00,,2.32,42% - 0.2,2,1876969312954404864,极兔快递,JT0014933513304,服饰,广东省,
玉佛苑_站点-玉佛苑,快递,2025-01-08 19:59:21,,4.9,,15.00,,7.30,50% - 0.2,2,1876961865380450304,极兔快递,JT0014932590672,食品,陕西省,
玉佛苑_站点-玉佛苑,快递,2025-01-08 19:52:11,,4.55,,15.00,,7.30,50% - 0.2,2,1876960062723117056,极兔快递,JT0014932957949,服饰,陕西省,
玉佛苑_站点-玉佛苑,快递,2025-01-08 19:35:36,,0.6,,6.00,,2.32,42% - 0.2,2,1876955884823040000,极兔快递,JT0014930504307,服饰,广东省,
玉佛苑_站点-玉佛苑,快递,2025-01-08 19:08:47,,0.4,,6.00,,2.32,42% - 0.2,2,1876949140608700416,极兔快递,JT0014933543679,服饰,广东省,
玉佛苑_站点-玉佛苑,快递,2025-01-08 19:07:48,,0.9,,6.00,,2.32,42% - 0.2,2,1876948891202801664,极兔快递,JT0014929962084,服饰,江西省,
玉佛苑_站点-玉佛苑,快递,2025-01-08 19:05:02,,1,,6.00,,2.32,42% - 0.2,2,1876948196105965568,极兔快递,JT0014934109012,服饰,广东省,
玉佛苑_站点-玉佛苑,快递,2025-01-08 18:57:36,,1,,6.00,,2.32,42% - 0.2,2,1876946326457208832,极兔快递,JT0014933849831,服饰,江苏省,
玉佛苑_站点-玉佛苑,快递,2025-01-08 18:56:27,,1,,6.00,,2.32,42% - 0.2,2,1876946038782480384,极兔快递,JT0014932094062,服饰,浙江省,
玉佛苑_站点-玉佛苑,快递,2025-01-08 18:49:08,,1,,6.00,,2.32,42% - 0.2,2,1876944193162891264,极兔快递,JT0014927299676,服饰,山西省,
玉佛苑_站点-玉佛苑,快递,2025-01-08 18:47:40,,1,,6.00,,2.32,42% - 0.2,2,1876943824756199424,极兔快递,JT0014929348282,服饰,福建省,
玉佛苑_站点-玉佛苑,快递,2025-01-08 18:35:02,,0.6,,6.00,,2.32,42% - 0.2,2,1876940648380420096,极兔快递,JT0014931416957,服饰,广东省,
玉佛苑_站点-玉佛苑,快递,2025-01-08 18:07:17,,2,,8.00,,3.88,51% - 0.2,2,1876933658723799040,极兔快递,JT0014931689459,鞋,浙江省,
玉佛苑_站点-玉佛苑,快递,2025-01-08 18:05:55,,0.3,,6.00,,2.32,42% - 0.2,2,1876933289763459072,极兔快递,JT0014929509829,生活用品,广东省,
玉佛苑_站点-玉佛苑,快递,2025-01-08 17:09:54,,0.6,,6.00,,2.32,42% - 0.2,2,1876919219278630912,极兔快递,JT0014929831188,玩具,广东省,
玉佛苑_站点-玉佛苑,快递,2025-01-08 16:43:57,,1.3,,8.00,,3.88,51% - 0.2,2,1876912690966089728,极兔快递,JT0014929393160,服饰,辽宁省,
玉佛苑_站点-玉佛苑,快递,2025-01-08 16:28:57,,2,,8.00,,3.88,51% - 0.2,2,1876908918181253120,极兔快递,JT0014930112626,生活用品,陕西省,
玉佛苑_站点-玉佛苑,快递,2025-01-08 15:32:53,,2,,8.00,,3.88,51% - 0.2,2,1876894803123556352,极兔快递,JT0014922560835,服饰,辽宁省,
玉佛苑_站点-玉佛苑,快递,2025-01-08 15:30:58,,0.8,,6.00,,2.32,42% - 0.2,2,1876894322921885696,极兔快递,JT0014925215672,服饰,广东省,
玉佛苑_站点-玉佛苑,快递,2025-01-08 15:14:15,,1.8,,8.00,,3.88,51% - 0.2,2,1876890117976936448,极兔快递,JT0014924900613,服饰,辽宁省,
玉佛苑_站点-玉佛苑,快递,2025-01-08 14:58:00,,1.5,,8.00,,3.88,51% - 0.2,2,1876886000814575616,极兔快递,JT0014928447076,生活用品,浙江省,
玉佛苑_站点-玉佛苑,快递,2025-01-08 13:30:55,,4.6,,15.00,,7.30,50% - 0.2,2,1876864113971613696,极兔快递,JT0014925886144,易碎品,山西省,
玉佛苑_站点-玉佛苑,快递,2025-01-08 13:29:55,,0.5,,6.00,,2.32,42% - 0.2,2,1876863860476268544,极兔快递,JT0014924154056,生活用品,江苏省,
玉佛苑_站点-玉佛苑,快递,2025-01-08 13:29:17,,1.2,,8.00,,3.88,51% - 0.2,2,1876863697145876480,极兔快递,JT0014925020964,生活用品,贵州省,
玉佛苑_站点-玉佛苑,快递,2025-01-08 12:52:52,,0.7,,6.00,,2.32,42% - 0.2,2,1876854535523454976,极兔快递,JT0014922015363,服饰,浙江省,
玉佛苑_站点-玉佛苑,快递,2025-01-08 12:51:47,,0.7,,6.00,,2.32,42% - 0.2,2,1876854260876234752,极兔快递,JT0014924499729,服饰,山东省,
玉佛苑_站点-玉佛苑,快递,2025-01-08 12:50:32,,0.4,,6.00,,2.32,42% - 0.2,2,1876853951135272960,极兔快递,JT0014916805736,服饰,广东省,
玉佛苑_站点-玉佛苑,快递,2025-01-08 12:49:37,,0.4,,6.00,,2.32,42% - 0.2,2,1876853719345451008,极兔快递,JT0014925991122,服饰,广东省,
玉佛苑_站点-玉佛苑,快递,2025-01-08 12:12:27,,0.7,,6.00,,2.32,42% - 0.2,2,1876844364231397376,极兔快递,JT0014922202535,服饰,浙江省,
玉佛苑_站点-玉佛苑,快递,2025-01-08 12:11:20,,0.8,,6.00,,2.32,42% - 0.2,2,1876844085066911744,极兔快递,JT0014925138833,服饰,浙江省,
玉佛苑_站点-玉佛苑,快递,2025-01-08 11:50:02,,0.8,,6.00,,2.32,42% - 0.2,2,1876838723152564224,极兔快递,JT0014923617326,服饰,河南省,
玉佛苑_站点-玉佛苑,快递,2025-01-08 11:48:49,,0.7,,6.00,,2.32,42% - 0.2,2,1876838419665309696,极兔快递,JT0014925013010,服饰,湖南省,
玉佛苑_站点-玉佛苑,快递,2025-01-08 11:46:14,,1,,6.00,,2.32,42% - 0.2,2,1876837766884806656,极兔快递,JT0014921596759,帽子,浙江省,
玉佛苑_站点-玉佛苑,快递,2025-01-08 11:45:21,,0.6,,6.00,,2.32,42% - 0.2,2,1876837548646780928,极兔快递,JT0014923628610,生活用品,广东省,
玉佛苑_站点-玉佛苑,快递,2025-01-08 11:28:06,,0.4,,6.00,,2.32,42% - 0.2,2,1876833206132854784,极兔快递,JT0014924781990,手机壳,江苏省,
玉佛苑_站点-玉佛苑,快递,2025-01-08 10:58:46,2025-01-08 11:17:35,1,,6.00,,0.00,,2,1876825823251845120,极兔快递,JT0014922149244,服饰,浙江省,已全额退款
玉佛苑_站点-玉佛苑,快递,2025-01-08 11:16:12,,0.5,,6.00,,2.32,42% - 0.2,2,1876830212419014656,极兔快递,JT0014923674725,服饰,浙江省,
玉佛苑_站点-玉佛苑,快递,2025-01-08 11:15:38,,0.5,,6.00,,2.32,42% - 0.2,2,1876830068764102656,极兔快递,JT0014923969321,服饰,浙江省,
玉佛苑_站点-玉佛苑,快递,2025-01-08 10:53:50,,1,,6.00,,2.32,42% - 0.2,2,1876824584275415040,极兔快递,JT0014915579998,服饰,广东省,
玉佛苑_站点-玉佛苑,快递,2025-01-08 10:52:35,,0.6,,6.00,,2.32,42% - 0.2,2,1876824267475439616,极兔快递,JT0014922429266,服饰,广东省,
玉佛苑_站点-玉佛苑,快递,2025-01-08 10:51:22,,1,,6.00,,2.32,42% - 0.2,2,1876823952432877568,极兔快递,JT0014921746380,服饰,湖北省,
玉佛苑_站点-玉佛苑,快递,2025-01-08 10:30:45,,1,,6.00,,2.32,42% - 0.2,2,1876818770479337472,极兔快递,JT0014913702880,鞋,广东省,
玉佛苑_站点-玉佛苑,干洗,2025-01-08 09:25:18,,,,24.80,,7.44,30%,,1876802296675094528,干洗,,"棉服_毛呢_羽绒服   *   1",,
玉佛苑_站点-玉佛苑,快递,2025-01-07 21:10:00,,1.5,,8.00,,3.88,51% - 0.2,2,1876617255483396096,极兔快递,JT0014918393743,面膜,广东省,
玉佛苑_站点-玉佛苑,快递,2025-01-07 21:05:42,,1.5,,8.00,,3.88,51% - 0.2,2,1876616172929339392,极兔快递,JT0014918915547,面膜,广东省,
玉佛苑_站点-玉佛苑,快递,2025-01-07 20:40:27,,3,,10.00,,5.30,55% - 0.2,2,1876609821494792192,极兔快递,JT0014917732283,化妆品,陕西省,
玉佛苑_站点-玉佛苑,快递,2025-01-07 20:33:36,,2.2,,10.00,,5.30,55% - 0.2,2,1876608095907794944,极兔快递,JT0014918146269,床品,江苏省,
玉佛苑_站点-玉佛苑,快递,2025-01-07 20:08:49,,1.3,,8.00,,3.88,51% - 0.2,2,1876601859535589376,极兔快递,JT0014916904931,化妆品,陕西省,
玉佛苑_站点-玉佛苑,快递,2025-01-07 19:59:38,,1.3,,8.00,,3.88,51% - 0.2,2,1876599548373422080,极兔快递,JT0014918144261,服饰,广东省,
玉佛苑_站点-玉佛苑,快递,2025-01-07 19:43:37,,1,,6.00,,2.32,42% - 0.2,2,1876595480406052864,极兔快递,JT0014918298922,腰鼓,陕西省,
玉佛苑_站点-玉佛苑,快递,2025-01-07 19:39:47,,1,,6.00,,2.32,42% - 0.2,2,1876594543604060160,极兔快递,JT0014918297389,服饰,广东省,
玉佛苑_站点-玉佛苑,快递,2025-01-07 19:38:45,,1.3,,8.00,,3.88,51% - 0.2,2,1876594288313552896,极兔快递,JT0014914432136,服饰,湖南省,
玉佛苑_站点-玉佛苑,快递,2025-01-07 19:37:08,,1,,6.00,,2.32,42% - 0.2,2,1876593888554438656,极兔快递,JT0014916886033,服饰,福建省,
玉佛苑_站点-玉佛苑,快递,2025-01-07 19:35:55,,0.6,,6.00,,2.32,42% - 0.2,2,1876593583372685312,极兔快递,JT0014915452099,服饰,浙江省,
玉佛苑_站点-玉佛苑,快递,2025-01-07 19:34:37,,0.4,,6.00,,2.32,42% - 0.2,2,1876593246960144384,极兔快递,JT0014915626106,饰品,浙江省,
玉佛苑_站点-玉佛苑,快递,2025-01-07 19:32:29,,1,,6.00,,2.32,42% - 0.2,2,1876592701029535744,极兔快递,JT0014919035982,腰鼓,陕西省,
玉佛苑_站点-玉佛苑,快递,2025-01-07 18:56:20,,0.5,,6.00,,2.32,42% - 0.2,2,1876583619803533312,极兔快递,JT0014914672816,化妆品,江苏省,
玉佛苑_站点-玉佛苑,快递,2025-01-07 18:53:44,,0.5,,6.00,,2.32,42% - 0.2,2,1876582960458944512,极兔快递,JT0014910243994,内衣,江苏省,
玉佛苑_站点-玉佛苑,快递,2025-01-07 18:52:19,,0.3,,6.00,,2.32,42% - 0.2,2,1876582606287720448,极兔快递,JT0014915259922,饰品,广东省,
玉佛苑_站点-玉佛苑,快递,2025-01-07 18:49:26,,1,,6.00,,2.32,42% - 0.2,2,1876581884460584960,极兔快递,JT0014904363590,其他,云南省,
玉佛苑_站点-玉佛苑,快递,2025-01-07 18:05:42,,1,,6.00,,2.32,42% - 0.2,2,1876570874014126080,极兔快递,JT0014910370772,服饰,山东省,
玉佛苑_站点-玉佛苑,快递,2025-01-07 17:46:50,,1,,6.00,,2.32,42% - 0.2,2,1876566129518104576,极兔快递,JT0014911794615,服饰,福建省,
玉佛苑_站点-玉佛苑,快递,2025-01-07 17:08:49,,1.3,,8.00,,3.88,51% - 0.2,2,1876556559471136768,极兔快递,JT0014916607120,服饰,江苏省,
玉佛苑_站点-玉佛苑,快递,2025-01-07 16:52:06,,0.5,,6.00,,2.32,42% - 0.2,2,1876552355692204032,极兔快递,JT0014914103080,饰品,江苏省,
玉佛苑_站点-玉佛苑,快递,2025-01-07 16:48:14,,1.6,,8.00,,3.88,51% - 0.2,2,1876551379572805632,极兔快递,JT0014915850703,服饰,浙江省,
玉佛苑_站点-玉佛苑,快递,2025-01-07 16:30:27,,1,,6.00,,2.32,42% - 0.2,2,1876546907807207424,极兔快递,JT0014915560296,腰鼓,河北省,
玉佛苑_站点-玉佛苑,快递,2025-01-07 16:00:04,,0.4,,6.00,,2.32,42% - 0.2,2,1876539230985179136,极兔快递,JT0014914143384,服饰,广东省,
玉佛苑_站点-玉佛苑,快递,2025-01-07 15:58:41,,0.4,,6.00,,2.32,42% - 0.2,2,1876538912956272640,极兔快递,JT0014912369316,服饰,河南省,
玉佛苑_站点-玉佛苑,快递,2025-01-07 15:57:50,,0.6,,6.00,,2.32,42% - 0.2,2,1876538700716101632,极兔快递,JT0014913194249,服饰,广东省,
玉佛苑_站点-玉佛苑,快递,2025-01-07 15:57:02,,0.4,,6.00,,2.32,42% - 0.2,2,1876538496608686080,极兔快递,JT0014914512288,服饰,浙江省,
玉佛苑_站点-玉佛苑,快递,2025-01-07 15:54:01,,0.6,,6.00,,2.32,42% - 0.2,2,1876537739729752064,极兔快递,JT0014914585004,生活用品,河北省,
玉佛苑_站点-玉佛苑,快递,2025-01-07 15:52:54,,0.5,,6.00,,2.32,42% - 0.2,2,1876537453145542656,极兔快递,JT0014908962801,生活用品,浙江省,
玉佛苑_站点-玉佛苑,快递,2025-01-07 14:49:26,,0.6,,6.00,,2.32,42% - 0.2,2,1876521483278536704,极兔快递,JT0014913089783,服饰,湖南省,
玉佛苑_站点-玉佛苑,快递,2025-01-07 14:09:19,,0.8,,6.00,,2.32,42% - 0.2,2,1876511390289940480,极兔快递,JT0014912278820,服饰,浙江省,
玉佛苑_站点-玉佛苑,快递,2025-01-07 14:08:48,,0.7,,6.00,,2.32,42% - 0.2,2,1876511261994569728,极兔快递,JT0014913024110,服饰,浙江省,
玉佛苑_站点-玉佛苑,快递,2025-01-07 14:07:27,,1.5,,8.00,,3.88,51% - 0.2,2,1876510923312910336,极兔快递,JT0014910021080,服饰,江苏省,
玉佛苑_站点-玉佛苑,快递,2025-01-07 14:06:17,,1.5,,8.00,,3.88,51% - 0.2,2,1876510628444950528,极兔快递,JT0014901256797,服饰,安徽省,
玉佛苑_站点-玉佛苑,快递,2025-01-07 14:05:02,,0.3,,6.00,,2.32,42% - 0.2,2,1876510309841424384,极兔快递,JT0014912046571,生活用品,浙江省,
玉佛苑_站点-玉佛苑,快递,2025-01-07 14:03:40,,0.5,,6.00,,2.32,42% - 0.2,2,1876509970094411776,极兔快递,JT0014909499096,生活用品,浙江省,
玉佛苑_站点-玉佛苑,快递,2025-01-07 14:02:34,,0.6,,6.00,,2.32,42% - 0.2,2,1876509692179828736,极兔快递,JT0014911438835,服饰,广东省,
玉佛苑_站点-玉佛苑,快递,2025-01-07 14:01:06,,1,,6.00,,2.32,42% - 0.2,2,1876509319826296832,极兔快递,JT0014906623148,服饰,浙江省,
玉佛苑_站点-玉佛苑,快递,2025-01-07 13:58:45,,0.6,,6.00,,2.32,42% - 0.2,2,1876508731822624768,极兔快递,JT0014910947248,书,辽宁省,
玉佛苑_站点-玉佛苑,快递,2025-01-07 13:57:27,,1,,6.00,,2.32,42% - 0.2,2,1876508403513479168,极兔快递,JT0014911681679,易碎品,浙江省,
玉佛苑_站点-玉佛苑,快递,2025-01-07 13:52:05,,3,,10.00,,5.30,55% - 0.2,2,1876507054763724800,极兔快递,JT0014910162487,生活用品,浙江省,
玉佛苑_站点-玉佛苑,快递,2025-01-07 13:51:10,,2,,8.00,,3.88,51% - 0.2,2,1876506824123142144,极兔快递,JT0014912102981,这,浙江省,
玉佛苑_站点-玉佛苑,快递,2025-01-07 13:50:17,,0.4,,6.00,,2.32,42% - 0.2,2,1876506597085466624,极兔快递,JT0014910168097,生活用品,浙江省,
玉佛苑_站点-玉佛苑,快递,2025-01-07 13:33:42,,0.6,,6.00,,2.32,42% - 0.2,2,1876502423018983424,极兔快递,JT0014905724180,生活用品,宁夏回族自治区,
玉佛苑_站点-玉佛苑,快递,2025-01-07 13:31:42,,0.3,,6.00,,2.32,42% - 0.2,2,1876501924039413760,极兔快递,JT0014911934067,调料,陕西省,
玉佛苑_站点-玉佛苑,快递,2025-01-07 13:29:25,,0.4,,6.00,,2.32,42% - 0.2,2,1876501348610265088,极兔快递,JT0014910289658,服饰,广东省,
玉佛苑_站点-玉佛苑,快递,2025-01-07 13:26:48,,0.5,,6.00,,2.32,42% - 0.2,2,1876500687504068608,极兔快递,JT0014910156082,服饰,浙江省,
玉佛苑_站点-玉佛苑,快递,2025-01-07 13:25:13,,1.2,,8.00,,3.88,51% - 0.2,2,1876500291687600128,极兔快递,JT0014909808788,坚果,山东省,
玉佛苑_站点-玉佛苑,快递,2025-01-07 13:22:59,,1.3,,9.00,,3.59,51%,2,1876499725062295552,极兔快递,JT0014908065046,食品,北京市,
玉佛苑_站点-玉佛苑,快递,2025-01-07 13:21:41,,1.2,,8.00,,3.88,51% - 0.2,2,1876499363441987584,极兔快递,JT0014909215916,罐头,浙江省,
玉佛苑_站点-玉佛苑,快递,2025-01-07 13:16:46,,2.7,,10.00,,5.30,55% - 0.2,2,1876498163241897984,极兔快递,JT0014904244937,生抽，醋,广东省,
玉佛苑_站点-玉佛苑,快递,2025-01-07 12:37:17,,1.5,,8.00,,3.88,51% - 0.2,2,1876488225367052288,极兔快递,JT0014890509145,服饰,河南省,
玉佛苑_站点-玉佛苑,快递,2025-01-07 11:41:59,,8.2,,27.00,,13.30,50% - 0.2,2,1876474307370340352,极兔快递,JT0014908870250,服饰,江苏省,
玉佛苑_站点-玉佛苑,快递,2025-01-07 10:15:25,,1.3,,8.00,,3.88,51% - 0.2,2,1876452524734861312,极兔快递,JT0014906969510,洗发水,陕西省,
玉佛苑_站点-玉佛苑,快递,2025-01-07 09:53:06,,1.3,,8.00,,3.88,51% - 0.2,2,1876446912726749184,极兔快递,JT0014907399342,服饰,广东省,
玉佛苑_站点-玉佛苑,快递,2025-01-07 09:51:57,,0.6,,6.00,,2.32,42% - 0.2,2,1876446607700185088,极兔快递,JT0014904765094,服饰,浙江省,
玉佛苑_站点-玉佛苑,快递,2025-01-07 09:30:07,,1,,6.00,,2.32,42% - 0.2,2,1876441126378196992,极兔快递,JT0014905653646,服饰,浙江省,
玉佛苑_站点-玉佛苑,快递,2025-01-07 09:29:26,,1.7,,8.00,,3.88,51% - 0.2,2,1876440953291853824,极兔快递,JT0014904092264,服饰,江苏省,
玉佛苑_站点-玉佛苑,快递,2025-01-07 09:23:29,,0.8,,6.00,,2.32,42% - 0.2,2,1876439457615630336,极兔快递,JT0014903682934,服饰,广东省,
玉佛苑_站点-玉佛苑,快递,2025-01-07 09:21:57,,0.8,,6.00,,2.32,42% - 0.2,2,1876439074461765632,极兔快递,JT0014904544917,服饰,浙江省,
玉佛苑_站点-玉佛苑,快递,2025-01-07 09:19:35,,0.6,,6.00,,2.32,42% - 0.2,2,1876438474063925248,极兔快递,JT0014905596437,服饰,浙江省,
玉佛苑_站点-玉佛苑,快递,2025-01-07 09:09:37,,1,,6.00,,2.32,42% - 0.2,2,1876435966067265536,极兔快递,JT0014904357295,服饰,浙江省,
玉佛苑_站点-玉佛苑,快递,2025-01-06 21:10:12,,2,,8.00,,3.88,51% - 0.2,2,1876254916028452864,极兔快递,JT0014895519607,服饰,江西省,
玉佛苑_站点-玉佛苑,快递,2025-01-06 21:08:57,,1.5,,8.00,,3.88,51% - 0.2,2,1876254605301829632,极兔快递,JT0014901929411,服饰,安徽省,
玉佛苑_站点-玉佛苑,快递,2025-01-06 21:01:07,,2,,8.00,,3.88,51% - 0.2,2,1876252633953783808,极兔快递,JT0014903963877,鞋,四川省,
玉佛苑_站点-玉佛苑,快递,2025-01-06 20:54:27,,0.5,,6.00,,2.32,42% - 0.2,2,1876250956345430016,极兔快递,JT0014905104656,生活用品,河北省,
玉佛苑_站点-玉佛苑,快递,2025-01-06 20:53:01,,0.5,,6.00,,2.32,42% - 0.2,2,1876250566174494720,极兔快递,JT0014905135542,服饰,浙江省,
玉佛苑_站点-玉佛苑,快递,2025-01-06 20:38:15,,0.5,,6.00,,2.32,42% - 0.2,2,1876246877531590656,极兔快递,JT0014904279357,玩具,广东省,
玉佛苑_站点-玉佛苑,快递,2025-01-06 19:46:37,,1,,6.00,,2.32,42% - 0.2,2,1876233883724599296,极兔快递,JT0014903180014,服饰,福建省,
玉佛苑_站点-玉佛苑,快递,2025-01-06 18:39:50,2025-01-06 18:55:17,1,,6.00,,0.00,,2,1876217078197174272,极兔快递,JT0014891998246,生鲜类,陕西省,已全额退款
玉佛苑_站点-玉佛苑,快递,2025-01-06 18:51:36,,0.6,,6.00,,2.32,42% - 0.2,2,1876220039694438400,极兔快递,JT0014902586181,面膜,浙江省,
玉佛苑_站点-玉佛苑,快递,2025-01-06 18:50:07,,1,,6.00,,2.32,42% - 0.2,2,1876219667701616640,极兔快递,JT0014901492387,其他,江苏省,
玉佛苑_站点-玉佛苑,快递,2025-01-06 18:48:56,,1,,6.00,,2.32,42% - 0.2,2,1876219370476457984,极兔快递,JT0014902422429,化妆品,江苏省,
玉佛苑_站点-玉佛苑,快递,2025-01-06 18:47:37,,1,,6.00,,2.32,42% - 0.2,2,1876219038560210944,极兔快递,JT0014887998768,易碎品,云南省,
玉佛苑_站点-玉佛苑,快递,2025-01-06 18:45:13,,0.3,,6.00,,2.32,42% - 0.2,2,1876218434911911936,极兔快递,JT0014893187944,手机壳,广东省,
玉佛苑_站点-玉佛苑,快递,2025-01-06 18:43:25,,0.7,,6.00,,2.32,42% - 0.2,2,1876217982535254016,极兔快递,JT0014902075925,服饰,浙江省,
玉佛苑_站点-玉佛苑,快递,2025-01-06 18:00:45,,0.4,,6.00,,2.32,42% - 0.2,2,1876207244286541824,极兔快递,JT0014897349018,饰品,浙江省,
玉佛苑_站点-玉佛苑,快递,2025-01-06 18:00:10,,0.6,,6.00,,2.32,42% - 0.2,2,1876207097024528384,极兔快递,JT0014898665227,服饰,辽宁省,
玉佛苑_站点-玉佛苑,干洗,2025-01-06 17:56:03,,,,87.80,,26.34,30%,,1876206058846208000,干洗,,"短袖_衬衣短袖_马甲   *   1
外套   *   1
清洗普通羽绒服2件不分长短49元   *   1
清洗普通羽绒服2件不分长短49元   *   1",,
玉佛苑_站点-玉佛苑,快递,2025-01-06 17:42:00,,1,,6.00,,2.32,42% - 0.2,2,1876202524092317696,极兔快递,JT0014901153080,食品,河南省,
玉佛苑_站点-玉佛苑,干洗,2025-01-06 17:10:01,,,,29.70,,8.91,30%,,1876194473629106176,干洗,,"清洗鞋19.8元两双   *   1
清洗鞋19.8元两双   *   1
清洗鞋19.8元两双   *   1",,
玉佛苑_站点-玉佛苑,快递,2025-01-06 15:11:40,,0.3,,6.00,,2.32,42% - 0.2,2,1876164680043638784,极兔快递,JT0014894221309,奶嘴,江苏省,
玉佛苑_站点-玉佛苑,快递,2025-01-06 15:07:35,,0.4,,6.00,,2.32,42% - 0.2,2,1876163665156288512,极兔快递,JT0014898948574,服饰,广东省,
玉佛苑_站点-玉佛苑,快递,2025-01-06 15:04:53,,0.5,,6.00,,2.32,42% - 0.2,2,1876162983355396096,极兔快递,JT0014881399357,服饰,浙江省,
玉佛苑_站点-玉佛苑,快递,2025-01-06 15:00:08,,1,,6.00,,2.32,42% - 0.2,2,1876161789622923264,极兔快递,JT0014892756413,服饰,江苏省,
玉佛苑_站点-玉佛苑,快递,2025-01-06 14:22:31,,1,,6.00,,2.32,42% - 0.2,2,1876152322831331328,极兔快递,JT0014896525591,服饰,陕西省,
玉佛苑_站点-玉佛苑,快递,2025-01-06 14:20:23,,0.8,,7.00,,1.94,42%,2,1876151788510556160,极兔快递,JT0014897601986,服饰,上海市,
玉佛苑_站点-玉佛苑,快递,2025-01-06 13:16:29,,1,,7.00,,1.94,42%,2,1876135704776585216,极兔快递,JT0014894497870,易碎品,北京市,
玉佛苑_站点-玉佛苑,快递,2025-01-06 13:09:51,,0.4,,6.00,,2.32,42% - 0.2,2,1876134037360390144,极兔快递,JT0014895282859,服饰,浙江省,
玉佛苑_站点-玉佛苑,快递,2025-01-06 13:09:05,,2,,8.00,,3.88,51% - 0.2,2,1876133845831692288,极兔快递,JT0014894652257,服饰,陕西省,
玉佛苑_站点-玉佛苑,快递,2025-01-06 12:21:19,2025-01-06 13:02:27,1,,6.00,,0.00,,2,1876121819646439424,极兔快递,JT0014893702189,服饰,浙江省,已全额退款
玉佛苑_站点-玉佛苑,快递,2025-01-06 12:49:17,,0.6,,6.00,,2.32,42% - 0.2,2,1876128857839546368,极兔快递,JT0014895093473,服饰,湖南省,
玉佛苑_站点-玉佛苑,快递,2025-01-06 12:32:58,,1,,6.00,,2.32,42% - 0.2,2,1876124753478201344,极兔快递,JT0014894157518,服饰,江苏省,
玉佛苑_站点-玉佛苑,快递,2025-01-06 12:32:14,,1,,6.00,,2.32,42% - 0.2,2,1876124572204576768,极兔快递,JT0014886810631,服饰,浙江省,
玉佛苑_站点-玉佛苑,快递,2025-01-06 12:22:02,,1,,6.00,,2.32,42% - 0.2,2,1876121959954296832,韵达快递,312601734495263,服饰,浙江省,
玉佛苑_站点-玉佛苑,快递,2025-01-06 11:30:15,,1,,6.00,,2.32,42% - 0.2,2,1876108972531036160,极兔快递,JT0014894044988,其他,浙江省,
玉佛苑_站点-玉佛苑,快递,2025-01-06 11:25:20,,1,,6.00,,2.32,42% - 0.2,2,1876107732220817408,极兔快递,JT0014883511799,服饰,浙江省,
玉佛苑_站点-玉佛苑,快递,2025-01-06 11:24:06,,0.4,,6.00,,2.32,42% - 0.2,2,1876107425311010816,极兔快递,JT0014883143916,服饰,浙江省,
玉佛苑_站点-玉佛苑,快递,2025-01-06 11:21:56,,0.5,,6.00,,2.32,42% - 0.2,2,1876106878692536320,极兔快递,JT0014889543284,服饰,福建省,
玉佛苑_站点-玉佛苑,快递,2025-01-06 09:57:46,,0.6,,6.00,,2.32,42% - 0.2,2,1876085696475869184,极兔快递,JT0014883743082,服饰,江苏省,
玉佛苑_站点-玉佛苑,快递,2025-01-06 09:51:53,,3,,10.00,,5.30,55% - 0.2,2,1876084219070033920,极兔快递,JT0014892053580,服饰,安徽省,
玉佛苑_站点-玉佛苑,快递,2025-01-06 09:17:56,,1,,6.00,,2.32,42% - 0.2,2,1876075651390418944,极兔快递,JT0014891275599,鞋,广东省,
玉佛苑_站点-玉佛苑,快递,2025-01-06 09:16:58,,1,,6.00,,2.32,42% - 0.2,2,1876075428526075904,极兔快递,JT0014891409168,鞋,广东省,
玉佛苑_站点-玉佛苑,快递,2025-01-06 09:14:23,,0.6,,6.00,,2.32,42% - 0.2,2,1876074780711628800,极兔快递,JT0014891922839,服饰,广东省,
玉佛苑_站点-玉佛苑,快递,2025-01-06 09:04:47,,0.4,,6.00,,2.32,42% - 0.2,2,1876072356961759232,极兔快递,JT0014885743660,服饰,湖北省,
玉佛苑_站点-玉佛苑,快递,2025-01-05 21:53:52,,0.4,,6.00,,2.32,42% - 0.2,2,1875903522816569344,极兔快递,JT0014889302955,手机壳,广东省,
玉佛苑_站点-玉佛苑,干洗,2025-01-05 21:32:14,,,,49.00,,14.70,30%,,1875898077209079808,干洗,,"清洗普通羽绒服2件不分长短49元   *   1
清洗普通羽绒服2件不分长短49元   *   1",,
玉佛苑_站点-玉佛苑,快递,2025-01-05 21:04:29,,2,,9.00,,3.59,51%,2,1875891078446624768,极兔快递,JT0014888485087,生活用品,北京市,
玉佛苑_站点-玉佛苑,快递,2025-01-05 20:58:36,,0.4,,6.00,,2.32,42% - 0.2,2,1875889609685250048,极兔快递,JT0014883201674,饰品,山西省,
玉佛苑_站点-玉佛苑,快递,2025-01-05 20:51:53,,1,,6.00,,2.32,42% - 0.2,2,1875887921553387520,极兔快递,JT0014887337353,服饰,浙江省,
玉佛苑_站点-玉佛苑,快递,2025-01-05 20:51:05,,0.6,,6.00,,2.32,42% - 0.2,2,1875887723271860224,极兔快递,JT0014888043501,服饰,广东省,
玉佛苑_站点-玉佛苑,快递,2025-01-05 20:50:25,,1,,6.00,,2.32,42% - 0.2,2,1875887551682883584,极兔快递,JT0014886904796,服饰,浙江省,
玉佛苑_站点-玉佛苑,快递,2025-01-05 20:37:11,2025-01-05 20:40:50,0.5,,6.00,,0.00,,2,1875884218037481472,极兔快递,JT0014888288586,服饰,湖北省,已全额退款
玉佛苑_站点-玉佛苑,快递,2025-01-05 20:40:11,,0.7,,6.00,,2.32,42% - 0.2,2,1875884977156173824,极兔快递,JT0014889925136,服饰,湖北省,
玉佛苑_站点-玉佛苑,快递,2025-01-05 20:38:54,,0.6,,6.00,,2.32,42% - 0.2,2,1875884655423696896,极兔快递,JT0014889441154,服饰,江苏省,
玉佛苑_站点-玉佛苑,快递,2025-01-05 19:41:08,,0.6,,6.00,,2.32,42% - 0.2,2,1875870118532263936,极兔快递,JT0014888834439,服饰,河南省,
玉佛苑_站点-玉佛苑,快递,2025-01-05 19:31:20,,5,,15.00,,7.30,50% - 0.2,2,1875867648896708608,极兔快递,JT0014887286533,抽纸,广西壮族自治区,
玉佛苑_站点-玉佛苑,快递,2025-01-05 18:50:28,2025-01-05 18:54:15,0.7,,6.00,,0.00,,2,1875857368292700160,极兔快递,JT0014883528021,服饰,广东省,已全额退款
玉佛苑_站点-玉佛苑,快递,2025-01-05 18:53:04,,0.9,,6.00,,2.32,42% - 0.2,2,1875858020343394304,极兔快递,JT0014882618813,服饰,辽宁省,
玉佛苑_站点-玉佛苑,快递,2025-01-05 18:51:23,,1,,6.00,,2.32,42% - 0.2,2,1875857598216056832,极兔快递,JT0014882691718,服饰,广东省,
玉佛苑_站点-玉佛苑,快递,2025-01-05 18:48:59,,0.7,,6.00,,2.32,42% - 0.2,2,1875856992931852288,极兔快递,JT0014887255903,服饰,江苏省,
玉佛苑_站点-玉佛苑,快递,2025-01-05 18:41:09,,0.7,,6.00,,2.32,42% - 0.2,2,1875855019742507008,极兔快递,JT0014887697745,服饰,广东省,
玉佛苑_站点-玉佛苑,快递,2025-01-05 18:39:32,,0.6,,6.00,,2.32,42% - 0.2,2,1875854615143165952,极兔快递,JT0014888814437,服饰,广东省,
玉佛苑_站点-玉佛苑,快递,2025-01-05 18:38:13,,0.6,,6.00,,2.32,42% - 0.2,2,1875854282148982784,极兔快递,JT0014886782904,服饰,浙江省,
玉佛苑_站点-玉佛苑,快递,2025-01-05 18:36:49,,0.6,,6.00,,2.32,42% - 0.2,2,1875853930414649344,极兔快递,JT0014883871981,服饰,广东省,
玉佛苑_站点-玉佛苑,快递,2025-01-05 18:32:23,,1,,6.00,,2.32,42% - 0.2,2,1875852817149898752,极兔快递,JT0014888036279,服饰,广东省,
玉佛苑_站点-玉佛苑,快递,2025-01-05 17:58:52,,0.6,,6.00,,2.32,42% - 0.2,2,1875844379703422976,极兔快递,JT0014887926813,服饰,浙江省,
玉佛苑_站点-玉佛苑,快递,2025-01-05 17:25:58,,0.4,,6.00,,2.32,42% - 0.2,2,1875836103062368256,极兔快递,JT0014885386087,鼠标,广东省,
玉佛苑_站点-玉佛苑,快递,2025-01-05 17:24:32,,1,,6.00,,2.32,42% - 0.2,2,1875835741442060288,极兔快递,JT0014881497419,假发,河南省,
玉佛苑_站点-玉佛苑,快递,2025-01-05 17:22:15,,3.4,,12.00,,5.80,50% - 0.2,2,1875835167833239552,极兔快递,JT0014876436475,蔬菜,陕西省,
玉佛苑_站点-玉佛苑,快递,2025-01-05 16:54:41,,1,,6.00,,2.32,42% - 0.2,2,1875828229540065280,极兔快递,JT0014884348270,服饰,广东省,
玉佛苑_站点-玉佛苑,快递,2025-01-05 16:37:25,,0.7,,6.00,,2.32,42% - 0.2,2,1875823884404699136,极兔快递,JT0014881711469,服饰,广东省,
玉佛苑_站点-玉佛苑,快递,2025-01-05 16:34:44,,3.5,,12.00,,5.80,50% - 0.2,2,1875823210958860288,极兔快递,JT0014879900045,服饰,广东省,
玉佛苑_站点-玉佛苑,快递,2025-01-05 16:31:46,,1,,6.00,,2.32,42% - 0.2,2,1875822461424152576,极兔快递,JT0014885470658,服饰,辽宁省,
玉佛苑_站点-玉佛苑,快递,2025-01-05 16:23:32,,3,,10.00,,5.30,55% - 0.2,2,1875820387277910016,极兔快递,JT0014882858271,鞋,四川省,
玉佛苑_站点-玉佛苑,快递,2025-01-05 16:12:21,,1,,6.00,,2.32,42% - 0.2,2,1875817574149828608,极兔快递,JT0014880925703,服饰,陕西省,
玉佛苑_站点-玉佛苑,快递,2025-01-05 16:11:40,,0.3,,6.00,,2.32,42% - 0.2,2,1875817405433950208,极兔快递,JT0014884733436,服饰,陕西省,
玉佛苑_站点-玉佛苑,快递,2025-01-05 16:09:47,,1,,6.00,,2.32,42% - 0.2,2,1875816931297243136,极兔快递,JT0014884887575,服饰,陕西省,
玉佛苑_站点-玉佛苑,快递,2025-01-05 16:05:12,,0.6,,6.00,,2.32,42% - 0.2,2,1875815775170899968,极兔快递,JT0014876519730,服饰,陕西省,
玉佛苑_站点-玉佛苑,快递,2025-01-05 16:04:11,,0.6,,6.00,,2.32,42% - 0.2,2,1875815504848007168,极兔快递,JT0014860171116,服饰,陕西省,
玉佛苑_站点-玉佛苑,快递,2025-01-05 13:45:04,2025-01-05 15:57:27,0.7,,6.00,,0.00,,2,1875780510750519296,极兔快递,JT0014882146996,服饰,吉林省,已全额退款
玉佛苑_站点-玉佛苑,快递,2025-01-05 15:56:57,,0.9,,6.00,,2.32,42% - 0.2,2,1875813699330158592,极兔快递,JT0014875908231,服饰,吉林省,
玉佛苑_站点-玉佛苑,快递,2025-01-05 15:55:01,,0.4,,6.00,,2.32,42% - 0.2,2,1875813215689158656,极兔快递,JT0014885753283,服饰,广东省,
玉佛苑_站点-玉佛苑,快递,2025-01-05 15:53:19,,0.8,,6.00,,2.32,42% - 0.2,2,1875812785395511296,极兔快递,JT0014879312362,服饰,浙江省,
玉佛苑_站点-玉佛苑,快递,2025-01-05 15:51:28,,0.8,,6.00,,2.32,42% - 0.2,2,1875812319274119168,极兔快递,JT0014885204059,服饰,浙江省,
玉佛苑_站点-玉佛苑,快递,2025-01-05 15:50:03,,0.3,,6.00,,2.32,42% - 0.2,2,1875811965732040704,极兔快递,JT0014881199893,钥匙,陕西省,
玉佛苑_站点-玉佛苑,快递,2025-01-05 15:47:52,,0.4,,6.00,,2.32,42% - 0.2,2,1875811414042652672,极兔快递,JT0014881782043,服饰,广东省,
玉佛苑_站点-玉佛苑,快递,2025-01-05 15:45:41,,0.8,,6.00,,2.32,42% - 0.2,2,1875810866354630656,极兔快递,JT0014879000411,服饰,陕西省,
玉佛苑_站点-玉佛苑,快递,2025-01-05 15:31:06,,1,,6.00,,2.32,42% - 0.2,2,1875807150348087296,韵达快递,312600741437383,服饰,福建省,
玉佛苑_站点-玉佛苑,快递,2025-01-05 15:21:41,,1,,6.00,,2.32,42% - 0.2,2,1875804827085352960,极兔快递,JT0014883419381,服饰,浙江省,
玉佛苑_站点-玉佛苑,快递,2025-01-05 15:19:06,,0.6,,6.00,,2.32,42% - 0.2,2,1875804177584795648,极兔快递,JT0014884453870,服饰,山东省,
玉佛苑_站点-玉佛苑,快递,2025-01-05 15:04:49,,0.4,,6.00,,2.32,42% - 0.2,2,1875800582487453696,极兔快递,JT0014871619473,生活用品,广东省,
玉佛苑_站点-玉佛苑,快递,2025-01-05 15:03:51,,1,,6.00,,2.32,42% - 0.2,2,1875800340417392640,极兔快递,JT0014861722925,服饰,河南省,
玉佛苑_站点-玉佛苑,快递,2025-01-05 15:02:34,,2,,8.00,,3.88,51% - 0.2,2,1875800016168333312,极兔快递,JT0014882092479,床品,山东省,
玉佛苑_站点-玉佛苑,快递,2025-01-05 14:59:28,,4.6,,15.00,,7.30,50% - 0.2,2,1875799221972676608,极兔快递,JT0014879901916,酒,山东省,
玉佛苑_站点-玉佛苑,快递,2025-01-05 14:22:48,,5.6,,18.00,,8.80,50% - 0.2,2,1875789959078785024,极兔快递,JT0014881057919,服饰+食品,河南省,
玉佛苑_站点-玉佛苑,快递,2025-01-05 13:46:53,,0.9,,6.00,,2.32,42% - 0.2,2,1875780966381957120,极兔快递,JT0014882737654,服饰,广东省,
玉佛苑_站点-玉佛苑,快递,2025-01-05 12:46:44,,0.6,,6.00,,2.32,42% - 0.2,2,1875765827498848256,极兔快递,JT0014878819632,服饰,河北省,
玉佛苑_站点-玉佛苑,快递,2025-01-05 12:31:58,,1,,6.00,,2.32,42% - 0.2,2,1875762113224552448,极兔快递,JT0014879894452,服饰,广东省,
玉佛苑_站点-玉佛苑,快递,2025-01-05 12:31:11,,1,,6.00,,2.32,42% - 0.2,2,1875761901919711232,极兔快递,JT0014882137872,服饰,江苏省,
玉佛苑_站点-玉佛苑,快递,2025-01-05 10:14:15,,1,,6.00,,2.32,42% - 0.2,2,1875727455837401088,极兔快递,JT0014875267868,服饰,湖北省,
玉佛苑_站点-玉佛苑,快递,2025-01-05 10:13:26,,1,,6.00,,2.32,42% - 0.2,2,1875727252816310272,极兔快递,JT0014878359620,醋,山西省,
玉佛苑_站点-玉佛苑,快递,2025-01-05 09:36:45,,9,,27.00,,13.30,50% - 0.2,2,1875718022650572800,极兔快递,JT0014878366880,食品,陕西省,
玉佛苑_站点-玉佛苑,快递,2025-01-05 09:36:01,,4,,12.00,,5.80,50% - 0.2,2,1875717837866315776,极兔快递,JT0014878483323,食品,陕西省,
玉佛苑_站点-玉佛苑,快递,2025-01-05 09:35:19,,9.8,,30.00,,14.80,50% - 0.2,2,1875717660841521152,极兔快递,JT0014875829422,食品,陕西省,
玉佛苑_站点-玉佛苑,快递,2025-01-04 21:23:32,,2,,8.00,,3.88,51% - 0.2,2,1875533498507505664,极兔快递,JT0014864901305,鞋,四川省,
玉佛苑_站点-玉佛苑,快递,2025-01-04 21:21:58,,1,,6.00,,2.32,42% - 0.2,2,1875533104620417024,极兔快递,JT0014875053407,服饰,河南省,
玉佛苑_站点-玉佛苑,快递,2025-01-04 19:47:46,,0.5,,6.00,,2.32,42% - 0.2,2,1875509399760580608,极兔快递,JT0014873433901,服饰,广东省,
玉佛苑_站点-玉佛苑,快递,2025-01-04 19:47:04,,0.3,,6.00,,2.32,42% - 0.2,2,1875509220877709312,极兔快递,JT0014867257467,袜子,浙江省,
玉佛苑_站点-玉佛苑,快递,2025-01-04 19:40:09,,0.6,,6.00,,2.32,42% - 0.2,2,1875507484469407744,极兔快递,JT0014874164490,服饰,江苏省,
玉佛苑_站点-玉佛苑,干洗,2025-01-04 19:37:01,,,,35.00,,10.50,30%,,1875506693348175872,干洗,,"毛呢羽绒服   *   1",,
玉佛苑_站点-玉佛苑,干洗,2025-01-04 19:33:24,,,,73.50,,22.05,30%,,1875505780516630528,干洗,,"清洗普通羽绒服2件不分长短49元   *   1
清洗普通羽绒服2件不分长短49元   *   1
清洗普通羽绒服2件不分长短49元   *   1",,
玉佛苑_站点-玉佛苑,快递,2025-01-04 19:13:59,,0.5,,6.00,,2.32,42% - 0.2,2,1875500891942072320,极兔快递,JT0014875705620,食品,河南省,
玉佛苑_站点-玉佛苑,快递,2025-01-04 19:12:31,,1,,6.00,,2.32,42% - 0.2,2,1875500530074300416,极兔快递,JT0014869911873,服饰,浙江省,
玉佛苑_站点-玉佛苑,快递,2025-01-04 19:11:21,,0.5,,6.00,,2.32,42% - 0.2,2,1875500237429321728,极兔快递,JT0014875330416,服饰,陕西省,
玉佛苑_站点-玉佛苑,快递,2025-01-04 18:15:04,,0.5,,6.00,,2.32,42% - 0.2,2,1875486070983012352,极兔快递,JT0014871829244,服饰,广东省,
玉佛苑_站点-玉佛苑,快递,2025-01-04 18:14:12,,1.5,,8.00,,3.88,51% - 0.2,2,1875485851742547968,极兔快递,JT0014869769116,服饰,浙江省,
玉佛苑_站点-玉佛苑,快递,2025-01-04 18:06:04,,2,,8.00,,3.88,51% - 0.2,2,1875483803315777536,极兔快递,JT0014873404407,服饰,辽宁省,
玉佛苑_站点-玉佛苑,快递,2025-01-04 18:03:59,,1,,6.00,,2.32,42% - 0.2,2,1875483282542604288,极兔快递,JT0014863086185,鞋,江苏省,
玉佛苑_站点-玉佛苑,快递,2025-01-04 17:58:36,,2,,8.00,,3.88,51% - 0.2,2,1875481925676871680,极兔快递,JT0014874887425,鞋,浙江省,
玉佛苑_站点-玉佛苑,快递,2025-01-04 17:57:44,,0.8,,6.00,,2.32,42% - 0.2,2,1875481709703770112,极兔快递,JT0014864138959,服饰,广东省,
玉佛苑_站点-玉佛苑,快递,2025-01-04 17:52:11,,0.8,,6.00,,2.32,42% - 0.2,2,1875480294193278976,极兔快递,JT0014872348636,服饰,广东省,
玉佛苑_站点-玉佛苑,快递,2025-01-04 17:51:09,,1.5,,8.00,,3.88,51% - 0.2,2,1875480033693446144,极兔快递,JT0014874005349,服饰,广东省,
玉佛苑_站点-玉佛苑,快递,2025-01-04 17:33:25,,2,,25.00,,4.80,19.2% - 0.2,2,1875475587815092224,极兔快递,JT0014871455845,生活用品,新疆维吾尔自治区,
玉佛苑_站点-玉佛苑,快递,2025-01-04 17:24:31,,12.6,,39.00,,19.30,50% - 0.2,2,1875473350149713920,极兔快递,JT0014865315381,生活用品,陕西省,
玉佛苑_站点-玉佛苑,快递,2025-01-04 17:16:49,,1.2,,8.00,,3.88,51% - 0.2,2,1875471413266264064,极兔快递,JT0014870235478,食品,山东省,
玉佛苑_站点-玉佛苑,快递,2025-01-04 16:49:16,,0.4,,6.00,,2.32,42% - 0.2,2,1875464476822777856,极兔快递,JT0014873572638,服饰,辽宁省,
玉佛苑_站点-玉佛苑,快递,2025-01-04 16:48:24,,0.3,,6.00,,2.32,42% - 0.2,2,1875464260061147136,极兔快递,JT0014870488062,袜子,浙江省,
玉佛苑_站点-玉佛苑,快递,2025-01-04 16:25:15,,0.5,,6.00,,2.32,42% - 0.2,2,1875458434009313280,极兔快递,JT0014872854025,牙膏,陕西省,
玉佛苑_站点-玉佛苑,快递,2025-01-04 16:23:50,,0.4,,6.00,,2.32,42% - 0.2,2,1875458069721427968,极兔快递,JT0014865358860,手表,浙江省,
玉佛苑_站点-玉佛苑,快递,2025-01-04 16:03:33,,1,,7.00,,1.94,42%,2,1875452973377826816,极兔快递,JT0014872079508,服饰,上海市,
玉佛苑_站点-玉佛苑,快递,2025-01-04 15:55:54,,1,,6.00,,2.32,42% - 0.2,2,1875451046170636288,极兔快递,JT0014866139792,服饰,安徽省,
玉佛苑_站点-玉佛苑,快递,2025-01-04 15:49:18,,5,,15.00,,7.30,50% - 0.2,2,1875449293731704832,极兔快递,JT0014861193261,电饭锅,宁夏回族自治区,
玉佛苑_站点-玉佛苑,快递,2025-01-04 15:15:56,,0.6,,6.00,,2.32,42% - 0.2,2,1875440993019539456,极兔快递,JT0014867807194,服饰,广东省,
玉佛苑_站点-玉佛苑,快递,2025-01-04 15:14:31,,0.4,,6.00,,2.32,42% - 0.2,2,1875440633316028416,极兔快递,JT0014862386254,生活用品,江苏省,
玉佛苑_站点-玉佛苑,快递,2025-01-04 15:13:49,,0.4,,6.00,,2.32,42% - 0.2,2,1875440461148237824,极兔快递,JT0014867500955,生活用品,广东省,
玉佛苑_站点-玉佛苑,快递,2025-01-04 15:05:17,,0.3,,6.00,,2.32,42% - 0.2,2,1875438311651323904,极兔快递,JT0014870789385,服饰,广东省,
玉佛苑_站点-玉佛苑,快递,2025-01-04 15:04:29,,0.9,,6.00,,2.32,42% - 0.2,2,1875438109683003392,极兔快递,JT0014871621522,服饰,广东省,
玉佛苑_站点-玉佛苑,快递,2025-01-04 15:01:07,,0.6,,6.00,,2.32,42% - 0.2,2,1875437262307766272,极兔快递,JT0014852854325,服饰,浙江省,
玉佛苑_站点-玉佛苑,快递,2025-01-04 14:59:56,,0.6,,6.00,,2.32,42% - 0.2,2,1875436926130106368,韵达快递,312599821000246,服饰,陕西省,
玉佛苑_站点-玉佛苑,快递,2025-01-04 14:54:30,,0.5,,6.00,,2.32,42% - 0.2,2,1875435596955168768,极兔快递,JT0014866450251,服饰,广东省,
玉佛苑_站点-玉佛苑,快递,2025-01-04 14:53:35,,0.5,,6.00,,2.32,42% - 0.2,2,1875435367048589312,极兔快递,JT0014867894430,服饰,广东省,
玉佛苑_站点-玉佛苑,快递,2025-01-04 14:52:29,,0.4,,6.00,,2.32,42% - 0.2,2,1875435088634884096,极兔快递,JT0014869417499,服饰,广东省,
玉佛苑_站点-玉佛苑,快递,2025-01-04 14:29:42,,1,,6.00,,2.32,42% - 0.2,2,1875429305478197248,韵达快递,312599804570463,服饰,浙江省,
玉佛苑_站点-玉佛苑,快递,2025-01-04 14:24:48,,0.5,,6.00,,2.32,42% - 0.2,2,1875428119559712768,极兔快递,JT0014870588666,服饰,广东省,
玉佛苑_站点-玉佛苑,快递,2025-01-04 14:23:25,,0.5,,6.00,,2.32,42% - 0.2,2,1875427773634490368,极兔快递,JT0014865960029,服饰,广东省,
玉佛苑_站点-玉佛苑,快递,2025-01-04 14:20:38,,0.8,,7.00,,1.94,42%,2,1875427072980201472,极兔快递,JT0014868480526,服饰,上海市,
玉佛苑_站点-玉佛苑,快递,2025-01-04 12:42:55,,2,,8.00,,3.88,51% - 0.2,2,1875402482140753920,极兔快递,JT0014868407071,服饰,浙江省,
玉佛苑_站点-玉佛苑,快递,2025-01-04 12:37:09,,0.3,,6.00,,2.32,42% - 0.2,2,1875401034476728320,极兔快递,JT0014866054123,服饰,湖南省,
玉佛苑_站点-玉佛苑,快递,2025-01-04 12:31:46,,0.8,,6.00,,2.32,42% - 0.2,2,1875399679448100864,极兔快递,JT0014866742338,服饰,浙江省,
玉佛苑_站点-玉佛苑,快递,2025-01-04 11:39:58,,0.4,,6.00,,2.32,42% - 0.2,2,1875386639277273088,极兔快递,JT0014865873167,服饰,浙江省,
玉佛苑_站点-玉佛苑,快递,2025-01-04 11:13:37,,1,,6.00,,2.32,42% - 0.2,2,1875380009062866944,极兔快递,JT0014867592902,服饰,山东省,
玉佛苑_站点-玉佛苑,快递,2025-01-04 11:08:37,,0.8,,6.00,,2.32,42% - 0.2,2,1875378747386863616,极兔快递,JT0014867091425,服饰,湖北省,
玉佛苑_站点-玉佛苑,快递,2025-01-04 11:06:30,,0.3,,6.00,,2.32,42% - 0.2,2,1875378213552627712,极兔快递,JT0014866058313,舞蹈鞋,浙江省,
玉佛苑_站点-玉佛苑,快递,2025-01-04 10:56:59,,1.3,,8.00,,3.88,51% - 0.2,2,1875375820341485568,极兔快递,JT0014866461317,服饰,山东省,
玉佛苑_站点-玉佛苑,快递,2025-01-03 21:44:22,,1,,6.00,,2.32,42% - 0.2,2,1875176353759731712,极兔快递,JT0014863499595,服饰,广东省,
玉佛苑_站点-玉佛苑,干洗,2025-01-03 21:35:12,,,,39.60,,11.88,30%,,1875174047039332352,干洗,,"清洗鞋19.8元两双   *   1
清洗鞋19.8元两双   *   1
清洗鞋19.8元两双   *   1
清洗鞋19.8元两双   *   1",,
玉佛苑_站点-玉佛苑,干洗,2025-01-03 21:08:27,,,,99.00,,29.70,30%,,1875167313897955328,干洗,,"内胆   *   1",,
玉佛苑_站点-玉佛苑,干洗,2025-01-03 20:55:58,,,,49.00,,14.70,30%,,1875164173865820160,干洗,,"清洗普通羽绒服2件不分长短49元   *   1
清洗普通羽绒服2件不分长短49元   *   1",,
玉佛苑_站点-玉佛苑,干洗,2025-01-03 20:42:18,,,,49.00,,14.70,30%,,1875160734096138240,干洗,,"清洗普通羽绒服2件不分长短49元   *   1
清洗普通羽绒服2件不分长短49元   *   1",,
玉佛苑_站点-玉佛苑,快递,2025-01-03 20:19:10,,0.6,,6.00,,2.32,42% - 0.2,2,1875154910120484864,极兔快递,JT0014861909802,服饰,浙江省,
玉佛苑_站点-玉佛苑,快递,2025-01-03 20:18:23,,0.4,,6.00,,2.32,42% - 0.2,2,1875154716746293248,极兔快递,JT0014860851878,服饰,浙江省,
玉佛苑_站点-玉佛苑,快递,2025-01-03 20:00:15,,0.5,,6.00,,2.32,42% - 0.2,2,1875150153507119104,极兔快递,JT0014862601953,茶,福建省,
玉佛苑_站点-玉佛苑,快递,2025-01-03 19:59:36,,0.4,,6.00,,2.32,42% - 0.2,2,1875149989052653568,极兔快递,JT0014859468515,茶,安徽省,
玉佛苑_站点-玉佛苑,快递,2025-01-03 19:58:45,,1,,6.00,,2.32,42% - 0.2,2,1875149771368275968,极兔快递,JT0014860180368,生活用品,浙江省,
玉佛苑_站点-玉佛苑,快递,2025-01-03 18:54:11,,0.4,,6.00,,2.32,42% - 0.2,2,1875133526560448512,极兔快递,JT0014862090721,生活用品,浙江省,
玉佛苑_站点-玉佛苑,快递,2025-01-03 18:52:35,,2,,8.00,,3.88,51% - 0.2,2,1875133125727592448,极兔快递,JT0014859638476,鞋,河北省,
玉佛苑_站点-玉佛苑,快递,2025-01-03 18:43:39,,0.6,,6.00,,2.32,42% - 0.2,2,1875130876028755968,极兔快递,JT0014861085570,服饰,江苏省,
玉佛苑_站点-玉佛苑,快递,2025-01-03 18:42:16,,10,,30.00,,14.80,50% - 0.2,2,1875130529285644288,极兔快递,JT0014855948291,皮箱,广东省,
玉佛苑_站点-玉佛苑,快递,2025-01-03 18:36:47,,0.5,,6.00,,2.32,42% - 0.2,2,1875129097270566912,极兔快递,JT0014858778335,服饰,浙江省,
玉佛苑_站点-玉佛苑,快递,2025-01-03 18:27:26,,1,,6.00,,2.32,42% - 0.2,2,1875126795272953856,极兔快递,JT0014858451016,包,河北省,
玉佛苑_站点-玉佛苑,快递,2025-01-03 18:12:19,,1.5,,8.00,,3.88,51% - 0.2,2,1875122989093068800,极兔快递,JT0014861291023,电热毯,河北省,
玉佛苑_站点-玉佛苑,快递,2025-01-03 17:44:49,,1.4,,8.00,,3.88,51% - 0.2,2,1875116071574282240,极兔快递,JT0014845840817,食品,江西省,
玉佛苑_站点-玉佛苑,快递,2025-01-03 17:34:45,,0.4,,6.00,,2.32,42% - 0.2,2,1875113536432087040,极兔快递,JT0014861131939,服饰,广东省,
玉佛苑_站点-玉佛苑,快递,2025-01-03 17:33:51,,1,,6.00,,2.32,42% - 0.2,2,1875113310396850176,极兔快递,JT0014859689070,服饰,浙江省,
玉佛苑_站点-玉佛苑,快递,2025-01-03 17:25:19,,6.5,,21.00,,10.30,50% - 0.2,2,1875111163504599040,极兔快递,JT0014858340578,服饰,湖北省,
玉佛苑_站点-玉佛苑,快递,2025-01-03 16:58:25,,1.2,,8.00,,3.88,51% - 0.2,2,1875104395550498816,极兔快递,JT0014859377441,化妆品,广东省,
玉佛苑_站点-玉佛苑,快递,2025-01-03 16:57:46,,4.6,,15.00,,7.30,50% - 0.2,2,1875104231435771904,极兔快递,JT0014857113713,化妆品,广东省,
玉佛苑_站点-玉佛苑,快递,2025-01-03 16:56:21,,0.4,,6.00,,2.32,42% - 0.2,2,1875103873351262208,极兔快递,JT0014855198288,手机壳,广东省,
玉佛苑_站点-玉佛苑,快递,2025-01-03 16:55:21,,1,,6.00,,2.32,42% - 0.2,2,1875103625845383168,极兔快递,JT0014857189242,服饰,广东省,
玉佛苑_站点-玉佛苑,快递,2025-01-03 16:54:20,,1,,6.00,,2.32,42% - 0.2,2,1875103365932752896,极兔快递,JT0014856358221,帽子,浙江省,
玉佛苑_站点-玉佛苑,快递,2025-01-03 15:01:18,,0.3,,6.00,,2.32,42% - 0.2,2,1875074919869423616,极兔快递,JT0014856212679,暖水袋,广东省,
玉佛苑_站点-玉佛苑,快递,2025-01-03 14:59:59,,0.7,,6.00,,2.32,42% - 0.2,2,1875074588716539904,极兔快递,JT0014853821864,服饰,广东省,
玉佛苑_站点-玉佛苑,快递,2025-01-03 14:57:52,,2,,8.00,,3.88,51% - 0.2,2,1875074057247891456,极兔快递,JT0014853247438,鞋,浙江省,
玉佛苑_站点-玉佛苑,快递,2025-01-03 13:46:19,2025-01-03 14:53:38,3,,10.00,,0.00,,2,1875056007794630656,极兔快递,JT0014856081813,服饰,安徽省,已全额退款
玉佛苑_站点-玉佛苑,快递,2025-01-03 13:45:23,2025-01-03 14:53:33,3,,10.00,,0.00,,2,1875055817704579072,极兔快递,JT0014854759810,服饰,安徽省,已全额退款
玉佛苑_站点-玉佛苑,快递,2025-01-03 14:51:57,,4,,12.00,,5.80,50% - 0.2,2,1875072564704813056,极兔快递,JT0014857465246,服饰,安徽省,
玉佛苑_站点-玉佛苑,快递,2025-01-03 14:44:32,,1,,6.00,,2.32,42% - 0.2,2,1875070701360095232,极兔快递,JT0014857325098,食品,河南省,
玉佛苑_站点-玉佛苑,快递,2025-01-03 14:35:55,,1.5,,8.00,,3.88,51% - 0.2,2,1875068503012122624,极兔快递,JT0014854384934,服饰,陕西省,
玉佛苑_站点-玉佛苑,快递,2025-01-03 14:32:34,,1,,7.00,,1.94,42%,2,1875067678147715072,极兔快递,JT0014855603178,生活用品,上海市,
玉佛苑_站点-玉佛苑,快递,2025-01-03 13:32:30,,1.5,,8.00,,3.88,51% - 0.2,2,1875052570562502656,极兔快递,JT0014849469286,服饰,江苏省,
玉佛苑_站点-玉佛苑,快递,2025-01-03 13:27:31,,0.6,,6.00,,2.32,42% - 0.2,2,1875051317509988352,极兔快递,JT0014844787621,生活用品,安徽省,
玉佛苑_站点-玉佛苑,快递,2025-01-03 13:25:48,,1,,6.00,,2.32,42% - 0.2,2,1875050878987116544,极兔快递,JT0014855088783,服饰,福建省,
玉佛苑_站点-玉佛苑,快递,2025-01-03 12:02:13,,0.5,,6.00,,2.32,42% - 0.2,2,1875029851238277120,极兔快递,JT0014854691774,服饰,广东省,
玉佛苑_站点-玉佛苑,快递,2025-01-03 12:00:13,,1,,6.00,,2.32,42% - 0.2,2,1875029165968695296,极兔快递,JT0014837421902,服饰,安徽省,
玉佛苑_站点-玉佛苑,快递,2025-01-03 11:17:34,,2,,8.00,,3.88,51% - 0.2,2,1875018616132313088,极兔快递,JT0014850135846,服饰,江苏省,
玉佛苑_站点-玉佛苑,快递,2025-01-03 10:12:57,,1,,6.00,,2.32,42% - 0.2,2,1875002350596235264,极兔快递,JT0014845868855,鞋,浙江省,
玉佛苑_站点-玉佛苑,快递,2025-01-03 09:26:58,,2,,8.00,,3.88,51% - 0.2,2,1874990779585241088,极兔快递,JT0014851163968,食品,江西省,
玉佛苑_站点-玉佛苑,快递,2025-01-03 09:24:05,,0.4,,6.00,,2.32,42% - 0.2,2,1874990054905978880,极兔快递,JT0014851116526,袜子,江苏省,
玉佛苑_站点-玉佛苑,快递,2025-01-03 09:22:41,,1.5,,8.00,,3.88,51% - 0.2,2,1874989703117119488,极兔快递,JT0014847198572,易碎品,安徽省,
玉佛苑_站点-玉佛苑,快递,2025-01-03 09:19:19,,0.4,,6.00,,2.32,42% - 0.2,2,1874988853992857600,极兔快递,JT0014851732282,服饰,广东省,
玉佛苑_站点-玉佛苑,快递,2025-01-03 09:17:08,,0.5,,6.00,,2.32,42% - 0.2,2,1874988312235581440,极兔快递,JT0014846981647,服饰,广东省,
玉佛苑_站点-玉佛苑,快递,2025-01-03 09:13:53,,1,,6.00,,2.32,42% - 0.2,2,1874987490617565184,极兔快递,JT0014848561655,鞋,浙江省,
玉佛苑_站点-玉佛苑,快递,2025-01-03 09:12:20,,0.4,,6.00,,2.32,42% - 0.2,2,1874987101453262848,极兔快递,JT0014848960030,服饰,福建省,
玉佛苑_站点-玉佛苑,干洗,2025-01-03 08:48:11,,,,19.80,,5.94,30%,,1874981012984799232,干洗,,"清洗鞋19.8元两双   *   1
清洗鞋19.8元两双   *   1",,
玉佛苑_站点-玉佛苑,快递,2025-01-03 08:06:40,,1,,6.00,,2.32,42% - 0.2,2,1874970573748019200,极兔快递,JT0014848329561,服饰,浙江省,
玉佛苑_站点-玉佛苑,快递,2025-01-03 08:05:22,,3,,10.00,,5.30,55% - 0.2,2,1874970234600792064,极兔快递,JT0014841826103,服饰,浙江省,
玉佛苑_站点-玉佛苑,快递,2025-01-02 22:12:26,,1.5,,8.00,,3.88,51% - 0.2,2,1874821021137084416,极兔快递,JT0014846209921,服饰,陕西省,
玉佛苑_站点-玉佛苑,快递,2025-01-02 22:11:29,,1,,6.00,,2.32,42% - 0.2,2,1874820785442365440,极兔快递,JT0014848089287,服饰,广东省,
玉佛苑_站点-玉佛苑,快递,2025-01-02 22:09:22,,1,,6.00,,2.32,42% - 0.2,2,1874820257513709568,极兔快递,JT0014847666421,服饰,浙江省,
玉佛苑_站点-玉佛苑,快递,2025-01-02 22:04:01,,2,,8.00,,3.88,51% - 0.2,2,1874818913738399744,极兔快递,JT0014846120178,面膜,山东省,
玉佛苑_站点-玉佛苑,快递,2025-01-02 22:02:46,,1.6,,8.00,,3.88,51% - 0.2,2,1874818597424963584,极兔快递,JT0014845181678,生活用品,山东省,
玉佛苑_站点-玉佛苑,快递,2025-01-02 22:00:27,,1.2,,8.00,,3.88,51% - 0.2,2,1874818013380714496,极兔快递,JT0014849882197,化妆品,广东省,
玉佛苑_站点-玉佛苑,快递,2025-01-02 21:58:45,,1,,6.00,,2.32,42% - 0.2,2,1874817585385545728,极兔快递,JT0014844571906,生活用品,广东省,
玉佛苑_站点-玉佛苑,快递,2025-01-02 21:57:24,,0.4,,6.00,,2.32,42% - 0.2,2,1874817227603025920,极兔快递,JT0014844378717,服饰,浙江省,
玉佛苑_站点-玉佛苑,快递,2025-01-02 21:44:57,,1,,6.00,,2.32,42% - 0.2,2,1874814072597225472,韵达快递,312598267514823,服饰,浙江省,
玉佛苑_站点-玉佛苑,快递,2025-01-02 21:43:45,,1,,6.00,,2.32,42% - 0.2,2,1874813812151918592,极兔快递,JT0014823720705,服饰,河北省,
玉佛苑_站点-玉佛苑,快递,2025-01-02 21:42:49,,2,,8.00,,3.88,51% - 0.2,2,1874813576322981888,极兔快递,JT0014850121527,服饰,河北省,
玉佛苑_站点-玉佛苑,快递,2025-01-02 21:41:07,,2,,8.00,,3.88,51% - 0.2,2,1874813151221882880,极兔快递,JT0014849753927,服饰,四川省,
玉佛苑_站点-玉佛苑,快递,2025-01-02 21:39:16,,0.9,,6.00,,2.32,42% - 0.2,2,1874812641093853184,极兔快递,JT0014849252078,服饰,广东省,
玉佛苑_站点-玉佛苑,快递,2025-01-02 20:28:00,,0.4,,6.00,,2.32,42% - 0.2,2,1874794748583059456,极兔快递,JT0014847005694,服饰,广东省,
玉佛苑_站点-玉佛苑,快递,2025-01-02 20:25:56,,0.7,,6.00,,2.32,42% - 0.2,2,1874794230397771776,极兔快递,JT0014837777253,服饰,浙江省,
玉佛苑_站点-玉佛苑,快递,2025-01-02 20:25:01,,1.4,,8.00,,3.88,51% - 0.2,2,1874793974050299904,极兔快递,JT0014844073648,服饰,辽宁省,
玉佛苑_站点-玉佛苑,快递,2025-01-02 19:40:15,,0.5,,6.00,,2.32,42% - 0.2,2,1874782735265931264,极兔快递,JT0014840249669,服饰,广东省,
玉佛苑_站点-玉佛苑,快递,2025-01-02 19:39:18,,0.6,,6.00,,2.32,42% - 0.2,2,1874782495502737408,极兔快递,JT0014848698933,生活用品,浙江省,
玉佛苑_站点-玉佛苑,快递,2025-01-02 19:38:13,,0.8,,6.00,,2.32,42% - 0.2,2,1874782203210080256,极兔快递,JT0014844408370,生活用品,广西壮族自治区,
玉佛苑_站点-玉佛苑,快递,2025-01-02 19:05:18,,0.8,,6.00,,2.32,42% - 0.2,2,1874773938044641280,极兔快递,JT0014843013331,服饰,河南省,
玉佛苑_站点-玉佛苑,快递,2025-01-02 19:03:08,,0.3,,6.00,,2.32,42% - 0.2,2,1874773393032585216,极兔快递,JT0014840897376,手机贴膜,广东省,
玉佛苑_站点-玉佛苑,快递,2025-01-02 19:00:29,,1.2,,8.00,,3.88,51% - 0.2,2,1874772725693652992,极兔快递,JT0014848000038,生活用品,山东省,
玉佛苑_站点-玉佛苑,快递,2025-01-02 18:59:15,,1,,6.00,,2.32,42% - 0.2,2,1874772405039112192,极兔快递,JT0014846864782,生活用品,福建省,
玉佛苑_站点-玉佛苑,快递,2025-01-02 18:38:34,,1,,6.00,,2.32,42% - 0.2,2,1874767204785823744,极兔快递,JT0014845170034,服饰,江苏省,
玉佛苑_站点-玉佛苑,快递,2025-01-02 17:58:07,,0.2,,6.00,,2.32,42% - 0.2,2,1874757028653539328,极兔快递,JT0014841773685,生活用品,安徽省,
玉佛苑_站点-玉佛苑,快递,2025-01-02 17:35:07,,0.8,,6.00,,2.32,42% - 0.2,2,1874751244616048640,极兔快递,JT0014846346422,服饰,广东省,
玉佛苑_站点-玉佛苑,快递,2025-01-02 17:06:24,,0.6,,6.00,,2.32,42% - 0.2,2,1874744008682479616,极兔快递,JT0014843223846,服饰,浙江省,
玉佛苑_站点-玉佛苑,快递,2025-01-02 15:57:21,,0.9,,6.00,,2.32,42% - 0.2,2,1874726636689006592,极兔快递,JT0014844172415,服饰,广东省,
玉佛苑_站点-玉佛苑,快递,2025-01-02 15:54:47,,0.4,,6.00,,2.32,42% - 0.2,2,1874725993110806528,极兔快递,JT0014844550955,服饰,河北省,
玉佛苑_站点-玉佛苑,快递,2025-01-02 15:52:40,,0.6,,6.00,,2.32,42% - 0.2,2,1874725456869040128,极兔快递,JT0014843204421,服饰,广东省,
玉佛苑_站点-玉佛苑,快递,2025-01-02 14:32:31,,1,,6.00,,2.32,42% - 0.2,2,1874705285093761024,极兔快递,JT0014836639964,服饰,河北省,
玉佛苑_站点-玉佛苑,快递,2025-01-02 14:19:59,,1,,6.00,,2.32,42% - 0.2,2,1874702136664629248,极兔快递,JT0014840365953,服饰,广东省,
玉佛苑_站点-玉佛苑,快递,2025-01-02 14:06:12,,0.7,,6.00,,2.32,42% - 0.2,2,1874698665546719232,极兔快递,JT0014840471396,服饰,湖北省,
玉佛苑_站点-玉佛苑,快递,2025-01-02 14:05:16,,0.4,,6.00,,2.32,42% - 0.2,2,1874698427691933696,极兔快递,JT0014840414169,服饰,湖北省,
玉佛苑_站点-玉佛苑,快递,2025-01-02 13:21:09,,1.5,,8.00,,3.88,51% - 0.2,2,1874687324505219072,极兔快递,JT0014835847182,服饰,湖北省,
玉佛苑_站点-玉佛苑,快递,2025-01-02 13:13:12,,1,,6.00,,2.32,42% - 0.2,2,1874685326145855488,极兔快递,JT0014840949539,服饰,山东省,
玉佛苑_站点-玉佛苑,快递,2025-01-02 13:06:59,,1,,6.00,,2.32,42% - 0.2,2,1874683759921438720,极兔快递,JT0014831221326,台风,广东省,
玉佛苑_站点-玉佛苑,快递,2025-01-02 13:03:02,,1,,6.00,,2.32,42% - 0.2,2,1874682754093785088,极兔快递,JT0014839690870,台灯,广东省,
玉佛苑_站点-玉佛苑,快递,2025-01-02 12:46:10,,0.6,,6.00,,2.32,42% - 0.2,2,1874678522754080768,极兔快递,JT0014840655810,服饰,广东省,
玉佛苑_站点-玉佛苑,快递,2025-01-02 12:44:37,,0.7,,6.00,,2.32,42% - 0.2,2,1874678133707218944,极兔快递,JT0014840474671,服饰,广东省,
玉佛苑_站点-玉佛苑,快递,2025-01-02 12:42:14,,5,,15.00,,7.30,50% - 0.2,2,1874677531476467712,极兔快递,JT0014834154661,服饰,江苏省,
玉佛苑_站点-玉佛苑,快递,2025-01-02 12:35:41,,2.5,,10.00,,5.30,55% - 0.2,2,1874675882150305792,极兔快递,JT0014838865903,服饰,江苏省,
玉佛苑_站点-玉佛苑,快递,2025-01-02 11:45:02,,0.5,,7.00,,1.94,42%,2,1874663141595389952,极兔快递,JT0014837596592,食品,上海市,
玉佛苑_站点-玉佛苑,快递,2025-01-02 11:41:13,,0.5,,6.00,,2.32,42% - 0.2,2,1874662178629328896,极兔快递,JT0014831084765,生活用品,山东省,
玉佛苑_站点-玉佛苑,快递,2025-01-02 10:03:57,,1,,6.00,,2.32,42% - 0.2,2,1874637690364276736,极兔快递,JT0014836111954,服饰,江苏省,
玉佛苑_站点-玉佛苑,快递,2025-01-02 09:30:12,,0.6,,6.00,,2.32,42% - 0.2,2,1874629208722419712,极兔快递,JT0014836125701,服饰,浙江省,
玉佛苑_站点-玉佛苑,快递,2025-01-02 09:28:49,,0.6,,6.00,,2.32,42% - 0.2,2,1874628861262082048,极兔快递,JT0014834163435,服饰,广东省,
玉佛苑_站点-玉佛苑,快递,2025-01-02 09:23:16,,1,,6.00,,2.32,42% - 0.2,2,1874627447181848576,极兔快递,JT0014836531502,椅子,河北省,
玉佛苑_站点-玉佛苑,快递,2025-01-01 15:29:05,2025-01-01 21:58:30,9.7,,30.00,,0.00,,2,1874357091407568896,韵达快递,312597003015713,碗,江西省,已全额退款
玉佛苑_站点-玉佛苑,干洗,2025-01-01 21:49:59,,,,49.00,,14.70,30%,,1874452990473347072,干洗,,"清洗普通羽绒服2件不分长短49元   *   1
清洗普通羽绒服2件不分长短49元   *   1",,
玉佛苑_站点-玉佛苑,干洗,2025-01-01 21:45:44,,,,19.80,,5.94,30%,,1874451913438994432,干洗,,"清洗鞋19.8元两双   *   1
清洗鞋19.8元两双   *   1",,
玉佛苑_站点-玉佛苑,快递,2025-01-01 21:31:48,,4,,12.00,,5.80,50% - 0.2,2,1874448415817277440,极兔快递,JT0014832502192,服饰,河南省,
玉佛苑_站点-玉佛苑,快递,2025-01-01 21:10:42,,10.2,,33.00,,16.30,50% - 0.2,2,1874443101793492992,极兔快递,JT0014832543295,苹果,陕西省,
玉佛苑_站点-玉佛苑,快递,2025-01-01 20:36:41,,1,,7.00,,1.94,42%,2,1874434547908943872,极兔快递,JT0014834570063,服饰,上海市,
玉佛苑_站点-玉佛苑,快递,2025-01-01 20:28:27,,0.8,,6.00,,2.32,42% - 0.2,2,1874432472647016448,极兔快递,JT0014835016938,服饰,广东省,
玉佛苑_站点-玉佛苑,快递,2025-01-01 20:25:01,,0.6,,6.00,,2.32,42% - 0.2,2,1874431610755293184,极兔快递,JT0014827231899,服饰,广东省,
玉佛苑_站点-玉佛苑,快递,2025-01-01 20:22:30,,1,,6.00,,2.32,42% - 0.2,2,1874430975238545408,极兔快递,JT0014832809231,面包机,浙江省,
玉佛苑_站点-玉佛苑,快递,2025-01-01 20:21:04,,2.6,,10.00,,5.30,55% - 0.2,2,1874430615472119808,极兔快递,JT0014834523443,床品,辽宁省,
玉佛苑_站点-玉佛苑,快递,2025-01-01 20:08:12,,1,,6.00,,2.32,42% - 0.2,2,1874427380204118016,极兔快递,JT0014833338296,洗发水,广东省,
玉佛苑_站点-玉佛苑,快递,2025-01-01 20:03:24,,0.4,,6.00,,2.32,42% - 0.2,2,1874426169967058944,极兔快递,JT0014833171105,苦甲水,湖南省,
玉佛苑_站点-玉佛苑,快递,2025-01-01 19:47:31,,1,,6.00,,2.32,42% - 0.2,2,1874422171407032320,极兔快递,JT0014832438251,生活用品,浙江省,
玉佛苑_站点-玉佛苑,快递,2025-01-01 19:44:35,,0.3,,6.00,,2.32,42% - 0.2,2,1874421428272832512,极兔快递,JT0014832332247,生活用品,河南省,
玉佛苑_站点-玉佛苑,快递,2025-01-01 19:03:21,,0.95,,6.00,,2.32,42% - 0.2,2,1874411058430812160,极兔快递,JT0014832528348,服饰,浙江省,
玉佛苑_站点-玉佛苑,快递,2025-01-01 18:40:54,,1,,6.00,,2.32,42% - 0.2,2,1874405410523652096,极兔快递,JT0014833814948,服饰,广东省,
玉佛苑_站点-玉佛苑,快递,2025-01-01 18:25:39,,0.3,,6.00,,2.32,42% - 0.2,2,1874401565970079744,极兔快递,JT0014832528704,生活用品,广东省,
玉佛苑_站点-玉佛苑,快递,2025-01-01 16:58:20,,0.9,,6.00,,2.32,42% - 0.2,2,1874379598407737344,极兔快递,JT0014831401522,服饰,河南省,
玉佛苑_站点-玉佛苑,快递,2025-01-01 16:57:27,,0.9,,6.00,,2.32,42% - 0.2,2,1874379366173319168,极兔快递,JT0014825904685,服饰,河南省,
玉佛苑_站点-玉佛苑,快递,2025-01-01 16:56:31,,1.2,,8.00,,3.88,51% - 0.2,2,1874379138745573376,极兔快递,JT0014827792816,服饰,浙江省,
玉佛苑_站点-玉佛苑,快递,2025-01-01 16:55:09,,2,,8.00,,3.88,51% - 0.2,2,1874378742136381440,极兔快递,JT0014827984233,鞋,江西省,
玉佛苑_站点-玉佛苑,快递,2025-01-01 16:52:38,,2.5,,10.00,,5.30,55% - 0.2,2,1874378122138558464,韵达快递,312597072596341,调料,内蒙古自治区,
玉佛苑_站点-玉佛苑,快递,2025-01-01 16:34:34,,0.5,,6.00,,2.32,42% - 0.2,2,1874373610690650112,极兔快递,JT0014826454335,服饰,浙江省,
玉佛苑_站点-玉佛苑,快递,2025-01-01 15:44:21,,0.5,,6.00,,2.32,42% - 0.2,2,1874360979426713600,极兔快递,JT0014830177554,服饰,广东省,
玉佛苑_站点-玉佛苑,快递,2025-01-01 15:37:43,,0.4,,6.00,,2.32,42% - 0.2,2,1874359310634786816,极兔快递,JT0014826246678,服饰,江苏省,
玉佛苑_站点-玉佛苑,快递,2025-01-01 15:36:48,,0.5,,6.00,,2.32,42% - 0.2,2,1874359080396857344,极兔快递,JT0014829286799,服饰,辽宁省,
玉佛苑_站点-玉佛苑,快递,2025-01-01 15:35:07,,0.8,,6.00,,2.32,42% - 0.2,2,1874358653827751936,极兔快递,JT0014830712707,服饰,安徽省,
玉佛苑_站点-玉佛苑,快递,2025-01-01 15:33:02,,1,,6.00,,2.32,42% - 0.2,2,1874358091530969088,极兔快递,JT0014831008113,服饰,广东省,
玉佛苑_站点-玉佛苑,快递,2025-01-01 14:44:58,2025-01-01 14:51:58,1.8,,16.00,,0.00,,2,1874346035146727424,极兔快递,JT0014829970992,调料,内蒙古自治区,已全额退款
玉佛苑_站点-玉佛苑,快递,2025-01-01 14:49:33,,1.8,,8.00,,3.88,51% - 0.2,2,1874347170045698048,韵达快递,312596983753601,调料,内蒙古自治区,
玉佛苑_站点-玉佛苑,快递,2025-01-01 14:43:34,,6.5,,21.00,,10.30,50% - 0.2,2,1874345678777688064,极兔快递,JT0014827357805,酒,贵州省,
玉佛苑_站点-玉佛苑,快递,2025-01-01 14:34:57,,1,,6.00,,2.32,42% - 0.2,2,1874343513531162624,极兔快递,JT0014827344835,服饰,河北省,
玉佛苑_站点-玉佛苑,快递,2025-01-01 14:24:27,,0.4,,6.00,,2.32,42% - 0.2,2,1874340872751226880,极兔快递,JT0014828598773,生活用品,广东省,
玉佛苑_站点-玉佛苑,快递,2025-01-01 14:23:08,,0.6,,6.00,,2.32,42% - 0.2,2,1874340537957687296,极兔快递,JT0014829032612,服饰,吉林省,
玉佛苑_站点-玉佛苑,快递,2025-01-01 14:22:24,,0.4,,6.00,,2.32,42% - 0.2,2,1874340351386656768,极兔快递,JT0014828256057,服饰,辽宁省,
玉佛苑_站点-玉佛苑,快递,2025-01-01 14:21:27,,0.3,,6.00,,2.32,42% - 0.2,2,1874340115050209280,极兔快递,JT0014825893625,手机壳,广东省,
玉佛苑_站点-玉佛苑,快递,2025-01-01 14:18:56,,0.8,,6.00,,2.32,42% - 0.2,2,1874339484344328192,极兔快递,JT0014826097274,服饰,湖南省,
玉佛苑_站点-玉佛苑,快递,2025-01-01 14:14:32,,1.5,,8.00,,3.88,51% - 0.2,2,1874338377698189312,极兔快递,JT0014826329855,服饰,广东省,
玉佛苑_站点-玉佛苑,快递,2025-01-01 14:09:06,,1,,6.00,,2.32,42% - 0.2,2,1874337007507152896,极兔快递,JT0014828373184,服饰,浙江省,
玉佛苑_站点-玉佛苑,快递,2025-01-01 13:49:02,,1,,6.00,,2.32,42% - 0.2,2,1874331959704231936,极兔快递,JT0014828895628,服饰,江苏省,
玉佛苑_站点-玉佛苑,快递,2025-01-01 13:33:12,,0.9,,6.00,,2.32,42% - 0.2,2,1874327925182242816,极兔快递,JT0014828618941,服饰,浙江省,
玉佛苑_站点-玉佛苑,快递,2025-01-01 12:39:36,,2,,8.00,,3.88,51% - 0.2,2,1874314486326042624,极兔快递,JT0014820457848,鞋,福建省,
玉佛苑_站点-玉佛苑,快递,2025-01-01 12:37:40,,2,,8.00,,3.88,51% - 0.2,2,1874314000747274240,极兔快递,JT0014826530375,鞋,福建省,
玉佛苑_站点-玉佛苑,快递,2025-01-01 12:28:33,,1.3,,8.00,,3.88,51% - 0.2,2,1874311639224098816,韵达快递,312596915514534,服饰,浙江省,
玉佛苑_站点-玉佛苑,快递,2025-01-01 11:46:15,,0.9,,6.00,,2.32,42% - 0.2,2,1874301054109425664,极兔快递,JT0014823396650,服饰,湖南省,
玉佛苑_站点-玉佛苑,快递,2025-01-01 11:44:00,,1.3,,8.00,,3.88,51% - 0.2,2,1874300492219490304,极兔快递,JT0014825282865,服饰,安徽省,
玉佛苑_站点-玉佛苑,快递,2025-01-01 11:38:27,,0.5,,6.00,,2.32,42% - 0.2,2,1874299093834342400,极兔快递,JT0014776710314,手套,河北省,
玉佛苑_站点-玉佛苑,快递,2025-01-01 11:37:42,,1,,6.00,,2.32,42% - 0.2,2,1874298898836955136,极兔快递,JT0014823579047,服饰,广东省,
玉佛苑_站点-玉佛苑,快递,2025-01-01 11:37:06,,0.3,,6.00,,2.32,42% - 0.2,2,1874298757161754624,极兔快递,JT0014825315781,袜子,浙江省,
玉佛苑_站点-玉佛苑,快递,2025-01-01 11:36:00,,1,,6.00,,2.32,42% - 0.2,2,1874298430383529984,韵达快递,312596887139056,服饰,湖北省,
玉佛苑_站点-玉佛苑,快递,2025-01-01 11:34:03,,0.6,,6.00,,2.32,42% - 0.2,2,1874297989377630208,极兔快递,JT0014826128558,洗面奶,广东省,
玉佛苑_站点-玉佛苑,快递,2025-01-01 11:32:04,,1,,6.00,,2.32,42% - 0.2,2,1874297491777986560,韵达快递,312596882526918,服饰,浙江省,
玉佛苑_站点-玉佛苑,快递,2025-01-01 11:30:59,,0.4,,6.00,,2.32,42% - 0.2,2,1874297215935389696,极兔快递,JT0014825921180,服饰,广东省,
玉佛苑_站点-玉佛苑,快递,2025-01-01 11:30:19,,0.4,,6.00,,2.32,42% - 0.2,2,1874297047051739136,极兔快递,JT0014822331926,服饰,广东省,
玉佛苑_站点-玉佛苑,快递,2025-01-01 11:29:39,,0.4,,6.00,,2.32,42% - 0.2,2,1874296880424624128,极兔快递,JT0014826664306,服饰,广东省,
玉佛苑_站点-玉佛苑,快递,2025-01-01 11:28:41,,1,,6.00,,2.32,42% - 0.2,2,1874296633350758400,极兔快递,JT0014826967205,服饰,浙江省,
玉佛苑_站点-玉佛苑,快递,2025-01-01 10:41:39,,0.3,,6.00,,2.32,42% - 0.2,2,1874284802070618112,极兔快递,JT0014822957810,袜子,浙江省,
玉佛苑_站点-玉佛苑,快递,2025-01-01 10:39:45,,1,,6.00,,2.32,42% - 0.2,2,1874284322271600640,极兔快递,JT0014821466673,一次性手套,广东省,
玉佛苑_站点-玉佛苑,快递,2025-01-01 10:38:36,,1,,6.00,,2.32,42% - 0.2,2,1874284028011814912,极兔快递,JT0014826065401,叶黄素,福建省,
玉佛苑_站点-玉佛苑,快递,2025-01-01 09:08:18,,3,,10.00,,5.30,55% - 0.2,2,1874261305084682240,极兔快递,JT0014824795324,食品,湖南省,
