姓名,订单类型,日期,退款日期,打单重量,结算重量,金额,超重金额,团长利润,利润公式,价格方案,订单号,快递公司,物流单号,邮寄物品,发往,说明
嘉丰国际1号楼101快递美团干洗_站点,总计:,3216.37,,,,,,,,,,,,,,
嘉丰国际1号楼101快递美团干洗_站点-嘉丰国际1号楼101快递美团干洗,快递,2025-01-26 16:13:45,,0.4,,6.00,,2.32,42% - 0.2,1,1883428070251372544,极兔快递,JT0015167742854,服饰,江苏省,
嘉丰国际1号楼101快递美团干洗_站点-嘉丰国际1号楼101快递美团干洗,快递,2025-01-26 16:12:21,,0.5,,6.00,,2.32,42% - 0.2,1,1883427712716316672,极兔快递,JT0015160898668,服饰,广东省,
嘉丰国际1号楼101快递美团干洗_站点-嘉丰国际1号楼101快递美团干洗,快递,2025-01-26 16:11:19,,0.5,,6.00,,2.32,42% - 0.2,1,1883427456133963776,极兔快递,JT0015169035280,服饰,湖北省,
嘉丰国际1号楼101快递美团干洗_站点-嘉丰国际1号楼101快递美团干洗,快递,2025-01-26 16:09:06,,0.2,,6.00,,2.32,42% - 0.2,1,1883426897523974144,极兔快递,JT0015167482490,其他,浙江省,
嘉丰国际1号楼101快递美团干洗_站点-嘉丰国际1号楼101快递美团干洗,快递,2025-01-26 12:53:42,,0.45,,6.00,,2.32,42% - 0.2,1,1883377719934525440,极兔快递,JT0015161739884,其他,浙江省,
嘉丰国际1号楼101快递美团干洗_站点-嘉丰国际1号楼101快递美团干洗,快递,2025-01-25 18:02:43,,0.25,,6.00,,2.32,42% - 0.2,1,1883093106402074624,极兔快递,JT0015164624401,服饰,山东省,
嘉丰国际1号楼101快递美团干洗_站点-嘉丰国际1号楼101快递美团干洗,快递,2025-01-25 18:00:59,,0.6,,6.00,,2.32,42% - 0.2,1,1883092668592234496,极兔快递,JT0015163410851,服饰,安徽省,
嘉丰国际1号楼101快递美团干洗_站点-嘉丰国际1号楼101快递美团干洗,快递,2025-01-25 15:37:23,,0.52,,6.00,,2.32,42% - 0.2,1,1883056530640936960,极兔快递,JT0015158657639,服饰,浙江省,
嘉丰国际1号楼101快递美团干洗_站点-嘉丰国际1号楼101快递美团干洗,快递,2025-01-25 13:28:20,,1,,6.00,,2.32,42% - 0.2,1,1883024055235584000,极兔快递,JT0015159500504,服饰,浙江省,
嘉丰国际1号楼101快递美团干洗_站点-嘉丰国际1号楼101快递美团干洗,快递,2025-01-25 13:27:07,,1,,6.00,,2.32,42% - 0.2,1,1883023752029347840,极兔快递,JT0015164443962,服饰,浙江省,
嘉丰国际1号楼101快递美团干洗_站点-嘉丰国际1号楼101快递美团干洗,快递,2025-01-25 13:25:34,,0.9,,6.00,,2.32,42% - 0.2,1,1883023361787109376,极兔快递,JT0015163699120,服饰,湖南省,
嘉丰国际1号楼101快递美团干洗_站点-嘉丰国际1号楼101快递美团干洗,快递,2025-01-25 12:06:10,,0.5,,6.00,,2.32,42% - 0.2,1,1883003376234733568,极兔快递,JT0015157367505,其他,广东省,
嘉丰国际1号楼101快递美团干洗_站点-嘉丰国际1号楼101快递美团干洗,快递,2025-01-25 11:53:48,,0.6,,6.00,,2.32,42% - 0.2,1,1883000266699382784,极兔快递,JT0015161644786,服饰,浙江省,
嘉丰国际1号楼101快递美团干洗_站点-嘉丰国际1号楼101快递美团干洗,快递,2025-01-25 11:19:15,,0.5,,6.00,,2.32,42% - 0.2,1,1882991568857931776,极兔快递,JT0015163099032,服饰,浙江省,
嘉丰国际1号楼101快递美团干洗_站点-嘉丰国际1号楼101快递美团干洗,快递,2025-01-24 18:34:48,,0.5,,6.00,,2.32,42% - 0.2,1,1882738791263051776,极兔快递,JT0015159832191,其他,湖南省,
嘉丰国际1号楼101快递美团干洗_站点-嘉丰国际1号楼101快递美团干洗,快递,2025-01-24 18:02:31,,0.85,,7.00,,1.94,42%,1,1882730666090897408,极兔快递,JT0015160256890,服饰,上海市,
嘉丰国际1号楼101快递美团干洗_站点-嘉丰国际1号楼101快递美团干洗,干洗,2025-01-24 17:40:25,,,,10.00,,3.00,30%,,1882725105651752960,干洗,,"毛领   *   1",,
嘉丰国际1号楼101快递美团干洗_站点-嘉丰国际1号楼101快递美团干洗,干洗,2025-01-24 17:37:59,,,,24.50,,7.35,30%,,1882724490175389696,干洗,,"清洗普通羽绒服2件不分长短49元   *   1",,
嘉丰国际1号楼101快递美团干洗_站点-嘉丰国际1号楼101快递美团干洗,快递,2025-01-24 17:30:01,,4.8,,12.50,,4.80,40% - 0.2,1,1882722491497259008,极兔快递,JT0015153668240,其他,广东省,
嘉丰国际1号楼101快递美团干洗_站点-嘉丰国际1号楼101快递美团干洗,快递,2025-01-24 17:29:04,,0.55,,6.00,,2.32,42% - 0.2,1,1882722241948753920,极兔快递,JT0015158201878,服饰,广东省,
嘉丰国际1号楼101快递美团干洗_站点-嘉丰国际1号楼101快递美团干洗,快递,2025-01-24 17:28:03,,0.06,,6.00,,2.32,42% - 0.2,1,1882721990374400000,极兔快递,JT0015159823405,其他,浙江省,
嘉丰国际1号楼101快递美团干洗_站点-嘉丰国际1号楼101快递美团干洗,快递,2025-01-24 16:52:20,,0.42,,6.00,,2.32,42% - 0.2,1,1882713002740097024,极兔快递,JT0015161056881,其他,河北省,
嘉丰国际1号楼101快递美团干洗_站点-嘉丰国际1号楼101快递美团干洗,快递,2025-01-24 16:48:18,2025-01-24 16:51:25,2.2,,8.00,,0.00,,1,1882711989769543680,极兔快递,JT0015157704414,其他,山东省,已全额退款
嘉丰国际1号楼101快递美团干洗_站点-嘉丰国际1号楼101快递美团干洗,快递,2025-01-24 16:50:57,,1.1,,7.00,,2.81,43% - 0.2,1,1882712655078432768,极兔快递,JT0015157679434,其他,山东省,
嘉丰国际1号楼101快递美团干洗_站点-嘉丰国际1号楼101快递美团干洗,快递,2025-01-24 16:50:03,,0.9,,6.00,,2.32,42% - 0.2,1,1882712429491986432,极兔快递,JT0015159398829,其他,山东省,
嘉丰国际1号楼101快递美团干洗_站点-嘉丰国际1号楼101快递美团干洗,快递,2025-01-24 16:47:16,,0.9,,6.00,,2.32,42% - 0.2,1,1882711728783171584,极兔快递,JT0015157459140,其他,浙江省,
嘉丰国际1号楼101快递美团干洗_站点-嘉丰国际1号楼101快递美团干洗,快递,2025-01-24 15:50:20,,0.55,,6.00,,2.32,42% - 0.2,1,1882697400705163264,极兔快递,JT0015146971373,服饰,广东省,
嘉丰国际1号楼101快递美团干洗_站点-嘉丰国际1号楼101快递美团干洗,干洗,2025-01-24 14:14:27,,,,24.50,,7.35,30%,,1882673270647758848,干洗,,"清洗普通羽绒服2件不分长短49元   *   1",,
嘉丰国际1号楼101快递美团干洗_站点-嘉丰国际1号楼101快递美团干洗,干洗,2025-01-24 14:11:50,,,,24.50,,7.35,30%,,1882672612808925184,干洗,,"清洗普通羽绒服2件不分长短49元   *   1",,
嘉丰国际1号楼101快递美团干洗_站点-嘉丰国际1号楼101快递美团干洗,快递,2025-01-24 13:35:29,,0.7,,6.00,,2.32,42% - 0.2,1,1882663458828525568,极兔快递,JT0015158464913,服饰,福建省,
嘉丰国际1号楼101快递美团干洗_站点-嘉丰国际1号楼101快递美团干洗,快递,2025-01-24 13:34:55,,0.53,,6.00,,2.32,42% - 0.2,1,1882663319355334656,极兔快递,JT0015158353975,服饰,福建省,
嘉丰国际1号楼101快递美团干洗_站点-嘉丰国际1号楼101快递美团干洗,快递,2025-01-24 13:34:17,,0.55,,6.00,,2.32,42% - 0.2,1,1882663161209102336,极兔快递,JT0015137125605,服饰,福建省,
嘉丰国际1号楼101快递美团干洗_站点-嘉丰国际1号楼101快递美团干洗,快递,2025-01-24 13:30:42,,4.7,,12.50,,4.80,40% - 0.2,1,1882662259924475904,极兔快递,JT0015154189152,服饰,江苏省,
嘉丰国际1号楼101快递美团干洗_站点-嘉丰国际1号楼101快递美团干洗,快递,2025-01-24 13:28:29,,0.9,,6.00,,2.32,42% - 0.2,1,1882661680493961216,极兔快递,JT0015158970330,服饰,江苏省,
嘉丰国际1号楼101快递美团干洗_站点-嘉丰国际1号楼101快递美团干洗,快递,2025-01-24 13:25:03,,0.72,,6.00,,2.32,42% - 0.2,1,1882660844254601216,极兔快递,JT0015158724711,服饰,江苏省,
嘉丰国际1号楼101快递美团干洗_站点-嘉丰国际1号楼101快递美团干洗,快递,2025-01-24 13:23:37,,0.35,,6.00,,2.32,42% - 0.2,1,1882660481623465984,极兔快递,JT0015157942746,服饰,广东省,
嘉丰国际1号楼101快递美团干洗_站点-嘉丰国际1号楼101快递美团干洗,快递,2025-01-24 13:22:17,,0.7,,6.00,,2.32,42% - 0.2,1,1882660147366797312,极兔快递,JT0015157251362,服饰,广东省,
嘉丰国际1号楼101快递美团干洗_站点-嘉丰国际1号楼101快递美团干洗,快递,2025-01-24 13:18:35,,1.6,,7.00,,2.81,43% - 0.2,1,1882659213945413632,极兔快递,JT0015157862816,服饰,江苏省,
嘉丰国际1号楼101快递美团干洗_站点-嘉丰国际1号楼101快递美团干洗,快递,2025-01-24 13:17:54,,0.4,,6.00,,2.32,42% - 0.2,1,1882659038388625408,极兔快递,JT0015157949455,服饰,浙江省,
嘉丰国际1号楼101快递美团干洗_站点-嘉丰国际1号楼101快递美团干洗,快递,2025-01-24 12:45:40,,1.7,,7.00,,2.81,43% - 0.2,1,1882650929830109184,极兔快递,JT0015155588532,服饰,江苏省,
嘉丰国际1号楼101快递美团干洗_站点-嘉丰国际1号楼101快递美团干洗,快递,2025-01-24 12:44:34,,1.5,,7.00,,2.81,43% - 0.2,1,1882650651110219776,极兔快递,JT0015157528092,服饰,江苏省,
嘉丰国际1号楼101快递美团干洗_站点-嘉丰国际1号楼101快递美团干洗,快递,2025-01-24 12:28:29,,2.2,,8.00,,3.40,45% - 0.2,1,1882646603426504704,极兔快递,JT0015156203210,服饰,浙江省,
嘉丰国际1号楼101快递美团干洗_站点-嘉丰国际1号楼101快递美团干洗,快递,2025-01-24 12:27:28,,1.5,,7.00,,2.81,43% - 0.2,1,1882646348488318976,极兔快递,JT0015157307465,服饰,江苏省,
嘉丰国际1号楼101快递美团干洗_站点-嘉丰国际1号楼101快递美团干洗,快递,2025-01-24 12:24:08,,2.2,,8.00,,3.40,45% - 0.2,1,1882645512764858368,极兔快递,JT0015157993956,服饰,浙江省,
嘉丰国际1号楼101快递美团干洗_站点-嘉丰国际1号楼101快递美团干洗,快递,2025-01-24 12:21:01,,1.9,,7.00,,2.81,43% - 0.2,1,1882644724269260800,极兔快递,JT0015155175666,服饰,江苏省,
嘉丰国际1号楼101快递美团干洗_站点-嘉丰国际1号楼101快递美团干洗,快递,2025-01-24 12:15:46,,3.1,,10.00,,3.80,40% - 0.2,1,1882643402698596352,极兔快递,JT0015155818559,服饰,江苏省,
嘉丰国际1号楼101快递美团干洗_站点-嘉丰国际1号楼101快递美团干洗,快递,2025-01-24 11:43:25,,1.2,,7.00,,2.81,43% - 0.2,1,1882635258694017024,极兔快递,JT0015157269743,服饰,广东省,
嘉丰国际1号楼101快递美团干洗_站点-嘉丰国际1号楼101快递美团干洗,快递,2025-01-24 11:39:19,,1.3,,7.00,,2.81,43% - 0.2,1,1882634232050032640,极兔快递,JT0015156483000,服饰,浙江省,
嘉丰国际1号楼101快递美团干洗_站点-嘉丰国际1号楼101快递美团干洗,快递,2025-01-24 11:38:12,,1,,6.00,,2.32,42% - 0.2,1,1882633951811805184,极兔快递,JT0015144038860,服饰,江苏省,
嘉丰国际1号楼101快递美团干洗_站点-嘉丰国际1号楼101快递美团干洗,快递,2025-01-24 11:37:02,,1.2,,7.00,,2.81,43% - 0.2,1,1882633657585573888,极兔快递,JT0015155913964,服饰,江苏省,
嘉丰国际1号楼101快递美团干洗_站点-嘉丰国际1号楼101快递美团干洗,快递,2025-01-24 11:32:51,,1.6,,17.00,,5.80,34.12% - 0.2,1,1882632579418759168,极兔快递,JT0015147971112,服饰,海南省,
嘉丰国际1号楼101快递美团干洗_站点-嘉丰国际1号楼101快递美团干洗,快递,2025-01-24 11:12:14,,0.65,,6.00,,2.32,42% - 0.2,1,1882627412183031808,极兔快递,JT0015155340322,服饰,广东省,
嘉丰国际1号楼101快递美团干洗_站点-嘉丰国际1号楼101快递美团干洗,快递,2025-01-24 10:48:11,,3.5,,10.00,,3.80,40% - 0.2,1,1882621364181213184,极兔快递,JT0015154268177,其他,山东省,
嘉丰国际1号楼101快递美团干洗_站点-嘉丰国际1号楼101快递美团干洗,快递,2025-01-24 10:34:25,,2.9,,8.00,,3.40,45% - 0.2,1,1882617900181037056,极兔快递,JT0015156981602,服饰,江苏省,
嘉丰国际1号楼101快递美团干洗_站点-嘉丰国际1号楼101快递美团干洗,快递,2025-01-24 10:33:40,,4,,10.00,,3.80,40% - 0.2,1,1882617706509049856,极兔快递,JT0015155322828,服饰,江苏省,
嘉丰国际1号楼101快递美团干洗_站点-嘉丰国际1号楼101快递美团干洗,快递,2025-01-24 10:32:39,,1.7,,7.00,,2.81,43% - 0.2,1,1882617451637972992,极兔快递,JT0015156330160,其他,江苏省,
嘉丰国际1号楼101快递美团干洗_站点-嘉丰国际1号楼101快递美团干洗,快递,2025-01-24 10:03:51,,0.8,,6.00,,2.32,42% - 0.2,1,1882610206095253504,极兔快递,JT0015156423432,服饰,浙江省,
嘉丰国际1号楼101快递美团干洗_站点-嘉丰国际1号楼101快递美团干洗,快递,2025-01-23 19:25:02,,0.6,,6.00,,2.32,42% - 0.2,1,1882388990474395648,极兔快递,JT0015154044871,服饰,广东省,
嘉丰国际1号楼101快递美团干洗_站点-嘉丰国际1号楼101快递美团干洗,快递,2025-01-23 19:24:09,,0.45,,6.00,,2.32,42% - 0.2,1,1882388822626738176,极兔快递,JT0015150626593,服饰,广东省,
嘉丰国际1号楼101快递美团干洗_站点-嘉丰国际1号楼101快递美团干洗,快递,2025-01-23 19:23:03,,0.5,,6.00,,2.32,42% - 0.2,1,1882388546175967232,极兔快递,JT0015143386008,服饰,广东省,
嘉丰国际1号楼101快递美团干洗_站点-嘉丰国际1号楼101快递美团干洗,快递,2025-01-23 17:59:06,,0.75,,6.00,,2.32,42% - 0.2,1,1882367409798848512,极兔快递,JT0015152518968,其他,河北省,
嘉丰国际1号楼101快递美团干洗_站点-嘉丰国际1号楼101快递美团干洗,快递,2025-01-23 17:00:16,,0.6,,6.00,,2.32,42% - 0.2,1,1882352614240493568,极兔快递,JT0015152168223,服饰,广东省,
嘉丰国际1号楼101快递美团干洗_站点-嘉丰国际1号楼101快递美团干洗,快递,2025-01-23 16:59:06,,0.7,,6.00,,2.32,42% - 0.2,1,1882352316402966528,极兔快递,JT0015152857037,服饰,浙江省,
嘉丰国际1号楼101快递美团干洗_站点-嘉丰国际1号楼101快递美团干洗,快递,2025-01-23 16:26:51,,1.2,,7.00,,2.81,43% - 0.2,1,1882344193466376192,极兔快递,JT0015151807965,服饰,河南省,
嘉丰国际1号楼101快递美团干洗_站点-嘉丰国际1号楼101快递美团干洗,快递,2025-01-23 16:26:04,,1,,6.00,,2.32,42% - 0.2,1,1882344004353597440,极兔快递,JT0015149635956,服饰,浙江省,
嘉丰国际1号楼101快递美团干洗_站点-嘉丰国际1号楼101快递美团干洗,快递,2025-01-23 16:10:26,,0.3,,6.00,,2.32,42% - 0.2,1,1882340069479882752,极兔快递,JT0015136811451,服饰,山西省,
嘉丰国际1号楼101快递美团干洗_站点-嘉丰国际1号楼101快递美团干洗,快递,2025-01-23 16:01:19,,1.3,,8.00,,2.44,43%,1,1882337780820156416,极兔快递,JT0015151705563,服饰,上海市,
嘉丰国际1号楼101快递美团干洗_站点-嘉丰国际1号楼101快递美团干洗,快递,2025-01-23 15:51:56,,0.4,,6.00,,2.32,42% - 0.2,1,1882335404965044224,极兔快递,JT0015150437539,其他,浙江省,
嘉丰国际1号楼101快递美团干洗_站点-嘉丰国际1号楼101快递美团干洗,快递,2025-01-23 15:34:02,,0.02,,6.00,,2.32,42% - 0.2,1,1882330912433446912,极兔快递,JT0015150493917,其他,浙江省,
嘉丰国际1号楼101快递美团干洗_站点-嘉丰国际1号楼101快递美团干洗,快递,2025-01-23 12:36:38,2025-01-23 14:49:57,8,,20.00,,0.00,,1,1882286264423882752,韵达快递,,服饰,陕西省,已全额退款
嘉丰国际1号楼101快递美团干洗_站点-嘉丰国际1号楼101快递美团干洗,快递,2025-01-23 12:38:09,2025-01-23 14:49:42,10,,25.00,,0.00,,1,1882286613008293888,极兔快递,JT0015146150336,服饰,陕西省,已全额退款
嘉丰国际1号楼101快递美团干洗_站点-嘉丰国际1号楼101快递美团干洗,快递,2025-01-23 14:18:13,,2.3,,9.00,,3.05,45%,1,1882311830279626752,极兔快递,JT0015146250430,食品,北京市,
嘉丰国际1号楼101快递美团干洗_站点-嘉丰国际1号楼101快递美团干洗,快递,2025-01-23 13:06:29,,4.2,,12.50,,4.80,40% - 0.2,1,1882293782558613504,韵达快递,,服饰,宁夏回族自治区,
嘉丰国际1号楼101快递美团干洗_站点-嘉丰国际1号楼101快递美团干洗,快递,2025-01-23 13:04:12,,4.2,,12.50,,4.80,40% - 0.2,1,1882293204533190656,极兔快递,JT0015146595081,服饰,宁夏回族自治区,
嘉丰国际1号楼101快递美团干洗_站点-嘉丰国际1号楼101快递美团干洗,快递,2025-01-23 13:01:52,,0.02,,6.00,,2.00,,,1882292619448754176,邮政快递,9473329489387,其他,福建省,
嘉丰国际1号楼101快递美团干洗_站点-嘉丰国际1号楼101快递美团干洗,快递,2025-01-23 12:48:32,,1.13,,7.00,,2.81,43% - 0.2,1,1882289263829393408,极兔快递,JT0015147770359,服饰,浙江省,
嘉丰国际1号楼101快递美团干洗_站点-嘉丰国际1号楼101快递美团干洗,快递,2025-01-23 12:45:53,,1.2,,7.00,,2.81,43% - 0.2,1,1882288597736169472,极兔快递,JT0015148123680,服饰,浙江省,
嘉丰国际1号楼101快递美团干洗_站点-嘉丰国际1号楼101快递美团干洗,快递,2025-01-23 12:44:44,,1.9,,7.00,,2.81,43% - 0.2,1,1882288301194682368,极兔快递,JT0015148385060,服饰,湖北省,
嘉丰国际1号楼101快递美团干洗_站点-嘉丰国际1号楼101快递美团干洗,快递,2025-01-23 12:41:46,,1.2,,7.00,,2.81,43% - 0.2,1,1882287552712744960,极兔快递,JT0015128874204,服饰,浙江省,
嘉丰国际1号楼101快递美团干洗_站点-嘉丰国际1号楼101快递美团干洗,快递,2025-01-23 12:41:02,,1.3,,7.00,,2.81,43% - 0.2,1,1882287375151079424,韵达快递,,服饰,浙江省,
嘉丰国际1号楼101快递美团干洗_站点-嘉丰国际1号楼101快递美团干洗,快递,2025-01-23 12:37:14,,9.5,,25.00,,9.80,40% - 0.2,1,1882286391892975616,极兔快递,JT0015147239584,服饰,陕西省,
嘉丰国际1号楼101快递美团干洗_站点-嘉丰国际1号楼101快递美团干洗,快递,2025-01-23 12:35:07,,8,,20.00,,7.80,40% - 0.2,1,1882285885229441024,极兔快递,JT0015147400688,服饰,陕西省,
嘉丰国际1号楼101快递美团干洗_站点-嘉丰国际1号楼101快递美团干洗,快递,2025-01-23 12:16:38,,0.02,,13.00,,0.00,0%,1,1882281231942754304,顺丰速运,SF3159593133284,文件,陕西省,
嘉丰国际1号楼101快递美团干洗_站点-嘉丰国际1号楼101快递美团干洗,快递,2025-01-23 12:13:36,,11.4,,30.00,,2.00,,,1882280470596886528,邮政快递,9473220102587,生鲜类,陕西省,
嘉丰国际1号楼101快递美团干洗_站点-嘉丰国际1号楼101快递美团干洗,快递,2025-01-23 12:12:26,,11.4,,30.00,,11.80,40% - 0.2,1,1882280179239559168,极兔快递,JT0015148165254,生鲜类,陕西省,
嘉丰国际1号楼101快递美团干洗_站点-嘉丰国际1号楼101快递美团干洗,快递,2025-01-23 12:11:17,,11.4,,30.00,,11.80,40% - 0.2,1,1882279831267516416,极兔快递,JT0015131952831,生鲜类,辽宁省,
嘉丰国际1号楼101快递美团干洗_站点-嘉丰国际1号楼101快递美团干洗,快递,2025-01-23 12:10:03,,11.4,,30.00,,11.80,40% - 0.2,1,1882279574701940736,韵达快递,,食品,辽宁省,
嘉丰国际1号楼101快递美团干洗_站点-嘉丰国际1号楼101快递美团干洗,快递,2025-01-23 11:42:48,,2,,7.00,,2.81,43% - 0.2,1,1882272718843617280,极兔快递,JT0015148290506,其他,浙江省,
嘉丰国际1号楼101快递美团干洗_站点-嘉丰国际1号楼101快递美团干洗,快递,2025-01-23 11:26:33,,0.6,,6.00,,2.32,42% - 0.2,1,1882268631049773056,极兔快递,JT0015148948423,服饰,浙江省,
嘉丰国际1号楼101快递美团干洗_站点-嘉丰国际1号楼101快递美团干洗,快递,2025-01-23 11:25:19,,0.6,,6.00,,2.32,42% - 0.2,1,1882268318645428224,极兔快递,JT0015148737247,服饰,浙江省,
嘉丰国际1号楼101快递美团干洗_站点-嘉丰国际1号楼101快递美团干洗,快递,2025-01-23 11:24:12,,1.3,,7.00,,2.81,43% - 0.2,1,1882268035731234816,极兔快递,JT0015145984910,服饰,浙江省,
嘉丰国际1号楼101快递美团干洗_站点-嘉丰国际1号楼101快递美团干洗,快递,2025-01-23 10:50:22,,3.7,,10.00,,3.80,40% - 0.2,1,1882259527531044864,极兔快递,JT0015145359630,食品,陕西省,
嘉丰国际1号楼101快递美团干洗_站点-嘉丰国际1号楼101快递美团干洗,快递,2025-01-23 10:48:42,,4.2,,12.50,,2.00,,,1882259107706380288,邮政快递,9472916288287,食品,陕西省,
嘉丰国际1号楼101快递美团干洗_站点-嘉丰国际1号楼101快递美团干洗,快递,2025-01-23 10:45:16,,4.2,,12.50,,4.80,40% - 0.2,1,1882258240747937792,极兔快递,JT0015147995698,食品,陕西省,
嘉丰国际1号楼101快递美团干洗_站点-嘉丰国际1号楼101快递美团干洗,快递,2025-01-23 10:32:04,,0.25,,6.00,,2.32,42% - 0.2,1,1882254918003531776,极兔快递,JT0015143067881,服饰,广东省,
嘉丰国际1号楼101快递美团干洗_站点-嘉丰国际1号楼101快递美团干洗,快递,2025-01-23 10:15:38,,0.55,,6.00,,2.32,42% - 0.2,1,1882250784223338496,极兔快递,JT0015144431329,服饰,陕西省,
嘉丰国际1号楼101快递美团干洗_站点-嘉丰国际1号楼101快递美团干洗,干洗,2025-01-22 19:36:19,,,,12.80,,3.84,30%,,1882029495355785216,干洗,,"凉鞋   *   1",,
嘉丰国际1号楼101快递美团干洗_站点-嘉丰国际1号楼101快递美团干洗,快递,2025-01-22 19:28:50,,7.5,7.5,30.00,0.00,4.00,,,1882027608535547904,京东快递,JDVG03441363669,生鲜类,陕西省,
嘉丰国际1号楼101快递美团干洗_站点-嘉丰国际1号楼101快递美团干洗,快递,2025-01-22 19:28:10,,7.5,7.5,30.00,0.00,4.00,,,1882027431191986176,京东快递,JDVG03441360907,生鲜类,陕西省,
嘉丰国际1号楼101快递美团干洗_站点-嘉丰国际1号楼101快递美团干洗,快递,2025-01-22 19:27:26,,7.5,7.5,30.00,0.00,4.00,,,1882027251868712960,京东快递,JDVG03441360600,生鲜类,陕西省,
嘉丰国际1号楼101快递美团干洗_站点-嘉丰国际1号楼101快递美团干洗,快递,2025-01-22 19:26:20,,7.5,,30.00,,4.00,,,1882026987979882496,京东快递,JDVG03441355595,生鲜类,陕西省,
嘉丰国际1号楼101快递美团干洗_站点-嘉丰国际1号楼101快递美团干洗,快递,2025-01-22 19:24:55,,7.5,,30.00,,4.00,,,1882026627437510656,京东快递,JDVG03441342718,生鲜类,陕西省,
嘉丰国际1号楼101快递美团干洗_站点-嘉丰国际1号楼101快递美团干洗,快递,2025-01-22 19:13:52,,1.6,,7.00,,2.00,,,1882023848920825856,邮政快递,9471575842887,其他,陕西省,
嘉丰国际1号楼101快递美团干洗_站点-嘉丰国际1号楼101快递美团干洗,快递,2025-01-22 19:12:45,,2.2,,8.00,,3.40,45% - 0.2,1,1882023570511314944,极兔快递,JT0015134747748,其他,江苏省,
嘉丰国际1号楼101快递美团干洗_站点-嘉丰国际1号楼101快递美团干洗,快递,2025-01-22 19:11:59,,0.2,,6.00,,2.00,,,1882023373349666816,邮政快递,9471574232687,服饰,陕西省,
嘉丰国际1号楼101快递美团干洗_站点-嘉丰国际1号楼101快递美团干洗,快递,2025-01-22 19:10:49,,0.2,,6.00,,2.00,,,1882023078246825984,邮政快递,9471573584187,服饰,陕西省,
嘉丰国际1号楼101快递美团干洗_站点-嘉丰国际1号楼101快递美团干洗,快递,2025-01-22 19:06:31,,0.6,,6.00,,2.32,42% - 0.2,1,1882021990667993088,极兔快递,JT0015138288141,服饰,广东省,
嘉丰国际1号楼101快递美团干洗_站点-嘉丰国际1号楼101快递美团干洗,快递,2025-01-22 19:05:29,,0.2,,6.00,,2.32,42% - 0.2,1,1882021724396797952,极兔快递,JT0015142485264,服饰,广东省,
嘉丰国际1号楼101快递美团干洗_站点-嘉丰国际1号楼101快递美团干洗,快递,2025-01-22 19:03:50,,0.6,,6.00,,2.32,42% - 0.2,1,1882021323396169728,极兔快递,JT0015137108472,服饰,广东省,
嘉丰国际1号楼101快递美团干洗_站点-嘉丰国际1号楼101快递美团干洗,快递,2025-01-22 18:56:10,,2.3,,8.00,,3.40,45% - 0.2,1,1882019391780765696,极兔快递,JT0015142986307,其他,广东省,
嘉丰国际1号楼101快递美团干洗_站点-嘉丰国际1号楼101快递美团干洗,快递,2025-01-22 17:35:51,,0.7,1.0,9.00,0.00,1.00,,,1881999177869508608,京东快递,JDVG03441074679,生鲜类,陕西省,
嘉丰国际1号楼101快递美团干洗_站点-嘉丰国际1号楼101快递美团干洗,快递,2025-01-22 17:09:19,,1.2,,7.00,,2.81,43% - 0.2,1,1881992501074411520,极兔快递,JT0015135048438,服饰,山东省,
嘉丰国际1号楼101快递美团干洗_站点-嘉丰国际1号楼101快递美团干洗,快递,2025-01-22 15:18:12,,0.35,,6.00,,2.32,42% - 0.2,1,1881964537905496064,韵达快递,312622659371344,服饰,广东省,
嘉丰国际1号楼101快递美团干洗_站点-嘉丰国际1号楼101快递美团干洗,快递,2025-01-22 15:17:08,,1.2,,7.00,,2.81,43% - 0.2,1,1881964273039392768,韵达快递,312622659121375,易碎品,湖北省,
嘉丰国际1号楼101快递美团干洗_站点-嘉丰国际1号楼101快递美团干洗,快递,2025-01-22 13:44:12,,0.8,,6.00,,2.32,42% - 0.2,1,1881940862481285120,韵达快递,312622527233078,其他,天津市,
嘉丰国际1号楼101快递美团干洗_站点-嘉丰国际1号楼101快递美团干洗,快递,2025-01-22 13:33:48,,0.25,,6.00,,2.32,42% - 0.2,1,1881938267150827520,韵达快递,312622510684864,服饰,浙江省,
嘉丰国际1号楼101快递美团干洗_站点-嘉丰国际1号楼101快递美团干洗,干洗,2025-01-22 13:27:48,,,,29.80,,8.94,30%,,1881936758077997056,干洗,,"棉服_毛呢_羽绒服   *   1",,
嘉丰国际1号楼101快递美团干洗_站点-嘉丰国际1号楼101快递美团干洗,快递,2025-01-22 13:01:10,,1.5,,7.00,,2.81,43% - 0.2,1,1881930047116099584,韵达快递,312622488157065,食品,山西省,
嘉丰国际1号楼101快递美团干洗_站点-嘉丰国际1号楼101快递美团干洗,快递,2025-01-22 12:15:12,,0.65,,6.00,,2.32,42% - 0.2,1,1881918483759710208,韵达快递,312622442297541,服饰,福建省,
嘉丰国际1号楼101快递美团干洗_站点-嘉丰国际1号楼101快递美团干洗,快递,2025-01-22 11:12:07,,3,,8.00,,3.40,45% - 0.2,1,1881902609728356352,韵达快递,312622302106137,食品,陕西省,
嘉丰国际1号楼101快递美团干洗_站点-嘉丰国际1号楼101快递美团干洗,快递,2025-01-22 10:50:57,,1,,6.00,,2.32,42% - 0.2,1,1881897284933599232,韵达快递,312622252743637,其他,广东省,
嘉丰国际1号楼101快递美团干洗_站点-嘉丰国际1号楼101快递美团干洗,快递,2025-01-22 10:35:43,,0.35,,6.00,,2.32,42% - 0.2,1,1881893452509954048,极兔快递,JT0015131400650,服饰,广东省,
嘉丰国际1号楼101快递美团干洗_站点-嘉丰国际1号楼101快递美团干洗,快递,2025-01-22 10:34:15,,3.8,,10.00,,3.80,40% - 0.2,1,1881893061848285184,极兔快递,JT0015136582427,食品,甘肃省,
嘉丰国际1号楼101快递美团干洗_站点-嘉丰国际1号楼101快递美团干洗,干洗,2025-01-22 10:27:26,,,,15.00,,4.50,30%,,1881891362102394880,干洗,,"皮鞋   *   1",,
嘉丰国际1号楼101快递美团干洗_站点-嘉丰国际1号楼101快递美团干洗,干洗,2025-01-22 10:23:43,,,,15.00,,4.50,30%,,1881890429377265664,干洗,,"皮鞋   *   1",,
嘉丰国际1号楼101快递美团干洗_站点-嘉丰国际1号楼101快递美团干洗,干洗,2025-01-22 00:14:45,,,,19.80,,5.94,30%,,1881737169126236160,干洗,,"清洗鞋19.8元两双   *   1
清洗鞋19.8元两双   *   1",,
嘉丰国际1号楼101快递美团干洗_站点-嘉丰国际1号楼101快递美团干洗,快递,2025-01-21 19:15:30,,1,,6.00,,2.32,42% - 0.2,1,1881661865967951872,韵达快递,312621555467811,其他,宁夏回族自治区,
嘉丰国际1号楼101快递美团干洗_站点-嘉丰国际1号楼101快递美团干洗,快递,2025-01-21 19:14:28,,0.8,,6.00,,2.32,42% - 0.2,1,1881661583796150272,韵达快递,312621554239540,其他,宁夏回族自治区,
嘉丰国际1号楼101快递美团干洗_站点-嘉丰国际1号楼101快递美团干洗,快递,2025-01-21 19:13:29,,1,,6.00,,2.32,42% - 0.2,1,1881661356292907008,韵达快递,312621553733065,其他,宁夏回族自治区,
嘉丰国际1号楼101快递美团干洗_站点-嘉丰国际1号楼101快递美团干洗,快递,2025-01-21 19:12:26,,0.8,,6.00,,2.32,42% - 0.2,1,1881661093242937344,韵达快递,312621553429075,其他,宁夏回族自治区,
嘉丰国际1号楼101快递美团干洗_站点-嘉丰国际1号楼101快递美团干洗,快递,2025-01-21 19:11:40,,1,,6.00,,2.32,42% - 0.2,1,1881660897016619008,韵达快递,312621552786523,其他,宁夏回族自治区,
嘉丰国际1号楼101快递美团干洗_站点-嘉丰国际1号楼101快递美团干洗,快递,2025-01-21 19:10:51,,1,,6.00,,2.32,42% - 0.2,1,1881660694565953536,韵达快递,312621551924756,其他,宁夏回族自治区,
嘉丰国际1号楼101快递美团干洗_站点-嘉丰国际1号楼101快递美团干洗,快递,2025-01-21 19:10:03,,0.8,,6.00,,2.32,42% - 0.2,1,1881660492358557696,韵达快递,312621551596945,其他,宁夏回族自治区,
嘉丰国际1号楼101快递美团干洗_站点-嘉丰国际1号楼101快递美团干洗,快递,2025-01-21 19:09:02,,0.8,,6.00,,2.32,42% - 0.2,1,1881660223868575744,韵达快递,312621551402682,其他,宁夏回族自治区,
嘉丰国际1号楼101快递美团干洗_站点-嘉丰国际1号楼101快递美团干洗,快递,2025-01-21 19:08:17,,1,,6.00,,2.32,42% - 0.2,1,1881660056289353728,韵达快递,312621551305773,其他,宁夏回族自治区,
嘉丰国际1号楼101快递美团干洗_站点-嘉丰国际1号楼101快递美团干洗,快递,2025-01-21 19:05:31,,1.7,,7.00,,2.81,43% - 0.2,1,1881659358264893440,极兔快递,JT0015129201245,食品,四川省,
嘉丰国际1号楼101快递美团干洗_站点-嘉丰国际1号楼101快递美团干洗,干洗,2025-01-21 19:00:16,,,,15.00,,4.50,30%,,1881658031531040768,干洗,,"皮鞋   *   1",,
嘉丰国际1号楼101快递美团干洗_站点-嘉丰国际1号楼101快递美团干洗,快递,2025-01-21 18:56:27,,10.3,,27.50,,10.80,40% - 0.2,1,1881657062869114880,韵达快递,312621545297631,其他,湖北省,
嘉丰国际1号楼101快递美团干洗_站点-嘉丰国际1号楼101快递美团干洗,快递,2025-01-21 18:55:10,,15.4,,40.00,,15.80,40% - 0.2,1,1881656749437165568,韵达快递,312621545066845,其他,湖北省,
嘉丰国际1号楼101快递美团干洗_站点-嘉丰国际1号楼101快递美团干洗,快递,2025-01-21 18:54:24,,10,,25.00,,9.80,40% - 0.2,1,1881656560953532416,韵达快递,312621544870958,服饰,湖北省,
嘉丰国际1号楼101快递美团干洗_站点-嘉丰国际1号楼101快递美团干洗,快递,2025-01-21 16:45:33,,1,,6.00,,2.32,42% - 0.2,1,1881624131639386112,极兔快递,JT0015127489237,服饰,广东省,
嘉丰国际1号楼101快递美团干洗_站点-嘉丰国际1号楼101快递美团干洗,快递,2025-01-21 14:35:19,,0.5,,6.00,,2.32,42% - 0.2,1,1881591301790179328,极兔快递,JT0015123267601,服饰,广东省,
嘉丰国际1号楼101快递美团干洗_站点-嘉丰国际1号楼101快递美团干洗,快递,2025-01-21 14:01:12,,9.6,,25.00,,9.80,40% - 0.2,1,1881582773331501056,韵达快递,312621214444460,食品,山东省,
嘉丰国际1号楼101快递美团干洗_站点-嘉丰国际1号楼101快递美团干洗,快递,2025-01-21 13:51:10,,0.3,,6.00,,2.32,42% - 0.2,1,1881580247148339200,韵达快递,312621210859791,服饰,浙江省,
嘉丰国际1号楼101快递美团干洗_站点-嘉丰国际1号楼101快递美团干洗,快递,2025-01-21 13:18:14,,0.4,,6.00,,2.32,42% - 0.2,1,1881571961594388480,韵达快递,312621190760222,服饰,吉林省,
嘉丰国际1号楼101快递美团干洗_站点-嘉丰国际1号楼101快递美团干洗,快递,2025-01-21 13:16:36,,0.1,,6.00,,2.32,42% - 0.2,1,1881571549105561600,韵达快递,312621189866257,其他,浙江省,
嘉丰国际1号楼101快递美团干洗_站点-嘉丰国际1号楼101快递美团干洗,快递,2025-01-21 13:08:46,,0.6,,6.00,,2.32,42% - 0.2,1,1881569573055700992,韵达快递,312621186230205,食品,河北省,
嘉丰国际1号楼101快递美团干洗_站点-嘉丰国际1号楼101快递美团干洗,快递,2025-01-21 13:05:02,,1,,6.00,,2.32,42% - 0.2,1,1881568607816327168,韵达快递,312621181181223,服饰,浙江省,
嘉丰国际1号楼101快递美团干洗_站点-嘉丰国际1号楼101快递美团干洗,快递,2025-01-21 13:04:11,,0.95,,6.00,,2.32,42% - 0.2,1,1881568425305382912,韵达快递,312621180586005,服饰,浙江省,
嘉丰国际1号楼101快递美团干洗_站点-嘉丰国际1号楼101快递美团干洗,快递,2025-01-21 13:03:33,,1.2,,7.00,,2.81,43% - 0.2,1,1881568228122763264,韵达快递,312621179228195,服饰,浙江省,
嘉丰国际1号楼101快递美团干洗_站点-嘉丰国际1号楼101快递美团干洗,快递,2025-01-21 13:02:34,,0.5,,6.00,,2.32,42% - 0.2,1,1881568018009104384,韵达快递,312621174300814,服饰,浙江省,
嘉丰国际1号楼101快递美团干洗_站点-嘉丰国际1号楼101快递美团干洗,快递,2025-01-21 12:29:30,,5.1,,15.00,,5.80,40% - 0.2,1,1881559681272061952,韵达快递,312621138200526,易碎品,黑龙江省,
嘉丰国际1号楼101快递美团干洗_站点-嘉丰国际1号楼101快递美团干洗,快递,2025-01-21 12:28:28,,4.7,,12.50,,4.80,40% - 0.2,1,1881559431203463168,韵达快递,312621137885847,生鲜类,黑龙江省,
嘉丰国际1号楼101快递美团干洗_站点-嘉丰国际1号楼101快递美团干洗,快递,2025-01-21 11:35:59,,1.3,,7.00,,2.81,43% - 0.2,1,1881546227698049024,韵达快递,312621057799460,服饰,湖北省,
嘉丰国际1号楼101快递美团干洗_站点-嘉丰国际1号楼101快递美团干洗,快递,2025-01-21 11:12:20,,6.5,,17.50,,6.80,40% - 0.2,1,1881540272214188032,韵达快递,312621016850310,生鲜类,陕西省,
嘉丰国际1号楼101快递美团干洗_站点-嘉丰国际1号楼101快递美团干洗,快递,2025-01-21 11:11:17,,5.2,,15.00,,5.80,40% - 0.2,1,1881539800682143744,韵达快递,312621011938708,生鲜类,陕西省,
嘉丰国际1号楼101快递美团干洗_站点-嘉丰国际1号楼101快递美团干洗,快递,2025-01-20 18:52:23,,0.5,,6.00,,2.32,42% - 0.2,1,1881293647810838528,极兔快递,JT0015115103911,其他,广东省,
嘉丰国际1号楼101快递美团干洗_站点-嘉丰国际1号楼101快递美团干洗,快递,2025-01-20 18:51:39,,0.5,,6.00,,2.32,42% - 0.2,1,1881293480831401984,极兔快递,JT0015111831286,其他,河北省,
嘉丰国际1号楼101快递美团干洗_站点-嘉丰国际1号楼101快递美团干洗,快递,2025-01-20 18:41:14,,0.5,,6.00,,2.32,42% - 0.2,1,1881290856002404352,极兔快递,JT0015114442457,其他,河北省,
嘉丰国际1号楼101快递美团干洗_站点-嘉丰国际1号楼101快递美团干洗,干洗,2025-01-20 18:16:08,,,,12.80,,3.84,30%,,1881284535265968128,干洗,,"凉鞋   *   1",,
嘉丰国际1号楼101快递美团干洗_站点-嘉丰国际1号楼101快递美团干洗,干洗,2025-01-20 16:18:04,,,,49.00,,14.70,30%,,1881254826176069632,干洗,,"清洗普通羽绒服2件不分长短49元   *   1
清洗普通羽绒服2件不分长短49元   *   1",,
嘉丰国际1号楼101快递美团干洗_站点-嘉丰国际1号楼101快递美团干洗,快递,2025-01-20 16:11:06,,0.5,,6.00,,2.32,42% - 0.2,1,1881253077197438976,申通快递,772037059190933,其他,浙江省,
嘉丰国际1号楼101快递美团干洗_站点-嘉丰国际1号楼101快递美团干洗,快递,2025-01-20 16:10:10,,3,,8.00,,3.40,45% - 0.2,1,1881252751585230848,申通快递,772037066737151,服饰,浙江省,
嘉丰国际1号楼101快递美团干洗_站点-嘉丰国际1号楼101快递美团干洗,快递,2025-01-20 14:04:15,,0.4,,6.00,,2.32,42% - 0.2,1,1881221152705400832,韵达快递,312619748140470,其他,湖南省,
嘉丰国际1号楼101快递美团干洗_站点-嘉丰国际1号楼101快递美团干洗,快递,2025-01-20 13:16:02,,8.8,,22.50,,8.80,40% - 0.2,1,1881209017275305984,韵达快递,312619679268147,食品,广东省,
嘉丰国际1号楼101快递美团干洗_站点-嘉丰国际1号楼101快递美团干洗,快递,2025-01-20 13:00:40,,1,,6.00,,2.32,42% - 0.2,1,1881205155097268224,韵达快递,312619673207091,其他,浙江省,
嘉丰国际1号楼101快递美团干洗_站点-嘉丰国际1号楼101快递美团干洗,快递,2025-01-20 12:57:54,,1,,12.00,,3.80,31.67% - 0.2,1,1881204459895574528,韵达快递,312619662485926,食品,海南省,
嘉丰国际1号楼101快递美团干洗_站点-嘉丰国际1号楼101快递美团干洗,快递,2025-01-20 12:55:49,,1,,6.00,,2.32,42% - 0.2,1,1881203925205700608,韵达快递,312619662069857,其他,广东省,
嘉丰国际1号楼101快递美团干洗_站点-嘉丰国际1号楼101快递美团干洗,快递,2025-01-20 12:50:45,,1,,6.00,,2.32,42% - 0.2,1,1881202655816372224,韵达快递,312619660614273,其他,广东省,
嘉丰国际1号楼101快递美团干洗_站点-嘉丰国际1号楼101快递美团干洗,快递,2025-01-20 12:36:04,,1,,6.00,,2.32,42% - 0.2,1,1881198960689074176,韵达快递,312619653623728,其他,山东省,
嘉丰国际1号楼101快递美团干洗_站点-嘉丰国际1号楼101快递美团干洗,快递,2025-01-20 11:57:37,,1,,6.00,,2.32,42% - 0.2,1,1881189286732419072,韵达快递,312619594726059,其他,广东省,
嘉丰国际1号楼101快递美团干洗_站点-嘉丰国际1号楼101快递美团干洗,快递,2025-01-20 11:56:32,,1,,6.00,,2.32,42% - 0.2,1,1881189012609486848,韵达快递,312619594366231,其他,江苏省,
嘉丰国际1号楼101快递美团干洗_站点-嘉丰国际1号楼101快递美团干洗,快递,2025-01-19 21:39:44,,0.5,,6.00,,2.32,42% - 0.2,1,1880973369285070848,韵达快递,312618636684705,其他,内蒙古自治区,
嘉丰国际1号楼101快递美团干洗_站点-嘉丰国际1号楼101快递美团干洗,快递,2025-01-19 18:29:22,,6.5,,17.50,,6.80,40% - 0.2,1,1880925482387820544,极兔快递,JT0015097522219,食品,陕西省,
嘉丰国际1号楼101快递美团干洗_站点-嘉丰国际1号楼101快递美团干洗,快递,2025-01-19 17:44:38,,1,,6.00,,2.32,42% - 0.2,1,1880914227476353024,极兔快递,JT0015098634501,其他,广东省,
嘉丰国际1号楼101快递美团干洗_站点-嘉丰国际1号楼101快递美团干洗,快递,2025-01-19 14:02:19,,0.8,,6.00,,2.32,42% - 0.2,1,1880858282675195904,韵达快递,312617957151355,其他,四川省,
嘉丰国际1号楼101快递美团干洗_站点-嘉丰国际1号楼101快递美团干洗,快递,2025-01-19 13:53:14,,0.2,,6.00,,2.32,42% - 0.2,1,1880855978840477696,韵达快递,312617941662074,服饰,广东省,
嘉丰国际1号楼101快递美团干洗_站点-嘉丰国际1号楼101快递美团干洗,快递,2025-01-19 13:52:36,,0.32,,6.00,,2.32,42% - 0.2,1,1880855828613091328,韵达快递,312617941502879,服饰,湖北省,
嘉丰国际1号楼101快递美团干洗_站点-嘉丰国际1号楼101快递美团干洗,快递,2025-01-19 13:51:44,,0.3,,6.00,,2.32,42% - 0.2,1,1880855617580879872,韵达快递,312617941296263,服饰,浙江省,
嘉丰国际1号楼101快递美团干洗_站点-嘉丰国际1号楼101快递美团干洗,快递,2025-01-19 13:48:27,,5.4,,15.00,,5.80,40% - 0.2,1,1880854788127903744,韵达快递,312617928494531,生鲜类,陕西省,
嘉丰国际1号楼101快递美团干洗_站点-嘉丰国际1号楼101快递美团干洗,快递,2025-01-19 11:53:53,,5.8,,15.00,,5.80,40% - 0.2,1,1880825958835212288,韵达快递,312617770014396,服饰,浙江省,
嘉丰国际1号楼101快递美团干洗_站点-嘉丰国际1号楼101快递美团干洗,快递,2025-01-19 10:44:56,,1,,6.00,,2.32,42% - 0.2,1,1880808610615054336,极兔快递,JT0015091166113,服饰,广东省,
嘉丰国际1号楼101快递美团干洗_站点-嘉丰国际1号楼101快递美团干洗,快递,2025-01-19 10:43:44,,0.95,,6.00,,2.32,42% - 0.2,1,1880808305114533888,极兔快递,JT0015093015009,服饰,江苏省,
嘉丰国际1号楼101快递美团干洗_站点-嘉丰国际1号楼101快递美团干洗,快递,2025-01-19 10:35:32,,0.6,,6.00,,2.32,42% - 0.2,1,1880806239923130368,极兔快递,JT0015085255139,其他,河北省,
嘉丰国际1号楼101快递美团干洗_站点-嘉丰国际1号楼101快递美团干洗,快递,2025-01-19 10:16:37,,0.5,,6.00,,2.32,42% - 0.2,1,1880801480046596096,极兔快递,JT0015090219042,服饰,江苏省,
嘉丰国际1号楼101快递美团干洗_站点-嘉丰国际1号楼101快递美团干洗,快递,2025-01-19 10:15:48,,2.4,,8.00,,3.40,45% - 0.2,1,1880801274701860864,极兔快递,JT0015083520861,食品,陕西省,
嘉丰国际1号楼101快递美团干洗_站点-嘉丰国际1号楼101快递美团干洗,快递,2025-01-18 19:56:59,,1,,6.00,,2.32,42% - 0.2,1,1880585146046140416,极兔快递,JT0015087308491,服饰,吉林省,
嘉丰国际1号楼101快递美团干洗_站点-嘉丰国际1号楼101快递美团干洗,干洗,2025-01-18 19:18:58,,,,22.80,,6.84,30%,,1880575576787701760,干洗,,"靴子   *   1",,
嘉丰国际1号楼101快递美团干洗_站点-嘉丰国际1号楼101快递美团干洗,快递,2025-01-18 19:12:55,,1,,6.00,,2.32,42% - 0.2,1,1880574056318947328,极兔快递,JT0015084089141,其他,山西省,
嘉丰国际1号楼101快递美团干洗_站点-嘉丰国际1号楼101快递美团干洗,快递,2025-01-18 18:43:27,,15.5,,40.00,,15.80,40% - 0.2,1,1880566618672910336,极兔快递,JT0015086349033,食品,广东省,
嘉丰国际1号楼101快递美团干洗_站点-嘉丰国际1号楼101快递美团干洗,快递,2025-01-18 17:33:25,,0.2,,6.00,,2.32,42% - 0.2,1,1880549015430680576,极兔快递,JT0015086111196,服饰,广东省,
嘉丰国际1号楼101快递美团干洗_站点-嘉丰国际1号楼101快递美团干洗,干洗,2025-01-18 17:27:29,,,,15.00,,4.50,30%,,1880547523961344000,干洗,,"布鞋_网鞋   *   1",,
嘉丰国际1号楼101快递美团干洗_站点-嘉丰国际1号楼101快递美团干洗,快递,2025-01-18 16:50:05,,0.75,,6.00,,2.32,42% - 0.2,1,1880538114707214336,极兔快递,JT0015084058605,服饰,广东省,
嘉丰国际1号楼101快递美团干洗_站点-嘉丰国际1号楼101快递美团干洗,快递,2025-01-18 16:35:17,,0.9,,6.00,,2.32,42% - 0.2,1,1880534384884633600,极兔快递,JT0015083252882,服饰,河南省,
嘉丰国际1号楼101快递美团干洗_站点-嘉丰国际1号楼101快递美团干洗,干洗,2025-01-18 15:19:34,,,,9.90,,2.97,30%,,1880515313334013952,干洗,,"清洗鞋19.8元两双   *   1",,
嘉丰国际1号楼101快递美团干洗_站点-嘉丰国际1号楼101快递美团干洗,干洗,2025-01-18 15:15:04,,,,9.90,,2.97,30%,,1880514198290878464,干洗,,"清洗鞋19.8元两双   *   1",,
嘉丰国际1号楼101快递美团干洗_站点-嘉丰国际1号楼101快递美团干洗,快递,2025-01-18 14:02:21,,0.5,,6.00,,2.32,42% - 0.2,1,1880495896537649152,韵达快递,312616284749146,服饰,广东省,
嘉丰国际1号楼101快递美团干洗_站点-嘉丰国际1号楼101快递美团干洗,快递,2025-01-18 14:01:16,,0.5,,6.00,,2.32,42% - 0.2,1,1880495623849168896,韵达快递,312616284418844,服饰,广东省,
嘉丰国际1号楼101快递美团干洗_站点-嘉丰国际1号楼101快递美团干洗,快递,2025-01-18 14:00:01,,2,,7.00,,2.81,43% - 0.2,1,1880495312862498816,韵达快递,312616284097554,食品,陕西省,
嘉丰国际1号楼101快递美团干洗_站点-嘉丰国际1号楼101快递美团干洗,快递,2025-01-18 11:55:41,,0.04,,6.00,,2.32,42% - 0.2,1,1880464027527991296,韵达快递,312616078164457,其他,广东省,
嘉丰国际1号楼101快递美团干洗_站点-嘉丰国际1号楼101快递美团干洗,快递,2025-01-18 11:35:17,,0.4,,6.00,,2.32,42% - 0.2,1,1880458886301143040,韵达快递,312616017624001,文件,湖北省,
嘉丰国际1号楼101快递美团干洗_站点-嘉丰国际1号楼101快递美团干洗,快递,2025-01-18 11:32:36,,0.3,,7.00,,1.94,42%,1,1880457852006748160,韵达快递,312616015033699,文件,北京市,
嘉丰国际1号楼101快递美团干洗_站点-嘉丰国际1号楼101快递美团干洗,快递,2025-01-18 11:29:54,,0.6,,6.00,,2.32,42% - 0.2,1,1880457529380884480,韵达快递,312616007625574,服饰,江西省,
嘉丰国际1号楼101快递美团干洗_站点-嘉丰国际1号楼101快递美团干洗,快递,2025-01-18 11:27:28,,0.4,,6.00,,2.32,42% - 0.2,1,1880456871995035648,韵达快递,312616001105078,其他,宁夏回族自治区,
嘉丰国际1号楼101快递美团干洗_站点-嘉丰国际1号楼101快递美团干洗,快递,2025-01-18 11:02:06,,1.4,,7.00,,2.81,43% - 0.2,1,1880450533986455552,韵达快递,312615915673833,服饰,湖北省,
嘉丰国际1号楼101快递美团干洗_站点-嘉丰国际1号楼101快递美团干洗,快递,2025-01-18 10:59:58,,1.1,,7.00,,2.81,43% - 0.2,1,1880449994913533952,韵达快递,312615913893085,服饰,浙江省,
嘉丰国际1号楼101快递美团干洗_站点-嘉丰国际1号楼101快递美团干洗,快递,2025-01-17 20:30:48,,0.2,,6.00,,2.32,42% - 0.2,1,1880231262861709312,极兔快递,JT0015072131054,其他,陕西省,
嘉丰国际1号楼101快递美团干洗_站点-嘉丰国际1号楼101快递美团干洗,快递,2025-01-17 19:09:59,,1,,6.00,,2.32,42% - 0.2,1,1880210927651180544,极兔快递,JT0015070866100,服饰,四川省,
嘉丰国际1号楼101快递美团干洗_站点-嘉丰国际1号楼101快递美团干洗,快递,2025-01-17 18:58:38,,0.2,,7.00,,1.94,42%,1,1880208072294846464,极兔快递,JT0015063261690,其他,上海市,
嘉丰国际1号楼101快递美团干洗_站点-嘉丰国际1号楼101快递美团干洗,快递,2025-01-17 18:25:32,,0.6,,6.00,,2.32,42% - 0.2,1,1880199745632522240,极兔快递,JT0015068277740,服饰,安徽省,
嘉丰国际1号楼101快递美团干洗_站点-嘉丰国际1号楼101快递美团干洗,快递,2025-01-17 17:08:20,,5.2,,15.00,,5.80,40% - 0.2,1,1880180317452816384,极兔快递,JT0015069294378,其他,黑龙江省,
嘉丰国际1号楼101快递美团干洗_站点-嘉丰国际1号楼101快递美团干洗,快递,2025-01-17 17:06:50,,3.2,,10.00,,3.80,40% - 0.2,1,1880179927445458944,极兔快递,JT0015067848245,服饰,陕西省,
嘉丰国际1号楼101快递美团干洗_站点-嘉丰国际1号楼101快递美团干洗,干洗,2025-01-17 16:12:38,,,,24.50,,7.35,30%,,1880166297186390016,干洗,,"清洗普通羽绒服2件不分长短49元   *   1",,
嘉丰国际1号楼101快递美团干洗_站点-嘉丰国际1号楼101快递美团干洗,干洗,2025-01-17 16:05:45,,,,24.50,,7.35,30%,,1880164564171280384,干洗,,"清洗普通羽绒服2件不分长短49元   *   1",,
嘉丰国际1号楼101快递美团干洗_站点-嘉丰国际1号楼101快递美团干洗,快递,2025-01-17 15:58:18,,1,,6.00,,2.32,42% - 0.2,1,1880162684301004800,申通快递,772036949021257,其他,湖北省,
嘉丰国际1号楼101快递美团干洗_站点-嘉丰国际1号楼101快递美团干洗,快递,2025-01-17 15:57:43,,1,,6.00,,2.32,42% - 0.2,1,1880162545683451904,申通快递,772036938926201,其他,湖北省,
嘉丰国际1号楼101快递美团干洗_站点-嘉丰国际1号楼101快递美团干洗,快递,2025-01-17 14:36:05,,0.5,,6.00,,2.32,42% - 0.2,1,1880141984655790080,韵达快递,312614468758910,服饰,广东省,
嘉丰国际1号楼101快递美团干洗_站点-嘉丰国际1号楼101快递美团干洗,快递,2025-01-17 13:53:23,,0.5,,6.00,,2.32,42% - 0.2,1,1880131258272763904,韵达快递,312614428036656,服饰,广东省,
嘉丰国际1号楼101快递美团干洗_站点-嘉丰国际1号楼101快递美团干洗,快递,2025-01-17 13:51:15,,1,,6.00,,2.32,42% - 0.2,1,1880130717845082112,韵达快递,312614426923077,服饰,浙江省,
嘉丰国际1号楼101快递美团干洗_站点-嘉丰国际1号楼101快递美团干洗,快递,2025-01-17 13:40:24,,0.5,,6.00,,2.32,42% - 0.2,1,1880127986824695808,韵达快递,312614402992102,服饰,四川省,
嘉丰国际1号楼101快递美团干洗_站点-嘉丰国际1号楼101快递美团干洗,快递,2025-01-17 13:37:11,,0.5,,6.00,,2.32,42% - 0.2,1,1880127181845483520,韵达快递,312614400264887,服饰,广东省,
嘉丰国际1号楼101快递美团干洗_站点-嘉丰国际1号楼101快递美团干洗,快递,2025-01-17 13:31:14,,0.2,,6.00,,2.32,42% - 0.2,1,1880125681161261056,韵达快递,312614390758851,其他,辽宁省,
嘉丰国际1号楼101快递美团干洗_站点-嘉丰国际1号楼101快递美团干洗,快递,2025-01-17 12:31:23,,4.2,,12.50,,4.80,40% - 0.2,1,1880110620447395840,韵达快递,312614251606566,服饰,黑龙江省,
嘉丰国际1号楼101快递美团干洗_站点-嘉丰国际1号楼101快递美团干洗,快递,2025-01-17 11:51:09,,0.7,,6.00,,2.32,42% - 0.2,1,1880100446710059008,韵达快递,312614133776632,服饰,广东省,
嘉丰国际1号楼101快递美团干洗_站点-嘉丰国际1号楼101快递美团干洗,快递,2025-01-17 11:14:26,,1.9,,7.00,,2.81,43% - 0.2,1,1880091251306713088,极兔快递,JT0015061196616,食品,陕西省,
嘉丰国际1号楼101快递美团干洗_站点-嘉丰国际1号楼101快递美团干洗,快递,2025-01-16 20:11:11,,3,,8.00,,3.40,45% - 0.2,1,1879863941219536896,极兔快递,JT0015053301704,易碎品,浙江省,
嘉丰国际1号楼101快递美团干洗_站点-嘉丰国际1号楼101快递美团干洗,快递,2025-01-16 19:11:53,,0.9,,6.00,,2.32,42% - 0.2,1,1879849021287485440,极兔快递,JT0015049231853,服饰,江苏省,
嘉丰国际1号楼101快递美团干洗_站点-嘉丰国际1号楼101快递美团干洗,快递,2025-01-16 19:10:33,,0.2,,6.00,,2.32,42% - 0.2,1,1879848664306077696,极兔快递,JT0015048379358,服饰,浙江省,
嘉丰国际1号楼101快递美团干洗_站点-嘉丰国际1号楼101快递美团干洗,快递,2025-01-16 19:09:48,,0.3,,6.00,,2.32,42% - 0.2,1,1879848488111755264,极兔快递,JT0015053893617,服饰,广东省,
嘉丰国际1号楼101快递美团干洗_站点-嘉丰国际1号楼101快递美团干洗,快递,2025-01-16 19:08:49,,0.1,,6.00,,2.32,42% - 0.2,1,1879848250105974784,极兔快递,JT0015056053250,其他,广东省,
嘉丰国际1号楼101快递美团干洗_站点-嘉丰国际1号楼101快递美团干洗,快递,2025-01-16 19:00:38,,1,,6.00,,2.32,42% - 0.2,1,1879846189024989184,极兔快递,JT0015054070105,服饰,安徽省,
嘉丰国际1号楼101快递美团干洗_站点-嘉丰国际1号楼101快递美团干洗,快递,2025-01-16 18:16:03,,1,,6.00,,2.32,42% - 0.2,1,1879834960478916608,极兔快递,JT0015054789549,其他,湖北省,
嘉丰国际1号楼101快递美团干洗_站点-嘉丰国际1号楼101快递美团干洗,快递,2025-01-16 18:15:12,,1,,6.00,,2.32,42% - 0.2,1,1879834716991180800,极兔快递,JT0015050488776,其他,湖北省,
嘉丰国际1号楼101快递美团干洗_站点-嘉丰国际1号楼101快递美团干洗,快递,2025-01-16 18:14:31,,1,,6.00,,2.32,42% - 0.2,1,1879834580768575488,极兔快递,JT0015044217466,其他,湖北省,
嘉丰国际1号楼101快递美团干洗_站点-嘉丰国际1号楼101快递美团干洗,快递,2025-01-16 18:04:09,,0.2,,6.00,,2.32,42% - 0.2,1,1879831975782830080,极兔快递,JT0015050974835,其他,广东省,
嘉丰国际1号楼101快递美团干洗_站点-嘉丰国际1号楼101快递美团干洗,快递,2025-01-16 18:00:32,,0.9,,6.00,,2.32,42% - 0.2,1,1879831058085892096,极兔快递,JT0015047185716,其他,天津市,
嘉丰国际1号楼101快递美团干洗_站点-嘉丰国际1号楼101快递美团干洗,快递,2025-01-16 17:59:27,,1.8,,7.00,,2.81,43% - 0.2,1,1879830783526752256,极兔快递,JT0015048997106,服饰,广东省,
嘉丰国际1号楼101快递美团干洗_站点-嘉丰国际1号楼101快递美团干洗,快递,2025-01-16 17:58:28,,0.2,,6.00,,2.32,42% - 0.2,1,1879830543914553344,极兔快递,JT0015046637536,服饰,河北省,
嘉丰国际1号楼101快递美团干洗_站点-嘉丰国际1号楼101快递美团干洗,快递,2025-01-16 17:56:31,,0.9,,6.00,,2.32,42% - 0.2,1,1879830047464148992,极兔快递,JT0015054465755,服饰,广东省,
嘉丰国际1号楼101快递美团干洗_站点-嘉丰国际1号楼101快递美团干洗,快递,2025-01-16 17:55:36,,1.2,,7.00,,2.81,43% - 0.2,1,1879829823790305280,极兔快递,JT0015053090696,其他,天津市,
嘉丰国际1号楼101快递美团干洗_站点-嘉丰国际1号楼101快递美团干洗,快递,2025-01-16 17:38:06,,8.8,,22.50,,8.80,40% - 0.2,1,1879825404726136832,极兔快递,JT0015053147826,食品,四川省,
嘉丰国际1号楼101快递美团干洗_站点-嘉丰国际1号楼101快递美团干洗,快递,2025-01-16 17:21:37,,0.7,,6.00,,2.32,42% - 0.2,1,1879821263027097600,极兔快递,JT0015042831652,服饰,河南省,
嘉丰国际1号楼101快递美团干洗_站点-嘉丰国际1号楼101快递美团干洗,快递,2025-01-16 17:20:56,,0.9,,6.00,,2.32,42% - 0.2,1,1879821092646080512,极兔快递,JT0015050970489,服饰,湖北省,
嘉丰国际1号楼101快递美团干洗_站点-嘉丰国际1号楼101快递美团干洗,快递,2025-01-16 17:20:07,,0.55,,6.00,,2.32,42% - 0.2,1,1879820895278911488,极兔快递,JT0015048590429,服饰,广东省,
嘉丰国际1号楼101快递美团干洗_站点-嘉丰国际1号楼101快递美团干洗,快递,2025-01-16 17:18:59,,0.65,,6.00,,2.32,42% - 0.2,1,1879820608266883072,极兔快递,JT0015053000803,服饰,广东省,
嘉丰国际1号楼101快递美团干洗_站点-嘉丰国际1号楼101快递美团干洗,快递,2025-01-16 17:17:41,,0.6,,6.00,,2.32,42% - 0.2,1,1879820284068155392,极兔快递,JT0015053584591,服饰,广东省,
嘉丰国际1号楼101快递美团干洗_站点-嘉丰国际1号楼101快递美团干洗,快递,2025-01-16 17:16:25,,0.6,,6.00,,2.32,42% - 0.2,1,1879819963384254464,极兔快递,JT0015053295249,服饰,广东省,
嘉丰国际1号楼101快递美团干洗_站点-嘉丰国际1号楼101快递美团干洗,快递,2025-01-16 17:15:01,,0.4,,6.00,,2.32,42% - 0.2,1,1879819606260240384,极兔快递,JT0015051504209,其他,河北省,
嘉丰国际1号楼101快递美团干洗_站点-嘉丰国际1号楼101快递美团干洗,快递,2025-01-16 17:11:43,,2.5,,8.00,,3.40,45% - 0.2,1,1879818778891833344,极兔快递,JT0015046768098,其他,河北省,
嘉丰国际1号楼101快递美团干洗_站点-嘉丰国际1号楼101快递美团干洗,快递,2025-01-16 16:11:15,,0.5,,6.00,,2.32,42% - 0.2,1,1879803543673950208,极兔快递,JT0015050347685,服饰,浙江省,
嘉丰国际1号楼101快递美团干洗_站点-嘉丰国际1号楼101快递美团干洗,快递,2025-01-16 16:06:44,,0.8,,6.00,,2.32,42% - 0.2,1,1879802426495913984,极兔快递,JT0015038163061,服饰,浙江省,
嘉丰国际1号楼101快递美团干洗_站点-嘉丰国际1号楼101快递美团干洗,快递,2025-01-16 16:04:12,,0.3,,6.00,,2.32,42% - 0.2,1,1879801789133672448,极兔快递,JT0015043613311,数码产品,江苏省,
嘉丰国际1号楼101快递美团干洗_站点-嘉丰国际1号楼101快递美团干洗,快递,2025-01-16 16:03:04,,0.3,,6.00,,2.32,42% - 0.2,1,1879801485277319168,极兔快递,JT0015052124594,数码产品,江苏省,
嘉丰国际1号楼101快递美团干洗_站点-嘉丰国际1号楼101快递美团干洗,快递,2025-01-16 15:15:15,,1,,6.00,,2.32,42% - 0.2,1,1879789464594993152,申通快递,772036855770189,其他,湖北省,
嘉丰国际1号楼101快递美团干洗_站点-嘉丰国际1号楼101快递美团干洗,快递,2025-01-16 15:14:39,,1,,6.00,,2.32,42% - 0.2,1,1879789303730851840,申通快递,772036903297182,其他,湖北省,
嘉丰国际1号楼101快递美团干洗_站点-嘉丰国际1号楼101快递美团干洗,快递,2025-01-16 15:13:05,,1,,6.00,,2.32,42% - 0.2,1,1879788917376733184,申通快递,772036901901866,其他,湖北省,
嘉丰国际1号楼101快递美团干洗_站点-嘉丰国际1号楼101快递美团干洗,快递,2025-01-16 15:12:26,,1,,6.00,,2.32,42% - 0.2,1,1879788762153930752,申通快递,772036869369124,其他,湖北省,
嘉丰国际1号楼101快递美团干洗_站点-嘉丰国际1号楼101快递美团干洗,快递,2025-01-16 15:10:47,,1,,6.00,,2.32,42% - 0.2,1,1879788305754935296,申通快递,772036869316567,其他,湖北省,
嘉丰国际1号楼101快递美团干洗_站点-嘉丰国际1号楼101快递美团干洗,快递,2025-01-16 15:09:46,,1,,6.00,,2.32,42% - 0.2,1,1879788089165271040,申通快递,772036881187355,生鲜类,湖北省,
嘉丰国际1号楼101快递美团干洗_站点-嘉丰国际1号楼101快递美团干洗,快递,2025-01-16 15:07:54,,1,,6.00,,2.32,42% - 0.2,1,1879787618803437568,申通快递,772036778316344,其他,湖北省,
嘉丰国际1号楼101快递美团干洗_站点-嘉丰国际1号楼101快递美团干洗,快递,2025-01-16 15:04:39,,1,,6.00,,2.32,42% - 0.2,1,1879786794115190784,申通快递,772036898145278,其他,湖北省,
嘉丰国际1号楼101快递美团干洗_站点-嘉丰国际1号楼101快递美团干洗,快递,2025-01-16 14:22:43,,0.4,,6.00,,2.32,42% - 0.2,1,1879776237928632320,韵达快递,312612557415533,服饰,浙江省,
嘉丰国际1号楼101快递美团干洗_站点-嘉丰国际1号楼101快递美团干洗,快递,2025-01-16 14:21:58,,0.7,,6.00,,2.32,42% - 0.2,1,1879776056038445056,韵达快递,312612557126847,服饰,浙江省,
嘉丰国际1号楼101快递美团干洗_站点-嘉丰国际1号楼101快递美团干洗,快递,2025-01-16 14:16:31,,1,,6.00,,2.32,42% - 0.2,1,1879774662497718272,韵达快递,312612551998549,其他,湖北省,
嘉丰国际1号楼101快递美团干洗_站点-嘉丰国际1号楼101快递美团干洗,快递,2025-01-16 14:10:56,,1.6,,7.00,,2.81,43% - 0.2,1,1879773258873884672,韵达快递,312612542720009,服饰,辽宁省,
嘉丰国际1号楼101快递美团干洗_站点-嘉丰国际1号楼101快递美团干洗,快递,2025-01-16 13:29:38,,0.3,,6.00,,2.32,42% - 0.2,1,1879762406066147328,韵达快递,312612453787144,其他,浙江省,
嘉丰国际1号楼101快递美团干洗_站点-嘉丰国际1号楼101快递美团干洗,快递,2025-01-16 13:23:17,,0.6,,6.00,,2.32,42% - 0.2,1,1879761264263352320,韵达快递,312612440135678,服饰,湖南省,
嘉丰国际1号楼101快递美团干洗_站点-嘉丰国际1号楼101快递美团干洗,快递,2025-01-16 12:56:40,,0.1,,6.00,,2.32,42% - 0.2,1,1879754560826036224,韵达快递,312612417458254,其他,广东省,
嘉丰国际1号楼101快递美团干洗_站点-嘉丰国际1号楼101快递美团干洗,快递,2025-01-16 12:41:36,,0.05,,6.00,,2.32,42% - 0.2,1,1879750796803100672,韵达快递,312612408087993,其他,河北省,
嘉丰国际1号楼101快递美团干洗_站点-嘉丰国际1号楼101快递美团干洗,快递,2025-01-16 12:40:56,,0.7,,6.00,,2.32,42% - 0.2,1,1879750630557667328,韵达快递,312612407957552,服饰,浙江省,
嘉丰国际1号楼101快递美团干洗_站点-嘉丰国际1号楼101快递美团干洗,快递,2025-01-16 12:40:21,,0.85,,6.00,,2.32,42% - 0.2,1,1879750490929287168,韵达快递,312612407861570,服饰,浙江省,
嘉丰国际1号楼101快递美团干洗_站点-嘉丰国际1号楼101快递美团干洗,快递,2025-01-16 12:38:21,,1.7,,7.00,,2.81,43% - 0.2,1,1879749975197667328,韵达快递,312612401184598,服饰,江苏省,
嘉丰国际1号楼101快递美团干洗_站点-嘉丰国际1号楼101快递美团干洗,快递,2025-01-16 12:37:41,,1.7,,7.00,,2.81,43% - 0.2,1,1879749817521197056,韵达快递,312612396867523,服饰,江苏省,
嘉丰国际1号楼101快递美团干洗_站点-嘉丰国际1号楼101快递美团干洗,快递,2025-01-16 12:36:56,,0.7,,6.00,,2.32,42% - 0.2,1,1879749628035125248,韵达快递,312612396719177,服饰,广东省,
嘉丰国际1号楼101快递美团干洗_站点-嘉丰国际1号楼101快递美团干洗,快递,2025-01-16 12:34:31,,0.4,,6.00,,2.32,42% - 0.2,1,1879749020469219328,韵达快递,312612395178084,服饰,河北省,
嘉丰国际1号楼101快递美团干洗_站点-嘉丰国际1号楼101快递美团干洗,快递,2025-01-16 12:23:11,,2.4,,8.00,,3.40,45% - 0.2,1,1879746164022366208,韵达快递,312612366590755,食品,山东省,
嘉丰国际1号楼101快递美团干洗_站点-嘉丰国际1号楼101快递美团干洗,快递,2025-01-16 12:21:06,,0.75,,6.00,,2.32,42% - 0.2,1,1879745635544256512,韵达快递,312612365688142,服饰,河北省,
嘉丰国际1号楼101快递美团干洗_站点-嘉丰国际1号楼101快递美团干洗,快递,2025-01-16 12:20:25,,0.9,,6.00,,2.32,42% - 0.2,1,1879745442560135168,韵达快递,312612365425434,服饰,广东省,
嘉丰国际1号楼101快递美团干洗_站点-嘉丰国际1号楼101快递美团干洗,快递,2025-01-16 12:19:32,,0.9,,6.00,,2.32,42% - 0.2,1,1879745237261537280,韵达快递,312612364173548,服饰,广东省,
嘉丰国际1号楼101快递美团干洗_站点-嘉丰国际1号楼101快递美团干洗,快递,2025-01-16 12:18:28,,0.8,,6.00,,2.32,42% - 0.2,1,1879744977944498176,韵达快递,312612356005991,服饰,广东省,
嘉丰国际1号楼101快递美团干洗_站点-嘉丰国际1号楼101快递美团干洗,快递,2025-01-16 12:13:52,,0.01,,6.00,,2.32,42% - 0.2,1,1879743819767140352,韵达快递,312612349350003,其他,广东省,
嘉丰国际1号楼101快递美团干洗_站点-嘉丰国际1号楼101快递美团干洗,快递,2025-01-16 12:12:42,,0.01,,6.00,,2.32,42% - 0.2,1,1879743505911566336,韵达快递,312612347013108,其他,四川省,
嘉丰国际1号楼101快递美团干洗_站点-嘉丰国际1号楼101快递美团干洗,快递,2025-01-16 12:05:23,,0.6,,6.00,,2.32,42% - 0.2,1,1879741690755207168,韵达快递,312612332378851,服饰,广东省,
嘉丰国际1号楼101快递美团干洗_站点-嘉丰国际1号楼101快递美团干洗,快递,2025-01-16 12:03:41,,0.4,,6.00,,2.32,42% - 0.2,1,1879741259962437632,韵达快递,312612327182771,服饰,辽宁省,
嘉丰国际1号楼101快递美团干洗_站点-嘉丰国际1号楼101快递美团干洗,快递,2025-01-16 11:59:41,,2.6,,8.00,,3.40,45% - 0.2,1,1879740252805189632,韵达快递,312612323913985,其他,浙江省,
嘉丰国际1号楼101快递美团干洗_站点-嘉丰国际1号楼101快递美团干洗,干洗,2025-01-16 11:55:01,,,,35.00,,10.50,30%,,1879739074155433984,干洗,,"毛呢羽绒服   *   1",,
嘉丰国际1号楼101快递美团干洗_站点-嘉丰国际1号楼101快递美团干洗,快递,2025-01-16 11:43:10,,0.2,,6.00,,2.32,42% - 0.2,1,1879736095343955968,韵达快递,312612282784644,其他,广东省,
嘉丰国际1号楼101快递美团干洗_站点-嘉丰国际1号楼101快递美团干洗,快递,2025-01-16 11:32:39,,1.1,,7.00,,2.81,43% - 0.2,1,1879733448717160448,韵达快递,312612276174547,其他,安徽省,
嘉丰国际1号楼101快递美团干洗_站点-嘉丰国际1号楼101快递美团干洗,快递,2025-01-16 11:23:38,,1.25,,7.00,,2.81,43% - 0.2,1,1879731178235547648,韵达快递,312612252745074,服饰,湖南省,
嘉丰国际1号楼101快递美团干洗_站点-嘉丰国际1号楼101快递美团干洗,快递,2025-01-16 11:19:08,,6.2,,17.50,,6.80,40% - 0.2,1,1879730050571751424,韵达快递,312612227676534,食品,陕西省,
嘉丰国际1号楼101快递美团干洗_站点-嘉丰国际1号楼101快递美团干洗,快递,2025-01-16 11:15:25,,3.5,,10.00,,3.80,40% - 0.2,1,1879729116017905664,韵达快递,312612200941829,食品,陕西省,
嘉丰国际1号楼101快递美团干洗_站点-嘉丰国际1号楼101快递美团干洗,快递,2025-01-16 11:12:50,,5.8,,15.00,,5.80,40% - 0.2,1,1879728463841382400,韵达快递,312612194322294,食品,吉林省,
嘉丰国际1号楼101快递美团干洗_站点-嘉丰国际1号楼101快递美团干洗,快递,2025-01-16 11:08:33,2025-01-16 11:11:31,1,,6.00,,0.00,,1,1879727374157008896,韵达快递,312612191636003,其他,湖北省,已全额退款
嘉丰国际1号楼101快递美团干洗_站点-嘉丰国际1号楼101快递美团干洗,快递,2025-01-16 11:10:57,,1,,6.00,,2.32,42% - 0.2,1,1879727982247202816,韵达快递,312612193146671,其他,湖北省,
嘉丰国际1号楼101快递美团干洗_站点-嘉丰国际1号楼101快递美团干洗,快递,2025-01-16 11:09:29,,1.2,,7.00,,2.81,43% - 0.2,1,1879727593816903680,韵达快递,312612191944384,其他,湖北省,
嘉丰国际1号楼101快递美团干洗_站点-嘉丰国际1号楼101快递美团干洗,快递,2025-01-16 11:07:58,,1,,6.00,,2.32,42% - 0.2,1,1879727229659041792,韵达快递,312612189225006,其他,湖北省,
嘉丰国际1号楼101快递美团干洗_站点-嘉丰国际1号楼101快递美团干洗,快递,2025-01-16 11:07:23,,1,,6.00,,2.32,42% - 0.2,1,1879727083323969536,韵达快递,312612188542457,其他,湖北省,
嘉丰国际1号楼101快递美团干洗_站点-嘉丰国际1号楼101快递美团干洗,快递,2025-01-16 11:06:49,,1,,6.00,,2.32,42% - 0.2,1,1879726939861995520,韵达快递,312612188277751,其他,湖北省,
嘉丰国际1号楼101快递美团干洗_站点-嘉丰国际1号楼101快递美团干洗,快递,2025-01-16 11:06:05,,1,,6.00,,2.32,42% - 0.2,1,1879726756025651200,韵达快递,312612187523091,其他,湖北省,
嘉丰国际1号楼101快递美团干洗_站点-嘉丰国际1号楼101快递美团干洗,快递,2025-01-16 11:05:22,,1,,6.00,,2.32,42% - 0.2,1,1879726585002905600,韵达快递,312612185647343,其他,湖北省,
嘉丰国际1号楼101快递美团干洗_站点-嘉丰国际1号楼101快递美团干洗,快递,2025-01-16 10:50:11,,2.5,,8.00,,3.40,45% - 0.2,1,1879722752860278784,韵达快递,312612141989479,其他,广东省,
嘉丰国际1号楼101快递美团干洗_站点-嘉丰国际1号楼101快递美团干洗,快递,2025-01-16 10:33:02,,0.8,,6.00,,2.32,42% - 0.2,1,1879718431707942912,极兔快递,JT0015044274115,其他,湖北省,
嘉丰国际1号楼101快递美团干洗_站点-嘉丰国际1号楼101快递美团干洗,快递,2025-01-16 10:32:21,,1,,6.00,,2.32,42% - 0.2,1,1879718269883305984,极兔快递,JT0015039528557,其他,湖北省,
嘉丰国际1号楼101快递美团干洗_站点-嘉丰国际1号楼101快递美团干洗,快递,2025-01-16 10:31:38,,1,,6.00,,2.32,42% - 0.2,1,1879718087225561088,极兔快递,JT0015039524901,其他,湖北省,
嘉丰国际1号楼101快递美团干洗_站点-嘉丰国际1号楼101快递美团干洗,快递,2025-01-16 10:30:45,,1,,6.00,,2.32,42% - 0.2,1,1879717868253532160,极兔快递,JT0015044698381,其他,湖北省,
嘉丰国际1号楼101快递美团干洗_站点-嘉丰国际1号楼101快递美团干洗,快递,2025-01-16 10:29:40,,0.8,,6.00,,2.32,42% - 0.2,1,1879717594956877824,极兔快递,JT0015043706455,其他,湖北省,
嘉丰国际1号楼101快递美团干洗_站点-嘉丰国际1号楼101快递美团干洗,快递,2025-01-16 10:29:07,,0.8,,6.00,,2.32,42% - 0.2,1,1879717462966325248,极兔快递,JT0015041788867,其他,湖北省,
嘉丰国际1号楼101快递美团干洗_站点-嘉丰国际1号楼101快递美团干洗,快递,2025-01-16 10:20:22,,1,,6.00,,2.32,42% - 0.2,1,1879715261363572736,极兔快递,JT0015043198836,其他,湖北省,
嘉丰国际1号楼101快递美团干洗_站点-嘉丰国际1号楼101快递美团干洗,干洗,2025-01-15 19:37:07,,,,29.50,,8.85,30%,,1879492980330778624,干洗,,"清洗毛呢2件59元   *   1",,
嘉丰国际1号楼101快递美团干洗_站点-嘉丰国际1号楼101快递美团干洗,干洗,2025-01-15 19:35:04,,,,29.50,,8.85,30%,,1879492465773563904,干洗,,"清洗毛呢2件59元   *   1",,
嘉丰国际1号楼101快递美团干洗_站点-嘉丰国际1号楼101快递美团干洗,快递,2025-01-15 19:32:36,,8.8,,22.50,,8.80,40% - 0.2,1,1879491846446829568,韵达快递,312611422345862,易碎品,陕西省,
嘉丰国际1号楼101快递美团干洗_站点-嘉丰国际1号楼101快递美团干洗,快递,2025-01-15 19:30:27,,1,,6.00,,2.32,42% - 0.2,1,1879491308191797248,极兔快递,JT0015038412319,其他,湖南省,
嘉丰国际1号楼101快递美团干洗_站点-嘉丰国际1号楼101快递美团干洗,干洗,2025-01-15 19:28:27,,,,24.50,,7.35,30%,,1879490790912479232,干洗,,"清洗普通羽绒服2件不分长短49元   *   1",,
嘉丰国际1号楼101快递美团干洗_站点-嘉丰国际1号楼101快递美团干洗,干洗,2025-01-15 19:25:41,,,,24.50,,7.35,30%,,1879490099460493312,干洗,,"清洗普通羽绒服2件不分长短49元   *   1",,
嘉丰国际1号楼101快递美团干洗_站点-嘉丰国际1号楼101快递美团干洗,干洗,2025-01-15 19:22:15,,,,24.50,,7.35,30%,,1879489241779851264,干洗,,"清洗普通羽绒服2件不分长短49元   *   1",,
嘉丰国际1号楼101快递美团干洗_站点-嘉丰国际1号楼101快递美团干洗,干洗,2025-01-15 19:17:31,,,,24.50,,7.35,30%,,1879488045358829568,干洗,,"清洗普通羽绒服2件不分长短49元   *   1",,
嘉丰国际1号楼101快递美团干洗_站点-嘉丰国际1号楼101快递美团干洗,干洗,2025-01-15 18:54:36,,,,12.80,,3.84,30%,,1879482284725555200,干洗,,"凉鞋   *   1",,
嘉丰国际1号楼101快递美团干洗_站点-嘉丰国际1号楼101快递美团干洗,干洗,2025-01-15 18:51:12,,,,12.80,,3.84,30%,,1879481426453516288,干洗,,"凉鞋   *   1",,
嘉丰国际1号楼101快递美团干洗_站点-嘉丰国际1号楼101快递美团干洗,快递,2025-01-15 18:10:40,,1.2,,7.00,,2.81,43% - 0.2,1,1879471176304349184,极兔快递,JT0015029309562,服饰,江苏省,
嘉丰国际1号楼101快递美团干洗_站点-嘉丰国际1号楼101快递美团干洗,快递,2025-01-15 17:28:14,,0.5,,6.00,,2.32,42% - 0.2,1,1879460549296967680,极兔快递,JT0015035933743,服饰,浙江省,
嘉丰国际1号楼101快递美团干洗_站点-嘉丰国际1号楼101快递美团干洗,快递,2025-01-15 16:55:40,,1.3,,7.00,,2.81,43% - 0.2,1,1879452350657384448,极兔快递,JT0015028249423,服饰,广东省,
嘉丰国际1号楼101快递美团干洗_站点-嘉丰国际1号楼101快递美团干洗,快递,2025-01-15 16:53:28,,12.5,,32.50,,12.80,40% - 0.2,1,1879451797990723584,韵达快递,312611123277480,服饰,浙江省,
嘉丰国际1号楼101快递美团干洗_站点-嘉丰国际1号楼101快递美团干洗,快递,2025-01-15 16:52:16,,15.5,,40.00,,15.80,40% - 0.2,1,1879451491630370816,韵达快递,312611122238795,服饰,浙江省,
嘉丰国际1号楼101快递美团干洗_站点-嘉丰国际1号楼101快递美团干洗,快递,2025-01-15 16:51:01,,17.2,,45.00,,17.80,40% - 0.2,1,1879451168589271040,韵达快递,312611121764988,服饰,浙江省,
嘉丰国际1号楼101快递美团干洗_站点-嘉丰国际1号楼101快递美团干洗,快递,2025-01-15 15:58:08,,0.3,,6.00,,2.32,42% - 0.2,1,1879437815867297792,极兔快递,JT0015035374514,服饰,湖北省,
嘉丰国际1号楼101快递美团干洗_站点-嘉丰国际1号楼101快递美团干洗,快递,2025-01-15 15:23:57,,0.6,,6.00,,2.32,42% - 0.2,1,1879429272959242240,韵达快递,312610877677336,服饰,浙江省,
嘉丰国际1号楼101快递美团干洗_站点-嘉丰国际1号楼101快递美团干洗,快递,2025-01-15 14:59:18,,0.8,,6.00,,2.32,42% - 0.2,1,1879423068073676800,韵达快递,312610803592694,服饰,浙江省,
嘉丰国际1号楼101快递美团干洗_站点-嘉丰国际1号楼101快递美团干洗,快递,2025-01-15 14:42:18,,0.7,,6.00,,2.32,42% - 0.2,1,1879418770652712960,韵达快递,312610762303791,服饰,湖北省,
嘉丰国际1号楼101快递美团干洗_站点-嘉丰国际1号楼101快递美团干洗,快递,2025-01-15 14:41:23,,0.25,,6.00,,2.32,42% - 0.2,1,1879418548706922496,韵达快递,312610760125799,服饰,福建省,
嘉丰国际1号楼101快递美团干洗_站点-嘉丰国际1号楼101快递美团干洗,快递,2025-01-15 14:40:25,,0.5,,6.00,,2.32,42% - 0.2,1,1879418314828337152,韵达快递,312610756908286,服饰,广东省,
嘉丰国际1号楼101快递美团干洗_站点-嘉丰国际1号楼101快递美团干洗,快递,2025-01-15 14:39:07,,0.8,,6.00,,2.32,42% - 0.2,1,1879417983000170496,韵达快递,312610756469159,服饰,福建省,
嘉丰国际1号楼101快递美团干洗_站点-嘉丰国际1号楼101快递美团干洗,快递,2025-01-15 13:58:17,,4.6,,13.50,,4.40,40%,1,1879407713389432832,韵达快递,312610636223473,食品,北京市,
嘉丰国际1号楼101快递美团干洗_站点-嘉丰国际1号楼101快递美团干洗,快递,2025-01-15 13:51:28,,1,,6.00,,2.32,42% - 0.2,1,1879405996300095488,韵达快递,312610631103332,服饰,广东省,
嘉丰国际1号楼101快递美团干洗_站点-嘉丰国际1号楼101快递美团干洗,快递,2025-01-15 12:36:58,,8,,20.00,,7.80,40% - 0.2,1,1879387249401188352,韵达快递,312610499983279,其他,山东省,
嘉丰国际1号楼101快递美团干洗_站点-嘉丰国际1号楼101快递美团干洗,快递,2025-01-15 12:13:19,,1,,6.00,,2.32,42% - 0.2,1,1879381295934787584,韵达快递,312610472158571,服饰,浙江省,
嘉丰国际1号楼101快递美团干洗_站点-嘉丰国际1号楼101快递美团干洗,快递,2025-01-15 12:07:48,,1,1.0,9.00,0.00,1.00,,,1879379911466340352,京东快递,JDVG03409492921,服饰,陕西省,
嘉丰国际1号楼101快递美团干洗_站点-嘉丰国际1号楼101快递美团干洗,快递,2025-01-15 12:03:58,,1.6,,7.00,,2.81,43% - 0.2,1,1879378935388884992,韵达快递,312610446807668,服饰,四川省,
嘉丰国际1号楼101快递美团干洗_站点-嘉丰国际1号楼101快递美团干洗,快递,2025-01-15 12:02:34,,8,,20.00,,7.80,40% - 0.2,1,1879378582320762880,韵达快递,312610445953356,生鲜类,安徽省,
嘉丰国际1号楼101快递美团干洗_站点-嘉丰国际1号楼101快递美团干洗,快递,2025-01-15 12:01:59,,8,,20.00,,7.80,40% - 0.2,1,1879378445280268288,韵达快递,312610445644072,生鲜类,安徽省,
嘉丰国际1号楼101快递美团干洗_站点-嘉丰国际1号楼101快递美团干洗,快递,2025-01-15 11:48:34,,0.1,,6.00,,2.32,42% - 0.2,1,1879375067150077952,韵达快递,312610424513294,其他,四川省,
嘉丰国际1号楼101快递美团干洗_站点-嘉丰国际1号楼101快递美团干洗,干洗,2025-01-15 11:43:57,,,,24.80,,7.44,30%,,1879373903704674304,干洗,,"棉服_毛呢_羽绒服   *   1",,
嘉丰国际1号楼101快递美团干洗_站点-嘉丰国际1号楼101快递美团干洗,快递,2025-01-15 11:20:42,,5.9,,15.00,,5.80,40% - 0.2,1,1879368053766279168,韵达快递,312610357555942,食品,陕西省,
嘉丰国际1号楼101快递美团干洗_站点-嘉丰国际1号楼101快递美团干洗,快递,2025-01-15 10:14:08,2025-01-15 10:57:30,3.8,,10.00,,0.00,,1,1879351180207116288,极兔快递,JT0015027937305,食品,陕西省,已全额退款
嘉丰国际1号楼101快递美团干洗_站点-嘉丰国际1号楼101快递美团干洗,快递,2025-01-15 10:52:15,,6,,16.00,,5.40,40%,1,1879360892898168832,韵达快递,312610310269230,生鲜类,北京市,
嘉丰国际1号楼101快递美团干洗_站点-嘉丰国际1号楼101快递美团干洗,快递,2025-01-15 10:51:11,,16.2,,43.50,,16.40,40%,1,1879360620897554432,韵达快递,312610304447386,食品,北京市,
嘉丰国际1号楼101快递美团干洗_站点-嘉丰国际1号楼101快递美团干洗,快递,2025-01-15 10:37:53,,2.1,,8.00,,3.40,45% - 0.2,1,1879357280654512128,韵达快递,312610254691383,其他,天津市,
嘉丰国际1号楼101快递美团干洗_站点-嘉丰国际1号楼101快递美团干洗,快递,2025-01-15 10:22:48,,6,,15.00,,5.80,40% - 0.2,1,1879353488026423296,极兔快递,JT0015026220592,生鲜类,陕西省,
嘉丰国际1号楼101快递美团干洗_站点-嘉丰国际1号楼101快递美团干洗,快递,2025-01-15 10:19:46,,3.4,,10.00,,3.80,40% - 0.2,1,1879352722645635072,极兔快递,JT0015027516736,食品,陕西省,
嘉丰国际1号楼101快递美团干洗_站点-嘉丰国际1号楼101快递美团干洗,快递,2025-01-15 10:18:04,,4.1,,12.50,,4.80,40% - 0.2,1,1879352293924851712,极兔快递,JT0015025993733,食品,陕西省,
嘉丰国际1号楼101快递美团干洗_站点-嘉丰国际1号楼101快递美团干洗,快递,2025-01-15 10:16:26,,3.8,,10.00,,3.80,40% - 0.2,1,1879351857138421760,极兔快递,JT0015027677041,食品,陕西省,
嘉丰国际1号楼101快递美团干洗_站点-嘉丰国际1号楼101快递美团干洗,快递,2025-01-15 10:14:56,,4.3,,12.50,,4.80,40% - 0.2,1,1879351504942714880,极兔快递,JT0015025405454,食品,陕西省,
嘉丰国际1号楼101快递美团干洗_站点-嘉丰国际1号楼101快递美团干洗,快递,2025-01-14 19:25:28,,1,,6.00,,2.32,42% - 0.2,1,1879127663888879616,极兔快递,JT0015015705328,服饰,陕西省,
嘉丰国际1号楼101快递美团干洗_站点-嘉丰国际1号楼101快递美团干洗,快递,2025-01-14 18:42:18,,0.8,,6.00,,2.32,42% - 0.2,1,1879116798758277120,极兔快递,JT0015022438259,服饰,浙江省,
嘉丰国际1号楼101快递美团干洗_站点-嘉丰国际1号楼101快递美团干洗,快递,2025-01-14 18:38:21,,0.45,,6.00,,2.32,42% - 0.2,1,1879115808105615360,极兔快递,JT0015016147459,服饰,广东省,
嘉丰国际1号楼101快递美团干洗_站点-嘉丰国际1号楼101快递美团干洗,快递,2025-01-14 18:34:50,,1,,6.00,,2.32,42% - 0.2,1,1879114918216912896,极兔快递,JT0015015378782,服饰,湖北省,
嘉丰国际1号楼101快递美团干洗_站点-嘉丰国际1号楼101快递美团干洗,快递,2025-01-14 18:07:40,,0.6,,7.00,,1.94,42%,1,1879108089676091392,极兔快递,JT0015022946552,文件,上海市,
嘉丰国际1号楼101快递美团干洗_站点-嘉丰国际1号楼101快递美团干洗,快递,2025-01-14 18:01:24,,0.1,,6.00,,2.32,42% - 0.2,1,1879106481227616256,极兔快递,JT0015021692054,其他,河北省,
嘉丰国际1号楼101快递美团干洗_站点-嘉丰国际1号楼101快递美团干洗,快递,2025-01-14 18:00:31,,0.2,,6.00,,2.32,42% - 0.2,1,1879106287060701184,极兔快递,JT0015017553561,其他,河北省,
嘉丰国际1号楼101快递美团干洗_站点-嘉丰国际1号楼101快递美团干洗,干洗,2025-01-14 17:49:52,,,,29.80,,8.94,30%,,1879103601418489856,干洗,,"棉服_毛呢_羽绒服   *   1",,
嘉丰国际1号楼101快递美团干洗_站点-嘉丰国际1号楼101快递美团干洗,快递,2025-01-14 17:17:39,,0.3,,6.00,,2.32,42% - 0.2,1,1879095487973609472,极兔快递,JT0015019300305,服饰,浙江省,
嘉丰国际1号楼101快递美团干洗_站点-嘉丰国际1号楼101快递美团干洗,快递,2025-01-14 17:16:32,,0.7,,6.00,,2.32,42% - 0.2,1,1879095220016304128,极兔快递,JT0015020277256,服饰,广东省,
嘉丰国际1号楼101快递美团干洗_站点-嘉丰国际1号楼101快递美团干洗,快递,2025-01-14 17:15:31,,2.3,,8.00,,3.40,45% - 0.2,1,1879094958480478208,韵达快递,312609297724086,服饰,浙江省,
嘉丰国际1号楼101快递美团干洗_站点-嘉丰国际1号楼101快递美团干洗,快递,2025-01-14 17:14:31,,0.3,,6.00,,2.32,42% - 0.2,1,1879094700841160704,极兔快递,JT0015018837590,服饰,江西省,
嘉丰国际1号楼101快递美团干洗_站点-嘉丰国际1号楼101快递美团干洗,快递,2025-01-14 13:05:10,,0.3,,6.00,,2.32,42% - 0.2,1,1879031946293858304,极兔快递,JT0015013316538,其他,广东省,
嘉丰国际1号楼101快递美团干洗_站点-嘉丰国际1号楼101快递美团干洗,快递,2025-01-14 13:04:07,,0.2,,6.00,,2.32,42% - 0.2,1,1879031684795781120,韵达快递,312608801479386,其他,河北省,
嘉丰国际1号楼101快递美团干洗_站点-嘉丰国际1号楼101快递美团干洗,快递,2025-01-14 13:03:09,,0.2,,6.00,,2.32,42% - 0.2,1,1879031450216747008,韵达快递,312608801264108,其他,广东省,
嘉丰国际1号楼101快递美团干洗_站点-嘉丰国际1号楼101快递美团干洗,快递,2025-01-14 11:46:04,,0.4,,6.00,,2.32,42% - 0.2,1,1879012055880880128,韵达快递,312608729235751,其他,陕西省,
嘉丰国际1号楼101快递美团干洗_站点-嘉丰国际1号楼101快递美团干洗,快递,2025-01-14 11:44:27,,0.7,,6.00,,2.32,42% - 0.2,1,1879011646709747712,韵达快递,312608727703098,服饰,山东省,
嘉丰国际1号楼101快递美团干洗_站点-嘉丰国际1号楼101快递美团干洗,快递,2025-01-14 11:41:36,,0.9,,6.00,,2.32,42% - 0.2,1,1879010930205184000,韵达快递,312608725110602,服饰,浙江省,
嘉丰国际1号楼101快递美团干洗_站点-嘉丰国际1号楼101快递美团干洗,快递,2025-01-14 11:28:04,,8,,20.00,,7.80,40% - 0.2,1,1879007484802551808,韵达快递,312608705255363,食品,吉林省,
嘉丰国际1号楼101快递美团干洗_站点-嘉丰国际1号楼101快递美团干洗,快递,2025-01-14 11:18:13,,1,,6.00,,2.32,42% - 0.2,1,1879005032661438464,韵达快递,312608651971968,食品,吉林省,
嘉丰国际1号楼101快递美团干洗_站点-嘉丰国际1号楼101快递美团干洗,快递,2025-01-14 10:35:00,,1,,6.00,,2.32,42% - 0.2,1,1878994165337214976,极兔快递,JT0015011909144,其他,广东省,
嘉丰国际1号楼101快递美团干洗_站点-嘉丰国际1号楼101快递美团干洗,快递,2025-01-14 10:34:14,,1.25,,7.00,,2.81,43% - 0.2,1,1878993975347826688,极兔快递,JT0014998169646,服饰,湖北省,
嘉丰国际1号楼101快递美团干洗_站点-嘉丰国际1号楼101快递美团干洗,快递,2025-01-14 10:33:04,,0.9,,6.00,,2.32,42% - 0.2,1,1878993682010787840,极兔快递,JT0015002001629,服饰,浙江省,
嘉丰国际1号楼101快递美团干洗_站点-嘉丰国际1号楼101快递美团干洗,快递,2025-01-14 10:31:33,,0.73,,6.00,,2.32,42% - 0.2,1,1878993296898183168,极兔快递,JT0015008574995,服饰,安徽省,
嘉丰国际1号楼101快递美团干洗_站点-嘉丰国际1号楼101快递美团干洗,快递,2025-01-13 20:36:29,,0.5,,6.00,,2.32,42% - 0.2,1,1878783141078159360,极兔快递,JT0015009043210,服饰,辽宁省,
嘉丰国际1号楼101快递美团干洗_站点-嘉丰国际1号楼101快递美团干洗,快递,2025-01-13 20:35:56,,0.5,,6.00,,2.32,42% - 0.2,1,1878783004083802112,极兔快递,JT0015007670704,服饰,广东省,
嘉丰国际1号楼101快递美团干洗_站点-嘉丰国际1号楼101快递美团干洗,快递,2025-01-13 20:35:13,,0.5,,6.00,,2.32,42% - 0.2,1,1878782824462733312,极兔快递,JT0014992280479,服饰,辽宁省,
嘉丰国际1号楼101快递美团干洗_站点-嘉丰国际1号楼101快递美团干洗,快递,2025-01-13 20:34:38,,1,,6.00,,2.32,42% - 0.2,1,1878782676194086912,极兔快递,JT0015007871217,服饰,河南省,
嘉丰国际1号楼101快递美团干洗_站点-嘉丰国际1号楼101快递美团干洗,快递,2025-01-13 20:33:50,,1,,6.00,,2.32,42% - 0.2,1,1878782473613398016,极兔快递,JT0015007710652,服饰,河南省,
嘉丰国际1号楼101快递美团干洗_站点-嘉丰国际1号楼101快递美团干洗,快递,2025-01-13 20:32:57,,1,,6.00,,2.32,42% - 0.2,1,1878782255606059008,极兔快递,JT0015005851771,服饰,浙江省,
嘉丰国际1号楼101快递美团干洗_站点-嘉丰国际1号楼101快递美团干洗,快递,2025-01-13 20:32:25,,1,,6.00,,2.32,42% - 0.2,1,1878782111481384960,极兔快递,JT0015007298374,服饰,辽宁省,
嘉丰国际1号楼101快递美团干洗_站点-嘉丰国际1号楼101快递美团干洗,快递,2025-01-13 20:18:28,,3,,8.00,,3.40,45% - 0.2,1,1878778609103327232,极兔快递,JT0015007184695,服饰,浙江省,
嘉丰国际1号楼101快递美团干洗_站点-嘉丰国际1号楼101快递美团干洗,快递,2025-01-13 20:17:28,,2.5,,8.00,,3.40,45% - 0.2,1,1878778356497174528,极兔快递,JT0015008724510,服饰,浙江省,
嘉丰国际1号楼101快递美团干洗_站点-嘉丰国际1号楼101快递美团干洗,快递,2025-01-13 19:53:28,,0.5,,6.00,,2.32,42% - 0.2,1,1878772322336559104,韵达快递,312608190691127,服饰,河南省,
嘉丰国际1号楼101快递美团干洗_站点-嘉丰国际1号楼101快递美团干洗,快递,2025-01-13 19:38:34,,0.5,,6.00,,2.32,42% - 0.2,1,1878768569243979776,极兔快递,JT0014996566139,服饰,辽宁省,
嘉丰国际1号楼101快递美团干洗_站点-嘉丰国际1号楼101快递美团干洗,快递,2025-01-13 19:30:56,,0.4,,6.00,,2.32,42% - 0.2,1,1878766642259087360,极兔快递,JT0015006720892,服饰,广东省,
嘉丰国际1号楼101快递美团干洗_站点-嘉丰国际1号楼101快递美团干洗,快递,2025-01-13 19:30:18,,0.8,,6.00,,2.32,42% - 0.2,1,1878766495240343552,极兔快递,JT0015007957357,服饰,广东省,
嘉丰国际1号楼101快递美团干洗_站点-嘉丰国际1号楼101快递美团干洗,快递,2025-01-13 19:22:36,,0.4,,6.00,,2.32,42% - 0.2,1,1878764547808219136,极兔快递,JT0015007695773,服饰,广东省,
嘉丰国际1号楼101快递美团干洗_站点-嘉丰国际1号楼101快递美团干洗,快递,2025-01-13 19:03:30,,0.62,,6.00,,2.32,42% - 0.2,1,1878759748580724736,极兔快递,JT0015002571104,服饰,浙江省,
嘉丰国际1号楼101快递美团干洗_站点-嘉丰国际1号楼101快递美团干洗,快递,2025-01-13 19:02:08,,0.8,,6.00,,2.32,42% - 0.2,1,1878759403695689728,极兔快递,JT0015000864074,服饰,浙江省,
嘉丰国际1号楼101快递美团干洗_站点-嘉丰国际1号楼101快递美团干洗,快递,2025-01-13 18:34:49,,0.65,,6.00,,2.32,42% - 0.2,1,1878752530623942656,极兔快递,JT0015005842385,其他,河北省,
嘉丰国际1号楼101快递美团干洗_站点-嘉丰国际1号楼101快递美团干洗,干洗,2025-01-13 18:25:07,,,,24.50,,7.35,30%,,1878749916125515776,干洗,,"清洗普通羽绒服2件不分长短49元   *   1",,
嘉丰国际1号楼101快递美团干洗_站点-嘉丰国际1号楼101快递美团干洗,快递,2025-01-13 18:20:15,,1.5,,7.00,,2.81,43% - 0.2,1,1878748834443874304,极兔快递,JT0015007031011,服饰,广东省,
嘉丰国际1号楼101快递美团干洗_站点-嘉丰国际1号楼101快递美团干洗,干洗,2025-01-13 18:17:31,,,,24.50,,7.35,30%,,1878748173446729728,干洗,,"清洗普通羽绒服2件不分长短49元   *   1",,
嘉丰国际1号楼101快递美团干洗_站点-嘉丰国际1号楼101快递美团干洗,快递,2025-01-13 18:09:23,,0.3,,6.00,,2.32,42% - 0.2,1,1878746116333555712,极兔快递,JT0015001466087,服饰,辽宁省,
嘉丰国际1号楼101快递美团干洗_站点-嘉丰国际1号楼101快递美团干洗,快递,2025-01-13 17:59:48,,0.22,,6.00,,2.32,42% - 0.2,1,1878743719687278592,极兔快递,JT0014996010630,服饰,广东省,
嘉丰国际1号楼101快递美团干洗_站点-嘉丰国际1号楼101快递美团干洗,快递,2025-01-13 17:57:19,,8,,20.00,,7.80,40% - 0.2,1,1878743088482275328,极兔快递,JT0015007119109,生鲜类,陕西省,
嘉丰国际1号楼101快递美团干洗_站点-嘉丰国际1号楼101快递美团干洗,快递,2025-01-13 17:52:57,,0.3,,6.00,,2.32,42% - 0.2,1,1878741993529856000,极兔快递,JT0015002513078,服饰,浙江省,
嘉丰国际1号楼101快递美团干洗_站点-嘉丰国际1号楼101快递美团干洗,快递,2025-01-13 17:51:26,,0.3,,6.00,,2.32,42% - 0.2,1,1878741614910033920,极兔快递,JT0015006857686,服饰,浙江省,
嘉丰国际1号楼101快递美团干洗_站点-嘉丰国际1号楼101快递美团干洗,快递,2025-01-13 17:49:28,,0.7,,6.00,,2.32,42% - 0.2,1,1878741083269419008,极兔快递,JT0015001888061,服饰,安徽省,
嘉丰国际1号楼101快递美团干洗_站点-嘉丰国际1号楼101快递美团干洗,干洗,2025-01-13 17:22:48,,,,19.80,,5.94,30%,,1878734382017335296,干洗,,"西装外套   *   1",,
嘉丰国际1号楼101快递美团干洗_站点-嘉丰国际1号楼101快递美团干洗,干洗,2025-01-13 17:18:53,,,,24.50,,7.35,30%,,1878733399967191040,干洗,,"清洗普通羽绒服2件不分长短49元   *   1",,
嘉丰国际1号楼101快递美团干洗_站点-嘉丰国际1号楼101快递美团干洗,干洗,2025-01-13 17:15:55,,,,24.50,,7.35,30%,,1878732673664733184,干洗,,"清洗普通羽绒服2件不分长短49元   *   1",,
嘉丰国际1号楼101快递美团干洗_站点-嘉丰国际1号楼101快递美团干洗,快递,2025-01-13 17:11:04,,1.4,,7.00,,2.81,43% - 0.2,1,1878731448630169600,极兔快递,JT0015004853480,服饰,河北省,
嘉丰国际1号楼101快递美团干洗_站点-嘉丰国际1号楼101快递美团干洗,干洗,2025-01-13 16:59:51,,,,22.80,,6.84,30%,,1878728628216582144,干洗,,"靴子   *   1",,
嘉丰国际1号楼101快递美团干洗_站点-嘉丰国际1号楼101快递美团干洗,快递,2025-01-13 16:54:50,,0.45,,6.00,,2.32,42% - 0.2,1,1878727366788042752,极兔快递,JT0015003224787,服饰,浙江省,
嘉丰国际1号楼101快递美团干洗_站点-嘉丰国际1号楼101快递美团干洗,快递,2025-01-13 16:53:35,,1,,6.00,,2.32,42% - 0.2,1,1878727054509527040,极兔快递,JT0015002861377,服饰,广东省,
嘉丰国际1号楼101快递美团干洗_站点-嘉丰国际1号楼101快递美团干洗,快递,2025-01-13 16:50:50,,1.05,,7.00,,2.81,43% - 0.2,1,1878726362088656896,极兔快递,JT0014998919193,服饰,广东省,
嘉丰国际1号楼101快递美团干洗_站点-嘉丰国际1号楼101快递美团干洗,快递,2025-01-13 16:48:42,,4,,10.00,,3.80,40% - 0.2,1,1878725824001396736,极兔快递,JT0015004671636,生活用品,江苏省,
嘉丰国际1号楼101快递美团干洗_站点-嘉丰国际1号楼101快递美团干洗,快递,2025-01-13 16:45:25,,2.2,,8.00,,3.40,45% - 0.2,1,1878724987745259520,极兔快递,JT0015002505419,其他,江苏省,
嘉丰国际1号楼101快递美团干洗_站点-嘉丰国际1号楼101快递美团干洗,干洗,2025-01-13 16:39:23,,,,12.80,,3.84,30%,,1878723480526311424,干洗,,"凉鞋   *   1",,
嘉丰国际1号楼101快递美团干洗_站点-嘉丰国际1号楼101快递美团干洗,快递,2025-01-13 16:31:33,,0.55,,6.00,,2.32,42% - 0.2,1,1878721447299698688,极兔快递,JT0015004549119,服饰,广东省,
嘉丰国际1号楼101快递美团干洗_站点-嘉丰国际1号楼101快递美团干洗,快递,2025-01-13 16:30:34,,0.4,,6.00,,2.32,42% - 0.2,1,1878721256366592000,极兔快递,JT0015002944548,服饰,广东省,
嘉丰国际1号楼101快递美团干洗_站点-嘉丰国际1号楼101快递美团干洗,快递,2025-01-13 16:28:45,,0.8,,6.00,,2.32,42% - 0.2,1,1878720807731253248,极兔快递,JT0015004450059,服饰,山东省,
嘉丰国际1号楼101快递美团干洗_站点-嘉丰国际1号楼101快递美团干洗,快递,2025-01-13 16:25:09,,1,,6.00,,2.32,42% - 0.2,1,1878719894056652800,极兔快递,JT0015003573779,服饰,河北省,
嘉丰国际1号楼101快递美团干洗_站点-嘉丰国际1号楼101快递美团干洗,快递,2025-01-13 15:40:03,,1.5,,7.00,,2.81,43% - 0.2,1,1878708545612206080,极兔快递,JT0015003425928,其他,广东省,
嘉丰国际1号楼101快递美团干洗_站点-嘉丰国际1号楼101快递美团干洗,快递,2025-01-13 14:23:10,,2,,7.00,,2.81,43% - 0.2,1,1878689179550142464,韵达快递,312607904040236,服饰,浙江省,
嘉丰国际1号楼101快递美团干洗_站点-嘉丰国际1号楼101快递美团干洗,快递,2025-01-13 13:00:39,,1.2,,7.00,,2.81,43% - 0.2,1,1878668412900921344,韵达快递,312607855037647,生活用品,陕西省,
嘉丰国际1号楼101快递美团干洗_站点-嘉丰国际1号楼101快递美团干洗,快递,2025-01-13 12:48:53,,0.55,,6.00,,2.32,42% - 0.2,1,1878665456008876032,韵达快递,312607850978751,服饰,安徽省,
嘉丰国际1号楼101快递美团干洗_站点-嘉丰国际1号楼101快递美团干洗,快递,2025-01-13 12:47:38,,0.95,,6.00,,2.32,42% - 0.2,1,1878665153062686720,韵达快递,312607850081405,服饰,湖北省,
嘉丰国际1号楼101快递美团干洗_站点-嘉丰国际1号楼101快递美团干洗,快递,2025-01-13 12:29:42,,0.6,,6.00,,2.32,42% - 0.2,1,1878660642613022720,韵达快递,312607842503766,服饰,浙江省,
嘉丰国际1号楼101快递美团干洗_站点-嘉丰国际1号楼101快递美团干洗,快递,2025-01-13 12:20:30,,0.4,,6.00,,2.32,42% - 0.2,1,1878658324865798144,韵达快递,312607836376822,其他,浙江省,
嘉丰国际1号楼101快递美团干洗_站点-嘉丰国际1号楼101快递美团干洗,快递,2025-01-13 12:16:52,,4.2,,12.50,,4.80,40% - 0.2,1,1878657413087023104,韵达快递,312607832832754,食品,陕西省,
嘉丰国际1号楼101快递美团干洗_站点-嘉丰国际1号楼101快递美团干洗,快递,2025-01-13 12:04:29,,1.4,,7.00,,2.81,43% - 0.2,1,1878654284660527104,韵达快递,312607824176849,服饰,安徽省,
嘉丰国际1号楼101快递美团干洗_站点-嘉丰国际1号楼101快递美团干洗,快递,2025-01-13 12:03:43,,1.5,,7.00,,2.81,43% - 0.2,1,1878654087989612544,韵达快递,312607823528746,服饰,安徽省,
嘉丰国际1号楼101快递美团干洗_站点-嘉丰国际1号楼101快递美团干洗,快递,2025-01-13 12:02:29,,0.8,,6.00,,2.32,42% - 0.2,1,1878653793750798336,韵达快递,312607822895081,服饰,辽宁省,
嘉丰国际1号楼101快递美团干洗_站点-嘉丰国际1号楼101快递美团干洗,快递,2025-01-13 12:01:24,,0.25,,6.00,,2.32,42% - 0.2,1,1878653519376207872,韵达快递,312607822629860,服饰,广东省,
嘉丰国际1号楼101快递美团干洗_站点-嘉丰国际1号楼101快递美团干洗,快递,2025-01-13 11:35:46,,0.9,,6.00,,2.32,42% - 0.2,1,1878647055899217920,极兔快递,JT0014997926964,服饰,浙江省,
嘉丰国际1号楼101快递美团干洗_站点-嘉丰国际1号楼101快递美团干洗,快递,2025-01-13 11:34:59,,0.6,,6.00,,2.32,42% - 0.2,1,1878646872541024256,极兔快递,JT0014995886244,服饰,江西省,
嘉丰国际1号楼101快递美团干洗_站点-嘉丰国际1号楼101快递美团干洗,快递,2025-01-13 11:17:49,,0.7,,6.00,,2.32,42% - 0.2,1,1878642552160440320,极兔快递,JT0014997776833,其他,浙江省,
嘉丰国际1号楼101快递美团干洗_站点-嘉丰国际1号楼101快递美团干洗,快递,2025-01-13 11:01:03,,14,,35.00,,13.80,40% - 0.2,1,1878638324159401984,韵达快递,312607705110055,数码产品,四川省,
嘉丰国际1号楼101快递美团干洗_站点-嘉丰国际1号楼101快递美团干洗,快递,2025-01-13 11:00:31,,14,,35.00,,13.80,40% - 0.2,1,1878638190688260096,韵达快递,312607704735172,数码产品,四川省,
嘉丰国际1号楼101快递美团干洗_站点-嘉丰国际1号楼101快递美团干洗,快递,2025-01-13 11:00:01,,14,,35.00,,13.80,40% - 0.2,1,1878638061105238016,韵达快递,312607704292986,数码产品,四川省,
嘉丰国际1号楼101快递美团干洗_站点-嘉丰国际1号楼101快递美团干洗,快递,2025-01-13 10:59:29,,14,,35.00,,13.80,40% - 0.2,1,1878637934256902144,韵达快递,312607703501407,数码产品,四川省,
嘉丰国际1号楼101快递美团干洗_站点-嘉丰国际1号楼101快递美团干洗,快递,2025-01-13 10:58:51,,14,,35.00,,13.80,40% - 0.2,1,1878637779428364288,韵达快递,312607702832293,数码产品,四川省,
嘉丰国际1号楼101快递美团干洗_站点-嘉丰国际1号楼101快递美团干洗,快递,2025-01-13 10:36:25,,0.55,,6.00,,2.32,42% - 0.2,1,1878632135967166464,极兔快递,JT0014994595799,服饰,广东省,
嘉丰国际1号楼101快递美团干洗_站点-嘉丰国际1号楼101快递美团干洗,快递,2025-01-13 10:22:16,,1.2,,8.00,,2.44,43%,1,1878628576143921152,极兔快递,JT0014993339274,服饰,上海市,
嘉丰国际1号楼101快递美团干洗_站点-嘉丰国际1号楼101快递美团干洗,快递,2025-01-13 10:12:12,,0.9,,6.00,,2.32,42% - 0.2,1,1878626029266063360,极兔快递,JT0014995445045,服饰,广东省,
嘉丰国际1号楼101快递美团干洗_站点-嘉丰国际1号楼101快递美团干洗,快递,2025-01-13 10:11:22,,0.75,,6.00,,2.32,42% - 0.2,1,1878625829654941696,极兔快递,JT0014995869427,服饰,浙江省,
嘉丰国际1号楼101快递美团干洗_站点-嘉丰国际1号楼101快递美团干洗,快递,2025-01-13 10:08:32,,0.35,,6.00,,2.32,42% - 0.2,1,1878625119643160576,极兔快递,JT0014976777993,服饰,广东省,
嘉丰国际1号楼101快递美团干洗_站点-嘉丰国际1号楼101快递美团干洗,快递,2025-01-13 10:07:08,,0.2,,6.00,,2.32,42% - 0.2,1,1878624755082645504,极兔快递,JT0014995019420,服饰,浙江省,
嘉丰国际1号楼101快递美团干洗_站点-嘉丰国际1号楼101快递美团干洗,快递,2025-01-13 10:06:12,,0.3,,6.00,,2.32,42% - 0.2,1,1878624528837693440,极兔快递,JT0014994580465,服饰,广东省,
嘉丰国际1号楼101快递美团干洗_站点-嘉丰国际1号楼101快递美团干洗,快递,2025-01-12 19:30:29,,0.6,,6.00,,2.32,42% - 0.2,1,1878404147698782208,极兔快递,JT0014990375383,服饰,江苏省,
嘉丰国际1号楼101快递美团干洗_站点-嘉丰国际1号楼101快递美团干洗,快递,2025-01-12 18:59:36,,1.05,,7.00,,2.81,43% - 0.2,1,1878396377926782976,极兔快递,JT0014978977779,服饰,山东省,
嘉丰国际1号楼101快递美团干洗_站点-嘉丰国际1号楼101快递美团干洗,快递,2025-01-12 18:57:12,,1.05,,8.00,,2.44,43%,1,1878395769006116864,极兔快递,JT0014985785485,服饰,上海市,
嘉丰国际1号楼101快递美团干洗_站点-嘉丰国际1号楼101快递美团干洗,快递,2025-01-12 18:56:02,,0.4,,6.00,,2.32,42% - 0.2,1,1878395468106747904,极兔快递,JT0014991503847,服饰,江苏省,
嘉丰国际1号楼101快递美团干洗_站点-嘉丰国际1号楼101快递美团干洗,干洗,2025-01-12 18:52:33,,,,24.50,,7.35,30%,,1878394601861337088,干洗,,"清洗普通羽绒服2件不分长短49元   *   1",,
嘉丰国际1号楼101快递美团干洗_站点-嘉丰国际1号楼101快递美团干洗,快递,2025-01-12 18:48:07,,1,,6.00,,2.32,42% - 0.2,1,1878393486616875008,极兔快递,JT0014990335823,其他,湖南省,
嘉丰国际1号楼101快递美团干洗_站点-嘉丰国际1号楼101快递美团干洗,干洗,2025-01-12 18:45:56,,,,24.50,,7.35,30%,,1878392936391299072,干洗,,"清洗普通羽绒服2件不分长短49元   *   1",,
嘉丰国际1号楼101快递美团干洗_站点-嘉丰国际1号楼101快递美团干洗,干洗,2025-01-12 18:41:29,,,,29.50,,8.85,30%,,1878391806999449600,干洗,,"清洗毛呢2件59元   *   1",,
嘉丰国际1号楼101快递美团干洗_站点-嘉丰国际1号楼101快递美团干洗,干洗,2025-01-12 18:37:54,,,,29.50,,8.85,30%,,1878390916406104064,干洗,,"清洗毛呢2件59元   *   1",,
嘉丰国际1号楼101快递美团干洗_站点-嘉丰国际1号楼101快递美团干洗,快递,2025-01-12 18:30:44,,0.4,,6.00,,2.32,42% - 0.2,1,1878389102457704448,极兔快递,JT0014988937575,其他,广东省,
嘉丰国际1号楼101快递美团干洗_站点-嘉丰国际1号楼101快递美团干洗,快递,2025-01-12 18:29:48,,0.2,,6.00,,2.32,42% - 0.2,1,1878388878066634752,极兔快递,JT0014990564147,服饰,广东省,
嘉丰国际1号楼101快递美团干洗_站点-嘉丰国际1号楼101快递美团干洗,干洗,2025-01-12 18:28:37,,,,29.50,,8.85,30%,,1878388582250762240,干洗,,"清洗毛呢2件59元   *   1",,
嘉丰国际1号楼101快递美团干洗_站点-嘉丰国际1号楼101快递美团干洗,快递,2025-01-12 18:15:04,,0.8,,6.00,,2.32,42% - 0.2,1,1878385165470060544,极兔快递,JT0014989564270,服饰,山东省,
嘉丰国际1号楼101快递美团干洗_站点-嘉丰国际1号楼101快递美团干洗,快递,2025-01-12 18:14:09,,0.04,,6.00,,2.32,42% - 0.2,1,1878384938667266048,极兔快递,JT0014989148840,其他,广东省,
嘉丰国际1号楼101快递美团干洗_站点-嘉丰国际1号楼101快递美团干洗,快递,2025-01-12 17:39:43,,2.85,2.8,11.00,0.00,1.00,,,1878376272622833664,京东快递,JDVG03398793810,其他,陕西省,
嘉丰国际1号楼101快递美团干洗_站点-嘉丰国际1号楼101快递美团干洗,快递,2025-01-12 17:34:25,,2.85,,11.00,,1.00,,,1878374943250763776,京东快递,JDVG03398791722,其他,陕西省,
嘉丰国际1号楼101快递美团干洗_站点-嘉丰国际1号楼101快递美团干洗,快递,2025-01-12 17:08:32,,7.3,,20.00,,7.80,40% - 0.2,1,1878368426862628864,韵达快递,312606924726349,生鲜类,黑龙江省,
嘉丰国际1号楼101快递美团干洗_站点-嘉丰国际1号楼101快递美团干洗,快递,2025-01-12 17:07:13,,2.8,,8.00,,3.40,45% - 0.2,1,1878368097869811712,韵达快递,312606923383266,生鲜类,黑龙江省,
嘉丰国际1号楼101快递美团干洗_站点-嘉丰国际1号楼101快递美团干洗,快递,2025-01-12 16:53:48,,2,,7.00,,2.81,43% - 0.2,1,1878364712374423552,极兔快递,JT0014989952355,服饰,江苏省,
嘉丰国际1号楼101快递美团干洗_站点-嘉丰国际1号楼101快递美团干洗,快递,2025-01-12 16:53:00,,1.7,,7.00,,2.81,43% - 0.2,1,1878364512666832896,极兔快递,JT0014988717875,其他,江苏省,
嘉丰国际1号楼101快递美团干洗_站点-嘉丰国际1号楼101快递美团干洗,快递,2025-01-12 16:51:58,,1.5,,7.00,,2.81,43% - 0.2,1,1878364254838771712,极兔快递,JT0014987882904,服饰,湖北省,
嘉丰国际1号楼101快递美团干洗_站点-嘉丰国际1号楼101快递美团干洗,快递,2025-01-12 16:37:30,,0.6,,6.00,,2.32,42% - 0.2,1,1878360618033270784,极兔快递,JT0014984420987,服饰,江苏省,
嘉丰国际1号楼101快递美团干洗_站点-嘉丰国际1号楼101快递美团干洗,干洗,2025-01-12 16:01:52,,,,29.50,,8.85,30%,,1878351651919941632,干洗,,"清洗毛呢2件59元   *   1",,
嘉丰国际1号楼101快递美团干洗_站点-嘉丰国际1号楼101快递美团干洗,干洗,2025-01-12 15:56:34,,,,10.00,,3.00,30%,,1878350314469642240,干洗,,"毛领   *   1",,
嘉丰国际1号楼101快递美团干洗_站点-嘉丰国际1号楼101快递美团干洗,干洗,2025-01-12 15:54:03,,,,29.50,,8.85,30%,,1878349683658903552,干洗,,"清洗毛呢2件59元   *   1",,
嘉丰国际1号楼101快递美团干洗_站点-嘉丰国际1号楼101快递美团干洗,干洗,2025-01-12 15:48:24,,,,29.50,,8.85,30%,,1878348212691324928,干洗,,"清洗毛呢2件59元   *   1",,
嘉丰国际1号楼101快递美团干洗_站点-嘉丰国际1号楼101快递美团干洗,快递,2025-01-12 15:23:06,,0.2,,6.00,,2.32,42% - 0.2,1,1878341891921334272,极兔快递,JT0014987340230,服饰,广东省,
嘉丰国际1号楼101快递美团干洗_站点-嘉丰国际1号楼101快递美团干洗,快递,2025-01-12 15:14:03,,0.35,,6.00,,2.32,42% - 0.2,1,1878339616763072512,极兔快递,JT0014983930399,其他,广东省,
嘉丰国际1号楼101快递美团干洗_站点-嘉丰国际1号楼101快递美团干洗,快递,2025-01-12 15:11:11,,0.45,,6.00,,2.32,42% - 0.2,1,1878338890649358336,极兔快递,JT0014981620024,其他,广东省,
嘉丰国际1号楼101快递美团干洗_站点-嘉丰国际1号楼101快递美团干洗,快递,2025-01-12 12:49:51,,5,,12.50,,4.80,40% - 0.2,1,1878303287580872704,韵达快递,312606656123449,食品,四川省,
嘉丰国际1号楼101快递美团干洗_站点-嘉丰国际1号楼101快递美团干洗,快递,2025-01-12 12:32:59,,0.7,,6.00,,2.32,42% - 0.2,1,1878299081490878464,韵达快递,312606635246828,其他,广东省,
嘉丰国际1号楼101快递美团干洗_站点-嘉丰国际1号楼101快递美团干洗,快递,2025-01-12 12:31:06,,0.62,,6.00,,2.32,42% - 0.2,1,1878298609296134144,韵达快递,312606634285337,食品,安徽省,
嘉丰国际1号楼101快递美团干洗_站点-嘉丰国际1号楼101快递美团干洗,快递,2025-01-12 11:26:40,,5.4,,65.00,,12.80,19.69% - 0.2,1,1878282388173541376,韵达快递,312606580621480,食品,新疆维吾尔自治区,
嘉丰国际1号楼101快递美团干洗_站点-嘉丰国际1号楼101快递美团干洗,快递,2025-01-11 19:28:19,,1,,6.00,,2.32,42% - 0.2,1,1878041218717634560,极兔快递,JT0014978087024,服饰,福建省,
嘉丰国际1号楼101快递美团干洗_站点-嘉丰国际1号楼101快递美团干洗,快递,2025-01-11 18:38:45,,0.33,,6.00,,2.32,42% - 0.2,1,1878028738914209792,极兔快递,JT0014975855942,服饰,广东省,
嘉丰国际1号楼101快递美团干洗_站点-嘉丰国际1号楼101快递美团干洗,快递,2025-01-11 18:02:50,,0.62,,6.00,,2.32,42% - 0.2,1,1878019705884954624,极兔快递,JT0014973396367,服饰,江西省,
嘉丰国际1号楼101快递美团干洗_站点-嘉丰国际1号楼101快递美团干洗,快递,2025-01-11 18:01:38,,0.4,,6.00,,2.32,42% - 0.2,1,1878019389764456448,极兔快递,JT0014975775640,服饰,广东省,
嘉丰国际1号楼101快递美团干洗_站点-嘉丰国际1号楼101快递美团干洗,快递,2025-01-11 18:00:53,,0.45,,6.00,,2.32,42% - 0.2,1,1878019205038919680,极兔快递,JT0014976494174,服饰,山东省,
嘉丰国际1号楼101快递美团干洗_站点-嘉丰国际1号楼101快递美团干洗,快递,2025-01-11 17:50:30,,0.85,,6.00,,2.32,42% - 0.2,1,1878016594495721472,极兔快递,JT0014974778064,服饰,江苏省,
嘉丰国际1号楼101快递美团干洗_站点-嘉丰国际1号楼101快递美团干洗,快递,2025-01-11 17:33:58,,0.05,,6.00,,2.32,42% - 0.2,1,1878012425202356224,极兔快递,JT0014973530543,其他,广东省,
嘉丰国际1号楼101快递美团干洗_站点-嘉丰国际1号楼101快递美团干洗,干洗,2025-01-11 15:30:34,,,,29.80,,8.94,30%,,1877981381073883136,干洗,,"棉服_毛呢_羽绒服   *   1",,
嘉丰国际1号楼101快递美团干洗_站点-嘉丰国际1号楼101快递美团干洗,快递,2025-01-11 14:14:30,,0.5,,6.00,,2.32,42% - 0.2,1,1877962230531936256,极兔快递,JT0014970300647,服饰,广东省,
嘉丰国际1号楼101快递美团干洗_站点-嘉丰国际1号楼101快递美团干洗,快递,2025-01-11 14:13:37,,0.4,,6.00,,2.32,42% - 0.2,1,1877962016777621504,极兔快递,JT0014972005790,服饰,广东省,
嘉丰国际1号楼101快递美团干洗_站点-嘉丰国际1号楼101快递美团干洗,快递,2025-01-11 13:15:47,,7.5,,20.00,,7.80,40% - 0.2,1,1877947464988020736,韵达快递,312605808808784,生鲜类,四川省,
嘉丰国际1号楼101快递美团干洗_站点-嘉丰国际1号楼101快递美团干洗,快递,2025-01-11 13:05:45,,7.5,,20.00,,7.80,40% - 0.2,1,1877944940616798208,韵达快递,312605801858570,生鲜类,四川省,
嘉丰国际1号楼101快递美团干洗_站点-嘉丰国际1号楼101快递美团干洗,干洗,2025-01-11 12:13:27,,,,24.50,,7.35,30%,,1877931543028355072,干洗,,"清洗普通羽绒服2件不分长短49元   *   1",,
嘉丰国际1号楼101快递美团干洗_站点-嘉丰国际1号楼101快递美团干洗,快递,2025-01-11 12:00:43,,6.8,,17.50,,6.80,40% - 0.2,1,1877928565630357504,韵达快递,312605758728723,生鲜类,广东省,
嘉丰国际1号楼101快递美团干洗_站点-嘉丰国际1号楼101快递美团干洗,快递,2025-01-11 11:58:14,,8.7,,22.50,,8.80,40% - 0.2,1,1877927948572741632,极兔快递,JT0014969507421,生鲜类,四川省,
嘉丰国际1号楼101快递美团干洗_站点-嘉丰国际1号楼101快递美团干洗,快递,2025-01-11 11:56:37,,0.2,,6.00,,2.32,42% - 0.2,1,1877927536830500864,极兔快递,JT0014967421397,其他,四川省,
嘉丰国际1号楼101快递美团干洗_站点-嘉丰国际1号楼101快递美团干洗,快递,2025-01-11 11:00:48,,0.5,,6.00,,2.32,42% - 0.2,1,1877913490047684608,极兔快递,JT0014966360543,服饰,湖北省,
嘉丰国际1号楼101快递美团干洗_站点-嘉丰国际1号楼101快递美团干洗,快递,2025-01-11 10:59:50,,0.06,,6.00,,2.32,42% - 0.2,1,1877913251236597760,极兔快递,JT0014967469615,其他,湖北省,
嘉丰国际1号楼101快递美团干洗_站点-嘉丰国际1号楼101快递美团干洗,快递,2025-01-11 10:58:29,,0.4,,6.00,,2.32,42% - 0.2,1,1877912913611902976,极兔快递,JT0014968213429,其他,河北省,
嘉丰国际1号楼101快递美团干洗_站点-嘉丰国际1号楼101快递美团干洗,快递,2025-01-11 10:57:07,,0.06,,6.00,,2.32,42% - 0.2,1,1877912562364108800,极兔快递,JT0014967269845,其他,浙江省,
嘉丰国际1号楼101快递美团干洗_站点-嘉丰国际1号楼101快递美团干洗,快递,2025-01-11 10:56:10,,0.08,,6.00,,2.32,42% - 0.2,1,1877912331757080576,极兔快递,JT0014963029415,服饰,河北省,
嘉丰国际1号楼101快递美团干洗_站点-嘉丰国际1号楼101快递美团干洗,快递,2025-01-11 10:53:52,,0.75,,6.00,,2.32,42% - 0.2,1,1877911746513260544,极兔快递,JT0014965657508,服饰,广东省,
嘉丰国际1号楼101快递美团干洗_站点-嘉丰国际1号楼101快递美团干洗,快递,2025-01-11 10:52:30,,0.65,,6.00,,2.32,42% - 0.2,1,1877911409521905664,极兔快递,JT0014966759855,服饰,广东省,
嘉丰国际1号楼101快递美团干洗_站点-嘉丰国际1号楼101快递美团干洗,快递,2025-01-11 10:50:32,,1.25,,7.00,,2.81,43% - 0.2,1,1877910912056479744,极兔快递,JT0014964988691,服饰,广东省,
嘉丰国际1号楼101快递美团干洗_站点-嘉丰国际1号楼101快递美团干洗,快递,2025-01-11 10:46:04,,1.4,,7.00,,2.81,43% - 0.2,1,1877909784468180992,极兔快递,JT0014964137145,服饰,云南省,
嘉丰国际1号楼101快递美团干洗_站点-嘉丰国际1号楼101快递美团干洗,快递,2025-01-10 20:14:08,,1,,6.00,,2.32,42% - 0.2,1,1877690356900089856,极兔快递,JT0014961259038,服饰,辽宁省,
嘉丰国际1号楼101快递美团干洗_站点-嘉丰国际1号楼101快递美团干洗,快递,2025-01-10 19:27:25,,2.5,,9.00,,3.05,45%,1,1877678573007196160,极兔快递,JT0014958859809,生鲜类,北京市,
嘉丰国际1号楼101快递美团干洗_站点-嘉丰国际1号楼101快递美团干洗,快递,2025-01-10 18:52:53,,0.8,,13.00,,0.00,0%,1,1877669907969396736,顺丰速运,SF3137365543948,其他,陕西省,
嘉丰国际1号楼101快递美团干洗_站点-嘉丰国际1号楼101快递美团干洗,快递,2025-01-10 18:27:28,,0.45,,6.00,,2.32,42% - 0.2,1,1877663516777041920,极兔快递,JT0014962080071,服饰,山东省,
嘉丰国际1号楼101快递美团干洗_站点-嘉丰国际1号楼101快递美团干洗,快递,2025-01-10 17:54:44,,0.15,,6.00,,2.32,42% - 0.2,1,1877655272746700800,极兔快递,JT0014960655499,其他,浙江省,
嘉丰国际1号楼101快递美团干洗_站点-嘉丰国际1号楼101快递美团干洗,快递,2025-01-10 17:54:04,,0.25,,6.00,,2.32,42% - 0.2,1,1877655110284529664,极兔快递,JT0014960317391,其他,广东省,
嘉丰国际1号楼101快递美团干洗_站点-嘉丰国际1号楼101快递美团干洗,快递,2025-01-10 17:47:38,,0.15,,6.00,,2.32,42% - 0.2,1,1877653476217245696,极兔快递,JT0014959095238,服饰,浙江省,
嘉丰国际1号楼101快递美团干洗_站点-嘉丰国际1号楼101快递美团干洗,快递,2025-01-10 17:34:34,,0.2,,6.00,,2.32,42% - 0.2,1,1877650204630765568,极兔快递,JT0014961709483,其他,山东省,
嘉丰国际1号楼101快递美团干洗_站点-嘉丰国际1号楼101快递美团干洗,快递,2025-01-10 17:33:46,,0.2,,10.00,,1.80,42% - 0.2,1,1877649995502768128,极兔快递,JT0014959928984,其他,内蒙古自治区,
嘉丰国际1号楼101快递美团干洗_站点-嘉丰国际1号楼101快递美团干洗,干洗,2025-01-10 17:08:50,,,,15.00,,4.50,30%,,1877643724909236224,干洗,,"皮鞋   *   1",,
嘉丰国际1号楼101快递美团干洗_站点-嘉丰国际1号楼101快递美团干洗,快递,2025-01-10 16:30:19,,0.65,,6.00,,2.32,42% - 0.2,1,1877634023433752576,极兔快递,JT0014955743449,其他,广东省,
嘉丰国际1号楼101快递美团干洗_站点-嘉丰国际1号楼101快递美团干洗,快递,2025-01-10 16:29:34,,0.6,,6.00,,2.32,42% - 0.2,1,1877633837940658176,极兔快递,JT0014959242584,其他,广东省,
嘉丰国际1号楼101快递美团干洗_站点-嘉丰国际1号楼101快递美团干洗,快递,2025-01-10 16:28:45,,0.55,,6.00,,2.32,42% - 0.2,1,1877633638828658688,极兔快递,JT0014958327692,其他,河南省,
嘉丰国际1号楼101快递美团干洗_站点-嘉丰国际1号楼101快递美团干洗,快递,2025-01-10 16:13:10,,0.35,,6.00,,2.32,42% - 0.2,1,1877629720698605568,极兔快递,JT0014957742506,服饰,浙江省,
嘉丰国际1号楼101快递美团干洗_站点-嘉丰国际1号楼101快递美团干洗,快递,2025-01-10 16:10:27,,1.2,,7.00,,2.81,43% - 0.2,1,1877628803806973952,极兔快递,JT0014958405718,其他,陕西省,
嘉丰国际1号楼101快递美团干洗_站点-嘉丰国际1号楼101快递美团干洗,快递,2025-01-10 16:05:12,,0.7,,6.00,,2.32,42% - 0.2,1,1877627694258376704,极兔快递,JT0014955174619,服饰,河北省,
嘉丰国际1号楼101快递美团干洗_站点-嘉丰国际1号楼101快递美团干洗,快递,2025-01-10 16:04:14,,0.65,,6.00,,2.32,42% - 0.2,1,1877627469523374080,极兔快递,JT0014941264078,其他,广东省,
嘉丰国际1号楼101快递美团干洗_站点-嘉丰国际1号楼101快递美团干洗,快递,2025-01-10 15:32:55,,1.5,,7.00,,2.81,43% - 0.2,1,1877619588270968832,极兔快递,JT0014947179392,服饰,广东省,
嘉丰国际1号楼101快递美团干洗_站点-嘉丰国际1号楼101快递美团干洗,干洗,2025-01-10 15:28:34,,,,15.00,,4.50,30%,,1877618469029335040,干洗,,"布鞋_网鞋   *   1",,
嘉丰国际1号楼101快递美团干洗_站点-嘉丰国际1号楼101快递美团干洗,干洗,2025-01-10 15:19:45,,,,24.50,,7.35,30%,,1877616260006858752,干洗,,"清洗普通羽绒服2件不分长短49元   *   1",,
嘉丰国际1号楼101快递美团干洗_站点-嘉丰国际1号楼101快递美团干洗,干洗,2025-01-10 15:07:07,,,,24.50,,7.35,30%,,1877613089947701248,干洗,,"清洗普通羽绒服2件不分长短49元   *   1",,
嘉丰国际1号楼101快递美团干洗_站点-嘉丰国际1号楼101快递美团干洗,快递,2025-01-10 14:56:29,,5.2,,15.00,,5.80,40% - 0.2,1,1877610371090796544,韵达快递,312604991842190,生鲜类,吉林省,
嘉丰国际1号楼101快递美团干洗_站点-嘉丰国际1号楼101快递美团干洗,快递,2025-01-10 13:28:29,,5.6,,15.00,,5.80,40% - 0.2,1,1877588269675630592,极兔快递,JT0014951707063,生鲜类,江西省,
嘉丰国际1号楼101快递美团干洗_站点-嘉丰国际1号楼101快递美团干洗,快递,2025-01-10 12:31:47,,1,,6.00,,2.32,42% - 0.2,1,1877574005149716480,极兔快递,JT0014951563959,服饰,江苏省,
嘉丰国际1号楼101快递美团干洗_站点-嘉丰国际1号楼101快递美团干洗,快递,2025-01-10 12:18:55,,4,,10.00,,3.80,40% - 0.2,1,1877570766274613248,极兔快递,JT0014954860509,其他,河南省,
嘉丰国际1号楼101快递美团干洗_站点-嘉丰国际1号楼101快递美团干洗,快递,2025-01-10 11:56:24,,0.6,,6.00,,2.32,42% - 0.2,1,1877565101149835264,极兔快递,JT0014952725756,服饰,浙江省,
嘉丰国际1号楼101快递美团干洗_站点-嘉丰国际1号楼101快递美团干洗,快递,2025-01-10 11:26:05,,0.45,,6.00,,2.32,42% - 0.2,1,1877557465138384896,极兔快递,JT0014950692902,服饰,江苏省,
嘉丰国际1号楼101快递美团干洗_站点-嘉丰国际1号楼101快递美团干洗,快递,2025-01-10 11:25:14,,0.6,,6.00,,2.32,42% - 0.2,1,1877557212221853696,极兔快递,JT0014954134932,服饰,浙江省,
嘉丰国际1号楼101快递美团干洗_站点-嘉丰国际1号楼101快递美团干洗,快递,2025-01-10 10:06:45,,0.52,,6.00,,2.32,42% - 0.2,1,1877537462754267136,极兔快递,JT0014952087018,服饰,辽宁省,
嘉丰国际1号楼101快递美团干洗_站点-嘉丰国际1号楼101快递美团干洗,快递,2025-01-10 10:05:50,,0.52,,6.00,,2.32,42% - 0.2,1,1877537265634562048,极兔快递,JT0014952072740,服饰,辽宁省,
嘉丰国际1号楼101快递美团干洗_站点-嘉丰国际1号楼101快递美团干洗,快递,2025-01-09 19:26:32,,0.06,,6.00,,2.32,42% - 0.2,1,1877315968816173056,极兔快递,JT0014945883503,服饰,辽宁省,
嘉丰国际1号楼101快递美团干洗_站点-嘉丰国际1号楼101快递美团干洗,快递,2025-01-09 19:25:25,,0.06,,6.00,,2.32,42% - 0.2,1,1877315710400909312,极兔快递,JT0014947721361,其他,江苏省,
嘉丰国际1号楼101快递美团干洗_站点-嘉丰国际1号楼101快递美团干洗,快递,2025-01-09 19:23:53,,0.08,,6.00,,2.32,42% - 0.2,1,1877315320607461376,极兔快递,JT0014941040138,其他,江西省,
嘉丰国际1号楼101快递美团干洗_站点-嘉丰国际1号楼101快递美团干洗,快递,2025-01-09 18:47:44,,0.75,,6.00,,2.32,42% - 0.2,1,1877306227616436224,极兔快递,JT0014945799998,服饰,浙江省,
嘉丰国际1号楼101快递美团干洗_站点-嘉丰国际1号楼101快递美团干洗,快递,2025-01-09 17:47:44,,0.15,,6.00,,2.32,42% - 0.2,1,1877291129883643904,极兔快递,JT0014944253473,其他,广东省,
嘉丰国际1号楼101快递美团干洗_站点-嘉丰国际1号楼101快递美团干洗,快递,2025-01-09 17:17:22,,1.1,,7.00,,2.81,43% - 0.2,1,1877283487387799552,极兔快递,JT0014944360259,服饰,江苏省,
嘉丰国际1号楼101快递美团干洗_站点-嘉丰国际1号楼101快递美团干洗,快递,2025-01-09 16:55:43,,0.7,,6.00,,2.32,42% - 0.2,1,1877278042514313216,极兔快递,JT0014943345607,服饰,广东省,
嘉丰国际1号楼101快递美团干洗_站点-嘉丰国际1号楼101快递美团干洗,快递,2025-01-09 16:43:56,,0.6,,6.00,,2.32,42% - 0.2,1,1877275050155233280,极兔快递,JT0014945119468,其他,陕西省,
嘉丰国际1号楼101快递美团干洗_站点-嘉丰国际1号楼101快递美团干洗,快递,2025-01-09 15:36:36,,11,,27.50,,10.80,40% - 0.2,1,1877258125291343872,韵达快递,312604235095979,食品,山东省,
嘉丰国际1号楼101快递美团干洗_站点-嘉丰国际1号楼101快递美团干洗,快递,2025-01-09 15:24:12,,1.3,,7.00,,2.81,43% - 0.2,1,1877255008936054784,韵达快递,312604231109054,食品,广东省,
嘉丰国际1号楼101快递美团干洗_站点-嘉丰国际1号楼101快递美团干洗,快递,2025-01-09 15:12:24,,0.6,,6.00,,2.32,42% - 0.2,1,1877252022356725760,韵达快递,312604228217101,服饰,浙江省,
嘉丰国际1号楼101快递美团干洗_站点-嘉丰国际1号楼101快递美团干洗,快递,2025-01-09 15:11:32,,0.65,,6.00,,2.32,42% - 0.2,1,1877251801342070784,韵达快递,312604227915375,服饰,浙江省,
嘉丰国际1号楼101快递美团干洗_站点-嘉丰国际1号楼101快递美团干洗,快递,2025-01-09 15:09:53,,0.3,,6.00,,2.32,42% - 0.2,1,1877251397770334208,韵达快递,312604227363265,服饰,广东省,
嘉丰国际1号楼101快递美团干洗_站点-嘉丰国际1号楼101快递美团干洗,快递,2025-01-09 14:26:42,,0.5,,6.00,,2.32,42% - 0.2,1,1877240532853641216,极兔快递,JT0014940755159,服饰,广东省,
嘉丰国际1号楼101快递美团干洗_站点-嘉丰国际1号楼101快递美团干洗,快递,2025-01-09 13:16:00,,1,,6.00,,2.32,42% - 0.2,1,1877222743958933504,韵达快递,312604162284972,其他,山西省,
嘉丰国际1号楼101快递美团干洗_站点-嘉丰国际1号楼101快递美团干洗,快递,2025-01-09 12:20:18,,6.35,,17.50,,6.80,40% - 0.2,1,1877208660056526848,韵达快递,312604142412589,其他,浙江省,
嘉丰国际1号楼101快递美团干洗_站点-嘉丰国际1号楼101快递美团干洗,快递,2025-01-08 19:12:46,,7.5,,20.00,,7.80,40% - 0.2,1,1876950116249948160,极兔快递,JT0014923932381,生鲜类,江苏省,
嘉丰国际1号楼101快递美团干洗_站点-嘉丰国际1号楼101快递美团干洗,快递,2025-01-08 19:12:03,,7.5,,20.00,,7.80,40% - 0.2,1,1876949950814015488,极兔快递,JT0014921672649,生鲜类,江苏省,
嘉丰国际1号楼101快递美团干洗_站点-嘉丰国际1号楼101快递美团干洗,快递,2025-01-08 19:11:00,,7.5,,20.00,,7.80,40% - 0.2,1,1876949687000682496,极兔快递,JT0014933333914,生鲜类,江苏省,
嘉丰国际1号楼101快递美团干洗_站点-嘉丰国际1号楼101快递美团干洗,快递,2025-01-08 19:10:17,,7.5,,20.00,,7.80,40% - 0.2,1,1876949515424288768,极兔快递,JT0014931605655,生鲜类,江苏省,
嘉丰国际1号楼101快递美团干洗_站点-嘉丰国际1号楼101快递美团干洗,快递,2025-01-08 19:07:02,,1,,6.00,,2.32,42% - 0.2,1,1876948696280911872,极兔快递,JT0014934116300,生鲜类,云南省,
嘉丰国际1号楼101快递美团干洗_站点-嘉丰国际1号楼101快递美团干洗,快递,2025-01-08 18:56:26,,3.5,,11.00,,3.40,40%,1,1876946021715857408,极兔快递,JT0014932350192,生鲜类,北京市,
嘉丰国际1号楼101快递美团干洗_站点-嘉丰国际1号楼101快递美团干洗,快递,2025-01-08 18:30:38,,0.6,,6.00,,2.32,42% - 0.2,1,1876939509920485376,极兔快递,JT0014932003536,服饰,江苏省,
嘉丰国际1号楼101快递美团干洗_站点-嘉丰国际1号楼101快递美团干洗,快递,2025-01-08 18:29:39,,0.8,,6.00,,2.32,42% - 0.2,1,1876939290793267200,极兔快递,JT0014932521318,服饰,江苏省,
嘉丰国际1号楼101快递美团干洗_站点-嘉丰国际1号楼101快递美团干洗,快递,2025-01-08 18:00:09,,1.2,,7.00,,2.81,43% - 0.2,1,1876931868737458176,极兔快递,JT0014928693023,服饰,浙江省,
嘉丰国际1号楼101快递美团干洗_站点-嘉丰国际1号楼101快递美团干洗,干洗,2025-01-08 17:50:48,,,,9.90,,2.97,30%,,1876929505523978240,干洗,,"清洗鞋19.8元两双   *   1",,
嘉丰国际1号楼101快递美团干洗_站点-嘉丰国际1号楼101快递美团干洗,干洗,2025-01-08 17:48:21,,,,9.90,,2.97,30%,,1876928891255574528,干洗,,"清洗鞋19.8元两双   *   1",,
嘉丰国际1号楼101快递美团干洗_站点-嘉丰国际1号楼101快递美团干洗,干洗,2025-01-08 17:46:00,,,,9.90,,2.97,30%,,1876928278123827200,干洗,,"清洗鞋19.8元两双   *   1",,
嘉丰国际1号楼101快递美团干洗_站点-嘉丰国际1号楼101快递美团干洗,干洗,2025-01-08 17:42:34,,,,9.90,,2.97,30%,,1876927409911287808,干洗,,"清洗鞋19.8元两双   *   1",,
嘉丰国际1号楼101快递美团干洗_站点-嘉丰国际1号楼101快递美团干洗,快递,2025-01-08 17:26:32,,1.42,,7.00,,2.81,43% - 0.2,1,1876923402975236096,极兔快递,JT0014930539211,食品,辽宁省,
嘉丰国际1号楼101快递美团干洗_站点-嘉丰国际1号楼101快递美团干洗,快递,2025-01-08 17:09:47,,1.4,,7.00,,2.81,43% - 0.2,1,1876919188941230080,极兔快递,JT0014930896728,服饰,福建省,
嘉丰国际1号楼101快递美团干洗_站点-嘉丰国际1号楼101快递美团干洗,快递,2025-01-08 17:06:26,,4.6,,12.50,,4.80,40% - 0.2,1,1876918343864471552,极兔快递,JT0014924417417,食品,广东省,
嘉丰国际1号楼101快递美团干洗_站点-嘉丰国际1号楼101快递美团干洗,快递,2025-01-08 16:51:35,,0.6,,6.00,,2.32,42% - 0.2,1,1876914609621094400,极兔快递,JT0014930317341,服饰,广东省,
嘉丰国际1号楼101快递美团干洗_站点-嘉丰国际1号楼101快递美团干洗,快递,2025-01-08 16:22:23,,0.2,,6.00,,2.32,42% - 0.2,1,1876907259669565440,极兔快递,JT0014924730630,服饰,浙江省,
嘉丰国际1号楼101快递美团干洗_站点-嘉丰国际1号楼101快递美团干洗,快递,2025-01-08 15:47:59,,1,,6.00,,2.32,42% - 0.2,1,1876898601875329024,极兔快递,JT0014924947760,服饰,浙江省,
嘉丰国际1号楼101快递美团干洗_站点-嘉丰国际1号楼101快递美团干洗,快递,2025-01-08 15:21:35,,0.8,,6.00,,2.32,42% - 0.2,1,1876891948174069760,极兔快递,JT0014924662759,服饰,黑龙江省,
嘉丰国际1号楼101快递美团干洗_站点-嘉丰国际1号楼101快递美团干洗,快递,2025-01-08 15:20:24,,1,,6.00,,2.32,42% - 0.2,1,1876891663456325632,极兔快递,JT0014928325644,其他,广东省,
嘉丰国际1号楼101快递美团干洗_站点-嘉丰国际1号楼101快递美团干洗,快递,2025-01-08 15:07:57,,0.45,,6.00,,2.32,42% - 0.2,1,1876888528801288192,韵达快递,312603490831206,服饰,湖北省,
嘉丰国际1号楼101快递美团干洗_站点-嘉丰国际1号楼101快递美团干洗,快递,2025-01-08 14:56:07,,0.9,,6.00,,2.32,42% - 0.2,1,1876885547146072064,韵达快递,312603485694829,服饰,福建省,
嘉丰国际1号楼101快递美团干洗_站点-嘉丰国际1号楼101快递美团干洗,快递,2025-01-08 14:51:02,,0.8,,6.00,,2.32,42% - 0.2,1,1876884275315658752,韵达快递,312603479233855,数码产品,广东省,
嘉丰国际1号楼101快递美团干洗_站点-嘉丰国际1号楼101快递美团干洗,快递,2025-01-08 14:13:25,,1.75,,7.00,,2.81,43% - 0.2,1,1876874808473735168,韵达快递,312603462830876,服饰,广东省,
嘉丰国际1号楼101快递美团干洗_站点-嘉丰国际1号楼101快递美团干洗,快递,2025-01-08 14:12:51,,0.65,,6.00,,2.32,42% - 0.2,1,1876874656207917056,韵达快递,312603462160393,服饰,广东省,
嘉丰国际1号楼101快递美团干洗_站点-嘉丰国际1号楼101快递美团干洗,快递,2025-01-08 14:12:09,,0.8,,6.00,,2.32,42% - 0.2,1,1876874489270423552,韵达快递,312603461995087,服饰,广东省,
嘉丰国际1号楼101快递美团干洗_站点-嘉丰国际1号楼101快递美团干洗,快递,2025-01-08 14:07:17,,0.1,,6.00,,2.32,42% - 0.2,1,1876873252705718272,韵达快递,312603460597858,服饰,广东省,
嘉丰国际1号楼101快递美团干洗_站点-嘉丰国际1号楼101快递美团干洗,快递,2025-01-08 14:06:22,,0.45,,6.00,,2.32,42% - 0.2,1,1876873024107761664,韵达快递,312603460387966,服饰,广东省,
嘉丰国际1号楼101快递美团干洗_站点-嘉丰国际1号楼101快递美团干洗,快递,2025-01-08 14:05:34,,0.4,,6.00,,2.32,42% - 0.2,1,1876872831056531456,韵达快递,312603460160220,服饰,浙江省,
嘉丰国际1号楼101快递美团干洗_站点-嘉丰国际1号楼101快递美团干洗,快递,2025-01-08 14:04:29,,0.2,,6.00,,2.32,42% - 0.2,1,1876872558686818304,韵达快递,312603459622649,服饰,江西省,
嘉丰国际1号楼101快递美团干洗_站点-嘉丰国际1号楼101快递美团干洗,快递,2025-01-08 14:03:16,,0.38,,6.00,,2.32,42% - 0.2,1,1876872249654693888,韵达快递,312603459249850,服饰,浙江省,
嘉丰国际1号楼101快递美团干洗_站点-嘉丰国际1号楼101快递美团干洗,快递,2025-01-08 12:10:42,,0.65,,6.00,,2.32,42% - 0.2,1,1876843924307628032,韵达快递,312603422036684,服饰,江苏省,
嘉丰国际1号楼101快递美团干洗_站点-嘉丰国际1号楼101快递美团干洗,快递,2025-01-08 11:51:13,,0.3,,6.00,,2.32,42% - 0.2,1,1876839021220777984,韵达快递,312603407149391,服饰,广东省,
嘉丰国际1号楼101快递美团干洗_站点-嘉丰国际1号楼101快递美团干洗,快递,2025-01-08 11:49:43,,0.8,,6.00,,2.32,42% - 0.2,1,1876838637202886656,韵达快递,312603405900625,服饰,浙江省,
嘉丰国际1号楼101快递美团干洗_站点-嘉丰国际1号楼101快递美团干洗,快递,2025-01-08 11:48:56,,0.3,,6.00,,2.32,42% - 0.2,1,1876838440112541696,韵达快递,312603405294982,其他,四川省,
嘉丰国际1号楼101快递美团干洗_站点-嘉丰国际1号楼101快递美团干洗,干洗,2025-01-08 10:58:47,,,,24.80,,7.44,30%,,1876825824837292032,干洗,,"棉服_毛呢_羽绒服   *   1",,
嘉丰国际1号楼101快递美团干洗_站点-嘉丰国际1号楼101快递美团干洗,快递,2025-01-08 10:39:28,,9.7,,25.00,,9.80,40% - 0.2,1,1876820949256687616,韵达快递,312603255061991,服饰,广东省,
嘉丰国际1号楼101快递美团干洗_站点-嘉丰国际1号楼101快递美团干洗,快递,2025-01-08 10:35:17,,9.15,,25.00,,9.80,40% - 0.2,1,1876819885501501440,韵达快递,312603250423110,生活用品,广东省,
嘉丰国际1号楼101快递美团干洗_站点-嘉丰国际1号楼101快递美团干洗,快递,2025-01-08 10:29:48,,6.5,,17.50,,6.80,40% - 0.2,1,1876818528124063744,韵达快递,312603242444267,服饰,广东省,
嘉丰国际1号楼101快递美团干洗_站点-嘉丰国际1号楼101快递美团干洗,快递,2025-01-08 10:25:06,,3.6,,10.00,,3.80,40% - 0.2,1,1876817350090870784,极兔快递,JT0014922917117,其他,浙江省,
嘉丰国际1号楼101快递美团干洗_站点-嘉丰国际1号楼101快递美团干洗,快递,2025-01-08 10:21:04,,5.3,,16.00,,5.40,40%,1,1876816332275896320,极兔快递,JT0014921933224,食品,北京市,
嘉丰国际1号楼101快递美团干洗_站点-嘉丰国际1号楼101快递美团干洗,快递,2025-01-08 10:18:59,,0.7,,6.00,,2.32,42% - 0.2,1,1876815810395426816,极兔快递,JT0014921710783,服饰,河北省,
嘉丰国际1号楼101快递美团干洗_站点-嘉丰国际1号楼101快递美团干洗,快递,2025-01-08 10:04:24,2025-01-08 10:07:41,0.85,,6.00,,0.00,,1,1876812135522422784,极兔快递,JT0014916131235,服饰,广东省,已全额退款
嘉丰国际1号楼101快递美团干洗_站点-嘉丰国际1号楼101快递美团干洗,快递,2025-01-08 10:07:01,,0.85,,6.00,,2.32,42% - 0.2,1,1876812800516739072,极兔快递,JT0014922390880,服饰,广东省,
嘉丰国际1号楼101快递美团干洗_站点-嘉丰国际1号楼101快递美团干洗,快递,2025-01-07 19:01:36,,1,,6.00,,2.32,42% - 0.2,1,1876584911179403264,极兔快递,JT0014918171767,服饰,河北省,
嘉丰国际1号楼101快递美团干洗_站点-嘉丰国际1号楼101快递美团干洗,快递,2025-01-07 17:23:03,,0.6,,7.00,,1.94,42%,1,1876560139917774848,极兔快递,JT0014915341301,服饰,上海市,
嘉丰国际1号楼101快递美团干洗_站点-嘉丰国际1号楼101快递美团干洗,快递,2025-01-07 17:10:49,,0.5,,6.00,,2.32,42% - 0.2,1,1876557061143449600,极兔快递,JT0014914051949,服饰,浙江省,
嘉丰国际1号楼101快递美团干洗_站点-嘉丰国际1号楼101快递美团干洗,快递,2025-01-07 16:33:50,,3,,8.00,,3.40,45% - 0.2,1,1876547747842412544,极兔快递,JT0014910380523,生鲜类,湖北省,
嘉丰国际1号楼101快递美团干洗_站点-嘉丰国际1号楼101快递美团干洗,快递,2025-01-07 16:33:21,,3,,8.00,,3.40,45% - 0.2,1,1876547623934283776,极兔快递,JT0014915391790,生鲜类,湖北省,
嘉丰国际1号楼101快递美团干洗_站点-嘉丰国际1号楼101快递美团干洗,快递,2025-01-07 16:32:42,,3,,8.00,,3.40,45% - 0.2,1,1876547461342089216,极兔快递,JT0014912949274,生鲜类,湖北省,
嘉丰国际1号楼101快递美团干洗_站点-嘉丰国际1号楼101快递美团干洗,快递,2025-01-07 16:32:07,,3,,8.00,,3.40,45% - 0.2,1,1876547324960100352,极兔快递,JT0014915209733,生鲜类,湖北省,
嘉丰国际1号楼101快递美团干洗_站点-嘉丰国际1号楼101快递美团干洗,快递,2025-01-07 16:29:47,,3,,8.00,,3.40,45% - 0.2,1,1876546727997394944,极兔快递,JT0014914312418,生鲜类,湖北省,
嘉丰国际1号楼101快递美团干洗_站点-嘉丰国际1号楼101快递美团干洗,快递,2025-01-07 16:28:56,,3,,8.00,,3.40,45% - 0.2,1,1876546517074235392,极兔快递,JT0014913675546,生鲜类,湖北省,
嘉丰国际1号楼101快递美团干洗_站点-嘉丰国际1号楼101快递美团干洗,快递,2025-01-07 16:28:31,,3,,8.00,,3.40,45% - 0.2,1,1876546405614800896,极兔快递,JT0014915330167,生鲜类,湖北省,
嘉丰国际1号楼101快递美团干洗_站点-嘉丰国际1号楼101快递美团干洗,快递,2025-01-07 16:27:48,,3,,8.00,,3.40,45% - 0.2,1,1876546227226857472,极兔快递,JT0014913298055,生鲜类,湖北省,
嘉丰国际1号楼101快递美团干洗_站点-嘉丰国际1号楼101快递美团干洗,快递,2025-01-07 16:27:15,,3,,8.00,,3.40,45% - 0.2,1,1876546093009129472,极兔快递,JT0014915319716,生鲜类,湖北省,
嘉丰国际1号楼101快递美团干洗_站点-嘉丰国际1号楼101快递美团干洗,快递,2025-01-07 16:26:46,,3,,8.00,,3.40,45% - 0.2,1,1876545965732974592,极兔快递,JT0014915822636,生鲜类,湖北省,
嘉丰国际1号楼101快递美团干洗_站点-嘉丰国际1号楼101快递美团干洗,快递,2025-01-07 16:26:17,,3,,8.00,,3.40,45% - 0.2,1,1876545846186921984,极兔快递,JT0014914690948,生鲜类,湖北省,
嘉丰国际1号楼101快递美团干洗_站点-嘉丰国际1号楼101快递美团干洗,快递,2025-01-07 16:25:50,,3,,8.00,,3.40,45% - 0.2,1,1876545720626237440,极兔快递,JT0014914080187,生鲜类,湖北省,
嘉丰国际1号楼101快递美团干洗_站点-嘉丰国际1号楼101快递美团干洗,快递,2025-01-07 16:24:57,,3,,8.00,,3.40,45% - 0.2,1,1876545510885871616,极兔快递,JT0014914386927,生鲜类,湖北省,
嘉丰国际1号楼101快递美团干洗_站点-嘉丰国际1号楼101快递美团干洗,快递,2025-01-07 16:24:25,,3,,8.00,,3.40,45% - 0.2,1,1876545389813092352,极兔快递,JT0014915456695,生鲜类,湖北省,
嘉丰国际1号楼101快递美团干洗_站点-嘉丰国际1号楼101快递美团干洗,快递,2025-01-07 16:21:22,,3,,8.00,,3.40,45% - 0.2,1,1876544608707858432,极兔快递,JT0014912732300,生鲜类,湖北省,
嘉丰国际1号楼101快递美团干洗_站点-嘉丰国际1号楼101快递美团干洗,快递,2025-01-07 16:20:50,,3,,8.00,,3.40,45% - 0.2,1,1876544487005933568,极兔快递,JT0014914559635,生鲜类,湖北省,
嘉丰国际1号楼101快递美团干洗_站点-嘉丰国际1号楼101快递美团干洗,快递,2025-01-07 16:18:47,,3,,8.00,,3.40,45% - 0.2,1,1876543957022068736,极兔快递,JT0014904776488,生鲜类,湖北省,
嘉丰国际1号楼101快递美团干洗_站点-嘉丰国际1号楼101快递美团干洗,快递,2025-01-07 16:18:06,,3,,8.00,,3.40,45% - 0.2,1,1876543784401293312,极兔快递,JT0014913539072,生鲜类,湖北省,
嘉丰国际1号楼101快递美团干洗_站点-嘉丰国际1号楼101快递美团干洗,快递,2025-01-07 16:17:36,,3,,8.00,,3.40,45% - 0.2,1,1876543664779743232,极兔快递,JT0014914784869,生鲜类,湖北省,
嘉丰国际1号楼101快递美团干洗_站点-嘉丰国际1号楼101快递美团干洗,快递,2025-01-07 16:16:58,,3,,8.00,,3.40,45% - 0.2,1,1876543488589615104,极兔快递,JT0014915618419,生鲜类,湖北省,
嘉丰国际1号楼101快递美团干洗_站点-嘉丰国际1号楼101快递美团干洗,快递,2025-01-07 16:16:18,,3,,8.00,,3.40,45% - 0.2,1,1876543331877834752,极兔快递,JT0014915795058,生鲜类,湖北省,
嘉丰国际1号楼101快递美团干洗_站点-嘉丰国际1号楼101快递美团干洗,快递,2025-01-07 16:15:47,,3,,8.00,,3.40,45% - 0.2,1,1876543201539837952,极兔快递,JT0014912081408,生鲜类,湖北省,
嘉丰国际1号楼101快递美团干洗_站点-嘉丰国际1号楼101快递美团干洗,快递,2025-01-07 16:15:13,,3,,8.00,,3.40,45% - 0.2,1,1876543062486077440,极兔快递,JT0014910006033,生鲜类,湖北省,
嘉丰国际1号楼101快递美团干洗_站点-嘉丰国际1号楼101快递美团干洗,快递,2025-01-07 16:14:35,,3,,8.00,,3.40,45% - 0.2,1,1876542907925975040,极兔快递,JT0014913255832,生鲜类,湖北省,
嘉丰国际1号楼101快递美团干洗_站点-嘉丰国际1号楼101快递美团干洗,快递,2025-01-07 16:06:51,,0.85,,6.00,,2.32,42% - 0.2,1,1876540949601243136,极兔快递,JT0014912096904,服饰,浙江省,
嘉丰国际1号楼101快递美团干洗_站点-嘉丰国际1号楼101快递美团干洗,快递,2025-01-07 16:06:12,,0.6,,6.00,,2.32,42% - 0.2,1,1876540790398046208,极兔快递,JT0014915236401,服饰,浙江省,
嘉丰国际1号楼101快递美团干洗_站点-嘉丰国际1号楼101快递美团干洗,快递,2025-01-07 16:05:31,,0.55,,6.00,,2.32,42% - 0.2,1,1876540629840089088,极兔快递,JT0014915064708,服饰,浙江省,
嘉丰国际1号楼101快递美团干洗_站点-嘉丰国际1号楼101快递美团干洗,快递,2025-01-07 16:00:30,,1.8,,7.00,,2.81,43% - 0.2,1,1876539279555219456,极兔快递,JT0014908998170,服饰,广东省,
嘉丰国际1号楼101快递美团干洗_站点-嘉丰国际1号楼101快递美团干洗,干洗,2025-01-07 15:57:41,,,,15.00,,4.50,30%,,1876538654830415872,干洗,,"休闲裤_牛仔裤_运动裤   *   1",,
嘉丰国际1号楼101快递美团干洗_站点-嘉丰国际1号楼101快递美团干洗,干洗,2025-01-07 15:53:40,,,,19.80,,5.94,30%,,1876537645106253824,干洗,,"T恤_卫衣_   *   1",,
嘉丰国际1号楼101快递美团干洗_站点-嘉丰国际1号楼101快递美团干洗,干洗,2025-01-07 15:48:17,,,,15.00,,4.50,30%,,1876536287674290176,干洗,,"皮鞋   *   1",,
嘉丰国际1号楼101快递美团干洗_站点-嘉丰国际1号楼101快递美团干洗,快递,2025-01-07 15:14:12,,0.3,,6.00,,2.32,42% - 0.2,1,1876527712000331776,极兔快递,JT0014912711359,其他,山西省,
嘉丰国际1号楼101快递美团干洗_站点-嘉丰国际1号楼101快递美团干洗,干洗,2025-01-07 13:05:45,,,,29.80,,8.94,30%,,1876495385568268288,干洗,,"棉服_毛呢_羽绒服   *   1",,
嘉丰国际1号楼101快递美团干洗_站点-嘉丰国际1号楼101快递美团干洗,干洗,2025-01-07 13:02:30,,,,35.00,,10.50,30%,,1876494570975711232,干洗,,"棉服_毛呢_羽绒服   *   1",,
嘉丰国际1号楼101快递美团干洗_站点-嘉丰国际1号楼101快递美团干洗,干洗,2025-01-07 12:58:06,,,,24.80,,7.44,30%,,1876493463209693184,干洗,,"棉服_毛呢_羽绒服   *   1",,
嘉丰国际1号楼101快递美团干洗_站点-嘉丰国际1号楼101快递美团干洗,快递,2025-01-07 12:44:16,,0.25,,6.00,,2.32,42% - 0.2,1,1876489974383431680,韵达快递,312602703231707,服饰,广东省,
嘉丰国际1号楼101快递美团干洗_站点-嘉丰国际1号楼101快递美团干洗,快递,2025-01-07 12:39:23,,0.55,,6.00,,2.32,42% - 0.2,1,1876488747025223680,韵达快递,312602702396390,服饰,浙江省,
嘉丰国际1号楼101快递美团干洗_站点-嘉丰国际1号楼101快递美团干洗,快递,2025-01-07 12:31:54,,1,,6.00,,2.32,42% - 0.2,1,1876486849924747264,韵达快递,312602700296608,服饰,黑龙江省,
嘉丰国际1号楼101快递美团干洗_站点-嘉丰国际1号楼101快递美团干洗,快递,2025-01-07 12:31:07,,0.3,,6.00,,2.32,42% - 0.2,1,1876486657280364544,韵达快递,312602700141073,服饰,辽宁省,
嘉丰国际1号楼101快递美团干洗_站点-嘉丰国际1号楼101快递美团干洗,快递,2025-01-07 12:30:22,,0.2,,6.00,,2.32,42% - 0.2,1,1876486476849795072,韵达快递,312602700016080,其他,广东省,
嘉丰国际1号楼101快递美团干洗_站点-嘉丰国际1号楼101快递美团干洗,快递,2025-01-07 12:29:26,,0.2,,6.00,,2.32,42% - 0.2,1,1876486243453554688,韵达快递,312602699883170,其他,广东省,
嘉丰国际1号楼101快递美团干洗_站点-嘉丰国际1号楼101快递美团干洗,快递,2025-01-07 12:28:31,,0.4,,6.00,,2.32,42% - 0.2,1,1876486004617302016,韵达快递,312602699754634,服饰,广东省,
嘉丰国际1号楼101快递美团干洗_站点-嘉丰国际1号楼101快递美团干洗,快递,2025-01-07 12:27:37,,0.2,,6.00,,2.32,42% - 0.2,1,1876485794767884288,韵达快递,312602699609982,其他,广东省,
嘉丰国际1号楼101快递美团干洗_站点-嘉丰国际1号楼101快递美团干洗,快递,2025-01-07 12:25:20,,0.6,,6.00,,2.32,42% - 0.2,1,1876485054980739072,韵达快递,312602699143567,服饰,河南省,
嘉丰国际1号楼101快递美团干洗_站点-嘉丰国际1号楼101快递美团干洗,快递,2025-01-07 12:24:00,,0.6,,6.00,,2.32,42% - 0.2,1,1876484883387568128,韵达快递,312602698890381,服饰,浙江省,
嘉丰国际1号楼101快递美团干洗_站点-嘉丰国际1号楼101快递美团干洗,快递,2025-01-07 12:22:27,,0.2,,6.00,,2.32,42% - 0.2,1,1876484493287936000,韵达快递,312602698672076,服饰,江苏省,
嘉丰国际1号楼101快递美团干洗_站点-嘉丰国际1号楼101快递美团干洗,快递,2025-01-07 12:16:33,,0.5,,6.00,,2.32,42% - 0.2,1,1876483006902095872,韵达快递,312602696228655,服饰,浙江省,
嘉丰国际1号楼101快递美团干洗_站点-嘉丰国际1号楼101快递美团干洗,快递,2025-01-07 12:14:13,,1.6,,7.00,,2.81,43% - 0.2,1,1876482402926514176,韵达快递,312602689910594,服饰,辽宁省,
嘉丰国际1号楼101快递美团干洗_站点-嘉丰国际1号楼101快递美团干洗,快递,2025-01-07 12:13:17,,1.6,,7.00,,2.81,43% - 0.2,1,1876482178866794496,韵达快递,312602689386945,服饰,辽宁省,
嘉丰国际1号楼101快递美团干洗_站点-嘉丰国际1号楼101快递美团干洗,干洗,2025-01-07 12:08:02,,,,24.80,,7.44,30%,,1876480863163961344,干洗,,"棉服_毛呢_羽绒服   *   1",,
嘉丰国际1号楼101快递美团干洗_站点-嘉丰国际1号楼101快递美团干洗,快递,2025-01-07 11:42:23,,0.75,,6.00,,2.32,42% - 0.2,1,1876474413935022080,韵达快递,312602621610228,服饰,江苏省,
嘉丰国际1号楼101快递美团干洗_站点-嘉丰国际1号楼101快递美团干洗,快递,2025-01-07 11:41:11,,0.4,,6.00,,2.32,42% - 0.2,1,1876474108564525056,韵达快递,312602620337485,服饰,江苏省,
嘉丰国际1号楼101快递美团干洗_站点-嘉丰国际1号楼101快递美团干洗,快递,2025-01-07 11:33:57,,1,,6.00,,2.32,42% - 0.2,1,1876472286424649728,韵达快递,312602612516481,服饰,山东省,
嘉丰国际1号楼101快递美团干洗_站点-嘉丰国际1号楼101快递美团干洗,快递,2025-01-07 11:27:15,,0.65,,6.00,,2.32,42% - 0.2,1,1876470595998502912,韵达快递,312602605704997,服饰,四川省,
嘉丰国际1号楼101快递美团干洗_站点-嘉丰国际1号楼101快递美团干洗,快递,2025-01-07 11:26:29,,0.4,,6.00,,2.32,42% - 0.2,1,1876470383993212928,韵达快递,312602605043121,服饰,山东省,
嘉丰国际1号楼101快递美团干洗_站点-嘉丰国际1号楼101快递美团干洗,快递,2025-01-07 11:25:31,,0.35,,6.00,,2.32,42% - 0.2,1,1876470163876139008,韵达快递,312602603877865,服饰,浙江省,
嘉丰国际1号楼101快递美团干洗_站点-嘉丰国际1号楼101快递美团干洗,快递,2025-01-07 11:13:34,,5.7,,16.00,,5.40,40%,1,1876467159370354688,韵达快递,312602548157646,食品,北京市,
嘉丰国际1号楼101快递美团干洗_站点-嘉丰国际1号楼101快递美团干洗,快递,2025-01-07 11:12:30,,8.1,,23.50,,8.40,40%,1,1876466886811897856,韵达快递,312602546979535,食品,北京市,
嘉丰国际1号楼101快递美团干洗_站点-嘉丰国际1号楼101快递美团干洗,快递,2025-01-07 10:47:25,,1.2,,7.00,,2.81,43% - 0.2,1,1876460579740504064,极兔快递,JT0014888145447,服饰,江苏省,
嘉丰国际1号楼101快递美团干洗_站点-嘉丰国际1号楼101快递美团干洗,快递,2025-01-07 10:46:19,,1.1,,7.00,,2.81,43% - 0.2,1,1876460301473599488,极兔快递,JT0014906285196,服饰,浙江省,
嘉丰国际1号楼101快递美团干洗_站点-嘉丰国际1号楼101快递美团干洗,快递,2025-01-07 10:45:40,,0.7,,6.00,,2.32,42% - 0.2,1,1876460120883646464,极兔快递,JT0014898897904,服饰,浙江省,
嘉丰国际1号楼101快递美团干洗_站点-嘉丰国际1号楼101快递美团干洗,快递,2025-01-07 10:25:11,,1,,6.00,,2.32,42% - 0.2,1,1876454979925233664,极兔快递,JT0014907119902,生鲜类,广东省,
嘉丰国际1号楼101快递美团干洗_站点-嘉丰国际1号楼101快递美团干洗,快递,2025-01-07 10:24:15,,3,,8.00,,3.40,45% - 0.2,1,1876454744851271680,极兔快递,JT0014903900052,生鲜类,广东省,
嘉丰国际1号楼101快递美团干洗_站点-嘉丰国际1号楼101快递美团干洗,快递,2025-01-07 10:22:45,,6,,15.00,,5.80,40% - 0.2,1,1876454367737204736,极兔快递,JT0014905405235,生鲜类,江西省,
嘉丰国际1号楼101快递美团干洗_站点-嘉丰国际1号楼101快递美团干洗,快递,2025-01-07 10:20:31,,0.7,,6.00,,2.32,42% - 0.2,1,1876453795193737216,极兔快递,JT0014905831672,生鲜类,河南省,
嘉丰国际1号楼101快递美团干洗_站点-嘉丰国际1号楼101快递美团干洗,快递,2025-01-07 10:17:40,,3,,8.00,,3.40,45% - 0.2,1,1876453088768086016,极兔快递,JT0014898466290,生鲜类,河南省,
嘉丰国际1号楼101快递美团干洗_站点-嘉丰国际1号楼101快递美团干洗,快递,2025-01-06 19:29:29,,1,,6.00,,2.32,42% - 0.2,1,1876229570440777728,极兔快递,JT0014903085287,服饰,江苏省,
嘉丰国际1号楼101快递美团干洗_站点-嘉丰国际1号楼101快递美团干洗,快递,2025-01-06 19:15:28,,0.2,,6.00,,2.32,42% - 0.2,1,1876226041546330112,极兔快递,JT0014900999463,其他,青海省,
嘉丰国际1号楼101快递美团干洗_站点-嘉丰国际1号楼101快递美团干洗,快递,2025-01-06 19:08:05,,6.4,,17.50,,6.80,40% - 0.2,1,1876224175131381760,极兔快递,JT0014902356896,食品,陕西省,
嘉丰国际1号楼101快递美团干洗_站点-嘉丰国际1号楼101快递美团干洗,快递,2025-01-06 19:07:06,,6.4,,17.50,,6.80,40% - 0.2,1,1876223938677493760,极兔快递,JT0014903381833,食品,陕西省,
嘉丰国际1号楼101快递美团干洗_站点-嘉丰国际1号楼101快递美团干洗,快递,2025-01-06 19:05:47,,5.4,,15.00,,5.80,40% - 0.2,1,1876223602529193984,极兔快递,JT0014899595071,食品,陕西省,
嘉丰国际1号楼101快递美团干洗_站点-嘉丰国际1号楼101快递美团干洗,快递,2025-01-06 19:00:02,,0.7,,6.00,,2.32,42% - 0.2,1,1876222151417450496,极兔快递,JT0014904002887,服饰,广东省,
嘉丰国际1号楼101快递美团干洗_站点-嘉丰国际1号楼101快递美团干洗,快递,2025-01-06 18:59:07,,0.7,,6.00,,2.32,42% - 0.2,1,1876221929123532800,极兔快递,JT0014903079810,服饰,湖南省,
嘉丰国际1号楼101快递美团干洗_站点-嘉丰国际1号楼101快递美团干洗,快递,2025-01-06 18:58:00,,0.1,,6.00,,2.32,42% - 0.2,1,1876221640844824576,极兔快递,JT0014893742261,服饰,浙江省,
嘉丰国际1号楼101快递美团干洗_站点-嘉丰国际1号楼101快递美团干洗,快递,2025-01-06 18:57:01,,0.32,,6.00,,2.32,42% - 0.2,1,1876221398359527424,极兔快递,JT0014903223753,服饰,江苏省,
嘉丰国际1号楼101快递美团干洗_站点-嘉丰国际1号楼101快递美团干洗,干洗,2025-01-06 18:52:39,,,,29.80,,8.94,30%,,1876220298667544576,干洗,,"棉服_毛呢_羽绒服   *   1",,
嘉丰国际1号楼101快递美团干洗_站点-嘉丰国际1号楼101快递美团干洗,快递,2025-01-06 18:44:23,,0.85,,6.00,,2.32,42% - 0.2,1,1876218217009430528,极兔快递,JT0014900913211,服饰,浙江省,
嘉丰国际1号楼101快递美团干洗_站点-嘉丰国际1号楼101快递美团干洗,快递,2025-01-06 18:22:19,,0.4,,6.00,,2.32,42% - 0.2,1,1876212355465396224,极兔快递,JT0014902815587,其他,广东省,
嘉丰国际1号楼101快递美团干洗_站点-嘉丰国际1号楼101快递美团干洗,快递,2025-01-06 18:18:16,,0.15,,6.00,,2.32,42% - 0.2,1,1876211597210730496,极兔快递,JT0014902893615,其他,浙江省,
嘉丰国际1号楼101快递美团干洗_站点-嘉丰国际1号楼101快递美团干洗,快递,2025-01-06 18:05:59,,1,,6.00,,2.32,42% - 0.2,1,1876208554444505088,极兔快递,JT0014903005673,服饰,河北省,
嘉丰国际1号楼101快递美团干洗_站点-嘉丰国际1号楼101快递美团干洗,快递,2025-01-06 17:49:12,,0.53,,6.00,,2.32,42% - 0.2,1,1876204331032035328,极兔快递,JT0014899709754,服饰,浙江省,
嘉丰国际1号楼101快递美团干洗_站点-嘉丰国际1号楼101快递美团干洗,干洗,2025-01-06 17:31:27,,,,24.50,,7.35,30%,,1876199868988833792,干洗,,"清洗普通羽绒服2件不分长短49元   *   1",,
嘉丰国际1号楼101快递美团干洗_站点-嘉丰国际1号楼101快递美团干洗,干洗,2025-01-06 17:28:39,,,,24.50,,7.35,30%,,1876199158264020992,干洗,,"清洗普通羽绒服2件不分长短49元   *   1",,
嘉丰国际1号楼101快递美团干洗_站点-嘉丰国际1号楼101快递美团干洗,快递,2025-01-06 17:03:57,,0.55,,6.00,,2.32,42% - 0.2,1,1876192946294276096,极兔快递,JT0014898946654,服饰,广东省,
嘉丰国际1号楼101快递美团干洗_站点-嘉丰国际1号楼101快递美团干洗,快递,2025-01-06 17:02:33,,0.65,,6.00,,2.32,42% - 0.2,1,1876192594379587584,极兔快递,JT0014895686439,服饰,广东省,
嘉丰国际1号楼101快递美团干洗_站点-嘉丰国际1号楼101快递美团干洗,快递,2025-01-06 16:51:15,,0.85,,6.00,,2.32,42% - 0.2,1,1876189741799882752,极兔快递,JT0014895025002,服饰,广东省,
嘉丰国际1号楼101快递美团干洗_站点-嘉丰国际1号楼101快递美团干洗,快递,2025-01-06 16:50:34,,0.72,,6.00,,2.32,42% - 0.2,1,1876189574111608832,极兔快递,JT0014899174146,服饰,浙江省,
嘉丰国际1号楼101快递美团干洗_站点-嘉丰国际1号楼101快递美团干洗,快递,2025-01-06 16:31:19,,0.3,,6.00,,2.32,42% - 0.2,1,1876184734966923264,极兔快递,JT0014874770283,其他,河北省,
嘉丰国际1号楼101快递美团干洗_站点-嘉丰国际1号楼101快递美团干洗,快递,2025-01-06 16:28:59,,12.8,,32.50,,12.80,40% - 0.2,1,1876184144517971968,极兔快递,JT0014898592663,其他,广东省,
嘉丰国际1号楼101快递美团干洗_站点-嘉丰国际1号楼101快递美团干洗,快递,2025-01-06 16:09:53,,0.3,,6.00,,2.32,42% - 0.2,1,1876179335749173248,极兔快递,JT0014891678420,服饰,江苏省,
嘉丰国际1号楼101快递美团干洗_站点-嘉丰国际1号楼101快递美团干洗,快递,2025-01-06 15:38:54,,0.5,,6.00,,2.32,42% - 0.2,1,1876171535918739456,极兔快递,JT0014895789346,服饰,福建省,
嘉丰国际1号楼101快递美团干洗_站点-嘉丰国际1号楼101快递美团干洗,快递,2025-01-06 15:38:00,,0.45,,6.00,,2.32,42% - 0.2,1,1876171308281278464,极兔快递,JT0014887770772,服饰,福建省,
嘉丰国际1号楼101快递美团干洗_站点-嘉丰国际1号楼101快递美团干洗,快递,2025-01-06 15:37:28,,0.3,,6.00,,2.32,42% - 0.2,1,1876171174713667584,极兔快递,JT0014884263945,服饰,福建省,
嘉丰国际1号楼101快递美团干洗_站点-嘉丰国际1号楼101快递美团干洗,快递,2025-01-06 15:36:50,,0.5,,6.00,,2.32,42% - 0.2,1,1876171026008813568,极兔快递,JT0014898807027,服饰,福建省,
嘉丰国际1号楼101快递美团干洗_站点-嘉丰国际1号楼101快递美团干洗,快递,2025-01-06 15:35:45,,0.8,,6.00,,2.32,42% - 0.2,1,1876170749562236928,韵达快递,312601939334769,服饰,浙江省,
嘉丰国际1号楼101快递美团干洗_站点-嘉丰国际1号楼101快递美团干洗,快递,2025-01-06 15:29:34,,0.2,,6.00,,2.32,42% - 0.2,1,1876169182222135296,极兔快递,JT0014898334417,其他,浙江省,
嘉丰国际1号楼101快递美团干洗_站点-嘉丰国际1号楼101快递美团干洗,快递,2025-01-06 15:28:31,,0.2,,6.00,,2.32,42% - 0.2,1,1876168927833403392,极兔快递,JT0014894294825,其他,河南省,
嘉丰国际1号楼101快递美团干洗_站点-嘉丰国际1号楼101快递美团干洗,快递,2025-01-06 15:26:17,,0.8,,6.00,,2.32,42% - 0.2,1,1876168351921909760,极兔快递,JT0014897607930,其他,江苏省,
嘉丰国际1号楼101快递美团干洗_站点-嘉丰国际1号楼101快递美团干洗,快递,2025-01-06 15:20:33,,0.03,,6.00,,2.32,42% - 0.2,1,1876166925002911744,极兔快递,JT0014898300552,其他,广东省,
嘉丰国际1号楼101快递美团干洗_站点-嘉丰国际1号楼101快递美团干洗,快递,2025-01-06 15:16:14,,0.5,,6.00,,2.32,42% - 0.2,1,1876165840590778368,韵达快递,312601929999389,其他,甘肃省,
嘉丰国际1号楼101快递美团干洗_站点-嘉丰国际1号楼101快递美团干洗,快递,2025-01-06 15:14:00,,1.5,,7.00,,2.81,43% - 0.2,1,1876165275899047936,极兔快递,JT0014896532295,服饰,宁夏回族自治区,
嘉丰国际1号楼101快递美团干洗_站点-嘉丰国际1号楼101快递美团干洗,快递,2025-01-06 14:20:46,,7.5,,20.00,,7.80,40% - 0.2,1,1876151863156584448,申通快递,772036441885720,生鲜类,辽宁省,
嘉丰国际1号楼101快递美团干洗_站点-嘉丰国际1号楼101快递美团干洗,快递,2025-01-06 13:55:21,,0.3,,6.00,,2.32,42% - 0.2,1,1876145473113468928,极兔快递,JT0014895448485,服饰,广东省,
嘉丰国际1号楼101快递美团干洗_站点-嘉丰国际1号楼101快递美团干洗,快递,2025-01-06 13:54:38,,0.3,,6.00,,2.32,42% - 0.2,1,1876145306683486208,极兔快递,JT0014890565973,服饰,河北省,
嘉丰国际1号楼101快递美团干洗_站点-嘉丰国际1号楼101快递美团干洗,快递,2025-01-06 13:53:06,,1,,6.00,,2.32,42% - 0.2,1,1876144918353850368,极兔快递,JT0014876801689,服饰,江西省,
嘉丰国际1号楼101快递美团干洗_站点-嘉丰国际1号楼101快递美团干洗,快递,2025-01-06 13:50:25,,0.85,,6.00,,2.32,42% - 0.2,1,1876144239199563776,极兔快递,JT0014895509012,服饰,四川省,
嘉丰国际1号楼101快递美团干洗_站点-嘉丰国际1号楼101快递美团干洗,快递,2025-01-06 13:40:32,,1.8,,7.00,,2.81,43% - 0.2,1,1876141754422571008,极兔快递,JT0014891745902,其他,江西省,
嘉丰国际1号楼101快递美团干洗_站点-嘉丰国际1号楼101快递美团干洗,快递,2025-01-06 12:23:26,,0.55,,6.00,,2.32,42% - 0.2,1,1876122354839629824,韵达快递,312601735365741,服饰,内蒙古自治区,
嘉丰国际1号楼101快递美团干洗_站点-嘉丰国际1号楼101快递美团干洗,快递,2025-01-06 12:04:21,,0.4,,6.00,,2.32,42% - 0.2,1,1876117546657296384,极兔快递,JT0014894722158,文件,湖南省,
嘉丰国际1号楼101快递美团干洗_站点-嘉丰国际1号楼101快递美团干洗,快递,2025-01-06 11:13:09,,1.1,,7.00,,2.81,43% - 0.2,1,1876104662388748288,极兔快递,JT0014891728241,服饰,广东省,
嘉丰国际1号楼101快递美团干洗_站点-嘉丰国际1号楼101快递美团干洗,快递,2025-01-06 11:12:13,,0.62,,6.00,,2.32,42% - 0.2,1,1876104427025379328,极兔快递,JT0014892889217,服饰,河南省,
嘉丰国际1号楼101快递美团干洗_站点-嘉丰国际1号楼101快递美团干洗,快递,2025-01-06 10:31:28,,2.1,,8.00,,3.40,45% - 0.2,1,1876094166252040192,极兔快递,JT0014892571356,服饰,浙江省,
嘉丰国际1号楼101快递美团干洗_站点-嘉丰国际1号楼101快递美团干洗,快递,2025-01-06 10:30:44,,2.1,,8.00,,3.40,45% - 0.2,1,1876093991911600128,极兔快递,JT0014891203950,服饰,浙江省,
嘉丰国际1号楼101快递美团干洗_站点-嘉丰国际1号楼101快递美团干洗,快递,2025-01-06 10:24:38,,0.75,,6.00,,2.32,42% - 0.2,1,1876092456586620928,极兔快递,JT0014885113635,服饰,河南省,
嘉丰国际1号楼101快递美团干洗_站点-嘉丰国际1号楼101快递美团干洗,快递,2025-01-06 10:21:21,,4.94,,12.50,,4.80,40% - 0.2,1,1876091629050441728,极兔快递,JT0014874441115,食品,陕西省,
嘉丰国际1号楼101快递美团干洗_站点-嘉丰国际1号楼101快递美团干洗,快递,2025-01-06 10:18:22,,2.4,,8.00,,3.40,45% - 0.2,1,1876090876768464896,极兔快递,JT0014887423344,食品,陕西省,
嘉丰国际1号楼101快递美团干洗_站点-嘉丰国际1号楼101快递美团干洗,快递,2025-01-06 10:11:48,,0.55,,6.00,,2.32,42% - 0.2,1,1876089212116316160,极兔快递,JT0014891373801,服饰,广东省,
嘉丰国际1号楼101快递美团干洗_站点-嘉丰国际1号楼101快递美团干洗,快递,2025-01-06 10:10:43,,0.6,,6.00,,2.32,42% - 0.2,1,1876088943395647488,极兔快递,JT0014889733381,服饰,浙江省,
嘉丰国际1号楼101快递美团干洗_站点-嘉丰国际1号楼101快递美团干洗,快递,2025-01-06 10:09:46,,0.5,,6.00,,2.32,42% - 0.2,1,1876088700729995264,极兔快递,JT0014892465735,服饰,广东省,
嘉丰国际1号楼101快递美团干洗_站点-嘉丰国际1号楼101快递美团干洗,干洗,2025-01-05 19:26:44,,,,12.80,,3.84,30%,,1875866465197010944,干洗,,"凉鞋   *   1",,
嘉丰国际1号楼101快递美团干洗_站点-嘉丰国际1号楼101快递美团干洗,快递,2025-01-05 18:56:12,,7.5,,21.00,,7.40,40%,1,1875858797887664128,极兔快递,JT0014888293332,生鲜类,北京市,
嘉丰国际1号楼101快递美团干洗_站点-嘉丰国际1号楼101快递美团干洗,快递,2025-01-05 18:55:37,,7.5,,21.00,,7.40,40%,1,1875858651510648832,极兔快递,JT0014884182522,生鲜类,北京市,
嘉丰国际1号楼101快递美团干洗_站点-嘉丰国际1号楼101快递美团干洗,快递,2025-01-05 18:54:59,,7.5,,21.00,,7.40,40%,1,1875858491867049984,极兔快递,JT0014877784891,生鲜类,北京市,
嘉丰国际1号楼101快递美团干洗_站点-嘉丰国际1号楼101快递美团干洗,快递,2025-01-05 18:54:30,,7.5,,21.00,,7.40,40%,1,1875858374032273408,极兔快递,JT0014885083622,生鲜类,北京市,
嘉丰国际1号楼101快递美团干洗_站点-嘉丰国际1号楼101快递美团干洗,快递,2025-01-05 18:53:58,,7.5,,21.00,,7.40,40%,1,1875858229232316416,极兔快递,JT0014885496882,生鲜类,北京市,
嘉丰国际1号楼101快递美团干洗_站点-嘉丰国际1号楼101快递美团干洗,快递,2025-01-05 18:53:19,,7.5,,21.00,,7.40,40%,1,1875858081882222592,极兔快递,JT0014886902448,生鲜类,北京市,
嘉丰国际1号楼101快递美团干洗_站点-嘉丰国际1号楼101快递美团干洗,快递,2025-01-05 18:52:13,,7.5,,21.00,,7.40,40%,1,1875857730345021440,极兔快递,JT0014888488712,生鲜类,北京市,
嘉丰国际1号楼101快递美团干洗_站点-嘉丰国际1号楼101快递美团干洗,快递,2025-01-05 18:51:20,,7.5,,21.00,,7.40,40%,1,1875857584509071360,极兔快递,JT0014883301806,生鲜类,北京市,
嘉丰国际1号楼101快递美团干洗_站点-嘉丰国际1号楼101快递美团干洗,快递,2025-01-05 18:49:51,,7.5,,21.00,,7.40,40%,1,1875857203443970048,极兔快递,JT0014885040465,生鲜类,北京市,
嘉丰国际1号楼101快递美团干洗_站点-嘉丰国际1号楼101快递美团干洗,快递,2025-01-05 18:48:43,,7.5,,21.00,,7.40,40%,1,1875856914284457984,极兔快递,JT0014889074964,生鲜类,北京市,
嘉丰国际1号楼101快递美团干洗_站点-嘉丰国际1号楼101快递美团干洗,快递,2025-01-05 18:18:52,,1.55,,7.00,,2.81,43% - 0.2,1,1875849408824913920,极兔快递,JT0014884680624,其他,江西省,
嘉丰国际1号楼101快递美团干洗_站点-嘉丰国际1号楼101快递美团干洗,快递,2025-01-05 18:06:11,,2.8,,8.00,,3.40,45% - 0.2,1,1875846219576815616,极兔快递,JT0014887537839,服饰,广东省,
嘉丰国际1号楼101快递美团干洗_站点-嘉丰国际1号楼101快递美团干洗,快递,2025-01-05 15:47:30,,0.75,,6.00,,2.32,42% - 0.2,1,1875811315543617536,极兔快递,JT0014884220444,服饰,浙江省,
嘉丰国际1号楼101快递美团干洗_站点-嘉丰国际1号楼101快递美团干洗,快递,2025-01-05 14:34:28,,0.4,,6.00,,2.32,42% - 0.2,1,1875792927022821376,韵达快递,312600709024941,服饰,广东省,
嘉丰国际1号楼101快递美团干洗_站点-嘉丰国际1号楼101快递美团干洗,快递,2025-01-05 14:33:44,,0.5,,6.00,,2.32,42% - 0.2,1,1875792749385658368,韵达快递,312600706778877,服饰,四川省,
嘉丰国际1号楼101快递美团干洗_站点-嘉丰国际1号楼101快递美团干洗,干洗,2025-01-05 13:31:34,,,,24.50,,7.35,30%,,1875777108465332224,干洗,,"清洗普通羽绒服2件不分长短49元   *   1",,
嘉丰国际1号楼101快递美团干洗_站点-嘉丰国际1号楼101快递美团干洗,快递,2025-01-05 12:49:39,,0.8,,6.00,,2.32,42% - 0.2,1,1875766559182598144,韵达快递,312600632611506,服饰,广东省,
嘉丰国际1号楼101快递美团干洗_站点-嘉丰国际1号楼101快递美团干洗,快递,2025-01-05 12:44:40,,0.8,,6.00,,2.32,42% - 0.2,1,1875765305060536320,韵达快递,312600631508506,服饰,浙江省,
嘉丰国际1号楼101快递美团干洗_站点-嘉丰国际1号楼101快递美团干洗,快递,2025-01-05 12:05:04,,0.35,,6.00,,2.32,42% - 0.2,1,1875755074888839168,韵达快递,312600617396478,其他,河南省,
嘉丰国际1号楼101快递美团干洗_站点-嘉丰国际1号楼101快递美团干洗,快递,2025-01-05 12:00:35,,0.7,,6.00,,2.32,42% - 0.2,1,1875754216721657856,韵达快递,312600616390918,服饰,福建省,
嘉丰国际1号楼101快递美团干洗_站点-嘉丰国际1号楼101快递美团干洗,快递,2025-01-05 11:51:59,,5,,13.50,,4.40,40%,1,1875752048627200000,韵达快递,312600611142061,食品,北京市,
嘉丰国际1号楼101快递美团干洗_站点-嘉丰国际1号楼101快递美团干洗,快递,2025-01-05 11:30:15,,1.8,,7.00,,2.81,43% - 0.2,1,1875746574666215424,韵达快递,312600595603890,其他,广东省,
嘉丰国际1号楼101快递美团干洗_站点-嘉丰国际1号楼101快递美团干洗,快递,2025-01-05 10:36:37,,0.72,,6.00,,2.32,42% - 0.2,1,1875733076594831360,韵达快递,312600496911127,其他,湖北省,
嘉丰国际1号楼101快递美团干洗_站点-嘉丰国际1号楼101快递美团干洗,快递,2025-01-05 10:35:21,,0.75,,6.00,,2.32,42% - 0.2,1,1875732766635765760,韵达快递,312600494214692,其他,湖北省,
嘉丰国际1号楼101快递美团干洗_站点-嘉丰国际1号楼101快递美团干洗,快递,2025-01-05 10:33:50,,0.7,,6.00,,2.32,42% - 0.2,1,1875732375160401920,韵达快递,312600486547260,其他,湖北省,
嘉丰国际1号楼101快递美团干洗_站点-嘉丰国际1号楼101快递美团干洗,快递,2025-01-05 10:27:20,,0.75,,6.00,,2.32,42% - 0.2,1,1875730739105017856,极兔快递,JT0014877354936,其他,湖北省,
嘉丰国际1号楼101快递美团干洗_站点-嘉丰国际1号楼101快递美团干洗,快递,2025-01-05 10:25:56,,0.75,,6.00,,2.32,42% - 0.2,1,1875730394878488576,极兔快递,JT0014879656242,其他,湖北省,
嘉丰国际1号楼101快递美团干洗_站点-嘉丰国际1号楼101快递美团干洗,快递,2025-01-05 10:10:25,,1.9,,7.00,,2.81,43% - 0.2,1,1875726489515896832,极兔快递,JT0014870898275,服饰,江苏省,
嘉丰国际1号楼101快递美团干洗_站点-嘉丰国际1号楼101快递美团干洗,快递,2025-01-05 10:09:38,,0.3,,6.00,,2.32,42% - 0.2,1,1875726291678965760,极兔快递,JT0014878701941,服饰,广东省,
嘉丰国际1号楼101快递美团干洗_站点-嘉丰国际1号楼101快递美团干洗,快递,2025-01-05 10:08:10,,0.55,,6.00,,2.32,42% - 0.2,1,1875725909254909952,极兔快递,JT0014870530825,服饰,广东省,
嘉丰国际1号楼101快递美团干洗_站点-嘉丰国际1号楼101快递美团干洗,干洗,2025-01-04 19:12:03,,,,9.90,,2.97,30%,,1875500397840478208,干洗,,"清洗鞋19.8元两双   *   1",,
嘉丰国际1号楼101快递美团干洗_站点-嘉丰国际1号楼101快递美团干洗,干洗,2025-01-04 18:59:17,,,,29.00,,8.70,30%,,1875497195871055872,干洗,,"内胆   *   1",,
嘉丰国际1号楼101快递美团干洗_站点-嘉丰国际1号楼101快递美团干洗,快递,2025-01-04 18:33:21,,2.1,,8.00,,3.40,45% - 0.2,1,1875490668577730560,极兔快递,JT0014874014635,服饰,浙江省,
嘉丰国际1号楼101快递美团干洗_站点-嘉丰国际1号楼101快递美团干洗,快递,2025-01-04 18:10:15,,0.7,,6.00,,2.32,42% - 0.2,1,1875484846644703232,极兔快递,JT0014873827124,其他,山西省,
嘉丰国际1号楼101快递美团干洗_站点-嘉丰国际1号楼101快递美团干洗,快递,2025-01-04 18:09:25,,0.7,,6.00,,2.32,42% - 0.2,1,1875484647000027136,极兔快递,JT0014874044016,其他,山西省,
嘉丰国际1号楼101快递美团干洗_站点-嘉丰国际1号楼101快递美团干洗,快递,2025-01-04 18:08:15,,0.7,,6.00,,2.32,42% - 0.2,1,1875484352991899648,极兔快递,JT0014873342937,其他,山西省,
嘉丰国际1号楼101快递美团干洗_站点-嘉丰国际1号楼101快递美团干洗,快递,2025-01-04 18:07:02,,0.69,,6.00,,2.32,42% - 0.2,1,1875484039417344000,极兔快递,JT0014873585036,其他,山西省,
嘉丰国际1号楼101快递美团干洗_站点-嘉丰国际1号楼101快递美团干洗,快递,2025-01-04 18:06:02,,0.7,,6.00,,2.32,42% - 0.2,1,1875483796365815808,极兔快递,JT0014870725555,其他,山西省,
嘉丰国际1号楼101快递美团干洗_站点-嘉丰国际1号楼101快递美团干洗,快递,2025-01-04 17:59:00,,1.05,,7.00,,2.81,43% - 0.2,1,1875482017267888128,极兔快递,JT0014874751502,服饰,湖北省,
嘉丰国际1号楼101快递美团干洗_站点-嘉丰国际1号楼101快递美团干洗,快递,2025-01-04 17:54:51,,0.4,,6.00,,2.32,42% - 0.2,1,1875480981564207104,极兔快递,JT0014864776009,服饰,广东省,
嘉丰国际1号楼101快递美团干洗_站点-嘉丰国际1号楼101快递美团干洗,快递,2025-01-04 17:52:09,,0.6,,6.00,,2.32,42% - 0.2,1,1875480298861539328,极兔快递,JT0014874968698,服饰,浙江省,
嘉丰国际1号楼101快递美团干洗_站点-嘉丰国际1号楼101快递美团干洗,干洗,2025-01-04 17:36:19,,,,29.00,,8.70,30%,,1875476314474065920,干洗,,"内胆   *   1",,
嘉丰国际1号楼101快递美团干洗_站点-嘉丰国际1号楼101快递美团干洗,快递,2025-01-04 17:20:14,,15,,37.50,,14.80,40% - 0.2,1,1875472266035376128,韵达快递,312599979956810,食品,浙江省,
嘉丰国际1号楼101快递美团干洗_站点-嘉丰国际1号楼101快递美团干洗,快递,2025-01-04 15:33:14,,1.92,,7.00,,2.81,43% - 0.2,1,1875445334086430720,极兔快递,JT0014869533733,其他,浙江省,
嘉丰国际1号楼101快递美团干洗_站点-嘉丰国际1号楼101快递美团干洗,快递,2025-01-04 15:30:30,,3.6,,10.00,,3.80,40% - 0.2,1,1875444655099916288,极兔快递,JT0014869614228,生活用品,江苏省,
嘉丰国际1号楼101快递美团干洗_站点-嘉丰国际1号楼101快递美团干洗,快递,2025-01-04 15:23:17,,0.22,,6.00,,2.32,42% - 0.2,1,1875442838169366528,极兔快递,JT0014870418393,文件,吉林省,
嘉丰国际1号楼101快递美团干洗_站点-嘉丰国际1号楼101快递美团干洗,快递,2025-01-04 14:19:50,,1.2,,7.00,,2.81,43% - 0.2,1,1875426866150682624,极兔快递,JT0014860140964,服饰,江苏省,
嘉丰国际1号楼101快递美团干洗_站点-嘉丰国际1号楼101快递美团干洗,快递,2025-01-04 14:18:02,,2.25,,8.00,,3.40,45% - 0.2,1,1875426415191699456,极兔快递,JT0014870592357,服饰,广东省,
嘉丰国际1号楼101快递美团干洗_站点-嘉丰国际1号楼101快递美团干洗,快递,2025-01-04 14:11:32,,0.5,,6.00,,2.32,42% - 0.2,1,1875424769246146560,极兔快递,JT0014869919881,服饰,安徽省,
嘉丰国际1号楼101快递美团干洗_站点-嘉丰国际1号楼101快递美团干洗,快递,2025-01-04 14:10:28,,0.42,,6.00,,2.32,42% - 0.2,1,1875424487162425344,极兔快递,JT0014861475203,服饰,浙江省,
嘉丰国际1号楼101快递美团干洗_站点-嘉丰国际1号楼101快递美团干洗,快递,2025-01-04 14:09:27,,0.5,,6.00,,2.32,42% - 0.2,1,1875424252679860224,极兔快递,JT0014867048539,服饰,广东省,
嘉丰国际1号楼101快递美团干洗_站点-嘉丰国际1号楼101快递美团干洗,快递,2025-01-04 14:08:50,,0.35,,6.00,,2.32,42% - 0.2,1,1875424098983784448,极兔快递,JT0014860235590,服饰,广东省,
嘉丰国际1号楼101快递美团干洗_站点-嘉丰国际1号楼101快递美团干洗,快递,2025-01-04 11:39:47,,0.75,,6.00,,2.32,42% - 0.2,1,1875386583933431808,韵达快递,312599682281167,服饰,河南省,
嘉丰国际1号楼101快递美团干洗_站点-嘉丰国际1号楼101快递美团干洗,快递,2025-01-04 11:25:50,,0.7,,6.00,,2.32,42% - 0.2,1,1875383077103968256,韵达快递,312599666725904,服饰,广东省,
嘉丰国际1号楼101快递美团干洗_站点-嘉丰国际1号楼101快递美团干洗,快递,2025-01-04 11:15:20,,0.8,,6.00,,2.32,42% - 0.2,1,1875380437980782592,韵达快递,312599645258704,服饰,河北省,
嘉丰国际1号楼101快递美团干洗_站点-嘉丰国际1号楼101快递美团干洗,快递,2025-01-04 11:14:17,,1.2,,7.00,,2.81,43% - 0.2,1,1875380163711049728,韵达快递,312599644372611,服饰,陕西省,
嘉丰国际1号楼101快递美团干洗_站点-嘉丰国际1号楼101快递美团干洗,快递,2025-01-04 11:13:27,,1.1,,7.00,,2.81,43% - 0.2,1,1875379965609877504,韵达快递,312599643225332,服饰,浙江省,
嘉丰国际1号楼101快递美团干洗_站点-嘉丰国际1号楼101快递美团干洗,快递,2025-01-04 11:12:44,,0.42,,6.00,,2.32,42% - 0.2,1,1875379782708862976,韵达快递,312599642177624,服饰,湖北省,
嘉丰国际1号楼101快递美团干洗_站点-嘉丰国际1号楼101快递美团干洗,快递,2025-01-04 10:47:27,,2.1,,8.00,,3.40,45% - 0.2,1,1875373412865515520,韵达快递,312599565868023,服饰,陕西省,
嘉丰国际1号楼101快递美团干洗_站点-嘉丰国际1号楼101快递美团干洗,快递,2025-01-04 10:35:01,,0.9,,6.00,,2.32,42% - 0.2,1,1875370280739643392,极兔快递,JT0014866063731,服饰,安徽省,
嘉丰国际1号楼101快递美团干洗_站点-嘉丰国际1号楼101快递美团干洗,快递,2025-01-04 10:34:17,,0.8,,6.00,,2.32,42% - 0.2,1,1875370106030104576,极兔快递,JT0014864189897,服饰,安徽省,
嘉丰国际1号楼101快递美团干洗_站点-嘉丰国际1号楼101快递美团干洗,快递,2025-01-04 10:33:03,,0.6,,6.00,,2.32,42% - 0.2,1,1875369794452037632,极兔快递,JT0014858409013,服饰,河北省,
嘉丰国际1号楼101快递美团干洗_站点-嘉丰国际1号楼101快递美团干洗,快递,2025-01-03 19:24:11,,1.6,,7.00,,2.81,43% - 0.2,1,1875141075615588352,极兔快递,JT0014862503785,其他,广东省,
嘉丰国际1号楼101快递美团干洗_站点-嘉丰国际1号楼101快递美团干洗,快递,2025-01-03 19:16:46,,0.3,,6.00,,2.32,42% - 0.2,1,1875139197645332480,极兔快递,JT0014862248454,服饰,浙江省,
嘉丰国际1号楼101快递美团干洗_站点-嘉丰国际1号楼101快递美团干洗,快递,2025-01-03 19:16:08,,0.3,,6.00,,2.32,42% - 0.2,1,1875139043903119360,极兔快递,JT0014859692784,其他,广东省,
嘉丰国际1号楼101快递美团干洗_站点-嘉丰国际1号楼101快递美团干洗,快递,2025-01-03 18:51:27,,1.4,,7.00,,2.81,43% - 0.2,1,1875132832021454848,极兔快递,JT0014859190992,服饰,陕西省,
嘉丰国际1号楼101快递美团干洗_站点-嘉丰国际1号楼101快递美团干洗,快递,2025-01-03 18:45:58,,0.5,,6.00,,2.32,42% - 0.2,1,1875131452506480640,极兔快递,JT0014851403508,服饰,广东省,
嘉丰国际1号楼101快递美团干洗_站点-嘉丰国际1号楼101快递美团干洗,快递,2025-01-03 18:42:14,,0.2,,6.00,,2.32,42% - 0.2,1,1875130517520621568,极兔快递,JT0014861060767,服饰,广东省,
嘉丰国际1号楼101快递美团干洗_站点-嘉丰国际1号楼101快递美团干洗,干洗,2025-01-03 18:03:35,,,,24.50,,7.35,30%,,1875120787754557440,干洗,,"清洗普通羽绒服2件不分长短49元   *   1",,
嘉丰国际1号楼101快递美团干洗_站点-嘉丰国际1号楼101快递美团干洗,快递,2025-01-03 17:37:16,,0.6,,6.00,,2.32,42% - 0.2,1,1875114143654060032,极兔快递,JT0014859430026,服饰,浙江省,
嘉丰国际1号楼101快递美团干洗_站点-嘉丰国际1号楼101快递美团干洗,快递,2025-01-03 17:36:01,,0.3,,6.00,,2.32,42% - 0.2,1,1875113851524980736,韵达快递,312599097197094,服饰,广东省,
嘉丰国际1号楼101快递美团干洗_站点-嘉丰国际1号楼101快递美团干洗,快递,2025-01-03 17:28:57,,5.3,,15.00,,5.80,40% - 0.2,1,1875112074448707584,极兔快递,JT0014859944901,食品,陕西省,
嘉丰国际1号楼101快递美团干洗_站点-嘉丰国际1号楼101快递美团干洗,快递,2025-01-03 16:41:46,,1,,6.00,,2.32,42% - 0.2,1,1875100202521567232,极兔快递,JT0014854893520,生鲜类,广东省,
嘉丰国际1号楼101快递美团干洗_站点-嘉丰国际1号楼101快递美团干洗,快递,2025-01-03 16:32:31,,0.5,,6.00,,2.32,42% - 0.2,1,1875097872073990144,极兔快递,JT0014858000122,服饰,广东省,
嘉丰国际1号楼101快递美团干洗_站点-嘉丰国际1号楼101快递美团干洗,快递,2025-01-03 16:24:20,,0.2,,6.00,,2.32,42% - 0.2,1,1875095816537874432,极兔快递,JT0014855531541,其他,广东省,
嘉丰国际1号楼101快递美团干洗_站点-嘉丰国际1号楼101快递美团干洗,快递,2025-01-03 16:22:06,,0.8,,6.00,,2.32,42% - 0.2,1,1875095245357555712,极兔快递,JT0014831723452,服饰,广东省,
嘉丰国际1号楼101快递美团干洗_站点-嘉丰国际1号楼101快递美团干洗,快递,2025-01-03 15:41:42,,0.6,,6.00,,2.32,42% - 0.2,1,1875085083980832768,极兔快递,JT0014858654361,服饰,福建省,
嘉丰国际1号楼101快递美团干洗_站点-嘉丰国际1号楼101快递美团干洗,快递,2025-01-03 15:20:29,,0.85,,6.00,,2.32,42% - 0.2,1,1875079740856967168,极兔快递,JT0014856151908,服饰,广东省,
嘉丰国际1号楼101快递美团干洗_站点-嘉丰国际1号楼101快递美团干洗,快递,2025-01-03 14:54:44,,0.75,,6.00,,2.32,42% - 0.2,1,1875073265388462080,极兔快递,JT0014856888146,服饰,广东省,
嘉丰国际1号楼101快递美团干洗_站点-嘉丰国际1号楼101快递美团干洗,快递,2025-01-03 14:53:10,,1.1,,7.00,,2.81,43% - 0.2,1,1875072870159196160,极兔快递,JT0014856109499,服饰,广东省,
嘉丰国际1号楼101快递美团干洗_站点-嘉丰国际1号楼101快递美团干洗,快递,2025-01-03 14:52:18,,0.1,,6.00,,2.32,42% - 0.2,1,1875072644354646016,极兔快递,JT0014853055499,服饰,安徽省,
嘉丰国际1号楼101快递美团干洗_站点-嘉丰国际1号楼101快递美团干洗,快递,2025-01-03 14:51:28,,0.82,,6.00,,2.32,42% - 0.2,1,1875072438988939264,极兔快递,JT0014857649676,服饰,浙江省,
嘉丰国际1号楼101快递美团干洗_站点-嘉丰国际1号楼101快递美团干洗,快递,2025-01-03 14:16:51,,0.8,,6.00,,2.32,42% - 0.2,1,1875063643361484800,极兔快递,JT0014841442769,服饰,安徽省,
嘉丰国际1号楼101快递美团干洗_站点-嘉丰国际1号楼101快递美团干洗,快递,2025-01-03 14:15:57,,1,,6.00,,2.32,42% - 0.2,1,1875063502479007744,极兔快递,JT0014852657918,服饰,广东省,
嘉丰国际1号楼101快递美团干洗_站点-嘉丰国际1号楼101快递美团干洗,快递,2025-01-03 14:14:23,,0.8,,6.00,,2.32,42% - 0.2,1,1875063062567821312,极兔快递,JT0014856820926,服饰,浙江省,
嘉丰国际1号楼101快递美团干洗_站点-嘉丰国际1号楼101快递美团干洗,快递,2025-01-03 14:13:23,,0.8,,6.00,,2.32,42% - 0.2,1,1875062855780245504,极兔快递,JT0014856619062,服饰,江苏省,
嘉丰国际1号楼101快递美团干洗_站点-嘉丰国际1号楼101快递美团干洗,快递,2025-01-03 13:58:36,,0.8,,6.00,,2.32,42% - 0.2,1,1875059137630412800,极兔快递,JT0014856598001,其他,吉林省,
嘉丰国际1号楼101快递美团干洗_站点-嘉丰国际1号楼101快递美团干洗,快递,2025-01-03 13:31:05,,0.3,,6.00,,2.32,42% - 0.2,1,1875052198812950528,韵达快递,312598879787692,服饰,广东省,
嘉丰国际1号楼101快递美团干洗_站点-嘉丰国际1号楼101快递美团干洗,快递,2025-01-03 13:29:08,,0.35,,6.00,,2.32,42% - 0.2,1,1875051719332700160,韵达快递,312598879254607,服饰,浙江省,
嘉丰国际1号楼101快递美团干洗_站点-嘉丰国际1号楼101快递美团干洗,快递,2025-01-03 12:39:08,,0.02,,6.00,,2.32,42% - 0.2,1,1875039137116954624,韵达快递,312598864212346,其他,广东省,
嘉丰国际1号楼101快递美团干洗_站点-嘉丰国际1号楼101快递美团干洗,快递,2025-01-03 12:25:02,,0.65,,6.00,,2.32,42% - 0.2,1,1875035556464795648,韵达快递,312598855449304,服饰,浙江省,
嘉丰国际1号楼101快递美团干洗_站点-嘉丰国际1号楼101快递美团干洗,快递,2025-01-03 12:24:14,,0.65,,6.00,,2.32,42% - 0.2,1,1875035392652058624,韵达快递,312598855179322,服饰,浙江省,
嘉丰国际1号楼101快递美团干洗_站点-嘉丰国际1号楼101快递美团干洗,快递,2025-01-03 12:20:48,,0.02,,6.00,,2.32,42% - 0.2,1,1875034525458735104,韵达快递,312598853384039,服饰,广东省,
嘉丰国际1号楼101快递美团干洗_站点-嘉丰国际1号楼101快递美团干洗,快递,2025-01-03 12:18:41,,0.02,,6.00,,2.32,42% - 0.2,1,1875033993096699904,韵达快递,312598851103981,其他,广东省,
嘉丰国际1号楼101快递美团干洗_站点-嘉丰国际1号楼101快递美团干洗,快递,2025-01-03 11:59:18,,0.8,,6.00,,2.32,42% - 0.2,1,1875029109614026752,韵达快递,312598838849810,其他,广东省,
嘉丰国际1号楼101快递美团干洗_站点-嘉丰国际1号楼101快递美团干洗,快递,2025-01-03 11:27:56,,0.6,,6.00,,2.32,42% - 0.2,1,1875021221352939520,韵达快递,312598811047376,其他,河南省,
嘉丰国际1号楼101快递美团干洗_站点-嘉丰国际1号楼101快递美团干洗,快递,2025-01-03 11:26:00,,0.6,,6.00,,2.32,42% - 0.2,1,1875020731856691200,韵达快递,312598808422268,服饰,江苏省,
嘉丰国际1号楼101快递美团干洗_站点-嘉丰国际1号楼101快递美团干洗,快递,2025-01-03 10:51:58,,0.6,,6.00,,2.32,42% - 0.2,1,1875012166651715584,韵达快递,312598756788784,其他,山东省,
嘉丰国际1号楼101快递美团干洗_站点-嘉丰国际1号楼101快递美团干洗,快递,2025-01-03 10:50:37,,0.2,,6.00,,2.32,42% - 0.2,1,1875011820332228608,韵达快递,312598755093833,其他,浙江省,
嘉丰国际1号楼101快递美团干洗_站点-嘉丰国际1号楼101快递美团干洗,快递,2025-01-03 10:18:41,,0.65,,6.00,,2.32,42% - 0.2,1,1875003790135894016,极兔快递,JT0014849971491,服饰,浙江省,
嘉丰国际1号楼101快递美团干洗_站点-嘉丰国际1号楼101快递美团干洗,快递,2025-01-03 10:12:53,,5.1,,15.00,,5.80,40% - 0.2,1,1875002330639736832,极兔快递,JT0014851727164,食品,广东省,
嘉丰国际1号楼101快递美团干洗_站点-嘉丰国际1号楼101快递美团干洗,快递,2025-01-03 10:00:52,,0.45,,6.00,,2.32,42% - 0.2,1,1874999298321522688,极兔快递,JT0014851756830,服饰,广东省,
嘉丰国际1号楼101快递美团干洗_站点-嘉丰国际1号楼101快递美团干洗,快递,2025-01-03 09:59:57,,1,,6.00,,2.32,42% - 0.2,1,1874999080943329280,极兔快递,JT0014851506671,服饰,江苏省,
嘉丰国际1号楼101快递美团干洗_站点-嘉丰国际1号楼101快递美团干洗,快递,2025-01-03 09:58:08,,0.75,,6.00,,2.32,42% - 0.2,1,1874998623609004032,极兔快递,JT0014851534276,服饰,浙江省,
嘉丰国际1号楼101快递美团干洗_站点-嘉丰国际1号楼101快递美团干洗,快递,2025-01-03 09:57:13,,1.7,,7.00,,2.81,43% - 0.2,1,1874998301796835328,极兔快递,JT0014851886443,服饰,广东省,
嘉丰国际1号楼101快递美团干洗_站点-嘉丰国际1号楼101快递美团干洗,快递,2025-01-02 19:10:09,,0.4,,6.00,,2.32,42% - 0.2,1,1874775154199863296,极兔快递,JT0014843872318,服饰,广东省,
嘉丰国际1号楼101快递美团干洗_站点-嘉丰国际1号楼101快递美团干洗,快递,2025-01-02 18:56:53,,0.5,,6.00,,2.32,42% - 0.2,1,1874771813591916544,极兔快递,JT0014846599744,其他,浙江省,
嘉丰国际1号楼101快递美团干洗_站点-嘉丰国际1号楼101快递美团干洗,快递,2025-01-02 18:51:17,,0.2,,7.00,,1.94,42%,1,1874770406323232768,极兔快递,JT0014845012698,其他,上海市,
嘉丰国际1号楼101快递美团干洗_站点-嘉丰国际1号楼101快递美团干洗,快递,2025-01-02 17:34:50,,0.4,,6.00,,2.32,42% - 0.2,1,1874751166119649280,极兔快递,JT0014842795552,服饰,浙江省,
嘉丰国际1号楼101快递美团干洗_站点-嘉丰国际1号楼101快递美团干洗,快递,2025-01-02 17:34:10,,2.4,,8.00,,3.40,45% - 0.2,1,1874750986653769728,极兔快递,JT0014844389467,其他,广东省,
嘉丰国际1号楼101快递美团干洗_站点-嘉丰国际1号楼101快递美团干洗,快递,2025-01-02 17:33:07,,0.6,,6.00,,2.32,42% - 0.2,1,1874750729039618048,极兔快递,JT0014842143977,服饰,广东省,
嘉丰国际1号楼101快递美团干洗_站点-嘉丰国际1号楼101快递美团干洗,快递,2025-01-02 16:59:23,,2,,7.00,,2.81,43% - 0.2,1,1874742249029345280,极兔快递,JT0014845916878,其他,江西省,
嘉丰国际1号楼101快递美团干洗_站点-嘉丰国际1号楼101快递美团干洗,快递,2025-01-02 16:56:10,,0.2,,6.00,,2.32,42% - 0.2,1,1874741435082711040,极兔快递,JT0014844706918,其他,江苏省,
嘉丰国际1号楼101快递美团干洗_站点-嘉丰国际1号楼101快递美团干洗,快递,2025-01-02 15:51:47,,0.3,,6.00,,2.32,42% - 0.2,1,1874725233908228096,极兔快递,JT0014843617953,其他,广东省,
嘉丰国际1号楼101快递美团干洗_站点-嘉丰国际1号楼101快递美团干洗,干洗,2025-01-02 15:46:15,,,,12.80,,3.84,30%,,1874723840057122816,干洗,,"凉鞋   *   1",,
嘉丰国际1号楼101快递美团干洗_站点-嘉丰国际1号楼101快递美团干洗,快递,2025-01-02 15:10:36,,0.9,,6.00,,2.32,42% - 0.2,1,1874714839969931264,极兔快递,JT0014841250364,服饰,广东省,
嘉丰国际1号楼101快递美团干洗_站点-嘉丰国际1号楼101快递美团干洗,快递,2025-01-02 15:09:25,,0.8,,6.00,,2.32,42% - 0.2,1,1874714568443273216,极兔快递,JT0014842588400,服饰,广东省,
嘉丰国际1号楼101快递美团干洗_站点-嘉丰国际1号楼101快递美团干洗,快递,2025-01-02 14:46:56,,0.8,,6.00,,2.32,42% - 0.2,1,1874708903574347776,极兔快递,JT0014840083799,服饰,江苏省,
嘉丰国际1号楼101快递美团干洗_站点-嘉丰国际1号楼101快递美团干洗,快递,2025-01-02 14:46:18,,0.6,,6.00,,2.32,42% - 0.2,1,1874708746434748416,极兔快递,JT0014842842232,服饰,广东省,
嘉丰国际1号楼101快递美团干洗_站点-嘉丰国际1号楼101快递美团干洗,快递,2025-01-02 14:45:43,,0.6,,6.00,,2.32,42% - 0.2,1,1874708592843530240,极兔快递,JT0014841298210,服饰,广东省,
嘉丰国际1号楼101快递美团干洗_站点-嘉丰国际1号楼101快递美团干洗,快递,2025-01-02 14:45:09,,0.6,,6.00,,2.32,42% - 0.2,1,1874708462392287232,极兔快递,JT0014842633826,服饰,广东省,
嘉丰国际1号楼101快递美团干洗_站点-嘉丰国际1号楼101快递美团干洗,快递,2025-01-02 14:39:58,,0.5,,6.00,,2.32,42% - 0.2,1,1874707151152193536,极兔快递,JT0014842521117,服饰,安徽省,
嘉丰国际1号楼101快递美团干洗_站点-嘉丰国际1号楼101快递美团干洗,快递,2025-01-02 14:39:14,,0.3,,6.00,,2.32,42% - 0.2,1,1874706955303362560,极兔快递,JT0014841732726,服饰,浙江省,
嘉丰国际1号楼101快递美团干洗_站点-嘉丰国际1号楼101快递美团干洗,快递,2025-01-02 14:31:20,,1,,6.00,,2.32,42% - 0.2,1,1874704987818270720,极兔快递,JT0014837001882,服饰,江苏省,
嘉丰国际1号楼101快递美团干洗_站点-嘉丰国际1号楼101快递美团干洗,快递,2025-01-02 14:28:21,,0.35,,6.00,,2.32,42% - 0.2,1,1874704207186993152,极兔快递,JT0014837600887,服饰,江西省,
嘉丰国际1号楼101快递美团干洗_站点-嘉丰国际1号楼101快递美团干洗,快递,2025-01-02 14:11:59,2025-01-02 14:25:58,7.9,,20.00,,0.00,,1,1874700121951674368,韵达快递,312597838277313,生鲜类,陕西省,已全额退款
嘉丰国际1号楼101快递美团干洗_站点-嘉丰国际1号楼101快递美团干洗,快递,2025-01-02 14:13:23,2025-01-02 14:25:52,7.9,,20.00,,0.00,,1,1874700468845780992,韵达快递,,生鲜类,陕西省,已全额退款
嘉丰国际1号楼101快递美团干洗_站点-嘉丰国际1号楼101快递美团干洗,快递,2025-01-02 14:13:59,2025-01-02 14:25:47,7.9,,20.00,,0.00,,1,1874700597921292288,韵达快递,,生鲜类,陕西省,已全额退款
嘉丰国际1号楼101快递美团干洗_站点-嘉丰国际1号楼101快递美团干洗,快递,2025-01-02 14:14:51,2025-01-02 14:25:17,7.9,,20.00,,0.00,,1,1874700832835870720,韵达快递,,生鲜类,陕西省,已全额退款
嘉丰国际1号楼101快递美团干洗_站点-嘉丰国际1号楼101快递美团干洗,快递,2025-01-02 14:15:39,2025-01-02 14:25:12,7.9,,20.00,,0.00,,1,1874701035307507712,韵达快递,,生鲜类,陕西省,已全额退款
嘉丰国际1号楼101快递美团干洗_站点-嘉丰国际1号楼101快递美团干洗,快递,2025-01-02 14:17:02,2025-01-02 14:25:07,7.9,,20.00,,0.00,,1,1874701391240339456,韵达快递,,生鲜类,陕西省,已全额退款
嘉丰国际1号楼101快递美团干洗_站点-嘉丰国际1号楼101快递美团干洗,快递,2025-01-02 14:19:11,2025-01-02 14:25:01,7.9,,20.00,,0.00,,1,1874701932133588992,韵达快递,,生鲜类,陕西省,已全额退款
嘉丰国际1号楼101快递美团干洗_站点-嘉丰国际1号楼101快递美团干洗,快递,2025-01-02 14:22:34,2025-01-02 14:24:54,0.35,,6.00,,0.00,,1,1874702783405334528,极兔快递,JT0014837762141,服饰,江西省,已全额退款
嘉丰国际1号楼101快递美团干洗_站点-嘉丰国际1号楼101快递美团干洗,快递,2025-01-02 14:08:58,2025-01-02 14:12:25,7.9,,20.00,,0.00,,1,1874699356466028544,韵达快递,312597835594697,生鲜类,陕西省,已全额退款
嘉丰国际1号楼101快递美团干洗_站点-嘉丰国际1号楼101快递美团干洗,快递,2025-01-02 12:56:20,,1,,6.00,,2.32,42% - 0.2,1,1874681079018790912,极兔快递,JT0014836112675,服饰,浙江省,
嘉丰国际1号楼101快递美团干洗_站点-嘉丰国际1号楼101快递美团干洗,快递,2025-01-02 12:54:23,,0.3,,6.00,,2.32,42% - 0.2,1,1874680589421879296,极兔快递,JT0014838058341,其他,河南省,
嘉丰国际1号楼101快递美团干洗_站点-嘉丰国际1号楼101快递美团干洗,快递,2025-01-02 12:50:02,,0.5,,6.00,,2.32,42% - 0.2,1,1874679495316709376,极兔快递,JT0014836022266,其他,安徽省,
嘉丰国际1号楼101快递美团干洗_站点-嘉丰国际1号楼101快递美团干洗,快递,2025-01-02 12:47:47,,1.7,,7.00,,2.81,43% - 0.2,1,1874678930494955520,极兔快递,JT0014836423333,服饰,河北省,
嘉丰国际1号楼101快递美团干洗_站点-嘉丰国际1号楼101快递美团干洗,快递,2025-01-02 12:46:19,,1.4,,7.00,,2.81,43% - 0.2,1,1874678559487795200,极兔快递,JT0014836497586,其他,福建省,
嘉丰国际1号楼101快递美团干洗_站点-嘉丰国际1号楼101快递美团干洗,快递,2025-01-02 12:44:05,,0.2,,6.00,,2.32,42% - 0.2,1,1874677850512007168,极兔快递,JT0014837672354,其他,广东省,
嘉丰国际1号楼101快递美团干洗_站点-嘉丰国际1号楼101快递美团干洗,快递,2025-01-02 12:23:31,,1.2,,7.00,,2.81,43% - 0.2,1,1874672823571554304,韵达快递,312597783358033,其他,湖北省,
嘉丰国际1号楼101快递美团干洗_站点-嘉丰国际1号楼101快递美团干洗,快递,2025-01-02 12:21:01,,0.85,,6.00,,2.32,42% - 0.2,1,1874672195420004352,韵达快递,312597781433522,其他,湖北省,
嘉丰国际1号楼101快递美团干洗_站点-嘉丰国际1号楼101快递美团干洗,快递,2025-01-02 12:19:20,,1,,6.00,,2.32,42% - 0.2,1,1874671766929907712,韵达快递,312597780055549,其他,湖北省,
嘉丰国际1号楼101快递美团干洗_站点-嘉丰国际1号楼101快递美团干洗,快递,2025-01-02 12:17:00,,1,,6.00,,2.32,42% - 0.2,1,1874671154959982592,韵达快递,312597778781221,其他,湖北省,
嘉丰国际1号楼101快递美团干洗_站点-嘉丰国际1号楼101快递美团干洗,快递,2025-01-02 12:13:19,,1,,6.00,,2.32,42% - 0.2,1,1874670256061915136,韵达快递,312597776467577,服饰,广东省,
嘉丰国际1号楼101快递美团干洗_站点-嘉丰国际1号楼101快递美团干洗,快递,2025-01-02 12:06:57,,0.85,,6.00,,2.32,42% - 0.2,1,1874668649865781248,韵达快递,312597772743601,其他,湖北省,
嘉丰国际1号楼101快递美团干洗_站点-嘉丰国际1号楼101快递美团干洗,快递,2025-01-02 10:52:16,,0.3,,6.00,,2.32,42% - 0.2,1,1874649835172835328,极兔快递,JT0014838322768,服饰,广东省,
嘉丰国际1号楼101快递美团干洗_站点-嘉丰国际1号楼101快递美团干洗,快递,2025-01-02 10:50:15,,0.8,,6.00,,2.32,42% - 0.2,1,1874649353117282304,极兔快递,JT0014837245168,服饰,河北省,
嘉丰国际1号楼101快递美团干洗_站点-嘉丰国际1号楼101快递美团干洗,快递,2025-01-02 10:47:07,,2.9,,9.00,,3.05,45%,1,1874648525857927168,韵达快递,312597555982601,食品,北京市,
嘉丰国际1号楼101快递美团干洗_站点-嘉丰国际1号楼101快递美团干洗,快递,2025-01-02 10:45:40,,4.3,,13.50,,4.40,40%,1,1874648184693239808,韵达快递,312597554409428,食品,北京市,
嘉丰国际1号楼101快递美团干洗_站点-嘉丰国际1号楼101快递美团干洗,快递,2025-01-02 10:31:14,,26,,65.00,,25.80,40% - 0.2,1,1874644558260252672,韵达快递,312597531141462,服饰,甘肃省,
嘉丰国际1号楼101快递美团干洗_站点-嘉丰国际1号楼101快递美团干洗,快递,2025-01-02 10:03:50,,0.25,,6.00,,2.32,42% - 0.2,1,1874637655572525056,极兔快递,JT0014837437591,服饰,浙江省,
嘉丰国际1号楼101快递美团干洗_站点-嘉丰国际1号楼101快递美团干洗,快递,2025-01-02 09:54:46,,5,,12.50,,4.80,40% - 0.2,1,1874635387980787712,极兔快递,JT0014830963843,生鲜类,陕西省,
嘉丰国际1号楼101快递美团干洗_站点-嘉丰国际1号楼101快递美团干洗,快递,2025-01-02 09:22:35,,0.5,,6.00,,2.32,42% - 0.2,1,1874627283994062848,极兔快递,JT0014836558535,服饰,浙江省,
嘉丰国际1号楼101快递美团干洗_站点-嘉丰国际1号楼101快递美团干洗,快递,2025-01-01 19:27:04,,0.5,,6.00,,2.32,42% - 0.2,1,1874417016045379584,极兔快递,JT0014831813161,服饰,广东省,
嘉丰国际1号楼101快递美团干洗_站点-嘉丰国际1号楼101快递美团干洗,快递,2025-01-01 19:26:31,,0.5,,6.00,,2.32,42% - 0.2,1,1874416885241815040,极兔快递,JT0014832250203,服饰,广东省,
嘉丰国际1号楼101快递美团干洗_站点-嘉丰国际1号楼101快递美团干洗,快递,2025-01-01 19:25:05,,4.5,,12.50,,4.80,40% - 0.2,1,1874416474132914176,极兔快递,JT0014833673331,其他,江苏省,
嘉丰国际1号楼101快递美团干洗_站点-嘉丰国际1号楼101快递美团干洗,快递,2025-01-01 19:23:50,,0.5,,6.00,,2.32,42% - 0.2,1,1874416206699896832,极兔快递,JT0014833370432,服饰,河北省,
嘉丰国际1号楼101快递美团干洗_站点-嘉丰国际1号楼101快递美团干洗,快递,2025-01-01 19:23:04,,0.53,,6.00,,2.32,42% - 0.2,1,1874416008762302464,极兔快递,JT0014828778679,服饰,广东省,
嘉丰国际1号楼101快递美团干洗_站点-嘉丰国际1号楼101快递美团干洗,快递,2025-01-01 19:22:04,,0.3,,6.00,,2.32,42% - 0.2,1,1874415762598600704,极兔快递,JT0014833950390,服饰,广东省,
嘉丰国际1号楼101快递美团干洗_站点-嘉丰国际1号楼101快递美团干洗,快递,2025-01-01 19:21:14,,0.3,,6.00,,2.32,42% - 0.2,1,1874415553491574784,极兔快递,JT0014833733831,服饰,广东省,
嘉丰国际1号楼101快递美团干洗_站点-嘉丰国际1号楼101快递美团干洗,快递,2025-01-01 18:29:33,,1.5,,7.00,,2.81,43% - 0.2,1,1874402542064312320,极兔快递,JT0014833354770,服饰,江苏省,
嘉丰国际1号楼101快递美团干洗_站点-嘉丰国际1号楼101快递美团干洗,快递,2025-01-01 18:07:21,,0.22,,6.00,,2.32,42% - 0.2,1,1874396958376140800,极兔快递,JT0014832785489,其他,山东省,
嘉丰国际1号楼101快递美团干洗_站点-嘉丰国际1号楼101快递美团干洗,快递,2025-01-01 18:06:46,,0.14,,6.00,,2.32,42% - 0.2,1,1874396813395828736,极兔快递,JT0014831269066,服饰,浙江省,
嘉丰国际1号楼101快递美团干洗_站点-嘉丰国际1号楼101快递美团干洗,快递,2025-01-01 18:06:11,,0.3,,6.00,,2.32,42% - 0.2,1,1874396660475699200,极兔快递,JT0014832444212,服饰,浙江省,
嘉丰国际1号楼101快递美团干洗_站点-嘉丰国际1号楼101快递美团干洗,快递,2025-01-01 18:05:20,,0.15,,6.00,,2.32,42% - 0.2,1,1874396449221189632,极兔快递,JT0014832175312,其他,江西省,
嘉丰国际1号楼101快递美团干洗_站点-嘉丰国际1号楼101快递美团干洗,快递,2025-01-01 18:04:36,,0.5,,6.00,,2.32,42% - 0.2,1,1874396269885333504,极兔快递,JT0014831038622,服饰,广东省,
嘉丰国际1号楼101快递美团干洗_站点-嘉丰国际1号楼101快递美团干洗,快递,2025-01-01 17:51:47,,0.45,,6.00,,2.32,42% - 0.2,1,1874393029965848576,极兔快递,JT0014832808104,服饰,广东省,
嘉丰国际1号楼101快递美团干洗_站点-嘉丰国际1号楼101快递美团干洗,快递,2025-01-01 17:51:06,,0.35,,6.00,,2.32,42% - 0.2,1,1874392864483778560,极兔快递,JT0014832948230,服饰,浙江省,
嘉丰国际1号楼101快递美团干洗_站点-嘉丰国际1号楼101快递美团干洗,快递,2025-01-01 17:50:23,,0.45,,6.00,,2.32,42% - 0.2,1,1874392688675332096,极兔快递,JT0014831358576,服饰,安徽省,
嘉丰国际1号楼101快递美团干洗_站点-嘉丰国际1号楼101快递美团干洗,快递,2025-01-01 17:49:37,,0.65,,6.00,,2.32,42% - 0.2,1,1874392488774803456,极兔快递,JT0014829752356,服饰,浙江省,
嘉丰国际1号楼101快递美团干洗_站点-嘉丰国际1号楼101快递美团干洗,快递,2025-01-01 17:48:51,,0.5,,6.00,,2.32,42% - 0.2,1,1874392301826285568,极兔快递,JT0014828664428,服饰,河南省,
嘉丰国际1号楼101快递美团干洗_站点-嘉丰国际1号楼101快递美团干洗,快递,2025-01-01 17:48:10,,0.25,,6.00,,2.32,42% - 0.2,1,1874392134884597760,极兔快递,JT0014831362751,服饰,河北省,
嘉丰国际1号楼101快递美团干洗_站点-嘉丰国际1号楼101快递美团干洗,快递,2025-01-01 16:35:35,,0.52,,6.00,,2.32,42% - 0.2,1,1874373868439019520,极兔快递,JT0014827989216,服饰,浙江省,
嘉丰国际1号楼101快递美团干洗_站点-嘉丰国际1号楼101快递美团干洗,快递,2025-01-01 16:34:29,,0.8,,6.00,,2.32,42% - 0.2,1,1874373581892558848,极兔快递,JT0014831221582,服饰,江苏省,
嘉丰国际1号楼101快递美团干洗_站点-嘉丰国际1号楼101快递美团干洗,快递,2025-01-01 16:31:07,,0.75,,6.00,,2.32,42% - 0.2,1,1874372744717869056,极兔快递,JT0014822269961,服饰,浙江省,
嘉丰国际1号楼101快递美团干洗_站点-嘉丰国际1号楼101快递美团干洗,快递,2025-01-01 16:25:41,,1.1,,7.00,,2.81,43% - 0.2,1,1874371380499521536,极兔快递,JT0014829164173,服饰,山东省,
嘉丰国际1号楼101快递美团干洗_站点-嘉丰国际1号楼101快递美团干洗,快递,2025-01-01 16:24:12,,0.9,,6.00,,2.32,42% - 0.2,1,1874371006661206016,极兔快递,JT0014827256118,服饰,广东省,
嘉丰国际1号楼101快递美团干洗_站点-嘉丰国际1号楼101快递美团干洗,快递,2025-01-01 15:54:05,,0.8,,6.00,,2.32,42% - 0.2,1,1874363422143225856,极兔快递,JT0014822405089,服饰,广东省,
嘉丰国际1号楼101快递美团干洗_站点-嘉丰国际1号楼101快递美团干洗,快递,2025-01-01 15:53:19,,1.8,,7.00,,2.81,43% - 0.2,1,1874363235203096576,极兔快递,JT0014830287593,服饰,广东省,
嘉丰国际1号楼101快递美团干洗_站点-嘉丰国际1号楼101快递美团干洗,快递,2025-01-01 15:50:01,,0.75,,6.00,,2.32,42% - 0.2,1,1874362401362878464,极兔快递,JT0014828975142,服饰,广东省,
嘉丰国际1号楼101快递美团干洗_站点-嘉丰国际1号楼101快递美团干洗,快递,2025-01-01 15:48:01,,1.5,,7.00,,2.81,43% - 0.2,1,1874361894003089408,极兔快递,JT0014827479315,服饰,广东省,
嘉丰国际1号楼101快递美团干洗_站点-嘉丰国际1号楼101快递美团干洗,快递,2025-01-01 14:31:36,,2.2,,8.00,,3.40,45% - 0.2,1,1874342656907485184,韵达快递,312596968108646,服饰,广东省,
嘉丰国际1号楼101快递美团干洗_站点-嘉丰国际1号楼101快递美团干洗,快递,2025-01-01 13:53:15,,0.5,,6.00,,2.32,42% - 0.2,1,1874333008154402816,韵达快递,312596954153233,服饰,浙江省,
嘉丰国际1号楼101快递美团干洗_站点-嘉丰国际1号楼101快递美团干洗,快递,2025-01-01 13:52:18,,0.4,,6.00,,2.32,42% - 0.2,1,1874332776704319488,韵达快递,312596953847121,服饰,浙江省,
嘉丰国际1号楼101快递美团干洗_站点-嘉丰国际1号楼101快递美团干洗,干洗,2025-01-01 13:50:51,,,,24.80,,7.44,30%,,1874332407869808640,干洗,,"棉服_毛呢_羽绒服   *   1",,
嘉丰国际1号楼101快递美团干洗_站点-嘉丰国际1号楼101快递美团干洗,快递,2025-01-01 12:57:00,,0.02,,6.00,,2.32,42% - 0.2,1,1874318861039640576,韵达快递,312596930839745,文件,陕西省,
嘉丰国际1号楼101快递美团干洗_站点-嘉丰国际1号楼101快递美团干洗,快递,2025-01-01 12:55:36,,25.3,,65.00,,25.80,40% - 0.2,1,1874318502577643520,韵达快递,312596930413096,食品,四川省,
嘉丰国际1号楼101快递美团干洗_站点-嘉丰国际1号楼101快递美团干洗,快递,2025-01-01 12:50:46,,0.45,,6.00,,2.32,42% - 0.2,1,1874317290226655232,韵达快递,312596919897241,服饰,安徽省,
嘉丰国际1号楼101快递美团干洗_站点-嘉丰国际1号楼101快递美团干洗,快递,2025-01-01 12:38:47,,0.7,,6.00,,2.32,42% - 0.2,1,1874314242225938432,韵达快递,312596917869420,服饰,广东省,
嘉丰国际1号楼101快递美团干洗_站点-嘉丰国际1号楼101快递美团干洗,快递,2025-01-01 12:20:01,,0.25,,6.00,,2.32,42% - 0.2,1,1874309509251670016,韵达快递,312596914162956,服饰,河北省,
嘉丰国际1号楼101快递美团干洗_站点-嘉丰国际1号楼101快递美团干洗,快递,2025-01-01 12:19:09,,0.2,,6.00,,2.32,42% - 0.2,1,1874309335557152768,韵达快递,312596913842736,服饰,安徽省,
嘉丰国际1号楼101快递美团干洗_站点-嘉丰国际1号楼101快递美团干洗,快递,2025-01-01 12:17:33,,0.35,,6.00,,2.32,42% - 0.2,1,1874308889874604032,韵达快递,312596913631645,服饰,浙江省,
嘉丰国际1号楼101快递美团干洗_站点-嘉丰国际1号楼101快递美团干洗,快递,2025-01-01 11:56:49,,0.7,,6.00,,2.32,42% - 0.2,1,1874303714564841472,韵达快递,312596901847956,服饰,湖北省,
嘉丰国际1号楼101快递美团干洗_站点-嘉丰国际1号楼101快递美团干洗,快递,2025-01-01 11:49:10,,1,,6.00,,2.32,42% - 0.2,1,1874301785071755264,韵达快递,312596897396216,其他,湖北省,
嘉丰国际1号楼101快递美团干洗_站点-嘉丰国际1号楼101快递美团干洗,快递,2025-01-01 11:23:28,,1,,6.00,,2.32,42% - 0.2,1,1874295320512634880,韵达快递,312596871014972,其他,广东省,
嘉丰国际1号楼101快递美团干洗_站点-嘉丰国际1号楼101快递美团干洗,快递,2025-01-01 11:02:18,,1.1,,7.00,,2.81,43% - 0.2,1,1874289994073710592,韵达快递,312596811150785,服饰,安徽省,
嘉丰国际1号楼101快递美团干洗_站点-嘉丰国际1号楼101快递美团干洗,快递,2025-01-01 10:47:53,,11.7,,30.00,,11.80,40% - 0.2,1,1874286366520844288,韵达快递,312596792180275,食品,陕西省,
嘉丰国际1号楼101快递美团干洗_站点-嘉丰国际1号楼101快递美团干洗,快递,2025-01-01 10:46:27,,11.7,,30.00,,11.80,40% - 0.2,1,1874286002849521664,韵达快递,312596790373942,食品,陕西省,
嘉丰国际1号楼101快递美团干洗_站点-嘉丰国际1号楼101快递美团干洗,快递,2025-01-01 10:27:07,2025-01-01 10:34:35,46.5,,117.50,,0.00,,1,1874281080091385856,韵达快递,312596721897060,生鲜类,浙江省,已全额退款
嘉丰国际1号楼101快递美团干洗_站点-嘉丰国际1号楼101快递美团干洗,快递,2025-01-01 10:34:07,,23.4,,60.00,,23.80,40% - 0.2,1,1874282900947804160,韵达快递,312596734507929,生鲜类,浙江省,
嘉丰国际1号楼101快递美团干洗_站点-嘉丰国际1号楼101快递美团干洗,快递,2025-01-01 10:25:29,,22.5,,57.50,,22.80,40% - 0.2,1,1874280641597874176,韵达快递,312596718701464,生鲜类,浙江省,
嘉丰国际1号楼101快递美团干洗_站点-嘉丰国际1号楼101快递美团干洗,快递,2025-01-01 10:22:50,,25.9,,65.00,,25.80,40% - 0.2,1,1874280031196618752,韵达快递,312596715564036,生鲜类,浙江省,
