姓名,订单类型,日期,退款日期,打单重量,结算重量,金额,超重金额,团长利润,利润公式,价格方案,订单号,快递公司,物流单号,邮寄物品,发往,说明
慧泽小学智慧社区服务站_站点,总计:,3557.98,,,,,,,,,,,,,,
慧泽小学智慧社区服务站_站点-慧泽小学智慧社区服务站,快递,2025-01-31 13:45:08,,3,,10.00,,5.30,55% - 0.2,2,1885202618514976768,极兔快递,JT0015169895650,服饰,山东省,
慧泽小学智慧社区服务站_站点-慧泽小学智慧社区服务站,快递,2025-01-31 13:40:27,,3,,10.00,,5.30,55% - 0.2,2,1885199608447545344,极兔快递,JT0015174864669,服饰,山东省,
慧泽小学智慧社区服务站_站点-慧泽小学智慧社区服务站,快递,2025-01-31 13:25:50,,1,,6.00,,2.32,42% - 0.2,2,1885195936191787008,极兔快递,JT0015163949561,生活用品,广东省,
慧泽小学智慧社区服务站_站点-慧泽小学智慧社区服务站,快递,2025-01-31 13:25:32,,1,,6.00,,2.32,42% - 0.2,2,1885196152231997440,极兔快递,JT0015171291594,生活用品,广东省,
慧泽小学智慧社区服务站_站点-慧泽小学智慧社区服务站,快递,2025-01-31 13:25:20,,1,,6.00,,2.32,42% - 0.2,2,1885196278505713664,极兔快递,JT0015166829626,生活用品,广东省,
慧泽小学智慧社区服务站_站点-慧泽小学智慧社区服务站,快递,2025-01-31 13:25:02,,1,,6.00,,2.32,42% - 0.2,2,1885196406121607168,极兔快递,JT0015175010855,生活用品,广东省,
慧泽小学智慧社区服务站_站点-慧泽小学智慧社区服务站,快递,2025-01-26 12:28:26,,1,,6.00,,2.32,42% - 0.2,2,1883371345083179008,极兔快递,JT0015162991425,服饰,江苏省,
慧泽小学智慧社区服务站_站点-慧泽小学智慧社区服务站,快递,2025-01-24 18:19:17,,1,,6.00,,2.32,42% - 0.2,2,1882734869651726336,极兔快递,JT0015157778401,卡片,山东省,
慧泽小学智慧社区服务站_站点-慧泽小学智慧社区服务站,快递,2025-01-24 17:44:58,,2,,8.00,,3.88,51% - 0.2,2,1882726227007315968,极兔快递,JT0015155102734,服饰,浙江省,
慧泽小学智慧社区服务站_站点-慧泽小学智慧社区服务站,快递,2025-01-24 17:34:16,,1,,6.00,,2.32,42% - 0.2,2,1882240211876126720,极兔快递,JT0015159299430,浴帘,江苏省,
慧泽小学智慧社区服务站_站点-慧泽小学智慧社区服务站,快递,2025-01-24 17:10:07,,1,,6.00,,2.32,42% - 0.2,2,1882717485981310976,极兔快递,JT0015152378444,服饰,河北省,
慧泽小学智慧社区服务站_站点-慧泽小学智慧社区服务站,快递,2025-01-24 17:08:32,,1,,6.00,,2.32,42% - 0.2,2,1882717087358853120,极兔快递,JT0015156342919,服饰,河北省,
慧泽小学智慧社区服务站_站点-慧泽小学智慧社区服务站,快递,2025-01-24 17:06:06,,1,,6.00,,2.32,42% - 0.2,2,1882716469944721408,极兔快递,JT0015159813426,服饰,河北省,
慧泽小学智慧社区服务站_站点-慧泽小学智慧社区服务站,快递,2025-01-24 16:59:25,,1,,6.00,,2.32,42% - 0.2,2,1882714795482095616,极兔快递,JT0015160254914,隐形笔,河南省,
慧泽小学智慧社区服务站_站点-慧泽小学智慧社区服务站,快递,2025-01-24 16:31:05,,1,,6.00,,2.32,42% - 0.2,2,1882707569338032128,极兔快递,JT0015159504766,手镯,江苏省,
慧泽小学智慧社区服务站_站点-慧泽小学智慧社区服务站,快递,2025-01-24 16:29:09,,1,,6.00,,2.32,42% - 0.2,2,1882707152445186048,极兔快递,JT0015159477716,手机壳,福建省,
慧泽小学智慧社区服务站_站点-慧泽小学智慧社区服务站,快递,2025-01-24 16:27:03,,1,,6.00,,2.32,42% - 0.2,2,1882706625179230208,极兔快递,JT0015159951210,服饰,广东省,
慧泽小学智慧社区服务站_站点-慧泽小学智慧社区服务站,快递,2025-01-23 18:16:47,,1,,6.00,,2.32,42% - 0.2,2,1882371857359118336,极兔快递,JT0015154059677,服饰,河北省,
慧泽小学智慧社区服务站_站点-慧泽小学智慧社区服务站,快递,2025-01-23 16:53:00,,1,,6.00,,2.32,42% - 0.2,2,1882350716389236736,极兔快递,JT0015151515316,服饰,广东省,
慧泽小学智慧社区服务站_站点-慧泽小学智慧社区服务站,快递,2025-01-23 16:28:19,,3,,10.00,,5.30,55% - 0.2,2,1882344573994606592,极兔快递,JT0015147007491,沙发垫,江苏省,
慧泽小学智慧社区服务站_站点-慧泽小学智慧社区服务站,快递,2025-01-23 16:27:48,,3,,10.00,,5.30,55% - 0.2,2,1882344449360863232,极兔快递,JT0015151003867,沙发垫,江苏省,
慧泽小学智慧社区服务站_站点-慧泽小学智慧社区服务站,快递,2025-01-23 16:25:00,,1,,6.00,,2.32,42% - 0.2,2,1882343725172334592,极兔快递,JT0015151682526,服饰,山东省,
慧泽小学智慧社区服务站_站点-慧泽小学智慧社区服务站,快递,2025-01-23 15:50:16,,2,,8.00,,3.88,51% - 0.2,2,1882334980245626880,极兔快递,JT0015149743747,服饰,江苏省,
慧泽小学智慧社区服务站_站点-慧泽小学智慧社区服务站,快递,2025-01-23 13:46:03,,1,,6.00,,2.32,42% - 0.2,2,1882303711457648640,极兔快递,JT0015148495459,服饰,广东省,
慧泽小学智慧社区服务站_站点-慧泽小学智慧社区服务站,快递,2025-01-23 13:38:10,,2,,8.00,,3.88,51% - 0.2,2,1882301739719532544,极兔快递,JT0015148221520,鞋子,福建省,
慧泽小学智慧社区服务站_站点-慧泽小学智慧社区服务站,快递,2025-01-23 13:23:46,,1,,6.00,,2.32,42% - 0.2,2,1882298132236410880,极兔快递,JT0015144704475,服饰,陕西省,
慧泽小学智慧社区服务站_站点-慧泽小学智慧社区服务站,快递,2025-01-23 12:56:17,,1,,6.00,,2.32,42% - 0.2,2,1882291204051509248,极兔快递,JT0015150111781,服饰,广东省,
慧泽小学智慧社区服务站_站点-慧泽小学智慧社区服务站,快递,2025-01-23 11:59:01,,1,,6.00,,2.32,42% - 0.2,2,1882276784827080704,极兔快递,JT0015148169066,服饰,江苏省,
慧泽小学智慧社区服务站_站点-慧泽小学智慧社区服务站,快递,2025-01-23 11:47:00,,1,,6.00,,2.32,42% - 0.2,2,1882273733416394752,极兔快递,JT0015148423604,拖鞋,浙江省,
慧泽小学智慧社区服务站_站点-慧泽小学智慧社区服务站,快递,2025-01-23 09:54:51,,1,,6.00,,2.32,42% - 0.2,2,1882245541691465728,极兔快递,JT0015141659348,服饰,广东省,
慧泽小学智慧社区服务站_站点-慧泽小学智慧社区服务站,快递,2025-01-23 09:46:21,,1,,6.00,,2.32,42% - 0.2,2,1882243418094379008,极兔快递,JT0015145311706,服饰,浙江省,
慧泽小学智慧社区服务站_站点-慧泽小学智慧社区服务站,快递,2025-01-23 09:44:24,,1,,6.00,,2.32,42% - 0.2,2,1882242897082130432,极兔快递,JT0015147085541,服饰,四川省,
慧泽小学智慧社区服务站_站点-慧泽小学智慧社区服务站,快递,2025-01-23 09:41:04,,1,,6.00,,2.32,42% - 0.2,2,1882242069483036672,极兔快递,JT0015146599415,服饰,广东省,
慧泽小学智慧社区服务站_站点-慧泽小学智慧社区服务站,快递,2025-01-23 09:35:14,,2,,8.00,,3.88,51% - 0.2,2,1882240622875975680,极兔快递,JT0015147114477,鞋子,河北省,
慧泽小学智慧社区服务站_站点-慧泽小学智慧社区服务站,快递,2025-01-23 09:29:31,,1,,7.00,,1.94,42%,2,1882239164294176768,极兔快递,JT0015141575740,相框,上海市,
慧泽小学智慧社区服务站_站点-慧泽小学智慧社区服务站,快递,2025-01-23 09:28:06,,1,,7.00,,1.94,42%,2,1882238795090567168,极兔快递,JT0015146920263,胶带,上海市,
慧泽小学智慧社区服务站_站点-慧泽小学智慧社区服务站,快递,2025-01-23 09:25:00,,1,,6.00,,2.32,42% - 0.2,2,1882238045018988544,极兔快递,JT0015139423571,橡皮,广东省,
慧泽小学智慧社区服务站_站点-慧泽小学智慧社区服务站,快递,2025-01-22 20:19:46,,2.5,,10.00,,5.30,55% - 0.2,2,1882040434314526720,极兔快递,JT0015139827923,擦窗机器人,广东省,
慧泽小学智慧社区服务站_站点-慧泽小学智慧社区服务站,快递,2025-01-22 20:02:06,,1,,6.00,,2.32,42% - 0.2,2,1882035970086092800,极兔快递,JT0015142406871,话筒,广东省,
慧泽小学智慧社区服务站_站点-慧泽小学智慧社区服务站,快递,2025-01-22 19:37:02,,1,,6.00,,2.32,42% - 0.2,2,1882029680328785920,极兔快递,JT0015144714732,服饰,广东省,
慧泽小学智慧社区服务站_站点-慧泽小学智慧社区服务站,快递,2025-01-22 19:22:28,,1,,6.00,,2.32,42% - 0.2,2,1882026020295229440,极兔快递,JT0015143463525,裤子,重庆市,
慧泽小学智慧社区服务站_站点-慧泽小学智慧社区服务站,快递,2025-01-22 19:21:18,,2,,8.00,,3.88,51% - 0.2,2,1882025711082749952,极兔快递,JT0015144963558,服饰,广东省,
慧泽小学智慧社区服务站_站点-慧泽小学智慧社区服务站,快递,2025-01-22 19:18:13,,1,,6.00,,2.32,42% - 0.2,2,1882024947824279552,极兔快递,JT0015143067147,中国结,山东省,
慧泽小学智慧社区服务站_站点-慧泽小学智慧社区服务站,快递,2025-01-22 19:15:33,,1,,6.00,,2.32,42% - 0.2,2,1882024256284213248,极兔快递,JT0015144609310,服饰,山东省,
慧泽小学智慧社区服务站_站点-慧泽小学智慧社区服务站,快递,2025-01-22 18:51:31,,2,,8.00,,3.88,51% - 0.2,2,1882018217107210240,极兔快递,JT0015144697011,鞋子,浙江省,
慧泽小学智慧社区服务站_站点-慧泽小学智慧社区服务站,快递,2025-01-22 18:32:26,,1,,6.00,,2.32,42% - 0.2,2,1882013400016175104,极兔快递,JT0015142297693,生活用品,陕西省,
慧泽小学智慧社区服务站_站点-慧泽小学智慧社区服务站,快递,2025-01-22 17:54:38,,1,,6.00,,2.32,42% - 0.2,2,1882003892074266624,极兔快递,JT0015143488366,生活用品,河南省,
慧泽小学智慧社区服务站_站点-慧泽小学智慧社区服务站,快递,2025-01-22 17:26:18,,1,,6.00,,2.32,42% - 0.2,2,1881996758196502528,极兔快递,JT0015142404367,服饰,广东省,
慧泽小学智慧社区服务站_站点-慧泽小学智慧社区服务站,快递,2025-01-22 17:10:32,,1,,6.00,,2.32,42% - 0.2,2,1881992795892039680,极兔快递,JT0015142091063,服饰,广东省,
慧泽小学智慧社区服务站_站点-慧泽小学智慧社区服务站,快递,2025-01-22 16:01:33,,1,,6.00,,2.32,42% - 0.2,2,1881975428822679552,极兔快递,JT0015136394190,泡泡机,江苏省,
慧泽小学智慧社区服务站_站点-慧泽小学智慧社区服务站,快递,2025-01-22 14:42:51,,1,,6.00,,2.32,42% - 0.2,2,1881955647381913600,极兔快递,JT0015140318348,服饰,广东省,
慧泽小学智慧社区服务站_站点-慧泽小学智慧社区服务站,快递,2025-01-22 14:20:35,,1,,6.00,,2.32,42% - 0.2,2,1881950018445590528,极兔快递,JT0015139405411,挂件,广东省,
慧泽小学智慧社区服务站_站点-慧泽小学智慧社区服务站,快递,2025-01-22 14:05:57,,1,,6.00,,2.32,42% - 0.2,2,1881946358269427712,极兔快递,JT0015137715514,服饰,江西省,
慧泽小学智慧社区服务站_站点-慧泽小学智慧社区服务站,快递,2025-01-22 14:04:26,,8,,24.00,,11.80,50% - 0.2,2,1881945980429746176,极兔快递,JT0015139454395,调料,陕西省,
慧泽小学智慧社区服务站_站点-慧泽小学智慧社区服务站,快递,2025-01-22 13:55:42,,1,,6.00,,2.32,42% - 0.2,2,1881943782308265984,极兔快递,JT0015139960706,衬衣,浙江省,
慧泽小学智慧社区服务站_站点-慧泽小学智慧社区服务站,快递,2025-01-22 13:54:07,,1,,6.00,,2.32,42% - 0.2,2,1881943355495890944,极兔快递,JT0015139764898,服饰,辽宁省,
慧泽小学智慧社区服务站_站点-慧泽小学智慧社区服务站,快递,2025-01-22 13:52:32,,1,,6.00,,2.32,42% - 0.2,2,1881942988431376384,极兔快递,JT0015134515483,服饰,广东省,
慧泽小学智慧社区服务站_站点-慧泽小学智慧社区服务站,快递,2025-01-22 13:44:08,,1,,6.00,,2.32,42% - 0.2,2,1881940840603795456,极兔快递,JT0015137107495,手表,广东省,
慧泽小学智慧社区服务站_站点-慧泽小学智慧社区服务站,快递,2025-01-22 13:33:00,,1,,6.00,,2.32,42% - 0.2,2,1881938053052579840,极兔快递,JT0015131931468,服饰,山东省,
慧泽小学智慧社区服务站_站点-慧泽小学智慧社区服务站,快递,2025-01-22 13:18:25,,1,,6.00,,2.32,42% - 0.2,2,1881934397049749504,极兔快递,JT0015139039864,服饰,广东省,
慧泽小学智慧社区服务站_站点-慧泽小学智慧社区服务站,快递,2025-01-22 13:05:22,,2,,8.00,,3.88,51% - 0.2,2,1881931094450585600,申通快递,772037138737515,服饰,广东省,
慧泽小学智慧社区服务站_站点-慧泽小学智慧社区服务站,快递,2025-01-22 12:51:16,,1,,6.00,,2.32,42% - 0.2,2,1881927564230737920,极兔快递,JT0015139106396,服饰,吉林省,
慧泽小学智慧社区服务站_站点-慧泽小学智慧社区服务站,快递,2025-01-22 12:41:25,,1,,6.00,,2.32,42% - 0.2,2,1881925089733984256,极兔快递,JT0015138629312,服饰,广东省,
慧泽小学智慧社区服务站_站点-慧泽小学智慧社区服务站,快递,2025-01-22 12:36:58,,1,,6.00,,2.32,42% - 0.2,2,1881923959859789824,极兔快递,JT0015137214715,上衣,辽宁省,
慧泽小学智慧社区服务站_站点-慧泽小学智慧社区服务站,快递,2025-01-22 12:36:09,,1,,6.00,,2.32,42% - 0.2,2,1881923766078750720,极兔快递,JT0015137633058,服饰,辽宁省,
慧泽小学智慧社区服务站_站点-慧泽小学智慧社区服务站,快递,2025-01-22 12:23:40,,1,,6.00,,2.32,42% - 0.2,2,1881920601761595392,极兔快递,JT0015128572648,鞋子,浙江省,
慧泽小学智慧社区服务站_站点-慧泽小学智慧社区服务站,快递,2025-01-22 12:07:11,,4,,12.00,,5.80,50% - 0.2,2,1881916450491154432,极兔快递,JT0015137170311,郭,浙江省,
慧泽小学智慧社区服务站_站点-慧泽小学智慧社区服务站,快递,2025-01-22 11:46:32,,1,,6.00,,2.32,42% - 0.2,2,1881911279052734464,极兔快递,JT0015136980147,服饰,浙江省,
慧泽小学智慧社区服务站_站点-慧泽小学智慧社区服务站,快递,2025-01-22 11:14:24,,2,,8.00,,3.88,51% - 0.2,2,1881903172117413888,极兔快递,JT0015137009161,服饰,广东省,
慧泽小学智慧社区服务站_站点-慧泽小学智慧社区服务站,快递,2025-01-22 11:06:26,,2,,8.00,,3.88,51% - 0.2,2,1881901185481129984,极兔快递,JT0015133399884,收纳梳妆镜,浙江省,
慧泽小学智慧社区服务站_站点-慧泽小学智慧社区服务站,快递,2025-01-22 11:03:07,,3.8,,12.00,,5.80,50% - 0.2,2,1881900348910419968,极兔快递,JT0015131493384,手套,浙江省,
慧泽小学智慧社区服务站_站点-慧泽小学智慧社区服务站,快递,2025-01-22 10:57:17,,1,,6.00,,2.32,42% - 0.2,2,1881898880107102208,极兔快递,JT0015125012653,服饰,河南省,
慧泽小学智慧社区服务站_站点-慧泽小学智慧社区服务站,快递,2025-01-22 10:52:50,,1,,6.00,,2.32,42% - 0.2,2,1881897760894828544,极兔快递,JT0015132955127,服饰,广东省,
慧泽小学智慧社区服务站_站点-慧泽小学智慧社区服务站,快递,2025-01-22 10:48:17,,2,,8.00,,3.88,51% - 0.2,2,1881895121100554240,极兔快递,JT0015135271292,服饰,浙江省,
慧泽小学智慧社区服务站_站点-慧泽小学智慧社区服务站,快递,2025-01-22 10:28:45,,1,,6.00,,2.32,42% - 0.2,2,1881891678063509504,极兔快递,JT0015134836114,服饰,广东省,
慧泽小学智慧社区服务站_站点-慧泽小学智慧社区服务站,快递,2025-01-22 10:08:52,,1,,10.00,,1.80,42% - 0.2,2,1881886676539351040,极兔快递,JT0015135912721,排毒膏,内蒙古自治区,
慧泽小学智慧社区服务站_站点-慧泽小学智慧社区服务站,快递,2025-01-22 10:04:48,,1,,6.00,,2.32,42% - 0.2,2,1881885577602342912,极兔快递,JT0015130582127,修复膏,河南省,
慧泽小学智慧社区服务站_站点-慧泽小学智慧社区服务站,快递,2025-01-22 09:59:36,,1,,6.00,,2.32,42% - 0.2,2,1881884345164832768,极兔快递,JT0015129005571,工具,浙江省,
慧泽小学智慧社区服务站_站点-慧泽小学智慧社区服务站,快递,2025-01-22 09:46:26,,1,,6.00,,2.32,42% - 0.2,2,1881881029651406848,极兔快递,JT0015130973559,胶带,湖北省,
慧泽小学智慧社区服务站_站点-慧泽小学智慧社区服务站,快递,2025-01-22 09:37:23,,1,,6.00,,2.32,42% - 0.2,2,1881878752857366528,极兔快递,JT0015135881469,生活用品,陕西省,
慧泽小学智慧社区服务站_站点-慧泽小学智慧社区服务站,快递,2025-01-22 09:13:55,,1,,6.00,,2.32,42% - 0.2,2,1881872845012410368,极兔快递,JT0015135096679,排毒膏,湖北省,
慧泽小学智慧社区服务站_站点-慧泽小学智慧社区服务站,快递,2025-01-21 20:26:25,,1,,6.00,,2.32,42% - 0.2,2,1881679717471035392,极兔快递,JT0015130848129,鞋子,浙江省,
慧泽小学智慧社区服务站_站点-慧泽小学智慧社区服务站,快递,2025-01-21 20:21:15,,1,,6.00,,2.32,42% - 0.2,2,1881678414078484480,极兔快递,JT0015127880326,服饰,广东省,
慧泽小学智慧社区服务站_站点-慧泽小学智慧社区服务站,快递,2025-01-21 20:20:00,,1,,6.00,,2.32,42% - 0.2,2,1881678107671994368,极兔快递,JT0015132977749,服饰,浙江省,
慧泽小学智慧社区服务站_站点-慧泽小学智慧社区服务站,快递,2025-01-21 20:14:09,,1,,6.00,,2.32,42% - 0.2,2,1881676627636330496,极兔快递,JT0015123243831,服饰,浙江省,
慧泽小学智慧社区服务站_站点-慧泽小学智慧社区服务站,快递,2025-01-21 20:13:11,,1,,6.00,,2.32,42% - 0.2,2,1881676396475654144,极兔快递,JT0015128810952,服饰,浙江省,
慧泽小学智慧社区服务站_站点-慧泽小学智慧社区服务站,快递,2025-01-21 20:11:53,,2,,8.00,,3.88,51% - 0.2,2,1881676041130024960,极兔快递,JT0015130099893,鞋子,安徽省,
慧泽小学智慧社区服务站_站点-慧泽小学智慧社区服务站,快递,2025-01-21 18:46:43,,1,,6.00,,2.32,42% - 0.2,2,1881654629887582208,极兔快递,JT0015131177886,服饰,辽宁省,
慧泽小学智慧社区服务站_站点-慧泽小学智慧社区服务站,快递,2025-01-21 18:44:47,,1,,6.00,,2.32,42% - 0.2,2,1881654082648350720,极兔快递,JT0015132137265,服饰,江苏省,
慧泽小学智慧社区服务站_站点-慧泽小学智慧社区服务站,快递,2025-01-21 18:33:48,,1,,6.00,,2.32,42% - 0.2,2,1881651385962536960,极兔快递,JT0015132108705,服饰,广东省,
慧泽小学智慧社区服务站_站点-慧泽小学智慧社区服务站,快递,2025-01-21 18:32:25,,1,,6.00,,2.32,42% - 0.2,2,1881651010626854912,极兔快递,JT0015128684191,服饰,辽宁省,
慧泽小学智慧社区服务站_站点-慧泽小学智慧社区服务站,快递,2025-01-21 18:21:03,,1,,6.00,,2.32,42% - 0.2,2,1881648095505883136,极兔快递,JT0015131123035,生活用品,陕西省,
慧泽小学智慧社区服务站_站点-慧泽小学智慧社区服务站,快递,2025-01-21 18:06:17,,1,,6.00,,2.32,42% - 0.2,2,1881644432053968896,极兔快递,JT0015128499755,沥水架,浙江省,
慧泽小学智慧社区服务站_站点-慧泽小学智慧社区服务站,快递,2025-01-21 17:34:54,,1,,6.00,,2.32,42% - 0.2,2,1881636557499867136,极兔快递,JT0015124065966,服饰,湖北省,
慧泽小学智慧社区服务站_站点-慧泽小学智慧社区服务站,快递,2025-01-21 17:33:44,,1,,6.00,,2.32,42% - 0.2,2,1881636265479839744,极兔快递,JT0015124301594,服饰,广东省,
慧泽小学智慧社区服务站_站点-慧泽小学智慧社区服务站,快递,2025-01-21 17:32:03,,1,,6.00,,2.32,42% - 0.2,2,1881635812964769792,极兔快递,JT0015130119683,服饰,广东省,
慧泽小学智慧社区服务站_站点-慧泽小学智慧社区服务站,快递,2025-01-21 16:46:26,,1,,6.00,,2.32,42% - 0.2,2,1881624361252364288,极兔快递,JT0015128771103,地漏,广东省,
慧泽小学智慧社区服务站_站点-慧泽小学智慧社区服务站,快递,2025-01-21 16:44:42,,1,,6.00,,2.32,42% - 0.2,2,1881623900138971136,极兔快递,JT0015129070117,服饰,江苏省,
慧泽小学智慧社区服务站_站点-慧泽小学智慧社区服务站,快递,2025-01-21 15:40:59,,1.7,,8.00,,3.88,51% - 0.2,2,1881607870691876864,极兔快递,JT0015122268999,水彩笔,四川省,
慧泽小学智慧社区服务站_站点-慧泽小学智慧社区服务站,快递,2025-01-21 14:58:51,,1,,6.00,,2.32,42% - 0.2,2,1881597264169476096,极兔快递,JT0015127453424,服饰,浙江省,
慧泽小学智慧社区服务站_站点-慧泽小学智慧社区服务站,快递,2025-01-21 14:56:53,,1,,6.00,,2.32,42% - 0.2,2,1881596771670106112,极兔快递,JT0015127503251,服饰,江苏省,
慧泽小学智慧社区服务站_站点-慧泽小学智慧社区服务站,快递,2025-01-21 14:09:40,,1,,6.00,,2.32,42% - 0.2,2,1881584884328898560,极兔快递,JT0015126554744,服饰,浙江省,
慧泽小学智慧社区服务站_站点-慧泽小学智慧社区服务站,快递,2025-01-21 13:56:09,,1,,6.00,,2.32,42% - 0.2,2,1881576060117262336,极兔快递,JT0015120008367,服饰,浙江省,
慧泽小学智慧社区服务站_站点-慧泽小学智慧社区服务站,快递,2025-01-21 12:41:34,,1,,6.00,,2.32,42% - 0.2,2,1881562726466789376,极兔快递,JT0015122067792,服饰,江苏省,
慧泽小学智慧社区服务站_站点-慧泽小学智慧社区服务站,快递,2025-01-21 12:40:34,,1,,6.00,,2.32,42% - 0.2,2,1881562394961584128,极兔快递,JT0015122245228,毛衣,广东省,
慧泽小学智慧社区服务站_站点-慧泽小学智慧社区服务站,快递,2025-01-21 12:38:35,,1,,6.00,,2.32,42% - 0.2,2,1881561983550693376,极兔快递,JT0015115627869,服饰,福建省,
慧泽小学智慧社区服务站_站点-慧泽小学智慧社区服务站,快递,2025-01-21 12:31:20,,1,,6.00,,2.32,42% - 0.2,2,1881560141215244288,极兔快递,JT0015113473032,服饰,浙江省,
慧泽小学智慧社区服务站_站点-慧泽小学智慧社区服务站,快递,2025-01-21 11:43:58,,1,,6.00,,2.32,42% - 0.2,2,1881548240670367744,极兔快递,JT0015121064634,杯子,广东省,
慧泽小学智慧社区服务站_站点-慧泽小学智慧社区服务站,快递,2025-01-21 11:32:12,,1,,6.00,,2.32,42% - 0.2,2,1881545282587140096,极兔快递,JT0015122134702,笔筒,浙江省,
慧泽小学智慧社区服务站_站点-慧泽小学智慧社区服务站,快递,2025-01-21 11:27:19,,1,,6.00,,2.32,42% - 0.2,2,1881544054423625728,极兔快递,JT0015123074841,护肤品,广东省,
慧泽小学智慧社区服务站_站点-慧泽小学智慧社区服务站,快递,2025-01-21 11:25:47,,1,,6.00,,2.32,42% - 0.2,2,1881543642391977984,极兔快递,JT0015108920441,服饰,河南省,
慧泽小学智慧社区服务站_站点-慧泽小学智慧社区服务站,快递,2025-01-21 10:26:20,,3.42,,12.00,,5.80,50% - 0.2,2,1881528680911151104,极兔快递,JT0015116468281,生活用品,陕西省,
慧泽小学智慧社区服务站_站点-慧泽小学智慧社区服务站,快递,2025-01-21 10:11:16,,1,,6.00,,2.32,42% - 0.2,2,1881524905903333376,极兔快递,JT0015110294680,打磨机,浙江省,
慧泽小学智慧社区服务站_站点-慧泽小学智慧社区服务站,快递,2025-01-21 10:05:56,,1,,6.00,,2.32,42% - 0.2,2,1881523568708886528,极兔快递,JT0015120846765,排毒膏,江苏省,
慧泽小学智慧社区服务站_站点-慧泽小学智慧社区服务站,快递,2025-01-21 10:04:30,,1,,6.00,,2.32,42% - 0.2,2,1881523100683280384,极兔快递,JT0015116944949,排毒膏,江苏省,
慧泽小学智慧社区服务站_站点-慧泽小学智慧社区服务站,快递,2025-01-21 10:01:40,,1,,6.00,,2.32,42% - 0.2,2,1881522498146344960,极兔快递,JT0015114090114,排毒膏,吉林省,
慧泽小学智慧社区服务站_站点-慧泽小学智慧社区服务站,快递,2025-01-21 09:59:59,,1,,6.00,,2.32,42% - 0.2,2,1881522063775834112,极兔快递,JT0015119639896,服饰,辽宁省,
慧泽小学智慧社区服务站_站点-慧泽小学智慧社区服务站,快递,2025-01-21 09:57:53,,1,,6.00,,2.32,42% - 0.2,2,1881521504767385600,极兔快递,JT0015121759858,手镯,山东省,
慧泽小学智慧社区服务站_站点-慧泽小学智慧社区服务站,快递,2025-01-21 09:48:43,,1,,6.00,,2.32,42% - 0.2,2,1881519218687156224,极兔快递,JT0015117824760,食品,陕西省,
慧泽小学智慧社区服务站_站点-慧泽小学智慧社区服务站,快递,2025-01-21 09:40:18,,1,,6.00,,2.32,42% - 0.2,2,1881331285686427648,极兔快递,JT0015117441319,排毒膏,河北省,
慧泽小学智慧社区服务站_站点-慧泽小学智慧社区服务站,快递,2025-01-21 09:39:39,,2,,8.00,,3.88,51% - 0.2,2,1881516935421304832,极兔快递,JT0015121692133,生活用品,山东省,
慧泽小学智慧社区服务站_站点-慧泽小学智慧社区服务站,快递,2025-01-20 20:24:45,,1,,6.00,,2.32,42% - 0.2,2,1881316914876850176,极兔快递,JT0015115356383,服饰,河北省,
慧泽小学智慧社区服务站_站点-慧泽小学智慧社区服务站,快递,2025-01-20 20:12:15,,2,,8.00,,3.88,51% - 0.2,2,1881313772080668672,极兔快递,JT0015117448240,服饰,浙江省,
慧泽小学智慧社区服务站_站点-慧泽小学智慧社区服务站,快递,2025-01-20 20:11:16,,1,,6.00,,2.32,42% - 0.2,2,1881313518656626688,极兔快递,JT0015111558167,鞋子,江西省,
慧泽小学智慧社区服务站_站点-慧泽小学智慧社区服务站,快递,2025-01-20 20:10:03,,1,,6.00,,2.32,42% - 0.2,2,1881313192209752064,极兔快递,JT0015117211530,鞋子,江西省,
慧泽小学智慧社区服务站_站点-慧泽小学智慧社区服务站,快递,2025-01-20 19:37:27,,1,,6.00,,2.32,42% - 0.2,2,1881304469588353024,极兔快递,JT0015096211106,挂饰,河北省,
慧泽小学智慧社区服务站_站点-慧泽小学智慧社区服务站,快递,2025-01-20 18:20:18,,1,,6.00,,2.32,42% - 0.2,2,1881285478296502272,极兔快递,JT0015108627336,服饰,广东省,
慧泽小学智慧社区服务站_站点-慧泽小学智慧社区服务站,快递,2025-01-20 18:19:06,,1,,6.00,,2.32,42% - 0.2,2,1881285257927770112,极兔快递,JT0015109660982,服饰,湖北省,
慧泽小学智慧社区服务站_站点-慧泽小学智慧社区服务站,快递,2025-01-20 18:03:34,,2,,8.00,,3.88,51% - 0.2,2,1880920686847119360,极兔快递,JT0015113685539,服饰,安徽省,
慧泽小学智慧社区服务站_站点-慧泽小学智慧社区服务站,快递,2025-01-20 18:02:25,,1,,6.00,,2.32,42% - 0.2,2,1880920405992329216,极兔快递,JT0015109624628,服饰,辽宁省,
慧泽小学智慧社区服务站_站点-慧泽小学智慧社区服务站,快递,2025-01-20 17:41:14,,1,,6.00,,2.32,42% - 0.2,2,1881275744931725312,极兔快递,JT0015112862677,服饰,广东省,
慧泽小学智慧社区服务站_站点-慧泽小学智慧社区服务站,快递,2025-01-20 17:03:46,,1,,6.00,,2.32,42% - 0.2,2,1881266337455980544,极兔快递,JT0015114309652,服饰,浙江省,
慧泽小学智慧社区服务站_站点-慧泽小学智慧社区服务站,快递,2025-01-20 16:58:27,,1,,6.00,,2.32,42% - 0.2,2,1881264993311571968,极兔快递,JT0015108848685,服饰,河北省,
慧泽小学智慧社区服务站_站点-慧泽小学智慧社区服务站,快递,2025-01-20 16:56:51,,1,,6.00,,2.32,42% - 0.2,2,1881264594517147648,极兔快递,JT0015112782181,服饰,浙江省,
慧泽小学智慧社区服务站_站点-慧泽小学智慧社区服务站,快递,2025-01-20 16:51:06,,1,,6.00,,2.32,42% - 0.2,2,1881263114129162240,极兔快递,JT0015115924636,羽绒服,浙江省,
慧泽小学智慧社区服务站_站点-慧泽小学智慧社区服务站,快递,2025-01-20 15:22:14,,3,,10.00,,5.30,55% - 0.2,2,1881240763605893120,极兔快递,JT0015109275754,坚果,河北省,
慧泽小学智慧社区服务站_站点-慧泽小学智慧社区服务站,快递,2025-01-20 15:14:36,,2,,8.00,,3.88,51% - 0.2,2,1881238770275500032,极兔快递,JT0015113050909,服饰,湖南省,
慧泽小学智慧社区服务站_站点-慧泽小学智慧社区服务站,快递,2025-01-20 13:58:22,,1,,6.00,,2.32,42% - 0.2,2,1881219611109937152,极兔快递,JT0015106641706,服饰,浙江省,
慧泽小学智慧社区服务站_站点-慧泽小学智慧社区服务站,快递,2025-01-20 13:48:45,,1,,6.00,,2.32,42% - 0.2,2,1881217233145090048,极兔快递,JT0015087899705,鞋子,福建省,
慧泽小学智慧社区服务站_站点-慧泽小学智慧社区服务站,快递,2025-01-20 12:53:10,,1,,6.00,,2.32,42% - 0.2,2,1881203266259570688,极兔快递,JT0015108913247,水龙头,浙江省,
慧泽小学智慧社区服务站_站点-慧泽小学智慧社区服务站,快递,2025-01-20 12:51:57,,1,,6.00,,2.32,42% - 0.2,2,1881202965913849856,极兔快递,JT0015109615832,书,湖北省,
慧泽小学智慧社区服务站_站点-慧泽小学智慧社区服务站,快递,2025-01-20 12:50:45,,1,,6.00,,2.32,42% - 0.2,2,1881202659624800256,极兔快递,JT0015102668001,实习贴,广东省,
慧泽小学智慧社区服务站_站点-慧泽小学智慧社区服务站,快递,2025-01-20 12:43:59,,1,,6.00,,2.32,42% - 0.2,2,1881200959576920064,极兔快递,JT0015105508412,服饰,浙江省,
慧泽小学智慧社区服务站_站点-慧泽小学智慧社区服务站,快递,2025-01-20 12:42:04,,1,,6.00,,2.32,42% - 0.2,2,1881200469795459072,极兔快递,JT0015106157373,服饰,广东省,
慧泽小学智慧社区服务站_站点-慧泽小学智慧社区服务站,快递,2025-01-20 12:39:41,,1,,6.00,,2.32,42% - 0.2,2,1881199876016230400,极兔快递,JT0015108916300,黑色裤子,浙江省,
慧泽小学智慧社区服务站_站点-慧泽小学智慧社区服务站,快递,2025-01-20 12:37:33,,1,,6.00,,2.32,42% - 0.2,2,1881199343838744576,极兔快递,JT0015106135845,黑色上衣,浙江省,
慧泽小学智慧社区服务站_站点-慧泽小学智慧社区服务站,快递,2025-01-20 12:34:15,,2,,8.00,,3.88,51% - 0.2,2,1881198512515108864,极兔快递,JT0015108701140,服饰,湖北省,
慧泽小学智慧社区服务站_站点-慧泽小学智慧社区服务站,快递,2025-01-20 12:32:35,,1,,6.00,,2.32,42% - 0.2,2,1881198088710049792,极兔快递,JT0015105037638,服饰,浙江省,
慧泽小学智慧社区服务站_站点-慧泽小学智慧社区服务站,快递,2025-01-20 12:30:15,,1,,6.00,,2.32,42% - 0.2,2,1881197480359809024,极兔快递,JT0015109542462,服饰,江西省,
慧泽小学智慧社区服务站_站点-慧泽小学智慧社区服务站,快递,2025-01-20 12:24:54,,2,,8.00,,3.88,51% - 0.2,2,1881196158340354048,极兔快递,JT0015106269232,羽绒服,江西省,
慧泽小学智慧社区服务站_站点-慧泽小学智慧社区服务站,快递,2025-01-20 12:22:24,,1,,6.00,,2.32,42% - 0.2,2,1881195528712409088,极兔快递,JT0015108968569,服饰,广东省,
慧泽小学智慧社区服务站_站点-慧泽小学智慧社区服务站,快递,2025-01-20 12:10:10,,1,,6.00,,2.32,42% - 0.2,2,1881192451766800384,极兔快递,JT0015109687893,生活用品,陕西省,
慧泽小学智慧社区服务站_站点-慧泽小学智慧社区服务站,快递,2025-01-20 12:08:04,,1,,6.00,,2.32,42% - 0.2,2,1881191925780107264,极兔快递,JT0015108960173,服饰,浙江省,
慧泽小学智慧社区服务站_站点-慧泽小学智慧社区服务站,快递,2025-01-20 12:06:49,,1,,6.00,,2.32,42% - 0.2,2,1881191608422289408,极兔快递,JT0015108249674,生活用品,广东省,
慧泽小学智慧社区服务站_站点-慧泽小学智慧社区服务站,快递,2025-01-20 12:05:41,,1,,6.00,,2.32,42% - 0.2,2,1881191323377389568,极兔快递,JT0015102711335,服饰,浙江省,
慧泽小学智慧社区服务站_站点-慧泽小学智慧社区服务站,快递,2025-01-20 12:04:21,,2,,8.00,,3.88,51% - 0.2,2,1881190987422027776,极兔快递,JT0015108791061,服饰,江西省,
慧泽小学智慧社区服务站_站点-慧泽小学智慧社区服务站,快递,2025-01-20 12:02:39,,1,,6.00,,2.32,42% - 0.2,2,1881157700016197632,极兔快递,JT0015107011448,牛仔裤,安徽省,
慧泽小学智慧社区服务站_站点-慧泽小学智慧社区服务站,快递,2025-01-20 11:57:35,,1,,6.00,,2.32,42% - 0.2,2,1881189260446715904,极兔快递,JT0015105712167,服饰,广东省,
慧泽小学智慧社区服务站_站点-慧泽小学智慧社区服务站,快递,2025-01-20 11:55:19,,1,,6.00,,2.32,42% - 0.2,2,1881188713035517952,极兔快递,JT0015108614072,内衣,广东省,
慧泽小学智慧社区服务站_站点-慧泽小学智慧社区服务站,快递,2025-01-20 10:56:03,,2,,8.00,,3.88,51% - 0.2,2,1881173797545234432,极兔快递,JT0015102619399,鞋子,山西省,
慧泽小学智慧社区服务站_站点-慧泽小学智慧社区服务站,快递,2025-01-20 10:52:20,,2,,8.00,,3.88,51% - 0.2,2,1881172859845660672,极兔快递,JT0015103828488,裤子,广东省,
慧泽小学智慧社区服务站_站点-慧泽小学智慧社区服务站,快递,2025-01-20 10:50:18,,1,,6.00,,2.32,42% - 0.2,2,1881172231740248064,极兔快递,JT0015107628074,裤子,广东省,
慧泽小学智慧社区服务站_站点-慧泽小学智慧社区服务站,快递,2025-01-20 10:47:12,,2,,8.00,,3.88,51% - 0.2,2,1881171569082159104,极兔快递,JT0015105733130,米茶,陕西省,
慧泽小学智慧社区服务站_站点-慧泽小学智慧社区服务站,快递,2025-01-20 10:43:33,,2,,8.00,,3.88,51% - 0.2,2,1881170656191893504,极兔快递,JT0015101605175,喷剂,贵州省,
慧泽小学智慧社区服务站_站点-慧泽小学智慧社区服务站,快递,2025-01-20 10:40:50,,1,,6.00,,2.32,42% - 0.2,2,1881169961984249856,极兔快递,JT0015102330260,修复膏,江苏省,
慧泽小学智慧社区服务站_站点-慧泽小学智慧社区服务站,快递,2025-01-20 10:39:04,,1,,6.00,,2.32,42% - 0.2,2,1881169469069643776,极兔快递,JT0015106404667,修复膏,浙江省,
慧泽小学智慧社区服务站_站点-慧泽小学智慧社区服务站,快递,2025-01-20 10:37:05,,1,,6.00,,2.32,42% - 0.2,2,1881168916918882304,极兔快递,JT0015107739628,修复膏,广西壮族自治区,
慧泽小学智慧社区服务站_站点-慧泽小学智慧社区服务站,快递,2025-01-20 10:33:37,,1,,6.00,,2.32,42% - 0.2,2,1881168153048043520,极兔快递,JT0015107880432,生活用品,甘肃省,
慧泽小学智慧社区服务站_站点-慧泽小学智慧社区服务站,快递,2025-01-20 10:31:28,,3.8,,12.00,,5.80,50% - 0.2,2,1881167565937758208,极兔快递,JT0015101488466,生活用品,甘肃省,
慧泽小学智慧社区服务站_站点-慧泽小学智慧社区服务站,快递,2025-01-20 10:28:35,,1,,6.00,,2.32,42% - 0.2,2,1881166886305320960,极兔快递,JT0015105740184,生活用品,四川省,
慧泽小学智慧社区服务站_站点-慧泽小学智慧社区服务站,快递,2025-01-20 10:24:25,,2,,8.00,,3.88,51% - 0.2,2,1881165839511900160,极兔快递,JT0015102673791,服饰,江苏省,
慧泽小学智慧社区服务站_站点-慧泽小学智慧社区服务站,快递,2025-01-20 10:21:54,,1,,6.00,,2.32,42% - 0.2,2,1881165196357324800,极兔快递,JT0015101440632,服饰,广东省,
慧泽小学智慧社区服务站_站点-慧泽小学智慧社区服务站,快递,2025-01-20 10:19:11,,1,,6.00,,2.32,42% - 0.2,2,1881164348155809792,极兔快递,JT0015106053339,服饰,广东省,
慧泽小学智慧社区服务站_站点-慧泽小学智慧社区服务站,快递,2025-01-20 10:09:39,,1,,6.00,,2.32,42% - 0.2,2,1881162111291543552,极兔快递,JT0015106269804,服饰,河北省,
慧泽小学智慧社区服务站_站点-慧泽小学智慧社区服务站,快递,2025-01-20 10:05:14,,1,,6.00,,2.32,42% - 0.2,2,1881161009565323264,极兔快递,JT0015106528997,服饰,广东省,
慧泽小学智慧社区服务站_站点-慧泽小学智慧社区服务站,快递,2025-01-20 10:03:23,,2,,8.00,,3.88,51% - 0.2,2,1881160321733021696,极兔快递,JT0015104785188,服饰,广东省,
慧泽小学智慧社区服务站_站点-慧泽小学智慧社区服务站,快递,2025-01-20 09:54:31,,2.7,,10.00,,5.30,55% - 0.2,2,1881155278204096512,极兔快递,JT0015104710320,板,山东省,
慧泽小学智慧社区服务站_站点-慧泽小学智慧社区服务站,快递,2025-01-20 09:47:57,,1,,6.00,,2.32,42% - 0.2,2,1881156631575973888,极兔快递,JT0015103524318,耳钉,浙江省,
慧泽小学智慧社区服务站_站点-慧泽小学智慧社区服务站,快递,2025-01-19 22:02:50,,1,,6.00,,2.32,42% - 0.2,2,1880953177985306624,极兔快递,JT0015103954251,吹风机,广东省,
慧泽小学智慧社区服务站_站点-慧泽小学智慧社区服务站,快递,2025-01-19 21:31:26,,1,,6.00,,2.32,42% - 0.2,2,1880971307306504192,极兔快递,JT0015103582488,服饰,辽宁省,
慧泽小学智慧社区服务站_站点-慧泽小学智慧社区服务站,快递,2025-01-19 21:30:05,,2,,8.00,,3.88,51% - 0.2,2,1880970945346457600,极兔快递,JT0015101954623,套装,浙江省,
慧泽小学智慧社区服务站_站点-慧泽小学智慧社区服务站,快递,2025-01-19 20:53:58,,1.8,,8.00,,3.88,51% - 0.2,2,1880961837608259584,极兔快递,JT0015100470202,鞋子,福建省,
慧泽小学智慧社区服务站_站点-慧泽小学智慧社区服务站,快递,2025-01-19 20:17:20,,2,,8.00,,3.88,51% - 0.2,2,1880952621661212672,极兔快递,JT0015101343313,服饰,广东省,
慧泽小学智慧社区服务站_站点-慧泽小学智慧社区服务站,快递,2025-01-19 20:01:40,,2,,8.00,,3.88,51% - 0.2,2,1880909052149813248,极兔快递,JT0015100160071,裤子,浙江省,
慧泽小学智慧社区服务站_站点-慧泽小学智慧社区服务站,快递,2025-01-19 19:48:10,,1,,6.00,,2.32,42% - 0.2,2,1880945315477245952,极兔快递,JT0015097569094,裤子,河南省,
慧泽小学智慧社区服务站_站点-慧泽小学智慧社区服务站,快递,2025-01-19 19:47:05,,1,,6.00,,2.32,42% - 0.2,2,1880945025130745856,极兔快递,JT0015099081722,裤子,河南省,
慧泽小学智慧社区服务站_站点-慧泽小学智慧社区服务站,快递,2025-01-19 19:18:36,,1,,6.00,,2.32,42% - 0.2,2,1880937880406511616,极兔快递,JT0015101842664,服饰,广东省,
慧泽小学智慧社区服务站_站点-慧泽小学智慧社区服务站,快递,2025-01-19 19:12:27,,2.3,,10.00,,5.30,55% - 0.2,2,1880933498570985472,极兔快递,JT0015098172607,食品,甘肃省,
慧泽小学智慧社区服务站_站点-慧泽小学智慧社区服务站,快递,2025-01-19 18:50:15,,1,,6.00,,2.32,42% - 0.2,2,1880930744419012608,极兔快递,JT0015102030518,卡片,广西壮族自治区,
慧泽小学智慧社区服务站_站点-慧泽小学智慧社区服务站,快递,2025-01-19 18:48:46,,1,,6.00,,2.32,42% - 0.2,2,1880930352608104448,极兔快递,JT0015101024268,卡片,四川省,
慧泽小学智慧社区服务站_站点-慧泽小学智慧社区服务站,快递,2025-01-19 18:40:22,,1,,6.00,,2.32,42% - 0.2,2,1880928251102416896,极兔快递,JT0015102059961,公仔,河北省,
慧泽小学智慧社区服务站_站点-慧泽小学智慧社区服务站,快递,2025-01-19 18:38:33,,1,,6.00,,2.32,42% - 0.2,2,1880927767318810624,极兔快递,JT0015097243368,服饰,浙江省,
慧泽小学智慧社区服务站_站点-慧泽小学智慧社区服务站,快递,2025-01-19 18:36:44,,1,,6.00,,2.32,42% - 0.2,2,1880927344612659200,极兔快递,JT0015101707627,服饰,浙江省,
慧泽小学智慧社区服务站_站点-慧泽小学智慧社区服务站,快递,2025-01-19 18:34:33,,1,,6.00,,2.32,42% - 0.2,2,1880926797314707456,极兔快递,JT0015098729109,服饰,浙江省,
慧泽小学智慧社区服务站_站点-慧泽小学智慧社区服务站,快递,2025-01-19 18:33:07,,1,,6.00,,2.32,42% - 0.2,2,1880926436088664064,极兔快递,JT0015091105652,服饰,河南省,
慧泽小学智慧社区服务站_站点-慧泽小学智慧社区服务站,快递,2025-01-19 18:31:41,,1,,6.00,,2.32,42% - 0.2,2,1880925983917527040,极兔快递,JT0015093197415,服饰,河南省,
慧泽小学智慧社区服务站_站点-慧泽小学智慧社区服务站,快递,2025-01-19 17:28:36,,1,,6.00,,2.32,42% - 0.2,2,1880910198281129984,极兔快递,JT0015099320441,染发膏,广东省,
慧泽小学智慧社区服务站_站点-慧泽小学智慧社区服务站,快递,2025-01-19 17:02:15,,1,,6.00,,2.32,42% - 0.2,2,1880903547188727808,极兔快递,JT0015097428875,桂圆,安徽省,
慧泽小学智慧社区服务站_站点-慧泽小学智慧社区服务站,快递,2025-01-19 16:52:52,2025-01-19 16:54:47,1,,6.00,,0.00,,2,1880901183199301632,极兔快递,JT0015098959016,裤子,福建省,已全额退款
慧泽小学智慧社区服务站_站点-慧泽小学智慧社区服务站,快递,2025-01-19 16:53:42,,1,,6.00,,2.32,42% - 0.2,2,1880901372836368384,韵达快递,312618221939572,裤子,福建省,
慧泽小学智慧社区服务站_站点-慧泽小学智慧社区服务站,快递,2025-01-19 16:13:11,,1,,6.00,,2.32,42% - 0.2,2,1880891214508904448,极兔快递,JT0015091168505,拖把,河南省,
慧泽小学智慧社区服务站_站点-慧泽小学智慧社区服务站,快递,2025-01-19 16:11:20,,1,,6.00,,2.32,42% - 0.2,2,1880890753592643584,极兔快递,JT0015097264275,服饰,江苏省,
慧泽小学智慧社区服务站_站点-慧泽小学智慧社区服务站,快递,2025-01-19 16:09:38,,1,,6.00,,2.32,42% - 0.2,2,1880890328755785728,极兔快递,JT0015094690301,隐形眼镜,江苏省,
慧泽小学智慧社区服务站_站点-慧泽小学智慧社区服务站,快递,2025-01-19 16:07:48,,1,,6.00,,2.32,42% - 0.2,2,1880889830787043328,极兔快递,JT0015096663661,服饰,浙江省,
慧泽小学智慧社区服务站_站点-慧泽小学智慧社区服务站,快递,2025-01-19 16:06:30,,1,,7.00,,1.94,42%,2,1880889524049203200,极兔快递,JT0015098487049,服饰,上海市,
慧泽小学智慧社区服务站_站点-慧泽小学智慧社区服务站,快递,2025-01-19 15:23:50,,1,,6.00,,2.32,42% - 0.2,2,1880878763860086784,极兔快递,JT0015097545680,鞋子,浙江省,
慧泽小学智慧社区服务站_站点-慧泽小学智慧社区服务站,快递,2025-01-19 15:00:49,,1,,6.00,,2.32,42% - 0.2,2,1880872985094836224,极兔快递,JT0015096031388,睡衣,广东省,
慧泽小学智慧社区服务站_站点-慧泽小学智慧社区服务站,快递,2025-01-19 14:58:19,,1,,6.00,,2.32,42% - 0.2,2,1880872354699333632,极兔快递,JT0015098119026,黑色连衣裙,江苏省,
慧泽小学智慧社区服务站_站点-慧泽小学智慧社区服务站,快递,2025-01-19 14:45:19,,1,,6.00,,2.32,42% - 0.2,2,1880869082869583872,极兔快递,JT0015096320918,桌布,河北省,
慧泽小学智慧社区服务站_站点-慧泽小学智慧社区服务站,快递,2025-01-19 14:19:01,,1,,6.00,,2.32,42% - 0.2,2,1880862463922327552,极兔快递,JT0015095821940,生活用品,陕西省,
慧泽小学智慧社区服务站_站点-慧泽小学智慧社区服务站,快递,2025-01-19 14:12:30,,2.1,,10.00,,5.30,55% - 0.2,2,1880860844048568320,极兔快递,JT0015096042744,洗车拖把,山东省,
慧泽小学智慧社区服务站_站点-慧泽小学智慧社区服务站,快递,2025-01-19 13:48:59,,1,,6.00,,2.32,42% - 0.2,2,1880854922383380480,极兔快递,JT0015095934420,服饰,浙江省,
慧泽小学智慧社区服务站_站点-慧泽小学智慧社区服务站,快递,2025-01-19 13:45:12,,2,,8.00,,3.88,51% - 0.2,2,1880853956288368640,极兔快递,JT0015091262727,洗发水,广东省,
慧泽小学智慧社区服务站_站点-慧泽小学智慧社区服务站,快递,2025-01-19 13:30:07,,1,,6.00,,2.32,42% - 0.2,2,1880850178742996992,极兔快递,JT0015095258770,服饰,江苏省,
慧泽小学智慧社区服务站_站点-慧泽小学智慧社区服务站,快递,2025-01-19 13:10:49,,1.5,,8.00,,3.88,51% - 0.2,2,1880845319738281984,极兔快递,JT0015089300749,擦玻璃器,河北省,
慧泽小学智慧社区服务站_站点-慧泽小学智慧社区服务站,快递,2025-01-19 13:07:47,,1,,6.00,,2.32,42% - 0.2,2,1880844564407046144,极兔快递,JT0015090116685,服饰,河南省,
慧泽小学智慧社区服务站_站点-慧泽小学智慧社区服务站,快递,2025-01-19 13:05:44,,1,,6.00,,2.32,42% - 0.2,2,1880844021483753472,极兔快递,JT0015091881880,服饰,浙江省,
慧泽小学智慧社区服务站_站点-慧泽小学智慧社区服务站,快递,2025-01-19 12:59:27,,1,,6.00,,2.32,42% - 0.2,2,1880842464138678272,极兔快递,JT0015091688441,服饰,广东省,
慧泽小学智慧社区服务站_站点-慧泽小学智慧社区服务站,快递,2025-01-19 12:35:48,,1,,6.00,,2.32,42% - 0.2,2,1880836436504399872,极兔快递,JT0015094512307,服饰,浙江省,
慧泽小学智慧社区服务站_站点-慧泽小学智慧社区服务站,快递,2025-01-19 11:47:56,,1,,6.00,,2.32,42% - 0.2,2,1880824468204736512,极兔快递,JT0015086672363,红包,浙江省,
慧泽小学智慧社区服务站_站点-慧泽小学智慧社区服务站,快递,2025-01-19 11:39:39,,1,,6.00,,2.32,42% - 0.2,2,1880822357979090944,极兔快递,JT0015093976672,服饰,福建省,
慧泽小学智慧社区服务站_站点-慧泽小学智慧社区服务站,快递,2025-01-19 11:10:53,,1,,6.00,,2.32,42% - 0.2,2,1880815134796206080,极兔快递,JT0015087316950,护肤品,广东省,
慧泽小学智慧社区服务站_站点-慧泽小学智慧社区服务站,快递,2025-01-19 11:06:58,,1,,6.00,,2.32,42% - 0.2,2,1880814155518496768,极兔快递,JT0015092836263,拖鞋,浙江省,
慧泽小学智慧社区服务站_站点-慧泽小学智慧社区服务站,快递,2025-01-19 11:05:49,,1,,6.00,,2.32,42% - 0.2,2,1880813865130053632,极兔快递,JT0015092538853,服饰,广东省,
慧泽小学智慧社区服务站_站点-慧泽小学智慧社区服务站,快递,2025-01-19 11:03:38,,1,,6.00,,2.32,42% - 0.2,2,1880813320382238720,极兔快递,JT0015091787730,服饰,河北省,
慧泽小学智慧社区服务站_站点-慧泽小学智慧社区服务站,快递,2025-01-19 11:00:56,,1,,6.00,,2.32,42% - 0.2,2,1880812640221319168,极兔快递,JT0015092163561,服饰,广东省,
慧泽小学智慧社区服务站_站点-慧泽小学智慧社区服务站,快递,2025-01-19 10:58:41,,1,,6.00,,2.32,42% - 0.2,2,1880812072568410112,极兔快递,JT0015093124883,服饰,湖北省,
慧泽小学智慧社区服务站_站点-慧泽小学智慧社区服务站,快递,2025-01-19 10:56:21,,1,,6.00,,2.32,42% - 0.2,2,1880811486489923584,极兔快递,JT0015092698681,医用再生霜,江西省,
慧泽小学智慧社区服务站_站点-慧泽小学智慧社区服务站,快递,2025-01-19 10:54:10,,1,,6.00,,2.32,42% - 0.2,2,1880810932204261376,极兔快递,JT0015092647959,三降贴,安徽省,
慧泽小学智慧社区服务站_站点-慧泽小学智慧社区服务站,快递,2025-01-19 10:51:38,,1.35,,8.00,,3.88,51% - 0.2,2,1880810276299001856,极兔快递,JT0015091081038,骨细胞增值液,江西省,
慧泽小学智慧社区服务站_站点-慧泽小学智慧社区服务站,快递,2025-01-19 10:32:05,,1,,6.00,,2.32,42% - 0.2,2,1880805365821788160,极兔快递,JT0015089962153,排毒膏,湖北省,
慧泽小学智慧社区服务站_站点-慧泽小学智慧社区服务站,快递,2025-01-19 10:28:28,,1,,6.00,,2.32,42% - 0.2,2,1880804140355211264,极兔快递,JT0015087143408,修复膏,河北省,
慧泽小学智慧社区服务站_站点-慧泽小学智慧社区服务站,快递,2025-01-19 10:25:58,,1,,10.00,,1.80,42% - 0.2,2,1880801673643085824,极兔快递,JT0015091318870,生活用品,内蒙古自治区,
慧泽小学智慧社区服务站_站点-慧泽小学智慧社区服务站,快递,2025-01-19 10:16:28,,1,,6.00,,2.32,42% - 0.2,2,1880801442708901888,极兔快递,JT0015091421672,生活用品,山西省,
慧泽小学智慧社区服务站_站点-慧泽小学智慧社区服务站,快递,2025-01-19 10:15:29,,1,,6.00,,2.32,42% - 0.2,2,1880801189456826368,极兔快递,JT0015087968179,生活用品,河北省,
慧泽小学智慧社区服务站_站点-慧泽小学智慧社区服务站,快递,2025-01-19 10:13:29,,6,,18.00,,8.80,50% - 0.2,2,1880800662773878784,极兔快递,JT0015082967931,苹果,陕西省,
慧泽小学智慧社区服务站_站点-慧泽小学智慧社区服务站,快递,2025-01-19 09:50:31,,3.4,,12.00,,5.80,50% - 0.2,2,1880794888257458176,极兔快递,JT0015091359067,食品,广东省,
慧泽小学智慧社区服务站_站点-慧泽小学智慧社区服务站,快递,2025-01-19 09:40:53,,4.5,,15.00,,7.30,50% - 0.2,2,1880792470316699648,极兔快递,JT0015089641144,食品,陕西省,
慧泽小学智慧社区服务站_站点-慧泽小学智慧社区服务站,快递,2025-01-18 19:55:04,,1,,6.00,,2.32,42% - 0.2,2,1880584648924647424,极兔快递,JT0015088066220,服饰,浙江省,
慧泽小学智慧社区服务站_站点-慧泽小学智慧社区服务站,快递,2025-01-18 19:33:42,,1.1,,8.00,,3.88,51% - 0.2,2,1880579292471283712,极兔快递,JT0015087534974,服饰,江苏省,
慧泽小学智慧社区服务站_站点-慧泽小学智慧社区服务站,快递,2025-01-18 18:15:41,,1,,6.00,,2.32,42% - 0.2,2,1880559655092277248,极兔快递,JT0015079224371,裤子,广东省,
慧泽小学智慧社区服务站_站点-慧泽小学智慧社区服务站,快递,2025-01-18 18:15:04,,1,,6.00,,2.32,42% - 0.2,2,1880066177220530176,极兔快递,JT0015075934292,服饰,广东省,
慧泽小学智慧社区服务站_站点-慧泽小学智慧社区服务站,快递,2025-01-18 17:44:45,,1,,6.00,,2.32,42% - 0.2,2,1880551875413331968,极兔快递,JT0015083826673,书,河北省,
慧泽小学智慧社区服务站_站点-慧泽小学智慧社区服务站,快递,2025-01-18 17:41:03,,1,,6.00,,2.32,42% - 0.2,2,1880550943631921152,韵达快递,312616560835159,裤子,福建省,
慧泽小学智慧社区服务站_站点-慧泽小学智慧社区服务站,快递,2025-01-18 17:16:49,,3,,10.00,,5.30,55% - 0.2,2,1880544821277675520,极兔快递,JT0015086109725,服饰,浙江省,
慧泽小学智慧社区服务站_站点-慧泽小学智慧社区服务站,快递,2025-01-18 16:47:50,,1,,6.00,,2.32,42% - 0.2,2,1880537551051476992,极兔快递,JT0015083722273,服饰,河北省,
慧泽小学智慧社区服务站_站点-慧泽小学智慧社区服务站,快递,2025-01-18 16:46:10,,1,,6.00,,2.32,42% - 0.2,2,1880537135710523392,极兔快递,JT0015082440092,服饰,江西省,
慧泽小学智慧社区服务站_站点-慧泽小学智慧社区服务站,快递,2025-01-18 16:42:57,,1,,6.00,,2.32,42% - 0.2,2,1880536317104017408,极兔快递,JT0015083888333,服饰,辽宁省,
慧泽小学智慧社区服务站_站点-慧泽小学智慧社区服务站,快递,2025-01-18 16:41:55,,1,,6.00,,2.32,42% - 0.2,2,1880536057472405504,极兔快递,JT0015082644546,项链,河南省,
慧泽小学智慧社区服务站_站点-慧泽小学智慧社区服务站,快递,2025-01-18 16:40:24,,2,,8.00,,3.88,51% - 0.2,2,1880535560048922624,极兔快递,JT0015072935196,粉色套装,辽宁省,
慧泽小学智慧社区服务站_站点-慧泽小学智慧社区服务站,快递,2025-01-18 15:59:12,,1,,6.00,,2.32,42% - 0.2,2,1880525312584110080,极兔快递,JT0015082273922,服饰,河北省,
慧泽小学智慧社区服务站_站点-慧泽小学智慧社区服务站,快递,2025-01-18 15:57:34,,1,,6.00,,2.32,42% - 0.2,2,1880524902272126976,极兔快递,JT0015083271607,服饰,河北省,
慧泽小学智慧社区服务站_站点-慧泽小学智慧社区服务站,快递,2025-01-18 15:55:46,,1,,6.00,,2.32,42% - 0.2,2,1880524447265640448,极兔快递,JT0015081382095,服饰,广东省,
慧泽小学智慧社区服务站_站点-慧泽小学智慧社区服务站,快递,2025-01-18 15:43:53,,1,,6.00,,2.32,42% - 0.2,2,1880521386388410368,韵达快递,312616417396247,服饰,广东省,
慧泽小学智慧社区服务站_站点-慧泽小学智慧社区服务站,快递,2025-01-18 15:41:25,,1,,6.00,,2.32,42% - 0.2,2,1880520832715116544,韵达快递,312616415860089,服饰,浙江省,
慧泽小学智慧社区服务站_站点-慧泽小学智慧社区服务站,快递,2025-01-18 15:38:22,,1,,6.00,,2.32,42% - 0.2,2,1880520064830328832,极兔快递,JT0015082765091,服饰,山东省,
慧泽小学智慧社区服务站_站点-慧泽小学智慧社区服务站,快递,2025-01-18 15:35:33,,1,,6.00,,2.32,42% - 0.2,2,1880519361005146112,极兔快递,JT0015082266540,服饰,广东省,
慧泽小学智慧社区服务站_站点-慧泽小学智慧社区服务站,快递,2025-01-18 15:33:41,,1,,6.00,,2.32,42% - 0.2,2,1880518868061179904,极兔快递,JT0015080308052,服饰,广东省,
慧泽小学智慧社区服务站_站点-慧泽小学智慧社区服务站,快递,2025-01-18 15:17:02,,1,,6.00,,2.32,42% - 0.2,2,1880514689368379392,极兔快递,JT0015082321195,服饰,广东省,
慧泽小学智慧社区服务站_站点-慧泽小学智慧社区服务站,快递,2025-01-18 15:16:00,,1,,6.00,,2.32,42% - 0.2,2,1880514438263787520,极兔快递,JT0015082643597,服饰,广东省,
慧泽小学智慧社区服务站_站点-慧泽小学智慧社区服务站,快递,2025-01-18 15:14:10,,1,,6.00,,2.32,42% - 0.2,2,1880513964823334912,极兔快递,JT0015081065526,服饰,浙江省,
慧泽小学智慧社区服务站_站点-慧泽小学智慧社区服务站,快递,2025-01-18 15:05:53,,10.2,,33.00,,16.30,50% - 0.2,2,1880511888714158080,极兔快递,JT0015081528057,食品,陕西省,
慧泽小学智慧社区服务站_站点-慧泽小学智慧社区服务站,快递,2025-01-18 15:00:05,,2,,8.00,,3.88,51% - 0.2,2,1880510409668349952,极兔快递,JT0015081157805,绞肉机,河北省,
慧泽小学智慧社区服务站_站点-慧泽小学智慧社区服务站,快递,2025-01-18 14:29:52,,1.2,,8.00,,3.88,51% - 0.2,2,1880502828065411072,极兔快递,JT0015062600824,床单,江苏省,
慧泽小学智慧社区服务站_站点-慧泽小学智慧社区服务站,快递,2025-01-18 14:28:46,,1.2,,8.00,,3.88,51% - 0.2,2,1880502512628584448,极兔快递,JT0015081442839,床单,江苏省,
慧泽小学智慧社区服务站_站点-慧泽小学智慧社区服务站,快递,2025-01-18 14:07:15,,1,,6.00,,2.32,42% - 0.2,2,1880497122008420352,极兔快递,JT0015080500808,服饰,浙江省,
慧泽小学智慧社区服务站_站点-慧泽小学智慧社区服务站,快递,2025-01-18 13:48:24,,1,,6.00,,2.32,42% - 0.2,2,1880492373611696128,极兔快递,JT0015079378648,靴子,浙江省,
慧泽小学智慧社区服务站_站点-慧泽小学智慧社区服务站,快递,2025-01-18 13:45:03,,1,,6.00,,2.32,42% - 0.2,2,1880491553805619200,极兔快递,JT0015074766284,裤子,湖南省,
慧泽小学智慧社区服务站_站点-慧泽小学智慧社区服务站,快递,2025-01-18 13:40:55,,1,,6.00,,2.32,42% - 0.2,2,1880490505703575552,极兔快递,JT0015070583253,碗,广东省,
慧泽小学智慧社区服务站_站点-慧泽小学智慧社区服务站,快递,2025-01-18 13:38:56,,5.5,,18.00,,8.80,50% - 0.2,2,1880490005390217216,极兔快递,JT0015074628540,食品,陕西省,
慧泽小学智慧社区服务站_站点-慧泽小学智慧社区服务站,快递,2025-01-18 13:38:01,,5.5,,18.00,,8.80,50% - 0.2,2,1880489761524994048,极兔快递,JT0015078301565,食品,陕西省,
慧泽小学智慧社区服务站_站点-慧泽小学智慧社区服务站,快递,2025-01-18 13:29:36,,1,,6.00,,2.32,42% - 0.2,2,1880487660405182464,极兔快递,JT0015079015315,鞋子,广东省,
慧泽小学智慧社区服务站_站点-慧泽小学智慧社区服务站,快递,2025-01-18 13:25:44,,1,,6.00,,2.32,42% - 0.2,2,1880486690430439424,极兔快递,JT0015068492267,电暖器,广东省,
慧泽小学智慧社区服务站_站点-慧泽小学智慧社区服务站,快递,2025-01-18 13:24:03,,1,,6.00,,2.32,42% - 0.2,2,1880486263131525120,极兔快递,JT0015079609464,服饰,广东省,
慧泽小学智慧社区服务站_站点-慧泽小学智慧社区服务站,快递,2025-01-18 13:21:30,,1,,6.00,,2.32,42% - 0.2,2,1880485627140820992,极兔快递,JT0015079560465,服饰,辽宁省,
慧泽小学智慧社区服务站_站点-慧泽小学智慧社区服务站,快递,2025-01-18 13:11:01,,1,,6.00,,2.32,42% - 0.2,2,1880482984548945920,极兔快递,JT0015079874808,服饰,山东省,
慧泽小学智慧社区服务站_站点-慧泽小学智慧社区服务站,快递,2025-01-18 13:00:26,,1,,6.00,,2.32,42% - 0.2,2,1880480276022611968,极兔快递,JT0015080051968,服饰,广东省,
慧泽小学智慧社区服务站_站点-慧泽小学智慧社区服务站,快递,2025-01-18 12:24:45,,2,,8.00,,3.88,51% - 0.2,2,1880471331430256640,极兔快递,JT0015078173806,生活用品,安徽省,
慧泽小学智慧社区服务站_站点-慧泽小学智慧社区服务站,快递,2025-01-18 12:23:23,,2,,8.00,,3.88,51% - 0.2,2,1880471001086873600,极兔快递,JT0015075550992,生活用品,安徽省,
慧泽小学智慧社区服务站_站点-慧泽小学智慧社区服务站,快递,2025-01-08 14:33:36,2025-01-18 12:08:40,1,,6.00,,0.00,,2,1876879871384539136,极兔快递,JT0014921896789,鞋子,陕西省,已全额退款
慧泽小学智慧社区服务站_站点-慧泽小学智慧社区服务站,快递,2025-01-18 12:02:14,,1,,6.00,,2.32,42% - 0.2,2,1880465677021925376,极兔快递,JT0015068888322,内衣,广东省,
慧泽小学智慧社区服务站_站点-慧泽小学智慧社区服务站,快递,2025-01-18 12:00:47,,2,,8.00,,3.88,51% - 0.2,2,1880465288738426880,极兔快递,JT0015074604508,服饰,江苏省,
慧泽小学智慧社区服务站_站点-慧泽小学智慧社区服务站,快递,2025-01-18 11:36:08,,1,,6.00,,2.32,42% - 0.2,2,1880459089846521856,极兔快递,JT0015075697459,玩具车,广东省,
慧泽小学智慧社区服务站_站点-慧泽小学智慧社区服务站,快递,2025-01-18 10:46:51,,1,,6.00,,2.32,42% - 0.2,2,1880226344495009792,极兔快递,JT0015071858680,生活用品,四川省,
慧泽小学智慧社区服务站_站点-慧泽小学智慧社区服务站,快递,2025-01-18 10:46:28,,1,,6.00,,2.32,42% - 0.2,2,1880410246337581056,极兔快递,JT0015077008849,生活用品,广东省,
慧泽小学智慧社区服务站_站点-慧泽小学智慧社区服务站,快递,2025-01-18 10:16:56,,1,,6.00,,2.32,42% - 0.2,2,1880439112720502784,极兔快递,JT0015072376195,排毒膏,河北省,
慧泽小学智慧社区服务站_站点-慧泽小学智慧社区服务站,快递,2025-01-18 10:15:45,,1,,6.00,,2.32,42% - 0.2,2,1880438841177067520,极兔快递,JT0015074760368,证件,陕西省,
慧泽小学智慧社区服务站_站点-慧泽小学智慧社区服务站,快递,2025-01-18 10:11:27,,1,,6.00,,2.32,42% - 0.2,2,1880437774750109696,极兔快递,JT0015073225314,生活用品,江西省,
慧泽小学智慧社区服务站_站点-慧泽小学智慧社区服务站,快递,2025-01-18 09:55:15,,1,,6.00,,2.32,42% - 0.2,2,1880433683701485568,极兔快递,JT0015075522397,生活用品,甘肃省,
慧泽小学智慧社区服务站_站点-慧泽小学智慧社区服务站,快递,2025-01-17 20:44:57,,5.5,,18.00,,8.80,50% - 0.2,2,1880234808495624192,极兔快递,JT0015070584930,食品,陕西省,
慧泽小学智慧社区服务站_站点-慧泽小学智慧社区服务站,快递,2025-01-17 20:14:07,,1,,6.00,,2.32,42% - 0.2,2,1880227042678853632,极兔快递,JT0015066588708,服饰,浙江省,
慧泽小学智慧社区服务站_站点-慧泽小学智慧社区服务站,快递,2025-01-17 19:57:00,,1,,6.00,,2.32,42% - 0.2,2,1880222761666007040,极兔快递,JT0015068156417,口罩,浙江省,
慧泽小学智慧社区服务站_站点-慧泽小学智慧社区服务站,快递,2025-01-17 19:52:58,,1,,6.00,,2.32,42% - 0.2,2,1880201318685265920,极兔快递,JT0015071581450,茶,湖南省,
慧泽小学智慧社区服务站_站点-慧泽小学智慧社区服务站,快递,2025-01-17 18:16:24,,1,,6.00,,2.32,42% - 0.2,2,1880197440380129280,极兔快递,JT0015069104247,手机壳,湖北省,
慧泽小学智慧社区服务站_站点-慧泽小学智慧社区服务站,快递,2025-01-17 18:11:59,,1,,6.00,,2.32,42% - 0.2,2,1880196337869574144,极兔快递,JT0015069675965,服饰,河北省,
慧泽小学智慧社区服务站_站点-慧泽小学智慧社区服务站,快递,2025-01-17 18:10:11,,1,,6.00,,2.32,42% - 0.2,2,1880195870968041472,极兔快递,JT0015058411260,裤子,河南省,
慧泽小学智慧社区服务站_站点-慧泽小学智慧社区服务站,快递,2025-01-17 18:01:38,,2,,8.00,,3.88,51% - 0.2,2,1880193440360484864,极兔快递,JT0015059777601,挂件,浙江省,
慧泽小学智慧社区服务站_站点-慧泽小学智慧社区服务站,快递,2025-01-17 17:43:29,,1,,6.00,,2.32,42% - 0.2,2,1880189156885581824,极兔快递,JT0015066271768,口罩,广东省,
慧泽小学智慧社区服务站_站点-慧泽小学智慧社区服务站,快递,2025-01-17 17:30:51,,1.2,,8.00,,3.88,51% - 0.2,2,1880185980321058816,极兔快递,JT0015067632736,书,辽宁省,
慧泽小学智慧社区服务站_站点-慧泽小学智慧社区服务站,快递,2025-01-17 17:06:11,,1,,6.00,,2.32,42% - 0.2,2,1880179773057323008,极兔快递,JT0015065530084,文件,陕西省,
慧泽小学智慧社区服务站_站点-慧泽小学智慧社区服务站,快递,2025-01-17 16:45:43,,1,,6.00,,2.32,42% - 0.2,2,1880174619918651392,极兔快递,JT0015067911865,小对联,广东省,
慧泽小学智慧社区服务站_站点-慧泽小学智慧社区服务站,快递,2025-01-17 16:44:11,,1,,6.00,,2.32,42% - 0.2,2,1880174243932852224,极兔快递,JT0015063294478,书,江苏省,
慧泽小学智慧社区服务站_站点-慧泽小学智慧社区服务站,快递,2025-01-17 16:42:18,,1,,6.00,,2.32,42% - 0.2,2,1880173772543414272,极兔快递,JT0015043458156,文件,陕西省,
慧泽小学智慧社区服务站_站点-慧泽小学智慧社区服务站,快递,2025-01-17 16:39:29,,1.1,,8.00,,3.88,51% - 0.2,2,1880173049525096448,极兔快递,JT0015066177724,服饰,浙江省,
慧泽小学智慧社区服务站_站点-慧泽小学智慧社区服务站,快递,2025-01-17 16:32:11,,1,,6.00,,2.32,42% - 0.2,2,1880171226756075520,极兔快递,JT0015068852553,服饰,福建省,
慧泽小学智慧社区服务站_站点-慧泽小学智慧社区服务站,快递,2025-01-17 16:23:44,,2,,8.00,,3.88,51% - 0.2,2,1880169089850462208,极兔快递,JT0015065545302,鞋子,福建省,
慧泽小学智慧社区服务站_站点-慧泽小学智慧社区服务站,快递,2025-01-17 16:23:07,,2,,8.00,,3.88,51% - 0.2,2,1880168937056161792,极兔快递,JT0015068145573,鞋子,福建省,
慧泽小学智慧社区服务站_站点-慧泽小学智慧社区服务站,快递,2025-01-17 16:22:15,,2,,8.00,,3.88,51% - 0.2,2,1880168724736299008,极兔快递,JT0015065449676,鞋子,福建省,
慧泽小学智慧社区服务站_站点-慧泽小学智慧社区服务站,快递,2025-01-17 16:15:30,,1,,6.00,,2.32,42% - 0.2,2,1880167006539665408,极兔快递,JT0015059495153,书,河南省,
慧泽小学智慧社区服务站_站点-慧泽小学智慧社区服务站,快递,2025-01-17 15:51:53,,1,,6.00,,2.32,42% - 0.2,2,1880161077064683520,极兔快递,JT0015063096790,红色毛衣,浙江省,
慧泽小学智慧社区服务站_站点-慧泽小学智慧社区服务站,快递,2025-01-17 15:51:16,,1,,6.00,,2.32,42% - 0.2,2,1880160931249704960,极兔快递,JT0015066078741,小熊毛衣,吉林省,
慧泽小学智慧社区服务站_站点-慧泽小学智慧社区服务站,快递,2025-01-17 15:50:22,,1,,7.00,,1.94,42%,2,1880160701510897664,极兔快递,JT0015067445364,服饰,上海市,
慧泽小学智慧社区服务站_站点-慧泽小学智慧社区服务站,快递,2025-01-17 15:49:24,,1,,6.00,,2.32,42% - 0.2,2,1880160432207220736,极兔快递,JT0015064306754,服饰,广东省,
慧泽小学智慧社区服务站_站点-慧泽小学智慧社区服务站,快递,2025-01-17 15:25:10,,1,,6.00,,2.32,42% - 0.2,2,1880154361275142144,极兔快递,JT0015066396019,服饰,河北省,
慧泽小学智慧社区服务站_站点-慧泽小学智慧社区服务站,快递,2025-01-17 15:19:49,,1,,7.00,,1.94,42%,2,1880152983647604736,极兔快递,JT0015066253420,鞋子,上海市,
慧泽小学智慧社区服务站_站点-慧泽小学智慧社区服务站,快递,2025-01-17 15:06:38,,1,,6.00,,2.32,42% - 0.2,2,1880149692154957824,极兔快递,JT0015065341436,服饰,广东省,
慧泽小学智慧社区服务站_站点-慧泽小学智慧社区服务站,快递,2025-01-17 15:04:58,,1,,6.00,,2.32,42% - 0.2,2,1880149253917298688,极兔快递,JT0015065311783,服饰,黑龙江省,
慧泽小学智慧社区服务站_站点-慧泽小学智慧社区服务站,快递,2025-01-17 14:51:13,,1,,6.00,,2.32,42% - 0.2,2,1880145814030176256,极兔快递,JT0015065160169,服饰,浙江省,
慧泽小学智慧社区服务站_站点-慧泽小学智慧社区服务站,快递,2025-01-17 14:46:22,,1,,6.00,,2.32,42% - 0.2,2,1880144573543796736,极兔快递,JT0015065556052,服饰,广东省,
慧泽小学智慧社区服务站_站点-慧泽小学智慧社区服务站,快递,2025-01-17 14:29:59,,1,,6.00,,2.32,42% - 0.2,2,1880140449746046976,极兔快递,JT0015065108615,裤子,广东省,
慧泽小学智慧社区服务站_站点-慧泽小学智慧社区服务站,快递,2025-01-17 14:27:28,,2,,8.00,,3.88,51% - 0.2,2,1880139818138390528,极兔快递,JT0015066033586,裤子,福建省,
慧泽小学智慧社区服务站_站点-慧泽小学智慧社区服务站,快递,2025-01-17 14:11:21,,1,,6.00,,2.32,42% - 0.2,2,1880135779090747392,极兔快递,JT0015065001330,服饰,广东省,
慧泽小学智慧社区服务站_站点-慧泽小学智慧社区服务站,快递,2025-01-17 14:08:58,,1,,6.00,,2.32,42% - 0.2,2,1880135180009918464,极兔快递,JT0015064803641,衬衫,浙江省,
慧泽小学智慧社区服务站_站点-慧泽小学智慧社区服务站,快递,2025-01-17 14:07:04,,1,,6.00,,2.32,42% - 0.2,2,1880134706036789248,极兔快递,JT0015048205495,服饰,浙江省,
慧泽小学智慧社区服务站_站点-慧泽小学智慧社区服务站,快递,2025-01-17 14:05:27,,1,,6.00,,2.32,42% - 0.2,2,1880134299071860736,极兔快递,JT0015064066592,牛仔裤,广东省,
慧泽小学智慧社区服务站_站点-慧泽小学智慧社区服务站,快递,2025-01-17 14:03:43,,1,,6.00,,2.32,42% - 0.2,2,1880133837803278336,极兔快递,JT0015064392979,眼线胶笔,江苏省,
慧泽小学智慧社区服务站_站点-慧泽小学智慧社区服务站,快递,2025-01-17 13:54:40,,1,,6.00,,2.32,42% - 0.2,2,1880131583289380864,申通快递,772036924699893,化妆品,福建省,
慧泽小学智慧社区服务站_站点-慧泽小学智慧社区服务站,快递,2025-01-17 13:46:32,,7.6,,24.00,,11.80,50% - 0.2,2,1880129536955568128,极兔快递,JT0015063642993,食品,陕西省,
慧泽小学智慧社区服务站_站点-慧泽小学智慧社区服务站,快递,2025-01-17 13:33:42,,2,,9.00,,3.59,51%,2,1880126260323340288,极兔快递,JT0015064418885,玩具,上海市,
慧泽小学智慧社区服务站_站点-慧泽小学智慧社区服务站,快递,2025-01-17 13:05:08,,1,,6.00,,2.32,42% - 0.2,2,1880119118304432128,极兔快递,JT0015057276318,服饰,浙江省,
慧泽小学智慧社区服务站_站点-慧泽小学智慧社区服务站,快递,2025-01-17 13:04:05,,1,,6.00,,2.32,42% - 0.2,2,1880118832764604416,极兔快递,JT0015063553283,服饰,河南省,
慧泽小学智慧社区服务站_站点-慧泽小学智慧社区服务站,快递,2025-01-17 12:39:42,,1,,6.00,,2.32,42% - 0.2,2,1880112709126901760,极兔快递,JT0015060230237,饰品,江苏省,
慧泽小学智慧社区服务站_站点-慧泽小学智慧社区服务站,快递,2025-01-17 12:38:40,,1,,6.00,,2.32,42% - 0.2,2,1880112458324299776,极兔快递,JT0015059232468,服饰,湖北省,
慧泽小学智慧社区服务站_站点-慧泽小学智慧社区服务站,快递,2025-01-17 12:31:18,,1,,6.00,,2.32,42% - 0.2,2,1880110580861554688,极兔快递,JT0015061742225,服饰,浙江省,
慧泽小学智慧社区服务站_站点-慧泽小学智慧社区服务站,快递,2025-01-17 12:10:41,,1,,6.00,,2.32,42% - 0.2,2,1880105392973074432,极兔快递,JT0015048930507,服饰,湖北省,
慧泽小学智慧社区服务站_站点-慧泽小学智慧社区服务站,快递,2025-01-17 11:28:01,,1,,6.00,,2.32,42% - 0.2,2,1880094658998358016,极兔快递,JT0015061936984,服饰,浙江省,
慧泽小学智慧社区服务站_站点-慧泽小学智慧社区服务站,快递,2025-01-17 10:39:23,,1,,6.00,,2.32,42% - 0.2,2,1880082435617902592,极兔快递,JT0015059563328,服饰,安徽省,
慧泽小学智慧社区服务站_站点-慧泽小学智慧社区服务站,快递,2025-01-17 10:37:05,,1,,6.00,,2.32,42% - 0.2,2,1880081842824335360,极兔快递,JT0015057663922,服饰,浙江省,
慧泽小学智慧社区服务站_站点-慧泽小学智慧社区服务站,快递,2025-01-17 10:34:51,,2,,9.00,,3.59,51%,2,1880081301515849728,极兔快递,JT0015059567952,包装纸,上海市,
慧泽小学智慧社区服务站_站点-慧泽小学智慧社区服务站,快递,2025-01-17 10:31:37,,1.83,,8.00,,3.88,51% - 0.2,2,1880080483383300096,极兔快递,JT0015057640795,米茶,陕西省,
慧泽小学智慧社区服务站_站点-慧泽小学智慧社区服务站,快递,2025-01-17 10:23:23,,1,,6.00,,2.32,42% - 0.2,2,1880078393592303616,极兔快递,JT0015060404116,修复膏,湖北省,
慧泽小学智慧社区服务站_站点-慧泽小学智慧社区服务站,快递,2025-01-17 10:21:22,,1,,6.00,,2.32,42% - 0.2,2,1880077902481248256,极兔快递,JT0015056616313,修复膏,河南省,
慧泽小学智慧社区服务站_站点-慧泽小学智慧社区服务站,快递,2025-01-17 10:19:57,,1,,6.00,,2.32,42% - 0.2,2,1880077547215310848,极兔快递,JT0015059420495,修复膏,广东省,
慧泽小学智慧社区服务站_站点-慧泽小学智慧社区服务站,快递,2025-01-17 10:18:21,,1,,6.00,,2.32,42% - 0.2,2,1880077129286471680,极兔快递,JT0015056347913,修复膏,云南省,
慧泽小学智慧社区服务站_站点-慧泽小学智慧社区服务站,快递,2025-01-17 10:16:35,,1,,6.00,,2.32,42% - 0.2,2,1880076694148403200,极兔快递,JT0015058543915,修复膏,江西省,
慧泽小学智慧社区服务站_站点-慧泽小学智慧社区服务站,快递,2025-01-17 10:13:59,,1,,7.00,,1.94,42%,2,1880076044903698432,极兔快递,JT0015060115364,修复膏,北京市,
慧泽小学智慧社区服务站_站点-慧泽小学智慧社区服务站,快递,2025-01-17 10:11:54,,1,,6.00,,2.32,42% - 0.2,2,1880075523199389696,极兔快递,JT0015059682131,服饰,安徽省,
慧泽小学智慧社区服务站_站点-慧泽小学智慧社区服务站,快递,2025-01-17 10:09:48,,5.4,,18.00,,8.80,50% - 0.2,2,1880074971698745344,极兔快递,JT0015058471550,食品,陕西省,
慧泽小学智慧社区服务站_站点-慧泽小学智慧社区服务站,快递,2025-01-17 10:01:46,,1,,6.00,,2.32,42% - 0.2,2,1880072972387274752,极兔快递,JT0015055407496,服饰,广东省,
慧泽小学智慧社区服务站_站点-慧泽小学智慧社区服务站,快递,2025-01-17 09:58:59,,1,,6.00,,2.32,42% - 0.2,2,1880072237658460160,极兔快递,JT0015059874670,服饰,江苏省,
慧泽小学智慧社区服务站_站点-慧泽小学智慧社区服务站,快递,2025-01-17 09:56:29,,2,,8.00,,3.88,51% - 0.2,2,1880071622249205760,极兔快递,JT0015058153882,服饰,浙江省,
慧泽小学智慧社区服务站_站点-慧泽小学智慧社区服务站,快递,2025-01-17 09:55:41,2025-01-17 09:56:08,1,,6.00,,0.00,,2,1880071422076047360,极兔快递,,服饰,浙江省,已全额退款
慧泽小学智慧社区服务站_站点-慧泽小学智慧社区服务站,快递,2025-01-17 09:42:14,,1,,6.00,,2.32,42% - 0.2,2,1880068047536181248,极兔快递,JT0015048737996,服饰,浙江省,
慧泽小学智慧社区服务站_站点-慧泽小学智慧社区服务站,快递,2025-01-17 09:40:13,,1,,6.00,,2.32,42% - 0.2,2,1880067538167320576,极兔快递,JT0015057858968,服饰,江苏省,
慧泽小学智慧社区服务站_站点-慧泽小学智慧社区服务站,快递,2025-01-17 09:36:03,,1,,6.00,,2.32,42% - 0.2,2,1880066500752363520,极兔快递,JT0015050343667,生活用品,甘肃省,
慧泽小学智慧社区服务站_站点-慧泽小学智慧社区服务站,快递,2025-01-17 09:33:18,,1,,6.00,,2.32,42% - 0.2,2,1880065783417327616,极兔快递,JT0015059580701,短款羽绒服,四川省,
慧泽小学智慧社区服务站_站点-慧泽小学智慧社区服务站,快递,2025-01-17 09:31:16,,2,,8.00,,3.88,51% - 0.2,2,1880065252049342464,极兔快递,JT0015058832567,鞋子,浙江省,
慧泽小学智慧社区服务站_站点-慧泽小学智慧社区服务站,快递,2025-01-16 20:35:06,,1,,6.00,,2.32,42% - 0.2,2,1879869946858885120,极兔快递,JT0015056109019,红毛衣,浙江省,
慧泽小学智慧社区服务站_站点-慧泽小学智慧社区服务站,快递,2025-01-16 19:55:20,,1,,6.00,,2.32,42% - 0.2,2,1879859959080210432,极兔快递,JT0015052894783,佛手贴,河南省,
慧泽小学智慧社区服务站_站点-慧泽小学智慧社区服务站,快递,2025-01-16 19:27:17,,4.4,,15.00,,7.30,50% - 0.2,2,1879849626429083648,韵达快递,312613216676343,食品,内蒙古自治区,
慧泽小学智慧社区服务站_站点-慧泽小学智慧社区服务站,快递,2025-01-16 18:50:06,,1,,6.00,,2.32,42% - 0.2,2,1879843545598447616,极兔快递,JT0015052318047,手镯,河南省,
慧泽小学智慧社区服务站_站点-慧泽小学智慧社区服务站,快递,2025-01-16 18:49:03,,1,,6.00,,2.32,42% - 0.2,2,1879843262206103552,极兔快递,JT0015053036544,手镯,江苏省,
慧泽小学智慧社区服务站_站点-慧泽小学智慧社区服务站,快递,2025-01-16 18:46:19,,1,,6.00,,2.32,42% - 0.2,2,1879842595173355520,极兔快递,JT0015046248774,服饰,浙江省,
慧泽小学智慧社区服务站_站点-慧泽小学智慧社区服务站,快递,2025-01-16 18:41:54,,1,,6.00,,2.32,42% - 0.2,2,1879841485217910784,极兔快递,JT0015053851359,灰色围巾,浙江省,
慧泽小学智慧社区服务站_站点-慧泽小学智慧社区服务站,快递,2025-01-16 18:38:25,,1,,6.00,,2.32,42% - 0.2,2,1879840599397683200,极兔快递,JT0015047324419,服饰,广东省,
慧泽小学智慧社区服务站_站点-慧泽小学智慧社区服务站,快递,2025-01-16 18:17:38,,1,,6.00,,2.32,42% - 0.2,2,1879835348456230912,极兔快递,JT0015053871245,桌布,浙江省,
慧泽小学智慧社区服务站_站点-慧泽小学智慧社区服务站,快递,2025-01-16 17:59:14,,1,,6.00,,2.32,42% - 0.2,2,1879830736412135424,极兔快递,JT0015052799162,服饰,浙江省,
慧泽小学智慧社区服务站_站点-慧泽小学智慧社区服务站,快递,2025-01-16 17:34:52,,1,,6.00,,2.32,42% - 0.2,2,1879824590120996864,极兔快递,JT0015046888916,内衣,辽宁省,
慧泽小学智慧社区服务站_站点-慧泽小学智慧社区服务站,快递,2025-01-16 17:01:43,,1,,6.00,,2.32,42% - 0.2,2,1879816270425411584,极兔快递,JT0015052836107,唇釉,广东省,
慧泽小学智慧社区服务站_站点-慧泽小学智慧社区服务站,快递,2025-01-16 16:58:22,,1,,6.00,,2.32,42% - 0.2,2,1879815422379085824,极兔快递,JT0015050143803,服饰,广东省,
慧泽小学智慧社区服务站_站点-慧泽小学智慧社区服务站,快递,2025-01-16 16:57:24,,1,,6.00,,2.32,42% - 0.2,2,1879815183907737600,极兔快递,JT0015048203403,服饰,浙江省,
慧泽小学智慧社区服务站_站点-慧泽小学智慧社区服务站,快递,2025-01-16 16:56:20,,1,,6.00,,2.32,42% - 0.2,2,1879814911751933952,极兔快递,JT0015047510482,服饰,广东省,
慧泽小学智慧社区服务站_站点-慧泽小学智慧社区服务站,快递,2025-01-16 16:52:42,,1,,6.00,,2.32,42% - 0.2,2,1879813997594988544,极兔快递,JT0015052352819,灯,广东省,
慧泽小学智慧社区服务站_站点-慧泽小学智慧社区服务站,快递,2025-01-16 16:48:43,,1,,6.00,,2.32,42% - 0.2,2,1879812969373945856,极兔快递,JT0015051356960,杯子,浙江省,
慧泽小学智慧社区服务站_站点-慧泽小学智慧社区服务站,快递,2025-01-16 16:08:46,,2,,8.00,,3.88,51% - 0.2,2,1879802945775915008,极兔快递,JT0015051713487,服饰,浙江省,
慧泽小学智慧社区服务站_站点-慧泽小学智慧社区服务站,快递,2025-01-16 16:05:33,,1,,7.00,,1.94,42%,2,1879802137034412032,极兔快递,JT0015049829792,红毛衣,上海市,
慧泽小学智慧社区服务站_站点-慧泽小学智慧社区服务站,快递,2025-01-16 16:04:02,,1,,6.00,,2.32,42% - 0.2,2,1879801731919171584,极兔快递,JT0015048034007,服饰,广东省,
慧泽小学智慧社区服务站_站点-慧泽小学智慧社区服务站,快递,2025-01-16 15:32:59,,1,,6.00,,2.32,42% - 0.2,2,1879793872359706624,极兔快递,JT0015049068289,粉底液,河北省,
慧泽小学智慧社区服务站_站点-慧泽小学智慧社区服务站,快递,2025-01-16 15:17:58,,7,,21.00,,10.30,50% - 0.2,2,1879790137776590848,极兔快递,JT0015045395015,粉条,陕西省,
慧泽小学智慧社区服务站_站点-慧泽小学智慧社区服务站,快递,2025-01-16 14:13:04,,2.5,,10.00,,5.30,55% - 0.2,2,1879773792431296512,极兔快递,JT0015046336629,羊乳粉,浙江省,
慧泽小学智慧社区服务站_站点-慧泽小学智慧社区服务站,快递,2025-01-16 14:04:28,,1,,6.00,,2.32,42% - 0.2,2,1879771660068114432,极兔快递,JT0015044991680,染发剂,广东省,
慧泽小学智慧社区服务站_站点-慧泽小学智慧社区服务站,快递,2025-01-16 13:43:06,,1,,6.00,,2.32,42% - 0.2,2,1879766202703990784,极兔快递,JT0015047387190,化妆品,广东省,
慧泽小学智慧社区服务站_站点-慧泽小学智慧社区服务站,快递,2025-01-16 13:28:10,,1,,6.00,,2.32,42% - 0.2,2,1879762531844935680,极兔快递,JT0015046216239,服饰,浙江省,
慧泽小学智慧社区服务站_站点-慧泽小学智慧社区服务站,快递,2025-01-16 13:26:02,,1,,6.00,,2.32,42% - 0.2,2,1879761993430519808,极兔快递,JT0015046137792,服饰,河北省,
慧泽小学智慧社区服务站_站点-慧泽小学智慧社区服务站,快递,2025-01-16 13:24:23,,1,,6.00,,2.32,42% - 0.2,2,1879761572624388096,极兔快递,JT0015047384871,服饰,河北省,
慧泽小学智慧社区服务站_站点-慧泽小学智慧社区服务站,快递,2025-01-16 12:58:36,2025-01-16 13:15:26,10.3,,34.00,,0.00,,2,1879755065727963136,极兔快递,JT0015047819129,食品,北京市,已全额退款
慧泽小学智慧社区服务站_站点-慧泽小学智慧社区服务站,快递,2025-01-16 13:00:52,,10.3,,34.00,,16.00,50%,2,1879755661684035584,极兔快递,JT0015047753853,食品,北京市,
慧泽小学智慧社区服务站_站点-慧泽小学智慧社区服务站,快递,2025-01-16 13:00:10,,1,,6.00,,2.32,42% - 0.2,2,1879755466900557824,极兔快递,JT0015047185172,文件,陕西省,
慧泽小学智慧社区服务站_站点-慧泽小学智慧社区服务站,快递,2025-01-16 12:35:14,,2.6,,10.00,,5.30,55% - 0.2,2,1879749200308391936,极兔快递,JT0015042860856,沾沾料,陕西省,
慧泽小学智慧社区服务站_站点-慧泽小学智慧社区服务站,快递,2025-01-16 12:32:22,,1,,6.00,,2.32,42% - 0.2,2,1879748479383031808,极兔快递,JT0015041390132,卡,福建省,
慧泽小学智慧社区服务站_站点-慧泽小学智慧社区服务站,快递,2025-01-16 12:31:27,,1,,6.00,,2.32,42% - 0.2,2,1879748259442118656,极兔快递,JT0015046452307,卡,广东省,
慧泽小学智慧社区服务站_站点-慧泽小学智慧社区服务站,快递,2025-01-16 12:30:09,,1,,6.00,,2.32,42% - 0.2,2,1879747930466078720,极兔快递,JT0015045838616,小卡,陕西省,
慧泽小学智慧社区服务站_站点-慧泽小学智慧社区服务站,快递,2025-01-16 12:29:03,,1,,6.00,,2.32,42% - 0.2,2,1879747633261891584,极兔快递,JT0015038743829,小卡,江西省,
慧泽小学智慧社区服务站_站点-慧泽小学智慧社区服务站,快递,2025-01-16 12:15:17,,1,,6.00,,2.32,42% - 0.2,2,1879744118531608576,极兔快递,JT0015045296260,书,山东省,
慧泽小学智慧社区服务站_站点-慧泽小学智慧社区服务站,快递,2025-01-16 12:13:15,,1,,7.00,,1.94,42%,2,1879743674912657408,极兔快递,JT0015045933737,帽子,上海市,
慧泽小学智慧社区服务站_站点-慧泽小学智慧社区服务站,快递,2025-01-16 12:07:28,,1,,6.00,,2.32,42% - 0.2,2,1879742096054996992,极兔快递,JT0015046394427,帽子,浙江省,
慧泽小学智慧社区服务站_站点-慧泽小学智慧社区服务站,快递,2025-01-16 11:59:48,,1,,6.00,,2.32,42% - 0.2,2,1879740270857474048,极兔快递,JT0015044812271,服饰,河北省,
慧泽小学智慧社区服务站_站点-慧泽小学智慧社区服务站,快递,2025-01-16 11:58:41,,1,,6.00,,2.32,42% - 0.2,2,1879739977725956096,极兔快递,JT0015038160386,榨菜,陕西省,
慧泽小学智慧社区服务站_站点-慧泽小学智慧社区服务站,快递,2025-01-16 10:46:45,,4.9,,15.00,,7.30,50% - 0.2,2,1879721906424565760,极兔快递,JT0015037094386,稠酒,陕西省,
慧泽小学智慧社区服务站_站点-慧泽小学智慧社区服务站,快递,2025-01-16 10:37:39,,1.6,,17.00,,5.80,34.12% - 0.2,2,1879719586278199296,极兔快递,JT0015044187053,糕,海南省,
慧泽小学智慧社区服务站_站点-慧泽小学智慧社区服务站,快递,2025-01-16 10:13:52,,1,,6.00,,2.32,42% - 0.2,2,1879713610221277184,极兔快递,JT0015038212583,排毒膏,湖北省,
慧泽小学智慧社区服务站_站点-慧泽小学智慧社区服务站,快递,2025-01-16 10:11:55,,1,,6.00,,2.32,42% - 0.2,2,1879713141923041280,极兔快递,JT0015041772512,修复膏,河北省,
慧泽小学智慧社区服务站_站点-慧泽小学智慧社区服务站,快递,2025-01-16 10:10:18,,1,,6.00,,2.32,42% - 0.2,2,1879712721523757056,极兔快递,JT0015042142326,修复膏+喷剂,福建省,
慧泽小学智慧社区服务站_站点-慧泽小学智慧社区服务站,快递,2025-01-16 10:07:10,,1,,6.00,,2.32,42% - 0.2,2,1879711920495579136,极兔快递,JT0015039575255,修复膏,四川省,
慧泽小学智慧社区服务站_站点-慧泽小学智慧社区服务站,快递,2025-01-16 09:58:39,,1,,6.00,,2.32,42% - 0.2,2,1879709782080016384,极兔快递,JT0015038805199,生活用品,甘肃省,
慧泽小学智慧社区服务站_站点-慧泽小学智慧社区服务站,快递,2025-01-15 19:21:17,,2.1,,10.00,,5.30,55% - 0.2,2,1879488982135656448,极兔快递,JT0015037471355,花椒,陕西省,
慧泽小学智慧社区服务站_站点-慧泽小学智慧社区服务站,快递,2025-01-15 18:51:02,,1,,6.00,,2.32,42% - 0.2,2,1879481370367283200,极兔快递,JT0015035360623,鞋子,辽宁省,
慧泽小学智慧社区服务站_站点-慧泽小学智慧社区服务站,快递,2025-01-15 18:17:12,,2,,8.00,,3.88,51% - 0.2,2,1879472825714397184,极兔快递,JT0015037432066,书,湖南省,
慧泽小学智慧社区服务站_站点-慧泽小学智慧社区服务站,快递,2025-01-15 18:15:16,,1,,6.00,,2.32,42% - 0.2,2,1879472376219226112,极兔快递,JT0015037745438,书,河南省,
慧泽小学智慧社区服务站_站点-慧泽小学智慧社区服务站,快递,2025-01-15 18:14:11,,1,,6.00,,2.32,42% - 0.2,2,1879472120685449216,极兔快递,JT0015035663150,书,天津市,
慧泽小学智慧社区服务站_站点-慧泽小学智慧社区服务站,快递,2025-01-15 17:58:03,,1,,6.00,,2.32,42% - 0.2,2,1879468038948179968,极兔快递,JT0015036068934,睫毛膏,广东省,
慧泽小学智慧社区服务站_站点-慧泽小学智慧社区服务站,快递,2025-01-15 17:25:42,,1,,6.00,,2.32,42% - 0.2,2,1879459918763053056,极兔快递,JT0015037540941,服饰,广东省,
慧泽小学智慧社区服务站_站点-慧泽小学智慧社区服务站,快递,2025-01-15 17:19:31,,1,,6.00,,2.32,42% - 0.2,2,1879458351766884352,极兔快递,JT0015035154642,束腰带,广东省,
慧泽小学智慧社区服务站_站点-慧泽小学智慧社区服务站,快递,2025-01-15 17:17:50,,1,,6.00,,2.32,42% - 0.2,2,1879457916335214592,极兔快递,JT0015031996252,服饰,浙江省,
慧泽小学智慧社区服务站_站点-慧泽小学智慧社区服务站,快递,2025-01-15 16:42:59,,1,,6.00,,2.32,42% - 0.2,2,1879449140030918656,极兔快递,JT0015036780898,服饰,浙江省,
慧泽小学智慧社区服务站_站点-慧泽小学智慧社区服务站,快递,2025-01-15 15:48:48,,1,,6.00,,2.32,42% - 0.2,2,1879435508429672448,极兔快递,JT0015034833044,服饰,江西省,
慧泽小学智慧社区服务站_站点-慧泽小学智慧社区服务站,快递,2025-01-15 15:25:29,,1,,6.00,,2.32,42% - 0.2,2,1879429669220306944,极兔快递,JT0015030242186,挂带,广东省,
慧泽小学智慧社区服务站_站点-慧泽小学智慧社区服务站,快递,2025-01-15 15:24:01,,1,,6.00,,2.32,42% - 0.2,2,1879429296266989568,极兔快递,JT0015033171319,服饰,广东省,
慧泽小学智慧社区服务站_站点-慧泽小学智慧社区服务站,快递,2025-01-15 15:22:30,,1,,6.00,,2.32,42% - 0.2,2,1879428914421747712,极兔快递,JT0015034455282,牛仔裤,广东省,
慧泽小学智慧社区服务站_站点-慧泽小学智慧社区服务站,快递,2025-01-15 15:18:59,,1,,6.00,,2.32,42% - 0.2,2,1879428030635757568,极兔快递,JT0015033405848,服饰,江苏省,
慧泽小学智慧社区服务站_站点-慧泽小学智慧社区服务站,快递,2025-01-15 15:14:00,,1,,6.00,,2.32,42% - 0.2,2,1879426687179214848,极兔快递,JT0015028846336,防油贴纸,湖北省,
慧泽小学智慧社区服务站_站点-慧泽小学智慧社区服务站,快递,2025-01-15 14:24:01,,1,,6.00,,2.32,42% - 0.2,2,1879414192171438080,极兔快递,JT0015032197454,护肤品,四川省,
慧泽小学智慧社区服务站_站点-慧泽小学智慧社区服务站,快递,2025-01-15 14:03:02,,1,,6.00,,2.32,42% - 0.2,2,1879408918249394176,极兔快递,JT0015026209441,化妆品,广东省,
慧泽小学智慧社区服务站_站点-慧泽小学智慧社区服务站,快递,2025-01-15 14:00:35,,2.97,,10.00,,5.30,55% - 0.2,2,1879408270946652160,极兔快递,JT0015031756244,服饰,江苏省,
慧泽小学智慧社区服务站_站点-慧泽小学智慧社区服务站,快递,2025-01-15 13:21:44,,1,,6.00,,2.32,42% - 0.2,2,1879398497840844800,极兔快递,JT0015031732774,桌布,广西壮族自治区,
慧泽小学智慧社区服务站_站点-慧泽小学智慧社区服务站,快递,2025-01-15 12:52:17,,1,,6.00,,2.32,42% - 0.2,2,1879391108584493056,极兔快递,JT0015029518906,连衣裙,广东省,
慧泽小学智慧社区服务站_站点-慧泽小学智慧社区服务站,快递,2025-01-15 12:38:38,,2,,8.00,,3.88,51% - 0.2,2,1879387675466977280,极兔快递,JT0015029928103,绞肉机,河北省,
慧泽小学智慧社区服务站_站点-慧泽小学智慧社区服务站,快递,2025-01-15 12:35:50,,1,,6.00,,2.32,42% - 0.2,2,1879386941505720320,极兔快递,JT0015016018489,服饰,广东省,
慧泽小学智慧社区服务站_站点-慧泽小学智慧社区服务站,快递,2025-01-15 12:12:57,,1,,6.00,,2.32,42% - 0.2,2,1879381176564895744,极兔快递,JT0015029875407,服饰,广东省,
慧泽小学智慧社区服务站_站点-慧泽小学智慧社区服务站,快递,2025-01-15 12:12:04,2025-01-15 12:12:23,1,,6.00,,0.00,,2,1879380992346869760,极兔快递,,服饰,广东省,已全额退款
慧泽小学智慧社区服务站_站点-慧泽小学智慧社区服务站,快递,2025-01-15 12:10:30,,1,,6.00,,2.32,42% - 0.2,2,1879380597037912064,极兔快递,JT0015026584518,服饰,广东省,
慧泽小学智慧社区服务站_站点-慧泽小学智慧社区服务站,快递,2025-01-15 12:07:50,2025-01-15 12:10:10,1,,6.00,,0.00,,2,1879379926049935360,极兔快递,JT0015021091451,服饰,广东省,已全额退款
慧泽小学智慧社区服务站_站点-慧泽小学智慧社区服务站,快递,2025-01-15 12:05:07,,1,,6.00,,2.32,42% - 0.2,2,1879379238280548352,极兔快递,JT0015028387967,服饰,广东省,
慧泽小学智慧社区服务站_站点-慧泽小学智慧社区服务站,快递,2025-01-15 11:58:26,,1,,6.00,,2.32,42% - 0.2,2,1879377559338405888,极兔快递,JT0015022542544,服饰,江苏省,
慧泽小学智慧社区服务站_站点-慧泽小学智慧社区服务站,快递,2025-01-15 11:53:36,,1,,6.00,,2.32,42% - 0.2,2,1879376342856028160,极兔快递,JT0015025034574,服饰,浙江省,
慧泽小学智慧社区服务站_站点-慧泽小学智慧社区服务站,快递,2025-01-15 11:51:42,,1,,6.00,,2.32,42% - 0.2,2,1879375864814424064,极兔快递,JT0015029224921,服饰,浙江省,
慧泽小学智慧社区服务站_站点-慧泽小学智慧社区服务站,快递,2025-01-15 11:48:25,,1,,6.00,,2.32,42% - 0.2,2,1879375040835014656,极兔快递,JT0015026861583,服饰,广东省,
慧泽小学智慧社区服务站_站点-慧泽小学智慧社区服务站,快递,2025-01-15 11:47:09,,6.3,,21.00,,10.30,50% - 0.2,2,1879374698835660800,极兔快递,JT0015027566097,食品,陕西省,
慧泽小学智慧社区服务站_站点-慧泽小学智慧社区服务站,快递,2025-01-15 11:39:01,,1,,6.00,,2.32,42% - 0.2,2,1879372673565642752,极兔快递,JT0015029228283,服饰,河北省,
慧泽小学智慧社区服务站_站点-慧泽小学智慧社区服务站,快递,2025-01-15 11:37:51,,1,,6.00,,2.32,42% - 0.2,2,1879372374599847936,极兔快递,JT0015003975723,鞋子,浙江省,
慧泽小学智慧社区服务站_站点-慧泽小学智慧社区服务站,快递,2025-01-15 11:27:59,,1,,6.00,,2.32,42% - 0.2,2,1879114083420393472,极兔快递,JT0015029918602,生活用品,甘肃省,
慧泽小学智慧社区服务站_站点-慧泽小学智慧社区服务站,快递,2025-01-15 11:23:29,,1,,6.00,,2.32,42% - 0.2,2,1879368755204902912,极兔快递,JT0015024570633,生活用品,甘肃省,
慧泽小学智慧社区服务站_站点-慧泽小学智慧社区服务站,快递,2025-01-15 11:17:43,,2,,8.00,,3.88,51% - 0.2,2,1879367281058041856,极兔快递,JT0015029102611,大号福字,山东省,
慧泽小学智慧社区服务站_站点-慧泽小学智慧社区服务站,快递,2025-01-15 11:14:55,,1,,6.00,,2.32,42% - 0.2,2,1879366609579331584,极兔快递,JT0015028494193,毛笔,山东省,
慧泽小学智慧社区服务站_站点-慧泽小学智慧社区服务站,快递,2025-01-15 11:12:09,,1,,6.00,,2.32,42% - 0.2,2,1879365888838520832,极兔快递,JT0015026533170,挂件,河南省,
慧泽小学智慧社区服务站_站点-慧泽小学智慧社区服务站,快递,2025-01-15 11:09:54,,1,,6.00,,2.32,42% - 0.2,2,1879365339216924672,极兔快递,JT0015028739088,海苔,江苏省,
慧泽小学智慧社区服务站_站点-慧泽小学智慧社区服务站,快递,2025-01-15 11:00:31,,1,,6.00,,2.32,42% - 0.2,2,1879362983058264064,极兔快递,JT0015027491385,服饰,安徽省,
慧泽小学智慧社区服务站_站点-慧泽小学智慧社区服务站,快递,2025-01-15 10:58:48,,1,,6.00,,2.32,42% - 0.2,2,1879362529746276352,极兔快递,JT0015028516869,服饰,河北省,
慧泽小学智慧社区服务站_站点-慧泽小学智慧社区服务站,快递,2025-01-15 10:40:49,,1,,6.00,,2.32,42% - 0.2,2,1879358025562902528,极兔快递,JT0015026634189,太岁肉灵芝,吉林省,
慧泽小学智慧社区服务站_站点-慧泽小学智慧社区服务站,快递,2025-01-15 10:37:25,,1,,6.00,,2.32,42% - 0.2,2,1879357101478039552,极兔快递,JT0015026549469,服饰,广东省,
慧泽小学智慧社区服务站_站点-慧泽小学智慧社区服务站,快递,2025-01-15 10:33:42,,1,,6.00,,2.32,42% - 0.2,2,1879356236042129408,极兔快递,JT0015027652100,服饰,浙江省,
慧泽小学智慧社区服务站_站点-慧泽小学智慧社区服务站,快递,2025-01-15 10:30:10,,1,,6.00,,2.32,42% - 0.2,2,1879355319397961728,极兔快递,JT0015025698192,服饰,山东省,
慧泽小学智慧社区服务站_站点-慧泽小学智慧社区服务站,快递,2025-01-15 10:23:57,,1,,6.00,,2.32,42% - 0.2,2,1879353777521479680,极兔快递,JT0015023902257,对联,浙江省,
慧泽小学智慧社区服务站_站点-慧泽小学智慧社区服务站,快递,2025-01-15 10:18:16,,1,,6.00,,2.32,42% - 0.2,2,1879352330071363584,极兔快递,JT0015025316416,鞋子,江苏省,
慧泽小学智慧社区服务站_站点-慧泽小学智慧社区服务站,快递,2025-01-15 10:13:24,,1,,6.00,,2.32,42% - 0.2,2,1879351085478760448,极兔快递,JT0015026383299,生活用品,广东省,
慧泽小学智慧社区服务站_站点-慧泽小学智慧社区服务站,快递,2025-01-15 10:12:34,,1,,6.00,,2.32,42% - 0.2,2,1879350883451719680,极兔快递,JT0015017486189,生活用品,安徽省,
慧泽小学智慧社区服务站_站点-慧泽小学智慧社区服务站,快递,2025-01-14 20:07:39,,1,,6.00,,2.32,42% - 0.2,2,1879138265801740288,极兔快递,JT0015021537893,服饰,浙江省,
慧泽小学智慧社区服务站_站点-慧泽小学智慧社区服务站,快递,2025-01-14 19:41:49,,1,,6.00,,2.32,42% - 0.2,2,1879131762915069952,极兔快递,JT0015024042072,鞋子,广东省,
慧泽小学智慧社区服务站_站点-慧泽小学智慧社区服务站,快递,2025-01-14 19:11:33,,1,,6.00,,2.32,42% - 0.2,2,1879124144389672960,极兔快递,JT0015022118461,桌布,江西省,
慧泽小学智慧社区服务站_站点-慧泽小学智慧社区服务站,快递,2025-01-14 19:07:07,,1,,6.00,,2.32,42% - 0.2,2,1879123052704616448,极兔快递,JT0015022583547,玉米面,江苏省,
慧泽小学智慧社区服务站_站点-慧泽小学智慧社区服务站,快递,2025-01-14 19:05:29,,1,,6.00,,2.32,42% - 0.2,2,1879122622071230464,极兔快递,JT0015018094197,服饰,广东省,
慧泽小学智慧社区服务站_站点-慧泽小学智慧社区服务站,快递,2025-01-14 18:30:27,,1,,6.00,,2.32,42% - 0.2,2,1879092184766271488,极兔快递,JT0015021347724,生活用品,甘肃省,
慧泽小学智慧社区服务站_站点-慧泽小学智慧社区服务站,快递,2025-01-14 18:24:35,,1,,6.00,,2.32,42% - 0.2,2,1879109484571578368,极兔快递,JT0015020648514,文具袋,浙江省,
慧泽小学智慧社区服务站_站点-慧泽小学智慧社区服务站,快递,2025-01-14 18:18:57,,1,,6.00,,2.32,42% - 0.2,2,1879110933330317312,极兔快递,JT0015013916504,书,陕西省,
慧泽小学智慧社区服务站_站点-慧泽小学智慧社区服务站,快递,2025-01-14 17:38:32,,1,,6.00,,2.32,42% - 0.2,2,1879100730828443648,极兔快递,JT0015021000947,毛衣,山东省,
慧泽小学智慧社区服务站_站点-慧泽小学智慧社区服务站,快递,2025-01-14 17:25:40,,1,,6.00,,2.32,42% - 0.2,2,1879097521728704512,极兔快递,JT0015019467686,蓝牙耳机,湖北省,
慧泽小学智慧社区服务站_站点-慧泽小学智慧社区服务站,快递,2025-01-14 16:39:17,,2,,8.00,,3.88,51% - 0.2,2,1879085850348015616,极兔快递,JT0015018274359,袄子,湖南省,
慧泽小学智慧社区服务站_站点-慧泽小学智慧社区服务站,快递,2025-01-14 16:38:15,,1,,6.00,,2.32,42% - 0.2,2,1879085587159633920,极兔快递,JT0015019519833,服饰,广东省,
慧泽小学智慧社区服务站_站点-慧泽小学智慧社区服务站,快递,2025-01-14 16:26:08,,1,,6.00,,2.32,42% - 0.2,2,1879082522104877056,极兔快递,JT0015019974930,毛衣,广东省,
慧泽小学智慧社区服务站_站点-慧泽小学智慧社区服务站,快递,2025-01-14 16:23:57,,1,,6.00,,2.32,42% - 0.2,2,1879081991403786240,极兔快递,JT0015017031005,耳环,浙江省,
慧泽小学智慧社区服务站_站点-慧泽小学智慧社区服务站,快递,2025-01-14 16:20:39,,1,,6.00,,2.32,42% - 0.2,2,1879081158645698560,极兔快递,JT0015015192076,耳钉,福建省,
慧泽小学智慧社区服务站_站点-慧泽小学智慧社区服务站,快递,2025-01-14 16:15:08,,1,,6.00,,2.32,42% - 0.2,2,1879079757760745472,极兔快递,JT0015014794317,打底衫,广东省,
慧泽小学智慧社区服务站_站点-慧泽小学智慧社区服务站,快递,2025-01-14 16:13:08,,1,,6.00,,2.32,42% - 0.2,2,1879079244935778304,极兔快递,JT0015019164437,羽绒服,浙江省,
慧泽小学智慧社区服务站_站点-慧泽小学智慧社区服务站,快递,2025-01-14 15:50:46,,1,,6.00,,2.32,42% - 0.2,2,1879073618117578752,极兔快递,JT0015016469101,鞋子,河南省,
慧泽小学智慧社区服务站_站点-慧泽小学智慧社区服务站,快递,2025-01-14 15:49:18,,2,,8.00,,3.88,51% - 0.2,2,1879073244258291712,极兔快递,JT0015018679222,鞋子,福建省,
慧泽小学智慧社区服务站_站点-慧泽小学智慧社区服务站,快递,2025-01-14 15:47:45,,2,,8.00,,3.88,51% - 0.2,2,1879072856197091328,极兔快递,JT0015020084596,鞋子,安徽省,
慧泽小学智慧社区服务站_站点-慧泽小学智慧社区服务站,快递,2025-01-14 14:29:16,,1,,7.00,,1.94,42%,2,1879053107870355456,极兔快递,JT0015012492723,口红,上海市,
慧泽小学智慧社区服务站_站点-慧泽小学智慧社区服务站,快递,2025-01-14 14:03:30,,2,,8.00,,3.88,51% - 0.2,2,1879046609618391040,极兔快递,JT0015014705123,除螨仪,浙江省,
慧泽小学智慧社区服务站_站点-慧泽小学智慧社区服务站,快递,2025-01-14 13:39:17,,1,,6.00,,2.32,42% - 0.2,2,1879040526682214400,极兔快递,JT0015014474285,服饰,广东省,
慧泽小学智慧社区服务站_站点-慧泽小学智慧社区服务站,快递,2025-01-14 13:37:08,,1,,6.00,,2.32,42% - 0.2,2,1879039961403281408,极兔快递,JT0015014401531,服饰,黑龙江省,
慧泽小学智慧社区服务站_站点-慧泽小学智慧社区服务站,快递,2025-01-14 13:21:34,,1,,6.00,,2.32,42% - 0.2,2,1879036094443737088,极兔快递,JT0014987233526,冰箱贴,浙江省,
慧泽小学智慧社区服务站_站点-慧泽小学智慧社区服务站,快递,2025-01-14 13:19:43,,3,,10.00,,5.30,55% - 0.2,2,1879035595665494016,极兔快递,JT0015015925256,沙发巾,辽宁省,
慧泽小学智慧社区服务站_站点-慧泽小学智慧社区服务站,快递,2025-01-14 12:42:05,,3,,10.00,,5.30,55% - 0.2,2,1879026155184771072,极兔快递,JT0015012775092,服饰,河北省,
慧泽小学智慧社区服务站_站点-慧泽小学智慧社区服务站,快递,2025-01-14 12:22:13,,2,,8.00,,3.88,51% - 0.2,2,1879021138168041472,极兔快递,JT0015009814318,米茶,陕西省,
慧泽小学智慧社区服务站_站点-慧泽小学智慧社区服务站,快递,2025-01-14 12:11:03,,1,,6.00,,2.32,42% - 0.2,2,1879018347424960512,极兔快递,JT0015013215957,睡衣,江苏省,
慧泽小学智慧社区服务站_站点-慧泽小学智慧社区服务站,快递,2025-01-14 12:09:29,,1,,6.00,,2.32,42% - 0.2,2,1879017951860150272,极兔快递,JT0015006270397,睡衣,江苏省,
慧泽小学智慧社区服务站_站点-慧泽小学智慧社区服务站,快递,2025-01-14 12:07:24,,1,,6.00,,2.32,42% - 0.2,2,1879017430415888384,极兔快递,JT0015012410927,服饰,广东省,
慧泽小学智慧社区服务站_站点-慧泽小学智慧社区服务站,快递,2025-01-14 11:55:44,,1,,6.00,,2.32,42% - 0.2,2,1879014490154258432,极兔快递,JT0015011518756,袜子,江苏省,
慧泽小学智慧社区服务站_站点-慧泽小学智慧社区服务站,快递,2025-01-14 11:53:42,,1,,6.00,,2.32,42% - 0.2,2,1879013977392205824,极兔快递,JT0015012870829,服饰,浙江省,
慧泽小学智慧社区服务站_站点-慧泽小学智慧社区服务站,快递,2025-01-14 11:52:32,,2,,8.00,,3.88,51% - 0.2,2,1879013687104425984,极兔快递,JT0015012418479,服饰,广东省,
慧泽小学智慧社区服务站_站点-慧泽小学智慧社区服务站,快递,2025-01-14 11:51:00,,1,,6.00,,2.32,42% - 0.2,2,1879013279892033536,极兔快递,JT0015013671169,套头背心,江苏省,
慧泽小学智慧社区服务站_站点-慧泽小学智慧社区服务站,快递,2025-01-14 11:49:05,,1,,6.00,,2.32,42% - 0.2,2,1879012820150177792,极兔快递,JT0015009787618,服饰,广东省,
慧泽小学智慧社区服务站_站点-慧泽小学智慧社区服务站,快递,2025-01-14 11:47:58,,1,,6.00,,2.32,42% - 0.2,2,1879012535927361536,极兔快递,JT0015011672674,坎肩,江苏省,
慧泽小学智慧社区服务站_站点-慧泽小学智慧社区服务站,快递,2025-01-14 11:46:34,,1,,6.00,,2.32,42% - 0.2,2,1879012186088853504,极兔快递,JT0015013941696,针织马甲上衣,广东省,
慧泽小学智慧社区服务站_站点-慧泽小学智慧社区服务站,快递,2025-01-14 11:43:59,,1,,6.00,,2.32,42% - 0.2,2,1879011465922662400,极兔快递,JT0015011223688,内衣马甲,浙江省,
慧泽小学智慧社区服务站_站点-慧泽小学智慧社区服务站,快递,2025-01-14 11:41:27,,1,,6.00,,2.32,42% - 0.2,2,1879010893274337280,极兔快递,JT0015013276030,背心,浙江省,
慧泽小学智慧社区服务站_站点-慧泽小学智慧社区服务站,快递,2025-01-14 11:40:19,,1,,6.00,,2.32,42% - 0.2,2,1879010607281524736,极兔快递,JT0015012389187,服饰,广东省,
慧泽小学智慧社区服务站_站点-慧泽小学智慧社区服务站,快递,2025-01-14 11:20:42,,1,,6.00,,2.32,42% - 0.2,2,1879005651019288576,极兔快递,JT0015014136943,服饰,河北省,
慧泽小学智慧社区服务站_站点-慧泽小学智慧社区服务站,快递,2025-01-14 10:48:41,,1,,6.00,,2.32,42% - 0.2,2,1878997584613527552,极兔快递,JT0015009202915,支架,浙江省,
慧泽小学智慧社区服务站_站点-慧泽小学智慧社区服务站,快递,2025-01-14 10:25:25,,1,,6.00,,2.32,42% - 0.2,2,1878991762193960960,极兔快递,JT0015012064594,词典笔,广东省,
慧泽小学智慧社区服务站_站点-慧泽小学智慧社区服务站,快递,2025-01-14 10:22:32,,1,,6.00,,2.32,42% - 0.2,2,1878991037170765824,韵达快递,312608553112776,服饰,内蒙古自治区,
慧泽小学智慧社区服务站_站点-慧泽小学智慧社区服务站,快递,2025-01-14 10:17:47,,6.7,,21.00,,10.30,50% - 0.2,2,1878989820742914048,极兔快递,JT0015011352092,食品,陕西省,
慧泽小学智慧社区服务站_站点-慧泽小学智慧社区服务站,快递,2025-01-14 10:08:18,,1,,6.00,,2.32,42% - 0.2,2,1878987454647947264,极兔快递,JT0015010446530,生活用品,甘肃省,
慧泽小学智慧社区服务站_站点-慧泽小学智慧社区服务站,快递,2025-01-14 10:05:52,,1,,6.00,,2.32,42% - 0.2,2,1878986838957674496,极兔快递,JT0015011654108,服饰,江苏省,
慧泽小学智慧社区服务站_站点-慧泽小学智慧社区服务站,快递,2025-01-14 10:04:18,,1,,6.00,,2.32,42% - 0.2,2,1878986425877450752,极兔快递,JT0015010486790,服饰,江苏省,
慧泽小学智慧社区服务站_站点-慧泽小学智慧社区服务站,快递,2025-01-14 09:55:29,,1,,6.00,,2.32,42% - 0.2,2,1878984210517381120,极兔快递,JT0015009949776,裤子,广东省,
慧泽小学智慧社区服务站_站点-慧泽小学智慧社区服务站,快递,2025-01-14 09:53:55,,1,,6.00,,2.32,42% - 0.2,2,1878983817624342528,极兔快递,JT0015005880481,裤子,广东省,
慧泽小学智慧社区服务站_站点-慧泽小学智慧社区服务站,快递,2025-01-14 09:52:34,,1,,6.00,,2.32,42% - 0.2,2,1878983473150349312,极兔快递,JT0015012101123,冰箱贴,湖北省,
慧泽小学智慧社区服务站_站点-慧泽小学智慧社区服务站,快递,2025-01-13 21:02:06,,1,,6.00,,2.32,42% - 0.2,2,1878789579708092416,极兔快递,JT0015008263743,服饰,广东省,
慧泽小学智慧社区服务站_站点-慧泽小学智慧社区服务站,快递,2025-01-13 20:55:10,,2,,8.00,,3.88,51% - 0.2,2,1878787857493315584,极兔快递,JT0015008817754,沾沾料,陕西省,
慧泽小学智慧社区服务站_站点-慧泽小学智慧社区服务站,快递,2025-01-13 20:26:07,,1,,6.00,,2.32,42% - 0.2,2,1878780550579539968,极兔快递,JT0015007277545,手套,江苏省,
慧泽小学智慧社区服务站_站点-慧泽小学智慧社区服务站,快递,2025-01-13 20:24:34,,1,,6.00,,2.32,42% - 0.2,2,1878780157103493120,极兔快递,JT0015004301093,服饰,吉林省,
慧泽小学智慧社区服务站_站点-慧泽小学智慧社区服务站,快递,2025-01-13 20:23:14,,1,,6.00,,2.32,42% - 0.2,2,1878779824671346688,极兔快递,JT0015008301915,服饰,浙江省,
慧泽小学智慧社区服务站_站点-慧泽小学智慧社区服务站,快递,2025-01-13 20:22:18,,2,,8.00,,3.88,51% - 0.2,2,1878779588125184000,极兔快递,JT0015005848395,服饰,黑龙江省,
慧泽小学智慧社区服务站_站点-慧泽小学智慧社区服务站,快递,2025-01-13 20:21:17,,1,,6.00,,2.32,42% - 0.2,2,1878779308977475584,极兔快递,JT0015001143792,内衣,浙江省,
慧泽小学智慧社区服务站_站点-慧泽小学智慧社区服务站,快递,2025-01-13 19:39:42,,1,,6.00,,2.32,42% - 0.2,2,1878768845619253248,极兔快递,JT0014979618875,手机壳,广东省,
慧泽小学智慧社区服务站_站点-慧泽小学智慧社区服务站,快递,2025-01-13 18:36:36,,1,,6.00,,2.32,42% - 0.2,2,1878752963669053440,极兔快递,JT0015005532132,服饰,江苏省,
慧泽小学智慧社区服务站_站点-慧泽小学智慧社区服务站,快递,2025-01-13 17:26:35,,1,,6.00,,2.32,42% - 0.2,2,1878735370128248832,极兔快递,JT0015003170998,服饰,江苏省,
慧泽小学智慧社区服务站_站点-慧泽小学智慧社区服务站,快递,2025-01-13 17:25:17,,1,,6.00,,2.32,42% - 0.2,2,1878735039281549312,极兔快递,JT0015005605674,服饰,浙江省,
慧泽小学智慧社区服务站_站点-慧泽小学智慧社区服务站,快递,2025-01-13 17:24:07,,1,,6.00,,2.32,42% - 0.2,2,1878734747462848512,极兔快递,JT0015005386157,裤子,广东省,
慧泽小学智慧社区服务站_站点-慧泽小学智慧社区服务站,快递,2025-01-13 17:23:02,,1,,6.00,,2.32,42% - 0.2,2,1878734450468376576,极兔快递,JT0015003421450,服饰,广东省,
慧泽小学智慧社区服务站_站点-慧泽小学智慧社区服务站,快递,2025-01-13 16:49:25,,1,,6.00,,2.32,42% - 0.2,2,1878725987164016640,极兔快递,JT0015003951025,食品,广东省,
慧泽小学智慧社区服务站_站点-慧泽小学智慧社区服务站,快递,2025-01-13 16:33:10,,1,,6.00,,2.32,42% - 0.2,2,1878721903098908672,极兔快递,JT0015003555869,服饰,广东省,
慧泽小学智慧社区服务站_站点-慧泽小学智慧社区服务站,快递,2025-01-13 15:57:05,,1,,6.00,,2.32,42% - 0.2,2,1878712840097157120,极兔快递,JT0015003557389,服饰,江苏省,
慧泽小学智慧社区服务站_站点-慧泽小学智慧社区服务站,快递,2025-01-13 15:56:23,,2,,8.00,,3.88,51% - 0.2,2,1878712639047389184,极兔快递,JT0015000688346,服饰,浙江省,
慧泽小学智慧社区服务站_站点-慧泽小学智慧社区服务站,快递,2025-01-13 15:05:25,,1,,6.00,,2.32,42% - 0.2,2,1878699824731443200,极兔快递,JT0015000971416,服饰,广东省,
慧泽小学智慧社区服务站_站点-慧泽小学智慧社区服务站,快递,2025-01-13 15:03:49,,1,,6.00,,2.32,42% - 0.2,2,1878699378642046976,极兔快递,JT0014987140282,裤子,广西壮族自治区,
慧泽小学智慧社区服务站_站点-慧泽小学智慧社区服务站,快递,2025-01-13 14:37:49,,2,,8.00,,3.88,51% - 0.2,2,1878692893656666112,极兔快递,JT0014997678293,鞋子,浙江省,
慧泽小学智慧社区服务站_站点-慧泽小学智慧社区服务站,快递,2025-01-13 14:34:46,,1,,6.00,,2.32,42% - 0.2,2,1878688910879805440,极兔快递,JT0015001549820,工具,辽宁省,
慧泽小学智慧社区服务站_站点-慧泽小学智慧社区服务站,快递,2025-01-13 14:33:50,,1,,6.00,,2.32,42% - 0.2,2,1878673283561607168,极兔快递,JT0015001446885,玩具,浙江省,
慧泽小学智慧社区服务站_站点-慧泽小学智慧社区服务站,快递,2025-01-13 14:29:37,,1,,6.00,,2.32,42% - 0.2,2,1878690827425075200,极兔快递,JT0015002021787,服饰,浙江省,
慧泽小学智慧社区服务站_站点-慧泽小学智慧社区服务站,快递,2025-01-13 14:28:10,,1,,6.00,,2.32,42% - 0.2,2,1878690453620314112,极兔快递,JT0014991087935,服饰,江苏省,
慧泽小学智慧社区服务站_站点-慧泽小学智慧社区服务站,快递,2025-01-13 14:17:14,,1,,6.00,,2.32,42% - 0.2,2,1878687709471756288,极兔快递,JT0015000074595,服饰,广东省,
慧泽小学智慧社区服务站_站点-慧泽小学智慧社区服务站,快递,2025-01-13 14:07:40,,2,,8.00,,3.88,51% - 0.2,2,1878685303258271744,极兔快递,JT0015000156317,鞋子,辽宁省,
慧泽小学智慧社区服务站_站点-慧泽小学智慧社区服务站,快递,2025-01-13 14:02:41,,1,,6.00,,2.32,42% - 0.2,2,1878684007553880064,极兔快递,JT0014998010224,食品,河南省,
慧泽小学智慧社区服务站_站点-慧泽小学智慧社区服务站,快递,2025-01-13 13:41:11,,3,,10.00,,5.30,55% - 0.2,2,1878678638555353088,极兔快递,JT0014999713124,洗护用品,广东省,
慧泽小学智慧社区服务站_站点-慧泽小学智慧社区服务站,快递,2025-01-13 13:35:53,,1,,6.00,,2.32,42% - 0.2,2,1878677306029166592,极兔快递,JT0014999321521,服饰,湖北省,
慧泽小学智慧社区服务站_站点-慧泽小学智慧社区服务站,快递,2025-01-13 13:20:51,,1,,6.00,,2.32,42% - 0.2,2,1878673524289490944,极兔快递,JT0014994623726,手表,广东省,
慧泽小学智慧社区服务站_站点-慧泽小学智慧社区服务站,快递,2025-01-13 13:17:45,,1,,6.00,,2.32,42% - 0.2,2,1878672744048283648,极兔快递,JT0015000090713,服饰,广东省,
慧泽小学智慧社区服务站_站点-慧泽小学智慧社区服务站,快递,2025-01-13 13:13:33,,2,,8.00,,3.88,51% - 0.2,2,1878671663213891584,极兔快递,JT0014996514792,服饰,浙江省,
慧泽小学智慧社区服务站_站点-慧泽小学智慧社区服务站,快递,2025-01-13 12:46:20,,2.1,,10.00,,5.30,55% - 0.2,2,1878664816155217920,极兔快递,JT0014986407400,擦玻璃器,浙江省,
慧泽小学智慧社区服务站_站点-慧泽小学智慧社区服务站,快递,2025-01-13 12:06:57,,3,,10.00,,5.30,55% - 0.2,2,1878654929094365184,极兔快递,JT0014998514858,枕头,吉林省,
慧泽小学智慧社区服务站_站点-慧泽小学智慧社区服务站,快递,2025-01-13 12:06:25,,1,,6.00,,2.32,42% - 0.2,2,1878654772856541184,极兔快递,JT0014997371754,枕套,吉林省,
慧泽小学智慧社区服务站_站点-慧泽小学智慧社区服务站,快递,2025-01-13 11:58:43,,2,,8.00,,3.88,51% - 0.2,2,1878652856051224576,极兔快递,JT0014994115801,服饰,辽宁省,
慧泽小学智慧社区服务站_站点-慧泽小学智慧社区服务站,快递,2025-01-13 11:56:41,,1,,6.00,,2.32,42% - 0.2,2,1878652339031953408,极兔快递,JT0014998417395,生活用品,陕西省,
慧泽小学智慧社区服务站_站点-慧泽小学智慧社区服务站,快递,2025-01-13 11:51:36,,1,,6.00,,2.32,42% - 0.2,2,1878651044648767488,极兔快递,JT0014994592014,服饰,江苏省,
慧泽小学智慧社区服务站_站点-慧泽小学智慧社区服务站,快递,2025-01-13 11:48:25,,1,,6.00,,2.32,42% - 0.2,2,1878650248989298688,极兔快递,JT0014995882282,服饰,广东省,
慧泽小学智慧社区服务站_站点-慧泽小学智慧社区服务站,快递,2025-01-13 11:43:57,,1,,6.00,,2.32,42% - 0.2,2,1878649115302481920,极兔快递,JT0014993208906,服饰,广东省,
慧泽小学智慧社区服务站_站点-慧泽小学智慧社区服务站,快递,2025-01-13 11:39:30,,1,,6.00,,2.32,42% - 0.2,2,1878647992374054912,极兔快递,JT0014998101882,服饰,广东省,
慧泽小学智慧社区服务站_站点-慧泽小学智慧社区服务站,快递,2025-01-13 11:35:27,,1,,6.00,,2.32,42% - 0.2,2,1878646978929545216,极兔快递,JT0014987708456,服饰,吉林省,
慧泽小学智慧社区服务站_站点-慧泽小学智慧社区服务站,快递,2025-01-13 11:30:23,,1,,6.00,,2.32,42% - 0.2,2,1878645716590841856,极兔快递,JT0014997705671,服饰,浙江省,
慧泽小学智慧社区服务站_站点-慧泽小学智慧社区服务站,快递,2025-01-13 11:29:38,,1,,6.00,,2.32,42% - 0.2,2,1878645533941485568,极兔快递,JT0014995968088,服饰,浙江省,
慧泽小学智慧社区服务站_站点-慧泽小学智慧社区服务站,快递,2025-01-13 11:20:40,,1.3,,8.00,,3.88,51% - 0.2,2,1878643278626476032,极兔快递,JT0014997286328,生活用品,河北省,
慧泽小学智慧社区服务站_站点-慧泽小学智慧社区服务站,快递,2025-01-13 11:18:49,,1,,6.00,,2.32,42% - 0.2,2,1878642785640566784,极兔快递,JT0014997156337,茶叶,福建省,
慧泽小学智慧社区服务站_站点-慧泽小学智慧社区服务站,快递,2025-01-13 10:47:21,,2,,8.00,,3.88,51% - 0.2,2,1878634895043252224,极兔快递,JT0014979230691,修复膏,河南省,
慧泽小学智慧社区服务站_站点-慧泽小学智慧社区服务站,快递,2025-01-13 10:43:07,,1,,6.00,,2.32,42% - 0.2,2,1878633830495342592,极兔快递,JT0014996478940,修复膏,湖北省,
慧泽小学智慧社区服务站_站点-慧泽小学智慧社区服务站,快递,2025-01-13 10:38:38,,2.98,,10.00,,5.30,55% - 0.2,2,1878632699903922176,极兔快递,JT0014996562327,奶粉,江西省,
慧泽小学智慧社区服务站_站点-慧泽小学智慧社区服务站,快递,2025-01-13 10:34:55,,1,,6.00,,2.32,42% - 0.2,2,1878631758819545088,极兔快递,JT0014996966957,钙片,安徽省,
慧泽小学智慧社区服务站_站点-慧泽小学智慧社区服务站,快递,2025-01-13 10:32:08,,1,,6.00,,2.32,42% - 0.2,2,1878631053115314176,极兔快递,JT0014995006938,药膏,江西省,
慧泽小学智慧社区服务站_站点-慧泽小学智慧社区服务站,快递,2025-01-13 10:30:10,,1,,6.00,,2.32,42% - 0.2,2,1878630483298144256,极兔快递,JT0014992535515,理想身材,河南省,
慧泽小学智慧社区服务站_站点-慧泽小学智慧社区服务站,快递,2025-01-13 10:15:54,,1,,6.00,,2.32,42% - 0.2,2,1878621836467818496,极兔快递,JT0014995356585,生活用品,黑龙江省,
慧泽小学智慧社区服务站_站点-慧泽小学智慧社区服务站,快递,2025-01-13 10:15:26,,1,,6.00,,2.32,42% - 0.2,2,1878622107642155008,极兔快递,JT0014987240108,生活用品,黑龙江省,
慧泽小学智慧社区服务站_站点-慧泽小学智慧社区服务站,快递,2025-01-13 10:15:01,,2.4,,10.00,,5.30,55% - 0.2,2,1878621998896435200,极兔快递,JT0014995242162,生活用品,黑龙江省,
慧泽小学智慧社区服务站_站点-慧泽小学智慧社区服务站,快递,2025-01-13 10:12:37,,1,,6.00,,2.32,42% - 0.2,2,1878626150288510976,极兔快递,JT0014994867574,生活用品,甘肃省,
慧泽小学智慧社区服务站_站点-慧泽小学智慧社区服务站,快递,2025-01-13 10:11:16,,1,,6.00,,2.32,42% - 0.2,2,1878625811137089536,极兔快递,JT0014995638205,裤子,江苏省,
慧泽小学智慧社区服务站_站点-慧泽小学智慧社区服务站,快递,2025-01-13 10:09:57,,1,,6.00,,2.32,42% - 0.2,2,1878625459000102912,极兔快递,JT0014995311108,裤子,湖北省,
慧泽小学智慧社区服务站_站点-慧泽小学智慧社区服务站,快递,2025-01-13 09:54:28,,1,,6.00,,2.32,42% - 0.2,2,1878621553771728896,极兔快递,JT0014992164807,裤子,浙江省,
慧泽小学智慧社区服务站_站点-慧泽小学智慧社区服务站,快递,2025-01-12 19:39:06,,1,,6.00,,2.32,42% - 0.2,2,1878406325163315200,极兔快递,JT0014991359460,裤子,河南省,
慧泽小学智慧社区服务站_站点-慧泽小学智慧社区服务站,快递,2025-01-12 19:37:52,,1,,6.00,,2.32,42% - 0.2,2,1878406012440203264,极兔快递,JT0014985778725,服饰,湖北省,
慧泽小学智慧社区服务站_站点-慧泽小学智慧社区服务站,快递,2025-01-12 19:33:20,,1,,6.00,,2.32,42% - 0.2,2,1878404874080931840,极兔快递,JT0014987154823,生活用品,浙江省,
慧泽小学智慧社区服务站_站点-慧泽小学智慧社区服务站,快递,2025-01-12 19:24:21,,1.2,,8.00,,3.88,51% - 0.2,2,1878402591955931136,极兔快递,JT0014992023216,服饰,广东省,
慧泽小学智慧社区服务站_站点-慧泽小学智慧社区服务站,快递,2025-01-12 19:04:22,,3.4,,12.00,,5.80,50% - 0.2,2,1878397583340392448,极兔快递,JT0014990692518,漆,浙江省,
慧泽小学智慧社区服务站_站点-慧泽小学智慧社区服务站,快递,2025-01-12 19:00:56,,1,,6.00,,2.32,42% - 0.2,2,1878396719926136832,极兔快递,JT0014990725784,服饰,浙江省,
慧泽小学智慧社区服务站_站点-慧泽小学智慧社区服务站,快递,2025-01-12 18:59:46,,1,,6.00,,2.32,42% - 0.2,2,1878396426475851776,极兔快递,JT0014991711598,服饰,浙江省,
慧泽小学智慧社区服务站_站点-慧泽小学智慧社区服务站,快递,2025-01-12 18:56:15,,1,,6.00,,2.32,42% - 0.2,2,1878395535265943552,极兔快递,JT0014991689243,鞋子,福建省,
慧泽小学智慧社区服务站_站点-慧泽小学智慧社区服务站,快递,2025-01-12 18:46:23,,1,,6.00,,2.32,42% - 0.2,2,1878393037482414080,极兔快递,JT0014982994724,唇釉,广东省,
慧泽小学智慧社区服务站_站点-慧泽小学智慧社区服务站,快递,2025-01-12 18:20:59,,1,,6.00,,2.32,42% - 0.2,2,1878386662618484736,极兔快递,JT0014990189148,书,江苏省,
慧泽小学智慧社区服务站_站点-慧泽小学智慧社区服务站,快递,2025-01-12 18:11:50,,1,,6.00,,2.32,42% - 0.2,2,1878384337598337024,极兔快递,JT0014983440684,感冒贴,陕西省,
慧泽小学智慧社区服务站_站点-慧泽小学智慧社区服务站,快递,2025-01-12 17:55:14,,1,,6.00,,2.32,42% - 0.2,2,1878380181294731264,极兔快递,JT0014987314849,服饰,湖北省,
慧泽小学智慧社区服务站_站点-慧泽小学智慧社区服务站,快递,2025-01-12 17:54:15,,1,,6.00,,2.32,42% - 0.2,2,1878379938306117632,极兔快递,JT0014990003786,服饰,浙江省,
慧泽小学智慧社区服务站_站点-慧泽小学智慧社区服务站,快递,2025-01-12 17:46:14,,1,,6.00,,2.32,42% - 0.2,2,1878377921034637312,极兔快递,JT0014990780491,佛手贴,河南省,
慧泽小学智慧社区服务站_站点-慧泽小学智慧社区服务站,快递,2025-01-12 17:43:34,,1.2,,8.00,,3.88,51% - 0.2,2,1878377249115525120,极兔快递,JT0014990842205,柿饼,陕西省,
慧泽小学智慧社区服务站_站点-慧泽小学智慧社区服务站,快递,2025-01-12 17:39:49,,1,,6.00,,2.32,42% - 0.2,2,1878376308295389184,极兔快递,JT0014985254555,服饰,陕西省,
慧泽小学智慧社区服务站_站点-慧泽小学智慧社区服务站,快递,2025-01-12 17:34:25,,2,,8.00,,3.88,51% - 0.2,2,1878374947700920320,极兔快递,JT0014989272365,鞋子,浙江省,
慧泽小学智慧社区服务站_站点-慧泽小学智慧社区服务站,快递,2025-01-12 17:33:13,,1,,6.00,,2.32,42% - 0.2,2,1878374623128899584,极兔快递,JT0014989069247,服饰,广东省,
慧泽小学智慧社区服务站_站点-慧泽小学智慧社区服务站,快递,2025-01-12 17:13:32,,1,,6.00,,2.32,42% - 0.2,2,1878369694628761600,极兔快递,JT0014990076402,面条机配件,广东省,
慧泽小学智慧社区服务站_站点-慧泽小学智慧社区服务站,快递,2025-01-12 17:11:53,,1,,6.00,,2.32,42% - 0.2,2,1878369275429048320,极兔快递,JT0014988731345,裤子,广东省,
慧泽小学智慧社区服务站_站点-慧泽小学智慧社区服务站,快递,2025-01-12 17:10:42,,1,,6.00,,2.32,42% - 0.2,2,1878368979462180864,极兔快递,JT0014989270923,食品,湖南省,
慧泽小学智慧社区服务站_站点-慧泽小学智慧社区服务站,快递,2025-01-12 17:02:52,,2,,8.00,,3.88,51% - 0.2,2,1878366998425292800,极兔快递,JT0014986816992,鞋子,辽宁省,
慧泽小学智慧社区服务站_站点-慧泽小学智慧社区服务站,快递,2025-01-12 17:02:15,,2,,8.00,,3.88,51% - 0.2,2,1877301685680132096,极兔快递,JT0014984300331,鞋子,辽宁省,
慧泽小学智慧社区服务站_站点-慧泽小学智慧社区服务站,快递,2025-01-12 17:00:38,,1,,6.00,,2.32,42% - 0.2,2,1878366443967664128,极兔快递,JT0014989185875,马甲,广东省,
慧泽小学智慧社区服务站_站点-慧泽小学智慧社区服务站,快递,2025-01-12 16:59:17,,1,,6.00,,2.32,42% - 0.2,2,1878366083949580288,极兔快递,JT0014988796168,服饰,浙江省,
慧泽小学智慧社区服务站_站点-慧泽小学智慧社区服务站,快递,2025-01-12 15:51:19,,2,,8.00,,3.88,51% - 0.2,2,1878348924603125760,极兔快递,JT0014988763080,鞋子,陕西省,
慧泽小学智慧社区服务站_站点-慧泽小学智慧社区服务站,快递,2025-01-12 15:25:46,,1,,6.00,,2.32,42% - 0.2,2,1878342570253537280,极兔快递,JT0014986085660,服饰,江苏省,
慧泽小学智慧社区服务站_站点-慧泽小学智慧社区服务站,快递,2025-01-12 15:23:12,,1,,6.00,,2.32,42% - 0.2,2,1878341904089010176,极兔快递,JT0014986417923,服饰,江苏省,
慧泽小学智慧社区服务站_站点-慧泽小学智慧社区服务站,快递,2025-01-12 15:00:47,,1,,6.00,,2.32,42% - 0.2,2,1878336258463551488,极兔快递,JT0014982052976,服饰,广东省,
慧泽小学智慧社区服务站_站点-慧泽小学智慧社区服务站,快递,2025-01-12 14:48:05,,1,,6.00,,2.32,42% - 0.2,2,1878333010272899072,极兔快递,JT0014984788165,生活用品,陕西省,
慧泽小学智慧社区服务站_站点-慧泽小学智慧社区服务站,快递,2025-01-12 14:25:03,,1,,6.00,,2.32,42% - 0.2,2,1878327285580615680,极兔快递,JT0014986582085,皮带扣,广东省,
慧泽小学智慧社区服务站_站点-慧泽小学智慧社区服务站,快递,2025-01-12 14:15:52,,2,,8.00,,3.88,51% - 0.2,2,1878324977354461184,极兔快递,JT0014987072101,服饰,浙江省,
慧泽小学智慧社区服务站_站点-慧泽小学智慧社区服务站,快递,2025-01-12 14:14:56,,4,,12.00,,5.80,50% - 0.2,2,1878324665579261952,极兔快递,JT0014975341295,服饰,浙江省,
慧泽小学智慧社区服务站_站点-慧泽小学智慧社区服务站,快递,2025-01-08 10:22:49,2025-01-12 14:13:47,3,,10.00,,0.00,,2,1876816775521554432,极兔快递,JT0014922250260,服饰,浙江省,已全额退款
慧泽小学智慧社区服务站_站点-慧泽小学智慧社区服务站,快递,2025-01-12 13:34:58,,1,,6.00,,2.32,42% - 0.2,2,1878314686591848448,极兔快递,JT0014985461807,手环,江苏省,
慧泽小学智慧社区服务站_站点-慧泽小学智慧社区服务站,快递,2025-01-12 13:33:49,,1,,6.00,,2.32,42% - 0.2,2,1878314376540508160,极兔快递,JT0014986008453,护肤品,广东省,
慧泽小学智慧社区服务站_站点-慧泽小学智慧社区服务站,快递,2025-01-12 13:07:17,,1,,6.00,,2.32,42% - 0.2,2,1878307718414258176,极兔快递,JT0014980436282,剃须刀,陕西省,
慧泽小学智慧社区服务站_站点-慧泽小学智慧社区服务站,快递,2025-01-12 13:05:03,,1,,15.00,,2.80,18.67% - 0.2,2,1878307149666635776,极兔快递,JT0014979000712,生活用品,新疆维吾尔自治区,
慧泽小学智慧社区服务站_站点-慧泽小学智慧社区服务站,快递,2025-01-12 13:04:13,,1,,15.00,,2.80,18.67% - 0.2,2,1878306947937390592,极兔快递,JT0014985131030,生活用品,新疆维吾尔自治区,
慧泽小学智慧社区服务站_站点-慧泽小学智慧社区服务站,快递,2025-01-12 13:02:26,,1,,6.00,,2.32,42% - 0.2,2,1878306469623156736,极兔快递,JT0014981517000,木耳,河北省,
慧泽小学智慧社区服务站_站点-慧泽小学智慧社区服务站,快递,2025-01-12 13:01:32,,1,,6.00,,2.32,42% - 0.2,2,1878306275611430912,极兔快递,JT0014977139448,木耳,河北省,
慧泽小学智慧社区服务站_站点-慧泽小学智慧社区服务站,快递,2025-01-12 12:57:59,,1,,6.00,,2.32,42% - 0.2,2,1878305377875185664,申通快递,772036698108442,吸油贴,广东省,
慧泽小学智慧社区服务站_站点-慧泽小学智慧社区服务站,快递,2025-01-12 12:55:54,,1,,6.00,,2.32,42% - 0.2,2,1878304858238668800,极兔快递,JT0014981151760,进水管,福建省,
慧泽小学智慧社区服务站_站点-慧泽小学智慧社区服务站,快递,2025-01-12 12:54:07,,1,,6.00,,2.32,42% - 0.2,2,1878304404683411456,极兔快递,JT0014982638516,服饰,浙江省,
慧泽小学智慧社区服务站_站点-慧泽小学智慧社区服务站,快递,2025-01-12 12:51:39,,1,,6.00,,2.32,42% - 0.2,2,1878303722488254464,极兔快递,JT0014959825527,连帽红色毛衣,广东省,
慧泽小学智慧社区服务站_站点-慧泽小学智慧社区服务站,快递,2025-01-12 11:58:32,,1,,6.00,,2.32,42% - 0.2,2,1878290409368899584,极兔快递,JT0014974679675,服饰,山东省,
慧泽小学智慧社区服务站_站点-慧泽小学智慧社区服务站,快递,2025-01-12 11:56:10,,1,,6.00,,2.32,42% - 0.2,2,1878289811315675136,极兔快递,JT0014982440251,服饰,浙江省,
慧泽小学智慧社区服务站_站点-慧泽小学智慧社区服务站,快递,2025-01-12 11:54:33,,1,,6.00,,2.32,42% - 0.2,2,1878289404585627648,极兔快递,JT0014983550151,裤子,甘肃省,
慧泽小学智慧社区服务站_站点-慧泽小学智慧社区服务站,快递,2025-01-12 11:27:08,,2,,8.00,,3.88,51% - 0.2,2,1878282519857909760,极兔快递,JT0014975335328,四件套,江苏省,
慧泽小学智慧社区服务站_站点-慧泽小学智慧社区服务站,快递,2025-01-12 11:25:22,,1.7,,8.00,,3.88,51% - 0.2,2,1878282050481737728,极兔快递,JT0014975128182,四件套,江苏省,
慧泽小学智慧社区服务站_站点-慧泽小学智慧社区服务站,快递,2025-01-12 11:11:28,,5,,15.00,,7.30,50% - 0.2,2,1878278573160452096,极兔快递,JT0014977145759,服饰,陕西省,
慧泽小学智慧社区服务站_站点-慧泽小学智慧社区服务站,快递,2025-01-12 11:07:57,,1,,6.00,,2.32,42% - 0.2,2,1878277685901578240,极兔快递,JT0014978153941,服饰,江苏省,
慧泽小学智慧社区服务站_站点-慧泽小学智慧社区服务站,快递,2025-01-12 10:59:17,2025-01-12 11:07:01,1,,6.00,,0.00,,2,1878275508017614848,极兔快递,JT0014980911863,服饰,江苏省,已全额退款
慧泽小学智慧社区服务站_站点-慧泽小学智慧社区服务站,快递,2025-01-12 10:57:40,,1,,6.00,,2.32,42% - 0.2,2,1878275072992792576,极兔快递,JT0014982745008,服饰,江苏省,
慧泽小学智慧社区服务站_站点-慧泽小学智慧社区服务站,快递,2025-01-12 10:38:32,,1,,6.00,,2.32,42% - 0.2,2,1878270264240033792,极兔快递,JT0014982068237,服饰,辽宁省,
慧泽小学智慧社区服务站_站点-慧泽小学智慧社区服务站,快递,2025-01-12 10:25:06,,3,,10.00,,5.30,55% - 0.2,2,1878266904103407616,极兔快递,JT0014980182617,护肤品,陕西省,
慧泽小学智慧社区服务站_站点-慧泽小学智慧社区服务站,快递,2025-01-12 10:22:31,,1,,6.00,,2.32,42% - 0.2,2,1878266233757159424,极兔快递,JT0014972115667,修复膏,河北省,
慧泽小学智慧社区服务站_站点-慧泽小学智慧社区服务站,快递,2025-01-12 10:21:08,,1,,6.00,,2.32,42% - 0.2,2,1878265884984004608,极兔快递,JT0014980738654,修复膏,浙江省,
慧泽小学智慧社区服务站_站点-慧泽小学智慧社区服务站,快递,2025-01-12 10:11:18,,1,,6.00,,2.32,42% - 0.2,2,1878070772563759104,极兔快递,JT0014978133255,生活用品,重庆市,
慧泽小学智慧社区服务站_站点-慧泽小学智慧社区服务站,快递,2025-01-12 09:58:25,,1,,6.00,,2.32,42% - 0.2,2,1878260156885946368,极兔快递,JT0014981491238,生活用品,甘肃省,
慧泽小学智慧社区服务站_站点-慧泽小学智慧社区服务站,快递,2025-01-12 09:54:53,,1,,6.00,,2.32,42% - 0.2,2,1878259278904872960,极兔快递,JT0014975878707,服饰,江苏省,
慧泽小学智慧社区服务站_站点-慧泽小学智慧社区服务站,快递,2025-01-11 21:22:02,,1,,6.00,,2.32,42% - 0.2,2,1878069820205092864,极兔快递,JT0014976738732,缝纫机,江苏省,
慧泽小学智慧社区服务站_站点-慧泽小学智慧社区服务站,快递,2025-01-11 21:08:56,,1,,6.00,,2.32,42% - 0.2,2,1878066541983223808,极兔快递,JT0014978187162,裤子,广东省,
慧泽小学智慧社区服务站_站点-慧泽小学智慧社区服务站,快递,2025-01-11 21:07:01,,1,,6.00,,2.32,42% - 0.2,2,1878066060909137920,极兔快递,JT0014976959203,服饰,河北省,
慧泽小学智慧社区服务站_站点-慧泽小学智慧社区服务站,快递,2025-01-11 21:04:08,,2,,8.00,,3.88,51% - 0.2,2,1878065324758454272,极兔快递,JT0014978344253,服饰,广东省,
慧泽小学智慧社区服务站_站点-慧泽小学智慧社区服务站,快递,2025-01-11 20:45:29,,1,,6.00,,2.32,42% - 0.2,2,1878060642833059840,极兔快递,JT0014977513804,服饰,广东省,
慧泽小学智慧社区服务站_站点-慧泽小学智慧社区服务站,快递,2025-01-11 20:44:18,,1,,6.00,,2.32,42% - 0.2,2,1878060274132766720,极兔快递,JT0014978051811,服饰,湖南省,
慧泽小学智慧社区服务站_站点-慧泽小学智慧社区服务站,快递,2025-01-11 19:57:47,,1,,6.00,,2.32,42% - 0.2,2,1878048620670144512,极兔快递,JT0014976560435,服饰,浙江省,
慧泽小学智慧社区服务站_站点-慧泽小学智慧社区服务站,快递,2025-01-11 19:56:45,,3,,10.00,,5.30,55% - 0.2,2,1878048357699866624,极兔快递,JT0014976157431,书,陕西省,
慧泽小学智慧社区服务站_站点-慧泽小学智慧社区服务站,快递,2025-01-11 19:28:55,,1,,6.00,,2.32,42% - 0.2,2,1878041353975549952,极兔快递,JT0014977668536,护肤品,广东省,
慧泽小学智慧社区服务站_站点-慧泽小学智慧社区服务站,快递,2025-01-11 19:23:33,,1,,6.00,,2.32,42% - 0.2,2,1878040024100163584,极兔快递,JT0014975439584,服饰,浙江省,
慧泽小学智慧社区服务站_站点-慧泽小学智慧社区服务站,快递,2025-01-11 19:16:54,,1,,6.00,,2.32,42% - 0.2,2,1878038345736835072,极兔快递,JT0014970681852,服饰,浙江省,
慧泽小学智慧社区服务站_站点-慧泽小学智慧社区服务站,快递,2025-01-11 19:14:00,,1,,6.00,,2.32,42% - 0.2,2,1878037598085369856,极兔快递,JT0014974088401,鸡毛掸子,江苏省,
慧泽小学智慧社区服务站_站点-慧泽小学智慧社区服务站,快递,2025-01-11 18:46:08,,1.2,,8.00,,3.88,51% - 0.2,2,1878030582038188032,极兔快递,JT0014976850258,服饰,浙江省,
慧泽小学智慧社区服务站_站点-慧泽小学智慧社区服务站,快递,2025-01-11 18:29:18,,1.6,,8.00,,3.88,51% - 0.2,2,1878026363210092544,极兔快递,JT0014974848343,工具,浙江省,
慧泽小学智慧社区服务站_站点-慧泽小学智慧社区服务站,快递,2025-01-11 18:27:05,,1,,6.00,,2.32,42% - 0.2,2,1878025795779481600,极兔快递,JT0014963363923,服饰,浙江省,
慧泽小学智慧社区服务站_站点-慧泽小学智慧社区服务站,快递,2025-01-11 18:25:37,,1,,6.00,,2.32,42% - 0.2,2,1878025425451798528,极兔快递,JT0014968272548,服饰,湖北省,
慧泽小学智慧社区服务站_站点-慧泽小学智慧社区服务站,快递,2025-01-11 18:24:16,,1,,6.00,,2.32,42% - 0.2,2,1878025083293061120,极兔快递,JT0014976967906,服饰,广东省,
慧泽小学智慧社区服务站_站点-慧泽小学智慧社区服务站,快递,2025-01-11 17:34:21,,1,,6.00,,2.32,42% - 0.2,2,1878012517409935360,极兔快递,JT0014974634204,食品,广东省,
慧泽小学智慧社区服务站_站点-慧泽小学智慧社区服务站,快递,2025-01-11 17:32:38,,1.1,,8.00,,3.88,51% - 0.2,2,1878012087653158912,极兔快递,JT0014977011884,服饰,江苏省,
慧泽小学智慧社区服务站_站点-慧泽小学智慧社区服务站,快递,2025-01-11 17:24:33,,1,,6.00,,2.32,42% - 0.2,2,1878010071891628032,极兔快递,JT0014975241513,服饰,广西壮族自治区,
慧泽小学智慧社区服务站_站点-慧泽小学智慧社区服务站,快递,2025-01-11 16:48:20,,2,,8.00,,3.88,51% - 0.2,2,1878000935804129280,极兔快递,JT0014975896373,服饰,江苏省,
慧泽小学智慧社区服务站_站点-慧泽小学智慧社区服务站,快递,2025-01-11 15:11:39,,1,,6.00,,2.32,42% - 0.2,2,1877976629112000512,极兔快递,JT0014970247078,服饰,山东省,
慧泽小学智慧社区服务站_站点-慧泽小学智慧社区服务站,快递,2025-01-11 15:09:51,,1,,6.00,,2.32,42% - 0.2,2,1877976176609513472,极兔快递,JT0014971671534,服饰,浙江省,
慧泽小学智慧社区服务站_站点-慧泽小学智慧社区服务站,快递,2025-01-11 15:07:46,,1,,6.00,,2.32,42% - 0.2,2,1877975631584874496,极兔快递,JT0014972590716,服饰,浙江省,
慧泽小学智慧社区服务站_站点-慧泽小学智慧社区服务站,快递,2025-01-11 14:53:35,,1,,6.00,,2.32,42% - 0.2,2,1877971950948896768,极兔快递,JT0014971487297,擀面杖,山东省,
慧泽小学智慧社区服务站_站点-慧泽小学智慧社区服务站,快递,2025-01-11 14:43:34,,1,,6.00,,2.32,42% - 0.2,2,1877969542160109568,极兔快递,JT0014972914182,服饰,浙江省,
慧泽小学智慧社区服务站_站点-慧泽小学智慧社区服务站,快递,2025-01-11 14:19:16,,1,,6.00,,2.32,42% - 0.2,2,1877963441880485888,极兔快递,JT0014964937931,饰品,山东省,
慧泽小学智慧社区服务站_站点-慧泽小学智慧社区服务站,快递,2025-01-11 14:01:26,,2,,8.00,,3.88,51% - 0.2,2,1877958936271048704,极兔快递,JT0014972113519,服饰,湖北省,
慧泽小学智慧社区服务站_站点-慧泽小学智慧社区服务站,快递,2025-01-11 13:42:36,,2,,8.00,,3.88,51% - 0.2,2,1877954197659635712,极兔快递,JT0014957291224,服饰,广东省,
慧泽小学智慧社区服务站_站点-慧泽小学智慧社区服务站,快递,2025-01-11 13:18:06,,1,,6.00,,2.32,42% - 0.2,2,1877948024298459136,极兔快递,JT0014971029971,服饰,广东省,
慧泽小学智慧社区服务站_站点-慧泽小学智慧社区服务站,快递,2025-01-11 13:17:25,,1,,6.00,,2.32,42% - 0.2,2,1877947856404664320,极兔快递,JT0014970876526,服饰,广东省,
慧泽小学智慧社区服务站_站点-慧泽小学智慧社区服务站,快递,2025-01-11 13:14:54,,1,,6.00,,2.32,42% - 0.2,2,1877947228227948544,极兔快递,JT0014966334574,服饰,广东省,
慧泽小学智慧社区服务站_站点-慧泽小学智慧社区服务站,快递,2025-01-11 13:06:33,,1,,6.00,,2.32,42% - 0.2,2,1877945115930316800,极兔快递,JT0014970561884,手套,山东省,
慧泽小学智慧社区服务站_站点-慧泽小学智慧社区服务站,快递,2025-01-11 12:30:27,,1,,6.00,,2.32,42% - 0.2,2,1877936060637696000,极兔快递,JT0014967437164,服饰,广东省,
慧泽小学智慧社区服务站_站点-慧泽小学智慧社区服务站,快递,2025-01-11 12:28:06,,1,,6.00,,2.32,42% - 0.2,2,1877935472365588480,极兔快递,JT0014969093168,服饰,广东省,
慧泽小学智慧社区服务站_站点-慧泽小学智慧社区服务站,快递,2025-01-11 12:26:17,,1,,6.00,,2.32,42% - 0.2,2,1877935013835886592,极兔快递,JT0014964193189,服饰,浙江省,
慧泽小学智慧社区服务站_站点-慧泽小学智慧社区服务站,快递,2025-01-11 11:14:31,,12.5,,39.00,,19.30,50% - 0.2,2,1877916947026595840,极兔快递,JT0014965183049,生活用品,陕西省,
慧泽小学智慧社区服务站_站点-慧泽小学智慧社区服务站,快递,2025-01-11 11:05:55,,8,,24.00,,11.80,50% - 0.2,2,1877914207680516096,极兔快递,JT0014966423928,生活用品,陕西省,
慧泽小学智慧社区服务站_站点-慧泽小学智慧社区服务站,快递,2025-01-11 11:03:51,,1,,6.00,,2.32,42% - 0.2,2,1877912726181040128,极兔快递,JT0014963635442,裤子,广东省,
慧泽小学智慧社区服务站_站点-慧泽小学智慧社区服务站,快递,2025-01-11 10:41:16,,1,,7.00,,1.94,42%,2,1877904911722926080,极兔快递,JT0014964184315,生活用品,北京市,
慧泽小学智慧社区服务站_站点-慧泽小学智慧社区服务站,快递,2025-01-11 10:23:59,,11,,33.00,,16.30,50% - 0.2,2,1877904235601121280,极兔快递,JT0014967150111,食品,陕西省,
慧泽小学智慧社区服务站_站点-慧泽小学智慧社区服务站,快递,2025-01-11 10:22:33,,1,,6.00,,2.32,42% - 0.2,2,1877903876761636864,极兔快递,JT0014967566634,生活用品,甘肃省,
慧泽小学智慧社区服务站_站点-慧泽小学智慧社区服务站,快递,2025-01-11 10:20:46,,1,,6.00,,2.32,42% - 0.2,2,1877903428017246208,极兔快递,JT0014967496561,服饰,浙江省,
慧泽小学智慧社区服务站_站点-慧泽小学智慧社区服务站,快递,2025-01-11 09:51:49,,2,,8.00,,3.88,51% - 0.2,2,1877896135431213056,极兔快递,JT0014964696470,包包,江苏省,
慧泽小学智慧社区服务站_站点-慧泽小学智慧社区服务站,快递,2025-01-11 09:29:23,,1,,6.00,,2.32,42% - 0.2,2,1877890494071361536,极兔快递,JT0014962346001,修复膏,山西省,
慧泽小学智慧社区服务站_站点-慧泽小学智慧社区服务站,快递,2025-01-11 09:28:09,,1,,6.00,,2.32,42% - 0.2,2,1877884824001499136,极兔快递,JT0014963822636,修复膏,湖北省,
慧泽小学智慧社区服务站_站点-慧泽小学智慧社区服务站,快递,2025-01-11 09:27:50,,1,,6.00,,2.32,42% - 0.2,2,1877885099089121280,极兔快递,JT0014964794304,修复膏,湖北省,
慧泽小学智慧社区服务站_站点-慧泽小学智慧社区服务站,快递,2025-01-10 20:07:55,,1,,6.00,,2.32,42% - 0.2,2,1877688798317694976,极兔快递,JT0014961583789,雪槿鉌,河北省,
慧泽小学智慧社区服务站_站点-慧泽小学智慧社区服务站,快递,2025-01-10 20:05:08,,1,,6.00,,2.32,42% - 0.2,2,1877688078608683008,极兔快递,JT0014962663164,服饰,江苏省,
慧泽小学智慧社区服务站_站点-慧泽小学智慧社区服务站,快递,2025-01-10 20:00:32,,2,,8.00,,3.88,51% - 0.2,2,1877686943713906688,极兔快递,JT0014957875872,开心果,安徽省,
慧泽小学智慧社区服务站_站点-慧泽小学智慧社区服务站,快递,2025-01-10 19:44:35,,1,,6.00,,2.32,42% - 0.2,2,1877682925746835456,极兔快递,JT0014962089388,包包,河北省,
慧泽小学智慧社区服务站_站点-慧泽小学智慧社区服务站,快递,2025-01-10 19:41:32,,1,,6.00,,2.32,42% - 0.2,2,1877682152354926592,极兔快递,JT0014961789581,服饰,广东省,
慧泽小学智慧社区服务站_站点-慧泽小学智慧社区服务站,快递,2025-01-10 19:38:57,,1,,6.00,,2.32,42% - 0.2,2,1877681422105628672,极兔快递,JT0014960311303,服饰,江苏省,
慧泽小学智慧社区服务站_站点-慧泽小学智慧社区服务站,快递,2025-01-10 19:35:03,,1,,6.00,,2.32,42% - 0.2,2,1877680529318662144,极兔快递,JT0014962748133,包包,湖南省,
慧泽小学智慧社区服务站_站点-慧泽小学智慧社区服务站,快递,2025-01-10 19:34:11,,3.74,,12.00,,5.80,50% - 0.2,2,1877680308585025536,极兔快递,JT0014963033212,服饰,广东省,
慧泽小学智慧社区服务站_站点-慧泽小学智慧社区服务站,快递,2025-01-10 19:06:44,,1,,6.00,,2.32,42% - 0.2,2,1877673318114709504,极兔快递,JT0014960579071,鞋子,广东省,
慧泽小学智慧社区服务站_站点-慧泽小学智慧社区服务站,快递,2025-01-10 19:04:21,,1,,6.00,,2.32,42% - 0.2,2,1877672801451954176,极兔快递,JT0014962461568,内衣,广东省,
慧泽小学智慧社区服务站_站点-慧泽小学智慧社区服务站,快递,2025-01-10 19:02:24,,1,,6.00,,2.32,42% - 0.2,2,1877672297514717184,极兔快递,JT0014962842433,芭比裤,浙江省,
慧泽小学智慧社区服务站_站点-慧泽小学智慧社区服务站,快递,2025-01-10 18:35:24,,1,,6.00,,2.32,42% - 0.2,2,1877665486640304128,极兔快递,JT0014962695721,染发剂,广东省,
慧泽小学智慧社区服务站_站点-慧泽小学智慧社区服务站,快递,2025-01-10 18:15:42,,1,,6.00,,2.32,42% - 0.2,2,1877660561097150464,极兔快递,JT0014959449591,书,湖南省,
慧泽小学智慧社区服务站_站点-慧泽小学智慧社区服务站,快递,2025-01-10 18:14:34,2025-01-10 18:15:25,1,,6.00,,0.00,,2,1877660274886234112,极兔快递,JT0014954253289,服饰,湖南省,已全额退款
慧泽小学智慧社区服务站_站点-慧泽小学智慧社区服务站,快递,2025-01-10 18:02:22,,1,,6.00,,2.32,42% - 0.2,2,1877657183977787392,极兔快递,JT0014956830112,服饰,湖南省,
慧泽小学智慧社区服务站_站点-慧泽小学智慧社区服务站,快递,2025-01-10 17:47:05,,1,,6.00,,2.32,42% - 0.2,2,1877653358567018496,极兔快递,JT0014960017555,服饰,湖北省,
慧泽小学智慧社区服务站_站点-慧泽小学智慧社区服务站,快递,2025-01-10 17:44:15,,1,,6.00,,2.32,42% - 0.2,2,1877647330043547648,极兔快递,JT0014961658329,生活用品,福建省,
慧泽小学智慧社区服务站_站点-慧泽小学智慧社区服务站,快递,2025-01-10 17:33:00,,4,,12.00,,5.80,50% - 0.2,2,1877649813709049856,极兔快递,JT0014957342594,小被子,陕西省,
慧泽小学智慧社区服务站_站点-慧泽小学智慧社区服务站,快递,2025-01-10 17:29:37,,1,,6.00,,2.32,42% - 0.2,2,1877648590331236352,极兔快递,JT0014952623810,收据,陕西省,
慧泽小学智慧社区服务站_站点-慧泽小学智慧社区服务站,快递,2025-01-10 17:29:03,,1,,6.00,,2.32,42% - 0.2,2,1877648818652368896,极兔快递,JT0014961851080,服饰,浙江省,
慧泽小学智慧社区服务站_站点-慧泽小学智慧社区服务站,快递,2025-01-10 17:21:15,,1,,6.00,,2.32,42% - 0.2,2,1877646855135088640,极兔快递,JT0014959624708,裤子,河南省,
慧泽小学智慧社区服务站_站点-慧泽小学智慧社区服务站,快递,2025-01-10 17:15:17,,3.75,,12.00,,5.80,50% - 0.2,2,1877645354492809216,极兔快递,JT0014960651209,食品,山西省,
慧泽小学智慧社区服务站_站点-慧泽小学智慧社区服务站,快递,2025-01-10 17:08:10,,1,,6.00,,2.32,42% - 0.2,2,1877643542515732480,极兔快递,JT0014960274668,服饰,广东省,
慧泽小学智慧社区服务站_站点-慧泽小学智慧社区服务站,快递,2025-01-10 16:46:36,,5.5,,18.00,,8.80,50% - 0.2,2,1877638138901614592,极兔快递,JT0014957171112,面条机,河北省,
慧泽小学智慧社区服务站_站点-慧泽小学智慧社区服务站,快递,2025-01-10 16:42:28,,2.5,,10.00,,5.30,55% - 0.2,2,1877637051175981056,极兔快递,JT0014961131202,绞肉机,河北省,
慧泽小学智慧社区服务站_站点-慧泽小学智慧社区服务站,快递,2025-01-10 16:23:12,,1.4,,8.00,,3.88,51% - 0.2,2,1877632223385276416,极兔快递,JT0014953331950,服饰,陕西省,
慧泽小学智慧社区服务站_站点-慧泽小学智慧社区服务站,快递,2025-01-10 15:37:26,,2,,8.00,,3.88,51% - 0.2,2,1877620708393406464,极兔快递,JT0014953559474,服饰,广东省,
慧泽小学智慧社区服务站_站点-慧泽小学智慧社区服务站,快递,2025-01-10 15:32:25,,2,,8.00,,3.88,51% - 0.2,2,1877619447896002560,极兔快递,JT0014958036508,服饰,安徽省,
慧泽小学智慧社区服务站_站点-慧泽小学智慧社区服务站,快递,2025-01-10 15:10:15,,4.3,,16.00,,7.00,50%,2,1877613890980073472,极兔快递,JT0014947873446,食品,上海市,
慧泽小学智慧社区服务站_站点-慧泽小学智慧社区服务站,快递,2025-01-10 15:09:15,,4.3,,15.00,,7.30,50% - 0.2,2,1877613634653573120,极兔快递,JT0014957503819,食品,江西省,
慧泽小学智慧社区服务站_站点-慧泽小学智慧社区服务站,快递,2025-01-10 14:44:49,,1,,6.00,,2.32,42% - 0.2,2,1877607469651644416,极兔快递,JT0014952572440,服饰,辽宁省,
慧泽小学智慧社区服务站_站点-慧泽小学智慧社区服务站,快递,2025-01-10 14:25:01,,1,,6.00,,2.32,42% - 0.2,2,1877602399782490112,极兔快递,JT0014954229574,牛仔裤,黑龙江省,
慧泽小学智慧社区服务站_站点-慧泽小学智慧社区服务站,快递,2025-01-10 14:18:17,,1,,6.00,,2.32,42% - 0.2,2,1877600813396054016,极兔快递,JT0014936290414,服饰,广东省,
慧泽小学智慧社区服务站_站点-慧泽小学智慧社区服务站,快递,2025-01-10 14:15:59,,1,,6.00,,2.32,42% - 0.2,2,1877600235567763456,极兔快递,JT0014951759038,服饰,河南省,
慧泽小学智慧社区服务站_站点-慧泽小学智慧社区服务站,快递,2025-01-10 14:11:13,,1,,6.00,,2.32,42% - 0.2,2,1877599027444633600,极兔快递,JT0014951929877,服饰,陕西省,
慧泽小学智慧社区服务站_站点-慧泽小学智慧社区服务站,快递,2025-01-10 14:10:29,,1,,6.00,,2.32,42% - 0.2,2,1877598836587024384,极兔快递,JT0014956267242,服饰,浙江省,
慧泽小学智慧社区服务站_站点-慧泽小学智慧社区服务站,快递,2025-01-10 14:09:30,,1,,6.00,,2.32,42% - 0.2,2,1877598579400691712,极兔快递,JT0014956859343,服饰,山东省,
慧泽小学智慧社区服务站_站点-慧泽小学智慧社区服务站,快递,2025-01-10 13:59:06,,1,,6.00,,2.32,42% - 0.2,2,1877595981868224512,极兔快递,JT0014956095749,毯子,河北省,
慧泽小学智慧社区服务站_站点-慧泽小学智慧社区服务站,快递,2025-01-10 13:56:05,,1,,6.00,,2.32,42% - 0.2,2,1877595226088198144,极兔快递,JT0014956312818,服饰,福建省,
慧泽小学智慧社区服务站_站点-慧泽小学智慧社区服务站,快递,2025-01-10 13:51:44,,1,,6.00,,2.32,42% - 0.2,2,1877594129013460992,极兔快递,JT0014956451023,饰品,浙江省,
慧泽小学智慧社区服务站_站点-慧泽小学智慧社区服务站,快递,2025-01-10 13:44:40,,1,,6.00,,2.32,42% - 0.2,2,1877592353224839168,极兔快递,JT0014953853622,服饰,河北省,
慧泽小学智慧社区服务站_站点-慧泽小学智慧社区服务站,快递,2025-01-10 13:40:03,,1,,6.00,,2.32,42% - 0.2,2,1877591185824206848,极兔快递,JT0014952814300,洁面奶,广东省,
慧泽小学智慧社区服务站_站点-慧泽小学智慧社区服务站,快递,2025-01-10 13:38:28,,1,,6.00,,2.32,42% - 0.2,2,1877590793677754368,极兔快递,JT0014955986204,护肤品,山东省,
慧泽小学智慧社区服务站_站点-慧泽小学智慧社区服务站,快递,2025-01-10 13:32:13,,1,,6.00,,2.32,42% - 0.2,2,1877589198235815936,极兔快递,JT0014951610639,手机壳,广东省,
慧泽小学智慧社区服务站_站点-慧泽小学智慧社区服务站,快递,2025-01-10 13:29:32,,1,,6.00,,2.32,42% - 0.2,2,1877588544167661568,极兔快递,JT0014950135797,文件,陕西省,
慧泽小学智慧社区服务站_站点-慧泽小学智慧社区服务站,快递,2025-01-10 13:13:56,,1,,6.00,,2.32,42% - 0.2,2,1877584618118762496,韵达快递,312604932257751,服饰,福建省,
慧泽小学智慧社区服务站_站点-慧泽小学智慧社区服务站,快递,2025-01-10 13:01:16,,1,,6.00,,2.32,42% - 0.2,2,1877581402157142016,极兔快递,JT0014955403959,手镯,广东省,
慧泽小学智慧社区服务站_站点-慧泽小学智慧社区服务站,快递,2025-01-10 11:52:03,,1,,6.00,,2.32,42% - 0.2,2,1877564004611969024,极兔快递,JT0014953436937,生活用品,陕西省,
慧泽小学智慧社区服务站_站点-慧泽小学智慧社区服务站,快递,2025-01-10 11:39:59,,1,,6.00,,2.32,42% - 0.2,2,1877560973837258752,极兔快递,JT0014950124853,美瞳,陕西省,
慧泽小学智慧社区服务站_站点-慧泽小学智慧社区服务站,快递,2025-01-10 11:38:50,,1,,6.00,,2.32,42% - 0.2,2,1877560684983930880,极兔快递,JT0014951197580,服饰,广东省,
慧泽小学智慧社区服务站_站点-慧泽小学智慧社区服务站,快递,2025-01-10 11:37:37,,1,,6.00,,2.32,42% - 0.2,2,1877560380393574400,极兔快递,JT0014950603196,服饰,河南省,
慧泽小学智慧社区服务站_站点-慧泽小学智慧社区服务站,快递,2025-01-10 11:30:03,,1,,6.00,,2.32,42% - 0.2,2,1877558466671071232,极兔快递,JT0014942663220,服饰,广东省,
慧泽小学智慧社区服务站_站点-慧泽小学智慧社区服务站,快递,2025-01-10 11:29:11,,1,,6.00,,2.32,42% - 0.2,2,1877552491562061824,极兔快递,JT0014947090099,服饰,广东省,
慧泽小学智慧社区服务站_站点-慧泽小学智慧社区服务站,快递,2025-01-10 11:28:42,,1,,6.00,,2.32,42% - 0.2,2,1877558115855290368,极兔快递,JT0014953752185,生活用品,河北省,
慧泽小学智慧社区服务站_站点-慧泽小学智慧社区服务站,快递,2025-01-10 11:21:47,,1,,6.00,,2.32,42% - 0.2,2,1877556396836573184,极兔快递,JT0014953477002,服饰,河南省,
慧泽小学智慧社区服务站_站点-慧泽小学智慧社区服务站,快递,2025-01-10 11:15:15,,1,,7.00,,1.94,42%,2,1877554750060548096,极兔快递,JT0014953971320,手机壳,上海市,
慧泽小学智慧社区服务站_站点-慧泽小学智慧社区服务站,快递,2025-01-05 16:22:31,2025-01-10 10:46:34,1,,6.00,,0.00,,2,1875820127570800640,极兔快递,JT0014878804770,胶带,湖北省,已全额退款
慧泽小学智慧社区服务站_站点-慧泽小学智慧社区服务站,快递,2025-01-10 10:31:09,,1,,6.00,,2.32,42% - 0.2,2,1877543653635051520,极兔快递,JT0014952867568,生活用品,山东省,
慧泽小学智慧社区服务站_站点-慧泽小学智慧社区服务站,快递,2025-01-10 10:23:58,,1,,6.00,,2.32,42% - 0.2,2,1877541814814429184,极兔快递,JT0014949323535,生活用品,甘肃省,
慧泽小学智慧社区服务站_站点-慧泽小学智慧社区服务站,快递,2025-01-10 10:16:41,,1,,6.00,,2.32,42% - 0.2,2,1877539991449817088,极兔快递,JT0014951518465,修复膏,四川省,
慧泽小学智慧社区服务站_站点-慧泽小学智慧社区服务站,快递,2025-01-10 10:13:56,,4.1,,15.00,,7.30,50% - 0.2,2,1877539288589324288,极兔快递,JT0014952272048,食品,辽宁省,
慧泽小学智慧社区服务站_站点-慧泽小学智慧社区服务站,快递,2025-01-10 10:05:33,,9,,27.00,,13.30,50% - 0.2,2,1877537186093780992,极兔快递,JT0014950019781,生活用品,陕西省,
慧泽小学智慧社区服务站_站点-慧泽小学智慧社区服务站,快递,2025-01-09 21:15:07,,1,,6.00,,2.32,42% - 0.2,2,1877343300608118784,极兔快递,JT0014948381700,化妆品,广东省,
慧泽小学智慧社区服务站_站点-慧泽小学智慧社区服务站,快递,2025-01-09 20:43:18,,1,,6.00,,2.32,42% - 0.2,2,1877335304922517504,极兔快递,JT0014946273403,内衣,广东省,
慧泽小学智慧社区服务站_站点-慧泽小学智慧社区服务站,快递,2025-01-09 20:42:01,,1,,6.00,,2.32,42% - 0.2,2,1877334973635416064,极兔快递,JT0014947513298,马甲,浙江省,
慧泽小学智慧社区服务站_站点-慧泽小学智慧社区服务站,快递,2025-01-09 20:40:22,,1,,6.00,,2.32,42% - 0.2,2,1877334556365082624,极兔快递,JT0014945557426,衬衣,浙江省,
慧泽小学智慧社区服务站_站点-慧泽小学智慧社区服务站,快递,2025-01-09 20:38:44,,1,,6.00,,2.32,42% - 0.2,2,1877334143393910784,极兔快递,JT0014946190082,羽毛球,浙江省,
慧泽小学智慧社区服务站_站点-慧泽小学智慧社区服务站,快递,2025-01-09 19:44:34,,1,,6.00,,2.32,42% - 0.2,2,1877320539412156416,极兔快递,JT0014949048980,服饰,福建省,
慧泽小学智慧社区服务站_站点-慧泽小学智慧社区服务站,快递,2025-01-09 19:43:28,,2,,8.00,,3.88,51% - 0.2,2,1877320261275275264,极兔快递,JT0014944143490,服饰,浙江省,
慧泽小学智慧社区服务站_站点-慧泽小学智慧社区服务站,快递,2025-01-09 19:38:57,,1,,6.00,,2.32,42% - 0.2,2,1877319098240913408,极兔快递,JT0014947628876,服饰,陕西省,
慧泽小学智慧社区服务站_站点-慧泽小学智慧社区服务站,快递,2025-01-09 18:53:47,,1,,6.00,,2.32,42% - 0.2,2,1877307753877524480,极兔快递,JT0014939173076,服饰,广东省,
慧泽小学智慧社区服务站_站点-慧泽小学智慧社区服务站,快递,2025-01-09 18:17:23,,1,,6.00,,2.32,42% - 0.2,2,1877298593882492928,极兔快递,JT0014947861625,服饰,江苏省,
慧泽小学智慧社区服务站_站点-慧泽小学智慧社区服务站,快递,2025-01-09 18:12:59,,1,,6.00,,2.32,42% - 0.2,2,1877297488016494592,极兔快递,JT0014946094684,枣花蜜,河南省,
慧泽小学智慧社区服务站_站点-慧泽小学智慧社区服务站,快递,2025-01-09 18:11:26,,1,,6.00,,2.32,42% - 0.2,2,1877297093990993920,极兔快递,JT0014946327514,槐花蜜,山西省,
慧泽小学智慧社区服务站_站点-慧泽小学智慧社区服务站,快递,2025-01-09 17:58:00,,1,,6.00,,2.32,42% - 0.2,2,1877293717408501760,极兔快递,JT0014943428712,服饰,广东省,
慧泽小学智慧社区服务站_站点-慧泽小学智慧社区服务站,快递,2025-01-09 17:54:16,,2,,8.00,,3.88,51% - 0.2,2,1877292776835829760,极兔快递,JT0014946904281,服饰,河北省,
慧泽小学智慧社区服务站_站点-慧泽小学智慧社区服务站,快递,2025-01-09 17:53:05,,1,,6.00,,2.32,42% - 0.2,2,1877292478071361536,极兔快递,JT0014945748194,鞋子,浙江省,
慧泽小学智慧社区服务站_站点-慧泽小学智慧社区服务站,快递,2025-01-09 17:51:34,,3,,10.00,,5.30,55% - 0.2,2,1877292075959242752,极兔快递,JT0014945716465,食品,安徽省,
慧泽小学智慧社区服务站_站点-慧泽小学智慧社区服务站,快递,2025-01-09 17:18:01,,1,,6.00,,2.32,42% - 0.2,2,1877283654614700032,极兔快递,JT0014941706908,服饰,湖北省,
慧泽小学智慧社区服务站_站点-慧泽小学智慧社区服务站,快递,2025-01-09 17:03:17,,4.9,,15.00,,7.30,50% - 0.2,2,1877279946283732992,极兔快递,JT0014944637101,服饰,浙江省,
慧泽小学智慧社区服务站_站点-慧泽小学智慧社区服务站,快递,2025-01-09 17:01:02,,2,,8.00,,3.88,51% - 0.2,2,1877279284124766208,极兔快递,JT0014943428212,服饰,广东省,
慧泽小学智慧社区服务站_站点-慧泽小学智慧社区服务站,快递,2025-01-09 16:11:18,,1,,6.00,,2.32,42% - 0.2,2,1877266842611142656,极兔快递,JT0014944594928,生活用品,河北省,
慧泽小学智慧社区服务站_站点-慧泽小学智慧社区服务站,快递,2025-01-09 15:23:05,,2,,8.00,,3.88,51% - 0.2,2,1877254711601844224,极兔快递,JT0014942271255,鞋子,山东省,
慧泽小学智慧社区服务站_站点-慧泽小学智慧社区服务站,快递,2025-01-09 14:38:49,,1,,6.00,,2.32,42% - 0.2,2,1877243530891808768,极兔快递,JT0014941038189,服饰,广东省,
慧泽小学智慧社区服务站_站点-慧泽小学智慧社区服务站,快递,2025-01-09 14:14:29,,1,,6.00,,2.32,42% - 0.2,2,1877237466913886208,极兔快递,JT0014942343948,服饰,安徽省,
慧泽小学智慧社区服务站_站点-慧泽小学智慧社区服务站,快递,2025-01-09 14:13:31,,1,,7.00,,1.94,42%,2,1877237223669420032,极兔快递,JT0014942781762,服饰,上海市,
慧泽小学智慧社区服务站_站点-慧泽小学智慧社区服务站,快递,2025-01-09 14:11:46,,1.4,,8.00,,3.88,51% - 0.2,2,1877236782034374656,极兔快递,JT0014936513871,生活用品,浙江省,
慧泽小学智慧社区服务站_站点-慧泽小学智慧社区服务站,快递,2025-01-09 14:09:38,,1,,6.00,,2.32,42% - 0.2,2,1877236186539675648,极兔快递,JT0014942192946,生活用品,湖北省,
慧泽小学智慧社区服务站_站点-慧泽小学智慧社区服务站,快递,2025-01-09 14:00:09,,2,,8.00,,3.88,51% - 0.2,2,1877233838664765440,极兔快递,JT0014939609489,服饰,广东省,
慧泽小学智慧社区服务站_站点-慧泽小学智慧社区服务站,快递,2025-01-09 13:55:11,,1,,6.00,,2.32,42% - 0.2,2,1877180815691272192,极兔快递,JT0014938996472,服饰,广东省,
慧泽小学智慧社区服务站_站点-慧泽小学智慧社区服务站,快递,2025-01-09 13:49:45,,3,,10.00,,5.30,55% - 0.2,2,1877231246253543424,极兔快递,JT0014941760322,服饰,浙江省,
慧泽小学智慧社区服务站_站点-慧泽小学智慧社区服务站,快递,2025-01-09 13:48:09,,1,,6.00,,2.32,42% - 0.2,2,1877230833932488704,极兔快递,JT0014921933618,服饰,广东省,
慧泽小学智慧社区服务站_站点-慧泽小学智慧社区服务站,快递,2025-01-09 13:47:02,,1,,6.00,,2.32,42% - 0.2,2,1877230538699624448,极兔快递,JT0014941411902,服饰,广东省,
慧泽小学智慧社区服务站_站点-慧泽小学智慧社区服务站,快递,2025-01-09 13:29:12,,1,,6.00,,2.32,42% - 0.2,2,1877226070335606784,极兔快递,JT0014939104228,服饰,江苏省,
慧泽小学智慧社区服务站_站点-慧泽小学智慧社区服务站,快递,2025-01-09 13:27:37,,1,,6.00,,2.32,42% - 0.2,2,1877225650133454848,极兔快递,JT0014940942687,服饰,江苏省,
慧泽小学智慧社区服务站_站点-慧泽小学智慧社区服务站,快递,2025-01-09 13:23:14,,4.2,,15.00,,7.30,50% - 0.2,2,1877224567680061440,极兔快递,JT0014937914709,盆子,河北省,
慧泽小学智慧社区服务站_站点-慧泽小学智慧社区服务站,快递,2025-01-09 13:20:31,,1,,6.00,,2.32,42% - 0.2,2,1877223866648285184,极兔快递,JT0014942000251,圆簸箕,贵州省,
慧泽小学智慧社区服务站_站点-慧泽小学智慧社区服务站,快递,2025-01-09 13:11:43,,2,,8.00,,3.88,51% - 0.2,2,1877221665263636480,极兔快递,JT0014938738432,服饰,江苏省,
慧泽小学智慧社区服务站_站点-慧泽小学智慧社区服务站,快递,2025-01-09 13:10:42,,2,,8.00,,3.88,51% - 0.2,2,1877221413710254080,极兔快递,JT0014936217647,服饰,江苏省,
慧泽小学智慧社区服务站_站点-慧泽小学智慧社区服务站,快递,2025-01-09 13:09:19,,1,,6.00,,2.32,42% - 0.2,2,1877221066816147456,极兔快递,JT0014939603635,服饰,广东省,
慧泽小学智慧社区服务站_站点-慧泽小学智慧社区服务站,快递,2025-01-09 13:07:36,,1,,6.00,,2.32,42% - 0.2,2,1877220588912955392,申通快递,772036557597253,服饰,广东省,
慧泽小学智慧社区服务站_站点-慧泽小学智慧社区服务站,快递,2025-01-09 12:18:47,,1,,6.00,,2.32,42% - 0.2,2,1877208331311173632,极兔快递,JT0014940891167,服饰,河南省,
慧泽小学智慧社区服务站_站点-慧泽小学智慧社区服务站,快递,2025-01-09 11:41:37,,1,,6.00,,2.32,42% - 0.2,2,1877199001362944000,极兔快递,JT0014936389630,服饰,广东省,
慧泽小学智慧社区服务站_站点-慧泽小学智慧社区服务站,快递,2025-01-09 11:16:00,,1,,6.00,,2.32,42% - 0.2,2,1877192557620154368,极兔快递,JT0014937494141,服饰,山东省,
慧泽小学智慧社区服务站_站点-慧泽小学智慧社区服务站,快递,2025-01-09 11:10:55,,1,,6.00,,2.32,42% - 0.2,2,1877191244589092864,极兔快递,JT0014933062750,服饰,广东省,
慧泽小学智慧社区服务站_站点-慧泽小学智慧社区服务站,快递,2025-01-09 11:09:08,,2,,8.00,,3.88,51% - 0.2,2,1877190813775351808,极兔快递,JT0014938395913,假发,河南省,
慧泽小学智慧社区服务站_站点-慧泽小学智慧社区服务站,快递,2025-01-09 11:00:41,,1,,6.00,,2.32,42% - 0.2,2,1877188680959184896,极兔快递,JT0014935538639,生活用品,四川省,
慧泽小学智慧社区服务站_站点-慧泽小学智慧社区服务站,快递,2025-01-09 10:57:46,,1,,6.00,,2.32,42% - 0.2,2,1876975011692335104,极兔快递,JT0014939077728,生活用品,广东省,
慧泽小学智慧社区服务站_站点-慧泽小学智慧社区服务站,快递,2025-01-09 10:57:34,,1,,6.00,,2.32,42% - 0.2,2,1876974806007861248,极兔快递,JT0014937714889,生活用品,广东省,
慧泽小学智慧社区服务站_站点-慧泽小学智慧社区服务站,快递,2025-01-09 10:46:23,,2,,8.00,,3.88,51% - 0.2,2,1877185076915392512,极兔快递,JT0014938401190,服饰,江苏省,
慧泽小学智慧社区服务站_站点-慧泽小学智慧社区服务站,快递,2025-01-09 10:33:29,2025-01-09 10:43:10,1,,6.00,,0.00,,2,1877181851164266496,极兔快递,JT0014928579871,修复膏,湖北省,已全额退款
慧泽小学智慧社区服务站_站点-慧泽小学智慧社区服务站,快递,2025-01-09 10:41:43,2025-01-09 10:42:23,1,,6.00,,0.00,,2,1877183892313919488,申通快递,772036563686312,修复膏,湖北省,已全额退款
慧泽小学智慧社区服务站_站点-慧泽小学智慧社区服务站,快递,2025-01-09 10:39:54,,1,,6.00,,2.32,42% - 0.2,2,1877183460615180288,极兔快递,JT0014937207357,服饰,湖北省,
慧泽小学智慧社区服务站_站点-慧泽小学智慧社区服务站,快递,2025-01-09 10:37:09,,1,,6.00,,2.32,42% - 0.2,2,1877182773466550272,极兔快递,JT0014938768185,修复膏,湖北省,
慧泽小学智慧社区服务站_站点-慧泽小学智慧社区服务站,快递,2025-01-09 10:14:58,,1,,6.00,,2.32,42% - 0.2,2,1877177165841485824,极兔快递,JT0014932072262,服饰,广东省,
慧泽小学智慧社区服务站_站点-慧泽小学智慧社区服务站,快递,2025-01-09 10:05:40,,1.1,,8.00,,3.88,51% - 0.2,2,1877174738035724288,极兔快递,JT0014934341662,裤子,湖南省,
慧泽小学智慧社区服务站_站点-慧泽小学智慧社区服务站,快递,2025-01-09 09:58:12,,1,,6.00,,2.32,42% - 0.2,2,1877172971164192768,极兔快递,JT0014930211715,生活用品,甘肃省,
慧泽小学智慧社区服务站_站点-慧泽小学智慧社区服务站,快递,2025-01-09 09:54:00,,1,,6.00,,2.32,42% - 0.2,2,1877171894754791424,申通快递,772036559472515,服饰,山东省,
慧泽小学智慧社区服务站_站点-慧泽小学智慧社区服务站,快递,2025-01-08 21:09:07,,2,,8.00,,3.88,51% - 0.2,2,1876979422321758208,极兔快递,JT0014934142957,车座,浙江省,
慧泽小学智慧社区服务站_站点-慧泽小学智慧社区服务站,快递,2025-01-08 20:49:29,,1,,6.00,,2.32,42% - 0.2,2,1876974457473781760,极兔快递,JT0014931029421,打底裤,浙江省,
慧泽小学智慧社区服务站_站点-慧泽小学智慧社区服务站,快递,2025-01-08 20:10:20,,1,,6.00,,2.32,42% - 0.2,2,1876964611512913920,极兔快递,JT0014932684409,生活用品,河北省,
慧泽小学智慧社区服务站_站点-慧泽小学智慧社区服务站,快递,2025-01-08 20:07:42,,2.55,,10.00,,5.30,55% - 0.2,2,1876963962847023104,极兔快递,JT0014928264073,生活用品,陕西省,
慧泽小学智慧社区服务站_站点-慧泽小学智慧社区服务站,快递,2025-01-08 19:41:14,,1.1,,8.00,,3.88,51% - 0.2,2,1876948108549869568,极兔快递,JT0014922792490,服饰,广东省,
慧泽小学智慧社区服务站_站点-慧泽小学智慧社区服务站,快递,2025-01-08 19:39:57,,1,,6.00,,2.32,42% - 0.2,2,1876947769859821568,极兔快递,JT0014933909497,裤子,广东省,
慧泽小学智慧社区服务站_站点-慧泽小学智慧社区服务站,快递,2025-01-08 19:39:27,,1,,6.00,,2.32,42% - 0.2,2,1876947679950721024,极兔快递,JT0014919555056,保鲜盒,广东省,
慧泽小学智慧社区服务站_站点-慧泽小学智慧社区服务站,快递,2025-01-08 19:10:19,,1,,6.00,,2.32,42% - 0.2,2,1876949527038316544,极兔快递,JT0014933817846,粉底液,广东省,
慧泽小学智慧社区服务站_站点-慧泽小学智慧社区服务站,快递,2025-01-08 19:09:09,,1,,6.00,,2.32,42% - 0.2,2,1876949236196888576,极兔快递,JT0014931249287,服饰,广东省,
慧泽小学智慧社区服务站_站点-慧泽小学智慧社区服务站,快递,2025-01-08 18:58:06,,1,,6.00,,2.32,42% - 0.2,2,1876946434066272256,极兔快递,JT0014930320005,服饰,广东省,
慧泽小学智慧社区服务站_站点-慧泽小学智慧社区服务站,快递,2025-01-08 18:46:33,,1,,6.00,,2.32,42% - 0.2,2,1876943547751780352,极兔快递,JT0014931091904,服饰,浙江省,
慧泽小学智慧社区服务站_站点-慧泽小学智慧社区服务站,快递,2025-01-08 18:45:02,,1,,6.00,,2.32,42% - 0.2,2,1876943157832503296,极兔快递,JT0014925191036,服饰,江苏省,
慧泽小学智慧社区服务站_站点-慧泽小学智慧社区服务站,快递,2025-01-08 18:22:50,,1,,6.00,,2.32,42% - 0.2,2,1876937559644622848,极兔快递,JT0014929664568,裤子,广东省,
慧泽小学智慧社区服务站_站点-慧泽小学智慧社区服务站,快递,2025-01-08 17:42:49,,1,,6.00,,2.32,42% - 0.2,2,1876927508133498880,极兔快递,JT0014899008457,服饰,广东省,
慧泽小学智慧社区服务站_站点-慧泽小学智慧社区服务站,快递,2025-01-08 17:31:05,,2,,8.00,,3.88,51% - 0.2,2,1876924558757646336,极兔快递,JT0014925526280,杯子,江苏省,
慧泽小学智慧社区服务站_站点-慧泽小学智慧社区服务站,快递,2025-01-08 17:26:03,,2,,8.00,,3.88,51% - 0.2,2,1876923269252435968,极兔快递,JT0014928291091,服饰,浙江省,
慧泽小学智慧社区服务站_站点-慧泽小学智慧社区服务站,快递,2025-01-08 17:13:16,,1,,6.00,,2.32,42% - 0.2,2,1876919887712276480,极兔快递,JT0014931419504,服饰,浙江省,
慧泽小学智慧社区服务站_站点-慧泽小学智慧社区服务站,快递,2025-01-08 16:59:02,,1,,6.00,,2.32,42% - 0.2,2,1876916481291505664,极兔快递,JT0014931380612,包包,广东省,
慧泽小学智慧社区服务站_站点-慧泽小学智慧社区服务站,快递,2025-01-08 16:57:58,,1,,6.00,,2.32,42% - 0.2,2,1876916223450861568,极兔快递,JT0014931257502,护肤品,广东省,
慧泽小学智慧社区服务站_站点-慧泽小学智慧社区服务站,快递,2025-01-08 16:56:48,,1,,6.00,,2.32,42% - 0.2,2,1876915918302662656,极兔快递,JT0014930064453,护肤品,广东省,
慧泽小学智慧社区服务站_站点-慧泽小学智慧社区服务站,快递,2025-01-08 16:55:22,,1,,6.00,,2.32,42% - 0.2,2,1876915547551354880,极兔快递,JT0014931131718,耳饰,江苏省,
慧泽小学智慧社区服务站_站点-慧泽小学智慧社区服务站,快递,2025-01-08 16:10:10,,1,,6.00,,2.32,42% - 0.2,2,1876904173530042368,极兔快递,JT0014928214862,服饰,广东省,
慧泽小学智慧社区服务站_站点-慧泽小学智慧社区服务站,快递,2025-01-08 16:09:02,,1,,6.00,,2.32,42% - 0.2,2,1876903882189492224,极兔快递,JT0014930498092,服饰,广东省,
慧泽小学智慧社区服务站_站点-慧泽小学智慧社区服务站,快递,2025-01-08 14:51:05,,1,,6.00,,2.32,42% - 0.2,2,1876884270538346496,极兔快递,JT0014928264789,服饰,湖南省,
慧泽小学智慧社区服务站_站点-慧泽小学智慧社区服务站,快递,2025-01-08 14:19:05,,1.1,,8.00,,3.88,51% - 0.2,2,1876876218401607680,极兔快递,JT0014922394770,被套,江苏省,
慧泽小学智慧社区服务站_站点-慧泽小学智慧社区服务站,快递,2025-01-08 14:12:45,,1,,6.00,,2.32,42% - 0.2,2,1876874620673773568,极兔快递,JT0014927426436,服饰,广东省,
慧泽小学智慧社区服务站_站点-慧泽小学智慧社区服务站,快递,2025-01-08 14:10:40,,1,,6.00,,2.32,42% - 0.2,2,1876874096574517248,极兔快递,JT0014926848359,裤子,广东省,
慧泽小学智慧社区服务站_站点-慧泽小学智慧社区服务站,快递,2025-01-08 13:43:01,,1,,6.00,,2.32,42% - 0.2,2,1876867151541096448,极兔快递,JT0014926561228,服饰,浙江省,
慧泽小学智慧社区服务站_站点-慧泽小学智慧社区服务站,快递,2025-01-08 13:38:09,,1,,6.00,,2.32,42% - 0.2,2,1876865927638994944,极兔快递,JT0014923600872,服饰,广东省,
慧泽小学智慧社区服务站_站点-慧泽小学智慧社区服务站,快递,2025-01-08 13:33:19,,1,,6.00,,2.32,42% - 0.2,2,1876864696791126016,极兔快递,JT0014924552526,护肤品,山东省,
慧泽小学智慧社区服务站_站点-慧泽小学智慧社区服务站,快递,2025-01-08 13:04:56,,1,,6.00,,2.32,42% - 0.2,2,1876857555585912832,极兔快递,JT0014922236756,饰品,江西省,
慧泽小学智慧社区服务站_站点-慧泽小学智慧社区服务站,快递,2025-01-08 13:03:40,,1,,6.00,,2.32,42% - 0.2,2,1876857238328758272,极兔快递,JT0014926037491,服饰,广东省,
慧泽小学智慧社区服务站_站点-慧泽小学智慧社区服务站,快递,2025-01-08 13:01:32,,1,,6.00,,2.32,42% - 0.2,2,1876856697607475200,极兔快递,JT0014924076118,红色毛衣,辽宁省,
慧泽小学智慧社区服务站_站点-慧泽小学智慧社区服务站,快递,2025-01-08 12:51:52,,2,,8.00,,3.88,51% - 0.2,2,1876854286255968256,极兔快递,JT0014925637740,卡其色,湖南省,
慧泽小学智慧社区服务站_站点-慧泽小学智慧社区服务站,快递,2025-01-08 12:39:24,,1,,6.00,,2.32,42% - 0.2,2,1876851147012362240,极兔快递,JT0014924309082,服饰,河北省,
慧泽小学智慧社区服务站_站点-慧泽小学智慧社区服务站,快递,2025-01-08 12:29:29,,1,,6.00,,2.32,42% - 0.2,2,1876848655352516608,极兔快递,JT0014923361031,服饰,江苏省,
慧泽小学智慧社区服务站_站点-慧泽小学智慧社区服务站,快递,2025-01-08 12:19:52,,2,,8.00,,3.88,51% - 0.2,2,1876846235440435200,极兔快递,JT0014923274157,服饰,江苏省,
慧泽小学智慧社区服务站_站点-慧泽小学智慧社区服务站,快递,2025-01-08 12:18:15,,2,,8.00,,3.88,51% - 0.2,2,1876845829398253568,极兔快递,JT0014916607508,服饰,安徽省,
慧泽小学智慧社区服务站_站点-慧泽小学智慧社区服务站,快递,2025-01-08 12:16:09,,1.1,,8.00,,3.88,51% - 0.2,2,1876845300672679936,极兔快递,JT0014925098641,水龙头,安徽省,
慧泽小学智慧社区服务站_站点-慧泽小学智慧社区服务站,快递,2025-01-08 12:06:50,,1,,6.00,,2.32,42% - 0.2,2,1876842956149018624,极兔快递,JT0014923788448,服饰,广东省,
慧泽小学智慧社区服务站_站点-慧泽小学智慧社区服务站,快递,2025-01-08 12:01:35,,1,,6.00,,2.32,42% - 0.2,2,1876841632355373056,申通快递,772036525820134,服饰,广东省,
慧泽小学智慧社区服务站_站点-慧泽小学智慧社区服务站,快递,2025-01-08 11:59:47,,1,,6.00,,2.32,42% - 0.2,2,1876841184923799552,极兔快递,JT0014923755532,服饰,浙江省,
慧泽小学智慧社区服务站_站点-慧泽小学智慧社区服务站,快递,2025-01-08 11:57:31,,1,,6.00,,2.32,42% - 0.2,2,1876840611499528192,极兔快递,JT0014923057054,服饰,浙江省,
慧泽小学智慧社区服务站_站点-慧泽小学智慧社区服务站,快递,2025-01-08 11:42:37,,2,,8.00,,3.88,51% - 0.2,2,1876836859304529920,极兔快递,JT0014920889168,服饰,广东省,
慧泽小学智慧社区服务站_站点-慧泽小学智慧社区服务站,快递,2025-01-08 11:39:10,,1,,6.00,,2.32,42% - 0.2,2,1876835994141249536,极兔快递,JT0014923178959,服饰,黑龙江省,
慧泽小学智慧社区服务站_站点-慧泽小学智慧社区服务站,快递,2025-01-08 11:32:16,,1,,6.00,,2.32,42% - 0.2,2,1876834233489870848,极兔快递,JT0014921115990,服饰,广东省,
慧泽小学智慧社区服务站_站点-慧泽小学智慧社区服务站,快递,2025-01-08 11:20:57,,1,,6.00,,2.32,42% - 0.2,2,1876831407703379968,极兔快递,JT0014916648073,服饰,山东省,
慧泽小学智慧社区服务站_站点-慧泽小学智慧社区服务站,快递,2025-01-08 11:08:14,,2,,8.00,,3.88,51% - 0.2,2,1876828176424161280,极兔快递,JT0014903743933,服饰,山东省,
慧泽小学智慧社区服务站_站点-慧泽小学智慧社区服务站,快递,2025-01-08 10:30:13,,1,,6.00,,2.32,42% - 0.2,2,1876818618481954816,极兔快递,JT0014920593457,修复膏,河北省,
慧泽小学智慧社区服务站_站点-慧泽小学智慧社区服务站,快递,2025-01-08 10:16:31,,1,,6.00,,2.32,42% - 0.2,2,1876815163168182272,极兔快递,JT0014916786273,修复膏,江苏省,
慧泽小学智慧社区服务站_站点-慧泽小学智慧社区服务站,快递,2025-01-08 10:08:32,,1,,6.00,,2.32,42% - 0.2,2,1876813180969472000,极兔快递,JT0014920518582,生活用品,四川省,
慧泽小学智慧社区服务站_站点-慧泽小学智慧社区服务站,快递,2025-01-08 10:07:03,,1,,6.00,,2.32,42% - 0.2,2,1876812813342920704,极兔快递,JT0014922207046,服饰,河北省,
慧泽小学智慧社区服务站_站点-慧泽小学智慧社区服务站,快递,2025-01-08 10:05:59,,1.55,,8.00,,3.88,51% - 0.2,2,1876812536795680768,极兔快递,JT0014921457466,食品,河南省,
慧泽小学智慧社区服务站_站点-慧泽小学智慧社区服务站,快递,2025-01-08 10:04:26,,1,,6.00,,2.32,42% - 0.2,2,1876812130849968128,极兔快递,JT0014921867185,生活用品,甘肃省,
慧泽小学智慧社区服务站_站点-慧泽小学智慧社区服务站,快递,2025-01-08 09:51:24,,4.5,,15.00,,7.30,50% - 0.2,2,1876808872957890560,极兔快递,JT0014911607869,食品,甘肃省,
慧泽小学智慧社区服务站_站点-慧泽小学智慧社区服务站,快递,2025-01-08 09:48:44,,4.7,,15.00,,7.30,50% - 0.2,2,1876808182097301504,极兔快递,JT0014917947821,食品,陕西省,
慧泽小学智慧社区服务站_站点-慧泽小学智慧社区服务站,快递,2025-01-08 09:38:44,,1,,6.00,,2.32,42% - 0.2,2,1876805665154191360,极兔快递,JT0014921331650,生活用品,河北省,
慧泽小学智慧社区服务站_站点-慧泽小学智慧社区服务站,快递,2025-01-07 21:18:02,,1,,6.00,,2.32,42% - 0.2,2,1876619244091002880,极兔快递,JT0014912083790,服饰,山东省,
慧泽小学智慧社区服务站_站点-慧泽小学智慧社区服务站,快递,2025-01-07 21:08:10,,1,,6.00,,2.32,42% - 0.2,2,1876616779773825024,极兔快递,JT0014918855181,生活用品,辽宁省,
慧泽小学智慧社区服务站_站点-慧泽小学智慧社区服务站,快递,2025-01-07 20:52:36,,2,,8.00,,3.88,51% - 0.2,2,1876612882179084288,极兔快递,JT0014912131663,鞋子,河南省,
慧泽小学智慧社区服务站_站点-慧泽小学智慧社区服务站,快递,2025-01-07 20:49:14,,2,,9.00,,3.59,51%,2,1876612032257904640,极兔快递,JT0014919021207,冲锋衣三件套,上海市,
慧泽小学智慧社区服务站_站点-慧泽小学智慧社区服务站,快递,2025-01-07 20:47:32,,2,,9.00,,3.59,51%,2,1876611585006686208,极兔快递,JT0014919682556,冲锋衣三件套,上海市,
慧泽小学智慧社区服务站_站点-慧泽小学智慧社区服务站,快递,2025-01-07 20:43:01,,1,,7.00,,1.94,42%,2,1876610472576602112,极兔快递,JT0014919148934,粉色牛仔上衣,上海市,
慧泽小学智慧社区服务站_站点-慧泽小学智慧社区服务站,快递,2025-01-07 20:41:04,,1,,6.00,,2.32,42% - 0.2,2,1876609957935501312,极兔快递,JT0014918240647,红色毛衣两件,福建省,
慧泽小学智慧社区服务站_站点-慧泽小学智慧社区服务站,快递,2025-01-07 20:09:34,,1,,6.00,,2.32,42% - 0.2,2,1876601373315092480,极兔快递,JT0014918188177,手机,广东省,
慧泽小学智慧社区服务站_站点-慧泽小学智慧社区服务站,快递,2025-01-07 20:08:16,,1,,6.00,,2.32,42% - 0.2,2,1876601725645017088,极兔快递,JT0014918911813,服饰,湖南省,
慧泽小学智慧社区服务站_站点-慧泽小学智慧社区服务站,快递,2025-01-07 20:03:24,,1,,6.00,,2.32,42% - 0.2,2,1876600500199411712,极兔快递,JT0014907043991,服饰,广东省,
慧泽小学智慧社区服务站_站点-慧泽小学智慧社区服务站,快递,2025-01-07 20:02:24,,2,,8.00,,3.88,51% - 0.2,2,1876600156929183744,极兔快递,JT0014917617398,服饰,江西省,
慧泽小学智慧社区服务站_站点-慧泽小学智慧社区服务站,快递,2025-01-07 20:00:33,,1,,6.00,,2.32,42% - 0.2,2,1876599782327504896,极兔快递,JT0014904701042,服饰,浙江省,
慧泽小学智慧社区服务站_站点-慧泽小学智慧社区服务站,快递,2025-01-07 19:59:11,,1,,6.00,,2.32,42% - 0.2,2,1876599394765426688,极兔快递,JT0014916370900,服饰,浙江省,
慧泽小学智慧社区服务站_站点-慧泽小学智慧社区服务站,快递,2025-01-07 19:31:55,,1,,6.00,,2.32,42% - 0.2,2,1876592555164225536,极兔快递,JT0014913744610,书,陕西省,
慧泽小学智慧社区服务站_站点-慧泽小学智慧社区服务站,快递,2025-01-07 19:24:08,,1,,6.00,,2.32,42% - 0.2,2,1876590614736588800,极兔快递,JT0014916757563,服饰,广东省,
慧泽小学智慧社区服务站_站点-慧泽小学智慧社区服务站,快递,2025-01-07 19:23:07,,1,,6.00,,2.32,42% - 0.2,2,1876590093309104128,极兔快递,JT0014917384080,服饰,广东省,
慧泽小学智慧社区服务站_站点-慧泽小学智慧社区服务站,快递,2025-01-07 19:20:30,,1,,6.00,,2.32,42% - 0.2,2,1876589702181867520,极兔快递,JT0014918852962,针织护颈,浙江省,
慧泽小学智慧社区服务站_站点-慧泽小学智慧社区服务站,快递,2025-01-07 19:12:52,,2,,8.00,,3.88,51% - 0.2,2,1876583718063493120,极兔快递,JT0014915159156,醒酒器,山西省,
慧泽小学智慧社区服务站_站点-慧泽小学智慧社区服务站,快递,2025-01-07 19:09:03,,1,,7.00,,1.94,42%,2,1876586824230817792,极兔快递,JT0014918953437,服饰,上海市,
慧泽小学智慧社区服务站_站点-慧泽小学智慧社区服务站,快递,2025-01-07 19:07:46,,1,,6.00,,2.32,42% - 0.2,2,1876586502187962368,极兔快递,JT0014914591621,服饰,广东省,
慧泽小学智慧社区服务站_站点-慧泽小学智慧社区服务站,快递,2025-01-07 18:59:19,,1,,6.00,,2.32,42% - 0.2,2,1876584374165884928,极兔快递,JT0014915172261,拖把,浙江省,
慧泽小学智慧社区服务站_站点-慧泽小学智慧社区服务站,快递,2025-01-07 18:57:44,,1,,6.00,,2.32,42% - 0.2,2,1876583956513869824,极兔快递,JT0014919079626,生活用品,浙江省,
慧泽小学智慧社区服务站_站点-慧泽小学智慧社区服务站,快递,2025-01-07 18:17:33,,2,,8.00,,3.88,51% - 0.2,2,1876573846634811392,极兔快递,JT0014913229857,生活用品,河北省,
慧泽小学智慧社区服务站_站点-慧泽小学智慧社区服务站,快递,2025-01-07 17:54:45,,8.35,,27.00,,13.30,50% - 0.2,2,1876568097514901504,极兔快递,JT0014917957444,玻璃瓶油,河南省,
慧泽小学智慧社区服务站_站点-慧泽小学智慧社区服务站,快递,2025-01-07 17:06:47,,1,,6.00,,2.32,42% - 0.2,2,1876556022436646912,极兔快递,JT0014908612732,生活用品,广东省,
慧泽小学智慧社区服务站_站点-慧泽小学智慧社区服务站,快递,2025-01-07 17:02:23,,19.6,,60.00,,29.80,50% - 0.2,2,1876554846332833792,极兔快递,JT0014914920259,生活用品,河南省,
慧泽小学智慧社区服务站_站点-慧泽小学智慧社区服务站,快递,2025-01-07 16:23:06,,1,,6.00,,2.32,42% - 0.2,2,1876545059201273856,极兔快递,JT0014915842216,服饰,黑龙江省,
慧泽小学智慧社区服务站_站点-慧泽小学智慧社区服务站,快递,2025-01-07 16:19:20,,1,,6.00,,2.32,42% - 0.2,2,1876544104976142336,极兔快递,JT0014915668070,服饰,福建省,
慧泽小学智慧社区服务站_站点-慧泽小学智慧社区服务站,快递,2025-01-07 16:16:18,,24.8,,75.00,,37.30,50% - 0.2,2,1876543307391488000,极兔快递,JT0014913372147,生活用品,河南省,
慧泽小学智慧社区服务站_站点-慧泽小学智慧社区服务站,快递,2025-01-07 16:13:55,,1,,6.00,,2.32,42% - 0.2,2,1876542740464193536,极兔快递,JT0014915085059,服饰,广东省,
慧泽小学智慧社区服务站_站点-慧泽小学智慧社区服务站,快递,2025-01-07 16:11:56,,1,,6.00,,2.32,42% - 0.2,2,1876542241438486528,极兔快递,JT0014908854632,鞋子,浙江省,
慧泽小学智慧社区服务站_站点-慧泽小学智慧社区服务站,快递,2025-01-07 16:11:01,,1,,6.00,,2.32,42% - 0.2,2,1876542019614330880,极兔快递,JT0014915737516,服饰,广东省,
慧泽小学智慧社区服务站_站点-慧泽小学智慧社区服务站,快递,2025-01-07 16:09:38,,1,,6.00,,2.32,42% - 0.2,2,1876541598950805504,极兔快递,JT0014906936376,服饰,广东省,
慧泽小学智慧社区服务站_站点-慧泽小学智慧社区服务站,快递,2025-01-07 15:55:23,,11.9,,36.00,,17.80,50% - 0.2,2,1876538061428674560,极兔快递,JT0014899219905,生活用品,河南省,
慧泽小学智慧社区服务站_站点-慧泽小学智慧社区服务站,快递,2025-01-07 15:14:46,,1,,6.00,,2.32,42% - 0.2,2,1876527842241859584,极兔快递,JT0014913585509,服饰,浙江省,
慧泽小学智慧社区服务站_站点-慧泽小学智慧社区服务站,快递,2025-01-07 14:01:41,,1,,6.00,,2.32,42% - 0.2,2,1876509449820360704,极兔快递,JT0014911445823,服饰,浙江省,
慧泽小学智慧社区服务站_站点-慧泽小学智慧社区服务站,快递,2025-01-07 13:52:06,,1,,6.00,,2.32,42% - 0.2,2,1876507061675937792,极兔快递,JT0014911947987,服饰,安徽省,
慧泽小学智慧社区服务站_站点-慧泽小学智慧社区服务站,快递,2025-01-07 13:50:49,,1,,6.00,,2.32,42% - 0.2,2,1876506739016519680,极兔快递,JT0014911894881,裤子,湖北省,
慧泽小学智慧社区服务站_站点-慧泽小学智慧社区服务站,快递,2025-01-07 13:49:23,,1,,6.00,,2.32,42% - 0.2,2,1876506376037257216,极兔快递,JT0014910756636,服饰,河北省,
慧泽小学智慧社区服务站_站点-慧泽小学智慧社区服务站,快递,2025-01-07 13:48:07,,1,,6.00,,2.32,42% - 0.2,2,1876506055533711360,极兔快递,JT0014899075013,服饰,湖北省,
慧泽小学智慧社区服务站_站点-慧泽小学智慧社区服务站,快递,2025-01-07 13:44:22,,1,,6.00,,2.32,42% - 0.2,2,1876505096891977728,极兔快递,JT0014899189114,服饰,广东省,
慧泽小学智慧社区服务站_站点-慧泽小学智慧社区服务站,快递,2025-01-07 13:42:31,,1,,6.00,,2.32,42% - 0.2,2,1876504629071892480,极兔快递,JT0014909602920,服饰,浙江省,
慧泽小学智慧社区服务站_站点-慧泽小学智慧社区服务站,快递,2025-01-07 13:34:08,,1,,6.00,,2.32,42% - 0.2,2,1876502516342247424,极兔快递,JT0014899405212,服饰,浙江省,
慧泽小学智慧社区服务站_站点-慧泽小学智慧社区服务站,快递,2025-01-07 13:19:27,,1,,6.00,,2.32,42% - 0.2,2,1876498823211438080,极兔快递,JT0014910287194,服饰,山东省,
慧泽小学智慧社区服务站_站点-慧泽小学智慧社区服务站,快递,2025-01-07 13:17:48,,1,,6.00,,2.32,42% - 0.2,2,1876498409309130752,极兔快递,JT0014907465075,服饰,广东省,
慧泽小学智慧社区服务站_站点-慧泽小学智慧社区服务站,快递,2025-01-07 13:10:47,,1,,6.00,,2.32,42% - 0.2,2,1876496662477983744,极兔快递,JT0014909711310,鞋子,浙江省,
慧泽小学智慧社区服务站_站点-慧泽小学智慧社区服务站,快递,2025-01-07 12:11:13,,1,,6.00,,2.32,42% - 0.2,2,1876481647419117568,极兔快递,JT0014906004113,服饰,浙江省,
慧泽小学智慧社区服务站_站点-慧泽小学智慧社区服务站,快递,2025-01-07 11:32:29,,1,,6.00,,2.32,42% - 0.2,2,1876471924686901248,极兔快递,JT0014905475582,服饰,江苏省,
慧泽小学智慧社区服务站_站点-慧泽小学智慧社区服务站,快递,2025-01-07 11:27:53,,2,,8.00,,3.88,51% - 0.2,2,1876470745370251264,极兔快递,JT0014909778975,垫子,河北省,
慧泽小学智慧社区服务站_站点-慧泽小学智慧社区服务站,快递,2025-01-07 11:00:07,,2,,8.00,,3.88,51% - 0.2,2,1876463779654717440,极兔快递,JT0014906315359,床裙,江苏省,
慧泽小学智慧社区服务站_站点-慧泽小学智慧社区服务站,快递,2025-01-07 10:57:56,,2,,8.00,,3.88,51% - 0.2,2,1876463147568910336,极兔快递,JT0014908385084,床垫套罩,江苏省,
慧泽小学智慧社区服务站_站点-慧泽小学智慧社区服务站,快递,2025-01-07 10:38:57,,1,,6.00,,2.32,42% - 0.2,2,1876458442935554048,极兔快递,JT0014908761904,生活用品,河北省,
慧泽小学智慧社区服务站_站点-慧泽小学智慧社区服务站,快递,2025-01-07 10:34:22,,2,,8.00,,3.88,51% - 0.2,2,1876457278227664896,极兔快递,JT0014906478540,洗发水,重庆市,
慧泽小学智慧社区服务站_站点-慧泽小学智慧社区服务站,快递,2025-01-07 10:16:52,,1,,6.00,,2.32,42% - 0.2,2,1876452875613556736,极兔快递,JT0014903671428,服饰,辽宁省,
慧泽小学智慧社区服务站_站点-慧泽小学智慧社区服务站,快递,2025-01-07 10:06:52,,1,,6.00,,2.32,42% - 0.2,2,1876255912779632640,极兔快递,JT0014907925009,黑丝神器,浙江省,
慧泽小学智慧社区服务站_站点-慧泽小学智慧社区服务站,快递,2025-01-07 10:05:08,,1,,6.00,,2.32,42% - 0.2,2,1876255774539567104,极兔快递,JT0014902186113,裤袜,江苏省,
慧泽小学智慧社区服务站_站点-慧泽小学智慧社区服务站,快递,2025-01-07 10:03:06,,2,,8.00,,3.88,51% - 0.2,2,1876255578137088000,极兔快递,JT0014907832865,服饰,广东省,
慧泽小学智慧社区服务站_站点-慧泽小学智慧社区服务站,快递,2025-01-07 10:00:34,,1,,6.00,,2.32,42% - 0.2,2,1876448770740506624,极兔快递,JT0014906269978,排毒膏,江苏省,
慧泽小学智慧社区服务站_站点-慧泽小学智慧社区服务站,快递,2025-01-07 09:58:16,,1,,6.00,,2.32,42% - 0.2,2,1876448192941576192,极兔快递,JT0014900433407,修复膏,江西省,
慧泽小学智慧社区服务站_站点-慧泽小学智慧社区服务站,快递,2025-01-07 09:41:26,,1,,6.00,,2.32,42% - 0.2,2,1876443944669466624,韵达快递,312602371217396,生活用品,内蒙古自治区,
慧泽小学智慧社区服务站_站点-慧泽小学智慧社区服务站,快递,2025-01-07 09:39:20,,1,,6.00,,2.32,42% - 0.2,2,1876443424236032000,极兔快递,JT0014892369093,生活用品,四川省,
慧泽小学智慧社区服务站_站点-慧泽小学智慧社区服务站,快递,2025-01-06 20:20:13,2025-01-06 20:42:07,1,,6.00,,0.00,,2,1876242338116063232,极兔快递,JT0014891616710,服饰,山东省,已全额退款
慧泽小学智慧社区服务站_站点-慧泽小学智慧社区服务站,快递,2025-01-06 20:38:15,,1,,6.00,,2.32,42% - 0.2,2,1876246861794562048,极兔快递,JT0014904594284,服饰,湖北省,
慧泽小学智慧社区服务站_站点-慧泽小学智慧社区服务站,快递,2025-01-06 20:32:34,,1,,6.00,,2.32,42% - 0.2,2,1876245452172873728,极兔快递,JT0014898622760,服饰,广东省,
慧泽小学智慧社区服务站_站点-慧泽小学智慧社区服务站,快递,2025-01-06 20:25:39,,1,,6.00,,2.32,42% - 0.2,2,1876243712321048576,极兔快递,JT0014888125423,服饰,浙江省,
慧泽小学智慧社区服务站_站点-慧泽小学智慧社区服务站,快递,2025-01-06 20:17:22,,1,,6.00,,2.32,42% - 0.2,2,1876241624312631296,极兔快递,JT0014903210983,发箍,浙江省,
慧泽小学智慧社区服务站_站点-慧泽小学智慧社区服务站,快递,2025-01-06 20:10:20,,1,,6.00,,2.32,42% - 0.2,2,1876239856010842112,极兔快递,JT0014901038101,服饰,辽宁省,
慧泽小学智慧社区服务站_站点-慧泽小学智慧社区服务站,快递,2025-01-06 20:07:27,,1,,6.00,,2.32,42% - 0.2,2,1876239111257640960,极兔快递,JT0014903541309,服饰,广东省,
慧泽小学智慧社区服务站_站点-慧泽小学智慧社区服务站,快递,2025-01-06 20:00:37,,1,,6.00,,2.32,42% - 0.2,2,1876237412598075392,极兔快递,JT0014903547219,服饰,浙江省,
慧泽小学智慧社区服务站_站点-慧泽小学智慧社区服务站,快递,2025-01-06 19:31:31,,1,,6.00,,2.32,42% - 0.2,2,1876230066752770048,极兔快递,JT0014903037980,大衣,江苏省,
慧泽小学智慧社区服务站_站点-慧泽小学智慧社区服务站,快递,2025-01-06 19:01:43,,1,,6.00,,2.32,42% - 0.2,2,1876222573758697472,极兔快递,JT0014901486148,裤子,河南省,
慧泽小学智慧社区服务站_站点-慧泽小学智慧社区服务站,快递,2025-01-06 19:00:41,,1,,6.00,,2.32,42% - 0.2,2,1876222310410932224,极兔快递,JT0014895227336,眼霜,福建省,
慧泽小学智慧社区服务站_站点-慧泽小学智慧社区服务站,快递,2025-01-06 18:15:31,,1,,6.00,,2.32,42% - 0.2,2,1876210940311420928,极兔快递,JT0014901508014,耳饰,浙江省,
慧泽小学智慧社区服务站_站点-慧泽小学智慧社区服务站,快递,2025-01-06 18:07:32,,10.4,,33.00,,16.30,50% - 0.2,2,1876208951703814144,极兔快递,JT0014894482396,坚果,浙江省,
慧泽小学智慧社区服务站_站点-慧泽小学智慧社区服务站,快递,2025-01-06 17:54:43,,2,,8.00,,3.88,51% - 0.2,2,1876205706474340352,极兔快递,JT0014902257491,干果,浙江省,
慧泽小学智慧社区服务站_站点-慧泽小学智慧社区服务站,快递,2025-01-06 17:42:30,,1,,6.00,,2.32,42% - 0.2,2,1876202652899393536,极兔快递,JT0014899147190,服饰,广东省,
慧泽小学智慧社区服务站_站点-慧泽小学智慧社区服务站,快递,2025-01-06 17:40:57,,2,,8.00,,3.88,51% - 0.2,2,1876202240783859712,极兔快递,JT0014901353872,服饰,河北省,
慧泽小学智慧社区服务站_站点-慧泽小学智慧社区服务站,快递,2025-01-06 17:32:22,,1,,6.00,,2.32,42% - 0.2,2,1876199813661769728,极兔快递,JT0014900749110,服饰,广东省,
慧泽小学智慧社区服务站_站点-慧泽小学智慧社区服务站,快递,2025-01-06 17:27:05,,1,,6.00,,2.32,42% - 0.2,2,1876198776284561408,极兔快递,JT0014900490828,植物饮料,安徽省,
慧泽小学智慧社区服务站_站点-慧泽小学智慧社区服务站,快递,2025-01-06 17:25:34,,1,,6.00,,2.32,42% - 0.2,2,1876198341742084096,极兔快递,JT0014900276366,美白祛斑霜,广东省,
慧泽小学智慧社区服务站_站点-慧泽小学智慧社区服务站,快递,2025-01-06 17:21:16,,1.8,,8.00,,3.88,51% - 0.2,2,1876197264447684608,极兔快递,JT0014897840917,生活用品,陕西省,
慧泽小学智慧社区服务站_站点-慧泽小学智慧社区服务站,快递,2025-01-06 17:17:41,,1,,6.00,,2.32,42% - 0.2,2,1876196184984829952,韵达快递,312602015627790,生活用品,内蒙古自治区,
慧泽小学智慧社区服务站_站点-慧泽小学智慧社区服务站,快递,2025-01-06 17:01:43,,1,,6.00,,2.32,42% - 0.2,2,1876192367593570304,极兔快递,JT0014900172294,服饰,浙江省,
慧泽小学智慧社区服务站_站点-慧泽小学智慧社区服务站,快递,2025-01-06 16:34:49,,1,,6.00,,2.32,42% - 0.2,2,1876185621458239488,极兔快递,JT0014898421585,服饰,浙江省,
慧泽小学智慧社区服务站_站点-慧泽小学智慧社区服务站,快递,2025-01-06 16:33:00,,1,,6.00,,2.32,42% - 0.2,2,1876185141097185280,极兔快递,JT0014895877535,服饰,广东省,
慧泽小学智慧社区服务站_站点-慧泽小学智慧社区服务站,快递,2025-01-06 15:50:49,2025-01-06 16:29:27,1,,6.00,,0.00,,2,1876174521388630016,极兔快递,JT0014899505322,服饰,广东省,已全额退款
慧泽小学智慧社区服务站_站点-慧泽小学智慧社区服务站,快递,2025-01-06 16:22:20,,1,,6.00,,2.32,42% - 0.2,2,1876182447158640640,极兔快递,JT0014900782461,床单,河北省,
慧泽小学智慧社区服务站_站点-慧泽小学智慧社区服务站,快递,2025-01-06 15:53:31,,1,,6.00,,2.32,42% - 0.2,2,1876175208830861312,极兔快递,JT0014898766308,包包,广东省,
慧泽小学智慧社区服务站_站点-慧泽小学智慧社区服务站,快递,2025-01-06 15:20:52,,4,,12.00,,5.80,50% - 0.2,2,1876166984973070336,极兔快递,JT0014898176027,枣,四川省,
慧泽小学智慧社区服务站_站点-慧泽小学智慧社区服务站,快递,2025-01-06 15:09:29,,1,,6.00,,2.32,42% - 0.2,2,1876164126659751936,极兔快递,JT0014898691918,服饰,河北省,
慧泽小学智慧社区服务站_站点-慧泽小学智慧社区服务站,快递,2025-01-06 14:52:13,,1,,6.00,,2.32,42% - 0.2,2,1876159801032093696,极兔快递,JT0014895196196,服饰,浙江省,
慧泽小学智慧社区服务站_站点-慧泽小学智慧社区服务站,快递,2025-01-06 14:32:12,,1,,6.00,,2.32,42% - 0.2,2,1876154764272775168,极兔快递,JT0014895513053,服饰,广东省,
慧泽小学智慧社区服务站_站点-慧泽小学智慧社区服务站,快递,2025-01-06 14:30:20,,1,,6.00,,2.32,42% - 0.2,2,1876154276345196544,极兔快递,JT0014898104516,服饰,浙江省,
慧泽小学智慧社区服务站_站点-慧泽小学智慧社区服务站,快递,2025-01-06 14:00:10,,1,,6.00,,2.32,42% - 0.2,2,1876146690380181504,极兔快递,JT0014896145769,服饰,广东省,
慧泽小学智慧社区服务站_站点-慧泽小学智慧社区服务站,快递,2025-01-06 13:35:19,,1,,6.00,,2.32,42% - 0.2,2,1876140450266656768,极兔快递,JT0014891799153,服饰,浙江省,
慧泽小学智慧社区服务站_站点-慧泽小学智慧社区服务站,快递,2025-01-06 13:33:45,,1,,6.00,,2.32,42% - 0.2,2,1876140032362983424,极兔快递,JT0014886553468,服饰,浙江省,
慧泽小学智慧社区服务站_站点-慧泽小学智慧社区服务站,快递,2025-01-06 12:49:43,,1,,6.00,,2.32,42% - 0.2,2,1876128961430466560,极兔快递,JT0014894663029,耳机,广东省,
慧泽小学智慧社区服务站_站点-慧泽小学智慧社区服务站,快递,2025-01-06 12:48:38,,1,,6.00,,2.32,42% - 0.2,2,1876128699173220352,极兔快递,JT0014895979809,卷笔刀,安徽省,
慧泽小学智慧社区服务站_站点-慧泽小学智慧社区服务站,快递,2025-01-06 12:36:08,,1,,6.00,,2.32,42% - 0.2,2,1876125534734430208,极兔快递,JT0014891539365,包包,山东省,
慧泽小学智慧社区服务站_站点-慧泽小学智慧社区服务站,快递,2025-01-06 12:24:25,,4,,12.00,,5.80,50% - 0.2,2,1876122596997771264,极兔快递,JT0014894976229,奶粉,陕西省,
慧泽小学智慧社区服务站_站点-慧泽小学智慧社区服务站,快递,2025-01-06 12:04:29,,1,,6.00,,2.32,42% - 0.2,2,1876117590114480128,极兔快递,JT0014894293826,服饰,广东省,
慧泽小学智慧社区服务站_站点-慧泽小学智慧社区服务站,快递,2025-01-06 12:03:38,,2,,8.00,,3.88,51% - 0.2,2,1876117308194336768,极兔快递,JT0014894632977,杯子,浙江省,
慧泽小学智慧社区服务站_站点-慧泽小学智慧社区服务站,快递,2025-01-06 12:00:52,,1,,6.00,,2.32,42% - 0.2,2,1876116658458898432,极兔快递,JT0014893604049,服饰,江苏省,
慧泽小学智慧社区服务站_站点-慧泽小学智慧社区服务站,快递,2025-01-06 11:25:54,,1,,6.00,,2.32,42% - 0.2,2,1876107879034040320,极兔快递,JT0014893936936,生活用品,河北省,
慧泽小学智慧社区服务站_站点-慧泽小学智慧社区服务站,快递,2025-01-06 11:20:36,,1,,6.00,,2.32,42% - 0.2,2,1876106546302332928,极兔快递,JT0014893142351,服饰,江苏省,
慧泽小学智慧社区服务站_站点-慧泽小学智慧社区服务站,快递,2025-01-06 11:17:17,,1,,6.00,,2.32,42% - 0.2,2,1876105709731622912,极兔快递,JT0014893011655,服饰,山东省,
慧泽小学智慧社区服务站_站点-慧泽小学智慧社区服务站,快递,2025-01-06 11:16:10,,1,,6.00,,2.32,42% - 0.2,2,1876105405871075328,极兔快递,JT0014890922134,服饰,浙江省,
慧泽小学智慧社区服务站_站点-慧泽小学智慧社区服务站,快递,2025-01-06 10:55:09,,1,,6.00,,2.32,42% - 0.2,2,1876100141704982528,极兔快递,JT0014887862895,手镯,山东省,
慧泽小学智慧社区服务站_站点-慧泽小学智慧社区服务站,快递,2025-01-06 10:30:04,,1,,6.00,,2.32,42% - 0.2,2,1876093793537798144,极兔快递,JT0014884898131,修复膏,江苏省,
慧泽小学智慧社区服务站_站点-慧泽小学智慧社区服务站,快递,2025-01-06 10:05:06,,1,,6.00,,2.32,42% - 0.2,2,1876087541000744960,极兔快递,JT0014892921985,服饰,浙江省,
慧泽小学智慧社区服务站_站点-慧泽小学智慧社区服务站,快递,2025-01-06 10:03:08,,1,,6.00,,2.32,42% - 0.2,2,1876087051651297280,极兔快递,JT0014889529258,锁子,辽宁省,
慧泽小学智慧社区服务站_站点-慧泽小学智慧社区服务站,快递,2025-01-06 10:01:43,,1,,7.00,,1.94,42%,2,1876086670632333312,极兔快递,JT0014886077566,生活用品,上海市,
慧泽小学智慧社区服务站_站点-慧泽小学智慧社区服务站,快递,2025-01-06 09:49:58,,1,,6.00,,2.32,42% - 0.2,2,1876083704277938176,极兔快递,JT0014891975047,生活用品,甘肃省,
慧泽小学智慧社区服务站_站点-慧泽小学智慧社区服务站,快递,2025-01-06 09:47:36,,1,,6.00,,2.32,42% - 0.2,2,1876083120145608704,极兔快递,JT0014890819498,服饰,广东省,
慧泽小学智慧社区服务站_站点-慧泽小学智慧社区服务站,快递,2025-01-06 09:46:37,,1,,12.00,,3.80,31.67% - 0.2,2,1876082866146947072,极兔快递,JT0014887141024,生活用品,海南省,
慧泽小学智慧社区服务站_站点-慧泽小学智慧社区服务站,快递,2025-01-06 09:27:45,,1,,6.00,,2.32,42% - 0.2,2,1876078133147512832,极兔快递,JT0014891554506,服饰,浙江省,
慧泽小学智慧社区服务站_站点-慧泽小学智慧社区服务站,快递,2025-01-06 08:49:11,,1,,6.00,,2.32,42% - 0.2,2,1876068419336581120,极兔快递,JT0014889241340,服饰,广东省,
慧泽小学智慧社区服务站_站点-慧泽小学智慧社区服务站,快递,2025-01-06 08:31:54,,1,,6.00,,2.32,42% - 0.2,2,1876064085433561088,极兔快递,JT0014890975092,生活用品,江西省,
慧泽小学智慧社区服务站_站点-慧泽小学智慧社区服务站,快递,2025-01-06 08:31:09,,1,,6.00,,2.32,42% - 0.2,2,1876063896895401984,极兔快递,JT0014888707623,生活用品,江西省,
慧泽小学智慧社区服务站_站点-慧泽小学智慧社区服务站,快递,2025-01-06 08:30:22,,1,,6.00,,2.32,42% - 0.2,2,1876063698806812672,极兔快递,JT0014889263356,生活用品,江西省,
慧泽小学智慧社区服务站_站点-慧泽小学智慧社区服务站,快递,2025-01-06 08:29:25,,1,,6.00,,2.32,42% - 0.2,2,1876063457382674432,极兔快递,JT0014883259493,生活用品,江西省,
慧泽小学智慧社区服务站_站点-慧泽小学智慧社区服务站,快递,2025-01-06 08:28:25,,1,,6.00,,2.32,42% - 0.2,2,1876063205191757824,极兔快递,JT0014887845612,生活用品,江西省,
慧泽小学智慧社区服务站_站点-慧泽小学智慧社区服务站,快递,2025-01-06 08:27:32,,1,,6.00,,2.32,42% - 0.2,2,1876062991265476608,极兔快递,JT0014887381148,生活用品,江西省,
慧泽小学智慧社区服务站_站点-慧泽小学智慧社区服务站,快递,2025-01-06 08:26:26,,1,,6.00,,2.32,42% - 0.2,2,1876062714638544896,极兔快递,JT0014890014285,生活用品,江西省,
慧泽小学智慧社区服务站_站点-慧泽小学智慧社区服务站,快递,2025-01-06 08:25:15,,1,,6.00,,2.32,42% - 0.2,2,1876062416935235584,极兔快递,JT0014890707523,生活用品,江西省,
慧泽小学智慧社区服务站_站点-慧泽小学智慧社区服务站,快递,2025-01-06 08:24:11,2025-01-06 08:24:51,1,,6.00,,0.00,,2,1876062126471294976,极兔快递,JT0014890844380,生活用品,江西省,已全额退款
慧泽小学智慧社区服务站_站点-慧泽小学智慧社区服务站,快递,2025-01-06 08:23:20,,1,,6.00,,2.32,42% - 0.2,2,1876061910896652288,极兔快递,JT0014889953647,生活用品,江西省,
慧泽小学智慧社区服务站_站点-慧泽小学智慧社区服务站,快递,2025-01-06 08:06:03,,1,,6.00,,2.32,42% - 0.2,2,1876057563185983488,极兔快递,JT0014881698066,串珠,浙江省,
慧泽小学智慧社区服务站_站点-慧泽小学智慧社区服务站,快递,2025-01-06 08:03:26,,1,,6.00,,2.32,42% - 0.2,2,1876056903992389632,极兔快递,JT0014889700319,服饰,广东省,
慧泽小学智慧社区服务站_站点-慧泽小学智慧社区服务站,快递,2025-01-05 19:49:49,,1,,6.00,,2.32,42% - 0.2,2,1875872296214900736,极兔快递,JT0014886458497,毛衣,广东省,
慧泽小学智慧社区服务站_站点-慧泽小学智慧社区服务站,快递,2025-01-05 19:33:51,,1,,6.00,,2.32,42% - 0.2,2,1875868287634681856,极兔快递,JT0014886770283,裤子,广东省,
慧泽小学智慧社区服务站_站点-慧泽小学智慧社区服务站,快递,2025-01-05 19:31:57,,1,,6.00,,2.32,42% - 0.2,2,1875867810348052480,极兔快递,JT0014885559489,打底裤,浙江省,
慧泽小学智慧社区服务站_站点-慧泽小学智慧社区服务站,快递,2025-01-05 19:29:08,,1,,6.00,,2.32,42% - 0.2,2,1875867097702248448,极兔快递,JT0014886816757,服饰,浙江省,
慧泽小学智慧社区服务站_站点-慧泽小学智慧社区服务站,快递,2025-01-05 18:11:13,,1,,6.00,,2.32,42% - 0.2,2,1875847482964094976,极兔快递,JT0014886812739,服饰,广东省,
慧泽小学智慧社区服务站_站点-慧泽小学智慧社区服务站,快递,2025-01-05 17:45:43,,1,,6.00,,2.32,42% - 0.2,2,1875841052617912320,极兔快递,JT0014886350379,白色衣服,广东省,
慧泽小学智慧社区服务站_站点-慧泽小学智慧社区服务站,快递,2025-01-05 17:44:37,,1,,6.00,,2.32,42% - 0.2,2,1875840802582867968,极兔快递,JT0014887720977,蓝色裙子,广东省,
慧泽小学智慧社区服务站_站点-慧泽小学智慧社区服务站,快递,2025-01-05 17:43:26,,1,,6.00,,2.32,42% - 0.2,2,1875840480464515072,极兔快递,JT0014886204682,蓝色毛衣,广东省,
慧泽小学智慧社区服务站_站点-慧泽小学智慧社区服务站,快递,2025-01-05 17:28:44,,1,,6.00,,2.32,42% - 0.2,2,1875836799480410112,极兔快递,JT0014883133821,服饰,江苏省,
慧泽小学智慧社区服务站_站点-慧泽小学智慧社区服务站,快递,2025-01-05 17:00:57,,1.4,,8.00,,3.88,51% - 0.2,2,1875829751745261568,极兔快递,JT0014885891983,生活用品,广东省,
慧泽小学智慧社区服务站_站点-慧泽小学智慧社区服务站,快递,2025-01-05 16:43:14,,1,,6.00,,2.32,42% - 0.2,2,1875825345633103872,极兔快递,JT0014883841322,服饰,广东省,
慧泽小学智慧社区服务站_站点-慧泽小学智慧社区服务站,快递,2025-01-05 16:23:34,,1,,6.00,,2.32,42% - 0.2,2,1875820390151008256,极兔快递,JT0014883746001,胶带,陕西省,
慧泽小学智慧社区服务站_站点-慧泽小学智慧社区服务站,快递,2025-01-05 16:21:28,,1,,6.00,,2.32,42% - 0.2,2,1875819853452062720,极兔快递,JT0014884121433,玻璃杯,云南省,
慧泽小学智慧社区服务站_站点-慧泽小学智慧社区服务站,快递,2025-01-05 16:03:26,,1,,6.00,,2.32,42% - 0.2,2,1875815314590183424,极兔快递,JT0014883495227,烤盘,浙江省,
慧泽小学智慧社区服务站_站点-慧泽小学智慧社区服务站,快递,2025-01-05 15:49:59,,1,,6.00,,2.32,42% - 0.2,2,1875811856692719616,韵达快递,312600752692009,生活用品,内蒙古自治区,
慧泽小学智慧社区服务站_站点-慧泽小学智慧社区服务站,快递,2025-01-05 15:32:33,,2.4,,10.00,,5.30,55% - 0.2,2,1875807562052579328,极兔快递,JT0014885114984,生活用品,陕西省,
慧泽小学智慧社区服务站_站点-慧泽小学智慧社区服务站,快递,2025-01-05 15:15:48,,1.6,,8.00,,3.88,51% - 0.2,2,1875803336454877184,极兔快递,JT0014880790941,床单,山东省,
慧泽小学智慧社区服务站_站点-慧泽小学智慧社区服务站,快递,2025-01-05 15:13:56,,1,,6.00,,2.32,42% - 0.2,2,1875802868618014720,极兔快递,JT0014879185496,服饰,浙江省,
慧泽小学智慧社区服务站_站点-慧泽小学智慧社区服务站,快递,2025-01-05 14:51:37,,1.2,,8.00,,3.88,51% - 0.2,2,1875797241149698048,极兔快递,JT0014878546620,染发剂,陕西省,
慧泽小学智慧社区服务站_站点-慧泽小学智慧社区服务站,快递,2025-01-05 14:29:31,,1,,6.00,,2.32,42% - 0.2,2,1875791653791510528,极兔快递,JT0014883421846,服饰,浙江省,
慧泽小学智慧社区服务站_站点-慧泽小学智慧社区服务站,快递,2025-01-05 14:28:21,,1,,6.00,,2.32,42% - 0.2,2,1875791386316550144,极兔快递,JT0014878272431,鞋子,浙江省,
慧泽小学智慧社区服务站_站点-慧泽小学智慧社区服务站,快递,2025-01-05 14:14:55,,5.95,,18.00,,8.80,50% - 0.2,2,1875787966448840704,极兔快递,JT0014881164989,生活用品,陕西省,
慧泽小学智慧社区服务站_站点-慧泽小学智慧社区服务站,快递,2025-01-05 14:02:39,,1,,6.00,,2.32,42% - 0.2,2,1875784914601947136,极兔快递,JT0014881496060,服饰,浙江省,
慧泽小学智慧社区服务站_站点-慧泽小学智慧社区服务站,快递,2025-01-05 13:45:26,,1,,6.00,,2.32,42% - 0.2,2,1875780575359578112,极兔快递,JT0014880446198,服饰,广东省,
慧泽小学智慧社区服务站_站点-慧泽小学智慧社区服务站,快递,2025-01-05 13:21:40,,1,,6.00,,2.32,42% - 0.2,2,1875774588108058624,极兔快递,JT0014874683665,服饰,浙江省,
慧泽小学智慧社区服务站_站点-慧泽小学智慧社区服务站,快递,2025-01-05 12:27:28,,1,,6.00,,2.32,42% - 0.2,2,1875760969332994048,极兔快递,JT0014873800941,服饰,广东省,
慧泽小学智慧社区服务站_站点-慧泽小学智慧社区服务站,快递,2025-01-05 11:09:08,,1,,6.00,,2.32,42% - 0.2,2,1875741269102342144,极兔快递,JT0014880130257,生活用品,甘肃省,
慧泽小学智慧社区服务站_站点-慧泽小学智慧社区服务站,快递,2025-01-05 10:53:07,,1,,6.00,,2.32,42% - 0.2,2,1875737239940673536,极兔快递,JT0014878714399,服饰,河北省,
慧泽小学智慧社区服务站_站点-慧泽小学智慧社区服务站,快递,2025-01-05 10:52:35,,1,,6.00,,2.32,42% - 0.2,2,1875737100031275008,极兔快递,JT0014875759987,服饰,河北省,
慧泽小学智慧社区服务站_站点-慧泽小学智慧社区服务站,快递,2025-01-05 10:51:58,,1,,6.00,,2.32,42% - 0.2,2,1875736819683995648,极兔快递,JT0014879845806,服饰,河北省,
慧泽小学智慧社区服务站_站点-慧泽小学智慧社区服务站,快递,2025-01-05 10:47:27,,1,,6.00,,2.32,42% - 0.2,2,1875735815668281344,极兔快递,JT0014871659249,服饰,广东省,
慧泽小学智慧社区服务站_站点-慧泽小学智慧社区服务站,快递,2025-01-05 10:46:29,,2,,8.00,,3.88,51% - 0.2,2,1875735570121142272,极兔快递,JT0014857193733,鞋子,广东省,
慧泽小学智慧社区服务站_站点-慧泽小学智慧社区服务站,快递,2025-01-05 10:40:07,,1,,6.00,,2.32,42% - 0.2,2,1875725790757433344,极兔快递,JT0014879320293,生活用品,陕西省,
慧泽小学智慧社区服务站_站点-慧泽小学智慧社区服务站,快递,2025-01-05 10:11:48,,1,,6.00,,2.32,42% - 0.2,2,1875726840893714432,极兔快递,JT0014879431219,生活用品,安徽省,
慧泽小学智慧社区服务站_站点-慧泽小学智慧社区服务站,快递,2025-01-05 09:57:54,,1,,6.00,,2.32,42% - 0.2,2,1875723343469129728,极兔快递,JT0014877258544,减肥药,浙江省,
慧泽小学智慧社区服务站_站点-慧泽小学智慧社区服务站,快递,2025-01-05 09:33:12,,1,,6.00,,2.32,42% - 0.2,2,1875717074255523840,极兔快递,JT0014877296190,服饰,广东省,
慧泽小学智慧社区服务站_站点-慧泽小学智慧社区服务站,快递,2025-01-05 09:31:49,,1,,6.00,,2.32,42% - 0.2,2,1875716779735691264,极兔快递,JT0014875979587,服饰,浙江省,
慧泽小学智慧社区服务站_站点-慧泽小学智慧社区服务站,快递,2025-01-05 09:28:53,,2.3,,10.00,,5.30,55% - 0.2,2,1875716044667138048,极兔快递,JT0014878591758,传单,河北省,
慧泽小学智慧社区服务站_站点-慧泽小学智慧社区服务站,快递,2025-01-05 09:20:11,,1,,6.00,,2.32,42% - 0.2,2,1875713855282393088,极兔快递,JT0014861378106,修复膏凝胶,河北省,
慧泽小学智慧社区服务站_站点-慧泽小学智慧社区服务站,快递,2025-01-05 09:17:52,,2,,9.00,,3.59,51%,2,1875713246600802304,极兔快递,JT0014878896299,服饰,上海市,
慧泽小学智慧社区服务站_站点-慧泽小学智慧社区服务站,快递,2025-01-05 09:15:50,,2,,9.00,,3.59,51%,2,1875712760367722496,极兔快递,JT0014874632383,油馍馍,北京市,
慧泽小学智慧社区服务站_站点-慧泽小学智慧社区服务站,快递,2025-01-04 20:43:06,,2,,8.00,,3.88,51% - 0.2,2,1875523265798254592,极兔快递,JT0014877117375,鞋子,河北省,
慧泽小学智慧社区服务站_站点-慧泽小学智慧社区服务站,快递,2025-01-04 19:47:02,,1,,6.00,,2.32,42% - 0.2,2,1875509197716762624,申通快递,772036373200908,鞋子,黑龙江省,
慧泽小学智慧社区服务站_站点-慧泽小学智慧社区服务站,快递,2025-01-04 18:42:47,,1,,6.00,,2.32,42% - 0.2,2,1875493027466883072,极兔快递,JT0014875934394,服饰,辽宁省,
慧泽小学智慧社区服务站_站点-慧泽小学智慧社区服务站,快递,2025-01-04 18:29:50,,1,,6.00,,2.32,42% - 0.2,2,1875489790646988800,极兔快递,JT0014873468021,服饰,河北省,
慧泽小学智慧社区服务站_站点-慧泽小学智慧社区服务站,快递,2025-01-04 18:28:24,,2,,8.00,,3.88,51% - 0.2,2,1875489407275020288,极兔快递,JT0014870897426,服饰,广东省,
慧泽小学智慧社区服务站_站点-慧泽小学智慧社区服务站,快递,2025-01-04 18:19:42,,1,,6.00,,2.32,42% - 0.2,2,1875487238786297856,极兔快递,JT0014874154111,生活用品,陕西省,
慧泽小学智慧社区服务站_站点-慧泽小学智慧社区服务站,快递,2025-01-04 18:17:38,,5.6,,18.00,,8.80,50% - 0.2,2,1875486700287995904,极兔快递,JT0014873110744,食品,宁夏回族自治区,
慧泽小学智慧社区服务站_站点-慧泽小学智慧社区服务站,快递,2025-01-04 18:04:10,2025-01-04 18:17:03,5.6,,18.00,,0.00,,2,1875483296836792320,极兔快递,JT0014872494451,食品,宁夏回族自治区,已全额退款
慧泽小学智慧社区服务站_站点-慧泽小学智慧社区服务站,快递,2025-01-04 18:06:38,,1,,6.00,,2.32,42% - 0.2,2,1875483930264776704,极兔快递,JT0014868495966,生活用品,河北省,
慧泽小学智慧社区服务站_站点-慧泽小学智慧社区服务站,快递,2025-01-04 17:40:13,,1,,6.00,,2.32,42% - 0.2,2,1875477298084491264,极兔快递,JT0014872202706,假发头绳,浙江省,
慧泽小学智慧社区服务站_站点-慧泽小学智慧社区服务站,快递,2025-01-04 16:47:09,,3,,10.00,,5.30,55% - 0.2,2,1875463945605787648,极兔快递,JT0014874011950,床单,山东省,
慧泽小学智慧社区服务站_站点-慧泽小学智慧社区服务站,快递,2025-01-04 16:45:02,,2,,8.00,,3.88,51% - 0.2,2,1875463418331443200,极兔快递,JT0014872427039,服饰,黑龙江省,
慧泽小学智慧社区服务站_站点-慧泽小学智慧社区服务站,快递,2025-01-04 16:44:19,,1,,6.00,,2.32,42% - 0.2,2,1875463235401068544,极兔快递,JT0014873414492,吊坠,福建省,
慧泽小学智慧社区服务站_站点-慧泽小学智慧社区服务站,快递,2025-01-04 16:35:01,,1,,6.00,,2.32,42% - 0.2,2,1875460896107704320,极兔快递,JT0014869955723,服饰,河南省,
慧泽小学智慧社区服务站_站点-慧泽小学智慧社区服务站,快递,2025-01-04 16:07:43,,4,,12.00,,5.80,50% - 0.2,2,1875454023535079424,极兔快递,JT0014873027888,食品,陕西省,
慧泽小学智慧社区服务站_站点-慧泽小学智慧社区服务站,快递,2025-01-04 15:51:28,,1,,6.00,,2.32,42% - 0.2,2,1875449937213435904,极兔快递,JT0014872738469,服饰,湖北省,
慧泽小学智慧社区服务站_站点-慧泽小学智慧社区服务站,快递,2025-01-04 15:37:19,,1,,6.00,,2.32,42% - 0.2,2,1875446372222808064,极兔快递,JT0014872092079,生活用品,辽宁省,
慧泽小学智慧社区服务站_站点-慧泽小学智慧社区服务站,快递,2025-01-04 15:33:03,,1,,6.00,,2.32,42% - 0.2,2,1875445263173332992,极兔快递,JT0014867364771,锁芯,安徽省,
慧泽小学智慧社区服务站_站点-慧泽小学智慧社区服务站,快递,2025-01-04 15:04:53,,1,,6.00,,2.32,42% - 0.2,2,1875438212959350784,极兔快递,JT0014865255331,瓜子,天津市,
慧泽小学智慧社区服务站_站点-慧泽小学智慧社区服务站,快递,2025-01-04 14:59:08,,1,,6.00,,2.32,42% - 0.2,2,1875436762845851648,极兔快递,JT0014870447375,生活用品,广东省,
慧泽小学智慧社区服务站_站点-慧泽小学智慧社区服务站,快递,2025-01-04 14:55:17,,1,,6.00,,2.32,42% - 0.2,2,1875435793508642816,极兔快递,JT0014868157052,生活用品,陕西省,
慧泽小学智慧社区服务站_站点-慧泽小学智慧社区服务站,快递,2025-01-04 14:19:24,,1,,6.00,,2.32,42% - 0.2,2,1875426764916961280,极兔快递,JT0014869876192,裤子,广东省,
慧泽小学智慧社区服务站_站点-慧泽小学智慧社区服务站,快递,2025-01-04 13:55:55,,1,,6.00,,2.32,42% - 0.2,2,1875420853037084672,极兔快递,JT0014860620340,裤子,广西壮族自治区,
慧泽小学智慧社区服务站_站点-慧泽小学智慧社区服务站,快递,2025-01-04 13:40:22,,1,,6.00,,2.32,42% - 0.2,2,1875416943459217408,极兔快递,JT0014863477995,枕套,河北省,
慧泽小学智慧社区服务站_站点-慧泽小学智慧社区服务站,快递,2025-01-04 13:35:50,,1,,6.00,,2.32,42% - 0.2,2,1875415795616624640,极兔快递,JT0014859346999,枕套,河北省,
慧泽小学智慧社区服务站_站点-慧泽小学智慧社区服务站,快递,2025-01-04 13:26:10,,1,,6.00,,2.32,42% - 0.2,2,1875413370818179072,极兔快递,JT0014869192478,枕巾,河北省,
慧泽小学智慧社区服务站_站点-慧泽小学智慧社区服务站,快递,2025-01-04 13:23:56,,1,,6.00,,2.32,42% - 0.2,2,1875412803676975104,极兔快递,JT0014868993646,服饰,安徽省,
慧泽小学智慧社区服务站_站点-慧泽小学智慧社区服务站,快递,2025-01-04 12:46:23,,1,,6.00,,2.32,42% - 0.2,2,1875403349875142656,极兔快递,JT0014861274712,服饰,浙江省,
慧泽小学智慧社区服务站_站点-慧泽小学智慧社区服务站,快递,2025-01-04 12:12:04,,2,,8.00,,3.88,51% - 0.2,2,1875394718190448640,极兔快递,JT0014858771132,玉米,辽宁省,
慧泽小学智慧社区服务站_站点-慧泽小学智慧社区服务站,快递,2025-01-04 12:10:53,,1,,6.00,,2.32,42% - 0.2,2,1875394413151301632,极兔快递,JT0014866876869,服饰,广东省,
慧泽小学智慧社区服务站_站点-慧泽小学智慧社区服务站,快递,2025-01-04 11:57:24,,1,,6.00,,2.32,42% - 0.2,2,1875391026137575424,极兔快递,JT0014865270538,服饰,江苏省,
慧泽小学智慧社区服务站_站点-慧泽小学智慧社区服务站,快递,2025-01-04 11:53:04,,2,,8.00,,3.88,51% - 0.2,2,1875389940488122368,极兔快递,JT0014867172004,服饰,江苏省,
慧泽小学智慧社区服务站_站点-慧泽小学智慧社区服务站,快递,2025-01-04 11:17:59,,1,,6.00,,2.32,42% - 0.2,2,1875381108805181440,极兔快递,JT0014860319948,服饰,河北省,
慧泽小学智慧社区服务站_站点-慧泽小学智慧社区服务站,快递,2025-01-04 11:04:18,,2,,8.00,,3.88,51% - 0.2,2,1875377666179178496,极兔快递,JT0014865044827,大衣,广东省,
慧泽小学智慧社区服务站_站点-慧泽小学智慧社区服务站,快递,2025-01-04 11:01:55,2025-01-04 11:03:58,2,,8.00,,0.00,,2,1875377062358786048,极兔快递,JT0014866110083,打字,广东省,已全额退款
慧泽小学智慧社区服务站_站点-慧泽小学智慧社区服务站,快递,2025-01-04 11:01:11,,1,,6.00,,2.32,42% - 0.2,2,1875376881768833024,极兔快递,JT0014860396349,服饰,河南省,
慧泽小学智慧社区服务站_站点-慧泽小学智慧社区服务站,快递,2025-01-04 10:29:14,,1,,6.00,,2.32,42% - 0.2,2,1875359802470670336,极兔快递,JT0014866632777,生活用品,山东省,
慧泽小学智慧社区服务站_站点-慧泽小学智慧社区服务站,快递,2025-01-04 10:26:18,,1,,6.00,,2.32,42% - 0.2,2,1875368102226534400,极兔快递,JT0014861374122,喷剂,陕西省,
慧泽小学智慧社区服务站_站点-慧泽小学智慧社区服务站,快递,2025-01-04 10:24:36,,1,,6.00,,2.32,42% - 0.2,2,1875367674143285248,极兔快递,JT0014858579370,护理液,陕西省,
慧泽小学智慧社区服务站_站点-慧泽小学智慧社区服务站,快递,2025-01-04 10:10:13,,1,,6.00,,2.32,42% - 0.2,2,1875364051002826752,极兔快递,JT0014864654477,生活用品,甘肃省,
慧泽小学智慧社区服务站_站点-慧泽小学智慧社区服务站,快递,2025-01-04 10:03:01,,1,,6.00,,2.32,42% - 0.2,2,1875362156293103616,极兔快递,JT0014865312156,生活用品,四川省,
慧泽小学智慧社区服务站_站点-慧泽小学智慧社区服务站,快递,2025-01-04 09:38:22,,1,,6.00,,2.32,42% - 0.2,2,1875356040481972224,极兔快递,JT0014851044483,手串,广东省,
慧泽小学智慧社区服务站_站点-慧泽小学智慧社区服务站,快递,2025-01-03 20:58:39,,1,,6.00,,2.32,42% - 0.2,2,1875164851048783872,极兔快递,JT0014850640658,上衣,广东省,
慧泽小学智慧社区服务站_站点-慧泽小学智慧社区服务站,快递,2025-01-03 20:50:16,,2,,8.00,,3.88,51% - 0.2,2,1875162744065335296,极兔快递,JT0014862780056,服饰,湖北省,
慧泽小学智慧社区服务站_站点-慧泽小学智慧社区服务站,快递,2025-01-03 20:39:49,,2,,8.00,,3.88,51% - 0.2,2,1875160109547495424,极兔快递,JT0014857424443,服饰,福建省,
慧泽小学智慧社区服务站_站点-慧泽小学智慧社区服务站,快递,2025-01-03 20:35:52,,1,,6.00,,2.32,42% - 0.2,2,1875159097373859840,极兔快递,JT0014856268734,服饰,福建省,
慧泽小学智慧社区服务站_站点-慧泽小学智慧社区服务站,快递,2025-01-03 20:32:25,,1,,6.00,,2.32,42% - 0.2,2,1875158253010132992,极兔快递,JT0014863011555,服饰,福建省,
慧泽小学智慧社区服务站_站点-慧泽小学智慧社区服务站,快递,2025-01-03 20:29:38,,1,,6.00,,2.32,42% - 0.2,2,1875157548736159744,极兔快递,JT0014860142162,服饰,福建省,
慧泽小学智慧社区服务站_站点-慧泽小学智慧社区服务站,快递,2025-01-03 20:27:22,,1,,6.00,,2.32,42% - 0.2,2,1875155700075700224,极兔快递,JT0014861478988,服饰,福建省,
慧泽小学智慧社区服务站_站点-慧泽小学智慧社区服务站,快递,2025-01-03 19:52:18,,1,,6.00,,2.32,42% - 0.2,2,1875148147681894400,极兔快递,JT0014855737993,服饰,河南省,
慧泽小学智慧社区服务站_站点-慧泽小学智慧社区服务站,快递,2025-01-03 19:48:14,,1,,6.00,,2.32,42% - 0.2,2,1875147131699830784,极兔快递,JT0014862204548,服饰,浙江省,
慧泽小学智慧社区服务站_站点-慧泽小学智慧社区服务站,快递,2025-01-03 19:34:03,,1,,6.00,,2.32,42% - 0.2,2,1875143430062972928,极兔快递,JT0014860408214,粉底液,广东省,
慧泽小学智慧社区服务站_站点-慧泽小学智慧社区服务站,快递,2025-01-03 19:26:20,,1,,6.00,,2.32,42% - 0.2,2,1875141621495865344,极兔快递,JT0014859233047,服饰,陕西省,
慧泽小学智慧社区服务站_站点-慧泽小学智慧社区服务站,快递,2025-01-03 18:35:01,,2,,8.00,,3.88,51% - 0.2,2,1875128705698734080,极兔快递,JT0014861496804,瑜伽垫,天津市,
慧泽小学智慧社区服务站_站点-慧泽小学智慧社区服务站,快递,2025-01-03 18:31:13,,2,,8.00,,3.88,51% - 0.2,2,1875127751037394944,极兔快递,JT0014860865703,生活用品,陕西省,
慧泽小学智慧社区服务站_站点-慧泽小学智慧社区服务站,快递,2025-01-03 18:09:54,,1,,6.00,,2.32,42% - 0.2,2,1875122384735805440,极兔快递,JT0014857750142,生活用品,河南省,
慧泽小学智慧社区服务站_站点-慧泽小学智慧社区服务站,快递,2025-01-03 18:06:12,,1.1,,8.00,,3.88,51% - 0.2,2,1875121428962975744,极兔快递,JT0014861698050,工具,福建省,
慧泽小学智慧社区服务站_站点-慧泽小学智慧社区服务站,快递,2025-01-03 16:59:21,,1,,6.00,,2.32,42% - 0.2,2,1875104631719174144,极兔快递,JT0014857844129,毛巾,广东省,
慧泽小学智慧社区服务站_站点-慧泽小学智慧社区服务站,快递,2025-01-03 16:55:51,,2,,8.00,,3.88,51% - 0.2,2,1875103608875229184,极兔快递,JT0014853547352,裤子,广东省,
慧泽小学智慧社区服务站_站点-慧泽小学智慧社区服务站,快递,2025-01-03 16:49:46,,1,,6.00,,2.32,42% - 0.2,2,1875102196862787584,极兔快递,JT0014856270999,服饰,广东省,
慧泽小学智慧社区服务站_站点-慧泽小学智慧社区服务站,快递,2025-01-03 15:18:07,,1.5,,8.00,,3.88,51% - 0.2,2,1875079155189522432,极兔快递,JT0014856749431,服饰,河南省,
慧泽小学智慧社区服务站_站点-慧泽小学智慧社区服务站,快递,2025-01-03 15:06:17,,1,,6.00,,2.32,42% - 0.2,2,1875076176419987456,极兔快递,JT0014857268217,茶叶,陕西省,
慧泽小学智慧社区服务站_站点-慧泽小学智慧社区服务站,快递,2025-01-03 15:04:41,,1,,6.00,,2.32,42% - 0.2,2,1875075773716471808,极兔快递,JT0014856139892,茶叶,陕西省,
慧泽小学智慧社区服务站_站点-慧泽小学智慧社区服务站,快递,2025-01-03 14:55:20,,2,,8.00,,3.88,51% - 0.2,2,1875073420393160704,极兔快递,JT0014856986620,护肤品,广东省,
慧泽小学智慧社区服务站_站点-慧泽小学智慧社区服务站,快递,2025-01-03 14:54:07,,1,,6.00,,2.32,42% - 0.2,2,1875073113869230080,极兔快递,JT0014858055750,杯子,浙江省,
慧泽小学智慧社区服务站_站点-慧泽小学智慧社区服务站,快递,2025-01-03 14:51:54,,1,,6.00,,2.32,42% - 0.2,2,1875072548456079360,极兔快递,JT0014857519335,杯子,广东省,
慧泽小学智慧社区服务站_站点-慧泽小学智慧社区服务站,快递,2025-01-03 14:50:53,,1,,6.00,,2.32,42% - 0.2,2,1875072272332464128,极兔快递,JT0014853699315,花洒,浙江省,
慧泽小学智慧社区服务站_站点-慧泽小学智慧社区服务站,快递,2025-01-03 14:15:22,,1,,6.00,,2.32,42% - 0.2,2,1875063360992550912,极兔快递,JT0014855154366,护手霜,江苏省,
慧泽小学智慧社区服务站_站点-慧泽小学智慧社区服务站,快递,2025-01-03 14:10:48,,3,,10.00,,5.30,55% - 0.2,2,1875062191687704576,极兔快递,JT0014852564130,监控,陕西省,
慧泽小学智慧社区服务站_站点-慧泽小学智慧社区服务站,快递,2025-01-03 14:04:55,,1,,6.00,,2.32,42% - 0.2,2,1875060731541430272,极兔快递,JT0014856147695,黑色套装,湖北省,
慧泽小学智慧社区服务站_站点-慧泽小学智慧社区服务站,快递,2025-01-03 14:03:08,,1,,6.00,,2.32,42% - 0.2,2,1875060268381216768,极兔快递,JT0014849239579,灰色连衣裙,广东省,
慧泽小学智慧社区服务站_站点-慧泽小学智慧社区服务站,快递,2025-01-03 13:57:49,,1,,6.00,,2.32,42% - 0.2,2,1875058944461742080,极兔快递,JT0014852274039,化妆品,广东省,
慧泽小学智慧社区服务站_站点-慧泽小学智慧社区服务站,快递,2025-01-03 13:55:42,,1,,6.00,,2.32,42% - 0.2,2,1875058399621652480,极兔快递,JT0014853169134,绿色毛衣,广东省,
慧泽小学智慧社区服务站_站点-慧泽小学智慧社区服务站,快递,2025-01-03 13:38:16,,1,,6.00,,2.32,42% - 0.2,2,1875054004859281408,申通快递,772036265406119,服饰,江西省,
慧泽小学智慧社区服务站_站点-慧泽小学智慧社区服务站,快递,2025-01-03 13:19:36,,1,,6.00,,2.32,42% - 0.2,2,1875049327849611264,极兔快递,JT0014853624041,裤子,山东省,
慧泽小学智慧社区服务站_站点-慧泽小学智慧社区服务站,快递,2025-01-03 13:12:15,,1,,6.00,,2.32,42% - 0.2,2,1875047480590049280,极兔快递,JT0014851130418,服饰,河北省,
慧泽小学智慧社区服务站_站点-慧泽小学智慧社区服务站,快递,2025-01-03 12:51:52,,1,,6.00,,2.32,42% - 0.2,2,1875042330798432256,极兔快递,JT0014854317340,防水贴,浙江省,
慧泽小学智慧社区服务站_站点-慧泽小学智慧社区服务站,快递,2025-01-03 12:32:05,,1,,6.00,,2.32,42% - 0.2,2,1875037368756445184,极兔快递,JT0014854965185,服饰,浙江省,
慧泽小学智慧社区服务站_站点-慧泽小学智慧社区服务站,快递,2025-01-03 12:30:59,,2,,8.00,,3.88,51% - 0.2,2,1875037094297968640,极兔快递,JT0014854212635,鞋子,浙江省,
慧泽小学智慧社区服务站_站点-慧泽小学智慧社区服务站,快递,2025-01-03 12:29:27,,1,,6.00,,2.32,42% - 0.2,2,1875036706782027776,极兔快递,JT0014855133143,服饰,浙江省,
慧泽小学智慧社区服务站_站点-慧泽小学智慧社区服务站,快递,2025-01-03 12:26:19,,1,,6.00,,2.32,42% - 0.2,2,1875035918319984640,极兔快递,JT0014848082028,服饰,河南省,
慧泽小学智慧社区服务站_站点-慧泽小学智慧社区服务站,快递,2025-01-03 12:25:14,,1,,6.00,,2.32,42% - 0.2,2,1875035645274988544,极兔快递,JT0014850907121,服饰,浙江省,
慧泽小学智慧社区服务站_站点-慧泽小学智慧社区服务站,快递,2025-01-03 12:21:36,,1.1,,8.00,,3.88,51% - 0.2,2,1875034705692172288,极兔快递,JT0014851155921,电饭煲,广东省,
慧泽小学智慧社区服务站_站点-慧泽小学智慧社区服务站,快递,2025-01-03 11:50:31,,1,,6.00,,2.32,42% - 0.2,2,1875026888537120768,极兔快递,JT0014848836337,服饰,辽宁省,
慧泽小学智慧社区服务站_站点-慧泽小学智慧社区服务站,快递,2025-01-03 11:02:13,,1,,6.00,,2.32,42% - 0.2,2,1875014732924035072,极兔快递,JT0014853884995,卡扣,广东省,
慧泽小学智慧社区服务站_站点-慧泽小学智慧社区服务站,快递,2025-01-03 10:59:33,,1,,6.00,,2.32,42% - 0.2,2,1875014075848564736,极兔快递,JT0014851185446,门帘,河北省,
慧泽小学智慧社区服务站_站点-慧泽小学智慧社区服务站,快递,2025-01-03 10:57:40,,2,,8.00,,3.88,51% - 0.2,2,1875013609953665024,极兔快递,JT0014851358582,服饰,湖北省,
慧泽小学智慧社区服务站_站点-慧泽小学智慧社区服务站,快递,2025-01-03 10:55:01,,2,,8.00,,3.88,51% - 0.2,2,1875012937246023680,极兔快递,JT0014850255714,服饰,河南省,
慧泽小学智慧社区服务站_站点-慧泽小学智慧社区服务站,快递,2025-01-03 10:43:17,,1,,6.00,,2.32,42% - 0.2,2,1875009963924889600,极兔快递,JT0014851982591,首饰,河南省,
慧泽小学智慧社区服务站_站点-慧泽小学智慧社区服务站,快递,2025-01-03 10:41:06,,1.2,,8.00,,3.88,51% - 0.2,2,1875009356585476096,韵达快递,312598743250348,护肤品,内蒙古自治区,
慧泽小学智慧社区服务站_站点-慧泽小学智慧社区服务站,快递,2025-01-03 10:36:58,,1,,6.00,,2.32,42% - 0.2,2,1875008399566938112,极兔快递,JT0014839702773,虾皮,山东省,
慧泽小学智慧社区服务站_站点-慧泽小学智慧社区服务站,快递,2025-01-03 10:30:29,,1,,6.00,,2.32,42% - 0.2,2,1875006738282815488,极兔快递,JT0014848605865,排毒膏,河北省,
慧泽小学智慧社区服务站_站点-慧泽小学智慧社区服务站,快递,2025-01-03 10:20:32,,1,,6.00,,2.32,42% - 0.2,2,1875004265904185344,极兔快递,JT0014848638515,生活用品,甘肃省,
慧泽小学智慧社区服务站_站点-慧泽小学智慧社区服务站,快递,2025-01-03 10:19:17,,1,,6.00,,2.32,42% - 0.2,2,1875003948764471296,极兔快递,JT0014853072022,生活用品,四川省,
慧泽小学智慧社区服务站_站点-慧泽小学智慧社区服务站,快递,2025-01-03 10:17:35,,1,,6.00,,2.32,42% - 0.2,2,1875003521708826624,极兔快递,JT0014849685068,修复喷剂,江苏省,
慧泽小学智慧社区服务站_站点-慧泽小学智慧社区服务站,快递,2025-01-03 10:15:30,,1,,6.00,,2.32,42% - 0.2,2,1875002970422091776,极兔快递,JT0014852175562,修复膏,河北省,
慧泽小学智慧社区服务站_站点-慧泽小学智慧社区服务站,快递,2025-01-03 09:46:21,,1,,6.00,,2.32,42% - 0.2,2,1874995638430572544,极兔快递,JT0014851699665,服饰,山东省,
慧泽小学智慧社区服务站_站点-慧泽小学智慧社区服务站,快递,2025-01-03 09:33:39,,1,,6.00,,2.32,42% - 0.2,2,1874992442349953024,极兔快递,JT0014850748482,手串,河南省,
慧泽小学智慧社区服务站_站点-慧泽小学智慧社区服务站,快递,2025-01-03 08:28:06,,1,,6.00,,2.32,42% - 0.2,2,1874975949025419264,极兔快递,JT0014850273118,服饰,江苏省,
慧泽小学智慧社区服务站_站点-慧泽小学智慧社区服务站,快递,2025-01-03 08:15:47,,1,,6.00,,2.32,42% - 0.2,2,1874972850101657600,极兔快递,JT0014850883257,项链,浙江省,
慧泽小学智慧社区服务站_站点-慧泽小学智慧社区服务站,快递,2025-01-03 08:05:31,,1,,6.00,,2.32,42% - 0.2,2,1874970266959847424,极兔快递,JT0014850656025,服饰,山东省,
慧泽小学智慧社区服务站_站点-慧泽小学智慧社区服务站,快递,2025-01-03 08:01:18,,2,,8.00,,3.88,51% - 0.2,2,1874969192429494272,极兔快递,JT0014851045360,服饰,浙江省,
慧泽小学智慧社区服务站_站点-慧泽小学智慧社区服务站,快递,2025-01-03 07:49:55,,1,,6.00,,2.32,42% - 0.2,2,1874966341359738880,极兔快递,JT0014850454407,鞋子,浙江省,
慧泽小学智慧社区服务站_站点-慧泽小学智慧社区服务站,快递,2025-01-02 20:32:37,,1,,6.00,,2.32,42% - 0.2,2,1874795904763928576,极兔快递,JT0014846081979,挂件,浙江省,
慧泽小学智慧社区服务站_站点-慧泽小学智慧社区服务站,快递,2025-01-02 20:25:42,,1,,6.00,,2.32,42% - 0.2,2,1874794151293198336,极兔快递,JT0014848922062,服饰,湖北省,
慧泽小学智慧社区服务站_站点-慧泽小学智慧社区服务站,快递,2025-01-02 20:05:34,,1,,6.00,,2.32,42% - 0.2,2,1874789077837914112,极兔快递,JT0014848691068,裤子,广东省,
慧泽小学智慧社区服务站_站点-慧泽小学智慧社区服务站,快递,2025-01-02 20:04:45,,1,,6.00,,2.32,42% - 0.2,2,1874788476525715456,极兔快递,JT0014836500272,上衣,广东省,
慧泽小学智慧社区服务站_站点-慧泽小学智慧社区服务站,快递,2025-01-02 19:57:34,,1,,6.00,,2.32,42% - 0.2,2,1874787093135204352,极兔快递,JT0014841164573,生活用品,甘肃省,
慧泽小学智慧社区服务站_站点-慧泽小学智慧社区服务站,快递,2025-01-02 19:54:40,,2.2,,10.00,,5.30,55% - 0.2,2,1874786339532021760,极兔快递,JT0014847455117,护肤品,广东省,
慧泽小学智慧社区服务站_站点-慧泽小学智慧社区服务站,快递,2025-01-02 19:33:47,,1,,6.00,,2.32,42% - 0.2,2,1874781083158945792,极兔快递,JT0014847130846,桌布,湖北省,
慧泽小学智慧社区服务站_站点-慧泽小学智慧社区服务站,快递,2025-01-02 17:20:10,,1,,6.00,,2.32,42% - 0.2,2,1874747480236597248,极兔快递,JT0014844772981,服饰,吉林省,
慧泽小学智慧社区服务站_站点-慧泽小学智慧社区服务站,快递,2025-01-02 17:16:19,,1,,6.00,,2.32,42% - 0.2,2,1874746493937623040,极兔快递,JT0014843744725,书,天津市,
慧泽小学智慧社区服务站_站点-慧泽小学智慧社区服务站,快递,2025-01-02 17:15:43,,1.8,,8.00,,3.88,51% - 0.2,2,1874746328388444160,极兔快递,JT0014843115477,书,天津市,
慧泽小学智慧社区服务站_站点-慧泽小学智慧社区服务站,快递,2025-01-02 17:08:44,,1,,6.00,,2.32,42% - 0.2,2,1874744601639624704,极兔快递,JT0014845744997,服饰,浙江省,
慧泽小学智慧社区服务站_站点-慧泽小学智慧社区服务站,快递,2025-01-02 17:01:30,,2,,8.00,,3.88,51% - 0.2,2,1874742782330904576,极兔快递,JT0014845961612,服饰,广东省,
慧泽小学智慧社区服务站_站点-慧泽小学智慧社区服务站,快递,2025-01-02 16:56:02,,1,,6.00,,2.32,42% - 0.2,2,1874741389129916416,极兔快递,JT0014840620656,帽子,河北省,
慧泽小学智慧社区服务站_站点-慧泽小学智慧社区服务站,快递,2025-01-02 16:43:32,,1,,6.00,,2.32,42% - 0.2,2,1874738259344465920,极兔快递,JT0014843244475,生活用品,辽宁省,
慧泽小学智慧社区服务站_站点-慧泽小学智慧社区服务站,快递,2025-01-02 16:17:47,,6.2,,21.00,,10.30,50% - 0.2,2,1874731758697553920,极兔快递,JT0014832459652,小米红枣,湖南省,
慧泽小学智慧社区服务站_站点-慧泽小学智慧社区服务站,快递,2025-01-02 15:37:24,,1,,6.00,,2.32,42% - 0.2,2,1874721598394572800,极兔快递,JT0014842869771,服饰,浙江省,
慧泽小学智慧社区服务站_站点-慧泽小学智慧社区服务站,快递,2025-01-02 15:17:44,,1,,6.00,,2.32,42% - 0.2,2,1874716643470319616,极兔快递,JT0014842633882,生活用品,广东省,
慧泽小学智慧社区服务站_站点-慧泽小学智慧社区服务站,快递,2025-01-02 14:23:05,,1,,6.00,,2.32,42% - 0.2,2,1874687051749629952,极兔快递,JT0014839417161,生活用品,山东省,
慧泽小学智慧社区服务站_站点-慧泽小学智慧社区服务站,快递,2025-01-02 14:22:34,,1,,6.00,,2.32,42% - 0.2,2,1874678921766608896,极兔快递,JT0014837236238,生活用品,湖北省,
慧泽小学智慧社区服务站_站点-慧泽小学智慧社区服务站,快递,2025-01-02 14:10:24,,1,,6.00,,2.32,42% - 0.2,2,1874699716651884544,极兔快递,JT0014839184147,服饰,浙江省,
慧泽小学智慧社区服务站_站点-慧泽小学智慧社区服务站,快递,2025-01-02 14:06:23,,1,,6.00,,2.32,42% - 0.2,2,1874698719011512320,极兔快递,JT0014841451649,服饰,河南省,
慧泽小学智慧社区服务站_站点-慧泽小学智慧社区服务站,快递,2025-01-02 14:05:07,,1,,6.00,,2.32,42% - 0.2,2,1874698375426711552,极兔快递,JT0014841999595,服饰,黑龙江省,
慧泽小学智慧社区服务站_站点-慧泽小学智慧社区服务站,快递,2025-01-02 13:55:00,,1,,6.00,,2.32,42% - 0.2,2,1874695855090409472,极兔快递,JT0014837375921,裤子,广东省,
慧泽小学智慧社区服务站_站点-慧泽小学智慧社区服务站,快递,2025-01-02 13:51:18,,1,,6.00,,2.32,42% - 0.2,2,1874694915566313472,极兔快递,JT0014841091219,服饰,浙江省,
慧泽小学智慧社区服务站_站点-慧泽小学智慧社区服务站,快递,2025-01-02 13:33:28,2025-01-02 13:36:40,1,,6.00,,0.00,,2,1874690432505454592,极兔快递,JT0014840531346,手机壳,广东省,已全额退款
慧泽小学智慧社区服务站_站点-慧泽小学智慧社区服务站,快递,2025-01-02 13:35:10,,1,,6.00,,2.32,42% - 0.2,2,1874690837658443776,极兔快递,JT0014839658156,卡包,广东省,
慧泽小学智慧社区服务站_站点-慧泽小学智慧社区服务站,快递,2025-01-02 13:31:31,,1,,6.00,,2.32,42% - 0.2,2,1874689932619915264,极兔快递,JT0014833843786,服饰,河北省,
慧泽小学智慧社区服务站_站点-慧泽小学智慧社区服务站,快递,2025-01-02 13:30:34,,1,,6.00,,2.32,42% - 0.2,2,1874689700238696448,极兔快递,JT0014840147889,服饰,浙江省,
慧泽小学智慧社区服务站_站点-慧泽小学智慧社区服务站,快递,2025-01-02 13:16:20,,2,,8.00,,3.88,51% - 0.2,2,1874686096291373056,极兔快递,JT0014840477240,服饰,河北省,
慧泽小学智慧社区服务站_站点-慧泽小学智慧社区服务站,快递,2025-01-02 12:44:08,,5.1,,18.00,,8.80,50% - 0.2,2,1874677909022547968,极兔快递,JT0014835396422,生活用品,甘肃省,
慧泽小学智慧社区服务站_站点-慧泽小学智慧社区服务站,快递,2025-01-02 12:05:33,,1,,6.00,,2.32,42% - 0.2,2,1874668283656904704,极兔快递,JT0014837679907,沙发罩,浙江省,
慧泽小学智慧社区服务站_站点-慧泽小学智慧社区服务站,快递,2025-01-02 12:00:28,,1,,6.00,,2.32,42% - 0.2,2,1874667007804153856,极兔快递,JT0014838284930,服饰,江苏省,
慧泽小学智慧社区服务站_站点-慧泽小学智慧社区服务站,快递,2025-01-02 11:55:05,,1,,6.00,,2.32,42% - 0.2,2,1874665648711245824,极兔快递,JT0014836464714,手串,陕西省,
慧泽小学智慧社区服务站_站点-慧泽小学智慧社区服务站,快递,2025-01-02 11:08:51,,1,,6.00,,2.32,42% - 0.2,2,1874654035732045824,极兔快递,JT0014837293593,书,重庆市,
慧泽小学智慧社区服务站_站点-慧泽小学智慧社区服务站,快递,2025-01-02 11:01:52,,1,,6.00,,2.32,42% - 0.2,2,1874652219460001792,韵达快递,312597573092350,艾灸粉,内蒙古自治区,
慧泽小学智慧社区服务站_站点-慧泽小学智慧社区服务站,快递,2025-01-02 10:37:21,,1,,6.00,,2.32,42% - 0.2,2,1874646084936577024,极兔快递,JT0014836676277,排毒喷剂套装,广东省,
慧泽小学智慧社区服务站_站点-慧泽小学智慧社区服务站,快递,2025-01-02 10:19:49,,9.65,,30.00,,14.80,50% - 0.2,2,1874641673325686784,极兔快递,JT0014835003380,食品,陕西省,
慧泽小学智慧社区服务站_站点-慧泽小学智慧社区服务站,快递,2025-01-02 10:11:01,,1,,6.00,,2.32,42% - 0.2,2,1874639477825646592,极兔快递,JT0014837504751,生活用品,湖南省,
慧泽小学智慧社区服务站_站点-慧泽小学智慧社区服务站,快递,2025-01-02 10:09:40,,1,,6.00,,2.32,42% - 0.2,2,1874639116322779136,极兔快递,JT0014837377607,凝胶,江苏省,
慧泽小学智慧社区服务站_站点-慧泽小学智慧社区服务站,快递,2025-01-02 10:06:40,,1,,6.00,,2.32,42% - 0.2,2,1874638366813237248,极兔快递,JT0014824399052,护理液,湖北省,
慧泽小学智慧社区服务站_站点-慧泽小学智慧社区服务站,快递,2025-01-02 09:22:17,,4.5,,15.00,,7.30,50% - 0.2,2,1874627164930355200,极兔快递,JT0014836802338,室内加热器,浙江省,
慧泽小学智慧社区服务站_站点-慧泽小学智慧社区服务站,快递,2025-01-02 08:59:31,,3,,10.00,,5.30,55% - 0.2,2,1874621467066703872,极兔快递,JT0014831894618,食品,浙江省,
慧泽小学智慧社区服务站_站点-慧泽小学智慧社区服务站,快递,2025-01-02 08:54:05,,1,,6.00,,2.32,42% - 0.2,2,1874619552173989888,极兔快递,JT0014835389412,手机壳,广东省,
慧泽小学智慧社区服务站_站点-慧泽小学智慧社区服务站,快递,2025-01-02 08:52:37,,1,,6.00,,2.32,42% - 0.2,2,1874619696994918400,极兔快递,JT0014835205392,服饰,河南省,
慧泽小学智慧社区服务站_站点-慧泽小学智慧社区服务站,快递,2025-01-02 08:25:26,,1,,6.00,,2.32,42% - 0.2,2,1874612888800665600,极兔快递,JT0014833635313,鞋子,浙江省,
慧泽小学智慧社区服务站_站点-慧泽小学智慧社区服务站,快递,2025-01-02 08:12:15,,1,,7.00,,1.94,42%,2,1874609572435795968,韵达快递,312597438925921,手机壳,上海市,
慧泽小学智慧社区服务站_站点-慧泽小学智慧社区服务站,快递,2025-01-01 20:36:49,,1,,6.00,,2.32,42% - 0.2,2,1874434583103348736,极兔快递,JT0014834910135,服饰,湖北省,
慧泽小学智慧社区服务站_站点-慧泽小学智慧社区服务站,快递,2025-01-01 19:18:56,,1,,6.00,,2.32,42% - 0.2,2,1874414979287162880,极兔快递,JT0014832855746,服饰,浙江省,
慧泽小学智慧社区服务站_站点-慧泽小学智慧社区服务站,快递,2025-01-01 19:06:13,,1,,6.00,,2.32,42% - 0.2,2,1874411779867877376,极兔快递,JT0014832829627,服饰,河北省,
慧泽小学智慧社区服务站_站点-慧泽小学智慧社区服务站,快递,2025-01-01 19:04:18,,1,,6.00,,2.32,42% - 0.2,2,1874411277583196160,极兔快递,JT0014830868916,裤子,吉林省,
慧泽小学智慧社区服务站_站点-慧泽小学智慧社区服务站,快递,2025-01-01 18:41:03,,1,,6.00,,2.32,42% - 0.2,2,1874405429406408704,极兔快递,JT0014833161660,服饰,湖北省,
慧泽小学智慧社区服务站_站点-慧泽小学智慧社区服务站,快递,2025-01-01 18:39:15,,1,,6.00,,2.32,42% - 0.2,2,1874404862323924992,极兔快递,JT0014833594688,按压壶,广东省,
慧泽小学智慧社区服务站_站点-慧泽小学智慧社区服务站,快递,2025-01-01 18:36:52,,1,,6.00,,2.32,42% - 0.2,2,1874404374387957760,极兔快递,JT0014831746739,服饰,江苏省,
慧泽小学智慧社区服务站_站点-慧泽小学智慧社区服务站,快递,2025-01-01 18:26:39,,1,,6.00,,2.32,42% - 0.2,2,1874401825459085312,极兔快递,JT0014830286716,连帽上衣,辽宁省,
慧泽小学智慧社区服务站_站点-慧泽小学智慧社区服务站,快递,2025-01-01 18:23:44,,1,,6.00,,2.32,42% - 0.2,2,1874401027132039168,极兔快递,JT0014831202967,连衣裙,湖北省,
慧泽小学智慧社区服务站_站点-慧泽小学智慧社区服务站,快递,2025-01-01 18:21:30,,1,,6.00,,2.32,42% - 0.2,2,1874400507147395072,极兔快递,JT0014833711297,服饰,浙江省,
慧泽小学智慧社区服务站_站点-慧泽小学智慧社区服务站,快递,2025-01-01 18:15:33,,1,,6.00,,2.32,42% - 0.2,2,1874398998271696896,极兔快递,JT0014832686706,像章,湖南省,
慧泽小学智慧社区服务站_站点-慧泽小学智慧社区服务站,快递,2025-01-01 17:51:33,,1.1,,8.00,,3.88,51% - 0.2,2,1874392991487303680,极兔快递,JT0014832144682,食品,陕西省,
慧泽小学智慧社区服务站_站点-慧泽小学智慧社区服务站,快递,2025-01-01 17:47:36,,1,,6.00,,2.32,42% - 0.2,2,1874391975861755904,极兔快递,JT0014827362951,服饰,广东省,
慧泽小学智慧社区服务站_站点-慧泽小学智慧社区服务站,快递,2025-01-01 17:12:18,,1,,6.00,,2.32,42% - 0.2,2,1874383112106221568,极兔快递,JT0014826488312,生活用品,陕西省,
慧泽小学智慧社区服务站_站点-慧泽小学智慧社区服务站,快递,2025-01-01 16:45:23,,1,,6.00,,2.32,42% - 0.2,2,1874376292792868864,极兔快递,JT0014824472173,服饰,湖北省,
慧泽小学智慧社区服务站_站点-慧泽小学智慧社区服务站,快递,2025-01-01 16:06:41,,1,,6.00,,2.32,42% - 0.2,2,1874366580038901760,极兔快递,JT0014828448324,服饰,广东省,
慧泽小学智慧社区服务站_站点-慧泽小学智慧社区服务站,快递,2025-01-01 15:47:53,,1,,6.00,,2.32,42% - 0.2,2,1874361866060636160,极兔快递,JT0014826812473,服饰,河北省,
慧泽小学智慧社区服务站_站点-慧泽小学智慧社区服务站,快递,2025-01-01 15:46:40,,1,,6.00,,2.32,42% - 0.2,2,1874361563227693056,极兔快递,JT0014826394135,服饰,广东省,
慧泽小学智慧社区服务站_站点-慧泽小学智慧社区服务站,快递,2025-01-01 15:35:31,,3,,10.00,,5.30,55% - 0.2,2,1874358751265628160,极兔快递,JT0014830809097,料理机,河北省,
慧泽小学智慧社区服务站_站点-慧泽小学智慧社区服务站,快递,2025-01-01 15:26:15,,1,,6.00,,2.32,42% - 0.2,2,1874356425423396864,极兔快递,JT0014829779917,服饰,广东省,
慧泽小学智慧社区服务站_站点-慧泽小学智慧社区服务站,快递,2025-01-01 15:24:55,,1,,6.00,,2.32,42% - 0.2,2,1874356088121663488,极兔快递,JT0014829122921,毛衣,浙江省,
慧泽小学智慧社区服务站_站点-慧泽小学智慧社区服务站,快递,2025-01-01 15:23:10,,1,,6.00,,2.32,42% - 0.2,2,1874355647866544128,极兔快递,JT0014825403236,裤子,江苏省,
慧泽小学智慧社区服务站_站点-慧泽小学智慧社区服务站,快递,2025-01-01 15:20:05,,1,,6.00,,2.32,42% - 0.2,2,1874354840358166528,极兔快递,JT0014828594255,服饰,辽宁省,
慧泽小学智慧社区服务站_站点-慧泽小学智慧社区服务站,快递,2025-01-01 14:44:52,,1,,6.00,,2.32,42% - 0.2,2,1874346001869119488,极兔快递,JT0014827978288,服饰,河南省,
慧泽小学智慧社区服务站_站点-慧泽小学智慧社区服务站,快递,2025-01-01 14:43:48,,1,,6.00,,2.32,42% - 0.2,2,1874345738894647296,极兔快递,JT0014827647562,毛衣,广东省,
慧泽小学智慧社区服务站_站点-慧泽小学智慧社区服务站,快递,2025-01-01 14:35:31,,1,,6.00,,2.32,42% - 0.2,2,1874343634679439360,极兔快递,JT0014828122860,项链,四川省,
慧泽小学智慧社区服务站_站点-慧泽小学智慧社区服务站,快递,2025-01-01 14:18:43,,1,,6.00,,2.32,42% - 0.2,2,1874339401771065344,极兔快递,JT0014827843242,服饰,广东省,
慧泽小学智慧社区服务站_站点-慧泽小学智慧社区服务站,快递,2025-01-01 13:58:32,,1,,6.00,,2.32,42% - 0.2,2,1874334349199220736,极兔快递,JT0014816292949,服饰,广东省,
慧泽小学智慧社区服务站_站点-慧泽小学智慧社区服务站,快递,2025-01-01 13:51:36,,1,,6.00,,2.32,42% - 0.2,2,1874332599142653952,极兔快递,JT0014819101264,裤子,浙江省,
慧泽小学智慧社区服务站_站点-慧泽小学智慧社区服务站,快递,2025-01-01 13:38:11,,1,,6.00,,2.32,42% - 0.2,2,1874329211713691648,极兔快递,JT0014828983351,服饰,安徽省,
慧泽小学智慧社区服务站_站点-慧泽小学智慧社区服务站,快递,2025-01-01 13:10:55,,1,,6.00,,2.32,42% - 0.2,2,1874322364927647744,极兔快递,JT0014820683737,松子,安徽省,
慧泽小学智慧社区服务站_站点-慧泽小学智慧社区服务站,快递,2025-01-01 12:48:28,,1,,6.00,,2.32,42% - 0.2,2,1874316696820719616,极兔快递,JT0014826673658,服饰,浙江省,
慧泽小学智慧社区服务站_站点-慧泽小学智慧社区服务站,快递,2025-01-01 11:50:34,,2,,8.00,,3.88,51% - 0.2,2,1874302129524776960,极兔快递,JT0014816155948,服饰,浙江省,
慧泽小学智慧社区服务站_站点-慧泽小学智慧社区服务站,快递,2025-01-01 11:33:55,,1,,6.00,,2.32,42% - 0.2,2,1874297955760283648,极兔快递,JT0014826700464,服饰,广东省,
慧泽小学智慧社区服务站_站点-慧泽小学智慧社区服务站,快递,2025-01-01 11:19:06,,3.2,,12.00,,5.80,50% - 0.2,2,1874294227774808064,极兔快递,JT0014827085220,服饰,江苏省,
慧泽小学智慧社区服务站_站点-慧泽小学智慧社区服务站,快递,2025-01-01 11:17:11,,2,,8.00,,3.88,51% - 0.2,2,1874293728631660544,极兔快递,JT0014824373106,服饰,江苏省,
慧泽小学智慧社区服务站_站点-慧泽小学智慧社区服务站,快递,2025-01-01 11:14:57,,1,,6.00,,2.32,42% - 0.2,2,1874293181140770816,极兔快递,JT0014824717680,服饰,广东省,
慧泽小学智慧社区服务站_站点-慧泽小学智慧社区服务站,快递,2025-01-01 11:11:56,,1,,6.00,,2.32,42% - 0.2,2,1874292423594942464,极兔快递,JT0014826579542,蜂胶软胶囊,山东省,
慧泽小学智慧社区服务站_站点-慧泽小学智慧社区服务站,快递,2025-01-01 11:10:42,,1,,6.00,,2.32,42% - 0.2,2,1874292112021069824,极兔快递,JT0014822715810,木耳,河南省,
慧泽小学智慧社区服务站_站点-慧泽小学智慧社区服务站,快递,2025-01-01 11:08:42,,1,,6.00,,2.32,42% - 0.2,2,1874291606875873280,极兔快递,JT0014826885961,服饰,江苏省,
慧泽小学智慧社区服务站_站点-慧泽小学智慧社区服务站,快递,2025-01-01 11:06:46,,5.8,,18.00,,8.80,50% - 0.2,2,1874290688453320704,极兔快递,JT0014826984216,油馍馍,陕西省,
慧泽小学智慧社区服务站_站点-慧泽小学智慧社区服务站,快递,2025-01-01 10:35:36,,13.2,,42.00,,20.80,50% - 0.2,2,1874283053968596992,极兔快递,JT0014824018625,小米红枣,陕西省,
慧泽小学智慧社区服务站_站点-慧泽小学智慧社区服务站,快递,2025-01-01 10:22:04,,1,,6.00,,2.32,42% - 0.2,2,1874279851630075904,极兔快递,JT0014813209298,面膜,河北省,
