姓名,订单类型,日期,退款日期,打单重量,结算重量,金额,超重金额,团长利润,利润公式,价格方案,订单号,快递公司,物流单号,邮寄物品,发往,说明
能源小区智慧社区服务站_站点,总计:,3785.89,,,,,,,,,,,,,,
能源小区智慧社区服务站_站点-能源小区智慧社区服务站,快递,2025-01-26 18:04:47,,11.26,11.0,47.00,0.00,6.00,,,1883456013220519936,京东快递,JDVG03450361042,易碎品,甘肃省,
能源小区智慧社区服务站_站点-能源小区智慧社区服务站,快递,2025-01-26 18:03:47,,11.26,11.0,47.00,0.00,6.00,,,1883455428253523968,京东快递,JDVG03450360924,易碎品,甘肃省,
能源小区智慧社区服务站_站点-能源小区智慧社区服务站,快递,2025-01-26 17:58:18,,11.26,11.0,47.00,0.00,6.00,,,1883454386849783808,京东快递,JDVG03450397679,易碎品,甘肃省,
能源小区智慧社区服务站_站点-能源小区智慧社区服务站,快递,2025-01-26 17:56:49,,11.26,11.0,47.00,0.00,6.00,,,1883454002458599424,京东快递,JDVG03450396670,易碎品,甘肃省,
能源小区智慧社区服务站_站点-能源小区智慧社区服务站,快递,2025-01-26 17:55:55,,12,11.0,47.00,0.00,6.00,,,1883453718739099648,京东快递,JDVG03450366198,易碎品,甘肃省,
能源小区智慧社区服务站_站点-能源小区智慧社区服务站,快递,2025-01-23 10:46:08,,1,,6.00,,2.32,42% - 0.2,2,1882258459606720512,极兔快递,JT0015145912687,服饰,浙江省,
能源小区智慧社区服务站_站点-能源小区智慧社区服务站,快递,2025-01-23 10:17:46,,2,,8.00,,3.88,51% - 0.2,2,1882251328480419840,极兔快递,JT0015116726553,服饰,江苏省,
能源小区智慧社区服务站_站点-能源小区智慧社区服务站,快递,2025-01-23 10:07:52,,1,,6.00,,2.32,42% - 0.2,2,1882248830147436544,极兔快递,JT0015142792948,生活用品,安徽省,
能源小区智慧社区服务站_站点-能源小区智慧社区服务站,快递,2025-01-23 10:06:48,,1,,6.00,,2.32,42% - 0.2,2,1882248552325128192,极兔快递,JT0015144385126,生活用品,福建省,
能源小区智慧社区服务站_站点-能源小区智慧社区服务站,快递,2025-01-22 19:28:20,,10,,30.00,,14.80,50% - 0.2,2,1882027496119812096,极兔快递,JT0015134023308,生活用品,浙江省,
能源小区智慧社区服务站_站点-能源小区智慧社区服务站,快递,2025-01-22 19:25:56,,1,,6.00,,2.32,42% - 0.2,2,1882026890420371456,极兔快递,JT0015143723951,服饰,浙江省,
能源小区智慧社区服务站_站点-能源小区智慧社区服务站,快递,2025-01-22 19:23:26,,3,,10.00,,5.30,55% - 0.2,2,1882026262012968960,极兔快递,JT0015144233579,服饰,广东省,
能源小区智慧社区服务站_站点-能源小区智慧社区服务站,快递,2025-01-22 19:21:04,,1,,6.00,,2.32,42% - 0.2,2,1882025663208964096,极兔快递,JT0015143839000,生活用品,广东省,
能源小区智慧社区服务站_站点-能源小区智慧社区服务站,快递,2025-01-22 19:18:31,,2,,8.00,,3.88,51% - 0.2,2,1882025023086870528,极兔快递,JT0015143836253,生活用品,浙江省,
能源小区智慧社区服务站_站点-能源小区智慧社区服务站,快递,2025-01-22 19:17:54,,1,,6.00,,2.32,42% - 0.2,2,1882024860729556992,极兔快递,JT0015143404856,生活用品,浙江省,
能源小区智慧社区服务站_站点-能源小区智慧社区服务站,快递,2025-01-22 19:17:19,,1,,6.00,,2.32,42% - 0.2,2,1882024722699206656,极兔快递,JT0015144309352,服饰,浙江省,
能源小区智慧社区服务站_站点-能源小区智慧社区服务站,快递,2025-01-22 19:10:32,,1,,7.00,,1.94,42%,2,1882023017211314176,极兔快递,JT0015143320436,服饰,上海市,
能源小区智慧社区服务站_站点-能源小区智慧社区服务站,快递,2025-01-22 19:10:00,,1,,6.00,,2.32,42% - 0.2,2,1882022876316254208,极兔快递,JT0015143630889,服饰,河北省,
能源小区智慧社区服务站_站点-能源小区智慧社区服务站,快递,2025-01-22 19:09:24,,1,,6.00,,2.32,42% - 0.2,2,1882022723601645568,极兔快递,JT0015144972366,服饰,河北省,
能源小区智慧社区服务站_站点-能源小区智慧社区服务站,快递,2025-01-22 19:08:51,,1,,6.00,,2.32,42% - 0.2,2,1882022593582415872,极兔快递,JT0015140073881,服饰,浙江省,
能源小区智慧社区服务站_站点-能源小区智慧社区服务站,快递,2025-01-22 18:54:58,,1,,6.00,,2.32,42% - 0.2,2,1882019097474842624,极兔快递,JT0015144276864,服饰,浙江省,
能源小区智慧社区服务站_站点-能源小区智慧社区服务站,快递,2025-01-22 18:48:38,,2,,8.00,,3.88,51% - 0.2,2,1882017502842404864,极兔快递,JT0015139480714,服饰,山东省,
能源小区智慧社区服务站_站点-能源小区智慧社区服务站,快递,2025-01-22 17:50:16,,1,,6.00,,2.32,42% - 0.2,2,1882002799093170176,极兔快递,JT0015141630289,服饰,河南省,
能源小区智慧社区服务站_站点-能源小区智慧社区服务站,快递,2025-01-22 16:39:47,,1,,6.00,,2.32,42% - 0.2,2,1881985069711441920,极兔快递,JT0015142878388,生活用品,广东省,
能源小区智慧社区服务站_站点-能源小区智慧社区服务站,快递,2025-01-22 16:38:13,,1,,6.00,,2.32,42% - 0.2,2,1881984681008513024,极兔快递,JT0015139822434,服饰,河北省,
能源小区智慧社区服务站_站点-能源小区智慧社区服务站,快递,2025-01-22 16:16:50,,1,,6.00,,2.32,42% - 0.2,2,1881979302484721664,极兔快递,JT0015141679728,服饰,广东省,
能源小区智慧社区服务站_站点-能源小区智慧社区服务站,快递,2025-01-22 16:13:08,,1,,6.00,,2.32,42% - 0.2,2,1881978364927754240,极兔快递,JT0015139701223,服饰,广东省,
能源小区智慧社区服务站_站点-能源小区智慧社区服务站,快递,2025-01-22 16:12:21,,1,,6.00,,2.32,42% - 0.2,2,1881978169674514432,极兔快递,JT0015141733902,服饰,广东省,
能源小区智慧社区服务站_站点-能源小区智慧社区服务站,快递,2025-01-22 16:11:29,,1,,6.00,,2.32,42% - 0.2,2,1881977939310755840,极兔快递,JT0015138241022,服饰,浙江省,
能源小区智慧社区服务站_站点-能源小区智慧社区服务站,快递,2025-01-22 16:07:17,,7,,21.00,,10.30,50% - 0.2,2,1881976895788892160,极兔快递,JT0015140934348,服饰,安徽省,
能源小区智慧社区服务站_站点-能源小区智慧社区服务站,快递,2025-01-22 16:05:27,,1,,6.00,,2.32,42% - 0.2,2,1881976434612584448,极兔快递,JT0015132526549,服饰,河南省,
能源小区智慧社区服务站_站点-能源小区智慧社区服务站,快递,2025-01-22 15:17:29,,1,,6.00,,2.32,42% - 0.2,2,1881964363103682560,极兔快递,JT0015138303258,服饰,广东省,
能源小区智慧社区服务站_站点-能源小区智慧社区服务站,快递,2025-01-22 15:00:46,,1,,6.00,,2.32,42% - 0.2,2,1881960157529587712,极兔快递,JT0015139727613,服饰,江苏省,
能源小区智慧社区服务站_站点-能源小区智慧社区服务站,快递,2025-01-22 14:51:43,,1,,6.00,,2.32,42% - 0.2,2,1881957881838649344,极兔快递,JT0015139983077,服饰,浙江省,
能源小区智慧社区服务站_站点-能源小区智慧社区服务站,快递,2025-01-22 14:29:48,,2,,8.00,,3.88,51% - 0.2,2,1881952358221299712,极兔快递,JT0015138851305,服饰,浙江省,
能源小区智慧社区服务站_站点-能源小区智慧社区服务站,快递,2025-01-22 13:35:58,,1,,6.00,,2.32,42% - 0.2,2,1881938802230771712,极兔快递,JT0015138408379,服饰,广东省,
能源小区智慧社区服务站_站点-能源小区智慧社区服务站,快递,2025-01-22 13:33:36,,1,,6.00,,2.32,42% - 0.2,2,1881938221978173440,极兔快递,JT0015138438244,服饰,河南省,
能源小区智慧社区服务站_站点-能源小区智慧社区服务站,快递,2025-01-22 13:22:11,,2,,8.00,,3.88,51% - 0.2,2,1881935345247666176,极兔快递,JT0015139012197,服饰,广东省,
能源小区智慧社区服务站_站点-能源小区智慧社区服务站,快递,2025-01-22 12:54:22,,1,,6.00,,2.32,42% - 0.2,2,1881928349261840384,极兔快递,JT0015136501370,服饰,浙江省,
能源小区智慧社区服务站_站点-能源小区智慧社区服务站,快递,2025-01-22 10:55:39,,1,,6.00,,2.32,42% - 0.2,2,1881898472823406592,极兔快递,JT0015136984159,生活用品,广东省,
能源小区智慧社区服务站_站点-能源小区智慧社区服务站,快递,2025-01-22 10:52:36,,1,,6.00,,2.32,42% - 0.2,2,1881897705509044224,极兔快递,JT0015135359730,服饰,浙江省,
能源小区智慧社区服务站_站点-能源小区智慧社区服务站,快递,2025-01-22 10:20:38,,1,,6.00,,2.32,42% - 0.2,2,1881889619754958848,极兔快递,JT0015135637248,生活用品,广东省,
能源小区智慧社区服务站_站点-能源小区智慧社区服务站,快递,2025-01-22 10:15:49,,1,,6.00,,2.32,42% - 0.2,2,1881888401343201280,极兔快递,JT0015135459228,服饰,山西省,
能源小区智慧社区服务站_站点-能源小区智慧社区服务站,快递,2025-01-22 10:12:49,,1,,6.00,,2.32,42% - 0.2,2,1881887642002210816,极兔快递,JT0015129211880,生活用品,广东省,
能源小区智慧社区服务站_站点-能源小区智慧社区服务站,快递,2025-01-22 09:55:56,,1,,6.00,,2.32,42% - 0.2,2,1881883437811048448,极兔快递,JT0015134250746,生活用品,福建省,
能源小区智慧社区服务站_站点-能源小区智慧社区服务站,快递,2025-01-21 19:15:20,,1,,6.00,,2.32,42% - 0.2,2,1881661832660983808,极兔快递,JT0015122639285,服饰,广东省,
能源小区智慧社区服务站_站点-能源小区智慧社区服务站,快递,2025-01-21 19:13:13,,1,,6.00,,2.32,42% - 0.2,2,1881661291637710848,极兔快递,JT0015122947602,服饰,浙江省,
能源小区智慧社区服务站_站点-能源小区智慧社区服务站,快递,2025-01-21 19:11:04,,1,,6.00,,2.32,42% - 0.2,2,1881660755379167232,极兔快递,JT0015119893718,服饰,广东省,
能源小区智慧社区服务站_站点-能源小区智慧社区服务站,快递,2025-01-21 18:49:36,,1,,6.00,,2.32,42% - 0.2,2,1881655361399365632,极兔快递,JT0015129173518,服饰,浙江省,
能源小区智慧社区服务站_站点-能源小区智慧社区服务站,快递,2025-01-21 18:37:55,,2,,8.00,,3.88,51% - 0.2,2,1881652397607690240,极兔快递,JT0015128382829,服饰,浙江省,
能源小区智慧社区服务站_站点-能源小区智慧社区服务站,快递,2025-01-21 18:33:57,,1,,6.00,,2.32,42% - 0.2,2,1881651417738584064,极兔快递,JT0015128421462,服饰,浙江省,
能源小区智慧社区服务站_站点-能源小区智慧社区服务站,快递,2025-01-21 18:32:07,,1,,7.00,,1.94,42%,2,1881650957556326400,极兔快递,JT0015127269571,服饰,上海市,
能源小区智慧社区服务站_站点-能源小区智慧社区服务站,快递,2025-01-21 18:26:17,,2,,8.00,,3.88,51% - 0.2,2,1881649481496862720,极兔快递,JT0015130823444,服饰,云南省,
能源小区智慧社区服务站_站点-能源小区智慧社区服务站,快递,2025-01-21 18:11:02,,2,,8.00,,3.88,51% - 0.2,2,1881645653783420928,极兔快递,JT0015126608961,服饰,浙江省,
能源小区智慧社区服务站_站点-能源小区智慧社区服务站,快递,2025-01-21 17:52:20,,7,,21.00,,10.30,50% - 0.2,2,1881640923308957696,极兔快递,JT0015130332202,生活用品,广西壮族自治区,
能源小区智慧社区服务站_站点-能源小区智慧社区服务站,快递,2025-01-21 16:45:25,,2,,8.00,,3.88,51% - 0.2,2,1881624109862559744,极兔快递,JT0015119734989,服饰,湖北省,
能源小区智慧社区服务站_站点-能源小区智慧社区服务站,快递,2025-01-21 16:44:11,2025-01-21 16:45:03,1,,6.00,,0.00,,2,1881623790768300032,极兔快递,JT0015129744818,服饰,湖北省,已全额退款
能源小区智慧社区服务站_站点-能源小区智慧社区服务站,快递,2025-01-21 15:57:57,,1,,6.00,,2.32,42% - 0.2,2,1881612161175461888,极兔快递,JT0015128885004,服饰,浙江省,
能源小区智慧社区服务站_站点-能源小区智慧社区服务站,快递,2025-01-21 15:51:45,,1,,6.00,,2.32,42% - 0.2,2,1881610588147884032,极兔快递,JT0015128979025,服饰,浙江省,
能源小区智慧社区服务站_站点-能源小区智慧社区服务站,快递,2025-01-21 15:50:42,,1,,6.00,,2.32,42% - 0.2,2,1881610325529927680,极兔快递,JT0015126712012,服饰,辽宁省,
能源小区智慧社区服务站_站点-能源小区智慧社区服务站,快递,2025-01-21 15:49:48,,1,,6.00,,2.32,42% - 0.2,2,1881610087930994688,极兔快递,JT0015119091196,服饰,浙江省,
能源小区智慧社区服务站_站点-能源小区智慧社区服务站,快递,2025-01-21 15:49:03,,1,,6.00,,2.32,42% - 0.2,2,1881609923329728512,极兔快递,JT0015129090597,生活用品,浙江省,
能源小区智慧社区服务站_站点-能源小区智慧社区服务站,快递,2025-01-21 15:35:35,,1,,6.00,,2.32,42% - 0.2,2,1881606530871795712,极兔快递,JT0015122182737,服饰,江苏省,
能源小区智慧社区服务站_站点-能源小区智慧社区服务站,快递,2025-01-21 15:27:29,,1,,6.00,,2.32,42% - 0.2,2,1881604477302808576,极兔快递,JT0015127604698,服饰,广东省,
能源小区智慧社区服务站_站点-能源小区智慧社区服务站,快递,2025-01-21 15:24:57,,1,,6.00,,2.32,42% - 0.2,2,1881603858169012224,极兔快递,JT0015127627575,生活用品,河南省,
能源小区智慧社区服务站_站点-能源小区智慧社区服务站,快递,2025-01-21 15:21:32,,2,,8.00,,3.88,51% - 0.2,2,1881602994968666112,极兔快递,JT0015126476828,服饰,福建省,
能源小区智慧社区服务站_站点-能源小区智慧社区服务站,快递,2025-01-21 14:22:37,,1,,6.00,,2.32,42% - 0.2,2,1881588159010775040,极兔快递,JT0015126248325,服饰,广东省,
能源小区智慧社区服务站_站点-能源小区智慧社区服务站,快递,2025-01-21 13:55:27,,1,,6.00,,2.32,42% - 0.2,2,1881581333783453696,极兔快递,JT0015120963714,服饰,广东省,
能源小区智慧社区服务站_站点-能源小区智慧社区服务站,快递,2025-01-21 13:44:31,,4,,12.00,,5.80,50% - 0.2,2,1881578582185811968,极兔快递,JT0015125026838,服饰,浙江省,
能源小区智慧社区服务站_站点-能源小区智慧社区服务站,快递,2025-01-21 13:15:58,,1,,6.00,,2.32,42% - 0.2,2,1881571394465767424,极兔快递,JT0015122695441,生活用品,福建省,
能源小区智慧社区服务站_站点-能源小区智慧社区服务站,快递,2025-01-21 13:10:55,,1,,6.00,,2.32,42% - 0.2,2,1881570125919494144,极兔快递,JT0015119875342,服饰,浙江省,
能源小区智慧社区服务站_站点-能源小区智慧社区服务站,快递,2025-01-21 13:09:13,,1,,6.00,,2.32,42% - 0.2,2,1881569697827856384,极兔快递,JT0015119766030,服饰,浙江省,
能源小区智慧社区服务站_站点-能源小区智慧社区服务站,快递,2025-01-21 13:07:24,,1,,6.00,,2.32,42% - 0.2,2,1881569240011186176,极兔快递,JT0015123246094,生活用品,山东省,
能源小区智慧社区服务站_站点-能源小区智慧社区服务站,快递,2025-01-21 13:05:51,,1,,6.00,,2.32,42% - 0.2,2,1881568851085959168,极兔快递,JT0015123905105,服饰,江苏省,
能源小区智慧社区服务站_站点-能源小区智慧社区服务站,快递,2025-01-21 13:03:32,,1,,6.00,,2.32,42% - 0.2,2,1881568266957824000,极兔快递,JT0015105964224,生活用品,安徽省,
能源小区智慧社区服务站_站点-能源小区智慧社区服务站,快递,2025-01-21 12:28:39,,1,,6.00,,2.32,42% - 0.2,2,1881559488132751360,极兔快递,JT0015109723189,食品,浙江省,
能源小区智慧社区服务站_站点-能源小区智慧社区服务站,快递,2025-01-21 12:26:53,,1,,6.00,,2.32,42% - 0.2,2,1881559047160406016,极兔快递,JT0015121540120,服饰,河北省,
能源小区智慧社区服务站_站点-能源小区智慧社区服务站,快递,2025-01-21 12:24:23,,2,,8.00,,3.88,51% - 0.2,2,1881558399484370944,极兔快递,JT0015121529741,服饰,江苏省,
能源小区智慧社区服务站_站点-能源小区智慧社区服务站,快递,2025-01-21 12:08:36,,1,,6.00,,2.32,42% - 0.2,2,1881554445706928128,极兔快递,JT0015118256062,生活用品,浙江省,
能源小区智慧社区服务站_站点-能源小区智慧社区服务站,快递,2025-01-21 12:04:26,,1,,6.00,,2.32,42% - 0.2,2,1881553395331571712,极兔快递,JT0015123159504,服饰,广东省,
能源小区智慧社区服务站_站点-能源小区智慧社区服务站,快递,2025-01-21 11:52:31,,1,,6.00,,2.32,42% - 0.2,2,1881550396613926912,极兔快递,JT0015121497046,生活用品,浙江省,
能源小区智慧社区服务站_站点-能源小区智慧社区服务站,快递,2025-01-21 11:35:47,,2,,8.00,,3.88,51% - 0.2,2,1881546186774224896,极兔快递,JT0015122191067,服饰,江苏省,
能源小区智慧社区服务站_站点-能源小区智慧社区服务站,快递,2025-01-21 11:33:56,,1,,6.00,,2.32,42% - 0.2,2,1881545720208236544,极兔快递,JT0015123609921,服饰,河北省,
能源小区智慧社区服务站_站点-能源小区智慧社区服务站,快递,2025-01-21 11:32:18,,3,,10.00,,5.30,55% - 0.2,2,1881545308642156544,极兔快递,JT0015119104832,服饰,江苏省,
能源小区智慧社区服务站_站点-能源小区智慧社区服务站,快递,2025-01-21 10:49:33,,1,,6.00,,2.32,42% - 0.2,2,1881534551057702912,极兔快递,JT0015108498678,服饰,广东省,
能源小区智慧社区服务站_站点-能源小区智慧社区服务站,快递,2025-01-21 10:46:21,,1,,6.00,,2.32,42% - 0.2,2,1881533742077124608,极兔快递,JT0015112481752,生活用品,河北省,
能源小区智慧社区服务站_站点-能源小区智慧社区服务站,快递,2025-01-21 10:45:44,,1,,6.00,,2.32,42% - 0.2,2,1881533581045211136,极兔快递,JT0015117812761,生活用品,黑龙江省,
能源小区智慧社区服务站_站点-能源小区智慧社区服务站,快递,2025-01-21 10:45:05,,1,,6.00,,2.32,42% - 0.2,2,1881533424270516224,极兔快递,JT0015122907536,生活用品,山西省,
能源小区智慧社区服务站_站点-能源小区智慧社区服务站,快递,2025-01-21 10:40:17,,1,,6.00,,2.32,42% - 0.2,2,1881532212821303296,极兔快递,JT0015119865157,服饰,浙江省,
能源小区智慧社区服务站_站点-能源小区智慧社区服务站,快递,2025-01-21 10:39:40,,1,,6.00,,2.32,42% - 0.2,2,1881532061469843456,极兔快递,JT0015122385704,服饰,广东省,
能源小区智慧社区服务站_站点-能源小区智慧社区服务站,快递,2025-01-21 10:07:19,,1,,6.00,,2.32,42% - 0.2,2,1881523923786080256,极兔快递,JT0015119193726,服饰,广西壮族自治区,
能源小区智慧社区服务站_站点-能源小区智慧社区服务站,快递,2025-01-20 19:50:36,,3,,10.00,,5.30,55% - 0.2,2,1881308320261414912,极兔快递,JT0015113630917,服饰,广东省,
能源小区智慧社区服务站_站点-能源小区智慧社区服务站,快递,2025-01-20 19:22:59,,1,,6.00,,2.32,42% - 0.2,2,1881301371033690112,极兔快递,JT0015117965867,服饰,广东省,
能源小区智慧社区服务站_站点-能源小区智慧社区服务站,快递,2025-01-20 19:13:28,,4,,13.00,,5.50,50%,2,1881298955400560640,极兔快递,JT0015117955038,生活用品,上海市,
能源小区智慧社区服务站_站点-能源小区智慧社区服务站,快递,2025-01-20 19:01:48,,1,,6.00,,2.32,42% - 0.2,2,1881296028845916160,极兔快递,JT0015116284273,生活用品,江苏省,
能源小区智慧社区服务站_站点-能源小区智慧社区服务站,快递,2025-01-20 19:01:04,,1,,6.00,,2.32,42% - 0.2,2,1881295855742795776,极兔快递,JT0015116048683,生活用品,江苏省,
能源小区智慧社区服务站_站点-能源小区智慧社区服务站,快递,2025-01-20 18:59:52,,1,,6.00,,2.32,42% - 0.2,2,1881295547570503680,极兔快递,JT0015113376591,生活用品,广东省,
能源小区智慧社区服务站_站点-能源小区智慧社区服务站,快递,2025-01-20 18:59:16,,1,,6.00,,2.32,42% - 0.2,2,1881295393702461440,极兔快递,JT0015117335004,生活用品,江苏省,
能源小区智慧社区服务站_站点-能源小区智慧社区服务站,快递,2025-01-20 18:58:34,,1,,6.00,,2.32,42% - 0.2,2,1881295227943567360,极兔快递,JT0015117017314,生活用品,广东省,
能源小区智慧社区服务站_站点-能源小区智慧社区服务站,快递,2025-01-20 18:33:18,,1,,6.00,,2.32,42% - 0.2,2,1881288868548231168,极兔快递,JT0015117988722,服饰,广东省,
能源小区智慧社区服务站_站点-能源小区智慧社区服务站,快递,2025-01-20 18:27:08,,1,,6.00,,2.32,42% - 0.2,2,1881287317586886656,极兔快递,JT0015115801783,服饰,江苏省,
能源小区智慧社区服务站_站点-能源小区智慧社区服务站,快递,2025-01-20 18:26:32,,2,,8.00,,3.88,51% - 0.2,2,1881287145557508096,极兔快递,JT0015113529757,服饰,浙江省,
能源小区智慧社区服务站_站点-能源小区智慧社区服务站,快递,2025-01-20 18:24:52,,1,,6.00,,2.32,42% - 0.2,2,1881286746758889472,极兔快递,JT0015115978493,服饰,浙江省,
能源小区智慧社区服务站_站点-能源小区智慧社区服务站,快递,2025-01-20 18:23:48,,1,,6.00,,2.32,42% - 0.2,2,1881286473655173120,极兔快递,JT0015116783524,服饰,广东省,
能源小区智慧社区服务站_站点-能源小区智慧社区服务站,快递,2025-01-20 18:21:59,,1,,6.00,,2.32,42% - 0.2,2,1881286019789537280,极兔快递,JT0015115651130,服饰,广东省,
能源小区智慧社区服务站_站点-能源小区智慧社区服务站,快递,2025-01-20 18:11:47,,1,,6.00,,2.32,42% - 0.2,2,1881283451139047424,极兔快递,JT0015111804418,生活用品,河北省,
能源小区智慧社区服务站_站点-能源小区智慧社区服务站,快递,2025-01-20 17:14:22,,1,,6.00,,2.32,42% - 0.2,2,1881269004261572608,极兔快递,JT0015115846032,服饰,浙江省,
能源小区智慧社区服务站_站点-能源小区智慧社区服务站,快递,2025-01-20 17:06:02,,2,,8.00,,3.88,51% - 0.2,2,1881266907877130240,极兔快递,JT0015112443162,服饰,福建省,
能源小区智慧社区服务站_站点-能源小区智慧社区服务站,快递,2025-01-20 17:03:24,,1,,6.00,,2.32,42% - 0.2,2,1881266243130277888,极兔快递,JT0015116062569,服饰,广东省,
能源小区智慧社区服务站_站点-能源小区智慧社区服务站,快递,2025-01-20 16:36:18,,1,,6.00,,2.32,42% - 0.2,2,1881259425431732224,极兔快递,JT0015114056142,生活用品,辽宁省,
能源小区智慧社区服务站_站点-能源小区智慧社区服务站,快递,2025-01-20 16:02:22,,2,,8.00,,3.88,51% - 0.2,2,1881250824872968192,极兔快递,JT0015114929842,服饰,湖北省,
能源小区智慧社区服务站_站点-能源小区智慧社区服务站,快递,2025-01-20 15:37:07,,2,,8.00,,3.88,51% - 0.2,2,1881244529235247104,极兔快递,JT0015113905977,生活用品,广东省,
能源小区智慧社区服务站_站点-能源小区智慧社区服务站,快递,2025-01-20 14:46:36,,2,,8.00,,3.88,51% - 0.2,2,1881231818166161408,极兔快递,JT0015111978321,服饰,浙江省,
能源小区智慧社区服务站_站点-能源小区智慧社区服务站,快递,2025-01-20 14:44:51,2025-01-20 14:46:18,1,,6.00,,0.00,,2,1881231373121146880,极兔快递,JT0015111579402,服饰,浙江省,已全额退款
能源小区智慧社区服务站_站点-能源小区智慧社区服务站,快递,2025-01-20 13:49:47,,6,,18.00,,8.80,50% - 0.2,2,1881217520748515328,极兔快递,JT0015110421228,食品,陕西省,
能源小区智慧社区服务站_站点-能源小区智慧社区服务站,快递,2025-01-20 13:44:13,,1,,6.00,,2.32,42% - 0.2,2,1881216118898872320,极兔快递,JT0015105143543,服饰,广东省,
能源小区智慧社区服务站_站点-能源小区智慧社区服务站,快递,2025-01-20 12:31:24,,1,,6.00,,2.32,42% - 0.2,2,1881197796526444544,极兔快递,JT0015109349267,服饰,福建省,
能源小区智慧社区服务站_站点-能源小区智慧社区服务站,快递,2025-01-20 12:30:04,,1,,6.00,,2.32,42% - 0.2,2,1881197456804597760,极兔快递,JT0015106671915,服饰,广东省,
能源小区智慧社区服务站_站点-能源小区智慧社区服务站,快递,2025-01-20 11:14:21,,1,,6.00,,2.32,42% - 0.2,2,1881178393449648128,极兔快递,JT0015097506757,生活用品,河北省,
能源小区智慧社区服务站_站点-能源小区智慧社区服务站,快递,2025-01-18 18:31:53,2025-01-20 10:33:45,1,,6.00,,0.00,,2,1880563735441231872,极兔快递,JT0015086537326,生活用品,江西省,已全额退款
能源小区智慧社区服务站_站点-能源小区智慧社区服务站,快递,2025-01-20 10:29:00,,1,,6.00,,2.32,42% - 0.2,2,1881166993637560320,极兔快递,JT0015104975229,生活用品,广西壮族自治区,
能源小区智慧社区服务站_站点-能源小区智慧社区服务站,快递,2025-01-20 10:27:08,,1,,6.00,,2.32,42% - 0.2,2,1881166521962909696,极兔快递,JT0015094027931,服饰,湖北省,
能源小区智慧社区服务站_站点-能源小区智慧社区服务站,快递,2025-01-20 10:26:02,,1,,6.00,,2.32,42% - 0.2,2,1881166246594269184,极兔快递,JT0015106661142,服饰,广东省,
能源小区智慧社区服务站_站点-能源小区智慧社区服务站,快递,2025-01-20 10:24:32,,1,,6.00,,2.32,42% - 0.2,2,1881165740421468160,极兔快递,JT0015106243920,服饰,辽宁省,
能源小区智慧社区服务站_站点-能源小区智慧社区服务站,快递,2025-01-20 10:22:37,,1,,6.00,,2.32,42% - 0.2,2,1881165353413038080,极兔快递,JT0015105322234,服饰,辽宁省,
能源小区智慧社区服务站_站点-能源小区智慧社区服务站,快递,2025-01-19 20:43:01,,1,,6.00,,2.32,42% - 0.2,2,1880959107485454336,极兔快递,JT0015098183629,服饰,安徽省,
能源小区智慧社区服务站_站点-能源小区智慧社区服务站,快递,2025-01-19 20:37:36,2025-01-19 20:40:56,1,,6.00,,0.00,,2,1880957761952731136,极兔快递,JT0015102282253,服饰,江苏省,已全额退款
能源小区智慧社区服务站_站点-能源小区智慧社区服务站,快递,2025-01-19 20:40:27,,1,,6.00,,2.32,42% - 0.2,2,1880958479430373376,极兔快递,JT0015102662585,服饰,江苏省,
能源小区智慧社区服务站_站点-能源小区智慧社区服务站,快递,2025-01-19 20:38:40,,1,,6.00,,2.32,42% - 0.2,2,1880958021815029760,极兔快递,JT0015100503540,服饰,浙江省,
能源小区智慧社区服务站_站点-能源小区智慧社区服务站,快递,2025-01-19 20:36:11,,1,,6.00,,2.32,42% - 0.2,2,1880957408570036224,极兔快递,JT0015102110576,服饰,浙江省,
能源小区智慧社区服务站_站点-能源小区智慧社区服务站,快递,2025-01-19 20:05:27,,1,,6.00,,2.32,42% - 0.2,2,1880949673124220928,极兔快递,JT0015102290928,生活用品,浙江省,
能源小区智慧社区服务站_站点-能源小区智慧社区服务站,干洗,2025-01-19 19:54:15,,,,49.00,,14.70,30%,,1880946849694928896,干洗,,"清洗普通羽绒服2件不分长短49元   *   1
清洗普通羽绒服2件不分长短49元   *   1",,
能源小区智慧社区服务站_站点-能源小区智慧社区服务站,快递,2025-01-19 19:40:37,,2,,8.00,,3.88,51% - 0.2,2,1880943418372575232,极兔快递,JT0015101788574,服饰,江苏省,
能源小区智慧社区服务站_站点-能源小区智慧社区服务站,快递,2025-01-19 19:24:23,,1,,6.00,,2.32,42% - 0.2,2,1880939320218800128,极兔快递,JT0015101776825,服饰,辽宁省,
能源小区智慧社区服务站_站点-能源小区智慧社区服务站,快递,2025-01-19 19:17:28,,2,,8.00,,3.88,51% - 0.2,2,1880937597542649856,极兔快递,JT0015103106296,生活用品,广东省,
能源小区智慧社区服务站_站点-能源小区智慧社区服务站,快递,2025-01-19 19:16:09,,1,,6.00,,2.32,42% - 0.2,2,1880937256503791616,极兔快递,JT0015101617518,生活用品,福建省,
能源小区智慧社区服务站_站点-能源小区智慧社区服务站,快递,2025-01-19 18:46:57,,1,,6.00,,2.32,42% - 0.2,2,1880929915981058048,极兔快递,JT0015101019134,服饰,湖北省,
能源小区智慧社区服务站_站点-能源小区智慧社区服务站,快递,2025-01-19 18:45:15,,1,,6.00,,2.32,42% - 0.2,2,1880929475046461440,极兔快递,JT0015101516065,服饰,河北省,
能源小区智慧社区服务站_站点-能源小区智慧社区服务站,快递,2025-01-19 18:42:32,,1,,6.00,,2.32,42% - 0.2,2,1880928799478304768,极兔快递,JT0015101759636,生活用品,江苏省,
能源小区智慧社区服务站_站点-能源小区智慧社区服务站,快递,2025-01-19 18:39:49,,1,,6.00,,2.32,42% - 0.2,2,1880928117182484480,极兔快递,JT0015101217762,服饰,广东省,
能源小区智慧社区服务站_站点-能源小区智慧社区服务站,快递,2025-01-19 18:39:08,,1,,6.00,,2.32,42% - 0.2,2,1880927945769668608,极兔快递,JT0015098576993,服饰,浙江省,
能源小区智慧社区服务站_站点-能源小区智慧社区服务站,快递,2025-01-19 18:34:00,,1,,6.00,,2.32,42% - 0.2,2,1880926635108388864,极兔快递,JT0015101442546,服饰,湖北省,
能源小区智慧社区服务站_站点-能源小区智慧社区服务站,快递,2025-01-19 18:33:01,,1,,6.00,,2.32,42% - 0.2,2,1880926401166888960,极兔快递,JT0015098900526,服饰,浙江省,
能源小区智慧社区服务站_站点-能源小区智慧社区服务站,快递,2025-01-19 18:32:20,,1,,6.00,,2.32,42% - 0.2,2,1880926236909555712,极兔快递,JT0015099619821,服饰,安徽省,
能源小区智慧社区服务站_站点-能源小区智慧社区服务站,快递,2025-01-19 18:23:33,,2,,8.00,,3.88,51% - 0.2,2,1880924020505104384,极兔快递,JT0015100358636,服饰,江苏省,
能源小区智慧社区服务站_站点-能源小区智慧社区服务站,快递,2025-01-19 18:22:57,,2,,8.00,,3.88,51% - 0.2,2,1880923873381502976,极兔快递,JT0015101823755,服饰,广东省,
能源小区智慧社区服务站_站点-能源小区智慧社区服务站,快递,2025-01-19 18:20:47,,2,,8.00,,3.88,51% - 0.2,2,1880923332874129408,极兔快递,JT0015100571499,服饰,广东省,
能源小区智慧社区服务站_站点-能源小区智慧社区服务站,快递,2025-01-19 18:14:19,,2,,8.00,,3.88,51% - 0.2,2,1880921704729202688,极兔快递,JT0015097752610,生活用品,江苏省,
能源小区智慧社区服务站_站点-能源小区智慧社区服务站,快递,2025-01-19 18:01:51,,2,,8.00,,3.88,51% - 0.2,2,1880918537467645952,极兔快递,JT0015097268071,服饰,浙江省,
能源小区智慧社区服务站_站点-能源小区智慧社区服务站,快递,2025-01-19 17:59:47,2025-01-19 18:01:24,1,,6.00,,0.00,,2,1880918036055379968,极兔快递,JT0015098722356,服饰,浙江省,已全额退款
能源小区智慧社区服务站_站点-能源小区智慧社区服务站,快递,2025-01-19 17:53:10,,1,,6.00,,2.32,42% - 0.2,2,1880916377908596736,极兔快递,JT0015099306693,服饰,江苏省,
能源小区智慧社区服务站_站点-能源小区智慧社区服务站,快递,2025-01-19 17:46:28,,1,,6.00,,2.32,42% - 0.2,2,1880914672575893504,极兔快递,JT0015092262588,服饰,河北省,
能源小区智慧社区服务站_站点-能源小区智慧社区服务站,快递,2025-01-19 17:45:52,,1,,6.00,,2.32,42% - 0.2,2,1880914545840803840,极兔快递,JT0015099489542,服饰,浙江省,
能源小区智慧社区服务站_站点-能源小区智慧社区服务站,快递,2025-01-19 17:44:33,,1,,6.00,,2.32,42% - 0.2,2,1880914215782633472,极兔快递,JT0015099704663,生活用品,广东省,
能源小区智慧社区服务站_站点-能源小区智慧社区服务站,快递,2025-01-19 17:29:22,,1,,6.00,,2.32,42% - 0.2,2,1880910377914781696,极兔快递,JT0015096004104,服饰,广东省,
能源小区智慧社区服务站_站点-能源小区智慧社区服务站,快递,2025-01-19 17:28:49,,1,,6.00,,2.32,42% - 0.2,2,1880910250160476160,极兔快递,JT0015100018152,服饰,广东省,
能源小区智慧社区服务站_站点-能源小区智慧社区服务站,快递,2025-01-19 17:28:16,,1,,6.00,,2.32,42% - 0.2,2,1880910105255661568,极兔快递,JT0015100116170,服饰,广东省,
能源小区智慧社区服务站_站点-能源小区智慧社区服务站,快递,2025-01-19 17:27:36,,1,,6.00,,2.32,42% - 0.2,2,1880909941681999872,极兔快递,JT0015100647472,服饰,广东省,
能源小区智慧社区服务站_站点-能源小区智慧社区服务站,快递,2025-01-19 17:26:58,,1,,6.00,,2.32,42% - 0.2,2,1880909782357168128,极兔快递,JT0015100456454,服饰,广东省,
能源小区智慧社区服务站_站点-能源小区智慧社区服务站,快递,2025-01-19 17:26:25,,1,,6.00,,2.32,42% - 0.2,2,1880909643005612032,极兔快递,JT0015099776724,服饰,广东省,
能源小区智慧社区服务站_站点-能源小区智慧社区服务站,快递,2025-01-19 17:25:51,,1,,6.00,,2.32,42% - 0.2,2,1880909502102163456,极兔快递,JT0015099826495,服饰,广东省,
能源小区智慧社区服务站_站点-能源小区智慧社区服务站,快递,2025-01-19 17:23:58,,1,,7.00,,1.94,42%,2,1880909032419807232,极兔快递,JT0015100297059,服饰,上海市,
能源小区智慧社区服务站_站点-能源小区智慧社区服务站,快递,2025-01-19 17:22:57,,1,,6.00,,2.32,42% - 0.2,2,1880908775946506240,极兔快递,JT0015086645295,服饰,浙江省,
能源小区智慧社区服务站_站点-能源小区智慧社区服务站,快递,2025-01-19 17:21:38,,1,,6.00,,2.32,42% - 0.2,2,1880908447268261888,极兔快递,JT0015094653276,服饰,浙江省,
能源小区智慧社区服务站_站点-能源小区智慧社区服务站,快递,2025-01-19 17:20:11,,1,,6.00,,2.32,42% - 0.2,2,1880908081868886016,极兔快递,JT0015099081872,服饰,浙江省,
能源小区智慧社区服务站_站点-能源小区智慧社区服务站,快递,2025-01-19 17:18:55,,1,,6.00,,2.32,42% - 0.2,2,1880907764653674496,极兔快递,JT0015099819207,服饰,吉林省,
能源小区智慧社区服务站_站点-能源小区智慧社区服务站,快递,2025-01-19 17:09:05,,1,,7.00,,1.94,42%,2,1880905285945839616,极兔快递,JT0015089370530,服饰,上海市,
能源小区智慧社区服务站_站点-能源小区智慧社区服务站,快递,2025-01-19 16:57:37,,1,,6.00,,2.32,42% - 0.2,2,1880902404551266304,极兔快递,JT0015098056091,服饰,广东省,
能源小区智慧社区服务站_站点-能源小区智慧社区服务站,快递,2025-01-19 16:45:12,,1,,6.00,,2.32,42% - 0.2,2,1880899276896522240,极兔快递,JT0015099517329,生活用品,安徽省,
能源小区智慧社区服务站_站点-能源小区智慧社区服务站,快递,2025-01-19 16:36:12,,1,,6.00,,2.32,42% - 0.2,2,1880897005290835968,极兔快递,JT0015096102288,服饰,浙江省,
能源小区智慧社区服务站_站点-能源小区智慧社区服务站,快递,2025-01-19 15:36:09,,1,,6.00,,2.32,42% - 0.2,2,1880881891909095424,极兔快递,JT0015095634078,生活用品,山东省,
能源小区智慧社区服务站_站点-能源小区智慧社区服务站,快递,2025-01-19 15:35:33,,1,,6.00,,2.32,42% - 0.2,2,1880881727165222912,极兔快递,JT0015093451325,生活用品,山东省,
能源小区智慧社区服务站_站点-能源小区智慧社区服务站,快递,2025-01-19 14:55:57,,1,,6.00,,2.32,42% - 0.2,2,1880871776577441792,极兔快递,JT0015095421294,生活用品,广东省,
能源小区智慧社区服务站_站点-能源小区智慧社区服务站,快递,2025-01-19 14:55:15,,1,,6.00,,2.32,42% - 0.2,2,1880871601242951680,极兔快递,JT0015092997084,生活用品,浙江省,
能源小区智慧社区服务站_站点-能源小区智慧社区服务站,快递,2025-01-19 14:54:14,,1,,6.00,,2.32,42% - 0.2,2,1880871343859486720,极兔快递,JT0015088592449,服饰,广东省,
能源小区智慧社区服务站_站点-能源小区智慧社区服务站,快递,2025-01-19 14:53:22,,1,,6.00,,2.32,42% - 0.2,2,1880871123511726080,极兔快递,JT0015091989108,生活用品,河南省,
能源小区智慧社区服务站_站点-能源小区智慧社区服务站,快递,2025-01-19 14:52:34,,2,,8.00,,3.88,51% - 0.2,2,1880870932570230784,极兔快递,JT0015091511847,生活用品,广东省,
能源小区智慧社区服务站_站点-能源小区智慧社区服务站,快递,2025-01-19 14:51:46,,1,,6.00,,2.32,42% - 0.2,2,1880870728785776640,极兔快递,JT0015094172091,生活用品,湖北省,
能源小区智慧社区服务站_站点-能源小区智慧社区服务站,快递,2025-01-19 14:46:01,,1,,6.00,,2.32,42% - 0.2,2,1880869282459734016,极兔快递,JT0015096601617,服饰,广东省,
能源小区智慧社区服务站_站点-能源小区智慧社区服务站,快递,2025-01-19 14:41:39,,2,,8.00,,3.88,51% - 0.2,2,1880868176140750848,极兔快递,JT0015092130105,生活用品,福建省,
能源小区智慧社区服务站_站点-能源小区智慧社区服务站,快递,2025-01-19 14:40:36,,2,,8.00,,3.88,51% - 0.2,2,1880867894572929024,韵达快递,312617996511857,生活用品,福建省,
能源小区智慧社区服务站_站点-能源小区智慧社区服务站,快递,2025-01-19 14:29:40,,2,,8.00,,3.88,51% - 0.2,2,1880865168325660672,极兔快递,JT0015088725025,生活用品,浙江省,
能源小区智慧社区服务站_站点-能源小区智慧社区服务站,快递,2025-01-19 14:11:42,,1,,6.00,,2.32,42% - 0.2,2,1880860647360876544,极兔快递,JT0015085092294,生活用品,福建省,
能源小区智慧社区服务站_站点-能源小区智慧社区服务站,快递,2025-01-19 14:07:58,,1,,6.00,,2.32,42% - 0.2,2,1880859705496358912,极兔快递,JT0015073910944,生活用品,安徽省,
能源小区智慧社区服务站_站点-能源小区智慧社区服务站,快递,2025-01-19 13:20:45,,8,,24.00,,11.80,50% - 0.2,2,1880847816716505088,极兔快递,JT0015088664154,生鲜类,河南省,
能源小区智慧社区服务站_站点-能源小区智慧社区服务站,快递,2025-01-19 13:20:16,,8,,24.00,,11.80,50% - 0.2,2,1880847703474491392,极兔快递,JT0015094241837,生鲜类,河南省,
能源小区智慧社区服务站_站点-能源小区智慧社区服务站,快递,2025-01-19 13:15:44,,2,,8.00,,3.88,51% - 0.2,2,1880846547809521664,极兔快递,JT0015094990797,生活用品,浙江省,
能源小区智慧社区服务站_站点-能源小区智慧社区服务站,快递,2025-01-19 11:12:23,,1,,6.00,,2.32,42% - 0.2,2,1880815519560683520,极兔快递,JT0015087578774,生活用品,江苏省,
能源小区智慧社区服务站_站点-能源小区智慧社区服务站,快递,2025-01-19 10:50:01,,1,,6.00,,2.32,42% - 0.2,2,1880809889504481280,极兔快递,JT0015092636565,食品,河北省,
能源小区智慧社区服务站_站点-能源小区智慧社区服务站,快递,2025-01-19 10:30:49,,4,,13.00,,5.50,50%,2,1880805062321950720,极兔快递,JT0015091432938,生鲜类,北京市,
能源小区智慧社区服务站_站点-能源小区智慧社区服务站,快递,2025-01-19 10:22:13,,11,,33.00,,16.30,50% - 0.2,2,1880802894068109312,极兔快递,JT0015087254674,生鲜类,甘肃省,
能源小区智慧社区服务站_站点-能源小区智慧社区服务站,快递,2025-01-19 10:12:27,,1,,6.00,,2.32,42% - 0.2,2,1880800440316383232,极兔快递,JT0015089183646,服饰,广东省,
能源小区智慧社区服务站_站点-能源小区智慧社区服务站,快递,2025-01-19 10:08:20,,2,,8.00,,3.88,51% - 0.2,2,1880799402356166656,极兔快递,JT0015091888977,服饰,浙江省,
能源小区智慧社区服务站_站点-能源小区智慧社区服务站,快递,2025-01-19 10:06:48,,1,,6.00,,2.32,42% - 0.2,2,1880799015435816960,极兔快递,JT0015090734799,服饰,广东省,
能源小区智慧社区服务站_站点-能源小区智慧社区服务站,快递,2025-01-19 10:04:48,,5,,15.00,,7.30,50% - 0.2,2,1880798514442981376,极兔快递,JT0015091361888,生活用品,四川省,
能源小区智慧社区服务站_站点-能源小区智慧社区服务站,快递,2025-01-19 10:02:28,,1,,6.00,,2.32,42% - 0.2,2,1880797927257198592,极兔快递,JT0015092030167,服饰,黑龙江省,
能源小区智慧社区服务站_站点-能源小区智慧社区服务站,快递,2025-01-18 20:36:54,,1,,6.00,,2.32,42% - 0.2,2,1880595195149733888,极兔快递,JT0015088694079,服饰,广东省,
能源小区智慧社区服务站_站点-能源小区智慧社区服务站,快递,2025-01-18 20:04:03,,2,,8.00,,3.88,51% - 0.2,2,1880586930760241152,极兔快递,JT0015083492078,生活用品,广东省,
能源小区智慧社区服务站_站点-能源小区智慧社区服务站,快递,2025-01-18 20:01:14,,1,,6.00,,2.32,42% - 0.2,2,1880586211802009600,极兔快递,JT0015087890810,服饰,四川省,
能源小区智慧社区服务站_站点-能源小区智慧社区服务站,快递,2025-01-18 19:54:25,,1,,6.00,,2.32,42% - 0.2,2,1880584503252275200,极兔快递,JT0015084748852,生活用品,广东省,
能源小区智慧社区服务站_站点-能源小区智慧社区服务站,快递,2025-01-18 19:53:41,,1,,6.00,,2.32,42% - 0.2,2,1880584319923441664,极兔快递,JT0015087501502,生活用品,辽宁省,
能源小区智慧社区服务站_站点-能源小区智慧社区服务站,快递,2025-01-18 19:52:58,,1,,6.00,,2.32,42% - 0.2,2,1880583971972370432,极兔快递,JT0015082097200,生活用品,江西省,
能源小区智慧社区服务站_站点-能源小区智慧社区服务站,快递,2025-01-18 19:50:17,,1,,6.00,,2.32,42% - 0.2,2,1880583456328830976,极兔快递,JT0015082890293,生活用品,江苏省,
能源小区智慧社区服务站_站点-能源小区智慧社区服务站,快递,2025-01-18 19:49:42,,1,,6.00,,2.32,42% - 0.2,2,1880583320659873792,极兔快递,JT0015087360467,生活用品,广东省,
能源小区智慧社区服务站_站点-能源小区智慧社区服务站,快递,2025-01-18 19:22:30,,1,,6.00,,2.32,42% - 0.2,2,1880576409877139456,极兔快递,JT0015083625082,生活用品,河北省,
能源小区智慧社区服务站_站点-能源小区智慧社区服务站,快递,2025-01-18 19:17:31,,3,,10.00,,5.30,55% - 0.2,2,1880575087882850304,极兔快递,JT0015086539996,易碎品,广东省,
能源小区智慧社区服务站_站点-能源小区智慧社区服务站,快递,2025-01-18 19:13:04,,1,,6.00,,2.32,42% - 0.2,2,1880574099759353856,极兔快递,JT0015085672468,生活用品,广东省,
能源小区智慧社区服务站_站点-能源小区智慧社区服务站,快递,2025-01-18 19:05:45,,1,,6.00,,2.32,42% - 0.2,2,1880572258950631424,极兔快递,JT0015086994615,生活用品,广东省,
能源小区智慧社区服务站_站点-能源小区智慧社区服务站,快递,2025-01-18 19:03:12,,1,,6.00,,2.32,42% - 0.2,2,1880571615787667456,极兔快递,JT0015085599919,数码产品,广东省,
能源小区智慧社区服务站_站点-能源小区智慧社区服务站,快递,2025-01-18 18:57:43,,1,,6.00,,2.32,42% - 0.2,2,1880570226852286464,极兔快递,JT0015087668355,服饰,广西壮族自治区,
能源小区智慧社区服务站_站点-能源小区智慧社区服务站,快递,2025-01-18 18:51:21,,1,,6.00,,2.32,42% - 0.2,2,1880568634631573504,极兔快递,JT0015080399716,服饰,浙江省,
能源小区智慧社区服务站_站点-能源小区智慧社区服务站,快递,2025-01-18 18:50:05,,1,,6.00,,2.32,42% - 0.2,2,1880568317995175936,极兔快递,JT0015086354801,服饰,广东省,
能源小区智慧社区服务站_站点-能源小区智慧社区服务站,快递,2025-01-18 18:48:47,,2,,8.00,,3.88,51% - 0.2,2,1880567989593755648,极兔快递,JT0015081855355,服饰,广东省,
能源小区智慧社区服务站_站点-能源小区智慧社区服务站,快递,2025-01-18 18:46:34,,2,,8.00,,3.88,51% - 0.2,2,1880567433512931328,极兔快递,JT0015086435502,生活用品,广东省,
能源小区智慧社区服务站_站点-能源小区智慧社区服务站,快递,2025-01-18 18:45:38,,1,,6.00,,2.32,42% - 0.2,2,1880567194689261568,极兔快递,JT0015086447401,服饰,广东省,
能源小区智慧社区服务站_站点-能源小区智慧社区服务站,快递,2025-01-18 18:23:57,,1,,6.00,,2.32,42% - 0.2,2,1880561742521880576,极兔快递,JT0015079738090,服饰,浙江省,
能源小区智慧社区服务站_站点-能源小区智慧社区服务站,快递,2025-01-18 18:22:15,,1,,6.00,,2.32,42% - 0.2,2,1880561311464869888,极兔快递,JT0015084436545,服饰,湖北省,
能源小区智慧社区服务站_站点-能源小区智慧社区服务站,快递,2025-01-18 17:44:31,,1,,6.00,,2.32,42% - 0.2,2,1880551817359970304,极兔快递,JT0015085931039,生活用品,广东省,
能源小区智慧社区服务站_站点-能源小区智慧社区服务站,快递,2025-01-18 16:40:23,,1,,6.00,,2.32,42% - 0.2,2,1880535670728216576,极兔快递,JT0015083275625,生活用品,浙江省,
能源小区智慧社区服务站_站点-能源小区智慧社区服务站,快递,2025-01-18 16:13:49,,1,,6.00,,2.32,42% - 0.2,2,1880528987436142592,极兔快递,JT0015083771813,服饰,广东省,
能源小区智慧社区服务站_站点-能源小区智慧社区服务站,快递,2025-01-18 14:37:53,,1,,6.00,,2.32,42% - 0.2,2,1880504847736033280,极兔快递,JT0015081071459,服饰,河南省,
能源小区智慧社区服务站_站点-能源小区智慧社区服务站,快递,2025-01-18 14:27:48,,1,,6.00,,2.32,42% - 0.2,2,1880502309389389824,极兔快递,JT0015081939497,生活用品,江苏省,
能源小区智慧社区服务站_站点-能源小区智慧社区服务站,快递,2025-01-18 14:12:35,2025-01-18 14:13:31,1,,6.00,,0.00,,2,1880498478907707392,极兔快递,JT0015078275542,服饰,湖北省,已全额退款
能源小区智慧社区服务站_站点-能源小区智慧社区服务站,快递,2025-01-18 14:13:11,,2,,8.00,,3.88,51% - 0.2,2,1880498634604466176,极兔快递,JT0015079946229,服饰,湖北省,
能源小区智慧社区服务站_站点-能源小区智慧社区服务站,快递,2025-01-18 14:06:56,,1,,6.00,,2.32,42% - 0.2,2,1880497041041575936,极兔快递,JT0015069115347,服饰,广东省,
能源小区智慧社区服务站_站点-能源小区智慧社区服务站,快递,2025-01-18 14:04:54,,1,,6.00,,2.32,42% - 0.2,2,1880496547254554624,极兔快递,JT0015077389932,服饰,浙江省,
能源小区智慧社区服务站_站点-能源小区智慧社区服务站,快递,2025-01-18 13:54:06,,10,,30.00,,14.80,50% - 0.2,2,1880493830209589248,极兔快递,JT0015079014322,生鲜类,河南省,
能源小区智慧社区服务站_站点-能源小区智慧社区服务站,快递,2025-01-18 13:52:31,,11,,33.00,,16.30,50% - 0.2,2,1880493428286214144,极兔快递,JT0015080809723,生鲜类,河南省,
能源小区智慧社区服务站_站点-能源小区智慧社区服务站,快递,2025-01-18 13:42:37,,1,,6.00,,2.32,42% - 0.2,2,1880490935108030464,极兔快递,JT0015079717255,服饰,山东省,
能源小区智慧社区服务站_站点-能源小区智慧社区服务站,快递,2025-01-18 13:32:59,,2,,8.00,,3.88,51% - 0.2,2,1880488514428391424,极兔快递,JT0015068677080,服饰,广东省,
能源小区智慧社区服务站_站点-能源小区智慧社区服务站,快递,2025-01-18 13:32:26,,1,,6.00,,2.32,42% - 0.2,2,1880488377278844928,极兔快递,JT0015078479152,服饰,浙江省,
能源小区智慧社区服务站_站点-能源小区智慧社区服务站,快递,2025-01-18 13:23:55,,1,,6.00,,2.32,42% - 0.2,2,1880486228088115200,极兔快递,JT0015079484919,服饰,广东省,
能源小区智慧社区服务站_站点-能源小区智慧社区服务站,快递,2025-01-18 13:23:25,,1,,6.00,,2.32,42% - 0.2,2,1880486107027918848,极兔快递,JT0015079158826,服饰,广东省,
能源小区智慧社区服务站_站点-能源小区智慧社区服务站,快递,2025-01-18 13:18:36,,1,,6.00,,2.32,42% - 0.2,2,1880484897000574976,极兔快递,JT0015077330114,生活用品,河南省,
能源小区智慧社区服务站_站点-能源小区智慧社区服务站,快递,2025-01-18 13:14:50,,1,,6.00,,2.32,42% - 0.2,2,1880483948941070336,极兔快递,JT0015078330653,生活用品,重庆市,
能源小区智慧社区服务站_站点-能源小区智慧社区服务站,快递,2025-01-18 13:13:13,,1,,6.00,,2.32,42% - 0.2,2,1880483538079633408,极兔快递,JT0015078724432,服饰,浙江省,
能源小区智慧社区服务站_站点-能源小区智慧社区服务站,快递,2025-01-18 13:06:30,,1,,6.00,,2.32,42% - 0.2,2,1880481850895683584,极兔快递,JT0015078873332,生活用品,广东省,
能源小区智慧社区服务站_站点-能源小区智慧社区服务站,快递,2025-01-18 12:56:12,,1,,6.00,,2.32,42% - 0.2,2,1880479257129701376,极兔快递,JT0015078407029,服饰,浙江省,
能源小区智慧社区服务站_站点-能源小区智慧社区服务站,快递,2025-01-18 12:33:29,,1,,6.00,,2.32,42% - 0.2,2,1880473524698927104,极兔快递,JT0015077232180,生活用品,浙江省,
能源小区智慧社区服务站_站点-能源小区智慧社区服务站,快递,2025-01-18 12:14:53,,1,,6.00,,2.32,42% - 0.2,2,1880468858778996736,极兔快递,JT0015074379336,服饰,浙江省,
能源小区智慧社区服务站_站点-能源小区智慧社区服务站,快递,2025-01-18 11:43:13,,1,,6.00,,2.32,42% - 0.2,2,1880460874262827008,极兔快递,JT0015078284650,服饰,山东省,
能源小区智慧社区服务站_站点-能源小区智慧社区服务站,快递,2025-01-18 11:17:00,,1,,6.00,,2.32,42% - 0.2,2,1880454284231102464,极兔快递,JT0015077387428,服饰,湖南省,
能源小区智慧社区服务站_站点-能源小区智慧社区服务站,快递,2025-01-18 11:14:24,,2,,8.00,,3.88,51% - 0.2,2,1880453635879784448,极兔快递,JT0015078038575,生活用品,江苏省,
能源小区智慧社区服务站_站点-能源小区智慧社区服务站,快递,2025-01-18 11:13:45,,2,,8.00,,3.88,51% - 0.2,2,1880453472729747456,极兔快递,JT0015076858041,生活用品,江苏省,
能源小区智慧社区服务站_站点-能源小区智慧社区服务站,快递,2025-01-18 10:54:11,,1,,6.00,,2.32,42% - 0.2,2,1880448554488877056,极兔快递,JT0015073927176,生活用品,广东省,
能源小区智慧社区服务站_站点-能源小区智慧社区服务站,快递,2025-01-18 10:52:20,,1,,6.00,,2.32,42% - 0.2,2,1880448090909233152,韵达快递,312615892687143,服饰,云南省,
能源小区智慧社区服务站_站点-能源小区智慧社区服务站,快递,2025-01-18 10:48:05,,1,,6.00,,2.32,42% - 0.2,2,1880447002487345152,极兔快递,JT0015076266306,服饰,浙江省,
能源小区智慧社区服务站_站点-能源小区智慧社区服务站,快递,2025-01-18 10:47:13,,1,,6.00,,2.32,42% - 0.2,2,1880446755333787648,极兔快递,JT0015076397396,服饰,湖北省,
能源小区智慧社区服务站_站点-能源小区智慧社区服务站,快递,2025-01-18 10:46:16,,1,,6.00,,2.32,42% - 0.2,2,1880446560999100416,极兔快递,JT0015070953034,服饰,广东省,
能源小区智慧社区服务站_站点-能源小区智慧社区服务站,快递,2025-01-18 10:34:22,,1,,6.00,,2.32,42% - 0.2,2,1880443563887874048,极兔快递,JT0015076587093,服饰,湖北省,
能源小区智慧社区服务站_站点-能源小区智慧社区服务站,快递,2025-01-18 10:27:35,,1,,6.00,,2.32,42% - 0.2,2,1880441847050194944,极兔快递,JT0015074955448,生活用品,广西壮族自治区,
能源小区智慧社区服务站_站点-能源小区智慧社区服务站,快递,2025-01-18 10:25:48,,3,,10.00,,5.30,55% - 0.2,2,1880441410754498560,极兔快递,JT0015064035028,生活用品,广西壮族自治区,
能源小区智慧社区服务站_站点-能源小区智慧社区服务站,快递,2025-01-18 10:19:20,,1,,6.00,,2.32,42% - 0.2,2,1880439781183508480,极兔快递,JT0015076325591,服饰,河南省,
能源小区智慧社区服务站_站点-能源小区智慧社区服务站,快递,2025-01-17 21:32:18,,1,,6.00,,2.32,42% - 0.2,2,1880246748269826048,极兔快递,JT0015071970790,服饰,浙江省,
能源小区智慧社区服务站_站点-能源小区智慧社区服务站,快递,2025-01-17 20:56:58,,1,,6.00,,2.32,42% - 0.2,2,1880237860485124096,极兔快递,JT0015072435774,服饰,广东省,
能源小区智慧社区服务站_站点-能源小区智慧社区服务站,快递,2025-01-17 20:49:56,,1,,6.00,,2.32,42% - 0.2,2,1880236081391390720,极兔快递,JT0015072230043,生活用品,浙江省,
能源小区智慧社区服务站_站点-能源小区智慧社区服务站,快递,2025-01-17 20:49:08,,1,,6.00,,2.32,42% - 0.2,2,1880235883034365952,极兔快递,JT0015070081199,生活用品,浙江省,
能源小区智慧社区服务站_站点-能源小区智慧社区服务站,快递,2025-01-17 20:44:34,,1,,6.00,,2.32,42% - 0.2,2,1880234741525172224,极兔快递,JT0015069986389,生活用品,浙江省,
能源小区智慧社区服务站_站点-能源小区智慧社区服务站,快递,2025-01-17 20:43:51,,2,,8.00,,3.88,51% - 0.2,2,1880234558661906432,极兔快递,JT0015071612778,服饰,浙江省,
能源小区智慧社区服务站_站点-能源小区智慧社区服务站,快递,2025-01-17 20:42:02,,1,,6.00,,2.32,42% - 0.2,2,1880234095900151808,极兔快递,JT0015068494415,生活用品,广东省,
能源小区智慧社区服务站_站点-能源小区智慧社区服务站,快递,2025-01-17 20:41:16,,1,,6.00,,2.32,42% - 0.2,2,1880233903754891264,极兔快递,JT0015056369391,生活用品,广东省,
能源小区智慧社区服务站_站点-能源小区智慧社区服务站,快递,2025-01-17 20:40:30,,1,,6.00,,2.32,42% - 0.2,2,1880233717548765184,极兔快递,JT0015072697782,服饰,广东省,
能源小区智慧社区服务站_站点-能源小区智慧社区服务站,快递,2025-01-17 20:22:04,,1,,6.00,,2.32,42% - 0.2,2,1880229079340601344,极兔快递,JT0015073081222,服饰,广东省,
能源小区智慧社区服务站_站点-能源小区智慧社区服务站,快递,2025-01-17 20:18:14,,2,,8.00,,3.88,51% - 0.2,2,1880228113702768640,极兔快递,JT0015065602511,生活用品,江西省,
能源小区智慧社区服务站_站点-能源小区智慧社区服务站,干洗,2025-01-17 20:10:39,,,,24.80,,7.44,30%,,1880226190568247296,干洗,,"棉服_毛呢_羽绒服   *   1",,
能源小区智慧社区服务站_站点-能源小区智慧社区服务站,快递,2025-01-17 20:03:16,,4,,12.00,,5.80,50% - 0.2,2,1880224347746258944,极兔快递,JT0015070515882,服饰,湖南省,
能源小区智慧社区服务站_站点-能源小区智慧社区服务站,快递,2025-01-17 19:55:39,,1,,6.00,,2.32,42% - 0.2,2,1880222431968546816,极兔快递,JT0015067714542,服饰,福建省,
能源小区智慧社区服务站_站点-能源小区智慧社区服务站,快递,2025-01-17 19:52:48,,2,,8.00,,3.88,51% - 0.2,2,1880221714159554560,极兔快递,JT0015067695339,服饰,广东省,
能源小区智慧社区服务站_站点-能源小区智慧社区服务站,快递,2025-01-17 19:49:45,,1,,6.00,,2.32,42% - 0.2,2,1880220942575390720,极兔快递,JT0015071110086,生活用品,广东省,
能源小区智慧社区服务站_站点-能源小区智慧社区服务站,快递,2025-01-17 19:45:26,,1,,6.00,,2.32,42% - 0.2,2,1880219860117803008,极兔快递,JT0015072028952,服饰,浙江省,
能源小区智慧社区服务站_站点-能源小区智慧社区服务站,快递,2025-01-17 19:41:41,,1,,6.00,,2.32,42% - 0.2,2,1880218911026499584,极兔快递,JT0015071215263,生活用品,安徽省,
能源小区智慧社区服务站_站点-能源小区智慧社区服务站,快递,2025-01-17 19:28:58,,4,,12.00,,5.80,50% - 0.2,2,1880215715654717440,韵达快递,312614997939069,服饰,浙江省,
能源小区智慧社区服务站_站点-能源小区智慧社区服务站,快递,2025-01-17 19:16:04,,1,,6.00,,2.32,42% - 0.2,2,1880212471046000640,极兔快递,JT0015071427376,生活用品,广东省,
能源小区智慧社区服务站_站点-能源小区智慧社区服务站,快递,2025-01-17 19:14:22,,3,,10.00,,5.30,55% - 0.2,2,1880212042446852096,极兔快递,JT0015070452263,生活用品,江苏省,
能源小区智慧社区服务站_站点-能源小区智慧社区服务站,快递,2025-01-17 19:11:23,,4,,12.00,,5.80,50% - 0.2,2,1880211286893318144,极兔快递,JT0015052863475,服饰,广东省,
能源小区智慧社区服务站_站点-能源小区智慧社区服务站,快递,2025-01-17 19:06:33,,1,,7.00,,1.94,42%,2,1880210070448689152,极兔快递,JT0015070475584,生活用品,上海市,
能源小区智慧社区服务站_站点-能源小区智慧社区服务站,快递,2025-01-17 18:47:05,,1,,6.00,,2.32,42% - 0.2,2,1880205163901538304,极兔快递,JT0015071400365,服饰,江苏省,
能源小区智慧社区服务站_站点-能源小区智慧社区服务站,快递,2025-01-17 18:46:34,,1,,6.00,,2.32,42% - 0.2,2,1880205037195808768,极兔快递,JT0015071158204,服饰,浙江省,
能源小区智慧社区服务站_站点-能源小区智慧社区服务站,快递,2025-01-17 18:20:14,,1,,6.00,,2.32,42% - 0.2,2,1880198408454852608,极兔快递,JT0015068333422,服饰,河南省,
能源小区智慧社区服务站_站点-能源小区智慧社区服务站,快递,2025-01-17 18:19:36,,1,,6.00,,2.32,42% - 0.2,2,1880198254184157184,极兔快递,JT0015061925656,服饰,广东省,
能源小区智慧社区服务站_站点-能源小区智慧社区服务站,快递,2025-01-17 17:56:21,,1,,6.00,,2.32,42% - 0.2,2,1880192406946893824,极兔快递,JT0015068602394,服饰,江苏省,
能源小区智慧社区服务站_站点-能源小区智慧社区服务站,快递,2025-01-17 17:35:03,,1,,6.00,,2.32,42% - 0.2,2,1880187048266354688,极兔快递,JT0015065408923,服饰,福建省,
能源小区智慧社区服务站_站点-能源小区智慧社区服务站,快递,2025-01-17 17:31:40,,1,,6.00,,2.32,42% - 0.2,2,1880186195040063488,极兔快递,JT0015065772228,生活用品,广东省,
能源小区智慧社区服务站_站点-能源小区智慧社区服务站,快递,2025-01-17 17:29:00,,1,,6.00,,2.32,42% - 0.2,2,1880185523917869056,极兔快递,JT0015070002378,服饰,浙江省,
能源小区智慧社区服务站_站点-能源小区智慧社区服务站,快递,2025-01-17 16:54:17,,1,,6.00,,2.32,42% - 0.2,2,1880176779666444288,极兔快递,JT0015067804417,服饰,广东省,
能源小区智慧社区服务站_站点-能源小区智慧社区服务站,快递,2025-01-17 16:08:47,,2,,8.00,,3.88,51% - 0.2,2,1880165334753005568,极兔快递,JT0015066631554,生活用品,浙江省,
能源小区智慧社区服务站_站点-能源小区智慧社区服务站,快递,2025-01-17 16:08:01,,1,,6.00,,2.32,42% - 0.2,2,1880165136400175104,极兔快递,JT0015060571048,服饰,湖北省,
能源小区智慧社区服务站_站点-能源小区智慧社区服务站,快递,2025-01-17 16:07:39,,1,,6.00,,2.32,42% - 0.2,2,1880165053113880576,极兔快递,JT0015057578296,服饰,湖北省,
能源小区智慧社区服务站_站点-能源小区智慧社区服务站,快递,2025-01-17 16:05:48,,1,,7.00,,1.94,42%,2,1880164584723369984,极兔快递,JT0015065436384,服饰,上海市,
能源小区智慧社区服务站_站点-能源小区智慧社区服务站,快递,2025-01-17 16:02:47,,3,,10.00,,5.30,55% - 0.2,2,1880163829706706944,极兔快递,JT0015052328282,生活用品,河北省,
能源小区智慧社区服务站_站点-能源小区智慧社区服务站,快递,2025-01-17 16:02:14,,2,,8.00,,3.88,51% - 0.2,2,1880163679215079424,极兔快递,JT0015064771496,服饰,江苏省,
能源小区智慧社区服务站_站点-能源小区智慧社区服务站,快递,2025-01-17 15:20:20,,5,,15.00,,7.30,50% - 0.2,2,1880153142712389632,极兔快递,JT0015066435502,生活用品,广东省,
能源小区智慧社区服务站_站点-能源小区智慧社区服务站,快递,2025-01-17 15:08:49,2025-01-17 15:12:06,5,,15.00,,0.00,,2,1880150221769723904,极兔快递,JT0015053318836,生活用品,广东省,已全额退款
能源小区智慧社区服务站_站点-能源小区智慧社区服务站,快递,2025-01-17 14:51:58,,2,,8.00,,3.88,51% - 0.2,2,1880145997287706624,极兔快递,JT0015065415505,服饰,浙江省,
能源小区智慧社区服务站_站点-能源小区智慧社区服务站,快递,2025-01-17 14:51:24,,2,,8.00,,3.88,51% - 0.2,2,1880145829112893440,极兔快递,JT0015065579267,服饰,浙江省,
能源小区智慧社区服务站_站点-能源小区智慧社区服务站,快递,2025-01-17 14:32:53,,1,,6.00,,2.32,42% - 0.2,2,1880141201067528192,极兔快递,JT0015062824536,生活用品,河北省,
能源小区智慧社区服务站_站点-能源小区智慧社区服务站,干洗,2025-01-17 14:10:41,,,,61.80,,18.54,30%,,1880135601025765376,干洗,,"布鞋_网鞋   *   1
清洗普通羽绒服2件不分长短49元   *   1
清洗普通羽绒服2件不分长短49元   *   1",,
能源小区智慧社区服务站_站点-能源小区智慧社区服务站,快递,2025-01-17 13:46:55,,1,,7.00,,1.94,42%,2,1880129635232305152,极兔快递,JT0015063702715,生活用品,上海市,
能源小区智慧社区服务站_站点-能源小区智慧社区服务站,快递,2025-01-17 13:46:18,,3,,10.00,,5.30,55% - 0.2,2,1880129478692491264,极兔快递,JT0015064952935,服饰,浙江省,
能源小区智慧社区服务站_站点-能源小区智慧社区服务站,快递,2025-01-17 13:45:42,,1,,6.00,,2.32,42% - 0.2,2,1880129320953106432,极兔快递,JT0015064659842,服饰,浙江省,
能源小区智慧社区服务站_站点-能源小区智慧社区服务站,快递,2025-01-17 13:45:02,,1,,6.00,,2.32,42% - 0.2,2,1880129158843256832,极兔快递,JT0015061947440,生活用品,重庆市,
能源小区智慧社区服务站_站点-能源小区智慧社区服务站,干洗,2025-01-17 13:06:10,2025-01-17 13:34:54,,,37.60,,11.28,30%,,1880119363272757248,干洗,,"布鞋_网鞋   *   1
棉服_毛呢_羽绒服   *   1",,已全额退款
能源小区智慧社区服务站_站点-能源小区智慧社区服务站,快递,2025-01-17 13:33:49,,1,,6.00,,2.32,42% - 0.2,2,1880126333509750784,极兔快递,JT0015061956542,生活用品,福建省,
能源小区智慧社区服务站_站点-能源小区智慧社区服务站,快递,2025-01-17 13:08:12,,1,,6.00,,2.32,42% - 0.2,2,1880119877741891584,极兔快递,JT0015063412770,服饰,广东省,
能源小区智慧社区服务站_站点-能源小区智慧社区服务站,快递,2025-01-17 12:54:00,,1,,6.00,,2.32,42% - 0.2,2,1880116317461467136,极兔快递,JT0015063188879,生活用品,广东省,
能源小区智慧社区服务站_站点-能源小区智慧社区服务站,快递,2025-01-17 12:41:34,,1,,7.00,,1.94,42%,2,1880113188183527424,极兔快递,JT0015062246804,生活用品,上海市,
能源小区智慧社区服务站_站点-能源小区智慧社区服务站,快递,2025-01-17 12:38:31,,1,,6.00,,2.32,42% - 0.2,2,1880112421477339136,极兔快递,JT0015061615069,生活用品,山东省,
能源小区智慧社区服务站_站点-能源小区智慧社区服务站,快递,2025-01-17 12:37:02,,1,,6.00,,2.32,42% - 0.2,2,1880112032703107072,极兔快递,JT0015061922043,生活用品,江苏省,
能源小区智慧社区服务站_站点-能源小区智慧社区服务站,快递,2025-01-17 12:34:14,,1,,6.00,,2.32,42% - 0.2,2,1880111343176306688,极兔快递,JT0015062501163,生活用品,山东省,
能源小区智慧社区服务站_站点-能源小区智慧社区服务站,快递,2025-01-17 12:32:10,,1,,6.00,,2.32,42% - 0.2,2,1880110812294860800,极兔快递,JT0015061952030,生活用品,广东省,
能源小区智慧社区服务站_站点-能源小区智慧社区服务站,快递,2025-01-17 12:29:53,,1,,6.00,,2.32,42% - 0.2,2,1880110197959348224,极兔快递,JT0015061474318,生活用品,江苏省,
能源小区智慧社区服务站_站点-能源小区智慧社区服务站,快递,2025-01-17 12:26:30,,1,,6.00,,2.32,42% - 0.2,2,1880109398873133056,极兔快递,JT0015063046873,生活用品,浙江省,
能源小区智慧社区服务站_站点-能源小区智慧社区服务站,快递,2025-01-17 12:24:29,,1,,6.00,,2.32,42% - 0.2,2,1880108891966328832,极兔快递,JT0015062889943,生活用品,江苏省,
能源小区智慧社区服务站_站点-能源小区智慧社区服务站,快递,2025-01-17 12:19:06,,1,,6.00,,2.32,42% - 0.2,2,1880107535620689920,极兔快递,JT0015058871928,服饰,浙江省,
能源小区智慧社区服务站_站点-能源小区智慧社区服务站,快递,2025-01-17 12:18:27,,2,,8.00,,3.88,51% - 0.2,2,1880107370700656640,极兔快递,JT0015062552117,生活用品,浙江省,
能源小区智慧社区服务站_站点-能源小区智慧社区服务站,快递,2025-01-17 11:16:06,,1,,6.00,,2.32,42% - 0.2,2,1880091644606599168,极兔快递,JT0015057632386,生活用品,江苏省,
能源小区智慧社区服务站_站点-能源小区智慧社区服务站,快递,2025-01-17 11:11:27,,1,,6.00,,2.32,42% - 0.2,2,1880090510873645056,极兔快递,JT0015059230698,生活用品,广东省,
能源小区智慧社区服务站_站点-能源小区智慧社区服务站,快递,2025-01-17 11:09:30,,1,,6.00,,2.32,42% - 0.2,2,1880090020454649856,极兔快递,JT0015060871778,生活用品,山东省,
能源小区智慧社区服务站_站点-能源小区智慧社区服务站,快递,2025-01-17 11:07:32,,1,,6.00,,2.32,42% - 0.2,2,1880089525983956992,极兔快递,JT0015061456036,生活用品,河北省,
能源小区智慧社区服务站_站点-能源小区智慧社区服务站,快递,2025-01-17 11:06:16,,1,,6.00,,2.32,42% - 0.2,2,1880089198916325376,极兔快递,JT0015061558388,生活用品,浙江省,
能源小区智慧社区服务站_站点-能源小区智慧社区服务站,快递,2025-01-17 11:03:35,,1,,6.00,,2.32,42% - 0.2,2,1880088525172690944,极兔快递,JT0015060930179,生活用品,山东省,
能源小区智慧社区服务站_站点-能源小区智慧社区服务站,快递,2025-01-17 10:31:11,,1,,6.00,,2.32,42% - 0.2,2,1880080376684400640,极兔快递,JT0015060289711,服饰,广东省,
能源小区智慧社区服务站_站点-能源小区智慧社区服务站,快递,2025-01-17 10:22:27,,5,,15.00,,7.30,50% - 0.2,2,1880078178063798272,极兔快递,JT0015055651145,生鲜类,陕西省,
能源小区智慧社区服务站_站点-能源小区智慧社区服务站,快递,2025-01-17 10:16:39,,5,,15.00,,7.30,50% - 0.2,2,1880076717300961280,极兔快递,JT0015057544803,生鲜类,山东省,
能源小区智慧社区服务站_站点-能源小区智慧社区服务站,快递,2025-01-17 10:14:48,,6,,18.00,,8.80,50% - 0.2,2,1880076255969464320,极兔快递,JT0015059518606,生鲜类,山东省,
能源小区智慧社区服务站_站点-能源小区智慧社区服务站,快递,2025-01-17 10:13:40,,13,,39.00,,19.30,50% - 0.2,2,1880075967745282048,极兔快递,JT0015058656339,生鲜类,山东省,
能源小区智慧社区服务站_站点-能源小区智慧社区服务站,快递,2025-01-16 20:16:51,,3,,10.00,,5.30,55% - 0.2,2,1879865370361516032,极兔快递,JT0015055590768,服饰,广东省,
能源小区智慧社区服务站_站点-能源小区智慧社区服务站,快递,2025-01-16 20:01:33,,1,,6.00,,2.32,42% - 0.2,2,1879861524050530304,极兔快递,JT0015055798724,生活用品,陕西省,
能源小区智慧社区服务站_站点-能源小区智慧社区服务站,快递,2025-01-16 20:00:19,,1,,6.00,,2.32,42% - 0.2,2,1879861211511967744,极兔快递,JT0015055310706,生活用品,陕西省,
能源小区智慧社区服务站_站点-能源小区智慧社区服务站,快递,2025-01-16 19:46:08,,1,,6.00,,2.32,42% - 0.2,2,1879857607292014592,极兔快递,JT0015054798529,生活用品,浙江省,
能源小区智慧社区服务站_站点-能源小区智慧社区服务站,快递,2025-01-16 19:21:49,,3,,10.00,,5.30,55% - 0.2,2,1879851524058042368,极兔快递,JT0015051359151,服饰,辽宁省,
能源小区智慧社区服务站_站点-能源小区智慧社区服务站,快递,2025-01-16 19:16:54,,1,,6.00,,2.32,42% - 0.2,2,1879850287296204800,极兔快递,JT0015053175265,服饰,浙江省,
能源小区智慧社区服务站_站点-能源小区智慧社区服务站,快递,2025-01-16 19:14:56,,1,,6.00,,2.32,42% - 0.2,2,1879849789168078848,极兔快递,JT0015054812165,生活用品,浙江省,
能源小区智慧社区服务站_站点-能源小区智慧社区服务站,快递,2025-01-16 19:12:08,,1,,6.00,,2.32,42% - 0.2,2,1879849092712288256,极兔快递,JT0015054117862,服饰,广东省,
能源小区智慧社区服务站_站点-能源小区智慧社区服务站,快递,2025-01-16 19:09:27,,2,,8.00,,3.88,51% - 0.2,2,1879848415793565696,极兔快递,JT0015055464317,服饰,广东省,
能源小区智慧社区服务站_站点-能源小区智慧社区服务站,快递,2025-01-16 18:54:22,,1,,6.00,,2.32,42% - 0.2,2,1879844616764968960,极兔快递,JT0015051155685,服饰,湖北省,
能源小区智慧社区服务站_站点-能源小区智慧社区服务站,快递,2025-01-16 18:50:04,,1,,6.00,,2.32,42% - 0.2,2,1879843535712473088,极兔快递,JT0015046253414,服饰,广东省,
能源小区智慧社区服务站_站点-能源小区智慧社区服务站,快递,2025-01-16 18:38:47,2025-01-16 18:47:58,1,,6.00,,0.00,,2,1879840690053369856,极兔快递,JT0015054542688,服饰,广东省,已全额退款
能源小区智慧社区服务站_站点-能源小区智慧社区服务站,快递,2025-01-16 18:38:20,,1,,6.00,,2.32,42% - 0.2,2,1879840575242686464,极兔快递,JT0015052669443,服饰,浙江省,
能源小区智慧社区服务站_站点-能源小区智慧社区服务站,快递,2025-01-16 18:37:51,,1,,6.00,,2.32,42% - 0.2,2,1879840453301686272,极兔快递,JT0015051381902,服饰,河南省,
能源小区智慧社区服务站_站点-能源小区智慧社区服务站,快递,2025-01-16 18:37:20,,1,,6.00,,2.32,42% - 0.2,2,1879840335651459072,极兔快递,JT0015049437833,服饰,湖北省,
能源小区智慧社区服务站_站点-能源小区智慧社区服务站,快递,2025-01-16 18:29:26,,1,,6.00,,2.32,42% - 0.2,2,1879838339720597504,极兔快递,JT0015049145256,服饰,浙江省,
能源小区智慧社区服务站_站点-能源小区智慧社区服务站,快递,2025-01-16 18:26:55,,1,,6.00,,2.32,42% - 0.2,2,1879837700609331200,极兔快递,JT0015053899027,服饰,浙江省,
能源小区智慧社区服务站_站点-能源小区智慧社区服务站,快递,2025-01-16 17:59:54,,1,,6.00,,2.32,42% - 0.2,2,1879830909355872256,极兔快递,JT0015045982399,服饰,浙江省,
能源小区智慧社区服务站_站点-能源小区智慧社区服务站,快递,2025-01-16 17:56:01,,4,,12.00,,5.80,50% - 0.2,2,1879829935488815104,韵达快递,312613053748451,生活用品,江苏省,
能源小区智慧社区服务站_站点-能源小区智慧社区服务站,快递,2025-01-16 17:54:23,,1,,6.00,,2.32,42% - 0.2,2,1879829523356504064,极兔快递,JT0015053169704,生活用品,江苏省,
能源小区智慧社区服务站_站点-能源小区智慧社区服务站,快递,2025-01-16 17:24:50,,1,,6.00,,2.32,42% - 0.2,2,1879822089481146368,极兔快递,JT0015052093726,服饰,广东省,
能源小区智慧社区服务站_站点-能源小区智慧社区服务站,快递,2025-01-16 17:15:16,,2,,8.00,,3.88,51% - 0.2,2,1879819681845792768,韵达快递,312612920387674,服饰,四川省,
能源小区智慧社区服务站_站点-能源小区智慧社区服务站,快递,2025-01-16 16:59:47,,1,,6.00,,2.32,42% - 0.2,2,1879815776911020032,极兔快递,JT0015048949365,服饰,江苏省,
能源小区智慧社区服务站_站点-能源小区智慧社区服务站,快递,2025-01-16 16:25:40,,1,,6.00,,2.32,42% - 0.2,2,1879807196455555072,极兔快递,JT0015052993044,生活用品,广东省,
能源小区智慧社区服务站_站点-能源小区智慧社区服务站,快递,2025-01-16 16:15:10,,2,,8.00,,3.88,51% - 0.2,2,1879804551061884928,极兔快递,JT0015051147632,生活用品,河南省,
能源小区智慧社区服务站_站点-能源小区智慧社区服务站,快递,2025-01-16 15:29:09,,1,,6.00,,2.32,42% - 0.2,2,1879792975600734208,极兔快递,JT0015050304134,服饰,辽宁省,
能源小区智慧社区服务站_站点-能源小区智慧社区服务站,快递,2025-01-16 13:57:28,,2,,8.00,,3.88,51% - 0.2,2,1879769899290906624,极兔快递,JT0015048001185,生活用品,广东省,
能源小区智慧社区服务站_站点-能源小区智慧社区服务站,快递,2025-01-16 13:56:50,,1,,6.00,,2.32,42% - 0.2,2,1879769716138233856,极兔快递,JT0015046626692,生活用品,广东省,
能源小区智慧社区服务站_站点-能源小区智慧社区服务站,快递,2025-01-16 13:55:57,,1,,6.00,,2.32,42% - 0.2,2,1879769521572859904,极兔快递,JT0015044221957,服饰,广东省,
能源小区智慧社区服务站_站点-能源小区智慧社区服务站,快递,2025-01-16 13:51:40,,2,,8.00,,3.88,51% - 0.2,2,1879768415128047616,极兔快递,JT0015043856532,服饰,山东省,
能源小区智慧社区服务站_站点-能源小区智慧社区服务站,快递,2025-01-16 13:51:06,,2,,8.00,,3.88,51% - 0.2,2,1879768281283612672,极兔快递,JT0015047905748,服饰,山东省,
能源小区智慧社区服务站_站点-能源小区智慧社区服务站,快递,2025-01-16 12:59:04,,1,,6.00,,2.32,42% - 0.2,2,1879755207612878848,极兔快递,JT0015038020044,生活用品,河北省,
能源小区智慧社区服务站_站点-能源小区智慧社区服务站,快递,2025-01-16 12:56:57,,1,,6.00,,2.32,42% - 0.2,2,1879754653281079296,极兔快递,JT0015045011753,生活用品,福建省,
能源小区智慧社区服务站_站点-能源小区智慧社区服务站,快递,2025-01-16 10:50:47,,1,,6.00,,2.32,42% - 0.2,2,1879722920657604608,极兔快递,JT0015044673134,服饰,广东省,
能源小区智慧社区服务站_站点-能源小区智慧社区服务站,快递,2025-01-16 10:14:51,,1,,6.00,,2.32,42% - 0.2,2,1879713871320895488,极兔快递,JT0015043646727,生活用品,福建省,
能源小区智慧社区服务站_站点-能源小区智慧社区服务站,快递,2025-01-15 19:52:13,,2,,8.00,,3.88,51% - 0.2,2,1879496786279976960,极兔快递,JT0015033740705,生活用品,河南省,
能源小区智慧社区服务站_站点-能源小区智慧社区服务站,快递,2025-01-15 19:50:17,,4,,12.00,,5.80,50% - 0.2,2,1879496291322744832,极兔快递,JT0015032142982,生活用品,四川省,
能源小区智慧社区服务站_站点-能源小区智慧社区服务站,快递,2025-01-15 19:42:56,2025-01-15 19:43:13,1,,6.00,,0.00,,2,1879494452258852864,极兔快递,,服饰,四川省,已全额退款
能源小区智慧社区服务站_站点-能源小区智慧社区服务站,快递,2025-01-15 19:41:31,,1,,6.00,,2.32,42% - 0.2,2,1879494089975844864,极兔快递,JT0015032200484,服饰,广东省,
能源小区智慧社区服务站_站点-能源小区智慧社区服务站,快递,2025-01-15 19:40:54,,1,,6.00,,2.32,42% - 0.2,2,1879493917254406144,极兔快递,JT0015039353491,服饰,广东省,
能源小区智慧社区服务站_站点-能源小区智慧社区服务站,快递,2025-01-15 19:39:53,,1,,6.00,,2.32,42% - 0.2,2,1879493663092166656,极兔快递,JT0015037843712,服饰,广东省,
能源小区智慧社区服务站_站点-能源小区智慧社区服务站,快递,2025-01-15 19:39:15,,1,,6.00,,2.32,42% - 0.2,2,1879493522398433280,极兔快递,JT0015038515548,服饰,广东省,
能源小区智慧社区服务站_站点-能源小区智慧社区服务站,快递,2025-01-15 19:34:38,,2,,8.00,,3.88,51% - 0.2,2,1879492362589491200,极兔快递,JT0015029183918,服饰,广东省,
能源小区智慧社区服务站_站点-能源小区智慧社区服务站,快递,2025-01-15 19:32:30,,1,,6.00,,2.32,42% - 0.2,2,1879491827027202048,极兔快递,JT0015038728538,服饰,广东省,
能源小区智慧社区服务站_站点-能源小区智慧社区服务站,快递,2025-01-15 18:56:09,,1,,6.00,,2.32,42% - 0.2,2,1879482666260418560,极兔快递,JT0015037250812,生活用品,江苏省,
能源小区智慧社区服务站_站点-能源小区智慧社区服务站,快递,2025-01-15 18:55:12,,1,,6.00,,2.32,42% - 0.2,2,1879482428573405184,极兔快递,JT0015038183857,服饰,广东省,
能源小区智慧社区服务站_站点-能源小区智慧社区服务站,快递,2025-01-15 18:54:18,,1,,6.00,,2.32,42% - 0.2,2,1879482181897998336,极兔快递,JT0015037182319,服饰,广东省,
能源小区智慧社区服务站_站点-能源小区智慧社区服务站,快递,2025-01-15 18:53:32,,1,,6.00,,2.32,42% - 0.2,2,1879482022518640640,极兔快递,JT0015038416615,服饰,广东省,
能源小区智慧社区服务站_站点-能源小区智慧社区服务站,快递,2025-01-15 18:52:21,,1,,6.00,,2.32,42% - 0.2,2,1879481604493332480,韵达快递,312611377610296,服饰,广东省,
能源小区智慧社区服务站_站点-能源小区智慧社区服务站,快递,2025-01-15 18:50:48,,1,,6.00,,2.32,42% - 0.2,2,1879481328621375488,韵达快递,312611374357534,生活用品,广东省,
能源小区智慧社区服务站_站点-能源小区智慧社区服务站,快递,2025-01-15 18:43:56,,1,,6.00,,2.32,42% - 0.2,2,1879479606289158144,极兔快递,JT0015037794890,服饰,湖北省,
能源小区智慧社区服务站_站点-能源小区智慧社区服务站,快递,2025-01-15 18:35:17,,2,,8.00,,3.88,51% - 0.2,2,1879477404329889792,极兔快递,JT0015038650191,生活用品,浙江省,
能源小区智慧社区服务站_站点-能源小区智慧社区服务站,快递,2025-01-15 18:34:05,,2,,8.00,,3.88,51% - 0.2,2,1879477126645993472,极兔快递,JT0015038086550,生活用品,广东省,
能源小区智慧社区服务站_站点-能源小区智慧社区服务站,快递,2025-01-15 18:30:57,,1,,6.00,,2.32,42% - 0.2,2,1879476332127375360,极兔快递,JT0015032221591,服饰,广东省,
能源小区智慧社区服务站_站点-能源小区智慧社区服务站,快递,2025-01-15 18:29:15,,1,,6.00,,2.32,42% - 0.2,2,1879475906707509248,极兔快递,JT0015038413496,服饰,江苏省,
能源小区智慧社区服务站_站点-能源小区智慧社区服务站,快递,2025-01-15 18:11:27,,1,,6.00,,2.32,42% - 0.2,2,1879471415421620224,极兔快递,JT0015032695540,服饰,广东省,
能源小区智慧社区服务站_站点-能源小区智慧社区服务站,快递,2025-01-15 18:10:45,,1,,6.00,,2.32,42% - 0.2,2,1879471254003830784,极兔快递,JT0015026112645,服饰,江苏省,
能源小区智慧社区服务站_站点-能源小区智慧社区服务站,快递,2025-01-15 17:54:28,,1,,6.00,,2.32,42% - 0.2,2,1879467147620831232,极兔快递,JT0015035894922,生活用品,广东省,
能源小区智慧社区服务站_站点-能源小区智慧社区服务站,快递,2025-01-15 17:53:50,,1,,6.00,,2.32,42% - 0.2,2,1879466999498985472,极兔快递,JT0015037109120,生活用品,浙江省,
能源小区智慧社区服务站_站点-能源小区智慧社区服务站,快递,2025-01-15 17:50:43,,3,,10.00,,5.30,55% - 0.2,2,1879466190027673600,韵达快递,312611274379264,服饰,浙江省,
能源小区智慧社区服务站_站点-能源小区智慧社区服务站,快递,2025-01-15 17:29:54,,1,,6.00,,2.32,42% - 0.2,2,1879460970845491200,极兔快递,JT0015036283767,服饰,浙江省,
能源小区智慧社区服务站_站点-能源小区智慧社区服务站,快递,2025-01-15 16:57:32,,1,,6.00,,2.32,42% - 0.2,2,1879452829286191104,极兔快递,JT0015035656890,生活用品,浙江省,
能源小区智慧社区服务站_站点-能源小区智慧社区服务站,快递,2025-01-15 16:56:28,,1,,6.00,,2.32,42% - 0.2,2,1879452560741683200,极兔快递,JT0015036489825,服饰,四川省,
能源小区智慧社区服务站_站点-能源小区智慧社区服务站,快递,2025-01-15 16:25:49,,4,,12.00,,5.80,50% - 0.2,2,1879444846925893632,极兔快递,JT0015010153998,生活用品,浙江省,
能源小区智慧社区服务站_站点-能源小区智慧社区服务站,快递,2025-01-15 16:23:52,,1,,6.00,,2.32,42% - 0.2,2,1879444359245778944,极兔快递,JT0015030634639,服饰,广东省,
能源小区智慧社区服务站_站点-能源小区智慧社区服务站,快递,2025-01-15 16:23:00,,2,,8.00,,3.88,51% - 0.2,2,1879444137350320128,极兔快递,JT0015035023568,生活用品,浙江省,
能源小区智慧社区服务站_站点-能源小区智慧社区服务站,快递,2025-01-15 16:20:02,,2,,8.00,,3.88,51% - 0.2,2,1879443385907204096,极兔快递,JT0015035637681,服饰,广东省,
能源小区智慧社区服务站_站点-能源小区智慧社区服务站,快递,2025-01-15 16:18:10,,1,,6.00,,2.32,42% - 0.2,2,1879442920972800000,极兔快递,JT0015035576476,服饰,广东省,
能源小区智慧社区服务站_站点-能源小区智慧社区服务站,快递,2025-01-15 15:52:48,,1,,6.00,,2.32,42% - 0.2,2,1879436537120477184,极兔快递,JT0015034294795,生活用品,湖北省,
能源小区智慧社区服务站_站点-能源小区智慧社区服务站,快递,2025-01-15 15:26:29,,1,,6.00,,2.32,42% - 0.2,2,1879429907746181120,极兔快递,JT0015031756344,服饰,广东省,
能源小区智慧社区服务站_站点-能源小区智慧社区服务站,快递,2025-01-15 15:25:47,,1,,6.00,,2.32,42% - 0.2,2,1879429740510892032,极兔快递,JT0015032702598,服饰,广东省,
能源小区智慧社区服务站_站点-能源小区智慧社区服务站,快递,2025-01-15 15:21:31,,1,,6.00,,2.32,42% - 0.2,2,1879428664302817280,极兔快递,JT0015033533247,生活用品,山东省,
能源小区智慧社区服务站_站点-能源小区智慧社区服务站,快递,2025-01-15 14:50:20,,1,,6.00,,2.32,42% - 0.2,2,1879420812817387520,极兔快递,JT0015018732629,服饰,浙江省,
能源小区智慧社区服务站_站点-能源小区智慧社区服务站,快递,2025-01-15 14:31:26,,1,,6.00,,2.32,42% - 0.2,2,1879416046825558016,极兔快递,JT0015031938260,生活用品,福建省,
能源小区智慧社区服务站_站点-能源小区智慧社区服务站,快递,2025-01-15 14:27:42,,1,,6.00,,2.32,42% - 0.2,2,1879415121742450688,极兔快递,JT0015024736081,生活用品,广东省,
能源小区智慧社区服务站_站点-能源小区智慧社区服务站,快递,2025-01-15 14:27:05,,2,,8.00,,3.88,51% - 0.2,2,1879414942473703424,极兔快递,JT0015032684578,生活用品,河南省,
能源小区智慧社区服务站_站点-能源小区智慧社区服务站,快递,2025-01-15 14:22:37,,1,,6.00,,2.32,42% - 0.2,2,1879413833663303680,极兔快递,JT0015032484114,服饰,广东省,
能源小区智慧社区服务站_站点-能源小区智慧社区服务站,快递,2025-01-15 14:21:53,,1,,6.00,,2.32,42% - 0.2,2,1879413616683569152,极兔快递,JT0015032471744,服饰,湖南省,
能源小区智慧社区服务站_站点-能源小区智慧社区服务站,快递,2025-01-15 13:46:18,,1,,6.00,,2.32,42% - 0.2,2,1879404703816929280,极兔快递,JT0015032126792,服饰,浙江省,
能源小区智慧社区服务站_站点-能源小区智慧社区服务站,快递,2025-01-15 13:44:17,,1,,6.00,,2.32,42% - 0.2,2,1879404196276785152,极兔快递,JT0015026214319,服饰,浙江省,
能源小区智慧社区服务站_站点-能源小区智慧社区服务站,快递,2025-01-15 13:40:06,,2,,8.00,,3.88,51% - 0.2,2,1879403139198930944,极兔快递,JT0015028896753,生活用品,福建省,
能源小区智慧社区服务站_站点-能源小区智慧社区服务站,快递,2025-01-15 13:25:43,,1,,6.00,,2.32,42% - 0.2,2,1879399503324565504,极兔快递,JT0015025301882,生活用品,河南省,
能源小区智慧社区服务站_站点-能源小区智慧社区服务站,快递,2025-01-15 13:24:49,,1,,6.00,,2.32,42% - 0.2,2,1879399288047718400,极兔快递,JT0015013455771,生活用品,陕西省,
能源小区智慧社区服务站_站点-能源小区智慧社区服务站,快递,2025-01-15 13:11:20,,1,,6.00,,2.32,42% - 0.2,2,1879395898941034496,极兔快递,JT0015026359534,服饰,江苏省,
能源小区智慧社区服务站_站点-能源小区智慧社区服务站,快递,2025-01-15 13:10:40,,1,,6.00,,2.32,42% - 0.2,2,1879395736948625408,极兔快递,JT0015029669398,生活用品,湖南省,
能源小区智慧社区服务站_站点-能源小区智慧社区服务站,快递,2025-01-15 13:10:05,,2,,8.00,,3.88,51% - 0.2,2,1879395588046639104,极兔快递,JT0015024880570,生活用品,广东省,
能源小区智慧社区服务站_站点-能源小区智慧社区服务站,快递,2025-01-15 13:09:18,,1,,6.00,,2.32,42% - 0.2,2,1879395391153426432,极兔快递,JT0015026393712,生活用品,安徽省,
能源小区智慧社区服务站_站点-能源小区智慧社区服务站,快递,2025-01-15 12:52:33,,1,,6.00,,2.32,42% - 0.2,2,1879391176729350144,极兔快递,JT0015031089424,生活用品,广东省,
能源小区智慧社区服务站_站点-能源小区智慧社区服务站,快递,2025-01-15 12:49:41,,2,,8.00,,3.88,51% - 0.2,2,1879390456668016640,极兔快递,JT0015029061264,生活用品,江苏省,
能源小区智慧社区服务站_站点-能源小区智慧社区服务站,快递,2025-01-15 12:44:17,,3,,10.00,,5.30,55% - 0.2,2,1879389084853784576,极兔快递,JT0015030407229,服饰,广东省,
能源小区智慧社区服务站_站点-能源小区智慧社区服务站,快递,2025-01-15 11:23:44,,1,,6.00,,2.32,42% - 0.2,2,1879368822879997952,极兔快递,JT0015027008855,服饰,安徽省,
能源小区智慧社区服务站_站点-能源小区智慧社区服务站,快递,2025-01-15 11:08:40,,2,,8.00,,3.88,51% - 0.2,2,1879365032739131392,极兔快递,JT0015024574101,服饰,浙江省,
能源小区智慧社区服务站_站点-能源小区智慧社区服务站,快递,2025-01-15 10:55:24,,1,,6.00,,2.32,42% - 0.2,2,1879361694178004992,极兔快递,JT0015007697421,生活用品,江西省,
能源小区智慧社区服务站_站点-能源小区智慧社区服务站,快递,2025-01-15 10:43:48,,2,,8.00,,3.88,51% - 0.2,2,1879358770714562560,极兔快递,JT0015028881907,服饰,广东省,
能源小区智慧社区服务站_站点-能源小区智慧社区服务站,快递,2025-01-15 10:43:18,,2,,8.00,,3.88,51% - 0.2,2,1879358651730546688,极兔快递,JT0015024937350,服饰,广东省,
能源小区智慧社区服务站_站点-能源小区智慧社区服务站,快递,2025-01-15 10:16:12,,3,,10.00,,5.30,55% - 0.2,2,1879351822149537792,极兔快递,JT0015025302769,服饰,河北省,
能源小区智慧社区服务站_站点-能源小区智慧社区服务站,快递,2025-01-14 20:40:29,,1,,6.00,,2.32,42% - 0.2,2,1879146545139732480,韵达快递,312609720474190,服饰,广东省,
能源小区智慧社区服务站_站点-能源小区智慧社区服务站,快递,2025-01-14 20:34:05,,1,,6.00,,2.32,42% - 0.2,2,1879144934472470528,极兔快递,JT0015009965716,服饰,广东省,
能源小区智慧社区服务站_站点-能源小区智慧社区服务站,快递,2025-01-14 20:31:00,,1,,6.00,,2.32,42% - 0.2,2,1879144148413763584,极兔快递,JT0015023134034,服饰,辽宁省,
能源小区智慧社区服务站_站点-能源小区智慧社区服务站,快递,2025-01-14 20:05:50,,2,,9.00,,3.59,51%,2,1879137826360315904,极兔快递,JT0015023311027,服饰,上海市,
能源小区智慧社区服务站_站点-能源小区智慧社区服务站,快递,2025-01-14 20:02:36,,1,,6.00,,2.32,42% - 0.2,2,1879137013713915904,极兔快递,JT0015023775931,生活用品,浙江省,
能源小区智慧社区服务站_站点-能源小区智慧社区服务站,快递,2025-01-14 19:55:17,,1,,6.00,,2.32,42% - 0.2,2,1879135168710889472,极兔快递,JT0015023296010,服饰,浙江省,
能源小区智慧社区服务站_站点-能源小区智慧社区服务站,快递,2025-01-14 19:06:57,,1,,6.00,,2.32,42% - 0.2,2,1879123009687834624,极兔快递,JT0015018923775,服饰,浙江省,
能源小区智慧社区服务站_站点-能源小区智慧社区服务站,快递,2025-01-14 18:39:44,,1,,6.00,,2.32,42% - 0.2,2,1879116159546347520,极兔快递,JT0015017296926,服饰,浙江省,
能源小区智慧社区服务站_站点-能源小区智慧社区服务站,快递,2025-01-14 18:26:38,,1,,6.00,,2.32,42% - 0.2,2,1879112841642168320,极兔快递,JT0015004934753,服饰,广东省,
能源小区智慧社区服务站_站点-能源小区智慧社区服务站,快递,2025-01-14 18:07:16,,1,,6.00,,2.32,42% - 0.2,2,1879107989918765056,极兔快递,JT0015021347968,服饰,江苏省,
能源小区智慧社区服务站_站点-能源小区智慧社区服务站,快递,2025-01-14 17:54:50,2025-01-14 17:55:30,1,,6.00,,0.00,,2,1879104842953445376,极兔快递,,服饰,浙江省,已全额退款
能源小区智慧社区服务站_站点-能源小区智慧社区服务站,快递,2025-01-14 17:55:09,,2,,8.00,,3.88,51% - 0.2,2,1879104935098109952,极兔快递,JT0015017685616,服饰,浙江省,
能源小区智慧社区服务站_站点-能源小区智慧社区服务站,快递,2025-01-14 17:54:21,,2,,8.00,,3.88,51% - 0.2,2,1879104740125888512,极兔快递,JT0015015321656,服饰,浙江省,
能源小区智慧社区服务站_站点-能源小区智慧社区服务站,快递,2025-01-14 17:52:49,,1,,6.00,,2.32,42% - 0.2,2,1879104353566248960,极兔快递,JT0015021186643,生活用品,浙江省,
能源小区智慧社区服务站_站点-能源小区智慧社区服务站,快递,2025-01-14 17:34:06,,4,,12.00,,5.80,50% - 0.2,2,1879099641081155584,极兔快递,JT0015021085234,服饰,陕西省,
能源小区智慧社区服务站_站点-能源小区智慧社区服务站,快递,2025-01-14 17:28:44,,1,,6.00,,2.32,42% - 0.2,2,1879098292037799936,极兔快递,JT0015020862054,服饰,广东省,
能源小区智慧社区服务站_站点-能源小区智慧社区服务站,快递,2025-01-14 17:25:48,,1,,6.00,,2.32,42% - 0.2,2,1879097549910233088,极兔快递,JT0015021008377,生活用品,广东省,
能源小区智慧社区服务站_站点-能源小区智慧社区服务站,快递,2025-01-14 17:24:59,,1,,6.00,,2.32,42% - 0.2,2,1879096897029066752,极兔快递,JT0015018749639,服饰,江西省,
能源小区智慧社区服务站_站点-能源小区智慧社区服务站,快递,2025-01-14 17:12:57,,1,,6.00,,2.32,42% - 0.2,2,1879094314428321792,极兔快递,JT0015013116818,服饰,广东省,
能源小区智慧社区服务站_站点-能源小区智慧社区服务站,快递,2025-01-14 16:59:48,,2,,8.00,,3.88,51% - 0.2,2,1879091012282142720,极兔快递,JT0015017730848,服饰,福建省,
能源小区智慧社区服务站_站点-能源小区智慧社区服务站,快递,2025-01-14 16:56:22,,2,,8.00,,3.88,51% - 0.2,2,1879090149299900416,极兔快递,JT0015018266190,生活用品,浙江省,
能源小区智慧社区服务站_站点-能源小区智慧社区服务站,快递,2025-01-14 16:50:48,,1,,6.00,,2.32,42% - 0.2,2,1879088740106031104,极兔快递,JT0015020693792,生活用品,天津市,
能源小区智慧社区服务站_站点-能源小区智慧社区服务站,快递,2025-01-14 16:50:20,,1,,6.00,,2.32,42% - 0.2,2,1879088615182880768,极兔快递,JT0015020373460,生活用品,天津市,
能源小区智慧社区服务站_站点-能源小区智慧社区服务站,快递,2025-01-14 16:49:37,,1,,6.00,,2.32,42% - 0.2,2,1879088437868679168,极兔快递,JT0015014205895,生活用品,天津市,
能源小区智慧社区服务站_站点-能源小区智慧社区服务站,快递,2025-01-14 16:48:50,2025-01-14 16:49:18,2,,8.00,,0.00,,2,1879088243026481152,极兔快递,,生活用品,天津市,已全额退款
能源小区智慧社区服务站_站点-能源小区智慧社区服务站,快递,2025-01-14 16:48:16,,2,,8.00,,3.88,51% - 0.2,2,1879088108477403136,极兔快递,JT0015020474691,生活用品,天津市,
能源小区智慧社区服务站_站点-能源小区智慧社区服务站,快递,2025-01-14 16:45:38,,2,,8.00,,3.88,51% - 0.2,2,1879087444686852096,极兔快递,JT0015014725203,生活用品,山东省,
能源小区智慧社区服务站_站点-能源小区智慧社区服务站,快递,2025-01-14 16:43:13,,1,,6.00,,2.32,42% - 0.2,2,1879086826106703872,极兔快递,JT0015005767594,服饰,广东省,
能源小区智慧社区服务站_站点-能源小区智慧社区服务站,快递,2025-01-14 15:51:36,,1,,6.00,,2.32,42% - 0.2,2,1879073845390135296,极兔快递,JT0015014309089,服饰,湖北省,
能源小区智慧社区服务站_站点-能源小区智慧社区服务站,快递,2025-01-14 15:23:07,,1,,6.00,,2.32,42% - 0.2,2,1879066677047775232,极兔快递,JT0015016949209,服饰,浙江省,
能源小区智慧社区服务站_站点-能源小区智慧社区服务站,快递,2025-01-14 15:06:53,,1,,6.00,,2.32,42% - 0.2,2,1879062588243103744,极兔快递,JT0015016201561,服饰,河北省,
能源小区智慧社区服务站_站点-能源小区智慧社区服务站,快递,2025-01-14 14:52:31,,1,,6.00,,2.32,42% - 0.2,2,1879058977547145216,极兔快递,JT0015016377416,生活用品,浙江省,
能源小区智慧社区服务站_站点-能源小区智慧社区服务站,快递,2025-01-14 14:28:55,,3,,10.00,,5.30,55% - 0.2,2,1879053042569236480,极兔快递,JT0015017405154,服饰,辽宁省,
能源小区智慧社区服务站_站点-能源小区智慧社区服务站,快递,2025-01-14 14:09:32,,1,,6.00,,2.32,42% - 0.2,2,1879048162408452096,极兔快递,JT0015016038397,服饰,江苏省,
能源小区智慧社区服务站_站点-能源小区智慧社区服务站,快递,2025-01-14 14:04:22,,1,,6.00,,2.32,42% - 0.2,2,1879046863222788096,极兔快递,JT0015015324053,服饰,山东省,
能源小区智慧社区服务站_站点-能源小区智慧社区服务站,快递,2025-01-14 13:56:36,,1,,6.00,,2.32,42% - 0.2,2,1879044903602016256,极兔快递,JT0015016985441,生活用品,浙江省,
能源小区智慧社区服务站_站点-能源小区智慧社区服务站,快递,2025-01-14 13:55:15,,2,,8.00,,3.88,51% - 0.2,2,1879044569106272256,极兔快递,JT0015017009776,服饰,山东省,
能源小区智慧社区服务站_站点-能源小区智慧社区服务站,快递,2025-01-14 13:50:22,,1,,6.00,,2.32,42% - 0.2,2,1879043332491235328,极兔快递,JT0015014373182,服饰,四川省,
能源小区智慧社区服务站_站点-能源小区智慧社区服务站,快递,2025-01-14 13:19:36,,1,,6.00,,2.32,42% - 0.2,2,1879035595707437056,极兔快递,JT0015012673206,服饰,广东省,
能源小区智慧社区服务站_站点-能源小区智慧社区服务站,快递,2025-01-14 13:09:17,,2,,8.00,,3.88,51% - 0.2,2,1879032883536252928,极兔快递,JT0015011394338,服饰,广东省,
能源小区智慧社区服务站_站点-能源小区智慧社区服务站,快递,2025-01-14 12:31:51,,1,,6.00,,2.32,42% - 0.2,2,1879023561657864192,极兔快递,JT0015011750540,生活用品,河北省,
能源小区智慧社区服务站_站点-能源小区智慧社区服务站,快递,2025-01-14 12:26:52,,1,,6.00,,2.32,42% - 0.2,2,1879022318789120000,极兔快递,JT0015014528524,生活用品,广东省,
能源小区智慧社区服务站_站点-能源小区智慧社区服务站,快递,2025-01-14 11:54:07,,1,,6.00,,2.32,42% - 0.2,2,1879014062725320704,极兔快递,JT0015012435224,服饰,江苏省,
能源小区智慧社区服务站_站点-能源小区智慧社区服务站,快递,2025-01-14 11:52:28,,1,,6.00,,2.32,42% - 0.2,2,1879013644079255552,极兔快递,JT0015003232130,服饰,浙江省,
能源小区智慧社区服务站_站点-能源小区智慧社区服务站,快递,2025-01-14 11:50:44,,1,,6.00,,2.32,42% - 0.2,2,1879013235168169984,极兔快递,JT0015001690656,服饰,江苏省,
能源小区智慧社区服务站_站点-能源小区智慧社区服务站,快递,2025-01-14 11:49:15,,1,,6.00,,2.32,42% - 0.2,2,1879012861040447488,极兔快递,JT0015010237774,服饰,江苏省,
能源小区智慧社区服务站_站点-能源小区智慧社区服务站,快递,2025-01-14 11:20:16,,2,,8.00,,3.88,51% - 0.2,2,1879005548544053248,极兔快递,JT0015010855250,服饰,浙江省,
能源小区智慧社区服务站_站点-能源小区智慧社区服务站,快递,2025-01-14 11:17:36,,2,,8.00,,3.88,51% - 0.2,2,1879004893251162112,极兔快递,JT0015000031972,生活用品,浙江省,
能源小区智慧社区服务站_站点-能源小区智慧社区服务站,快递,2025-01-14 11:14:46,,1,,6.00,,2.32,42% - 0.2,2,1879004178818584576,极兔快递,JT0015010676675,服饰,广东省,
能源小区智慧社区服务站_站点-能源小区智慧社区服务站,快递,2025-01-14 11:12:46,,1,,6.00,,2.32,42% - 0.2,2,1879003660163534848,极兔快递,JT0015006822938,服饰,广东省,
能源小区智慧社区服务站_站点-能源小区智慧社区服务站,快递,2025-01-14 11:09:58,,2,,8.00,,2.00,,,1879002956392878080,邮政快递,9436520334587,生活用品,河南省,
能源小区智慧社区服务站_站点-能源小区智慧社区服务站,快递,2025-01-14 11:08:09,,1,,6.00,,2.32,42% - 0.2,2,1879002516179701760,极兔快递,JT0014996228969,服饰,安徽省,
能源小区智慧社区服务站_站点-能源小区智慧社区服务站,快递,2025-01-14 10:51:43,,1,,6.00,,2.32,42% - 0.2,2,1878998374312890368,极兔快递,JT0015009717849,生活用品,广东省,
能源小区智慧社区服务站_站点-能源小区智慧社区服务站,快递,2025-01-14 10:50:39,,1,,6.00,,2.32,42% - 0.2,2,1878998109669085184,极兔快递,JT0015011259041,生活用品,广东省,
能源小区智慧社区服务站_站点-能源小区智慧社区服务站,快递,2025-01-14 10:48:34,,2,,8.00,,3.88,51% - 0.2,2,1878997586496770048,极兔快递,JT0015010560326,生活用品,广东省,
能源小区智慧社区服务站_站点-能源小区智慧社区服务站,快递,2025-01-14 10:46:40,,2,,8.00,,3.88,51% - 0.2,2,1878997105036808192,极兔快递,JT0015011952802,生活用品,广东省,
能源小区智慧社区服务站_站点-能源小区智慧社区服务站,快递,2025-01-14 10:19:49,,1,,6.00,,2.32,42% - 0.2,2,1878990322373283840,极兔快递,JT0015007530162,服饰,广东省,
能源小区智慧社区服务站_站点-能源小区智慧社区服务站,快递,2025-01-14 10:18:39,,1,,6.00,,2.32,42% - 0.2,2,1878990029652807680,极兔快递,JT0015003053661,服饰,广东省,
能源小区智慧社区服务站_站点-能源小区智慧社区服务站,快递,2025-01-14 10:15:31,,5,,15.00,,7.30,50% - 0.2,2,1878989271784017920,极兔快递,JT0015009390176,生鲜类,广西壮族自治区,
能源小区智慧社区服务站_站点-能源小区智慧社区服务站,快递,2025-01-14 10:07:00,,3,,10.00,,5.30,55% - 0.2,2,1878987126238138368,极兔快递,JT0015008201211,生鲜类,陕西省,
能源小区智慧社区服务站_站点-能源小区智慧社区服务站,快递,2025-01-14 10:05:21,,3,,10.00,,5.30,55% - 0.2,2,1878986710402256896,极兔快递,JT0015009540385,生鲜类,云南省,
能源小区智慧社区服务站_站点-能源小区智慧社区服务站,快递,2025-01-13 20:39:04,,1,,6.00,,2.32,42% - 0.2,2,1878783801219665920,极兔快递,JT0015003763276,生活用品,江苏省,
能源小区智慧社区服务站_站点-能源小区智慧社区服务站,快递,2025-01-13 20:37:04,,1,,6.00,,2.32,42% - 0.2,2,1878783302152015872,极兔快递,JT0014996459753,生活用品,陕西省,
能源小区智慧社区服务站_站点-能源小区智慧社区服务站,快递,2025-01-13 20:29:42,,2,,8.00,,3.88,51% - 0.2,2,1878781445702733824,极兔快递,JT0015007336668,服饰,陕西省,
能源小区智慧社区服务站_站点-能源小区智慧社区服务站,快递,2025-01-13 20:05:06,,1,,6.00,,2.32,42% - 0.2,2,1878775242117402624,极兔快递,JT0015006150463,服饰,福建省,
能源小区智慧社区服务站_站点-能源小区智慧社区服务站,快递,2025-01-13 19:57:52,,1,,6.00,,2.32,42% - 0.2,2,1878773436024934400,极兔快递,JT0014995348204,服饰,浙江省,
能源小区智慧社区服务站_站点-能源小区智慧社区服务站,快递,2025-01-13 19:55:11,,1,,6.00,,2.32,42% - 0.2,2,1878772759861186560,极兔快递,JT0015007165442,服饰,浙江省,
能源小区智慧社区服务站_站点-能源小区智慧社区服务站,快递,2025-01-13 19:50:58,,1,,6.00,,2.32,42% - 0.2,2,1878771699360780288,极兔快递,JT0014996252502,服饰,浙江省,
能源小区智慧社区服务站_站点-能源小区智慧社区服务站,快递,2025-01-13 19:48:00,,1,,6.00,,2.32,42% - 0.2,2,1878770944717410304,极兔快递,JT0015006547505,服饰,浙江省,
能源小区智慧社区服务站_站点-能源小区智慧社区服务站,快递,2025-01-13 19:47:22,,1,,6.00,,2.32,42% - 0.2,2,1878770788798353408,极兔快递,JT0014994056850,服饰,江苏省,
能源小区智慧社区服务站_站点-能源小区智慧社区服务站,快递,2025-01-13 19:42:28,,3,,10.00,,5.30,55% - 0.2,2,1878769561855381504,极兔快递,JT0015007422259,生活用品,江苏省,
能源小区智慧社区服务站_站点-能源小区智慧社区服务站,快递,2025-01-13 19:41:32,,2,,8.00,,3.88,51% - 0.2,2,1878769324952702976,极兔快递,JT0015001973331,生活用品,浙江省,
能源小区智慧社区服务站_站点-能源小区智慧社区服务站,快递,2025-01-13 19:36:27,,1,,6.00,,2.32,42% - 0.2,2,1878768034373750784,极兔快递,JT0015004538375,服饰,浙江省,
能源小区智慧社区服务站_站点-能源小区智慧社区服务站,快递,2025-01-13 19:35:09,,1,,6.00,,2.32,42% - 0.2,2,1878767716634251264,极兔快递,JT0015007269236,服饰,福建省,
能源小区智慧社区服务站_站点-能源小区智慧社区服务站,快递,2025-01-13 19:29:06,,1,,6.00,,2.32,42% - 0.2,2,1878766197067272192,极兔快递,JT0015007452946,服饰,广东省,
能源小区智慧社区服务站_站点-能源小区智慧社区服务站,快递,2025-01-13 19:11:57,,1,,6.00,,2.32,42% - 0.2,2,1878761854939222016,极兔快递,JT0015007325024,服饰,河北省,
能源小区智慧社区服务站_站点-能源小区智慧社区服务站,快递,2025-01-13 18:39:50,,1,,6.00,,2.32,42% - 0.2,2,1878753798859837440,极兔快递,JT0015003067324,生活用品,广东省,
能源小区智慧社区服务站_站点-能源小区智慧社区服务站,快递,2025-01-13 18:06:50,,3,,10.00,,5.30,55% - 0.2,2,1878745493269696512,极兔快递,JT0015005592044,服饰,浙江省,
能源小区智慧社区服务站_站点-能源小区智慧社区服务站,快递,2025-01-13 18:04:43,,1,,6.00,,2.32,42% - 0.2,2,1878744962132398080,极兔快递,JT0015006817926,服饰,广东省,
能源小区智慧社区服务站_站点-能源小区智慧社区服务站,快递,2025-01-13 17:52:36,,1,,6.00,,2.32,42% - 0.2,2,1878741913649336320,极兔快递,JT0014998412656,服饰,河南省,
能源小区智慧社区服务站_站点-能源小区智慧社区服务站,快递,2025-01-13 17:42:00,,3,,10.00,,5.30,55% - 0.2,2,1878739239298191360,极兔快递,JT0015003413285,服饰,浙江省,
能源小区智慧社区服务站_站点-能源小区智慧社区服务站,快递,2025-01-13 17:32:45,,2,,8.00,,3.88,51% - 0.2,2,1878736896313839616,极兔快递,JT0015003582759,生活用品,浙江省,
能源小区智慧社区服务站_站点-能源小区智慧社区服务站,快递,2025-01-13 17:29:27,,2,,8.00,,3.88,51% - 0.2,2,1878736085391298560,极兔快递,JT0015005743852,生活用品,浙江省,
能源小区智慧社区服务站_站点-能源小区智慧社区服务站,快递,2025-01-13 17:27:59,,1,,6.00,,2.32,42% - 0.2,2,1878735718033182720,极兔快递,JT0014996119935,服饰,浙江省,
能源小区智慧社区服务站_站点-能源小区智慧社区服务站,快递,2025-01-13 17:26:38,,1,,6.00,,2.32,42% - 0.2,2,1878735376629420032,申通快递,772036771797810,生活用品,山东省,
能源小区智慧社区服务站_站点-能源小区智慧社区服务站,快递,2025-01-13 17:21:53,,1,,6.00,,2.32,42% - 0.2,2,1878734184855687168,极兔快递,JT0015002861911,生活用品,广东省,
能源小区智慧社区服务站_站点-能源小区智慧社区服务站,快递,2025-01-13 17:17:03,,1,,6.00,,2.32,42% - 0.2,2,1878732959464607744,极兔快递,JT0015005322927,服饰,广东省,
能源小区智慧社区服务站_站点-能源小区智慧社区服务站,快递,2025-01-13 17:16:21,,1,,6.00,,2.32,42% - 0.2,2,1878732788685131776,极兔快递,JT0015005656940,服饰,安徽省,
能源小区智慧社区服务站_站点-能源小区智慧社区服务站,快递,2025-01-13 17:08:19,,1,,6.00,,2.32,42% - 0.2,2,1878730767005437952,极兔快递,JT0014998840963,服饰,江苏省,
能源小区智慧社区服务站_站点-能源小区智慧社区服务站,快递,2025-01-13 17:06:41,,1,,6.00,,2.32,42% - 0.2,2,1878730344899072000,极兔快递,JT0015002039068,服饰,辽宁省,
能源小区智慧社区服务站_站点-能源小区智慧社区服务站,快递,2025-01-13 17:05:58,,1,,6.00,,2.32,42% - 0.2,2,1878730174140567552,极兔快递,JT0015005113811,服饰,辽宁省,
能源小区智慧社区服务站_站点-能源小区智慧社区服务站,快递,2025-01-13 16:59:42,,3,,10.00,,5.30,55% - 0.2,2,1878728598533492736,极兔快递,JT0015000153732,服饰,浙江省,
能源小区智慧社区服务站_站点-能源小区智慧社区服务站,快递,2025-01-13 16:56:47,,1,,6.00,,2.32,42% - 0.2,2,1878727863704014848,极兔快递,JT0015001480957,服饰,浙江省,
能源小区智慧社区服务站_站点-能源小区智慧社区服务站,快递,2025-01-13 16:55:29,,3,,10.00,,5.30,55% - 0.2,2,1878727538301521920,极兔快递,JT0014999345713,服饰,广东省,
能源小区智慧社区服务站_站点-能源小区智慧社区服务站,快递,2025-01-13 16:45:09,,1,,6.00,,2.32,42% - 0.2,2,1878724935626838016,极兔快递,JT0015003868331,服饰,广东省,
能源小区智慧社区服务站_站点-能源小区智慧社区服务站,快递,2025-01-13 16:38:40,,2,,8.00,,3.88,51% - 0.2,2,1878723305569308672,极兔快递,JT0015004175804,服饰,陕西省,
能源小区智慧社区服务站_站点-能源小区智慧社区服务站,快递,2025-01-13 16:37:12,,7,,21.00,,10.30,50% - 0.2,2,1878722935933685760,极兔快递,JT0015003593343,生活用品,广西壮族自治区,
能源小区智慧社区服务站_站点-能源小区智慧社区服务站,快递,2025-01-13 16:29:08,,2,,8.00,,3.88,51% - 0.2,2,1878720904904888320,极兔快递,JT0015004688980,服饰,浙江省,
能源小区智慧社区服务站_站点-能源小区智慧社区服务站,快递,2025-01-13 16:01:01,,1,,6.00,,2.32,42% - 0.2,2,1878713834306588672,极兔快递,JT0015003699713,生活用品,广东省,
能源小区智慧社区服务站_站点-能源小区智慧社区服务站,快递,2025-01-13 15:56:17,,1,,6.00,,2.32,42% - 0.2,2,1878712641433948160,极兔快递,JT0015001173245,生活用品,山东省,
能源小区智慧社区服务站_站点-能源小区智慧社区服务站,快递,2025-01-13 15:28:11,,1,,6.00,,2.32,42% - 0.2,2,1878705565680848896,极兔快递,JT0015002922126,服饰,江苏省,
能源小区智慧社区服务站_站点-能源小区智慧社区服务站,快递,2025-01-13 15:23:26,,1,,6.00,,2.32,42% - 0.2,2,1878704372812402688,极兔快递,JT0015002227795,服饰,江苏省,
能源小区智慧社区服务站_站点-能源小区智慧社区服务站,快递,2025-01-13 15:12:02,,1,,6.00,,2.32,42% - 0.2,2,1878701504961236992,极兔快递,JT0015000640678,服饰,江苏省,
能源小区智慧社区服务站_站点-能源小区智慧社区服务站,快递,2025-01-13 15:10:22,,1,,6.00,,2.32,42% - 0.2,2,1878701077897203712,极兔快递,JT0015002069605,服饰,山东省,
能源小区智慧社区服务站_站点-能源小区智慧社区服务站,快递,2025-01-13 15:09:28,,1,,6.00,,2.32,42% - 0.2,2,1878700846522617856,极兔快递,JT0015002248924,服饰,江苏省,
能源小区智慧社区服务站_站点-能源小区智慧社区服务站,快递,2025-01-13 14:11:48,,1,,6.00,,2.32,42% - 0.2,2,1878686345807056896,极兔快递,JT0014999329095,生活用品,河南省,
能源小区智慧社区服务站_站点-能源小区智慧社区服务站,快递,2025-01-13 14:01:55,,1,,6.00,,2.32,42% - 0.2,2,1878683857678815232,极兔快递,JT0014994688655,服饰,浙江省,
能源小区智慧社区服务站_站点-能源小区智慧社区服务站,快递,2025-01-13 14:00:11,,2,,8.00,,3.88,51% - 0.2,2,1878683425183158272,极兔快递,JT0014999533128,服饰,江苏省,
能源小区智慧社区服务站_站点-能源小区智慧社区服务站,快递,2025-01-13 13:53:39,,1,,6.00,,2.32,42% - 0.2,2,1878681757418835968,极兔快递,JT0014994268741,服饰,广东省,
能源小区智慧社区服务站_站点-能源小区智慧社区服务站,快递,2025-01-13 13:52:50,,1,,6.00,,2.32,42% - 0.2,2,1878681568654184448,极兔快递,JT0014999105527,服饰,广东省,
能源小区智慧社区服务站_站点-能源小区智慧社区服务站,快递,2025-01-13 13:44:30,,1,,6.00,,2.32,42% - 0.2,2,1878679474396254208,极兔快递,JT0014994574854,服饰,安徽省,
能源小区智慧社区服务站_站点-能源小区智慧社区服务站,快递,2025-01-13 13:34:22,,1,,6.00,,2.32,42% - 0.2,2,1878676917770833920,极兔快递,JT0014998076930,服饰,广东省,
能源小区智慧社区服务站_站点-能源小区智慧社区服务站,快递,2025-01-13 13:33:19,,1,,6.00,,2.32,42% - 0.2,2,1878676663151415296,极兔快递,JT0014999077940,服饰,湖北省,
能源小区智慧社区服务站_站点-能源小区智慧社区服务站,快递,2025-01-13 13:32:04,,1,,6.00,,2.32,42% - 0.2,2,1878676349132263424,极兔快递,JT0014999140954,服饰,浙江省,
能源小区智慧社区服务站_站点-能源小区智慧社区服务站,干洗,2025-01-13 13:27:46,,,,49.00,,14.70,30%,,1878675243341762560,干洗,,"清洗普通羽绒服2件不分长短49元   *   1
清洗普通羽绒服2件不分长短49元   *   1",,
能源小区智慧社区服务站_站点-能源小区智慧社区服务站,快递,2025-01-13 13:15:43,,2,,8.00,,3.88,51% - 0.2,2,1878672233563738112,极兔快递,JT0015000006280,生活用品,河北省,
能源小区智慧社区服务站_站点-能源小区智慧社区服务站,快递,2025-01-13 13:14:44,,1,,6.00,,2.32,42% - 0.2,2,1878671983847460864,极兔快递,JT0014998173987,服饰,广东省,
能源小区智慧社区服务站_站点-能源小区智慧社区服务站,快递,2025-01-13 13:13:40,,1,,6.00,,2.32,42% - 0.2,2,1878671718012473344,极兔快递,JT0014999928462,服饰,江苏省,
能源小区智慧社区服务站_站点-能源小区智慧社区服务站,快递,2025-01-13 13:12:20,,1,,6.00,,2.32,42% - 0.2,2,1878671383076327424,韵达快递,312607859007682,服饰,湖北省,
能源小区智慧社区服务站_站点-能源小区智慧社区服务站,快递,2025-01-13 12:51:55,,1,,6.00,,2.32,42% - 0.2,2,1878666236937949184,极兔快递,JT0014998669946,服饰,湖南省,
能源小区智慧社区服务站_站点-能源小区智慧社区服务站,快递,2025-01-13 12:13:23,,1,,6.00,,2.32,42% - 0.2,2,1878656544824152064,极兔快递,JT0014997362346,生活用品,河南省,
能源小区智慧社区服务站_站点-能源小区智慧社区服务站,快递,2025-01-13 11:51:15,,1,,6.00,,2.32,42% - 0.2,2,1878650971839844352,极兔快递,JT0014984919037,服饰,河北省,
能源小区智慧社区服务站_站点-能源小区智慧社区服务站,快递,2025-01-13 11:32:37,,1,,6.00,,2.32,42% - 0.2,2,1878646247296126976,极兔快递,JT0014998076996,生活用品,广东省,
能源小区智慧社区服务站_站点-能源小区智慧社区服务站,快递,2025-01-13 11:31:37,,1,,6.00,,2.32,42% - 0.2,2,1878646035815124992,极兔快递,JT0014986530454,生活用品,河南省,
能源小区智慧社区服务站_站点-能源小区智慧社区服务站,快递,2025-01-13 11:29:31,,1,,6.00,,2.32,42% - 0.2,2,1878645467516293120,韵达快递,312607786164338,服饰,浙江省,
能源小区智慧社区服务站_站点-能源小区智慧社区服务站,快递,2025-01-13 11:27:32,,4,,12.00,,5.80,50% - 0.2,2,1878644860864745472,韵达快递,312607784619347,服饰,浙江省,
能源小区智慧社区服务站_站点-能源小区智慧社区服务站,快递,2025-01-13 11:20:45,,1,,6.00,,2.32,42% - 0.2,2,1878643297219825664,极兔快递,JT0014997176217,食品,广东省,
能源小区智慧社区服务站_站点-能源小区智慧社区服务站,快递,2025-01-13 11:19:29,,2,,8.00,,3.88,51% - 0.2,2,1878642951219105792,极兔快递,JT0014997002848,服饰,浙江省,
能源小区智慧社区服务站_站点-能源小区智慧社区服务站,快递,2025-01-13 11:16:25,,1,,6.00,,2.32,42% - 0.2,2,1878642173754527744,极兔快递,JT0014996212542,生活用品,浙江省,
能源小区智慧社区服务站_站点-能源小区智慧社区服务站,快递,2025-01-13 11:09:22,,1,,6.00,,2.32,42% - 0.2,2,1878640429658066944,极兔快递,JT0014996311769,服饰,广东省,
能源小区智慧社区服务站_站点-能源小区智慧社区服务站,快递,2025-01-13 10:29:40,,1,,6.00,,2.32,42% - 0.2,2,1878630429967568896,极兔快递,JT0014991248216,服饰,广东省,
能源小区智慧社区服务站_站点-能源小区智慧社区服务站,快递,2025-01-13 10:21:18,,1,,6.00,,2.32,42% - 0.2,2,1878628336313618432,极兔快递,JT0014996035065,服饰,浙江省,
能源小区智慧社区服务站_站点-能源小区智慧社区服务站,快递,2025-01-13 10:14:52,,1,,6.00,,2.32,42% - 0.2,2,1878626714908938240,极兔快递,JT0014992704327,服饰,广东省,
能源小区智慧社区服务站_站点-能源小区智慧社区服务站,快递,2025-01-13 10:03:51,,1,,6.00,,2.32,42% - 0.2,2,1878623934043443200,极兔快递,JT0014992513359,生活用品,广东省,
能源小区智慧社区服务站_站点-能源小区智慧社区服务站,快递,2025-01-13 10:02:15,,4,,12.00,,5.80,50% - 0.2,2,1878623532849876992,极兔快递,JT0014988999741,食品,陕西省,
能源小区智慧社区服务站_站点-能源小区智慧社区服务站,快递,2025-01-12 20:39:35,,1,,6.00,,2.32,42% - 0.2,2,1878421535114711040,韵达快递,312607170708698,服饰,广东省,
能源小区智慧社区服务站_站点-能源小区智慧社区服务站,快递,2025-01-12 20:38:50,,1,,6.00,,2.32,42% - 0.2,2,1878421351832014848,韵达快递,312607169891283,服饰,广东省,
能源小区智慧社区服务站_站点-能源小区智慧社区服务站,快递,2025-01-12 19:31:43,,1,,6.00,,2.32,42% - 0.2,2,1878404463760560128,极兔快递,JT0014991258701,生活用品,福建省,
能源小区智慧社区服务站_站点-能源小区智慧社区服务站,快递,2025-01-12 19:29:55,,1,,6.00,,2.32,42% - 0.2,2,1878404014869368832,极兔快递,JT0014988742901,服饰,辽宁省,
能源小区智慧社区服务站_站点-能源小区智慧社区服务站,快递,2025-01-12 19:26:18,,1,,6.00,,2.32,42% - 0.2,2,1878403102461448192,极兔快递,JT0014987743361,服饰,浙江省,
能源小区智慧社区服务站_站点-能源小区智慧社区服务站,快递,2025-01-12 18:52:47,,5,,15.00,,7.30,50% - 0.2,2,1878394669070864384,韵达快递,312607084593462,服饰,浙江省,
能源小区智慧社区服务站_站点-能源小区智慧社区服务站,快递,2025-01-12 18:51:27,,5,,15.00,,7.30,50% - 0.2,2,1878394331425198080,韵达快递,312607083302130,服饰,浙江省,
能源小区智慧社区服务站_站点-能源小区智慧社区服务站,快递,2025-01-12 18:50:24,,4,,12.00,,5.80,50% - 0.2,2,1878394071881666560,韵达快递,312607083160506,服饰,浙江省,
能源小区智慧社区服务站_站点-能源小区智慧社区服务站,快递,2025-01-12 18:44:59,2025-01-12 18:48:04,1,,6.00,,0.00,,2,1878392709148102656,极兔快递,JT0014991692463,服饰,浙江省,已全额退款
能源小区智慧社区服务站_站点-能源小区智慧社区服务站,快递,2025-01-12 18:47:18,,1,,6.00,,2.32,42% - 0.2,2,1878393291405578240,极兔快递,JT0014990521718,服饰,浙江省,
能源小区智慧社区服务站_站点-能源小区智慧社区服务站,快递,2025-01-12 18:46:49,,3,,10.00,,5.30,55% - 0.2,2,1878393164863426560,极兔快递,JT0014987023605,服饰,陕西省,
能源小区智慧社区服务站_站点-能源小区智慧社区服务站,快递,2025-01-12 18:43:36,,1,,6.00,,2.32,42% - 0.2,2,1878392355526332416,极兔快递,JT0014981436009,服饰,山东省,
能源小区智慧社区服务站_站点-能源小区智慧社区服务站,快递,2025-01-12 18:41:47,,1,,6.00,,2.32,42% - 0.2,2,1878391893070761984,极兔快递,JT0014980854248,服饰,辽宁省,
能源小区智慧社区服务站_站点-能源小区智慧社区服务站,快递,2025-01-12 18:41:10,,1,,6.00,,2.32,42% - 0.2,2,1878391743434772480,极兔快递,JT0014990470932,服饰,河北省,
能源小区智慧社区服务站_站点-能源小区智慧社区服务站,快递,2025-01-12 18:31:27,,1,,6.00,,2.32,42% - 0.2,2,1878389297966796800,极兔快递,JT0014986666299,生活用品,浙江省,
能源小区智慧社区服务站_站点-能源小区智慧社区服务站,快递,2025-01-12 18:29:27,,1,,6.00,,2.32,42% - 0.2,2,1878388796156071936,极兔快递,JT0014990426175,服饰,广东省,
能源小区智慧社区服务站_站点-能源小区智慧社区服务站,快递,2025-01-12 18:26:15,,1,,6.00,,2.32,42% - 0.2,2,1878387987867553792,极兔快递,JT0014990360259,生活用品,浙江省,
能源小区智慧社区服务站_站点-能源小区智慧社区服务站,快递,2025-01-12 18:18:02,,1,,6.00,,2.32,42% - 0.2,2,1878385910290370560,极兔快递,JT0014990007098,生活用品,河北省,
能源小区智慧社区服务站_站点-能源小区智慧社区服务站,快递,2025-01-12 18:14:57,,1,,6.00,,2.32,42% - 0.2,2,1878385141713522688,极兔快递,JT0014984810348,服饰,广东省,
能源小区智慧社区服务站_站点-能源小区智慧社区服务站,快递,2025-01-12 18:12:25,,1,,6.00,,2.32,42% - 0.2,2,1878384511041196032,极兔快递,JT0014990603418,服饰,江苏省,
能源小区智慧社区服务站_站点-能源小区智慧社区服务站,快递,2025-01-12 18:04:27,,1,,6.00,,2.32,42% - 0.2,2,1878382505148862464,极兔快递,JT0014991036719,服饰,广东省,
能源小区智慧社区服务站_站点-能源小区智慧社区服务站,快递,2025-01-12 18:03:20,,1,,6.00,,2.32,42% - 0.2,2,1878382225036464128,极兔快递,JT0014983243183,服饰,广东省,
能源小区智慧社区服务站_站点-能源小区智慧社区服务站,快递,2025-01-12 18:02:06,,1,,6.00,,2.32,42% - 0.2,2,1878381914846711808,极兔快递,JT0014990829762,生活用品,广东省,
能源小区智慧社区服务站_站点-能源小区智慧社区服务站,快递,2025-01-12 18:01:20,,2,,8.00,,3.88,51% - 0.2,2,1878381711418773504,极兔快递,JT0014988898182,服饰,浙江省,
能源小区智慧社区服务站_站点-能源小区智慧社区服务站,快递,2025-01-12 17:59:49,,1,,6.00,,2.32,42% - 0.2,2,1878381337748230144,极兔快递,JT0014986446699,服饰,浙江省,
能源小区智慧社区服务站_站点-能源小区智慧社区服务站,快递,2025-01-12 17:58:20,,1,,6.00,,2.32,42% - 0.2,2,1878380964748775424,极兔快递,JT0014990193517,服饰,浙江省,
能源小区智慧社区服务站_站点-能源小区智慧社区服务站,快递,2025-01-12 17:51:52,,1,,6.00,,2.32,42% - 0.2,2,1878379327967776768,极兔快递,JT0014990697907,生活用品,浙江省,
能源小区智慧社区服务站_站点-能源小区智慧社区服务站,快递,2025-01-12 17:51:11,,1,,6.00,,2.32,42% - 0.2,2,1878379152029306880,极兔快递,JT0014979949741,服饰,浙江省,
能源小区智慧社区服务站_站点-能源小区智慧社区服务站,快递,2025-01-12 17:35:18,,1,,6.00,,2.32,42% - 0.2,2,1878375170863058944,极兔快递,JT0014988689626,服饰,安徽省,
能源小区智慧社区服务站_站点-能源小区智慧社区服务站,快递,2025-01-12 17:04:57,,1,,6.00,,2.32,42% - 0.2,2,1878367530900574208,极兔快递,JT0014989177244,生活用品,江苏省,
能源小区智慧社区服务站_站点-能源小区智慧社区服务站,快递,2025-01-12 16:49:39,,1,,6.00,,2.32,42% - 0.2,2,1878363680311398400,极兔快递,JT0014989888958,服饰,广东省,
能源小区智慧社区服务站_站点-能源小区智慧社区服务站,快递,2025-01-12 16:48:12,,1,,6.00,,2.32,42% - 0.2,2,1878363317323747328,极兔快递,JT0014989859232,生活用品,陕西省,
能源小区智慧社区服务站_站点-能源小区智慧社区服务站,快递,2025-01-12 16:46:54,,1,,6.00,,2.32,42% - 0.2,2,1878362991640236032,极兔快递,JT0014988894658,服饰,安徽省,
能源小区智慧社区服务站_站点-能源小区智慧社区服务站,快递,2025-01-12 16:32:01,,1,,6.00,,2.32,42% - 0.2,2,1878359237293559808,极兔快递,JT0014984004335,服饰,陕西省,
能源小区智慧社区服务站_站点-能源小区智慧社区服务站,快递,2025-01-12 16:31:12,,1,,6.00,,2.32,42% - 0.2,2,1878359037258813440,极兔快递,JT0014982386427,服饰,江苏省,
能源小区智慧社区服务站_站点-能源小区智慧社区服务站,快递,2025-01-12 16:17:22,,3,,10.00,,5.30,55% - 0.2,2,1878355558528241664,极兔快递,JT0014969780230,生活用品,广东省,
能源小区智慧社区服务站_站点-能源小区智慧社区服务站,快递,2025-01-12 16:10:15,,1,,6.00,,2.32,42% - 0.2,2,1878353766398611456,极兔快递,JT0014988317557,服饰,广东省,
能源小区智慧社区服务站_站点-能源小区智慧社区服务站,快递,2025-01-12 16:08:10,,1,,6.00,,2.32,42% - 0.2,2,1878353242664259584,极兔快递,JT0014966424505,服饰,河南省,
能源小区智慧社区服务站_站点-能源小区智慧社区服务站,快递,2025-01-12 16:06:06,,2,,8.00,,3.88,51% - 0.2,2,1878352720448245760,极兔快递,JT0014981538295,服饰,广东省,
能源小区智慧社区服务站_站点-能源小区智慧社区服务站,快递,2025-01-12 15:11:32,,1,,6.00,,2.32,42% - 0.2,2,1878338988393418752,极兔快递,JT0014987706942,服饰,广东省,
能源小区智慧社区服务站_站点-能源小区智慧社区服务站,快递,2025-01-12 15:09:37,,1,,6.00,,2.32,42% - 0.2,2,1878338505226375168,极兔快递,JT0014977561273,服饰,山东省,
能源小区智慧社区服务站_站点-能源小区智慧社区服务站,快递,2025-01-12 15:00:16,2025-01-12 15:08:56,1,,6.00,,0.00,,2,1878336152418963456,韵达快递,312606820514680,服饰,浙江省,已全额退款
能源小区智慧社区服务站_站点-能源小区智慧社区服务站,快递,2025-01-12 15:06:52,,1,,6.00,,2.32,42% - 0.2,2,1878337816064479232,极兔快递,JT0014977178993,服饰,广东省,
能源小区智慧社区服务站_站点-能源小区智慧社区服务站,快递,2025-01-12 15:03:36,,1,,6.00,,2.32,42% - 0.2,2,1878336995239186432,极兔快递,JT0014979224046,服饰,河北省,
能源小区智慧社区服务站_站点-能源小区智慧社区服务站,快递,2025-01-12 15:03:05,,3,,10.00,,5.30,55% - 0.2,2,1878336863454154752,极兔快递,JT0014985275990,生活用品,江苏省,
能源小区智慧社区服务站_站点-能源小区智慧社区服务站,快递,2025-01-12 14:53:14,,1,,6.00,,2.32,42% - 0.2,2,1878334381902581760,韵达快递,312606817744437,服饰,浙江省,
能源小区智慧社区服务站_站点-能源小区智慧社区服务站,快递,2025-01-12 14:31:33,,1,,6.00,,2.32,42% - 0.2,2,1878328926128099328,极兔快递,JT0014986033951,服饰,江苏省,
能源小区智慧社区服务站_站点-能源小区智慧社区服务站,快递,2025-01-12 14:29:54,,2,,8.00,,3.88,51% - 0.2,2,1878328512301289472,极兔快递,JT0014986192774,生活用品,广东省,
能源小区智慧社区服务站_站点-能源小区智慧社区服务站,快递,2025-01-12 14:28:21,,1,,6.00,,2.32,42% - 0.2,2,1878328103348260864,极兔快递,JT0014986628443,服饰,江苏省,
能源小区智慧社区服务站_站点-能源小区智慧社区服务站,快递,2025-01-12 14:27:13,,1,,6.00,,2.32,42% - 0.2,2,1878327829942554624,极兔快递,JT0014986841362,服饰,江苏省,
能源小区智慧社区服务站_站点-能源小区智慧社区服务站,快递,2025-01-12 14:26:13,,1,,6.00,,2.32,42% - 0.2,2,1878327584466718720,极兔快递,JT0014977881633,生活用品,广东省,
能源小区智慧社区服务站_站点-能源小区智慧社区服务站,快递,2025-01-12 14:24:24,,1,,6.00,,2.32,42% - 0.2,2,1878327128499736576,极兔快递,JT0014985948914,服饰,江苏省,
能源小区智慧社区服务站_站点-能源小区智慧社区服务站,快递,2025-01-12 14:17:46,,1,,6.00,,2.32,42% - 0.2,2,1878325451184984064,极兔快递,JT0014985906656,服饰,广东省,
能源小区智慧社区服务站_站点-能源小区智慧社区服务站,快递,2025-01-12 14:17:02,,1,,6.00,,2.32,42% - 0.2,2,1878325268900532224,极兔快递,JT0014983363101,生活用品,河南省,
能源小区智慧社区服务站_站点-能源小区智慧社区服务站,快递,2025-01-12 14:16:32,,1,,6.00,,2.32,42% - 0.2,2,1878325132870864896,极兔快递,JT0014982953637,生活用品,河南省,
能源小区智慧社区服务站_站点-能源小区智慧社区服务站,快递,2025-01-12 14:16:02,,1,,6.00,,2.32,42% - 0.2,2,1878325008451031040,极兔快递,JT0014983254683,生活用品,河南省,
能源小区智慧社区服务站_站点-能源小区智慧社区服务站,快递,2025-01-12 13:59:51,,1,,6.00,,2.32,42% - 0.2,2,1878320941658066944,韵达快递,312606774694417,服饰,广东省,
能源小区智慧社区服务站_站点-能源小区智慧社区服务站,快递,2025-01-12 13:59:08,2025-01-12 13:59:31,1,,6.00,,0.00,,2,1878320770979254272,极兔快递,JT0014984723286,服饰,广东省,已全额退款
能源小区智慧社区服务站_站点-能源小区智慧社区服务站,快递,2025-01-12 13:49:39,,1,,6.00,,2.32,42% - 0.2,2,1878318385540157440,极兔快递,JT0014984864255,服饰,广东省,
能源小区智慧社区服务站_站点-能源小区智慧社区服务站,快递,2025-01-12 13:38:17,,1,,6.00,,2.32,42% - 0.2,2,1878315514727813120,极兔快递,JT0014983502426,服饰,山东省,
能源小区智慧社区服务站_站点-能源小区智慧社区服务站,干洗,2025-01-12 13:22:43,,,,74.40,,22.32,30%,,1878311588997681152,干洗,,"棉服_毛呢_羽绒服   *   1
棉服_毛呢_羽绒服   *   1
棉服_毛呢_羽绒服   *   1",,
能源小区智慧社区服务站_站点-能源小区智慧社区服务站,快递,2025-01-12 13:10:47,,1,,6.00,,2.32,42% - 0.2,2,1878308595262869504,极兔快递,JT0014984181430,服饰,广东省,
能源小区智慧社区服务站_站点-能源小区智慧社区服务站,快递,2025-01-12 13:10:13,,1,,6.00,,2.32,42% - 0.2,2,1878308462932578304,极兔快递,JT0014979075136,服饰,广东省,
能源小区智慧社区服务站_站点-能源小区智慧社区服务站,快递,2025-01-12 13:08:50,,2,,8.00,,3.88,51% - 0.2,2,1878308094634938368,极兔快递,JT0014983520114,服饰,广东省,
能源小区智慧社区服务站_站点-能源小区智慧社区服务站,快递,2025-01-12 13:00:49,,1,,6.00,,2.32,42% - 0.2,2,1878306067397791744,极兔快递,JT0014984360921,服饰,湖南省,
能源小区智慧社区服务站_站点-能源小区智慧社区服务站,快递,2025-01-12 13:00:04,,1,,6.00,,2.32,42% - 0.2,2,1878305906185523200,极兔快递,JT0014984648117,服饰,广东省,
能源小区智慧社区服务站_站点-能源小区智慧社区服务站,快递,2025-01-12 12:28:06,,1,,6.00,,2.32,42% - 0.2,2,1878297858071121920,极兔快递,JT0014983214317,生活用品,河南省,
能源小区智慧社区服务站_站点-能源小区智慧社区服务站,快递,2025-01-12 11:42:55,,1,,6.00,,2.32,42% - 0.2,2,1878286482091069440,极兔快递,JT0014983798161,服饰,广东省,
能源小区智慧社区服务站_站点-能源小区智慧社区服务站,快递,2025-01-12 11:42:02,,1,,6.00,,2.32,42% - 0.2,2,1878286266776473600,极兔快递,JT0014983411180,服饰,福建省,
能源小区智慧社区服务站_站点-能源小区智慧社区服务站,快递,2025-01-12 11:20:55,,1,,6.00,,2.32,42% - 0.2,2,1878280951678947328,极兔快递,JT0014976695687,服饰,福建省,
能源小区智慧社区服务站_站点-能源小区智慧社区服务站,快递,2025-01-12 11:05:29,,1,,6.00,,2.32,42% - 0.2,2,1878277066532900864,极兔快递,JT0014978497487,服饰,广东省,
能源小区智慧社区服务站_站点-能源小区智慧社区服务站,快递,2025-01-12 10:54:27,,2,,8.00,,3.88,51% - 0.2,2,1878274271784259584,极兔快递,JT0014981122244,服饰,浙江省,
能源小区智慧社区服务站_站点-能源小区智慧社区服务站,快递,2025-01-12 10:09:26,,8,,24.00,,11.80,50% - 0.2,2,1878262958513246208,极兔快递,JT0014981228464,食品,陕西省,
能源小区智慧社区服务站_站点-能源小区智慧社区服务站,快递,2025-01-12 10:00:41,,6,,18.00,,8.80,50% - 0.2,2,1878260746030469120,极兔快递,JT0014978833269,服饰,陕西省,
能源小区智慧社区服务站_站点-能源小区智慧社区服务站,快递,2025-01-11 20:04:47,,1,,6.00,,2.32,42% - 0.2,2,1878050396718813184,极兔快递,JT0014976110128,服饰,广东省,
能源小区智慧社区服务站_站点-能源小区智慧社区服务站,快递,2025-01-11 19:50:10,,1,,6.00,,2.32,42% - 0.2,2,1878046721627705344,极兔快递,JT0014973259794,服饰,浙江省,
能源小区智慧社区服务站_站点-能源小区智慧社区服务站,快递,2025-01-11 19:48:55,,3,,10.00,,5.30,55% - 0.2,2,1878046408728432640,极兔快递,JT0014977157864,生活用品,广东省,
能源小区智慧社区服务站_站点-能源小区智慧社区服务站,快递,2025-01-11 19:32:56,,1,,6.00,,2.32,42% - 0.2,2,1878042386638360576,极兔快递,JT0014977240686,生活用品,陕西省,
能源小区智慧社区服务站_站点-能源小区智慧社区服务站,快递,2025-01-11 19:28:48,,1,,6.00,,2.32,42% - 0.2,2,1878041347772174336,极兔快递,JT0014977204550,生活用品,河南省,
能源小区智慧社区服务站_站点-能源小区智慧社区服务站,快递,2025-01-11 19:26:40,,1,,6.00,,2.32,42% - 0.2,2,1878040807864586240,极兔快递,JT0014977885017,生活用品,江苏省,
能源小区智慧社区服务站_站点-能源小区智慧社区服务站,快递,2025-01-11 19:25:01,,1,,6.00,,2.32,42% - 0.2,2,1878040366686720000,极兔快递,JT0014975822914,生活用品,广东省,
能源小区智慧社区服务站_站点-能源小区智慧社区服务站,快递,2025-01-11 19:24:17,,1,,6.00,,2.32,42% - 0.2,2,1878040207529660416,极兔快递,JT0014975488768,服饰,辽宁省,
能源小区智慧社区服务站_站点-能源小区智慧社区服务站,快递,2025-01-11 19:10:44,,1,,6.00,,2.32,42% - 0.2,2,1878036793412341760,极兔快递,JT0014977578233,服饰,广东省,
能源小区智慧社区服务站_站点-能源小区智慧社区服务站,快递,2025-01-11 19:10:13,,1,,6.00,,2.32,42% - 0.2,2,1878036663862874112,极兔快递,JT0014976517599,服饰,广东省,
能源小区智慧社区服务站_站点-能源小区智慧社区服务站,快递,2025-01-11 18:40:14,,1,,6.00,,2.32,42% - 0.2,2,1878029120155471872,极兔快递,JT0014970189282,服饰,山东省,
能源小区智慧社区服务站_站点-能源小区智慧社区服务站,快递,2025-01-11 18:39:12,,1,,6.00,,2.32,42% - 0.2,2,1878028855150956544,极兔快递,JT0014975844170,服饰,山东省,
能源小区智慧社区服务站_站点-能源小区智慧社区服务站,快递,2025-01-11 18:14:30,,1,,6.00,,2.32,42% - 0.2,2,1878022642908581888,极兔快递,JT0014976518498,服饰,广东省,
能源小区智慧社区服务站_站点-能源小区智慧社区服务站,快递,2025-01-11 18:10:07,,1,,6.00,,2.32,42% - 0.2,2,1878021530902122496,极兔快递,JT0014968456984,生活用品,河北省,
能源小区智慧社区服务站_站点-能源小区智慧社区服务站,快递,2025-01-11 17:43:03,,4,,12.00,,5.80,50% - 0.2,2,1878014730341502976,极兔快递,JT0014976687412,生活用品,广东省,
能源小区智慧社区服务站_站点-能源小区智慧社区服务站,干洗,2025-01-11 17:24:21,,,,34.80,,10.44,30%,,1878010002064855040,干洗,,"清洗鞋19.8元两双   *   1
清洗鞋19.8元两双   *   1
布鞋_网鞋   *   1",,
能源小区智慧社区服务站_站点-能源小区智慧社区服务站,快递,2025-01-11 16:22:55,,1,,6.00,,2.32,42% - 0.2,2,1877994558109044736,极兔快递,JT0014973013182,服饰,浙江省,
能源小区智慧社区服务站_站点-能源小区智慧社区服务站,快递,2025-01-11 16:22:00,,1,,6.00,,2.32,42% - 0.2,2,1877994328395403264,极兔快递,JT0014974254922,服饰,广东省,
能源小区智慧社区服务站_站点-能源小区智慧社区服务站,快递,2025-01-11 16:21:31,,1,,6.00,,2.32,42% - 0.2,2,1877994199584133120,极兔快递,JT0014974556650,服饰,江苏省,
能源小区智慧社区服务站_站点-能源小区智慧社区服务站,快递,2025-01-11 16:20:54,,1,,6.00,,2.32,42% - 0.2,2,1877994044130643968,极兔快递,JT0014975097242,服饰,广东省,
能源小区智慧社区服务站_站点-能源小区智慧社区服务站,快递,2025-01-11 16:20:18,,1,,6.00,,2.32,42% - 0.2,2,1877993909237633024,极兔快递,JT0014972964809,服饰,浙江省,
能源小区智慧社区服务站_站点-能源小区智慧社区服务站,快递,2025-01-11 16:12:40,,1,,6.00,,2.32,42% - 0.2,2,1877991981913001984,极兔快递,JT0014975014081,生活用品,浙江省,
能源小区智慧社区服务站_站点-能源小区智慧社区服务站,快递,2025-01-11 15:19:08,,2,,8.00,,3.88,51% - 0.2,2,1877978515223400448,极兔快递,JT0014970423112,服饰,浙江省,
能源小区智慧社区服务站_站点-能源小区智慧社区服务站,快递,2025-01-11 15:15:20,,1,,6.00,,2.32,42% - 0.2,2,1877977548151115776,极兔快递,JT0014973887909,服饰,河南省,
能源小区智慧社区服务站_站点-能源小区智慧社区服务站,快递,2025-01-11 15:11:36,,1,,6.00,,2.32,42% - 0.2,2,1877976609797230592,极兔快递,JT0014972911679,服饰,浙江省,
能源小区智慧社区服务站_站点-能源小区智慧社区服务站,快递,2025-01-11 15:04:04,,1,,6.00,,2.32,42% - 0.2,2,1877974721588678656,极兔快递,JT0014973048868,服饰,安徽省,
能源小区智慧社区服务站_站点-能源小区智慧社区服务站,快递,2025-01-11 15:02:34,,1,,6.00,,2.32,42% - 0.2,2,1877974345128923136,极兔快递,JT0014965702124,服饰,浙江省,
能源小区智慧社区服务站_站点-能源小区智慧社区服务站,快递,2025-01-11 15:00:05,,4,,12.00,,5.80,50% - 0.2,2,1877973713848422400,极兔快递,JT0014972206647,服饰,浙江省,
能源小区智慧社区服务站_站点-能源小区智慧社区服务站,快递,2025-01-11 14:55:04,,2,,8.00,,3.88,51% - 0.2,2,1877972454844190720,极兔快递,JT0014970731317,生活用品,浙江省,
能源小区智慧社区服务站_站点-能源小区智慧社区服务站,快递,2025-01-11 14:45:02,,1,,6.00,,2.32,42% - 0.2,2,1877969931542515712,极兔快递,JT0014971336877,服饰,浙江省,
能源小区智慧社区服务站_站点-能源小区智慧社区服务站,快递,2025-01-11 14:43:50,,1,,6.00,,2.32,42% - 0.2,2,1877969626926993408,极兔快递,JT0014972620691,生活用品,福建省,
能源小区智慧社区服务站_站点-能源小区智慧社区服务站,快递,2025-01-11 14:42:33,,1,,6.00,,2.32,42% - 0.2,2,1877969306213732352,极兔快递,JT0014971966468,生活用品,福建省,
能源小区智慧社区服务站_站点-能源小区智慧社区服务站,快递,2025-01-11 14:39:33,,2,,8.00,,3.88,51% - 0.2,2,1877968543521492992,极兔快递,JT0014967203667,生活用品,浙江省,
能源小区智慧社区服务站_站点-能源小区智慧社区服务站,快递,2025-01-11 14:22:19,,1,,6.00,,2.32,42% - 0.2,2,1877964212315410432,极兔快递,JT0014960614918,生活用品,湖北省,
能源小区智慧社区服务站_站点-能源小区智慧社区服务站,快递,2025-01-11 14:18:21,,1,,6.00,,2.32,42% - 0.2,2,1877963212359782400,极兔快递,JT0014970270984,服饰,浙江省,
能源小区智慧社区服务站_站点-能源小区智慧社区服务站,快递,2025-01-11 14:08:32,,1,,6.00,,2.32,42% - 0.2,2,1877960742560649216,极兔快递,JT0014962806441,服饰,湖南省,
能源小区智慧社区服务站_站点-能源小区智慧社区服务站,快递,2025-01-11 14:08:00,,1,,6.00,,2.32,42% - 0.2,2,1877960614051368960,极兔快递,JT0014971166616,生活用品,浙江省,
能源小区智慧社区服务站_站点-能源小区智慧社区服务站,快递,2025-01-11 14:01:06,,1,,6.00,,2.32,42% - 0.2,2,1877958878205104128,极兔快递,JT0014967056955,生活用品,浙江省,
能源小区智慧社区服务站_站点-能源小区智慧社区服务站,快递,2025-01-11 13:35:40,,1,,6.00,,2.32,42% - 0.2,2,1877952475721682944,极兔快递,JT0014952000889,生活用品,浙江省,
能源小区智慧社区服务站_站点-能源小区智慧社区服务站,快递,2025-01-11 13:10:06,,3,,10.00,,5.30,55% - 0.2,2,1877946041818730496,极兔快递,JT0014970614080,生活用品,山东省,
能源小区智慧社区服务站_站点-能源小区智慧社区服务站,快递,2025-01-11 12:57:36,,1,,6.00,,2.32,42% - 0.2,2,1877942896946368512,极兔快递,JT0014969674169,服饰,湖北省,
能源小区智慧社区服务站_站点-能源小区智慧社区服务站,快递,2025-01-11 12:55:19,,1,,6.00,,2.32,42% - 0.2,2,1877942266576031744,极兔快递,JT0014970767258,服饰,浙江省,
能源小区智慧社区服务站_站点-能源小区智慧社区服务站,快递,2025-01-11 12:37:04,,1,,6.00,,2.32,42% - 0.2,2,1877937717798817792,极兔快递,JT0014968336850,生活用品,浙江省,
能源小区智慧社区服务站_站点-能源小区智慧社区服务站,快递,2025-01-11 11:05:40,,1,,6.00,,2.32,42% - 0.2,2,1877914723764457472,极兔快递,JT0014965999430,生活用品,江苏省,
能源小区智慧社区服务站_站点-能源小区智慧社区服务站,快递,2025-01-11 11:00:50,,1,,6.00,,2.32,42% - 0.2,2,1877913483747840000,极兔快递,JT0014968919087,服饰,广东省,
能源小区智慧社区服务站_站点-能源小区智慧社区服务站,快递,2025-01-11 11:00:12,,1,,6.00,,2.32,42% - 0.2,2,1877913350985535488,极兔快递,JT0014968359109,服饰,广西壮族自治区,
能源小区智慧社区服务站_站点-能源小区智慧社区服务站,快递,2025-01-11 10:55:23,,1,,6.00,,2.32,42% - 0.2,2,1877912122599723008,极兔快递,JT0014965963011,服饰,广东省,
能源小区智慧社区服务站_站点-能源小区智慧社区服务站,快递,2025-01-11 10:32:07,,1,,6.00,,2.32,42% - 0.2,2,1877906283457466368,极兔快递,JT0014965121095,服饰,安徽省,
能源小区智慧社区服务站_站点-能源小区智慧社区服务站,快递,2025-01-11 10:30:58,,1,,6.00,,2.32,42% - 0.2,2,1877905973766836224,极兔快递,JT0014968066517,服饰,辽宁省,
能源小区智慧社区服务站_站点-能源小区智慧社区服务站,快递,2025-01-11 10:28:50,,1,,6.00,,2.32,42% - 0.2,2,1877905460690210816,极兔快递,JT0014957139360,服饰,浙江省,
能源小区智慧社区服务站_站点-能源小区智慧社区服务站,快递,2025-01-11 10:26:43,,1,,6.00,,2.32,42% - 0.2,2,1877904925199224832,极兔快递,JT0014965752913,服饰,浙江省,
能源小区智慧社区服务站_站点-能源小区智慧社区服务站,快递,2025-01-11 10:23:52,,1,,6.00,,2.32,42% - 0.2,2,1877904208845656064,极兔快递,JT0014966071607,服饰,浙江省,
能源小区智慧社区服务站_站点-能源小区智慧社区服务站,快递,2025-01-11 10:21:56,,1,,6.00,,2.32,42% - 0.2,2,1877903721677246464,极兔快递,JT0014967628798,服饰,河南省,
能源小区智慧社区服务站_站点-能源小区智慧社区服务站,快递,2025-01-11 10:18:56,,1,,6.00,,2.32,42% - 0.2,2,1877902967654633472,极兔快递,JT0014964721366,服饰,浙江省,
能源小区智慧社区服务站_站点-能源小区智慧社区服务站,快递,2025-01-11 10:16:57,,1,,7.00,,1.94,42%,2,1877902461649604608,极兔快递,JT0014964698534,生活用品,上海市,
能源小区智慧社区服务站_站点-能源小区智慧社区服务站,快递,2025-01-11 10:15:12,,1,,6.00,,2.32,42% - 0.2,2,1877902028281532416,极兔快递,JT0014960546987,服饰,河北省,
能源小区智慧社区服务站_站点-能源小区智慧社区服务站,快递,2025-01-11 10:13:04,,1,,6.00,,2.32,42% - 0.2,2,1877901460678955008,极兔快递,JT0014965944080,服饰,广东省,
能源小区智慧社区服务站_站点-能源小区智慧社区服务站,快递,2025-01-11 10:08:55,,1,,6.00,,2.32,42% - 0.2,2,1877900445216985088,极兔快递,JT0014966070464,生活用品,安徽省,
能源小区智慧社区服务站_站点-能源小区智慧社区服务站,快递,2025-01-11 10:06:16,,1,,6.00,,2.32,42% - 0.2,2,1877899776712036352,极兔快递,JT0014962090194,服饰,湖南省,
能源小区智慧社区服务站_站点-能源小区智慧社区服务站,快递,2025-01-10 19:50:38,,1,,6.00,,2.32,42% - 0.2,2,1877684447943643136,极兔快递,JT0014963495328,服饰,广东省,
能源小区智慧社区服务站_站点-能源小区智慧社区服务站,快递,2025-01-10 19:49:44,,2,,8.00,,3.88,51% - 0.2,2,1877684228233416704,极兔快递,JT0014963385701,生活用品,黑龙江省,
能源小区智慧社区服务站_站点-能源小区智慧社区服务站,快递,2025-01-10 19:47:56,,1,,6.00,,2.32,42% - 0.2,2,1877683775097589760,极兔快递,JT0014961084550,服饰,浙江省,
能源小区智慧社区服务站_站点-能源小区智慧社区服务站,快递,2025-01-10 19:46:19,,1,,6.00,,2.32,42% - 0.2,2,1877683360650022912,极兔快递,JT0014958463022,服饰,广东省,
能源小区智慧社区服务站_站点-能源小区智慧社区服务站,快递,2025-01-10 19:44:53,,1,,6.00,,2.32,42% - 0.2,2,1877683004327120896,极兔快递,JT0014960344703,服饰,广东省,
能源小区智慧社区服务站_站点-能源小区智慧社区服务站,快递,2025-01-10 19:30:27,,1,,6.00,,2.32,42% - 0.2,2,1877679370008842240,极兔快递,JT0014961368562,服饰,江西省,
能源小区智慧社区服务站_站点-能源小区智慧社区服务站,快递,2025-01-10 19:15:28,,1,,6.00,,2.32,42% - 0.2,2,1877675600852078592,极兔快递,JT0014960167782,生活用品,广东省,
能源小区智慧社区服务站_站点-能源小区智慧社区服务站,快递,2025-01-10 19:01:21,,2,,8.00,,3.88,51% - 0.2,2,1877672039892176896,极兔快递,JT0014960411791,服饰,山东省,
能源小区智慧社区服务站_站点-能源小区智慧社区服务站,快递,2025-01-10 18:59:39,,1,,6.00,,2.32,42% - 0.2,2,1877671621942366208,极兔快递,JT0014959710499,服饰,山东省,
能源小区智慧社区服务站_站点-能源小区智慧社区服务站,快递,2025-01-10 18:58:11,,1,,6.00,,2.32,42% - 0.2,2,1877671222086782976,极兔快递,JT0014961650633,服饰,广东省,
能源小区智慧社区服务站_站点-能源小区智慧社区服务站,快递,2025-01-10 18:53:35,,5,,15.00,,7.30,50% - 0.2,2,1877670089960247296,极兔快递,JT0014963054535,生活用品,广东省,
能源小区智慧社区服务站_站点-能源小区智慧社区服务站,快递,2025-01-10 18:20:35,,1,,6.00,,2.32,42% - 0.2,2,1877661789025783808,极兔快递,JT0014961505295,服饰,江苏省,
能源小区智慧社区服务站_站点-能源小区智慧社区服务站,快递,2025-01-10 18:19:34,,4,,12.00,,5.80,50% - 0.2,2,1877661528815357952,韵达快递,312605150916027,服饰,浙江省,
能源小区智慧社区服务站_站点-能源小区智慧社区服务站,快递,2025-01-10 18:15:52,,2,,8.00,,3.88,51% - 0.2,2,1877660601584766976,极兔快递,JT0014960377481,服饰,浙江省,
能源小区智慧社区服务站_站点-能源小区智慧社区服务站,快递,2025-01-10 17:45:08,,1,,6.00,,2.32,42% - 0.2,2,1877652869821550592,极兔快递,JT0014956264201,服饰,安徽省,
能源小区智慧社区服务站_站点-能源小区智慧社区服务站,快递,2025-01-10 17:43:47,,2,,8.00,,3.88,51% - 0.2,2,1877652531622236160,极兔快递,JT0014962084883,生活用品,浙江省,
能源小区智慧社区服务站_站点-能源小区智慧社区服务站,快递,2025-01-10 17:38:32,,3,,10.00,,5.30,55% - 0.2,2,1877651207526600704,极兔快递,JT0014961627199,生鲜类,陕西省,
能源小区智慧社区服务站_站点-能源小区智慧社区服务站,快递,2025-01-10 17:35:02,,1,,6.00,,2.32,42% - 0.2,2,1877650296557326336,韵达快递,312605101642502,服饰,广东省,
能源小区智慧社区服务站_站点-能源小区智慧社区服务站,快递,2025-01-10 17:34:10,2025-01-10 17:34:35,1,,6.00,,0.00,,2,1877650106005901312,极兔快递,JT0014961475748,服饰,广东省,已全额退款
能源小区智慧社区服务站_站点-能源小区智慧社区服务站,快递,2025-01-10 17:28:33,,1,,6.00,,2.32,42% - 0.2,2,1877648672984190976,极兔快递,JT0014958194188,服饰,广东省,
能源小区智慧社区服务站_站点-能源小区智慧社区服务站,快递,2025-01-10 17:22:46,,1,,6.00,,2.32,42% - 0.2,2,1877647233708773376,极兔快递,JT0014959389707,服饰,山东省,
能源小区智慧社区服务站_站点-能源小区智慧社区服务站,快递,2025-01-10 17:21:49,,1,,6.00,,2.32,42% - 0.2,2,1877646998030831616,极兔快递,JT0014957130753,服饰,广东省,
能源小区智慧社区服务站_站点-能源小区智慧社区服务站,快递,2025-01-10 17:07:23,,1,,6.00,,2.32,42% - 0.2,2,1877643366887641088,极兔快递,JT0014961024154,服饰,浙江省,
能源小区智慧社区服务站_站点-能源小区智慧社区服务站,快递,2025-01-10 16:57:23,,1,,6.00,,2.32,42% - 0.2,2,1877640851840356352,极兔快递,JT0014959198323,服饰,广东省,
能源小区智慧社区服务站_站点-能源小区智慧社区服务站,快递,2025-01-10 16:55:38,,1,,6.00,,2.32,42% - 0.2,2,1877640413342650368,极兔快递,JT0014960429650,服饰,湖南省,
能源小区智慧社区服务站_站点-能源小区智慧社区服务站,快递,2025-01-10 16:53:49,,1,,6.00,,2.32,42% - 0.2,2,1877639954158637056,极兔快递,JT0014960317763,生活用品,福建省,
能源小区智慧社区服务站_站点-能源小区智慧社区服务站,快递,2025-01-10 15:03:35,,1,,6.00,,2.32,42% - 0.2,2,1877612207570997248,极兔快递,JT0014948642291,服饰,福建省,
能源小区智慧社区服务站_站点-能源小区智慧社区服务站,快递,2025-01-10 15:01:14,,1,,6.00,,2.32,42% - 0.2,2,1877611618128678912,极兔快递,JT0014953855370,服饰,江苏省,
能源小区智慧社区服务站_站点-能源小区智慧社区服务站,快递,2025-01-10 15:00:11,,1,,6.00,,2.32,42% - 0.2,2,1877611352016867328,极兔快递,JT0014957751036,服饰,河北省,
能源小区智慧社区服务站_站点-能源小区智慧社区服务站,快递,2025-01-10 14:59:08,,1,,6.00,,2.32,42% - 0.2,2,1877611058403004416,极兔快递,JT0014955386672,服饰,江苏省,
能源小区智慧社区服务站_站点-能源小区智慧社区服务站,快递,2025-01-10 14:57:27,,1,,6.00,,2.32,42% - 0.2,2,1877610669016403968,极兔快递,JT0014956476642,服饰,浙江省,
能源小区智慧社区服务站_站点-能源小区智慧社区服务站,快递,2025-01-10 14:56:02,,1,,6.00,,2.32,42% - 0.2,2,1877610316711645184,极兔快递,JT0014957696075,服饰,广东省,
能源小区智慧社区服务站_站点-能源小区智慧社区服务站,快递,2025-01-10 14:54:38,,1,,6.00,,2.32,42% - 0.2,2,1877609961135329280,极兔快递,JT0014954793355,服饰,浙江省,
能源小区智慧社区服务站_站点-能源小区智慧社区服务站,快递,2025-01-10 14:25:37,,1,,6.00,,2.32,42% - 0.2,2,1877602658151616512,极兔快递,JT0014956058708,服饰,广东省,
能源小区智慧社区服务站_站点-能源小区智慧社区服务站,快递,2025-01-10 13:59:28,,2,,8.00,,3.88,51% - 0.2,2,1877596078442074112,极兔快递,JT0014956683666,服饰,江苏省,
能源小区智慧社区服务站_站点-能源小区智慧社区服务站,快递,2025-01-10 13:58:30,,1,,6.00,,2.32,42% - 0.2,2,1877595833607966720,极兔快递,JT0014955989567,服饰,江苏省,
能源小区智慧社区服务站_站点-能源小区智慧社区服务站,快递,2025-01-10 13:57:15,,2,,8.00,,3.88,51% - 0.2,2,1877595519446208512,极兔快递,JT0014954197357,服饰,广东省,
能源小区智慧社区服务站_站点-能源小区智慧社区服务站,快递,2025-01-10 13:55:17,,1,,6.00,,2.32,42% - 0.2,2,1877595020063985664,极兔快递,JT0014956181518,服饰,江西省,
能源小区智慧社区服务站_站点-能源小区智慧社区服务站,快递,2025-01-10 13:48:26,,2,,8.00,,3.88,51% - 0.2,2,1877593299615010816,极兔快递,JT0014949694399,服饰,广东省,
能源小区智慧社区服务站_站点-能源小区智慧社区服务站,快递,2025-01-10 12:57:32,,1,,6.00,,2.32,42% - 0.2,2,1877580491305308160,极兔快递,JT0014939378713,服饰,广东省,
能源小区智慧社区服务站_站点-能源小区智慧社区服务站,快递,2025-01-10 12:56:16,,1,,6.00,,2.32,42% - 0.2,2,1877580167937052672,极兔快递,JT0014932994168,服饰,浙江省,
能源小区智慧社区服务站_站点-能源小区智慧社区服务站,快递,2025-01-10 12:53:15,,1,,6.00,,2.32,42% - 0.2,2,1877579412102500352,极兔快递,JT0014952992104,生活用品,湖北省,
能源小区智慧社区服务站_站点-能源小区智慧社区服务站,快递,2025-01-10 12:42:32,,8,,24.00,,11.80,50% - 0.2,2,1877576713986428928,极兔快递,JT0014951793088,服饰,广西壮族自治区,
能源小区智慧社区服务站_站点-能源小区智慧社区服务站,快递,2025-01-10 11:21:53,2025-01-10 12:37:31,3,,10.00,,0.00,,2,1877556419997519872,极兔快递,JT0014953113186,服饰,河北省,已全额退款
能源小区智慧社区服务站_站点-能源小区智慧社区服务站,快递,2025-01-10 12:33:36,,2,,8.00,,3.88,51% - 0.2,2,1877574469866016768,极兔快递,JT0014953209449,生活用品,河南省,
能源小区智慧社区服务站_站点-能源小区智慧社区服务站,快递,2025-01-10 11:28:50,,3,,10.00,,5.30,55% - 0.2,2,1877558171194937344,极兔快递,JT0014952619785,服饰,广东省,
能源小区智慧社区服务站_站点-能源小区智慧社区服务站,快递,2025-01-10 11:26:54,,1,,6.00,,2.32,42% - 0.2,2,1877557684898942976,极兔快递,JT0014949673932,生活用品,广东省,
能源小区智慧社区服务站_站点-能源小区智慧社区服务站,快递,2025-01-10 11:24:36,,3,,10.00,,5.30,55% - 0.2,2,1877557106030465024,极兔快递,JT0014939610445,服饰,河北省,
能源小区智慧社区服务站_站点-能源小区智慧社区服务站,快递,2025-01-10 11:15:38,,1,,6.00,,2.32,42% - 0.2,2,1877554840615571456,极兔快递,JT0014953578211,生活用品,福建省,
能源小区智慧社区服务站_站点-能源小区智慧社区服务站,快递,2025-01-10 11:13:36,,2,,8.00,,3.88,51% - 0.2,2,1877554330038751232,极兔快递,JT0014948768629,生活用品,福建省,
能源小区智慧社区服务站_站点-能源小区智慧社区服务站,快递,2025-01-10 11:12:02,,1,,6.00,,2.32,42% - 0.2,2,1877553944376692736,极兔快递,JT0014954074860,生活用品,广东省,
能源小区智慧社区服务站_站点-能源小区智慧社区服务站,快递,2025-01-10 11:09:25,,1,,6.00,,2.32,42% - 0.2,2,1877553284465872896,极兔快递,JT0014947023399,生活用品,福建省,
能源小区智慧社区服务站_站点-能源小区智慧社区服务站,快递,2025-01-10 11:06:02,,4,,12.00,,5.80,50% - 0.2,2,1877552394996600832,韵达快递,312604798283742,服饰,浙江省,
能源小区智慧社区服务站_站点-能源小区智慧社区服务站,快递,2025-01-10 11:03:32,,1,,6.00,,2.32,42% - 0.2,2,1877551801359978496,极兔快递,JT0014950736362,生活用品,广东省,
能源小区智慧社区服务站_站点-能源小区智慧社区服务站,快递,2025-01-10 10:42:37,,1,,6.00,,2.32,42% - 0.2,2,1877546540398333952,极兔快递,JT0014950712758,服饰,湖南省,
能源小区智慧社区服务站_站点-能源小区智慧社区服务站,快递,2025-01-10 10:41:34,,1,,6.00,,2.32,42% - 0.2,2,1877546270369042432,极兔快递,JT0014952845024,服饰,浙江省,
能源小区智慧社区服务站_站点-能源小区智慧社区服务站,快递,2025-01-10 10:32:44,,2,,8.00,,3.88,51% - 0.2,2,1877544050198106112,极兔快递,JT0014949746468,服饰,广东省,
能源小区智慧社区服务站_站点-能源小区智慧社区服务站,快递,2025-01-10 10:06:59,,2,,8.00,,3.88,51% - 0.2,2,1877537567817388032,极兔快递,JT0014952535037,服饰,江西省,
能源小区智慧社区服务站_站点-能源小区智慧社区服务站,快递,2025-01-09 20:19:09,,1,,6.00,,2.32,42% - 0.2,2,1877329235676549120,极兔快递,JT0014947076085,生活用品,河南省,
能源小区智慧社区服务站_站点-能源小区智慧社区服务站,快递,2025-01-09 20:15:01,,2,,8.00,,3.88,51% - 0.2,2,1877328201205993472,极兔快递,JT0014936004285,服饰,广东省,
能源小区智慧社区服务站_站点-能源小区智慧社区服务站,快递,2025-01-09 20:10:30,2025-01-09 20:14:43,1,,6.00,,0.00,,2,1877327063945629696,极兔快递,JT0014948168881,服饰,广东省,已全额退款
能源小区智慧社区服务站_站点-能源小区智慧社区服务站,快递,2025-01-09 20:13:19,,1,,6.00,,2.32,42% - 0.2,2,1877327767837921280,极兔快递,JT0014948909708,服饰,广东省,
能源小区智慧社区服务站_站点-能源小区智慧社区服务站,快递,2025-01-09 20:12:40,,1,,6.00,,2.32,42% - 0.2,2,1877327600636186624,极兔快递,JT0014947109739,服饰,辽宁省,
能源小区智慧社区服务站_站点-能源小区智慧社区服务站,快递,2025-01-09 20:11:36,,1,,6.00,,2.32,42% - 0.2,2,1877327341881184256,极兔快递,JT0014947766460,服饰,广东省,
能源小区智慧社区服务站_站点-能源小区智慧社区服务站,快递,2025-01-09 20:09:49,,3,,10.00,,5.30,55% - 0.2,2,1877326871125086208,极兔快递,JT0014935073816,服饰,福建省,
能源小区智慧社区服务站_站点-能源小区智慧社区服务站,快递,2025-01-09 19:55:37,,1,,6.00,,2.32,42% - 0.2,2,1877323280549203968,极兔快递,JT0014947410753,服饰,浙江省,
能源小区智慧社区服务站_站点-能源小区智慧社区服务站,快递,2025-01-09 19:24:56,,1,,6.00,,2.32,42% - 0.2,2,1877315592356417536,极兔快递,JT0014939061023,服饰,辽宁省,
能源小区智慧社区服务站_站点-能源小区智慧社区服务站,快递,2025-01-09 19:03:55,,1,,6.00,,2.32,42% - 0.2,2,1877310306325417984,极兔快递,JT0014939037696,服饰,广东省,
能源小区智慧社区服务站_站点-能源小区智慧社区服务站,快递,2025-01-09 18:50:57,2025-01-09 19:03:12,1,,12.00,,0.00,,2,1877306990459670528,极兔快递,JT0014937563543,服饰,海南省,已全额退款
能源小区智慧社区服务站_站点-能源小区智慧社区服务站,快递,2025-01-09 18:55:00,,2,,8.00,,3.88,51% - 0.2,2,1877308060242071552,极兔快递,JT0014948019119,服饰,浙江省,
能源小区智慧社区服务站_站点-能源小区智慧社区服务站,快递,2025-01-09 18:49:31,,2,,8.00,,3.88,51% - 0.2,2,1877306683575029760,极兔快递,JT0014947652231,生活用品,江西省,
能源小区智慧社区服务站_站点-能源小区智慧社区服务站,快递,2025-01-09 18:46:20,,1,,6.00,,2.32,42% - 0.2,2,1877305876611911680,极兔快递,JT0014947178565,服饰,浙江省,
能源小区智慧社区服务站_站点-能源小区智慧社区服务站,快递,2025-01-09 18:45:41,,1,,6.00,,2.32,42% - 0.2,2,1877305704209240064,极兔快递,JT0014938788443,生活用品,浙江省,
能源小区智慧社区服务站_站点-能源小区智慧社区服务站,快递,2025-01-09 18:43:39,,5,,15.00,,7.30,50% - 0.2,2,1877305206303412224,极兔快递,JT0014941011790,生活用品,湖北省,
能源小区智慧社区服务站_站点-能源小区智慧社区服务站,快递,2025-01-09 18:37:46,,1,,6.00,,2.32,42% - 0.2,2,1877303727043694592,极兔快递,JT0014941039038,生活用品,陕西省,
能源小区智慧社区服务站_站点-能源小区智慧社区服务站,快递,2025-01-09 18:26:59,,1,,6.00,,2.32,42% - 0.2,2,1877301013094125568,极兔快递,JT0014935345235,服饰,广东省,
能源小区智慧社区服务站_站点-能源小区智慧社区服务站,快递,2025-01-09 18:15:18,,2,,8.00,,3.88,51% - 0.2,2,1877298053781966848,极兔快递,JT0014946115145,服饰,四川省,
能源小区智慧社区服务站_站点-能源小区智慧社区服务站,快递,2025-01-09 15:30:03,,1,,6.00,,2.32,42% - 0.2,2,1877256478624370688,极兔快递,JT0014942856618,服饰,浙江省,
能源小区智慧社区服务站_站点-能源小区智慧社区服务站,快递,2025-01-09 15:29:16,,1,,6.00,,2.32,42% - 0.2,2,1877256290417561600,极兔快递,JT0014940436026,生活用品,江西省,
能源小区智慧社区服务站_站点-能源小区智慧社区服务站,快递,2025-01-09 15:28:12,,1,,6.00,,2.32,42% - 0.2,2,1877256013400559616,极兔快递,JT0014943882210,服饰,浙江省,
能源小区智慧社区服务站_站点-能源小区智慧社区服务站,快递,2025-01-09 15:27:31,,1,,6.00,,2.32,42% - 0.2,2,1877255844529491968,极兔快递,JT0014938494718,服饰,广东省,
能源小区智慧社区服务站_站点-能源小区智慧社区服务站,快递,2025-01-09 15:26:52,,1,,6.00,,2.32,42% - 0.2,2,1877255663121649664,极兔快递,JT0014943475010,服饰,广东省,
能源小区智慧社区服务站_站点-能源小区智慧社区服务站,快递,2025-01-09 15:22:43,,1,,6.00,,2.32,42% - 0.2,2,1877254639719862272,极兔快递,JT0014938460297,生活用品,浙江省,
能源小区智慧社区服务站_站点-能源小区智慧社区服务站,快递,2025-01-09 15:15:18,,2,,8.00,,3.88,51% - 0.2,2,1877252773988585472,极兔快递,JT0014940355519,生活用品,福建省,
能源小区智慧社区服务站_站点-能源小区智慧社区服务站,快递,2025-01-09 14:46:16,,1,,6.00,,2.32,42% - 0.2,2,1877245466563104768,极兔快递,JT0014941460970,生活用品,广东省,
能源小区智慧社区服务站_站点-能源小区智慧社区服务站,快递,2025-01-09 14:09:20,,1,,6.00,,2.32,42% - 0.2,2,1877236171490512896,极兔快递,JT0014941999846,服饰,浙江省,
能源小区智慧社区服务站_站点-能源小区智慧社区服务站,快递,2025-01-09 13:51:53,,1,,6.00,,2.32,42% - 0.2,2,1877231778531692544,极兔快递,JT0014941729679,生活用品,陕西省,
能源小区智慧社区服务站_站点-能源小区智慧社区服务站,快递,2025-01-09 13:36:40,,1,,6.00,,2.32,42% - 0.2,2,1877227954614095872,极兔快递,JT0014935770001,服饰,广东省,
能源小区智慧社区服务站_站点-能源小区智慧社区服务站,快递,2025-01-09 13:29:23,,1,,6.00,,2.32,42% - 0.2,2,1877226106423398400,极兔快递,JT0014936324467,服饰,浙江省,
能源小区智慧社区服务站_站点-能源小区智慧社区服务站,快递,2025-01-09 13:16:00,,1,,6.00,,2.32,42% - 0.2,2,1877222753257705472,极兔快递,JT0014938430116,生活用品,浙江省,
能源小区智慧社区服务站_站点-能源小区智慧社区服务站,快递,2025-01-09 12:57:53,,1,,6.00,,2.32,42% - 0.2,2,1877218188881874944,极兔快递,JT0014940446249,服饰,浙江省,
能源小区智慧社区服务站_站点-能源小区智慧社区服务站,快递,2025-01-09 11:07:58,,1,,6.00,,2.32,42% - 0.2,2,1877190527098867712,极兔快递,JT0014938914210,服饰,浙江省,
能源小区智慧社区服务站_站点-能源小区智慧社区服务站,快递,2025-01-09 10:39:06,,6,,18.00,,8.80,50% - 0.2,2,1877183261964554240,极兔快递,JT0014938361164,服饰,陕西省,
能源小区智慧社区服务站_站点-能源小区智慧社区服务站,快递,2025-01-09 10:36:51,,6,,18.00,,8.80,50% - 0.2,2,1877182701781700608,极兔快递,JT0014938977857,服饰,陕西省,
能源小区智慧社区服务站_站点-能源小区智慧社区服务站,快递,2025-01-09 10:32:53,,5,,15.00,,7.30,50% - 0.2,2,1877181658389860352,极兔快递,JT0014938563682,生鲜类,江西省,
能源小区智慧社区服务站_站点-能源小区智慧社区服务站,快递,2025-01-09 10:30:45,,1,,6.00,,2.32,42% - 0.2,2,1877181163361325056,极兔快递,JT0014939013348,服饰,江苏省,
能源小区智慧社区服务站_站点-能源小区智慧社区服务站,快递,2025-01-09 10:04:02,,1,,6.00,,2.32,42% - 0.2,2,1877174298862735360,极兔快递,JT0014937182640,服饰,广东省,
能源小区智慧社区服务站_站点-能源小区智慧社区服务站,快递,2025-01-08 21:04:52,,1,,6.00,,2.32,42% - 0.2,2,1876978358340079616,极兔快递,JT0014934607608,服饰,河南省,
能源小区智慧社区服务站_站点-能源小区智慧社区服务站,干洗,2025-01-08 20:57:41,,,,49.00,,14.70,30%,,1876976524699422720,干洗,,"清洗普通羽绒服2件不分长短49元   *   1
清洗普通羽绒服2件不分长短49元   *   1",,
能源小区智慧社区服务站_站点-能源小区智慧社区服务站,快递,2025-01-08 20:55:37,,1,,6.00,,2.32,42% - 0.2,2,1876976018258186240,极兔快递,JT0014933261793,服饰,浙江省,
能源小区智慧社区服务站_站点-能源小区智慧社区服务站,快递,2025-01-08 20:55:01,,1,,6.00,,2.32,42% - 0.2,2,1876975871226859520,极兔快递,JT0014934904503,服饰,河南省,
能源小区智慧社区服务站_站点-能源小区智慧社区服务站,快递,2025-01-08 20:54:17,,1,,6.00,,2.32,42% - 0.2,2,1876975696311799808,极兔快递,JT0014934958148,服饰,浙江省,
能源小区智慧社区服务站_站点-能源小区智慧社区服务站,快递,2025-01-08 20:09:05,,3,,10.00,,5.30,55% - 0.2,2,1876964317261516800,极兔快递,JT0014931060618,生活用品,福建省,
能源小区智慧社区服务站_站点-能源小区智慧社区服务站,快递,2025-01-08 20:03:20,,1,,6.00,,2.32,42% - 0.2,2,1876962843710246912,韵达快递,312603685195643,服饰,浙江省,
能源小区智慧社区服务站_站点-能源小区智慧社区服务站,快递,2025-01-08 20:02:26,,1,,6.00,,2.32,42% - 0.2,2,1876962636108976128,韵达快递,312603684553826,服饰,广东省,
能源小区智慧社区服务站_站点-能源小区智慧社区服务站,快递,2025-01-08 20:01:37,2025-01-08 20:02:03,1,,6.00,,0.00,,2,1876962415731855360,极兔快递,JT0014931789875,服饰,广东省,已全额退款
能源小区智慧社区服务站_站点-能源小区智慧社区服务站,快递,2025-01-08 19:59:04,,1,,6.00,,2.32,42% - 0.2,2,1876961784677847040,极兔快递,JT0014933606460,易碎品,广西壮族自治区,
能源小区智慧社区服务站_站点-能源小区智慧社区服务站,快递,2025-01-08 19:58:21,,1,,6.00,,2.32,42% - 0.2,2,1876961572337012736,极兔快递,JT0014929803861,生活用品,天津市,
能源小区智慧社区服务站_站点-能源小区智慧社区服务站,快递,2025-01-08 19:41:24,,1,,6.00,,2.32,42% - 0.2,2,1876955233158221824,极兔快递,JT0014932186479,服饰,广东省,
能源小区智慧社区服务站_站点-能源小区智慧社区服务站,快递,2025-01-08 19:39:22,,1,,6.00,,2.32,42% - 0.2,2,1876956836003106816,极兔快递,JT0014925081647,服饰,湖南省,
能源小区智慧社区服务站_站点-能源小区智慧社区服务站,快递,2025-01-08 19:10:33,,2,,8.00,,3.88,51% - 0.2,2,1876949589839630336,极兔快递,JT0014932716676,生活用品,广东省,
能源小区智慧社区服务站_站点-能源小区智慧社区服务站,快递,2025-01-08 19:07:21,,1,,6.00,,2.32,42% - 0.2,2,1876948786617831424,极兔快递,JT0014932547558,生活用品,山东省,
能源小区智慧社区服务站_站点-能源小区智慧社区服务站,快递,2025-01-08 19:00:43,,1,,6.00,,2.32,42% - 0.2,2,1876947105561759744,极兔快递,JT0014929080960,服饰,广东省,
能源小区智慧社区服务站_站点-能源小区智慧社区服务站,快递,2025-01-08 18:59:55,,1,,6.00,,2.32,42% - 0.2,2,1876946913378750464,极兔快递,JT0014931192391,服饰,广东省,
能源小区智慧社区服务站_站点-能源小区智慧社区服务站,快递,2025-01-08 18:56:28,,1,,6.00,,2.32,42% - 0.2,2,1876946042796429312,极兔快递,JT0014930800825,生活用品,广东省,
能源小区智慧社区服务站_站点-能源小区智慧社区服务站,快递,2025-01-08 18:53:49,,1,,6.00,,2.32,42% - 0.2,2,1876945376266997760,极兔快递,JT0014927649811,服饰,广东省,
能源小区智慧社区服务站_站点-能源小区智慧社区服务站,快递,2025-01-08 18:52:05,,1,,6.00,,2.32,42% - 0.2,2,1876944942286557184,极兔快递,JT0014928089744,服饰,浙江省,
能源小区智慧社区服务站_站点-能源小区智慧社区服务站,快递,2025-01-08 18:50:08,,1,,6.00,,2.32,42% - 0.2,2,1876944452970663936,极兔快递,JT0014932491255,服饰,广东省,
能源小区智慧社区服务站_站点-能源小区智慧社区服务站,快递,2025-01-08 18:44:47,,1,,6.00,,2.32,42% - 0.2,2,1876943106032848896,极兔快递,JT0014932561856,服饰,浙江省,
能源小区智慧社区服务站_站点-能源小区智慧社区服务站,快递,2025-01-08 18:31:22,,2,,8.00,,3.88,51% - 0.2,2,1876939727483228160,极兔快递,JT0014932239053,服饰,浙江省,
能源小区智慧社区服务站_站点-能源小区智慧社区服务站,快递,2025-01-08 18:26:56,,1,,6.00,,2.32,42% - 0.2,2,1876938606500958208,极兔快递,JT0014932142129,服饰,广东省,
能源小区智慧社区服务站_站点-能源小区智慧社区服务站,快递,2025-01-08 18:20:51,,1,,6.00,,2.32,42% - 0.2,2,1876937029245521920,极兔快递,JT0014923712547,服饰,河南省,
能源小区智慧社区服务站_站点-能源小区智慧社区服务站,快递,2025-01-08 18:01:57,,1,,6.00,,2.32,42% - 0.2,2,1876932325904011264,极兔快递,JT0014933118703,生活用品,广东省,
能源小区智慧社区服务站_站点-能源小区智慧社区服务站,快递,2025-01-08 16:47:10,,1,,6.00,,2.32,42% - 0.2,2,1876913506774994944,极兔快递,JT0014930875533,服饰,广东省,
能源小区智慧社区服务站_站点-能源小区智慧社区服务站,快递,2025-01-08 16:45:57,,1,,6.00,,2.32,42% - 0.2,2,1876913201270280192,极兔快递,JT0014930206081,服饰,广东省,
能源小区智慧社区服务站_站点-能源小区智慧社区服务站,快递,2025-01-08 16:44:23,,1,,6.00,,2.32,42% - 0.2,2,1876912805529309184,极兔快递,JT0014924638144,服饰,广东省,
能源小区智慧社区服务站_站点-能源小区智慧社区服务站,快递,2025-01-08 16:36:38,,2,,8.00,,3.88,51% - 0.2,2,1876910847355572224,极兔快递,JT0014927491122,生活用品,浙江省,
能源小区智慧社区服务站_站点-能源小区智慧社区服务站,快递,2025-01-08 16:36:14,,2,,8.00,,3.88,51% - 0.2,2,1876910753520603136,极兔快递,JT0014929966530,生活用品,浙江省,
能源小区智慧社区服务站_站点-能源小区智慧社区服务站,快递,2025-01-08 16:34:56,,2,,8.00,,3.88,51% - 0.2,2,1876910426226479104,极兔快递,JT0014930102197,生活用品,浙江省,
能源小区智慧社区服务站_站点-能源小区智慧社区服务站,快递,2025-01-08 16:33:42,,2,,8.00,,3.88,51% - 0.2,2,1876910116791701504,极兔快递,JT0014925829401,生活用品,浙江省,
能源小区智慧社区服务站_站点-能源小区智慧社区服务站,快递,2025-01-08 16:31:21,,2,,8.00,,3.88,51% - 0.2,2,1876909521447997440,极兔快递,JT0014929116499,服饰,浙江省,
能源小区智慧社区服务站_站点-能源小区智慧社区服务站,快递,2025-01-08 16:20:58,,1,,6.00,,2.32,42% - 0.2,2,1876906912427331584,极兔快递,JT0014929978267,服饰,浙江省,
能源小区智慧社区服务站_站点-能源小区智慧社区服务站,快递,2025-01-08 15:57:09,,1,,6.00,,2.32,42% - 0.2,2,1876900911036813312,极兔快递,JT0014929471842,服饰,福建省,
能源小区智慧社区服务站_站点-能源小区智慧社区服务站,快递,2025-01-08 15:56:03,,2,,8.00,,3.88,51% - 0.2,2,1876900638222503936,极兔快递,JT0014929763941,服饰,浙江省,
能源小区智慧社区服务站_站点-能源小区智慧社区服务站,快递,2025-01-08 15:46:30,,1,,6.00,,2.32,42% - 0.2,2,1876898237507751936,极兔快递,JT0014924774646,服饰,浙江省,
能源小区智慧社区服务站_站点-能源小区智慧社区服务站,快递,2025-01-08 15:26:25,,1,,6.00,,2.32,42% - 0.2,2,1876893183597924352,极兔快递,JT0014924276000,服饰,江苏省,
能源小区智慧社区服务站_站点-能源小区智慧社区服务站,快递,2025-01-08 15:24:45,,1,,6.00,,2.32,42% - 0.2,2,1876892752624799744,极兔快递,JT0014927200182,服饰,湖南省,
能源小区智慧社区服务站_站点-能源小区智慧社区服务站,快递,2025-01-08 14:58:18,,3,,10.00,,5.30,55% - 0.2,2,1876886105022058496,极兔快递,JT0014927016667,生活用品,湖南省,
能源小区智慧社区服务站_站点-能源小区智慧社区服务站,快递,2025-01-08 14:42:59,,1,,6.00,,2.32,42% - 0.2,2,1876882248778960896,极兔快递,JT0014926996344,服饰,四川省,
能源小区智慧社区服务站_站点-能源小区智慧社区服务站,快递,2025-01-08 14:42:20,,1,,6.00,,2.32,42% - 0.2,2,1876882088900481024,极兔快递,JT0014927287427,服饰,浙江省,
能源小区智慧社区服务站_站点-能源小区智慧社区服务站,快递,2025-01-08 14:33:42,,1,,6.00,,2.32,42% - 0.2,2,1876879911960236032,极兔快递,JT0014926229496,服饰,浙江省,
能源小区智慧社区服务站_站点-能源小区智慧社区服务站,快递,2025-01-08 13:45:59,,1,,6.00,,2.32,42% - 0.2,2,1876867908805906432,极兔快递,JT0014925516889,生活用品,云南省,
能源小区智慧社区服务站_站点-能源小区智慧社区服务站,快递,2025-01-08 13:44:09,,1,,6.00,,2.32,42% - 0.2,2,1876867449219239936,极兔快递,JT0014917271894,生活用品,江苏省,
能源小区智慧社区服务站_站点-能源小区智慧社区服务站,快递,2025-01-08 13:37:55,,2,,8.00,,3.88,51% - 0.2,2,1876865872681029632,极兔快递,JT0014924516928,生活用品,河北省,
能源小区智慧社区服务站_站点-能源小区智慧社区服务站,快递,2025-01-08 12:52:29,,1,,6.00,,2.32,42% - 0.2,2,1876854447505985536,极兔快递,JT0014923462240,生活用品,陕西省,
能源小区智慧社区服务站_站点-能源小区智慧社区服务站,快递,2025-01-08 12:13:56,,1,,7.00,,1.94,42%,2,1876844743794937856,极兔快递,JT0014923223375,液体,上海市,
能源小区智慧社区服务站_站点-能源小区智慧社区服务站,快递,2025-01-08 12:12:58,,1,,6.00,,2.32,42% - 0.2,2,1876844499296374784,极兔快递,JT0014924712364,生活用品,浙江省,
能源小区智慧社区服务站_站点-能源小区智慧社区服务站,快递,2025-01-08 12:04:48,,1,,6.00,,2.32,42% - 0.2,2,1876842443428909056,极兔快递,JT0014921714267,服饰,浙江省,
能源小区智慧社区服务站_站点-能源小区智慧社区服务站,快递,2025-01-08 11:01:09,,2,,8.00,,3.88,51% - 0.2,2,1876826428364083200,极兔快递,JT0014919988774,生活用品,福建省,
能源小区智慧社区服务站_站点-能源小区智慧社区服务站,快递,2025-01-08 10:55:16,,2,,8.00,,3.88,51% - 0.2,2,1876824947212734464,极兔快递,JT0014918681952,服饰,浙江省,
能源小区智慧社区服务站_站点-能源小区智慧社区服务站,快递,2025-01-08 10:43:23,,1,,6.00,,2.32,42% - 0.2,2,1876821954652327936,极兔快递,JT0014922508519,生活用品,浙江省,
能源小区智慧社区服务站_站点-能源小区智慧社区服务站,快递,2025-01-08 10:22:51,,1,,6.00,,2.32,42% - 0.2,2,1876816785642409984,极兔快递,JT0014913160862,服饰,广东省,
能源小区智慧社区服务站_站点-能源小区智慧社区服务站,快递,2025-01-08 10:22:15,,1,,6.00,,2.32,42% - 0.2,2,1876816634072846336,极兔快递,JT0014922204177,服饰,广东省,
能源小区智慧社区服务站_站点-能源小区智慧社区服务站,快递,2025-01-08 10:21:32,,1,,6.00,,2.32,42% - 0.2,2,1876816456796393472,极兔快递,JT0014921928340,服饰,广东省,
能源小区智慧社区服务站_站点-能源小区智慧社区服务站,快递,2025-01-08 10:20:14,,1,,6.00,,2.32,42% - 0.2,2,1876816126926966784,极兔快递,JT0014922863306,服饰,河南省,
能源小区智慧社区服务站_站点-能源小区智慧社区服务站,快递,2025-01-08 10:19:41,,1,,6.00,,2.32,42% - 0.2,2,1876815991090237440,极兔快递,JT0014919654539,服饰,广东省,
能源小区智慧社区服务站_站点-能源小区智慧社区服务站,快递,2025-01-08 10:06:10,,1,,6.00,,2.32,42% - 0.2,2,1876812582937219072,极兔快递,JT0014920036342,服饰,江苏省,
能源小区智慧社区服务站_站点-能源小区智慧社区服务站,快递,2025-01-08 10:05:26,,1,,6.00,,2.32,42% - 0.2,2,1876812402192076800,极兔快递,JT0014916005156,服饰,广东省,
能源小区智慧社区服务站_站点-能源小区智慧社区服务站,快递,2025-01-08 10:04:33,,1,,6.00,,2.32,42% - 0.2,2,1876812181659766784,极兔快递,JT0014918527178,服饰,广东省,
能源小区智慧社区服务站_站点-能源小区智慧社区服务站,快递,2025-01-07 20:49:50,,1,,6.00,,2.32,42% - 0.2,2,1876612177796059136,极兔快递,JT0014919534155,服饰,广东省,
能源小区智慧社区服务站_站点-能源小区智慧社区服务站,快递,2025-01-07 20:49:14,,1,,6.00,,2.32,42% - 0.2,2,1876612029665824768,极兔快递,JT0014919284636,服饰,广东省,
能源小区智慧社区服务站_站点-能源小区智慧社区服务站,快递,2025-01-07 20:48:34,,1,,6.00,,2.32,42% - 0.2,2,1876611861096747008,极兔快递,JT0014920119491,生活用品,广东省,
能源小区智慧社区服务站_站点-能源小区智慧社区服务站,快递,2025-01-07 20:47:46,,1,,6.00,,2.32,42% - 0.2,2,1876611664039956480,极兔快递,JT0014918803372,服饰,广东省,
能源小区智慧社区服务站_站点-能源小区智慧社区服务站,快递,2025-01-07 19:36:40,,1,,6.00,,2.32,42% - 0.2,2,1876593769578811392,极兔快递,JT0014918672022,服饰,浙江省,
能源小区智慧社区服务站_站点-能源小区智慧社区服务站,快递,2025-01-07 19:26:10,,1,,6.00,,2.32,42% - 0.2,2,1876591125082722304,极兔快递,JT0014918654390,服饰,浙江省,
能源小区智慧社区服务站_站点-能源小区智慧社区服务站,快递,2025-01-07 19:25:27,,1,,6.00,,2.32,42% - 0.2,2,1876590943809097728,极兔快递,JT0014918682951,服饰,河南省,
能源小区智慧社区服务站_站点-能源小区智慧社区服务站,快递,2025-01-07 19:24:49,,1,,6.00,,2.32,42% - 0.2,2,1876590791845269504,极兔快递,JT0014895714766,生活用品,山东省,
能源小区智慧社区服务站_站点-能源小区智慧社区服务站,快递,2025-01-07 19:17:40,,1,,6.00,,2.32,42% - 0.2,2,1876588783243415552,极兔快递,JT0014916080365,服饰,浙江省,
能源小区智慧社区服务站_站点-能源小区智慧社区服务站,快递,2025-01-07 19:11:37,,7,,21.00,,10.30,50% - 0.2,2,1876587460112470016,极兔快递,JT0014918064247,生活用品,湖北省,
能源小区智慧社区服务站_站点-能源小区智慧社区服务站,快递,2025-01-07 19:08:13,,1,,6.00,,2.32,42% - 0.2,2,1876586591832821760,极兔快递,JT0014905949907,服饰,广东省,
能源小区智慧社区服务站_站点-能源小区智慧社区服务站,快递,2025-01-07 19:07:12,,1,,6.00,,2.32,42% - 0.2,2,1876586350157025280,极兔快递,JT0014918570542,服饰,广东省,
能源小区智慧社区服务站_站点-能源小区智慧社区服务站,快递,2025-01-07 19:06:03,,1,,6.00,,2.32,42% - 0.2,2,1876586053586178048,极兔快递,JT0014910822103,服饰,广东省,
能源小区智慧社区服务站_站点-能源小区智慧社区服务站,快递,2025-01-07 19:04:58,,1,,6.00,,2.32,42% - 0.2,2,1876585789512798208,极兔快递,JT0014918650394,生活用品,浙江省,
能源小区智慧社区服务站_站点-能源小区智慧社区服务站,快递,2025-01-07 19:03:41,,1,,6.00,,2.32,42% - 0.2,2,1876585473924976640,极兔快递,JT0014894697078,服饰,广东省,
能源小区智慧社区服务站_站点-能源小区智慧社区服务站,快递,2025-01-07 19:02:37,,1,,6.00,,2.32,42% - 0.2,2,1876585202910023680,极兔快递,JT0014908013093,服饰,福建省,
能源小区智慧社区服务站_站点-能源小区智慧社区服务站,快递,2025-01-07 19:00:43,,3,,10.00,,5.30,55% - 0.2,2,1876584709215277056,极兔快递,JT0014913067133,服饰,广东省,
能源小区智慧社区服务站_站点-能源小区智慧社区服务站,快递,2025-01-07 18:59:45,,2,,8.00,,3.88,51% - 0.2,2,1876584482961936384,极兔快递,JT0014916957883,服饰,广东省,
能源小区智慧社区服务站_站点-能源小区智慧社区服务站,快递,2025-01-07 18:56:24,,1,,6.00,,2.32,42% - 0.2,2,1876583638942142464,韵达快递,312602914279478,服饰,山东省,
能源小区智慧社区服务站_站点-能源小区智慧社区服务站,快递,2025-01-07 18:54:41,,1,,6.00,,2.32,42% - 0.2,2,1876583198343090176,极兔快递,JT0014917864644,生活用品,浙江省,
能源小区智慧社区服务站_站点-能源小区智慧社区服务站,快递,2025-01-07 18:53:49,,1,,6.00,,2.32,42% - 0.2,2,1876582987319267328,极兔快递,JT0014917597220,服饰,江苏省,
能源小区智慧社区服务站_站点-能源小区智慧社区服务站,快递,2025-01-07 18:49:24,,1,,6.00,,2.32,42% - 0.2,2,1876581875648352256,极兔快递,JT0014917986254,生活用品,浙江省,
能源小区智慧社区服务站_站点-能源小区智慧社区服务站,快递,2025-01-07 18:47:46,,1,,6.00,,2.32,42% - 0.2,2,1876581452103340032,极兔快递,JT0014914150194,生活用品,浙江省,
能源小区智慧社区服务站_站点-能源小区智慧社区服务站,快递,2025-01-07 18:45:32,,1,,7.00,,1.94,42%,2,1876580859322355712,极兔快递,JT0014914590388,生活用品,上海市,
能源小区智慧社区服务站_站点-能源小区智慧社区服务站,快递,2025-01-07 18:44:29,,1,,6.00,,2.32,42% - 0.2,2,1876580641751224320,极兔快递,JT0014917689037,生活用品,浙江省,
能源小区智慧社区服务站_站点-能源小区智慧社区服务站,快递,2025-01-07 18:42:55,,1,,6.00,,2.32,42% - 0.2,2,1876580233511227392,极兔快递,JT0014918059141,生活用品,浙江省,
能源小区智慧社区服务站_站点-能源小区智慧社区服务站,快递,2025-01-07 18:40:41,,1,,6.00,,2.32,42% - 0.2,2,1876579681490489344,极兔快递,JT0014917339752,服饰,浙江省,
能源小区智慧社区服务站_站点-能源小区智慧社区服务站,快递,2025-01-07 18:38:57,,1,,6.00,,2.32,42% - 0.2,2,1876579245643583488,极兔快递,JT0014916830128,生活用品,浙江省,
能源小区智慧社区服务站_站点-能源小区智慧社区服务站,快递,2025-01-07 18:36:07,,1,,6.00,,2.32,42% - 0.2,2,1876578513271967744,极兔快递,JT0014915454175,服饰,浙江省,
能源小区智慧社区服务站_站点-能源小区智慧社区服务站,快递,2025-01-07 18:34:21,2025-01-07 18:35:10,1,,6.00,,0.00,,2,1876578089647263744,极兔快递,JT0014917996405,服饰,浙江省,已全额退款
能源小区智慧社区服务站_站点-能源小区智慧社区服务站,快递,2025-01-07 18:28:46,,4,,12.00,,5.80,50% - 0.2,2,1876576683540402176,极兔快递,JT0014915704150,生活用品,湖北省,
能源小区智慧社区服务站_站点-能源小区智慧社区服务站,快递,2025-01-07 18:14:17,,2,,8.00,,3.88,51% - 0.2,2,1876573038719586304,极兔快递,JT0014911317146,服饰,江苏省,
能源小区智慧社区服务站_站点-能源小区智慧社区服务站,快递,2025-01-07 18:07:57,,1,,6.00,,2.32,42% - 0.2,2,1876571448520527872,极兔快递,JT0014917548680,服饰,广东省,
能源小区智慧社区服务站_站点-能源小区智慧社区服务站,快递,2025-01-07 17:58:18,2025-01-07 18:00:33,1,,6.00,,0.00,,2,1876569019578109952,极兔快递,JT0014915999396,服饰,浙江省,已全额退款
能源小区智慧社区服务站_站点-能源小区智慧社区服务站,快递,2025-01-07 17:59:58,,1,,6.00,,2.32,42% - 0.2,2,1876569430070448128,极兔快递,JT0014913155450,服饰,浙江省,
能源小区智慧社区服务站_站点-能源小区智慧社区服务站,快递,2025-01-07 17:58:55,,1,,6.00,,2.32,42% - 0.2,2,1876569164357095424,极兔快递,JT0014917507059,服饰,广东省,
能源小区智慧社区服务站_站点-能源小区智慧社区服务站,快递,2025-01-07 17:55:51,,1,,6.00,,2.32,42% - 0.2,2,1876568401635495936,极兔快递,JT0014916590222,服饰,浙江省,
能源小区智慧社区服务站_站点-能源小区智慧社区服务站,快递,2025-01-07 17:54:40,,1,,6.00,,2.32,42% - 0.2,2,1876568104158679040,极兔快递,JT0014895045154,服饰,广东省,
能源小区智慧社区服务站_站点-能源小区智慧社区服务站,快递,2025-01-07 17:53:00,,1,,6.00,,2.32,42% - 0.2,2,1876567686267588608,极兔快递,JT0014913724002,生活用品,广东省,
能源小区智慧社区服务站_站点-能源小区智慧社区服务站,快递,2025-01-07 17:51:57,,1,,6.00,,2.32,42% - 0.2,2,1876567418238980096,极兔快递,JT0014915954231,生活用品,广东省,
能源小区智慧社区服务站_站点-能源小区智慧社区服务站,快递,2025-01-07 17:47:09,,1,,7.00,,1.94,42%,2,1876566211952955392,极兔快递,JT0014916895591,服饰,上海市,
能源小区智慧社区服务站_站点-能源小区智慧社区服务站,快递,2025-01-07 17:26:52,,3,,10.00,,5.30,55% - 0.2,2,1876561106331553792,极兔快递,JT0014911404114,生活用品,辽宁省,
能源小区智慧社区服务站_站点-能源小区智慧社区服务站,快递,2025-01-07 17:23:51,,1,,6.00,,2.32,42% - 0.2,2,1876560340451643392,极兔快递,JT0014916924633,生活用品,河北省,
能源小区智慧社区服务站_站点-能源小区智慧社区服务站,快递,2025-01-07 16:53:15,,1,,6.00,,2.32,42% - 0.2,2,1876552645887709184,极兔快递,JT0014906799071,服饰,黑龙江省,
能源小区智慧社区服务站_站点-能源小区智慧社区服务站,快递,2025-01-07 16:26:04,,1,,6.00,,2.32,42% - 0.2,2,1876545808173944832,极兔快递,JT0014915495334,服饰,浙江省,
能源小区智慧社区服务站_站点-能源小区智慧社区服务站,快递,2025-01-07 16:24:45,,1,,6.00,,2.32,42% - 0.2,2,1876545469551005696,极兔快递,JT0014907080582,生活用品,河南省,
能源小区智慧社区服务站_站点-能源小区智慧社区服务站,快递,2025-01-07 16:12:02,,1,,6.00,,2.32,42% - 0.2,2,1876542278096703488,极兔快递,JT0014915590399,服饰,江苏省,
能源小区智慧社区服务站_站点-能源小区智慧社区服务站,快递,2025-01-07 16:10:04,,1,,6.00,,2.32,42% - 0.2,2,1876541784557146112,极兔快递,JT0014915830817,服饰,浙江省,
能源小区智慧社区服务站_站点-能源小区智慧社区服务站,快递,2025-01-07 16:08:43,,1,,6.00,,2.32,42% - 0.2,2,1876541422873923584,极兔快递,JT0014913518459,服饰,湖北省,
能源小区智慧社区服务站_站点-能源小区智慧社区服务站,快递,2025-01-07 15:49:02,,1,,6.00,,2.32,42% - 0.2,2,1876536483699281920,极兔快递,JT0014906707874,服饰,湖北省,
能源小区智慧社区服务站_站点-能源小区智慧社区服务站,快递,2025-01-07 15:47:40,,1,,6.00,,2.32,42% - 0.2,2,1876536140605214720,极兔快递,JT0014911235802,生活用品,山东省,
能源小区智慧社区服务站_站点-能源小区智慧社区服务站,快递,2025-01-07 15:45:11,,1,,6.00,,2.32,42% - 0.2,2,1876535522821984256,极兔快递,JT0014914179347,服饰,浙江省,
能源小区智慧社区服务站_站点-能源小区智慧社区服务站,快递,2025-01-07 15:43:12,,1,,6.00,,2.32,42% - 0.2,2,1876535007874699264,极兔快递,JT0014914158724,服饰,浙江省,
能源小区智慧社区服务站_站点-能源小区智慧社区服务站,快递,2025-01-07 15:34:32,,1,,6.00,,2.32,42% - 0.2,2,1876532839390171136,极兔快递,JT0014912115445,数码产品,陕西省,
能源小区智慧社区服务站_站点-能源小区智慧社区服务站,快递,2025-01-07 15:19:37,,1,,6.00,,2.32,42% - 0.2,2,1876529085139963904,极兔快递,JT0014909819472,服饰,湖北省,
能源小区智慧社区服务站_站点-能源小区智慧社区服务站,快递,2025-01-07 14:48:02,,3,,10.00,,5.30,55% - 0.2,2,1876521134576685056,极兔快递,JT0014912693439,生活用品,江西省,
能源小区智慧社区服务站_站点-能源小区智慧社区服务站,快递,2025-01-07 14:17:00,,1,,6.00,,2.32,42% - 0.2,2,1876513320030490624,极兔快递,JT0014910561290,服饰,贵州省,
能源小区智慧社区服务站_站点-能源小区智慧社区服务站,快递,2025-01-07 13:34:46,,2,,8.00,,3.88,51% - 0.2,2,1876502685079097344,极兔快递,JT0014910805286,生活用品,浙江省,
能源小区智慧社区服务站_站点-能源小区智慧社区服务站,快递,2025-01-07 13:32:47,,1,,6.00,,2.32,42% - 0.2,2,1876502200259497984,极兔快递,JT0014909259238,服饰,河南省,
能源小区智慧社区服务站_站点-能源小区智慧社区服务站,快递,2025-01-07 13:30:49,,1,,6.00,,2.32,42% - 0.2,2,1876501703704236032,极兔快递,JT0014907301985,服饰,山东省,
能源小区智慧社区服务站_站点-能源小区智慧社区服务站,快递,2025-01-07 13:25:41,,1,,6.00,,2.32,42% - 0.2,2,1876500410008915968,极兔快递,JT0014910895963,生活用品,浙江省,
能源小区智慧社区服务站_站点-能源小区智慧社区服务站,快递,2025-01-07 13:01:22,,1,,6.00,,2.32,42% - 0.2,2,1876494285947588608,极兔快递,JT0014877896344,服饰,广东省,
能源小区智慧社区服务站_站点-能源小区智慧社区服务站,快递,2025-01-07 13:00:28,,1,,6.00,,2.32,42% - 0.2,2,1876494066178641920,极兔快递,JT0014910494424,服饰,广东省,
能源小区智慧社区服务站_站点-能源小区智慧社区服务站,快递,2025-01-07 12:26:05,,1,,6.00,,2.32,42% - 0.2,2,1876485413665034240,极兔快递,JT0014910963994,生活用品,湖北省,
能源小区智慧社区服务站_站点-能源小区智慧社区服务站,快递,2025-01-07 12:24:52,,1,,6.00,,2.32,42% - 0.2,2,1876485110798536704,极兔快递,JT0014908753073,生活用品,陕西省,
能源小区智慧社区服务站_站点-能源小区智慧社区服务站,快递,2025-01-07 11:59:48,,1,,6.00,,2.32,42% - 0.2,2,1876478802082975744,极兔快递,JT0014910059091,服饰,浙江省,
能源小区智慧社区服务站_站点-能源小区智慧社区服务站,快递,2025-01-07 11:28:57,,1,,6.00,,2.32,42% - 0.2,2,1876471039021862912,极兔快递,JT0014902364005,服饰,湖北省,
能源小区智慧社区服务站_站点-能源小区智慧社区服务站,快递,2025-01-07 11:13:30,,1,,6.00,,2.32,42% - 0.2,2,1876467147093626880,极兔快递,JT0014906777287,服饰,广东省,
能源小区智慧社区服务站_站点-能源小区智慧社区服务站,快递,2025-01-07 10:58:37,2025-01-07 10:58:59,1,,6.00,,0.00,,2,1876463402637119488,极兔快递,,服饰,广东省,已全额退款
能源小区智慧社区服务站_站点-能源小区智慧社区服务站,快递,2025-01-07 10:57:17,,1,,6.00,,2.32,42% - 0.2,2,1876463047912247296,极兔快递,JT0014907350419,服饰,广东省,
能源小区智慧社区服务站_站点-能源小区智慧社区服务站,快递,2025-01-07 10:54:43,,1,,6.00,,2.32,42% - 0.2,2,1876462422331805696,极兔快递,JT0014908888925,服饰,辽宁省,
能源小区智慧社区服务站_站点-能源小区智慧社区服务站,快递,2025-01-07 10:53:26,,1,,6.00,,2.32,42% - 0.2,2,1876462097055141888,极兔快递,JT0014901603985,服饰,辽宁省,
能源小区智慧社区服务站_站点-能源小区智慧社区服务站,快递,2025-01-07 10:39:49,,1,,6.00,,2.32,42% - 0.2,2,1876458671038582784,极兔快递,JT0014909117132,生活用品,浙江省,
能源小区智慧社区服务站_站点-能源小区智慧社区服务站,快递,2025-01-07 10:37:38,,1,,6.00,,2.32,42% - 0.2,2,1876458122570420224,极兔快递,JT0014908843648,生活用品,河北省,
能源小区智慧社区服务站_站点-能源小区智慧社区服务站,快递,2025-01-07 10:35:26,,1,,6.00,,2.32,42% - 0.2,2,1876457566531538944,极兔快递,JT0014896855074,服饰,广东省,
能源小区智慧社区服务站_站点-能源小区智慧社区服务站,快递,2025-01-07 10:30:32,,1,,6.00,,2.32,42% - 0.2,2,1876456335499120640,极兔快递,JT0014902429594,数码产品,广东省,
能源小区智慧社区服务站_站点-能源小区智慧社区服务站,快递,2025-01-07 10:28:36,,1,,6.00,,2.32,42% - 0.2,2,1876455846153867264,极兔快递,JT0014900520147,生活用品,浙江省,
能源小区智慧社区服务站_站点-能源小区智慧社区服务站,快递,2025-01-07 10:19:38,,1,,7.00,,1.94,42%,2,1876453588271943680,极兔快递,JT0014908014286,服饰,上海市,
能源小区智慧社区服务站_站点-能源小区智慧社区服务站,快递,2025-01-07 10:18:18,,1,,6.00,,2.32,42% - 0.2,2,1876453253994303488,极兔快递,JT0014903986948,服饰,安徽省,
能源小区智慧社区服务站_站点-能源小区智慧社区服务站,快递,2025-01-07 10:16:40,,1,,6.00,,2.32,42% - 0.2,2,1876452847574634496,极兔快递,JT0014908043368,生活用品,江西省,
能源小区智慧社区服务站_站点-能源小区智慧社区服务站,快递,2025-01-07 10:15:29,,1,,6.00,,2.32,42% - 0.2,2,1876452524453842944,极兔快递,JT0014907508608,服饰,浙江省,
能源小区智慧社区服务站_站点-能源小区智慧社区服务站,快递,2025-01-07 10:12:51,,1,,6.00,,2.32,42% - 0.2,2,1876451869571993600,极兔快递,JT0014897164639,服饰,湖南省,
能源小区智慧社区服务站_站点-能源小区智慧社区服务站,快递,2025-01-07 10:11:01,,1,,6.00,,2.32,42% - 0.2,2,1876451423558094848,极兔快递,JT0014904637601,生活用品,浙江省,
能源小区智慧社区服务站_站点-能源小区智慧社区服务站,快递,2025-01-07 10:08:33,,1,,6.00,,2.32,42% - 0.2,2,1876450796589338624,极兔快递,JT0014905772893,服饰,安徽省,
能源小区智慧社区服务站_站点-能源小区智慧社区服务站,快递,2025-01-06 20:42:35,,1,,6.00,,2.32,42% - 0.2,2,1876247971989082112,极兔快递,JT0014903942076,服饰,浙江省,
能源小区智慧社区服务站_站点-能源小区智慧社区服务站,快递,2025-01-06 20:40:58,,1,,6.00,,2.32,42% - 0.2,2,1876247556048343040,极兔快递,JT0014904282077,服饰,福建省,
能源小区智慧社区服务站_站点-能源小区智慧社区服务站,快递,2025-01-06 20:39:06,,1,,6.00,,2.32,42% - 0.2,2,1876247099158614016,极兔快递,JT0014899845878,服饰,山东省,
能源小区智慧社区服务站_站点-能源小区智慧社区服务站,快递,2025-01-06 20:36:38,,1,,6.00,,2.32,42% - 0.2,2,1876246467022475264,极兔快递,JT0014891500877,服饰,浙江省,
能源小区智慧社区服务站_站点-能源小区智慧社区服务站,快递,2025-01-06 20:35:35,,1,,6.00,,2.32,42% - 0.2,2,1876246213871063040,极兔快递,JT0014899054640,服饰,广东省,
能源小区智慧社区服务站_站点-能源小区智慧社区服务站,快递,2025-01-06 20:35:01,,2,,8.00,,3.88,51% - 0.2,2,1876246066357391360,极兔快递,JT0014900614202,服饰,山东省,
能源小区智慧社区服务站_站点-能源小区智慧社区服务站,快递,2025-01-06 19:44:18,,1,,6.00,,2.32,42% - 0.2,2,1876233303786573824,极兔快递,JT0014903422102,生活用品,浙江省,
能源小区智慧社区服务站_站点-能源小区智慧社区服务站,快递,2025-01-06 19:21:18,,1,,6.00,,2.32,42% - 0.2,2,1876227520772493312,极兔快递,JT0014898538155,生活用品,陕西省,
能源小区智慧社区服务站_站点-能源小区智慧社区服务站,干洗,2025-01-06 19:13:26,,,,22.80,,6.84,30%,,1876225531334414336,干洗,,"靴子   *   1",,
能源小区智慧社区服务站_站点-能源小区智慧社区服务站,快递,2025-01-06 19:07:14,,1,,6.00,,2.32,42% - 0.2,2,1876223980855414784,极兔快递,JT0014904113197,服饰,广东省,
能源小区智慧社区服务站_站点-能源小区智慧社区服务站,快递,2025-01-06 19:06:26,,2,,8.00,,3.88,51% - 0.2,2,1876223775124803584,极兔快递,JT0014901710205,服饰,广东省,
能源小区智慧社区服务站_站点-能源小区智慧社区服务站,快递,2025-01-06 19:05:48,,8,,24.00,,11.80,50% - 0.2,2,1876223615753834496,极兔快递,JT0014890739630,服饰,浙江省,
能源小区智慧社区服务站_站点-能源小区智慧社区服务站,快递,2025-01-06 18:21:45,,3,,10.00,,5.30,55% - 0.2,2,1876212531957514240,极兔快递,JT0014901646570,生活用品,广东省,
能源小区智慧社区服务站_站点-能源小区智慧社区服务站,快递,2025-01-06 18:13:31,,6,,18.00,,8.80,50% - 0.2,2,1876210461024108544,极兔快递,JT0014893184447,数码产品,广东省,
能源小区智慧社区服务站_站点-能源小区智慧社区服务站,快递,2025-01-06 18:04:09,,2,,8.00,,3.88,51% - 0.2,2,1876208102793461760,极兔快递,JT0014902633827,服饰,湖南省,
能源小区智慧社区服务站_站点-能源小区智慧社区服务站,快递,2025-01-06 17:59:23,,2,,8.00,,3.88,51% - 0.2,2,1876206903541284864,极兔快递,JT0014889934122,服饰,浙江省,
能源小区智慧社区服务站_站点-能源小区智慧社区服务站,快递,2025-01-06 17:57:39,,2,,8.00,,3.88,51% - 0.2,2,1876206455778361344,极兔快递,JT0014889379361,服饰,浙江省,
能源小区智慧社区服务站_站点-能源小区智慧社区服务站,快递,2025-01-06 17:49:33,,1,,6.00,,2.32,42% - 0.2,2,1876204420563648512,极兔快递,JT0014899000777,服饰,广东省,
能源小区智慧社区服务站_站点-能源小区智慧社区服务站,快递,2025-01-06 17:48:12,,7,,21.00,,10.30,50% - 0.2,2,1876204089641451520,极兔快递,JT0014900676634,生鲜类,陕西省,
能源小区智慧社区服务站_站点-能源小区智慧社区服务站,快递,2025-01-06 17:45:45,,1,,6.00,,2.32,42% - 0.2,2,1876203467252875264,极兔快递,JT0014899431725,服饰,广东省,
能源小区智慧社区服务站_站点-能源小区智慧社区服务站,快递,2025-01-06 17:45:15,,1,,6.00,,2.32,42% - 0.2,2,1876203343801925632,极兔快递,JT0014901239164,服饰,湖南省,
能源小区智慧社区服务站_站点-能源小区智慧社区服务站,快递,2025-01-06 17:07:29,,2,,8.00,,3.88,51% - 0.2,2,1876193843384598528,极兔快递,JT0014900126539,生活用品,陕西省,
能源小区智慧社区服务站_站点-能源小区智慧社区服务站,快递,2025-01-06 17:03:25,,1,,6.00,,2.32,42% - 0.2,2,1876192814714765312,极兔快递,JT0014897625234,服饰,广东省,
能源小区智慧社区服务站_站点-能源小区智慧社区服务站,快递,2025-01-06 15:35:43,,2,,8.00,,3.88,51% - 0.2,2,1876170747658022912,极兔快递,JT0014894518503,服饰,广东省,
能源小区智慧社区服务站_站点-能源小区智慧社区服务站,快递,2025-01-06 15:34:15,,1,,6.00,,2.32,42% - 0.2,2,1876170367960264704,极兔快递,JT0014896955512,服饰,湖北省,
能源小区智慧社区服务站_站点-能源小区智慧社区服务站,快递,2025-01-06 15:32:26,,2,,8.00,,3.88,51% - 0.2,2,1876169919605944320,极兔快递,JT0014883724517,服饰,浙江省,
能源小区智慧社区服务站_站点-能源小区智慧社区服务站,快递,2025-01-06 15:30:46,,1,,6.00,,2.32,42% - 0.2,2,1876169491208122368,极兔快递,JT0014892550277,生活用品,广东省,
能源小区智慧社区服务站_站点-能源小区智慧社区服务站,快递,2025-01-06 15:29:40,,1,,6.00,,2.32,42% - 0.2,2,1876169228665663488,极兔快递,JT0014898149343,服饰,广东省,
能源小区智慧社区服务站_站点-能源小区智慧社区服务站,快递,2025-01-06 14:48:32,,1,,6.00,,2.32,42% - 0.2,2,1876158832118509568,极兔快递,JT0014893594600,生活用品,浙江省,
能源小区智慧社区服务站_站点-能源小区智慧社区服务站,快递,2025-01-06 14:47:33,,1,,6.00,,2.32,42% - 0.2,2,1876158615541428224,极兔快递,JT0014890645769,生活用品,天津市,
能源小区智慧社区服务站_站点-能源小区智慧社区服务站,快递,2025-01-06 14:29:52,,1,,6.00,,2.32,42% - 0.2,2,1876154082425745408,极兔快递,JT0014891045076,生活用品,河北省,
能源小区智慧社区服务站_站点-能源小区智慧社区服务站,快递,2025-01-06 14:25:43,,2,,8.00,,3.88,51% - 0.2,2,1876153133653209088,极兔快递,JT0014896712307,生活用品,福建省,
能源小区智慧社区服务站_站点-能源小区智慧社区服务站,快递,2025-01-06 12:36:47,,1,,6.00,,2.32,42% - 0.2,2,1876125719216697344,极兔快递,JT0014895064607,生活用品,浙江省,
能源小区智慧社区服务站_站点-能源小区智慧社区服务站,快递,2025-01-06 11:54:33,,1,,6.00,,2.32,42% - 0.2,2,1876115088019206144,极兔快递,JT0014886805241,生活用品,浙江省,
能源小区智慧社区服务站_站点-能源小区智慧社区服务站,快递,2025-01-06 11:39:07,,1,,6.00,,2.32,42% - 0.2,2,1876111206073413632,极兔快递,JT0014893268651,服饰,广东省,
能源小区智慧社区服务站_站点-能源小区智慧社区服务站,快递,2025-01-06 11:25:52,,1,,6.00,,2.32,42% - 0.2,2,1876107865029259264,极兔快递,JT0014889672854,服饰,天津市,
能源小区智慧社区服务站_站点-能源小区智慧社区服务站,快递,2025-01-06 11:10:32,,3,,10.00,,5.30,55% - 0.2,2,1876104015350247424,极兔快递,JT0014892469003,服饰,浙江省,
能源小区智慧社区服务站_站点-能源小区智慧社区服务站,快递,2025-01-06 10:51:34,,1,,6.00,,2.32,42% - 0.2,2,1876099239648604160,极兔快递,JT0014890489811,生活用品,江西省,
能源小区智慧社区服务站_站点-能源小区智慧社区服务站,快递,2025-01-06 10:36:57,,13,,40.00,,19.00,50%,2,1876095537781059584,极兔快递,JT0014889381448,生鲜类,北京市,
能源小区智慧社区服务站_站点-能源小区智慧社区服务站,快递,2025-01-06 10:31:49,,10,,105.00,,20.80,19.81% - 0.2,2,1876094140004085760,极兔快递,JT0014887895801,生鲜类,新疆维吾尔自治区,
能源小区智慧社区服务站_站点-能源小区智慧社区服务站,快递,2025-01-06 10:28:38,,4,,45.00,,8.80,19.56% - 0.2,2,1876093462137450496,极兔快递,JT0014893068447,生鲜类,新疆维吾尔自治区,
能源小区智慧社区服务站_站点-能源小区智慧社区服务站,快递,2025-01-06 10:06:49,,1,,6.00,,2.32,42% - 0.2,2,1876087972766593024,极兔快递,JT0014890878551,服饰,广东省,
能源小区智慧社区服务站_站点-能源小区智慧社区服务站,快递,2025-01-06 09:56:23,,1,,6.00,,2.32,42% - 0.2,2,1876085355067912192,极兔快递,JT0014883928455,服饰,广东省,
能源小区智慧社区服务站_站点-能源小区智慧社区服务站,快递,2025-01-06 09:53:56,,1,,6.00,,2.32,42% - 0.2,2,1876084721719619584,极兔快递,JT0014890978111,服饰,广东省,
能源小区智慧社区服务站_站点-能源小区智慧社区服务站,快递,2025-01-05 20:49:39,,5,,15.00,,7.30,50% - 0.2,2,1875887363538989056,极兔快递,JT0014889707462,生活用品,江苏省,
能源小区智慧社区服务站_站点-能源小区智慧社区服务站,快递,2025-01-05 20:40:44,,2,,8.00,,3.88,51% - 0.2,2,1875885103647993856,极兔快递,JT0014889226337,生活用品,浙江省,
能源小区智慧社区服务站_站点-能源小区智慧社区服务站,快递,2025-01-05 20:34:38,,1,,6.00,,2.32,42% - 0.2,2,1875883587369349120,极兔快递,JT0014888073948,生活用品,福建省,
能源小区智慧社区服务站_站点-能源小区智慧社区服务站,快递,2025-01-05 20:22:09,,6,,18.00,,8.80,50% - 0.2,2,1875880421739376640,极兔快递,JT0014889457743,生鲜类,陕西省,
能源小区智慧社区服务站_站点-能源小区智慧社区服务站,快递,2025-01-05 19:36:08,,3,,10.00,,5.30,55% - 0.2,2,1875868867824365568,极兔快递,JT0014887731733,生活用品,河北省,
能源小区智慧社区服务站_站点-能源小区智慧社区服务站,快递,2025-01-05 19:35:02,,1,,6.00,,2.32,42% - 0.2,2,1875868584847257600,极兔快递,JT0014887676900,生活用品,浙江省,
能源小区智慧社区服务站_站点-能源小区智慧社区服务站,快递,2025-01-05 19:08:44,,1,,6.00,,2.32,42% - 0.2,2,1875861961483399168,极兔快递,JT0014887556054,服饰,山东省,
能源小区智慧社区服务站_站点-能源小区智慧社区服务站,快递,2025-01-05 19:07:04,,1,,7.00,,1.94,42%,2,1875861544359866368,极兔快递,JT0014888316657,服饰,上海市,
能源小区智慧社区服务站_站点-能源小区智慧社区服务站,快递,2025-01-05 18:40:58,,1,,6.00,,2.32,42% - 0.2,2,1875854982098628608,极兔快递,JT0014885692978,服饰,广东省,
能源小区智慧社区服务站_站点-能源小区智慧社区服务站,快递,2025-01-05 18:38:01,,1,,6.00,,2.32,42% - 0.2,2,1875854239039926272,极兔快递,JT0014885635713,生活用品,安徽省,
能源小区智慧社区服务站_站点-能源小区智慧社区服务站,快递,2025-01-05 18:06:32,,1,,6.00,,2.32,42% - 0.2,2,1875846318369452032,极兔快递,JT0014882858821,服饰,广东省,
能源小区智慧社区服务站_站点-能源小区智慧社区服务站,快递,2025-01-05 17:53:35,,1,,6.00,,2.32,42% - 0.2,2,1875843052986347520,极兔快递,JT0014883676966,服饰,浙江省,
能源小区智慧社区服务站_站点-能源小区智慧社区服务站,快递,2025-01-05 17:52:51,,1,,6.00,,2.32,42% - 0.2,2,1875842873189117952,极兔快递,JT0014887139553,生活用品,江苏省,
能源小区智慧社区服务站_站点-能源小区智慧社区服务站,快递,2025-01-05 17:47:18,,1,,6.00,,2.32,42% - 0.2,2,1875841475357618176,极兔快递,JT0014887716058,生活用品,湖南省,
能源小区智慧社区服务站_站点-能源小区智慧社区服务站,快递,2025-01-05 17:45:27,,2,,8.00,,3.88,51% - 0.2,2,1875841010855227392,极兔快递,JT0014887814526,服饰,江苏省,
能源小区智慧社区服务站_站点-能源小区智慧社区服务站,快递,2025-01-05 17:44:32,2025-01-05 17:45:11,1,,6.00,,0.00,,2,1875840777635147776,极兔快递,JT0014882378245,服饰,江苏省,已全额退款
能源小区智慧社区服务站_站点-能源小区智慧社区服务站,快递,2025-01-05 16:38:51,,1,,6.00,,2.32,42% - 0.2,2,1875824244166930432,极兔快递,JT0014885360925,服饰,广东省,
能源小区智慧社区服务站_站点-能源小区智慧社区服务站,快递,2025-01-05 16:38:10,,1,,6.00,,2.32,42% - 0.2,2,1875823915190890496,极兔快递,JT0014882047791,服饰,广东省,
能源小区智慧社区服务站_站点-能源小区智慧社区服务站,快递,2025-01-05 16:37:06,,1,,6.00,,2.32,42% - 0.2,2,1875823791299538944,极兔快递,JT0014885197573,服饰,浙江省,
能源小区智慧社区服务站_站点-能源小区智慧社区服务站,快递,2025-01-05 16:36:38,,1,,6.00,,2.32,42% - 0.2,2,1875823690275532800,极兔快递,JT0014881630824,服饰,广东省,
能源小区智慧社区服务站_站点-能源小区智慧社区服务站,快递,2025-01-05 16:32:18,,1,,6.00,,2.32,42% - 0.2,2,1875822600108814336,极兔快递,JT0014883680607,食品,福建省,
能源小区智慧社区服务站_站点-能源小区智慧社区服务站,快递,2025-01-05 16:23:44,,1,,6.00,,2.32,42% - 0.2,2,1875820445880725504,极兔快递,JT0014881086629,生活用品,安徽省,
能源小区智慧社区服务站_站点-能源小区智慧社区服务站,快递,2025-01-05 16:13:37,,1,,6.00,,2.32,42% - 0.2,2,1875817898679906304,极兔快递,JT0014885219049,生活用品,浙江省,
能源小区智慧社区服务站_站点-能源小区智慧社区服务站,快递,2025-01-05 16:09:49,,1,,6.00,,2.32,42% - 0.2,2,1875816940902199296,极兔快递,JT0014884342426,服饰,浙江省,
能源小区智慧社区服务站_站点-能源小区智慧社区服务站,快递,2025-01-05 16:07:46,,1,,6.00,,2.32,42% - 0.2,2,1875816408137510912,极兔快递,JT0014880558885,服饰,浙江省,
能源小区智慧社区服务站_站点-能源小区智慧社区服务站,快递,2025-01-05 16:06:20,,1,,6.00,,2.32,42% - 0.2,2,1875816063080509440,极兔快递,JT0014885427356,服饰,浙江省,
能源小区智慧社区服务站_站点-能源小区智慧社区服务站,快递,2025-01-05 16:04:56,,1,,6.00,,2.32,42% - 0.2,2,1875815711505559552,极兔快递,JT0014883125478,服饰,浙江省,
能源小区智慧社区服务站_站点-能源小区智慧社区服务站,快递,2025-01-05 15:48:38,,1,,6.00,,2.32,42% - 0.2,2,1875811610474491904,极兔快递,JT0014882268340,生活用品,浙江省,
能源小区智慧社区服务站_站点-能源小区智慧社区服务站,快递,2025-01-05 15:11:50,,1,,6.00,,2.32,42% - 0.2,2,1875802344166436864,极兔快递,JT0014878216225,生活用品,四川省,
能源小区智慧社区服务站_站点-能源小区智慧社区服务站,快递,2025-01-05 15:10:56,,1,,6.00,,2.32,42% - 0.2,2,1875802125815164928,极兔快递,JT0014884622554,服饰,浙江省,
能源小区智慧社区服务站_站点-能源小区智慧社区服务站,快递,2025-01-05 15:09:48,,1,,6.00,,2.32,42% - 0.2,2,1875801837280604160,极兔快递,JT0014884715632,生活用品,江苏省,
能源小区智慧社区服务站_站点-能源小区智慧社区服务站,快递,2025-01-05 15:08:17,,1,,6.00,,2.32,42% - 0.2,2,1875801431775293440,极兔快递,JT0014881511327,服饰,河北省,
能源小区智慧社区服务站_站点-能源小区智慧社区服务站,快递,2025-01-05 15:07:19,,1,,6.00,,2.32,42% - 0.2,2,1875801212010541056,极兔快递,JT0014869612842,服饰,江苏省,
能源小区智慧社区服务站_站点-能源小区智慧社区服务站,快递,2025-01-05 15:05:58,,1,,6.00,,2.32,42% - 0.2,2,1875800875904184320,极兔快递,JT0014884814393,服饰,广东省,
能源小区智慧社区服务站_站点-能源小区智慧社区服务站,快递,2025-01-05 15:00:24,,1,,6.00,,2.32,42% - 0.2,2,1875799472200658944,极兔快递,JT0014877441826,服饰,湖北省,
能源小区智慧社区服务站_站点-能源小区智慧社区服务站,快递,2025-01-05 14:03:43,2025-01-05 15:00:04,1,,6.00,,0.00,,2,1875785198178840576,极兔快递,JT0014876194193,服饰,湖北省,已全额退款
能源小区智慧社区服务站_站点-能源小区智慧社区服务站,快递,2025-01-05 14:53:12,,1,,6.00,,2.32,42% - 0.2,2,1875797655509184512,极兔快递,JT0014884235640,服饰,浙江省,
能源小区智慧社区服务站_站点-能源小区智慧社区服务站,快递,2025-01-05 14:42:54,,1,,6.00,,2.32,42% - 0.2,2,1875795063534170112,极兔快递,JT0014883789724,服饰,浙江省,
能源小区智慧社区服务站_站点-能源小区智慧社区服务站,快递,2025-01-05 14:42:11,,1,,6.00,,2.32,42% - 0.2,2,1875794886601650176,极兔快递,JT0014883614362,服饰,浙江省,
能源小区智慧社区服务站_站点-能源小区智慧社区服务站,快递,2025-01-05 14:33:33,,1,,6.00,,2.32,42% - 0.2,2,1875792712425451520,韵达快递,312600706715898,服饰,广东省,
能源小区智慧社区服务站_站点-能源小区智慧社区服务站,快递,2025-01-03 18:44:55,2025-01-05 14:07:56,2,,8.00,,0.00,,2,1875131173052588032,极兔快递,JT0014860845589,服饰,湖南省,已全额退款
能源小区智慧社区服务站_站点-能源小区智慧社区服务站,快递,2025-01-05 14:04:28,,1,,6.00,,2.32,42% - 0.2,2,1875785391578198016,极兔快递,JT0014879771959,服饰,湖南省,
能源小区智慧社区服务站_站点-能源小区智慧社区服务站,快递,2025-01-05 14:02:31,,2,,8.00,,3.88,51% - 0.2,2,1875784907643596800,极兔快递,JT0014882678275,服饰,甘肃省,
能源小区智慧社区服务站_站点-能源小区智慧社区服务站,快递,2025-01-05 14:01:21,,1,,6.00,,2.32,42% - 0.2,2,1875784611714478080,极兔快递,JT0014876017082,服饰,浙江省,
能源小区智慧社区服务站_站点-能源小区智慧社区服务站,快递,2025-01-05 14:00:17,,1,,6.00,,2.32,42% - 0.2,2,1875784343606177792,极兔快递,JT0014882635424,服饰,河北省,
能源小区智慧社区服务站_站点-能源小区智慧社区服务站,快递,2025-01-05 13:41:29,,1,,6.00,,2.32,42% - 0.2,2,1875779614255788032,极兔快递,JT0014882733564,生活用品,山东省,
能源小区智慧社区服务站_站点-能源小区智慧社区服务站,快递,2025-01-05 13:35:54,,1,,6.00,,2.32,42% - 0.2,2,1875778210359324672,极兔快递,JT0014881245324,服饰,浙江省,
能源小区智慧社区服务站_站点-能源小区智慧社区服务站,快递,2025-01-05 13:34:16,,1,,6.00,,2.32,42% - 0.2,2,1875777795433607168,极兔快递,JT0014876445205,服饰,江苏省,
能源小区智慧社区服务站_站点-能源小区智慧社区服务站,快递,2025-01-05 12:51:44,,1,,6.00,,2.32,42% - 0.2,2,1875767089019662336,极兔快递,JT0014878630857,生活用品,广东省,
能源小区智慧社区服务站_站点-能源小区智慧社区服务站,快递,2025-01-05 12:50:19,,4,,12.00,,5.80,50% - 0.2,2,1875766728410181632,极兔快递,JT0014881604155,生活用品,吉林省,
能源小区智慧社区服务站_站点-能源小区智慧社区服务站,快递,2025-01-05 12:48:48,,1,,6.00,,2.32,42% - 0.2,2,1875766357512073216,极兔快递,JT0014875504923,生活用品,江苏省,
能源小区智慧社区服务站_站点-能源小区智慧社区服务站,快递,2025-01-05 12:46:03,,1,,6.00,,2.32,42% - 0.2,2,1875765658229321728,极兔快递,JT0014874739596,生活用品,福建省,
能源小区智慧社区服务站_站点-能源小区智慧社区服务站,快递,2025-01-05 12:45:29,,1,,6.00,,2.32,42% - 0.2,2,1875765513530028032,极兔快递,JT0014878445955,服饰,广东省,
能源小区智慧社区服务站_站点-能源小区智慧社区服务站,快递,2025-01-05 12:44:48,,1,,6.00,,2.32,42% - 0.2,2,1875765019524902912,极兔快递,JT0014875961878,生活用品,天津市,
能源小区智慧社区服务站_站点-能源小区智慧社区服务站,快递,2025-01-05 12:41:06,,1,,6.00,,2.32,42% - 0.2,2,1875764396817559552,极兔快递,JT0014880633604,服饰,浙江省,
能源小区智慧社区服务站_站点-能源小区智慧社区服务站,快递,2025-01-05 12:39:20,,1,,6.00,,2.32,42% - 0.2,2,1875763971439636480,极兔快递,JT0014874914125,服饰,四川省,
能源小区智慧社区服务站_站点-能源小区智慧社区服务站,快递,2025-01-05 12:34:06,,1,,6.00,,2.32,42% - 0.2,2,1875762613722460160,极兔快递,JT0014880321425,服饰,浙江省,
能源小区智慧社区服务站_站点-能源小区智慧社区服务站,快递,2025-01-05 12:29:12,,1,,6.00,,2.32,42% - 0.2,2,1875761411421024256,极兔快递,JT0014881929432,服饰,广东省,
能源小区智慧社区服务站_站点-能源小区智慧社区服务站,快递,2025-01-05 12:03:21,,1,,6.00,,2.32,42% - 0.2,2,1875754918583906304,极兔快递,JT0014878537562,服饰,福建省,
能源小区智慧社区服务站_站点-能源小区智慧社区服务站,快递,2025-01-05 12:01:29,,2,,8.00,,3.88,51% - 0.2,2,1875754437019086848,极兔快递,JT0014879266531,服饰,江苏省,
能源小区智慧社区服务站_站点-能源小区智慧社区服务站,快递,2025-01-05 11:57:50,,1,,6.00,,2.32,42% - 0.2,2,1875753522035863552,极兔快递,JT0014870082684,生活用品,广东省,
能源小区智慧社区服务站_站点-能源小区智慧社区服务站,快递,2025-01-05 11:56:33,,1,,6.00,,2.32,42% - 0.2,2,1875753206469013504,极兔快递,JT0014874668468,生活用品,浙江省,
能源小区智慧社区服务站_站点-能源小区智慧社区服务站,快递,2025-01-05 11:08:59,,1,,6.00,,2.32,42% - 0.2,2,1875741236881698816,极兔快递,JT0014878430087,服饰,湖北省,
能源小区智慧社区服务站_站点-能源小区智慧社区服务站,快递,2025-01-05 11:01:53,,1,,6.00,,2.32,42% - 0.2,2,1875739442059325440,极兔快递,JT0014876197412,服饰,浙江省,
能源小区智慧社区服务站_站点-能源小区智慧社区服务站,快递,2025-01-05 10:58:48,,6,,18.00,,8.80,50% - 0.2,2,1875738607896145920,极兔快递,JT0014841824799,生鲜类,浙江省,
能源小区智慧社区服务站_站点-能源小区智慧社区服务站,快递,2025-01-05 10:57:27,2025-01-05 10:58:03,1,,6.00,,0.00,,2,1875738335673233408,极兔快递,JT0014878679646,服饰,浙江省,已全额退款
能源小区智慧社区服务站_站点-能源小区智慧社区服务站,快递,2025-01-05 10:55:46,,1,,7.00,,1.94,42%,2,1875737906952450048,极兔快递,JT0014878752573,服饰,上海市,
能源小区智慧社区服务站_站点-能源小区智慧社区服务站,快递,2025-01-05 10:45:45,,1,,6.00,,2.32,42% - 0.2,2,1875735381163552768,极兔快递,JT0014879176594,服饰,江苏省,
能源小区智慧社区服务站_站点-能源小区智慧社区服务站,快递,2025-01-05 10:44:44,,1,,6.00,,2.32,42% - 0.2,2,1875735131984146432,极兔快递,JT0014878673420,服饰,江苏省,
能源小区智慧社区服务站_站点-能源小区智慧社区服务站,快递,2025-01-05 10:42:14,,1,,6.00,,2.32,42% - 0.2,2,1875734505422237696,极兔快递,JT0014878710443,生活用品,广东省,
能源小区智慧社区服务站_站点-能源小区智慧社区服务站,快递,2025-01-05 10:39:02,,1,,6.00,,2.32,42% - 0.2,2,1875733692025057280,极兔快递,JT0014876718367,服饰,浙江省,
能源小区智慧社区服务站_站点-能源小区智慧社区服务站,快递,2025-01-05 10:38:34,,1,,6.00,,2.32,42% - 0.2,2,1875733581316403200,极兔快递,JT0014877821264,服饰,浙江省,
能源小区智慧社区服务站_站点-能源小区智慧社区服务站,快递,2025-01-05 10:16:16,,6,,18.00,,8.80,50% - 0.2,2,1875727972374327296,极兔快递,JT0014878334817,生鲜类,陕西省,
能源小区智慧社区服务站_站点-能源小区智慧社区服务站,快递,2025-01-05 10:15:11,,3,,10.00,,5.30,55% - 0.2,2,1875727695575429120,极兔快递,JT0014878328456,生鲜类,陕西省,
能源小区智慧社区服务站_站点-能源小区智慧社区服务站,快递,2025-01-05 10:06:58,,1,,6.00,,2.32,42% - 0.2,2,1875725624251953152,极兔快递,JT0014876072111,服饰,广东省,
能源小区智慧社区服务站_站点-能源小区智慧社区服务站,快递,2025-01-04 20:57:59,,1,,6.00,,2.32,42% - 0.2,2,1875527056316608512,极兔快递,JT0014873995011,服饰,浙江省,
能源小区智慧社区服务站_站点-能源小区智慧社区服务站,快递,2025-01-04 20:35:13,,1,,6.00,,2.32,42% - 0.2,2,1875521339803217920,极兔快递,JT0014876790707,服饰,浙江省,
能源小区智慧社区服务站_站点-能源小区智慧社区服务站,快递,2025-01-04 20:09:00,,1,,6.00,,2.32,42% - 0.2,2,1875514748303486976,极兔快递,JT0014875669484,生活用品,福建省,
能源小区智慧社区服务站_站点-能源小区智慧社区服务站,快递,2025-01-04 20:05:52,,1,,6.00,,2.32,42% - 0.2,2,1875513942816763904,极兔快递,JT0014873417383,生活用品,广东省,
能源小区智慧社区服务站_站点-能源小区智慧社区服务站,快递,2025-01-04 19:58:10,,1,,6.00,,2.32,42% - 0.2,2,1875512021603233792,极兔快递,JT0014875228007,服饰,山东省,
能源小区智慧社区服务站_站点-能源小区智慧社区服务站,快递,2025-01-04 19:56:44,,1,,6.00,,2.32,42% - 0.2,2,1875511653985071104,极兔快递,JT0014861672204,服饰,安徽省,
能源小区智慧社区服务站_站点-能源小区智慧社区服务站,快递,2025-01-04 19:23:02,,2,,8.00,,3.88,51% - 0.2,2,1875503179129597952,极兔快递,JT0014873553113,服饰,辽宁省,
能源小区智慧社区服务站_站点-能源小区智慧社区服务站,快递,2025-01-04 19:09:40,,1,,6.00,,2.32,42% - 0.2,2,1875499812168839168,韵达快递,312600084131534,服饰,吉林省,
能源小区智慧社区服务站_站点-能源小区智慧社区服务站,快递,2025-01-04 18:50:37,,2,,8.00,,3.88,51% - 0.2,2,1875495017014013952,极兔快递,JT0014871099555,服饰,广东省,
能源小区智慧社区服务站_站点-能源小区智慧社区服务站,快递,2025-01-04 18:48:14,,1,,6.00,,2.32,42% - 0.2,2,1875494417052381184,极兔快递,JT0014874982996,服饰,广东省,
能源小区智慧社区服务站_站点-能源小区智慧社区服务站,快递,2025-01-04 17:56:59,,1,,6.00,,2.32,42% - 0.2,2,1875481521073336320,极兔快递,JT0014873625284,生活用品,浙江省,
能源小区智慧社区服务站_站点-能源小区智慧社区服务站,快递,2025-01-04 17:12:40,,1,,7.00,,1.94,42%,2,1875470369316581376,极兔快递,JT0014868578387,生活用品,上海市,
能源小区智慧社区服务站_站点-能源小区智慧社区服务站,快递,2025-01-04 17:10:22,,1,,6.00,,2.32,42% - 0.2,2,1875469788829102080,极兔快递,JT0014870936069,服饰,广东省,
能源小区智慧社区服务站_站点-能源小区智慧社区服务站,快递,2025-01-04 17:09:57,,1,,6.00,,2.32,42% - 0.2,2,1875469687364694016,极兔快递,JT0014872009551,服饰,广东省,
能源小区智慧社区服务站_站点-能源小区智慧社区服务站,快递,2025-01-04 16:55:55,,1,,6.00,,2.32,42% - 0.2,2,1875466158059204608,极兔快递,JT0014871183632,服饰,江苏省,
能源小区智慧社区服务站_站点-能源小区智慧社区服务站,快递,2025-01-04 16:54:38,,1,,6.00,,2.32,42% - 0.2,2,1875465832308584448,极兔快递,JT0014871317439,服饰,广东省,
能源小区智慧社区服务站_站点-能源小区智慧社区服务站,快递,2025-01-04 16:53:11,,1,,6.00,,2.32,42% - 0.2,2,1875465468108779520,极兔快递,JT0014863960263,服饰,广东省,
能源小区智慧社区服务站_站点-能源小区智慧社区服务站,快递,2025-01-04 15:32:07,,2,,8.00,,3.88,51% - 0.2,2,1875445068297580544,极兔快递,JT0014870088166,服饰,浙江省,
能源小区智慧社区服务站_站点-能源小区智慧社区服务站,快递,2025-01-04 15:31:28,,1,,6.00,,2.32,42% - 0.2,2,1875444897664905216,极兔快递,JT0014865826931,服饰,广东省,
能源小区智慧社区服务站_站点-能源小区智慧社区服务站,快递,2025-01-04 15:12:34,,1,,6.00,,2.32,42% - 0.2,2,1875440146420248576,极兔快递,JT0014866492997,服饰,陕西省,
能源小区智慧社区服务站_站点-能源小区智慧社区服务站,快递,2025-01-04 15:04:50,,3,,10.00,,5.30,55% - 0.2,2,1875438197448814592,极兔快递,JT0014871230962,生活用品,浙江省,
能源小区智慧社区服务站_站点-能源小区智慧社区服务站,快递,2025-01-04 14:51:56,,1,,6.00,,2.32,42% - 0.2,2,1875434953540546560,极兔快递,JT0014871125534,服饰,广东省,
能源小区智慧社区服务站_站点-能源小区智慧社区服务站,快递,2025-01-04 14:49:00,,1,,6.00,,2.32,42% - 0.2,2,1875434215909273600,极兔快递,JT0014868592885,服饰,广东省,
能源小区智慧社区服务站_站点-能源小区智慧社区服务站,快递,2025-01-04 14:47:47,,1,,6.00,,2.32,42% - 0.2,2,1875433738207408128,极兔快递,JT0014870948118,服饰,广东省,
能源小区智慧社区服务站_站点-能源小区智慧社区服务站,快递,2025-01-04 14:46:06,,1,,6.00,,2.32,42% - 0.2,2,1875433485878079488,极兔快递,JT0014870391444,服饰,广东省,
能源小区智慧社区服务站_站点-能源小区智慧社区服务站,快递,2025-01-04 14:20:54,2025-01-04 14:23:28,1,,6.00,,0.00,,2,1875427133738889216,极兔快递,JT0014868690569,服饰,广东省,已全额退款
能源小区智慧社区服务站_站点-能源小区智慧社区服务站,快递,2025-01-04 14:23:00,,1,,6.00,,2.32,42% - 0.2,2,1875427653878722560,极兔快递,JT0014867165072,服饰,广东省,
能源小区智慧社区服务站_站点-能源小区智慧社区服务站,快递,2025-01-04 14:22:10,,1,,6.00,,2.32,42% - 0.2,2,1875427455119044608,极兔快递,JT0014864185107,服饰,湖北省,
能源小区智慧社区服务站_站点-能源小区智慧社区服务站,快递,2025-01-04 14:21:27,,1,,6.00,,2.32,42% - 0.2,2,1875427276794015744,极兔快递,JT0014869398114,服饰,广东省,
能源小区智慧社区服务站_站点-能源小区智慧社区服务站,快递,2025-01-04 14:19:58,,1,,6.00,,2.32,42% - 0.2,2,1875426901244424192,极兔快递,JT0014866626000,服饰,广东省,
能源小区智慧社区服务站_站点-能源小区智慧社区服务站,快递,2025-01-04 14:19:24,,1,,6.00,,2.32,42% - 0.2,2,1875426766850535424,极兔快递,JT0014869708427,服饰,广东省,
能源小区智慧社区服务站_站点-能源小区智慧社区服务站,快递,2025-01-04 14:00:36,,1,,6.00,,2.32,42% - 0.2,2,1875422034945814528,极兔快递,JT0014865752606,服饰,安徽省,
能源小区智慧社区服务站_站点-能源小区智慧社区服务站,快递,2025-01-04 13:34:43,,2,,8.00,,3.88,51% - 0.2,2,1875415521082650624,极兔快递,JT0014869720327,服饰,天津市,
能源小区智慧社区服务站_站点-能源小区智慧社区服务站,快递,2025-01-04 13:05:10,,1,,6.00,,2.32,42% - 0.2,2,1875408086632673280,极兔快递,JT0014867264277,服饰,江苏省,
能源小区智慧社区服务站_站点-能源小区智慧社区服务站,快递,2025-01-04 13:04:11,,2,,8.00,,3.88,51% - 0.2,2,1875407839319732224,极兔快递,JT0014862530125,服饰,河北省,
能源小区智慧社区服务站_站点-能源小区智慧社区服务站,快递,2025-01-04 13:03:22,,1,,6.00,,2.32,42% - 0.2,2,1875407630049128448,极兔快递,JT0014864577838,食品,广东省,
能源小区智慧社区服务站_站点-能源小区智慧社区服务站,快递,2025-01-04 12:45:05,,1,,6.00,,2.32,42% - 0.2,2,1875403031418417152,极兔快递,JT0014867984327,服饰,浙江省,
能源小区智慧社区服务站_站点-能源小区智慧社区服务站,快递,2025-01-04 12:43:30,,1,,6.00,,2.32,42% - 0.2,2,1875402633316052992,极兔快递,JT0014867563658,服饰,浙江省,
能源小区智慧社区服务站_站点-能源小区智慧社区服务站,快递,2025-01-04 12:41:51,,1,,6.00,,2.32,42% - 0.2,2,1875402192847024128,极兔快递,JT0014867762441,服饰,浙江省,
能源小区智慧社区服务站_站点-能源小区智慧社区服务站,快递,2025-01-04 12:33:29,,1,,6.00,,2.32,42% - 0.2,2,1875400100837240832,极兔快递,JT0014860182088,服饰,山东省,
能源小区智慧社区服务站_站点-能源小区智慧社区服务站,快递,2025-01-04 12:26:19,,2,,8.00,,3.88,51% - 0.2,2,1875398306534961152,极兔快递,JT0014864209693,生活用品,浙江省,
能源小区智慧社区服务站_站点-能源小区智慧社区服务站,快递,2025-01-04 12:23:46,,1,,6.00,,2.32,42% - 0.2,2,1875397659374825472,极兔快递,JT0014869087112,服饰,山东省,
能源小区智慧社区服务站_站点-能源小区智慧社区服务站,快递,2025-01-04 12:22:58,,1,,6.00,,2.32,42% - 0.2,2,1875397467959373824,极兔快递,JT0014865309286,服饰,四川省,
能源小区智慧社区服务站_站点-能源小区智慧社区服务站,快递,2025-01-04 12:03:10,,1,,6.00,,2.32,42% - 0.2,2,1875392484685819904,极兔快递,JT0014865016444,生活用品,浙江省,
能源小区智慧社区服务站_站点-能源小区智慧社区服务站,快递,2025-01-04 11:58:35,,1,,6.00,,2.32,42% - 0.2,2,1875391329574498304,极兔快递,JT0014865673869,生活用品,广东省,
能源小区智慧社区服务站_站点-能源小区智慧社区服务站,快递,2025-01-04 11:55:55,,1,,6.00,,2.32,42% - 0.2,2,1875390660578816000,极兔快递,JT0014867695653,生活用品,陕西省,
能源小区智慧社区服务站_站点-能源小区智慧社区服务站,快递,2025-01-04 11:54:01,,1,,6.00,,2.32,42% - 0.2,2,1875390180398116864,极兔快递,JT0014864793504,生活用品,安徽省,
能源小区智慧社区服务站_站点-能源小区智慧社区服务站,快递,2025-01-04 11:23:02,,1,,6.00,,2.32,42% - 0.2,2,1875382373811462144,极兔快递,JT0014867888441,服饰,安徽省,
能源小区智慧社区服务站_站点-能源小区智慧社区服务站,快递,2025-01-04 11:22:24,,1,,6.00,,2.32,42% - 0.2,2,1875382219343634432,极兔快递,JT0014862191818,服饰,广东省,
能源小区智慧社区服务站_站点-能源小区智慧社区服务站,快递,2025-01-04 11:15:39,,1,,6.00,,2.32,42% - 0.2,2,1875380508839354368,极兔快递,JT0014867357649,服饰,湖北省,
能源小区智慧社区服务站_站点-能源小区智慧社区服务站,快递,2025-01-04 11:13:34,,2,,8.00,,3.88,51% - 0.2,2,1875379998631632896,极兔快递,JT0014867539087,生活用品,浙江省,
能源小区智慧社区服务站_站点-能源小区智慧社区服务站,快递,2025-01-04 11:03:08,,1,,6.00,,2.32,42% - 0.2,2,1875377368823996416,极兔快递,JT0014867118830,服饰,湖北省,
能源小区智慧社区服务站_站点-能源小区智慧社区服务站,快递,2025-01-03 20:31:36,,1,,6.00,,2.32,42% - 0.2,2,1875158045190758400,极兔快递,JT0014860562926,生活用品,山东省,
能源小区智慧社区服务站_站点-能源小区智慧社区服务站,快递,2025-01-03 20:29:40,,1,,6.00,,2.32,42% - 0.2,2,1875157548052488192,极兔快递,JT0014849659411,服饰,广东省,
能源小区智慧社区服务站_站点-能源小区智慧社区服务站,快递,2025-01-03 20:29:04,,1,,6.00,,2.32,42% - 0.2,2,1875157388853485568,极兔快递,JT0014845227586,服饰,河北省,
能源小区智慧社区服务站_站点-能源小区智慧社区服务站,快递,2025-01-03 20:25:55,,1,,6.00,,2.32,42% - 0.2,2,1875156607253323776,极兔快递,JT0014860529347,服饰,广东省,
能源小区智慧社区服务站_站点-能源小区智慧社区服务站,快递,2025-01-03 20:20:03,,1,,6.00,,2.32,42% - 0.2,2,1875155136390602752,极兔快递,JT0014860640242,服饰,山东省,
能源小区智慧社区服务站_站点-能源小区智慧社区服务站,快递,2025-01-03 20:05:48,,1,,6.00,,2.32,42% - 0.2,2,1875151520472735744,极兔快递,JT0014861494234,服饰,广东省,
能源小区智慧社区服务站_站点-能源小区智慧社区服务站,快递,2025-01-03 20:04:57,,3,,10.00,,5.30,55% - 0.2,2,1875151337592692736,极兔快递,JT0014860396205,服饰,浙江省,
能源小区智慧社区服务站_站点-能源小区智慧社区服务站,快递,2025-01-03 20:01:29,,4,,12.00,,5.80,50% - 0.2,2,1875150465156489216,极兔快递,JT0014862852261,服饰,浙江省,
能源小区智慧社区服务站_站点-能源小区智慧社区服务站,快递,2025-01-03 19:58:59,,1,,6.00,,2.32,42% - 0.2,2,1875149837218848768,极兔快递,JT0014862590637,生活用品,福建省,
能源小区智慧社区服务站_站点-能源小区智慧社区服务站,快递,2025-01-03 19:57:27,,1,,6.00,,2.32,42% - 0.2,2,1875149450625654784,极兔快递,JT0014862290579,服饰,广东省,
能源小区智慧社区服务站_站点-能源小区智慧社区服务站,快递,2025-01-03 19:53:51,,1,,6.00,,2.32,42% - 0.2,2,1875148540159696896,极兔快递,JT0014854117292,服饰,安徽省,
能源小区智慧社区服务站_站点-能源小区智慧社区服务站,快递,2025-01-03 19:52:42,,1,,6.00,,2.32,42% - 0.2,2,1875148256763158528,极兔快递,JT0014862945733,服饰,浙江省,
能源小区智慧社区服务站_站点-能源小区智慧社区服务站,快递,2025-01-03 19:52:06,,2,,8.00,,3.88,51% - 0.2,2,1875148101661990912,极兔快递,JT0014861706707,生活用品,浙江省,
能源小区智慧社区服务站_站点-能源小区智慧社区服务站,快递,2025-01-03 19:51:23,,1,,6.00,,2.32,42% - 0.2,2,1875147915413921792,极兔快递,JT0014856337436,生活用品,广东省,
能源小区智慧社区服务站_站点-能源小区智慧社区服务站,快递,2025-01-03 19:50:23,,1,,6.00,,2.32,42% - 0.2,2,1875147653722906624,极兔快递,JT0014862117136,服饰,浙江省,
能源小区智慧社区服务站_站点-能源小区智慧社区服务站,快递,2025-01-03 19:49:37,,1,,6.00,,2.32,42% - 0.2,2,1875147476341596160,极兔快递,JT0014862416573,服饰,浙江省,
能源小区智慧社区服务站_站点-能源小区智慧社区服务站,快递,2025-01-03 19:29:06,,1,,6.00,,2.32,42% - 0.2,2,1875142308241842176,极兔快递,JT0014853463860,服饰,广东省,
能源小区智慧社区服务站_站点-能源小区智慧社区服务站,快递,2025-01-03 19:28:29,,1,,6.00,,2.32,42% - 0.2,2,1875142161097269248,极兔快递,JT0014860270711,服饰,广东省,
能源小区智慧社区服务站_站点-能源小区智慧社区服务站,快递,2025-01-03 19:08:14,,1,,6.00,,2.32,42% - 0.2,2,1875137051235426304,极兔快递,JT0014862862406,服饰,浙江省,
能源小区智慧社区服务站_站点-能源小区智慧社区服务站,快递,2025-01-03 19:06:25,,1,,6.00,,2.32,42% - 0.2,2,1875136595062923264,极兔快递,JT0014862717296,服饰,福建省,
能源小区智慧社区服务站_站点-能源小区智慧社区服务站,快递,2025-01-03 19:03:01,,1,,6.00,,2.32,42% - 0.2,2,1875135752435638272,极兔快递,JT0014862841649,生活用品,河北省,
能源小区智慧社区服务站_站点-能源小区智慧社区服务站,快递,2025-01-03 18:57:33,,2,,8.00,,3.88,51% - 0.2,2,1875134370823512064,极兔快递,JT0014861916684,数码产品,浙江省,
能源小区智慧社区服务站_站点-能源小区智慧社区服务站,快递,2025-01-03 18:44:19,,2,,8.00,,3.88,51% - 0.2,2,1875131036465078272,极兔快递,JT0014859668541,服饰,四川省,
能源小区智慧社区服务站_站点-能源小区智慧社区服务站,快递,2025-01-03 18:43:19,,2,,8.00,,3.88,51% - 0.2,2,1875130795875606528,极兔快递,JT0014861869854,生活用品,广西壮族自治区,
能源小区智慧社区服务站_站点-能源小区智慧社区服务站,快递,2025-01-03 18:40:05,,1,,6.00,,2.32,42% - 0.2,2,1875129981052362752,极兔快递,JT0014852642662,服饰,广东省,
能源小区智慧社区服务站_站点-能源小区智慧社区服务站,快递,2025-01-03 18:38:11,,1,,6.00,,2.32,42% - 0.2,2,1875129496710914048,极兔快递,JT0014860228846,服饰,浙江省,
能源小区智慧社区服务站_站点-能源小区智慧社区服务站,快递,2025-01-03 18:36:41,,1,,6.00,,2.32,42% - 0.2,2,1875129126878158848,极兔快递,JT0014859890590,服饰,广东省,
能源小区智慧社区服务站_站点-能源小区智慧社区服务站,快递,2025-01-03 18:17:32,,1,,6.00,,2.32,42% - 0.2,2,1875124306796584960,极兔快递,JT0014856224756,生活用品,广东省,
能源小区智慧社区服务站_站点-能源小区智慧社区服务站,快递,2025-01-03 17:47:13,,2,,8.00,,3.88,51% - 0.2,2,1875116678427156480,极兔快递,JT0014855268151,生活用品,广东省,
能源小区智慧社区服务站_站点-能源小区智慧社区服务站,快递,2025-01-03 17:43:46,,1,,6.00,,2.32,42% - 0.2,2,1875115808025190400,极兔快递,JT0014860890217,服饰,浙江省,
能源小区智慧社区服务站_站点-能源小区智慧社区服务站,快递,2025-01-03 17:40:22,,1,,6.00,,2.32,42% - 0.2,2,1875114955419656192,极兔快递,JT0014857356740,服饰,江苏省,
能源小区智慧社区服务站_站点-能源小区智慧社区服务站,干洗,2025-01-03 17:34:52,,,,19.80,,5.94,30%,,1875113535266070528,干洗,,"磨砂鞋   *   1",,
能源小区智慧社区服务站_站点-能源小区智慧社区服务站,快递,2025-01-03 17:26:06,,1,,6.00,,2.32,42% - 0.2,2,1875111362968920064,极兔快递,JT0014850677560,服饰,山东省,
能源小区智慧社区服务站_站点-能源小区智慧社区服务站,快递,2025-01-03 17:25:22,,2,,8.00,,3.88,51% - 0.2,2,1875111178021085184,极兔快递,JT0014859662647,食品,陕西省,
能源小区智慧社区服务站_站点-能源小区智慧社区服务站,快递,2025-01-03 17:04:17,,3,,10.00,,5.30,55% - 0.2,2,1875105875045097472,极兔快递,JT0014859108195,生活用品,江苏省,
能源小区智慧社区服务站_站点-能源小区智慧社区服务站,快递,2025-01-03 16:57:56,,1,,6.00,,2.32,42% - 0.2,2,1875104277984157696,极兔快递,JT0014857566633,服饰,广东省,
能源小区智慧社区服务站_站点-能源小区智慧社区服务站,快递,2025-01-03 16:55:30,,1,,6.00,,2.32,42% - 0.2,2,1875103662348410880,极兔快递,JT0014859938628,生活用品,安徽省,
能源小区智慧社区服务站_站点-能源小区智慧社区服务站,快递,2025-01-03 16:27:22,,2,,8.00,,3.88,51% - 0.2,2,1875096583504109568,极兔快递,JT0014859189764,生活用品,浙江省,
能源小区智慧社区服务站_站点-能源小区智慧社区服务站,快递,2025-01-03 16:18:31,,2,,8.00,,3.88,51% - 0.2,2,1875094353946320896,极兔快递,JT0014856710937,生活用品,安徽省,
能源小区智慧社区服务站_站点-能源小区智慧社区服务站,快递,2025-01-03 15:18:48,,3,,10.00,,5.30,55% - 0.2,2,1875079326388428800,极兔快递,JT0014857471585,生活用品,浙江省,
能源小区智慧社区服务站_站点-能源小区智慧社区服务站,快递,2025-01-03 15:17:03,,1,,6.00,,2.32,42% - 0.2,2,1875078884828880896,极兔快递,JT0014857133815,服饰,湖北省,
能源小区智慧社区服务站_站点-能源小区智慧社区服务站,快递,2025-01-03 13:53:31,,1,,7.00,,1.94,42%,2,1875057862662660096,极兔快递,JT0014856221587,服饰,上海市,
能源小区智慧社区服务站_站点-能源小区智慧社区服务站,快递,2025-01-03 13:48:18,,2,,8.00,,3.88,51% - 0.2,2,1875056551288348672,极兔快递,JT0014855691963,服饰,湖北省,
能源小区智慧社区服务站_站点-能源小区智慧社区服务站,快递,2025-01-03 13:19:44,,1,,6.00,,2.32,42% - 0.2,2,1875049361278214144,极兔快递,JT0014855348047,服饰,浙江省,
能源小区智慧社区服务站_站点-能源小区智慧社区服务站,快递,2025-01-03 12:06:16,,1,,6.00,,2.32,42% - 0.2,2,1875030863156060160,极兔快递,JT0014846958531,服饰,安徽省,
能源小区智慧社区服务站_站点-能源小区智慧社区服务站,快递,2025-01-03 10:49:27,,1,,6.00,,2.32,42% - 0.2,2,1875011545584345088,极兔快递,JT0014848842532,生活用品,陕西省,
能源小区智慧社区服务站_站点-能源小区智慧社区服务站,快递,2025-01-03 10:46:30,,8,,24.00,,11.80,50% - 0.2,2,1875010786868305920,极兔快递,JT0014841460057,生鲜类,安徽省,
能源小区智慧社区服务站_站点-能源小区智慧社区服务站,快递,2025-01-03 10:45:55,,8,,24.00,,11.80,50% - 0.2,2,1875010655913746432,极兔快递,JT0014852646102,生鲜类,安徽省,
能源小区智慧社区服务站_站点-能源小区智慧社区服务站,快递,2025-01-03 10:42:10,,1,,6.00,,2.32,42% - 0.2,2,1875009701566980096,极兔快递,JT0014846874433,服饰,广东省,
能源小区智慧社区服务站_站点-能源小区智慧社区服务站,快递,2025-01-03 10:41:23,,1,,6.00,,2.32,42% - 0.2,2,1875009515000143872,极兔快递,JT0014847666537,服饰,广东省,
能源小区智慧社区服务站_站点-能源小区智慧社区服务站,快递,2025-01-03 10:25:29,,1,,6.00,,2.32,42% - 0.2,2,1875005512673632256,极兔快递,JT0014851238114,服饰,河北省,
能源小区智慧社区服务站_站点-能源小区智慧社区服务站,快递,2025-01-02 20:41:02,2025-01-03 10:06:33,2,,8.00,,0.00,,2,1874798031439634432,极兔快递,JT0014840418693,生活用品,安徽省,已全额退款
能源小区智慧社区服务站_站点-能源小区智慧社区服务站,快递,2025-01-02 20:41:36,2025-01-03 10:06:22,1,,6.00,,0.00,,2,1874798173949501440,极兔快递,JT0014848684658,生活用品,山东省,已全额退款
能源小区智慧社区服务站_站点-能源小区智慧社区服务站,快递,2025-01-02 20:40:19,,1,,6.00,,2.32,42% - 0.2,2,1874797848576368640,极兔快递,JT0014844495172,生活用品,广东省,
能源小区智慧社区服务站_站点-能源小区智慧社区服务站,快递,2025-01-02 20:17:53,,1,,6.00,,2.32,42% - 0.2,2,1874792192574201856,极兔快递,JT0014844421729,服饰,浙江省,
能源小区智慧社区服务站_站点-能源小区智慧社区服务站,快递,2025-01-02 20:17:06,,1,,6.00,,2.32,42% - 0.2,2,1874791992711421952,极兔快递,JT0014845088783,服饰,浙江省,
能源小区智慧社区服务站_站点-能源小区智慧社区服务站,快递,2025-01-02 20:16:28,,1,,6.00,,2.32,42% - 0.2,2,1874791836830113792,极兔快递,JT0014848426818,服饰,浙江省,
能源小区智慧社区服务站_站点-能源小区智慧社区服务站,快递,2025-01-02 20:15:44,,1,,6.00,,2.32,42% - 0.2,2,1874791664230309888,极兔快递,JT0014848825443,服饰,浙江省,
能源小区智慧社区服务站_站点-能源小区智慧社区服务站,快递,2025-01-02 20:14:24,,1,,6.00,,2.32,42% - 0.2,2,1874791320960081920,极兔快递,JT0014848943057,服饰,浙江省,
能源小区智慧社区服务站_站点-能源小区智慧社区服务站,快递,2025-01-02 20:13:41,,1,,6.00,,2.32,42% - 0.2,2,1874791137098571776,极兔快递,JT0014841935087,服饰,广东省,
能源小区智慧社区服务站_站点-能源小区智慧社区服务站,快递,2025-01-02 20:12:51,,1,,6.00,,2.32,42% - 0.2,2,1874790936317239296,极兔快递,JT0014846393220,服饰,浙江省,
能源小区智慧社区服务站_站点-能源小区智慧社区服务站,快递,2025-01-02 20:01:26,,1,,6.00,,2.32,42% - 0.2,2,1874788062929592320,极兔快递,JT0014842300480,服饰,浙江省,
能源小区智慧社区服务站_站点-能源小区智慧社区服务站,快递,2025-01-02 20:00:17,,1,,6.00,,2.32,42% - 0.2,2,1874787776718675968,极兔快递,JT0014845535747,服饰,江苏省,
能源小区智慧社区服务站_站点-能源小区智慧社区服务站,快递,2025-01-02 19:59:11,,1,,6.00,,2.32,42% - 0.2,2,1874787476293263360,极兔快递,JT0014848021867,生活用品,广东省,
能源小区智慧社区服务站_站点-能源小区智慧社区服务站,快递,2025-01-02 19:58:19,,1,,6.00,,2.32,42% - 0.2,2,1874787281379762176,极兔快递,JT0014845745896,生活用品,广东省,
能源小区智慧社区服务站_站点-能源小区智慧社区服务站,快递,2025-01-02 19:56:55,,2,,8.00,,3.88,51% - 0.2,2,1874786923618213888,极兔快递,JT0014841114478,服饰,浙江省,
能源小区智慧社区服务站_站点-能源小区智慧社区服务站,快递,2025-01-02 19:46:22,,2,,8.00,,3.88,51% - 0.2,2,1874784273795358720,极兔快递,JT0014833926179,服饰,浙江省,
能源小区智慧社区服务站_站点-能源小区智慧社区服务站,快递,2025-01-02 19:42:59,,3,,10.00,,5.30,55% - 0.2,2,1874783423102427136,极兔快递,JT0014849013981,服饰,浙江省,
能源小区智慧社区服务站_站点-能源小区智慧社区服务站,快递,2025-01-02 19:41:48,,1,,6.00,,2.32,42% - 0.2,2,1874783128020557824,极兔快递,JT0014848770477,服饰,江苏省,
能源小区智慧社区服务站_站点-能源小区智慧社区服务站,快递,2025-01-02 19:41:18,,2,,8.00,,3.88,51% - 0.2,2,1874782996424269824,极兔快递,JT0014845066099,服饰,江苏省,
能源小区智慧社区服务站_站点-能源小区智慧社区服务站,快递,2025-01-02 19:40:16,,1,,6.00,,2.32,42% - 0.2,2,1874782740500422656,极兔快递,JT0014820343681,生活用品,浙江省,
能源小区智慧社区服务站_站点-能源小区智慧社区服务站,快递,2025-01-02 19:38:15,,2,,8.00,,3.88,51% - 0.2,2,1874782226664628224,极兔快递,JT0014846729745,生活用品,四川省,
能源小区智慧社区服务站_站点-能源小区智慧社区服务站,快递,2025-01-02 19:35:07,,2,,8.00,,3.88,51% - 0.2,2,1874781441553833984,极兔快递,JT0014840097730,服饰,浙江省,
能源小区智慧社区服务站_站点-能源小区智慧社区服务站,快递,2025-01-02 19:33:28,,1,,6.00,,2.32,42% - 0.2,2,1874781028947566592,极兔快递,JT0014841600343,服饰,广东省,
能源小区智慧社区服务站_站点-能源小区智慧社区服务站,快递,2025-01-02 19:31:56,,1,,6.00,,2.32,42% - 0.2,2,1874780641804918784,极兔快递,JT0014844103689,服饰,浙江省,
能源小区智慧社区服务站_站点-能源小区智慧社区服务站,快递,2025-01-02 19:30:00,,1,,6.00,,2.32,42% - 0.2,2,1874780151440449536,极兔快递,JT0014848827563,服饰,浙江省,
能源小区智慧社区服务站_站点-能源小区智慧社区服务站,快递,2025-01-02 19:27:51,,1,,6.00,,2.32,42% - 0.2,2,1874779613428686848,极兔快递,JT0014844540898,服饰,湖南省,
能源小区智慧社区服务站_站点-能源小区智慧社区服务站,快递,2025-01-02 19:12:21,,9,,27.00,,13.30,50% - 0.2,2,1874775713770348544,极兔快递,JT0014846821953,服饰,江苏省,
能源小区智慧社区服务站_站点-能源小区智慧社区服务站,快递,2025-01-02 19:00:11,,1,,6.00,,2.32,42% - 0.2,2,1874772643913113600,极兔快递,JT0014842587189,生活用品,广东省,
能源小区智慧社区服务站_站点-能源小区智慧社区服务站,快递,2025-01-02 18:59:24,,1,,6.00,,2.32,42% - 0.2,2,1874772446881488896,极兔快递,JT0014844839262,生活用品,广东省,
能源小区智慧社区服务站_站点-能源小区智慧社区服务站,快递,2025-01-02 18:58:38,,1,,6.00,,2.32,42% - 0.2,2,1874772262063677440,极兔快递,JT0014842261175,服饰,浙江省,
能源小区智慧社区服务站_站点-能源小区智慧社区服务站,快递,2025-01-02 18:26:48,,1,,6.00,,2.32,42% - 0.2,2,1874764239488393216,极兔快递,JT0014846459674,服饰,江苏省,
能源小区智慧社区服务站_站点-能源小区智慧社区服务站,快递,2025-01-02 17:45:43,,1,,6.00,,2.32,42% - 0.2,2,1874753905281179648,极兔快递,JT0014843797527,服饰,广东省,
能源小区智慧社区服务站_站点-能源小区智慧社区服务站,快递,2025-01-02 17:22:26,,1,,6.00,,2.32,42% - 0.2,2,1874748054147407872,极兔快递,JT0014846224728,生活用品,江苏省,
能源小区智慧社区服务站_站点-能源小区智慧社区服务站,快递,2025-01-02 17:11:22,,4,,12.00,,2.00,,,1874745140901289984,邮政快递,9484046896986,生活用品,河南省,
能源小区智慧社区服务站_站点-能源小区智慧社区服务站,快递,2025-01-02 17:07:04,,2,,8.00,,3.88,51% - 0.2,2,1874744184788721664,极兔快递,JT0014846047341,生活用品,福建省,
能源小区智慧社区服务站_站点-能源小区智慧社区服务站,快递,2025-01-02 16:23:50,,2,,8.00,,3.88,51% - 0.2,2,1874733266461761536,韵达快递,312597917896821,服饰,贵州省,
能源小区智慧社区服务站_站点-能源小区智慧社区服务站,快递,2025-01-02 16:22:39,,1,,6.00,,2.32,42% - 0.2,2,1874733005630578688,极兔快递,JT0014843943674,服饰,河北省,
能源小区智慧社区服务站_站点-能源小区智慧社区服务站,快递,2025-01-02 15:00:07,,1,,6.00,,2.32,42% - 0.2,2,1874712240453558272,极兔快递,JT0014842699404,生活用品,广东省,
能源小区智慧社区服务站_站点-能源小区智慧社区服务站,快递,2025-01-02 13:58:59,,1,,6.00,,2.32,42% - 0.2,2,1874696852588175360,极兔快递,JT0014841232748,生活用品,河北省,
能源小区智慧社区服务站_站点-能源小区智慧社区服务站,快递,2025-01-02 13:36:07,,1,,6.00,,2.32,42% - 0.2,2,1874691096816099328,极兔快递,JT0014820341055,服饰,江苏省,
能源小区智慧社区服务站_站点-能源小区智慧社区服务站,快递,2025-01-02 12:56:21,,1,,6.00,,2.32,42% - 0.2,2,1874681089689100288,极兔快递,JT0014831916378,服饰,浙江省,
能源小区智慧社区服务站_站点-能源小区智慧社区服务站,快递,2025-01-02 12:48:24,,2,,8.00,,3.88,51% - 0.2,2,1874679073805934592,极兔快递,JT0014840468626,食品,安徽省,
能源小区智慧社区服务站_站点-能源小区智慧社区服务站,快递,2025-01-02 12:21:13,,1,,6.00,,2.32,42% - 0.2,2,1874672246242385920,极兔快递,JT0014833529092,生活用品,安徽省,
能源小区智慧社区服务站_站点-能源小区智慧社区服务站,快递,2025-01-02 11:57:43,,1,,6.00,,2.32,42% - 0.2,2,1874666320181567488,极兔快递,JT0014838205569,生活用品,浙江省,
能源小区智慧社区服务站_站点-能源小区智慧社区服务站,快递,2025-01-02 11:53:19,,1,,6.00,,2.32,42% - 0.2,2,1874665226969784320,极兔快递,JT0014836676883,服饰,江苏省,
能源小区智慧社区服务站_站点-能源小区智慧社区服务站,快递,2025-01-02 11:49:49,,1,,6.00,,2.32,42% - 0.2,2,1874664347126439936,极兔快递,JT0014815367612,生活用品,广东省,
能源小区智慧社区服务站_站点-能源小区智慧社区服务站,快递,2025-01-02 11:48:14,,1,,6.00,,2.32,42% - 0.2,2,1874663947132444672,极兔快递,JT0014839834812,服饰,四川省,
能源小区智慧社区服务站_站点-能源小区智慧社区服务站,快递,2025-01-02 11:46:52,,1,,6.00,,2.32,42% - 0.2,2,1874663604894015488,极兔快递,JT0014834457848,服饰,广东省,
能源小区智慧社区服务站_站点-能源小区智慧社区服务站,快递,2025-01-02 11:45:14,,1,,6.00,,2.32,42% - 0.2,2,1874663189372706816,极兔快递,JT0014826837620,服饰,浙江省,
能源小区智慧社区服务站_站点-能源小区智慧社区服务站,快递,2025-01-02 10:27:53,,1,,6.00,,2.32,42% - 0.2,2,1874643729381896192,极兔快递,JT0014836546558,服饰,浙江省,
能源小区智慧社区服务站_站点-能源小区智慧社区服务站,快递,2025-01-02 10:26:04,,1,,6.00,,2.32,42% - 0.2,2,1874643274404769792,极兔快递,JT0014834459002,生活用品,江西省,
能源小区智慧社区服务站_站点-能源小区智慧社区服务站,快递,2025-01-02 10:24:06,,1,,6.00,,2.32,42% - 0.2,2,1874642773785227264,极兔快递,JT0014830926318,食品,河南省,
能源小区智慧社区服务站_站点-能源小区智慧社区服务站,快递,2025-01-02 10:22:42,,1,,6.00,,2.32,42% - 0.2,2,1874642423078498304,极兔快递,JT0014834959302,食品,河南省,
能源小区智慧社区服务站_站点-能源小区智慧社区服务站,快递,2025-01-02 10:20:34,,1,,6.00,,2.32,42% - 0.2,2,1874641882994749440,极兔快递,JT0014830480054,服饰,浙江省,
能源小区智慧社区服务站_站点-能源小区智慧社区服务站,快递,2025-01-02 10:08:17,,2,,8.00,,3.88,51% - 0.2,2,1874638791398436864,极兔快递,JT0014826993268,生活用品,江苏省,
能源小区智慧社区服务站_站点-能源小区智慧社区服务站,快递,2025-01-01 19:53:21,,1,,6.00,,2.32,42% - 0.2,2,1874423644417236992,极兔快递,JT0014833956572,服饰,浙江省,
能源小区智慧社区服务站_站点-能源小区智慧社区服务站,快递,2025-01-01 19:46:51,,3,,10.00,,5.30,55% - 0.2,2,1874421968927006720,韵达快递,312597233527722,服饰,辽宁省,
能源小区智慧社区服务站_站点-能源小区智慧社区服务站,快递,2025-01-01 19:32:34,,1,,6.00,,2.32,42% - 0.2,2,1874418412484370432,极兔快递,JT0014833826053,服饰,浙江省,
能源小区智慧社区服务站_站点-能源小区智慧社区服务站,快递,2025-01-01 19:16:35,,1,,6.00,,2.32,42% - 0.2,2,1874414384438386688,极兔快递,JT0014828516699,服饰,福建省,
能源小区智慧社区服务站_站点-能源小区智慧社区服务站,快递,2025-01-01 19:15:40,,1,,6.00,,2.32,42% - 0.2,2,1874414154615693312,极兔快递,JT0014830999012,服饰,福建省,
能源小区智慧社区服务站_站点-能源小区智慧社区服务站,快递,2025-01-01 19:01:26,,1,,6.00,,2.32,42% - 0.2,2,1874410550513180672,极兔快递,JT0014832793026,服饰,浙江省,
能源小区智慧社区服务站_站点-能源小区智慧社区服务站,快递,2025-01-01 17:55:56,,1,,6.00,,2.32,42% - 0.2,2,1874394086754295808,极兔快递,JT0014832156575,生活用品,广东省,
能源小区智慧社区服务站_站点-能源小区智慧社区服务站,快递,2025-01-01 17:55:24,,1,,6.00,,2.32,42% - 0.2,2,1874393950972092416,极兔快递,JT0014827982757,生活用品,广东省,
能源小区智慧社区服务站_站点-能源小区智慧社区服务站,快递,2025-01-01 17:54:54,,1,,6.00,,2.32,42% - 0.2,2,1874393828817182720,极兔快递,JT0014817574670,生活用品,广东省,
能源小区智慧社区服务站_站点-能源小区智慧社区服务站,快递,2025-01-01 17:54:05,,1,,6.00,,2.32,42% - 0.2,2,1874393630124613632,极兔快递,JT0014820806012,生活用品,广东省,
能源小区智慧社区服务站_站点-能源小区智慧社区服务站,快递,2025-01-01 17:40:34,,1,,6.00,,2.32,42% - 0.2,2,1874390225490616320,极兔快递,JT0014829443946,服饰,广东省,
能源小区智慧社区服务站_站点-能源小区智慧社区服务站,快递,2025-01-01 17:25:00,,2,,8.00,,3.88,51% - 0.2,2,1874386290465906688,极兔快递,JT0014831936092,生活用品,湖南省,
能源小区智慧社区服务站_站点-能源小区智慧社区服务站,快递,2025-01-01 17:19:59,,2,,8.00,,3.88,51% - 0.2,2,1874385046045270016,极兔快递,JT0014829219761,服饰,浙江省,
能源小区智慧社区服务站_站点-能源小区智慧社区服务站,快递,2025-01-01 17:17:26,,2,,8.00,,3.88,51% - 0.2,2,1874384405948342272,极兔快递,JT0014830386154,生活用品,广东省,
能源小区智慧社区服务站_站点-能源小区智慧社区服务站,快递,2025-01-01 17:15:00,,1,,6.00,,2.32,42% - 0.2,2,1874383787036844032,极兔快递,JT0014827321636,服饰,山东省,
能源小区智慧社区服务站_站点-能源小区智慧社区服务站,快递,2025-01-01 16:46:53,,4,,12.00,,5.80,50% - 0.2,2,1874376717482926080,极兔快递,JT0014830473166,生活用品,山东省,
能源小区智慧社区服务站_站点-能源小区智慧社区服务站,快递,2025-01-01 16:01:20,,1,,6.00,,2.32,42% - 0.2,2,1874365252235501568,极兔快递,JT0014815742477,服饰,河南省,
能源小区智慧社区服务站_站点-能源小区智慧社区服务站,快递,2025-01-01 14:46:34,,2,,8.00,,3.88,51% - 0.2,2,1874346411447099392,极兔快递,JT0014828486158,服饰,浙江省,
能源小区智慧社区服务站_站点-能源小区智慧社区服务站,快递,2025-01-01 14:37:01,,2,,8.00,,3.88,51% - 0.2,2,1874344035629735936,极兔快递,JT0014827622471,服饰,浙江省,
能源小区智慧社区服务站_站点-能源小区智慧社区服务站,快递,2025-01-01 14:33:17,,2,,8.00,,3.88,51% - 0.2,2,1874343090925674496,极兔快递,JT0014828470397,液体,广东省,
能源小区智慧社区服务站_站点-能源小区智慧社区服务站,快递,2025-01-01 14:31:36,,1,,6.00,,2.32,42% - 0.2,2,1874342671541411840,极兔快递,JT0014829610544,服饰,广东省,
能源小区智慧社区服务站_站点-能源小区智慧社区服务站,快递,2025-01-01 14:30:10,,1,,6.00,,2.32,42% - 0.2,2,1874342313121357824,极兔快递,JT0014821271015,服饰,广东省,
能源小区智慧社区服务站_站点-能源小区智慧社区服务站,快递,2025-01-01 14:28:52,,1,,6.00,,2.32,42% - 0.2,2,1874341986351521792,极兔快递,JT0014828573454,服饰,河北省,
能源小区智慧社区服务站_站点-能源小区智慧社区服务站,快递,2025-01-01 14:27:13,,1,,6.00,,2.32,42% - 0.2,2,1874341569022468096,极兔快递,JT0014828492003,服饰,福建省,
能源小区智慧社区服务站_站点-能源小区智慧社区服务站,快递,2025-01-01 13:55:22,,1,,6.00,,2.32,42% - 0.2,2,1874333556291215360,极兔快递,JT0014828480976,服饰,河南省,
能源小区智慧社区服务站_站点-能源小区智慧社区服务站,快递,2025-01-01 13:53:58,,1,,6.00,,2.32,42% - 0.2,2,1874333203424419840,极兔快递,JT0014828822318,服饰,湖南省,
能源小区智慧社区服务站_站点-能源小区智慧社区服务站,快递,2025-01-01 13:23:25,,1,,6.00,,2.32,42% - 0.2,2,1874325512408866816,极兔快递,JT0014827392048,生活用品,河南省,
能源小区智慧社区服务站_站点-能源小区智慧社区服务站,快递,2025-01-01 12:05:25,,2,,8.00,,3.88,51% - 0.2,2,1874305675099971584,极兔快递,JT0014822881037,生活用品,江苏省,
能源小区智慧社区服务站_站点-能源小区智慧社区服务站,快递,2025-01-01 11:58:32,,1,,6.00,,2.32,42% - 0.2,2,1874304152584396800,极兔快递,JT0014821333079,服饰,河北省,
能源小区智慧社区服务站_站点-能源小区智慧社区服务站,快递,2025-01-01 11:56:35,,1,,6.00,,2.32,42% - 0.2,2,1874303495517315072,极兔快递,JT0014824300352,服饰,河北省,
能源小区智慧社区服务站_站点-能源小区智慧社区服务站,快递,2025-01-01 11:53:05,,1,,6.00,,2.32,42% - 0.2,2,1874302779612536832,极兔快递,JT0014825184169,服饰,河北省,
能源小区智慧社区服务站_站点-能源小区智慧社区服务站,快递,2025-01-01 11:51:05,,1,,6.00,,2.32,42% - 0.2,2,1874302278451929088,极兔快递,JT0014825606525,服饰,河北省,
能源小区智慧社区服务站_站点-能源小区智慧社区服务站,快递,2025-01-01 11:49:34,,1,,6.00,,2.32,42% - 0.2,2,1874301898158579712,极兔快递,JT0014826370809,服饰,河北省,
能源小区智慧社区服务站_站点-能源小区智慧社区服务站,快递,2025-01-01 11:46:49,,1,,6.00,,2.32,42% - 0.2,2,1874301092780908544,极兔快递,JT0014816510245,服饰,广东省,
能源小区智慧社区服务站_站点-能源小区智慧社区服务站,快递,2025-01-01 11:23:02,,1,,6.00,,2.32,42% - 0.2,2,1874295217123041280,极兔快递,JT0014826534243,服饰,广东省,
能源小区智慧社区服务站_站点-能源小区智慧社区服务站,快递,2025-01-01 11:19:05,,1,,6.00,,2.32,42% - 0.2,2,1874294226390687744,极兔快递,JT0014826720844,生活用品,浙江省,
能源小区智慧社区服务站_站点-能源小区智慧社区服务站,快递,2025-01-01 10:57:23,,1,,6.00,,2.32,42% - 0.2,2,1874288760742813696,极兔快递,JT0014821974276,服饰,广东省,
能源小区智慧社区服务站_站点-能源小区智慧社区服务站,快递,2025-01-01 10:57:01,,1,,6.00,,2.32,42% - 0.2,2,1874288670519140352,极兔快递,JT0014821718884,服饰,广东省,
能源小区智慧社区服务站_站点-能源小区智慧社区服务站,快递,2025-01-01 10:55:48,,1,,6.00,,2.32,42% - 0.2,2,1874288363412201472,极兔快递,JT0014807725688,服饰,广东省,
能源小区智慧社区服务站_站点-能源小区智慧社区服务站,快递,2025-01-01 10:54:39,,1,,6.00,,2.32,42% - 0.2,2,1874288066040242176,极兔快递,JT0014818596025,服饰,广东省,
能源小区智慧社区服务站_站点-能源小区智慧社区服务站,快递,2025-01-01 10:53:21,,1,,6.00,,2.32,42% - 0.2,2,1874287749592588288,极兔快递,JT0014822794025,服饰,江苏省,
能源小区智慧社区服务站_站点-能源小区智慧社区服务站,快递,2025-01-01 10:52:05,,2,,8.00,,3.88,51% - 0.2,2,1874287432310267904,极兔快递,JT0014825151469,服饰,辽宁省,
能源小区智慧社区服务站_站点-能源小区智慧社区服务站,快递,2025-01-01 10:49:43,,4,,12.00,,5.80,50% - 0.2,2,1874286825792937984,极兔快递,JT0014824538383,服饰,浙江省,
能源小区智慧社区服务站_站点-能源小区智慧社区服务站,快递,2025-01-01 10:47:37,,2,,8.00,,3.88,51% - 0.2,2,1874286307263717376,极兔快递,JT0014825055561,服饰,浙江省,
能源小区智慧社区服务站_站点-能源小区智慧社区服务站,快递,2025-01-01 10:41:30,,1,,6.00,,2.32,42% - 0.2,2,1874284761532669952,极兔快递,JT0014825393331,服饰,陕西省,
能源小区智慧社区服务站_站点-能源小区智慧社区服务站,快递,2025-01-01 10:39:32,,1,,6.00,,2.32,42% - 0.2,2,1874284273584119808,极兔快递,JT0014824749031,服饰,江苏省,
能源小区智慧社区服务站_站点-能源小区智慧社区服务站,快递,2025-01-01 10:38:03,,1,,6.00,,2.32,42% - 0.2,2,1874283886051401728,极兔快递,JT0014823666087,服饰,广东省,
能源小区智慧社区服务站_站点-能源小区智慧社区服务站,快递,2025-01-01 10:07:02,,10,,30.00,,14.80,50% - 0.2,2,1874276089129672704,极兔快递,JT0014824489827,生鲜类,江西省,
