姓名,订单类型,日期,退款日期,打单重量,结算重量,金额,超重金额,团长利润,利润公式,价格方案,订单号,快递公司,物流单号,邮寄物品,发往,说明
名恩首府智慧社区服务_站点,总计:,3416.03,,,,,,,,,,,,,,
名恩首府智慧社区服务_站点-名恩首府智慧社区服务站,快递,2025-01-25 17:53:54,,1.8,,8.00,,3.88,51% - 0.2,2,1883090882514984960,极兔快递,JT0015157698921,生活用品,江苏省,
名恩首府智慧社区服务_站点-名恩首府智慧社区服务站,快递,2025-01-25 17:52:05,,1.2,,8.00,,3.88,51% - 0.2,2,1883090420625645568,极兔快递,JT0015165498839,生活用品,江苏省,
名恩首府智慧社区服务_站点-名恩首府智慧社区服务站,快递,2025-01-25 17:23:40,,1.5,,8.00,,3.88,51% - 0.2,2,1883083265470177280,极兔快递,JT0015160057929,服饰,浙江省,
名恩首府智慧社区服务_站点-名恩首府智慧社区服务站,快递,2025-01-25 17:21:57,,1.2,,8.00,,3.88,51% - 0.2,2,1883082793699057664,极兔快递,JT0015165286326,服饰,湖南省,
名恩首府智慧社区服务_站点-名恩首府智慧社区服务站,快递,2025-01-25 17:15:13,,0.5,,6.00,,2.32,42% - 0.2,2,1883081149242482688,极兔快递,JT0015159285411,服饰,湖南省,
名恩首府智慧社区服务_站点-名恩首府智慧社区服务站,快递,2025-01-25 17:11:13,,1.2,,8.00,,3.88,51% - 0.2,2,1883080136548753408,极兔快递,JT0015164989660,服饰,广东省,
名恩首府智慧社区服务_站点-名恩首府智慧社区服务站,快递,2025-01-25 17:08:08,,0.5,,6.00,,2.32,42% - 0.2,2,1883079364817788928,极兔快递,JT0015159632265,服饰,广东省,
名恩首府智慧社区服务_站点-名恩首府智慧社区服务站,快递,2025-01-25 17:06:23,,0.5,,6.00,,2.32,42% - 0.2,2,1883078924147433472,极兔快递,JT0015165182182,生活用品,河南省,
名恩首府智慧社区服务_站点-名恩首府智慧社区服务站,快递,2025-01-25 16:44:11,,0.2,,6.00,,2.32,42% - 0.2,2,1883073337925902336,极兔快递,JT0015165580118,服饰,广东省,
名恩首府智慧社区服务_站点-名恩首府智慧社区服务站,快递,2025-01-25 15:16:50,,1.2,,8.00,,3.88,51% - 0.2,2,1883051340319760384,极兔快递,JT0015163141895,生活用品,浙江省,
名恩首府智慧社区服务_站点-名恩首府智慧社区服务站,快递,2025-01-25 13:58:20,,1.1,,8.00,,3.88,51% - 0.2,2,1883031599811207168,极兔快递,JT0015163219476,生活用品,浙江省,
名恩首府智慧社区服务_站点-名恩首府智慧社区服务站,快递,2025-01-24 16:57:57,,0.5,,6.00,,2.32,42% - 0.2,2,1882714414169530368,极兔快递,JT0015158038632,服饰,江苏省,
名恩首府智慧社区服务_站点-名恩首府智慧社区服务站,快递,2025-01-24 16:55:54,,1.2,,8.00,,3.88,51% - 0.2,2,1882713897972342784,极兔快递,JT0015156019417,服饰,浙江省,
名恩首府智慧社区服务_站点-名恩首府智慧社区服务站,快递,2025-01-24 16:44:34,,2.2,,10.00,,5.30,55% - 0.2,2,1882711044184678400,极兔快递,JT0015158709236,服饰,福建省,
名恩首府智慧社区服务_站点-名恩首府智慧社区服务站,快递,2025-01-24 16:30:05,,1.2,,8.00,,3.88,51% - 0.2,2,1882707387095523328,极兔快递,JT0015158327990,服饰,广东省,
名恩首府智慧社区服务_站点-名恩首府智慧社区服务站,快递,2025-01-24 16:28:43,,1,,6.00,,2.32,42% - 0.2,2,1882707061835636736,极兔快递,JT0015143413736,服饰,广东省,
名恩首府智慧社区服务_站点-名恩首府智慧社区服务站,快递,2025-01-24 16:27:38,,0.5,,6.00,,2.32,42% - 0.2,2,1882706788996161536,极兔快递,JT0015159983311,服饰,河南省,
名恩首府智慧社区服务_站点-名恩首府智慧社区服务站,快递,2025-01-24 16:26:33,,1.2,,8.00,,3.88,51% - 0.2,2,1882706513442971648,极兔快递,JT0015158707516,服饰,浙江省,
名恩首府智慧社区服务_站点-名恩首府智慧社区服务站,快递,2025-01-24 16:12:46,,0.5,,6.00,,2.32,42% - 0.2,2,1882703045894414336,极兔快递,JT0015152311317,服饰,河南省,
名恩首府智慧社区服务_站点-名恩首府智慧社区服务站,快递,2025-01-24 16:11:10,,0.5,,6.00,,2.32,42% - 0.2,2,1882702644428218368,极兔快递,JT0015160080091,服饰,江西省,
名恩首府智慧社区服务_站点-名恩首府智慧社区服务站,快递,2025-01-24 16:08:58,,1,,6.00,,2.32,42% - 0.2,2,1882702091023360000,极兔快递,JT0015154309824,服饰,湖北省,
名恩首府智慧社区服务_站点-名恩首府智慧社区服务站,快递,2025-01-24 16:02:02,,0.5,,6.00,,2.32,42% - 0.2,2,1882700343751811072,极兔快递,JT0015158117429,服饰,浙江省,
名恩首府智慧社区服务_站点-名恩首府智慧社区服务站,快递,2025-01-24 14:10:04,,0.5,,6.00,,2.32,42% - 0.2,2,1882672168627937280,极兔快递,JT0015157442518,服饰,浙江省,
名恩首府智慧社区服务_站点-名恩首府智慧社区服务站,快递,2025-01-24 14:06:04,,0.5,,6.00,,2.32,42% - 0.2,2,1882671159394508800,极兔快递,JT0015155528320,服饰,浙江省,
名恩首府智慧社区服务_站点-名恩首府智慧社区服务站,快递,2025-01-24 14:05:02,,0.5,,6.00,,2.32,42% - 0.2,2,1882670897409892352,极兔快递,JT0015154684829,服饰,江苏省,
名恩首府智慧社区服务_站点-名恩首府智慧社区服务站,快递,2025-01-23 19:36:48,,0.5,,6.00,,2.32,42% - 0.2,2,1882392003268124672,极兔快递,JT0015140728689,生活用品,江西省,
名恩首府智慧社区服务_站点-名恩首府智慧社区服务站,快递,2025-01-23 19:22:29,,0.5,,6.00,,2.32,42% - 0.2,2,1882388403473162240,极兔快递,JT0015154079079,服饰,江苏省,
名恩首府智慧社区服务_站点-名恩首府智慧社区服务站,快递,2025-01-23 19:19:52,,0.5,,7.00,,1.94,42%,2,1882387741049954304,极兔快递,JT0015153605697,服饰,上海市,
名恩首府智慧社区服务_站点-名恩首府智慧社区服务站,快递,2025-01-23 18:41:37,,1.5,,8.00,,3.88,51% - 0.2,2,1882378116409925632,极兔快递,JT0015153176221,服饰,湖北省,
名恩首府智慧社区服务_站点-名恩首府智慧社区服务站,快递,2025-01-23 18:34:43,,1,,6.00,,2.32,42% - 0.2,2,1882376377241772032,极兔快递,JT0015147722196,服饰,广东省,
名恩首府智慧社区服务_站点-名恩首府智慧社区服务站,快递,2025-01-23 18:17:20,,0.5,,6.00,,2.32,42% - 0.2,2,1882372003459309568,极兔快递,JT0015151484210,服饰,安徽省,
名恩首府智慧社区服务_站点-名恩首府智慧社区服务站,快递,2025-01-23 18:13:00,,1,,6.00,,2.32,42% - 0.2,2,1882370915700121600,极兔快递,JT0015154129740,服饰,江苏省,
名恩首府智慧社区服务_站点-名恩首府智慧社区服务站,快递,2025-01-23 18:11:37,,0.5,,6.00,,2.32,42% - 0.2,2,1882370567073767424,极兔快递,JT0015149440798,服饰,广东省,
名恩首府智慧社区服务_站点-名恩首府智慧社区服务站,快递,2025-01-23 18:10:15,,1,,6.00,,2.32,42% - 0.2,2,1882370226240430080,极兔快递,JT0015153948306,服饰,安徽省,
名恩首府智慧社区服务_站点-名恩首府智慧社区服务站,快递,2025-01-23 18:08:59,,1.2,,8.00,,3.88,51% - 0.2,2,1882369900288483328,极兔快递,JT0015150005010,服饰,安徽省,
名恩首府智慧社区服务_站点-名恩首府智慧社区服务站,快递,2025-01-23 18:07:45,,1.2,,8.00,,3.88,51% - 0.2,2,1882369593961684992,极兔快递,JT0015153471806,服饰,安徽省,
名恩首府智慧社区服务_站点-名恩首府智慧社区服务站,快递,2025-01-23 18:04:12,,1.5,,8.00,,3.88,51% - 0.2,2,1882368700189057024,极兔快递,JT0015153659648,服饰,江苏省,
名恩首府智慧社区服务_站点-名恩首府智慧社区服务站,快递,2025-01-23 17:59:00,,0.5,,6.00,,2.32,42% - 0.2,2,1882367388022022144,极兔快递,JT0015153359396,服饰,浙江省,
名恩首府智慧社区服务_站点-名恩首府智慧社区服务站,快递,2025-01-23 17:54:14,,0.5,,6.00,,2.32,42% - 0.2,2,1882366171787108352,极兔快递,JT0015154116658,服饰,江苏省,
名恩首府智慧社区服务_站点-名恩首府智慧社区服务站,快递,2025-01-23 17:45:31,,1.2,,8.00,,3.88,51% - 0.2,2,1882363997501857792,极兔快递,JT0015138373099,服饰,河南省,
名恩首府智慧社区服务_站点-名恩首府智慧社区服务站,快递,2025-01-23 17:08:32,,1.1,,8.00,,3.88,51% - 0.2,2,1882354691817676800,极兔快递,JT0015152765292,服饰,广东省,
名恩首府智慧社区服务_站点-名恩首府智慧社区服务站,快递,2025-01-23 17:07:23,,0.2,,6.00,,2.32,42% - 0.2,2,1882354393619439616,极兔快递,JT0015152003928,服饰,河北省,
名恩首府智慧社区服务_站点-名恩首府智慧社区服务站,快递,2025-01-23 15:52:40,,0.5,,6.00,,2.32,42% - 0.2,2,1882335597236133888,极兔快递,JT0015121568168,服饰,江苏省,
名恩首府智慧社区服务_站点-名恩首府智慧社区服务站,快递,2025-01-23 15:34:58,,0.5,,6.00,,2.32,42% - 0.2,2,1882331143376019456,极兔快递,JT0015150779983,生活用品,广东省,
名恩首府智慧社区服务_站点-名恩首府智慧社区服务站,快递,2025-01-23 15:33:14,,0.5,,6.00,,2.32,42% - 0.2,2,1882330705088028672,极兔快递,JT0015150790990,服饰,河南省,
名恩首府智慧社区服务_站点-名恩首府智慧社区服务站,快递,2025-01-23 15:19:13,,0.5,,6.00,,2.32,42% - 0.2,2,1882327179297366016,极兔快递,JT0015151595086,服饰,浙江省,
名恩首府智慧社区服务_站点-名恩首府智慧社区服务站,快递,2025-01-23 15:18:03,,1.2,,8.00,,3.88,51% - 0.2,2,1882326888778899456,极兔快递,JT0015148845366,服饰,广东省,
名恩首府智慧社区服务_站点-名恩首府智慧社区服务站,快递,2025-01-23 15:11:02,,1.5,,8.00,,3.88,51% - 0.2,2,1882325122851086336,极兔快递,JT0015143182960,服饰,浙江省,
名恩首府智慧社区服务_站点-名恩首府智慧社区服务站,快递,2025-01-23 15:08:24,,0.5,,6.00,,2.32,42% - 0.2,2,1882324456275517440,极兔快递,JT0015150259319,服饰,山东省,
名恩首府智慧社区服务_站点-名恩首府智慧社区服务站,快递,2025-01-23 14:58:41,,0.5,,6.00,,2.32,42% - 0.2,2,1882322013697417216,极兔快递,JT0015150670322,服饰,广东省,
名恩首府智慧社区服务_站点-名恩首府智慧社区服务站,快递,2025-01-23 14:54:53,,1.2,,8.00,,3.88,51% - 0.2,2,1882321056896983040,极兔快递,JT0015150950166,服饰,浙江省,
名恩首府智慧社区服务_站点-名恩首府智慧社区服务站,快递,2025-01-23 14:43:53,,1,,6.00,,2.32,42% - 0.2,2,1882318289667170304,极兔快递,JT0015148403480,服饰,湖北省,
名恩首府智慧社区服务_站点-名恩首府智慧社区服务站,快递,2025-01-23 13:45:50,,1.5,,8.00,,3.88,51% - 0.2,2,1882303677773193216,极兔快递,JT0015120980303,服饰,四川省,
名恩首府智慧社区服务_站点-名恩首府智慧社区服务站,快递,2025-01-23 13:33:02,,0.7,,6.00,,2.32,42% - 0.2,2,1882300448477880320,极兔快递,JT0015148877689,服饰,浙江省,
名恩首府智慧社区服务_站点-名恩首府智慧社区服务站,快递,2025-01-23 13:24:16,,0.5,,6.00,,2.32,42% - 0.2,2,1882298253401464832,极兔快递,JT0015148377823,服饰,广东省,
名恩首府智慧社区服务_站点-名恩首府智慧社区服务站,快递,2025-01-23 13:22:29,,0.5,,6.00,,2.32,42% - 0.2,2,1882297806552899584,极兔快递,JT0015149798003,服饰,广东省,
名恩首府智慧社区服务_站点-名恩首府智慧社区服务站,快递,2025-01-23 13:12:20,,0.5,,6.00,,2.32,42% - 0.2,2,1882295247910019072,极兔快递,JT0015148209486,服饰,江西省,
名恩首府智慧社区服务_站点-名恩首府智慧社区服务站,快递,2025-01-23 11:58:59,,1.5,,8.00,,3.88,51% - 0.2,2,1882276792758509568,极兔快递,JT0015148249568,生活用品,浙江省,
名恩首府智慧社区服务_站点-名恩首府智慧社区服务站,快递,2025-01-23 11:57:02,,0.5,,6.00,,2.32,42% - 0.2,2,1882276242503573504,极兔快递,JT0015148339277,生活用品,广东省,
名恩首府智慧社区服务_站点-名恩首府智慧社区服务站,快递,2025-01-23 11:00:37,,0.8,,6.00,,2.32,42% - 0.2,2,1882262091504885760,极兔快递,JT0015142775571,服饰,湖南省,
名恩首府智慧社区服务_站点-名恩首府智慧社区服务站,快递,2025-01-23 10:51:25,,1.2,,8.00,,3.88,51% - 0.2,2,1882259789486301184,极兔快递,JT0015139878327,生活用品,浙江省,
名恩首府智慧社区服务_站点-名恩首府智慧社区服务站,快递,2025-01-23 10:49:39,,1.2,,8.00,,3.88,51% - 0.2,2,1882259340855156736,极兔快递,JT0015146009922,生活用品,浙江省,
名恩首府智慧社区服务_站点-名恩首府智慧社区服务站,快递,2025-01-23 10:46:48,,0.5,,6.00,,2.32,42% - 0.2,2,1882258625134927872,极兔快递,JT0015147045269,生活用品,浙江省,
名恩首府智慧社区服务_站点-名恩首府智慧社区服务站,快递,2025-01-23 10:44:25,,1.1,,8.00,,3.88,51% - 0.2,2,1882258024367988736,极兔快递,JT0015125947407,生活用品,浙江省,
名恩首府智慧社区服务_站点-名恩首府智慧社区服务站,快递,2025-01-23 10:35:59,,1,,6.00,,2.32,42% - 0.2,2,1882255891241443328,极兔快递,JT0015144428865,生活用品,河北省,
名恩首府智慧社区服务_站点-名恩首府智慧社区服务站,快递,2025-01-23 10:33:48,,0.2,,6.00,,2.32,42% - 0.2,2,1882255357226852352,极兔快递,JT0015148127758,生活用品,广东省,
名恩首府智慧社区服务_站点-名恩首府智慧社区服务站,快递,2025-01-23 10:29:52,,0.5,,6.00,,2.32,42% - 0.2,2,1882254362543464448,极兔快递,JT0015148061582,服饰,广东省,
名恩首府智慧社区服务_站点-名恩首府智慧社区服务站,快递,2025-01-23 10:21:10,,0.2,,6.00,,2.32,42% - 0.2,2,1882252176262504448,极兔快递,JT0015147522726,服饰,江苏省,
名恩首府智慧社区服务_站点-名恩首府智慧社区服务站,快递,2025-01-23 10:17:46,,1.2,,8.00,,3.88,51% - 0.2,2,1882251320507047936,极兔快递,JT0015145068880,服饰,广东省,
名恩首府智慧社区服务_站点-名恩首府智慧社区服务站,快递,2025-01-23 10:15:55,,0.8,,6.00,,2.32,42% - 0.2,2,1882250853051867136,极兔快递,JT0015144970780,服饰,浙江省,
名恩首府智慧社区服务_站点-名恩首府智慧社区服务站,干洗,2025-01-22 19:15:08,,,,9.90,,2.97,30%,,1882024161337753600,干洗,,"清洗鞋19.8元两双   *   1",,
名恩首府智慧社区服务_站点-名恩首府智慧社区服务站,快递,2025-01-22 18:58:08,,1.3,,8.00,,3.88,51% - 0.2,2,1882019886243069952,极兔快递,JT0015143832141,生活用品,湖南省,
名恩首府智慧社区服务_站点-名恩首府智慧社区服务站,快递,2025-01-22 18:54:49,,0.8,,6.00,,2.32,42% - 0.2,2,1882019054990737408,极兔快递,JT0015139823505,生活用品,广东省,
名恩首府智慧社区服务_站点-名恩首府智慧社区服务站,快递,2025-01-22 18:53:41,,0.2,,6.00,,2.32,42% - 0.2,2,1882018765986414592,极兔快递,JT0015139884544,生活用品,广东省,
名恩首府智慧社区服务_站点-名恩首府智慧社区服务站,快递,2025-01-22 18:51:51,,1.5,,8.00,,3.88,51% - 0.2,2,1882018303824445440,极兔快递,JT0015139511604,服饰,湖南省,
名恩首府智慧社区服务_站点-名恩首府智慧社区服务站,快递,2025-01-22 18:48:46,,0.5,,6.00,,2.32,42% - 0.2,2,1882017526095626240,极兔快递,JT0015142055437,生活用品,河南省,
名恩首府智慧社区服务_站点-名恩首府智慧社区服务站,快递,2025-01-22 18:40:16,,1,,6.00,,2.32,42% - 0.2,2,1882015388065939456,极兔快递,JT0015142308025,服饰,河北省,
名恩首府智慧社区服务_站点-名恩首府智慧社区服务站,快递,2025-01-22 18:12:40,,0.5,,6.00,,2.32,42% - 0.2,2,1882008445456826368,极兔快递,JT0015142977811,服饰,广东省,
名恩首府智慧社区服务_站点-名恩首府智慧社区服务站,快递,2025-01-22 18:10:48,,2.5,,10.00,,5.30,55% - 0.2,2,1882007973761204224,极兔快递,JT0015143722702,服饰,广东省,
名恩首府智慧社区服务_站点-名恩首府智慧社区服务站,快递,2025-01-22 18:00:42,,0.5,,6.00,,2.32,42% - 0.2,2,1882005430435921920,极兔快递,JT0015143647283,生活用品,广东省,
名恩首府智慧社区服务_站点-名恩首府智慧社区服务站,快递,2025-01-22 17:46:03,,0.1,,6.00,,2.32,42% - 0.2,2,1882001744687087616,极兔快递,JT0015142570812,服饰,浙江省,
名恩首府智慧社区服务_站点-名恩首府智慧社区服务站,快递,2025-01-22 17:43:58,,0.2,,6.00,,2.32,42% - 0.2,2,1882001203806420992,极兔快递,JT0015141412293,服饰,广东省,
名恩首府智慧社区服务_站点-名恩首府智慧社区服务站,快递,2025-01-22 17:40:22,,0.1,,6.00,,2.32,42% - 0.2,2,1882000310541303808,极兔快递,JT0015143269787,服饰,广东省,
名恩首府智慧社区服务_站点-名恩首府智慧社区服务站,快递,2025-01-22 17:38:16,,0.5,,6.00,,2.32,42% - 0.2,2,1881999784881766400,极兔快递,JT0015141518391,服饰,广东省,
名恩首府智慧社区服务_站点-名恩首府智慧社区服务站,快递,2025-01-22 17:33:26,,1.5,,8.00,,3.88,51% - 0.2,2,1881998569439576064,极兔快递,JT0015142756678,服饰,湖北省,
名恩首府智慧社区服务_站点-名恩首府智慧社区服务站,快递,2025-01-22 17:31:35,,0.5,,6.00,,2.32,42% - 0.2,2,1881998103972495360,极兔快递,JT0015133367627,服饰,广东省,
名恩首府智慧社区服务_站点-名恩首府智慧社区服务站,快递,2025-01-22 17:26:31,,0.5,,6.00,,2.32,42% - 0.2,2,1881996829176709120,极兔快递,JT0015141207899,服饰,广东省,
名恩首府智慧社区服务_站点-名恩首府智慧社区服务站,快递,2025-01-22 17:24:22,,0.5,,6.00,,2.32,42% - 0.2,2,1881996286211473408,极兔快递,JT0015140605314,服饰,浙江省,
名恩首府智慧社区服务_站点-名恩首府智慧社区服务站,快递,2025-01-22 17:18:34,,0.5,,6.00,,2.32,42% - 0.2,2,1881994828837634048,极兔快递,JT0015139314525,生活用品,河南省,
名恩首府智慧社区服务_站点-名恩首府智慧社区服务站,快递,2025-01-22 17:16:13,,1.5,,8.00,,3.88,51% - 0.2,2,1881994231862345728,极兔快递,JT0015140265608,服饰,浙江省,
名恩首府智慧社区服务_站点-名恩首府智慧社区服务站,快递,2025-01-22 17:04:17,,2.5,,10.00,,5.30,55% - 0.2,2,1881991234134556672,极兔快递,JT0015132428337,服饰,辽宁省,
名恩首府智慧社区服务_站点-名恩首府智慧社区服务站,快递,2025-01-22 17:01:40,,1.5,,8.00,,3.88,51% - 0.2,2,1881990576371220480,极兔快递,JT0015142875381,服饰,浙江省,
名恩首府智慧社区服务_站点-名恩首府智慧社区服务站,快递,2025-01-22 16:55:06,,0.2,,6.00,,2.32,42% - 0.2,2,1881988921898647552,极兔快递,JT0015141379098,服饰,广东省,
名恩首府智慧社区服务_站点-名恩首府智慧社区服务站,快递,2025-01-22 16:52:44,,0.5,,6.00,,2.32,42% - 0.2,2,1881988327565770752,极兔快递,JT0015142203926,服饰,广东省,
名恩首府智慧社区服务_站点-名恩首府智慧社区服务站,快递,2025-01-22 16:45:14,,0.5,,6.00,,2.32,42% - 0.2,2,1881986443346001920,极兔快递,JT0015139914235,服饰,浙江省,
名恩首府智慧社区服务_站点-名恩首府智慧社区服务站,快递,2025-01-22 16:36:39,,1.2,,8.00,,3.88,51% - 0.2,2,1881984282386055168,极兔快递,JT0015140166375,服饰,河北省,
名恩首府智慧社区服务_站点-名恩首府智慧社区服务站,快递,2025-01-22 16:32:07,,0.3,,6.00,,2.32,42% - 0.2,2,1881983138687434752,极兔快递,JT0015141800784,生活用品,广东省,
名恩首府智慧社区服务_站点-名恩首府智慧社区服务站,快递,2025-01-22 16:11:23,,1,,6.00,,2.32,42% - 0.2,2,1881977924899127296,极兔快递,JT0015141424286,服饰,广东省,
名恩首府智慧社区服务_站点-名恩首府智慧社区服务站,快递,2025-01-22 16:08:00,,0.2,,6.00,,2.32,42% - 0.2,2,1881977065918251008,极兔快递,JT0015139934737,服饰,广东省,
名恩首府智慧社区服务_站点-名恩首府智慧社区服务站,快递,2025-01-22 16:02:25,,1.3,,8.00,,3.88,51% - 0.2,2,1881975659521982464,极兔快递,JT0015141287253,服饰,浙江省,
名恩首府智慧社区服务_站点-名恩首府智慧社区服务站,快递,2025-01-22 15:54:21,,0.5,,6.00,,2.32,42% - 0.2,2,1881973602903736320,极兔快递,JT0015139945793,服饰,浙江省,
名恩首府智慧社区服务_站点-名恩首府智慧社区服务站,快递,2025-01-22 15:42:24,,0.5,,6.00,,2.32,42% - 0.2,2,1881970630207553536,极兔快递,JT0015140443478,服饰,河南省,
名恩首府智慧社区服务_站点-名恩首府智慧社区服务站,快递,2025-01-22 13:50:04,,0.2,,6.00,,2.32,42% - 0.2,2,1881942355997442048,极兔快递,JT0015138508439,服饰,广东省,
名恩首府智慧社区服务_站点-名恩首府智慧社区服务站,快递,2025-01-22 12:24:21,,0.5,,6.00,,2.32,42% - 0.2,2,1881920783924412416,极兔快递,JT0015137901693,服饰,广东省,
名恩首府智慧社区服务_站点-名恩首府智慧社区服务站,快递,2025-01-22 12:22:50,,0.5,,6.00,,2.32,42% - 0.2,2,1881920397977141248,极兔快递,JT0015135590097,服饰,广东省,
名恩首府智慧社区服务_站点-名恩首府智慧社区服务站,快递,2025-01-22 11:11:59,,1,,6.00,,2.32,42% - 0.2,2,1881902576735961088,极兔快递,JT0015135665437,服饰,浙江省,
名恩首府智慧社区服务_站点-名恩首府智慧社区服务站,快递,2025-01-22 11:10:12,,0.5,,6.00,,2.32,42% - 0.2,2,1881902086610567168,极兔快递,JT0015128605964,服饰,安徽省,
名恩首府智慧社区服务_站点-名恩首府智慧社区服务站,快递,2025-01-22 11:06:49,,1,,6.00,,2.32,42% - 0.2,2,1881901275784495104,极兔快递,JT0015135175272,生活用品,江苏省,
名恩首府智慧社区服务_站点-名恩首府智慧社区服务站,快递,2025-01-22 11:05:45,,0.5,,6.00,,2.32,42% - 0.2,2,1881901007470673920,极兔快递,JT0015130117591,生活用品,江苏省,
名恩首府智慧社区服务_站点-名恩首府智慧社区服务站,干洗,2025-01-21 21:14:20,,,,15.00,,4.50,30%,,1881691763449208832,干洗,,"皮鞋   *   1",,
名恩首府智慧社区服务_站点-名恩首府智慧社区服务站,干洗,2025-01-21 21:10:08,,,,22.80,,6.84,30%,,1881690713845604352,干洗,,"靴子   *   1",,
名恩首府智慧社区服务_站点-名恩首府智慧社区服务站,快递,2025-01-21 20:17:38,,0.2,,6.00,,2.32,42% - 0.2,2,1881677503969042432,极兔快递,JT0015132759247,服饰,广东省,
名恩首府智慧社区服务_站点-名恩首府智慧社区服务站,快递,2025-01-21 20:16:35,,0.5,,6.00,,2.32,42% - 0.2,2,1881677243150442496,极兔快递,JT0015132916038,服饰,广东省,
名恩首府智慧社区服务_站点-名恩首府智慧社区服务站,快递,2025-01-21 20:15:30,,1.5,,8.00,,3.88,51% - 0.2,2,1881676969266585600,极兔快递,JT0015132324309,服饰,浙江省,
名恩首府智慧社区服务_站点-名恩首府智慧社区服务站,快递,2025-01-21 20:12:54,,0.2,,6.00,,2.32,42% - 0.2,2,1881676317740179456,极兔快递,JT0015123303381,服饰,广东省,
名恩首府智慧社区服务_站点-名恩首府智慧社区服务站,快递,2025-01-21 20:10:34,,2.2,,10.00,,5.30,55% - 0.2,2,1881675726259429376,极兔快递,JT0015132178852,服饰,广东省,
名恩首府智慧社区服务_站点-名恩首府智慧社区服务站,快递,2025-01-21 20:06:31,,0.5,,6.00,,2.32,42% - 0.2,2,1881674708230545408,极兔快递,JT0015122339377,服饰,广东省,
名恩首府智慧社区服务_站点-名恩首府智慧社区服务站,快递,2025-01-21 20:04:05,,1,,6.00,,2.32,42% - 0.2,2,1881674091684634624,极兔快递,JT0015132403274,服饰,陕西省,
名恩首府智慧社区服务_站点-名恩首府智慧社区服务站,快递,2025-01-21 19:54:58,,5.5,,18.00,,8.80,50% - 0.2,2,1881671798671220736,极兔快递,JT0015126735033,食品,陕西省,
名恩首府智慧社区服务_站点-名恩首府智慧社区服务站,快递,2025-01-21 19:36:54,,0.5,,6.00,,2.32,42% - 0.2,2,1881667244986671104,极兔快递,JT0015118949622,生活用品,广东省,
名恩首府智慧社区服务_站点-名恩首府智慧社区服务站,快递,2025-01-21 19:32:50,,1.5,,8.00,,3.88,51% - 0.2,2,1881666221870096384,极兔快递,JT0015130677747,生活用品,山东省,
名恩首府智慧社区服务_站点-名恩首府智慧社区服务站,快递,2025-01-21 18:55:57,,1,,6.00,,2.32,42% - 0.2,2,1881656949115396096,极兔快递,JT0015126783396,服饰,江西省,
名恩首府智慧社区服务_站点-名恩首府智慧社区服务站,快递,2025-01-21 18:48:56,,4.5,,15.00,,7.30,50% - 0.2,2,1881655175491035136,极兔快递,JT0015130933799,生活用品,浙江省,
名恩首府智慧社区服务_站点-名恩首府智慧社区服务站,快递,2025-01-21 18:02:03,,1,,6.00,,2.32,42% - 0.2,2,1881643386384621568,极兔快递,JT0015130135467,服饰,浙江省,
名恩首府智慧社区服务_站点-名恩首府智慧社区服务站,快递,2025-01-21 17:59:23,,1,,6.00,,2.32,42% - 0.2,2,1881642689182244864,极兔快递,JT0015129844090,服饰,广东省,
名恩首府智慧社区服务_站点-名恩首府智慧社区服务站,快递,2025-01-21 17:57:58,,0.5,,6.00,,2.32,42% - 0.2,2,1881642357131780096,极兔快递,JT0015131768894,服饰,广东省,
名恩首府智慧社区服务_站点-名恩首府智慧社区服务站,快递,2025-01-21 17:52:46,,1,,6.00,,2.32,42% - 0.2,2,1881641049607839744,极兔快递,JT0015130338178,服饰,江西省,
名恩首府智慧社区服务_站点-名恩首府智慧社区服务站,快递,2025-01-21 17:37:20,,0.5,,6.00,,2.32,42% - 0.2,2,1881637166508613632,极兔快递,JT0015129087827,服饰,浙江省,
名恩首府智慧社区服务_站点-名恩首府智慧社区服务站,快递,2025-01-21 17:34:07,,1.5,,8.00,,3.88,51% - 0.2,2,1881636316197363712,极兔快递,JT0015124583198,服饰,浙江省,
名恩首府智慧社区服务_站点-名恩首府智慧社区服务站,快递,2025-01-21 17:32:35,,1.5,,8.00,,3.88,51% - 0.2,2,1881635971987611648,极兔快递,JT0015130702783,服饰,安徽省,
名恩首府智慧社区服务_站点-名恩首府智慧社区服务站,快递,2025-01-21 17:29:52,,2.2,,10.00,,5.30,55% - 0.2,2,1881635287091322880,极兔快递,JT0015129339038,服饰,江西省,
名恩首府智慧社区服务_站点-名恩首府智慧社区服务站,快递,2025-01-21 17:09:31,,1.2,,8.00,,3.88,51% - 0.2,2,1881630139514298368,极兔快递,JT0015127542740,服饰,浙江省,
名恩首府智慧社区服务_站点-名恩首府智慧社区服务站,快递,2025-01-21 17:06:35,,1.5,,8.00,,3.88,51% - 0.2,2,1881629423357861888,极兔快递,JT0015128864053,服饰,浙江省,
名恩首府智慧社区服务_站点-名恩首府智慧社区服务站,快递,2025-01-21 16:58:37,,1,,6.00,,2.32,42% - 0.2,2,1881627420338626560,极兔快递,JT0015129725609,服饰,山东省,
名恩首府智慧社区服务_站点-名恩首府智慧社区服务站,快递,2025-01-21 16:51:35,,11.5,,36.00,,17.80,50% - 0.2,2,1881625640401838080,极兔快递,JT0015129533304,生活用品,陕西省,
名恩首府智慧社区服务_站点-名恩首府智慧社区服务站,快递,2025-01-21 16:38:07,,1.5,,8.00,,3.88,51% - 0.2,2,1881622006498795520,极兔快递,JT0015129231926,服饰,浙江省,
名恩首府智慧社区服务_站点-名恩首府智慧社区服务站,干洗,2025-01-21 15:45:32,,,,24.50,,7.35,30%,,1881609027095044096,干洗,,"清洗普通羽绒服2件不分长短49元   *   1",,
名恩首府智慧社区服务_站点-名恩首府智慧社区服务站,干洗,2025-01-21 15:41:40,,,,24.50,,7.35,30%,,1881608054536609792,干洗,,"清洗普通羽绒服2件不分长短49元   *   1",,
名恩首府智慧社区服务_站点-名恩首府智慧社区服务站,快递,2025-01-21 15:36:57,,1.2,,8.00,,3.88,51% - 0.2,2,1881606869951913984,韵达快递,312621309912704,生活用品,福建省,
名恩首府智慧社区服务_站点-名恩首府智慧社区服务站,快递,2025-01-21 15:30:04,,0.8,,6.00,,2.32,42% - 0.2,2,1881605136345407488,极兔快递,JT0015122660037,服饰,广东省,
名恩首府智慧社区服务_站点-名恩首府智慧社区服务站,快递,2025-01-21 15:18:16,,0.5,,6.00,,2.32,42% - 0.2,2,1881602168627863552,极兔快递,JT0015127581917,服饰,浙江省,
名恩首府智慧社区服务_站点-名恩首府智慧社区服务站,快递,2025-01-21 15:05:59,,0.8,,6.00,,2.32,42% - 0.2,2,1881599075706150912,极兔快递,JT0015127960284,服饰,江苏省,
名恩首府智慧社区服务_站点-名恩首府智慧社区服务站,快递,2025-01-21 14:53:24,,1.3,,8.00,,3.88,51% - 0.2,2,1881595911443521536,极兔快递,JT0015112516404,食品,浙江省,
名恩首府智慧社区服务_站点-名恩首府智慧社区服务站,快递,2025-01-21 14:47:43,,0.5,,6.00,,2.32,42% - 0.2,2,1881594482578366464,极兔快递,JT0015124901826,服饰,浙江省,
名恩首府智慧社区服务_站点-名恩首府智慧社区服务站,快递,2025-01-21 14:46:18,,1.2,,8.00,,3.88,51% - 0.2,2,1881594120530239488,极兔快递,JT0015128137337,服饰,广东省,
名恩首府智慧社区服务_站点-名恩首府智慧社区服务站,快递,2025-01-21 14:37:46,,1.2,,8.00,,3.88,51% - 0.2,2,1881591975026302976,极兔快递,JT0015117644170,服饰,浙江省,
名恩首府智慧社区服务_站点-名恩首府智慧社区服务站,快递,2025-01-21 14:36:16,,0.5,,6.00,,2.32,42% - 0.2,2,1881591599334105088,极兔快递,JT0015125516915,生活用品,浙江省,
名恩首府智慧社区服务_站点-名恩首府智慧社区服务站,干洗,2025-01-21 13:39:10,,,,24.50,,7.35,30%,,1881577224305057792,干洗,,"清洗普通羽绒服2件不分长短49元   *   1",,
名恩首府智慧社区服务_站点-名恩首府智慧社区服务站,干洗,2025-01-21 13:28:00,,,,24.50,,7.35,30%,,1881574417116110848,干洗,,"清洗普通羽绒服2件不分长短49元   *   1",,
名恩首府智慧社区服务_站点-名恩首府智慧社区服务站,干洗,2025-01-21 13:22:18,,,,35.00,,10.50,30%,,1881572980638294016,干洗,,"棉服_毛呢_羽绒服   *   1",,
名恩首府智慧社区服务_站点-名恩首府智慧社区服务站,干洗,2025-01-21 13:17:43,,,,24.50,,7.35,30%,,1881571825430503424,干洗,,"清洗普通羽绒服2件不分长短49元   *   1",,
名恩首府智慧社区服务_站点-名恩首府智慧社区服务站,干洗,2025-01-21 13:06:27,,,,24.50,,7.35,30%,,1881568993809735680,干洗,,"清洗普通羽绒服2件不分长短49元   *   1",,
名恩首府智慧社区服务_站点-名恩首府智慧社区服务站,干洗,2025-01-21 12:55:45,,,,35.00,,10.50,30%,,1881566291100901376,干洗,,"棉服_毛呢_羽绒服   *   1",,
名恩首府智慧社区服务_站点-名恩首府智慧社区服务站,快递,2025-01-21 12:45:08,,4.5,,15.00,,7.30,50% - 0.2,2,1881563570478194688,极兔快递,JT0015120201506,食品,陕西省,
名恩首府智慧社区服务_站点-名恩首府智慧社区服务站,快递,2025-01-21 12:34:58,,0.5,,6.00,,2.32,42% - 0.2,2,1881561059759431680,极兔快递,JT0015117843991,服饰,河南省,
名恩首府智慧社区服务_站点-名恩首府智慧社区服务站,快递,2025-01-21 12:34:01,,0.5,,6.00,,2.32,42% - 0.2,2,1881560832876945408,极兔快递,JT0015124346521,服饰,河南省,
名恩首府智慧社区服务_站点-名恩首府智慧社区服务站,快递,2025-01-21 12:31:48,,1,,6.00,,2.32,42% - 0.2,2,1881560272698286080,极兔快递,JT0015120195935,服饰,湖北省,
名恩首府智慧社区服务_站点-名恩首府智慧社区服务站,快递,2025-01-20 19:07:03,,0.5,,6.00,,2.32,42% - 0.2,2,1881297328685891584,极兔快递,JT0015113771836,服饰,广东省,
名恩首府智慧社区服务_站点-名恩首府智慧社区服务站,快递,2025-01-20 19:04:42,,0.5,,6.00,,2.32,42% - 0.2,2,1881296722155978752,极兔快递,JT0015117138969,服饰,广东省,
名恩首府智慧社区服务_站点-名恩首府智慧社区服务站,快递,2025-01-20 18:59:17,,1.2,,8.00,,3.88,51% - 0.2,2,1881295374001815552,极兔快递,JT0015114559255,服饰,福建省,
名恩首府智慧社区服务_站点-名恩首府智慧社区服务站,干洗,2025-01-20 18:52:35,,,,24.50,,7.35,30%,,1881293714991005696,干洗,,"清洗普通羽绒服2件不分长短49元   *   1",,
名恩首府智慧社区服务_站点-名恩首府智慧社区服务站,干洗,2025-01-20 18:49:34,,,,24.50,,7.35,30%,,1881292942794473472,干洗,,"清洗普通羽绒服2件不分长短49元   *   1",,
名恩首府智慧社区服务_站点-名恩首府智慧社区服务站,干洗,2025-01-20 18:35:09,,,,24.50,,7.35,30%,,1881289325513457664,干洗,,"清洗普通羽绒服2件不分长短49元   *   1",,
名恩首府智慧社区服务_站点-名恩首府智慧社区服务站,干洗,2025-01-20 18:32:44,,,,24.50,,7.35,30%,,1881288716257247232,干洗,,"清洗普通羽绒服2件不分长短49元   *   1",,
名恩首府智慧社区服务_站点-名恩首府智慧社区服务站,快递,2025-01-20 18:26:28,,7,,21.00,,10.30,50% - 0.2,2,1881287086539456512,极兔快递,JT0015115692199,生活用品,陕西省,
名恩首府智慧社区服务_站点-名恩首府智慧社区服务站,快递,2025-01-20 18:17:25,,1,,6.00,,2.32,42% - 0.2,2,1881284862203576320,极兔快递,JT0015116182443,服饰,重庆市,
名恩首府智慧社区服务_站点-名恩首府智慧社区服务站,干洗,2025-01-20 18:04:06,,,,9.90,,2.97,30%,,1881281508043833344,干洗,,"清洗鞋19.8元两双   *   1",,
名恩首府智慧社区服务_站点-名恩首府智慧社区服务站,干洗,2025-01-20 17:58:44,,,,9.90,,2.97,30%,,1881280152096653312,干洗,,"清洗鞋19.8元两双   *   1",,
名恩首府智慧社区服务_站点-名恩首府智慧社区服务站,干洗,2025-01-20 17:55:28,,,,9.90,,2.97,30%,,1881279337382461440,干洗,,"清洗鞋19.8元两双   *   1",,
名恩首府智慧社区服务_站点-名恩首府智慧社区服务站,快递,2025-01-20 17:44:38,,0.2,,6.00,,2.32,42% - 0.2,2,1881276614171869184,极兔快递,JT0015114988183,生活用品,陕西省,
名恩首府智慧社区服务_站点-名恩首府智慧社区服务站,快递,2025-01-20 17:43:16,,0.2,,6.00,,2.32,42% - 0.2,2,1881276265973334016,极兔快递,JT0015112924325,生活用品,陕西省,
名恩首府智慧社区服务_站点-名恩首府智慧社区服务站,快递,2025-01-20 17:28:18,,0.5,,6.00,,2.32,42% - 0.2,2,1881272501811986432,极兔快递,JT0015115458041,服饰,广东省,
名恩首府智慧社区服务_站点-名恩首府智慧社区服务站,快递,2025-01-20 17:23:20,,1,,6.00,,2.32,42% - 0.2,2,1881271255852040192,极兔快递,JT0015114603588,服饰,广东省,
名恩首府智慧社区服务_站点-名恩首府智慧社区服务站,快递,2025-01-20 17:21:46,,0.2,,6.00,,2.32,42% - 0.2,2,1881270854960463872,极兔快递,JT0015113912921,生活用品,广东省,
名恩首府智慧社区服务_站点-名恩首府智慧社区服务站,快递,2025-01-20 16:50:50,,0.5,,6.00,,2.32,42% - 0.2,2,1881263065441681408,极兔快递,JT0015111698009,服饰,广东省,
名恩首府智慧社区服务_站点-名恩首府智慧社区服务站,快递,2025-01-20 16:34:33,,0.2,,6.00,,2.32,42% - 0.2,2,1881258964985233408,极兔快递,JT0015096380536,生活用品,河南省,
名恩首府智慧社区服务_站点-名恩首府智慧社区服务站,快递,2025-01-20 16:12:42,,1,,6.00,,2.32,42% - 0.2,2,1881253480114864128,极兔快递,JT0015113867377,服饰,广东省,
名恩首府智慧社区服务_站点-名恩首府智慧社区服务站,快递,2025-01-20 15:40:25,,1,,6.00,,2.32,42% - 0.2,2,1881245348617699328,极兔快递,JT0015113925813,服饰,广东省,
名恩首府智慧社区服务_站点-名恩首府智慧社区服务站,快递,2025-01-20 15:20:33,,0.5,,6.00,,2.32,42% - 0.2,2,1881240354241822720,极兔快递,JT0015111918753,服饰,安徽省,
名恩首府智慧社区服务_站点-名恩首府智慧社区服务站,快递,2025-01-20 15:15:17,,0.5,,6.00,,2.32,42% - 0.2,2,1881239025863802880,极兔快递,JT0015112568391,服饰,陕西省,
名恩首府智慧社区服务_站点-名恩首府智慧社区服务站,快递,2025-01-20 13:41:09,,0.2,,6.00,,2.32,42% - 0.2,2,1881215336552124416,极兔快递,JT0015104996958,文件,陕西省,
名恩首府智慧社区服务_站点-名恩首府智慧社区服务站,快递,2025-01-20 13:16:33,,1.3,,8.00,,3.88,51% - 0.2,2,1881209147969818624,极兔快递,JT0015110489554,生活用品,安徽省,
名恩首府智慧社区服务_站点-名恩首府智慧社区服务站,快递,2025-01-20 12:27:38,,0.2,,6.00,,2.32,42% - 0.2,2,1881196838849400832,极兔快递,JT0015109114483,生活用品,广东省,
名恩首府智慧社区服务_站点-名恩首府智慧社区服务站,快递,2025-01-20 12:25:08,,1,,6.00,,2.32,42% - 0.2,2,1881196210169368576,极兔快递,JT0015108476212,服饰,广东省,
名恩首府智慧社区服务_站点-名恩首府智慧社区服务站,快递,2025-01-20 12:24:12,,0.5,,6.00,,2.32,42% - 0.2,2,1881195974143299584,极兔快递,JT0015106680251,服饰,广东省,
名恩首府智慧社区服务_站点-名恩首府智慧社区服务站,快递,2025-01-20 12:22:25,,0.5,,6.00,,2.32,42% - 0.2,2,1881195526363598848,极兔快递,JT0015107656791,服饰,浙江省,
名恩首府智慧社区服务_站点-名恩首府智慧社区服务站,快递,2025-01-20 12:00:32,,0.5,,6.00,,2.32,42% - 0.2,2,1881190011793362944,极兔快递,JT0015108202761,服饰,江苏省,
名恩首府智慧社区服务_站点-名恩首府智慧社区服务站,快递,2025-01-20 11:58:07,,1,,6.00,,2.32,42% - 0.2,2,1881189406559490048,极兔快递,JT0015108275515,服饰,广东省,
名恩首府智慧社区服务_站点-名恩首府智慧社区服务站,干洗,2025-01-19 20:53:45,,,,24.50,,7.35,30%,,1880961806733987840,干洗,,"清洗普通羽绒服2件不分长短49元   *   1",,
名恩首府智慧社区服务_站点-名恩首府智慧社区服务站,干洗,2025-01-19 20:51:35,,,,24.50,,7.35,30%,,1880961271213641728,干洗,,"清洗普通羽绒服2件不分长短49元   *   1",,
名恩首府智慧社区服务_站点-名恩首府智慧社区服务站,干洗,2025-01-19 20:48:04,,,,24.80,,7.44,30%,,1880960338559815680,干洗,,"棉服_毛呢_羽绒服   *   1",,
名恩首府智慧社区服务_站点-名恩首府智慧社区服务站,快递,2025-01-19 20:35:44,,1,,6.00,,2.32,42% - 0.2,2,1880957283797880832,极兔快递,JT0015102971295,服饰,广东省,
名恩首府智慧社区服务_站点-名恩首府智慧社区服务站,快递,2025-01-19 20:32:47,,0.2,,6.00,,2.32,42% - 0.2,2,1880956542270099456,极兔快递,JT0015101124062,服饰,广东省,
名恩首府智慧社区服务_站点-名恩首府智慧社区服务站,快递,2025-01-19 20:31:14,,0.2,,6.00,,2.32,42% - 0.2,2,1880956151088336896,极兔快递,JT0015082204918,服饰,浙江省,
名恩首府智慧社区服务_站点-名恩首府智慧社区服务站,快递,2025-01-19 20:29:23,,0.5,,6.00,,2.32,42% - 0.2,2,1880955687634522112,极兔快递,JT0015102893529,服饰,广东省,
名恩首府智慧社区服务_站点-名恩首府智慧社区服务站,快递,2025-01-19 20:24:58,,1,,6.00,,2.32,42% - 0.2,2,1880954577322561536,极兔快递,JT0015101457736,服饰,河南省,
名恩首府智慧社区服务_站点-名恩首府智慧社区服务站,快递,2025-01-19 20:22:12,,1,,6.00,,2.32,42% - 0.2,2,1880953881651105792,极兔快递,JT0015097204263,服饰,浙江省,
名恩首府智慧社区服务_站点-名恩首府智慧社区服务站,快递,2025-01-19 20:17:51,,0.2,,6.00,,2.32,42% - 0.2,2,1880952778448490496,极兔快递,JT0015095711439,生活用品,浙江省,
名恩首府智慧社区服务_站点-名恩首府智慧社区服务站,快递,2025-01-19 20:16:40,,0.5,,6.00,,2.32,42% - 0.2,2,1880952487619645440,极兔快递,JT0015100618912,服饰,福建省,
名恩首府智慧社区服务_站点-名恩首府智慧社区服务站,干洗,2025-01-19 20:03:37,,,,9.90,,2.97,30%,,1880949186392018944,干洗,,"清洗鞋19.8元两双   *   1",,
名恩首府智慧社区服务_站点-名恩首府智慧社区服务站,干洗,2025-01-19 20:01:05,,,,9.90,,2.97,30%,,1880948563474960384,干洗,,"清洗鞋19.8元两双   *   1",,
名恩首府智慧社区服务_站点-名恩首府智慧社区服务站,干洗,2025-01-19 19:57:53,,,,9.90,,2.97,30%,,1880947755073196032,干洗,,"清洗鞋19.8元两双   *   1",,
名恩首府智慧社区服务_站点-名恩首府智慧社区服务站,干洗,2025-01-19 19:53:14,,,,24.50,,7.35,30%,,1880946586020007936,干洗,,"清洗普通羽绒服2件不分长短49元   *   1",,
名恩首府智慧社区服务_站点-名恩首府智慧社区服务站,干洗,2025-01-19 19:50:30,,,,9.90,,2.97,30%,,1880945895843090432,干洗,,"清洗鞋19.8元两双   *   1",,
名恩首府智慧社区服务_站点-名恩首府智慧社区服务站,干洗,2025-01-19 19:45:35,,,,9.90,,2.97,30%,,1880944648641630208,干洗,,"清洗鞋19.8元两双   *   1",,
名恩首府智慧社区服务_站点-名恩首府智慧社区服务站,快递,2025-01-19 19:37:43,,0.2,,6.00,,2.32,42% - 0.2,2,1880942654564651008,极兔快递,JT0015098010821,生活用品,广东省,
名恩首府智慧社区服务_站点-名恩首府智慧社区服务站,快递,2025-01-19 19:36:38,,0.2,,6.00,,2.32,42% - 0.2,2,1880942411831889920,极兔快递,JT0015103105697,生活用品,浙江省,
名恩首府智慧社区服务_站点-名恩首府智慧社区服务站,快递,2025-01-19 19:31:18,,11.5,,36.00,,17.80,50% - 0.2,2,1880941067360325632,极兔快递,JT0015098679266,食品,陕西省,
名恩首府智慧社区服务_站点-名恩首府智慧社区服务站,快递,2025-01-19 19:28:56,,7.2,,24.00,,11.80,50% - 0.2,2,1880940462596214784,极兔快递,JT0015102190996,食品,陕西省,
名恩首府智慧社区服务_站点-名恩首府智慧社区服务站,快递,2025-01-19 19:15:58,,2.5,,10.00,,5.30,55% - 0.2,2,1880937191395610624,极兔快递,JT0015102632932,食品,陕西省,
名恩首府智慧社区服务_站点-名恩首府智慧社区服务站,快递,2025-01-19 19:02:49,,4.5,,15.00,,7.30,50% - 0.2,2,1880933895968706560,极兔快递,JT0015101953074,食品,陕西省,
名恩首府智慧社区服务_站点-名恩首府智慧社区服务站,快递,2025-01-19 18:58:28,,0.5,,6.00,,2.32,42% - 0.2,2,1880932805902651392,极兔快递,JT0015101921639,生活用品,河北省,
名恩首府智慧社区服务_站点-名恩首府智慧社区服务站,快递,2025-01-19 18:50:14,,4.5,,15.00,,7.30,50% - 0.2,2,1880930734398820352,极兔快递,JT0015100967154,食品,河北省,
名恩首府智慧社区服务_站点-名恩首府智慧社区服务站,快递,2025-01-19 18:36:25,,0.5,,6.00,,2.32,42% - 0.2,2,1880927239440486400,极兔快递,JT0015101660026,服饰,浙江省,
名恩首府智慧社区服务_站点-名恩首府智慧社区服务站,快递,2025-01-19 18:19:16,,0.5,,6.00,,2.32,42% - 0.2,2,1880922943529472000,极兔快递,JT0015101197716,生活用品,广东省,
名恩首府智慧社区服务_站点-名恩首府智慧社区服务站,快递,2025-01-19 18:18:08,,4.5,,15.00,,7.30,50% - 0.2,2,1880922654558703616,极兔快递,JT0015094237974,服饰,广东省,
名恩首府智慧社区服务_站点-名恩首府智慧社区服务站,快递,2025-01-19 18:15:52,,4.5,,15.00,,7.30,50% - 0.2,2,1880922072338976768,极兔快递,JT0015097582637,服饰,广东省,
名恩首府智慧社区服务_站点-名恩首府智慧社区服务站,快递,2025-01-19 18:12:20,,1.2,,8.00,,3.88,51% - 0.2,2,1880921194278211584,极兔快递,JT0015097883022,服饰,广东省,
名恩首府智慧社区服务_站点-名恩首府智慧社区服务站,快递,2025-01-19 17:50:40,,1,,6.00,,2.32,42% - 0.2,2,1880915745965395968,极兔快递,JT0015097402385,服饰,广东省,
名恩首府智慧社区服务_站点-名恩首府智慧社区服务站,快递,2025-01-19 17:48:35,,1,,6.00,,2.32,42% - 0.2,2,1880915216845557760,极兔快递,JT0015100042467,服饰,广东省,
名恩首府智慧社区服务_站点-名恩首府智慧社区服务站,快递,2025-01-19 17:46:25,,0.5,,6.00,,2.32,42% - 0.2,2,1880914675767758848,极兔快递,JT0015099360545,服饰,江苏省,
名恩首府智慧社区服务_站点-名恩首府智慧社区服务站,快递,2025-01-19 17:44:47,,1.2,,8.00,,3.88,51% - 0.2,2,1880914264000352256,极兔快递,JT0015099885858,服饰,四川省,
名恩首府智慧社区服务_站点-名恩首府智慧社区服务站,快递,2025-01-19 17:41:56,,0.5,,6.00,,2.32,42% - 0.2,2,1880913547009249280,极兔快递,JT0015100147372,服饰,浙江省,
名恩首府智慧社区服务_站点-名恩首府智慧社区服务站,快递,2025-01-19 17:40:19,,0.5,,6.00,,2.32,42% - 0.2,2,1880913140094652416,极兔快递,JT0015099892180,服饰,广东省,
名恩首府智慧社区服务_站点-名恩首府智慧社区服务站,快递,2025-01-19 17:37:09,,1,,6.00,,2.32,42% - 0.2,2,1880912341062963200,极兔快递,JT0015099972054,服饰,广东省,
名恩首府智慧社区服务_站点-名恩首府智慧社区服务站,快递,2025-01-19 17:33:09,,1,,6.00,,2.32,42% - 0.2,2,1880911329111625728,申通快递,772037038834348,服饰,福建省,
名恩首府智慧社区服务_站点-名恩首府智慧社区服务站,快递,2025-01-19 17:28:16,,1.2,,8.00,,3.88,51% - 0.2,2,1880910108036485120,极兔快递,JT0015099383338,服饰,安徽省,
名恩首府智慧社区服务_站点-名恩首府智慧社区服务站,快递,2025-01-19 17:14:43,,1.5,,8.00,,3.88,51% - 0.2,2,1880906696788070400,极兔快递,JT0015100185906,生活用品,湖北省,
名恩首府智慧社区服务_站点-名恩首府智慧社区服务站,快递,2025-01-19 16:46:33,,1.5,,8.00,,3.88,51% - 0.2,2,1880899611375489024,极兔快递,JT0015099348189,服饰,四川省,
名恩首府智慧社区服务_站点-名恩首府智慧社区服务站,干洗,2025-01-19 16:42:24,,,,24.80,,7.44,30%,,1880898560710725632,干洗,,"棉服_毛呢_羽绒服   *   1",,
名恩首府智慧社区服务_站点-名恩首府智慧社区服务站,快递,2025-01-19 16:35:05,,1,,6.00,,2.32,42% - 0.2,2,1880896716588503040,极兔快递,JT0015092854173,服饰,湖北省,
名恩首府智慧社区服务_站点-名恩首府智慧社区服务站,快递,2025-01-19 16:24:36,,1.2,,8.00,,3.88,51% - 0.2,2,1880894078169960448,极兔快递,JT0015100105814,服饰,福建省,
名恩首府智慧社区服务_站点-名恩首府智慧社区服务站,快递,2025-01-19 16:21:39,,0.5,,6.00,,2.32,42% - 0.2,2,1880893339800489984,极兔快递,JT0015087808291,服饰,浙江省,
名恩首府智慧社区服务_站点-名恩首府智慧社区服务站,快递,2025-01-19 16:20:07,,1,,7.00,,1.94,42%,2,1880892956348829696,极兔快递,JT0015096670959,服饰,北京市,
名恩首府智慧社区服务_站点-名恩首府智慧社区服务站,快递,2025-01-19 16:14:21,,1,,6.00,,2.32,42% - 0.2,2,1880891504364670976,极兔快递,JT0015095408351,服饰,陕西省,
名恩首府智慧社区服务_站点-名恩首府智慧社区服务站,快递,2025-01-19 16:07:26,,1,,6.00,,2.32,42% - 0.2,2,1880889763808202752,极兔快递,JT0015097302703,生活用品,广东省,
名恩首府智慧社区服务_站点-名恩首府智慧社区服务站,快递,2025-01-19 16:05:42,,1,,6.00,,2.32,42% - 0.2,2,1880889329131507712,极兔快递,JT0015094326112,服饰,江苏省,
名恩首府智慧社区服务_站点-名恩首府智慧社区服务站,快递,2025-01-19 16:04:24,,1,,6.00,,2.32,42% - 0.2,2,1880888997949263872,极兔快递,JT0015094814291,服饰,广东省,
名恩首府智慧社区服务_站点-名恩首府智慧社区服务站,快递,2025-01-19 16:02:13,,0.5,,6.00,,2.32,42% - 0.2,2,1880888452807184384,极兔快递,JT0015097568451,服饰,广东省,
名恩首府智慧社区服务_站点-名恩首府智慧社区服务站,快递,2025-01-19 16:00:41,,0.5,,6.00,,2.32,42% - 0.2,2,1880888065379323904,极兔快递,JT0015098823193,服饰,湖南省,
名恩首府智慧社区服务_站点-名恩首府智慧社区服务站,快递,2025-01-19 15:58:26,,0.5,,6.00,,2.32,42% - 0.2,2,1880887496572981248,极兔快递,JT0015096848928,服饰,湖北省,
名恩首府智慧社区服务_站点-名恩首府智慧社区服务站,快递,2025-01-19 15:13:43,,1.3,,8.00,,3.88,51% - 0.2,2,1880876245348306944,极兔快递,JT0015096359662,服饰,广东省,
名恩首府智慧社区服务_站点-名恩首府智慧社区服务站,快递,2025-01-19 14:09:53,,0.5,,6.00,,2.32,42% - 0.2,2,1880860180639698944,极兔快递,JT0015093378098,生活用品,广东省,
名恩首府智慧社区服务_站点-名恩首府智慧社区服务站,干洗,2025-01-19 14:04:29,,,,18.00,,5.40,30%,,1880858819382530048,干洗,,"羽绒马甲_儿童羽绒服   *   1",,
名恩首府智慧社区服务_站点-名恩首府智慧社区服务站,快递,2025-01-19 13:56:27,,0.5,,6.00,,2.32,42% - 0.2,2,1880856801041502208,极兔快递,JT0015096105157,服饰,浙江省,
名恩首府智慧社区服务_站点-名恩首府智慧社区服务站,快递,2025-01-19 13:54:46,,1.2,,8.00,,3.88,51% - 0.2,2,1880856380860321792,极兔快递,JT0015094271746,生活用品,江苏省,
名恩首府智慧社区服务_站点-名恩首府智慧社区服务站,快递,2025-01-19 13:53:34,,1.2,,8.00,,3.88,51% - 0.2,2,1880856076488069120,极兔快递,JT0015094587787,生活用品,江苏省,
名恩首府智慧社区服务_站点-名恩首府智慧社区服务站,快递,2025-01-19 13:37:24,,1,,6.00,,2.32,42% - 0.2,2,1880852003957297152,极兔快递,JT0015090573024,服饰,浙江省,
名恩首府智慧社区服务_站点-名恩首府智慧社区服务站,快递,2025-01-19 13:35:08,,1,,6.00,,2.32,42% - 0.2,2,1880851410601693184,极兔快递,JT0015089826623,服饰,广东省,
名恩首府智慧社区服务_站点-名恩首府智慧社区服务站,快递,2025-01-19 13:29:16,,1,,6.00,,2.32,42% - 0.2,2,1880849960408502272,极兔快递,JT0015095191733,服饰,吉林省,
名恩首府智慧社区服务_站点-名恩首府智慧社区服务站,快递,2025-01-19 13:18:51,,0.5,,6.00,,2.32,42% - 0.2,2,1880847340549754880,极兔快递,JT0015094776591,服饰,陕西省,
名恩首府智慧社区服务_站点-名恩首府智慧社区服务站,快递,2025-01-19 13:15:30,,2,,8.00,,3.88,51% - 0.2,2,1880846496915836928,极兔快递,JT0015092934719,生活用品,江苏省,
名恩首府智慧社区服务_站点-名恩首府智慧社区服务站,快递,2025-01-19 13:08:20,,2.5,,10.00,,5.30,55% - 0.2,2,1880844693176373248,极兔快递,JT0015093630616,食品,陕西省,
名恩首府智慧社区服务_站点-名恩首府智慧社区服务站,快递,2025-01-19 12:58:42,,1,,6.00,,2.32,42% - 0.2,2,1880842269078376448,极兔快递,JT0015086035812,生活用品,广东省,
名恩首府智慧社区服务_站点-名恩首府智慧社区服务站,快递,2025-01-19 12:50:28,,5,,15.00,,7.30,50% - 0.2,2,1880840180935741440,极兔快递,JT0015094055808,食品,四川省,
名恩首府智慧社区服务_站点-名恩首府智慧社区服务站,快递,2025-01-19 12:40:53,,0.5,,6.00,,2.32,42% - 0.2,2,1880837784738254848,极兔快递,JT0015094261039,服饰,浙江省,
名恩首府智慧社区服务_站点-名恩首府智慧社区服务站,干洗,2025-01-19 11:02:11,,,,9.90,,2.97,30%,,1880812942446088192,干洗,,"清洗鞋19.8元两双   *   1",,
名恩首府智慧社区服务_站点-名恩首府智慧社区服务站,干洗,2025-01-19 10:58:56,,,,9.90,,2.97,30%,,1880812125374697472,干洗,,"清洗鞋19.8元两双   *   1",,
名恩首府智慧社区服务_站点-名恩首府智慧社区服务站,干洗,2025-01-18 21:00:34,,,,18.00,,5.40,30%,,1880601141292879872,干洗,,"休闲裤_牛仔裤_运动裤   *   1",,
名恩首府智慧社区服务_站点-名恩首府智慧社区服务站,快递,2025-01-18 20:54:32,,0.5,,6.00,,2.32,42% - 0.2,2,1880599626218000384,极兔快递,JT0015081446363,生活用品,陕西省,
名恩首府智慧社区服务_站点-名恩首府智慧社区服务站,快递,2025-01-18 20:38:36,,2.5,,10.00,,5.30,55% - 0.2,2,1880595615326720000,极兔快递,JT0015087785848,服饰,广东省,
名恩首府智慧社区服务_站点-名恩首府智慧社区服务站,快递,2025-01-18 20:36:57,,1.2,,8.00,,3.88,51% - 0.2,2,1880595200472305664,极兔快递,JT0015088071910,服饰,江西省,
名恩首府智慧社区服务_站点-名恩首府智慧社区服务站,快递,2025-01-18 20:34:27,,1,,6.00,,2.32,42% - 0.2,2,1880594572031348736,极兔快递,JT0015071698092,服饰,江西省,
名恩首府智慧社区服务_站点-名恩首府智慧社区服务站,快递,2025-01-18 20:33:22,,1,,6.00,,2.32,42% - 0.2,2,1880594302341795840,极兔快递,JT0015087616652,服饰,广东省,
名恩首府智慧社区服务_站点-名恩首府智慧社区服务站,干洗,2025-01-18 20:25:12,,,,9.90,,2.97,30%,,1880592244171657216,干洗,,"清洗鞋19.8元两双   *   1",,
名恩首府智慧社区服务_站点-名恩首府智慧社区服务站,干洗,2025-01-18 19:55:52,,,,24.50,,7.35,30%,,1880584861441642496,干洗,,"清洗普通羽绒服2件不分长短49元   *   1",,
名恩首府智慧社区服务_站点-名恩首府智慧社区服务站,干洗,2025-01-18 19:53:35,,,,24.50,,7.35,30%,,1880584290030637056,干洗,,"清洗普通羽绒服2件不分长短49元   *   1",,
名恩首府智慧社区服务_站点-名恩首府智慧社区服务站,干洗,2025-01-18 19:51:24,,,,24.50,,7.35,30%,,1880583739230441472,干洗,,"清洗普通羽绒服2件不分长短49元   *   1",,
名恩首府智慧社区服务_站点-名恩首府智慧社区服务站,快递,2025-01-18 19:40:27,,0.5,,6.00,,2.32,42% - 0.2,2,1880580982624800768,极兔快递,JT0015087997567,服饰,广东省,
名恩首府智慧社区服务_站点-名恩首府智慧社区服务站,快递,2025-01-18 19:39:12,,0.5,,6.00,,2.32,42% - 0.2,2,1880580672296636416,极兔快递,JT0015083604453,生活用品,浙江省,
名恩首府智慧社区服务_站点-名恩首府智慧社区服务站,快递,2025-01-18 19:37:48,,0.5,,6.00,,2.32,42% - 0.2,2,1880580312731537408,极兔快递,JT0015087695573,生活用品,河北省,
名恩首府智慧社区服务_站点-名恩首府智慧社区服务站,快递,2025-01-18 19:26:48,,12,,36.00,,17.80,50% - 0.2,2,1880577457232596992,韵达快递,312616727786131,食品,湖南省,
名恩首府智慧社区服务_站点-名恩首府智慧社区服务站,快递,2025-01-18 19:06:02,,1,,6.00,,2.32,42% - 0.2,2,1880572324679569408,极兔快递,JT0015088115658,服饰,江苏省,
名恩首府智慧社区服务_站点-名恩首府智慧社区服务站,干洗,2025-01-18 18:49:15,,,,24.50,,7.35,30%,,1880568096804360192,干洗,,"清洗普通羽绒服2件不分长短49元   *   1",,
名恩首府智慧社区服务_站点-名恩首府智慧社区服务站,干洗,2025-01-18 18:39:26,,,,24.50,,7.35,30%,,1880565630964649984,干洗,,"清洗普通羽绒服2件不分长短49元   *   1",,
名恩首府智慧社区服务_站点-名恩首府智慧社区服务站,干洗,2025-01-18 18:35:16,,,,24.50,,7.35,30%,,1880564571080806400,干洗,,"清洗普通羽绒服2件不分长短49元   *   1",,
名恩首府智慧社区服务_站点-名恩首府智慧社区服务站,快递,2025-01-18 18:14:58,,0.5,,6.00,,2.32,42% - 0.2,2,1880559449621712896,极兔快递,JT0015084471422,生活用品,广东省,
名恩首府智慧社区服务_站点-名恩首府智慧社区服务站,快递,2025-01-18 18:13:04,,1,,6.00,,2.32,42% - 0.2,2,1880558993784754176,极兔快递,JT0015084304928,服饰,广东省,
名恩首府智慧社区服务_站点-名恩首府智慧社区服务站,快递,2025-01-18 18:10:39,,0.5,,6.00,,2.32,42% - 0.2,2,1880558386403397632,极兔快递,JT0015085165986,服饰,湖南省,
名恩首府智慧社区服务_站点-名恩首府智慧社区服务站,快递,2025-01-18 18:08:52,,0.5,,6.00,,2.32,42% - 0.2,2,1880557938313318400,极兔快递,JT0015081875607,服饰,广东省,
名恩首府智慧社区服务_站点-名恩首府智慧社区服务站,快递,2025-01-18 18:04:38,,1.2,,8.00,,3.88,51% - 0.2,2,1880556871286575104,极兔快递,JT0015081838094,服饰,河北省,
名恩首府智慧社区服务_站点-名恩首府智慧社区服务站,快递,2025-01-18 17:55:07,,0.2,,6.00,,2.32,42% - 0.2,2,1880554477412732928,极兔快递,JT0015086768598,服饰,广东省,
名恩首府智慧社区服务_站点-名恩首府智慧社区服务站,快递,2025-01-18 17:53:19,,1,,6.00,,2.32,42% - 0.2,2,1880554020946628608,极兔快递,JT0015076868408,服饰,浙江省,
名恩首府智慧社区服务_站点-名恩首府智慧社区服务站,快递,2025-01-18 17:51:27,,1.2,,8.00,,3.88,51% - 0.2,2,1880553552644198400,极兔快递,JT0015083667178,服饰,安徽省,
名恩首府智慧社区服务_站点-名恩首府智慧社区服务站,快递,2025-01-18 17:49:07,,0.5,,6.00,,2.32,42% - 0.2,2,1880552958860775424,极兔快递,JT0015086011158,生活用品,湖北省,
名恩首府智慧社区服务_站点-名恩首府智慧社区服务站,快递,2025-01-18 17:27:50,,1,,6.00,,2.32,42% - 0.2,2,1880547594522120192,极兔快递,JT0015080604708,食品,浙江省,
名恩首府智慧社区服务_站点-名恩首府智慧社区服务站,快递,2025-01-18 17:25:58,,0.2,,6.00,,2.32,42% - 0.2,2,1880547138311868416,极兔快递,JT0015083066603,食品,浙江省,
名恩首府智慧社区服务_站点-名恩首府智慧社区服务站,快递,2025-01-18 17:23:28,,0.3,,6.00,,2.32,42% - 0.2,2,1880546513884860416,极兔快递,JT0015081787274,食品,浙江省,
名恩首府智慧社区服务_站点-名恩首府智慧社区服务站,快递,2025-01-18 17:21:34,,0.5,,6.00,,2.32,42% - 0.2,2,1880546031237910528,极兔快递,JT0015084639990,食品,浙江省,
名恩首府智慧社区服务_站点-名恩首府智慧社区服务站,快递,2025-01-18 17:19:56,,1.2,,8.00,,3.88,51% - 0.2,2,1880545617562095616,极兔快递,JT0015085928553,食品,浙江省,
名恩首府智慧社区服务_站点-名恩首府智慧社区服务站,快递,2025-01-18 17:13:45,,1.2,,8.00,,3.88,51% - 0.2,2,1880543875512455168,极兔快递,JT0015076495742,服饰,江苏省,
名恩首府智慧社区服务_站点-名恩首府智慧社区服务站,快递,2025-01-18 17:08:45,,1,,6.00,,2.32,42% - 0.2,2,1880542807525216256,极兔快递,JT0015083299223,服饰,广东省,
名恩首府智慧社区服务_站点-名恩首府智慧社区服务站,快递,2025-01-18 17:06:48,,1,,6.00,,2.32,42% - 0.2,2,1880542317672452096,极兔快递,JT0015085306621,服饰,广东省,
名恩首府智慧社区服务_站点-名恩首府智慧社区服务站,快递,2025-01-18 16:59:50,,1,,6.00,,2.32,42% - 0.2,2,1880540563417387008,极兔快递,JT0015084068256,服饰,广东省,
名恩首府智慧社区服务_站点-名恩首府智慧社区服务站,快递,2025-01-18 16:57:47,,1,,6.00,,2.32,42% - 0.2,2,1880540048839200768,极兔快递,JT0015084959516,服饰,福建省,
名恩首府智慧社区服务_站点-名恩首府智慧社区服务站,快递,2025-01-18 16:54:55,,1,,6.00,,2.32,42% - 0.2,2,1880539324742946816,极兔快递,JT0015057709968,服饰,安徽省,
名恩首府智慧社区服务_站点-名恩首府智慧社区服务站,快递,2025-01-18 16:53:06,,1,,6.00,,2.32,42% - 0.2,2,1880538821451632640,极兔快递,JT0015082858241,服饰,浙江省,
名恩首府智慧社区服务_站点-名恩首府智慧社区服务站,快递,2025-01-18 16:21:32,,3.5,,12.00,,5.80,50% - 0.2,2,1880530924491558912,极兔快递,JT0015083238990,服饰,浙江省,
名恩首府智慧社区服务_站点-名恩首府智慧社区服务站,快递,2025-01-18 15:02:30,,6,,18.00,,8.80,50% - 0.2,2,1880511031700410368,极兔快递,JT0015082928214,食品,甘肃省,
名恩首府智慧社区服务_站点-名恩首府智慧社区服务站,快递,2025-01-18 14:50:53,,2.2,,10.00,,5.30,55% - 0.2,2,1880508110900350976,极兔快递,JT0015080707693,食品,陕西省,
名恩首府智慧社区服务_站点-名恩首府智慧社区服务站,快递,2025-01-18 14:46:18,,3.4,,12.00,,5.80,50% - 0.2,2,1880506942698606592,极兔快递,JT0015075409066,食品,陕西省,
名恩首府智慧社区服务_站点-名恩首府智慧社区服务站,快递,2025-01-18 14:06:00,,0.2,,6.00,,2.32,42% - 0.2,2,1880496819041259520,极兔快递,JT0015076379286,生活用品,云南省,
名恩首府智慧社区服务_站点-名恩首府智慧社区服务站,快递,2025-01-18 14:00:35,,1,,6.00,,2.32,42% - 0.2,2,1880495454743220224,极兔快递,JT0015081052912,服饰,河北省,
名恩首府智慧社区服务_站点-名恩首府智慧社区服务站,快递,2025-01-18 12:40:50,,1,,6.00,,2.32,42% - 0.2,2,1880475377507553280,极兔快递,JT0015078863969,服饰,广东省,
名恩首府智慧社区服务_站点-名恩首府智慧社区服务站,快递,2025-01-18 12:36:57,,1,,6.00,,2.32,42% - 0.2,2,1880474407239208960,极兔快递,JT0015077273177,服饰,广东省,
名恩首府智慧社区服务_站点-名恩首府智慧社区服务站,快递,2025-01-18 12:35:15,,1,,6.00,,2.32,42% - 0.2,2,1880473916472086528,极兔快递,JT0015077424841,服饰,福建省,
名恩首府智慧社区服务_站点-名恩首府智慧社区服务站,快递,2025-01-18 12:26:47,,1.2,,8.00,,3.88,51% - 0.2,2,1880471788340957184,极兔快递,JT0015078816327,服饰,浙江省,
名恩首府智慧社区服务_站点-名恩首府智慧社区服务站,快递,2025-01-18 12:22:00,,1,,6.00,,2.32,42% - 0.2,2,1880470643899944960,极兔快递,JT0015055166129,服饰,浙江省,
名恩首府智慧社区服务_站点-名恩首府智慧社区服务站,快递,2025-01-18 11:50:58,,0.5,,6.00,,2.32,42% - 0.2,2,1880462830280691712,极兔快递,JT0015063849444,服饰,广东省,
名恩首府智慧社区服务_站点-名恩首府智慧社区服务站,快递,2025-01-18 11:49:41,,0.5,,6.00,,2.32,42% - 0.2,2,1880462509814894592,极兔快递,JT0015079028185,服饰,浙江省,
名恩首府智慧社区服务_站点-名恩首府智慧社区服务站,快递,2025-01-18 11:33:16,,2.3,,11.00,,5.05,55%,2,1880458378081521664,极兔快递,JT0015076324370,生活用品,北京市,
名恩首府智慧社区服务_站点-名恩首府智慧社区服务站,快递,2025-01-17 18:54:49,,0.5,,6.00,,2.32,42% - 0.2,2,1880207107785281536,极兔快递,JT0015071180749,服饰,广东省,
名恩首府智慧社区服务_站点-名恩首府智慧社区服务站,快递,2025-01-17 18:31:33,,2.2,,10.00,,5.30,55% - 0.2,2,1880201259109371904,极兔快递,JT0015071064283,服饰,湖北省,
名恩首府智慧社区服务_站点-名恩首府智慧社区服务站,快递,2025-01-17 18:24:28,,1,,6.00,,2.32,42% - 0.2,2,1880199475762614272,极兔快递,JT0015069332834,服饰,浙江省,
名恩首府智慧社区服务_站点-名恩首府智慧社区服务站,快递,2025-01-17 18:16:22,,0.5,,6.00,,2.32,42% - 0.2,2,1880197432700358656,极兔快递,JT0015071050436,服饰,浙江省,
名恩首府智慧社区服务_站点-名恩首府智慧社区服务站,快递,2025-01-17 17:48:03,,1.2,,8.00,,3.88,51% - 0.2,2,1880190307601272832,极兔快递,JT0015070611430,生活用品,广东省,
名恩首府智慧社区服务_站点-名恩首府智慧社区服务站,快递,2025-01-17 17:34:04,,0.2,,6.00,,2.32,42% - 0.2,2,1880186788798320640,极兔快递,JT0015069196638,生活用品,广东省,
名恩首府智慧社区服务_站点-名恩首府智慧社区服务站,快递,2025-01-17 17:31:45,,1,,6.00,,2.32,42% - 0.2,2,1880186207581032448,极兔快递,JT0015069382017,服饰,山东省,
名恩首府智慧社区服务_站点-名恩首府智慧社区服务站,快递,2025-01-17 17:22:53,,1,,6.00,,2.32,42% - 0.2,2,1880183974990761984,极兔快递,JT0015068720758,服饰,广东省,
名恩首府智慧社区服务_站点-名恩首府智慧社区服务站,干洗,2025-01-17 17:09:38,,,,19.80,,5.94,30%,,1880180635666272256,干洗,,"磨砂鞋   *   1",,
名恩首府智慧社区服务_站点-名恩首府智慧社区服务站,干洗,2025-01-17 17:07:43,,,,19.80,,5.94,30%,,1880180156051804160,干洗,,"磨砂鞋   *   1",,
名恩首府智慧社区服务_站点-名恩首府智慧社区服务站,干洗,2025-01-17 17:03:08,,,,9.90,,2.97,30%,,1880179004925071360,干洗,,"清洗鞋19.8元两双   *   1",,
名恩首府智慧社区服务_站点-名恩首府智慧社区服务站,干洗,2025-01-17 17:00:48,,,,9.90,,2.97,30%,,1880178410395062272,干洗,,"清洗鞋19.8元两双   *   1",,
名恩首府智慧社区服务_站点-名恩首府智慧社区服务站,快递,2025-01-17 16:48:09,,0.5,,6.00,,2.32,42% - 0.2,2,1880175234367410176,极兔快递,JT0015066312871,服饰,浙江省,
名恩首府智慧社区服务_站点-名恩首府智慧社区服务站,快递,2025-01-17 16:46:48,,1,,6.00,,2.32,42% - 0.2,2,1880174895148879872,极兔快递,JT0015065827766,服饰,湖北省,
名恩首府智慧社区服务_站点-名恩首府智慧社区服务站,快递,2025-01-17 16:44:47,,0.2,,6.00,,2.32,42% - 0.2,2,1880174387239636992,极兔快递,JT0015067912064,生活用品,福建省,
名恩首府智慧社区服务_站点-名恩首府智慧社区服务站,快递,2025-01-17 15:42:59,,0.5,,6.00,,2.32,42% - 0.2,2,1880158835666374656,极兔快递,JT0015067703642,服饰,河北省,
名恩首府智慧社区服务_站点-名恩首府智慧社区服务站,快递,2025-01-17 15:39:35,,0.5,,6.00,,2.32,42% - 0.2,2,1880157982100344832,极兔快递,JT0015065731169,服饰,江苏省,
名恩首府智慧社区服务_站点-名恩首府智慧社区服务站,快递,2025-01-17 14:24:21,,0.5,,6.00,,2.32,42% - 0.2,2,1880139042443808768,极兔快递,JT0015059768393,服饰,广东省,
名恩首府智慧社区服务_站点-名恩首府智慧社区服务站,快递,2025-01-17 14:07:30,,1.2,,8.00,,3.88,51% - 0.2,2,1880134804493881344,极兔快递,JT0015057680733,服饰,福建省,
名恩首府智慧社区服务_站点-名恩首府智慧社区服务站,快递,2025-01-17 11:49:34,,1,,7.00,,1.94,42%,2,1880100096267571200,极兔快递,JT0015060574167,服饰,上海市,
名恩首府智慧社区服务_站点-名恩首府智慧社区服务站,快递,2025-01-17 11:48:18,,1,,6.00,,2.32,42% - 0.2,2,1880099776770658304,极兔快递,JT0015061401936,服饰,广东省,
名恩首府智慧社区服务_站点-名恩首府智慧社区服务站,快递,2025-01-17 11:41:41,,7,,21.00,,10.30,50% - 0.2,2,1880098108972781568,极兔快递,JT0015061247336,生活用品,河北省,
名恩首府智慧社区服务_站点-名恩首府智慧社区服务站,快递,2025-01-17 11:39:54,,1,,6.00,,2.32,42% - 0.2,2,1880097657590173696,极兔快递,JT0015059801354,服饰,广东省,
名恩首府智慧社区服务_站点-名恩首府智慧社区服务站,干洗,2025-01-16 20:27:49,,,,24.50,,7.35,30%,,1879868124849033216,干洗,,"清洗普通羽绒服2件不分长短49元   *   1",,
名恩首府智慧社区服务_站点-名恩首府智慧社区服务站,干洗,2025-01-16 20:23:08,,,,24.50,,7.35,30%,,1879866946413187072,干洗,,"清洗普通羽绒服2件不分长短49元   *   1",,
名恩首府智慧社区服务_站点-名恩首府智慧社区服务站,快递,2025-01-16 20:17:02,,1,,6.00,,2.32,42% - 0.2,2,1879865416725352448,极兔快递,JT0015055671781,服饰,浙江省,
名恩首府智慧社区服务_站点-名恩首府智慧社区服务站,干洗,2025-01-16 20:14:56,,,,24.50,,7.35,30%,,1879864880605220864,干洗,,"清洗普通羽绒服2件不分长短49元   *   1",,
名恩首府智慧社区服务_站点-名恩首府智慧社区服务站,干洗,2025-01-16 20:09:20,,,,24.50,,7.35,30%,,1879863473135210496,干洗,,"清洗普通羽绒服2件不分长短49元   *   1",,
名恩首府智慧社区服务_站点-名恩首府智慧社区服务站,快递,2025-01-16 20:01:13,,5,,15.00,,7.30,50% - 0.2,2,1879861400071098368,极兔快递,JT0015053056368,生活用品,陕西省,
名恩首府智慧社区服务_站点-名恩首府智慧社区服务站,快递,2025-01-16 19:59:20,,9.2,,30.00,,14.80,50% - 0.2,2,1879860957668495360,极兔快递,JT0015053821428,生活用品,陕西省,
名恩首府智慧社区服务_站点-名恩首府智慧社区服务站,快递,2025-01-16 19:56:31,,11.5,,36.00,,17.80,50% - 0.2,2,1879860246893350912,极兔快递,JT0015053472804,生活用品,陕西省,
名恩首府智慧社区服务_站点-名恩首府智慧社区服务站,快递,2025-01-16 18:43:44,,1,,6.00,,2.32,42% - 0.2,2,1879841920435671040,极兔快递,JT0015054182820,服饰,广东省,
名恩首府智慧社区服务_站点-名恩首府智慧社区服务站,快递,2025-01-16 18:39:53,,0.5,,6.00,,2.32,42% - 0.2,2,1879840965686251520,极兔快递,JT0015052196233,服饰,福建省,
名恩首府智慧社区服务_站点-名恩首府智慧社区服务站,快递,2025-01-16 18:38:21,,1,,6.00,,2.32,42% - 0.2,2,1879840581014048768,极兔快递,JT0015054599736,服饰,浙江省,
名恩首府智慧社区服务_站点-名恩首府智慧社区服务站,快递,2025-01-16 18:37:10,,0.5,,6.00,,2.32,42% - 0.2,2,1879840283042304000,极兔快递,JT0015051729354,服饰,江苏省,
名恩首府智慧社区服务_站点-名恩首府智慧社区服务站,快递,2025-01-16 18:35:12,,1,,6.00,,2.32,42% - 0.2,2,1879839789737627648,极兔快递,JT0015054131082,服饰,广东省,
名恩首府智慧社区服务_站点-名恩首府智慧社区服务站,快递,2025-01-16 18:25:05,,1,,6.00,,2.32,42% - 0.2,2,1879837242679414784,极兔快递,JT0015049383450,服饰,广东省,
名恩首府智慧社区服务_站点-名恩首府智慧社区服务站,快递,2025-01-16 18:23:55,,0.5,,6.00,,2.32,42% - 0.2,2,1879836948344131584,极兔快递,JT0015043355677,服饰,广东省,
名恩首府智慧社区服务_站点-名恩首府智慧社区服务站,快递,2025-01-16 18:22:47,,0.5,,6.00,,2.32,42% - 0.2,2,1879836666268798976,极兔快递,JT0015054465349,服饰,广东省,
名恩首府智慧社区服务_站点-名恩首府智慧社区服务站,快递,2025-01-16 18:21:42,,1,,6.00,,2.32,42% - 0.2,2,1879836389436346368,极兔快递,JT0015055125726,服饰,广东省,
名恩首府智慧社区服务_站点-名恩首府智慧社区服务站,快递,2025-01-16 18:13:13,,2.5,,10.00,,5.30,55% - 0.2,2,1879834255374471168,极兔快递,JT0015052311394,服饰,浙江省,
名恩首府智慧社区服务_站点-名恩首府智慧社区服务站,快递,2025-01-16 18:08:42,,0.5,,6.00,,2.32,42% - 0.2,2,1879833114616057856,极兔快递,JT0015054788440,服饰,浙江省,
名恩首府智慧社区服务_站点-名恩首府智慧社区服务站,快递,2025-01-16 17:59:17,,0.5,,6.00,,2.32,42% - 0.2,2,1879830749544501248,极兔快递,JT0015050381607,服饰,浙江省,
名恩首府智慧社区服务_站点-名恩首府智慧社区服务站,快递,2025-01-16 17:55:35,,4.5,,15.00,,7.30,50% - 0.2,2,1879829805134041088,极兔快递,JT0015049194952,生活用品,陕西省,
名恩首府智慧社区服务_站点-名恩首府智慧社区服务站,快递,2025-01-16 17:45:28,,2.5,,10.00,,5.30,55% - 0.2,2,1879827272667811840,极兔快递,JT0015046583319,生活用品,陕西省,
名恩首府智慧社区服务_站点-名恩首府智慧社区服务站,快递,2025-01-16 17:32:28,,1.1,,8.00,,3.88,51% - 0.2,2,1879824002125713408,极兔快递,JT0015052478153,生活用品,浙江省,
名恩首府智慧社区服务_站点-名恩首府智慧社区服务站,快递,2025-01-16 17:30:37,,1,,6.00,,2.32,42% - 0.2,2,1879823525745053696,极兔快递,JT0015053897529,服饰,广东省,
名恩首府智慧社区服务_站点-名恩首府智慧社区服务站,快递,2025-01-16 17:29:28,,0.5,,6.00,,2.32,42% - 0.2,2,1879823244445667328,极兔快递,JT0015052511458,服饰,广东省,
名恩首府智慧社区服务_站点-名恩首府智慧社区服务站,快递,2025-01-16 17:28:22,,0.5,,6.00,,2.32,42% - 0.2,2,1879822964530401280,极兔快递,JT0015051643358,服饰,广东省,
名恩首府智慧社区服务_站点-名恩首府智慧社区服务站,快递,2025-01-16 17:23:22,,0.5,,6.00,,2.32,42% - 0.2,2,1879821706369224704,极兔快递,JT0015042566164,服饰,河北省,
名恩首府智慧社区服务_站点-名恩首府智慧社区服务站,快递,2025-01-16 17:18:46,,4.5,,15.00,,7.30,50% - 0.2,2,1879820551169822720,极兔快递,JT0015047974252,服饰,浙江省,
名恩首府智慧社区服务_站点-名恩首府智慧社区服务站,快递,2025-01-16 17:14:19,,1,,6.00,,2.32,42% - 0.2,2,1879819431911411712,极兔快递,JT0015054009809,食品,广东省,
名恩首府智慧社区服务_站点-名恩首府智慧社区服务站,快递,2025-01-16 17:09:47,,0.5,,6.00,,2.32,42% - 0.2,2,1879818206868459520,极兔快递,JT0015052634545,生活用品,江苏省,
名恩首府智慧社区服务_站点-名恩首府智慧社区服务站,快递,2025-01-16 17:03:01,,0.5,,6.00,,2.32,42% - 0.2,2,1879816588517232640,极兔快递,JT0015052763665,服饰,广东省,
名恩首府智慧社区服务_站点-名恩首府智慧社区服务站,快递,2025-01-16 17:01:37,,1,,10.00,,1.80,42% - 0.2,2,1879816192616878080,极兔快递,JT0015047033681,服饰,内蒙古自治区,
名恩首府智慧社区服务_站点-名恩首府智慧社区服务站,快递,2025-01-16 14:01:43,,2,,8.00,,3.88,51% - 0.2,2,1879770961095741440,极兔快递,JT0015047354462,食品,四川省,
名恩首府智慧社区服务_站点-名恩首府智慧社区服务站,快递,2025-01-16 13:31:35,,3,,10.00,,5.30,55% - 0.2,2,1879763360622628864,极兔快递,JT0015044438971,生活用品,广东省,
名恩首府智慧社区服务_站点-名恩首府智慧社区服务站,快递,2025-01-16 13:17:37,,1.3,,8.00,,3.88,51% - 0.2,2,1879759862728282112,极兔快递,JT0015043399677,生活用品,广东省,
名恩首府智慧社区服务_站点-名恩首府智慧社区服务站,快递,2025-01-16 11:50:23,,1,,6.00,,2.32,42% - 0.2,2,1879737895119802368,极兔快递,JT0015045258586,服饰,浙江省,
名恩首府智慧社区服务_站点-名恩首府智慧社区服务站,快递,2025-01-16 11:49:06,,1,,6.00,,2.32,42% - 0.2,2,1879737586402250752,极兔快递,JT0015045255089,生活用品,广东省,
名恩首府智慧社区服务_站点-名恩首府智慧社区服务站,快递,2025-01-15 20:15:00,,0.5,,6.00,,2.32,42% - 0.2,2,1879502519574777856,极兔快递,JT0015039826823,服饰,广东省,
名恩首府智慧社区服务_站点-名恩首府智慧社区服务站,快递,2025-01-15 20:12:43,,1.1,,9.00,,3.59,51%,2,1879501931210395648,极兔快递,JT0015039362371,生活用品,上海市,
名恩首府智慧社区服务_站点-名恩首府智慧社区服务站,干洗,2025-01-15 19:39:32,,,,24.80,,7.44,30%,,1879493588957843456,干洗,,"棉服_毛呢_羽绒服   *   1",,
名恩首府智慧社区服务_站点-名恩首府智慧社区服务站,干洗,2025-01-15 19:37:24,,,,29.80,,8.94,30%,,1879493052187594752,干洗,,"棉服_毛呢_羽绒服   *   1",,
名恩首府智慧社区服务_站点-名恩首府智慧社区服务站,干洗,2025-01-15 19:32:54,,,,24.50,,7.35,30%,,1879491917791940608,干洗,,"清洗普通羽绒服2件不分长短49元   *   1",,
名恩首府智慧社区服务_站点-名恩首府智慧社区服务站,干洗,2025-01-15 19:30:37,,,,24.50,,7.35,30%,,1879491343633666048,干洗,,"清洗普通羽绒服2件不分长短49元   *   1",,
名恩首府智慧社区服务_站点-名恩首府智慧社区服务站,干洗,2025-01-15 19:25:23,,,,24.50,,7.35,30%,,1879490017881280512,干洗,,"清洗普通羽绒服2件不分长短49元   *   1",,
名恩首府智慧社区服务_站点-名恩首府智慧社区服务站,干洗,2025-01-15 19:22:02,,,,24.50,,7.35,30%,,1879489179716734976,干洗,,"清洗普通羽绒服2件不分长短49元   *   1",,
名恩首府智慧社区服务_站点-名恩首府智慧社区服务站,快递,2025-01-15 19:16:04,,0.2,,6.00,,2.32,42% - 0.2,2,1879487684308946944,极兔快递,JT0015037684123,生活用品,江苏省,
名恩首府智慧社区服务_站点-名恩首府智慧社区服务站,快递,2025-01-15 19:12:32,,1,,6.00,,2.32,42% - 0.2,2,1879486794139226112,极兔快递,JT0015039023052,服饰,江苏省,
名恩首府智慧社区服务_站点-名恩首府智慧社区服务站,快递,2025-01-15 18:52:49,,1,,6.00,,2.32,42% - 0.2,2,1879481832369868800,极兔快递,JT0015014202248,服饰,吉林省,
名恩首府智慧社区服务_站点-名恩首府智慧社区服务站,干洗,2025-01-15 18:48:03,,,,9.90,,2.97,30%,,1879480553182646272,干洗,,"清洗鞋19.8元两双   *   1",,
名恩首府智慧社区服务_站点-名恩首府智慧社区服务站,干洗,2025-01-15 18:44:47,,,,9.90,,2.97,30%,,1879479806923689984,干洗,,"清洗鞋19.8元两双   *   1",,
名恩首府智慧社区服务_站点-名恩首府智慧社区服务站,快递,2025-01-15 18:33:50,,1,,6.00,,2.32,42% - 0.2,2,1879477004931485696,极兔快递,JT0015036209413,服饰,广东省,
名恩首府智慧社区服务_站点-名恩首府智慧社区服务站,快递,2025-01-15 18:32:42,,1,,6.00,,2.32,42% - 0.2,2,1879476768876056576,极兔快递,JT0015036791004,服饰,浙江省,
名恩首府智慧社区服务_站点-名恩首府智慧社区服务站,快递,2025-01-15 18:27:56,,0.2,,6.00,,2.32,42% - 0.2,2,1879475568730492928,极兔快递,JT0015038576437,服饰,广东省,
名恩首府智慧社区服务_站点-名恩首府智慧社区服务站,快递,2025-01-15 18:26:17,,1,,6.00,,2.32,42% - 0.2,2,1879475156166168576,极兔快递,JT0015034857758,服饰,安徽省,
名恩首府智慧社区服务_站点-名恩首府智慧社区服务站,快递,2025-01-15 18:22:07,,1,,6.00,,2.32,42% - 0.2,2,1879474101852360704,极兔快递,JT0015037752882,服饰,广东省,
名恩首府智慧社区服务_站点-名恩首府智慧社区服务站,快递,2025-01-15 17:48:06,,2,,8.00,,3.88,51% - 0.2,2,1879465547749707776,极兔快递,JT0015033701822,生活用品,广东省,
名恩首府智慧社区服务_站点-名恩首府智慧社区服务站,快递,2025-01-15 17:44:31,,2,,8.00,,3.88,51% - 0.2,2,1879464647513657344,极兔快递,JT0015037887528,生活用品,湖南省,
名恩首府智慧社区服务_站点-名恩首府智慧社区服务站,快递,2025-01-15 17:42:21,,1,,6.00,,2.32,42% - 0.2,2,1879464101369139200,极兔快递,JT0015034612517,生活用品,广东省,
名恩首府智慧社区服务_站点-名恩首府智慧社区服务站,快递,2025-01-15 17:40:09,,0.5,,6.00,,2.32,42% - 0.2,2,1879463540708134912,极兔快递,JT0015034661013,服饰,广东省,
名恩首府智慧社区服务_站点-名恩首府智慧社区服务站,快递,2025-01-15 17:07:25,,1,,6.00,,2.32,42% - 0.2,2,1879455307859808256,极兔快递,JT0015036763621,服饰,广东省,
名恩首府智慧社区服务_站点-名恩首府智慧社区服务站,快递,2025-01-15 17:04:05,,2.5,,10.00,,5.30,55% - 0.2,2,1879454469745594368,极兔快递,JT0015034106984,服饰,广东省,
名恩首府智慧社区服务_站点-名恩首府智慧社区服务站,快递,2025-01-15 15:47:07,,1,,6.00,,2.32,42% - 0.2,2,1879435100114178048,极兔快递,JT0015034874803,生活用品,山东省,
名恩首府智慧社区服务_站点-名恩首府智慧社区服务站,快递,2025-01-15 15:32:42,,0.5,,6.00,,2.32,42% - 0.2,2,1879431471294631936,极兔快递,JT0015012430207,服饰,广东省,
名恩首府智慧社区服务_站点-名恩首府智慧社区服务站,快递,2025-01-15 15:31:47,,0.5,,6.00,,2.32,42% - 0.2,2,1879431242109472768,极兔快递,JT0015034587593,服饰,广东省,
名恩首府智慧社区服务_站点-名恩首府智慧社区服务站,快递,2025-01-15 15:30:31,,1.2,,8.00,,3.88,51% - 0.2,2,1879430922197323776,极兔快递,JT0015034459638,服饰,广东省,
名恩首府智慧社区服务_站点-名恩首府智慧社区服务站,快递,2025-01-15 15:05:17,,1,,6.00,,2.32,42% - 0.2,2,1879424571974930432,韵达快递,312610813042922,服饰,浙江省,
名恩首府智慧社区服务_站点-名恩首府智慧社区服务站,快递,2025-01-15 14:58:54,,1,,6.00,,2.32,42% - 0.2,2,1879422965665550336,极兔快递,JT0015029767494,服饰,浙江省,
名恩首府智慧社区服务_站点-名恩首府智慧社区服务站,快递,2025-01-15 14:50:48,,1,,6.00,,2.32,42% - 0.2,2,1879420926290087936,韵达快递,312610791678760,生活用品,浙江省,
名恩首府智慧社区服务_站点-名恩首府智慧社区服务站,快递,2025-01-15 14:46:59,,1,,6.00,,2.32,42% - 0.2,2,1879419966738190336,极兔快递,JT0015031300761,食品,云南省,
名恩首府智慧社区服务_站点-名恩首府智慧社区服务站,快递,2025-01-15 14:33:21,,1.2,,8.00,,3.88,51% - 0.2,2,1879416534711193600,极兔快递,JT0015029563290,服饰,浙江省,
名恩首府智慧社区服务_站点-名恩首府智慧社区服务站,快递,2025-01-15 14:11:59,,1.2,,8.00,,3.88,51% - 0.2,2,1879411154224467968,极兔快递,JT0015032447151,服饰,浙江省,
名恩首府智慧社区服务_站点-名恩首府智慧社区服务站,快递,2025-01-15 13:55:50,,0.5,,6.00,,2.32,42% - 0.2,2,1879407094826061824,极兔快递,JT0015032793330,服饰,河南省,
名恩首府智慧社区服务_站点-名恩首府智慧社区服务站,快递,2025-01-15 13:39:07,,0.2,,6.00,,2.32,42% - 0.2,2,1879402885892329472,极兔快递,JT0015029980713,生活用品,浙江省,
名恩首府智慧社区服务_站点-名恩首府智慧社区服务站,快递,2025-01-15 13:35:10,,1,,6.00,,2.32,42% - 0.2,2,1879401893956210688,极兔快递,JT0015028206344,服饰,浙江省,
名恩首府智慧社区服务_站点-名恩首府智慧社区服务站,快递,2025-01-15 12:46:14,,1,,6.00,,2.32,42% - 0.2,2,1879389561146363904,极兔快递,JT0015010500820,服饰,广东省,
名恩首府智慧社区服务_站点-名恩首府智慧社区服务站,快递,2025-01-15 12:10:40,,1,,6.00,,2.32,42% - 0.2,2,1879380629522796544,极兔快递,JT0015029055753,服饰,安徽省,
名恩首府智慧社区服务_站点-名恩首府智慧社区服务站,快递,2025-01-15 11:41:32,,6,,18.00,,8.80,50% - 0.2,2,1879373293160812544,极兔快递,JT0015029412658,食品,陕西省,
名恩首府智慧社区服务_站点-名恩首府智慧社区服务站,快递,2025-01-15 11:38:00,,1,,6.00,,2.32,42% - 0.2,2,1879372406724022272,韵达快递,312610385427654,服饰,浙江省,
名恩首府智慧社区服务_站点-名恩首府智慧社区服务站,快递,2025-01-15 11:35:12,,1,,6.00,,2.32,42% - 0.2,2,1879371701665714176,韵达快递,312610379625459,服饰,广东省,
名恩首府智慧社区服务_站点-名恩首府智慧社区服务站,快递,2025-01-15 11:19:17,,2,,8.00,,3.88,51% - 0.2,2,1879367693819498496,极兔快递,JT0015029860951,生活用品,浙江省,
名恩首府智慧社区服务_站点-名恩首府智慧社区服务站,快递,2025-01-15 11:17:11,,4,,12.00,,5.80,50% - 0.2,2,1879367161688150016,极兔快递,JT0015029101084,生活用品,浙江省,
名恩首府智慧社区服务_站点-名恩首府智慧社区服务站,快递,2025-01-15 11:13:49,,8.5,,27.00,,13.30,50% - 0.2,2,1879366318645628928,极兔快递,JT0015025097583,生活用品,浙江省,
名恩首府智慧社区服务_站点-名恩首府智慧社区服务站,快递,2025-01-14 19:45:28,,1,,6.00,,2.32,42% - 0.2,2,1879132694323187712,极兔快递,JT0015023831241,服饰,广东省,
名恩首府智慧社区服务_站点-名恩首府智慧社区服务站,快递,2025-01-14 19:18:11,,1,,6.00,,2.32,42% - 0.2,2,1879125828876685312,极兔快递,JT0015024067063,服饰,江苏省,
名恩首府智慧社区服务_站点-名恩首府智慧社区服务站,快递,2025-01-14 19:01:48,,1,,6.00,,2.32,42% - 0.2,2,1879121703321522176,极兔快递,JT0015018363447,服饰,湖北省,
名恩首府智慧社区服务_站点-名恩首府智慧社区服务站,快递,2025-01-14 18:58:55,,1,,6.00,,2.32,42% - 0.2,2,1879120979892162560,极兔快递,JT0015016685061,生活用品,江西省,
名恩首府智慧社区服务_站点-名恩首府智慧社区服务站,干洗,2025-01-12 13:59:27,2025-01-14 18:42:24,,,24.50,,7.35,30%,,1878320841217069056,干洗,,"清洗普通羽绒服2件不分长短49元   *   1",,已全额退款
名恩首府智慧社区服务_站点-名恩首府智慧社区服务站,干洗,2025-01-14 18:24:46,,,,9.90,,2.97,30%,,1879112384475615232,干洗,,"清洗鞋19.8元两双   *   1",,
名恩首府智慧社区服务_站点-名恩首府智慧社区服务站,干洗,2025-01-14 18:22:58,,,,9.90,,2.97,30%,,1879111929867587584,干洗,,"清洗鞋19.8元两双   *   1",,
名恩首府智慧社区服务_站点-名恩首府智慧社区服务站,干洗,2025-01-14 18:17:17,,,,24.80,,7.44,30%,,1879110500050325504,干洗,,"棉服_毛呢_羽绒服   *   1",,
名恩首府智慧社区服务_站点-名恩首府智慧社区服务站,快递,2025-01-14 18:02:31,,1,,6.00,,2.32,42% - 0.2,2,1879106787881570304,极兔快递,JT0015019986095,服饰,广东省,
名恩首府智慧社区服务_站点-名恩首府智慧社区服务站,快递,2025-01-14 17:59:27,,0.5,,6.00,,2.32,42% - 0.2,2,1879106012786774016,极兔快递,JT0015020441785,生活用品,浙江省,
名恩首府智慧社区服务_站点-名恩首府智慧社区服务站,快递,2025-01-14 17:58:18,,0.2,,6.00,,2.32,42% - 0.2,2,1879105726483582976,极兔快递,JT0015018074973,服饰,浙江省,
名恩首府智慧社区服务_站点-名恩首府智慧社区服务站,快递,2025-01-14 17:57:06,,0.2,,6.00,,2.32,42% - 0.2,2,1879105425303195648,极兔快递,JT0015021315101,生活用品,浙江省,
名恩首府智慧社区服务_站点-名恩首府智慧社区服务站,快递,2025-01-14 17:55:52,,0.2,,6.00,,2.32,42% - 0.2,2,1879105114119393280,极兔快递,JT0015018517030,生活用品,浙江省,
名恩首府智慧社区服务_站点-名恩首府智慧社区服务站,快递,2025-01-14 17:54:31,,0.5,,6.00,,2.32,42% - 0.2,2,1879104772245868544,极兔快递,JT0015009160403,服饰,广东省,
名恩首府智慧社区服务_站点-名恩首府智慧社区服务站,快递,2025-01-14 17:50:58,,1,,7.00,,1.94,42%,2,1879103877433053184,极兔快递,JT0015018260202,服饰,上海市,
名恩首府智慧社区服务_站点-名恩首府智慧社区服务站,快递,2025-01-14 17:16:23,,1.2,,8.00,,3.88,51% - 0.2,2,1879095118900023296,极兔快递,JT0015003580567,服饰,福建省,
名恩首府智慧社区服务_站点-名恩首府智慧社区服务站,快递,2025-01-14 17:14:33,,1.2,,8.00,,3.88,51% - 0.2,2,1879094713675730944,极兔快递,JT0015022025477,服饰,福建省,
名恩首府智慧社区服务_站点-名恩首府智慧社区服务站,快递,2025-01-14 17:09:46,,0.2,,6.00,,2.32,42% - 0.2,2,1879093511625953280,极兔快递,JT0015017912836,服饰,河南省,
名恩首府智慧社区服务_站点-名恩首府智慧社区服务站,快递,2025-01-14 17:04:53,,1,,6.00,,2.32,42% - 0.2,2,1879092273798762496,极兔快递,JT0014998981348,服饰,浙江省,
名恩首府智慧社区服务_站点-名恩首府智慧社区服务站,快递,2025-01-14 17:00:10,,0.5,,6.00,,2.32,42% - 0.2,2,1879091060336283648,极兔快递,JT0015020173484,服饰,广东省,
名恩首府智慧社区服务_站点-名恩首府智慧社区服务站,快递,2025-01-14 16:58:53,,1,,6.00,,2.32,42% - 0.2,2,1879090758417698816,极兔快递,JT0015004384076,服饰,四川省,
名恩首府智慧社区服务_站点-名恩首府智慧社区服务站,快递,2025-01-14 15:48:02,,1.3,,8.00,,3.88,51% - 0.2,2,1879072940611653632,极兔快递,JT0015013347146,服饰,山东省,
名恩首府智慧社区服务_站点-名恩首府智慧社区服务站,快递,2025-01-14 15:20:34,,5,,63.00,,10.80,17.14% - 0.2,2,1879065761095667712,极兔快递,JT0015012172413,生活用品,西藏自治区,
名恩首府智慧社区服务_站点-名恩首府智慧社区服务站,干洗,2025-01-14 12:36:33,,,,15.00,,4.50,30%,,1879024753502900224,干洗,,"毛领   *   1",,
名恩首府智慧社区服务_站点-名恩首府智慧社区服务站,干洗,2025-01-14 12:33:13,,,,24.50,,7.35,30%,,1879023912242958336,干洗,,"清洗普通羽绒服2件不分长短49元   *   1",,
名恩首府智慧社区服务_站点-名恩首府智慧社区服务站,快递,2025-01-14 12:19:44,,1,,6.00,,2.32,42% - 0.2,2,1879020520531611648,极兔快递,JT0015014967997,生活用品,天津市,
名恩首府智慧社区服务_站点-名恩首府智慧社区服务站,干洗,2025-01-14 12:08:16,,,,24.50,,7.35,30%,,1879017634028376064,干洗,,"清洗普通羽绒服2件不分长短49元   *   1",,
名恩首府智慧社区服务_站点-名恩首府智慧社区服务站,快递,2025-01-14 11:45:36,,0.5,,6.00,,2.32,42% - 0.2,2,1879011930097897472,极兔快递,JT0015012473170,服饰,广东省,
名恩首府智慧社区服务_站点-名恩首府智慧社区服务站,快递,2025-01-14 11:37:14,,0.2,,6.00,,2.32,42% - 0.2,2,1879009778373808128,极兔快递,JT0015004319218,生活用品,浙江省,
名恩首府智慧社区服务_站点-名恩首府智慧社区服务站,快递,2025-01-14 11:04:21,,21,,63.00,,31.30,50% - 0.2,2,1879001549308743680,韵达快递,312608638100812,生活用品,江苏省,
名恩首府智慧社区服务_站点-名恩首府智慧社区服务站,快递,2025-01-13 18:50:23,2025-01-13 19:31:39,0.5,,7.00,,0.00,,2,1878756446333882368,极兔快递,JT0015006443527,服饰,上海市,已全额退款
名恩首府智慧社区服务_站点-名恩首府智慧社区服务站,快递,2025-01-13 19:29:52,,0.5,,6.00,,2.32,42% - 0.2,2,1878766361286856704,极兔快递,JT0015004769981,服饰,广东省,
名恩首府智慧社区服务_站点-名恩首府智慧社区服务站,快递,2025-01-13 19:01:17,,1,,6.00,,2.32,42% - 0.2,2,1878759187932303360,极兔快递,JT0015007954994,服饰,广东省,
名恩首府智慧社区服务_站点-名恩首府智慧社区服务站,快递,2025-01-13 18:59:55,,0.5,,7.00,,1.94,42%,2,1878758844720795648,极兔快递,JT0015006782552,服饰,上海市,
名恩首府智慧社区服务_站点-名恩首府智慧社区服务站,快递,2025-01-13 18:53:26,,0.5,,6.00,,2.32,42% - 0.2,2,1878757211702087680,极兔快递,JT0015008057212,服饰,广东省,
名恩首府智慧社区服务_站点-名恩首府智慧社区服务站,快递,2025-01-13 18:51:47,,1,,6.00,,2.32,42% - 0.2,2,1878756796847673344,极兔快递,JT0015006777034,服饰,广东省,
名恩首府智慧社区服务_站点-名恩首府智慧社区服务站,快递,2025-01-13 18:49:29,,0.5,,7.00,,1.94,42%,2,1878756216884482048,极兔快递,JT0015003179627,服饰,上海市,
名恩首府智慧社区服务_站点-名恩首府智慧社区服务站,快递,2025-01-13 18:47:12,,1.5,,8.00,,3.88,51% - 0.2,2,1878755637948895232,极兔快递,JT0015006166268,服饰,浙江省,
名恩首府智慧社区服务_站点-名恩首府智慧社区服务站,干洗,2025-01-13 18:36:13,,,,19.80,,5.94,30%,,1878752881800433664,干洗,,"T恤_卫衣_   *   1",,
名恩首府智慧社区服务_站点-名恩首府智慧社区服务站,干洗,2025-01-13 18:34:16,,,,19.80,,5.94,30%,,1878752389674356736,干洗,,"T恤_卫衣_   *   1",,
名恩首府智慧社区服务_站点-名恩首府智慧社区服务站,干洗,2025-01-13 18:30:31,,,,24.80,,7.44,30%,,1878751440058765312,干洗,,"棉服_毛呢_羽绒服   *   1",,
名恩首府智慧社区服务_站点-名恩首府智慧社区服务站,快递,2025-01-13 18:09:33,,8,,24.00,,11.80,50% - 0.2,2,1878746166946222080,极兔快递,JT0015000684040,食品,辽宁省,
名恩首府智慧社区服务_站点-名恩首府智慧社区服务站,快递,2025-01-13 17:56:01,,2,,8.00,,3.88,51% - 0.2,2,1878742758910644224,极兔快递,JT0015003143970,服饰,广东省,
名恩首府智慧社区服务_站点-名恩首府智慧社区服务站,快递,2025-01-13 17:24:48,,1,,6.00,,2.32,42% - 0.2,2,1878734907458768896,极兔快递,JT0015004148114,服饰,浙江省,
名恩首府智慧社区服务_站点-名恩首府智慧社区服务站,快递,2025-01-13 17:20:26,,0.5,,6.00,,2.32,42% - 0.2,2,1878733806944702464,极兔快递,JT0015004540646,服饰,广东省,
名恩首府智慧社区服务_站点-名恩首府智慧社区服务站,快递,2025-01-13 17:17:00,,0.5,,6.00,,2.32,42% - 0.2,2,1878732936937000960,极兔快递,JT0015005886379,服饰,广东省,
名恩首府智慧社区服务_站点-名恩首府智慧社区服务站,快递,2025-01-13 17:02:44,,1.2,,8.00,,3.88,51% - 0.2,2,1878729326685638656,极兔快递,JT0015004922926,服饰,湖北省,
名恩首府智慧社区服务_站点-名恩首府智慧社区服务站,快递,2025-01-13 16:51:42,,0.5,,6.00,,2.32,42% - 0.2,2,1878726577097068544,极兔快递,JT0015003079889,服饰,广东省,
名恩首府智慧社区服务_站点-名恩首府智慧社区服务站,快递,2025-01-13 16:50:26,,2.5,,10.00,,5.30,55% - 0.2,2,1878726254919995392,极兔快递,JT0014995943053,服饰,广东省,
名恩首府智慧社区服务_站点-名恩首府智慧社区服务站,快递,2025-01-13 15:08:08,,0.5,,6.00,,2.32,42% - 0.2,2,1878700512752488448,极兔快递,JT0014999909519,服饰,浙江省,
名恩首府智慧社区服务_站点-名恩首府智慧社区服务站,快递,2025-01-13 15:06:05,,0.5,,6.00,,2.32,42% - 0.2,2,1878699997335441408,极兔快递,JT0015000662662,服饰,广东省,
名恩首府智慧社区服务_站点-名恩首府智慧社区服务站,快递,2025-01-13 15:03:24,,1,,6.00,,2.32,42% - 0.2,2,1878699321729536000,极兔快递,JT0015001532960,服饰,山东省,
名恩首府智慧社区服务_站点-名恩首府智慧社区服务站,快递,2025-01-13 14:18:27,,1,,6.00,,2.32,42% - 0.2,2,1878688010467594240,极兔快递,JT0014992366581,生活用品,广东省,
名恩首府智慧社区服务_站点-名恩首府智慧社区服务站,快递,2025-01-13 13:29:18,,1,,6.00,,2.32,42% - 0.2,2,1878675645441298432,极兔快递,JT0014997579610,服饰,河北省,
名恩首府智慧社区服务_站点-名恩首府智慧社区服务站,快递,2025-01-13 13:20:06,,0.2,,6.00,,2.32,42% - 0.2,2,1878673328239333376,极兔快递,JT0014996112910,生活用品,江苏省,
名恩首府智慧社区服务_站点-名恩首府智慧社区服务站,快递,2025-01-13 13:18:34,,1,,6.00,,2.32,42% - 0.2,2,1878672943168671744,极兔快递,JT0014996971897,服饰,广东省,
名恩首府智慧社区服务_站点-名恩首府智慧社区服务站,快递,2025-01-13 13:17:02,,1,,6.00,,2.32,42% - 0.2,2,1878672554239250432,极兔快递,JT0014999526052,服饰,广东省,
名恩首府智慧社区服务_站点-名恩首府智慧社区服务站,快递,2025-01-13 13:15:18,,2.2,,10.00,,5.30,55% - 0.2,2,1878672117599621120,极兔快递,JT0014999524554,服饰,浙江省,
名恩首府智慧社区服务_站点-名恩首府智慧社区服务站,快递,2025-01-13 13:07:26,,1.5,,8.00,,3.88,51% - 0.2,2,1878670137443536896,极兔快递,JT0014998206525,服饰,浙江省,
名恩首府智慧社区服务_站点-名恩首府智慧社区服务站,快递,2025-01-13 12:57:39,,1.5,,8.00,,3.88,51% - 0.2,2,1878667677266137088,极兔快递,JT0014998326615,服饰,河北省,
名恩首府智慧社区服务_站点-名恩首府智慧社区服务站,快递,2025-01-13 12:43:22,,1.5,,8.00,,3.88,51% - 0.2,2,1878664080470102016,极兔快递,JT0014998616050,生活用品,江苏省,
名恩首府智慧社区服务_站点-名恩首府智慧社区服务站,快递,2025-01-13 12:32:21,,0.5,,6.00,,2.32,42% - 0.2,2,1878661307645087744,极兔快递,JT0014994461068,生活用品,浙江省,
名恩首府智慧社区服务_站点-名恩首府智慧社区服务站,快递,2025-01-12 20:46:28,,1,,6.00,,2.32,42% - 0.2,2,1878423270419910656,极兔快递,JT0014992490178,服饰,广东省,
名恩首府智慧社区服务_站点-名恩首府智慧社区服务站,快递,2025-01-12 20:22:50,,0.2,,6.00,,2.32,42% - 0.2,2,1878417322431270912,极兔快递,JT0014992348687,生活用品,广东省,
名恩首府智慧社区服务_站点-名恩首府智慧社区服务站,快递,2025-01-12 20:16:51,,1.5,,8.00,,3.88,51% - 0.2,2,1878415819494707200,极兔快递,JT0014991551472,服饰,湖北省,
名恩首府智慧社区服务_站点-名恩首府智慧社区服务站,快递,2025-01-12 20:14:42,,1,,6.00,,2.32,42% - 0.2,2,1878415279289323520,极兔快递,JT0014992493981,生活用品,江苏省,
名恩首府智慧社区服务_站点-名恩首府智慧社区服务站,干洗,2025-01-12 20:09:33,,,,24.80,,7.44,30%,,1878413976295231488,干洗,,"棉服_毛呢_羽绒服   *   1",,
名恩首府智慧社区服务_站点-名恩首府智慧社区服务站,干洗,2025-01-12 20:05:06,,,,9.90,,2.97,30%,,1878412856411869184,干洗,,"清洗鞋19.8元两双   *   1",,
名恩首府智慧社区服务_站点-名恩首府智慧社区服务站,快递,2025-01-12 19:59:16,,0.2,,6.00,,2.32,42% - 0.2,2,1878411393325387776,极兔快递,JT0014991473428,生活用品,甘肃省,
名恩首府智慧社区服务_站点-名恩首府智慧社区服务站,快递,2025-01-12 19:55:38,,1,,6.00,,2.32,42% - 0.2,2,1878410479852113920,极兔快递,JT0014991233954,服饰,湖北省,
名恩首府智慧社区服务_站点-名恩首府智慧社区服务站,快递,2025-01-12 19:50:29,,0.5,,6.00,,2.32,42% - 0.2,2,1878409179399770112,极兔快递,JT0014990890352,服饰,广东省,
名恩首府智慧社区服务_站点-名恩首府智慧社区服务站,快递,2025-01-12 19:46:51,,1,,6.00,,2.32,42% - 0.2,2,1878408262868848640,极兔快递,JT0014992126139,服饰,广东省,
名恩首府智慧社区服务_站点-名恩首府智慧社区服务站,快递,2025-01-12 19:41:26,,4.5,,15.00,,7.30,50% - 0.2,2,1878406903511699456,极兔快递,JT0014989354371,生活用品,广东省,
名恩首府智慧社区服务_站点-名恩首府智慧社区服务站,快递,2025-01-12 19:14:49,,1,,6.00,,2.32,42% - 0.2,2,1878400206676217856,极兔快递,JT0014991904970,服饰,广东省,
名恩首府智慧社区服务_站点-名恩首府智慧社区服务站,快递,2025-01-12 19:12:12,,1,,6.00,,2.32,42% - 0.2,2,1878399545171562496,极兔快递,JT0014988293849,服饰,浙江省,
名恩首府智慧社区服务_站点-名恩首府智慧社区服务站,快递,2025-01-12 19:10:01,,0.5,,6.00,,2.32,42% - 0.2,2,1878399000440524800,极兔快递,JT0014988487070,服饰,江苏省,
名恩首府智慧社区服务_站点-名恩首府智慧社区服务站,快递,2025-01-12 19:07:30,,1,,7.00,,1.94,42%,2,1878398352454111232,极兔快递,JT0014988455829,服饰,上海市,
名恩首府智慧社区服务_站点-名恩首府智慧社区服务站,快递,2025-01-12 19:04:47,,1,,7.00,,1.94,42%,2,1878397679515783168,极兔快递,JT0014978428967,服饰,上海市,
名恩首府智慧社区服务_站点-名恩首府智慧社区服务站,快递,2025-01-12 18:57:40,,1,,6.00,,2.32,42% - 0.2,2,1878395891463016448,极兔快递,JT0014973310871,服饰,广西壮族自治区,
名恩首府智慧社区服务_站点-名恩首府智慧社区服务站,快递,2025-01-12 18:56:27,,2,,8.00,,3.88,51% - 0.2,2,1878395583806623744,极兔快递,JT0014990942715,服饰,天津市,
名恩首府智慧社区服务_站点-名恩首府智慧社区服务站,快递,2025-01-12 18:26:13,,0.5,,6.00,,2.32,42% - 0.2,2,1878387976303857664,极兔快递,JT0014988278492,服饰,湖北省,
名恩首府智慧社区服务_站点-名恩首府智慧社区服务站,快递,2025-01-12 18:25:13,,0.2,,6.00,,2.32,42% - 0.2,2,1878387722342944768,极兔快递,JT0014980672366,服饰,广东省,
名恩首府智慧社区服务_站点-名恩首府智慧社区服务站,快递,2025-01-12 18:23:04,,0.5,,6.00,,2.32,42% - 0.2,2,1878387182615711744,极兔快递,JT0014976384479,服饰,广东省,
名恩首府智慧社区服务_站点-名恩首府智慧社区服务站,快递,2025-01-12 18:21:55,,1,,6.00,,2.32,42% - 0.2,2,1878386893103878144,极兔快递,JT0014987260844,服饰,广东省,
名恩首府智慧社区服务_站点-名恩首府智慧社区服务站,快递,2025-01-12 18:20:19,,0.2,,6.00,,2.32,42% - 0.2,2,1878386486126366720,极兔快递,JT0014987389735,服饰,广东省,
名恩首府智慧社区服务_站点-名恩首府智慧社区服务站,快递,2025-01-12 18:18:35,,1,,6.00,,2.32,42% - 0.2,2,1878386051483226112,极兔快递,JT0014990438368,服饰,广东省,
名恩首府智慧社区服务_站点-名恩首府智慧社区服务站,快递,2025-01-12 18:12:54,,5,,15.00,,7.30,50% - 0.2,2,1878384627332468736,极兔快递,JT0014987677344,食品,陕西省,
名恩首府智慧社区服务_站点-名恩首府智慧社区服务站,快递,2025-01-12 17:32:54,,1.2,,8.00,,3.88,51% - 0.2,2,1878374554614943744,极兔快递,JT0014988879523,服饰,广东省,
名恩首府智慧社区服务_站点-名恩首府智慧社区服务站,快递,2025-01-12 17:26:21,,1,,6.00,,2.32,42% - 0.2,2,1878372908975575040,极兔快递,JT0014988545088,服饰,广东省,
名恩首府智慧社区服务_站点-名恩首府智慧社区服务站,快递,2025-01-12 17:23:34,,2.2,,10.00,,5.30,55% - 0.2,2,1878372206563872768,极兔快递,JT0014984631791,服饰,浙江省,
名恩首府智慧社区服务_站点-名恩首府智慧社区服务站,快递,2025-01-12 17:19:41,,1.2,,8.00,,3.88,51% - 0.2,2,1878371230243147776,极兔快递,JT0014989564858,服饰,浙江省,
名恩首府智慧社区服务_站点-名恩首府智慧社区服务站,快递,2025-01-12 17:10:06,,2.5,,10.00,,5.30,55% - 0.2,2,1878368821487915008,极兔快递,JT0014976543446,服饰,江苏省,
名恩首府智慧社区服务_站点-名恩首府智慧社区服务站,快递,2025-01-12 16:57:56,,1,,6.00,,2.32,42% - 0.2,2,1878365760577130496,极兔快递,JT0014986302417,生活用品,山东省,
名恩首府智慧社区服务_站点-名恩首府智慧社区服务站,快递,2025-01-12 16:47:40,,1.2,,8.00,,3.88,51% - 0.2,2,1878363173740138496,极兔快递,JT0014986419487,服饰,浙江省,
名恩首府智慧社区服务_站点-名恩首府智慧社区服务站,快递,2025-01-12 16:43:10,,0.2,,6.00,,2.32,42% - 0.2,2,1878361899216982016,极兔快递,JT0014987300464,生活用品,广东省,
名恩首府智慧社区服务_站点-名恩首府智慧社区服务站,快递,2025-01-12 16:40:00,,1,,6.00,,2.32,42% - 0.2,2,1878361247271145472,极兔快递,JT0014985540594,服饰,广东省,
名恩首府智慧社区服务_站点-名恩首府智慧社区服务站,快递,2025-01-12 16:34:05,,1,,6.00,,2.32,42% - 0.2,2,1878359755965386752,极兔快递,JT0014970219601,服饰,浙江省,
名恩首府智慧社区服务_站点-名恩首府智慧社区服务站,快递,2025-01-12 16:33:09,,1,,6.00,,2.32,42% - 0.2,2,1878359524221702144,极兔快递,JT0014970841478,服饰,广西壮族自治区,
名恩首府智慧社区服务_站点-名恩首府智慧社区服务站,快递,2025-01-12 16:29:49,,1,,6.00,,2.32,42% - 0.2,2,1878358677618216960,极兔快递,JT0014979610651,服饰,广东省,
名恩首府智慧社区服务_站点-名恩首府智慧社区服务站,干洗,2025-01-12 15:16:11,,,,19.80,,5.94,30%,,1878340149406126080,干洗,,"T恤_卫衣_   *   1",,
名恩首府智慧社区服务_站点-名恩首府智慧社区服务站,干洗,2025-01-12 15:12:20,,,,24.50,,7.35,30%,,1878339179162947584,干洗,,"清洗普通羽绒服2件不分长短49元   *   1",,
名恩首府智慧社区服务_站点-名恩首府智慧社区服务站,干洗,2025-01-12 15:09:48,,,,24.50,,7.35,30%,,1878338543029637120,干洗,,"清洗普通羽绒服2件不分长短49元   *   1",,
名恩首府智慧社区服务_站点-名恩首府智慧社区服务站,干洗,2025-01-12 15:05:10,,,,24.50,,7.35,30%,,1878337378523074560,干洗,,"清洗普通羽绒服2件不分长短49元   *   1",,
名恩首府智慧社区服务_站点-名恩首府智慧社区服务站,干洗,2025-01-12 15:02:22,,,,24.50,,7.35,30%,,1878336670310649856,干洗,,"清洗普通羽绒服2件不分长短49元   *   1",,
名恩首府智慧社区服务_站点-名恩首府智慧社区服务站,干洗,2025-01-12 14:53:07,,,,24.50,,7.35,30%,,1878334345911259136,干洗,,"清洗普通羽绒服2件不分长短49元   *   1",,
名恩首府智慧社区服务_站点-名恩首府智慧社区服务站,干洗,2025-01-12 14:50:40,,,,24.50,,7.35,30%,,1878333728719425536,干洗,,"清洗普通羽绒服2件不分长短49元   *   1",,
名恩首府智慧社区服务_站点-名恩首府智慧社区服务站,干洗,2025-01-12 14:47:58,,,,24.50,,7.35,30%,,1878333051368689664,干洗,,"清洗普通羽绒服2件不分长短49元   *   1",,
名恩首府智慧社区服务_站点-名恩首府智慧社区服务站,干洗,2025-01-12 14:44:05,,,,24.50,,7.35,30%,,1878332071361171456,干洗,,"清洗普通羽绒服2件不分长短49元   *   1",,
名恩首府智慧社区服务_站点-名恩首府智慧社区服务站,干洗,2025-01-12 14:41:00,,,,18.00,,5.40,30%,,1878331299005255680,干洗,,"羽绒马甲_儿童羽绒服   *   1",,
名恩首府智慧社区服务_站点-名恩首府智慧社区服务站,干洗,2025-01-12 13:56:02,,,,24.50,,7.35,30%,,1878319978851389440,干洗,,"清洗普通羽绒服2件不分长短49元   *   1",,
名恩首府智慧社区服务_站点-名恩首府智慧社区服务站,快递,2025-01-12 11:42:31,2025-01-12 13:02:04,0.5,,6.00,,0.00,,2,1878286377787117568,极兔快递,JT0014983585121,文件,陕西省,已全额退款
名恩首府智慧社区服务_站点-名恩首府智慧社区服务站,快递,2025-01-12 11:56:53,,0.2,,6.00,,2.32,42% - 0.2,2,1878289996154458112,极兔快递,JT0014979265761,服饰,浙江省,
名恩首府智慧社区服务_站点-名恩首府智慧社区服务站,快递,2025-01-12 11:08:05,,1,,6.00,,2.32,42% - 0.2,2,1878277716180258816,极兔快递,JT0014982204555,生活用品,广东省,
名恩首府智慧社区服务_站点-名恩首府智慧社区服务站,快递,2025-01-12 11:06:35,,0.5,,6.00,,2.32,42% - 0.2,2,1878277336490889216,极兔快递,JT0014976859521,服饰,浙江省,
名恩首府智慧社区服务_站点-名恩首府智慧社区服务站,快递,2025-01-11 19:55:58,,0.5,,6.00,,2.32,42% - 0.2,2,1878048175805485056,极兔快递,JT0014967686768,生活用品,四川省,
名恩首府智慧社区服务_站点-名恩首府智慧社区服务站,快递,2025-01-11 19:53:47,,1,,6.00,,2.32,42% - 0.2,2,1878047623906381824,极兔快递,JT0014972378052,生活用品,广东省,
名恩首府智慧社区服务_站点-名恩首府智慧社区服务站,快递,2025-01-11 19:50:05,,1,,6.00,,2.32,42% - 0.2,2,1878046692229828608,极兔快递,JT0014977561167,生活用品,河南省,
名恩首府智慧社区服务_站点-名恩首府智慧社区服务站,快递,2025-01-11 19:49:08,,0.5,,6.00,,2.32,42% - 0.2,2,1878046458225414144,极兔快递,JT0014973717014,生活用品,河南省,
名恩首府智慧社区服务_站点-名恩首府智慧社区服务站,快递,2025-01-11 19:46:47,,0.5,,6.00,,2.32,42% - 0.2,2,1878045864643317760,极兔快递,JT0014968880895,生活用品,山东省,
名恩首府智慧社区服务_站点-名恩首府智慧社区服务站,快递,2025-01-11 19:45:34,,1,,6.00,,2.32,42% - 0.2,2,1878045557884506112,极兔快递,JT0014974360865,生活用品,山东省,
名恩首府智慧社区服务_站点-名恩首府智慧社区服务站,快递,2025-01-11 19:42:39,,0.5,,6.00,,2.32,42% - 0.2,2,1878044813944999936,极兔快递,JT0014975802862,生活用品,重庆市,
名恩首府智慧社区服务_站点-名恩首府智慧社区服务站,快递,2025-01-11 19:40:57,,0.5,,6.00,,2.32,42% - 0.2,2,1878044393403109376,极兔快递,JT0014973820016,生活用品,重庆市,
名恩首府智慧社区服务_站点-名恩首府智慧社区服务站,快递,2025-01-11 19:37:44,,1.2,,8.00,,3.88,51% - 0.2,2,1878043588558114816,极兔快递,JT0014967653730,生活用品,河南省,
名恩首府智慧社区服务_站点-名恩首府智慧社区服务站,快递,2025-01-11 19:34:16,,1,,6.00,,2.32,42% - 0.2,2,1878042709847232512,极兔快递,JT0014967380184,生活用品,山东省,
名恩首府智慧社区服务_站点-名恩首府智慧社区服务站,快递,2025-01-11 19:10:15,,1,,6.00,,2.32,42% - 0.2,2,1878036666408816640,极兔快递,JT0014976303022,服饰,浙江省,
名恩首府智慧社区服务_站点-名恩首府智慧社区服务站,快递,2025-01-11 19:08:54,,0.5,,6.00,,2.32,42% - 0.2,2,1878036327941066752,极兔快递,JT0014973765333,服饰,安徽省,
名恩首府智慧社区服务_站点-名恩首府智慧社区服务站,快递,2025-01-11 19:06:52,,1,,6.00,,2.32,42% - 0.2,2,1878035815132876800,极兔快递,JT0014977121295,服饰,安徽省,
名恩首府智慧社区服务_站点-名恩首府智慧社区服务站,快递,2025-01-11 19:05:27,,1,,6.00,,2.32,42% - 0.2,2,1878035461683073024,极兔快递,JT0014977371998,服饰,安徽省,
名恩首府智慧社区服务_站点-名恩首府智慧社区服务站,快递,2025-01-11 19:03:40,,1,,6.00,,2.32,42% - 0.2,2,1878035010975748096,极兔快递,JT0014977985999,服饰,安徽省,
名恩首府智慧社区服务_站点-名恩首府智慧社区服务站,快递,2025-01-11 18:30:10,,1,,6.00,,2.32,42% - 0.2,2,1878026584308633600,极兔快递,JT0014974192752,服饰,安徽省,
名恩首府智慧社区服务_站点-名恩首府智慧社区服务站,快递,2025-01-11 18:28:48,,0.5,,6.00,,2.32,42% - 0.2,2,1878026234428182528,极兔快递,JT0014976889518,服饰,江苏省,
名恩首府智慧社区服务_站点-名恩首府智慧社区服务站,快递,2025-01-11 18:27:18,,0.5,,6.00,,2.32,42% - 0.2,2,1878025861831380992,极兔快递,JT0014976530554,服饰,江苏省,
名恩首府智慧社区服务_站点-名恩首府智慧社区服务站,快递,2025-01-11 18:25:33,,1,,6.00,,2.32,42% - 0.2,2,1878025419760128000,极兔快递,JT0014974499313,服饰,江苏省,
名恩首府智慧社区服务_站点-名恩首府智慧社区服务站,快递,2025-01-11 18:24:00,,1.5,,8.00,,3.88,51% - 0.2,2,1878025026758037504,极兔快递,JT0014976696020,服饰,福建省,
名恩首府智慧社区服务_站点-名恩首府智慧社区服务站,快递,2025-01-11 18:15:53,,0.2,,6.00,,2.32,42% - 0.2,2,1878022937323556864,极兔快递,JT0014973861181,生活用品,吉林省,
名恩首府智慧社区服务_站点-名恩首府智慧社区服务站,快递,2025-01-11 18:12:28,,0.2,,6.00,,2.32,42% - 0.2,2,1878022126170329088,极兔快递,JT0014970467684,生活用品,浙江省,
名恩首府智慧社区服务_站点-名恩首府智慧社区服务站,快递,2025-01-11 17:57:58,,1.5,,8.00,,3.88,51% - 0.2,2,1878018478946177024,极兔快递,JT0014975582796,服饰,浙江省,
名恩首府智慧社区服务_站点-名恩首府智慧社区服务站,快递,2025-01-11 17:55:02,,1,,6.00,,2.32,42% - 0.2,2,1878017741809831936,极兔快递,JT0014976026657,服饰,浙江省,
名恩首府智慧社区服务_站点-名恩首府智慧社区服务站,快递,2025-01-11 17:54:13,,1,,6.00,,2.32,42% - 0.2,2,1878017535487823872,极兔快递,JT0014974902061,服饰,浙江省,
名恩首府智慧社区服务_站点-名恩首府智慧社区服务站,快递,2025-01-11 17:52:46,,1.2,,8.00,,3.88,51% - 0.2,2,1878017165806063616,极兔快递,JT0014974366869,服饰,湖北省,
名恩首府智慧社区服务_站点-名恩首府智慧社区服务站,干洗,2025-01-11 17:45:10,,,,24.50,,7.35,30%,,1878015257817174016,干洗,,"清洗普通羽绒服2件不分长短49元   *   1",,
名恩首府智慧社区服务_站点-名恩首府智慧社区服务站,干洗,2025-01-11 17:42:24,,,,24.50,,7.35,30%,,1878014559851433984,干洗,,"清洗普通羽绒服2件不分长短49元   *   1",,
名恩首府智慧社区服务_站点-名恩首府智慧社区服务站,干洗,2025-01-11 17:38:51,,,,9.90,,2.97,30%,,1878013667974631424,干洗,,"清洗鞋19.8元两双   *   1",,
名恩首府智慧社区服务_站点-名恩首府智慧社区服务站,干洗,2025-01-11 17:36:46,,,,9.90,,2.97,30%,,1878013142193459200,干洗,,"清洗鞋19.8元两双   *   1",,
名恩首府智慧社区服务_站点-名恩首府智慧社区服务站,干洗,2025-01-11 17:26:29,,,,18.00,,5.40,30%,,1878010555822034944,干洗,,"羽绒马甲_儿童羽绒服   *   1",,
名恩首府智慧社区服务_站点-名恩首府智慧社区服务站,干洗,2025-01-11 17:22:22,,,,24.80,,7.44,30%,,1878009517199118336,干洗,,"棉服_毛呢_羽绒服   *   1",,
名恩首府智慧社区服务_站点-名恩首府智慧社区服务站,快递,2025-01-11 17:17:23,,1,,6.00,,2.32,42% - 0.2,2,1878008267036479488,极兔快递,JT0014975924316,服饰,广东省,
名恩首府智慧社区服务_站点-名恩首府智慧社区服务站,快递,2025-01-11 17:12:39,,1,,6.00,,2.32,42% - 0.2,2,1878007068077903872,极兔快递,JT0014971924144,生活用品,重庆市,
名恩首府智慧社区服务_站点-名恩首府智慧社区服务站,快递,2025-01-11 17:04:43,,1,,6.00,,2.32,42% - 0.2,2,1878005075875778560,极兔快递,JT0014966643534,服饰,浙江省,
名恩首府智慧社区服务_站点-名恩首府智慧社区服务站,快递,2025-01-11 16:46:28,,1.2,,8.00,,3.88,51% - 0.2,2,1878000483159035904,极兔快递,JT0014972651465,生活用品,广东省,
名恩首府智慧社区服务_站点-名恩首府智慧社区服务站,快递,2025-01-11 16:36:01,,0.5,,7.00,,1.94,42%,2,1877997832371490816,极兔快递,JT0014971394125,生活用品,北京市,
名恩首府智慧社区服务_站点-名恩首府智慧社区服务站,快递,2025-01-11 15:56:48,,0.5,,6.00,,2.32,42% - 0.2,2,1877987974574297088,极兔快递,JT0014974150838,服饰,河南省,
名恩首府智慧社区服务_站点-名恩首府智慧社区服务站,快递,2025-01-11 15:36:12,,1.2,,8.00,,3.88,51% - 0.2,2,1877982801911140352,极兔快递,JT0014953889679,服饰,广东省,
名恩首府智慧社区服务_站点-名恩首府智慧社区服务站,快递,2025-01-11 15:33:11,,1,,6.00,,2.32,42% - 0.2,2,1877982036337414144,极兔快递,JT0014972276172,服饰,广东省,
名恩首府智慧社区服务_站点-名恩首府智慧社区服务站,快递,2025-01-11 15:09:21,,3,,10.00,,5.30,55% - 0.2,2,1877976035416657920,极兔快递,JT0014968381588,食品,陕西省,
名恩首府智慧社区服务_站点-名恩首府智慧社区服务站,快递,2025-01-11 15:07:53,,3,,10.00,,5.30,55% - 0.2,2,1877975672684859392,极兔快递,JT0014960830640,食品,陕西省,
名恩首府智慧社区服务_站点-名恩首府智慧社区服务站,快递,2025-01-11 14:57:19,,1.2,,8.00,,3.88,51% - 0.2,2,1877973013710032896,极兔快递,JT0014971337282,服饰,福建省,
名恩首府智慧社区服务_站点-名恩首府智慧社区服务站,快递,2025-01-11 14:47:35,,0.5,,6.00,,2.32,42% - 0.2,2,1877970568304971776,极兔快递,JT0014969489695,服饰,河北省,
名恩首府智慧社区服务_站点-名恩首府智慧社区服务站,快递,2025-01-11 14:38:56,,0.2,,6.00,,2.32,42% - 0.2,2,1877968386616774656,极兔快递,JT0014972024315,服饰,山东省,
名恩首府智慧社区服务_站点-名恩首府智慧社区服务站,快递,2025-01-11 14:28:42,,1,,6.00,,2.32,42% - 0.2,2,1877965664555421696,极兔快递,JT0014966213013,服饰,广东省,
名恩首府智慧社区服务_站点-名恩首府智慧社区服务站,快递,2025-01-11 14:26:51,,0.2,,6.00,,2.32,42% - 0.2,2,1877965350334943232,极兔快递,JT0014968949896,服饰,浙江省,
名恩首府智慧社区服务_站点-名恩首府智慧社区服务站,快递,2025-01-11 14:22:57,,1,,6.00,,2.32,42% - 0.2,2,1877964370679746560,极兔快递,JT0014971979238,服饰,山东省,
名恩首府智慧社区服务_站点-名恩首府智慧社区服务站,快递,2025-01-11 14:19:05,,1.2,,8.00,,3.88,51% - 0.2,2,1877963392979095552,极兔快递,JT0014970266843,服饰,浙江省,
名恩首府智慧社区服务_站点-名恩首府智慧社区服务站,快递,2025-01-11 14:07:39,,2.5,,10.00,,5.30,55% - 0.2,2,1877960516902899712,极兔快递,JT0014972045816,服饰,安徽省,
名恩首府智慧社区服务_站点-名恩首府智慧社区服务站,快递,2025-01-11 14:05:22,,1.5,,8.00,,3.88,51% - 0.2,2,1877959940387426304,极兔快递,JT0014971942682,服饰,浙江省,
名恩首府智慧社区服务_站点-名恩首府智慧社区服务站,快递,2025-01-11 13:50:37,,1,,6.00,,2.32,42% - 0.2,2,1877956226087964672,极兔快递,JT0014967983813,服饰,广东省,
名恩首府智慧社区服务_站点-名恩首府智慧社区服务站,快递,2025-01-11 13:44:11,,0.5,,6.00,,2.32,42% - 0.2,2,1877954610655973376,极兔快递,JT0014965907211,服饰,福建省,
名恩首府智慧社区服务_站点-名恩首府智慧社区服务站,快递,2025-01-11 13:42:04,,1,,6.00,,2.32,42% - 0.2,2,1877954081628409856,极兔快递,JT0014969831172,服饰,浙江省,
名恩首府智慧社区服务_站点-名恩首府智慧社区服务站,快递,2025-01-11 13:35:10,,1,,6.00,,2.32,42% - 0.2,2,1877952304166260736,极兔快递,JT0014970403104,服饰,广东省,
名恩首府智慧社区服务_站点-名恩首府智慧社区服务站,快递,2025-01-11 13:32:03,,1,,6.00,,2.32,42% - 0.2,2,1877951557240410112,极兔快递,JT0014966602753,服饰,山东省,
名恩首府智慧社区服务_站点-名恩首府智慧社区服务站,快递,2025-01-11 13:24:13,,0.5,,6.00,,2.32,42% - 0.2,2,1877949584948645888,极兔快递,JT0014969411418,服饰,福建省,
名恩首府智慧社区服务_站点-名恩首府智慧社区服务站,快递,2025-01-11 13:09:08,,0.5,,6.00,,2.32,42% - 0.2,2,1877945788226916352,极兔快递,JT0014968338320,服饰,福建省,
名恩首府智慧社区服务_站点-名恩首府智慧社区服务站,快递,2025-01-11 13:00:26,,0.5,,6.00,,2.32,42% - 0.2,2,1877943600234680320,极兔快递,JT0014949623671,服饰,福建省,
名恩首府智慧社区服务_站点-名恩首府智慧社区服务站,快递,2025-01-11 12:29:20,,1.2,,8.00,,3.88,51% - 0.2,2,1877935763966185472,极兔快递,JT0014963957600,生活用品,广西壮族自治区,
名恩首府智慧社区服务_站点-名恩首府智慧社区服务站,快递,2025-01-11 12:13:49,,1.5,,8.00,,3.88,51% - 0.2,2,1877931823883145216,极兔快递,JT0014966760583,服饰,广东省,
名恩首府智慧社区服务_站点-名恩首府智慧社区服务站,快递,2025-01-11 12:09:41,,1,,6.00,,2.32,42% - 0.2,2,1877930825336803328,极兔快递,JT0014969355164,生活用品,浙江省,
名恩首府智慧社区服务_站点-名恩首府智慧社区服务站,快递,2025-01-11 12:08:08,,0.5,,6.00,,2.32,42% - 0.2,2,1877930436910698496,极兔快递,JT0014969153268,服饰,河南省,
名恩首府智慧社区服务_站点-名恩首府智慧社区服务站,快递,2025-01-10 20:29:01,,1,,6.00,,2.32,42% - 0.2,2,1877694103541829632,极兔快递,JT0014960624119,服饰,浙江省,
名恩首府智慧社区服务_站点-名恩首府智慧社区服务站,快递,2025-01-10 20:10:41,,2.5,,10.00,,5.30,55% - 0.2,2,1877689487211155456,极兔快递,JT0014963633466,服饰,河北省,
名恩首府智慧社区服务_站点-名恩首府智慧社区服务站,快递,2025-01-10 19:49:07,,0.2,,6.00,,2.32,42% - 0.2,2,1877684061904097280,极兔快递,JT0014963611894,服饰,广东省,
名恩首府智慧社区服务_站点-名恩首府智慧社区服务站,快递,2025-01-10 19:47:35,,2.5,,10.00,,5.30,55% - 0.2,2,1877683676074266624,极兔快递,JT0014964016440,服饰,浙江省,
名恩首府智慧社区服务_站点-名恩首府智慧社区服务站,快递,2025-01-10 19:35:50,,1,,6.00,,2.32,42% - 0.2,2,1877680718012010496,极兔快递,JT0014953977296,生活用品,广东省,
名恩首府智慧社区服务_站点-名恩首府智慧社区服务站,快递,2025-01-10 19:31:30,,0.5,,6.00,,2.32,42% - 0.2,2,1877679625135771648,极兔快递,JT0014943186402,服饰,广东省,
名恩首府智慧社区服务_站点-名恩首府智慧社区服务站,快递,2025-01-10 19:29:00,,0.2,,6.00,,2.32,42% - 0.2,2,1877679002386485248,极兔快递,JT0014962259855,服饰,浙江省,
名恩首府智慧社区服务_站点-名恩首府智慧社区服务站,快递,2025-01-10 19:27:48,,0.2,,6.00,,2.32,42% - 0.2,2,1877678696797884416,极兔快递,JT0014943430611,服饰,山东省,
名恩首府智慧社区服务_站点-名恩首府智慧社区服务站,快递,2025-01-10 19:25:39,,1,,6.00,,2.32,42% - 0.2,2,1877678154767978496,极兔快递,JT0014956545150,服饰,浙江省,
名恩首府智慧社区服务_站点-名恩首府智慧社区服务站,快递,2025-01-10 19:22:03,,0.2,,6.00,,2.32,42% - 0.2,2,1877677252195700736,极兔快递,JT0014961893932,服饰,河北省,
名恩首府智慧社区服务_站点-名恩首府智慧社区服务站,快递,2025-01-10 19:20:34,,1,,6.00,,2.32,42% - 0.2,2,1877676876658692096,极兔快递,JT0014962678848,服饰,广东省,
名恩首府智慧社区服务_站点-名恩首府智慧社区服务站,快递,2025-01-10 19:17:12,,0.2,,6.00,,2.32,42% - 0.2,2,1877676031774871552,极兔快递,JT0014961598813,服饰,河北省,
名恩首府智慧社区服务_站点-名恩首府智慧社区服务站,快递,2025-01-10 19:15:47,,0.2,,6.00,,2.32,42% - 0.2,2,1877675672784392192,极兔快递,JT0014959245675,服饰,浙江省,
名恩首府智慧社区服务_站点-名恩首府智慧社区服务站,快递,2025-01-10 19:10:57,,0.2,,6.00,,2.32,42% - 0.2,2,1877674411796254720,极兔快递,JT0014955685547,服饰,浙江省,
名恩首府智慧社区服务_站点-名恩首府智慧社区服务站,快递,2025-01-10 19:02:35,,1.5,,8.00,,3.88,51% - 0.2,2,1877672341525549056,极兔快递,JT0014934654412,生活用品,广东省,
名恩首府智慧社区服务_站点-名恩首府智慧社区服务站,快递,2025-01-10 18:52:13,,1,,6.00,,2.32,42% - 0.2,2,1877669742738984960,极兔快递,JT0014955221677,服饰,广东省,
名恩首府智慧社区服务_站点-名恩首府智慧社区服务站,快递,2025-01-10 18:49:26,,1,,6.00,,2.32,42% - 0.2,2,1877669043875663872,极兔快递,JT0014961497898,服饰,河南省,
名恩首府智慧社区服务_站点-名恩首府智慧社区服务站,快递,2025-01-10 18:47:30,,0.2,,6.00,,2.32,42% - 0.2,2,1877668554631073792,极兔快递,JT0014955304554,服饰,河南省,
名恩首府智慧社区服务_站点-名恩首府智慧社区服务站,干洗,2025-01-10 18:32:30,,,,9.90,,2.97,30%,,1877664780080435200,干洗,,"清洗鞋19.8元两双   *   1",,
名恩首府智慧社区服务_站点-名恩首府智慧社区服务站,干洗,2025-01-10 17:49:42,,,,9.90,,2.97,30%,,1877654009460084736,干洗,,"清洗鞋19.8元两双   *   1",,
名恩首府智慧社区服务_站点-名恩首府智慧社区服务站,干洗,2025-01-10 17:47:18,,,,9.90,,2.97,30%,,1877653401504108544,干洗,,"清洗鞋19.8元两双   *   1",,
名恩首府智慧社区服务_站点-名恩首府智慧社区服务站,干洗,2025-01-10 17:40:25,,,,24.50,,7.35,30%,,1877651670896529408,干洗,,"清洗普通羽绒服2件不分长短49元   *   1",,
名恩首府智慧社区服务_站点-名恩首府智慧社区服务站,干洗,2025-01-10 17:38:24,,,,24.50,,7.35,30%,,1877651167596826624,干洗,,"清洗普通羽绒服2件不分长短49元   *   1",,
名恩首府智慧社区服务_站点-名恩首府智慧社区服务站,干洗,2025-01-10 17:33:45,,,,24.80,,7.44,30%,,1877649994902982656,干洗,,"棉服_毛呢_羽绒服   *   1",,
名恩首府智慧社区服务_站点-名恩首府智慧社区服务站,干洗,2025-01-10 17:29:43,,,,24.50,,7.35,30%,,1877648978929307648,干洗,,"清洗普通羽绒服2件不分长短49元   *   1",,
名恩首府智慧社区服务_站点-名恩首府智慧社区服务站,干洗,2025-01-10 17:21:53,,,,24.50,,7.35,30%,,1877647005739962368,干洗,,"清洗普通羽绒服2件不分长短49元   *   1",,
名恩首府智慧社区服务_站点-名恩首府智慧社区服务站,快递,2025-01-10 17:15:12,,1,,6.00,,2.32,42% - 0.2,2,1877645326793625600,极兔快递,JT0014957449491,服饰,广东省,
名恩首府智慧社区服务_站点-名恩首府智慧社区服务站,快递,2025-01-10 16:44:07,,3.2,,12.00,,5.80,50% - 0.2,2,1877637494950121472,极兔快递,JT0014958252652,服饰,江苏省,
名恩首府智慧社区服务_站点-名恩首府智慧社区服务站,快递,2025-01-10 16:35:48,,0.2,,6.00,,2.32,42% - 0.2,2,1877635408497790976,极兔快递,JT0014959609973,生活用品,浙江省,
名恩首府智慧社区服务_站点-名恩首府智慧社区服务站,快递,2025-01-10 16:21:28,,0.5,,6.00,,2.32,42% - 0.2,2,1877631802201657344,极兔快递,JT0014958759483,服饰,河北省,
名恩首府智慧社区服务_站点-名恩首府智慧社区服务站,快递,2025-01-10 15:06:09,,10,,30.00,,14.80,50% - 0.2,2,1877612850629103616,极兔快递,JT0014956186391,食品,陕西省,
名恩首府智慧社区服务_站点-名恩首府智慧社区服务站,快递,2025-01-10 15:01:24,,0.2,,6.00,,2.32,42% - 0.2,2,1877611656238125056,极兔快递,JT0014950985994,生活用品,广东省,
名恩首府智慧社区服务_站点-名恩首府智慧社区服务站,快递,2025-01-10 14:29:22,,1,,6.00,,2.32,42% - 0.2,2,1877603591786909696,极兔快递,JT0014954658730,生活用品,安徽省,
名恩首府智慧社区服务_站点-名恩首府智慧社区服务站,快递,2025-01-10 14:22:41,,1,,6.00,,2.32,42% - 0.2,2,1877601914899976192,极兔快递,JT0014954461052,服饰,福建省,
名恩首府智慧社区服务_站点-名恩首府智慧社区服务站,快递,2025-01-10 13:49:56,,1,,6.00,,2.32,42% - 0.2,2,1877593669900750848,极兔快递,JT0014954266893,生活用品,辽宁省,
名恩首府智慧社区服务_站点-名恩首府智慧社区服务站,快递,2025-01-09 19:53:16,,1.2,,8.00,,3.88,51% - 0.2,2,1877322699902341120,极兔快递,JT0014948845546,服饰,湖北省,
名恩首府智慧社区服务_站点-名恩首府智慧社区服务站,快递,2025-01-09 19:40:10,,1.5,,8.00,,3.88,51% - 0.2,2,1877319380857311232,极兔快递,JT0014946757107,服饰,浙江省,
名恩首府智慧社区服务_站点-名恩首府智慧社区服务站,快递,2025-01-09 19:33:39,,1.2,,8.00,,3.88,51% - 0.2,2,1877317784056418304,韵达快递,312604404461007,服饰,吉林省,
名恩首府智慧社区服务_站点-名恩首府智慧社区服务站,快递,2025-01-09 19:29:30,,3.2,,12.00,,5.80,50% - 0.2,2,1877316736000512000,极兔快递,JT0014948152714,服饰,河北省,
名恩首府智慧社区服务_站点-名恩首府智慧社区服务站,快递,2025-01-09 19:20:31,,2.2,,10.00,,5.30,55% - 0.2,2,1877314475052552192,极兔快递,JT0014938888969,服饰,河北省,
名恩首府智慧社区服务_站点-名恩首府智慧社区服务站,快递,2025-01-09 19:11:31,,1.5,,8.00,,3.88,51% - 0.2,2,1877312209574744064,极兔快递,JT0014942287688,服饰,河北省,
名恩首府智慧社区服务_站点-名恩首府智慧社区服务站,干洗,2025-01-09 19:05:15,,,,24.50,,7.35,30%,,1877310634538094592,干洗,,"清洗普通羽绒服2件不分长短49元   *   1",,
名恩首府智慧社区服务_站点-名恩首府智慧社区服务站,干洗,2025-01-09 19:00:17,,,,9.90,,2.97,30%,,1877309381921787904,干洗,,"清洗鞋19.8元两双   *   1",,
名恩首府智慧社区服务_站点-名恩首府智慧社区服务站,干洗,2025-01-09 18:58:25,,,,9.90,,2.97,30%,,1877308915032838144,干洗,,"清洗鞋19.8元两双   *   1",,
名恩首府智慧社区服务_站点-名恩首府智慧社区服务站,快递,2025-01-09 18:48:27,,1,,6.00,,2.32,42% - 0.2,2,1877306406151180288,极兔快递,JT0014940429372,服饰,辽宁省,
名恩首府智慧社区服务_站点-名恩首府智慧社区服务站,快递,2025-01-09 18:47:26,,1,,6.00,,2.32,42% - 0.2,2,1877306148394422272,极兔快递,JT0014946976220,服饰,浙江省,
名恩首府智慧社区服务_站点-名恩首府智慧社区服务站,快递,2025-01-09 18:46:19,,0.5,,6.00,,2.32,42% - 0.2,2,1877305868084891648,极兔快递,JT0014943040444,服饰,湖北省,
名恩首府智慧社区服务_站点-名恩首府智慧社区服务站,快递,2025-01-09 18:44:30,,0.2,,6.00,,2.32,42% - 0.2,2,1877305412671557632,极兔快递,JT0014947049973,服饰,河南省,
名恩首府智慧社区服务_站点-名恩首府智慧社区服务站,快递,2025-01-09 18:42:31,,1,,6.00,,2.32,42% - 0.2,2,1877304914161750016,极兔快递,JT0014946568571,服饰,浙江省,
名恩首府智慧社区服务_站点-名恩首府智慧社区服务站,快递,2025-01-09 18:23:08,,1.5,,8.00,,3.88,51% - 0.2,2,1877300033757696000,极兔快递,JT0014947251920,生活用品,广东省,
名恩首府智慧社区服务_站点-名恩首府智慧社区服务站,快递,2025-01-09 18:03:22,,1,,6.00,,2.32,42% - 0.2,2,1877295060764381184,极兔快递,JT0014945937142,服饰,广东省,
名恩首府智慧社区服务_站点-名恩首府智慧社区服务站,快递,2025-01-09 17:55:08,,2.2,,10.00,,5.30,55% - 0.2,2,1877292990002941952,极兔快递,JT0014946341128,生活用品,河北省,
名恩首府智慧社区服务_站点-名恩首府智慧社区服务站,快递,2025-01-09 17:35:34,,1.5,,8.00,,3.88,51% - 0.2,2,1877288065151848448,极兔快递,JT0014944909436,生活用品,河北省,
名恩首府智慧社区服务_站点-名恩首府智慧社区服务站,快递,2025-01-09 17:28:27,,1,,6.00,,2.32,42% - 0.2,2,1877286271268999168,极兔快递,JT0014941166938,生活用品,山东省,
名恩首府智慧社区服务_站点-名恩首府智慧社区服务站,快递,2025-01-09 17:21:16,,0.2,,6.00,,2.32,42% - 0.2,2,1877284463742078976,极兔快递,JT0014945376937,生活用品,广东省,
名恩首府智慧社区服务_站点-名恩首府智慧社区服务站,快递,2025-01-09 17:20:03,,0.5,,6.00,,2.32,42% - 0.2,2,1877284162880458752,极兔快递,JT0014945447759,生活用品,福建省,
名恩首府智慧社区服务_站点-名恩首府智慧社区服务站,快递,2025-01-09 17:17:20,,0.5,,6.00,,2.32,42% - 0.2,2,1877283479443787776,极兔快递,JT0014943333136,服饰,湖北省,
名恩首府智慧社区服务_站点-名恩首府智慧社区服务站,快递,2025-01-09 17:15:22,,0.5,,6.00,,2.32,42% - 0.2,2,1877282983052103680,极兔快递,JT0014943457688,服饰,江西省,
名恩首府智慧社区服务_站点-名恩首府智慧社区服务站,快递,2025-01-09 17:13:18,,0.5,,6.00,,2.32,42% - 0.2,2,1877282462350233600,极兔快递,JT0014940185742,服饰,山东省,
名恩首府智慧社区服务_站点-名恩首府智慧社区服务站,快递,2025-01-09 17:07:54,,0.5,,6.00,,2.32,42% - 0.2,2,1877281099079798784,极兔快递,JT0014939178743,服饰,广东省,
名恩首府智慧社区服务_站点-名恩首府智慧社区服务站,快递,2025-01-09 17:03:32,,0.5,,6.00,,2.32,42% - 0.2,2,1877279998666395648,极兔快递,JT0014945735468,服饰,江西省,
名恩首府智慧社区服务_站点-名恩首府智慧社区服务站,快递,2025-01-09 16:47:10,,0.5,,6.00,,2.32,42% - 0.2,2,1877275885752864768,韵达快递,312604277605554,服饰,广东省,
名恩首府智慧社区服务_站点-名恩首府智慧社区服务站,快递,2025-01-09 16:45:07,,0.2,,6.00,,2.32,42% - 0.2,2,1877275365160046592,极兔快递,JT0014945493170,生活用品,浙江省,
名恩首府智慧社区服务_站点-名恩首府智慧社区服务站,快递,2025-01-09 16:44:12,,1,,6.00,,2.32,42% - 0.2,2,1877275137921044480,极兔快递,JT0014939570847,服饰,江苏省,
名恩首府智慧社区服务_站点-名恩首府智慧社区服务站,快递,2025-01-09 16:43:17,,1,,6.00,,2.32,42% - 0.2,2,1877274909788655616,极兔快递,JT0014942681652,服饰,江苏省,
名恩首府智慧社区服务_站点-名恩首府智慧社区服务站,快递,2025-01-09 16:42:14,,1,,6.00,,2.32,42% - 0.2,2,1877274644238880768,极兔快递,JT0014943882076,服饰,浙江省,
名恩首府智慧社区服务_站点-名恩首府智慧社区服务站,快递,2025-01-09 16:17:01,,0.5,,6.00,,2.32,42% - 0.2,2,1877268295140560896,极兔快递,JT0014942208595,服饰,河南省,
名恩首府智慧社区服务_站点-名恩首府智慧社区服务站,快递,2025-01-09 16:12:37,,0.2,,6.00,,2.32,42% - 0.2,2,1877267186468573184,极兔快递,JT0014943205737,生活用品,广东省,
名恩首府智慧社区服务_站点-名恩首府智慧社区服务站,快递,2025-01-09 15:59:48,,0.2,,6.00,,2.32,42% - 0.2,2,1877263965633171456,极兔快递,JT0014939369605,服饰,浙江省,
名恩首府智慧社区服务_站点-名恩首府智慧社区服务站,快递,2025-01-09 15:43:22,,1,,6.00,,2.32,42% - 0.2,2,1877259831605514240,极兔快递,JT0014938015407,服饰,浙江省,
名恩首府智慧社区服务_站点-名恩首府智慧社区服务站,快递,2025-01-09 15:25:55,,1.5,,8.00,,3.88,51% - 0.2,2,1877255438176931840,极兔快递,JT0014943223197,服饰,湖北省,
名恩首府智慧社区服务_站点-名恩首府智慧社区服务站,快递,2025-01-09 15:23:59,,0.5,,6.00,,2.32,42% - 0.2,2,1877254949632790528,极兔快递,JT0014942821332,服饰,广东省,
名恩首府智慧社区服务_站点-名恩首府智慧社区服务站,快递,2025-01-09 15:22:20,,0.2,,6.00,,2.32,42% - 0.2,2,1877254538058321920,极兔快递,JT0014943688322,生活用品,湖南省,
名恩首府智慧社区服务_站点-名恩首府智慧社区服务站,快递,2025-01-09 13:02:56,,6.5,,21.00,,10.30,50% - 0.2,2,1877219456039833600,极兔快递,JT0014940249060,生活用品,陕西省,
名恩首府智慧社区服务_站点-名恩首府智慧社区服务站,快递,2025-01-09 12:45:14,,1.5,,8.00,,3.88,51% - 0.2,2,1877214996576129024,极兔快递,JT0014938552126,服饰,广东省,
名恩首府智慧社区服务_站点-名恩首府智慧社区服务站,快递,2025-01-09 12:42:27,,0.5,,6.00,,2.32,42% - 0.2,2,1877214300451688448,极兔快递,JT0014939255276,服饰,广东省,
名恩首府智慧社区服务_站点-名恩首府智慧社区服务站,快递,2025-01-09 12:41:09,,0.5,,6.00,,2.32,42% - 0.2,2,1877213970888445952,极兔快递,JT0014939398509,服饰,湖北省,
名恩首府智慧社区服务_站点-名恩首府智慧社区服务站,快递,2025-01-09 12:39:57,,0.2,,6.00,,2.32,42% - 0.2,2,1877213671389974528,极兔快递,JT0014939519842,服饰,浙江省,
名恩首府智慧社区服务_站点-名恩首府智慧社区服务站,快递,2025-01-09 12:11:00,,1,,6.00,,2.32,42% - 0.2,2,1877206373317791744,极兔快递,JT0014931224718,服饰,广东省,
名恩首府智慧社区服务_站点-名恩首府智慧社区服务站,快递,2025-01-09 12:08:57,,0.5,,6.00,,2.32,42% - 0.2,2,1877205870827589632,极兔快递,JT0014939468694,服饰,浙江省,
名恩首府智慧社区服务_站点-名恩首府智慧社区服务站,快递,2025-01-09 12:07:08,,0.5,,6.00,,2.32,42% - 0.2,2,1877205407239557120,极兔快递,JT0014939683799,服饰,江苏省,
名恩首府智慧社区服务_站点-名恩首府智慧社区服务站,快递,2025-01-09 11:09:35,,1.5,,8.00,,3.88,51% - 0.2,2,1877190912706400256,极兔快递,JT0014932374006,服饰,四川省,
名恩首府智慧社区服务_站点-名恩首府智慧社区服务站,快递,2025-01-09 11:08:26,,1.5,,8.00,,3.88,51% - 0.2,2,1877190641855025152,极兔快递,JT0014933008136,服饰,四川省,
名恩首府智慧社区服务_站点-名恩首府智慧社区服务站,快递,2025-01-09 11:05:59,,0.5,,6.00,,2.32,42% - 0.2,2,1877190020955426816,极兔快递,JT0014937593024,服饰,浙江省,
名恩首府智慧社区服务_站点-名恩首府智慧社区服务站,快递,2025-01-08 20:35:26,,1,,6.00,,2.32,42% - 0.2,2,1876970940788953088,极兔快递,JT0014934011917,服饰,江西省,
名恩首府智慧社区服务_站点-名恩首府智慧社区服务站,快递,2025-01-08 20:24:42,,4.2,,15.00,,7.30,50% - 0.2,2,1876968241850798080,极兔快递,JT0014929880456,生活用品,安徽省,
名恩首府智慧社区服务_站点-名恩首府智慧社区服务站,快递,2025-01-08 20:12:22,,0.5,,6.00,,2.32,42% - 0.2,2,1876965138388799488,极兔快递,JT0014930641492,服饰,浙江省,
名恩首府智慧社区服务_站点-名恩首府智慧社区服务站,快递,2025-01-08 20:11:40,,1,,6.00,,2.32,42% - 0.2,2,1876964962811039744,极兔快递,JT0014933269639,服饰,浙江省,
名恩首府智慧社区服务_站点-名恩首府智慧社区服务站,快递,2025-01-08 20:09:57,,1,,6.00,,2.32,42% - 0.2,2,1876964531154243584,极兔快递,JT0014932082457,服饰,广东省,
名恩首府智慧社区服务_站点-名恩首府智慧社区服务站,快递,2025-01-08 20:09:08,,1,,6.00,,2.32,42% - 0.2,2,1876964325385883648,极兔快递,JT0014933829695,服饰,广东省,
名恩首府智慧社区服务_站点-名恩首府智慧社区服务站,快递,2025-01-08 20:07:58,,1,,6.00,,2.32,42% - 0.2,2,1876964029859418112,极兔快递,JT0014928909958,生活用品,河北省,
名恩首府智慧社区服务_站点-名恩首府智慧社区服务站,快递,2025-01-08 20:04:24,,2.2,,10.00,,5.30,55% - 0.2,2,1876963131905069056,极兔快递,JT0014933403271,生活用品,江西省,
名恩首府智慧社区服务_站点-名恩首府智慧社区服务站,快递,2025-01-08 20:01:06,,0.5,,6.00,,2.32,42% - 0.2,2,1876962302598893568,极兔快递,JT0014931360510,服饰,广东省,
名恩首府智慧社区服务_站点-名恩首府智慧社区服务站,快递,2025-01-08 19:58:51,,0.5,,6.00,,2.32,42% - 0.2,2,1876961736233635840,极兔快递,JT0014931213918,服饰,广东省,
名恩首府智慧社区服务_站点-名恩首府智慧社区服务站,快递,2025-01-08 19:56:50,,0.5,,6.00,,2.32,42% - 0.2,2,1876961229284888576,极兔快递,JT0014933195360,服饰,湖南省,
名恩首府智慧社区服务_站点-名恩首府智慧社区服务站,快递,2025-01-08 19:54:35,,0.5,,6.00,,2.32,42% - 0.2,2,1876960665599791104,极兔快递,JT0014930015779,服饰,湖南省,
名恩首府智慧社区服务_站点-名恩首府智慧社区服务站,快递,2025-01-08 19:52:14,,0.5,,6.00,,2.32,42% - 0.2,2,1876960068645474304,极兔快递,JT0014921273358,服饰,浙江省,
名恩首府智慧社区服务_站点-名恩首府智慧社区服务站,快递,2025-01-08 19:37:32,,1,,6.00,,2.32,42% - 0.2,2,1876956371299389440,极兔快递,JT0014933532513,服饰,浙江省,
名恩首府智慧社区服务_站点-名恩首府智慧社区服务站,快递,2025-01-08 19:34:02,,1,,6.00,,2.32,42% - 0.2,2,1876955491628011520,极兔快递,JT0014928087224,服饰,浙江省,
名恩首府智慧社区服务_站点-名恩首府智慧社区服务站,快递,2025-01-08 19:31:55,,1.2,,8.00,,3.88,51% - 0.2,2,1876954957571477504,极兔快递,JT0014933845335,服饰,安徽省,
名恩首府智慧社区服务_站点-名恩首府智慧社区服务站,快递,2025-01-08 19:26:38,,1.5,,9.00,,3.59,51%,2,1876953627549290496,极兔快递,JT0014929159878,服饰,上海市,
名恩首府智慧社区服务_站点-名恩首府智慧社区服务站,快递,2025-01-08 19:24:49,,1.2,,8.00,,3.88,51% - 0.2,2,1876953173457162240,极兔快递,JT0014929093474,服饰,湖北省,
名恩首府智慧社区服务_站点-名恩首府智慧社区服务站,干洗,2025-01-08 19:15:36,,,,19.80,,5.94,30%,,1876950849615613952,干洗,,"磨砂鞋   *   1",,
名恩首府智慧社区服务_站点-名恩首府智慧社区服务站,快递,2025-01-08 19:06:25,,1,,6.00,,2.32,42% - 0.2,2,1876948539065815040,极兔快递,JT0014929466080,服饰,浙江省,
名恩首府智慧社区服务_站点-名恩首府智慧社区服务站,干洗,2025-01-08 18:40:27,,,,9.90,,2.97,30%,,1876942003174166528,干洗,,"清洗鞋19.8元两双   *   1",,
名恩首府智慧社区服务_站点-名恩首府智慧社区服务站,干洗,2025-01-08 18:36:03,,,,24.80,,7.44,30%,,1876940896762908672,干洗,,"棉服_毛呢_羽绒服   *   1",,
名恩首府智慧社区服务_站点-名恩首府智慧社区服务站,快递,2025-01-08 17:57:50,,1,,6.00,,2.32,42% - 0.2,2,1876931276707254272,极兔快递,JT0014932081520,服饰,安徽省,
名恩首府智慧社区服务_站点-名恩首府智慧社区服务站,快递,2025-01-08 17:44:24,,1,,6.00,,2.32,42% - 0.2,2,1876927902121250816,极兔快递,JT0014928759699,服饰,陕西省,
名恩首府智慧社区服务_站点-名恩首府智慧社区服务站,快递,2025-01-08 17:43:00,,1,,6.00,,2.32,42% - 0.2,2,1876927546121310208,极兔快递,JT0014926329534,服饰,浙江省,
名恩首府智慧社区服务_站点-名恩首府智慧社区服务站,快递,2025-01-08 17:40:12,,1,,6.00,,2.32,42% - 0.2,2,1876926841805393920,极兔快递,JT0014931853416,生活用品,浙江省,
名恩首府智慧社区服务_站点-名恩首府智慧社区服务站,快递,2025-01-08 17:11:22,,1,,6.00,,2.32,42% - 0.2,2,1876919583985946624,极兔快递,JT0014931289897,服饰,广东省,
名恩首府智慧社区服务_站点-名恩首府智慧社区服务站,快递,2025-01-08 17:05:45,,1,,6.00,,2.32,42% - 0.2,2,1876918173613477888,极兔快递,JT0014932012188,服饰,浙江省,
名恩首府智慧社区服务_站点-名恩首府智慧社区服务站,快递,2025-01-08 17:04:42,,0.5,,6.00,,2.32,42% - 0.2,2,1876917910131494912,极兔快递,JT0014922996566,服饰,浙江省,
名恩首府智慧社区服务_站点-名恩首府智慧社区服务站,快递,2025-01-08 17:02:56,,0.2,,6.00,,2.32,42% - 0.2,2,1876917439476060160,极兔快递,JT0014931463499,服饰,浙江省,
名恩首府智慧社区服务_站点-名恩首府智慧社区服务站,快递,2025-01-08 17:01:20,,0.2,,6.00,,2.32,42% - 0.2,2,1876917062034837504,极兔快递,JT0014929433052,服饰,浙江省,
名恩首府智慧社区服务_站点-名恩首府智慧社区服务站,快递,2025-01-08 16:59:31,,1.2,,8.00,,3.88,51% - 0.2,2,1876916602926321664,极兔快递,JT0014917345107,服饰,广东省,
名恩首府智慧社区服务_站点-名恩首府智慧社区服务站,快递,2025-01-08 16:40:05,,1,,6.00,,2.32,42% - 0.2,2,1876911458297892864,极兔快递,JT0014930239675,服饰,广东省,
名恩首府智慧社区服务_站点-名恩首府智慧社区服务站,快递,2025-01-08 16:28:43,,1,,6.00,,2.32,42% - 0.2,2,1876908762467717120,极兔快递,JT0014923180814,服饰,广东省,
名恩首府智慧社区服务_站点-名恩首府智慧社区服务站,快递,2025-01-08 16:27:21,,0.5,,6.00,,2.32,42% - 0.2,2,1876908504350248960,极兔快递,JT0014925791202,服饰,辽宁省,
名恩首府智慧社区服务_站点-名恩首府智慧社区服务站,快递,2025-01-08 16:17:03,,4.2,,32.00,,11.80,36.88% - 0.2,2,1876905826056458240,韵达快递,312603529469351,生活用品,海南省,
名恩首府智慧社区服务_站点-名恩首府智慧社区服务站,快递,2025-01-08 15:42:12,,1.5,,8.00,,3.88,51% - 0.2,2,1876897148599324672,极兔快递,JT0014929280052,服饰,河北省,
名恩首府智慧社区服务_站点-名恩首府智慧社区服务站,快递,2025-01-08 15:40:55,,1,,6.00,,2.32,42% - 0.2,2,1876896816804712448,极兔快递,JT0014929732855,服饰,浙江省,
名恩首府智慧社区服务_站点-名恩首府智慧社区服务站,快递,2025-01-08 15:04:28,,1,,6.00,,2.32,42% - 0.2,2,1876887651625521152,极兔快递,JT0014924809460,服饰,江西省,
名恩首府智慧社区服务_站点-名恩首府智慧社区服务站,快递,2025-01-08 14:57:27,,1.5,,8.00,,3.88,51% - 0.2,2,1876885884254867456,极兔快递,JT0014927815276,服饰,广东省,
名恩首府智慧社区服务_站点-名恩首府智慧社区服务站,快递,2025-01-08 14:52:51,,1.5,,8.00,,3.88,51% - 0.2,2,1876884730250842112,极兔快递,JT0014925606054,服饰,浙江省,
名恩首府智慧社区服务_站点-名恩首府智慧社区服务站,快递,2025-01-08 14:49:38,,0.5,,6.00,,2.32,42% - 0.2,2,1876883921958129664,韵达快递,312603478725155,服饰,浙江省,
名恩首府智慧社区服务_站点-名恩首府智慧社区服务站,快递,2025-01-08 14:46:01,,2.5,,10.00,,5.30,55% - 0.2,2,1876882996682084352,极兔快递,JT0014928505340,服饰,天津市,
名恩首府智慧社区服务_站点-名恩首府智慧社区服务站,快递,2025-01-08 14:40:51,,0.5,,6.00,,2.32,42% - 0.2,2,1876881706275098624,极兔快递,JT0014927372369,服饰,浙江省,
名恩首府智慧社区服务_站点-名恩首府智慧社区服务站,快递,2025-01-08 14:28:26,,1,,6.00,,2.32,42% - 0.2,2,1876878583326363648,极兔快递,JT0014927980794,服饰,广东省,
名恩首府智慧社区服务_站点-名恩首府智慧社区服务站,快递,2025-01-08 14:26:50,,1,,6.00,,2.32,42% - 0.2,2,1876878180941615104,极兔快递,JT0014923988130,服饰,广东省,
名恩首府智慧社区服务_站点-名恩首府智慧社区服务站,快递,2025-01-08 14:15:55,,0.2,,6.00,,2.32,42% - 0.2,2,1876875435211804672,极兔快递,JT0014921771822,生活用品,广东省,
名恩首府智慧社区服务_站点-名恩首府智慧社区服务站,快递,2025-01-08 14:14:19,,0.2,,6.00,,2.32,42% - 0.2,2,1876875031812034560,极兔快递,JT0014924861764,生活用品,广东省,
名恩首府智慧社区服务_站点-名恩首府智慧社区服务站,快递,2025-01-08 14:12:31,,0.2,,6.00,,2.32,42% - 0.2,2,1876874570191130624,极兔快递,JT0014926381194,生活用品,浙江省,
名恩首府智慧社区服务_站点-名恩首府智慧社区服务站,快递,2025-01-08 14:04:57,,1.5,,8.00,,3.88,51% - 0.2,2,1876872674197950464,极兔快递,JT0014927406778,服饰,广东省,
名恩首府智慧社区服务_站点-名恩首府智慧社区服务站,快递,2025-01-08 14:03:37,,1,,7.00,,1.94,42%,2,1876872284316422144,极兔快递,JT0014926437347,服饰,上海市,
名恩首府智慧社区服务_站点-名恩首府智慧社区服务站,快递,2025-01-08 13:29:06,,1,,6.00,,2.32,42% - 0.2,2,1876863653038575616,极兔快递,JT0014925550095,生活用品,河北省,
名恩首府智慧社区服务_站点-名恩首府智慧社区服务站,快递,2025-01-08 13:28:00,,0.2,,6.00,,2.32,42% - 0.2,2,1876863376738799616,极兔快递,JT0014927009613,生活用品,浙江省,
名恩首府智慧社区服务_站点-名恩首府智慧社区服务站,快递,2025-01-08 13:20:11,,0.5,,6.00,,2.32,42% - 0.2,2,1876861408754585600,极兔快递,JT0014924009268,服饰,广东省,
名恩首府智慧社区服务_站点-名恩首府智慧社区服务站,快递,2025-01-08 13:18:48,,0.5,,6.00,,2.32,42% - 0.2,2,1876861058593116160,极兔快递,JT0014920391251,服饰,广东省,
名恩首府智慧社区服务_站点-名恩首府智慧社区服务站,快递,2025-01-08 13:13:35,,0.5,,6.00,,2.32,42% - 0.2,2,1876859740856045568,极兔快递,JT0014924790020,服饰,江苏省,
名恩首府智慧社区服务_站点-名恩首府智慧社区服务站,快递,2025-01-08 13:12:07,,0.5,,6.00,,2.32,42% - 0.2,2,1876859377302163456,极兔快递,JT0014920294132,服饰,江苏省,
名恩首府智慧社区服务_站点-名恩首府智慧社区服务站,快递,2025-01-08 13:03:14,,0.5,,6.00,,2.32,42% - 0.2,2,1876857142753153024,极兔快递,JT0014922369894,服饰,广东省,
名恩首府智慧社区服务_站点-名恩首府智慧社区服务站,快递,2025-01-08 13:01:39,,0.5,,6.00,,2.32,42% - 0.2,2,1876856742138400768,极兔快递,JT0014925538201,服饰,江苏省,
名恩首府智慧社区服务_站点-名恩首府智慧社区服务站,快递,2025-01-08 12:54:10,,1.2,,8.00,,3.88,51% - 0.2,2,1876854353406775296,极兔快递,JT0014922842199,服饰,江苏省,
名恩首府智慧社区服务_站点-名恩首府智慧社区服务站,快递,2025-01-08 12:36:58,,0.5,,6.00,,2.32,42% - 0.2,2,1876850535369592832,极兔快递,JT0014918610740,服饰,广东省,
名恩首府智慧社区服务_站点-名恩首府智慧社区服务站,干洗,2025-01-08 12:30:50,,,,36.00,,10.80,30%,,1876848980700483584,干洗,,"羽绒马甲_儿童羽绒服   *   1
羽绒马甲_儿童羽绒服   *   1",,
名恩首府智慧社区服务_站点-名恩首府智慧社区服务站,快递,2025-01-08 11:45:48,,0.5,,6.00,,2.32,42% - 0.2,2,1876837654016086016,极兔快递,JT0014922394458,服饰,吉林省,
名恩首府智慧社区服务_站点-名恩首府智慧社区服务站,快递,2025-01-07 20:49:12,,0.5,,6.00,,2.32,42% - 0.2,2,1876612014524387328,极兔快递,JT0014919540194,服饰,广东省,
名恩首府智慧社区服务_站点-名恩首府智慧社区服务站,快递,2025-01-07 20:45:44,,1.5,,8.00,,3.88,51% - 0.2,2,1876611131824721920,极兔快递,JT0014917899208,生活用品,四川省,
名恩首府智慧社区服务_站点-名恩首府智慧社区服务站,快递,2025-01-07 20:40:12,,2.5,,10.00,,5.30,55% - 0.2,2,1876609742448939008,极兔快递,JT0014917545783,生活用品,广东省,
名恩首府智慧社区服务_站点-名恩首府智慧社区服务站,快递,2025-01-07 20:31:41,,15,,45.00,,22.30,50% - 0.2,2,1876607609477582848,韵达快递,312602955913973,生活用品,四川省,
名恩首府智慧社区服务_站点-名恩首府智慧社区服务站,快递,2025-01-07 20:27:33,,15,,45.00,,22.30,50% - 0.2,2,1876606568677822464,韵达快递,312602954236358,生活用品,四川省,
名恩首府智慧社区服务_站点-名恩首府智慧社区服务站,快递,2025-01-07 20:24:31,,20,,60.00,,29.80,50% - 0.2,2,1876605807839465472,韵达快递,312602950803605,生活用品,四川省,
名恩首府智慧社区服务_站点-名恩首府智慧社区服务站,快递,2025-01-07 20:07:16,,1.5,,8.00,,3.88,51% - 0.2,2,1876601464692199424,极兔快递,JT0014915638805,服饰,广东省,
名恩首府智慧社区服务_站点-名恩首府智慧社区服务站,快递,2025-01-07 20:05:08,,0.5,,6.00,,2.32,42% - 0.2,2,1876600926831431680,极兔快递,JT0014915871804,服饰,广东省,
名恩首府智慧社区服务_站点-名恩首府智慧社区服务站,快递,2025-01-07 20:02:38,,0.5,,6.00,,2.32,42% - 0.2,2,1876600270993281024,极兔快递,JT0014911434395,服饰,广东省,
名恩首府智慧社区服务_站点-名恩首府智慧社区服务站,快递,2025-01-07 19:51:42,,0.5,,6.00,,2.32,42% - 0.2,2,1876597548697047040,极兔快递,JT0014918747762,生活用品,安徽省,
名恩首府智慧社区服务_站点-名恩首府智慧社区服务站,快递,2025-01-07 19:49:30,,0.2,,6.00,,2.32,42% - 0.2,2,1876596799820845056,极兔快递,JT0014916666877,服饰,广东省,
名恩首府智慧社区服务_站点-名恩首府智慧社区服务站,快递,2025-01-07 19:46:45,,1,,6.00,,2.32,42% - 0.2,2,1876596296433061888,极兔快递,JT0014918820449,生活用品,河南省,
名恩首府智慧社区服务_站点-名恩首府智慧社区服务站,快递,2025-01-07 19:42:03,,2.5,,10.00,,5.30,55% - 0.2,2,1876595118756384768,极兔快递,JT0014915556033,服饰,浙江省,
名恩首府智慧社区服务_站点-名恩首府智慧社区服务站,快递,2025-01-07 19:36:21,,0.5,,6.00,,2.32,42% - 0.2,2,1876593684291833856,极兔快递,JT0014910151309,服饰,浙江省,
名恩首府智慧社区服务_站点-名恩首府智慧社区服务站,快递,2025-01-07 19:35:00,,1,,6.00,,2.32,42% - 0.2,2,1876593343613685760,极兔快递,JT0014913237716,服饰,广东省,
名恩首府智慧社区服务_站点-名恩首府智慧社区服务站,快递,2025-01-07 19:02:47,,1,,6.00,,2.32,42% - 0.2,2,1876585234895785984,极兔快递,JT0014919084088,服饰,浙江省,
名恩首府智慧社区服务_站点-名恩首府智慧社区服务站,快递,2025-01-07 19:01:21,,1,,6.00,,2.32,42% - 0.2,2,1876584875720757248,极兔快递,JT0014918177399,服饰,浙江省,
名恩首府智慧社区服务_站点-名恩首府智慧社区服务站,快递,2025-01-07 18:54:21,,1,,6.00,,2.32,42% - 0.2,2,1876583116654825472,极兔快递,JT0014916730074,服饰,广东省,
名恩首府智慧社区服务_站点-名恩首府智慧社区服务站,快递,2025-01-07 18:53:02,,1,,6.00,,2.32,42% - 0.2,2,1876582785644548096,极兔快递,JT0014918216632,服饰,广东省,
名恩首府智慧社区服务_站点-名恩首府智慧社区服务站,快递,2025-01-07 18:50:34,,0.5,,6.00,,2.32,42% - 0.2,2,1876582158906478592,极兔快递,JT0014918180369,服饰,山东省,
名恩首府智慧社区服务_站点-名恩首府智慧社区服务站,快递,2025-01-07 18:48:46,,0.5,,6.00,,2.32,42% - 0.2,2,1876581712582201344,极兔快递,JT0014917612343,服饰,湖北省,
名恩首府智慧社区服务_站点-名恩首府智慧社区服务站,快递,2025-01-07 18:45:20,,1.5,,8.00,,3.88,51% - 0.2,2,1876580844667457536,极兔快递,JT0014913997454,服饰,辽宁省,
名恩首府智慧社区服务_站点-名恩首府智慧社区服务站,快递,2025-01-07 18:37:02,,1,,6.00,,2.32,42% - 0.2,2,1876578757808279552,极兔快递,JT0014917619668,服饰,广东省,
名恩首府智慧社区服务_站点-名恩首府智慧社区服务站,快递,2025-01-07 18:35:26,,2.5,,10.00,,5.30,55% - 0.2,2,1876578355650023424,极兔快递,JT0014914464971,服饰,浙江省,
名恩首府智慧社区服务_站点-名恩首府智慧社区服务站,快递,2025-01-07 18:31:40,,1,,6.00,,2.32,42% - 0.2,2,1876577406495805440,极兔快递,JT0014916132790,服饰,广东省,
名恩首府智慧社区服务_站点-名恩首府智慧社区服务站,快递,2025-01-07 17:43:25,,1,,6.00,,2.32,42% - 0.2,2,1876565266288398336,极兔快递,JT0014915978017,服饰,江苏省,
名恩首府智慧社区服务_站点-名恩首府智慧社区服务站,快递,2025-01-07 17:42:18,,0.5,,6.00,,2.32,42% - 0.2,2,1876564984322117632,极兔快递,JT0014912078150,服饰,广东省,
名恩首府智慧社区服务_站点-名恩首府智慧社区服务站,快递,2025-01-07 17:01:28,,3.5,,12.00,,5.80,50% - 0.2,2,1876554684399144960,极兔快递,JT0014916758856,生活用品,广东省,
名恩首府智慧社区服务_站点-名恩首府智慧社区服务站,快递,2025-01-07 16:37:23,,1,,6.00,,2.32,42% - 0.2,2,1876548646417518592,极兔快递,JT0014913812813,服饰,浙江省,
名恩首府智慧社区服务_站点-名恩首府智慧社区服务站,快递,2025-01-07 16:08:58,,7,,21.00,,10.30,50% - 0.2,2,1876541487055163392,极兔快递,JT0014914301730,食品,陕西省,
名恩首府智慧社区服务_站点-名恩首府智慧社区服务站,快递,2025-01-07 15:11:31,,11,,33.00,,16.30,50% - 0.2,2,1876526846740582400,极兔快递,JT0014914017661,生活用品,江苏省,
名恩首府智慧社区服务_站点-名恩首府智慧社区服务站,快递,2025-01-07 15:08:25,,0.2,,6.00,,2.32,42% - 0.2,2,1876526254706184192,极兔快递,JT0014907538089,生活用品,江苏省,
名恩首府智慧社区服务_站点-名恩首府智慧社区服务站,快递,2025-01-07 14:52:59,,1.5,,8.00,,3.88,51% - 0.2,2,1876522365265170432,极兔快递,JT0014913637106,服饰,江苏省,
名恩首府智慧社区服务_站点-名恩首府智慧社区服务站,快递,2025-01-07 14:51:53,,1,,6.00,,2.32,42% - 0.2,2,1876522093541380096,极兔快递,JT0014912449396,服饰,湖北省,
名恩首府智慧社区服务_站点-名恩首府智慧社区服务站,快递,2025-01-07 14:50:27,,0.2,,6.00,,2.32,42% - 0.2,2,1876521735213600768,极兔快递,JT0014911575086,服饰,江苏省,
名恩首府智慧社区服务_站点-名恩首府智慧社区服务站,快递,2025-01-07 12:52:56,,0.5,,6.00,,2.32,42% - 0.2,2,1876492159427072000,极兔快递,JT0014905754583,服饰,江苏省,
名恩首府智慧社区服务_站点-名恩首府智慧社区服务站,快递,2025-01-07 12:20:41,,2,,16.00,,2.80,51% - 0.2,2,1876483995633766400,极兔快递,JT0014899186217,食品,内蒙古自治区,
名恩首府智慧社区服务_站点-名恩首府智慧社区服务站,快递,2025-01-07 10:46:52,,1,,6.00,,2.32,42% - 0.2,2,1876460431924842496,极兔快递,JT0014907205315,服饰,安徽省,
名恩首府智慧社区服务_站点-名恩首府智慧社区服务站,干洗,2025-01-06 19:37:54,,,,24.50,,7.35,30%,,1876231688711098368,干洗,,"清洗普通羽绒服2件不分长短49元   *   1",,
名恩首府智慧社区服务_站点-名恩首府智慧社区服务站,快递,2025-01-06 19:31:54,,1,,6.00,,2.32,42% - 0.2,2,1876230007520808960,极兔快递,JT0014900417451,生活用品,江苏省,
名恩首府智慧社区服务_站点-名恩首府智慧社区服务站,快递,2025-01-06 19:29:25,,0.2,,6.00,,2.32,42% - 0.2,2,1876229553520955392,极兔快递,JT0014895557803,生活用品,湖南省,
名恩首府智慧社区服务_站点-名恩首府智慧社区服务站,快递,2025-01-06 19:18:39,,0.5,,6.00,,2.32,42% - 0.2,2,1876226841853087744,极兔快递,JT0014902927374,服饰,广东省,
名恩首府智慧社区服务_站点-名恩首府智慧社区服务站,快递,2025-01-06 19:16:06,,0.2,,6.00,,2.32,42% - 0.2,2,1876226201777131520,极兔快递,JT0014902869188,服饰,广东省,
名恩首府智慧社区服务_站点-名恩首府智慧社区服务站,快递,2025-01-06 18:58:17,,0.5,,6.00,,2.32,42% - 0.2,2,1876221719207006208,极兔快递,JT0014895300407,服饰,广东省,
名恩首府智慧社区服务_站点-名恩首府智慧社区服务站,快递,2025-01-06 18:57:15,,1.2,,8.00,,3.88,51% - 0.2,2,1876221456727461888,极兔快递,JT0014903989567,服饰,福建省,
名恩首府智慧社区服务_站点-名恩首府智慧社区服务站,快递,2025-01-06 18:00:19,,1.5,,8.00,,3.88,51% - 0.2,2,1876207129186451456,极兔快递,JT0014900799859,生活用品,山东省,
名恩首府智慧社区服务_站点-名恩首府智慧社区服务站,快递,2025-01-06 17:58:46,,1,,6.00,,2.32,42% - 0.2,2,1876206720485081088,极兔快递,JT0014900406289,生活用品,山东省,
名恩首府智慧社区服务_站点-名恩首府智慧社区服务站,快递,2025-01-06 17:55:56,,0.2,,6.00,,2.32,42% - 0.2,2,1876206018627026944,极兔快递,JT0014901725173,生活用品,广东省,
名恩首府智慧社区服务_站点-名恩首府智慧社区服务站,快递,2025-01-06 17:33:35,,1,,6.00,,2.32,42% - 0.2,2,1876200399442460672,极兔快递,JT0014899941504,服饰,江苏省,
名恩首府智慧社区服务_站点-名恩首府智慧社区服务站,快递,2025-01-06 17:09:15,,0.5,,6.00,,2.32,42% - 0.2,2,1876194273556611072,极兔快递,JT0014899433951,服饰,江苏省,
名恩首府智慧社区服务_站点-名恩首府智慧社区服务站,快递,2025-01-06 16:30:34,,0.5,,6.00,,2.32,42% - 0.2,2,1876184543530500096,极兔快递,JT0014896138315,生活用品,安徽省,
名恩首府智慧社区服务_站点-名恩首府智慧社区服务站,快递,2025-01-06 16:28:09,,1,,6.00,,2.32,42% - 0.2,2,1876183936090423296,极兔快递,JT0014898042368,服饰,广东省,
名恩首府智慧社区服务_站点-名恩首府智慧社区服务站,快递,2025-01-06 16:11:37,,1,,6.00,,2.32,42% - 0.2,2,1876179728851927040,极兔快递,JT0014894805063,服饰,安徽省,
名恩首府智慧社区服务_站点-名恩首府智慧社区服务站,快递,2025-01-06 14:52:48,,0.5,,6.00,,2.32,42% - 0.2,2,1876159923174420480,极兔快递,JT0014885973177,文件,陕西省,
名恩首府智慧社区服务_站点-名恩首府智慧社区服务站,快递,2025-01-06 14:40:50,,1.2,,9.00,,3.59,51%,2,1876156926813974528,极兔快递,JT0014896510545,生活用品,北京市,
名恩首府智慧社区服务_站点-名恩首府智慧社区服务站,快递,2025-01-06 13:35:14,,3,,10.00,,5.30,55% - 0.2,2,1876140415873363968,极兔快递,JT0014895488845,生活用品,陕西省,
名恩首府智慧社区服务_站点-名恩首府智慧社区服务站,快递,2025-01-06 12:16:20,,0.5,,6.00,,2.32,42% - 0.2,2,1876120565276913664,极兔快递,JT0014892432929,生活用品,陕西省,
名恩首府智慧社区服务_站点-名恩首府智慧社区服务站,快递,2025-01-06 11:44:53,,1,,6.00,,2.32,42% - 0.2,2,1876112649794793472,极兔快递,JT0014893561650,服饰,广东省,
名恩首府智慧社区服务_站点-名恩首府智慧社区服务站,快递,2025-01-06 11:43:39,,0.5,,6.00,,2.32,42% - 0.2,2,1876112337222676480,极兔快递,JT0014891405834,服饰,浙江省,
名恩首府智慧社区服务_站点-名恩首府智慧社区服务站,快递,2025-01-06 10:57:43,,0.5,,6.00,,2.32,42% - 0.2,2,1876100782049374208,极兔快递,JT0014893342887,服饰,广东省,
名恩首府智慧社区服务_站点-名恩首府智慧社区服务站,快递,2025-01-06 10:55:46,,1,,6.00,,2.32,42% - 0.2,2,1876100287943585792,极兔快递,JT0014889552942,生活用品,广东省,
名恩首府智慧社区服务_站点-名恩首府智慧社区服务站,快递,2025-01-05 20:41:44,,0.7,,6.00,,2.32,42% - 0.2,2,1875885359945134080,极兔快递,JT0014889702339,生活用品,江苏省,
名恩首府智慧社区服务_站点-名恩首府智慧社区服务站,快递,2025-01-05 20:10:05,,1.5,,8.00,,3.88,51% - 0.2,2,1875877398556356608,极兔快递,JT0014883975097,服饰,福建省,
名恩首府智慧社区服务_站点-名恩首府智慧社区服务站,快递,2025-01-05 20:08:14,,0.5,,6.00,,2.32,42% - 0.2,2,1875876937698816000,极兔快递,JT0014886636801,服饰,广东省,
名恩首府智慧社区服务_站点-名恩首府智慧社区服务站,快递,2025-01-05 20:04:18,,2,,8.00,,3.88,51% - 0.2,2,1875875946039521280,极兔快递,JT0014885413121,服饰,陕西省,
名恩首府智慧社区服务_站点-名恩首府智慧社区服务站,干洗,2025-01-05 19:59:04,,,,24.50,,7.35,30%,,1875874625504849920,干洗,,"清洗普通羽绒服2件不分长短49元   *   1",,
名恩首府智慧社区服务_站点-名恩首府智慧社区服务站,干洗,2025-01-05 19:54:34,,,,24.50,,7.35,30%,,1875873491604123648,干洗,,"清洗普通羽绒服2件不分长短49元   *   1",,
名恩首府智慧社区服务_站点-名恩首府智慧社区服务站,快递,2025-01-05 19:44:28,2025-01-05 19:46:41,3,,10.00,,0.00,,2,1875870953274257408,极兔快递,JT0014887460263,生活用品,广东省,已全额退款
名恩首府智慧社区服务_站点-名恩首府智慧社区服务站,快递,2025-01-05 19:42:42,,3,,10.00,,5.30,55% - 0.2,2,1875870504454369280,极兔快递,JT0014887221754,生活用品,广东省,
名恩首府智慧社区服务_站点-名恩首府智慧社区服务站,快递,2025-01-05 19:25:15,,1.2,,8.00,,3.88,51% - 0.2,2,1875866113492037632,极兔快递,JT0014885819309,生活用品,陕西省,
名恩首府智慧社区服务_站点-名恩首府智慧社区服务站,快递,2025-01-05 19:02:33,,1.5,,8.00,,3.88,51% - 0.2,2,1875860405853794304,极兔快递,JT0014882917200,服饰,江苏省,
名恩首府智慧社区服务_站点-名恩首府智慧社区服务站,快递,2025-01-05 18:56:46,,2.2,,10.00,,5.30,55% - 0.2,2,1875858937952251904,极兔快递,JT0014888116465,服饰,江苏省,
名恩首府智慧社区服务_站点-名恩首府智慧社区服务站,快递,2025-01-05 18:53:38,,1.5,,8.00,,3.88,51% - 0.2,2,1875858143945338880,极兔快递,,服饰,江苏省,
名恩首府智慧社区服务_站点-名恩首府智慧社区服务站,快递,2025-01-05 18:46:43,,1,,6.00,,2.32,42% - 0.2,2,1875856419696324608,极兔快递,JT0014888922806,服饰,广东省,
名恩首府智慧社区服务_站点-名恩首府智慧社区服务站,快递,2025-01-05 17:39:06,,2.5,,10.00,,5.30,55% - 0.2,2,1875839397100957696,极兔快递,JT0014880016299,服饰,江苏省,
名恩首府智慧社区服务_站点-名恩首府智慧社区服务站,快递,2025-01-05 17:36:35,,1,,6.00,,2.32,42% - 0.2,2,1875838769670828032,极兔快递,JT0014886184714,服饰,浙江省,
名恩首府智慧社区服务_站点-名恩首府智慧社区服务站,快递,2025-01-05 17:29:50,,1.5,,8.00,,3.88,51% - 0.2,2,1875837069891383296,极兔快递,JT0014886826692,服饰,河南省,
名恩首府智慧社区服务_站点-名恩首府智慧社区服务站,快递,2025-01-05 16:29:57,,0.5,,6.00,,2.32,42% - 0.2,2,1875822000600166400,极兔快递,JT0014881215709,服饰,福建省,
名恩首府智慧社区服务_站点-名恩首府智慧社区服务站,快递,2025-01-05 16:27:10,,1.2,,8.00,,3.88,51% - 0.2,2,1875821299341897728,极兔快递,JT0014880149487,生活用品,陕西省,
名恩首府智慧社区服务_站点-名恩首府智慧社区服务站,快递,2025-01-05 15:50:34,,7,,21.00,,10.30,50% - 0.2,2,1875812087689818112,极兔快递,JT0014886102774,食品,重庆市,
名恩首府智慧社区服务_站点-名恩首府智慧社区服务站,快递,2025-01-05 15:17:00,,1,,6.00,,2.32,42% - 0.2,2,1875803640525139968,极兔快递,JT0014878255270,生活用品,江苏省,
名恩首府智慧社区服务_站点-名恩首府智慧社区服务站,快递,2025-01-05 14:54:13,,1.5,,8.00,,3.88,51% - 0.2,2,1875797908362801152,极兔快递,JT0014884783347,服饰,安徽省,
名恩首府智慧社区服务_站点-名恩首府智慧社区服务站,快递,2025-01-05 14:52:51,,1.5,,8.00,,3.88,51% - 0.2,2,1875797564241129472,极兔快递,JT0014884122676,服饰,江苏省,
名恩首府智慧社区服务_站点-名恩首府智慧社区服务站,快递,2025-01-05 14:47:56,,1,,6.00,,2.32,42% - 0.2,2,1875796326309081088,极兔快递,JT0014883315675,生活用品,浙江省,
名恩首府智慧社区服务_站点-名恩首府智慧社区服务站,快递,2025-01-05 14:24:52,,0.2,,6.00,,2.32,42% - 0.2,2,1875790519920144384,极兔快递,JT0014880861729,生活用品,广东省,
名恩首府智慧社区服务_站点-名恩首府智慧社区服务站,快递,2025-01-05 12:59:10,,0.5,,6.00,,2.32,42% - 0.2,2,1875768951185780736,极兔快递,JT0014881635941,生活用品,江苏省,
名恩首府智慧社区服务_站点-名恩首府智慧社区服务站,快递,2025-01-05 11:39:51,,0.5,,6.00,,2.32,42% - 0.2,2,1875748990367215616,极兔快递,JT0014879559245,生活用品,浙江省,
名恩首府智慧社区服务_站点-名恩首府智慧社区服务站,快递,2025-01-05 11:37:53,,1,,6.00,,2.32,42% - 0.2,2,1875748497310003200,极兔快递,JT0014873669006,服饰,浙江省,
名恩首府智慧社区服务_站点-名恩首府智慧社区服务站,快递,2025-01-05 11:27:24,,1,,6.00,,2.32,42% - 0.2,2,1875745857956130816,极兔快递,JT0014878979248,服饰,浙江省,
名恩首府智慧社区服务_站点-名恩首府智慧社区服务站,快递,2025-01-04 19:09:40,,1,,6.00,,2.32,42% - 0.2,2,1875499803444686848,极兔快递,JT0014868823295,服饰,浙江省,
名恩首府智慧社区服务_站点-名恩首府智慧社区服务站,快递,2025-01-04 18:48:32,,0.5,,6.00,,2.32,42% - 0.2,2,1875494473520295936,极兔快递,JT0014874776809,服饰,广东省,
名恩首府智慧社区服务_站点-名恩首府智慧社区服务站,快递,2025-01-04 18:46:48,,0.5,,6.00,,2.32,42% - 0.2,2,1875494050331799552,极兔快递,JT0014875365520,生活用品,河北省,
名恩首府智慧社区服务_站点-名恩首府智慧社区服务站,快递,2025-01-04 18:36:41,,1,,6.00,,2.32,42% - 0.2,2,1875491505748226048,极兔快递,JT0014876063525,服饰,浙江省,
名恩首府智慧社区服务_站点-名恩首府智慧社区服务站,快递,2025-01-04 18:31:49,,1,,6.00,,2.32,42% - 0.2,2,1875490284341735424,极兔快递,JT0014874935160,服饰,广东省,
名恩首府智慧社区服务_站点-名恩首府智慧社区服务站,快递,2025-01-04 18:14:42,,1.5,,8.00,,3.88,51% - 0.2,2,1875485974841176064,极兔快递,JT0014858976713,服饰,广东省,
名恩首府智慧社区服务_站点-名恩首府智慧社区服务站,干洗,2025-01-04 18:09:09,,,,24.50,,7.35,30%,,1875484578167304192,干洗,,"清洗普通羽绒服2件不分长短49元   *   1",,
名恩首府智慧社区服务_站点-名恩首府智慧社区服务站,干洗,2025-01-04 18:06:42,,,,24.50,,7.35,30%,,1875483956181381120,干洗,,"清洗普通羽绒服2件不分长短49元   *   1",,
名恩首府智慧社区服务_站点-名恩首府智慧社区服务站,干洗,2025-01-04 17:38:18,,,,15.00,,4.50,30%,,1875476814334439424,干洗,,"休闲裤_牛仔裤_运动裤   *   1",,
名恩首府智慧社区服务_站点-名恩首府智慧社区服务站,干洗,2025-01-04 17:33:34,,,,15.00,,4.50,30%,,1875475620119621632,干洗,,"T恤_卫衣_   *   1",,
名恩首府智慧社区服务_站点-名恩首府智慧社区服务站,干洗,2025-01-04 17:25:54,,,,9.90,,2.97,30%,,1875473691217932288,干洗,,"清洗鞋19.8元两双   *   1",,
名恩首府智慧社区服务_站点-名恩首府智慧社区服务站,快递,2025-01-03 15:18:35,2025-01-04 17:17:48,1.2,,8.00,,0.00,,2,1875079264849600512,极兔快递,JT0014857744297,服饰,广东省,已全额退款
名恩首府智慧社区服务_站点-名恩首府智慧社区服务站,快递,2025-01-04 16:18:18,,0.5,,6.00,,2.32,42% - 0.2,2,1875456684070187008,极兔快递,JT0014872834917,生活用品,浙江省,
名恩首府智慧社区服务_站点-名恩首府智慧社区服务站,快递,2025-01-04 16:12:51,,0.5,,6.00,,2.32,42% - 0.2,2,1875455309722595328,极兔快递,JT0014868016377,食品,河南省,
名恩首府智慧社区服务_站点-名恩首府智慧社区服务站,快递,2025-01-04 16:10:20,,2,,8.00,,3.88,51% - 0.2,2,1875454675002765312,极兔快递,JT0014872528382,服饰,福建省,
名恩首府智慧社区服务_站点-名恩首府智慧社区服务站,快递,2025-01-04 15:56:43,,1,,6.00,,2.32,42% - 0.2,2,1875451247363010560,极兔快递,JT0014862207695,服饰,福建省,
名恩首府智慧社区服务_站点-名恩首府智慧社区服务站,快递,2025-01-04 15:55:39,,1,,6.00,,2.32,42% - 0.2,2,1875450978969497600,极兔快递,JT0014870179680,服饰,广东省,
名恩首府智慧社区服务_站点-名恩首府智慧社区服务站,快递,2025-01-04 14:51:39,,1.5,,8.00,,3.88,51% - 0.2,2,1875434860489912320,极兔快递,JT0014869512054,食品,陕西省,
名恩首府智慧社区服务_站点-名恩首府智慧社区服务站,快递,2025-01-04 14:50:59,,7.5,,24.00,,11.80,50% - 0.2,2,1875434687105773568,极兔快递,JT0014869183004,食品,陕西省,
名恩首府智慧社区服务_站点-名恩首府智慧社区服务站,快递,2025-01-04 14:28:49,,0.2,,6.00,,2.32,42% - 0.2,2,1875429128189161472,极兔快递,JT0014870960052,生活用品,河南省,
名恩首府智慧社区服务_站点-名恩首府智慧社区服务站,快递,2025-01-04 14:25:39,,0.5,,6.00,,2.32,42% - 0.2,2,1875428331242041344,极兔快递,JT0014870413704,服饰,广东省,
名恩首府智慧社区服务_站点-名恩首府智慧社区服务站,快递,2025-01-04 14:24:23,,1.5,,8.00,,3.88,51% - 0.2,2,1875428011141148672,极兔快递,JT0014866220244,服饰,浙江省,
名恩首府智慧社区服务_站点-名恩首府智慧社区服务站,快递,2025-01-04 14:22:34,,1.5,,8.00,,3.88,51% - 0.2,2,1875427557468450816,极兔快递,JT0014867545082,服饰,辽宁省,
名恩首府智慧社区服务_站点-名恩首府智慧社区服务站,快递,2025-01-04 14:19:14,,0.5,,6.00,,2.32,42% - 0.2,2,1875426717793955840,极兔快递,JT0014870013514,服饰,广东省,
名恩首府智慧社区服务_站点-名恩首府智慧社区服务站,快递,2025-01-04 14:17:30,,0.5,,6.00,,2.32,42% - 0.2,2,1875426256881889280,极兔快递,JT0014865536180,服饰,广东省,
名恩首府智慧社区服务_站点-名恩首府智慧社区服务站,快递,2025-01-04 14:13:02,,1,,6.00,,2.32,42% - 0.2,2,1875425157424787456,极兔快递,JT0014869346961,服饰,广东省,
名恩首府智慧社区服务_站点-名恩首府智慧社区服务站,快递,2025-01-04 14:04:48,,0.5,,6.00,,2.32,42% - 0.2,2,1875423084096434176,极兔快递,JT0014863456922,服饰,广东省,
名恩首府智慧社区服务_站点-名恩首府智慧社区服务站,干洗,2025-01-04 13:56:20,,,,9.90,,2.97,30%,,1875420950374297600,干洗,,"清洗鞋19.8元两双   *   1",,
名恩首府智慧社区服务_站点-名恩首府智慧社区服务站,干洗,2025-01-04 13:54:02,,,,9.90,,2.97,30%,,1875420371501625344,干洗,,"清洗鞋19.8元两双   *   1",,
名恩首府智慧社区服务_站点-名恩首府智慧社区服务站,快递,2025-01-04 13:40:55,,1.2,,8.00,,3.88,51% - 0.2,2,1875417064980787200,极兔快递,JT0014863598384,服饰,江苏省,
名恩首府智慧社区服务_站点-名恩首府智慧社区服务站,干洗,2025-01-04 13:33:26,,,,9.90,,2.97,30%,,1875415186364608512,干洗,,"清洗鞋19.8元两双   *   1",,
名恩首府智慧社区服务_站点-名恩首府智慧社区服务站,干洗,2025-01-04 13:30:49,,,,9.90,,2.97,30%,,1875414527418478592,干洗,,"清洗鞋19.8元两双   *   1",,
名恩首府智慧社区服务_站点-名恩首府智慧社区服务站,干洗,2025-01-04 13:25:52,,,,24.50,,7.35,30%,,1875413286550417408,干洗,,"清洗普通羽绒服2件不分长短49元   *   1",,
名恩首府智慧社区服务_站点-名恩首府智慧社区服务站,干洗,2025-01-04 13:23:13,,,,24.50,,7.35,30%,,1875412618683002880,干洗,,"清洗普通羽绒服2件不分长短49元   *   1",,
名恩首府智慧社区服务_站点-名恩首府智慧社区服务站,快递,2025-01-04 13:06:17,,0.2,,6.00,,2.32,42% - 0.2,2,1875408356477415424,极兔快递,JT0014868066644,生活用品,广东省,
名恩首府智慧社区服务_站点-名恩首府智慧社区服务站,快递,2025-01-04 13:04:52,,0.2,,6.00,,2.32,42% - 0.2,2,1875408001207283712,极兔快递,JT0014868752395,生活用品,福建省,
名恩首府智慧社区服务_站点-名恩首府智慧社区服务站,快递,2025-01-04 12:29:47,,0.2,,6.00,,2.32,42% - 0.2,2,1875399175955460096,极兔快递,JT0014860266642,服饰,山东省,
名恩首府智慧社区服务_站点-名恩首府智慧社区服务站,快递,2025-01-04 12:28:02,,0.5,,6.00,,2.32,42% - 0.2,2,1875398732219068416,极兔快递,JT0014866531696,服饰,广东省,
名恩首府智慧社区服务_站点-名恩首府智慧社区服务站,快递,2025-01-04 12:23:40,,0.5,,6.00,,2.32,42% - 0.2,2,1875397633844097024,极兔快递,JT0014864092113,服饰,广东省,
名恩首府智慧社区服务_站点-名恩首府智慧社区服务站,快递,2025-01-04 12:22:12,,0.5,,6.00,,2.32,42% - 0.2,2,1875397264678236160,极兔快递,JT0014857869576,服饰,山东省,
名恩首府智慧社区服务_站点-名恩首府智慧社区服务站,快递,2025-01-04 12:20:46,,0.2,,6.00,,2.32,42% - 0.2,2,1875396903565438976,极兔快递,JT0014868919886,生活用品,广东省,
名恩首府智慧社区服务_站点-名恩首府智慧社区服务站,快递,2025-01-04 12:19:00,,0.2,,6.00,,2.32,42% - 0.2,2,1875396458558173184,极兔快递,JT0014867946337,服饰,浙江省,
名恩首府智慧社区服务_站点-名恩首府智慧社区服务站,快递,2025-01-04 12:11:28,,1,,6.00,,2.32,42% - 0.2,2,1875394400190902272,极兔快递,JT0014863234418,服饰,广东省,
名恩首府智慧社区服务_站点-名恩首府智慧社区服务站,快递,2025-01-04 12:08:23,,1,,6.00,,2.32,42% - 0.2,2,1875393729278423040,极兔快递,JT0014866470331,生活用品,江西省,
名恩首府智慧社区服务_站点-名恩首府智慧社区服务站,快递,2025-01-03 18:49:09,,1.2,,8.00,,3.88,51% - 0.2,2,1875132256286121984,极兔快递,JT0014857819971,服饰,浙江省,
名恩首府智慧社区服务_站点-名恩首府智慧社区服务站,快递,2025-01-03 18:47:57,,1.2,,8.00,,3.88,51% - 0.2,2,1875131953721614336,极兔快递,JT0014858681201,服饰,河北省,
名恩首府智慧社区服务_站点-名恩首府智慧社区服务站,快递,2025-01-03 18:36:27,,0.5,,6.00,,2.32,42% - 0.2,2,1875129050541826048,极兔快递,JT0014861128031,服饰,广东省,
名恩首府智慧社区服务_站点-名恩首府智慧社区服务站,快递,2025-01-03 18:24:12,,0.5,,6.00,,2.32,42% - 0.2,2,1875125977245261824,极兔快递,JT0014857858926,服饰,河北省,
名恩首府智慧社区服务_站点-名恩首府智慧社区服务站,快递,2025-01-03 18:22:48,,0.5,,6.00,,2.32,42% - 0.2,2,1875125620284825600,极兔快递,JT0014861256802,服饰,河北省,
名恩首府智慧社区服务_站点-名恩首府智慧社区服务站,快递,2025-01-03 18:19:15,,1,,6.00,,2.32,42% - 0.2,2,1875124724813504512,极兔快递,JT0014858053002,服饰,江西省,
名恩首府智慧社区服务_站点-名恩首府智慧社区服务站,快递,2025-01-03 18:06:29,,1,,6.00,,2.32,42% - 0.2,2,1875121518880464896,极兔快递,JT0014860717918,服饰,湖北省,
名恩首府智慧社区服务_站点-名恩首府智慧社区服务站,干洗,2025-01-03 17:25:57,,,,29.50,,8.85,30%,,1875111316563140608,干洗,,"清洗毛呢2件59元   *   1",,
名恩首府智慧社区服务_站点-名恩首府智慧社区服务站,干洗,2025-01-03 17:22:09,,,,24.50,,7.35,30%,,1875110354846982144,干洗,,"清洗普通羽绒服2件不分长短49元   *   1",,
名恩首府智慧社区服务_站点-名恩首府智慧社区服务站,干洗,2025-01-03 17:18:10,,,,24.50,,7.35,30%,,1875109356585852928,干洗,,"清洗普通羽绒服2件不分长短49元   *   1",,
名恩首府智慧社区服务_站点-名恩首府智慧社区服务站,快递,2025-01-03 16:59:29,,1.2,,8.00,,3.88,51% - 0.2,2,1875104658764046336,极兔快递,JT0014859704621,生活用品,河北省,
名恩首府智慧社区服务_站点-名恩首府智慧社区服务站,快递,2025-01-03 16:46:30,,1,,6.00,,2.32,42% - 0.2,2,1875101391904546816,极兔快递,JT0014859531257,服饰,广东省,
名恩首府智慧社区服务_站点-名恩首府智慧社区服务站,快递,2025-01-03 16:42:33,,2,,8.00,,3.88,51% - 0.2,2,1875100395157561344,极兔快递,JT0014860018147,生活用品,河北省,
名恩首府智慧社区服务_站点-名恩首府智慧社区服务站,快递,2025-01-03 15:58:21,,1.2,,8.00,,3.88,51% - 0.2,2,1875089273025175552,极兔快递,JT0014858616571,服饰,陕西省,
名恩首府智慧社区服务_站点-名恩首府智慧社区服务站,快递,2025-01-03 15:45:43,,0.5,,6.00,,2.32,42% - 0.2,2,1875086091502985216,极兔快递,JT0014853739141,服饰,江苏省,
名恩首府智慧社区服务_站点-名恩首府智慧社区服务站,快递,2025-01-03 15:38:19,,0.2,,6.00,,2.32,42% - 0.2,2,1875084229823406080,极兔快递,JT0014855731705,生活用品,陕西省,
名恩首府智慧社区服务_站点-名恩首府智慧社区服务站,快递,2025-01-03 15:37:16,,1.2,,8.00,,3.88,51% - 0.2,2,1875083943167893504,极兔快递,JT0014855818200,生活用品,广东省,
名恩首府智慧社区服务_站点-名恩首府智慧社区服务站,快递,2025-01-03 15:24:56,,1,,6.00,,2.32,42% - 0.2,2,1875080861881180160,极兔快递,JT0014858245841,服饰,浙江省,
名恩首府智慧社区服务_站点-名恩首府智慧社区服务站,快递,2025-01-03 15:23:41,,1.2,,8.00,,3.88,51% - 0.2,2,1875080548403093504,极兔快递,JT0014858154733,服饰,广东省,
名恩首府智慧社区服务_站点-名恩首府智慧社区服务站,快递,2025-01-03 15:22:05,,1,,6.00,,2.32,42% - 0.2,2,1875080145787658240,极兔快递,JT0014857183960,服饰,广东省,
名恩首府智慧社区服务_站点-名恩首府智慧社区服务站,快递,2025-01-03 15:03:35,,1,,6.00,,2.32,42% - 0.2,2,1875075491548864512,极兔快递,JT0014843685080,服饰,广东省,
名恩首府智慧社区服务_站点-名恩首府智慧社区服务站,快递,2025-01-03 14:42:03,,14,,42.00,,20.80,50% - 0.2,2,1875070067550429184,极兔快递,JT0014854746162,食品,陕西省,
名恩首府智慧社区服务_站点-名恩首府智慧社区服务站,快递,2025-01-03 14:12:55,,1,,6.00,,2.32,42% - 0.2,2,1875062738247458816,极兔快递,JT0014856767785,服饰,浙江省,
名恩首府智慧社区服务_站点-名恩首府智慧社区服务站,快递,2025-01-03 14:11:32,,1.5,,8.00,,3.88,51% - 0.2,2,1875062389587550208,极兔快递,JT0014848465135,服饰,浙江省,
名恩首府智慧社区服务_站点-名恩首府智慧社区服务站,快递,2025-01-03 14:07:52,,1.5,,8.00,,3.88,51% - 0.2,2,1875061466865836032,极兔快递,JT0014855641418,服饰,广东省,
名恩首府智慧社区服务_站点-名恩首府智慧社区服务站,快递,2025-01-03 13:59:58,,1.5,,8.00,,3.88,51% - 0.2,2,1875059479596212224,极兔快递,JT0014848954691,服饰,陕西省,
名恩首府智慧社区服务_站点-名恩首府智慧社区服务站,快递,2025-01-03 13:54:02,,1.2,,8.00,,3.88,51% - 0.2,2,1875057987594199040,极兔快递,JT0014855500061,生活用品,陕西省,
名恩首府智慧社区服务_站点-名恩首府智慧社区服务站,快递,2025-01-03 12:59:27,,1.5,,8.00,,3.88,51% - 0.2,2,1875044247985430528,极兔快递,JT0014845395601,服饰,浙江省,
名恩首府智慧社区服务_站点-名恩首府智慧社区服务站,快递,2025-01-03 12:15:46,,0.2,,6.00,,2.32,42% - 0.2,2,1875033251342426112,极兔快递,JT0014854616571,生活用品,陕西省,
名恩首府智慧社区服务_站点-名恩首府智慧社区服务站,快递,2025-01-03 12:09:24,,0.5,,6.00,,2.32,42% - 0.2,2,1875031608395800576,极兔快递,JT0014844886882,服饰,河南省,
名恩首府智慧社区服务_站点-名恩首府智慧社区服务站,快递,2025-01-02 19:54:27,,0.2,,7.00,,1.94,42%,2,1874786298356539392,极兔快递,JT0014834806706,文件,北京市,
名恩首府智慧社区服务_站点-名恩首府智慧社区服务站,快递,2025-01-02 19:40:34,,0.2,,6.00,,2.32,42% - 0.2,2,1874782808435564544,极兔快递,JT0014848402098,服饰,广东省,
名恩首府智慧社区服务_站点-名恩首府智慧社区服务站,快递,2025-01-02 19:35:03,,0.5,,6.00,,2.32,42% - 0.2,2,1874781415721115648,极兔快递,JT0014846063631,服饰,广东省,
名恩首府智慧社区服务_站点-名恩首府智慧社区服务站,快递,2025-01-02 19:27:48,,1.2,,8.00,,3.88,51% - 0.2,2,1874779592218091520,极兔快递,JT0014843651419,服饰,山东省,
名恩首府智慧社区服务_站点-名恩首府智慧社区服务站,快递,2025-01-02 19:25:00,,1,,6.00,,2.32,42% - 0.2,2,1874778890913685504,极兔快递,JT0014845503024,服饰,浙江省,
名恩首府智慧社区服务_站点-名恩首府智慧社区服务站,快递,2025-01-02 19:23:07,,1,,6.00,,2.32,42% - 0.2,2,1874778415627739136,极兔快递,JT0014844469997,生活用品,广东省,
名恩首府智慧社区服务_站点-名恩首府智慧社区服务站,快递,2025-01-02 17:45:03,,1,,6.00,,2.32,42% - 0.2,2,1874753738146553856,极兔快递,JT0014839448563,服饰,福建省,
名恩首府智慧社区服务_站点-名恩首府智慧社区服务站,快递,2025-01-02 17:32:43,,0.2,,6.00,,2.32,42% - 0.2,2,1874750630171484160,极兔快递,JT0014829080775,生活用品,浙江省,
名恩首府智慧社区服务_站点-名恩首府智慧社区服务站,快递,2025-01-02 17:13:09,,1,,6.00,,2.32,42% - 0.2,2,1874745710164811776,极兔快递,JT0014838202662,服饰,浙江省,
名恩首府智慧社区服务_站点-名恩首府智慧社区服务站,快递,2025-01-02 17:12:07,,1,,6.00,,2.32,42% - 0.2,2,1874745448381521920,极兔快递,JT0014831057153,服饰,浙江省,
名恩首府智慧社区服务_站点-名恩首府智慧社区服务站,快递,2025-01-02 17:06:13,,1,,6.00,,2.32,42% - 0.2,2,1874743964076056576,极兔快递,JT0014845950678,服饰,浙江省,
名恩首府智慧社区服务_站点-名恩首府智慧社区服务站,快递,2025-01-02 16:39:20,,0.5,,7.00,,1.94,42%,2,1874737192133173248,极兔快递,JT0014828226398,服饰,上海市,
名恩首府智慧社区服务_站点-名恩首府智慧社区服务站,快递,2025-01-02 16:09:33,,1,,7.00,,1.94,42%,2,1874729685687967744,极兔快递,JT0014842434905,生活用品,北京市,
名恩首府智慧社区服务_站点-名恩首府智慧社区服务站,快递,2025-01-02 16:08:25,,7.5,,25.00,,11.50,50%,2,1874729398571081728,极兔快递,JT0014839432802,食品,北京市,
名恩首府智慧社区服务_站点-名恩首府智慧社区服务站,快递,2025-01-02 15:53:06,,0.5,,6.00,,2.32,42% - 0.2,2,1874725565820280832,极兔快递,JT0014844956299,服饰,浙江省,
名恩首府智慧社区服务_站点-名恩首府智慧社区服务站,快递,2025-01-02 15:51:37,,1,,6.00,,2.32,42% - 0.2,2,1874725189092089856,极兔快递,JT0014844914147,服饰,江苏省,
名恩首府智慧社区服务_站点-名恩首府智慧社区服务站,快递,2025-01-02 15:49:49,,0.5,,6.00,,2.32,42% - 0.2,2,1874724736056926208,极兔快递,JT0014844663429,服饰,广东省,
名恩首府智慧社区服务_站点-名恩首府智慧社区服务站,快递,2025-01-02 15:26:29,,1,,6.00,,2.32,42% - 0.2,2,1874718864085852160,极兔快递,JT0014841456188,生活用品,河南省,
名恩首府智慧社区服务_站点-名恩首府智慧社区服务站,快递,2025-01-02 15:06:57,,2,,8.00,,3.88,51% - 0.2,2,1874713893231632384,极兔快递,JT0014841453075,服饰,广东省,
名恩首府智慧社区服务_站点-名恩首府智慧社区服务站,快递,2025-01-02 14:21:14,,0.5,,6.00,,2.32,42% - 0.2,2,1874702441863159808,极兔快递,JT0014841831609,服饰,浙江省,
名恩首府智慧社区服务_站点-名恩首府智慧社区服务站,快递,2025-01-02 13:27:06,,1.5,,8.00,,3.88,51% - 0.2,2,1874688669454934016,极兔快递,JT0014839207484,生活用品,河南省,
名恩首府智慧社区服务_站点-名恩首府智慧社区服务站,干洗,2025-01-02 12:39:13,,,,24.50,,7.35,30%,,1874676767765012480,干洗,,"清洗普通羽绒服2件不分长短49元   *   1",,
名恩首府智慧社区服务_站点-名恩首府智慧社区服务站,干洗,2025-01-02 12:35:35,,,,24.50,,7.35,30%,,1874675847631183872,干洗,,"清洗普通羽绒服2件不分长短49元   *   1",,
名恩首府智慧社区服务_站点-名恩首府智慧社区服务站,快递,2025-01-02 11:57:28,,0.2,,6.00,,2.32,42% - 0.2,2,1874666262228869120,极兔快递,JT0014840088672,服饰,山东省,
名恩首府智慧社区服务_站点-名恩首府智慧社区服务站,快递,2025-01-02 11:36:06,,0.5,,6.00,,2.32,42% - 0.2,2,1874660886913720320,极兔快递,JT0014833624663,服饰,浙江省,
名恩首府智慧社区服务_站点-名恩首府智慧社区服务站,快递,2025-01-02 11:33:46,,0.2,,6.00,,2.32,42% - 0.2,2,1874660298935214080,极兔快递,JT0014832951038,服饰,浙江省,
名恩首府智慧社区服务_站点-名恩首府智慧社区服务站,快递,2025-01-02 11:20:20,,2.5,,10.00,,5.30,55% - 0.2,2,1874656918091309056,极兔快递,JT0014838109033,服饰,江苏省,
名恩首府智慧社区服务_站点-名恩首府智慧社区服务站,快递,2025-01-02 11:18:11,,1.2,,8.00,,3.88,51% - 0.2,2,1874656378468933632,极兔快递,JT0014836789057,服饰,广东省,
名恩首府智慧社区服务_站点-名恩首府智慧社区服务站,快递,2025-01-02 11:10:44,,1,,6.00,,2.32,42% - 0.2,2,1874654502004432896,韵达快递,312597588727121,服饰,浙江省,
名恩首府智慧社区服务_站点-名恩首府智慧社区服务站,快递,2025-01-02 11:09:00,,2,,8.00,,3.88,51% - 0.2,2,1874653962973454336,韵达快递,312597585196225,服饰,浙江省,
名恩首府智慧社区服务_站点-名恩首府智慧社区服务站,快递,2025-01-01 17:35:04,,0.5,,6.00,,2.32,42% - 0.2,2,1874388835531825152,极兔快递,JT0014832981769,服饰,浙江省,
名恩首府智慧社区服务_站点-名恩首府智慧社区服务站,快递,2025-01-01 17:09:26,,1,,6.00,,2.32,42% - 0.2,2,1874382386202222592,极兔快递,JT0014832643211,服饰,浙江省,
名恩首府智慧社区服务_站点-名恩首府智慧社区服务站,快递,2025-01-01 17:06:14,,1,,6.00,,2.32,42% - 0.2,2,1874381578790313984,极兔快递,JT0014824160600,服饰,浙江省,
名恩首府智慧社区服务_站点-名恩首府智慧社区服务站,快递,2025-01-01 17:05:05,,1,,6.00,,2.32,42% - 0.2,2,1874381293791551488,极兔快递,JT0014831670506,服饰,广东省,
名恩首府智慧社区服务_站点-名恩首府智慧社区服务站,干洗,2025-01-01 16:42:52,,,,24.50,,7.35,30%,,1874375696417366016,干洗,,"清洗普通羽绒服2件不分长短49元   *   1",,
名恩首府智慧社区服务_站点-名恩首府智慧社区服务站,干洗,2025-01-01 16:39:31,,,,24.50,,7.35,30%,,1874374849570611200,干洗,,"清洗普通羽绒服2件不分长短49元   *   1",,
名恩首府智慧社区服务_站点-名恩首府智慧社区服务站,快递,2025-01-01 14:49:48,,0.5,,6.00,,2.32,42% - 0.2,2,1874347234105303040,极兔快递,JT0014830091342,生活用品,广东省,
名恩首府智慧社区服务_站点-名恩首府智慧社区服务站,快递,2025-01-01 14:42:43,,1.5,,8.00,,3.88,51% - 0.2,2,1874345465409249280,极兔快递,JT0014830065545,服饰,浙江省,
名恩首府智慧社区服务_站点-名恩首府智慧社区服务站,快递,2025-01-01 14:40:37,,1,,6.00,,2.32,42% - 0.2,2,1874344935651876864,极兔快递,JT0014828439122,服饰,四川省,
名恩首府智慧社区服务_站点-名恩首府智慧社区服务站,快递,2025-01-01 14:39:27,,0.5,,6.00,,2.32,42% - 0.2,2,1874344640846831616,极兔快递,JT0014811047352,服饰,江苏省,
名恩首府智慧社区服务_站点-名恩首府智慧社区服务站,快递,2025-01-01 14:13:46,,3.5,,12.00,,5.80,50% - 0.2,2,1874338172802244608,极兔快递,JT0014810629891,服饰,吉林省,
名恩首府智慧社区服务_站点-名恩首府智慧社区服务站,快递,2025-01-01 13:03:54,,2.2,,10.00,,5.30,55% - 0.2,2,1874320594138636288,极兔快递,JT0014825077783,服饰,山东省,
名恩首府智慧社区服务_站点-名恩首府智慧社区服务站,快递,2025-01-01 12:45:20,,2.2,,10.00,,5.30,55% - 0.2,2,1874315922875162624,极兔快递,JT0014827639169,服饰,广东省,
名恩首府智慧社区服务_站点-名恩首府智慧社区服务站,快递,2025-01-01 12:28:06,,1,,6.00,,2.32,42% - 0.2,2,1874311586908545024,极兔快递,JT0014815431469,服饰,山东省,
名恩首府智慧社区服务_站点-名恩首府智慧社区服务站,快递,2025-01-01 12:26:48,,1,,6.00,,2.32,42% - 0.2,2,1874311259677335552,极兔快递,JT0014826944090,服饰,浙江省,
